Problem,Provider,OperationKind,Operation,Disposition,Status,gemm_kind,m,n,k,A,B,C,D,alpha,beta,split_k_mode,split_k_slices,batch_count,raster_order,runtime_input_datatype_a,runtime_input_datatype_b,use_pdl,enable_sm90_mixed_dtype_shuffle_test,swizzle_size,op_class,accum,cta_m,cta_n,cta_k,cluster_m,cluster_n,cluster_k,cluster_m_fallback,cluster_n_fallback,cluster_k_fallback,stages,warps_m,warps_n,warps_k,inst_m,inst_n,inst_k,min_cc,max_cc,Bytes,Flops,Flops/Byte,Runtime,GB/s,GFLOPs
1,CUTLASS,gemm,cutlass3x_sm100_tensorop_gemm_bf16_bf16_f32_f32_f32_64x128x64_0x0x1_0_tnt_align8_1sm,passed,success,universal,4096,5120,5120,bf16:row,bf16:column,f32:row,f32:row,1,0,serial,1,1,heuristic,invalid,invalid,false,false,1,tensorop,f32,64,128,64,1,1,1,1,1,1,8,4,1,1,64,128,16,100,110,178257920,214790307840,1204,0.217766,762.356,986334
1,CUTLASS,gemm,cutlass3x_sm100_tensorop_gemm_bf16_bf16_f32_f32_f32_64x128x64_0x0x1_0_tnt_align8_stream_k_1sm,passed,success,universal,4096,5120,5120,bf16:row,bf16:column,f32:row,f32:row,1,0,serial,1,1,heuristic,invalid,invalid,false,false,1,tensorop,f32,64,128,64,1,1,1,1,1,1,8,4,1,1,64,128,16,100,110,178257920,214790307840,1204,0.201238,824.97,1.06734e+06
1,CUTLASS,gemm,cutlass3x_sm100_tensorop_gemm_bf16_bf16_f32_void_f32_64x128x64_0x0x1_0_tnt_align8_1sm,passed,success,universal,4096,5120,5120,bf16:row,bf16:column,void:row,f32:row,1,0,serial,1,1,heuristic,invalid,invalid,false,false,1,tensorop,f32,64,128,64,1,1,1,1,1,1,8,4,1,1,64,128,16,100,110,94371840,214790307840,2276,0.220397,398.784,974562
1,CUTLASS,gemm,cutlass3x_sm100_tensorop_gemm_bf16_bf16_f32_void_f32_64x128x64_0x0x1_0_tnt_align8_stream_k_1sm,passed,success,universal,4096,5120,5120,bf16:row,bf16:column,void:row,f32:row,1,0,serial,1,1,heuristic,invalid,invalid,false,false,1,tensorop,f32,64,128,64,1,1,1,1,1,1,8,4,1,1,64,128,16,100,110,94371840,214790307840,2276,0.203235,432.458,1.05686e+06
1,CUTLASS,gemm,cutlass3x_sm100_tensorop_gemm_bf16_bf16_f32_f32_f32_64x128x64_1x1x1_0_tnt_align8_1sm,passed,success,universal,4096,5120,5120,bf16:row,bf16:column,f32:row,f32:row,1,0,serial,1,1,heuristic,invalid,invalid,false,false,1,tensorop,f32,64,128,64,1,1,1,1,1,1,8,4,1,1,64,128,16,100,110,178257920,214790307840,1204,0.216781,765.823,990818
1,CUTLASS,gemm,cutlass3x_sm100_tensorop_gemm_bf16_bf16_f32_f32_f32_64x128x64_1x1x1_0_tnt_align8_stream_k_1sm,passed,success,universal,4096,5120,5120,bf16:row,bf16:column,f32:row,f32:row,1,0,serial,1,1,heuristic,invalid,invalid,false,false,1,tensorop,f32,64,128,64,1,1,1,1,1,1,8,4,1,1,64,128,16,100,110,178257920,214790307840,1204,0.202102,821.443,1.06278e+06
1,CUTLASS,gemm,cutlass3x_sm100_tensorop_gemm_bf16_bf16_f32_void_f32_64x128x64_1x1x1_0_tnt_align8_1sm,passed,success,universal,4096,5120,5120,bf16:row,bf16:column,void:row,f32:row,1,0,serial,1,1,heuristic,invalid,invalid,false,false,1,tensorop,f32,64,128,64,1,1,1,1,1,1,8,4,1,1,64,128,16,100,110,94371840,214790307840,2276,0.218694,401.888,982148
1,CUTLASS,gemm,cutlass3x_sm100_tensorop_gemm_bf16_bf16_f32_void_f32_64x128x64_1x1x1_0_tnt_align8_stream_k_1sm,passed,success,universal,4096,5120,5120,bf16:row,bf16:column,void:row,f32:row,1,0,serial,1,1,heuristic,invalid,invalid,false,false,1,tensorop,f32,64,128,64,1,1,1,1,1,1,8,4,1,1,64,128,16,100,110,94371840,214790307840,2276,0.203331,432.253,1.05636e+06
1,CUTLASS,gemm,cutlass3x_sm100_tensorop_gemm_bf16_bf16_f32_f32_f32_64x128x64_1x2x1_0_tnt_align8_1sm,passed,success,universal,4096,5120,5120,bf16:row,bf16:column,f32:row,f32:row,1,0,serial,1,1,heuristic,invalid,invalid,false,false,1,tensorop,f32,64,128,64,1,2,1,1,1,1,8,4,1,1,64,128,16,100,110,178257920,214790307840,1204,0.215306,771.07,997607
1,CUTLASS,gemm,cutlass3x_sm100_tensorop_gemm_bf16_bf16_f32_f32_f32_64x128x64_1x2x1_0_tnt_align8_stream_k_1sm,passed,success,universal,4096,5120,5120,bf16:row,bf16:column,f32:row,f32:row,1,0,serial,1,1,heuristic,invalid,invalid,false,false,1,tensorop,f32,64,128,64,1,2,1,1,1,1,8,4,1,1,64,128,16,100,110,178257920,214790307840,1204,0.200358,828.593,1.07203e+06
1,CUTLASS,gemm,cutlass3x_sm100_tensorop_gemm_bf16_bf16_f32_void_f32_64x128x64_1x2x1_0_tnt_align8_1sm,passed,success,universal,4096,5120,5120,bf16:row,bf16:column,void:row,f32:row,1,0,serial,1,1,heuristic,invalid,invalid,false,false,1,tensorop,f32,64,128,64,1,2,1,1,1,1,8,4,1,1,64,128,16,100,110,94371840,214790307840,2276,0.217795,403.547,986203
1,CUTLASS,gemm,cutlass3x_sm100_tensorop_gemm_bf16_bf16_f32_void_f32_64x128x64_1x2x1_0_tnt_align8_stream_k_1sm,passed,success,universal,4096,5120,5120,bf16:row,bf16:column,void:row,f32:row,1,0,serial,1,1,heuristic,invalid,invalid,false,false,1,tensorop,f32,64,128,64,1,2,1,1,1,1,8,4,1,1,64,128,16,100,110,94371840,214790307840,2276,0.202029,435.04,1.06317e+06
1,CUTLASS,gemm,cutlass3x_sm100_tensorop_gemm_bf16_bf16_f32_f32_f32_64x128x64_1x4x1_0_tnt_align8_1sm,passed,success,universal,4096,5120,5120,bf16:row,bf16:column,f32:row,f32:row,1,0,serial,1,1,heuristic,invalid,invalid,false,false,1,tensorop,f32,64,128,64,1,4,1,1,1,1,8,4,1,1,64,128,16,100,110,178257920,214790307840,1204,0.214957,772.321,999225
1,CUTLASS,gemm,cutlass3x_sm100_tensorop_gemm_bf16_bf16_f32_f32_f32_64x128x64_1x4x1_0_tnt_align8_stream_k_1sm,passed,success,universal,4096,5120,5120,bf16:row,bf16:column,f32:row,f32:row,1,0,serial,1,1,heuristic,invalid,invalid,false,false,1,tensorop,f32,64,128,64,1,4,1,1,1,1,8,4,1,1,64,128,16,100,110,178257920,214790307840,1204,0.210912,787.132,1.01839e+06
1,CUTLASS,gemm,cutlass3x_sm100_tensorop_gemm_bf16_bf16_f32_void_f32_64x128x64_1x4x1_0_tnt_align8_1sm,passed,success,universal,4096,5120,5120,bf16:row,bf16:column,void:row,f32:row,1,0,serial,1,1,heuristic,invalid,invalid,false,false,1,tensorop,f32,64,128,64,1,4,1,1,1,1,8,4,1,1,64,128,16,100,110,94371840,214790307840,2276,0.218595,402.07,982594
1,CUTLASS,gemm,cutlass3x_sm100_tensorop_gemm_bf16_bf16_f32_void_f32_64x128x64_1x4x1_0_tnt_align8_stream_k_1sm,passed,success,universal,4096,5120,5120,bf16:row,bf16:column,void:row,f32:row,1,0,serial,1,1,heuristic,invalid,invalid,false,false,1,tensorop,f32,64,128,64,1,4,1,1,1,1,8,4,1,1,64,128,16,100,110,94371840,214790307840,2276,0.214957,408.876,999225
1,CUTLASS,gemm,cutlass3x_sm100_tensorop_gemm_bf16_bf16_f32_f32_f32_64x128x64_4x4x1_0_tnt_align8_1sm,passed,success,universal,4096,5120,5120,bf16:row,bf16:column,f32:row,f32:row,1,0,serial,1,1,heuristic,invalid,invalid,false,false,1,tensorop,f32,64,128,64,4,4,1,1,1,1,8,4,1,1,64,128,16,100,110,178257920,214790307840,1204,0.262621,632.15,817872
1,CUTLASS,gemm,cutlass3x_sm100_tensorop_gemm_bf16_bf16_f32_f32_f32_64x128x64_4x4x1_0_tnt_align8_stream_k_1sm,passed,success,universal,4096,5120,5120,bf16:row,bf16:column,f32:row,f32:row,1,0,serial,1,1,heuristic,invalid,invalid,false,false,1,tensorop,f32,64,128,64,4,4,1,1,1,1,8,4,1,1,64,128,16,100,110,178257920,214790307840,1204,0.266419,623.137,806212
1,CUTLASS,gemm,cutlass3x_sm100_tensorop_gemm_bf16_bf16_f32_void_f32_64x128x64_4x4x1_0_tnt_align8_1sm,passed,success,universal,4096,5120,5120,bf16:row,bf16:column,void:row,f32:row,1,0,serial,1,1,heuristic,invalid,invalid,false,false,1,tensorop,f32,64,128,64,4,4,1,1,1,1,8,4,1,1,64,128,16,100,110,94371840,214790307840,2276,0.274099,320.653,783623
1,CUTLASS,gemm,cutlass3x_sm100_tensorop_gemm_bf16_bf16_f32_void_f32_64x128x64_4x4x1_0_tnt_align8_stream_k_1sm,passed,success,universal,4096,5120,5120,bf16:row,bf16:column,void:row,f32:row,1,0,serial,1,1,heuristic,invalid,invalid,false,false,1,tensorop,f32,64,128,64,4,4,1,1,1,1,8,4,1,1,64,128,16,100,110,94371840,214790307840,2276,0.277949,316.212,772769
1,CUTLASS,gemm,cutlass3x_sm100_tensorop_gemm_bf16_bf16_f32_bf16_bf16_64x128x64_0x0x1_0_tnt_align8_1sm,passed,success,universal,4096,5120,5120,bf16:row,bf16:column,bf16:row,bf16:row,1,0,serial,1,1,heuristic,invalid,invalid,false,false,1,tensorop,f32,64,128,64,1,1,1,1,1,1,8,4,1,1,64,128,16,100,110,136314880,214790307840,1575,0.213302,595.179,1.00698e+06
1,CUTLASS,gemm,cutlass3x_sm100_tensorop_gemm_bf16_bf16_f32_bf16_bf16_64x128x64_0x0x1_0_tnt_align8_stream_k_1sm,passed,success,universal,4096,5120,5120,bf16:row,bf16:column,bf16:row,bf16:row,1,0,serial,1,1,heuristic,invalid,invalid,false,false,1,tensorop,f32,64,128,64,1,1,1,1,1,1,8,4,1,1,64,128,16,100,110,136314880,214790307840,1575,0.197082,644.165,1.08985e+06
1,CUTLASS,gemm,cutlass3x_sm100_tensorop_gemm_bf16_bf16_f32_void_bf16_64x128x64_0x0x1_0_tnt_align8_1sm,passed,success,universal,4096,5120,5120,bf16:row,bf16:column,void:row,bf16:row,1,0,serial,1,1,heuristic,invalid,invalid,false,false,1,tensorop,f32,64,128,64,1,1,1,1,1,1,8,4,1,1,64,128,16,100,110,94371840,214790307840,2276,0.212858,412.908,1.00908e+06
1,CUTLASS,gemm,cutlass3x_sm100_tensorop_gemm_bf16_bf16_f32_void_bf16_64x128x64_0x0x1_0_tnt_align8_stream_k_1sm,passed,success,universal,4096,5120,5120,bf16:row,bf16:column,void:row,bf16:row,1,0,serial,1,1,heuristic,invalid,invalid,false,false,1,tensorop,f32,64,128,64,1,1,1,1,1,1,8,4,1,1,64,128,16,100,110,94371840,214790307840,2276,0.198518,442.733,1.08197e+06
1,CUTLASS,gemm,cutlass3x_sm100_tensorop_gemm_bf16_bf16_f32_bf16_bf16_64x128x64_1x1x1_0_tnt_align8_1sm,passed,success,universal,4096,5120,5120,bf16:row,bf16:column,bf16:row,bf16:row,1,0,serial,1,1,heuristic,invalid,invalid,false,false,1,tensorop,f32,64,128,64,1,1,1,1,1,1,8,4,1,1,64,128,16,100,110,136314880,214790307840,1575,0.210528,603.023,1.02025e+06
1,CUTLASS,gemm,cutlass3x_sm100_tensorop_gemm_bf16_bf16_f32_bf16_bf16_64x128x64_1x1x1_0_tnt_align8_stream_k_1sm,passed,success,universal,4096,5120,5120,bf16:row,bf16:column,bf16:row,bf16:row,1,0,serial,1,1,heuristic,invalid,invalid,false,false,1,tensorop,f32,64,128,64,1,1,1,1,1,1,8,4,1,1,64,128,16,100,110,136314880,214790307840,1575,0.197293,643.476,1.08869e+06
1,CUTLASS,gemm,cutlass3x_sm100_tensorop_gemm_bf16_bf16_f32_void_bf16_64x128x64_1x1x1_0_tnt_align8_1sm,passed,success,universal,4096,5120,5120,bf16:row,bf16:column,void:row,bf16:row,1,0,serial,1,1,heuristic,invalid,invalid,false,false,1,tensorop,f32,64,128,64,1,1,1,1,1,1,8,4,1,1,64,128,16,100,110,94371840,214790307840,2276,0.212211,414.166,1.01215e+06
1,CUTLASS,gemm,cutlass3x_sm100_tensorop_gemm_bf16_bf16_f32_void_bf16_64x128x64_1x1x1_0_tnt_align8_stream_k_1sm,passed,success,universal,4096,5120,5120,bf16:row,bf16:column,void:row,bf16:row,1,0,serial,1,1,heuristic,invalid,invalid,false,false,1,tensorop,f32,64,128,64,1,1,1,1,1,1,8,4,1,1,64,128,16,100,110,94371840,214790307840,2276,0.197808,444.323,1.08585e+06
1,CUTLASS,gemm,cutlass3x_sm100_tensorop_gemm_bf16_bf16_f32_bf16_bf16_64x128x64_1x2x1_0_tnt_align8_1sm,passed,success,universal,4096,5120,5120,bf16:row,bf16:column,bf16:row,bf16:row,1,0,serial,1,1,heuristic,invalid,invalid,false,false,1,tensorop,f32,64,128,64,1,2,1,1,1,1,8,4,1,1,64,128,16,100,110,136314880,214790307840,1575,0.213008,596.002,1.00837e+06
1,CUTLASS,gemm,cutlass3x_sm100_tensorop_gemm_bf16_bf16_f32_bf16_bf16_64x128x64_1x2x1_0_tnt_align8_stream_k_1sm,passed,success,universal,4096,5120,5120,bf16:row,bf16:column,bf16:row,bf16:row,1,0,serial,1,1,heuristic,invalid,invalid,false,false,1,tensorop,f32,64,128,64,1,2,1,1,1,1,8,4,1,1,64,128,16,100,110,136314880,214790307840,1575,0.195552,649.204,1.09838e+06
1,CUTLASS,gemm,cutlass3x_sm100_tensorop_gemm_bf16_bf16_f32_void_bf16_64x128x64_1x2x1_0_tnt_align8_1sm,passed,success,universal,4096,5120,5120,bf16:row,bf16:column,void:row,bf16:row,1,0,serial,1,1,heuristic,invalid,invalid,false,false,1,tensorop,f32,64,128,64,1,2,1,1,1,1,8,4,1,1,64,128,16,100,110,94371840,214790307840,2276,0.213779,411.128,1.00473e+06
1,CUTLASS,gemm,cutlass3x_sm100_tensorop_gemm_bf16_bf16_f32_void_bf16_64x128x64_1x2x1_0_tnt_align8_stream_k_1sm,passed,success,universal,4096,5120,5120,bf16:row,bf16:column,void:row,bf16:row,1,0,serial,1,1,heuristic,invalid,invalid,false,false,1,tensorop,f32,64,128,64,1,2,1,1,1,1,8,4,1,1,64,128,16,100,110,94371840,214790307840,2276,0.196768,446.671,1.09159e+06
1,CUTLASS,gemm,cutlass3x_sm100_tensorop_gemm_bf16_bf16_f32_bf16_bf16_64x128x64_1x4x1_0_tnt_align8_1sm,passed,success,universal,4096,5120,5120,bf16:row,bf16:column,bf16:row,bf16:row,1,0,serial,1,1,heuristic,invalid,invalid,false,false,1,tensorop,f32,64,128,64,1,4,1,1,1,1,8,4,1,1,64,128,16,100,110,136314880,214790307840,1575,0.209168,606.943,1.02688e+06
1,CUTLASS,gemm,cutlass3x_sm100_tensorop_gemm_bf16_bf16_f32_bf16_bf16_64x128x64_1x4x1_0_tnt_align8_stream_k_1sm,passed,success,universal,4096,5120,5120,bf16:row,bf16:column,bf16:row,bf16:row,1,0,serial,1,1,heuristic,invalid,invalid,false,false,1,tensorop,f32,64,128,64,1,4,1,1,1,1,8,4,1,1,64,128,16,100,110,136314880,214790307840,1575,0.20681,613.865,1.03859e+06
1,CUTLASS,gemm,cutlass3x_sm100_tensorop_gemm_bf16_bf16_f32_void_bf16_64x128x64_1x4x1_0_tnt_align8_1sm,passed,success,universal,4096,5120,5120,bf16:row,bf16:column,void:row,bf16:row,1,0,serial,1,1,heuristic,invalid,invalid,false,false,1,tensorop,f32,64,128,64,1,4,1,1,1,1,8,4,1,1,64,128,16,100,110,94371840,214790307840,2276,0.211318,415.916,1.01643e+06
1,CUTLASS,gemm,cutlass3x_sm100_tensorop_gemm_bf16_bf16_f32_void_bf16_64x128x64_1x4x1_0_tnt_align8_stream_k_1sm,passed,success,universal,4096,5120,5120,bf16:row,bf16:column,void:row,bf16:row,1,0,serial,1,1,heuristic,invalid,invalid,false,false,1,tensorop,f32,64,128,64,1,4,1,1,1,1,8,4,1,1,64,128,16,100,110,94371840,214790307840,2276,0.208122,422.304,1.03204e+06
1,CUTLASS,gemm,cutlass3x_sm100_tensorop_gemm_bf16_bf16_f32_bf16_bf16_64x128x64_4x4x1_0_tnt_align8_1sm,passed,success,universal,4096,5120,5120,bf16:row,bf16:column,bf16:row,bf16:row,1,0,serial,1,1,heuristic,invalid,invalid,false,false,1,tensorop,f32,64,128,64,4,4,1,1,1,1,8,4,1,1,64,128,16,100,110,136314880,214790307840,1575,0.258118,491.841,832139
1,CUTLASS,gemm,cutlass3x_sm100_tensorop_gemm_bf16_bf16_f32_bf16_bf16_64x128x64_4x4x1_0_tnt_align8_stream_k_1sm,passed,success,universal,4096,5120,5120,bf16:row,bf16:column,bf16:row,bf16:row,1,0,serial,1,1,heuristic,invalid,invalid,false,false,1,tensorop,f32,64,128,64,4,4,1,1,1,1,8,4,1,1,64,128,16,100,110,136314880,214790307840,1575,0.263856,481.145,814044
1,CUTLASS,gemm,cutlass3x_sm100_tensorop_gemm_bf16_bf16_f32_void_bf16_64x128x64_4x4x1_0_tnt_align8_1sm,passed,success,universal,4096,5120,5120,bf16:row,bf16:column,void:row,bf16:row,1,0,serial,1,1,heuristic,invalid,invalid,false,false,1,tensorop,f32,64,128,64,4,4,1,1,1,1,8,4,1,1,64,128,16,100,110,94371840,214790307840,2276,0.262928,334.276,816917
1,CUTLASS,gemm,cutlass3x_sm100_tensorop_gemm_bf16_bf16_f32_void_bf16_64x128x64_4x4x1_0_tnt_align8_stream_k_1sm,passed,success,universal,4096,5120,5120,bf16:row,bf16:column,void:row,bf16:row,1,0,serial,1,1,heuristic,invalid,invalid,false,false,1,tensorop,f32,64,128,64,4,4,1,1,1,1,8,4,1,1,64,128,16,100,110,94371840,214790307840,2276,0.266304,330.039,806561
1,CUTLASS,gemm,cutlass3x_sm100_tensorop_gemm_bf16_bf16_f32_f32_f32_128x128x64_0x0x1_0_tnt_align8_1sm,passed,success,universal,4096,5120,5120,bf16:row,bf16:column,f32:row,f32:row,1,0,serial,1,1,heuristic,invalid,invalid,false,false,1,tensorop,f32,128,128,64,1,1,1,1,1,1,6,4,1,1,128,128,16,100,110,178257920,214790307840,1204,0.149363,1111.49,1.43804e+06
1,CUTLASS,gemm,cutlass3x_sm100_tensorop_gemm_bf16_bf16_f32_f32_f32_128x128x64_0x0x1_0_tnt_align8_stream_k_1sm,passed,success,universal,4096,5120,5120,bf16:row,bf16:column,f32:row,f32:row,1,0,serial,1,1,heuristic,invalid,invalid,false,false,1,tensorop,f32,128,128,64,1,1,1,1,1,1,6,4,1,1,128,128,16,100,110,178257920,214790307840,1204,0.15311,1084.29,1.40285e+06
1,CUTLASS,gemm,cutlass3x_sm100_tensorop_gemm_bf16_bf16_f32_void_f32_128x128x64_0x0x1_0_tnt_align8_1sm,passed,success,universal,4096,5120,5120,bf16:row,bf16:column,void:row,f32:row,1,0,serial,1,1,heuristic,invalid,invalid,false,false,1,tensorop,f32,128,128,64,1,1,1,1,1,1,6,4,1,1,128,128,16,100,110,94371840,214790307840,2276,0.151568,579.876,1.41712e+06
1,CUTLASS,gemm,cutlass3x_sm100_tensorop_gemm_bf16_bf16_f32_void_f32_128x128x64_0x0x1_0_tnt_align8_stream_k_1sm,passed,success,universal,4096,5120,5120,bf16:row,bf16:column,void:row,f32:row,1,0,serial,1,1,heuristic,invalid,invalid,false,false,1,tensorop,f32,128,128,64,1,1,1,1,1,1,6,4,1,1,128,128,16,100,110,94371840,214790307840,2276,0.15319,573.735,1.40211e+06
1,CUTLASS,gemm,cutlass3x_sm100_tensorop_gemm_bf16_bf16_f32_f32_f32_128x128x64_1x1x1_0_tnt_align8_1sm,passed,success,universal,4096,5120,5120,bf16:row,bf16:column,f32:row,f32:row,1,0,serial,1,1,heuristic,invalid,invalid,false,false,1,tensorop,f32,128,128,64,1,1,1,1,1,1,6,4,1,1,128,128,16,100,110,178257920,214790307840,1204,0.150282,1104.7,1.42925e+06
1,CUTLASS,gemm,cutlass3x_sm100_tensorop_gemm_bf16_bf16_f32_f32_f32_128x128x64_1x1x1_0_tnt_align8_stream_k_1sm,passed,success,universal,4096,5120,5120,bf16:row,bf16:column,f32:row,f32:row,1,0,serial,1,1,heuristic,invalid,invalid,false,false,1,tensorop,f32,128,128,64,1,1,1,1,1,1,6,4,1,1,128,128,16,100,110,178257920,214790307840,1204,0.150243,1104.98,1.42962e+06
1,CUTLASS,gemm,cutlass3x_sm100_tensorop_gemm_bf16_bf16_f32_void_f32_128x128x64_1x1x1_0_tnt_align8_1sm,passed,success,universal,4096,5120,5120,bf16:row,bf16:column,void:row,f32:row,1,0,serial,1,1,heuristic,invalid,invalid,false,false,1,tensorop,f32,128,128,64,1,1,1,1,1,1,6,4,1,1,128,128,16,100,110,94371840,214790307840,2276,0.152342,576.928,1.40992e+06
1,CUTLASS,gemm,cutlass3x_sm100_tensorop_gemm_bf16_bf16_f32_void_f32_128x128x64_1x1x1_0_tnt_align8_stream_k_1sm,passed,success,universal,4096,5120,5120,bf16:row,bf16:column,void:row,f32:row,1,0,serial,1,1,heuristic,invalid,invalid,false,false,1,tensorop,f32,128,128,64,1,1,1,1,1,1,6,4,1,1,128,128,16,100,110,94371840,214790307840,2276,0.151043,581.891,1.42205e+06
1,CUTLASS,gemm,cutlass3x_sm100_tensorop_gemm_bf16_bf16_f32_f32_f32_128x128x64_1x2x1_0_tnt_align8_1sm,passed,success,universal,4096,5120,5120,bf16:row,bf16:column,f32:row,f32:row,1,0,serial,1,1,heuristic,invalid,invalid,false,false,1,tensorop,f32,128,128,64,1,2,1,1,1,1,6,4,1,1,128,128,16,100,110,178257920,214790307840,1204,0.152749,1086.85,1.40617e+06
1,CUTLASS,gemm,cutlass3x_sm100_tensorop_gemm_bf16_bf16_f32_f32_f32_128x128x64_1x2x1_0_tnt_align8_stream_k_1sm,passed,success,universal,4096,5120,5120,bf16:row,bf16:column,f32:row,f32:row,1,0,serial,1,1,heuristic,invalid,invalid,false,false,1,tensorop,f32,128,128,64,1,2,1,1,1,1,6,4,1,1,128,128,16,100,110,178257920,214790307840,1204,0.147018,1129.22,1.46098e+06
1,CUTLASS,gemm,cutlass3x_sm100_tensorop_gemm_bf16_bf16_f32_void_f32_128x128x64_1x2x1_0_tnt_align8_1sm,passed,success,universal,4096,5120,5120,bf16:row,bf16:column,void:row,f32:row,1,0,serial,1,1,heuristic,invalid,invalid,false,false,1,tensorop,f32,128,128,64,1,2,1,1,1,1,6,4,1,1,128,128,16,100,110,94371840,214790307840,2276,0.154995,567.054,1.38579e+06
1,CUTLASS,gemm,cutlass3x_sm100_tensorop_gemm_bf16_bf16_f32_void_f32_128x128x64_1x2x1_0_tnt_align8_stream_k_1sm,passed,success,universal,4096,5120,5120,bf16:row,bf16:column,void:row,f32:row,1,0,serial,1,1,heuristic,invalid,invalid,false,false,1,tensorop,f32,128,128,64,1,2,1,1,1,1,6,4,1,1,128,128,16,100,110,94371840,214790307840,2276,0.14817,593.176,1.44962e+06
1,CUTLASS,gemm,cutlass3x_sm100_tensorop_gemm_bf16_bf16_f32_f32_f32_128x128x64_1x4x1_0_tnt_align8_1sm,passed,success,universal,4096,5120,5120,bf16:row,bf16:column,f32:row,f32:row,1,0,serial,1,1,heuristic,invalid,invalid,false,false,1,tensorop,f32,128,128,64,1,4,1,1,1,1,6,4,1,1,128,128,16,100,110,178257920,214790307840,1204,0.15223,1090.55,1.41096e+06
1,CUTLASS,gemm,cutlass3x_sm100_tensorop_gemm_bf16_bf16_f32_f32_f32_128x128x64_1x4x1_0_tnt_align8_stream_k_1sm,passed,success,universal,4096,5120,5120,bf16:row,bf16:column,f32:row,f32:row,1,0,serial,1,1,heuristic,invalid,invalid,false,false,1,tensorop,f32,128,128,64,1,4,1,1,1,1,6,4,1,1,128,128,16,100,110,178257920,214790307840,1204,0.15465,1073.5,1.38888e+06
1,CUTLASS,gemm,cutlass3x_sm100_tensorop_gemm_bf16_bf16_f32_void_f32_128x128x64_1x4x1_0_tnt_align8_1sm,passed,success,universal,4096,5120,5120,bf16:row,bf16:column,void:row,f32:row,1,0,serial,1,1,heuristic,invalid,invalid,false,false,1,tensorop,f32,128,128,64,1,4,1,1,1,1,6,4,1,1,128,128,16,100,110,94371840,214790307840,2276,0.154109,570.315,1.39376e+06
1,CUTLASS,gemm,cutlass3x_sm100_tensorop_gemm_bf16_bf16_f32_void_f32_128x128x64_1x4x1_0_tnt_align8_stream_k_1sm,passed,success,universal,4096,5120,5120,bf16:row,bf16:column,void:row,f32:row,1,0,serial,1,1,heuristic,invalid,invalid,false,false,1,tensorop,f32,128,128,64,1,4,1,1,1,1,6,4,1,1,128,128,16,100,110,94371840,214790307840,2276,0.15505,566.855,1.3853e+06
1,CUTLASS,gemm,cutlass3x_sm100_tensorop_gemm_bf16_bf16_f32_f32_f32_128x128x64_4x4x1_0_tnt_align8_1sm,passed,success,universal,4096,5120,5120,bf16:row,bf16:column,f32:row,f32:row,1,0,serial,1,1,heuristic,invalid,invalid,false,false,1,tensorop,f32,128,128,64,4,4,1,1,1,1,6,4,1,1,128,128,16,100,110,178257920,214790307840,1204,0.181926,912.543,1.18064e+06
1,CUTLASS,gemm,cutlass3x_sm100_tensorop_gemm_bf16_bf16_f32_f32_f32_128x128x64_4x4x1_0_tnt_align8_stream_k_1sm,passed,success,universal,4096,5120,5120,bf16:row,bf16:column,f32:row,f32:row,1,0,serial,1,1,heuristic,invalid,invalid,false,false,1,tensorop,f32,128,128,64,4,4,1,1,1,1,6,4,1,1,128,128,16,100,110,178257920,214790307840,1204,0.18985,874.459,1.13137e+06
1,CUTLASS,gemm,cutlass3x_sm100_tensorop_gemm_bf16_bf16_f32_void_f32_128x128x64_4x4x1_0_tnt_align8_1sm,passed,success,universal,4096,5120,5120,bf16:row,bf16:column,void:row,f32:row,1,0,serial,1,1,heuristic,invalid,invalid,false,false,1,tensorop,f32,128,128,64,4,4,1,1,1,1,6,4,1,1,128,128,16,100,110,94371840,214790307840,2276,0.18592,472.734,1.15528e+06
1,CUTLASS,gemm,cutlass3x_sm100_tensorop_gemm_bf16_bf16_f32_void_f32_128x128x64_4x4x1_0_tnt_align8_stream_k_1sm,passed,success,universal,4096,5120,5120,bf16:row,bf16:column,void:row,f32:row,1,0,serial,1,1,heuristic,invalid,invalid,false,false,1,tensorop,f32,128,128,64,4,4,1,1,1,1,6,4,1,1,128,128,16,100,110,94371840,214790307840,2276,0.192483,456.615,1.11589e+06
1,CUTLASS,gemm,cutlass3x_sm100_tensorop_gemm_bf16_bf16_f32_bf16_bf16_128x128x64_0x0x1_0_tnt_align8_1sm,passed,success,universal,4096,5120,5120,bf16:row,bf16:column,bf16:row,bf16:row,1,0,serial,1,1,heuristic,invalid,invalid,false,false,1,tensorop,f32,128,128,64,1,1,1,1,1,1,6,4,1,1,128,128,16,100,110,136314880,214790307840,1575,0.142707,889.606,1.50511e+06
1,CUTLASS,gemm,cutlass3x_sm100_tensorop_gemm_bf16_bf16_f32_bf16_bf16_128x128x64_0x0x1_0_tnt_align8_stream_k_1sm,passed,success,universal,4096,5120,5120,bf16:row,bf16:column,bf16:row,bf16:row,1,0,serial,1,1,heuristic,invalid,invalid,false,false,1,tensorop,f32,128,128,64,1,1,1,1,1,1,6,4,1,1,128,128,16,100,110,136314880,214790307840,1575,0.148755,853.437,1.44392e+06
1,CUTLASS,gemm,cutlass3x_sm100_tensorop_gemm_bf16_bf16_f32_void_bf16_128x128x64_0x0x1_0_tnt_align8_1sm,passed,success,universal,4096,5120,5120,bf16:row,bf16:column,void:row,bf16:row,1,0,serial,1,1,heuristic,invalid,invalid,false,false,1,tensorop,f32,128,128,64,1,1,1,1,1,1,6,4,1,1,128,128,16,100,110,94371840,214790307840,2276,0.143424,612.803,1.49759e+06
1,CUTLASS,gemm,cutlass3x_sm100_tensorop_gemm_bf16_bf16_f32_void_bf16_128x128x64_0x0x1_0_tnt_align8_stream_k_1sm,passed,success,universal,4096,5120,5120,bf16:row,bf16:column,void:row,bf16:row,1,0,serial,1,1,heuristic,invalid,invalid,false,false,1,tensorop,f32,128,128,64,1,1,1,1,1,1,6,4,1,1,128,128,16,100,110,94371840,214790307840,2276,0.146608,599.494,1.46507e+06
1,CUTLASS,gemm,cutlass3x_sm100_tensorop_gemm_bf16_bf16_f32_bf16_bf16_128x128x64_1x1x1_0_tnt_align8_1sm,passed,success,universal,4096,5120,5120,bf16:row,bf16:column,bf16:row,bf16:row,1,0,serial,1,1,heuristic,invalid,invalid,false,false,1,tensorop,f32,128,128,64,1,1,1,1,1,1,6,4,1,1,128,128,16,100,110,136314880,214790307840,1575,0.143021,887.655,1.50181e+06
1,CUTLASS,gemm,cutlass3x_sm100_tensorop_gemm_bf16_bf16_f32_bf16_bf16_128x128x64_1x1x1_0_tnt_align8_stream_k_1sm,passed,success,universal,4096,5120,5120,bf16:row,bf16:column,bf16:row,bf16:row,1,0,serial,1,1,heuristic,invalid,invalid,false,false,1,tensorop,f32,128,128,64,1,1,1,1,1,1,6,4,1,1,128,128,16,100,110,136314880,214790307840,1575,0.145574,872.084,1.47547e+06
1,CUTLASS,gemm,cutlass3x_sm100_tensorop_gemm_bf16_bf16_f32_void_bf16_128x128x64_1x1x1_0_tnt_align8_1sm,passed,success,universal,4096,5120,5120,bf16:row,bf16:column,void:row,bf16:row,1,0,serial,1,1,heuristic,invalid,invalid,false,false,1,tensorop,f32,128,128,64,1,1,1,1,1,1,6,4,1,1,128,128,16,100,110,94371840,214790307840,2276,0.143462,612.639,1.49719e+06
1,CUTLASS,gemm,cutlass3x_sm100_tensorop_gemm_bf16_bf16_f32_void_bf16_128x128x64_1x1x1_0_tnt_align8_stream_k_1sm,passed,success,universal,4096,5120,5120,bf16:row,bf16:column,void:row,bf16:row,1,0,serial,1,1,heuristic,invalid,invalid,false,false,1,tensorop,f32,128,128,64,1,1,1,1,1,1,6,4,1,1,128,128,16,100,110,94371840,214790307840,2276,0.144659,607.57,1.4848e+06
1,CUTLASS,gemm,cutlass3x_sm100_tensorop_gemm_bf16_bf16_f32_bf16_bf16_128x128x64_1x2x1_0_tnt_align8_1sm,passed,success,universal,4096,5120,5120,bf16:row,bf16:column,bf16:row,bf16:row,1,0,serial,1,1,heuristic,invalid,invalid,false,false,1,tensorop,f32,128,128,64,1,2,1,1,1,1,6,4,1,1,128,128,16,100,110,136314880,214790307840,1575,0.14568,871.452,1.4744e+06
1,CUTLASS,gemm,cutlass3x_sm100_tensorop_gemm_bf16_bf16_f32_bf16_bf16_128x128x64_1x2x1_0_tnt_align8_stream_k_1sm,passed,success,universal,4096,5120,5120,bf16:row,bf16:column,bf16:row,bf16:row,1,0,serial,1,1,heuristic,invalid,invalid,false,false,1,tensorop,f32,128,128,64,1,2,1,1,1,1,6,4,1,1,128,128,16,100,110,136314880,214790307840,1575,0.14224,892.528,1.51006e+06
1,CUTLASS,gemm,cutlass3x_sm100_tensorop_gemm_bf16_bf16_f32_void_bf16_128x128x64_1x2x1_0_tnt_align8_1sm,passed,success,universal,4096,5120,5120,bf16:row,bf16:column,void:row,bf16:row,1,0,serial,1,1,heuristic,invalid,invalid,false,false,1,tensorop,f32,128,128,64,1,2,1,1,1,1,6,4,1,1,128,128,16,100,110,94371840,214790307840,2276,0.146813,598.658,1.46302e+06
1,CUTLASS,gemm,cutlass3x_sm100_tensorop_gemm_bf16_bf16_f32_void_bf16_128x128x64_1x2x1_0_tnt_align8_stream_k_1sm,passed,success,universal,4096,5120,5120,bf16:row,bf16:column,void:row,bf16:row,1,0,serial,1,1,heuristic,invalid,invalid,false,false,1,tensorop,f32,128,128,64,1,2,1,1,1,1,6,4,1,1,128,128,16,100,110,94371840,214790307840,2276,0.141584,620.767,1.51705e+06
1,CUTLASS,gemm,cutlass3x_sm100_tensorop_gemm_bf16_bf16_f32_bf16_bf16_128x128x64_1x4x1_0_tnt_align8_1sm,passed,success,universal,4096,5120,5120,bf16:row,bf16:column,bf16:row,bf16:row,1,0,serial,1,1,heuristic,invalid,invalid,false,false,1,tensorop,f32,128,128,64,1,4,1,1,1,1,6,4,1,1,128,128,16,100,110,136314880,214790307840,1575,0.143811,882.776,1.49356e+06
1,CUTLASS,gemm,cutlass3x_sm100_tensorop_gemm_bf16_bf16_f32_bf16_bf16_128x128x64_1x4x1_0_tnt_align8_stream_k_1sm,passed,success,universal,4096,5120,5120,bf16:row,bf16:column,bf16:row,bf16:row,1,0,serial,1,1,heuristic,invalid,invalid,false,false,1,tensorop,f32,128,128,64,1,4,1,1,1,1,6,4,1,1,128,128,16,100,110,136314880,214790307840,1575,0.148176,856.773,1.44956e+06
1,CUTLASS,gemm,cutlass3x_sm100_tensorop_gemm_bf16_bf16_f32_void_bf16_128x128x64_1x4x1_0_tnt_align8_1sm,passed,success,universal,4096,5120,5120,bf16:row,bf16:column,void:row,bf16:row,1,0,serial,1,1,heuristic,invalid,invalid,false,false,1,tensorop,f32,128,128,64,1,4,1,1,1,1,6,4,1,1,128,128,16,100,110,94371840,214790307840,2276,0.144246,609.309,1.48905e+06
1,CUTLASS,gemm,cutlass3x_sm100_tensorop_gemm_bf16_bf16_f32_void_bf16_128x128x64_1x4x1_0_tnt_align8_stream_k_1sm,passed,success,universal,4096,5120,5120,bf16:row,bf16:column,void:row,bf16:row,1,0,serial,1,1,heuristic,invalid,invalid,false,false,1,tensorop,f32,128,128,64,1,4,1,1,1,1,6,4,1,1,128,128,16,100,110,94371840,214790307840,2276,0.146784,598.775,1.46331e+06
1,CUTLASS,gemm,cutlass3x_sm100_tensorop_gemm_bf16_bf16_f32_bf16_bf16_128x128x64_4x4x1_0_tnt_align8_1sm,passed,success,universal,4096,5120,5120,bf16:row,bf16:column,bf16:row,bf16:row,1,0,serial,1,1,heuristic,invalid,invalid,false,false,1,tensorop,f32,128,128,64,4,4,1,1,1,1,6,4,1,1,128,128,16,100,110,136314880,214790307840,1575,0.174694,726.716,1.22952e+06
1,CUTLASS,gemm,cutlass3x_sm100_tensorop_gemm_bf16_bf16_f32_bf16_bf16_128x128x64_4x4x1_0_tnt_align8_stream_k_1sm,passed,success,universal,4096,5120,5120,bf16:row,bf16:column,bf16:row,bf16:row,1,0,serial,1,1,heuristic,invalid,invalid,false,false,1,tensorop,f32,128,128,64,4,4,1,1,1,1,6,4,1,1,128,128,16,100,110,136314880,214790307840,1575,0.184118,689.519,1.16659e+06
1,CUTLASS,gemm,cutlass3x_sm100_tensorop_gemm_bf16_bf16_f32_void_bf16_128x128x64_4x4x1_0_tnt_align8_1sm,passed,success,universal,4096,5120,5120,bf16:row,bf16:column,void:row,bf16:row,1,0,serial,1,1,heuristic,invalid,invalid,false,false,1,tensorop,f32,128,128,64,4,4,1,1,1,1,6,4,1,1,128,128,16,100,110,94371840,214790307840,2276,0.175789,499.979,1.22187e+06
1,CUTLASS,gemm,cutlass3x_sm100_tensorop_gemm_bf16_bf16_f32_void_bf16_128x128x64_4x4x1_0_tnt_align8_stream_k_1sm,passed,success,universal,4096,5120,5120,bf16:row,bf16:column,void:row,bf16:row,1,0,serial,1,1,heuristic,invalid,invalid,false,false,1,tensorop,f32,128,128,64,4,4,1,1,1,1,6,4,1,1,128,128,16,100,110,94371840,214790307840,2276,0.179574,489.439,1.19611e+06
1,CUTLASS,gemm,cutlass3x_sm100_tensorop_gemm_bf16_bf16_f32_f32_f32_128x256x64_0x0x1_0_tnt_align8_1sm,passed,success,universal,4096,5120,5120,bf16:row,bf16:column,f32:row,f32:row,1,0,serial,1,1,heuristic,invalid,invalid,false,false,1,tensorop,f32,128,256,64,1,1,1,1,1,1,3,4,1,1,128,256,16,100,110,178257920,214790307840,1204,0.188381,881.277,1.14019e+06
1,CUTLASS,gemm,cutlass3x_sm100_tensorop_gemm_bf16_bf16_f32_f32_f32_128x256x64_0x0x1_0_tnt_align8_stream_k_1sm,passed,success,universal,4096,5120,5120,bf16:row,bf16:column,f32:row,f32:row,1,0,serial,1,1,heuristic,invalid,invalid,false,false,1,tensorop,f32,128,256,64,1,1,1,1,1,1,3,4,1,1,128,256,16,100,110,178257920,214790307840,1204,0.160973,1031.33,1.33433e+06
1,CUTLASS,gemm,cutlass3x_sm100_tensorop_gemm_bf16_bf16_f32_void_f32_128x256x64_0x0x1_0_tnt_align8_1sm,passed,success,universal,4096,5120,5120,bf16:row,bf16:column,void:row,f32:row,1,0,serial,1,1,heuristic,invalid,invalid,false,false,1,tensorop,f32,128,256,64,1,1,1,1,1,1,4,4,1,1,128,256,16,100,110,94371840,214790307840,2276,0.159814,549.954,1.344e+06
1,CUTLASS,gemm,cutlass3x_sm100_tensorop_gemm_bf16_bf16_f32_void_f32_128x256x64_0x0x1_0_tnt_align8_stream_k_1sm,passed,success,universal,4096,5120,5120,bf16:row,bf16:column,void:row,f32:row,1,0,serial,1,1,heuristic,invalid,invalid,false,false,1,tensorop,f32,128,256,64,1,1,1,1,1,1,4,4,1,1,128,256,16,100,110,94371840,214790307840,2276,0.147942,594.087,1.45185e+06
1,CUTLASS,gemm,cutlass3x_sm100_tensorop_gemm_bf16_bf16_f32_f32_f32_128x256x64_1x1x1_0_tnt_align8_1sm,passed,success,universal,4096,5120,5120,bf16:row,bf16:column,f32:row,f32:row,1,0,serial,1,1,heuristic,invalid,invalid,false,false,1,tensorop,f32,128,256,64,1,1,1,1,1,1,3,4,1,1,128,256,16,100,110,178257920,214790307840,1204,0.188589,880.305,1.13893e+06
1,CUTLASS,gemm,cutlass3x_sm100_tensorop_gemm_bf16_bf16_f32_f32_f32_128x256x64_1x1x1_0_tnt_align8_stream_k_1sm,passed,success,universal,4096,5120,5120,bf16:row,bf16:column,f32:row,f32:row,1,0,serial,1,1,heuristic,invalid,invalid,false,false,1,tensorop,f32,128,256,64,1,1,1,1,1,1,3,4,1,1,128,256,16,100,110,178257920,214790307840,1204,0.161069,1030.71,1.33353e+06
1,CUTLASS,gemm,cutlass3x_sm100_tensorop_gemm_bf16_bf16_f32_void_f32_128x256x64_1x1x1_0_tnt_align8_1sm,passed,success,universal,4096,5120,5120,bf16:row,bf16:column,void:row,f32:row,1,0,serial,1,1,heuristic,invalid,invalid,false,false,1,tensorop,f32,128,256,64,1,1,1,1,1,1,4,4,1,1,128,256,16,100,110,94371840,214790307840,2276,0.158506,554.495,1.3551e+06
1,CUTLASS,gemm,cutlass3x_sm100_tensorop_gemm_bf16_bf16_f32_void_f32_128x256x64_1x1x1_0_tnt_align8_stream_k_1sm,passed,success,universal,4096,5120,5120,bf16:row,bf16:column,void:row,f32:row,1,0,serial,1,1,heuristic,invalid,invalid,false,false,1,tensorop,f32,128,256,64,1,1,1,1,1,1,4,4,1,1,128,256,16,100,110,94371840,214790307840,2276,0.144762,607.14,1.48375e+06
1,CUTLASS,gemm,cutlass3x_sm100_tensorop_gemm_bf16_bf16_f32_f32_f32_128x256x64_1x2x1_0_tnt_align8_1sm,passed,success,universal,4096,5120,5120,bf16:row,bf16:column,f32:row,f32:row,1,0,serial,1,1,heuristic,invalid,invalid,false,false,1,tensorop,f32,128,256,64,1,2,1,1,1,1,3,4,1,1,128,256,16,100,110,178257920,214790307840,1204,0.187584,885.02,1.14504e+06
1,CUTLASS,gemm,cutlass3x_sm100_tensorop_gemm_bf16_bf16_f32_f32_f32_128x256x64_1x2x1_0_tnt_align8_stream_k_1sm,passed,success,universal,4096,5120,5120,bf16:row,bf16:column,f32:row,f32:row,1,0,serial,1,1,heuristic,invalid,invalid,false,false,1,tensorop,f32,128,256,64,1,2,1,1,1,1,3,4,1,1,128,256,16,100,110,178257920,214790307840,1204,0.161478,1028.1,1.33015e+06
1,CUTLASS,gemm,cutlass3x_sm100_tensorop_gemm_bf16_bf16_f32_void_f32_128x256x64_1x2x1_0_tnt_align8_1sm,passed,success,universal,4096,5120,5120,bf16:row,bf16:column,void:row,f32:row,1,0,serial,1,1,heuristic,invalid,invalid,false,false,1,tensorop,f32,128,256,64,1,2,1,1,1,1,4,4,1,1,128,256,16,100,110,94371840,214790307840,2276,0.157386,558.441,1.36474e+06
1,CUTLASS,gemm,cutlass3x_sm100_tensorop_gemm_bf16_bf16_f32_void_f32_128x256x64_1x2x1_0_tnt_align8_stream_k_1sm,passed,success,universal,4096,5120,5120,bf16:row,bf16:column,void:row,f32:row,1,0,serial,1,1,heuristic,invalid,invalid,false,false,1,tensorop,f32,128,256,64,1,2,1,1,1,1,4,4,1,1,128,256,16,100,110,94371840,214790307840,2276,0.143059,614.365,1.50141e+06
1,CUTLASS,gemm,cutlass3x_sm100_tensorop_gemm_bf16_bf16_f32_f32_f32_128x256x64_1x4x1_0_tnt_align8_1sm,passed,success,universal,4096,5120,5120,bf16:row,bf16:column,f32:row,f32:row,1,0,serial,1,1,heuristic,invalid,invalid,false,false,1,tensorop,f32,128,256,64,1,4,1,1,1,1,3,4,1,1,128,256,16,100,110,178257920,214790307840,1204,0.190026,873.649,1.13032e+06
1,CUTLASS,gemm,cutlass3x_sm100_tensorop_gemm_bf16_bf16_f32_f32_f32_128x256x64_1x4x1_0_tnt_align8_stream_k_1sm,passed,success,universal,4096,5120,5120,bf16:row,bf16:column,f32:row,f32:row,1,0,serial,1,1,heuristic,invalid,invalid,false,false,1,tensorop,f32,128,256,64,1,4,1,1,1,1,3,4,1,1,128,256,16,100,110,178257920,214790307840,1204,0.201181,825.206,1.06765e+06
1,CUTLASS,gemm,cutlass3x_sm100_tensorop_gemm_bf16_bf16_f32_void_f32_128x256x64_1x4x1_0_tnt_align8_1sm,passed,success,universal,4096,5120,5120,bf16:row,bf16:column,void:row,f32:row,1,0,serial,1,1,heuristic,invalid,invalid,false,false,1,tensorop,f32,128,256,64,1,4,1,1,1,1,4,4,1,1,128,256,16,100,110,94371840,214790307840,2276,0.155926,563.667,1.37751e+06
1,CUTLASS,gemm,cutlass3x_sm100_tensorop_gemm_bf16_bf16_f32_void_f32_128x256x64_1x4x1_0_tnt_align8_stream_k_1sm,passed,success,universal,4096,5120,5120,bf16:row,bf16:column,void:row,f32:row,1,0,serial,1,1,heuristic,invalid,invalid,false,false,1,tensorop,f32,128,256,64,1,4,1,1,1,1,4,4,1,1,128,256,16,100,110,94371840,214790307840,2276,0.169181,519.507,1.26959e+06
1,CUTLASS,gemm,cutlass3x_sm100_tensorop_gemm_bf16_bf16_f32_f32_f32_128x256x64_4x4x1_0_tnt_align8_1sm,passed,success,universal,4096,5120,5120,bf16:row,bf16:column,f32:row,f32:row,1,0,serial,1,1,heuristic,invalid,invalid,false,false,1,tensorop,f32,128,256,64,4,4,1,1,1,1,3,4,1,1,128,256,16,100,110,178257920,214790307840,1204,0.217555,763.097,987291
1,CUTLASS,gemm,cutlass3x_sm100_tensorop_gemm_bf16_bf16_f32_f32_f32_128x256x64_4x4x1_0_tnt_align8_stream_k_1sm,passed,success,universal,4096,5120,5120,bf16:row,bf16:column,f32:row,f32:row,1,0,serial,1,1,heuristic,invalid,invalid,false,false,1,tensorop,f32,128,256,64,4,4,1,1,1,1,3,4,1,1,128,256,16,100,110,178257920,214790307840,1204,0.224333,740.042,957463
1,CUTLASS,gemm,cutlass3x_sm100_tensorop_gemm_bf16_bf16_f32_void_f32_128x256x64_4x4x1_0_tnt_align8_1sm,passed,success,universal,4096,5120,5120,bf16:row,bf16:column,void:row,f32:row,1,0,serial,1,1,heuristic,invalid,invalid,false,false,1,tensorop,f32,128,256,64,4,4,1,1,1,1,4,4,1,1,128,256,16,100,110,94371840,214790307840,2276,0.174349,504.108,1.23196e+06
1,CUTLASS,gemm,cutlass3x_sm100_tensorop_gemm_bf16_bf16_f32_void_f32_128x256x64_4x4x1_0_tnt_align8_stream_k_1sm,passed,success,universal,4096,5120,5120,bf16:row,bf16:column,void:row,f32:row,1,0,serial,1,1,heuristic,invalid,invalid,false,false,1,tensorop,f32,128,256,64,4,4,1,1,1,1,4,4,1,1,128,256,16,100,110,94371840,214790307840,2276,0.183469,479.049,1.17072e+06
1,CUTLASS,gemm,cutlass3x_sm100_tensorop_gemm_bf16_bf16_f32_bf16_bf16_128x256x64_0x0x1_0_tnt_align8_1sm,passed,success,universal,4096,5120,5120,bf16:row,bf16:column,bf16:row,bf16:row,1,0,serial,1,1,heuristic,invalid,invalid,false,false,1,tensorop,f32,128,256,64,1,1,1,1,1,1,3,4,1,1,128,256,16,100,110,136314880,214790307840,1575,0.176608,718.841,1.2162e+06
1,CUTLASS,gemm,cutlass3x_sm100_tensorop_gemm_bf16_bf16_f32_bf16_bf16_128x256x64_0x0x1_0_tnt_align8_stream_k_1sm,passed,success,universal,4096,5120,5120,bf16:row,bf16:column,bf16:row,bf16:row,1,0,serial,1,1,heuristic,invalid,invalid,false,false,1,tensorop,f32,128,256,64,1,1,1,1,1,1,3,4,1,1,128,256,16,100,110,136314880,214790307840,1575,0.155949,814.069,1.37731e+06
1,CUTLASS,gemm,cutlass3x_sm100_tensorop_gemm_bf16_bf16_f32_void_bf16_128x256x64_0x0x1_0_tnt_align8_1sm,passed,success,universal,4096,5120,5120,bf16:row,bf16:column,void:row,bf16:row,1,0,serial,1,1,heuristic,invalid,invalid,false,false,1,tensorop,f32,128,256,64,1,1,1,1,1,1,4,4,1,1,128,256,16,100,110,94371840,214790307840,2276,0.146816,598.645,1.46299e+06
1,CUTLASS,gemm,cutlass3x_sm100_tensorop_gemm_bf16_bf16_f32_void_bf16_128x256x64_0x0x1_0_tnt_align8_stream_k_1sm,passed,success,universal,4096,5120,5120,bf16:row,bf16:column,void:row,bf16:row,1,0,serial,1,1,heuristic,invalid,invalid,false,false,1,tensorop,f32,128,256,64,1,1,1,1,1,1,4,4,1,1,128,256,16,100,110,94371840,214790307840,2276,0.140666,624.82,1.52696e+06
1,CUTLASS,gemm,cutlass3x_sm100_tensorop_gemm_bf16_bf16_f32_bf16_bf16_128x256x64_1x1x1_0_tnt_align8_1sm,passed,success,universal,4096,5120,5120,bf16:row,bf16:column,bf16:row,bf16:row,1,0,serial,1,1,heuristic,invalid,invalid,false,false,1,tensorop,f32,128,256,64,1,1,1,1,1,1,3,4,1,1,128,256,16,100,110,136314880,214790307840,1575,0.176499,719.284,1.21695e+06
1,CUTLASS,gemm,cutlass3x_sm100_tensorop_gemm_bf16_bf16_f32_bf16_bf16_128x256x64_1x1x1_0_tnt_align8_stream_k_1sm,passed,success,universal,4096,5120,5120,bf16:row,bf16:column,bf16:row,bf16:row,1,0,serial,1,1,heuristic,invalid,invalid,false,false,1,tensorop,f32,128,256,64,1,1,1,1,1,1,3,4,1,1,128,256,16,100,110,136314880,214790307840,1575,0.155213,817.93,1.38384e+06
1,CUTLASS,gemm,cutlass3x_sm100_tensorop_gemm_bf16_bf16_f32_void_bf16_128x256x64_1x1x1_0_tnt_align8_1sm,passed,success,universal,4096,5120,5120,bf16:row,bf16:column,void:row,bf16:row,1,0,serial,1,1,heuristic,invalid,invalid,false,false,1,tensorop,f32,128,256,64,1,1,1,1,1,1,4,4,1,1,128,256,16,100,110,94371840,214790307840,2276,0.147526,595.762,1.45594e+06
1,CUTLASS,gemm,cutlass3x_sm100_tensorop_gemm_bf16_bf16_f32_void_bf16_128x256x64_1x1x1_0_tnt_align8_stream_k_1sm,passed,success,universal,4096,5120,5120,bf16:row,bf16:column,void:row,bf16:row,1,0,serial,1,1,heuristic,invalid,invalid,false,false,1,tensorop,f32,128,256,64,1,1,1,1,1,1,4,4,1,1,128,256,16,100,110,94371840,214790307840,2276,0.137546,638.993,1.56159e+06
1,CUTLASS,gemm,cutlass3x_sm100_tensorop_gemm_bf16_bf16_f32_bf16_bf16_128x256x64_1x2x1_0_tnt_align8_1sm,passed,success,universal,4096,5120,5120,bf16:row,bf16:column,bf16:row,bf16:row,1,0,serial,1,1,heuristic,invalid,invalid,false,false,1,tensorop,f32,128,256,64,1,2,1,1,1,1,3,4,1,1,128,256,16,100,110,136314880,214790307840,1575,0.175904,721.718,1.22107e+06
1,CUTLASS,gemm,cutlass3x_sm100_tensorop_gemm_bf16_bf16_f32_bf16_bf16_128x256x64_1x2x1_0_tnt_align8_stream_k_1sm,passed,success,universal,4096,5120,5120,bf16:row,bf16:column,bf16:row,bf16:row,1,0,serial,1,1,heuristic,invalid,invalid,false,false,1,tensorop,f32,128,256,64,1,2,1,1,1,1,3,4,1,1,128,256,16,100,110,136314880,214790307840,1575,0.155478,816.532,1.38148e+06
1,CUTLASS,gemm,cutlass3x_sm100_tensorop_gemm_bf16_bf16_f32_void_bf16_128x256x64_1x2x1_0_tnt_align8_1sm,passed,success,universal,4096,5120,5120,bf16:row,bf16:column,void:row,bf16:row,1,0,serial,1,1,heuristic,invalid,invalid,false,false,1,tensorop,f32,128,256,64,1,2,1,1,1,1,4,4,1,1,128,256,16,100,110,94371840,214790307840,2276,0.145888,602.453,1.4723e+06
1,CUTLASS,gemm,cutlass3x_sm100_tensorop_gemm_bf16_bf16_f32_void_bf16_128x256x64_1x2x1_0_tnt_align8_stream_k_1sm,passed,success,universal,4096,5120,5120,bf16:row,bf16:column,void:row,bf16:row,1,0,serial,1,1,heuristic,invalid,invalid,false,false,1,tensorop,f32,128,256,64,1,2,1,1,1,1,4,4,1,1,128,256,16,100,110,94371840,214790307840,2276,0.135347,649.372,1.58696e+06
1,CUTLASS,gemm,cutlass3x_sm100_tensorop_gemm_bf16_bf16_f32_bf16_bf16_128x256x64_1x4x1_0_tnt_align8_1sm,passed,success,universal,4096,5120,5120,bf16:row,bf16:column,bf16:row,bf16:row,1,0,serial,1,1,heuristic,invalid,invalid,false,false,1,tensorop,f32,128,256,64,1,4,1,1,1,1,3,4,1,1,128,256,16,100,110,136314880,214790307840,1575,0.178864,709.775,1.20086e+06
1,CUTLASS,gemm,cutlass3x_sm100_tensorop_gemm_bf16_bf16_f32_bf16_bf16_128x256x64_1x4x1_0_tnt_align8_stream_k_1sm,passed,success,universal,4096,5120,5120,bf16:row,bf16:column,bf16:row,bf16:row,1,0,serial,1,1,heuristic,invalid,invalid,false,false,1,tensorop,f32,128,256,64,1,4,1,1,1,1,3,4,1,1,128,256,16,100,110,136314880,214790307840,1575,0.193616,655.695,1.10936e+06
1,CUTLASS,gemm,cutlass3x_sm100_tensorop_gemm_bf16_bf16_f32_void_bf16_128x256x64_1x4x1_0_tnt_align8_1sm,passed,success,universal,4096,5120,5120,bf16:row,bf16:column,void:row,bf16:row,1,0,serial,1,1,heuristic,invalid,invalid,false,false,1,tensorop,f32,128,256,64,1,4,1,1,1,1,4,4,1,1,128,256,16,100,110,94371840,214790307840,2276,0.14448,608.324,1.48664e+06
1,CUTLASS,gemm,cutlass3x_sm100_tensorop_gemm_bf16_bf16_f32_void_bf16_128x256x64_1x4x1_0_tnt_align8_stream_k_1sm,passed,success,universal,4096,5120,5120,bf16:row,bf16:column,void:row,bf16:row,1,0,serial,1,1,heuristic,invalid,invalid,false,false,1,tensorop,f32,128,256,64,1,4,1,1,1,1,4,4,1,1,128,256,16,100,110,94371840,214790307840,2276,0.159443,551.235,1.34713e+06
1,CUTLASS,gemm,cutlass3x_sm100_tensorop_gemm_bf16_bf16_f32_bf16_bf16_128x256x64_4x4x1_0_tnt_align8_1sm,passed,success,universal,4096,5120,5120,bf16:row,bf16:column,bf16:row,bf16:row,1,0,serial,1,1,heuristic,invalid,invalid,false,false,1,tensorop,f32,128,256,64,4,4,1,1,1,1,3,4,1,1,128,256,16,100,110,136314880,214790307840,1575,0.205786,616.919,1.04376e+06
1,CUTLASS,gemm,cutlass3x_sm100_tensorop_gemm_bf16_bf16_f32_bf16_bf16_128x256x64_4x4x1_0_tnt_align8_stream_k_1sm,passed,success,universal,4096,5120,5120,bf16:row,bf16:column,bf16:row,bf16:row,1,0,serial,1,1,heuristic,invalid,invalid,false,false,1,tensorop,f32,128,256,64,4,4,1,1,1,1,3,4,1,1,128,256,16,100,110,136314880,214790307840,1575,0.21665,585.984,991418
1,CUTLASS,gemm,cutlass3x_sm100_tensorop_gemm_bf16_bf16_f32_void_bf16_128x256x64_4x4x1_0_tnt_align8_1sm,passed,success,universal,4096,5120,5120,bf16:row,bf16:column,void:row,bf16:row,1,0,serial,1,1,heuristic,invalid,invalid,false,false,1,tensorop,f32,128,256,64,4,4,1,1,1,1,4,4,1,1,128,256,16,100,110,94371840,214790307840,2276,0.162589,540.57,1.32106e+06
1,CUTLASS,gemm,cutlass3x_sm100_tensorop_gemm_bf16_bf16_f32_void_bf16_128x256x64_4x4x1_0_tnt_align8_stream_k_1sm,passed,success,universal,4096,5120,5120,bf16:row,bf16:column,void:row,bf16:row,1,0,serial,1,1,heuristic,invalid,invalid,false,false,1,tensorop,f32,128,256,64,4,4,1,1,1,1,4,4,1,1,128,256,16,100,110,94371840,214790307840,2276,0.174592,503.406,1.23024e+06
1,CUTLASS,gemm,cutlass3x_sm100_tensorop_gemm_bf16_bf16_f32_f32_f32_128x128x64_0x0x1_0_tnt_align8_2sm_epi_tma,passed,success,universal,4096,5120,5120,bf16:row,bf16:column,f32:row,f32:row,1,0,serial,1,1,heuristic,invalid,invalid,false,false,1,tensorop,f32,128,128,64,2,1,1,2,1,1,12,4,1,1,128,128,16,100,110,178257920,214790307840,1204,0.148566,1117.45,1.44575e+06
1,CUTLASS,gemm,cutlass3x_sm100_tensorop_gemm_bf16_bf16_f32_f32_f32_128x128x64_0x0x1_0_tnt_align8_stream_k_2sm_epi_tma,passed,success,universal,4096,5120,5120,bf16:row,bf16:column,f32:row,f32:row,1,0,serial,1,1,heuristic,invalid,invalid,false,false,1,tensorop,f32,128,128,64,2,1,1,2,1,1,12,4,1,1,128,128,16,100,110,178257920,214790307840,1204,0.15016,1105.59,1.43041e+06
1,CUTLASS,gemm,cutlass3x_sm100_tensorop_gemm_bf16_bf16_f32_void_f32_128x128x64_0x0x1_0_tnt_align8_2sm_epi_tma,passed,success,universal,4096,5120,5120,bf16:row,bf16:column,void:row,f32:row,1,0,serial,1,1,heuristic,invalid,invalid,false,false,1,tensorop,f32,128,128,64,2,1,1,2,1,1,12,4,1,1,128,128,16,100,110,94371840,214790307840,2276,0.148912,590.219,1.4424e+06
1,CUTLASS,gemm,cutlass3x_sm100_tensorop_gemm_bf16_bf16_f32_void_f32_128x128x64_0x0x1_0_tnt_align8_stream_k_2sm_epi_tma,passed,success,universal,4096,5120,5120,bf16:row,bf16:column,void:row,f32:row,1,0,serial,1,1,heuristic,invalid,invalid,false,false,1,tensorop,f32,128,128,64,2,1,1,2,1,1,12,4,1,1,128,128,16,100,110,94371840,214790307840,2276,0.149574,587.605,1.43601e+06
1,CUTLASS,gemm,cutlass3x_sm100_tensorop_gemm_bf16_bf16_f32_f32_f32_128x128x64_2x1x1_0_tnt_align8_2sm_epi_tma,passed,success,universal,4096,5120,5120,bf16:row,bf16:column,f32:row,f32:row,1,0,serial,1,1,heuristic,invalid,invalid,false,false,1,tensorop,f32,128,128,64,2,1,1,2,1,1,12,4,1,1,128,128,16,100,110,178257920,214790307840,1204,0.148346,1119.11,1.4479e+06
1,CUTLASS,gemm,cutlass3x_sm100_tensorop_gemm_bf16_bf16_f32_f32_f32_128x128x64_2x1x1_0_tnt_align8_stream_k_2sm_epi_tma,passed,success,universal,4096,5120,5120,bf16:row,bf16:column,f32:row,f32:row,1,0,serial,1,1,heuristic,invalid,invalid,false,false,1,tensorop,f32,128,128,64,2,1,1,2,1,1,12,4,1,1,128,128,16,100,110,178257920,214790307840,1204,0.148138,1120.69,1.44994e+06
1,CUTLASS,gemm,cutlass3x_sm100_tensorop_gemm_bf16_bf16_f32_void_f32_128x128x64_2x1x1_0_tnt_align8_2sm_epi_tma,passed,success,universal,4096,5120,5120,bf16:row,bf16:column,void:row,f32:row,1,0,serial,1,1,heuristic,invalid,invalid,false,false,1,tensorop,f32,128,128,64,2,1,1,2,1,1,12,4,1,1,128,128,16,100,110,94371840,214790307840,2276,0.147827,594.55,1.45298e+06
1,CUTLASS,gemm,cutlass3x_sm100_tensorop_gemm_bf16_bf16_f32_void_f32_128x128x64_2x1x1_0_tnt_align8_stream_k_2sm_epi_tma,passed,success,universal,4096,5120,5120,bf16:row,bf16:column,void:row,f32:row,1,0,serial,1,1,heuristic,invalid,invalid,false,false,1,tensorop,f32,128,128,64,2,1,1,2,1,1,12,4,1,1,128,128,16,100,110,94371840,214790307840,2276,0.149754,586.902,1.43429e+06
1,CUTLASS,gemm,cutlass3x_sm100_tensorop_gemm_bf16_bf16_f32_f32_f32_128x128x64_2x2x1_0_tnt_align8_2sm_epi_tma,passed,success,universal,4096,5120,5120,bf16:row,bf16:column,f32:row,f32:row,1,0,serial,1,1,heuristic,invalid,invalid,false,false,1,tensorop,f32,128,128,64,2,2,1,2,1,1,12,4,1,1,128,128,16,100,110,178257920,214790307840,1204,0.155504,1067.6,1.38125e+06
1,CUTLASS,gemm,cutlass3x_sm100_tensorop_gemm_bf16_bf16_f32_f32_f32_128x128x64_2x2x1_0_tnt_align8_stream_k_2sm_epi_tma,passed,success,universal,4096,5120,5120,bf16:row,bf16:column,f32:row,f32:row,1,0,serial,1,1,heuristic,invalid,invalid,false,false,1,tensorop,f32,128,128,64,2,2,1,2,1,1,12,4,1,1,128,128,16,100,110,178257920,214790307840,1204,0.150115,1105.92,1.43084e+06
1,CUTLASS,gemm,cutlass3x_sm100_tensorop_gemm_bf16_bf16_f32_void_f32_128x128x64_2x2x1_0_tnt_align8_2sm_epi_tma,passed,success,universal,4096,5120,5120,bf16:row,bf16:column,void:row,f32:row,1,0,serial,1,1,heuristic,invalid,invalid,false,false,1,tensorop,f32,128,128,64,2,2,1,2,1,1,12,4,1,1,128,128,16,100,110,94371840,214790307840,2276,0.155462,565.35,1.38162e+06
1,CUTLASS,gemm,cutlass3x_sm100_tensorop_gemm_bf16_bf16_f32_void_f32_128x128x64_2x2x1_0_tnt_align8_stream_k_2sm_epi_tma,passed,success,universal,4096,5120,5120,bf16:row,bf16:column,void:row,f32:row,1,0,serial,1,1,heuristic,invalid,invalid,false,false,1,tensorop,f32,128,128,64,2,2,1,2,1,1,12,4,1,1,128,128,16,100,110,94371840,214790307840,2276,0.15096,582.211,1.42283e+06
1,CUTLASS,gemm,cutlass3x_sm100_tensorop_gemm_bf16_bf16_f32_f32_f32_128x128x64_4x1x1_0_tnt_align8_2sm_epi_tma,passed,success,universal,4096,5120,5120,bf16:row,bf16:column,f32:row,f32:row,1,0,serial,1,1,heuristic,invalid,invalid,false,false,1,tensorop,f32,128,128,64,4,1,1,2,1,1,12,4,1,1,128,128,16,100,110,178257920,214790307840,1204,0.151216,1097.87,1.42042e+06
1,CUTLASS,gemm,cutlass3x_sm100_tensorop_gemm_bf16_bf16_f32_f32_f32_128x128x64_4x1x1_0_tnt_align8_stream_k_2sm_epi_tma,passed,success,universal,4096,5120,5120,bf16:row,bf16:column,f32:row,f32:row,1,0,serial,1,1,heuristic,invalid,invalid,false,false,1,tensorop,f32,128,128,64,4,1,1,2,1,1,12,4,1,1,128,128,16,100,110,178257920,214790307840,1204,0.153059,1084.65,1.40332e+06
1,CUTLASS,gemm,cutlass3x_sm100_tensorop_gemm_bf16_bf16_f32_void_f32_128x128x64_4x1x1_0_tnt_align8_2sm_epi_tma,passed,success,universal,4096,5120,5120,bf16:row,bf16:column,void:row,f32:row,1,0,serial,1,1,heuristic,invalid,invalid,false,false,1,tensorop,f32,128,128,64,4,1,1,2,1,1,12,4,1,1,128,128,16,100,110,94371840,214790307840,2276,0.151942,578.447,1.41363e+06
1,CUTLASS,gemm,cutlass3x_sm100_tensorop_gemm_bf16_bf16_f32_void_f32_128x128x64_4x1x1_0_tnt_align8_stream_k_2sm_epi_tma,passed,success,universal,4096,5120,5120,bf16:row,bf16:column,void:row,f32:row,1,0,serial,1,1,heuristic,invalid,invalid,false,false,1,tensorop,f32,128,128,64,4,1,1,2,1,1,12,4,1,1,128,128,16,100,110,94371840,214790307840,2276,0.154486,568.921,1.39035e+06
1,CUTLASS,gemm,cutlass3x_sm100_tensorop_gemm_bf16_bf16_f32_f32_f32_128x128x64_2x4x1_0_tnt_align8_2sm_epi_tma,passed,success,universal,4096,5120,5120,bf16:row,bf16:column,f32:row,f32:row,1,0,serial,1,1,heuristic,invalid,invalid,false,false,1,tensorop,f32,128,128,64,2,4,1,2,1,1,12,4,1,1,128,128,16,100,110,178257920,214790307840,1204,0.168285,986.516,1.27635e+06
1,CUTLASS,gemm,cutlass3x_sm100_tensorop_gemm_bf16_bf16_f32_f32_f32_128x128x64_2x4x1_0_tnt_align8_stream_k_2sm_epi_tma,passed,success,universal,4096,5120,5120,bf16:row,bf16:column,f32:row,f32:row,1,0,serial,1,1,heuristic,invalid,invalid,false,false,1,tensorop,f32,128,128,64,2,4,1,2,1,1,12,4,1,1,128,128,16,100,110,178257920,214790307840,1204,0.165862,1000.92,1.29499e+06
1,CUTLASS,gemm,cutlass3x_sm100_tensorop_gemm_bf16_bf16_f32_void_f32_128x128x64_2x4x1_0_tnt_align8_2sm_epi_tma,passed,success,universal,4096,5120,5120,bf16:row,bf16:column,void:row,f32:row,1,0,serial,1,1,heuristic,invalid,invalid,false,false,1,tensorop,f32,128,128,64,2,4,1,2,1,1,12,4,1,1,128,128,16,100,110,94371840,214790307840,2276,0.171856,511.42,1.24983e+06
1,CUTLASS,gemm,cutlass3x_sm100_tensorop_gemm_bf16_bf16_f32_void_f32_128x128x64_2x4x1_0_tnt_align8_stream_k_2sm_epi_tma,passed,success,universal,4096,5120,5120,bf16:row,bf16:column,void:row,f32:row,1,0,serial,1,1,heuristic,invalid,invalid,false,false,1,tensorop,f32,128,128,64,2,4,1,2,1,1,12,4,1,1,128,128,16,100,110,94371840,214790307840,2276,0.168819,520.62,1.27231e+06
1,CUTLASS,gemm,cutlass3x_sm100_tensorop_gemm_bf16_bf16_f32_f32_f32_128x128x64_4x2x1_0_tnt_align8_2sm_epi_tma,passed,success,universal,4096,5120,5120,bf16:row,bf16:column,f32:row,f32:row,1,0,serial,1,1,heuristic,invalid,invalid,false,false,1,tensorop,f32,128,128,64,4,2,1,2,1,1,12,4,1,1,128,128,16,100,110,178257920,214790307840,1204,0.167354,992.005,1.28345e+06
1,CUTLASS,gemm,cutlass3x_sm100_tensorop_gemm_bf16_bf16_f32_f32_f32_128x128x64_4x2x1_0_tnt_align8_stream_k_2sm_epi_tma,passed,success,universal,4096,5120,5120,bf16:row,bf16:column,f32:row,f32:row,1,0,serial,1,1,heuristic,invalid,invalid,false,false,1,tensorop,f32,128,128,64,4,2,1,2,1,1,12,4,1,1,128,128,16,100,110,178257920,214790307840,1204,0.170394,974.307,1.26055e+06
1,CUTLASS,gemm,cutlass3x_sm100_tensorop_gemm_bf16_bf16_f32_void_f32_128x128x64_4x2x1_0_tnt_align8_2sm_epi_tma,passed,success,universal,4096,5120,5120,bf16:row,bf16:column,void:row,f32:row,1,0,serial,1,1,heuristic,invalid,invalid,false,false,1,tensorop,f32,128,128,64,4,2,1,2,1,1,12,4,1,1,128,128,16,100,110,94371840,214790307840,2276,0.171174,513.457,1.2548e+06
1,CUTLASS,gemm,cutlass3x_sm100_tensorop_gemm_bf16_bf16_f32_void_f32_128x128x64_4x2x1_0_tnt_align8_stream_k_2sm_epi_tma,passed,success,universal,4096,5120,5120,bf16:row,bf16:column,void:row,f32:row,1,0,serial,1,1,heuristic,invalid,invalid,false,false,1,tensorop,f32,128,128,64,4,2,1,2,1,1,12,4,1,1,128,128,16,100,110,94371840,214790307840,2276,0.173562,506.394,1.23755e+06
1,CUTLASS,gemm,cutlass3x_sm100_tensorop_gemm_bf16_bf16_f32_f32_f32_128x128x64_4x4x1_0_tnt_align8_2sm_epi_tma,passed,success,universal,4096,5120,5120,bf16:row,bf16:column,f32:row,f32:row,1,0,serial,1,1,heuristic,invalid,invalid,false,false,1,tensorop,f32,128,128,64,4,4,1,2,1,1,12,4,1,1,128,128,16,100,110,178257920,214790307840,1204,0.176477,940.722,1.2171e+06
1,CUTLASS,gemm,cutlass3x_sm100_tensorop_gemm_bf16_bf16_f32_f32_f32_128x128x64_4x4x1_0_tnt_align8_stream_k_2sm_epi_tma,passed,success,universal,4096,5120,5120,bf16:row,bf16:column,f32:row,f32:row,1,0,serial,1,1,heuristic,invalid,invalid,false,false,1,tensorop,f32,128,128,64,4,4,1,2,1,1,12,4,1,1,128,128,16,100,110,178257920,214790307840,1204,0.177482,935.396,1.21021e+06
1,CUTLASS,gemm,cutlass3x_sm100_tensorop_gemm_bf16_bf16_f32_void_f32_128x128x64_4x4x1_0_tnt_align8_2sm_epi_tma,passed,success,universal,4096,5120,5120,bf16:row,bf16:column,void:row,f32:row,1,0,serial,1,1,heuristic,invalid,invalid,false,false,1,tensorop,f32,128,128,64,4,4,1,2,1,1,12,4,1,1,128,128,16,100,110,94371840,214790307840,2276,0.180246,487.614,1.19165e+06
1,CUTLASS,gemm,cutlass3x_sm100_tensorop_gemm_bf16_bf16_f32_void_f32_128x128x64_4x4x1_0_tnt_align8_stream_k_2sm_epi_tma,passed,success,universal,4096,5120,5120,bf16:row,bf16:column,void:row,f32:row,1,0,serial,1,1,heuristic,invalid,invalid,false,false,1,tensorop,f32,128,128,64,4,4,1,2,1,1,12,4,1,1,128,128,16,100,110,94371840,214790307840,2276,0.181008,485.562,1.18663e+06
1,CUTLASS,gemm,cutlass3x_sm100_tensorop_gemm_bf16_bf16_f32_bf16_bf16_128x128x64_0x0x1_0_tnt_align8_2sm_epi_tma,passed,success,universal,4096,5120,5120,bf16:row,bf16:column,bf16:row,bf16:row,1,0,serial,1,1,heuristic,invalid,invalid,false,false,1,tensorop,f32,128,128,64,2,1,1,2,1,1,13,4,1,1,128,128,16,100,110,136314880,214790307840,1575,0.142768,889.227,1.50447e+06
1,CUTLASS,gemm,cutlass3x_sm100_tensorop_gemm_bf16_bf16_f32_bf16_bf16_128x128x64_0x0x1_0_tnt_align8_stream_k_2sm_epi_tma,passed,success,universal,4096,5120,5120,bf16:row,bf16:column,bf16:row,bf16:row,1,0,serial,1,1,heuristic,invalid,invalid,false,false,1,tensorop,f32,128,128,64,2,1,1,2,1,1,13,4,1,1,128,128,16,100,110,136314880,214790307840,1575,0.144611,877.893,1.4853e+06
1,CUTLASS,gemm,cutlass3x_sm100_tensorop_gemm_bf16_bf16_f32_void_bf16_128x128x64_0x0x1_0_tnt_align8_2sm_epi_tma,passed,success,universal,4096,5120,5120,bf16:row,bf16:column,void:row,bf16:row,1,0,serial,1,1,heuristic,invalid,invalid,false,false,1,tensorop,f32,128,128,64,2,1,1,2,1,1,13,4,1,1,128,128,16,100,110,94371840,214790307840,2276,0.140358,626.187,1.5303e+06
1,CUTLASS,gemm,cutlass3x_sm100_tensorop_gemm_bf16_bf16_f32_void_bf16_128x128x64_0x0x1_0_tnt_align8_stream_k_2sm_epi_tma,passed,success,universal,4096,5120,5120,bf16:row,bf16:column,void:row,bf16:row,1,0,serial,1,1,heuristic,invalid,invalid,false,false,1,tensorop,f32,128,128,64,2,1,1,2,1,1,13,4,1,1,128,128,16,100,110,94371840,214790307840,2276,0.142966,614.764,1.50238e+06
1,CUTLASS,gemm,cutlass3x_sm100_tensorop_gemm_bf16_bf16_f32_bf16_bf16_128x128x64_2x1x1_0_tnt_align8_2sm_epi_tma,passed,success,universal,4096,5120,5120,bf16:row,bf16:column,bf16:row,bf16:row,1,0,serial,1,1,heuristic,invalid,invalid,false,false,1,tensorop,f32,128,128,64,2,1,1,2,1,1,13,4,1,1,128,128,16,100,110,136314880,214790307840,1575,0.140202,905.504,1.53201e+06
1,CUTLASS,gemm,cutlass3x_sm100_tensorop_gemm_bf16_bf16_f32_bf16_bf16_128x128x64_2x1x1_0_tnt_align8_stream_k_2sm_epi_tma,passed,success,universal,4096,5120,5120,bf16:row,bf16:column,bf16:row,bf16:row,1,0,serial,1,1,heuristic,invalid,invalid,false,false,1,tensorop,f32,128,128,64,2,1,1,2,1,1,13,4,1,1,128,128,16,100,110,136314880,214790307840,1575,0.144016,881.521,1.49143e+06
1,CUTLASS,gemm,cutlass3x_sm100_tensorop_gemm_bf16_bf16_f32_void_bf16_128x128x64_2x1x1_0_tnt_align8_2sm_epi_tma,passed,success,universal,4096,5120,5120,bf16:row,bf16:column,void:row,bf16:row,1,0,serial,1,1,heuristic,invalid,invalid,false,false,1,tensorop,f32,128,128,64,2,1,1,2,1,1,13,4,1,1,128,128,16,100,110,94371840,214790307840,2276,0.140582,625.189,1.52786e+06
1,CUTLASS,gemm,cutlass3x_sm100_tensorop_gemm_bf16_bf16_f32_void_bf16_128x128x64_2x1x1_0_tnt_align8_stream_k_2sm_epi_tma,passed,success,universal,4096,5120,5120,bf16:row,bf16:column,void:row,bf16:row,1,0,serial,1,1,heuristic,invalid,invalid,false,false,1,tensorop,f32,128,128,64,2,1,1,2,1,1,13,4,1,1,128,128,16,100,110,94371840,214790307840,2276,0.143011,614.572,1.50191e+06
1,CUTLASS,gemm,cutlass3x_sm100_tensorop_gemm_bf16_bf16_f32_bf16_bf16_128x128x64_2x2x1_0_tnt_align8_2sm_epi_tma,passed,success,universal,4096,5120,5120,bf16:row,bf16:column,bf16:row,bf16:row,1,0,serial,1,1,heuristic,invalid,invalid,false,false,1,tensorop,f32,128,128,64,2,2,1,2,1,1,13,4,1,1,128,128,16,100,110,136314880,214790307840,1575,0.146704,865.369,1.46411e+06
1,CUTLASS,gemm,cutlass3x_sm100_tensorop_gemm_bf16_bf16_f32_bf16_bf16_128x128x64_2x2x1_0_tnt_align8_stream_k_2sm_epi_tma,passed,success,universal,4096,5120,5120,bf16:row,bf16:column,bf16:row,bf16:row,1,0,serial,1,1,heuristic,invalid,invalid,false,false,1,tensorop,f32,128,128,64,2,2,1,2,1,1,13,4,1,1,128,128,16,100,110,136314880,214790307840,1575,0.143533,884.489,1.49645e+06
1,CUTLASS,gemm,cutlass3x_sm100_tensorop_gemm_bf16_bf16_f32_void_bf16_128x128x64_2x2x1_0_tnt_align8_2sm_epi_tma,passed,success,universal,4096,5120,5120,bf16:row,bf16:column,void:row,bf16:row,1,0,serial,1,1,heuristic,invalid,invalid,false,false,1,tensorop,f32,128,128,64,2,2,1,2,1,1,13,4,1,1,128,128,16,100,110,94371840,214790307840,2276,0.146707,599.089,1.46407e+06
1,CUTLASS,gemm,cutlass3x_sm100_tensorop_gemm_bf16_bf16_f32_void_bf16_128x128x64_2x2x1_0_tnt_align8_stream_k_2sm_epi_tma,passed,success,universal,4096,5120,5120,bf16:row,bf16:column,void:row,bf16:row,1,0,serial,1,1,heuristic,invalid,invalid,false,false,1,tensorop,f32,128,128,64,2,2,1,2,1,1,13,4,1,1,128,128,16,100,110,94371840,214790307840,2276,0.143459,612.652,1.49722e+06
1,CUTLASS,gemm,cutlass3x_sm100_tensorop_gemm_bf16_bf16_f32_bf16_bf16_128x128x64_4x1x1_0_tnt_align8_2sm_epi_tma,passed,success,universal,4096,5120,5120,bf16:row,bf16:column,bf16:row,bf16:row,1,0,serial,1,1,heuristic,invalid,invalid,false,false,1,tensorop,f32,128,128,64,4,1,1,2,1,1,13,4,1,1,128,128,16,100,110,136314880,214790307840,1575,0.145037,875.317,1.48094e+06
1,CUTLASS,gemm,cutlass3x_sm100_tensorop_gemm_bf16_bf16_f32_bf16_bf16_128x128x64_4x1x1_0_tnt_align8_stream_k_2sm_epi_tma,passed,success,universal,4096,5120,5120,bf16:row,bf16:column,bf16:row,bf16:row,1,0,serial,1,1,heuristic,invalid,invalid,false,false,1,tensorop,f32,128,128,64,4,1,1,2,1,1,13,4,1,1,128,128,16,100,110,136314880,214790307840,1575,0.146704,865.369,1.46411e+06
1,CUTLASS,gemm,cutlass3x_sm100_tensorop_gemm_bf16_bf16_f32_void_bf16_128x128x64_4x1x1_0_tnt_align8_2sm_epi_tma,passed,success,universal,4096,5120,5120,bf16:row,bf16:column,void:row,bf16:row,1,0,serial,1,1,heuristic,invalid,invalid,false,false,1,tensorop,f32,128,128,64,4,1,1,2,1,1,13,4,1,1,128,128,16,100,110,94371840,214790307840,2276,0.145098,605.735,1.48032e+06
1,CUTLASS,gemm,cutlass3x_sm100_tensorop_gemm_bf16_bf16_f32_void_bf16_128x128x64_4x1x1_0_tnt_align8_stream_k_2sm_epi_tma,passed,success,universal,4096,5120,5120,bf16:row,bf16:column,void:row,bf16:row,1,0,serial,1,1,heuristic,invalid,invalid,false,false,1,tensorop,f32,128,128,64,4,1,1,2,1,1,13,4,1,1,128,128,16,100,110,94371840,214790307840,2276,0.145856,602.585,1.47262e+06
1,CUTLASS,gemm,cutlass3x_sm100_tensorop_gemm_bf16_bf16_f32_bf16_bf16_128x128x64_2x4x1_0_tnt_align8_2sm_epi_tma,passed,success,universal,4096,5120,5120,bf16:row,bf16:column,bf16:row,bf16:row,1,0,serial,1,1,heuristic,invalid,invalid,false,false,1,tensorop,f32,128,128,64,2,4,1,2,1,1,13,4,1,1,128,128,16,100,110,136314880,214790307840,1575,0.15551,816.364,1.3812e+06
1,CUTLASS,gemm,cutlass3x_sm100_tensorop_gemm_bf16_bf16_f32_bf16_bf16_128x128x64_2x4x1_0_tnt_align8_stream_k_2sm_epi_tma,passed,success,universal,4096,5120,5120,bf16:row,bf16:column,bf16:row,bf16:row,1,0,serial,1,1,heuristic,invalid,invalid,false,false,1,tensorop,f32,128,128,64,2,4,1,2,1,1,13,4,1,1,128,128,16,100,110,136314880,214790307840,1575,0.153885,824.988,1.39579e+06
1,CUTLASS,gemm,cutlass3x_sm100_tensorop_gemm_bf16_bf16_f32_void_bf16_128x128x64_2x4x1_0_tnt_align8_2sm_epi_tma,passed,success,universal,4096,5120,5120,bf16:row,bf16:column,void:row,bf16:row,1,0,serial,1,1,heuristic,invalid,invalid,false,false,1,tensorop,f32,128,128,64,2,4,1,2,1,1,13,4,1,1,128,128,16,100,110,94371840,214790307840,2276,0.154688,568.18,1.38854e+06
1,CUTLASS,gemm,cutlass3x_sm100_tensorop_gemm_bf16_bf16_f32_void_bf16_128x128x64_2x4x1_0_tnt_align8_stream_k_2sm_epi_tma,passed,success,universal,4096,5120,5120,bf16:row,bf16:column,void:row,bf16:row,1,0,serial,1,1,heuristic,invalid,invalid,false,false,1,tensorop,f32,128,128,64,2,4,1,2,1,1,13,4,1,1,128,128,16,100,110,94371840,214790307840,2276,0.152659,575.731,1.40699e+06
1,CUTLASS,gemm,cutlass3x_sm100_tensorop_gemm_bf16_bf16_f32_bf16_bf16_128x128x64_4x2x1_0_tnt_align8_2sm_epi_tma,passed,success,universal,4096,5120,5120,bf16:row,bf16:column,bf16:row,bf16:row,1,0,serial,1,1,heuristic,invalid,invalid,false,false,1,tensorop,f32,128,128,64,4,2,1,2,1,1,13,4,1,1,128,128,16,100,110,136314880,214790307840,1575,0.157046,808.38,1.36769e+06
1,CUTLASS,gemm,cutlass3x_sm100_tensorop_gemm_bf16_bf16_f32_bf16_bf16_128x128x64_4x2x1_0_tnt_align8_stream_k_2sm_epi_tma,passed,success,universal,4096,5120,5120,bf16:row,bf16:column,bf16:row,bf16:row,1,0,serial,1,1,heuristic,invalid,invalid,false,false,1,tensorop,f32,128,128,64,4,2,1,2,1,1,13,4,1,1,128,128,16,100,110,136314880,214790307840,1575,0.159405,796.42,1.34745e+06
1,CUTLASS,gemm,cutlass3x_sm100_tensorop_gemm_bf16_bf16_f32_void_bf16_128x128x64_4x2x1_0_tnt_align8_2sm_epi_tma,passed,success,universal,4096,5120,5120,bf16:row,bf16:column,void:row,bf16:row,1,0,serial,1,1,heuristic,invalid,invalid,false,false,1,tensorop,f32,128,128,64,4,2,1,2,1,1,13,4,1,1,128,128,16,100,110,94371840,214790307840,2276,0.157974,556.36,1.35965e+06
1,CUTLASS,gemm,cutlass3x_sm100_tensorop_gemm_bf16_bf16_f32_void_bf16_128x128x64_4x2x1_0_tnt_align8_stream_k_2sm_epi_tma,passed,success,universal,4096,5120,5120,bf16:row,bf16:column,void:row,bf16:row,1,0,serial,1,1,heuristic,invalid,invalid,false,false,1,tensorop,f32,128,128,64,4,2,1,2,1,1,13,4,1,1,128,128,16,100,110,94371840,214790307840,2276,0.160326,548.198,1.33971e+06
1,CUTLASS,gemm,cutlass3x_sm100_tensorop_gemm_bf16_bf16_f32_bf16_bf16_128x128x64_4x4x1_0_tnt_align8_2sm_epi_tma,passed,success,universal,4096,5120,5120,bf16:row,bf16:column,bf16:row,bf16:row,1,0,serial,1,1,heuristic,invalid,invalid,false,false,1,tensorop,f32,128,128,64,4,4,1,2,1,1,13,4,1,1,128,128,16,100,110,136314880,214790307840,1575,0.160483,791.068,1.3384e+06
1,CUTLASS,gemm,cutlass3x_sm100_tensorop_gemm_bf16_bf16_f32_bf16_bf16_128x128x64_4x4x1_0_tnt_align8_stream_k_2sm_epi_tma,passed,success,universal,4096,5120,5120,bf16:row,bf16:column,bf16:row,bf16:row,1,0,serial,1,1,heuristic,invalid,invalid,false,false,1,tensorop,f32,128,128,64,4,4,1,2,1,1,13,4,1,1,128,128,16,100,110,136314880,214790307840,1575,0.161277,787.175,1.33181e+06
1,CUTLASS,gemm,cutlass3x_sm100_tensorop_gemm_bf16_bf16_f32_void_bf16_128x128x64_4x4x1_0_tnt_align8_2sm_epi_tma,passed,success,universal,4096,5120,5120,bf16:row,bf16:column,void:row,bf16:row,1,0,serial,1,1,heuristic,invalid,invalid,false,false,1,tensorop,f32,128,128,64,4,4,1,2,1,1,13,4,1,1,128,128,16,100,110,94371840,214790307840,2276,0.161107,545.541,1.33321e+06
1,CUTLASS,gemm,cutlass3x_sm100_tensorop_gemm_bf16_bf16_f32_void_bf16_128x128x64_4x4x1_0_tnt_align8_stream_k_2sm_epi_tma,passed,success,universal,4096,5120,5120,bf16:row,bf16:column,void:row,bf16:row,1,0,serial,1,1,heuristic,invalid,invalid,false,false,1,tensorop,f32,128,128,64,4,4,1,2,1,1,13,4,1,1,128,128,16,100,110,94371840,214790307840,2276,0.161037,545.78,1.3338e+06
1,CUTLASS,gemm,cutlass3x_sm100_tensorop_gemm_bf16_bf16_f32_f32_f32_128x256x64_0x0x1_0_tnt_align8_2sm_epi_tma,passed,success,universal,4096,5120,5120,bf16:row,bf16:column,f32:row,f32:row,1,0,serial,1,1,heuristic,invalid,invalid,false,false,1,tensorop,f32,128,256,64,2,1,1,2,1,1,8,4,1,1,128,256,16,100,110,178257920,214790307840,1204,0.140154,1184.53,1.53254e+06
1,CUTLASS,gemm,cutlass3x_sm100_tensorop_gemm_bf16_bf16_f32_f32_f32_128x256x64_0x0x1_0_tnt_align8_stream_k_2sm_epi_tma,passed,success,universal,4096,5120,5120,bf16:row,bf16:column,f32:row,f32:row,1,0,serial,1,1,heuristic,invalid,invalid,false,false,1,tensorop,f32,128,256,64,2,1,1,2,1,1,8,4,1,1,128,256,16,100,110,178257920,214790307840,1204,0.145373,1142,1.47751e+06
1,CUTLASS,gemm,cutlass3x_sm100_tensorop_gemm_bf16_bf16_f32_void_f32_128x256x64_0x0x1_0_tnt_align8_2sm_epi_tma,passed,success,universal,4096,5120,5120,bf16:row,bf16:column,void:row,f32:row,1,0,serial,1,1,heuristic,invalid,invalid,false,false,1,tensorop,f32,128,256,64,2,1,1,2,1,1,8,4,1,1,128,256,16,100,110,94371840,214790307840,2276,0.141792,619.856,1.51483e+06
1,CUTLASS,gemm,cutlass3x_sm100_tensorop_gemm_bf16_bf16_f32_void_f32_128x256x64_0x0x1_0_tnt_align8_stream_k_2sm_epi_tma,passed,success,universal,4096,5120,5120,bf16:row,bf16:column,void:row,f32:row,1,0,serial,1,1,heuristic,invalid,invalid,false,false,1,tensorop,f32,128,256,64,2,1,1,2,1,1,8,4,1,1,128,256,16,100,110,94371840,214790307840,2276,0.145411,604.428,1.47712e+06
1,CUTLASS,gemm,cutlass3x_sm100_tensorop_gemm_bf16_bf16_f32_f32_f32_128x256x64_2x1x1_0_tnt_align8_2sm_epi_tma,passed,success,universal,4096,5120,5120,bf16:row,bf16:column,f32:row,f32:row,1,0,serial,1,1,heuristic,invalid,invalid,false,false,1,tensorop,f32,128,256,64,2,1,1,2,1,1,8,4,1,1,128,256,16,100,110,178257920,214790307840,1204,0.139539,1189.74,1.53928e+06
1,CUTLASS,gemm,cutlass3x_sm100_tensorop_gemm_bf16_bf16_f32_f32_f32_128x256x64_2x1x1_0_tnt_align8_stream_k_2sm_epi_tma,passed,success,universal,4096,5120,5120,bf16:row,bf16:column,f32:row,f32:row,1,0,serial,1,1,heuristic,invalid,invalid,false,false,1,tensorop,f32,128,256,64,2,1,1,2,1,1,8,4,1,1,128,256,16,100,110,178257920,214790307840,1204,0.144355,1150.05,1.48793e+06
1,CUTLASS,gemm,cutlass3x_sm100_tensorop_gemm_bf16_bf16_f32_void_f32_128x256x64_2x1x1_0_tnt_align8_2sm_epi_tma,passed,success,universal,4096,5120,5120,bf16:row,bf16:column,void:row,f32:row,1,0,serial,1,1,heuristic,invalid,invalid,false,false,1,tensorop,f32,128,256,64,2,1,1,2,1,1,8,4,1,1,128,256,16,100,110,94371840,214790307840,2276,0.142922,614.957,1.50285e+06
1,CUTLASS,gemm,cutlass3x_sm100_tensorop_gemm_bf16_bf16_f32_void_f32_128x256x64_2x1x1_0_tnt_align8_stream_k_2sm_epi_tma,passed,success,universal,4096,5120,5120,bf16:row,bf16:column,void:row,f32:row,1,0,serial,1,1,heuristic,invalid,invalid,false,false,1,tensorop,f32,128,256,64,2,1,1,2,1,1,8,4,1,1,128,256,16,100,110,94371840,214790307840,2276,0.14592,602.321,1.47197e+06
1,CUTLASS,gemm,cutlass3x_sm100_tensorop_gemm_bf16_bf16_f32_f32_f32_128x256x64_2x2x1_0_tnt_align8_2sm_epi_tma,passed,success,universal,4096,5120,5120,bf16:row,bf16:column,f32:row,f32:row,1,0,serial,1,1,heuristic,invalid,invalid,false,false,1,tensorop,f32,128,256,64,2,2,1,2,1,1,8,4,1,1,128,256,16,100,110,178257920,214790307840,1204,0.138442,1199.17,1.55149e+06
1,CUTLASS,gemm,cutlass3x_sm100_tensorop_gemm_bf16_bf16_f32_f32_f32_128x256x64_2x2x1_0_tnt_align8_stream_k_2sm_epi_tma,passed,success,universal,4096,5120,5120,bf16:row,bf16:column,f32:row,f32:row,1,0,serial,1,1,heuristic,invalid,invalid,false,false,1,tensorop,f32,128,256,64,2,2,1,2,1,1,8,4,1,1,128,256,16,100,110,178257920,214790307840,1204,0.147008,1129.3,1.46108e+06
1,CUTLASS,gemm,cutlass3x_sm100_tensorop_gemm_bf16_bf16_f32_void_f32_128x256x64_2x2x1_0_tnt_align8_2sm_epi_tma,passed,success,universal,4096,5120,5120,bf16:row,bf16:column,void:row,f32:row,1,0,serial,1,1,heuristic,invalid,invalid,false,false,1,tensorop,f32,128,256,64,2,2,1,2,1,1,8,4,1,1,128,256,16,100,110,94371840,214790307840,2276,0.139738,628.969,1.5371e+06
1,CUTLASS,gemm,cutlass3x_sm100_tensorop_gemm_bf16_bf16_f32_void_f32_128x256x64_2x2x1_0_tnt_align8_stream_k_2sm_epi_tma,passed,success,universal,4096,5120,5120,bf16:row,bf16:column,void:row,f32:row,1,0,serial,1,1,heuristic,invalid,invalid,false,false,1,tensorop,f32,128,256,64,2,2,1,2,1,1,8,4,1,1,128,256,16,100,110,94371840,214790307840,2276,0.147248,596.888,1.4587e+06
1,CUTLASS,gemm,cutlass3x_sm100_tensorop_gemm_bf16_bf16_f32_f32_f32_128x256x64_4x1x1_0_tnt_align8_2sm_epi_tma,passed,success,universal,4096,5120,5120,bf16:row,bf16:column,f32:row,f32:row,1,0,serial,1,1,heuristic,invalid,invalid,false,false,1,tensorop,f32,128,256,64,4,1,1,2,1,1,8,4,1,1,128,256,16,100,110,178257920,214790307840,1204,0.131555,1261.95,1.6327e+06
1,CUTLASS,gemm,cutlass3x_sm100_tensorop_gemm_bf16_bf16_f32_f32_f32_128x256x64_4x1x1_0_tnt_align8_stream_k_2sm_epi_tma,passed,success,universal,4096,5120,5120,bf16:row,bf16:column,f32:row,f32:row,1,0,serial,1,1,heuristic,invalid,invalid,false,false,1,tensorop,f32,128,256,64,4,1,1,2,1,1,8,4,1,1,128,256,16,100,110,178257920,214790307840,1204,0.144253,1150.87,1.48899e+06
1,CUTLASS,gemm,cutlass3x_sm100_tensorop_gemm_bf16_bf16_f32_void_f32_128x256x64_4x1x1_0_tnt_align8_2sm_epi_tma,passed,success,universal,4096,5120,5120,bf16:row,bf16:column,void:row,f32:row,1,0,serial,1,1,heuristic,invalid,invalid,false,false,1,tensorop,f32,128,256,64,4,1,1,2,1,1,8,4,1,1,128,256,16,100,110,94371840,214790307840,2276,0.133811,656.826,1.60517e+06
1,CUTLASS,gemm,cutlass3x_sm100_tensorop_gemm_bf16_bf16_f32_void_f32_128x256x64_4x1x1_0_tnt_align8_stream_k_2sm_epi_tma,passed,success,universal,4096,5120,5120,bf16:row,bf16:column,void:row,f32:row,1,0,serial,1,1,heuristic,invalid,invalid,false,false,1,tensorop,f32,128,256,64,4,1,1,2,1,1,8,4,1,1,128,256,16,100,110,94371840,214790307840,2276,0.145587,603.697,1.47534e+06
1,CUTLASS,gemm,cutlass3x_sm100_tensorop_gemm_bf16_bf16_f32_f32_f32_128x256x64_2x4x1_0_tnt_align8_2sm_epi_tma,passed,success,universal,4096,5120,5120,bf16:row,bf16:column,f32:row,f32:row,1,0,serial,1,1,heuristic,invalid,invalid,false,false,1,tensorop,f32,128,256,64,2,4,1,2,1,1,8,4,1,1,128,256,16,100,110,178257920,214790307840,1204,0.14977,1108.47,1.43414e+06
1,CUTLASS,gemm,cutlass3x_sm100_tensorop_gemm_bf16_bf16_f32_f32_f32_128x256x64_2x4x1_0_tnt_align8_stream_k_2sm_epi_tma,passed,success,universal,4096,5120,5120,bf16:row,bf16:column,f32:row,f32:row,1,0,serial,1,1,heuristic,invalid,invalid,false,false,1,tensorop,f32,128,256,64,2,4,1,2,1,1,8,4,1,1,128,256,16,100,110,178257920,214790307840,1204,0.163094,1017.91,1.31697e+06
1,CUTLASS,gemm,cutlass3x_sm100_tensorop_gemm_bf16_bf16_f32_void_f32_128x256x64_2x4x1_0_tnt_align8_2sm_epi_tma,passed,success,universal,4096,5120,5120,bf16:row,bf16:column,void:row,f32:row,1,0,serial,1,1,heuristic,invalid,invalid,false,false,1,tensorop,f32,128,256,64,2,4,1,2,1,1,8,4,1,1,128,256,16,100,110,94371840,214790307840,2276,0.152189,577.51,1.41134e+06
1,CUTLASS,gemm,cutlass3x_sm100_tensorop_gemm_bf16_bf16_f32_void_f32_128x256x64_2x4x1_0_tnt_align8_stream_k_2sm_epi_tma,passed,success,universal,4096,5120,5120,bf16:row,bf16:column,void:row,f32:row,1,0,serial,1,1,heuristic,invalid,invalid,false,false,1,tensorop,f32,128,256,64,2,4,1,2,1,1,8,4,1,1,128,256,16,100,110,94371840,214790307840,2276,0.1636,537.229,1.3129e+06
1,CUTLASS,gemm,cutlass3x_sm100_tensorop_gemm_bf16_bf16_f32_f32_f32_128x256x64_4x2x1_0_tnt_align8_2sm_epi_tma,passed,success,universal,4096,5120,5120,bf16:row,bf16:column,f32:row,f32:row,1,0,serial,1,1,heuristic,invalid,invalid,false,false,1,tensorop,f32,128,256,64,4,2,1,2,1,1,8,4,1,1,128,256,16,100,110,178257920,214790307840,1204,0.144451,1149.29,1.48694e+06
1,CUTLASS,gemm,cutlass3x_sm100_tensorop_gemm_bf16_bf16_f32_f32_f32_128x256x64_4x2x1_0_tnt_align8_stream_k_2sm_epi_tma,passed,success,universal,4096,5120,5120,bf16:row,bf16:column,f32:row,f32:row,1,0,serial,1,1,heuristic,invalid,invalid,false,false,1,tensorop,f32,128,256,64,4,2,1,2,1,1,8,4,1,1,128,256,16,100,110,178257920,214790307840,1204,0.159514,1040.76,1.34653e+06
1,CUTLASS,gemm,cutlass3x_sm100_tensorop_gemm_bf16_bf16_f32_void_f32_128x256x64_4x2x1_0_tnt_align8_2sm_epi_tma,passed,success,universal,4096,5120,5120,bf16:row,bf16:column,void:row,f32:row,1,0,serial,1,1,heuristic,invalid,invalid,false,false,1,tensorop,f32,128,256,64,4,2,1,2,1,1,8,4,1,1,128,256,16,100,110,94371840,214790307840,2276,0.147728,594.949,1.45396e+06
1,CUTLASS,gemm,cutlass3x_sm100_tensorop_gemm_bf16_bf16_f32_void_f32_128x256x64_4x2x1_0_tnt_align8_stream_k_2sm_epi_tma,passed,success,universal,4096,5120,5120,bf16:row,bf16:column,void:row,f32:row,1,0,serial,1,1,heuristic,invalid,invalid,false,false,1,tensorop,f32,128,256,64,4,2,1,2,1,1,8,4,1,1,128,256,16,100,110,94371840,214790307840,2276,0.161037,545.78,1.3338e+06
1,CUTLASS,gemm,cutlass3x_sm100_tensorop_gemm_bf16_bf16_f32_f32_f32_128x256x64_4x4x1_0_tnt_align8_2sm_epi_tma,passed,success,universal,4096,5120,5120,bf16:row,bf16:column,f32:row,f32:row,1,0,serial,1,1,heuristic,invalid,invalid,false,false,1,tensorop,f32,128,256,64,4,4,1,2,1,1,8,4,1,1,128,256,16,100,110,178257920,214790307840,1204,0.156326,1061.98,1.37399e+06
1,CUTLASS,gemm,cutlass3x_sm100_tensorop_gemm_bf16_bf16_f32_f32_f32_128x256x64_4x4x1_0_tnt_align8_stream_k_2sm_epi_tma,passed,success,universal,4096,5120,5120,bf16:row,bf16:column,f32:row,f32:row,1,0,serial,1,1,heuristic,invalid,invalid,false,false,1,tensorop,f32,128,256,64,4,4,1,2,1,1,8,4,1,1,128,256,16,100,110,178257920,214790307840,1204,0.162509,1021.58,1.32171e+06
1,CUTLASS,gemm,cutlass3x_sm100_tensorop_gemm_bf16_bf16_f32_void_f32_128x256x64_4x4x1_0_tnt_align8_2sm_epi_tma,passed,success,universal,4096,5120,5120,bf16:row,bf16:column,void:row,f32:row,1,0,serial,1,1,heuristic,invalid,invalid,false,false,1,tensorop,f32,128,256,64,4,4,1,2,1,1,8,4,1,1,128,256,16,100,110,94371840,214790307840,2276,0.160224,548.548,1.34056e+06
1,CUTLASS,gemm,cutlass3x_sm100_tensorop_gemm_bf16_bf16_f32_void_f32_128x256x64_4x4x1_0_tnt_align8_stream_k_2sm_epi_tma,passed,success,universal,4096,5120,5120,bf16:row,bf16:column,void:row,f32:row,1,0,serial,1,1,heuristic,invalid,invalid,false,false,1,tensorop,f32,128,256,64,4,4,1,2,1,1,8,4,1,1,128,256,16,100,110,94371840,214790307840,2276,0.164016,535.866,1.30957e+06
1,CUTLASS,gemm,cutlass3x_sm100_tensorop_gemm_bf16_bf16_f32_bf16_bf16_128x256x64_0x0x1_0_tnt_align8_2sm_epi_tma,passed,success,universal,4096,5120,5120,bf16:row,bf16:column,bf16:row,bf16:row,1,0,serial,1,1,heuristic,invalid,invalid,false,false,1,tensorop,f32,128,256,64,2,1,1,2,1,1,8,4,1,1,128,256,16,100,110,136314880,214790307840,1575,0.134211,945.921,1.60039e+06
1,CUTLASS,gemm,cutlass3x_sm100_tensorop_gemm_bf16_bf16_f32_bf16_bf16_128x256x64_0x0x1_0_tnt_align8_stream_k_2sm_epi_tma,passed,success,universal,4096,5120,5120,bf16:row,bf16:column,bf16:row,bf16:row,1,0,serial,1,1,heuristic,invalid,invalid,false,false,1,tensorop,f32,128,256,64,2,1,1,2,1,1,8,4,1,1,128,256,16,100,110,136314880,214790307840,1575,0.140794,901.697,1.52557e+06
1,CUTLASS,gemm,cutlass3x_sm100_tensorop_gemm_bf16_bf16_f32_void_bf16_128x256x64_0x0x1_0_tnt_align8_2sm_epi_tma,passed,success,universal,4096,5120,5120,bf16:row,bf16:column,void:row,bf16:row,1,0,serial,1,1,heuristic,invalid,invalid,false,false,1,tensorop,f32,128,256,64,2,1,1,2,1,1,8,4,1,1,128,256,16,100,110,94371840,214790307840,2276,0.134045,655.681,1.60238e+06
1,CUTLASS,gemm,cutlass3x_sm100_tensorop_gemm_bf16_bf16_f32_void_bf16_128x256x64_0x0x1_0_tnt_align8_stream_k_2sm_epi_tma,passed,success,universal,4096,5120,5120,bf16:row,bf16:column,void:row,bf16:row,1,0,serial,1,1,heuristic,invalid,invalid,false,false,1,tensorop,f32,128,256,64,2,1,1,2,1,1,8,4,1,1,128,256,16,100,110,94371840,214790307840,2276,0.137594,638.77,1.56105e+06
1,CUTLASS,gemm,cutlass3x_sm100_tensorop_gemm_bf16_bf16_f32_bf16_bf16_128x256x64_2x1x1_0_tnt_align8_2sm_epi_tma,passed,success,universal,4096,5120,5120,bf16:row,bf16:column,bf16:row,bf16:row,1,0,serial,1,1,heuristic,invalid,invalid,false,false,1,tensorop,f32,128,256,64,2,1,1,2,1,1,8,4,1,1,128,256,16,100,110,136314880,214790307840,1575,0.134013,947.321,1.60276e+06
1,CUTLASS,gemm,cutlass3x_sm100_tensorop_gemm_bf16_bf16_f32_bf16_bf16_128x256x64_2x1x1_0_tnt_align8_stream_k_2sm_epi_tma,passed,success,universal,4096,5120,5120,bf16:row,bf16:column,bf16:row,bf16:row,1,0,serial,1,1,heuristic,invalid,invalid,false,false,1,tensorop,f32,128,256,64,2,1,1,2,1,1,8,4,1,1,128,256,16,100,110,136314880,214790307840,1575,0.138314,917.864,1.55292e+06
1,CUTLASS,gemm,cutlass3x_sm100_tensorop_gemm_bf16_bf16_f32_void_bf16_128x256x64_2x1x1_0_tnt_align8_2sm_epi_tma,passed,success,universal,4096,5120,5120,bf16:row,bf16:column,void:row,bf16:row,1,0,serial,1,1,heuristic,invalid,invalid,false,false,1,tensorop,f32,128,256,64,2,1,1,2,1,1,8,4,1,1,128,256,16,100,110,94371840,214790307840,2276,0.13513,650.417,1.58951e+06
1,CUTLASS,gemm,cutlass3x_sm100_tensorop_gemm_bf16_bf16_f32_void_bf16_128x256x64_2x1x1_0_tnt_align8_stream_k_2sm_epi_tma,passed,success,universal,4096,5120,5120,bf16:row,bf16:column,void:row,bf16:row,1,0,serial,1,1,heuristic,invalid,invalid,false,false,1,tensorop,f32,128,256,64,2,1,1,2,1,1,8,4,1,1,128,256,16,100,110,94371840,214790307840,2276,0.137933,637.199,1.55721e+06
1,CUTLASS,gemm,cutlass3x_sm100_tensorop_gemm_bf16_bf16_f32_bf16_bf16_128x256x64_2x2x1_0_tnt_align8_2sm_epi_tma,passed,success,universal,4096,5120,5120,bf16:row,bf16:column,bf16:row,bf16:row,1,0,serial,1,1,heuristic,invalid,invalid,false,false,1,tensorop,f32,128,256,64,2,2,1,2,1,1,8,4,1,1,128,256,16,100,110,136314880,214790307840,1575,0.132579,957.564,1.62009e+06
1,CUTLASS,gemm,cutlass3x_sm100_tensorop_gemm_bf16_bf16_f32_bf16_bf16_128x256x64_2x2x1_0_tnt_align8_stream_k_2sm_epi_tma,passed,success,universal,4096,5120,5120,bf16:row,bf16:column,bf16:row,bf16:row,1,0,serial,1,1,heuristic,invalid,invalid,false,false,1,tensorop,f32,128,256,64,2,2,1,2,1,1,8,4,1,1,128,256,16,100,110,136314880,214790307840,1575,0.140259,905.132,1.53138e+06
1,CUTLASS,gemm,cutlass3x_sm100_tensorop_gemm_bf16_bf16_f32_void_bf16_128x256x64_2x2x1_0_tnt_align8_2sm_epi_tma,passed,success,universal,4096,5120,5120,bf16:row,bf16:column,void:row,bf16:row,1,0,serial,1,1,heuristic,invalid,invalid,false,false,1,tensorop,f32,128,256,64,2,2,1,2,1,1,8,4,1,1,128,256,16,100,110,94371840,214790307840,2276,0.132982,660.919,1.61518e+06
1,CUTLASS,gemm,cutlass3x_sm100_tensorop_gemm_bf16_bf16_f32_void_bf16_128x256x64_2x2x1_0_tnt_align8_stream_k_2sm_epi_tma,passed,success,universal,4096,5120,5120,bf16:row,bf16:column,void:row,bf16:row,1,0,serial,1,1,heuristic,invalid,invalid,false,false,1,tensorop,f32,128,256,64,2,2,1,2,1,1,8,4,1,1,128,256,16,100,110,94371840,214790307840,2276,0.139667,629.286,1.53787e+06
1,CUTLASS,gemm,cutlass3x_sm100_tensorop_gemm_bf16_bf16_f32_bf16_bf16_128x256x64_4x1x1_0_tnt_align8_2sm_epi_tma,passed,success,universal,4096,5120,5120,bf16:row,bf16:column,bf16:row,bf16:row,1,0,serial,1,1,heuristic,invalid,invalid,false,false,1,tensorop,f32,128,256,64,4,1,1,2,1,1,8,4,1,1,128,256,16,100,110,136314880,214790307840,1575,0.128531,987.722,1.67111e+06
1,CUTLASS,gemm,cutlass3x_sm100_tensorop_gemm_bf16_bf16_f32_bf16_bf16_128x256x64_4x1x1_0_tnt_align8_stream_k_2sm_epi_tma,passed,success,universal,4096,5120,5120,bf16:row,bf16:column,bf16:row,bf16:row,1,0,serial,1,1,heuristic,invalid,invalid,false,false,1,tensorop,f32,128,256,64,4,1,1,2,1,1,8,4,1,1,128,256,16,100,110,136314880,214790307840,1575,0.138509,916.571,1.55073e+06
1,CUTLASS,gemm,cutlass3x_sm100_tensorop_gemm_bf16_bf16_f32_void_bf16_128x256x64_4x1x1_0_tnt_align8_2sm_epi_tma,passed,success,universal,4096,5120,5120,bf16:row,bf16:column,void:row,bf16:row,1,0,serial,1,1,heuristic,invalid,invalid,false,false,1,tensorop,f32,128,256,64,4,1,1,2,1,1,8,4,1,1,128,256,16,100,110,94371840,214790307840,2276,0.129056,681.027,1.66432e+06
1,CUTLASS,gemm,cutlass3x_sm100_tensorop_gemm_bf16_bf16_f32_void_bf16_128x256x64_4x1x1_0_tnt_align8_stream_k_2sm_epi_tma,passed,success,universal,4096,5120,5120,bf16:row,bf16:column,void:row,bf16:row,1,0,serial,1,1,heuristic,invalid,invalid,false,false,1,tensorop,f32,128,256,64,4,1,1,2,1,1,8,4,1,1,128,256,16,100,110,94371840,214790307840,2276,0.13695,641.77,1.56838e+06
1,CUTLASS,gemm,cutlass3x_sm100_tensorop_gemm_bf16_bf16_f32_bf16_bf16_128x256x64_2x4x1_0_tnt_align8_2sm_epi_tma,passed,success,universal,4096,5120,5120,bf16:row,bf16:column,bf16:row,bf16:row,1,0,serial,1,1,heuristic,invalid,invalid,false,false,1,tensorop,f32,128,256,64,2,4,1,2,1,1,8,4,1,1,128,256,16,100,110,136314880,214790307840,1575,0.141827,895.125,1.51445e+06
1,CUTLASS,gemm,cutlass3x_sm100_tensorop_gemm_bf16_bf16_f32_bf16_bf16_128x256x64_2x4x1_0_tnt_align8_stream_k_2sm_epi_tma,passed,success,universal,4096,5120,5120,bf16:row,bf16:column,bf16:row,bf16:row,1,0,serial,1,1,heuristic,invalid,invalid,false,false,1,tensorop,f32,128,256,64,2,4,1,2,1,1,8,4,1,1,128,256,16,100,110,136314880,214790307840,1575,0.155536,816.23,1.38097e+06
1,CUTLASS,gemm,cutlass3x_sm100_tensorop_gemm_bf16_bf16_f32_void_bf16_128x256x64_2x4x1_0_tnt_align8_2sm_epi_tma,passed,success,universal,4096,5120,5120,bf16:row,bf16:column,void:row,bf16:row,1,0,serial,1,1,heuristic,invalid,invalid,false,false,1,tensorop,f32,128,256,64,2,4,1,2,1,1,8,4,1,1,128,256,16,100,110,94371840,214790307840,2276,0.142944,614.861,1.50262e+06
1,CUTLASS,gemm,cutlass3x_sm100_tensorop_gemm_bf16_bf16_f32_void_bf16_128x256x64_2x4x1_0_tnt_align8_stream_k_2sm_epi_tma,passed,success,universal,4096,5120,5120,bf16:row,bf16:column,void:row,bf16:row,1,0,serial,1,1,heuristic,invalid,invalid,false,false,1,tensorop,f32,128,256,64,2,4,1,2,1,1,8,4,1,1,128,256,16,100,110,94371840,214790307840,2276,0.153872,571.193,1.3959e+06
1,CUTLASS,gemm,cutlass3x_sm100_tensorop_gemm_bf16_bf16_f32_bf16_bf16_128x256x64_4x2x1_0_tnt_align8_2sm_epi_tma,passed,success,universal,4096,5120,5120,bf16:row,bf16:column,bf16:row,bf16:row,1,0,serial,1,1,heuristic,invalid,invalid,false,false,1,tensorop,f32,128,256,64,4,2,1,2,1,1,8,4,1,1,128,256,16,100,110,136314880,214790307840,1575,0.137802,921.275,1.55869e+06
1,CUTLASS,gemm,cutlass3x_sm100_tensorop_gemm_bf16_bf16_f32_bf16_bf16_128x256x64_4x2x1_0_tnt_align8_stream_k_2sm_epi_tma,passed,success,universal,4096,5120,5120,bf16:row,bf16:column,bf16:row,bf16:row,1,0,serial,1,1,heuristic,invalid,invalid,false,false,1,tensorop,f32,128,256,64,4,2,1,2,1,1,8,4,1,1,128,256,16,100,110,136314880,214790307840,1575,0.15465,820.908,1.38888e+06
1,CUTLASS,gemm,cutlass3x_sm100_tensorop_gemm_bf16_bf16_f32_void_bf16_128x256x64_4x2x1_0_tnt_align8_2sm_epi_tma,passed,success,universal,4096,5120,5120,bf16:row,bf16:column,void:row,bf16:row,1,0,serial,1,1,heuristic,invalid,invalid,false,false,1,tensorop,f32,128,256,64,4,2,1,2,1,1,8,4,1,1,128,256,16,100,110,94371840,214790307840,2276,0.13929,630.992,1.54204e+06
1,CUTLASS,gemm,cutlass3x_sm100_tensorop_gemm_bf16_bf16_f32_void_bf16_128x256x64_4x2x1_0_tnt_align8_stream_k_2sm_epi_tma,passed,success,universal,4096,5120,5120,bf16:row,bf16:column,void:row,bf16:row,1,0,serial,1,1,heuristic,invalid,invalid,false,false,1,tensorop,f32,128,256,64,4,2,1,2,1,1,8,4,1,1,128,256,16,100,110,94371840,214790307840,2276,0.151958,578.386,1.41348e+06
1,CUTLASS,gemm,cutlass3x_sm100_tensorop_gemm_bf16_bf16_f32_bf16_bf16_128x256x64_4x4x1_0_tnt_align8_2sm_epi_tma,passed,success,universal,4096,5120,5120,bf16:row,bf16:column,bf16:row,bf16:row,1,0,serial,1,1,heuristic,invalid,invalid,false,false,1,tensorop,f32,128,256,64,4,4,1,2,1,1,8,4,1,1,128,256,16,100,110,136314880,214790307840,1575,0.148752,853.455,1.44395e+06
1,CUTLASS,gemm,cutlass3x_sm100_tensorop_gemm_bf16_bf16_f32_bf16_bf16_128x256x64_4x4x1_0_tnt_align8_stream_k_2sm_epi_tma,passed,success,universal,4096,5120,5120,bf16:row,bf16:column,bf16:row,bf16:row,1,0,serial,1,1,heuristic,invalid,invalid,false,false,1,tensorop,f32,128,256,64,4,4,1,2,1,1,8,4,1,1,128,256,16,100,110,136314880,214790307840,1575,0.156365,811.903,1.37365e+06
1,CUTLASS,gemm,cutlass3x_sm100_tensorop_gemm_bf16_bf16_f32_void_bf16_128x256x64_4x4x1_0_tnt_align8_2sm_epi_tma,passed,success,universal,4096,5120,5120,bf16:row,bf16:column,void:row,bf16:row,1,0,serial,1,1,heuristic,invalid,invalid,false,false,1,tensorop,f32,128,256,64,4,4,1,2,1,1,8,4,1,1,128,256,16,100,110,94371840,214790307840,2276,0.151158,581.447,1.42096e+06
1,CUTLASS,gemm,cutlass3x_sm100_tensorop_gemm_bf16_bf16_f32_void_bf16_128x256x64_4x4x1_0_tnt_align8_stream_k_2sm_epi_tma,passed,success,universal,4096,5120,5120,bf16:row,bf16:column,void:row,bf16:row,1,0,serial,1,1,heuristic,invalid,invalid,false,false,1,tensorop,f32,128,256,64,4,4,1,2,1,1,8,4,1,1,128,256,16,100,110,94371840,214790307840,2276,0.154429,569.134,1.39087e+06
1,CUTLASS,gemm,cutlass3x_sm100_tensorop_gemm_bf16_bf16_f32_f32_f32_256x128x64_0x0x1_0_tnt_align8_2sm,passed,success,universal,4096,5120,5120,bf16:row,bf16:column,f32:row,f32:row,1,0,serial,1,1,heuristic,invalid,invalid,false,false,1,tensorop,f32,256,128,64,2,1,1,2,1,1,8,4,1,1,256,128,16,100,110,178257920,214790307840,1204,0.133238,1246,1.61208e+06
1,CUTLASS,gemm,cutlass3x_sm100_tensorop_gemm_bf16_bf16_f32_f32_f32_256x128x64_0x0x1_0_tnt_align8_stream_k_2sm,passed,success,universal,4096,5120,5120,bf16:row,bf16:column,f32:row,f32:row,1,0,serial,1,1,heuristic,invalid,invalid,false,false,1,tensorop,f32,256,128,64,2,1,1,2,1,1,8,4,1,1,256,128,16,100,110,178257920,214790307840,1204,0.140694,1179.97,1.52664e+06
1,CUTLASS,gemm,cutlass3x_sm100_tensorop_gemm_bf16_bf16_f32_void_f32_256x128x64_0x0x1_0_tnt_align8_2sm,passed,success,universal,4096,5120,5120,bf16:row,bf16:column,void:row,f32:row,1,0,serial,1,1,heuristic,invalid,invalid,false,false,1,tensorop,f32,256,128,64,2,1,1,2,1,1,8,4,1,1,256,128,16,100,110,94371840,214790307840,2276,0.134816,651.93,1.59321e+06
1,CUTLASS,gemm,cutlass3x_sm100_tensorop_gemm_bf16_bf16_f32_void_f32_256x128x64_0x0x1_0_tnt_align8_stream_k_2sm,passed,success,universal,4096,5120,5120,bf16:row,bf16:column,void:row,f32:row,1,0,serial,1,1,heuristic,invalid,invalid,false,false,1,tensorop,f32,256,128,64,2,1,1,2,1,1,8,4,1,1,256,128,16,100,110,94371840,214790307840,2276,0.139286,631.007,1.54208e+06
1,CUTLASS,gemm,cutlass3x_sm100_tensorop_gemm_bf16_bf16_f32_f32_f32_256x128x64_2x1x1_0_tnt_align8_2sm,passed,success,universal,4096,5120,5120,bf16:row,bf16:column,f32:row,f32:row,1,0,serial,1,1,heuristic,invalid,invalid,false,false,1,tensorop,f32,256,128,64,2,1,1,2,1,1,8,4,1,1,256,128,16,100,110,178257920,214790307840,1204,0.133923,1239.63,1.60383e+06
1,CUTLASS,gemm,cutlass3x_sm100_tensorop_gemm_bf16_bf16_f32_f32_f32_256x128x64_2x1x1_0_tnt_align8_stream_k_2sm,passed,success,universal,4096,5120,5120,bf16:row,bf16:column,f32:row,f32:row,1,0,serial,1,1,heuristic,invalid,invalid,false,false,1,tensorop,f32,256,128,64,2,1,1,2,1,1,8,4,1,1,256,128,16,100,110,178257920,214790307840,1204,0.140266,1183.58,1.53131e+06
1,CUTLASS,gemm,cutlass3x_sm100_tensorop_gemm_bf16_bf16_f32_void_f32_256x128x64_2x1x1_0_tnt_align8_2sm,passed,success,universal,4096,5120,5120,bf16:row,bf16:column,void:row,f32:row,1,0,serial,1,1,heuristic,invalid,invalid,false,false,1,tensorop,f32,256,128,64,2,1,1,2,1,1,8,4,1,1,256,128,16,100,110,94371840,214790307840,2276,0.13537,649.264,1.5867e+06
1,CUTLASS,gemm,cutlass3x_sm100_tensorop_gemm_bf16_bf16_f32_void_f32_256x128x64_2x1x1_0_tnt_align8_stream_k_2sm,passed,success,universal,4096,5120,5120,bf16:row,bf16:column,void:row,f32:row,1,0,serial,1,1,heuristic,invalid,invalid,false,false,1,tensorop,f32,256,128,64,2,1,1,2,1,1,8,4,1,1,256,128,16,100,110,94371840,214790307840,2276,0.139363,630.659,1.54123e+06
1,CUTLASS,gemm,cutlass3x_sm100_tensorop_gemm_bf16_bf16_f32_f32_f32_256x128x64_2x2x1_0_tnt_align8_2sm,passed,success,universal,4096,5120,5120,bf16:row,bf16:column,f32:row,f32:row,1,0,serial,1,1,heuristic,invalid,invalid,false,false,1,tensorop,f32,256,128,64,2,2,1,2,1,1,8,4,1,1,256,128,16,100,110,178257920,214790307840,1204,0.130598,1271.19,1.64466e+06
1,CUTLASS,gemm,cutlass3x_sm100_tensorop_gemm_bf16_bf16_f32_f32_f32_256x128x64_2x2x1_0_tnt_align8_stream_k_2sm,passed,success,universal,4096,5120,5120,bf16:row,bf16:column,f32:row,f32:row,1,0,serial,1,1,heuristic,invalid,invalid,false,false,1,tensorop,f32,256,128,64,2,2,1,2,1,1,8,4,1,1,256,128,16,100,110,178257920,214790307840,1204,0.139574,1189.44,1.53889e+06
1,CUTLASS,gemm,cutlass3x_sm100_tensorop_gemm_bf16_bf16_f32_void_f32_256x128x64_2x2x1_0_tnt_align8_2sm,passed,success,universal,4096,5120,5120,bf16:row,bf16:column,void:row,f32:row,1,0,serial,1,1,heuristic,invalid,invalid,false,false,1,tensorop,f32,256,128,64,2,2,1,2,1,1,8,4,1,1,256,128,16,100,110,94371840,214790307840,2276,0.132579,662.929,1.62009e+06
1,CUTLASS,gemm,cutlass3x_sm100_tensorop_gemm_bf16_bf16_f32_void_f32_256x128x64_2x2x1_0_tnt_align8_stream_k_2sm,passed,success,universal,4096,5120,5120,bf16:row,bf16:column,void:row,f32:row,1,0,serial,1,1,heuristic,invalid,invalid,false,false,1,tensorop,f32,256,128,64,2,2,1,2,1,1,8,4,1,1,256,128,16,100,110,94371840,214790307840,2276,0.141072,623.02,1.52256e+06
1,CUTLASS,gemm,cutlass3x_sm100_tensorop_gemm_bf16_bf16_f32_f32_f32_256x128x64_4x1x1_0_tnt_align8_2sm,passed,success,universal,4096,5120,5120,bf16:row,bf16:column,f32:row,f32:row,1,0,serial,1,1,heuristic,invalid,invalid,false,false,1,tensorop,f32,256,128,64,4,1,1,2,1,1,8,4,1,1,256,128,16,100,110,178257920,214790307840,1204,0.133565,1242.96,1.60814e+06
1,CUTLASS,gemm,cutlass3x_sm100_tensorop_gemm_bf16_bf16_f32_f32_f32_256x128x64_4x1x1_0_tnt_align8_stream_k_2sm,passed,success,universal,4096,5120,5120,bf16:row,bf16:column,f32:row,f32:row,1,0,serial,1,1,heuristic,invalid,invalid,false,false,1,tensorop,f32,256,128,64,4,1,1,2,1,1,8,4,1,1,256,128,16,100,110,178257920,214790307840,1204,0.143373,1157.93,1.49812e+06
1,CUTLASS,gemm,cutlass3x_sm100_tensorop_gemm_bf16_bf16_f32_void_f32_256x128x64_4x1x1_0_tnt_align8_2sm,passed,success,universal,4096,5120,5120,bf16:row,bf16:column,void:row,f32:row,1,0,serial,1,1,heuristic,invalid,invalid,false,false,1,tensorop,f32,256,128,64,4,1,1,2,1,1,8,4,1,1,256,128,16,100,110,94371840,214790307840,2276,0.135738,647.504,1.58239e+06
1,CUTLASS,gemm,cutlass3x_sm100_tensorop_gemm_bf16_bf16_f32_void_f32_256x128x64_4x1x1_0_tnt_align8_stream_k_2sm,passed,success,universal,4096,5120,5120,bf16:row,bf16:column,void:row,f32:row,1,0,serial,1,1,heuristic,invalid,invalid,false,false,1,tensorop,f32,256,128,64,4,1,1,2,1,1,8,4,1,1,256,128,16,100,110,94371840,214790307840,2276,0.143331,613.2,1.49856e+06
1,CUTLASS,gemm,cutlass3x_sm100_tensorop_gemm_bf16_bf16_f32_f32_f32_256x128x64_2x4x1_0_tnt_align8_2sm,passed,success,universal,4096,5120,5120,bf16:row,bf16:column,f32:row,f32:row,1,0,serial,1,1,heuristic,invalid,invalid,false,false,1,tensorop,f32,256,128,64,2,4,1,2,1,1,8,4,1,1,256,128,16,100,110,178257920,214790307840,1204,0.144966,1145.2,1.48166e+06
1,CUTLASS,gemm,cutlass3x_sm100_tensorop_gemm_bf16_bf16_f32_f32_f32_256x128x64_2x4x1_0_tnt_align8_stream_k_2sm,passed,success,universal,4096,5120,5120,bf16:row,bf16:column,f32:row,f32:row,1,0,serial,1,1,heuristic,invalid,invalid,false,false,1,tensorop,f32,256,128,64,2,4,1,2,1,1,8,4,1,1,256,128,16,100,110,178257920,214790307840,1204,0.155213,1069.6,1.38384e+06
1,CUTLASS,gemm,cutlass3x_sm100_tensorop_gemm_bf16_bf16_f32_void_f32_256x128x64_2x4x1_0_tnt_align8_2sm,passed,success,universal,4096,5120,5120,bf16:row,bf16:column,void:row,f32:row,1,0,serial,1,1,heuristic,invalid,invalid,false,false,1,tensorop,f32,256,128,64,2,4,1,2,1,1,8,4,1,1,256,128,16,100,110,94371840,214790307840,2276,0.147315,596.616,1.45803e+06
1,CUTLASS,gemm,cutlass3x_sm100_tensorop_gemm_bf16_bf16_f32_void_f32_256x128x64_2x4x1_0_tnt_align8_stream_k_2sm,passed,success,universal,4096,5120,5120,bf16:row,bf16:column,void:row,f32:row,1,0,serial,1,1,heuristic,invalid,invalid,false,false,1,tensorop,f32,256,128,64,2,4,1,2,1,1,8,4,1,1,256,128,16,100,110,94371840,214790307840,2276,0.157315,558.691,1.36535e+06
1,CUTLASS,gemm,cutlass3x_sm100_tensorop_gemm_bf16_bf16_f32_f32_f32_256x128x64_4x2x1_0_tnt_align8_2sm,passed,success,universal,4096,5120,5120,bf16:row,bf16:column,f32:row,f32:row,1,0,serial,1,1,heuristic,invalid,invalid,false,false,1,tensorop,f32,256,128,64,4,2,1,2,1,1,8,4,1,1,256,128,16,100,110,178257920,214790307840,1204,0.14527,1142.8,1.47856e+06
1,CUTLASS,gemm,cutlass3x_sm100_tensorop_gemm_bf16_bf16_f32_f32_f32_256x128x64_4x2x1_0_tnt_align8_stream_k_2sm,passed,success,universal,4096,5120,5120,bf16:row,bf16:column,f32:row,f32:row,1,0,serial,1,1,heuristic,invalid,invalid,false,false,1,tensorop,f32,256,128,64,4,2,1,2,1,1,8,4,1,1,256,128,16,100,110,178257920,214790307840,1204,0.157286,1055.5,1.3656e+06
1,CUTLASS,gemm,cutlass3x_sm100_tensorop_gemm_bf16_bf16_f32_void_f32_256x128x64_4x2x1_0_tnt_align8_2sm,passed,success,universal,4096,5120,5120,bf16:row,bf16:column,void:row,f32:row,1,0,serial,1,1,heuristic,invalid,invalid,false,false,1,tensorop,f32,256,128,64,4,2,1,2,1,1,8,4,1,1,256,128,16,100,110,94371840,214790307840,2276,0.148109,593.419,1.45022e+06
1,CUTLASS,gemm,cutlass3x_sm100_tensorop_gemm_bf16_bf16_f32_void_f32_256x128x64_4x2x1_0_tnt_align8_stream_k_2sm,passed,success,universal,4096,5120,5120,bf16:row,bf16:column,void:row,f32:row,1,0,serial,1,1,heuristic,invalid,invalid,false,false,1,tensorop,f32,256,128,64,4,2,1,2,1,1,8,4,1,1,256,128,16,100,110,94371840,214790307840,2276,0.159901,549.657,1.34327e+06
1,CUTLASS,gemm,cutlass3x_sm100_tensorop_gemm_bf16_bf16_f32_f32_f32_256x128x64_4x4x1_0_tnt_align8_2sm,passed,success,universal,4096,5120,5120,bf16:row,bf16:column,f32:row,f32:row,1,0,serial,1,1,heuristic,invalid,invalid,false,false,1,tensorop,f32,256,128,64,4,4,1,2,1,1,8,4,1,1,256,128,16,100,110,178257920,214790307840,1204,0.153261,1083.22,1.40147e+06
1,CUTLASS,gemm,cutlass3x_sm100_tensorop_gemm_bf16_bf16_f32_f32_f32_256x128x64_4x4x1_0_tnt_align8_stream_k_2sm,passed,success,universal,4096,5120,5120,bf16:row,bf16:column,f32:row,f32:row,1,0,serial,1,1,heuristic,invalid,invalid,false,false,1,tensorop,f32,256,128,64,4,4,1,2,1,1,8,4,1,1,256,128,16,100,110,178257920,214790307840,1204,0.15984,1038.64,1.34378e+06
1,CUTLASS,gemm,cutlass3x_sm100_tensorop_gemm_bf16_bf16_f32_void_f32_256x128x64_4x4x1_0_tnt_align8_2sm,passed,success,universal,4096,5120,5120,bf16:row,bf16:column,void:row,f32:row,1,0,serial,1,1,heuristic,invalid,invalid,false,false,1,tensorop,f32,256,128,64,4,4,1,2,1,1,8,4,1,1,256,128,16,100,110,94371840,214790307840,2276,0.157456,558.192,1.36413e+06
1,CUTLASS,gemm,cutlass3x_sm100_tensorop_gemm_bf16_bf16_f32_void_f32_256x128x64_4x4x1_0_tnt_align8_stream_k_2sm,passed,success,universal,4096,5120,5120,bf16:row,bf16:column,void:row,f32:row,1,0,serial,1,1,heuristic,invalid,invalid,false,false,1,tensorop,f32,256,128,64,4,4,1,2,1,1,8,4,1,1,256,128,16,100,110,94371840,214790307840,2276,0.163498,537.565,1.31372e+06
1,CUTLASS,gemm,cutlass3x_sm100_tensorop_gemm_bf16_bf16_f32_bf16_bf16_256x128x64_0x0x1_0_tnt_align8_2sm,passed,success,universal,4096,5120,5120,bf16:row,bf16:column,bf16:row,bf16:row,1,0,serial,1,1,heuristic,invalid,invalid,false,false,1,tensorop,f32,256,128,64,2,1,1,2,1,1,8,4,1,1,256,128,16,100,110,136314880,214790307840,1575,0.128678,986.592,1.6692e+06
1,CUTLASS,gemm,cutlass3x_sm100_tensorop_gemm_bf16_bf16_f32_bf16_bf16_256x128x64_0x0x1_0_tnt_align8_stream_k_2sm,passed,success,universal,4096,5120,5120,bf16:row,bf16:column,bf16:row,bf16:row,1,0,serial,1,1,heuristic,invalid,invalid,false,false,1,tensorop,f32,256,128,64,2,1,1,2,1,1,8,4,1,1,256,128,16,100,110,136314880,214790307840,1575,0.136266,931.659,1.57626e+06
1,CUTLASS,gemm,cutlass3x_sm100_tensorop_gemm_bf16_bf16_f32_void_bf16_256x128x64_0x0x1_0_tnt_align8_2sm,passed,success,universal,4096,5120,5120,bf16:row,bf16:column,void:row,bf16:row,1,0,serial,1,1,heuristic,invalid,invalid,false,false,1,tensorop,f32,256,128,64,2,1,1,2,1,1,8,4,1,1,256,128,16,100,110,94371840,214790307840,2276,0.128067,686.285,1.67717e+06
1,CUTLASS,gemm,cutlass3x_sm100_tensorop_gemm_bf16_bf16_f32_void_bf16_256x128x64_0x0x1_0_tnt_align8_stream_k_2sm,passed,success,universal,4096,5120,5120,bf16:row,bf16:column,void:row,bf16:row,1,0,serial,1,1,heuristic,invalid,invalid,false,false,1,tensorop,f32,256,128,64,2,1,1,2,1,1,8,4,1,1,256,128,16,100,110,94371840,214790307840,2276,0.132509,663.281,1.62095e+06
1,CUTLASS,gemm,cutlass3x_sm100_tensorop_gemm_bf16_bf16_f32_bf16_bf16_256x128x64_2x1x1_0_tnt_align8_2sm,passed,success,universal,4096,5120,5120,bf16:row,bf16:column,bf16:row,bf16:row,1,0,serial,1,1,heuristic,invalid,invalid,false,false,1,tensorop,f32,256,128,64,2,1,1,2,1,1,8,4,1,1,256,128,16,100,110,136314880,214790307840,1575,0.128608,987.132,1.67012e+06
1,CUTLASS,gemm,cutlass3x_sm100_tensorop_gemm_bf16_bf16_f32_bf16_bf16_256x128x64_2x1x1_0_tnt_align8_stream_k_2sm,passed,success,universal,4096,5120,5120,bf16:row,bf16:column,bf16:row,bf16:row,1,0,serial,1,1,heuristic,invalid,invalid,false,false,1,tensorop,f32,256,128,64,2,1,1,2,1,1,8,4,1,1,256,128,16,100,110,136314880,214790307840,1575,0.135446,937.294,1.5858e+06
1,CUTLASS,gemm,cutlass3x_sm100_tensorop_gemm_bf16_bf16_f32_void_bf16_256x128x64_2x1x1_0_tnt_align8_2sm,passed,success,universal,4096,5120,5120,bf16:row,bf16:column,void:row,bf16:row,1,0,serial,1,1,heuristic,invalid,invalid,false,false,1,tensorop,f32,256,128,64,2,1,1,2,1,1,8,4,1,1,256,128,16,100,110,94371840,214790307840,2276,0.128474,684.114,1.67186e+06
1,CUTLASS,gemm,cutlass3x_sm100_tensorop_gemm_bf16_bf16_f32_void_bf16_256x128x64_2x1x1_0_tnt_align8_stream_k_2sm,passed,success,universal,4096,5120,5120,bf16:row,bf16:column,void:row,bf16:row,1,0,serial,1,1,heuristic,invalid,invalid,false,false,1,tensorop,f32,256,128,64,2,1,1,2,1,1,8,4,1,1,256,128,16,100,110,94371840,214790307840,2276,0.134221,654.821,1.60028e+06
1,CUTLASS,gemm,cutlass3x_sm100_tensorop_gemm_bf16_bf16_f32_bf16_bf16_256x128x64_2x2x1_0_tnt_align8_2sm,passed,success,universal,4096,5120,5120,bf16:row,bf16:column,bf16:row,bf16:row,1,0,serial,1,1,heuristic,invalid,invalid,false,false,1,tensorop,f32,256,128,64,2,2,1,2,1,1,8,4,1,1,256,128,16,100,110,136314880,214790307840,1575,0.126534,1003.31,1.69749e+06
1,CUTLASS,gemm,cutlass3x_sm100_tensorop_gemm_bf16_bf16_f32_bf16_bf16_256x128x64_2x2x1_0_tnt_align8_stream_k_2sm,passed,success,universal,4096,5120,5120,bf16:row,bf16:column,bf16:row,bf16:row,1,0,serial,1,1,heuristic,invalid,invalid,false,false,1,tensorop,f32,256,128,64,2,2,1,2,1,1,8,4,1,1,256,128,16,100,110,136314880,214790307840,1575,0.134733,942.259,1.59419e+06
1,CUTLASS,gemm,cutlass3x_sm100_tensorop_gemm_bf16_bf16_f32_void_bf16_256x128x64_2x2x1_0_tnt_align8_2sm,passed,success,universal,4096,5120,5120,bf16:row,bf16:column,void:row,bf16:row,1,0,serial,1,1,heuristic,invalid,invalid,false,false,1,tensorop,f32,256,128,64,2,2,1,2,1,1,8,4,1,1,256,128,16,100,110,94371840,214790307840,2276,0.124995,703.152,1.71839e+06
1,CUTLASS,gemm,cutlass3x_sm100_tensorop_gemm_bf16_bf16_f32_void_bf16_256x128x64_2x2x1_0_tnt_align8_stream_k_2sm,passed,success,universal,4096,5120,5120,bf16:row,bf16:column,void:row,bf16:row,1,0,serial,1,1,heuristic,invalid,invalid,false,false,1,tensorop,f32,256,128,64,2,2,1,2,1,1,8,4,1,1,256,128,16,100,110,94371840,214790307840,2276,0.134045,655.681,1.60238e+06
1,CUTLASS,gemm,cutlass3x_sm100_tensorop_gemm_bf16_bf16_f32_bf16_bf16_256x128x64_4x1x1_0_tnt_align8_2sm,passed,success,universal,4096,5120,5120,bf16:row,bf16:column,bf16:row,bf16:row,1,0,serial,1,1,heuristic,invalid,invalid,false,false,1,tensorop,f32,256,128,64,4,1,1,2,1,1,8,4,1,1,256,128,16,100,110,136314880,214790307840,1575,0.130384,973.686,1.64737e+06
1,CUTLASS,gemm,cutlass3x_sm100_tensorop_gemm_bf16_bf16_f32_bf16_bf16_256x128x64_4x1x1_0_tnt_align8_stream_k_2sm,passed,success,universal,4096,5120,5120,bf16:row,bf16:column,bf16:row,bf16:row,1,0,serial,1,1,heuristic,invalid,invalid,false,false,1,tensorop,f32,256,128,64,4,1,1,2,1,1,8,4,1,1,256,128,16,100,110,136314880,214790307840,1575,0.137133,925.768,1.56629e+06
1,CUTLASS,gemm,cutlass3x_sm100_tensorop_gemm_bf16_bf16_f32_void_bf16_256x128x64_4x1x1_0_tnt_align8_2sm,passed,success,universal,4096,5120,5120,bf16:row,bf16:column,void:row,bf16:row,1,0,serial,1,1,heuristic,invalid,invalid,false,false,1,tensorop,f32,256,128,64,4,1,1,2,1,1,8,4,1,1,256,128,16,100,110,94371840,214790307840,2276,0.129965,676.265,1.65268e+06
1,CUTLASS,gemm,cutlass3x_sm100_tensorop_gemm_bf16_bf16_f32_void_bf16_256x128x64_4x1x1_0_tnt_align8_stream_k_2sm,passed,success,universal,4096,5120,5120,bf16:row,bf16:column,void:row,bf16:row,1,0,serial,1,1,heuristic,invalid,invalid,false,false,1,tensorop,f32,256,128,64,4,1,1,2,1,1,8,4,1,1,256,128,16,100,110,94371840,214790307840,2276,0.137392,639.707,1.56334e+06
1,CUTLASS,gemm,cutlass3x_sm100_tensorop_gemm_bf16_bf16_f32_bf16_bf16_256x128x64_2x4x1_0_tnt_align8_2sm,passed,success,universal,4096,5120,5120,bf16:row,bf16:column,bf16:row,bf16:row,1,0,serial,1,1,heuristic,invalid,invalid,false,false,1,tensorop,f32,256,128,64,2,4,1,2,1,1,8,4,1,1,256,128,16,100,110,136314880,214790307840,1575,0.137894,920.655,1.55764e+06
1,CUTLASS,gemm,cutlass3x_sm100_tensorop_gemm_bf16_bf16_f32_bf16_bf16_256x128x64_2x4x1_0_tnt_align8_stream_k_2sm,passed,success,universal,4096,5120,5120,bf16:row,bf16:column,bf16:row,bf16:row,1,0,serial,1,1,heuristic,invalid,invalid,false,false,1,tensorop,f32,256,128,64,2,4,1,2,1,1,8,4,1,1,256,128,16,100,110,136314880,214790307840,1575,0.150086,845.867,1.43111e+06
1,CUTLASS,gemm,cutlass3x_sm100_tensorop_gemm_bf16_bf16_f32_void_bf16_256x128x64_2x4x1_0_tnt_align8_2sm,passed,success,universal,4096,5120,5120,bf16:row,bf16:column,void:row,bf16:row,1,0,serial,1,1,heuristic,invalid,invalid,false,false,1,tensorop,f32,256,128,64,2,4,1,2,1,1,8,4,1,1,256,128,16,100,110,94371840,214790307840,2276,0.138442,634.857,1.55149e+06
1,CUTLASS,gemm,cutlass3x_sm100_tensorop_gemm_bf16_bf16_f32_void_bf16_256x128x64_2x4x1_0_tnt_align8_stream_k_2sm,passed,success,universal,4096,5120,5120,bf16:row,bf16:column,void:row,bf16:row,1,0,serial,1,1,heuristic,invalid,invalid,false,false,1,tensorop,f32,256,128,64,2,4,1,2,1,1,8,4,1,1,256,128,16,100,110,94371840,214790307840,2276,0.148989,589.914,1.44165e+06
1,CUTLASS,gemm,cutlass3x_sm100_tensorop_gemm_bf16_bf16_f32_bf16_bf16_256x128x64_4x2x1_0_tnt_align8_2sm,passed,success,universal,4096,5120,5120,bf16:row,bf16:column,bf16:row,bf16:row,1,0,serial,1,1,heuristic,invalid,invalid,false,false,1,tensorop,f32,256,128,64,4,2,1,2,1,1,8,4,1,1,256,128,16,100,110,136314880,214790307840,1575,0.140147,905.856,1.53261e+06
1,CUTLASS,gemm,cutlass3x_sm100_tensorop_gemm_bf16_bf16_f32_bf16_bf16_256x128x64_4x2x1_0_tnt_align8_stream_k_2sm,passed,success,universal,4096,5120,5120,bf16:row,bf16:column,bf16:row,bf16:row,1,0,serial,1,1,heuristic,invalid,invalid,false,false,1,tensorop,f32,256,128,64,4,2,1,2,1,1,8,4,1,1,256,128,16,100,110,136314880,214790307840,1575,0.153699,825.984,1.39747e+06
1,CUTLASS,gemm,cutlass3x_sm100_tensorop_gemm_bf16_bf16_f32_void_bf16_256x128x64_4x2x1_0_tnt_align8_2sm,passed,success,universal,4096,5120,5120,bf16:row,bf16:column,void:row,bf16:row,1,0,serial,1,1,heuristic,invalid,invalid,false,false,1,tensorop,f32,256,128,64,4,2,1,2,1,1,8,4,1,1,256,128,16,100,110,94371840,214790307840,2276,0.139949,628.02,1.53478e+06
1,CUTLASS,gemm,cutlass3x_sm100_tensorop_gemm_bf16_bf16_f32_void_bf16_256x128x64_4x2x1_0_tnt_align8_stream_k_2sm,passed,success,universal,4096,5120,5120,bf16:row,bf16:column,void:row,bf16:row,1,0,serial,1,1,heuristic,invalid,invalid,false,false,1,tensorop,f32,256,128,64,4,2,1,2,1,1,8,4,1,1,256,128,16,100,110,94371840,214790307840,2276,0.150528,583.882,1.42691e+06
1,CUTLASS,gemm,cutlass3x_sm100_tensorop_gemm_bf16_bf16_f32_bf16_bf16_256x128x64_4x4x1_0_tnt_align8_2sm,passed,success,universal,4096,5120,5120,bf16:row,bf16:column,bf16:row,bf16:row,1,0,serial,1,1,heuristic,invalid,invalid,false,false,1,tensorop,f32,256,128,64,4,4,1,2,1,1,8,4,1,1,256,128,16,100,110,136314880,214790307840,1575,0.148109,857.161,1.45022e+06
1,CUTLASS,gemm,cutlass3x_sm100_tensorop_gemm_bf16_bf16_f32_bf16_bf16_256x128x64_4x4x1_0_tnt_align8_stream_k_2sm,passed,success,universal,4096,5120,5120,bf16:row,bf16:column,bf16:row,bf16:row,1,0,serial,1,1,heuristic,invalid,invalid,false,false,1,tensorop,f32,256,128,64,4,4,1,2,1,1,8,4,1,1,256,128,16,100,110,136314880,214790307840,1575,0.154416,822.15,1.39098e+06
1,CUTLASS,gemm,cutlass3x_sm100_tensorop_gemm_bf16_bf16_f32_void_bf16_256x128x64_4x4x1_0_tnt_align8_2sm,passed,success,universal,4096,5120,5120,bf16:row,bf16:column,void:row,bf16:row,1,0,serial,1,1,heuristic,invalid,invalid,false,false,1,tensorop,f32,256,128,64,4,4,1,2,1,1,8,4,1,1,256,128,16,100,110,94371840,214790307840,2276,0.148854,590.447,1.44296e+06
1,CUTLASS,gemm,cutlass3x_sm100_tensorop_gemm_bf16_bf16_f32_void_bf16_256x128x64_4x4x1_0_tnt_align8_stream_k_2sm,passed,success,universal,4096,5120,5120,bf16:row,bf16:column,void:row,bf16:row,1,0,serial,1,1,heuristic,invalid,invalid,false,false,1,tensorop,f32,256,128,64,4,4,1,2,1,1,8,4,1,1,256,128,16,100,110,94371840,214790307840,2276,0.151837,578.849,1.41461e+06
1,CUTLASS,gemm,cutlass3x_sm100_tensorop_gemm_bf16_bf16_f32_f32_f32_256x256x64_0x0x1_0_tnt_align8_2sm,passed,success,universal,4096,5120,5120,bf16:row,bf16:column,f32:row,f32:row,1,0,serial,1,1,heuristic,invalid,invalid,false,false,1,tensorop,f32,256,256,64,2,1,1,2,1,1,5,4,1,1,256,256,16,100,110,178257920,214790307840,1204,0.138512,1198.56,1.5507e+06
1,CUTLASS,gemm,cutlass3x_sm100_tensorop_gemm_bf16_bf16_f32_f32_f32_256x256x64_0x0x1_0_tnt_align8_stream_k_2sm,passed,success,universal,4096,5120,5120,bf16:row,bf16:column,f32:row,f32:row,1,0,serial,1,1,heuristic,invalid,invalid,false,false,1,tensorop,f32,256,256,64,2,1,1,2,1,1,5,4,1,1,256,256,16,100,110,178257920,214790307840,1204,0.133427,1244.24,1.60979e+06
1,CUTLASS,gemm,cutlass3x_sm100_tensorop_gemm_bf16_bf16_f32_void_f32_256x256x64_0x0x1_0_tnt_align8_2sm,passed,success,universal,4096,5120,5120,bf16:row,bf16:column,void:row,f32:row,1,0,serial,1,1,heuristic,invalid,invalid,false,false,1,tensorop,f32,256,256,64,2,1,1,2,1,1,6,4,1,1,256,256,16,100,110,94371840,214790307840,2276,0.134806,651.977,1.59332e+06
1,CUTLASS,gemm,cutlass3x_sm100_tensorop_gemm_bf16_bf16_f32_void_f32_256x256x64_0x0x1_0_tnt_align8_stream_k_2sm,passed,success,universal,4096,5120,5120,bf16:row,bf16:column,void:row,f32:row,1,0,serial,1,1,heuristic,invalid,invalid,false,false,1,tensorop,f32,256,256,64,2,1,1,2,1,1,6,4,1,1,256,256,16,100,110,94371840,214790307840,2276,0.133325,659.222,1.61103e+06
1,CUTLASS,gemm,cutlass3x_sm100_tensorop_gemm_bf16_bf16_f32_f32_f32_256x256x64_2x1x1_0_tnt_align8_2sm,passed,success,universal,4096,5120,5120,bf16:row,bf16:column,f32:row,f32:row,1,0,serial,1,1,heuristic,invalid,invalid,false,false,1,tensorop,f32,256,256,64,2,1,1,2,1,1,5,4,1,1,256,256,16,100,110,178257920,214790307840,1204,0.137286,1209.26,1.56454e+06
1,CUTLASS,gemm,cutlass3x_sm100_tensorop_gemm_bf16_bf16_f32_f32_f32_256x256x64_2x1x1_0_tnt_align8_stream_k_2sm,passed,success,universal,4096,5120,5120,bf16:row,bf16:column,f32:row,f32:row,1,0,serial,1,1,heuristic,invalid,invalid,false,false,1,tensorop,f32,256,256,64,2,1,1,2,1,1,5,4,1,1,256,256,16,100,110,178257920,214790307840,1204,0.134109,1237.92,1.60161e+06
1,CUTLASS,gemm,cutlass3x_sm100_tensorop_gemm_bf16_bf16_f32_void_f32_256x256x64_2x1x1_0_tnt_align8_2sm,passed,success,universal,4096,5120,5120,bf16:row,bf16:column,void:row,f32:row,1,0,serial,1,1,heuristic,invalid,invalid,false,false,1,tensorop,f32,256,256,64,2,1,1,2,1,1,6,4,1,1,256,256,16,100,110,94371840,214790307840,2276,0.133984,655.978,1.6031e+06
1,CUTLASS,gemm,cutlass3x_sm100_tensorop_gemm_bf16_bf16_f32_void_f32_256x256x64_2x1x1_0_tnt_align8_stream_k_2sm,passed,success,universal,4096,5120,5120,bf16:row,bf16:column,void:row,f32:row,1,0,serial,1,1,heuristic,invalid,invalid,false,false,1,tensorop,f32,256,256,64,2,1,1,2,1,1,6,4,1,1,256,256,16,100,110,94371840,214790307840,2276,0.132582,662.913,1.62005e+06
1,CUTLASS,gemm,cutlass3x_sm100_tensorop_gemm_bf16_bf16_f32_f32_f32_256x256x64_2x2x1_0_tnt_align8_2sm,passed,success,universal,4096,5120,5120,bf16:row,bf16:column,f32:row,f32:row,1,0,serial,1,1,heuristic,invalid,invalid,false,false,1,tensorop,f32,256,256,64,2,2,1,2,1,1,5,4,1,1,256,256,16,100,110,178257920,214790307840,1204,0.137853,1204.3,1.55811e+06
1,CUTLASS,gemm,cutlass3x_sm100_tensorop_gemm_bf16_bf16_f32_f32_f32_256x256x64_2x2x1_0_tnt_align8_stream_k_2sm,passed,success,universal,4096,5120,5120,bf16:row,bf16:column,f32:row,f32:row,1,0,serial,1,1,heuristic,invalid,invalid,false,false,1,tensorop,f32,256,256,64,2,2,1,2,1,1,5,4,1,1,256,256,16,100,110,178257920,214790307840,1204,0.150419,1103.69,1.42794e+06
1,CUTLASS,gemm,cutlass3x_sm100_tensorop_gemm_bf16_bf16_f32_void_f32_256x256x64_2x2x1_0_tnt_align8_2sm,passed,success,universal,4096,5120,5120,bf16:row,bf16:column,void:row,f32:row,1,0,serial,1,1,heuristic,invalid,invalid,false,false,1,tensorop,f32,256,256,64,2,2,1,2,1,1,6,4,1,1,256,256,16,100,110,94371840,214790307840,2276,0.133808,656.841,1.60521e+06
1,CUTLASS,gemm,cutlass3x_sm100_tensorop_gemm_bf16_bf16_f32_void_f32_256x256x64_2x2x1_0_tnt_align8_stream_k_2sm,passed,success,universal,4096,5120,5120,bf16:row,bf16:column,void:row,f32:row,1,0,serial,1,1,heuristic,invalid,invalid,false,false,1,tensorop,f32,256,256,64,2,2,1,2,1,1,6,4,1,1,256,256,16,100,110,94371840,214790307840,2276,0.145712,603.18,1.47407e+06
1,CUTLASS,gemm,cutlass3x_sm100_tensorop_gemm_bf16_bf16_f32_f32_f32_256x256x64_4x1x1_0_tnt_align8_2sm,passed,success,universal,4096,5120,5120,bf16:row,bf16:column,f32:row,f32:row,1,0,serial,1,1,heuristic,invalid,invalid,false,false,1,tensorop,f32,256,256,64,4,1,1,2,1,1,5,4,1,1,256,256,16,100,110,178257920,214790307840,1204,0.134211,1236.97,1.60039e+06
1,CUTLASS,gemm,cutlass3x_sm100_tensorop_gemm_bf16_bf16_f32_f32_f32_256x256x64_4x1x1_0_tnt_align8_stream_k_2sm,passed,success,universal,4096,5120,5120,bf16:row,bf16:column,f32:row,f32:row,1,0,serial,1,1,heuristic,invalid,invalid,false,false,1,tensorop,f32,256,256,64,4,1,1,2,1,1,5,4,1,1,256,256,16,100,110,178257920,214790307840,1204,0.149776,1108.43,1.43408e+06
1,CUTLASS,gemm,cutlass3x_sm100_tensorop_gemm_bf16_bf16_f32_void_f32_256x256x64_4x1x1_0_tnt_align8_2sm,passed,success,universal,4096,5120,5120,bf16:row,bf16:column,void:row,f32:row,1,0,serial,1,1,heuristic,invalid,invalid,false,false,1,tensorop,f32,256,256,64,4,1,1,2,1,1,6,4,1,1,256,256,16,100,110,94371840,214790307840,2276,0.130141,675.35,1.65045e+06
1,CUTLASS,gemm,cutlass3x_sm100_tensorop_gemm_bf16_bf16_f32_void_f32_256x256x64_4x1x1_0_tnt_align8_stream_k_2sm,passed,success,universal,4096,5120,5120,bf16:row,bf16:column,void:row,f32:row,1,0,serial,1,1,heuristic,invalid,invalid,false,false,1,tensorop,f32,256,256,64,4,1,1,2,1,1,6,4,1,1,256,256,16,100,110,94371840,214790307840,2276,0.146192,601.2,1.46923e+06
1,CUTLASS,gemm,cutlass3x_sm100_tensorop_gemm_bf16_bf16_f32_f32_f32_256x256x64_2x4x1_0_tnt_align8_2sm,passed,success,universal,4096,5120,5120,bf16:row,bf16:column,f32:row,f32:row,1,0,serial,1,1,heuristic,invalid,invalid,false,false,1,tensorop,f32,256,256,64,2,4,1,2,1,1,5,4,1,1,256,256,16,100,110,178257920,214790307840,1204,0.155098,1070.39,1.38487e+06
1,CUTLASS,gemm,cutlass3x_sm100_tensorop_gemm_bf16_bf16_f32_f32_f32_256x256x64_2x4x1_0_tnt_align8_stream_k_2sm,passed,success,universal,4096,5120,5120,bf16:row,bf16:column,f32:row,f32:row,1,0,serial,1,1,heuristic,invalid,invalid,false,false,1,tensorop,f32,256,256,64,2,4,1,2,1,1,5,4,1,1,256,256,16,100,110,178257920,214790307840,1204,0.166954,994.382,1.28653e+06
1,CUTLASS,gemm,cutlass3x_sm100_tensorop_gemm_bf16_bf16_f32_void_f32_256x256x64_2x4x1_0_tnt_align8_2sm,passed,success,universal,4096,5120,5120,bf16:row,bf16:column,void:row,f32:row,1,0,serial,1,1,heuristic,invalid,invalid,false,false,1,tensorop,f32,256,256,64,2,4,1,2,1,1,6,4,1,1,256,256,16,100,110,94371840,214790307840,2276,0.150147,585.363,1.43053e+06
1,CUTLASS,gemm,cutlass3x_sm100_tensorop_gemm_bf16_bf16_f32_void_f32_256x256x64_2x4x1_0_tnt_align8_stream_k_2sm,passed,success,universal,4096,5120,5120,bf16:row,bf16:column,void:row,f32:row,1,0,serial,1,1,heuristic,invalid,invalid,false,false,1,tensorop,f32,256,256,64,2,4,1,2,1,1,6,4,1,1,256,256,16,100,110,94371840,214790307840,2276,0.161587,543.921,1.32925e+06
1,CUTLASS,gemm,cutlass3x_sm100_tensorop_gemm_bf16_bf16_f32_f32_f32_256x256x64_4x2x1_0_tnt_align8_2sm,passed,success,universal,4096,5120,5120,bf16:row,bf16:column,f32:row,f32:row,1,0,serial,1,1,heuristic,invalid,invalid,false,false,1,tensorop,f32,256,256,64,4,2,1,2,1,1,5,4,1,1,256,256,16,100,110,178257920,214790307840,1204,0.151238,1097.71,1.42021e+06
1,CUTLASS,gemm,cutlass3x_sm100_tensorop_gemm_bf16_bf16_f32_f32_f32_256x256x64_4x2x1_0_tnt_align8_stream_k_2sm,passed,success,universal,4096,5120,5120,bf16:row,bf16:column,f32:row,f32:row,1,0,serial,1,1,heuristic,invalid,invalid,false,false,1,tensorop,f32,256,256,64,4,2,1,2,1,1,5,4,1,1,256,256,16,100,110,178257920,214790307840,1204,0.167293,992.366,1.28392e+06
1,CUTLASS,gemm,cutlass3x_sm100_tensorop_gemm_bf16_bf16_f32_void_f32_256x256x64_4x2x1_0_tnt_align8_2sm,passed,success,universal,4096,5120,5120,bf16:row,bf16:column,void:row,f32:row,1,0,serial,1,1,heuristic,invalid,invalid,false,false,1,tensorop,f32,256,256,64,4,2,1,2,1,1,6,4,1,1,256,256,16,100,110,94371840,214790307840,2276,0.146272,600.871,1.46843e+06
1,CUTLASS,gemm,cutlass3x_sm100_tensorop_gemm_bf16_bf16_f32_void_f32_256x256x64_4x2x1_0_tnt_align8_stream_k_2sm,passed,success,universal,4096,5120,5120,bf16:row,bf16:column,void:row,f32:row,1,0,serial,1,1,heuristic,invalid,invalid,false,false,1,tensorop,f32,256,256,64,4,2,1,2,1,1,6,4,1,1,256,256,16,100,110,94371840,214790307840,2276,0.160022,549.24,1.34225e+06
1,CUTLASS,gemm,cutlass3x_sm100_tensorop_gemm_bf16_bf16_f32_f32_f32_256x256x64_4x4x1_0_tnt_align8_2sm,passed,success,universal,4096,5120,5120,bf16:row,bf16:column,f32:row,f32:row,1,0,serial,1,1,heuristic,invalid,invalid,false,false,1,tensorop,f32,256,256,64,4,4,1,2,1,1,5,4,1,1,256,256,16,100,110,178257920,214790307840,1204,0.150403,1103.8,1.4281e+06
1,CUTLASS,gemm,cutlass3x_sm100_tensorop_gemm_bf16_bf16_f32_f32_f32_256x256x64_4x4x1_0_tnt_align8_stream_k_2sm,passed,success,universal,4096,5120,5120,bf16:row,bf16:column,f32:row,f32:row,1,0,serial,1,1,heuristic,invalid,invalid,false,false,1,tensorop,f32,256,256,64,4,4,1,2,1,1,5,4,1,1,256,256,16,100,110,178257920,214790307840,1204,0.162483,1021.74,1.32192e+06
1,CUTLASS,gemm,cutlass3x_sm100_tensorop_gemm_bf16_bf16_f32_void_f32_256x256x64_4x4x1_0_tnt_align8_2sm,passed,success,universal,4096,5120,5120,bf16:row,bf16:column,void:row,f32:row,1,0,serial,1,1,heuristic,invalid,invalid,false,false,1,tensorop,f32,256,256,64,4,4,1,2,1,1,6,4,1,1,256,256,16,100,110,94371840,214790307840,2276,0.143638,611.888,1.49535e+06
1,CUTLASS,gemm,cutlass3x_sm100_tensorop_gemm_bf16_bf16_f32_void_f32_256x256x64_4x4x1_0_tnt_align8_stream_k_2sm,passed,success,universal,4096,5120,5120,bf16:row,bf16:column,void:row,f32:row,1,0,serial,1,1,heuristic,invalid,invalid,false,false,1,tensorop,f32,256,256,64,4,4,1,2,1,1,6,4,1,1,256,256,16,100,110,94371840,214790307840,2276,0.155856,563.922,1.37813e+06
1,CUTLASS,gemm,cutlass3x_sm100_tensorop_gemm_bf16_bf16_f32_bf16_bf16_256x256x64_0x0x1_0_tnt_align8_2sm,passed,success,universal,4096,5120,5120,bf16:row,bf16:column,bf16:row,bf16:row,1,0,serial,1,1,heuristic,invalid,invalid,false,false,1,tensorop,f32,256,256,64,2,1,1,2,1,1,5,4,1,1,256,256,16,100,110,136314880,214790307840,1575,0.131376,966.334,1.63493e+06
1,CUTLASS,gemm,cutlass3x_sm100_tensorop_gemm_bf16_bf16_f32_bf16_bf16_256x256x64_0x0x1_0_tnt_align8_stream_k_2sm,passed,success,universal,4096,5120,5120,bf16:row,bf16:column,bf16:row,bf16:row,1,0,serial,1,1,heuristic,invalid,invalid,false,false,1,tensorop,f32,256,256,64,2,1,1,2,1,1,5,4,1,1,256,256,16,100,110,136314880,214790307840,1575,0.132202,960.299,1.62472e+06
1,CUTLASS,gemm,cutlass3x_sm100_tensorop_gemm_bf16_bf16_f32_void_bf16_256x256x64_0x0x1_0_tnt_align8_2sm,passed,success,universal,4096,5120,5120,bf16:row,bf16:column,void:row,bf16:row,1,0,serial,1,1,heuristic,invalid,invalid,false,false,1,tensorop,f32,256,256,64,2,1,1,2,1,1,6,4,1,1,256,256,16,100,110,94371840,214790307840,2276,0.129094,680.824,1.66382e+06
1,CUTLASS,gemm,cutlass3x_sm100_tensorop_gemm_bf16_bf16_f32_void_bf16_256x256x64_0x0x1_0_tnt_align8_stream_k_2sm,passed,success,universal,4096,5120,5120,bf16:row,bf16:column,void:row,bf16:row,1,0,serial,1,1,heuristic,invalid,invalid,false,false,1,tensorop,f32,256,256,64,2,1,1,2,1,1,6,4,1,1,256,256,16,100,110,94371840,214790307840,2276,0.12879,682.431,1.66775e+06
1,CUTLASS,gemm,cutlass3x_sm100_tensorop_gemm_bf16_bf16_f32_bf16_bf16_256x256x64_2x1x1_0_tnt_align8_2sm,passed,success,universal,4096,5120,5120,bf16:row,bf16:column,bf16:row,bf16:row,1,0,serial,1,1,heuristic,invalid,invalid,false,false,1,tensorop,f32,256,256,64,2,1,1,2,1,1,5,4,1,1,256,256,16,100,110,136314880,214790307840,1575,0.130528,972.612,1.64555e+06
1,CUTLASS,gemm,cutlass3x_sm100_tensorop_gemm_bf16_bf16_f32_bf16_bf16_256x256x64_2x1x1_0_tnt_align8_stream_k_2sm,passed,success,universal,4096,5120,5120,bf16:row,bf16:column,bf16:row,bf16:row,1,0,serial,1,1,heuristic,invalid,invalid,false,false,1,tensorop,f32,256,256,64,2,1,1,2,1,1,5,4,1,1,256,256,16,100,110,136314880,214790307840,1575,0.131587,964.783,1.6323e+06
1,CUTLASS,gemm,cutlass3x_sm100_tensorop_gemm_bf16_bf16_f32_void_bf16_256x256x64_2x1x1_0_tnt_align8_2sm,passed,success,universal,4096,5120,5120,bf16:row,bf16:column,void:row,bf16:row,1,0,serial,1,1,heuristic,invalid,invalid,false,false,1,tensorop,f32,256,256,64,2,1,1,2,1,1,6,4,1,1,256,256,16,100,110,94371840,214790307840,2276,0.128893,681.889,1.66643e+06
1,CUTLASS,gemm,cutlass3x_sm100_tensorop_gemm_bf16_bf16_f32_void_bf16_256x256x64_2x1x1_0_tnt_align8_stream_k_2sm,passed,success,universal,4096,5120,5120,bf16:row,bf16:column,void:row,bf16:row,1,0,serial,1,1,heuristic,invalid,invalid,false,false,1,tensorop,f32,256,256,64,2,1,1,2,1,1,6,4,1,1,256,256,16,100,110,94371840,214790307840,2276,0.127453,689.594,1.68525e+06
1,CUTLASS,gemm,cutlass3x_sm100_tensorop_gemm_bf16_bf16_f32_bf16_bf16_256x256x64_2x2x1_0_tnt_align8_2sm,passed,success,universal,4096,5120,5120,bf16:row,bf16:column,bf16:row,bf16:row,1,0,serial,1,1,heuristic,invalid,invalid,false,false,1,tensorop,f32,256,256,64,2,2,1,2,1,1,5,4,1,1,256,256,16,100,110,136314880,214790307840,1575,0.130902,969.83,1.64084e+06
1,CUTLASS,gemm,cutlass3x_sm100_tensorop_gemm_bf16_bf16_f32_bf16_bf16_256x256x64_2x2x1_0_tnt_align8_stream_k_2sm,passed,success,universal,4096,5120,5120,bf16:row,bf16:column,bf16:row,bf16:row,1,0,serial,1,1,heuristic,invalid,invalid,false,false,1,tensorop,f32,256,256,64,2,2,1,2,1,1,5,4,1,1,256,256,16,100,110,136314880,214790307840,1575,0.145789,870.802,1.4733e+06
1,CUTLASS,gemm,cutlass3x_sm100_tensorop_gemm_bf16_bf16_f32_void_bf16_256x256x64_2x2x1_0_tnt_align8_2sm,passed,success,universal,4096,5120,5120,bf16:row,bf16:column,void:row,bf16:row,1,0,serial,1,1,heuristic,invalid,invalid,false,false,1,tensorop,f32,256,256,64,2,2,1,2,1,1,6,4,1,1,256,256,16,100,110,94371840,214790307840,2276,0.127008,692.009,1.69116e+06
1,CUTLASS,gemm,cutlass3x_sm100_tensorop_gemm_bf16_bf16_f32_void_bf16_256x256x64_2x2x1_0_tnt_align8_stream_k_2sm,passed,success,universal,4096,5120,5120,bf16:row,bf16:column,void:row,bf16:row,1,0,serial,1,1,heuristic,invalid,invalid,false,false,1,tensorop,f32,256,256,64,2,2,1,2,1,1,6,4,1,1,256,256,16,100,110,94371840,214790307840,2276,0.141213,622.398,1.52104e+06
1,CUTLASS,gemm,cutlass3x_sm100_tensorop_gemm_bf16_bf16_f32_bf16_bf16_256x256x64_4x1x1_0_tnt_align8_2sm,passed,success,universal,4096,5120,5120,bf16:row,bf16:column,bf16:row,bf16:row,1,0,serial,1,1,heuristic,invalid,invalid,false,false,1,tensorop,f32,256,256,64,4,1,1,2,1,1,5,4,1,1,256,256,16,100,110,136314880,214790307840,1575,0.128858,985.22,1.66688e+06
1,CUTLASS,gemm,cutlass3x_sm100_tensorop_gemm_bf16_bf16_f32_bf16_bf16_256x256x64_4x1x1_0_tnt_align8_stream_k_2sm,passed,success,universal,4096,5120,5120,bf16:row,bf16:column,bf16:row,bf16:row,1,0,serial,1,1,heuristic,invalid,invalid,false,false,1,tensorop,f32,256,256,64,4,1,1,2,1,1,5,4,1,1,256,256,16,100,110,136314880,214790307840,1575,0.144586,878.048,1.48556e+06
1,CUTLASS,gemm,cutlass3x_sm100_tensorop_gemm_bf16_bf16_f32_void_bf16_256x256x64_4x1x1_0_tnt_align8_2sm,passed,success,universal,4096,5120,5120,bf16:row,bf16:column,void:row,bf16:row,1,0,serial,1,1,heuristic,invalid,invalid,false,false,1,tensorop,f32,256,256,64,4,1,1,2,1,1,6,4,1,1,256,256,16,100,110,94371840,214790307840,2276,0.123357,712.491,1.74121e+06
1,CUTLASS,gemm,cutlass3x_sm100_tensorop_gemm_bf16_bf16_f32_void_bf16_256x256x64_4x1x1_0_tnt_align8_stream_k_2sm,passed,success,universal,4096,5120,5120,bf16:row,bf16:column,void:row,bf16:row,1,0,serial,1,1,heuristic,invalid,invalid,false,false,1,tensorop,f32,256,256,64,4,1,1,2,1,1,6,4,1,1,256,256,16,100,110,94371840,214790307840,2276,0.139747,628.926,1.53699e+06
1,CUTLASS,gemm,cutlass3x_sm100_tensorop_gemm_bf16_bf16_f32_bf16_bf16_256x256x64_2x4x1_0_tnt_align8_2sm,passed,success,universal,4096,5120,5120,bf16:row,bf16:column,bf16:row,bf16:row,1,0,serial,1,1,heuristic,invalid,invalid,false,false,1,tensorop,f32,256,256,64,2,4,1,2,1,1,5,4,1,1,256,256,16,100,110,136314880,214790307840,1575,0.145581,872.046,1.4754e+06
1,CUTLASS,gemm,cutlass3x_sm100_tensorop_gemm_bf16_bf16_f32_bf16_bf16_256x256x64_2x4x1_0_tnt_align8_stream_k_2sm,passed,success,universal,4096,5120,5120,bf16:row,bf16:column,bf16:row,bf16:row,1,0,serial,1,1,heuristic,invalid,invalid,false,false,1,tensorop,f32,256,256,64,2,4,1,2,1,1,5,4,1,1,256,256,16,100,110,136314880,214790307840,1575,0.160534,790.816,1.33797e+06
1,CUTLASS,gemm,cutlass3x_sm100_tensorop_gemm_bf16_bf16_f32_void_bf16_256x256x64_2x4x1_0_tnt_align8_2sm,passed,success,universal,4096,5120,5120,bf16:row,bf16:column,void:row,bf16:row,1,0,serial,1,1,heuristic,invalid,invalid,false,false,1,tensorop,f32,256,256,64,2,4,1,2,1,1,6,4,1,1,256,256,16,100,110,94371840,214790307840,2276,0.139638,629.416,1.53819e+06
1,CUTLASS,gemm,cutlass3x_sm100_tensorop_gemm_bf16_bf16_f32_void_bf16_256x256x64_2x4x1_0_tnt_align8_stream_k_2sm,passed,success,universal,4096,5120,5120,bf16:row,bf16:column,void:row,bf16:row,1,0,serial,1,1,heuristic,invalid,invalid,false,false,1,tensorop,f32,256,256,64,2,4,1,2,1,1,6,4,1,1,256,256,16,100,110,94371840,214790307840,2276,0.156134,562.916,1.37568e+06
1,CUTLASS,gemm,cutlass3x_sm100_tensorop_gemm_bf16_bf16_f32_bf16_bf16_256x256x64_4x2x1_0_tnt_align8_2sm,passed,success,universal,4096,5120,5120,bf16:row,bf16:column,bf16:row,bf16:row,1,0,serial,1,1,heuristic,invalid,invalid,false,false,1,tensorop,f32,256,256,64,4,2,1,2,1,1,5,4,1,1,256,256,16,100,110,136314880,214790307840,1575,0.143837,882.619,1.49329e+06
1,CUTLASS,gemm,cutlass3x_sm100_tensorop_gemm_bf16_bf16_f32_bf16_bf16_256x256x64_4x2x1_0_tnt_align8_stream_k_2sm,passed,success,universal,4096,5120,5120,bf16:row,bf16:column,bf16:row,bf16:row,1,0,serial,1,1,heuristic,invalid,invalid,false,false,1,tensorop,f32,256,256,64,4,2,1,2,1,1,5,4,1,1,256,256,16,100,110,136314880,214790307840,1575,0.16056,790.69,1.33776e+06
1,CUTLASS,gemm,cutlass3x_sm100_tensorop_gemm_bf16_bf16_f32_void_bf16_256x256x64_4x2x1_0_tnt_align8_2sm,passed,success,universal,4096,5120,5120,bf16:row,bf16:column,void:row,bf16:row,1,0,serial,1,1,heuristic,invalid,invalid,false,false,1,tensorop,f32,256,256,64,4,2,1,2,1,1,6,4,1,1,256,256,16,100,110,94371840,214790307840,2276,0.139536,629.878,1.53932e+06
1,CUTLASS,gemm,cutlass3x_sm100_tensorop_gemm_bf16_bf16_f32_void_bf16_256x256x64_4x2x1_0_tnt_align8_stream_k_2sm,passed,success,universal,4096,5120,5120,bf16:row,bf16:column,void:row,bf16:row,1,0,serial,1,1,heuristic,invalid,invalid,false,false,1,tensorop,f32,256,256,64,4,2,1,2,1,1,6,4,1,1,256,256,16,100,110,94371840,214790307840,2276,0.153366,573.076,1.4005e+06
1,CUTLASS,gemm,cutlass3x_sm100_tensorop_gemm_bf16_bf16_f32_bf16_bf16_256x256x64_4x4x1_0_tnt_align8_2sm,passed,success,universal,4096,5120,5120,bf16:row,bf16:column,bf16:row,bf16:row,1,0,serial,1,1,heuristic,invalid,invalid,false,false,1,tensorop,f32,256,256,64,4,4,1,2,1,1,5,4,1,1,256,256,16,100,110,136314880,214790307840,1575,0.142922,888.271,1.50285e+06
1,CUTLASS,gemm,cutlass3x_sm100_tensorop_gemm_bf16_bf16_f32_bf16_bf16_256x256x64_4x4x1_0_tnt_align8_stream_k_2sm,passed,success,universal,4096,5120,5120,bf16:row,bf16:column,bf16:row,bf16:row,1,0,serial,1,1,heuristic,invalid,invalid,false,false,1,tensorop,f32,256,256,64,4,4,1,2,1,1,5,4,1,1,256,256,16,100,110,136314880,214790307840,1575,0.158307,801.942,1.35679e+06
1,CUTLASS,gemm,cutlass3x_sm100_tensorop_gemm_bf16_bf16_f32_void_bf16_256x256x64_4x4x1_0_tnt_align8_2sm,passed,success,universal,4096,5120,5120,bf16:row,bf16:column,void:row,bf16:row,1,0,serial,1,1,heuristic,invalid,invalid,false,false,1,tensorop,f32,256,256,64,4,4,1,2,1,1,6,4,1,1,256,256,16,100,110,94371840,214790307840,2276,0.137654,638.488,1.56036e+06
1,CUTLASS,gemm,cutlass3x_sm100_tensorop_gemm_bf16_bf16_f32_void_bf16_256x256x64_4x4x1_0_tnt_align8_stream_k_2sm,passed,success,universal,4096,5120,5120,bf16:row,bf16:column,void:row,bf16:row,1,0,serial,1,1,heuristic,invalid,invalid,false,false,1,tensorop,f32,256,256,64,4,4,1,2,1,1,6,4,1,1,256,256,16,100,110,94371840,214790307840,2276,0.151933,578.484,1.41372e+06
1,CUTLASS,gemm,cutlass3x_sm100_tensorop_gemm_bf16_bf16_f32_f32_f32_64x128x64_1x1x1_0_tnn_align4_cpasync_1sm_epi_nosmem,passed,success,universal,4096,5120,5120,bf16:row,bf16:column,f32:column,f32:column,1,0,serial,1,1,heuristic,invalid,invalid,false,false,1,tensorop,f32,64,128,64,1,1,1,1,1,1,9,4,1,1,64,128,16,100,110,178257920,214790307840,1204,0.586518,283.053,366212
1,CUTLASS,gemm,cutlass3x_sm100_tensorop_gemm_bf16_bf16_f32_void_f32_64x128x64_1x1x1_0_tnn_align4_cpasync_1sm_epi_nosmem,passed,success,universal,4096,5120,5120,bf16:row,bf16:column,void:column,f32:column,1,0,serial,1,1,heuristic,invalid,invalid,false,false,1,tensorop,f32,64,128,64,1,1,1,1,1,1,9,4,1,1,64,128,16,100,110,94371840,214790307840,2276,0.583616,150.597,368034
1,CUTLASS,gemm,cutlass3x_sm100_tensorop_gemm_bf16_bf16_f32_f32_f32_64x128x64_1x1x1_0_tnn_align2_cpasync_1sm_epi_nosmem,passed,success,universal,4096,5120,5120,bf16:row,bf16:column,f32:column,f32:column,1,0,serial,1,1,heuristic,invalid,invalid,false,false,1,tensorop,f32,64,128,64,1,1,1,1,1,1,9,4,1,1,64,128,16,100,110,178257920,214790307840,1204,1.98888,83.4719,107996
1,CUTLASS,gemm,cutlass3x_sm100_tensorop_gemm_bf16_bf16_f32_void_f32_64x128x64_1x1x1_0_tnn_align2_cpasync_1sm_epi_nosmem,passed,success,universal,4096,5120,5120,bf16:row,bf16:column,void:column,f32:column,1,0,serial,1,1,heuristic,invalid,invalid,false,false,1,tensorop,f32,64,128,64,1,1,1,1,1,1,9,4,1,1,64,128,16,100,110,94371840,214790307840,2276,2.00219,43.8973,107278
1,CUTLASS,gemm,cutlass3x_sm100_tensorop_gemm_bf16_bf16_f32_bf16_bf16_64x128x64_1x1x1_0_tnn_align4_cpasync_1sm_epi_nosmem,passed,success,universal,4096,5120,5120,bf16:row,bf16:column,bf16:column,bf16:column,1,0,serial,1,1,heuristic,invalid,invalid,false,false,1,tensorop,f32,64,128,64,1,1,1,1,1,1,9,4,1,1,64,128,16,100,110,136314880,214790307840,1575,0.586611,216.418,366154
1,CUTLASS,gemm,cutlass3x_sm100_tensorop_gemm_bf16_bf16_f32_void_bf16_64x128x64_1x1x1_0_tnn_align4_cpasync_1sm_epi_nosmem,passed,success,universal,4096,5120,5120,bf16:row,bf16:column,void:column,bf16:column,1,0,serial,1,1,heuristic,invalid,invalid,false,false,1,tensorop,f32,64,128,64,1,1,1,1,1,1,9,4,1,1,64,128,16,100,110,94371840,214790307840,2276,0.574019,153.114,374187
1,CUTLASS,gemm,cutlass3x_sm100_tensorop_gemm_bf16_bf16_f32_bf16_bf16_64x128x64_1x1x1_0_tnn_align2_cpasync_1sm_epi_nosmem,passed,success,universal,4096,5120,5120,bf16:row,bf16:column,bf16:column,bf16:column,1,0,serial,1,1,heuristic,invalid,invalid,false,false,1,tensorop,f32,64,128,64,1,1,1,1,1,1,9,4,1,1,64,128,16,100,110,136314880,214790307840,1575,1.94344,65.3238,110521
1,CUTLASS,gemm,cutlass3x_sm100_tensorop_gemm_bf16_bf16_f32_void_bf16_64x128x64_1x1x1_0_tnn_align2_cpasync_1sm_epi_nosmem,passed,success,universal,4096,5120,5120,bf16:row,bf16:column,void:column,bf16:column,1,0,serial,1,1,heuristic,invalid,invalid,false,false,1,tensorop,f32,64,128,64,1,1,1,1,1,1,9,4,1,1,64,128,16,100,110,94371840,214790307840,2276,1.93871,45.3346,110790
1,CUTLASS,gemm,cutlass3x_sm100_tensorop_gemm_bf16_bf16_f32_f32_f32_128x128x64_1x1x1_0_tnn_align4_cpasync_1sm_epi_nosmem,passed,success,universal,4096,5120,5120,bf16:row,bf16:column,f32:column,f32:column,1,0,serial,1,1,heuristic,invalid,invalid,false,false,1,tensorop,f32,128,128,64,1,1,1,1,1,1,7,4,1,1,128,128,16,100,110,178257920,214790307840,1204,0.607696,273.189,353450
1,CUTLASS,gemm,cutlass3x_sm100_tensorop_gemm_bf16_bf16_f32_void_f32_128x128x64_1x1x1_0_tnn_align4_cpasync_1sm_epi_nosmem,passed,success,universal,4096,5120,5120,bf16:row,bf16:column,void:column,f32:column,1,0,serial,1,1,heuristic,invalid,invalid,false,false,1,tensorop,f32,128,128,64,1,1,1,1,1,1,7,4,1,1,128,128,16,100,110,94371840,214790307840,2276,0.632502,138.957,339588
1,CUTLASS,gemm,cutlass3x_sm100_tensorop_gemm_bf16_bf16_f32_f32_f32_128x128x64_1x1x1_0_tnn_align2_cpasync_1sm_epi_nosmem,passed,success,universal,4096,5120,5120,bf16:row,bf16:column,f32:column,f32:column,1,0,serial,1,1,heuristic,invalid,invalid,false,false,1,tensorop,f32,128,128,64,1,1,1,1,1,1,7,4,1,1,128,128,16,100,110,178257920,214790307840,1204,1.6952,97.9328,126705
1,CUTLASS,gemm,cutlass3x_sm100_tensorop_gemm_bf16_bf16_f32_void_f32_128x128x64_1x1x1_0_tnn_align2_cpasync_1sm_epi_nosmem,passed,success,universal,4096,5120,5120,bf16:row,bf16:column,void:column,f32:column,1,0,serial,1,1,heuristic,invalid,invalid,false,false,1,tensorop,f32,128,128,64,1,1,1,1,1,1,7,4,1,1,128,128,16,100,110,94371840,214790307840,2276,0.5988,146.778,358701
1,CUTLASS,gemm,cutlass3x_sm100_tensorop_gemm_bf16_bf16_f32_bf16_bf16_128x128x64_1x1x1_0_tnn_align4_cpasync_1sm_epi_nosmem,passed,success,universal,4096,5120,5120,bf16:row,bf16:column,bf16:column,bf16:column,1,0,serial,1,1,heuristic,invalid,invalid,false,false,1,tensorop,f32,128,128,64,1,1,1,1,1,1,7,4,1,1,128,128,16,100,110,136314880,214790307840,1575,0.51097,248.455,420358
1,CUTLASS,gemm,cutlass3x_sm100_tensorop_gemm_bf16_bf16_f32_void_bf16_128x128x64_1x1x1_0_tnn_align4_cpasync_1sm_epi_nosmem,passed,success,universal,4096,5120,5120,bf16:row,bf16:column,void:column,bf16:column,1,0,serial,1,1,heuristic,invalid,invalid,false,false,1,tensorop,f32,128,128,64,1,1,1,1,1,1,7,4,1,1,128,128,16,100,110,94371840,214790307840,2276,0.613952,143.156,349849
1,CUTLASS,gemm,cutlass3x_sm100_tensorop_gemm_bf16_bf16_f32_bf16_bf16_128x128x64_1x1x1_0_tnn_align2_cpasync_1sm_epi_nosmem,passed,success,universal,4096,5120,5120,bf16:row,bf16:column,bf16:column,bf16:column,1,0,serial,1,1,heuristic,invalid,invalid,false,false,1,tensorop,f32,128,128,64,1,1,1,1,1,1,7,4,1,1,128,128,16,100,110,136314880,214790307840,1575,1.61282,78.7149,133177
1,CUTLASS,gemm,cutlass3x_sm100_tensorop_gemm_bf16_bf16_f32_void_bf16_128x128x64_1x1x1_0_tnn_align2_cpasync_1sm_epi_nosmem,passed,success,universal,4096,5120,5120,bf16:row,bf16:column,void:column,bf16:column,1,0,serial,1,1,heuristic,invalid,invalid,false,false,1,tensorop,f32,128,128,64,1,1,1,1,1,1,7,4,1,1,128,128,16,100,110,94371840,214790307840,2276,0.594563,147.824,361257
1,CUTLASS,gemm,cutlass3x_sm100_tensorop_gemm_bf16_bf16_f32_f32_f32_128x256x64_1x1x1_0_tnn_align4_cpasync_1sm_epi_nosmem,passed,success,universal,4096,5120,5120,bf16:row,bf16:column,f32:column,f32:column,1,0,serial,1,1,heuristic,invalid,invalid,false,false,1,tensorop,f32,128,256,64,1,1,1,1,1,1,4,4,1,1,128,256,16,100,110,178257920,214790307840,1204,0.663021,250.393,323957
1,CUTLASS,gemm,cutlass3x_sm100_tensorop_gemm_bf16_bf16_f32_void_f32_128x256x64_1x1x1_0_tnn_align4_cpasync_1sm_epi_nosmem,passed,success,universal,4096,5120,5120,bf16:row,bf16:column,void:column,f32:column,1,0,serial,1,1,heuristic,invalid,invalid,false,false,1,tensorop,f32,128,256,64,1,1,1,1,1,1,4,4,1,1,128,256,16,100,110,94371840,214790307840,2276,0.626352,140.321,342923
1,CUTLASS,gemm,cutlass3x_sm100_tensorop_gemm_bf16_bf16_f32_f32_f32_128x256x64_1x1x1_0_tnn_align2_cpasync_1sm_epi_nosmem,passed,success,universal,4096,5120,5120,bf16:row,bf16:column,f32:column,f32:column,1,0,serial,1,1,heuristic,invalid,invalid,false,false,1,tensorop,f32,128,256,64,1,1,1,1,1,1,4,4,1,1,128,256,16,100,110,178257920,214790307840,1204,1.10256,150.572,194810
1,CUTLASS,gemm,cutlass3x_sm100_tensorop_gemm_bf16_bf16_f32_void_f32_128x256x64_1x1x1_0_tnn_align2_cpasync_1sm_epi_nosmem,passed,success,universal,4096,5120,5120,bf16:row,bf16:column,void:column,f32:column,1,0,serial,1,1,heuristic,invalid,invalid,false,false,1,tensorop,f32,128,256,64,1,1,1,1,1,1,4,4,1,1,128,256,16,100,110,94371840,214790307840,2276,1.10159,79.7854,194983
1,CUTLASS,gemm,cutlass3x_sm100_tensorop_gemm_bf16_bf16_f32_bf16_bf16_128x256x64_1x1x1_0_tnn_align4_cpasync_1sm_epi_nosmem,passed,success,universal,4096,5120,5120,bf16:row,bf16:column,bf16:column,bf16:column,1,0,serial,1,1,heuristic,invalid,invalid,false,false,1,tensorop,f32,128,256,64,1,1,1,1,1,1,4,4,1,1,128,256,16,100,110,136314880,214790307840,1575,0.62361,203.578,344431
1,CUTLASS,gemm,cutlass3x_sm100_tensorop_gemm_bf16_bf16_f32_void_bf16_128x256x64_1x1x1_0_tnn_align4_cpasync_1sm_epi_nosmem,passed,success,universal,4096,5120,5120,bf16:row,bf16:column,void:column,bf16:column,1,0,serial,1,1,heuristic,invalid,invalid,false,false,1,tensorop,f32,128,256,64,1,1,1,1,1,1,4,4,1,1,128,256,16,100,110,94371840,214790307840,2276,0.624608,140.713,343880
1,CUTLASS,gemm,cutlass3x_sm100_tensorop_gemm_bf16_bf16_f32_bf16_bf16_128x256x64_1x1x1_0_tnn_align2_cpasync_1sm_epi_nosmem,passed,success,universal,4096,5120,5120,bf16:row,bf16:column,bf16:column,bf16:column,1,0,serial,1,1,heuristic,invalid,invalid,false,false,1,tensorop,f32,128,256,64,1,1,1,1,1,1,4,4,1,1,128,256,16,100,110,136314880,214790307840,1575,1.43675,88.3616,149498
1,CUTLASS,gemm,cutlass3x_sm100_tensorop_gemm_bf16_bf16_f32_void_bf16_128x256x64_1x1x1_0_tnn_align2_cpasync_1sm_epi_nosmem,passed,success,universal,4096,5120,5120,bf16:row,bf16:column,void:column,bf16:column,1,0,serial,1,1,heuristic,invalid,invalid,false,false,1,tensorop,f32,128,256,64,1,1,1,1,1,1,4,4,1,1,128,256,16,100,110,94371840,214790307840,2276,1.05957,82.9495,202715
