Problem,Provider,OperationKind,Operation,Disposition,Status,gemm_kind,m,n,k,num_groups,A,B,C,D,alpha,beta,runtime_input_datatype_a,runtime_input_datatype_b,raster_order,swizzle_size,use_pdl,problem-sizes,problem-sizes-file,op_class,accum,cta_m,cta_n,cta_k,cluster_m,cluster_n,cluster_k,cluster_m_fallback,cluster_n_fallback,cluster_k_fallback,stages,warps_m,warps_n,warps_k,inst_m,inst_n,inst_k,min_cc,max_cc,Bytes,Flops,Flops/Byte,Runtime,GB/s,GFLOPs
1,CUTLASS,grouped_gemm,cutlass3x_sm100_tensorop_gemm_grouped_e4m3_e4m3_f32_bf16_e4m3_64x128x128_0x0x1_0_nnn_align16_1sm,passed,success,grouped,,,,,fe4m3:column,fe4m3:column,bf16:column,fe4m3:column,1,0,invalid,invalid,heuristic,1,false,'[4096x1920x6144][4096x1920x6144][4096x1920x6144][4096x1920x6144][4096x1920x6144][4096x1920x6144][4096x1920x6144][4096x1920x6144][4096x1920x6144][4096x1920x6144][4096x1920x6144][4096x1920x6144][4096x1920x6144][4096x1920x6144][4096x1920x6144][4096x1920x6144]',,tensorop,f32,64,128,128,1,1,1,1,1,1,8,4,1,1,64,128,32,100,110,843055104,1546439884800,1834,0.837964,936.981,1.84547e+06
1,CUTLASS,grouped_gemm,cutlass3x_sm100_tensorop_gemm_grouped_e4m3_e4m3_f32_bf16_e4m3_64x128x128_0x0x1_0_nnn_align16_stream_k_1sm,passed,success,grouped,,,,,fe4m3:column,fe4m3:column,bf16:column,fe4m3:column,1,0,invalid,invalid,heuristic,1,false,'[4096x1920x6144][4096x1920x6144][4096x1920x6144][4096x1920x6144][4096x1920x6144][4096x1920x6144][4096x1920x6144][4096x1920x6144][4096x1920x6144][4096x1920x6144][4096x1920x6144][4096x1920x6144][4096x1920x6144][4096x1920x6144][4096x1920x6144][4096x1920x6144]',,tensorop,f32,64,128,128,1,1,1,1,1,1,8,4,1,1,64,128,32,100,110,843055104,1546439884800,1834,0.84717,926.799,1.82542e+06
1,CUTLASS,grouped_gemm,cutlass3x_sm100_tensorop_gemm_grouped_e4m3_e4m3_f32_bf16_e4m3_64x128x128_0x0x1_0_ntn_align16_1sm,passed,success,grouped,,,,,fe4m3:column,fe4m3:row,bf16:column,fe4m3:column,1,0,invalid,invalid,heuristic,1,false,'[4096x1920x6144][4096x1920x6144][4096x1920x6144][4096x1920x6144][4096x1920x6144][4096x1920x6144][4096x1920x6144][4096x1920x6144][4096x1920x6144][4096x1920x6144][4096x1920x6144][4096x1920x6144][4096x1920x6144][4096x1920x6144][4096x1920x6144][4096x1920x6144]',,tensorop,f32,64,128,128,1,1,1,1,1,1,8,4,1,1,64,128,32,100,110,843055104,1546439884800,1834,0.833755,941.711,1.85479e+06
1,CUTLASS,grouped_gemm,cutlass3x_sm100_tensorop_gemm_grouped_e4m3_e4m3_f32_bf16_e4m3_64x128x128_0x0x1_0_ntn_align16_stream_k_1sm,passed,success,grouped,,,,,fe4m3:column,fe4m3:row,bf16:column,fe4m3:column,1,0,invalid,invalid,heuristic,1,false,'[4096x1920x6144][4096x1920x6144][4096x1920x6144][4096x1920x6144][4096x1920x6144][4096x1920x6144][4096x1920x6144][4096x1920x6144][4096x1920x6144][4096x1920x6144][4096x1920x6144][4096x1920x6144][4096x1920x6144][4096x1920x6144][4096x1920x6144][4096x1920x6144]',,tensorop,f32,64,128,128,1,1,1,1,1,1,8,4,1,1,64,128,32,100,110,843055104,1546439884800,1834,0.824559,952.214,1.87548e+06
1,CUTLASS,grouped_gemm,cutlass3x_sm100_tensorop_gemm_grouped_e4m3_e4m3_f32_bf16_e4m3_64x128x128_0x0x1_0_tnn_align16_1sm,passed,success,grouped,,,,,fe4m3:row,fe4m3:column,bf16:column,fe4m3:column,1,0,invalid,invalid,heuristic,1,false,'[4096x1920x6144][4096x1920x6144][4096x1920x6144][4096x1920x6144][4096x1920x6144][4096x1920x6144][4096x1920x6144][4096x1920x6144][4096x1920x6144][4096x1920x6144][4096x1920x6144][4096x1920x6144][4096x1920x6144][4096x1920x6144][4096x1920x6144][4096x1920x6144]',,tensorop,f32,64,128,128,1,1,1,1,1,1,8,4,1,1,64,128,32,100,110,843055104,1546439884800,1834,0.82456,952.212,1.87547e+06
1,CUTLASS,grouped_gemm,cutlass3x_sm100_tensorop_gemm_grouped_e4m3_e4m3_f32_bf16_e4m3_64x128x128_0x0x1_0_tnn_align16_stream_k_1sm,passed,success,grouped,,,,,fe4m3:row,fe4m3:column,bf16:column,fe4m3:column,1,0,invalid,invalid,heuristic,1,false,'[4096x1920x6144][4096x1920x6144][4096x1920x6144][4096x1920x6144][4096x1920x6144][4096x1920x6144][4096x1920x6144][4096x1920x6144][4096x1920x6144][4096x1920x6144][4096x1920x6144][4096x1920x6144][4096x1920x6144][4096x1920x6144][4096x1920x6144][4096x1920x6144]',,tensorop,f32,64,128,128,1,1,1,1,1,1,8,4,1,1,64,128,32,100,110,843055104,1546439884800,1834,0.810869,968.29,1.90714e+06
1,CUTLASS,grouped_gemm,cutlass3x_sm100_tensorop_gemm_grouped_e4m3_e4m3_f32_bf16_e4m3_64x128x128_0x0x1_0_ttn_align16_1sm,passed,success,grouped,,,,,fe4m3:row,fe4m3:row,bf16:column,fe4m3:column,1,0,invalid,invalid,heuristic,1,false,'[4096x1920x6144][4096x1920x6144][4096x1920x6144][4096x1920x6144][4096x1920x6144][4096x1920x6144][4096x1920x6144][4096x1920x6144][4096x1920x6144][4096x1920x6144][4096x1920x6144][4096x1920x6144][4096x1920x6144][4096x1920x6144][4096x1920x6144][4096x1920x6144]',,tensorop,f32,64,128,128,1,1,1,1,1,1,8,4,1,1,64,128,32,100,110,843055104,1546439884800,1834,0.789068,995.042,1.95983e+06
1,CUTLASS,grouped_gemm,cutlass3x_sm100_tensorop_gemm_grouped_e4m3_e4m3_f32_bf16_e4m3_64x128x128_0x0x1_0_ttn_align16_stream_k_1sm,passed,success,grouped,,,,,fe4m3:row,fe4m3:row,bf16:column,fe4m3:column,1,0,invalid,invalid,heuristic,1,false,'[4096x1920x6144][4096x1920x6144][4096x1920x6144][4096x1920x6144][4096x1920x6144][4096x1920x6144][4096x1920x6144][4096x1920x6144][4096x1920x6144][4096x1920x6144][4096x1920x6144][4096x1920x6144][4096x1920x6144][4096x1920x6144][4096x1920x6144][4096x1920x6144]',,tensorop,f32,64,128,128,1,1,1,1,1,1,8,4,1,1,64,128,32,100,110,843055104,1546439884800,1834,0.8015,979.609,1.92943e+06
1,CUTLASS,grouped_gemm,cutlass3x_sm100_tensorop_gemm_grouped_e4m3_e4m3_f32_bf16_e4m3_64x128x128_0x0x1_0_nnt_align16_1sm,passed,success,grouped,,,,,fe4m3:column,fe4m3:column,bf16:row,fe4m3:row,1,0,invalid,invalid,heuristic,1,false,'[4096x1920x6144][4096x1920x6144][4096x1920x6144][4096x1920x6144][4096x1920x6144][4096x1920x6144][4096x1920x6144][4096x1920x6144][4096x1920x6144][4096x1920x6144][4096x1920x6144][4096x1920x6144][4096x1920x6144][4096x1920x6144][4096x1920x6144][4096x1920x6144]',,tensorop,f32,64,128,128,1,1,1,1,1,1,8,4,1,1,64,128,32,100,110,843055104,1546439884800,1834,0.848962,924.842,1.82156e+06
1,CUTLASS,grouped_gemm,cutlass3x_sm100_tensorop_gemm_grouped_e4m3_e4m3_f32_bf16_e4m3_64x128x128_0x0x1_0_nnt_align16_stream_k_1sm,passed,success,grouped,,,,,fe4m3:column,fe4m3:column,bf16:row,fe4m3:row,1,0,invalid,invalid,heuristic,1,false,'[4096x1920x6144][4096x1920x6144][4096x1920x6144][4096x1920x6144][4096x1920x6144][4096x1920x6144][4096x1920x6144][4096x1920x6144][4096x1920x6144][4096x1920x6144][4096x1920x6144][4096x1920x6144][4096x1920x6144][4096x1920x6144][4096x1920x6144][4096x1920x6144]',,tensorop,f32,64,128,128,1,1,1,1,1,1,8,4,1,1,64,128,32,100,110,843055104,1546439884800,1834,0.84123,933.343,1.83831e+06
1,CUTLASS,grouped_gemm,cutlass3x_sm100_tensorop_gemm_grouped_e4m3_e4m3_f32_bf16_e4m3_64x128x128_0x0x1_0_ntt_align16_1sm,passed,success,grouped,,,,,fe4m3:column,fe4m3:row,bf16:row,fe4m3:row,1,0,invalid,invalid,heuristic,1,false,'[4096x1920x6144][4096x1920x6144][4096x1920x6144][4096x1920x6144][4096x1920x6144][4096x1920x6144][4096x1920x6144][4096x1920x6144][4096x1920x6144][4096x1920x6144][4096x1920x6144][4096x1920x6144][4096x1920x6144][4096x1920x6144][4096x1920x6144][4096x1920x6144]',,tensorop,f32,64,128,128,1,1,1,1,1,1,8,4,1,1,64,128,32,100,110,843055104,1546439884800,1834,0.840903,933.706,1.83902e+06
1,CUTLASS,grouped_gemm,cutlass3x_sm100_tensorop_gemm_grouped_e4m3_e4m3_f32_bf16_e4m3_64x128x128_0x0x1_0_ntt_align16_stream_k_1sm,passed,success,grouped,,,,,fe4m3:column,fe4m3:row,bf16:row,fe4m3:row,1,0,invalid,invalid,heuristic,1,false,'[4096x1920x6144][4096x1920x6144][4096x1920x6144][4096x1920x6144][4096x1920x6144][4096x1920x6144][4096x1920x6144][4096x1920x6144][4096x1920x6144][4096x1920x6144][4096x1920x6144][4096x1920x6144][4096x1920x6144][4096x1920x6144][4096x1920x6144][4096x1920x6144]',,tensorop,f32,64,128,128,1,1,1,1,1,1,8,4,1,1,64,128,32,100,110,843055104,1546439884800,1834,0.826301,950.206,1.87152e+06
1,CUTLASS,grouped_gemm,cutlass3x_sm100_tensorop_gemm_grouped_e4m3_e4m3_f32_bf16_e4m3_64x128x128_0x0x1_0_tnt_align16_1sm,passed,success,grouped,,,,,fe4m3:row,fe4m3:column,bf16:row,fe4m3:row,1,0,invalid,invalid,heuristic,1,false,'[4096x1920x6144][4096x1920x6144][4096x1920x6144][4096x1920x6144][4096x1920x6144][4096x1920x6144][4096x1920x6144][4096x1920x6144][4096x1920x6144][4096x1920x6144][4096x1920x6144][4096x1920x6144][4096x1920x6144][4096x1920x6144][4096x1920x6144][4096x1920x6144]',,tensorop,f32,64,128,128,1,1,1,1,1,1,8,4,1,1,64,128,32,100,110,843055104,1546439884800,1834,0.806424,973.627,1.91765e+06
1,CUTLASS,grouped_gemm,cutlass3x_sm100_tensorop_gemm_grouped_e4m3_e4m3_f32_bf16_e4m3_64x128x128_0x0x1_0_tnt_align16_stream_k_1sm,passed,success,grouped,,,,,fe4m3:row,fe4m3:column,bf16:row,fe4m3:row,1,0,invalid,invalid,heuristic,1,false,'[4096x1920x6144][4096x1920x6144][4096x1920x6144][4096x1920x6144][4096x1920x6144][4096x1920x6144][4096x1920x6144][4096x1920x6144][4096x1920x6144][4096x1920x6144][4096x1920x6144][4096x1920x6144][4096x1920x6144][4096x1920x6144][4096x1920x6144][4096x1920x6144]',,tensorop,f32,64,128,128,1,1,1,1,1,1,8,4,1,1,64,128,32,100,110,843055104,1546439884800,1834,0.81261,966.215,1.90305e+06
1,CUTLASS,grouped_gemm,cutlass3x_sm100_tensorop_gemm_grouped_e4m3_e4m3_f32_bf16_e4m3_64x128x128_0x0x1_0_ttt_align16_1sm,passed,success,grouped,,,,,fe4m3:row,fe4m3:row,bf16:row,fe4m3:row,1,0,invalid,invalid,heuristic,1,false,'[4096x1920x6144][4096x1920x6144][4096x1920x6144][4096x1920x6144][4096x1920x6144][4096x1920x6144][4096x1920x6144][4096x1920x6144][4096x1920x6144][4096x1920x6144][4096x1920x6144][4096x1920x6144][4096x1920x6144][4096x1920x6144][4096x1920x6144][4096x1920x6144]',,tensorop,f32,64,128,128,1,1,1,1,1,1,8,4,1,1,64,128,32,100,110,843055104,1546439884800,1834,0.797966,983.947,1.93798e+06
1,CUTLASS,grouped_gemm,cutlass3x_sm100_tensorop_gemm_grouped_e4m3_e4m3_f32_bf16_e4m3_64x128x128_0x0x1_0_ttt_align16_stream_k_1sm,passed,success,grouped,,,,,fe4m3:row,fe4m3:row,bf16:row,fe4m3:row,1,0,invalid,invalid,heuristic,1,false,'[4096x1920x6144][4096x1920x6144][4096x1920x6144][4096x1920x6144][4096x1920x6144][4096x1920x6144][4096x1920x6144][4096x1920x6144][4096x1920x6144][4096x1920x6144][4096x1920x6144][4096x1920x6144][4096x1920x6144][4096x1920x6144][4096x1920x6144][4096x1920x6144]',,tensorop,f32,64,128,128,1,1,1,1,1,1,8,4,1,1,64,128,32,100,110,843055104,1546439884800,1834,0.800127,981.289,1.93274e+06
1,CUTLASS,grouped_gemm,cutlass3x_sm100_tensorop_gemm_grouped_e4m3_e4m3_f32_bf16_e4m3_64x128x128_1x1x1_0_nnn_align16_1sm,passed,success,grouped,,,,,fe4m3:column,fe4m3:column,bf16:column,fe4m3:column,1,0,invalid,invalid,heuristic,1,false,'[4096x1920x6144][4096x1920x6144][4096x1920x6144][4096x1920x6144][4096x1920x6144][4096x1920x6144][4096x1920x6144][4096x1920x6144][4096x1920x6144][4096x1920x6144][4096x1920x6144][4096x1920x6144][4096x1920x6144][4096x1920x6144][4096x1920x6144][4096x1920x6144]',,tensorop,f32,64,128,128,1,1,1,1,1,1,8,4,1,1,64,128,32,100,110,843055104,1546439884800,1834,0.82149,955.771,1.88248e+06
1,CUTLASS,grouped_gemm,cutlass3x_sm100_tensorop_gemm_grouped_e4m3_e4m3_f32_bf16_e4m3_64x128x128_1x1x1_0_nnn_align16_stream_k_1sm,passed,success,grouped,,,,,fe4m3:column,fe4m3:column,bf16:column,fe4m3:column,1,0,invalid,invalid,heuristic,1,false,'[4096x1920x6144][4096x1920x6144][4096x1920x6144][4096x1920x6144][4096x1920x6144][4096x1920x6144][4096x1920x6144][4096x1920x6144][4096x1920x6144][4096x1920x6144][4096x1920x6144][4096x1920x6144][4096x1920x6144][4096x1920x6144][4096x1920x6144][4096x1920x6144]',,tensorop,f32,64,128,128,1,1,1,1,1,1,8,4,1,1,64,128,32,100,110,843055104,1546439884800,1834,0.813224,965.485,1.90162e+06
1,CUTLASS,grouped_gemm,cutlass3x_sm100_tensorop_gemm_grouped_e4m3_e4m3_f32_bf16_e4m3_64x128x128_1x1x1_0_ntn_align16_1sm,passed,success,grouped,,,,,fe4m3:column,fe4m3:row,bf16:column,fe4m3:column,1,0,invalid,invalid,heuristic,1,false,'[4096x1920x6144][4096x1920x6144][4096x1920x6144][4096x1920x6144][4096x1920x6144][4096x1920x6144][4096x1920x6144][4096x1920x6144][4096x1920x6144][4096x1920x6144][4096x1920x6144][4096x1920x6144][4096x1920x6144][4096x1920x6144][4096x1920x6144][4096x1920x6144]',,tensorop,f32,64,128,128,1,1,1,1,1,1,8,4,1,1,64,128,32,100,110,843055104,1546439884800,1834,0.817249,960.73,1.89225e+06
1,CUTLASS,grouped_gemm,cutlass3x_sm100_tensorop_gemm_grouped_e4m3_e4m3_f32_bf16_e4m3_64x128x128_1x1x1_0_ntn_align16_stream_k_1sm,passed,success,grouped,,,,,fe4m3:column,fe4m3:row,bf16:column,fe4m3:column,1,0,invalid,invalid,heuristic,1,false,'[4096x1920x6144][4096x1920x6144][4096x1920x6144][4096x1920x6144][4096x1920x6144][4096x1920x6144][4096x1920x6144][4096x1920x6144][4096x1920x6144][4096x1920x6144][4096x1920x6144][4096x1920x6144][4096x1920x6144][4096x1920x6144][4096x1920x6144][4096x1920x6144]',,tensorop,f32,64,128,128,1,1,1,1,1,1,8,4,1,1,64,128,32,100,110,843055104,1546439884800,1834,0.811053,968.07,1.90671e+06
1,CUTLASS,grouped_gemm,cutlass3x_sm100_tensorop_gemm_grouped_e4m3_e4m3_f32_bf16_e4m3_64x128x128_1x1x1_0_tnn_align16_1sm,passed,success,grouped,,,,,fe4m3:row,fe4m3:column,bf16:column,fe4m3:column,1,0,invalid,invalid,heuristic,1,false,'[4096x1920x6144][4096x1920x6144][4096x1920x6144][4096x1920x6144][4096x1920x6144][4096x1920x6144][4096x1920x6144][4096x1920x6144][4096x1920x6144][4096x1920x6144][4096x1920x6144][4096x1920x6144][4096x1920x6144][4096x1920x6144][4096x1920x6144][4096x1920x6144]',,tensorop,f32,64,128,128,1,1,1,1,1,1,8,4,1,1,64,128,32,100,110,843055104,1546439884800,1834,0.749788,1047.17,2.0625e+06
1,CUTLASS,grouped_gemm,cutlass3x_sm100_tensorop_gemm_grouped_e4m3_e4m3_f32_bf16_e4m3_64x128x128_1x1x1_0_tnn_align16_stream_k_1sm,passed,success,grouped,,,,,fe4m3:row,fe4m3:column,bf16:column,fe4m3:column,1,0,invalid,invalid,heuristic,1,false,'[4096x1920x6144][4096x1920x6144][4096x1920x6144][4096x1920x6144][4096x1920x6144][4096x1920x6144][4096x1920x6144][4096x1920x6144][4096x1920x6144][4096x1920x6144][4096x1920x6144][4096x1920x6144][4096x1920x6144][4096x1920x6144][4096x1920x6144][4096x1920x6144]',,tensorop,f32,64,128,128,1,1,1,1,1,1,8,4,1,1,64,128,32,100,110,843055104,1546439884800,1834,0.741442,1058.96,2.08572e+06
1,CUTLASS,grouped_gemm,cutlass3x_sm100_tensorop_gemm_grouped_e4m3_e4m3_f32_bf16_e4m3_64x128x128_1x1x1_0_ttn_align16_1sm,passed,success,grouped,,,,,fe4m3:row,fe4m3:row,bf16:column,fe4m3:column,1,0,invalid,invalid,heuristic,1,false,'[4096x1920x6144][4096x1920x6144][4096x1920x6144][4096x1920x6144][4096x1920x6144][4096x1920x6144][4096x1920x6144][4096x1920x6144][4096x1920x6144][4096x1920x6144][4096x1920x6144][4096x1920x6144][4096x1920x6144][4096x1920x6144][4096x1920x6144][4096x1920x6144]',,tensorop,f32,64,128,128,1,1,1,1,1,1,8,4,1,1,64,128,32,100,110,843055104,1546439884800,1834,0.740357,1060.51,2.08878e+06
1,CUTLASS,grouped_gemm,cutlass3x_sm100_tensorop_gemm_grouped_e4m3_e4m3_f32_bf16_e4m3_64x128x128_1x1x1_0_ttn_align16_stream_k_1sm,passed,success,grouped,,,,,fe4m3:row,fe4m3:row,bf16:column,fe4m3:column,1,0,invalid,invalid,heuristic,1,false,'[4096x1920x6144][4096x1920x6144][4096x1920x6144][4096x1920x6144][4096x1920x6144][4096x1920x6144][4096x1920x6144][4096x1920x6144][4096x1920x6144][4096x1920x6144][4096x1920x6144][4096x1920x6144][4096x1920x6144][4096x1920x6144][4096x1920x6144][4096x1920x6144]',,tensorop,f32,64,128,128,1,1,1,1,1,1,8,4,1,1,64,128,32,100,110,843055104,1546439884800,1834,0.737479,1064.65,2.09693e+06
1,CUTLASS,grouped_gemm,cutlass3x_sm100_tensorop_gemm_grouped_e4m3_e4m3_f32_bf16_e4m3_64x128x128_1x1x1_0_nnt_align16_1sm,passed,success,grouped,,,,,fe4m3:column,fe4m3:column,bf16:row,fe4m3:row,1,0,invalid,invalid,heuristic,1,false,'[4096x1920x6144][4096x1920x6144][4096x1920x6144][4096x1920x6144][4096x1920x6144][4096x1920x6144][4096x1920x6144][4096x1920x6144][4096x1920x6144][4096x1920x6144][4096x1920x6144][4096x1920x6144][4096x1920x6144][4096x1920x6144][4096x1920x6144][4096x1920x6144]',,tensorop,f32,64,128,128,1,1,1,1,1,1,8,4,1,1,64,128,32,100,110,843055104,1546439884800,1834,0.795549,986.936,1.94386e+06
1,CUTLASS,grouped_gemm,cutlass3x_sm100_tensorop_gemm_grouped_e4m3_e4m3_f32_bf16_e4m3_64x128x128_1x1x1_0_nnt_align16_stream_k_1sm,passed,success,grouped,,,,,fe4m3:column,fe4m3:column,bf16:row,fe4m3:row,1,0,invalid,invalid,heuristic,1,false,'[4096x1920x6144][4096x1920x6144][4096x1920x6144][4096x1920x6144][4096x1920x6144][4096x1920x6144][4096x1920x6144][4096x1920x6144][4096x1920x6144][4096x1920x6144][4096x1920x6144][4096x1920x6144][4096x1920x6144][4096x1920x6144][4096x1920x6144][4096x1920x6144]',,tensorop,f32,64,128,128,1,1,1,1,1,1,8,4,1,1,64,128,32,100,110,843055104,1546439884800,1834,0.810849,968.314,1.90719e+06
1,CUTLASS,grouped_gemm,cutlass3x_sm100_tensorop_gemm_grouped_e4m3_e4m3_f32_bf16_e4m3_64x128x128_1x1x1_0_ntt_align16_1sm,passed,success,grouped,,,,,fe4m3:column,fe4m3:row,bf16:row,fe4m3:row,1,0,invalid,invalid,heuristic,1,false,'[4096x1920x6144][4096x1920x6144][4096x1920x6144][4096x1920x6144][4096x1920x6144][4096x1920x6144][4096x1920x6144][4096x1920x6144][4096x1920x6144][4096x1920x6144][4096x1920x6144][4096x1920x6144][4096x1920x6144][4096x1920x6144][4096x1920x6144][4096x1920x6144]',,tensorop,f32,64,128,128,1,1,1,1,1,1,8,4,1,1,64,128,32,100,110,843055104,1546439884800,1834,0.806121,973.993,1.91837e+06
1,CUTLASS,grouped_gemm,cutlass3x_sm100_tensorop_gemm_grouped_e4m3_e4m3_f32_bf16_e4m3_64x128x128_1x1x1_0_ntt_align16_stream_k_1sm,passed,success,grouped,,,,,fe4m3:column,fe4m3:row,bf16:row,fe4m3:row,1,0,invalid,invalid,heuristic,1,false,'[4096x1920x6144][4096x1920x6144][4096x1920x6144][4096x1920x6144][4096x1920x6144][4096x1920x6144][4096x1920x6144][4096x1920x6144][4096x1920x6144][4096x1920x6144][4096x1920x6144][4096x1920x6144][4096x1920x6144][4096x1920x6144][4096x1920x6144][4096x1920x6144]',,tensorop,f32,64,128,128,1,1,1,1,1,1,8,4,1,1,64,128,32,100,110,843055104,1546439884800,1834,0.793626,989.328,1.94858e+06
1,CUTLASS,grouped_gemm,cutlass3x_sm100_tensorop_gemm_grouped_e4m3_e4m3_f32_bf16_e4m3_64x128x128_1x1x1_0_tnt_align16_1sm,passed,success,grouped,,,,,fe4m3:row,fe4m3:column,bf16:row,fe4m3:row,1,0,invalid,invalid,heuristic,1,false,'[4096x1920x6144][4096x1920x6144][4096x1920x6144][4096x1920x6144][4096x1920x6144][4096x1920x6144][4096x1920x6144][4096x1920x6144][4096x1920x6144][4096x1920x6144][4096x1920x6144][4096x1920x6144][4096x1920x6144][4096x1920x6144][4096x1920x6144][4096x1920x6144]',,tensorop,f32,64,128,128,1,1,1,1,1,1,8,4,1,1,64,128,32,100,110,843055104,1546439884800,1834,0.747821,1049.93,2.06793e+06
1,CUTLASS,grouped_gemm,cutlass3x_sm100_tensorop_gemm_grouped_e4m3_e4m3_f32_bf16_e4m3_64x128x128_1x1x1_0_tnt_align16_stream_k_1sm,passed,success,grouped,,,,,fe4m3:row,fe4m3:column,bf16:row,fe4m3:row,1,0,invalid,invalid,heuristic,1,false,'[4096x1920x6144][4096x1920x6144][4096x1920x6144][4096x1920x6144][4096x1920x6144][4096x1920x6144][4096x1920x6144][4096x1920x6144][4096x1920x6144][4096x1920x6144][4096x1920x6144][4096x1920x6144][4096x1920x6144][4096x1920x6144][4096x1920x6144][4096x1920x6144]',,tensorop,f32,64,128,128,1,1,1,1,1,1,8,4,1,1,64,128,32,100,110,843055104,1546439884800,1834,0.750146,1046.67,2.06152e+06
1,CUTLASS,grouped_gemm,cutlass3x_sm100_tensorop_gemm_grouped_e4m3_e4m3_f32_bf16_e4m3_64x128x128_1x1x1_0_ttt_align16_1sm,passed,success,grouped,,,,,fe4m3:row,fe4m3:row,bf16:row,fe4m3:row,1,0,invalid,invalid,heuristic,1,false,'[4096x1920x6144][4096x1920x6144][4096x1920x6144][4096x1920x6144][4096x1920x6144][4096x1920x6144][4096x1920x6144][4096x1920x6144][4096x1920x6144][4096x1920x6144][4096x1920x6144][4096x1920x6144][4096x1920x6144][4096x1920x6144][4096x1920x6144][4096x1920x6144]',,tensorop,f32,64,128,128,1,1,1,1,1,1,8,4,1,1,64,128,32,100,110,843055104,1546439884800,1834,0.739814,1061.29,2.09031e+06
1,CUTLASS,grouped_gemm,cutlass3x_sm100_tensorop_gemm_grouped_e4m3_e4m3_f32_bf16_e4m3_64x128x128_1x1x1_0_ttt_align16_stream_k_1sm,passed,success,grouped,,,,,fe4m3:row,fe4m3:row,bf16:row,fe4m3:row,1,0,invalid,invalid,heuristic,1,false,'[4096x1920x6144][4096x1920x6144][4096x1920x6144][4096x1920x6144][4096x1920x6144][4096x1920x6144][4096x1920x6144][4096x1920x6144][4096x1920x6144][4096x1920x6144][4096x1920x6144][4096x1920x6144][4096x1920x6144][4096x1920x6144][4096x1920x6144][4096x1920x6144]',,tensorop,f32,64,128,128,1,1,1,1,1,1,8,4,1,1,64,128,32,100,110,843055104,1546439884800,1834,0.745763,1052.82,2.07363e+06
1,CUTLASS,grouped_gemm,cutlass3x_sm100_tensorop_gemm_grouped_e4m3_e4m3_f32_bf16_e4m3_64x128x128_1x2x1_0_nnn_align16_1sm,passed,success,grouped,,,,,fe4m3:column,fe4m3:column,bf16:column,fe4m3:column,1,0,invalid,invalid,heuristic,1,false,'[4096x1920x6144][4096x1920x6144][4096x1920x6144][4096x1920x6144][4096x1920x6144][4096x1920x6144][4096x1920x6144][4096x1920x6144][4096x1920x6144][4096x1920x6144][4096x1920x6144][4096x1920x6144][4096x1920x6144][4096x1920x6144][4096x1920x6144][4096x1920x6144]',,tensorop,f32,64,128,128,1,2,1,1,1,1,8,4,1,1,64,128,32,100,110,843055104,1546439884800,1834,0.952959,823.914,1.62278e+06
1,CUTLASS,grouped_gemm,cutlass3x_sm100_tensorop_gemm_grouped_e4m3_e4m3_f32_bf16_e4m3_64x128x128_1x2x1_0_nnn_align16_stream_k_1sm,passed,success,grouped,,,,,fe4m3:column,fe4m3:column,bf16:column,fe4m3:column,1,0,invalid,invalid,heuristic,1,false,'[4096x1920x6144][4096x1920x6144][4096x1920x6144][4096x1920x6144][4096x1920x6144][4096x1920x6144][4096x1920x6144][4096x1920x6144][4096x1920x6144][4096x1920x6144][4096x1920x6144][4096x1920x6144][4096x1920x6144][4096x1920x6144][4096x1920x6144][4096x1920x6144]',,tensorop,f32,64,128,128,1,2,1,1,1,1,8,4,1,1,64,128,32,100,110,843055104,1546439884800,1834,0.954292,822.763,1.62051e+06
1,CUTLASS,grouped_gemm,cutlass3x_sm100_tensorop_gemm_grouped_e4m3_e4m3_f32_bf16_e4m3_64x128x128_1x2x1_0_ntn_align16_1sm,passed,success,grouped,,,,,fe4m3:column,fe4m3:row,bf16:column,fe4m3:column,1,0,invalid,invalid,heuristic,1,false,'[4096x1920x6144][4096x1920x6144][4096x1920x6144][4096x1920x6144][4096x1920x6144][4096x1920x6144][4096x1920x6144][4096x1920x6144][4096x1920x6144][4096x1920x6144][4096x1920x6144][4096x1920x6144][4096x1920x6144][4096x1920x6144][4096x1920x6144][4096x1920x6144]',,tensorop,f32,64,128,128,1,2,1,1,1,1,8,4,1,1,64,128,32,100,110,843055104,1546439884800,1834,0.962493,815.753,1.6067e+06
1,CUTLASS,grouped_gemm,cutlass3x_sm100_tensorop_gemm_grouped_e4m3_e4m3_f32_bf16_e4m3_64x128x128_1x2x1_0_ntn_align16_stream_k_1sm,passed,success,grouped,,,,,fe4m3:column,fe4m3:row,bf16:column,fe4m3:column,1,0,invalid,invalid,heuristic,1,false,'[4096x1920x6144][4096x1920x6144][4096x1920x6144][4096x1920x6144][4096x1920x6144][4096x1920x6144][4096x1920x6144][4096x1920x6144][4096x1920x6144][4096x1920x6144][4096x1920x6144][4096x1920x6144][4096x1920x6144][4096x1920x6144][4096x1920x6144][4096x1920x6144]',,tensorop,f32,64,128,128,1,2,1,1,1,1,8,4,1,1,64,128,32,100,110,843055104,1546439884800,1834,0.964561,814.003,1.60326e+06
1,CUTLASS,grouped_gemm,cutlass3x_sm100_tensorop_gemm_grouped_e4m3_e4m3_f32_bf16_e4m3_64x128x128_1x2x1_0_tnn_align16_1sm,passed,success,grouped,,,,,fe4m3:row,fe4m3:column,bf16:column,fe4m3:column,1,0,invalid,invalid,heuristic,1,false,'[4096x1920x6144][4096x1920x6144][4096x1920x6144][4096x1920x6144][4096x1920x6144][4096x1920x6144][4096x1920x6144][4096x1920x6144][4096x1920x6144][4096x1920x6144][4096x1920x6144][4096x1920x6144][4096x1920x6144][4096x1920x6144][4096x1920x6144][4096x1920x6144]',,tensorop,f32,64,128,128,1,2,1,1,1,1,8,4,1,1,64,128,32,100,110,843055104,1546439884800,1834,0.947757,828.436,1.63168e+06
1,CUTLASS,grouped_gemm,cutlass3x_sm100_tensorop_gemm_grouped_e4m3_e4m3_f32_bf16_e4m3_64x128x128_1x2x1_0_tnn_align16_stream_k_1sm,passed,success,grouped,,,,,fe4m3:row,fe4m3:column,bf16:column,fe4m3:column,1,0,invalid,invalid,heuristic,1,false,'[4096x1920x6144][4096x1920x6144][4096x1920x6144][4096x1920x6144][4096x1920x6144][4096x1920x6144][4096x1920x6144][4096x1920x6144][4096x1920x6144][4096x1920x6144][4096x1920x6144][4096x1920x6144][4096x1920x6144][4096x1920x6144][4096x1920x6144][4096x1920x6144]',,tensorop,f32,64,128,128,1,2,1,1,1,1,8,4,1,1,64,128,32,100,110,843055104,1546439884800,1834,0.947779,828.417,1.63165e+06
1,CUTLASS,grouped_gemm,cutlass3x_sm100_tensorop_gemm_grouped_e4m3_e4m3_f32_bf16_e4m3_64x128x128_1x2x1_0_ttn_align16_1sm,passed,success,grouped,,,,,fe4m3:row,fe4m3:row,bf16:column,fe4m3:column,1,0,invalid,invalid,heuristic,1,false,'[4096x1920x6144][4096x1920x6144][4096x1920x6144][4096x1920x6144][4096x1920x6144][4096x1920x6144][4096x1920x6144][4096x1920x6144][4096x1920x6144][4096x1920x6144][4096x1920x6144][4096x1920x6144][4096x1920x6144][4096x1920x6144][4096x1920x6144][4096x1920x6144]',,tensorop,f32,64,128,128,1,2,1,1,1,1,8,4,1,1,64,128,32,100,110,843055104,1546439884800,1834,0.956768,820.634,1.61632e+06
1,CUTLASS,grouped_gemm,cutlass3x_sm100_tensorop_gemm_grouped_e4m3_e4m3_f32_bf16_e4m3_64x128x128_1x2x1_0_ttn_align16_stream_k_1sm,passed,success,grouped,,,,,fe4m3:row,fe4m3:row,bf16:column,fe4m3:column,1,0,invalid,invalid,heuristic,1,false,'[4096x1920x6144][4096x1920x6144][4096x1920x6144][4096x1920x6144][4096x1920x6144][4096x1920x6144][4096x1920x6144][4096x1920x6144][4096x1920x6144][4096x1920x6144][4096x1920x6144][4096x1920x6144][4096x1920x6144][4096x1920x6144][4096x1920x6144][4096x1920x6144]',,tensorop,f32,64,128,128,1,2,1,1,1,1,8,4,1,1,64,128,32,100,110,843055104,1546439884800,1834,0.95597,821.319,1.61767e+06
1,CUTLASS,grouped_gemm,cutlass3x_sm100_tensorop_gemm_grouped_e4m3_e4m3_f32_bf16_e4m3_64x128x128_1x2x1_0_nnt_align16_1sm,passed,success,grouped,,,,,fe4m3:column,fe4m3:column,bf16:row,fe4m3:row,1,0,invalid,invalid,heuristic,1,false,'[4096x1920x6144][4096x1920x6144][4096x1920x6144][4096x1920x6144][4096x1920x6144][4096x1920x6144][4096x1920x6144][4096x1920x6144][4096x1920x6144][4096x1920x6144][4096x1920x6144][4096x1920x6144][4096x1920x6144][4096x1920x6144][4096x1920x6144][4096x1920x6144]',,tensorop,f32,64,128,128,1,2,1,1,1,1,8,4,1,1,64,128,32,100,110,843055104,1546439884800,1834,0.97049,809.031,1.59346e+06
1,CUTLASS,grouped_gemm,cutlass3x_sm100_tensorop_gemm_grouped_e4m3_e4m3_f32_bf16_e4m3_64x128x128_1x2x1_0_nnt_align16_stream_k_1sm,passed,success,grouped,,,,,fe4m3:column,fe4m3:column,bf16:row,fe4m3:row,1,0,invalid,invalid,heuristic,1,false,'[4096x1920x6144][4096x1920x6144][4096x1920x6144][4096x1920x6144][4096x1920x6144][4096x1920x6144][4096x1920x6144][4096x1920x6144][4096x1920x6144][4096x1920x6144][4096x1920x6144][4096x1920x6144][4096x1920x6144][4096x1920x6144][4096x1920x6144][4096x1920x6144]',,tensorop,f32,64,128,128,1,2,1,1,1,1,8,4,1,1,64,128,32,100,110,843055104,1546439884800,1834,0.964899,813.719,1.6027e+06
1,CUTLASS,grouped_gemm,cutlass3x_sm100_tensorop_gemm_grouped_e4m3_e4m3_f32_bf16_e4m3_64x128x128_1x2x1_0_ntt_align16_1sm,passed,success,grouped,,,,,fe4m3:column,fe4m3:row,bf16:row,fe4m3:row,1,0,invalid,invalid,heuristic,1,false,'[4096x1920x6144][4096x1920x6144][4096x1920x6144][4096x1920x6144][4096x1920x6144][4096x1920x6144][4096x1920x6144][4096x1920x6144][4096x1920x6144][4096x1920x6144][4096x1920x6144][4096x1920x6144][4096x1920x6144][4096x1920x6144][4096x1920x6144][4096x1920x6144]',,tensorop,f32,64,128,128,1,2,1,1,1,1,8,4,1,1,64,128,32,100,110,843055104,1546439884800,1834,0.940047,835.231,1.64507e+06
1,CUTLASS,grouped_gemm,cutlass3x_sm100_tensorop_gemm_grouped_e4m3_e4m3_f32_bf16_e4m3_64x128x128_1x2x1_0_ntt_align16_stream_k_1sm,passed,success,grouped,,,,,fe4m3:column,fe4m3:row,bf16:row,fe4m3:row,1,0,invalid,invalid,heuristic,1,false,'[4096x1920x6144][4096x1920x6144][4096x1920x6144][4096x1920x6144][4096x1920x6144][4096x1920x6144][4096x1920x6144][4096x1920x6144][4096x1920x6144][4096x1920x6144][4096x1920x6144][4096x1920x6144][4096x1920x6144][4096x1920x6144][4096x1920x6144][4096x1920x6144]',,tensorop,f32,64,128,128,1,2,1,1,1,1,8,4,1,1,64,128,32,100,110,843055104,1546439884800,1834,0.945084,830.779,1.6363e+06
1,CUTLASS,grouped_gemm,cutlass3x_sm100_tensorop_gemm_grouped_e4m3_e4m3_f32_bf16_e4m3_64x128x128_1x2x1_0_tnt_align16_1sm,passed,success,grouped,,,,,fe4m3:row,fe4m3:column,bf16:row,fe4m3:row,1,0,invalid,invalid,heuristic,1,false,'[4096x1920x6144][4096x1920x6144][4096x1920x6144][4096x1920x6144][4096x1920x6144][4096x1920x6144][4096x1920x6144][4096x1920x6144][4096x1920x6144][4096x1920x6144][4096x1920x6144][4096x1920x6144][4096x1920x6144][4096x1920x6144][4096x1920x6144][4096x1920x6144]',,tensorop,f32,64,128,128,1,2,1,1,1,1,8,4,1,1,64,128,32,100,110,843055104,1546439884800,1834,0.93509,839.659,1.65379e+06
1,CUTLASS,grouped_gemm,cutlass3x_sm100_tensorop_gemm_grouped_e4m3_e4m3_f32_bf16_e4m3_64x128x128_1x2x1_0_tnt_align16_stream_k_1sm,passed,success,grouped,,,,,fe4m3:row,fe4m3:column,bf16:row,fe4m3:row,1,0,invalid,invalid,heuristic,1,false,'[4096x1920x6144][4096x1920x6144][4096x1920x6144][4096x1920x6144][4096x1920x6144][4096x1920x6144][4096x1920x6144][4096x1920x6144][4096x1920x6144][4096x1920x6144][4096x1920x6144][4096x1920x6144][4096x1920x6144][4096x1920x6144][4096x1920x6144][4096x1920x6144]',,tensorop,f32,64,128,128,1,2,1,1,1,1,8,4,1,1,64,128,32,100,110,843055104,1546439884800,1834,0.93681,838.117,1.65075e+06
1,CUTLASS,grouped_gemm,cutlass3x_sm100_tensorop_gemm_grouped_e4m3_e4m3_f32_bf16_e4m3_64x128x128_1x2x1_0_ttt_align16_1sm,passed,success,grouped,,,,,fe4m3:row,fe4m3:row,bf16:row,fe4m3:row,1,0,invalid,invalid,heuristic,1,false,'[4096x1920x6144][4096x1920x6144][4096x1920x6144][4096x1920x6144][4096x1920x6144][4096x1920x6144][4096x1920x6144][4096x1920x6144][4096x1920x6144][4096x1920x6144][4096x1920x6144][4096x1920x6144][4096x1920x6144][4096x1920x6144][4096x1920x6144][4096x1920x6144]',,tensorop,f32,64,128,128,1,2,1,1,1,1,8,4,1,1,64,128,32,100,110,843055104,1546439884800,1834,0.945934,830.032,1.63483e+06
1,CUTLASS,grouped_gemm,cutlass3x_sm100_tensorop_gemm_grouped_e4m3_e4m3_f32_bf16_e4m3_64x128x128_1x2x1_0_ttt_align16_stream_k_1sm,passed,success,grouped,,,,,fe4m3:row,fe4m3:row,bf16:row,fe4m3:row,1,0,invalid,invalid,heuristic,1,false,'[4096x1920x6144][4096x1920x6144][4096x1920x6144][4096x1920x6144][4096x1920x6144][4096x1920x6144][4096x1920x6144][4096x1920x6144][4096x1920x6144][4096x1920x6144][4096x1920x6144][4096x1920x6144][4096x1920x6144][4096x1920x6144][4096x1920x6144][4096x1920x6144]',,tensorop,f32,64,128,128,1,2,1,1,1,1,8,4,1,1,64,128,32,100,110,843055104,1546439884800,1834,0.945668,830.266,1.63529e+06
1,CUTLASS,grouped_gemm,cutlass3x_sm100_tensorop_gemm_grouped_e4m3_e4m3_f32_bf16_e4m3_64x128x128_2x1x1_0_nnn_align16_1sm,passed,success,grouped,,,,,fe4m3:column,fe4m3:column,bf16:column,fe4m3:column,1,0,invalid,invalid,heuristic,1,false,'[4096x1920x6144][4096x1920x6144][4096x1920x6144][4096x1920x6144][4096x1920x6144][4096x1920x6144][4096x1920x6144][4096x1920x6144][4096x1920x6144][4096x1920x6144][4096x1920x6144][4096x1920x6144][4096x1920x6144][4096x1920x6144][4096x1920x6144][4096x1920x6144]',,tensorop,f32,64,128,128,2,1,1,1,1,1,8,4,1,1,64,128,32,100,110,843055104,1546439884800,1834,0.72943,1076.4,2.12007e+06
1,CUTLASS,grouped_gemm,cutlass3x_sm100_tensorop_gemm_grouped_e4m3_e4m3_f32_bf16_e4m3_64x128x128_2x1x1_0_nnn_align16_stream_k_1sm,passed,success,grouped,,,,,fe4m3:column,fe4m3:column,bf16:column,fe4m3:column,1,0,invalid,invalid,heuristic,1,false,'[4096x1920x6144][4096x1920x6144][4096x1920x6144][4096x1920x6144][4096x1920x6144][4096x1920x6144][4096x1920x6144][4096x1920x6144][4096x1920x6144][4096x1920x6144][4096x1920x6144][4096x1920x6144][4096x1920x6144][4096x1920x6144][4096x1920x6144][4096x1920x6144]',,tensorop,f32,64,128,128,2,1,1,1,1,1,8,4,1,1,64,128,32,100,110,843055104,1546439884800,1834,0.724423,1083.84,2.13472e+06
1,CUTLASS,grouped_gemm,cutlass3x_sm100_tensorop_gemm_grouped_e4m3_e4m3_f32_bf16_e4m3_64x128x128_2x1x1_0_ntn_align16_1sm,passed,success,grouped,,,,,fe4m3:column,fe4m3:row,bf16:column,fe4m3:column,1,0,invalid,invalid,heuristic,1,false,'[4096x1920x6144][4096x1920x6144][4096x1920x6144][4096x1920x6144][4096x1920x6144][4096x1920x6144][4096x1920x6144][4096x1920x6144][4096x1920x6144][4096x1920x6144][4096x1920x6144][4096x1920x6144][4096x1920x6144][4096x1920x6144][4096x1920x6144][4096x1920x6144]',,tensorop,f32,64,128,128,2,1,1,1,1,1,8,4,1,1,64,128,32,100,110,843055104,1546439884800,1834,0.698526,1124.02,2.21386e+06
1,CUTLASS,grouped_gemm,cutlass3x_sm100_tensorop_gemm_grouped_e4m3_e4m3_f32_bf16_e4m3_64x128x128_2x1x1_0_ntn_align16_stream_k_1sm,passed,success,grouped,,,,,fe4m3:column,fe4m3:row,bf16:column,fe4m3:column,1,0,invalid,invalid,heuristic,1,false,'[4096x1920x6144][4096x1920x6144][4096x1920x6144][4096x1920x6144][4096x1920x6144][4096x1920x6144][4096x1920x6144][4096x1920x6144][4096x1920x6144][4096x1920x6144][4096x1920x6144][4096x1920x6144][4096x1920x6144][4096x1920x6144][4096x1920x6144][4096x1920x6144]',,tensorop,f32,64,128,128,2,1,1,1,1,1,8,4,1,1,64,128,32,100,110,843055104,1546439884800,1834,0.691419,1135.57,2.23662e+06
1,CUTLASS,grouped_gemm,cutlass3x_sm100_tensorop_gemm_grouped_e4m3_e4m3_f32_bf16_e4m3_64x128x128_2x1x1_0_tnn_align16_1sm,passed,success,grouped,,,,,fe4m3:row,fe4m3:column,bf16:column,fe4m3:column,1,0,invalid,invalid,heuristic,1,false,'[4096x1920x6144][4096x1920x6144][4096x1920x6144][4096x1920x6144][4096x1920x6144][4096x1920x6144][4096x1920x6144][4096x1920x6144][4096x1920x6144][4096x1920x6144][4096x1920x6144][4096x1920x6144][4096x1920x6144][4096x1920x6144][4096x1920x6144][4096x1920x6144]',,tensorop,f32,64,128,128,2,1,1,1,1,1,8,4,1,1,64,128,32,100,110,843055104,1546439884800,1834,0.714582,1098.76,2.16412e+06
1,CUTLASS,grouped_gemm,cutlass3x_sm100_tensorop_gemm_grouped_e4m3_e4m3_f32_bf16_e4m3_64x128x128_2x1x1_0_tnn_align16_stream_k_1sm,passed,success,grouped,,,,,fe4m3:row,fe4m3:column,bf16:column,fe4m3:column,1,0,invalid,invalid,heuristic,1,false,'[4096x1920x6144][4096x1920x6144][4096x1920x6144][4096x1920x6144][4096x1920x6144][4096x1920x6144][4096x1920x6144][4096x1920x6144][4096x1920x6144][4096x1920x6144][4096x1920x6144][4096x1920x6144][4096x1920x6144][4096x1920x6144][4096x1920x6144][4096x1920x6144]',,tensorop,f32,64,128,128,2,1,1,1,1,1,8,4,1,1,64,128,32,100,110,843055104,1546439884800,1834,0.707281,1110.11,2.18646e+06
1,CUTLASS,grouped_gemm,cutlass3x_sm100_tensorop_gemm_grouped_e4m3_e4m3_f32_bf16_e4m3_64x128x128_2x1x1_0_ttn_align16_1sm,passed,success,grouped,,,,,fe4m3:row,fe4m3:row,bf16:column,fe4m3:column,1,0,invalid,invalid,heuristic,1,false,'[4096x1920x6144][4096x1920x6144][4096x1920x6144][4096x1920x6144][4096x1920x6144][4096x1920x6144][4096x1920x6144][4096x1920x6144][4096x1920x6144][4096x1920x6144][4096x1920x6144][4096x1920x6144][4096x1920x6144][4096x1920x6144][4096x1920x6144][4096x1920x6144]',,tensorop,f32,64,128,128,2,1,1,1,1,1,8,4,1,1,64,128,32,100,110,843055104,1546439884800,1834,0.68078,1153.32,2.27157e+06
1,CUTLASS,grouped_gemm,cutlass3x_sm100_tensorop_gemm_grouped_e4m3_e4m3_f32_bf16_e4m3_64x128x128_2x1x1_0_ttn_align16_stream_k_1sm,passed,success,grouped,,,,,fe4m3:row,fe4m3:row,bf16:column,fe4m3:column,1,0,invalid,invalid,heuristic,1,false,'[4096x1920x6144][4096x1920x6144][4096x1920x6144][4096x1920x6144][4096x1920x6144][4096x1920x6144][4096x1920x6144][4096x1920x6144][4096x1920x6144][4096x1920x6144][4096x1920x6144][4096x1920x6144][4096x1920x6144][4096x1920x6144][4096x1920x6144][4096x1920x6144]',,tensorop,f32,64,128,128,2,1,1,1,1,1,8,4,1,1,64,128,32,100,110,843055104,1546439884800,1834,0.716835,1095.31,2.15732e+06
1,CUTLASS,grouped_gemm,cutlass3x_sm100_tensorop_gemm_grouped_e4m3_e4m3_f32_bf16_e4m3_64x128x128_2x1x1_0_nnt_align16_1sm,passed,success,grouped,,,,,fe4m3:column,fe4m3:column,bf16:row,fe4m3:row,1,0,invalid,invalid,heuristic,1,false,'[4096x1920x6144][4096x1920x6144][4096x1920x6144][4096x1920x6144][4096x1920x6144][4096x1920x6144][4096x1920x6144][4096x1920x6144][4096x1920x6144][4096x1920x6144][4096x1920x6144][4096x1920x6144][4096x1920x6144][4096x1920x6144][4096x1920x6144][4096x1920x6144]',,tensorop,f32,64,128,128,2,1,1,1,1,1,8,4,1,1,64,128,32,100,110,843055104,1546439884800,1834,0.717879,1093.72,2.15418e+06
1,CUTLASS,grouped_gemm,cutlass3x_sm100_tensorop_gemm_grouped_e4m3_e4m3_f32_bf16_e4m3_64x128x128_2x1x1_0_nnt_align16_stream_k_1sm,passed,success,grouped,,,,,fe4m3:column,fe4m3:column,bf16:row,fe4m3:row,1,0,invalid,invalid,heuristic,1,false,'[4096x1920x6144][4096x1920x6144][4096x1920x6144][4096x1920x6144][4096x1920x6144][4096x1920x6144][4096x1920x6144][4096x1920x6144][4096x1920x6144][4096x1920x6144][4096x1920x6144][4096x1920x6144][4096x1920x6144][4096x1920x6144][4096x1920x6144][4096x1920x6144]',,tensorop,f32,64,128,128,2,1,1,1,1,1,8,4,1,1,64,128,32,100,110,843055104,1546439884800,1834,0.736271,1066.4,2.10037e+06
1,CUTLASS,grouped_gemm,cutlass3x_sm100_tensorop_gemm_grouped_e4m3_e4m3_f32_bf16_e4m3_64x128x128_2x1x1_0_ntt_align16_1sm,passed,success,grouped,,,,,fe4m3:column,fe4m3:row,bf16:row,fe4m3:row,1,0,invalid,invalid,heuristic,1,false,'[4096x1920x6144][4096x1920x6144][4096x1920x6144][4096x1920x6144][4096x1920x6144][4096x1920x6144][4096x1920x6144][4096x1920x6144][4096x1920x6144][4096x1920x6144][4096x1920x6144][4096x1920x6144][4096x1920x6144][4096x1920x6144][4096x1920x6144][4096x1920x6144]',,tensorop,f32,64,128,128,2,1,1,1,1,1,8,4,1,1,64,128,32,100,110,843055104,1546439884800,1834,0.706278,1111.68,2.18956e+06
1,CUTLASS,grouped_gemm,cutlass3x_sm100_tensorop_gemm_grouped_e4m3_e4m3_f32_bf16_e4m3_64x128x128_2x1x1_0_ntt_align16_stream_k_1sm,passed,success,grouped,,,,,fe4m3:column,fe4m3:row,bf16:row,fe4m3:row,1,0,invalid,invalid,heuristic,1,false,'[4096x1920x6144][4096x1920x6144][4096x1920x6144][4096x1920x6144][4096x1920x6144][4096x1920x6144][4096x1920x6144][4096x1920x6144][4096x1920x6144][4096x1920x6144][4096x1920x6144][4096x1920x6144][4096x1920x6144][4096x1920x6144][4096x1920x6144][4096x1920x6144]',,tensorop,f32,64,128,128,2,1,1,1,1,1,8,4,1,1,64,128,32,100,110,843055104,1546439884800,1834,0.716344,1096.06,2.1588e+06
1,CUTLASS,grouped_gemm,cutlass3x_sm100_tensorop_gemm_grouped_e4m3_e4m3_f32_bf16_e4m3_64x128x128_2x1x1_0_tnt_align16_1sm,passed,success,grouped,,,,,fe4m3:row,fe4m3:column,bf16:row,fe4m3:row,1,0,invalid,invalid,heuristic,1,false,'[4096x1920x6144][4096x1920x6144][4096x1920x6144][4096x1920x6144][4096x1920x6144][4096x1920x6144][4096x1920x6144][4096x1920x6144][4096x1920x6144][4096x1920x6144][4096x1920x6144][4096x1920x6144][4096x1920x6144][4096x1920x6144][4096x1920x6144][4096x1920x6144]',,tensorop,f32,64,128,128,2,1,1,1,1,1,8,4,1,1,64,128,32,100,110,843055104,1546439884800,1834,0.704762,1114.07,2.19427e+06
1,CUTLASS,grouped_gemm,cutlass3x_sm100_tensorop_gemm_grouped_e4m3_e4m3_f32_bf16_e4m3_64x128x128_2x1x1_0_tnt_align16_stream_k_1sm,passed,success,grouped,,,,,fe4m3:row,fe4m3:column,bf16:row,fe4m3:row,1,0,invalid,invalid,heuristic,1,false,'[4096x1920x6144][4096x1920x6144][4096x1920x6144][4096x1920x6144][4096x1920x6144][4096x1920x6144][4096x1920x6144][4096x1920x6144][4096x1920x6144][4096x1920x6144][4096x1920x6144][4096x1920x6144][4096x1920x6144][4096x1920x6144][4096x1920x6144][4096x1920x6144]',,tensorop,f32,64,128,128,2,1,1,1,1,1,8,4,1,1,64,128,32,100,110,843055104,1546439884800,1834,0.710292,1105.4,2.17719e+06
1,CUTLASS,grouped_gemm,cutlass3x_sm100_tensorop_gemm_grouped_e4m3_e4m3_f32_bf16_e4m3_64x128x128_2x1x1_0_ttt_align16_1sm,passed,success,grouped,,,,,fe4m3:row,fe4m3:row,bf16:row,fe4m3:row,1,0,invalid,invalid,heuristic,1,false,'[4096x1920x6144][4096x1920x6144][4096x1920x6144][4096x1920x6144][4096x1920x6144][4096x1920x6144][4096x1920x6144][4096x1920x6144][4096x1920x6144][4096x1920x6144][4096x1920x6144][4096x1920x6144][4096x1920x6144][4096x1920x6144][4096x1920x6144][4096x1920x6144]',,tensorop,f32,64,128,128,2,1,1,1,1,1,8,4,1,1,64,128,32,100,110,843055104,1546439884800,1834,0.717255,1094.67,2.15605e+06
1,CUTLASS,grouped_gemm,cutlass3x_sm100_tensorop_gemm_grouped_e4m3_e4m3_f32_bf16_e4m3_64x128x128_2x1x1_0_ttt_align16_stream_k_1sm,passed,success,grouped,,,,,fe4m3:row,fe4m3:row,bf16:row,fe4m3:row,1,0,invalid,invalid,heuristic,1,false,'[4096x1920x6144][4096x1920x6144][4096x1920x6144][4096x1920x6144][4096x1920x6144][4096x1920x6144][4096x1920x6144][4096x1920x6144][4096x1920x6144][4096x1920x6144][4096x1920x6144][4096x1920x6144][4096x1920x6144][4096x1920x6144][4096x1920x6144][4096x1920x6144]',,tensorop,f32,64,128,128,2,1,1,1,1,1,8,4,1,1,64,128,32,100,110,843055104,1546439884800,1834,0.716702,1095.51,2.15772e+06
1,CUTLASS,grouped_gemm,cutlass3x_sm100_tensorop_gemm_grouped_e4m3_e4m3_f32_bf16_e4m3_64x128x128_1x4x1_0_nnn_align16_1sm,passed,success,grouped,,,,,fe4m3:column,fe4m3:column,bf16:column,fe4m3:column,1,0,invalid,invalid,heuristic,1,false,'[4096x1920x6144][4096x1920x6144][4096x1920x6144][4096x1920x6144][4096x1920x6144][4096x1920x6144][4096x1920x6144][4096x1920x6144][4096x1920x6144][4096x1920x6144][4096x1920x6144][4096x1920x6144][4096x1920x6144][4096x1920x6144][4096x1920x6144][4096x1920x6144]',,tensorop,f32,64,128,128,1,4,1,1,1,1,8,4,1,1,64,128,32,100,110,843055104,1546439884800,1834,0.882682,889.512,1.75198e+06
1,CUTLASS,grouped_gemm,cutlass3x_sm100_tensorop_gemm_grouped_e4m3_e4m3_f32_bf16_e4m3_64x128x128_1x4x1_0_nnn_align16_stream_k_1sm,passed,success,grouped,,,,,fe4m3:column,fe4m3:column,bf16:column,fe4m3:column,1,0,invalid,invalid,heuristic,1,false,'[4096x1920x6144][4096x1920x6144][4096x1920x6144][4096x1920x6144][4096x1920x6144][4096x1920x6144][4096x1920x6144][4096x1920x6144][4096x1920x6144][4096x1920x6144][4096x1920x6144][4096x1920x6144][4096x1920x6144][4096x1920x6144][4096x1920x6144][4096x1920x6144]',,tensorop,f32,64,128,128,1,4,1,1,1,1,8,4,1,1,64,128,32,100,110,843055104,1546439884800,1834,0.886174,886.007,1.74508e+06
1,CUTLASS,grouped_gemm,cutlass3x_sm100_tensorop_gemm_grouped_e4m3_e4m3_f32_bf16_e4m3_64x128x128_1x4x1_0_ntn_align16_1sm,passed,success,grouped,,,,,fe4m3:column,fe4m3:row,bf16:column,fe4m3:column,1,0,invalid,invalid,heuristic,1,false,'[4096x1920x6144][4096x1920x6144][4096x1920x6144][4096x1920x6144][4096x1920x6144][4096x1920x6144][4096x1920x6144][4096x1920x6144][4096x1920x6144][4096x1920x6144][4096x1920x6144][4096x1920x6144][4096x1920x6144][4096x1920x6144][4096x1920x6144][4096x1920x6144]',,tensorop,f32,64,128,128,1,4,1,1,1,1,8,4,1,1,64,128,32,100,110,843055104,1546439884800,1834,0.877931,894.326,1.76146e+06
1,CUTLASS,grouped_gemm,cutlass3x_sm100_tensorop_gemm_grouped_e4m3_e4m3_f32_bf16_e4m3_64x128x128_1x4x1_0_ntn_align16_stream_k_1sm,passed,success,grouped,,,,,fe4m3:column,fe4m3:row,bf16:column,fe4m3:column,1,0,invalid,invalid,heuristic,1,false,'[4096x1920x6144][4096x1920x6144][4096x1920x6144][4096x1920x6144][4096x1920x6144][4096x1920x6144][4096x1920x6144][4096x1920x6144][4096x1920x6144][4096x1920x6144][4096x1920x6144][4096x1920x6144][4096x1920x6144][4096x1920x6144][4096x1920x6144][4096x1920x6144]',,tensorop,f32,64,128,128,1,4,1,1,1,1,8,4,1,1,64,128,32,100,110,843055104,1546439884800,1834,0.8796,892.629,1.75812e+06
1,CUTLASS,grouped_gemm,cutlass3x_sm100_tensorop_gemm_grouped_e4m3_e4m3_f32_bf16_e4m3_64x128x128_1x4x1_0_tnn_align16_1sm,passed,success,grouped,,,,,fe4m3:row,fe4m3:column,bf16:column,fe4m3:column,1,0,invalid,invalid,heuristic,1,false,'[4096x1920x6144][4096x1920x6144][4096x1920x6144][4096x1920x6144][4096x1920x6144][4096x1920x6144][4096x1920x6144][4096x1920x6144][4096x1920x6144][4096x1920x6144][4096x1920x6144][4096x1920x6144][4096x1920x6144][4096x1920x6144][4096x1920x6144][4096x1920x6144]',,tensorop,f32,64,128,128,1,4,1,1,1,1,8,4,1,1,64,128,32,100,110,843055104,1546439884800,1834,0.874244,898.098,1.76889e+06
1,CUTLASS,grouped_gemm,cutlass3x_sm100_tensorop_gemm_grouped_e4m3_e4m3_f32_bf16_e4m3_64x128x128_1x4x1_0_tnn_align16_stream_k_1sm,passed,success,grouped,,,,,fe4m3:row,fe4m3:column,bf16:column,fe4m3:column,1,0,invalid,invalid,heuristic,1,false,'[4096x1920x6144][4096x1920x6144][4096x1920x6144][4096x1920x6144][4096x1920x6144][4096x1920x6144][4096x1920x6144][4096x1920x6144][4096x1920x6144][4096x1920x6144][4096x1920x6144][4096x1920x6144][4096x1920x6144][4096x1920x6144][4096x1920x6144][4096x1920x6144]',,tensorop,f32,64,128,128,1,4,1,1,1,1,8,4,1,1,64,128,32,100,110,843055104,1546439884800,1834,0.871582,900.841,1.77429e+06
1,CUTLASS,grouped_gemm,cutlass3x_sm100_tensorop_gemm_grouped_e4m3_e4m3_f32_bf16_e4m3_64x128x128_1x4x1_0_ttn_align16_1sm,passed,success,grouped,,,,,fe4m3:row,fe4m3:row,bf16:column,fe4m3:column,1,0,invalid,invalid,heuristic,1,false,'[4096x1920x6144][4096x1920x6144][4096x1920x6144][4096x1920x6144][4096x1920x6144][4096x1920x6144][4096x1920x6144][4096x1920x6144][4096x1920x6144][4096x1920x6144][4096x1920x6144][4096x1920x6144][4096x1920x6144][4096x1920x6144][4096x1920x6144][4096x1920x6144]',,tensorop,f32,64,128,128,1,4,1,1,1,1,8,4,1,1,64,128,32,100,110,843055104,1546439884800,1834,0.868346,904.198,1.7809e+06
1,CUTLASS,grouped_gemm,cutlass3x_sm100_tensorop_gemm_grouped_e4m3_e4m3_f32_bf16_e4m3_64x128x128_1x4x1_0_ttn_align16_stream_k_1sm,passed,success,grouped,,,,,fe4m3:row,fe4m3:row,bf16:column,fe4m3:column,1,0,invalid,invalid,heuristic,1,false,'[4096x1920x6144][4096x1920x6144][4096x1920x6144][4096x1920x6144][4096x1920x6144][4096x1920x6144][4096x1920x6144][4096x1920x6144][4096x1920x6144][4096x1920x6144][4096x1920x6144][4096x1920x6144][4096x1920x6144][4096x1920x6144][4096x1920x6144][4096x1920x6144]',,tensorop,f32,64,128,128,1,4,1,1,1,1,8,4,1,1,64,128,32,100,110,843055104,1546439884800,1834,0.872821,899.562,1.77177e+06
1,CUTLASS,grouped_gemm,cutlass3x_sm100_tensorop_gemm_grouped_e4m3_e4m3_f32_bf16_e4m3_64x128x128_1x4x1_0_nnt_align16_1sm,passed,success,grouped,,,,,fe4m3:column,fe4m3:column,bf16:row,fe4m3:row,1,0,invalid,invalid,heuristic,1,false,'[4096x1920x6144][4096x1920x6144][4096x1920x6144][4096x1920x6144][4096x1920x6144][4096x1920x6144][4096x1920x6144][4096x1920x6144][4096x1920x6144][4096x1920x6144][4096x1920x6144][4096x1920x6144][4096x1920x6144][4096x1920x6144][4096x1920x6144][4096x1920x6144]',,tensorop,f32,64,128,128,1,4,1,1,1,1,8,4,1,1,64,128,32,100,110,843055104,1546439884800,1834,0.873631,898.727,1.77013e+06
1,CUTLASS,grouped_gemm,cutlass3x_sm100_tensorop_gemm_grouped_e4m3_e4m3_f32_bf16_e4m3_64x128x128_1x4x1_0_nnt_align16_stream_k_1sm,passed,success,grouped,,,,,fe4m3:column,fe4m3:column,bf16:row,fe4m3:row,1,0,invalid,invalid,heuristic,1,false,'[4096x1920x6144][4096x1920x6144][4096x1920x6144][4096x1920x6144][4096x1920x6144][4096x1920x6144][4096x1920x6144][4096x1920x6144][4096x1920x6144][4096x1920x6144][4096x1920x6144][4096x1920x6144][4096x1920x6144][4096x1920x6144][4096x1920x6144][4096x1920x6144]',,tensorop,f32,64,128,128,1,4,1,1,1,1,8,4,1,1,64,128,32,100,110,843055104,1546439884800,1834,0.869769,902.718,1.77799e+06
1,CUTLASS,grouped_gemm,cutlass3x_sm100_tensorop_gemm_grouped_e4m3_e4m3_f32_bf16_e4m3_64x128x128_1x4x1_0_ntt_align16_1sm,passed,success,grouped,,,,,fe4m3:column,fe4m3:row,bf16:row,fe4m3:row,1,0,invalid,invalid,heuristic,1,false,'[4096x1920x6144][4096x1920x6144][4096x1920x6144][4096x1920x6144][4096x1920x6144][4096x1920x6144][4096x1920x6144][4096x1920x6144][4096x1920x6144][4096x1920x6144][4096x1920x6144][4096x1920x6144][4096x1920x6144][4096x1920x6144][4096x1920x6144][4096x1920x6144]',,tensorop,f32,64,128,128,1,4,1,1,1,1,8,4,1,1,64,128,32,100,110,843055104,1546439884800,1834,0.887495,884.688,1.74248e+06
1,CUTLASS,grouped_gemm,cutlass3x_sm100_tensorop_gemm_grouped_e4m3_e4m3_f32_bf16_e4m3_64x128x128_1x4x1_0_ntt_align16_stream_k_1sm,passed,success,grouped,,,,,fe4m3:column,fe4m3:row,bf16:row,fe4m3:row,1,0,invalid,invalid,heuristic,1,false,'[4096x1920x6144][4096x1920x6144][4096x1920x6144][4096x1920x6144][4096x1920x6144][4096x1920x6144][4096x1920x6144][4096x1920x6144][4096x1920x6144][4096x1920x6144][4096x1920x6144][4096x1920x6144][4096x1920x6144][4096x1920x6144][4096x1920x6144][4096x1920x6144]',,tensorop,f32,64,128,128,1,4,1,1,1,1,8,4,1,1,64,128,32,100,110,843055104,1546439884800,1834,0.895799,876.487,1.72632e+06
1,CUTLASS,grouped_gemm,cutlass3x_sm100_tensorop_gemm_grouped_e4m3_e4m3_f32_bf16_e4m3_64x128x128_1x4x1_0_tnt_align16_1sm,passed,success,grouped,,,,,fe4m3:row,fe4m3:column,bf16:row,fe4m3:row,1,0,invalid,invalid,heuristic,1,false,'[4096x1920x6144][4096x1920x6144][4096x1920x6144][4096x1920x6144][4096x1920x6144][4096x1920x6144][4096x1920x6144][4096x1920x6144][4096x1920x6144][4096x1920x6144][4096x1920x6144][4096x1920x6144][4096x1920x6144][4096x1920x6144][4096x1920x6144][4096x1920x6144]',,tensorop,f32,64,128,128,1,4,1,1,1,1,8,4,1,1,64,128,32,100,110,843055104,1546439884800,1834,0.869001,903.516,1.77956e+06
1,CUTLASS,grouped_gemm,cutlass3x_sm100_tensorop_gemm_grouped_e4m3_e4m3_f32_bf16_e4m3_64x128x128_1x4x1_0_tnt_align16_stream_k_1sm,passed,success,grouped,,,,,fe4m3:row,fe4m3:column,bf16:row,fe4m3:row,1,0,invalid,invalid,heuristic,1,false,'[4096x1920x6144][4096x1920x6144][4096x1920x6144][4096x1920x6144][4096x1920x6144][4096x1920x6144][4096x1920x6144][4096x1920x6144][4096x1920x6144][4096x1920x6144][4096x1920x6144][4096x1920x6144][4096x1920x6144][4096x1920x6144][4096x1920x6144][4096x1920x6144]',,tensorop,f32,64,128,128,1,4,1,1,1,1,8,4,1,1,64,128,32,100,110,843055104,1546439884800,1834,0.871428,901,1.7746e+06
1,CUTLASS,grouped_gemm,cutlass3x_sm100_tensorop_gemm_grouped_e4m3_e4m3_f32_bf16_e4m3_64x128x128_1x4x1_0_ttt_align16_1sm,passed,success,grouped,,,,,fe4m3:row,fe4m3:row,bf16:row,fe4m3:row,1,0,invalid,invalid,heuristic,1,false,'[4096x1920x6144][4096x1920x6144][4096x1920x6144][4096x1920x6144][4096x1920x6144][4096x1920x6144][4096x1920x6144][4096x1920x6144][4096x1920x6144][4096x1920x6144][4096x1920x6144][4096x1920x6144][4096x1920x6144][4096x1920x6144][4096x1920x6144][4096x1920x6144]',,tensorop,f32,64,128,128,1,4,1,1,1,1,8,4,1,1,64,128,32,100,110,843055104,1546439884800,1834,0.862181,910.662,1.79364e+06
1,CUTLASS,grouped_gemm,cutlass3x_sm100_tensorop_gemm_grouped_e4m3_e4m3_f32_bf16_e4m3_64x128x128_1x4x1_0_ttt_align16_stream_k_1sm,passed,success,grouped,,,,,fe4m3:row,fe4m3:row,bf16:row,fe4m3:row,1,0,invalid,invalid,heuristic,1,false,'[4096x1920x6144][4096x1920x6144][4096x1920x6144][4096x1920x6144][4096x1920x6144][4096x1920x6144][4096x1920x6144][4096x1920x6144][4096x1920x6144][4096x1920x6144][4096x1920x6144][4096x1920x6144][4096x1920x6144][4096x1920x6144][4096x1920x6144][4096x1920x6144]',,tensorop,f32,64,128,128,1,4,1,1,1,1,8,4,1,1,64,128,32,100,110,843055104,1546439884800,1834,0.862601,910.219,1.79276e+06
1,CUTLASS,grouped_gemm,cutlass3x_sm100_tensorop_gemm_grouped_e4m3_e4m3_f32_bf16_e4m3_64x128x128_4x4x1_0_nnn_align16_1sm,passed,success,grouped,,,,,fe4m3:column,fe4m3:column,bf16:column,fe4m3:column,1,0,invalid,invalid,heuristic,1,false,'[4096x1920x6144][4096x1920x6144][4096x1920x6144][4096x1920x6144][4096x1920x6144][4096x1920x6144][4096x1920x6144][4096x1920x6144][4096x1920x6144][4096x1920x6144][4096x1920x6144][4096x1920x6144][4096x1920x6144][4096x1920x6144][4096x1920x6144][4096x1920x6144]',,tensorop,f32,64,128,128,4,4,1,1,1,1,8,4,1,1,64,128,32,100,110,843055104,1546439884800,1834,0.992547,791.052,1.55805e+06
1,CUTLASS,grouped_gemm,cutlass3x_sm100_tensorop_gemm_grouped_e4m3_e4m3_f32_bf16_e4m3_64x128x128_4x4x1_0_nnn_align16_stream_k_1sm,passed,success,grouped,,,,,fe4m3:column,fe4m3:column,bf16:column,fe4m3:column,1,0,invalid,invalid,heuristic,1,false,'[4096x1920x6144][4096x1920x6144][4096x1920x6144][4096x1920x6144][4096x1920x6144][4096x1920x6144][4096x1920x6144][4096x1920x6144][4096x1920x6144][4096x1920x6144][4096x1920x6144][4096x1920x6144][4096x1920x6144][4096x1920x6144][4096x1920x6144][4096x1920x6144]',,tensorop,f32,64,128,128,4,4,1,1,1,1,8,4,1,1,64,128,32,100,110,843055104,1546439884800,1834,0.994738,789.31,1.55462e+06
1,CUTLASS,grouped_gemm,cutlass3x_sm100_tensorop_gemm_grouped_e4m3_e4m3_f32_bf16_e4m3_64x128x128_4x4x1_0_ntn_align16_1sm,passed,success,grouped,,,,,fe4m3:column,fe4m3:row,bf16:column,fe4m3:column,1,0,invalid,invalid,heuristic,1,false,'[4096x1920x6144][4096x1920x6144][4096x1920x6144][4096x1920x6144][4096x1920x6144][4096x1920x6144][4096x1920x6144][4096x1920x6144][4096x1920x6144][4096x1920x6144][4096x1920x6144][4096x1920x6144][4096x1920x6144][4096x1920x6144][4096x1920x6144][4096x1920x6144]',,tensorop,f32,64,128,128,4,4,1,1,1,1,8,4,1,1,64,128,32,100,110,843055104,1546439884800,1834,0.992158,791.362,1.55866e+06
1,CUTLASS,grouped_gemm,cutlass3x_sm100_tensorop_gemm_grouped_e4m3_e4m3_f32_bf16_e4m3_64x128x128_4x4x1_0_ntn_align16_stream_k_1sm,passed,success,grouped,,,,,fe4m3:column,fe4m3:row,bf16:column,fe4m3:column,1,0,invalid,invalid,heuristic,1,false,'[4096x1920x6144][4096x1920x6144][4096x1920x6144][4096x1920x6144][4096x1920x6144][4096x1920x6144][4096x1920x6144][4096x1920x6144][4096x1920x6144][4096x1920x6144][4096x1920x6144][4096x1920x6144][4096x1920x6144][4096x1920x6144][4096x1920x6144][4096x1920x6144]',,tensorop,f32,64,128,128,4,4,1,1,1,1,8,4,1,1,64,128,32,100,110,843055104,1546439884800,1834,0.99226,791.281,1.5585e+06
1,CUTLASS,grouped_gemm,cutlass3x_sm100_tensorop_gemm_grouped_e4m3_e4m3_f32_bf16_e4m3_64x128x128_4x4x1_0_tnn_align16_1sm,passed,success,grouped,,,,,fe4m3:row,fe4m3:column,bf16:column,fe4m3:column,1,0,invalid,invalid,heuristic,1,false,'[4096x1920x6144][4096x1920x6144][4096x1920x6144][4096x1920x6144][4096x1920x6144][4096x1920x6144][4096x1920x6144][4096x1920x6144][4096x1920x6144][4096x1920x6144][4096x1920x6144][4096x1920x6144][4096x1920x6144][4096x1920x6144][4096x1920x6144][4096x1920x6144]',,tensorop,f32,64,128,128,4,4,1,1,1,1,8,4,1,1,64,128,32,100,110,843055104,1546439884800,1834,0.995118,789.008,1.55403e+06
1,CUTLASS,grouped_gemm,cutlass3x_sm100_tensorop_gemm_grouped_e4m3_e4m3_f32_bf16_e4m3_64x128x128_4x4x1_0_tnn_align16_stream_k_1sm,passed,success,grouped,,,,,fe4m3:row,fe4m3:column,bf16:column,fe4m3:column,1,0,invalid,invalid,heuristic,1,false,'[4096x1920x6144][4096x1920x6144][4096x1920x6144][4096x1920x6144][4096x1920x6144][4096x1920x6144][4096x1920x6144][4096x1920x6144][4096x1920x6144][4096x1920x6144][4096x1920x6144][4096x1920x6144][4096x1920x6144][4096x1920x6144][4096x1920x6144][4096x1920x6144]',,tensorop,f32,64,128,128,4,4,1,1,1,1,8,4,1,1,64,128,32,100,110,843055104,1546439884800,1834,0.994881,789.196,1.5544e+06
1,CUTLASS,grouped_gemm,cutlass3x_sm100_tensorop_gemm_grouped_e4m3_e4m3_f32_bf16_e4m3_64x128x128_4x4x1_0_ttn_align16_1sm,passed,success,grouped,,,,,fe4m3:row,fe4m3:row,bf16:column,fe4m3:column,1,0,invalid,invalid,heuristic,1,false,'[4096x1920x6144][4096x1920x6144][4096x1920x6144][4096x1920x6144][4096x1920x6144][4096x1920x6144][4096x1920x6144][4096x1920x6144][4096x1920x6144][4096x1920x6144][4096x1920x6144][4096x1920x6144][4096x1920x6144][4096x1920x6144][4096x1920x6144][4096x1920x6144]',,tensorop,f32,64,128,128,4,4,1,1,1,1,8,4,1,1,64,128,32,100,110,843055104,1546439884800,1834,0.992209,791.321,1.55858e+06
1,CUTLASS,grouped_gemm,cutlass3x_sm100_tensorop_gemm_grouped_e4m3_e4m3_f32_bf16_e4m3_64x128x128_4x4x1_0_ttn_align16_stream_k_1sm,passed,success,grouped,,,,,fe4m3:row,fe4m3:row,bf16:column,fe4m3:column,1,0,invalid,invalid,heuristic,1,false,'[4096x1920x6144][4096x1920x6144][4096x1920x6144][4096x1920x6144][4096x1920x6144][4096x1920x6144][4096x1920x6144][4096x1920x6144][4096x1920x6144][4096x1920x6144][4096x1920x6144][4096x1920x6144][4096x1920x6144][4096x1920x6144][4096x1920x6144][4096x1920x6144]',,tensorop,f32,64,128,128,4,4,1,1,1,1,8,4,1,1,64,128,32,100,110,843055104,1546439884800,1834,0.992526,791.068,1.55808e+06
1,CUTLASS,grouped_gemm,cutlass3x_sm100_tensorop_gemm_grouped_e4m3_e4m3_f32_bf16_e4m3_64x128x128_4x4x1_0_nnt_align16_1sm,passed,success,grouped,,,,,fe4m3:column,fe4m3:column,bf16:row,fe4m3:row,1,0,invalid,invalid,heuristic,1,false,'[4096x1920x6144][4096x1920x6144][4096x1920x6144][4096x1920x6144][4096x1920x6144][4096x1920x6144][4096x1920x6144][4096x1920x6144][4096x1920x6144][4096x1920x6144][4096x1920x6144][4096x1920x6144][4096x1920x6144][4096x1920x6144][4096x1920x6144][4096x1920x6144]',,tensorop,f32,64,128,128,4,4,1,1,1,1,8,4,1,1,64,128,32,100,110,843055104,1546439884800,1834,0.993038,790.661,1.55728e+06
1,CUTLASS,grouped_gemm,cutlass3x_sm100_tensorop_gemm_grouped_e4m3_e4m3_f32_bf16_e4m3_64x128x128_4x4x1_0_nnt_align16_stream_k_1sm,passed,success,grouped,,,,,fe4m3:column,fe4m3:column,bf16:row,fe4m3:row,1,0,invalid,invalid,heuristic,1,false,'[4096x1920x6144][4096x1920x6144][4096x1920x6144][4096x1920x6144][4096x1920x6144][4096x1920x6144][4096x1920x6144][4096x1920x6144][4096x1920x6144][4096x1920x6144][4096x1920x6144][4096x1920x6144][4096x1920x6144][4096x1920x6144][4096x1920x6144][4096x1920x6144]',,tensorop,f32,64,128,128,4,4,1,1,1,1,8,4,1,1,64,128,32,100,110,843055104,1546439884800,1834,0.993407,790.367,1.5567e+06
1,CUTLASS,grouped_gemm,cutlass3x_sm100_tensorop_gemm_grouped_e4m3_e4m3_f32_bf16_e4m3_64x128x128_4x4x1_0_ntt_align16_1sm,passed,success,grouped,,,,,fe4m3:column,fe4m3:row,bf16:row,fe4m3:row,1,0,invalid,invalid,heuristic,1,false,'[4096x1920x6144][4096x1920x6144][4096x1920x6144][4096x1920x6144][4096x1920x6144][4096x1920x6144][4096x1920x6144][4096x1920x6144][4096x1920x6144][4096x1920x6144][4096x1920x6144][4096x1920x6144][4096x1920x6144][4096x1920x6144][4096x1920x6144][4096x1920x6144]',,tensorop,f32,64,128,128,4,4,1,1,1,1,8,4,1,1,64,128,32,100,110,843055104,1546439884800,1834,0.991339,792.016,1.55995e+06
1,CUTLASS,grouped_gemm,cutlass3x_sm100_tensorop_gemm_grouped_e4m3_e4m3_f32_bf16_e4m3_64x128x128_4x4x1_0_ntt_align16_stream_k_1sm,passed,success,grouped,,,,,fe4m3:column,fe4m3:row,bf16:row,fe4m3:row,1,0,invalid,invalid,heuristic,1,false,'[4096x1920x6144][4096x1920x6144][4096x1920x6144][4096x1920x6144][4096x1920x6144][4096x1920x6144][4096x1920x6144][4096x1920x6144][4096x1920x6144][4096x1920x6144][4096x1920x6144][4096x1920x6144][4096x1920x6144][4096x1920x6144][4096x1920x6144][4096x1920x6144]',,tensorop,f32,64,128,128,4,4,1,1,1,1,8,4,1,1,64,128,32,100,110,843055104,1546439884800,1834,0.991461,791.918,1.55976e+06
1,CUTLASS,grouped_gemm,cutlass3x_sm100_tensorop_gemm_grouped_e4m3_e4m3_f32_bf16_e4m3_64x128x128_4x4x1_0_tnt_align16_1sm,passed,success,grouped,,,,,fe4m3:row,fe4m3:column,bf16:row,fe4m3:row,1,0,invalid,invalid,heuristic,1,false,'[4096x1920x6144][4096x1920x6144][4096x1920x6144][4096x1920x6144][4096x1920x6144][4096x1920x6144][4096x1920x6144][4096x1920x6144][4096x1920x6144][4096x1920x6144][4096x1920x6144][4096x1920x6144][4096x1920x6144][4096x1920x6144][4096x1920x6144][4096x1920x6144]',,tensorop,f32,64,128,128,4,4,1,1,1,1,8,4,1,1,64,128,32,100,110,843055104,1546439884800,1834,0.99524,788.912,1.55384e+06
1,CUTLASS,grouped_gemm,cutlass3x_sm100_tensorop_gemm_grouped_e4m3_e4m3_f32_bf16_e4m3_64x128x128_4x4x1_0_tnt_align16_stream_k_1sm,passed,success,grouped,,,,,fe4m3:row,fe4m3:column,bf16:row,fe4m3:row,1,0,invalid,invalid,heuristic,1,false,'[4096x1920x6144][4096x1920x6144][4096x1920x6144][4096x1920x6144][4096x1920x6144][4096x1920x6144][4096x1920x6144][4096x1920x6144][4096x1920x6144][4096x1920x6144][4096x1920x6144][4096x1920x6144][4096x1920x6144][4096x1920x6144][4096x1920x6144][4096x1920x6144]',,tensorop,f32,64,128,128,4,4,1,1,1,1,8,4,1,1,64,128,32,100,110,843055104,1546439884800,1834,0.995232,788.918,1.55385e+06
1,CUTLASS,grouped_gemm,cutlass3x_sm100_tensorop_gemm_grouped_e4m3_e4m3_f32_bf16_e4m3_64x128x128_4x4x1_0_ttt_align16_1sm,passed,success,grouped,,,,,fe4m3:row,fe4m3:row,bf16:row,fe4m3:row,1,0,invalid,invalid,heuristic,1,false,'[4096x1920x6144][4096x1920x6144][4096x1920x6144][4096x1920x6144][4096x1920x6144][4096x1920x6144][4096x1920x6144][4096x1920x6144][4096x1920x6144][4096x1920x6144][4096x1920x6144][4096x1920x6144][4096x1920x6144][4096x1920x6144][4096x1920x6144][4096x1920x6144]',,tensorop,f32,64,128,128,4,4,1,1,1,1,8,4,1,1,64,128,32,100,110,843055104,1546439884800,1834,0.992578,791.028,1.558e+06
1,CUTLASS,grouped_gemm,cutlass3x_sm100_tensorop_gemm_grouped_e4m3_e4m3_f32_bf16_e4m3_64x128x128_4x4x1_0_ttt_align16_stream_k_1sm,passed,success,grouped,,,,,fe4m3:row,fe4m3:row,bf16:row,fe4m3:row,1,0,invalid,invalid,heuristic,1,false,'[4096x1920x6144][4096x1920x6144][4096x1920x6144][4096x1920x6144][4096x1920x6144][4096x1920x6144][4096x1920x6144][4096x1920x6144][4096x1920x6144][4096x1920x6144][4096x1920x6144][4096x1920x6144][4096x1920x6144][4096x1920x6144][4096x1920x6144][4096x1920x6144]',,tensorop,f32,64,128,128,4,4,1,1,1,1,8,4,1,1,64,128,32,100,110,843055104,1546439884800,1834,0.992793,790.856,1.55767e+06
1,CUTLASS,grouped_gemm,cutlass3x_sm100_tensorop_gemm_grouped_e4m3_e4m3_f32_bf16_e4m3_64x256x128_0x0x1_0_nnn_align16_1sm,passed,success,grouped,,,,,fe4m3:column,fe4m3:column,bf16:column,fe4m3:column,1,0,invalid,invalid,heuristic,1,false,'[4096x1920x6144][4096x1920x6144][4096x1920x6144][4096x1920x6144][4096x1920x6144][4096x1920x6144][4096x1920x6144][4096x1920x6144][4096x1920x6144][4096x1920x6144][4096x1920x6144][4096x1920x6144][4096x1920x6144][4096x1920x6144][4096x1920x6144][4096x1920x6144]',,tensorop,f32,64,256,128,1,1,1,1,1,1,4,4,1,1,64,256,32,100,110,843055104,1546439884800,1834,0.935858,838.969,1.65243e+06
1,CUTLASS,grouped_gemm,cutlass3x_sm100_tensorop_gemm_grouped_e4m3_e4m3_f32_bf16_e4m3_64x256x128_0x0x1_0_nnn_align16_stream_k_1sm,passed,success,grouped,,,,,fe4m3:column,fe4m3:column,bf16:column,fe4m3:column,1,0,invalid,invalid,heuristic,1,false,'[4096x1920x6144][4096x1920x6144][4096x1920x6144][4096x1920x6144][4096x1920x6144][4096x1920x6144][4096x1920x6144][4096x1920x6144][4096x1920x6144][4096x1920x6144][4096x1920x6144][4096x1920x6144][4096x1920x6144][4096x1920x6144][4096x1920x6144][4096x1920x6144]',,tensorop,f32,64,256,128,1,1,1,1,1,1,4,4,1,1,64,256,32,100,110,843055104,1546439884800,1834,0.9355,839.291,1.65306e+06
1,CUTLASS,grouped_gemm,cutlass3x_sm100_tensorop_gemm_grouped_e4m3_e4m3_f32_bf16_e4m3_64x256x128_0x0x1_0_ntn_align16_1sm,passed,success,grouped,,,,,fe4m3:column,fe4m3:row,bf16:column,fe4m3:column,1,0,invalid,invalid,heuristic,1,false,'[4096x1920x6144][4096x1920x6144][4096x1920x6144][4096x1920x6144][4096x1920x6144][4096x1920x6144][4096x1920x6144][4096x1920x6144][4096x1920x6144][4096x1920x6144][4096x1920x6144][4096x1920x6144][4096x1920x6144][4096x1920x6144][4096x1920x6144][4096x1920x6144]',,tensorop,f32,64,256,128,1,1,1,1,1,1,4,4,1,1,64,256,32,100,110,843055104,1546439884800,1834,0.918676,854.66,1.68333e+06
1,CUTLASS,grouped_gemm,cutlass3x_sm100_tensorop_gemm_grouped_e4m3_e4m3_f32_bf16_e4m3_64x256x128_0x0x1_0_ntn_align16_stream_k_1sm,passed,success,grouped,,,,,fe4m3:column,fe4m3:row,bf16:column,fe4m3:column,1,0,invalid,invalid,heuristic,1,false,'[4096x1920x6144][4096x1920x6144][4096x1920x6144][4096x1920x6144][4096x1920x6144][4096x1920x6144][4096x1920x6144][4096x1920x6144][4096x1920x6144][4096x1920x6144][4096x1920x6144][4096x1920x6144][4096x1920x6144][4096x1920x6144][4096x1920x6144][4096x1920x6144]',,tensorop,f32,64,256,128,1,1,1,1,1,1,4,4,1,1,64,256,32,100,110,843055104,1546439884800,1834,0.91888,854.471,1.68296e+06
1,CUTLASS,grouped_gemm,cutlass3x_sm100_tensorop_gemm_grouped_e4m3_e4m3_f32_bf16_e4m3_64x256x128_0x0x1_0_tnn_align16_1sm,passed,success,grouped,,,,,fe4m3:row,fe4m3:column,bf16:column,fe4m3:column,1,0,invalid,invalid,heuristic,1,false,'[4096x1920x6144][4096x1920x6144][4096x1920x6144][4096x1920x6144][4096x1920x6144][4096x1920x6144][4096x1920x6144][4096x1920x6144][4096x1920x6144][4096x1920x6144][4096x1920x6144][4096x1920x6144][4096x1920x6144][4096x1920x6144][4096x1920x6144][4096x1920x6144]',,tensorop,f32,64,256,128,1,1,1,1,1,1,4,4,1,1,64,256,32,100,110,843055104,1546439884800,1834,0.966957,811.987,1.59929e+06
1,CUTLASS,grouped_gemm,cutlass3x_sm100_tensorop_gemm_grouped_e4m3_e4m3_f32_bf16_e4m3_64x256x128_0x0x1_0_tnn_align16_stream_k_1sm,passed,success,grouped,,,,,fe4m3:row,fe4m3:column,bf16:column,fe4m3:column,1,0,invalid,invalid,heuristic,1,false,'[4096x1920x6144][4096x1920x6144][4096x1920x6144][4096x1920x6144][4096x1920x6144][4096x1920x6144][4096x1920x6144][4096x1920x6144][4096x1920x6144][4096x1920x6144][4096x1920x6144][4096x1920x6144][4096x1920x6144][4096x1920x6144][4096x1920x6144][4096x1920x6144]',,tensorop,f32,64,256,128,1,1,1,1,1,1,4,4,1,1,64,256,32,100,110,843055104,1546439884800,1834,0.968462,810.725,1.5968e+06
1,CUTLASS,grouped_gemm,cutlass3x_sm100_tensorop_gemm_grouped_e4m3_e4m3_f32_bf16_e4m3_64x256x128_0x0x1_0_ttn_align16_1sm,passed,success,grouped,,,,,fe4m3:row,fe4m3:row,bf16:column,fe4m3:column,1,0,invalid,invalid,heuristic,1,false,'[4096x1920x6144][4096x1920x6144][4096x1920x6144][4096x1920x6144][4096x1920x6144][4096x1920x6144][4096x1920x6144][4096x1920x6144][4096x1920x6144][4096x1920x6144][4096x1920x6144][4096x1920x6144][4096x1920x6144][4096x1920x6144][4096x1920x6144][4096x1920x6144]',,tensorop,f32,64,256,128,1,1,1,1,1,1,4,4,1,1,64,256,32,100,110,843055104,1546439884800,1834,0.891459,880.754,1.73473e+06
1,CUTLASS,grouped_gemm,cutlass3x_sm100_tensorop_gemm_grouped_e4m3_e4m3_f32_bf16_e4m3_64x256x128_0x0x1_0_ttn_align16_stream_k_1sm,passed,success,grouped,,,,,fe4m3:row,fe4m3:row,bf16:column,fe4m3:column,1,0,invalid,invalid,heuristic,1,false,'[4096x1920x6144][4096x1920x6144][4096x1920x6144][4096x1920x6144][4096x1920x6144][4096x1920x6144][4096x1920x6144][4096x1920x6144][4096x1920x6144][4096x1920x6144][4096x1920x6144][4096x1920x6144][4096x1920x6144][4096x1920x6144][4096x1920x6144][4096x1920x6144]',,tensorop,f32,64,256,128,1,1,1,1,1,1,4,4,1,1,64,256,32,100,110,843055104,1546439884800,1834,0.889614,882.58,1.73833e+06
1,CUTLASS,grouped_gemm,cutlass3x_sm100_tensorop_gemm_grouped_e4m3_e4m3_f32_bf16_e4m3_64x256x128_0x0x1_0_nnt_align16_1sm,passed,success,grouped,,,,,fe4m3:column,fe4m3:column,bf16:row,fe4m3:row,1,0,invalid,invalid,heuristic,1,false,'[4096x1920x6144][4096x1920x6144][4096x1920x6144][4096x1920x6144][4096x1920x6144][4096x1920x6144][4096x1920x6144][4096x1920x6144][4096x1920x6144][4096x1920x6144][4096x1920x6144][4096x1920x6144][4096x1920x6144][4096x1920x6144][4096x1920x6144][4096x1920x6144]',,tensorop,f32,64,256,128,1,1,1,1,1,1,4,4,1,1,64,256,32,100,110,843055104,1546439884800,1834,0.946968,829.126,1.63304e+06
1,CUTLASS,grouped_gemm,cutlass3x_sm100_tensorop_gemm_grouped_e4m3_e4m3_f32_bf16_e4m3_64x256x128_0x0x1_0_nnt_align16_stream_k_1sm,passed,success,grouped,,,,,fe4m3:column,fe4m3:column,bf16:row,fe4m3:row,1,0,invalid,invalid,heuristic,1,false,'[4096x1920x6144][4096x1920x6144][4096x1920x6144][4096x1920x6144][4096x1920x6144][4096x1920x6144][4096x1920x6144][4096x1920x6144][4096x1920x6144][4096x1920x6144][4096x1920x6144][4096x1920x6144][4096x1920x6144][4096x1920x6144][4096x1920x6144][4096x1920x6144]',,tensorop,f32,64,256,128,1,1,1,1,1,1,4,4,1,1,64,256,32,100,110,843055104,1546439884800,1834,0.946549,829.494,1.63377e+06
1,CUTLASS,grouped_gemm,cutlass3x_sm100_tensorop_gemm_grouped_e4m3_e4m3_f32_bf16_e4m3_64x256x128_0x0x1_0_ntt_align16_1sm,passed,success,grouped,,,,,fe4m3:column,fe4m3:row,bf16:row,fe4m3:row,1,0,invalid,invalid,heuristic,1,false,'[4096x1920x6144][4096x1920x6144][4096x1920x6144][4096x1920x6144][4096x1920x6144][4096x1920x6144][4096x1920x6144][4096x1920x6144][4096x1920x6144][4096x1920x6144][4096x1920x6144][4096x1920x6144][4096x1920x6144][4096x1920x6144][4096x1920x6144][4096x1920x6144]',,tensorop,f32,64,256,128,1,1,1,1,1,1,4,4,1,1,64,256,32,100,110,843055104,1546439884800,1834,0.906838,865.817,1.70531e+06
1,CUTLASS,grouped_gemm,cutlass3x_sm100_tensorop_gemm_grouped_e4m3_e4m3_f32_bf16_e4m3_64x256x128_0x0x1_0_ntt_align16_stream_k_1sm,passed,success,grouped,,,,,fe4m3:column,fe4m3:row,bf16:row,fe4m3:row,1,0,invalid,invalid,heuristic,1,false,'[4096x1920x6144][4096x1920x6144][4096x1920x6144][4096x1920x6144][4096x1920x6144][4096x1920x6144][4096x1920x6144][4096x1920x6144][4096x1920x6144][4096x1920x6144][4096x1920x6144][4096x1920x6144][4096x1920x6144][4096x1920x6144][4096x1920x6144][4096x1920x6144]',,tensorop,f32,64,256,128,1,1,1,1,1,1,4,4,1,1,64,256,32,100,110,843055104,1546439884800,1834,0.905886,866.728,1.7071e+06
1,CUTLASS,grouped_gemm,cutlass3x_sm100_tensorop_gemm_grouped_e4m3_e4m3_f32_bf16_e4m3_64x256x128_0x0x1_0_tnt_align16_1sm,passed,success,grouped,,,,,fe4m3:row,fe4m3:column,bf16:row,fe4m3:row,1,0,invalid,invalid,heuristic,1,false,'[4096x1920x6144][4096x1920x6144][4096x1920x6144][4096x1920x6144][4096x1920x6144][4096x1920x6144][4096x1920x6144][4096x1920x6144][4096x1920x6144][4096x1920x6144][4096x1920x6144][4096x1920x6144][4096x1920x6144][4096x1920x6144][4096x1920x6144][4096x1920x6144]',,tensorop,f32,64,256,128,1,1,1,1,1,1,4,4,1,1,64,256,32,100,110,843055104,1546439884800,1834,0.955099,822.068,1.61914e+06
1,CUTLASS,grouped_gemm,cutlass3x_sm100_tensorop_gemm_grouped_e4m3_e4m3_f32_bf16_e4m3_64x256x128_0x0x1_0_tnt_align16_stream_k_1sm,passed,success,grouped,,,,,fe4m3:row,fe4m3:column,bf16:row,fe4m3:row,1,0,invalid,invalid,heuristic,1,false,'[4096x1920x6144][4096x1920x6144][4096x1920x6144][4096x1920x6144][4096x1920x6144][4096x1920x6144][4096x1920x6144][4096x1920x6144][4096x1920x6144][4096x1920x6144][4096x1920x6144][4096x1920x6144][4096x1920x6144][4096x1920x6144][4096x1920x6144][4096x1920x6144]',,tensorop,f32,64,256,128,1,1,1,1,1,1,4,4,1,1,64,256,32,100,110,843055104,1546439884800,1834,0.956266,821.064,1.61716e+06
1,CUTLASS,grouped_gemm,cutlass3x_sm100_tensorop_gemm_grouped_e4m3_e4m3_f32_bf16_e4m3_64x256x128_0x0x1_0_ttt_align16_1sm,passed,success,grouped,,,,,fe4m3:row,fe4m3:row,bf16:row,fe4m3:row,1,0,invalid,invalid,heuristic,1,false,'[4096x1920x6144][4096x1920x6144][4096x1920x6144][4096x1920x6144][4096x1920x6144][4096x1920x6144][4096x1920x6144][4096x1920x6144][4096x1920x6144][4096x1920x6144][4096x1920x6144][4096x1920x6144][4096x1920x6144][4096x1920x6144][4096x1920x6144][4096x1920x6144]',,tensorop,f32,64,256,128,1,1,1,1,1,1,4,4,1,1,64,256,32,100,110,843055104,1546439884800,1834,0.889789,882.408,1.73799e+06
1,CUTLASS,grouped_gemm,cutlass3x_sm100_tensorop_gemm_grouped_e4m3_e4m3_f32_bf16_e4m3_64x256x128_0x0x1_0_ttt_align16_stream_k_1sm,passed,success,grouped,,,,,fe4m3:row,fe4m3:row,bf16:row,fe4m3:row,1,0,invalid,invalid,heuristic,1,false,'[4096x1920x6144][4096x1920x6144][4096x1920x6144][4096x1920x6144][4096x1920x6144][4096x1920x6144][4096x1920x6144][4096x1920x6144][4096x1920x6144][4096x1920x6144][4096x1920x6144][4096x1920x6144][4096x1920x6144][4096x1920x6144][4096x1920x6144][4096x1920x6144]',,tensorop,f32,64,256,128,1,1,1,1,1,1,4,4,1,1,64,256,32,100,110,843055104,1546439884800,1834,0.889237,882.955,1.73906e+06
1,CUTLASS,grouped_gemm,cutlass3x_sm100_tensorop_gemm_grouped_e4m3_e4m3_f32_bf16_e4m3_64x256x128_1x1x1_0_nnn_align16_1sm,passed,success,grouped,,,,,fe4m3:column,fe4m3:column,bf16:column,fe4m3:column,1,0,invalid,invalid,heuristic,1,false,'[4096x1920x6144][4096x1920x6144][4096x1920x6144][4096x1920x6144][4096x1920x6144][4096x1920x6144][4096x1920x6144][4096x1920x6144][4096x1920x6144][4096x1920x6144][4096x1920x6144][4096x1920x6144][4096x1920x6144][4096x1920x6144][4096x1920x6144][4096x1920x6144]',,tensorop,f32,64,256,128,1,1,1,1,1,1,4,4,1,1,64,256,32,100,110,843055104,1546439884800,1834,0.851726,921.841,1.81565e+06
1,CUTLASS,grouped_gemm,cutlass3x_sm100_tensorop_gemm_grouped_e4m3_e4m3_f32_bf16_e4m3_64x256x128_1x1x1_0_nnn_align16_stream_k_1sm,passed,success,grouped,,,,,fe4m3:column,fe4m3:column,bf16:column,fe4m3:column,1,0,invalid,invalid,heuristic,1,false,'[4096x1920x6144][4096x1920x6144][4096x1920x6144][4096x1920x6144][4096x1920x6144][4096x1920x6144][4096x1920x6144][4096x1920x6144][4096x1920x6144][4096x1920x6144][4096x1920x6144][4096x1920x6144][4096x1920x6144][4096x1920x6144][4096x1920x6144][4096x1920x6144]',,tensorop,f32,64,256,128,1,1,1,1,1,1,4,4,1,1,64,256,32,100,110,843055104,1546439884800,1834,0.853355,920.082,1.81219e+06
1,CUTLASS,grouped_gemm,cutlass3x_sm100_tensorop_gemm_grouped_e4m3_e4m3_f32_bf16_e4m3_64x256x128_1x1x1_0_ntn_align16_1sm,passed,success,grouped,,,,,fe4m3:column,fe4m3:row,bf16:column,fe4m3:column,1,0,invalid,invalid,heuristic,1,false,'[4096x1920x6144][4096x1920x6144][4096x1920x6144][4096x1920x6144][4096x1920x6144][4096x1920x6144][4096x1920x6144][4096x1920x6144][4096x1920x6144][4096x1920x6144][4096x1920x6144][4096x1920x6144][4096x1920x6144][4096x1920x6144][4096x1920x6144][4096x1920x6144]',,tensorop,f32,64,256,128,1,1,1,1,1,1,4,4,1,1,64,256,32,100,110,843055104,1546439884800,1834,0.869793,902.694,1.77794e+06
1,CUTLASS,grouped_gemm,cutlass3x_sm100_tensorop_gemm_grouped_e4m3_e4m3_f32_bf16_e4m3_64x256x128_1x1x1_0_ntn_align16_stream_k_1sm,passed,success,grouped,,,,,fe4m3:column,fe4m3:row,bf16:column,fe4m3:column,1,0,invalid,invalid,heuristic,1,false,'[4096x1920x6144][4096x1920x6144][4096x1920x6144][4096x1920x6144][4096x1920x6144][4096x1920x6144][4096x1920x6144][4096x1920x6144][4096x1920x6144][4096x1920x6144][4096x1920x6144][4096x1920x6144][4096x1920x6144][4096x1920x6144][4096x1920x6144][4096x1920x6144]',,tensorop,f32,64,256,128,1,1,1,1,1,1,4,4,1,1,64,256,32,100,110,843055104,1546439884800,1834,0.869247,903.26,1.77906e+06
1,CUTLASS,grouped_gemm,cutlass3x_sm100_tensorop_gemm_grouped_e4m3_e4m3_f32_bf16_e4m3_64x256x128_1x1x1_0_tnn_align16_1sm,passed,success,grouped,,,,,fe4m3:row,fe4m3:column,bf16:column,fe4m3:column,1,0,invalid,invalid,heuristic,1,false,'[4096x1920x6144][4096x1920x6144][4096x1920x6144][4096x1920x6144][4096x1920x6144][4096x1920x6144][4096x1920x6144][4096x1920x6144][4096x1920x6144][4096x1920x6144][4096x1920x6144][4096x1920x6144][4096x1920x6144][4096x1920x6144][4096x1920x6144][4096x1920x6144]',,tensorop,f32,64,256,128,1,1,1,1,1,1,4,4,1,1,64,256,32,100,110,843055104,1546439884800,1834,0.860707,912.223,1.79671e+06
1,CUTLASS,grouped_gemm,cutlass3x_sm100_tensorop_gemm_grouped_e4m3_e4m3_f32_bf16_e4m3_64x256x128_1x1x1_0_tnn_align16_stream_k_1sm,passed,success,grouped,,,,,fe4m3:row,fe4m3:column,bf16:column,fe4m3:column,1,0,invalid,invalid,heuristic,1,false,'[4096x1920x6144][4096x1920x6144][4096x1920x6144][4096x1920x6144][4096x1920x6144][4096x1920x6144][4096x1920x6144][4096x1920x6144][4096x1920x6144][4096x1920x6144][4096x1920x6144][4096x1920x6144][4096x1920x6144][4096x1920x6144][4096x1920x6144][4096x1920x6144]',,tensorop,f32,64,256,128,1,1,1,1,1,1,4,4,1,1,64,256,32,100,110,843055104,1546439884800,1834,0.860308,912.646,1.79754e+06
1,CUTLASS,grouped_gemm,cutlass3x_sm100_tensorop_gemm_grouped_e4m3_e4m3_f32_bf16_e4m3_64x256x128_1x1x1_0_ttn_align16_1sm,passed,success,grouped,,,,,fe4m3:row,fe4m3:row,bf16:column,fe4m3:column,1,0,invalid,invalid,heuristic,1,false,'[4096x1920x6144][4096x1920x6144][4096x1920x6144][4096x1920x6144][4096x1920x6144][4096x1920x6144][4096x1920x6144][4096x1920x6144][4096x1920x6144][4096x1920x6144][4096x1920x6144][4096x1920x6144][4096x1920x6144][4096x1920x6144][4096x1920x6144][4096x1920x6144]',,tensorop,f32,64,256,128,1,1,1,1,1,1,4,4,1,1,64,256,32,100,110,843055104,1546439884800,1834,0.870364,902.101,1.77677e+06
1,CUTLASS,grouped_gemm,cutlass3x_sm100_tensorop_gemm_grouped_e4m3_e4m3_f32_bf16_e4m3_64x256x128_1x1x1_0_ttn_align16_stream_k_1sm,passed,success,grouped,,,,,fe4m3:row,fe4m3:row,bf16:column,fe4m3:column,1,0,invalid,invalid,heuristic,1,false,'[4096x1920x6144][4096x1920x6144][4096x1920x6144][4096x1920x6144][4096x1920x6144][4096x1920x6144][4096x1920x6144][4096x1920x6144][4096x1920x6144][4096x1920x6144][4096x1920x6144][4096x1920x6144][4096x1920x6144][4096x1920x6144][4096x1920x6144][4096x1920x6144]',,tensorop,f32,64,256,128,1,1,1,1,1,1,4,4,1,1,64,256,32,100,110,843055104,1546439884800,1834,0.872299,900.1,1.77283e+06
1,CUTLASS,grouped_gemm,cutlass3x_sm100_tensorop_gemm_grouped_e4m3_e4m3_f32_bf16_e4m3_64x256x128_1x1x1_0_nnt_align16_1sm,passed,success,grouped,,,,,fe4m3:column,fe4m3:column,bf16:row,fe4m3:row,1,0,invalid,invalid,heuristic,1,false,'[4096x1920x6144][4096x1920x6144][4096x1920x6144][4096x1920x6144][4096x1920x6144][4096x1920x6144][4096x1920x6144][4096x1920x6144][4096x1920x6144][4096x1920x6144][4096x1920x6144][4096x1920x6144][4096x1920x6144][4096x1920x6144][4096x1920x6144][4096x1920x6144]',,tensorop,f32,64,256,128,1,1,1,1,1,1,4,4,1,1,64,256,32,100,110,843055104,1546439884800,1834,0.846893,927.102,1.82602e+06
1,CUTLASS,grouped_gemm,cutlass3x_sm100_tensorop_gemm_grouped_e4m3_e4m3_f32_bf16_e4m3_64x256x128_1x1x1_0_nnt_align16_stream_k_1sm,passed,success,grouped,,,,,fe4m3:column,fe4m3:column,bf16:row,fe4m3:row,1,0,invalid,invalid,heuristic,1,false,'[4096x1920x6144][4096x1920x6144][4096x1920x6144][4096x1920x6144][4096x1920x6144][4096x1920x6144][4096x1920x6144][4096x1920x6144][4096x1920x6144][4096x1920x6144][4096x1920x6144][4096x1920x6144][4096x1920x6144][4096x1920x6144][4096x1920x6144][4096x1920x6144]',,tensorop,f32,64,256,128,1,1,1,1,1,1,4,4,1,1,64,256,32,100,110,843055104,1546439884800,1834,0.84934,924.431,1.82075e+06
1,CUTLASS,grouped_gemm,cutlass3x_sm100_tensorop_gemm_grouped_e4m3_e4m3_f32_bf16_e4m3_64x256x128_1x1x1_0_ntt_align16_1sm,passed,success,grouped,,,,,fe4m3:column,fe4m3:row,bf16:row,fe4m3:row,1,0,invalid,invalid,heuristic,1,false,'[4096x1920x6144][4096x1920x6144][4096x1920x6144][4096x1920x6144][4096x1920x6144][4096x1920x6144][4096x1920x6144][4096x1920x6144][4096x1920x6144][4096x1920x6144][4096x1920x6144][4096x1920x6144][4096x1920x6144][4096x1920x6144][4096x1920x6144][4096x1920x6144]',,tensorop,f32,64,256,128,1,1,1,1,1,1,4,4,1,1,64,256,32,100,110,843055104,1546439884800,1834,0.867353,905.233,1.78294e+06
1,CUTLASS,grouped_gemm,cutlass3x_sm100_tensorop_gemm_grouped_e4m3_e4m3_f32_bf16_e4m3_64x256x128_1x1x1_0_ntt_align16_stream_k_1sm,passed,success,grouped,,,,,fe4m3:column,fe4m3:row,bf16:row,fe4m3:row,1,0,invalid,invalid,heuristic,1,false,'[4096x1920x6144][4096x1920x6144][4096x1920x6144][4096x1920x6144][4096x1920x6144][4096x1920x6144][4096x1920x6144][4096x1920x6144][4096x1920x6144][4096x1920x6144][4096x1920x6144][4096x1920x6144][4096x1920x6144][4096x1920x6144][4096x1920x6144][4096x1920x6144]',,tensorop,f32,64,256,128,1,1,1,1,1,1,4,4,1,1,64,256,32,100,110,843055104,1546439884800,1834,0.866841,905.768,1.784e+06
1,CUTLASS,grouped_gemm,cutlass3x_sm100_tensorop_gemm_grouped_e4m3_e4m3_f32_bf16_e4m3_64x256x128_1x1x1_0_tnt_align16_1sm,passed,success,grouped,,,,,fe4m3:row,fe4m3:column,bf16:row,fe4m3:row,1,0,invalid,invalid,heuristic,1,false,'[4096x1920x6144][4096x1920x6144][4096x1920x6144][4096x1920x6144][4096x1920x6144][4096x1920x6144][4096x1920x6144][4096x1920x6144][4096x1920x6144][4096x1920x6144][4096x1920x6144][4096x1920x6144][4096x1920x6144][4096x1920x6144][4096x1920x6144][4096x1920x6144]',,tensorop,f32,64,256,128,1,1,1,1,1,1,4,4,1,1,64,256,32,100,110,843055104,1546439884800,1834,0.852955,920.513,1.81304e+06
1,CUTLASS,grouped_gemm,cutlass3x_sm100_tensorop_gemm_grouped_e4m3_e4m3_f32_bf16_e4m3_64x256x128_1x1x1_0_tnt_align16_stream_k_1sm,passed,success,grouped,,,,,fe4m3:row,fe4m3:column,bf16:row,fe4m3:row,1,0,invalid,invalid,heuristic,1,false,'[4096x1920x6144][4096x1920x6144][4096x1920x6144][4096x1920x6144][4096x1920x6144][4096x1920x6144][4096x1920x6144][4096x1920x6144][4096x1920x6144][4096x1920x6144][4096x1920x6144][4096x1920x6144][4096x1920x6144][4096x1920x6144][4096x1920x6144][4096x1920x6144]',,tensorop,f32,64,256,128,1,1,1,1,1,1,4,4,1,1,64,256,32,100,110,843055104,1546439884800,1834,0.854573,918.77,1.80961e+06
1,CUTLASS,grouped_gemm,cutlass3x_sm100_tensorop_gemm_grouped_e4m3_e4m3_f32_bf16_e4m3_64x256x128_1x1x1_0_ttt_align16_1sm,passed,success,grouped,,,,,fe4m3:row,fe4m3:row,bf16:row,fe4m3:row,1,0,invalid,invalid,heuristic,1,false,'[4096x1920x6144][4096x1920x6144][4096x1920x6144][4096x1920x6144][4096x1920x6144][4096x1920x6144][4096x1920x6144][4096x1920x6144][4096x1920x6144][4096x1920x6144][4096x1920x6144][4096x1920x6144][4096x1920x6144][4096x1920x6144][4096x1920x6144][4096x1920x6144]',,tensorop,f32,64,256,128,1,1,1,1,1,1,4,4,1,1,64,256,32,100,110,843055104,1546439884800,1834,0.863769,908.989,1.79034e+06
1,CUTLASS,grouped_gemm,cutlass3x_sm100_tensorop_gemm_grouped_e4m3_e4m3_f32_bf16_e4m3_64x256x128_1x1x1_0_ttt_align16_stream_k_1sm,passed,success,grouped,,,,,fe4m3:row,fe4m3:row,bf16:row,fe4m3:row,1,0,invalid,invalid,heuristic,1,false,'[4096x1920x6144][4096x1920x6144][4096x1920x6144][4096x1920x6144][4096x1920x6144][4096x1920x6144][4096x1920x6144][4096x1920x6144][4096x1920x6144][4096x1920x6144][4096x1920x6144][4096x1920x6144][4096x1920x6144][4096x1920x6144][4096x1920x6144][4096x1920x6144]',,tensorop,f32,64,256,128,1,1,1,1,1,1,4,4,1,1,64,256,32,100,110,843055104,1546439884800,1834,0.864383,908.343,1.78907e+06
1,CUTLASS,grouped_gemm,cutlass3x_sm100_tensorop_gemm_grouped_e4m3_e4m3_f32_bf16_e4m3_64x256x128_1x2x1_0_nnn_align16_1sm,passed,success,grouped,,,,,fe4m3:column,fe4m3:column,bf16:column,fe4m3:column,1,0,invalid,invalid,heuristic,1,false,'[4096x1920x6144][4096x1920x6144][4096x1920x6144][4096x1920x6144][4096x1920x6144][4096x1920x6144][4096x1920x6144][4096x1920x6144][4096x1920x6144][4096x1920x6144][4096x1920x6144][4096x1920x6144][4096x1920x6144][4096x1920x6144][4096x1920x6144][4096x1920x6144]',,tensorop,f32,64,256,128,1,2,1,1,1,1,4,4,1,1,64,256,32,100,110,843055104,1546439884800,1834,0.862785,910.025,1.79238e+06
1,CUTLASS,grouped_gemm,cutlass3x_sm100_tensorop_gemm_grouped_e4m3_e4m3_f32_bf16_e4m3_64x256x128_1x2x1_0_nnn_align16_stream_k_1sm,passed,success,grouped,,,,,fe4m3:column,fe4m3:column,bf16:column,fe4m3:column,1,0,invalid,invalid,heuristic,1,false,'[4096x1920x6144][4096x1920x6144][4096x1920x6144][4096x1920x6144][4096x1920x6144][4096x1920x6144][4096x1920x6144][4096x1920x6144][4096x1920x6144][4096x1920x6144][4096x1920x6144][4096x1920x6144][4096x1920x6144][4096x1920x6144][4096x1920x6144][4096x1920x6144]',,tensorop,f32,64,256,128,1,2,1,1,1,1,4,4,1,1,64,256,32,100,110,843055104,1546439884800,1834,0.860973,911.94,1.79615e+06
1,CUTLASS,grouped_gemm,cutlass3x_sm100_tensorop_gemm_grouped_e4m3_e4m3_f32_bf16_e4m3_64x256x128_1x2x1_0_ntn_align16_1sm,passed,success,grouped,,,,,fe4m3:column,fe4m3:row,bf16:column,fe4m3:column,1,0,invalid,invalid,heuristic,1,false,'[4096x1920x6144][4096x1920x6144][4096x1920x6144][4096x1920x6144][4096x1920x6144][4096x1920x6144][4096x1920x6144][4096x1920x6144][4096x1920x6144][4096x1920x6144][4096x1920x6144][4096x1920x6144][4096x1920x6144][4096x1920x6144][4096x1920x6144][4096x1920x6144]',,tensorop,f32,64,256,128,1,2,1,1,1,1,4,4,1,1,64,256,32,100,110,843055104,1546439884800,1834,0.858546,914.518,1.80123e+06
1,CUTLASS,grouped_gemm,cutlass3x_sm100_tensorop_gemm_grouped_e4m3_e4m3_f32_bf16_e4m3_64x256x128_1x2x1_0_ntn_align16_stream_k_1sm,passed,success,grouped,,,,,fe4m3:column,fe4m3:row,bf16:column,fe4m3:column,1,0,invalid,invalid,heuristic,1,false,'[4096x1920x6144][4096x1920x6144][4096x1920x6144][4096x1920x6144][4096x1920x6144][4096x1920x6144][4096x1920x6144][4096x1920x6144][4096x1920x6144][4096x1920x6144][4096x1920x6144][4096x1920x6144][4096x1920x6144][4096x1920x6144][4096x1920x6144][4096x1920x6144]',,tensorop,f32,64,256,128,1,2,1,1,1,1,4,4,1,1,64,256,32,100,110,843055104,1546439884800,1834,0.860759,912.167,1.7966e+06
1,CUTLASS,grouped_gemm,cutlass3x_sm100_tensorop_gemm_grouped_e4m3_e4m3_f32_bf16_e4m3_64x256x128_1x2x1_0_tnn_align16_1sm,passed,success,grouped,,,,,fe4m3:row,fe4m3:column,bf16:column,fe4m3:column,1,0,invalid,invalid,heuristic,1,false,'[4096x1920x6144][4096x1920x6144][4096x1920x6144][4096x1920x6144][4096x1920x6144][4096x1920x6144][4096x1920x6144][4096x1920x6144][4096x1920x6144][4096x1920x6144][4096x1920x6144][4096x1920x6144][4096x1920x6144][4096x1920x6144][4096x1920x6144][4096x1920x6144]',,tensorop,f32,64,256,128,1,2,1,1,1,1,4,4,1,1,64,256,32,100,110,843055104,1546439884800,1834,0.870997,901.445,1.77548e+06
1,CUTLASS,grouped_gemm,cutlass3x_sm100_tensorop_gemm_grouped_e4m3_e4m3_f32_bf16_e4m3_64x256x128_1x2x1_0_tnn_align16_stream_k_1sm,passed,success,grouped,,,,,fe4m3:row,fe4m3:column,bf16:column,fe4m3:column,1,0,invalid,invalid,heuristic,1,false,'[4096x1920x6144][4096x1920x6144][4096x1920x6144][4096x1920x6144][4096x1920x6144][4096x1920x6144][4096x1920x6144][4096x1920x6144][4096x1920x6144][4096x1920x6144][4096x1920x6144][4096x1920x6144][4096x1920x6144][4096x1920x6144][4096x1920x6144][4096x1920x6144]',,tensorop,f32,64,256,128,1,2,1,1,1,1,4,4,1,1,64,256,32,100,110,843055104,1546439884800,1834,0.872861,899.52,1.77169e+06
1,CUTLASS,grouped_gemm,cutlass3x_sm100_tensorop_gemm_grouped_e4m3_e4m3_f32_bf16_e4m3_64x256x128_1x2x1_0_ttn_align16_1sm,passed,success,grouped,,,,,fe4m3:row,fe4m3:row,bf16:column,fe4m3:column,1,0,invalid,invalid,heuristic,1,false,'[4096x1920x6144][4096x1920x6144][4096x1920x6144][4096x1920x6144][4096x1920x6144][4096x1920x6144][4096x1920x6144][4096x1920x6144][4096x1920x6144][4096x1920x6144][4096x1920x6144][4096x1920x6144][4096x1920x6144][4096x1920x6144][4096x1920x6144][4096x1920x6144]',,tensorop,f32,64,256,128,1,2,1,1,1,1,4,4,1,1,64,256,32,100,110,843055104,1546439884800,1834,0.852966,920.501,1.81302e+06
1,CUTLASS,grouped_gemm,cutlass3x_sm100_tensorop_gemm_grouped_e4m3_e4m3_f32_bf16_e4m3_64x256x128_1x2x1_0_ttn_align16_stream_k_1sm,passed,success,grouped,,,,,fe4m3:row,fe4m3:row,bf16:column,fe4m3:column,1,0,invalid,invalid,heuristic,1,false,'[4096x1920x6144][4096x1920x6144][4096x1920x6144][4096x1920x6144][4096x1920x6144][4096x1920x6144][4096x1920x6144][4096x1920x6144][4096x1920x6144][4096x1920x6144][4096x1920x6144][4096x1920x6144][4096x1920x6144][4096x1920x6144][4096x1920x6144][4096x1920x6144]',,tensorop,f32,64,256,128,1,2,1,1,1,1,4,4,1,1,64,256,32,100,110,843055104,1546439884800,1834,0.85318,920.27,1.81256e+06
1,CUTLASS,grouped_gemm,cutlass3x_sm100_tensorop_gemm_grouped_e4m3_e4m3_f32_bf16_e4m3_64x256x128_1x2x1_0_nnt_align16_1sm,passed,success,grouped,,,,,fe4m3:column,fe4m3:column,bf16:row,fe4m3:row,1,0,invalid,invalid,heuristic,1,false,'[4096x1920x6144][4096x1920x6144][4096x1920x6144][4096x1920x6144][4096x1920x6144][4096x1920x6144][4096x1920x6144][4096x1920x6144][4096x1920x6144][4096x1920x6144][4096x1920x6144][4096x1920x6144][4096x1920x6144][4096x1920x6144][4096x1920x6144][4096x1920x6144]',,tensorop,f32,64,256,128,1,2,1,1,1,1,4,4,1,1,64,256,32,100,110,843055104,1546439884800,1834,0.862683,910.133,1.79259e+06
1,CUTLASS,grouped_gemm,cutlass3x_sm100_tensorop_gemm_grouped_e4m3_e4m3_f32_bf16_e4m3_64x256x128_1x2x1_0_nnt_align16_stream_k_1sm,passed,success,grouped,,,,,fe4m3:column,fe4m3:column,bf16:row,fe4m3:row,1,0,invalid,invalid,heuristic,1,false,'[4096x1920x6144][4096x1920x6144][4096x1920x6144][4096x1920x6144][4096x1920x6144][4096x1920x6144][4096x1920x6144][4096x1920x6144][4096x1920x6144][4096x1920x6144][4096x1920x6144][4096x1920x6144][4096x1920x6144][4096x1920x6144][4096x1920x6144][4096x1920x6144]',,tensorop,f32,64,256,128,1,2,1,1,1,1,4,4,1,1,64,256,32,100,110,843055104,1546439884800,1834,0.864017,908.728,1.78983e+06
1,CUTLASS,grouped_gemm,cutlass3x_sm100_tensorop_gemm_grouped_e4m3_e4m3_f32_bf16_e4m3_64x256x128_1x2x1_0_ntt_align16_1sm,passed,success,grouped,,,,,fe4m3:column,fe4m3:row,bf16:row,fe4m3:row,1,0,invalid,invalid,heuristic,1,false,'[4096x1920x6144][4096x1920x6144][4096x1920x6144][4096x1920x6144][4096x1920x6144][4096x1920x6144][4096x1920x6144][4096x1920x6144][4096x1920x6144][4096x1920x6144][4096x1920x6144][4096x1920x6144][4096x1920x6144][4096x1920x6144][4096x1920x6144][4096x1920x6144]',,tensorop,f32,64,256,128,1,2,1,1,1,1,4,4,1,1,64,256,32,100,110,843055104,1546439884800,1834,0.853928,919.464,1.81097e+06
1,CUTLASS,grouped_gemm,cutlass3x_sm100_tensorop_gemm_grouped_e4m3_e4m3_f32_bf16_e4m3_64x256x128_1x2x1_0_ntt_align16_stream_k_1sm,passed,success,grouped,,,,,fe4m3:column,fe4m3:row,bf16:row,fe4m3:row,1,0,invalid,invalid,heuristic,1,false,'[4096x1920x6144][4096x1920x6144][4096x1920x6144][4096x1920x6144][4096x1920x6144][4096x1920x6144][4096x1920x6144][4096x1920x6144][4096x1920x6144][4096x1920x6144][4096x1920x6144][4096x1920x6144][4096x1920x6144][4096x1920x6144][4096x1920x6144][4096x1920x6144]',,tensorop,f32,64,256,128,1,2,1,1,1,1,4,4,1,1,64,256,32,100,110,843055104,1546439884800,1834,0.855065,918.242,1.80856e+06
1,CUTLASS,grouped_gemm,cutlass3x_sm100_tensorop_gemm_grouped_e4m3_e4m3_f32_bf16_e4m3_64x256x128_1x2x1_0_tnt_align16_1sm,passed,success,grouped,,,,,fe4m3:row,fe4m3:column,bf16:row,fe4m3:row,1,0,invalid,invalid,heuristic,1,false,'[4096x1920x6144][4096x1920x6144][4096x1920x6144][4096x1920x6144][4096x1920x6144][4096x1920x6144][4096x1920x6144][4096x1920x6144][4096x1920x6144][4096x1920x6144][4096x1920x6144][4096x1920x6144][4096x1920x6144][4096x1920x6144][4096x1920x6144][4096x1920x6144]',,tensorop,f32,64,256,128,1,2,1,1,1,1,4,4,1,1,64,256,32,100,110,843055104,1546439884800,1834,0.861331,911.561,1.79541e+06
1,CUTLASS,grouped_gemm,cutlass3x_sm100_tensorop_gemm_grouped_e4m3_e4m3_f32_bf16_e4m3_64x256x128_1x2x1_0_tnt_align16_stream_k_1sm,passed,success,grouped,,,,,fe4m3:row,fe4m3:column,bf16:row,fe4m3:row,1,0,invalid,invalid,heuristic,1,false,'[4096x1920x6144][4096x1920x6144][4096x1920x6144][4096x1920x6144][4096x1920x6144][4096x1920x6144][4096x1920x6144][4096x1920x6144][4096x1920x6144][4096x1920x6144][4096x1920x6144][4096x1920x6144][4096x1920x6144][4096x1920x6144][4096x1920x6144][4096x1920x6144]',,tensorop,f32,64,256,128,1,2,1,1,1,1,4,4,1,1,64,256,32,100,110,843055104,1546439884800,1834,0.860461,912.483,1.79722e+06
1,CUTLASS,grouped_gemm,cutlass3x_sm100_tensorop_gemm_grouped_e4m3_e4m3_f32_bf16_e4m3_64x256x128_1x2x1_0_ttt_align16_1sm,passed,success,grouped,,,,,fe4m3:row,fe4m3:row,bf16:row,fe4m3:row,1,0,invalid,invalid,heuristic,1,false,'[4096x1920x6144][4096x1920x6144][4096x1920x6144][4096x1920x6144][4096x1920x6144][4096x1920x6144][4096x1920x6144][4096x1920x6144][4096x1920x6144][4096x1920x6144][4096x1920x6144][4096x1920x6144][4096x1920x6144][4096x1920x6144][4096x1920x6144][4096x1920x6144]',,tensorop,f32,64,256,128,1,2,1,1,1,1,4,4,1,1,64,256,32,100,110,843055104,1546439884800,1834,0.851481,922.107,1.81618e+06
1,CUTLASS,grouped_gemm,cutlass3x_sm100_tensorop_gemm_grouped_e4m3_e4m3_f32_bf16_e4m3_64x256x128_1x2x1_0_ttt_align16_stream_k_1sm,passed,success,grouped,,,,,fe4m3:row,fe4m3:row,bf16:row,fe4m3:row,1,0,invalid,invalid,heuristic,1,false,'[4096x1920x6144][4096x1920x6144][4096x1920x6144][4096x1920x6144][4096x1920x6144][4096x1920x6144][4096x1920x6144][4096x1920x6144][4096x1920x6144][4096x1920x6144][4096x1920x6144][4096x1920x6144][4096x1920x6144][4096x1920x6144][4096x1920x6144][4096x1920x6144]',,tensorop,f32,64,256,128,1,2,1,1,1,1,4,4,1,1,64,256,32,100,110,843055104,1546439884800,1834,0.853139,920.314,1.81265e+06
1,CUTLASS,grouped_gemm,cutlass3x_sm100_tensorop_gemm_grouped_e4m3_e4m3_f32_bf16_e4m3_64x256x128_2x1x1_0_nnn_align16_1sm,passed,success,grouped,,,,,fe4m3:column,fe4m3:column,bf16:column,fe4m3:column,1,0,invalid,invalid,heuristic,1,false,'[4096x1920x6144][4096x1920x6144][4096x1920x6144][4096x1920x6144][4096x1920x6144][4096x1920x6144][4096x1920x6144][4096x1920x6144][4096x1920x6144][4096x1920x6144][4096x1920x6144][4096x1920x6144][4096x1920x6144][4096x1920x6144][4096x1920x6144][4096x1920x6144]',,tensorop,f32,64,256,128,2,1,1,1,1,1,4,4,1,1,64,256,32,100,110,843055104,1546439884800,1834,0.759924,1033.2,2.03499e+06
1,CUTLASS,grouped_gemm,cutlass3x_sm100_tensorop_gemm_grouped_e4m3_e4m3_f32_bf16_e4m3_64x256x128_2x1x1_0_nnn_align16_stream_k_1sm,passed,success,grouped,,,,,fe4m3:column,fe4m3:column,bf16:column,fe4m3:column,1,0,invalid,invalid,heuristic,1,false,'[4096x1920x6144][4096x1920x6144][4096x1920x6144][4096x1920x6144][4096x1920x6144][4096x1920x6144][4096x1920x6144][4096x1920x6144][4096x1920x6144][4096x1920x6144][4096x1920x6144][4096x1920x6144][4096x1920x6144][4096x1920x6144][4096x1920x6144][4096x1920x6144]',,tensorop,f32,64,256,128,2,1,1,1,1,1,4,4,1,1,64,256,32,100,110,843055104,1546439884800,1834,0.757518,1036.48,2.04146e+06
1,CUTLASS,grouped_gemm,cutlass3x_sm100_tensorop_gemm_grouped_e4m3_e4m3_f32_bf16_e4m3_64x256x128_2x1x1_0_ntn_align16_1sm,passed,success,grouped,,,,,fe4m3:column,fe4m3:row,bf16:column,fe4m3:column,1,0,invalid,invalid,heuristic,1,false,'[4096x1920x6144][4096x1920x6144][4096x1920x6144][4096x1920x6144][4096x1920x6144][4096x1920x6144][4096x1920x6144][4096x1920x6144][4096x1920x6144][4096x1920x6144][4096x1920x6144][4096x1920x6144][4096x1920x6144][4096x1920x6144][4096x1920x6144][4096x1920x6144]',,tensorop,f32,64,256,128,2,1,1,1,1,1,4,4,1,1,64,256,32,100,110,843055104,1546439884800,1834,0.76355,1028.3,2.02533e+06
1,CUTLASS,grouped_gemm,cutlass3x_sm100_tensorop_gemm_grouped_e4m3_e4m3_f32_bf16_e4m3_64x256x128_2x1x1_0_ntn_align16_stream_k_1sm,passed,success,grouped,,,,,fe4m3:column,fe4m3:row,bf16:column,fe4m3:column,1,0,invalid,invalid,heuristic,1,false,'[4096x1920x6144][4096x1920x6144][4096x1920x6144][4096x1920x6144][4096x1920x6144][4096x1920x6144][4096x1920x6144][4096x1920x6144][4096x1920x6144][4096x1920x6144][4096x1920x6144][4096x1920x6144][4096x1920x6144][4096x1920x6144][4096x1920x6144][4096x1920x6144]',,tensorop,f32,64,256,128,2,1,1,1,1,1,4,4,1,1,64,256,32,100,110,843055104,1546439884800,1834,0.761697,1030.8,2.03026e+06
1,CUTLASS,grouped_gemm,cutlass3x_sm100_tensorop_gemm_grouped_e4m3_e4m3_f32_bf16_e4m3_64x256x128_2x1x1_0_tnn_align16_1sm,passed,success,grouped,,,,,fe4m3:row,fe4m3:column,bf16:column,fe4m3:column,1,0,invalid,invalid,heuristic,1,false,'[4096x1920x6144][4096x1920x6144][4096x1920x6144][4096x1920x6144][4096x1920x6144][4096x1920x6144][4096x1920x6144][4096x1920x6144][4096x1920x6144][4096x1920x6144][4096x1920x6144][4096x1920x6144][4096x1920x6144][4096x1920x6144][4096x1920x6144][4096x1920x6144]',,tensorop,f32,64,256,128,2,1,1,1,1,1,4,4,1,1,64,256,32,100,110,843055104,1546439884800,1834,0.754907,1040.07,2.04852e+06
1,CUTLASS,grouped_gemm,cutlass3x_sm100_tensorop_gemm_grouped_e4m3_e4m3_f32_bf16_e4m3_64x256x128_2x1x1_0_tnn_align16_stream_k_1sm,passed,success,grouped,,,,,fe4m3:row,fe4m3:column,bf16:column,fe4m3:column,1,0,invalid,invalid,heuristic,1,false,'[4096x1920x6144][4096x1920x6144][4096x1920x6144][4096x1920x6144][4096x1920x6144][4096x1920x6144][4096x1920x6144][4096x1920x6144][4096x1920x6144][4096x1920x6144][4096x1920x6144][4096x1920x6144][4096x1920x6144][4096x1920x6144][4096x1920x6144][4096x1920x6144]',,tensorop,f32,64,256,128,2,1,1,1,1,1,4,4,1,1,64,256,32,100,110,843055104,1546439884800,1834,0.755521,1039.22,2.04685e+06
1,CUTLASS,grouped_gemm,cutlass3x_sm100_tensorop_gemm_grouped_e4m3_e4m3_f32_bf16_e4m3_64x256x128_2x1x1_0_ttn_align16_1sm,passed,success,grouped,,,,,fe4m3:row,fe4m3:row,bf16:column,fe4m3:column,1,0,invalid,invalid,heuristic,1,false,'[4096x1920x6144][4096x1920x6144][4096x1920x6144][4096x1920x6144][4096x1920x6144][4096x1920x6144][4096x1920x6144][4096x1920x6144][4096x1920x6144][4096x1920x6144][4096x1920x6144][4096x1920x6144][4096x1920x6144][4096x1920x6144][4096x1920x6144][4096x1920x6144]',,tensorop,f32,64,256,128,2,1,1,1,1,1,4,4,1,1,64,256,32,100,110,843055104,1546439884800,1834,0.753402,1042.15,2.05261e+06
1,CUTLASS,grouped_gemm,cutlass3x_sm100_tensorop_gemm_grouped_e4m3_e4m3_f32_bf16_e4m3_64x256x128_2x1x1_0_ttn_align16_stream_k_1sm,passed,success,grouped,,,,,fe4m3:row,fe4m3:row,bf16:column,fe4m3:column,1,0,invalid,invalid,heuristic,1,false,'[4096x1920x6144][4096x1920x6144][4096x1920x6144][4096x1920x6144][4096x1920x6144][4096x1920x6144][4096x1920x6144][4096x1920x6144][4096x1920x6144][4096x1920x6144][4096x1920x6144][4096x1920x6144][4096x1920x6144][4096x1920x6144][4096x1920x6144][4096x1920x6144]',,tensorop,f32,64,256,128,2,1,1,1,1,1,4,4,1,1,64,256,32,100,110,843055104,1546439884800,1834,0.758297,1035.42,2.03936e+06
1,CUTLASS,grouped_gemm,cutlass3x_sm100_tensorop_gemm_grouped_e4m3_e4m3_f32_bf16_e4m3_64x256x128_2x1x1_0_nnt_align16_1sm,passed,success,grouped,,,,,fe4m3:column,fe4m3:column,bf16:row,fe4m3:row,1,0,invalid,invalid,heuristic,1,false,'[4096x1920x6144][4096x1920x6144][4096x1920x6144][4096x1920x6144][4096x1920x6144][4096x1920x6144][4096x1920x6144][4096x1920x6144][4096x1920x6144][4096x1920x6144][4096x1920x6144][4096x1920x6144][4096x1920x6144][4096x1920x6144][4096x1920x6144][4096x1920x6144]',,tensorop,f32,64,256,128,2,1,1,1,1,1,4,4,1,1,64,256,32,100,110,843055104,1546439884800,1834,0.757221,1036.89,2.04226e+06
1,CUTLASS,grouped_gemm,cutlass3x_sm100_tensorop_gemm_grouped_e4m3_e4m3_f32_bf16_e4m3_64x256x128_2x1x1_0_nnt_align16_stream_k_1sm,passed,success,grouped,,,,,fe4m3:column,fe4m3:column,bf16:row,fe4m3:row,1,0,invalid,invalid,heuristic,1,false,'[4096x1920x6144][4096x1920x6144][4096x1920x6144][4096x1920x6144][4096x1920x6144][4096x1920x6144][4096x1920x6144][4096x1920x6144][4096x1920x6144][4096x1920x6144][4096x1920x6144][4096x1920x6144][4096x1920x6144][4096x1920x6144][4096x1920x6144][4096x1920x6144]',,tensorop,f32,64,256,128,2,1,1,1,1,1,4,4,1,1,64,256,32,100,110,843055104,1546439884800,1834,0.760457,1032.48,2.03357e+06
1,CUTLASS,grouped_gemm,cutlass3x_sm100_tensorop_gemm_grouped_e4m3_e4m3_f32_bf16_e4m3_64x256x128_2x1x1_0_ntt_align16_1sm,passed,success,grouped,,,,,fe4m3:column,fe4m3:row,bf16:row,fe4m3:row,1,0,invalid,invalid,heuristic,1,false,'[4096x1920x6144][4096x1920x6144][4096x1920x6144][4096x1920x6144][4096x1920x6144][4096x1920x6144][4096x1920x6144][4096x1920x6144][4096x1920x6144][4096x1920x6144][4096x1920x6144][4096x1920x6144][4096x1920x6144][4096x1920x6144][4096x1920x6144][4096x1920x6144]',,tensorop,f32,64,256,128,2,1,1,1,1,1,4,4,1,1,64,256,32,100,110,843055104,1546439884800,1834,0.759679,1033.54,2.03565e+06
1,CUTLASS,grouped_gemm,cutlass3x_sm100_tensorop_gemm_grouped_e4m3_e4m3_f32_bf16_e4m3_64x256x128_2x1x1_0_ntt_align16_stream_k_1sm,passed,success,grouped,,,,,fe4m3:column,fe4m3:row,bf16:row,fe4m3:row,1,0,invalid,invalid,heuristic,1,false,'[4096x1920x6144][4096x1920x6144][4096x1920x6144][4096x1920x6144][4096x1920x6144][4096x1920x6144][4096x1920x6144][4096x1920x6144][4096x1920x6144][4096x1920x6144][4096x1920x6144][4096x1920x6144][4096x1920x6144][4096x1920x6144][4096x1920x6144][4096x1920x6144]',,tensorop,f32,64,256,128,2,1,1,1,1,1,4,4,1,1,64,256,32,100,110,843055104,1546439884800,1834,0.764901,1026.48,2.02175e+06
1,CUTLASS,grouped_gemm,cutlass3x_sm100_tensorop_gemm_grouped_e4m3_e4m3_f32_bf16_e4m3_64x256x128_2x1x1_0_tnt_align16_1sm,passed,success,grouped,,,,,fe4m3:row,fe4m3:column,bf16:row,fe4m3:row,1,0,invalid,invalid,heuristic,1,false,'[4096x1920x6144][4096x1920x6144][4096x1920x6144][4096x1920x6144][4096x1920x6144][4096x1920x6144][4096x1920x6144][4096x1920x6144][4096x1920x6144][4096x1920x6144][4096x1920x6144][4096x1920x6144][4096x1920x6144][4096x1920x6144][4096x1920x6144][4096x1920x6144]',,tensorop,f32,64,256,128,2,1,1,1,1,1,4,4,1,1,64,256,32,100,110,843055104,1546439884800,1834,0.754528,1040.59,2.04955e+06
1,CUTLASS,grouped_gemm,cutlass3x_sm100_tensorop_gemm_grouped_e4m3_e4m3_f32_bf16_e4m3_64x256x128_2x1x1_0_tnt_align16_stream_k_1sm,passed,success,grouped,,,,,fe4m3:row,fe4m3:column,bf16:row,fe4m3:row,1,0,invalid,invalid,heuristic,1,false,'[4096x1920x6144][4096x1920x6144][4096x1920x6144][4096x1920x6144][4096x1920x6144][4096x1920x6144][4096x1920x6144][4096x1920x6144][4096x1920x6144][4096x1920x6144][4096x1920x6144][4096x1920x6144][4096x1920x6144][4096x1920x6144][4096x1920x6144][4096x1920x6144]',,tensorop,f32,64,256,128,2,1,1,1,1,1,4,4,1,1,64,256,32,100,110,843055104,1546439884800,1834,0.755931,1038.66,2.04574e+06
1,CUTLASS,grouped_gemm,cutlass3x_sm100_tensorop_gemm_grouped_e4m3_e4m3_f32_bf16_e4m3_64x256x128_2x1x1_0_ttt_align16_1sm,passed,success,grouped,,,,,fe4m3:row,fe4m3:row,bf16:row,fe4m3:row,1,0,invalid,invalid,heuristic,1,false,'[4096x1920x6144][4096x1920x6144][4096x1920x6144][4096x1920x6144][4096x1920x6144][4096x1920x6144][4096x1920x6144][4096x1920x6144][4096x1920x6144][4096x1920x6144][4096x1920x6144][4096x1920x6144][4096x1920x6144][4096x1920x6144][4096x1920x6144][4096x1920x6144]',,tensorop,f32,64,256,128,2,1,1,1,1,1,4,4,1,1,64,256,32,100,110,843055104,1546439884800,1834,0.753791,1041.61,2.05155e+06
1,CUTLASS,grouped_gemm,cutlass3x_sm100_tensorop_gemm_grouped_e4m3_e4m3_f32_bf16_e4m3_64x256x128_2x1x1_0_ttt_align16_stream_k_1sm,passed,success,grouped,,,,,fe4m3:row,fe4m3:row,bf16:row,fe4m3:row,1,0,invalid,invalid,heuristic,1,false,'[4096x1920x6144][4096x1920x6144][4096x1920x6144][4096x1920x6144][4096x1920x6144][4096x1920x6144][4096x1920x6144][4096x1920x6144][4096x1920x6144][4096x1920x6144][4096x1920x6144][4096x1920x6144][4096x1920x6144][4096x1920x6144][4096x1920x6144][4096x1920x6144]',,tensorop,f32,64,256,128,2,1,1,1,1,1,4,4,1,1,64,256,32,100,110,843055104,1546439884800,1834,0.752829,1042.94,2.05417e+06
1,CUTLASS,grouped_gemm,cutlass3x_sm100_tensorop_gemm_grouped_e4m3_e4m3_f32_bf16_e4m3_64x256x128_1x4x1_0_nnn_align16_1sm,passed,success,grouped,,,,,fe4m3:column,fe4m3:column,bf16:column,fe4m3:column,1,0,invalid,invalid,heuristic,1,false,'[4096x1920x6144][4096x1920x6144][4096x1920x6144][4096x1920x6144][4096x1920x6144][4096x1920x6144][4096x1920x6144][4096x1920x6144][4096x1920x6144][4096x1920x6144][4096x1920x6144][4096x1920x6144][4096x1920x6144][4096x1920x6144][4096x1920x6144][4096x1920x6144]',,tensorop,f32,64,256,128,1,4,1,1,1,1,4,4,1,1,64,256,32,100,110,843055104,1546439884800,1834,0.892041,880.18,1.7336e+06
1,CUTLASS,grouped_gemm,cutlass3x_sm100_tensorop_gemm_grouped_e4m3_e4m3_f32_bf16_e4m3_64x256x128_1x4x1_0_nnn_align16_stream_k_1sm,passed,success,grouped,,,,,fe4m3:column,fe4m3:column,bf16:column,fe4m3:column,1,0,invalid,invalid,heuristic,1,false,'[4096x1920x6144][4096x1920x6144][4096x1920x6144][4096x1920x6144][4096x1920x6144][4096x1920x6144][4096x1920x6144][4096x1920x6144][4096x1920x6144][4096x1920x6144][4096x1920x6144][4096x1920x6144][4096x1920x6144][4096x1920x6144][4096x1920x6144][4096x1920x6144]',,tensorop,f32,64,256,128,1,4,1,1,1,1,4,4,1,1,64,256,32,100,110,843055104,1546439884800,1834,0.89283,879.402,1.73207e+06
1,CUTLASS,grouped_gemm,cutlass3x_sm100_tensorop_gemm_grouped_e4m3_e4m3_f32_bf16_e4m3_64x256x128_1x4x1_0_ntn_align16_1sm,passed,success,grouped,,,,,fe4m3:column,fe4m3:row,bf16:column,fe4m3:column,1,0,invalid,invalid,heuristic,1,false,'[4096x1920x6144][4096x1920x6144][4096x1920x6144][4096x1920x6144][4096x1920x6144][4096x1920x6144][4096x1920x6144][4096x1920x6144][4096x1920x6144][4096x1920x6144][4096x1920x6144][4096x1920x6144][4096x1920x6144][4096x1920x6144][4096x1920x6144][4096x1920x6144]',,tensorop,f32,64,256,128,1,4,1,1,1,1,4,4,1,1,64,256,32,100,110,843055104,1546439884800,1834,0.883194,888.996,1.75096e+06
1,CUTLASS,grouped_gemm,cutlass3x_sm100_tensorop_gemm_grouped_e4m3_e4m3_f32_bf16_e4m3_64x256x128_1x4x1_0_ntn_align16_stream_k_1sm,passed,success,grouped,,,,,fe4m3:column,fe4m3:row,bf16:column,fe4m3:column,1,0,invalid,invalid,heuristic,1,false,'[4096x1920x6144][4096x1920x6144][4096x1920x6144][4096x1920x6144][4096x1920x6144][4096x1920x6144][4096x1920x6144][4096x1920x6144][4096x1920x6144][4096x1920x6144][4096x1920x6144][4096x1920x6144][4096x1920x6144][4096x1920x6144][4096x1920x6144][4096x1920x6144]',,tensorop,f32,64,256,128,1,4,1,1,1,1,4,4,1,1,64,256,32,100,110,843055104,1546439884800,1834,0.883982,888.203,1.7494e+06
1,CUTLASS,grouped_gemm,cutlass3x_sm100_tensorop_gemm_grouped_e4m3_e4m3_f32_bf16_e4m3_64x256x128_1x4x1_0_tnn_align16_1sm,passed,success,grouped,,,,,fe4m3:row,fe4m3:column,bf16:column,fe4m3:column,1,0,invalid,invalid,heuristic,1,false,'[4096x1920x6144][4096x1920x6144][4096x1920x6144][4096x1920x6144][4096x1920x6144][4096x1920x6144][4096x1920x6144][4096x1920x6144][4096x1920x6144][4096x1920x6144][4096x1920x6144][4096x1920x6144][4096x1920x6144][4096x1920x6144][4096x1920x6144][4096x1920x6144]',,tensorop,f32,64,256,128,1,4,1,1,1,1,4,4,1,1,64,256,32,100,110,843055104,1546439884800,1834,0.902465,870.013,1.71357e+06
1,CUTLASS,grouped_gemm,cutlass3x_sm100_tensorop_gemm_grouped_e4m3_e4m3_f32_bf16_e4m3_64x256x128_1x4x1_0_tnn_align16_stream_k_1sm,passed,success,grouped,,,,,fe4m3:row,fe4m3:column,bf16:column,fe4m3:column,1,0,invalid,invalid,heuristic,1,false,'[4096x1920x6144][4096x1920x6144][4096x1920x6144][4096x1920x6144][4096x1920x6144][4096x1920x6144][4096x1920x6144][4096x1920x6144][4096x1920x6144][4096x1920x6144][4096x1920x6144][4096x1920x6144][4096x1920x6144][4096x1920x6144][4096x1920x6144][4096x1920x6144]',,tensorop,f32,64,256,128,1,4,1,1,1,1,4,4,1,1,64,256,32,100,110,843055104,1546439884800,1834,0.903643,868.879,1.71134e+06
1,CUTLASS,grouped_gemm,cutlass3x_sm100_tensorop_gemm_grouped_e4m3_e4m3_f32_bf16_e4m3_64x256x128_1x4x1_0_ttn_align16_1sm,passed,success,grouped,,,,,fe4m3:row,fe4m3:row,bf16:column,fe4m3:column,1,0,invalid,invalid,heuristic,1,false,'[4096x1920x6144][4096x1920x6144][4096x1920x6144][4096x1920x6144][4096x1920x6144][4096x1920x6144][4096x1920x6144][4096x1920x6144][4096x1920x6144][4096x1920x6144][4096x1920x6144][4096x1920x6144][4096x1920x6144][4096x1920x6144][4096x1920x6144][4096x1920x6144]',,tensorop,f32,64,256,128,1,4,1,1,1,1,4,4,1,1,64,256,32,100,110,843055104,1546439884800,1834,0.89285,879.382,1.73203e+06
1,CUTLASS,grouped_gemm,cutlass3x_sm100_tensorop_gemm_grouped_e4m3_e4m3_f32_bf16_e4m3_64x256x128_1x4x1_0_ttn_align16_stream_k_1sm,passed,success,grouped,,,,,fe4m3:row,fe4m3:row,bf16:column,fe4m3:column,1,0,invalid,invalid,heuristic,1,false,'[4096x1920x6144][4096x1920x6144][4096x1920x6144][4096x1920x6144][4096x1920x6144][4096x1920x6144][4096x1920x6144][4096x1920x6144][4096x1920x6144][4096x1920x6144][4096x1920x6144][4096x1920x6144][4096x1920x6144][4096x1920x6144][4096x1920x6144][4096x1920x6144]',,tensorop,f32,64,256,128,1,4,1,1,1,1,4,4,1,1,64,256,32,100,110,843055104,1546439884800,1834,0.893485,878.757,1.7308e+06
1,CUTLASS,grouped_gemm,cutlass3x_sm100_tensorop_gemm_grouped_e4m3_e4m3_f32_bf16_e4m3_64x256x128_1x4x1_0_nnt_align16_1sm,passed,success,grouped,,,,,fe4m3:column,fe4m3:column,bf16:row,fe4m3:row,1,0,invalid,invalid,heuristic,1,false,'[4096x1920x6144][4096x1920x6144][4096x1920x6144][4096x1920x6144][4096x1920x6144][4096x1920x6144][4096x1920x6144][4096x1920x6144][4096x1920x6144][4096x1920x6144][4096x1920x6144][4096x1920x6144][4096x1920x6144][4096x1920x6144][4096x1920x6144][4096x1920x6144]',,tensorop,f32,64,256,128,1,4,1,1,1,1,4,4,1,1,64,256,32,100,110,843055104,1546439884800,1834,0.892707,879.523,1.7323e+06
1,CUTLASS,grouped_gemm,cutlass3x_sm100_tensorop_gemm_grouped_e4m3_e4m3_f32_bf16_e4m3_64x256x128_1x4x1_0_nnt_align16_stream_k_1sm,passed,success,grouped,,,,,fe4m3:column,fe4m3:column,bf16:row,fe4m3:row,1,0,invalid,invalid,heuristic,1,false,'[4096x1920x6144][4096x1920x6144][4096x1920x6144][4096x1920x6144][4096x1920x6144][4096x1920x6144][4096x1920x6144][4096x1920x6144][4096x1920x6144][4096x1920x6144][4096x1920x6144][4096x1920x6144][4096x1920x6144][4096x1920x6144][4096x1920x6144][4096x1920x6144]',,tensorop,f32,64,256,128,1,4,1,1,1,1,4,4,1,1,64,256,32,100,110,843055104,1546439884800,1834,0.891142,881.067,1.73535e+06
1,CUTLASS,grouped_gemm,cutlass3x_sm100_tensorop_gemm_grouped_e4m3_e4m3_f32_bf16_e4m3_64x256x128_1x4x1_0_ntt_align16_1sm,passed,success,grouped,,,,,fe4m3:column,fe4m3:row,bf16:row,fe4m3:row,1,0,invalid,invalid,heuristic,1,false,'[4096x1920x6144][4096x1920x6144][4096x1920x6144][4096x1920x6144][4096x1920x6144][4096x1920x6144][4096x1920x6144][4096x1920x6144][4096x1920x6144][4096x1920x6144][4096x1920x6144][4096x1920x6144][4096x1920x6144][4096x1920x6144][4096x1920x6144][4096x1920x6144]',,tensorop,f32,64,256,128,1,4,1,1,1,1,4,4,1,1,64,256,32,100,110,843055104,1546439884800,1834,0.880838,891.374,1.75565e+06
1,CUTLASS,grouped_gemm,cutlass3x_sm100_tensorop_gemm_grouped_e4m3_e4m3_f32_bf16_e4m3_64x256x128_1x4x1_0_ntt_align16_stream_k_1sm,passed,success,grouped,,,,,fe4m3:column,fe4m3:row,bf16:row,fe4m3:row,1,0,invalid,invalid,heuristic,1,false,'[4096x1920x6144][4096x1920x6144][4096x1920x6144][4096x1920x6144][4096x1920x6144][4096x1920x6144][4096x1920x6144][4096x1920x6144][4096x1920x6144][4096x1920x6144][4096x1920x6144][4096x1920x6144][4096x1920x6144][4096x1920x6144][4096x1920x6144][4096x1920x6144]',,tensorop,f32,64,256,128,1,4,1,1,1,1,4,4,1,1,64,256,32,100,110,843055104,1546439884800,1834,0.88217,890.028,1.753e+06
1,CUTLASS,grouped_gemm,cutlass3x_sm100_tensorop_gemm_grouped_e4m3_e4m3_f32_bf16_e4m3_64x256x128_1x4x1_0_tnt_align16_1sm,passed,success,grouped,,,,,fe4m3:row,fe4m3:column,bf16:row,fe4m3:row,1,0,invalid,invalid,heuristic,1,false,'[4096x1920x6144][4096x1920x6144][4096x1920x6144][4096x1920x6144][4096x1920x6144][4096x1920x6144][4096x1920x6144][4096x1920x6144][4096x1920x6144][4096x1920x6144][4096x1920x6144][4096x1920x6144][4096x1920x6144][4096x1920x6144][4096x1920x6144][4096x1920x6144]',,tensorop,f32,64,256,128,1,4,1,1,1,1,4,4,1,1,64,256,32,100,110,843055104,1546439884800,1834,0.906387,866.248,1.70616e+06
1,CUTLASS,grouped_gemm,cutlass3x_sm100_tensorop_gemm_grouped_e4m3_e4m3_f32_bf16_e4m3_64x256x128_1x4x1_0_tnt_align16_stream_k_1sm,passed,success,grouped,,,,,fe4m3:row,fe4m3:column,bf16:row,fe4m3:row,1,0,invalid,invalid,heuristic,1,false,'[4096x1920x6144][4096x1920x6144][4096x1920x6144][4096x1920x6144][4096x1920x6144][4096x1920x6144][4096x1920x6144][4096x1920x6144][4096x1920x6144][4096x1920x6144][4096x1920x6144][4096x1920x6144][4096x1920x6144][4096x1920x6144][4096x1920x6144][4096x1920x6144]',,tensorop,f32,64,256,128,1,4,1,1,1,1,4,4,1,1,64,256,32,100,110,843055104,1546439884800,1834,0.907227,865.446,1.70458e+06
1,CUTLASS,grouped_gemm,cutlass3x_sm100_tensorop_gemm_grouped_e4m3_e4m3_f32_bf16_e4m3_64x256x128_1x4x1_0_ttt_align16_1sm,passed,success,grouped,,,,,fe4m3:row,fe4m3:row,bf16:row,fe4m3:row,1,0,invalid,invalid,heuristic,1,false,'[4096x1920x6144][4096x1920x6144][4096x1920x6144][4096x1920x6144][4096x1920x6144][4096x1920x6144][4096x1920x6144][4096x1920x6144][4096x1920x6144][4096x1920x6144][4096x1920x6144][4096x1920x6144][4096x1920x6144][4096x1920x6144][4096x1920x6144][4096x1920x6144]',,tensorop,f32,64,256,128,1,4,1,1,1,1,4,4,1,1,64,256,32,100,110,843055104,1546439884800,1834,0.891109,881.1,1.73541e+06
1,CUTLASS,grouped_gemm,cutlass3x_sm100_tensorop_gemm_grouped_e4m3_e4m3_f32_bf16_e4m3_64x256x128_1x4x1_0_ttt_align16_stream_k_1sm,passed,success,grouped,,,,,fe4m3:row,fe4m3:row,bf16:row,fe4m3:row,1,0,invalid,invalid,heuristic,1,false,'[4096x1920x6144][4096x1920x6144][4096x1920x6144][4096x1920x6144][4096x1920x6144][4096x1920x6144][4096x1920x6144][4096x1920x6144][4096x1920x6144][4096x1920x6144][4096x1920x6144][4096x1920x6144][4096x1920x6144][4096x1920x6144][4096x1920x6144][4096x1920x6144]',,tensorop,f32,64,256,128,1,4,1,1,1,1,4,4,1,1,64,256,32,100,110,843055104,1546439884800,1834,0.890628,881.576,1.73635e+06
1,CUTLASS,grouped_gemm,cutlass3x_sm100_tensorop_gemm_grouped_e4m3_e4m3_f32_bf16_e4m3_64x256x128_4x4x1_0_nnn_align16_1sm,passed,success,grouped,,,,,fe4m3:column,fe4m3:column,bf16:column,fe4m3:column,1,0,invalid,invalid,heuristic,1,false,'[4096x1920x6144][4096x1920x6144][4096x1920x6144][4096x1920x6144][4096x1920x6144][4096x1920x6144][4096x1920x6144][4096x1920x6144][4096x1920x6144][4096x1920x6144][4096x1920x6144][4096x1920x6144][4096x1920x6144][4096x1920x6144][4096x1920x6144][4096x1920x6144]',,tensorop,f32,64,256,128,4,4,1,1,1,1,4,4,1,1,64,256,32,100,110,843055104,1546439884800,1834,1.0574,742.537,1.4625e+06
1,CUTLASS,grouped_gemm,cutlass3x_sm100_tensorop_gemm_grouped_e4m3_e4m3_f32_bf16_e4m3_64x256x128_4x4x1_0_nnn_align16_stream_k_1sm,passed,success,grouped,,,,,fe4m3:column,fe4m3:column,bf16:column,fe4m3:column,1,0,invalid,invalid,heuristic,1,false,'[4096x1920x6144][4096x1920x6144][4096x1920x6144][4096x1920x6144][4096x1920x6144][4096x1920x6144][4096x1920x6144][4096x1920x6144][4096x1920x6144][4096x1920x6144][4096x1920x6144][4096x1920x6144][4096x1920x6144][4096x1920x6144][4096x1920x6144][4096x1920x6144]',,tensorop,f32,64,256,128,4,4,1,1,1,1,4,4,1,1,64,256,32,100,110,843055104,1546439884800,1834,1.05768,742.336,1.4621e+06
1,CUTLASS,grouped_gemm,cutlass3x_sm100_tensorop_gemm_grouped_e4m3_e4m3_f32_bf16_e4m3_64x256x128_4x4x1_0_ntn_align16_1sm,passed,success,grouped,,,,,fe4m3:column,fe4m3:row,bf16:column,fe4m3:column,1,0,invalid,invalid,heuristic,1,false,'[4096x1920x6144][4096x1920x6144][4096x1920x6144][4096x1920x6144][4096x1920x6144][4096x1920x6144][4096x1920x6144][4096x1920x6144][4096x1920x6144][4096x1920x6144][4096x1920x6144][4096x1920x6144][4096x1920x6144][4096x1920x6144][4096x1920x6144][4096x1920x6144]',,tensorop,f32,64,256,128,4,4,1,1,1,1,4,4,1,1,64,256,32,100,110,843055104,1546439884800,1834,1.05752,742.451,1.46233e+06
1,CUTLASS,grouped_gemm,cutlass3x_sm100_tensorop_gemm_grouped_e4m3_e4m3_f32_bf16_e4m3_64x256x128_4x4x1_0_ntn_align16_stream_k_1sm,passed,success,grouped,,,,,fe4m3:column,fe4m3:row,bf16:column,fe4m3:column,1,0,invalid,invalid,heuristic,1,false,'[4096x1920x6144][4096x1920x6144][4096x1920x6144][4096x1920x6144][4096x1920x6144][4096x1920x6144][4096x1920x6144][4096x1920x6144][4096x1920x6144][4096x1920x6144][4096x1920x6144][4096x1920x6144][4096x1920x6144][4096x1920x6144][4096x1920x6144][4096x1920x6144]',,tensorop,f32,64,256,128,4,4,1,1,1,1,4,4,1,1,64,256,32,100,110,843055104,1546439884800,1834,1.0596,740.994,1.45946e+06
1,CUTLASS,grouped_gemm,cutlass3x_sm100_tensorop_gemm_grouped_e4m3_e4m3_f32_bf16_e4m3_64x256x128_4x4x1_0_tnn_align16_1sm,passed,success,grouped,,,,,fe4m3:row,fe4m3:column,bf16:column,fe4m3:column,1,0,invalid,invalid,heuristic,1,false,'[4096x1920x6144][4096x1920x6144][4096x1920x6144][4096x1920x6144][4096x1920x6144][4096x1920x6144][4096x1920x6144][4096x1920x6144][4096x1920x6144][4096x1920x6144][4096x1920x6144][4096x1920x6144][4096x1920x6144][4096x1920x6144][4096x1920x6144][4096x1920x6144]',,tensorop,f32,64,256,128,4,4,1,1,1,1,4,4,1,1,64,256,32,100,110,843055104,1546439884800,1834,1.06192,739.373,1.45626e+06
1,CUTLASS,grouped_gemm,cutlass3x_sm100_tensorop_gemm_grouped_e4m3_e4m3_f32_bf16_e4m3_64x256x128_4x4x1_0_tnn_align16_stream_k_1sm,passed,success,grouped,,,,,fe4m3:row,fe4m3:column,bf16:column,fe4m3:column,1,0,invalid,invalid,heuristic,1,false,'[4096x1920x6144][4096x1920x6144][4096x1920x6144][4096x1920x6144][4096x1920x6144][4096x1920x6144][4096x1920x6144][4096x1920x6144][4096x1920x6144][4096x1920x6144][4096x1920x6144][4096x1920x6144][4096x1920x6144][4096x1920x6144][4096x1920x6144][4096x1920x6144]',,tensorop,f32,64,256,128,4,4,1,1,1,1,4,4,1,1,64,256,32,100,110,843055104,1546439884800,1834,1.06232,739.094,1.45572e+06
1,CUTLASS,grouped_gemm,cutlass3x_sm100_tensorop_gemm_grouped_e4m3_e4m3_f32_bf16_e4m3_64x256x128_4x4x1_0_ttn_align16_1sm,passed,success,grouped,,,,,fe4m3:row,fe4m3:row,bf16:column,fe4m3:column,1,0,invalid,invalid,heuristic,1,false,'[4096x1920x6144][4096x1920x6144][4096x1920x6144][4096x1920x6144][4096x1920x6144][4096x1920x6144][4096x1920x6144][4096x1920x6144][4096x1920x6144][4096x1920x6144][4096x1920x6144][4096x1920x6144][4096x1920x6144][4096x1920x6144][4096x1920x6144][4096x1920x6144]',,tensorop,f32,64,256,128,4,4,1,1,1,1,4,4,1,1,64,256,32,100,110,843055104,1546439884800,1834,1.06079,740.164,1.45782e+06
1,CUTLASS,grouped_gemm,cutlass3x_sm100_tensorop_gemm_grouped_e4m3_e4m3_f32_bf16_e4m3_64x256x128_4x4x1_0_ttn_align16_stream_k_1sm,passed,success,grouped,,,,,fe4m3:row,fe4m3:row,bf16:column,fe4m3:column,1,0,invalid,invalid,heuristic,1,false,'[4096x1920x6144][4096x1920x6144][4096x1920x6144][4096x1920x6144][4096x1920x6144][4096x1920x6144][4096x1920x6144][4096x1920x6144][4096x1920x6144][4096x1920x6144][4096x1920x6144][4096x1920x6144][4096x1920x6144][4096x1920x6144][4096x1920x6144][4096x1920x6144]',,tensorop,f32,64,256,128,4,4,1,1,1,1,4,4,1,1,64,256,32,100,110,843055104,1546439884800,1834,1.06103,739.993,1.45749e+06
1,CUTLASS,grouped_gemm,cutlass3x_sm100_tensorop_gemm_grouped_e4m3_e4m3_f32_bf16_e4m3_64x256x128_4x4x1_0_nnt_align16_1sm,passed,success,grouped,,,,,fe4m3:column,fe4m3:column,bf16:row,fe4m3:row,1,0,invalid,invalid,heuristic,1,false,'[4096x1920x6144][4096x1920x6144][4096x1920x6144][4096x1920x6144][4096x1920x6144][4096x1920x6144][4096x1920x6144][4096x1920x6144][4096x1920x6144][4096x1920x6144][4096x1920x6144][4096x1920x6144][4096x1920x6144][4096x1920x6144][4096x1920x6144][4096x1920x6144]',,tensorop,f32,64,256,128,4,4,1,1,1,1,4,4,1,1,64,256,32,100,110,843055104,1546439884800,1834,1.05941,741.123,1.45971e+06
1,CUTLASS,grouped_gemm,cutlass3x_sm100_tensorop_gemm_grouped_e4m3_e4m3_f32_bf16_e4m3_64x256x128_4x4x1_0_nnt_align16_stream_k_1sm,passed,success,grouped,,,,,fe4m3:column,fe4m3:column,bf16:row,fe4m3:row,1,0,invalid,invalid,heuristic,1,false,'[4096x1920x6144][4096x1920x6144][4096x1920x6144][4096x1920x6144][4096x1920x6144][4096x1920x6144][4096x1920x6144][4096x1920x6144][4096x1920x6144][4096x1920x6144][4096x1920x6144][4096x1920x6144][4096x1920x6144][4096x1920x6144][4096x1920x6144][4096x1920x6144]',,tensorop,f32,64,256,128,4,4,1,1,1,1,4,4,1,1,64,256,32,100,110,843055104,1546439884800,1834,1.05898,741.424,1.46031e+06
1,CUTLASS,grouped_gemm,cutlass3x_sm100_tensorop_gemm_grouped_e4m3_e4m3_f32_bf16_e4m3_64x256x128_4x4x1_0_ntt_align16_1sm,passed,success,grouped,,,,,fe4m3:column,fe4m3:row,bf16:row,fe4m3:row,1,0,invalid,invalid,heuristic,1,false,'[4096x1920x6144][4096x1920x6144][4096x1920x6144][4096x1920x6144][4096x1920x6144][4096x1920x6144][4096x1920x6144][4096x1920x6144][4096x1920x6144][4096x1920x6144][4096x1920x6144][4096x1920x6144][4096x1920x6144][4096x1920x6144][4096x1920x6144][4096x1920x6144]',,tensorop,f32,64,256,128,4,4,1,1,1,1,4,4,1,1,64,256,32,100,110,843055104,1546439884800,1834,1.05453,744.556,1.46647e+06
1,CUTLASS,grouped_gemm,cutlass3x_sm100_tensorop_gemm_grouped_e4m3_e4m3_f32_bf16_e4m3_64x256x128_4x4x1_0_ntt_align16_stream_k_1sm,passed,success,grouped,,,,,fe4m3:column,fe4m3:row,bf16:row,fe4m3:row,1,0,invalid,invalid,heuristic,1,false,'[4096x1920x6144][4096x1920x6144][4096x1920x6144][4096x1920x6144][4096x1920x6144][4096x1920x6144][4096x1920x6144][4096x1920x6144][4096x1920x6144][4096x1920x6144][4096x1920x6144][4096x1920x6144][4096x1920x6144][4096x1920x6144][4096x1920x6144][4096x1920x6144]',,tensorop,f32,64,256,128,4,4,1,1,1,1,4,4,1,1,64,256,32,100,110,843055104,1546439884800,1834,1.05471,744.431,1.46623e+06
1,CUTLASS,grouped_gemm,cutlass3x_sm100_tensorop_gemm_grouped_e4m3_e4m3_f32_bf16_e4m3_64x256x128_4x4x1_0_tnt_align16_1sm,passed,success,grouped,,,,,fe4m3:row,fe4m3:column,bf16:row,fe4m3:row,1,0,invalid,invalid,heuristic,1,false,'[4096x1920x6144][4096x1920x6144][4096x1920x6144][4096x1920x6144][4096x1920x6144][4096x1920x6144][4096x1920x6144][4096x1920x6144][4096x1920x6144][4096x1920x6144][4096x1920x6144][4096x1920x6144][4096x1920x6144][4096x1920x6144][4096x1920x6144][4096x1920x6144]',,tensorop,f32,64,256,128,4,4,1,1,1,1,4,4,1,1,64,256,32,100,110,843055104,1546439884800,1834,1.06055,740.329,1.45815e+06
1,CUTLASS,grouped_gemm,cutlass3x_sm100_tensorop_gemm_grouped_e4m3_e4m3_f32_bf16_e4m3_64x256x128_4x4x1_0_tnt_align16_stream_k_1sm,passed,success,grouped,,,,,fe4m3:row,fe4m3:column,bf16:row,fe4m3:row,1,0,invalid,invalid,heuristic,1,false,'[4096x1920x6144][4096x1920x6144][4096x1920x6144][4096x1920x6144][4096x1920x6144][4096x1920x6144][4096x1920x6144][4096x1920x6144][4096x1920x6144][4096x1920x6144][4096x1920x6144][4096x1920x6144][4096x1920x6144][4096x1920x6144][4096x1920x6144][4096x1920x6144]',,tensorop,f32,64,256,128,4,4,1,1,1,1,4,4,1,1,64,256,32,100,110,843055104,1546439884800,1834,1.06068,740.236,1.45797e+06
1,CUTLASS,grouped_gemm,cutlass3x_sm100_tensorop_gemm_grouped_e4m3_e4m3_f32_bf16_e4m3_64x256x128_4x4x1_0_ttt_align16_1sm,passed,success,grouped,,,,,fe4m3:row,fe4m3:row,bf16:row,fe4m3:row,1,0,invalid,invalid,heuristic,1,false,'[4096x1920x6144][4096x1920x6144][4096x1920x6144][4096x1920x6144][4096x1920x6144][4096x1920x6144][4096x1920x6144][4096x1920x6144][4096x1920x6144][4096x1920x6144][4096x1920x6144][4096x1920x6144][4096x1920x6144][4096x1920x6144][4096x1920x6144][4096x1920x6144]',,tensorop,f32,64,256,128,4,4,1,1,1,1,4,4,1,1,64,256,32,100,110,843055104,1546439884800,1834,1.05813,742.02,1.46148e+06
1,CUTLASS,grouped_gemm,cutlass3x_sm100_tensorop_gemm_grouped_e4m3_e4m3_f32_bf16_e4m3_64x256x128_4x4x1_0_ttt_align16_stream_k_1sm,passed,success,grouped,,,,,fe4m3:row,fe4m3:row,bf16:row,fe4m3:row,1,0,invalid,invalid,heuristic,1,false,'[4096x1920x6144][4096x1920x6144][4096x1920x6144][4096x1920x6144][4096x1920x6144][4096x1920x6144][4096x1920x6144][4096x1920x6144][4096x1920x6144][4096x1920x6144][4096x1920x6144][4096x1920x6144][4096x1920x6144][4096x1920x6144][4096x1920x6144][4096x1920x6144]',,tensorop,f32,64,256,128,4,4,1,1,1,1,4,4,1,1,64,256,32,100,110,843055104,1546439884800,1834,1.05783,742.235,1.4619e+06
1,CUTLASS,grouped_gemm,cutlass3x_sm100_tensorop_gemm_grouped_e4m3_e4m3_f32_bf16_e4m3_128x128x128_0x0x1_0_nnn_align16_1sm,passed,success,grouped,,,,,fe4m3:column,fe4m3:column,bf16:column,fe4m3:column,1,0,invalid,invalid,heuristic,1,false,'[4096x1920x6144][4096x1920x6144][4096x1920x6144][4096x1920x6144][4096x1920x6144][4096x1920x6144][4096x1920x6144][4096x1920x6144][4096x1920x6144][4096x1920x6144][4096x1920x6144][4096x1920x6144][4096x1920x6144][4096x1920x6144][4096x1920x6144][4096x1920x6144]',,tensorop,f32,128,128,128,1,1,1,1,1,1,5,4,1,1,128,128,32,100,110,843055104,1546439884800,1834,0.569412,1378.89,2.71586e+06
1,CUTLASS,grouped_gemm,cutlass3x_sm100_tensorop_gemm_grouped_e4m3_e4m3_f32_bf16_e4m3_128x128x128_0x0x1_0_nnn_align16_stream_k_1sm,passed,success,grouped,,,,,fe4m3:column,fe4m3:column,bf16:column,fe4m3:column,1,0,invalid,invalid,heuristic,1,false,'[4096x1920x6144][4096x1920x6144][4096x1920x6144][4096x1920x6144][4096x1920x6144][4096x1920x6144][4096x1920x6144][4096x1920x6144][4096x1920x6144][4096x1920x6144][4096x1920x6144][4096x1920x6144][4096x1920x6144][4096x1920x6144][4096x1920x6144][4096x1920x6144]',,tensorop,f32,128,128,128,1,1,1,1,1,1,5,4,1,1,128,128,32,100,110,843055104,1546439884800,1834,0.571028,1374.99,2.70817e+06
1,CUTLASS,grouped_gemm,cutlass3x_sm100_tensorop_gemm_grouped_e4m3_e4m3_f32_bf16_e4m3_128x128x128_0x0x1_0_ntn_align16_1sm,passed,success,grouped,,,,,fe4m3:column,fe4m3:row,bf16:column,fe4m3:column,1,0,invalid,invalid,heuristic,1,false,'[4096x1920x6144][4096x1920x6144][4096x1920x6144][4096x1920x6144][4096x1920x6144][4096x1920x6144][4096x1920x6144][4096x1920x6144][4096x1920x6144][4096x1920x6144][4096x1920x6144][4096x1920x6144][4096x1920x6144][4096x1920x6144][4096x1920x6144][4096x1920x6144]',,tensorop,f32,128,128,128,1,1,1,1,1,1,5,4,1,1,128,128,32,100,110,843055104,1546439884800,1834,0.568376,1381.4,2.7208e+06
1,CUTLASS,grouped_gemm,cutlass3x_sm100_tensorop_gemm_grouped_e4m3_e4m3_f32_bf16_e4m3_128x128x128_0x0x1_0_ntn_align16_stream_k_1sm,passed,success,grouped,,,,,fe4m3:column,fe4m3:row,bf16:column,fe4m3:column,1,0,invalid,invalid,heuristic,1,false,'[4096x1920x6144][4096x1920x6144][4096x1920x6144][4096x1920x6144][4096x1920x6144][4096x1920x6144][4096x1920x6144][4096x1920x6144][4096x1920x6144][4096x1920x6144][4096x1920x6144][4096x1920x6144][4096x1920x6144][4096x1920x6144][4096x1920x6144][4096x1920x6144]',,tensorop,f32,128,128,128,1,1,1,1,1,1,5,4,1,1,128,128,32,100,110,843055104,1546439884800,1834,0.555771,1412.73,2.78251e+06
1,CUTLASS,grouped_gemm,cutlass3x_sm100_tensorop_gemm_grouped_e4m3_e4m3_f32_bf16_e4m3_128x128x128_0x0x1_0_tnn_align16_1sm,passed,success,grouped,,,,,fe4m3:row,fe4m3:column,bf16:column,fe4m3:column,1,0,invalid,invalid,heuristic,1,false,'[4096x1920x6144][4096x1920x6144][4096x1920x6144][4096x1920x6144][4096x1920x6144][4096x1920x6144][4096x1920x6144][4096x1920x6144][4096x1920x6144][4096x1920x6144][4096x1920x6144][4096x1920x6144][4096x1920x6144][4096x1920x6144][4096x1920x6144][4096x1920x6144]',,tensorop,f32,128,128,128,1,1,1,1,1,1,5,4,1,1,128,128,32,100,110,843055104,1546439884800,1834,0.56646,1386.07,2.73e+06
1,CUTLASS,grouped_gemm,cutlass3x_sm100_tensorop_gemm_grouped_e4m3_e4m3_f32_bf16_e4m3_128x128x128_0x0x1_0_tnn_align16_stream_k_1sm,passed,success,grouped,,,,,fe4m3:row,fe4m3:column,bf16:column,fe4m3:column,1,0,invalid,invalid,heuristic,1,false,'[4096x1920x6144][4096x1920x6144][4096x1920x6144][4096x1920x6144][4096x1920x6144][4096x1920x6144][4096x1920x6144][4096x1920x6144][4096x1920x6144][4096x1920x6144][4096x1920x6144][4096x1920x6144][4096x1920x6144][4096x1920x6144][4096x1920x6144][4096x1920x6144]',,tensorop,f32,128,128,128,1,1,1,1,1,1,5,4,1,1,128,128,32,100,110,843055104,1546439884800,1834,0.572185,1372.21,2.70269e+06
1,CUTLASS,grouped_gemm,cutlass3x_sm100_tensorop_gemm_grouped_e4m3_e4m3_f32_bf16_e4m3_128x128x128_0x0x1_0_ttn_align16_1sm,passed,success,grouped,,,,,fe4m3:row,fe4m3:row,bf16:column,fe4m3:column,1,0,invalid,invalid,heuristic,1,false,'[4096x1920x6144][4096x1920x6144][4096x1920x6144][4096x1920x6144][4096x1920x6144][4096x1920x6144][4096x1920x6144][4096x1920x6144][4096x1920x6144][4096x1920x6144][4096x1920x6144][4096x1920x6144][4096x1920x6144][4096x1920x6144][4096x1920x6144][4096x1920x6144]',,tensorop,f32,128,128,128,1,1,1,1,1,1,5,4,1,1,128,128,32,100,110,843055104,1546439884800,1834,0.56344,1393.51,2.74464e+06
1,CUTLASS,grouped_gemm,cutlass3x_sm100_tensorop_gemm_grouped_e4m3_e4m3_f32_bf16_e4m3_128x128x128_0x0x1_0_ttn_align16_stream_k_1sm,passed,success,grouped,,,,,fe4m3:row,fe4m3:row,bf16:column,fe4m3:column,1,0,invalid,invalid,heuristic,1,false,'[4096x1920x6144][4096x1920x6144][4096x1920x6144][4096x1920x6144][4096x1920x6144][4096x1920x6144][4096x1920x6144][4096x1920x6144][4096x1920x6144][4096x1920x6144][4096x1920x6144][4096x1920x6144][4096x1920x6144][4096x1920x6144][4096x1920x6144][4096x1920x6144]',,tensorop,f32,128,128,128,1,1,1,1,1,1,5,4,1,1,128,128,32,100,110,843055104,1546439884800,1834,0.56172,1397.77,2.75304e+06
1,CUTLASS,grouped_gemm,cutlass3x_sm100_tensorop_gemm_grouped_e4m3_e4m3_f32_bf16_e4m3_128x128x128_0x0x1_0_nnt_align16_1sm,passed,success,grouped,,,,,fe4m3:column,fe4m3:column,bf16:row,fe4m3:row,1,0,invalid,invalid,heuristic,1,false,'[4096x1920x6144][4096x1920x6144][4096x1920x6144][4096x1920x6144][4096x1920x6144][4096x1920x6144][4096x1920x6144][4096x1920x6144][4096x1920x6144][4096x1920x6144][4096x1920x6144][4096x1920x6144][4096x1920x6144][4096x1920x6144][4096x1920x6144][4096x1920x6144]',,tensorop,f32,128,128,128,1,1,1,1,1,1,5,4,1,1,128,128,32,100,110,843055104,1546439884800,1834,0.56986,1377.81,2.71372e+06
1,CUTLASS,grouped_gemm,cutlass3x_sm100_tensorop_gemm_grouped_e4m3_e4m3_f32_bf16_e4m3_128x128x128_0x0x1_0_nnt_align16_stream_k_1sm,passed,success,grouped,,,,,fe4m3:column,fe4m3:column,bf16:row,fe4m3:row,1,0,invalid,invalid,heuristic,1,false,'[4096x1920x6144][4096x1920x6144][4096x1920x6144][4096x1920x6144][4096x1920x6144][4096x1920x6144][4096x1920x6144][4096x1920x6144][4096x1920x6144][4096x1920x6144][4096x1920x6144][4096x1920x6144][4096x1920x6144][4096x1920x6144][4096x1920x6144][4096x1920x6144]',,tensorop,f32,128,128,128,1,1,1,1,1,1,5,4,1,1,128,128,32,100,110,843055104,1546439884800,1834,0.570434,1376.42,2.71099e+06
1,CUTLASS,grouped_gemm,cutlass3x_sm100_tensorop_gemm_grouped_e4m3_e4m3_f32_bf16_e4m3_128x128x128_0x0x1_0_ntt_align16_1sm,passed,success,grouped,,,,,fe4m3:column,fe4m3:row,bf16:row,fe4m3:row,1,0,invalid,invalid,heuristic,1,false,'[4096x1920x6144][4096x1920x6144][4096x1920x6144][4096x1920x6144][4096x1920x6144][4096x1920x6144][4096x1920x6144][4096x1920x6144][4096x1920x6144][4096x1920x6144][4096x1920x6144][4096x1920x6144][4096x1920x6144][4096x1920x6144][4096x1920x6144][4096x1920x6144]',,tensorop,f32,128,128,128,1,1,1,1,1,1,5,4,1,1,128,128,32,100,110,843055104,1546439884800,1834,0.553753,1417.88,2.79265e+06
1,CUTLASS,grouped_gemm,cutlass3x_sm100_tensorop_gemm_grouped_e4m3_e4m3_f32_bf16_e4m3_128x128x128_0x0x1_0_ntt_align16_stream_k_1sm,passed,success,grouped,,,,,fe4m3:column,fe4m3:row,bf16:row,fe4m3:row,1,0,invalid,invalid,heuristic,1,false,'[4096x1920x6144][4096x1920x6144][4096x1920x6144][4096x1920x6144][4096x1920x6144][4096x1920x6144][4096x1920x6144][4096x1920x6144][4096x1920x6144][4096x1920x6144][4096x1920x6144][4096x1920x6144][4096x1920x6144][4096x1920x6144][4096x1920x6144][4096x1920x6144]',,tensorop,f32,128,128,128,1,1,1,1,1,1,5,4,1,1,128,128,32,100,110,843055104,1546439884800,1834,0.562265,1396.42,2.75038e+06
1,CUTLASS,grouped_gemm,cutlass3x_sm100_tensorop_gemm_grouped_e4m3_e4m3_f32_bf16_e4m3_128x128x128_0x0x1_0_tnt_align16_1sm,passed,success,grouped,,,,,fe4m3:row,fe4m3:column,bf16:row,fe4m3:row,1,0,invalid,invalid,heuristic,1,false,'[4096x1920x6144][4096x1920x6144][4096x1920x6144][4096x1920x6144][4096x1920x6144][4096x1920x6144][4096x1920x6144][4096x1920x6144][4096x1920x6144][4096x1920x6144][4096x1920x6144][4096x1920x6144][4096x1920x6144][4096x1920x6144][4096x1920x6144][4096x1920x6144]',,tensorop,f32,128,128,128,1,1,1,1,1,1,5,4,1,1,128,128,32,100,110,843055104,1546439884800,1834,0.568857,1380.23,2.7185e+06
1,CUTLASS,grouped_gemm,cutlass3x_sm100_tensorop_gemm_grouped_e4m3_e4m3_f32_bf16_e4m3_128x128x128_0x0x1_0_tnt_align16_stream_k_1sm,passed,success,grouped,,,,,fe4m3:row,fe4m3:column,bf16:row,fe4m3:row,1,0,invalid,invalid,heuristic,1,false,'[4096x1920x6144][4096x1920x6144][4096x1920x6144][4096x1920x6144][4096x1920x6144][4096x1920x6144][4096x1920x6144][4096x1920x6144][4096x1920x6144][4096x1920x6144][4096x1920x6144][4096x1920x6144][4096x1920x6144][4096x1920x6144][4096x1920x6144][4096x1920x6144]',,tensorop,f32,128,128,128,1,1,1,1,1,1,5,4,1,1,128,128,32,100,110,843055104,1546439884800,1834,0.566563,1385.82,2.72951e+06
1,CUTLASS,grouped_gemm,cutlass3x_sm100_tensorop_gemm_grouped_e4m3_e4m3_f32_bf16_e4m3_128x128x128_0x0x1_0_ttt_align16_1sm,passed,success,grouped,,,,,fe4m3:row,fe4m3:row,bf16:row,fe4m3:row,1,0,invalid,invalid,heuristic,1,false,'[4096x1920x6144][4096x1920x6144][4096x1920x6144][4096x1920x6144][4096x1920x6144][4096x1920x6144][4096x1920x6144][4096x1920x6144][4096x1920x6144][4096x1920x6144][4096x1920x6144][4096x1920x6144][4096x1920x6144][4096x1920x6144][4096x1920x6144][4096x1920x6144]',,tensorop,f32,128,128,128,1,1,1,1,1,1,5,4,1,1,128,128,32,100,110,843055104,1546439884800,1834,0.556528,1410.81,2.77873e+06
1,CUTLASS,grouped_gemm,cutlass3x_sm100_tensorop_gemm_grouped_e4m3_e4m3_f32_bf16_e4m3_128x128x128_0x0x1_0_ttt_align16_stream_k_1sm,passed,success,grouped,,,,,fe4m3:row,fe4m3:row,bf16:row,fe4m3:row,1,0,invalid,invalid,heuristic,1,false,'[4096x1920x6144][4096x1920x6144][4096x1920x6144][4096x1920x6144][4096x1920x6144][4096x1920x6144][4096x1920x6144][4096x1920x6144][4096x1920x6144][4096x1920x6144][4096x1920x6144][4096x1920x6144][4096x1920x6144][4096x1920x6144][4096x1920x6144][4096x1920x6144]',,tensorop,f32,128,128,128,1,1,1,1,1,1,5,4,1,1,128,128,32,100,110,843055104,1546439884800,1834,0.555278,1413.99,2.78498e+06
1,CUTLASS,grouped_gemm,cutlass3x_sm100_tensorop_gemm_grouped_e4m3_e4m3_f32_bf16_e4m3_128x128x128_1x1x1_0_nnn_align16_1sm,passed,success,grouped,,,,,fe4m3:column,fe4m3:column,bf16:column,fe4m3:column,1,0,invalid,invalid,heuristic,1,false,'[4096x1920x6144][4096x1920x6144][4096x1920x6144][4096x1920x6144][4096x1920x6144][4096x1920x6144][4096x1920x6144][4096x1920x6144][4096x1920x6144][4096x1920x6144][4096x1920x6144][4096x1920x6144][4096x1920x6144][4096x1920x6144][4096x1920x6144][4096x1920x6144]',,tensorop,f32,128,128,128,1,1,1,1,1,1,5,4,1,1,128,128,32,100,110,843055104,1546439884800,1834,0.529883,1481.75,2.91846e+06
1,CUTLASS,grouped_gemm,cutlass3x_sm100_tensorop_gemm_grouped_e4m3_e4m3_f32_bf16_e4m3_128x128x128_1x1x1_0_nnn_align16_stream_k_1sm,passed,success,grouped,,,,,fe4m3:column,fe4m3:column,bf16:column,fe4m3:column,1,0,invalid,invalid,heuristic,1,false,'[4096x1920x6144][4096x1920x6144][4096x1920x6144][4096x1920x6144][4096x1920x6144][4096x1920x6144][4096x1920x6144][4096x1920x6144][4096x1920x6144][4096x1920x6144][4096x1920x6144][4096x1920x6144][4096x1920x6144][4096x1920x6144][4096x1920x6144][4096x1920x6144]',,tensorop,f32,128,128,128,1,1,1,1,1,1,5,4,1,1,128,128,32,100,110,843055104,1546439884800,1834,0.537103,1461.84,2.87923e+06
1,CUTLASS,grouped_gemm,cutlass3x_sm100_tensorop_gemm_grouped_e4m3_e4m3_f32_bf16_e4m3_128x128x128_1x1x1_0_ntn_align16_1sm,passed,success,grouped,,,,,fe4m3:column,fe4m3:row,bf16:column,fe4m3:column,1,0,invalid,invalid,heuristic,1,false,'[4096x1920x6144][4096x1920x6144][4096x1920x6144][4096x1920x6144][4096x1920x6144][4096x1920x6144][4096x1920x6144][4096x1920x6144][4096x1920x6144][4096x1920x6144][4096x1920x6144][4096x1920x6144][4096x1920x6144][4096x1920x6144][4096x1920x6144][4096x1920x6144]',,tensorop,f32,128,128,128,1,1,1,1,1,1,5,4,1,1,128,128,32,100,110,843055104,1546439884800,1834,0.526965,1489.96,2.93461e+06
1,CUTLASS,grouped_gemm,cutlass3x_sm100_tensorop_gemm_grouped_e4m3_e4m3_f32_bf16_e4m3_128x128x128_1x1x1_0_ntn_align16_stream_k_1sm,passed,success,grouped,,,,,fe4m3:column,fe4m3:row,bf16:column,fe4m3:column,1,0,invalid,invalid,heuristic,1,false,'[4096x1920x6144][4096x1920x6144][4096x1920x6144][4096x1920x6144][4096x1920x6144][4096x1920x6144][4096x1920x6144][4096x1920x6144][4096x1920x6144][4096x1920x6144][4096x1920x6144][4096x1920x6144][4096x1920x6144][4096x1920x6144][4096x1920x6144][4096x1920x6144]',,tensorop,f32,128,128,128,1,1,1,1,1,1,5,4,1,1,128,128,32,100,110,843055104,1546439884800,1834,0.541444,1450.11,2.85614e+06
1,CUTLASS,grouped_gemm,cutlass3x_sm100_tensorop_gemm_grouped_e4m3_e4m3_f32_bf16_e4m3_128x128x128_1x1x1_0_tnn_align16_1sm,passed,success,grouped,,,,,fe4m3:row,fe4m3:column,bf16:column,fe4m3:column,1,0,invalid,invalid,heuristic,1,false,'[4096x1920x6144][4096x1920x6144][4096x1920x6144][4096x1920x6144][4096x1920x6144][4096x1920x6144][4096x1920x6144][4096x1920x6144][4096x1920x6144][4096x1920x6144][4096x1920x6144][4096x1920x6144][4096x1920x6144][4096x1920x6144][4096x1920x6144][4096x1920x6144]',,tensorop,f32,128,128,128,1,1,1,1,1,1,5,4,1,1,128,128,32,100,110,843055104,1546439884800,1834,0.538577,1457.84,2.87135e+06
1,CUTLASS,grouped_gemm,cutlass3x_sm100_tensorop_gemm_grouped_e4m3_e4m3_f32_bf16_e4m3_128x128x128_1x1x1_0_tnn_align16_stream_k_1sm,passed,success,grouped,,,,,fe4m3:row,fe4m3:column,bf16:column,fe4m3:column,1,0,invalid,invalid,heuristic,1,false,'[4096x1920x6144][4096x1920x6144][4096x1920x6144][4096x1920x6144][4096x1920x6144][4096x1920x6144][4096x1920x6144][4096x1920x6144][4096x1920x6144][4096x1920x6144][4096x1920x6144][4096x1920x6144][4096x1920x6144][4096x1920x6144][4096x1920x6144][4096x1920x6144]',,tensorop,f32,128,128,128,1,1,1,1,1,1,5,4,1,1,128,128,32,100,110,843055104,1546439884800,1834,0.536376,1463.82,2.88313e+06
1,CUTLASS,grouped_gemm,cutlass3x_sm100_tensorop_gemm_grouped_e4m3_e4m3_f32_bf16_e4m3_128x128x128_1x1x1_0_ttn_align16_1sm,passed,success,grouped,,,,,fe4m3:row,fe4m3:row,bf16:column,fe4m3:column,1,0,invalid,invalid,heuristic,1,false,'[4096x1920x6144][4096x1920x6144][4096x1920x6144][4096x1920x6144][4096x1920x6144][4096x1920x6144][4096x1920x6144][4096x1920x6144][4096x1920x6144][4096x1920x6144][4096x1920x6144][4096x1920x6144][4096x1920x6144][4096x1920x6144][4096x1920x6144][4096x1920x6144]',,tensorop,f32,128,128,128,1,1,1,1,1,1,5,4,1,1,128,128,32,100,110,843055104,1546439884800,1834,0.538505,1458.03,2.87173e+06
1,CUTLASS,grouped_gemm,cutlass3x_sm100_tensorop_gemm_grouped_e4m3_e4m3_f32_bf16_e4m3_128x128x128_1x1x1_0_ttn_align16_stream_k_1sm,passed,success,grouped,,,,,fe4m3:row,fe4m3:row,bf16:column,fe4m3:column,1,0,invalid,invalid,heuristic,1,false,'[4096x1920x6144][4096x1920x6144][4096x1920x6144][4096x1920x6144][4096x1920x6144][4096x1920x6144][4096x1920x6144][4096x1920x6144][4096x1920x6144][4096x1920x6144][4096x1920x6144][4096x1920x6144][4096x1920x6144][4096x1920x6144][4096x1920x6144][4096x1920x6144]',,tensorop,f32,128,128,128,1,1,1,1,1,1,5,4,1,1,128,128,32,100,110,843055104,1546439884800,1834,0.536551,1463.34,2.88219e+06
1,CUTLASS,grouped_gemm,cutlass3x_sm100_tensorop_gemm_grouped_e4m3_e4m3_f32_bf16_e4m3_128x128x128_1x1x1_0_nnt_align16_1sm,passed,success,grouped,,,,,fe4m3:column,fe4m3:column,bf16:row,fe4m3:row,1,0,invalid,invalid,heuristic,1,false,'[4096x1920x6144][4096x1920x6144][4096x1920x6144][4096x1920x6144][4096x1920x6144][4096x1920x6144][4096x1920x6144][4096x1920x6144][4096x1920x6144][4096x1920x6144][4096x1920x6144][4096x1920x6144][4096x1920x6144][4096x1920x6144][4096x1920x6144][4096x1920x6144]',,tensorop,f32,128,128,128,1,1,1,1,1,1,5,4,1,1,128,128,32,100,110,843055104,1546439884800,1834,0.533682,1471.21,2.89768e+06
1,CUTLASS,grouped_gemm,cutlass3x_sm100_tensorop_gemm_grouped_e4m3_e4m3_f32_bf16_e4m3_128x128x128_1x1x1_0_nnt_align16_stream_k_1sm,passed,success,grouped,,,,,fe4m3:column,fe4m3:column,bf16:row,fe4m3:row,1,0,invalid,invalid,heuristic,1,false,'[4096x1920x6144][4096x1920x6144][4096x1920x6144][4096x1920x6144][4096x1920x6144][4096x1920x6144][4096x1920x6144][4096x1920x6144][4096x1920x6144][4096x1920x6144][4096x1920x6144][4096x1920x6144][4096x1920x6144][4096x1920x6144][4096x1920x6144][4096x1920x6144]',,tensorop,f32,128,128,128,1,1,1,1,1,1,5,4,1,1,128,128,32,100,110,843055104,1546439884800,1834,0.525204,1494.96,2.94446e+06
1,CUTLASS,grouped_gemm,cutlass3x_sm100_tensorop_gemm_grouped_e4m3_e4m3_f32_bf16_e4m3_128x128x128_1x1x1_0_ntt_align16_1sm,passed,success,grouped,,,,,fe4m3:column,fe4m3:row,bf16:row,fe4m3:row,1,0,invalid,invalid,heuristic,1,false,'[4096x1920x6144][4096x1920x6144][4096x1920x6144][4096x1920x6144][4096x1920x6144][4096x1920x6144][4096x1920x6144][4096x1920x6144][4096x1920x6144][4096x1920x6144][4096x1920x6144][4096x1920x6144][4096x1920x6144][4096x1920x6144][4096x1920x6144][4096x1920x6144]',,tensorop,f32,128,128,128,1,1,1,1,1,1,5,4,1,1,128,128,32,100,110,843055104,1546439884800,1834,0.524447,1497.11,2.94871e+06
1,CUTLASS,grouped_gemm,cutlass3x_sm100_tensorop_gemm_grouped_e4m3_e4m3_f32_bf16_e4m3_128x128x128_1x1x1_0_ntt_align16_stream_k_1sm,passed,success,grouped,,,,,fe4m3:column,fe4m3:row,bf16:row,fe4m3:row,1,0,invalid,invalid,heuristic,1,false,'[4096x1920x6144][4096x1920x6144][4096x1920x6144][4096x1920x6144][4096x1920x6144][4096x1920x6144][4096x1920x6144][4096x1920x6144][4096x1920x6144][4096x1920x6144][4096x1920x6144][4096x1920x6144][4096x1920x6144][4096x1920x6144][4096x1920x6144][4096x1920x6144]',,tensorop,f32,128,128,128,1,1,1,1,1,1,5,4,1,1,128,128,32,100,110,843055104,1546439884800,1834,0.534246,1469.65,2.89462e+06
1,CUTLASS,grouped_gemm,cutlass3x_sm100_tensorop_gemm_grouped_e4m3_e4m3_f32_bf16_e4m3_128x128x128_1x1x1_0_tnt_align16_1sm,passed,success,grouped,,,,,fe4m3:row,fe4m3:column,bf16:row,fe4m3:row,1,0,invalid,invalid,heuristic,1,false,'[4096x1920x6144][4096x1920x6144][4096x1920x6144][4096x1920x6144][4096x1920x6144][4096x1920x6144][4096x1920x6144][4096x1920x6144][4096x1920x6144][4096x1920x6144][4096x1920x6144][4096x1920x6144][4096x1920x6144][4096x1920x6144][4096x1920x6144][4096x1920x6144]',,tensorop,f32,128,128,128,1,1,1,1,1,1,5,4,1,1,128,128,32,100,110,843055104,1546439884800,1834,0.534758,1468.25,2.89185e+06
1,CUTLASS,grouped_gemm,cutlass3x_sm100_tensorop_gemm_grouped_e4m3_e4m3_f32_bf16_e4m3_128x128x128_1x1x1_0_tnt_align16_stream_k_1sm,passed,success,grouped,,,,,fe4m3:row,fe4m3:column,bf16:row,fe4m3:row,1,0,invalid,invalid,heuristic,1,false,'[4096x1920x6144][4096x1920x6144][4096x1920x6144][4096x1920x6144][4096x1920x6144][4096x1920x6144][4096x1920x6144][4096x1920x6144][4096x1920x6144][4096x1920x6144][4096x1920x6144][4096x1920x6144][4096x1920x6144][4096x1920x6144][4096x1920x6144][4096x1920x6144]',,tensorop,f32,128,128,128,1,1,1,1,1,1,5,4,1,1,128,128,32,100,110,843055104,1546439884800,1834,0.539263,1455.98,2.86769e+06
1,CUTLASS,grouped_gemm,cutlass3x_sm100_tensorop_gemm_grouped_e4m3_e4m3_f32_bf16_e4m3_128x128x128_1x1x1_0_ttt_align16_1sm,passed,success,grouped,,,,,fe4m3:row,fe4m3:row,bf16:row,fe4m3:row,1,0,invalid,invalid,heuristic,1,false,'[4096x1920x6144][4096x1920x6144][4096x1920x6144][4096x1920x6144][4096x1920x6144][4096x1920x6144][4096x1920x6144][4096x1920x6144][4096x1920x6144][4096x1920x6144][4096x1920x6144][4096x1920x6144][4096x1920x6144][4096x1920x6144][4096x1920x6144][4096x1920x6144]',,tensorop,f32,128,128,128,1,1,1,1,1,1,5,4,1,1,128,128,32,100,110,843055104,1546439884800,1834,0.539079,1456.48,2.86867e+06
1,CUTLASS,grouped_gemm,cutlass3x_sm100_tensorop_gemm_grouped_e4m3_e4m3_f32_bf16_e4m3_128x128x128_1x1x1_0_ttt_align16_stream_k_1sm,passed,success,grouped,,,,,fe4m3:row,fe4m3:row,bf16:row,fe4m3:row,1,0,invalid,invalid,heuristic,1,false,'[4096x1920x6144][4096x1920x6144][4096x1920x6144][4096x1920x6144][4096x1920x6144][4096x1920x6144][4096x1920x6144][4096x1920x6144][4096x1920x6144][4096x1920x6144][4096x1920x6144][4096x1920x6144][4096x1920x6144][4096x1920x6144][4096x1920x6144][4096x1920x6144]',,tensorop,f32,128,128,128,1,1,1,1,1,1,5,4,1,1,128,128,32,100,110,843055104,1546439884800,1834,0.542735,1446.66,2.84934e+06
1,CUTLASS,grouped_gemm,cutlass3x_sm100_tensorop_gemm_grouped_e4m3_e4m3_f32_bf16_e4m3_128x128x128_1x2x1_0_nnn_align16_1sm,passed,success,grouped,,,,,fe4m3:column,fe4m3:column,bf16:column,fe4m3:column,1,0,invalid,invalid,heuristic,1,false,'[4096x1920x6144][4096x1920x6144][4096x1920x6144][4096x1920x6144][4096x1920x6144][4096x1920x6144][4096x1920x6144][4096x1920x6144][4096x1920x6144][4096x1920x6144][4096x1920x6144][4096x1920x6144][4096x1920x6144][4096x1920x6144][4096x1920x6144][4096x1920x6144]',,tensorop,f32,128,128,128,1,2,1,1,1,1,5,4,1,1,128,128,32,100,110,843055104,1546439884800,1834,0.579485,1354.92,2.66864e+06
1,CUTLASS,grouped_gemm,cutlass3x_sm100_tensorop_gemm_grouped_e4m3_e4m3_f32_bf16_e4m3_128x128x128_1x2x1_0_nnn_align16_stream_k_1sm,passed,success,grouped,,,,,fe4m3:column,fe4m3:column,bf16:column,fe4m3:column,1,0,invalid,invalid,heuristic,1,false,'[4096x1920x6144][4096x1920x6144][4096x1920x6144][4096x1920x6144][4096x1920x6144][4096x1920x6144][4096x1920x6144][4096x1920x6144][4096x1920x6144][4096x1920x6144][4096x1920x6144][4096x1920x6144][4096x1920x6144][4096x1920x6144][4096x1920x6144][4096x1920x6144]',,tensorop,f32,128,128,128,1,2,1,1,1,1,5,4,1,1,128,128,32,100,110,843055104,1546439884800,1834,0.585814,1340.28,2.63981e+06
1,CUTLASS,grouped_gemm,cutlass3x_sm100_tensorop_gemm_grouped_e4m3_e4m3_f32_bf16_e4m3_128x128x128_1x2x1_0_ntn_align16_1sm,passed,success,grouped,,,,,fe4m3:column,fe4m3:row,bf16:column,fe4m3:column,1,0,invalid,invalid,heuristic,1,false,'[4096x1920x6144][4096x1920x6144][4096x1920x6144][4096x1920x6144][4096x1920x6144][4096x1920x6144][4096x1920x6144][4096x1920x6144][4096x1920x6144][4096x1920x6144][4096x1920x6144][4096x1920x6144][4096x1920x6144][4096x1920x6144][4096x1920x6144][4096x1920x6144]',,tensorop,f32,128,128,128,1,2,1,1,1,1,5,4,1,1,128,128,32,100,110,843055104,1546439884800,1834,0.586276,1339.23,2.63774e+06
1,CUTLASS,grouped_gemm,cutlass3x_sm100_tensorop_gemm_grouped_e4m3_e4m3_f32_bf16_e4m3_128x128x128_1x2x1_0_ntn_align16_stream_k_1sm,passed,success,grouped,,,,,fe4m3:column,fe4m3:row,bf16:column,fe4m3:column,1,0,invalid,invalid,heuristic,1,false,'[4096x1920x6144][4096x1920x6144][4096x1920x6144][4096x1920x6144][4096x1920x6144][4096x1920x6144][4096x1920x6144][4096x1920x6144][4096x1920x6144][4096x1920x6144][4096x1920x6144][4096x1920x6144][4096x1920x6144][4096x1920x6144][4096x1920x6144][4096x1920x6144]',,tensorop,f32,128,128,128,1,2,1,1,1,1,5,4,1,1,128,128,32,100,110,843055104,1546439884800,1834,0.578605,1356.98,2.6727e+06
1,CUTLASS,grouped_gemm,cutlass3x_sm100_tensorop_gemm_grouped_e4m3_e4m3_f32_bf16_e4m3_128x128x128_1x2x1_0_tnn_align16_1sm,passed,success,grouped,,,,,fe4m3:row,fe4m3:column,bf16:column,fe4m3:column,1,0,invalid,invalid,heuristic,1,false,'[4096x1920x6144][4096x1920x6144][4096x1920x6144][4096x1920x6144][4096x1920x6144][4096x1920x6144][4096x1920x6144][4096x1920x6144][4096x1920x6144][4096x1920x6144][4096x1920x6144][4096x1920x6144][4096x1920x6144][4096x1920x6144][4096x1920x6144][4096x1920x6144]',,tensorop,f32,128,128,128,1,2,1,1,1,1,5,4,1,1,128,128,32,100,110,843055104,1546439884800,1834,0.581267,1350.77,2.66046e+06
1,CUTLASS,grouped_gemm,cutlass3x_sm100_tensorop_gemm_grouped_e4m3_e4m3_f32_bf16_e4m3_128x128x128_1x2x1_0_tnn_align16_stream_k_1sm,passed,success,grouped,,,,,fe4m3:row,fe4m3:column,bf16:column,fe4m3:column,1,0,invalid,invalid,heuristic,1,false,'[4096x1920x6144][4096x1920x6144][4096x1920x6144][4096x1920x6144][4096x1920x6144][4096x1920x6144][4096x1920x6144][4096x1920x6144][4096x1920x6144][4096x1920x6144][4096x1920x6144][4096x1920x6144][4096x1920x6144][4096x1920x6144][4096x1920x6144][4096x1920x6144]',,tensorop,f32,128,128,128,1,2,1,1,1,1,5,4,1,1,128,128,32,100,110,843055104,1546439884800,1834,0.57711,1360.5,2.67963e+06
1,CUTLASS,grouped_gemm,cutlass3x_sm100_tensorop_gemm_grouped_e4m3_e4m3_f32_bf16_e4m3_128x128x128_1x2x1_0_ttn_align16_1sm,passed,success,grouped,,,,,fe4m3:row,fe4m3:row,bf16:column,fe4m3:column,1,0,invalid,invalid,heuristic,1,false,'[4096x1920x6144][4096x1920x6144][4096x1920x6144][4096x1920x6144][4096x1920x6144][4096x1920x6144][4096x1920x6144][4096x1920x6144][4096x1920x6144][4096x1920x6144][4096x1920x6144][4096x1920x6144][4096x1920x6144][4096x1920x6144][4096x1920x6144][4096x1920x6144]',,tensorop,f32,128,128,128,1,2,1,1,1,1,5,4,1,1,128,128,32,100,110,843055104,1546439884800,1834,0.588979,1333.08,2.62563e+06
1,CUTLASS,grouped_gemm,cutlass3x_sm100_tensorop_gemm_grouped_e4m3_e4m3_f32_bf16_e4m3_128x128x128_1x2x1_0_ttn_align16_stream_k_1sm,passed,success,grouped,,,,,fe4m3:row,fe4m3:row,bf16:column,fe4m3:column,1,0,invalid,invalid,heuristic,1,false,'[4096x1920x6144][4096x1920x6144][4096x1920x6144][4096x1920x6144][4096x1920x6144][4096x1920x6144][4096x1920x6144][4096x1920x6144][4096x1920x6144][4096x1920x6144][4096x1920x6144][4096x1920x6144][4096x1920x6144][4096x1920x6144][4096x1920x6144][4096x1920x6144]',,tensorop,f32,128,128,128,1,2,1,1,1,1,5,4,1,1,128,128,32,100,110,843055104,1546439884800,1834,0.586449,1338.83,2.63696e+06
1,CUTLASS,grouped_gemm,cutlass3x_sm100_tensorop_gemm_grouped_e4m3_e4m3_f32_bf16_e4m3_128x128x128_1x2x1_0_nnt_align16_1sm,passed,success,grouped,,,,,fe4m3:column,fe4m3:column,bf16:row,fe4m3:row,1,0,invalid,invalid,heuristic,1,false,'[4096x1920x6144][4096x1920x6144][4096x1920x6144][4096x1920x6144][4096x1920x6144][4096x1920x6144][4096x1920x6144][4096x1920x6144][4096x1920x6144][4096x1920x6144][4096x1920x6144][4096x1920x6144][4096x1920x6144][4096x1920x6144][4096x1920x6144][4096x1920x6144]',,tensorop,f32,128,128,128,1,2,1,1,1,1,5,4,1,1,128,128,32,100,110,843055104,1546439884800,1834,0.583704,1345.13,2.64935e+06
1,CUTLASS,grouped_gemm,cutlass3x_sm100_tensorop_gemm_grouped_e4m3_e4m3_f32_bf16_e4m3_128x128x128_1x2x1_0_nnt_align16_stream_k_1sm,passed,success,grouped,,,,,fe4m3:column,fe4m3:column,bf16:row,fe4m3:row,1,0,invalid,invalid,heuristic,1,false,'[4096x1920x6144][4096x1920x6144][4096x1920x6144][4096x1920x6144][4096x1920x6144][4096x1920x6144][4096x1920x6144][4096x1920x6144][4096x1920x6144][4096x1920x6144][4096x1920x6144][4096x1920x6144][4096x1920x6144][4096x1920x6144][4096x1920x6144][4096x1920x6144]',,tensorop,f32,128,128,128,1,2,1,1,1,1,5,4,1,1,128,128,32,100,110,843055104,1546439884800,1834,0.58605,1339.74,2.63875e+06
1,CUTLASS,grouped_gemm,cutlass3x_sm100_tensorop_gemm_grouped_e4m3_e4m3_f32_bf16_e4m3_128x128x128_1x2x1_0_ntt_align16_1sm,passed,success,grouped,,,,,fe4m3:column,fe4m3:row,bf16:row,fe4m3:row,1,0,invalid,invalid,heuristic,1,false,'[4096x1920x6144][4096x1920x6144][4096x1920x6144][4096x1920x6144][4096x1920x6144][4096x1920x6144][4096x1920x6144][4096x1920x6144][4096x1920x6144][4096x1920x6144][4096x1920x6144][4096x1920x6144][4096x1920x6144][4096x1920x6144][4096x1920x6144][4096x1920x6144]',,tensorop,f32,128,128,128,1,2,1,1,1,1,5,4,1,1,128,128,32,100,110,843055104,1546439884800,1834,0.584044,1344.35,2.64782e+06
1,CUTLASS,grouped_gemm,cutlass3x_sm100_tensorop_gemm_grouped_e4m3_e4m3_f32_bf16_e4m3_128x128x128_1x2x1_0_ntt_align16_stream_k_1sm,passed,success,grouped,,,,,fe4m3:column,fe4m3:row,bf16:row,fe4m3:row,1,0,invalid,invalid,heuristic,1,false,'[4096x1920x6144][4096x1920x6144][4096x1920x6144][4096x1920x6144][4096x1920x6144][4096x1920x6144][4096x1920x6144][4096x1920x6144][4096x1920x6144][4096x1920x6144][4096x1920x6144][4096x1920x6144][4096x1920x6144][4096x1920x6144][4096x1920x6144][4096x1920x6144]',,tensorop,f32,128,128,128,1,2,1,1,1,1,5,4,1,1,128,128,32,100,110,843055104,1546439884800,1834,0.58648,1338.76,2.63682e+06
1,CUTLASS,grouped_gemm,cutlass3x_sm100_tensorop_gemm_grouped_e4m3_e4m3_f32_bf16_e4m3_128x128x128_1x2x1_0_tnt_align16_1sm,passed,success,grouped,,,,,fe4m3:row,fe4m3:column,bf16:row,fe4m3:row,1,0,invalid,invalid,heuristic,1,false,'[4096x1920x6144][4096x1920x6144][4096x1920x6144][4096x1920x6144][4096x1920x6144][4096x1920x6144][4096x1920x6144][4096x1920x6144][4096x1920x6144][4096x1920x6144][4096x1920x6144][4096x1920x6144][4096x1920x6144][4096x1920x6144][4096x1920x6144][4096x1920x6144]',,tensorop,f32,128,128,128,1,2,1,1,1,1,5,4,1,1,128,128,32,100,110,843055104,1546439884800,1834,0.578719,1356.71,2.67218e+06
1,CUTLASS,grouped_gemm,cutlass3x_sm100_tensorop_gemm_grouped_e4m3_e4m3_f32_bf16_e4m3_128x128x128_1x2x1_0_tnt_align16_stream_k_1sm,passed,success,grouped,,,,,fe4m3:row,fe4m3:column,bf16:row,fe4m3:row,1,0,invalid,invalid,heuristic,1,false,'[4096x1920x6144][4096x1920x6144][4096x1920x6144][4096x1920x6144][4096x1920x6144][4096x1920x6144][4096x1920x6144][4096x1920x6144][4096x1920x6144][4096x1920x6144][4096x1920x6144][4096x1920x6144][4096x1920x6144][4096x1920x6144][4096x1920x6144][4096x1920x6144]',,tensorop,f32,128,128,128,1,2,1,1,1,1,5,4,1,1,128,128,32,100,110,843055104,1546439884800,1834,0.587658,1336.08,2.63153e+06
1,CUTLASS,grouped_gemm,cutlass3x_sm100_tensorop_gemm_grouped_e4m3_e4m3_f32_bf16_e4m3_128x128x128_1x2x1_0_ttt_align16_1sm,passed,success,grouped,,,,,fe4m3:row,fe4m3:row,bf16:row,fe4m3:row,1,0,invalid,invalid,heuristic,1,false,'[4096x1920x6144][4096x1920x6144][4096x1920x6144][4096x1920x6144][4096x1920x6144][4096x1920x6144][4096x1920x6144][4096x1920x6144][4096x1920x6144][4096x1920x6144][4096x1920x6144][4096x1920x6144][4096x1920x6144][4096x1920x6144][4096x1920x6144][4096x1920x6144]',,tensorop,f32,128,128,128,1,2,1,1,1,1,5,4,1,1,128,128,32,100,110,843055104,1546439884800,1834,0.579701,1354.42,2.66765e+06
1,CUTLASS,grouped_gemm,cutlass3x_sm100_tensorop_gemm_grouped_e4m3_e4m3_f32_bf16_e4m3_128x128x128_1x2x1_0_ttt_align16_stream_k_1sm,passed,success,grouped,,,,,fe4m3:row,fe4m3:row,bf16:row,fe4m3:row,1,0,invalid,invalid,heuristic,1,false,'[4096x1920x6144][4096x1920x6144][4096x1920x6144][4096x1920x6144][4096x1920x6144][4096x1920x6144][4096x1920x6144][4096x1920x6144][4096x1920x6144][4096x1920x6144][4096x1920x6144][4096x1920x6144][4096x1920x6144][4096x1920x6144][4096x1920x6144][4096x1920x6144]',,tensorop,f32,128,128,128,1,2,1,1,1,1,5,4,1,1,128,128,32,100,110,843055104,1546439884800,1834,0.575349,1364.66,2.68783e+06
1,CUTLASS,grouped_gemm,cutlass3x_sm100_tensorop_gemm_grouped_e4m3_e4m3_f32_bf16_e4m3_128x128x128_2x1x1_0_nnn_align16_1sm,passed,success,grouped,,,,,fe4m3:column,fe4m3:column,bf16:column,fe4m3:column,1,0,invalid,invalid,heuristic,1,false,'[4096x1920x6144][4096x1920x6144][4096x1920x6144][4096x1920x6144][4096x1920x6144][4096x1920x6144][4096x1920x6144][4096x1920x6144][4096x1920x6144][4096x1920x6144][4096x1920x6144][4096x1920x6144][4096x1920x6144][4096x1920x6144][4096x1920x6144][4096x1920x6144]',,tensorop,f32,128,128,128,2,1,1,1,1,1,5,4,1,1,128,128,32,100,110,843055104,1546439884800,1834,0.507631,1546.71,3.04638e+06
1,CUTLASS,grouped_gemm,cutlass3x_sm100_tensorop_gemm_grouped_e4m3_e4m3_f32_bf16_e4m3_128x128x128_2x1x1_0_nnn_align16_stream_k_1sm,passed,success,grouped,,,,,fe4m3:column,fe4m3:column,bf16:column,fe4m3:column,1,0,invalid,invalid,heuristic,1,false,'[4096x1920x6144][4096x1920x6144][4096x1920x6144][4096x1920x6144][4096x1920x6144][4096x1920x6144][4096x1920x6144][4096x1920x6144][4096x1920x6144][4096x1920x6144][4096x1920x6144][4096x1920x6144][4096x1920x6144][4096x1920x6144][4096x1920x6144][4096x1920x6144]',,tensorop,f32,128,128,128,2,1,1,1,1,1,5,4,1,1,128,128,32,100,110,843055104,1546439884800,1834,0.517236,1517.98,2.98981e+06
1,CUTLASS,grouped_gemm,cutlass3x_sm100_tensorop_gemm_grouped_e4m3_e4m3_f32_bf16_e4m3_128x128x128_2x1x1_0_ntn_align16_1sm,passed,success,grouped,,,,,fe4m3:column,fe4m3:row,bf16:column,fe4m3:column,1,0,invalid,invalid,heuristic,1,false,'[4096x1920x6144][4096x1920x6144][4096x1920x6144][4096x1920x6144][4096x1920x6144][4096x1920x6144][4096x1920x6144][4096x1920x6144][4096x1920x6144][4096x1920x6144][4096x1920x6144][4096x1920x6144][4096x1920x6144][4096x1920x6144][4096x1920x6144][4096x1920x6144]',,tensorop,f32,128,128,128,2,1,1,1,1,1,5,4,1,1,128,128,32,100,110,843055104,1546439884800,1834,0.513612,1528.69,3.01091e+06
1,CUTLASS,grouped_gemm,cutlass3x_sm100_tensorop_gemm_grouped_e4m3_e4m3_f32_bf16_e4m3_128x128x128_2x1x1_0_ntn_align16_stream_k_1sm,passed,success,grouped,,,,,fe4m3:column,fe4m3:row,bf16:column,fe4m3:column,1,0,invalid,invalid,heuristic,1,false,'[4096x1920x6144][4096x1920x6144][4096x1920x6144][4096x1920x6144][4096x1920x6144][4096x1920x6144][4096x1920x6144][4096x1920x6144][4096x1920x6144][4096x1920x6144][4096x1920x6144][4096x1920x6144][4096x1920x6144][4096x1920x6144][4096x1920x6144][4096x1920x6144]',,tensorop,f32,128,128,128,2,1,1,1,1,1,5,4,1,1,128,128,32,100,110,843055104,1546439884800,1834,0.508041,1545.46,3.04393e+06
1,CUTLASS,grouped_gemm,cutlass3x_sm100_tensorop_gemm_grouped_e4m3_e4m3_f32_bf16_e4m3_128x128x128_2x1x1_0_tnn_align16_1sm,passed,success,grouped,,,,,fe4m3:row,fe4m3:column,bf16:column,fe4m3:column,1,0,invalid,invalid,heuristic,1,false,'[4096x1920x6144][4096x1920x6144][4096x1920x6144][4096x1920x6144][4096x1920x6144][4096x1920x6144][4096x1920x6144][4096x1920x6144][4096x1920x6144][4096x1920x6144][4096x1920x6144][4096x1920x6144][4096x1920x6144][4096x1920x6144][4096x1920x6144][4096x1920x6144]',,tensorop,f32,128,128,128,2,1,1,1,1,1,5,4,1,1,128,128,32,100,110,843055104,1546439884800,1834,0.53402,1470.28,2.89585e+06
1,CUTLASS,grouped_gemm,cutlass3x_sm100_tensorop_gemm_grouped_e4m3_e4m3_f32_bf16_e4m3_128x128x128_2x1x1_0_tnn_align16_stream_k_1sm,passed,success,grouped,,,,,fe4m3:row,fe4m3:column,bf16:column,fe4m3:column,1,0,invalid,invalid,heuristic,1,false,'[4096x1920x6144][4096x1920x6144][4096x1920x6144][4096x1920x6144][4096x1920x6144][4096x1920x6144][4096x1920x6144][4096x1920x6144][4096x1920x6144][4096x1920x6144][4096x1920x6144][4096x1920x6144][4096x1920x6144][4096x1920x6144][4096x1920x6144][4096x1920x6144]',,tensorop,f32,128,128,128,2,1,1,1,1,1,5,4,1,1,128,128,32,100,110,843055104,1546439884800,1834,0.523156,1500.81,2.95598e+06
1,CUTLASS,grouped_gemm,cutlass3x_sm100_tensorop_gemm_grouped_e4m3_e4m3_f32_bf16_e4m3_128x128x128_2x1x1_0_ttn_align16_1sm,passed,success,grouped,,,,,fe4m3:row,fe4m3:row,bf16:column,fe4m3:column,1,0,invalid,invalid,heuristic,1,false,'[4096x1920x6144][4096x1920x6144][4096x1920x6144][4096x1920x6144][4096x1920x6144][4096x1920x6144][4096x1920x6144][4096x1920x6144][4096x1920x6144][4096x1920x6144][4096x1920x6144][4096x1920x6144][4096x1920x6144][4096x1920x6144][4096x1920x6144][4096x1920x6144]',,tensorop,f32,128,128,128,2,1,1,1,1,1,5,4,1,1,128,128,32,100,110,843055104,1546439884800,1834,0.51138,1535.37,3.02406e+06
1,CUTLASS,grouped_gemm,cutlass3x_sm100_tensorop_gemm_grouped_e4m3_e4m3_f32_bf16_e4m3_128x128x128_2x1x1_0_ttn_align16_stream_k_1sm,passed,success,grouped,,,,,fe4m3:row,fe4m3:row,bf16:column,fe4m3:column,1,0,invalid,invalid,heuristic,1,false,'[4096x1920x6144][4096x1920x6144][4096x1920x6144][4096x1920x6144][4096x1920x6144][4096x1920x6144][4096x1920x6144][4096x1920x6144][4096x1920x6144][4096x1920x6144][4096x1920x6144][4096x1920x6144][4096x1920x6144][4096x1920x6144][4096x1920x6144][4096x1920x6144]',,tensorop,f32,128,128,128,2,1,1,1,1,1,5,4,1,1,128,128,32,100,110,843055104,1546439884800,1834,0.530457,1480.15,2.9153e+06
1,CUTLASS,grouped_gemm,cutlass3x_sm100_tensorop_gemm_grouped_e4m3_e4m3_f32_bf16_e4m3_128x128x128_2x1x1_0_nnt_align16_1sm,passed,success,grouped,,,,,fe4m3:column,fe4m3:column,bf16:row,fe4m3:row,1,0,invalid,invalid,heuristic,1,false,'[4096x1920x6144][4096x1920x6144][4096x1920x6144][4096x1920x6144][4096x1920x6144][4096x1920x6144][4096x1920x6144][4096x1920x6144][4096x1920x6144][4096x1920x6144][4096x1920x6144][4096x1920x6144][4096x1920x6144][4096x1920x6144][4096x1920x6144][4096x1920x6144]',,tensorop,f32,128,128,128,2,1,1,1,1,1,5,4,1,1,128,128,32,100,110,843055104,1546439884800,1834,0.511574,1534.79,3.0229e+06
1,CUTLASS,grouped_gemm,cutlass3x_sm100_tensorop_gemm_grouped_e4m3_e4m3_f32_bf16_e4m3_128x128x128_2x1x1_0_nnt_align16_stream_k_1sm,passed,success,grouped,,,,,fe4m3:column,fe4m3:column,bf16:row,fe4m3:row,1,0,invalid,invalid,heuristic,1,false,'[4096x1920x6144][4096x1920x6144][4096x1920x6144][4096x1920x6144][4096x1920x6144][4096x1920x6144][4096x1920x6144][4096x1920x6144][4096x1920x6144][4096x1920x6144][4096x1920x6144][4096x1920x6144][4096x1920x6144][4096x1920x6144][4096x1920x6144][4096x1920x6144]',,tensorop,f32,128,128,128,2,1,1,1,1,1,5,4,1,1,128,128,32,100,110,843055104,1546439884800,1834,0.530293,1480.61,2.9162e+06
1,CUTLASS,grouped_gemm,cutlass3x_sm100_tensorop_gemm_grouped_e4m3_e4m3_f32_bf16_e4m3_128x128x128_2x1x1_0_ntt_align16_1sm,passed,success,grouped,,,,,fe4m3:column,fe4m3:row,bf16:row,fe4m3:row,1,0,invalid,invalid,heuristic,1,false,'[4096x1920x6144][4096x1920x6144][4096x1920x6144][4096x1920x6144][4096x1920x6144][4096x1920x6144][4096x1920x6144][4096x1920x6144][4096x1920x6144][4096x1920x6144][4096x1920x6144][4096x1920x6144][4096x1920x6144][4096x1920x6144][4096x1920x6144][4096x1920x6144]',,tensorop,f32,128,128,128,2,1,1,1,1,1,5,4,1,1,128,128,32,100,110,843055104,1546439884800,1834,0.518067,1515.55,2.98502e+06
1,CUTLASS,grouped_gemm,cutlass3x_sm100_tensorop_gemm_grouped_e4m3_e4m3_f32_bf16_e4m3_128x128x128_2x1x1_0_ntt_align16_stream_k_1sm,passed,success,grouped,,,,,fe4m3:column,fe4m3:row,bf16:row,fe4m3:row,1,0,invalid,invalid,heuristic,1,false,'[4096x1920x6144][4096x1920x6144][4096x1920x6144][4096x1920x6144][4096x1920x6144][4096x1920x6144][4096x1920x6144][4096x1920x6144][4096x1920x6144][4096x1920x6144][4096x1920x6144][4096x1920x6144][4096x1920x6144][4096x1920x6144][4096x1920x6144][4096x1920x6144]',,tensorop,f32,128,128,128,2,1,1,1,1,1,5,4,1,1,128,128,32,100,110,843055104,1546439884800,1834,0.515035,1524.47,3.00259e+06
1,CUTLASS,grouped_gemm,cutlass3x_sm100_tensorop_gemm_grouped_e4m3_e4m3_f32_bf16_e4m3_128x128x128_2x1x1_0_tnt_align16_1sm,passed,success,grouped,,,,,fe4m3:row,fe4m3:column,bf16:row,fe4m3:row,1,0,invalid,invalid,heuristic,1,false,'[4096x1920x6144][4096x1920x6144][4096x1920x6144][4096x1920x6144][4096x1920x6144][4096x1920x6144][4096x1920x6144][4096x1920x6144][4096x1920x6144][4096x1920x6144][4096x1920x6144][4096x1920x6144][4096x1920x6144][4096x1920x6144][4096x1920x6144][4096x1920x6144]',,tensorop,f32,128,128,128,2,1,1,1,1,1,5,4,1,1,128,128,32,100,110,843055104,1546439884800,1834,0.531368,1477.61,2.9103e+06
1,CUTLASS,grouped_gemm,cutlass3x_sm100_tensorop_gemm_grouped_e4m3_e4m3_f32_bf16_e4m3_128x128x128_2x1x1_0_tnt_align16_stream_k_1sm,passed,success,grouped,,,,,fe4m3:row,fe4m3:column,bf16:row,fe4m3:row,1,0,invalid,invalid,heuristic,1,false,'[4096x1920x6144][4096x1920x6144][4096x1920x6144][4096x1920x6144][4096x1920x6144][4096x1920x6144][4096x1920x6144][4096x1920x6144][4096x1920x6144][4096x1920x6144][4096x1920x6144][4096x1920x6144][4096x1920x6144][4096x1920x6144][4096x1920x6144][4096x1920x6144]',,tensorop,f32,128,128,128,2,1,1,1,1,1,5,4,1,1,128,128,32,100,110,843055104,1546439884800,1834,0.521149,1506.59,2.96737e+06
1,CUTLASS,grouped_gemm,cutlass3x_sm100_tensorop_gemm_grouped_e4m3_e4m3_f32_bf16_e4m3_128x128x128_2x1x1_0_ttt_align16_1sm,passed,success,grouped,,,,,fe4m3:row,fe4m3:row,bf16:row,fe4m3:row,1,0,invalid,invalid,heuristic,1,false,'[4096x1920x6144][4096x1920x6144][4096x1920x6144][4096x1920x6144][4096x1920x6144][4096x1920x6144][4096x1920x6144][4096x1920x6144][4096x1920x6144][4096x1920x6144][4096x1920x6144][4096x1920x6144][4096x1920x6144][4096x1920x6144][4096x1920x6144][4096x1920x6144]',,tensorop,f32,128,128,128,2,1,1,1,1,1,5,4,1,1,128,128,32,100,110,843055104,1546439884800,1834,0.520362,1508.87,2.97186e+06
1,CUTLASS,grouped_gemm,cutlass3x_sm100_tensorop_gemm_grouped_e4m3_e4m3_f32_bf16_e4m3_128x128x128_2x1x1_0_ttt_align16_stream_k_1sm,passed,success,grouped,,,,,fe4m3:row,fe4m3:row,bf16:row,fe4m3:row,1,0,invalid,invalid,heuristic,1,false,'[4096x1920x6144][4096x1920x6144][4096x1920x6144][4096x1920x6144][4096x1920x6144][4096x1920x6144][4096x1920x6144][4096x1920x6144][4096x1920x6144][4096x1920x6144][4096x1920x6144][4096x1920x6144][4096x1920x6144][4096x1920x6144][4096x1920x6144][4096x1920x6144]',,tensorop,f32,128,128,128,2,1,1,1,1,1,5,4,1,1,128,128,32,100,110,843055104,1546439884800,1834,0.519183,1512.29,2.9786e+06
1,CUTLASS,grouped_gemm,cutlass3x_sm100_tensorop_gemm_grouped_e4m3_e4m3_f32_bf16_e4m3_128x128x128_1x4x1_0_nnn_align16_1sm,passed,success,grouped,,,,,fe4m3:column,fe4m3:column,bf16:column,fe4m3:column,1,0,invalid,invalid,heuristic,1,false,'[4096x1920x6144][4096x1920x6144][4096x1920x6144][4096x1920x6144][4096x1920x6144][4096x1920x6144][4096x1920x6144][4096x1920x6144][4096x1920x6144][4096x1920x6144][4096x1920x6144][4096x1920x6144][4096x1920x6144][4096x1920x6144][4096x1920x6144][4096x1920x6144]',,tensorop,f32,128,128,128,1,4,1,1,1,1,5,4,1,1,128,128,32,100,110,843055104,1546439884800,1834,0.630563,1245.17,2.45248e+06
1,CUTLASS,grouped_gemm,cutlass3x_sm100_tensorop_gemm_grouped_e4m3_e4m3_f32_bf16_e4m3_128x128x128_1x4x1_0_nnn_align16_stream_k_1sm,passed,success,grouped,,,,,fe4m3:column,fe4m3:column,bf16:column,fe4m3:column,1,0,invalid,invalid,heuristic,1,false,'[4096x1920x6144][4096x1920x6144][4096x1920x6144][4096x1920x6144][4096x1920x6144][4096x1920x6144][4096x1920x6144][4096x1920x6144][4096x1920x6144][4096x1920x6144][4096x1920x6144][4096x1920x6144][4096x1920x6144][4096x1920x6144][4096x1920x6144][4096x1920x6144]',,tensorop,f32,128,128,128,1,4,1,1,1,1,5,4,1,1,128,128,32,100,110,843055104,1546439884800,1834,0.63045,1245.39,2.45291e+06
1,CUTLASS,grouped_gemm,cutlass3x_sm100_tensorop_gemm_grouped_e4m3_e4m3_f32_bf16_e4m3_128x128x128_1x4x1_0_ntn_align16_1sm,passed,success,grouped,,,,,fe4m3:column,fe4m3:row,bf16:column,fe4m3:column,1,0,invalid,invalid,heuristic,1,false,'[4096x1920x6144][4096x1920x6144][4096x1920x6144][4096x1920x6144][4096x1920x6144][4096x1920x6144][4096x1920x6144][4096x1920x6144][4096x1920x6144][4096x1920x6144][4096x1920x6144][4096x1920x6144][4096x1920x6144][4096x1920x6144][4096x1920x6144][4096x1920x6144]',,tensorop,f32,128,128,128,1,4,1,1,1,1,5,4,1,1,128,128,32,100,110,843055104,1546439884800,1834,0.627921,1250.41,2.46279e+06
1,CUTLASS,grouped_gemm,cutlass3x_sm100_tensorop_gemm_grouped_e4m3_e4m3_f32_bf16_e4m3_128x128x128_1x4x1_0_ntn_align16_stream_k_1sm,passed,success,grouped,,,,,fe4m3:column,fe4m3:row,bf16:column,fe4m3:column,1,0,invalid,invalid,heuristic,1,false,'[4096x1920x6144][4096x1920x6144][4096x1920x6144][4096x1920x6144][4096x1920x6144][4096x1920x6144][4096x1920x6144][4096x1920x6144][4096x1920x6144][4096x1920x6144][4096x1920x6144][4096x1920x6144][4096x1920x6144][4096x1920x6144][4096x1920x6144][4096x1920x6144]',,tensorop,f32,128,128,128,1,4,1,1,1,1,5,4,1,1,128,128,32,100,110,843055104,1546439884800,1834,0.629918,1246.44,2.45499e+06
1,CUTLASS,grouped_gemm,cutlass3x_sm100_tensorop_gemm_grouped_e4m3_e4m3_f32_bf16_e4m3_128x128x128_1x4x1_0_tnn_align16_1sm,passed,success,grouped,,,,,fe4m3:row,fe4m3:column,bf16:column,fe4m3:column,1,0,invalid,invalid,heuristic,1,false,'[4096x1920x6144][4096x1920x6144][4096x1920x6144][4096x1920x6144][4096x1920x6144][4096x1920x6144][4096x1920x6144][4096x1920x6144][4096x1920x6144][4096x1920x6144][4096x1920x6144][4096x1920x6144][4096x1920x6144][4096x1920x6144][4096x1920x6144][4096x1920x6144]',,tensorop,f32,128,128,128,1,4,1,1,1,1,5,4,1,1,128,128,32,100,110,843055104,1546439884800,1834,0.63002,1246.24,2.45459e+06
1,CUTLASS,grouped_gemm,cutlass3x_sm100_tensorop_gemm_grouped_e4m3_e4m3_f32_bf16_e4m3_128x128x128_1x4x1_0_tnn_align16_stream_k_1sm,passed,success,grouped,,,,,fe4m3:row,fe4m3:column,bf16:column,fe4m3:column,1,0,invalid,invalid,heuristic,1,false,'[4096x1920x6144][4096x1920x6144][4096x1920x6144][4096x1920x6144][4096x1920x6144][4096x1920x6144][4096x1920x6144][4096x1920x6144][4096x1920x6144][4096x1920x6144][4096x1920x6144][4096x1920x6144][4096x1920x6144][4096x1920x6144][4096x1920x6144][4096x1920x6144]',,tensorop,f32,128,128,128,1,4,1,1,1,1,5,4,1,1,128,128,32,100,110,843055104,1546439884800,1834,0.632273,1241.8,2.44584e+06
1,CUTLASS,grouped_gemm,cutlass3x_sm100_tensorop_gemm_grouped_e4m3_e4m3_f32_bf16_e4m3_128x128x128_1x4x1_0_ttn_align16_1sm,passed,success,grouped,,,,,fe4m3:row,fe4m3:row,bf16:column,fe4m3:column,1,0,invalid,invalid,heuristic,1,false,'[4096x1920x6144][4096x1920x6144][4096x1920x6144][4096x1920x6144][4096x1920x6144][4096x1920x6144][4096x1920x6144][4096x1920x6144][4096x1920x6144][4096x1920x6144][4096x1920x6144][4096x1920x6144][4096x1920x6144][4096x1920x6144][4096x1920x6144][4096x1920x6144]',,tensorop,f32,128,128,128,1,4,1,1,1,1,5,4,1,1,128,128,32,100,110,843055104,1546439884800,1834,0.627113,1252.02,2.46597e+06
1,CUTLASS,grouped_gemm,cutlass3x_sm100_tensorop_gemm_grouped_e4m3_e4m3_f32_bf16_e4m3_128x128x128_1x4x1_0_ttn_align16_stream_k_1sm,passed,success,grouped,,,,,fe4m3:row,fe4m3:row,bf16:column,fe4m3:column,1,0,invalid,invalid,heuristic,1,false,'[4096x1920x6144][4096x1920x6144][4096x1920x6144][4096x1920x6144][4096x1920x6144][4096x1920x6144][4096x1920x6144][4096x1920x6144][4096x1920x6144][4096x1920x6144][4096x1920x6144][4096x1920x6144][4096x1920x6144][4096x1920x6144][4096x1920x6144][4096x1920x6144]',,tensorop,f32,128,128,128,1,4,1,1,1,1,5,4,1,1,128,128,32,100,110,843055104,1546439884800,1834,0.632119,1242.1,2.44644e+06
1,CUTLASS,grouped_gemm,cutlass3x_sm100_tensorop_gemm_grouped_e4m3_e4m3_f32_bf16_e4m3_128x128x128_1x4x1_0_nnt_align16_1sm,passed,success,grouped,,,,,fe4m3:column,fe4m3:column,bf16:row,fe4m3:row,1,0,invalid,invalid,heuristic,1,false,'[4096x1920x6144][4096x1920x6144][4096x1920x6144][4096x1920x6144][4096x1920x6144][4096x1920x6144][4096x1920x6144][4096x1920x6144][4096x1920x6144][4096x1920x6144][4096x1920x6144][4096x1920x6144][4096x1920x6144][4096x1920x6144][4096x1920x6144][4096x1920x6144]',,tensorop,f32,128,128,128,1,4,1,1,1,1,5,4,1,1,128,128,32,100,110,843055104,1546439884800,1834,0.626795,1252.65,2.46722e+06
1,CUTLASS,grouped_gemm,cutlass3x_sm100_tensorop_gemm_grouped_e4m3_e4m3_f32_bf16_e4m3_128x128x128_1x4x1_0_nnt_align16_stream_k_1sm,passed,success,grouped,,,,,fe4m3:column,fe4m3:column,bf16:row,fe4m3:row,1,0,invalid,invalid,heuristic,1,false,'[4096x1920x6144][4096x1920x6144][4096x1920x6144][4096x1920x6144][4096x1920x6144][4096x1920x6144][4096x1920x6144][4096x1920x6144][4096x1920x6144][4096x1920x6144][4096x1920x6144][4096x1920x6144][4096x1920x6144][4096x1920x6144][4096x1920x6144][4096x1920x6144]',,tensorop,f32,128,128,128,1,4,1,1,1,1,5,4,1,1,128,128,32,100,110,843055104,1546439884800,1834,0.630286,1245.71,2.45355e+06
1,CUTLASS,grouped_gemm,cutlass3x_sm100_tensorop_gemm_grouped_e4m3_e4m3_f32_bf16_e4m3_128x128x128_1x4x1_0_ntt_align16_1sm,passed,success,grouped,,,,,fe4m3:column,fe4m3:row,bf16:row,fe4m3:row,1,0,invalid,invalid,heuristic,1,false,'[4096x1920x6144][4096x1920x6144][4096x1920x6144][4096x1920x6144][4096x1920x6144][4096x1920x6144][4096x1920x6144][4096x1920x6144][4096x1920x6144][4096x1920x6144][4096x1920x6144][4096x1920x6144][4096x1920x6144][4096x1920x6144][4096x1920x6144][4096x1920x6144]',,tensorop,f32,128,128,128,1,4,1,1,1,1,5,4,1,1,128,128,32,100,110,843055104,1546439884800,1834,0.62147,1263.38,2.48836e+06
1,CUTLASS,grouped_gemm,cutlass3x_sm100_tensorop_gemm_grouped_e4m3_e4m3_f32_bf16_e4m3_128x128x128_1x4x1_0_ntt_align16_stream_k_1sm,passed,success,grouped,,,,,fe4m3:column,fe4m3:row,bf16:row,fe4m3:row,1,0,invalid,invalid,heuristic,1,false,'[4096x1920x6144][4096x1920x6144][4096x1920x6144][4096x1920x6144][4096x1920x6144][4096x1920x6144][4096x1920x6144][4096x1920x6144][4096x1920x6144][4096x1920x6144][4096x1920x6144][4096x1920x6144][4096x1920x6144][4096x1920x6144][4096x1920x6144][4096x1920x6144]',,tensorop,f32,128,128,128,1,4,1,1,1,1,5,4,1,1,128,128,32,100,110,843055104,1546439884800,1834,0.625412,1255.42,2.47267e+06
1,CUTLASS,grouped_gemm,cutlass3x_sm100_tensorop_gemm_grouped_e4m3_e4m3_f32_bf16_e4m3_128x128x128_1x4x1_0_tnt_align16_1sm,passed,success,grouped,,,,,fe4m3:row,fe4m3:column,bf16:row,fe4m3:row,1,0,invalid,invalid,heuristic,1,false,'[4096x1920x6144][4096x1920x6144][4096x1920x6144][4096x1920x6144][4096x1920x6144][4096x1920x6144][4096x1920x6144][4096x1920x6144][4096x1920x6144][4096x1920x6144][4096x1920x6144][4096x1920x6144][4096x1920x6144][4096x1920x6144][4096x1920x6144][4096x1920x6144]',,tensorop,f32,128,128,128,1,4,1,1,1,1,5,4,1,1,128,128,32,100,110,843055104,1546439884800,1834,0.625412,1255.42,2.47268e+06
1,CUTLASS,grouped_gemm,cutlass3x_sm100_tensorop_gemm_grouped_e4m3_e4m3_f32_bf16_e4m3_128x128x128_1x4x1_0_tnt_align16_stream_k_1sm,passed,success,grouped,,,,,fe4m3:row,fe4m3:column,bf16:row,fe4m3:row,1,0,invalid,invalid,heuristic,1,false,'[4096x1920x6144][4096x1920x6144][4096x1920x6144][4096x1920x6144][4096x1920x6144][4096x1920x6144][4096x1920x6144][4096x1920x6144][4096x1920x6144][4096x1920x6144][4096x1920x6144][4096x1920x6144][4096x1920x6144][4096x1920x6144][4096x1920x6144][4096x1920x6144]',,tensorop,f32,128,128,128,1,4,1,1,1,1,5,4,1,1,128,128,32,100,110,843055104,1546439884800,1834,0.628976,1248.31,2.45866e+06
1,CUTLASS,grouped_gemm,cutlass3x_sm100_tensorop_gemm_grouped_e4m3_e4m3_f32_bf16_e4m3_128x128x128_1x4x1_0_ttt_align16_1sm,passed,success,grouped,,,,,fe4m3:row,fe4m3:row,bf16:row,fe4m3:row,1,0,invalid,invalid,heuristic,1,false,'[4096x1920x6144][4096x1920x6144][4096x1920x6144][4096x1920x6144][4096x1920x6144][4096x1920x6144][4096x1920x6144][4096x1920x6144][4096x1920x6144][4096x1920x6144][4096x1920x6144][4096x1920x6144][4096x1920x6144][4096x1920x6144][4096x1920x6144][4096x1920x6144]',,tensorop,f32,128,128,128,1,4,1,1,1,1,5,4,1,1,128,128,32,100,110,843055104,1546439884800,1834,0.630307,1245.67,2.45347e+06
1,CUTLASS,grouped_gemm,cutlass3x_sm100_tensorop_gemm_grouped_e4m3_e4m3_f32_bf16_e4m3_128x128x128_1x4x1_0_ttt_align16_stream_k_1sm,passed,success,grouped,,,,,fe4m3:row,fe4m3:row,bf16:row,fe4m3:row,1,0,invalid,invalid,heuristic,1,false,'[4096x1920x6144][4096x1920x6144][4096x1920x6144][4096x1920x6144][4096x1920x6144][4096x1920x6144][4096x1920x6144][4096x1920x6144][4096x1920x6144][4096x1920x6144][4096x1920x6144][4096x1920x6144][4096x1920x6144][4096x1920x6144][4096x1920x6144][4096x1920x6144]',,tensorop,f32,128,128,128,1,4,1,1,1,1,5,4,1,1,128,128,32,100,110,843055104,1546439884800,1834,0.629122,1248.02,2.45809e+06
1,CUTLASS,grouped_gemm,cutlass3x_sm100_tensorop_gemm_grouped_e4m3_e4m3_f32_bf16_e4m3_128x128x128_4x4x1_0_nnn_align16_1sm,passed,success,grouped,,,,,fe4m3:column,fe4m3:column,bf16:column,fe4m3:column,1,0,invalid,invalid,heuristic,1,false,'[4096x1920x6144][4096x1920x6144][4096x1920x6144][4096x1920x6144][4096x1920x6144][4096x1920x6144][4096x1920x6144][4096x1920x6144][4096x1920x6144][4096x1920x6144][4096x1920x6144][4096x1920x6144][4096x1920x6144][4096x1920x6144][4096x1920x6144][4096x1920x6144]',,tensorop,f32,128,128,128,4,4,1,1,1,1,5,4,1,1,128,128,32,100,110,843055104,1546439884800,1834,0.727894,1078.67,2.12454e+06
1,CUTLASS,grouped_gemm,cutlass3x_sm100_tensorop_gemm_grouped_e4m3_e4m3_f32_bf16_e4m3_128x128x128_4x4x1_0_nnn_align16_stream_k_1sm,passed,success,grouped,,,,,fe4m3:column,fe4m3:column,bf16:column,fe4m3:column,1,0,invalid,invalid,heuristic,1,false,'[4096x1920x6144][4096x1920x6144][4096x1920x6144][4096x1920x6144][4096x1920x6144][4096x1920x6144][4096x1920x6144][4096x1920x6144][4096x1920x6144][4096x1920x6144][4096x1920x6144][4096x1920x6144][4096x1920x6144][4096x1920x6144][4096x1920x6144][4096x1920x6144]',,tensorop,f32,128,128,128,4,4,1,1,1,1,5,4,1,1,128,128,32,100,110,843055104,1546439884800,1834,0.728867,1077.23,2.12171e+06
1,CUTLASS,grouped_gemm,cutlass3x_sm100_tensorop_gemm_grouped_e4m3_e4m3_f32_bf16_e4m3_128x128x128_4x4x1_0_ntn_align16_1sm,passed,success,grouped,,,,,fe4m3:column,fe4m3:row,bf16:column,fe4m3:column,1,0,invalid,invalid,heuristic,1,false,'[4096x1920x6144][4096x1920x6144][4096x1920x6144][4096x1920x6144][4096x1920x6144][4096x1920x6144][4096x1920x6144][4096x1920x6144][4096x1920x6144][4096x1920x6144][4096x1920x6144][4096x1920x6144][4096x1920x6144][4096x1920x6144][4096x1920x6144][4096x1920x6144]',,tensorop,f32,128,128,128,4,4,1,1,1,1,5,4,1,1,128,128,32,100,110,843055104,1546439884800,1834,0.72685,1080.22,2.12759e+06
1,CUTLASS,grouped_gemm,cutlass3x_sm100_tensorop_gemm_grouped_e4m3_e4m3_f32_bf16_e4m3_128x128x128_4x4x1_0_ntn_align16_stream_k_1sm,passed,success,grouped,,,,,fe4m3:column,fe4m3:row,bf16:column,fe4m3:column,1,0,invalid,invalid,heuristic,1,false,'[4096x1920x6144][4096x1920x6144][4096x1920x6144][4096x1920x6144][4096x1920x6144][4096x1920x6144][4096x1920x6144][4096x1920x6144][4096x1920x6144][4096x1920x6144][4096x1920x6144][4096x1920x6144][4096x1920x6144][4096x1920x6144][4096x1920x6144][4096x1920x6144]',,tensorop,f32,128,128,128,4,4,1,1,1,1,5,4,1,1,128,128,32,100,110,843055104,1546439884800,1834,0.72775,1078.88,2.12496e+06
1,CUTLASS,grouped_gemm,cutlass3x_sm100_tensorop_gemm_grouped_e4m3_e4m3_f32_bf16_e4m3_128x128x128_4x4x1_0_tnn_align16_1sm,passed,success,grouped,,,,,fe4m3:row,fe4m3:column,bf16:column,fe4m3:column,1,0,invalid,invalid,heuristic,1,false,'[4096x1920x6144][4096x1920x6144][4096x1920x6144][4096x1920x6144][4096x1920x6144][4096x1920x6144][4096x1920x6144][4096x1920x6144][4096x1920x6144][4096x1920x6144][4096x1920x6144][4096x1920x6144][4096x1920x6144][4096x1920x6144][4096x1920x6144][4096x1920x6144]',,tensorop,f32,128,128,128,4,4,1,1,1,1,5,4,1,1,128,128,32,100,110,843055104,1546439884800,1834,0.740758,1059.94,2.08765e+06
1,CUTLASS,grouped_gemm,cutlass3x_sm100_tensorop_gemm_grouped_e4m3_e4m3_f32_bf16_e4m3_128x128x128_4x4x1_0_tnn_align16_stream_k_1sm,passed,success,grouped,,,,,fe4m3:row,fe4m3:column,bf16:column,fe4m3:column,1,0,invalid,invalid,heuristic,1,false,'[4096x1920x6144][4096x1920x6144][4096x1920x6144][4096x1920x6144][4096x1920x6144][4096x1920x6144][4096x1920x6144][4096x1920x6144][4096x1920x6144][4096x1920x6144][4096x1920x6144][4096x1920x6144][4096x1920x6144][4096x1920x6144][4096x1920x6144][4096x1920x6144]',,tensorop,f32,128,128,128,4,4,1,1,1,1,5,4,1,1,128,128,32,100,110,843055104,1546439884800,1834,0.740868,1059.78,2.08733e+06
1,CUTLASS,grouped_gemm,cutlass3x_sm100_tensorop_gemm_grouped_e4m3_e4m3_f32_bf16_e4m3_128x128x128_4x4x1_0_ttn_align16_1sm,passed,success,grouped,,,,,fe4m3:row,fe4m3:row,bf16:column,fe4m3:column,1,0,invalid,invalid,heuristic,1,false,'[4096x1920x6144][4096x1920x6144][4096x1920x6144][4096x1920x6144][4096x1920x6144][4096x1920x6144][4096x1920x6144][4096x1920x6144][4096x1920x6144][4096x1920x6144][4096x1920x6144][4096x1920x6144][4096x1920x6144][4096x1920x6144][4096x1920x6144][4096x1920x6144]',,tensorop,f32,128,128,128,4,4,1,1,1,1,5,4,1,1,128,128,32,100,110,843055104,1546439884800,1834,0.738093,1063.76,2.09518e+06
1,CUTLASS,grouped_gemm,cutlass3x_sm100_tensorop_gemm_grouped_e4m3_e4m3_f32_bf16_e4m3_128x128x128_4x4x1_0_ttn_align16_stream_k_1sm,passed,success,grouped,,,,,fe4m3:row,fe4m3:row,bf16:column,fe4m3:column,1,0,invalid,invalid,heuristic,1,false,'[4096x1920x6144][4096x1920x6144][4096x1920x6144][4096x1920x6144][4096x1920x6144][4096x1920x6144][4096x1920x6144][4096x1920x6144][4096x1920x6144][4096x1920x6144][4096x1920x6144][4096x1920x6144][4096x1920x6144][4096x1920x6144][4096x1920x6144][4096x1920x6144]',,tensorop,f32,128,128,128,4,4,1,1,1,1,5,4,1,1,128,128,32,100,110,843055104,1546439884800,1834,0.738195,1063.62,2.09489e+06
1,CUTLASS,grouped_gemm,cutlass3x_sm100_tensorop_gemm_grouped_e4m3_e4m3_f32_bf16_e4m3_128x128x128_4x4x1_0_nnt_align16_1sm,passed,success,grouped,,,,,fe4m3:column,fe4m3:column,bf16:row,fe4m3:row,1,0,invalid,invalid,heuristic,1,false,'[4096x1920x6144][4096x1920x6144][4096x1920x6144][4096x1920x6144][4096x1920x6144][4096x1920x6144][4096x1920x6144][4096x1920x6144][4096x1920x6144][4096x1920x6144][4096x1920x6144][4096x1920x6144][4096x1920x6144][4096x1920x6144][4096x1920x6144][4096x1920x6144]',,tensorop,f32,128,128,128,4,4,1,1,1,1,5,4,1,1,128,128,32,100,110,843055104,1546439884800,1834,0.72261,1086.56,2.14008e+06
1,CUTLASS,grouped_gemm,cutlass3x_sm100_tensorop_gemm_grouped_e4m3_e4m3_f32_bf16_e4m3_128x128x128_4x4x1_0_nnt_align16_stream_k_1sm,passed,success,grouped,,,,,fe4m3:column,fe4m3:column,bf16:row,fe4m3:row,1,0,invalid,invalid,heuristic,1,false,'[4096x1920x6144][4096x1920x6144][4096x1920x6144][4096x1920x6144][4096x1920x6144][4096x1920x6144][4096x1920x6144][4096x1920x6144][4096x1920x6144][4096x1920x6144][4096x1920x6144][4096x1920x6144][4096x1920x6144][4096x1920x6144][4096x1920x6144][4096x1920x6144]',,tensorop,f32,128,128,128,4,4,1,1,1,1,5,4,1,1,128,128,32,100,110,843055104,1546439884800,1834,0.721105,1088.82,2.14454e+06
1,CUTLASS,grouped_gemm,cutlass3x_sm100_tensorop_gemm_grouped_e4m3_e4m3_f32_bf16_e4m3_128x128x128_4x4x1_0_ntt_align16_1sm,passed,success,grouped,,,,,fe4m3:column,fe4m3:row,bf16:row,fe4m3:row,1,0,invalid,invalid,heuristic,1,false,'[4096x1920x6144][4096x1920x6144][4096x1920x6144][4096x1920x6144][4096x1920x6144][4096x1920x6144][4096x1920x6144][4096x1920x6144][4096x1920x6144][4096x1920x6144][4096x1920x6144][4096x1920x6144][4096x1920x6144][4096x1920x6144][4096x1920x6144][4096x1920x6144]',,tensorop,f32,128,128,128,4,4,1,1,1,1,5,4,1,1,128,128,32,100,110,843055104,1546439884800,1834,0.718965,1092.06,2.15093e+06
1,CUTLASS,grouped_gemm,cutlass3x_sm100_tensorop_gemm_grouped_e4m3_e4m3_f32_bf16_e4m3_128x128x128_4x4x1_0_ntt_align16_stream_k_1sm,passed,success,grouped,,,,,fe4m3:column,fe4m3:row,bf16:row,fe4m3:row,1,0,invalid,invalid,heuristic,1,false,'[4096x1920x6144][4096x1920x6144][4096x1920x6144][4096x1920x6144][4096x1920x6144][4096x1920x6144][4096x1920x6144][4096x1920x6144][4096x1920x6144][4096x1920x6144][4096x1920x6144][4096x1920x6144][4096x1920x6144][4096x1920x6144][4096x1920x6144][4096x1920x6144]',,tensorop,f32,128,128,128,4,4,1,1,1,1,5,4,1,1,128,128,32,100,110,843055104,1546439884800,1834,0.719077,1091.89,2.15059e+06
1,CUTLASS,grouped_gemm,cutlass3x_sm100_tensorop_gemm_grouped_e4m3_e4m3_f32_bf16_e4m3_128x128x128_4x4x1_0_tnt_align16_1sm,passed,success,grouped,,,,,fe4m3:row,fe4m3:column,bf16:row,fe4m3:row,1,0,invalid,invalid,heuristic,1,false,'[4096x1920x6144][4096x1920x6144][4096x1920x6144][4096x1920x6144][4096x1920x6144][4096x1920x6144][4096x1920x6144][4096x1920x6144][4096x1920x6144][4096x1920x6144][4096x1920x6144][4096x1920x6144][4096x1920x6144][4096x1920x6144][4096x1920x6144][4096x1920x6144]',,tensorop,f32,128,128,128,4,4,1,1,1,1,5,4,1,1,128,128,32,100,110,843055104,1546439884800,1834,0.733587,1070.3,2.10805e+06
1,CUTLASS,grouped_gemm,cutlass3x_sm100_tensorop_gemm_grouped_e4m3_e4m3_f32_bf16_e4m3_128x128x128_4x4x1_0_tnt_align16_stream_k_1sm,passed,success,grouped,,,,,fe4m3:row,fe4m3:column,bf16:row,fe4m3:row,1,0,invalid,invalid,heuristic,1,false,'[4096x1920x6144][4096x1920x6144][4096x1920x6144][4096x1920x6144][4096x1920x6144][4096x1920x6144][4096x1920x6144][4096x1920x6144][4096x1920x6144][4096x1920x6144][4096x1920x6144][4096x1920x6144][4096x1920x6144][4096x1920x6144][4096x1920x6144][4096x1920x6144]',,tensorop,f32,128,128,128,4,4,1,1,1,1,5,4,1,1,128,128,32,100,110,843055104,1546439884800,1834,0.733536,1070.37,2.1082e+06
1,CUTLASS,grouped_gemm,cutlass3x_sm100_tensorop_gemm_grouped_e4m3_e4m3_f32_bf16_e4m3_128x128x128_4x4x1_0_ttt_align16_1sm,passed,success,grouped,,,,,fe4m3:row,fe4m3:row,bf16:row,fe4m3:row,1,0,invalid,invalid,heuristic,1,false,'[4096x1920x6144][4096x1920x6144][4096x1920x6144][4096x1920x6144][4096x1920x6144][4096x1920x6144][4096x1920x6144][4096x1920x6144][4096x1920x6144][4096x1920x6144][4096x1920x6144][4096x1920x6144][4096x1920x6144][4096x1920x6144][4096x1920x6144][4096x1920x6144]',,tensorop,f32,128,128,128,4,4,1,1,1,1,5,4,1,1,128,128,32,100,110,843055104,1546439884800,1834,0.731563,1073.26,2.11388e+06
1,CUTLASS,grouped_gemm,cutlass3x_sm100_tensorop_gemm_grouped_e4m3_e4m3_f32_bf16_e4m3_128x128x128_4x4x1_0_ttt_align16_stream_k_1sm,passed,success,grouped,,,,,fe4m3:row,fe4m3:row,bf16:row,fe4m3:row,1,0,invalid,invalid,heuristic,1,false,'[4096x1920x6144][4096x1920x6144][4096x1920x6144][4096x1920x6144][4096x1920x6144][4096x1920x6144][4096x1920x6144][4096x1920x6144][4096x1920x6144][4096x1920x6144][4096x1920x6144][4096x1920x6144][4096x1920x6144][4096x1920x6144][4096x1920x6144][4096x1920x6144]',,tensorop,f32,128,128,128,4,4,1,1,1,1,5,4,1,1,128,128,32,100,110,843055104,1546439884800,1834,0.731304,1073.64,2.11463e+06
1,CUTLASS,grouped_gemm,cutlass3x_sm100_tensorop_gemm_grouped_e4m3_e4m3_f32_bf16_e4m3_128x256x128_0x0x1_0_nnn_align16_1sm,passed,success,grouped,,,,,fe4m3:column,fe4m3:column,bf16:column,fe4m3:column,1,0,invalid,invalid,heuristic,1,false,'[4096x1920x6144][4096x1920x6144][4096x1920x6144][4096x1920x6144][4096x1920x6144][4096x1920x6144][4096x1920x6144][4096x1920x6144][4096x1920x6144][4096x1920x6144][4096x1920x6144][4096x1920x6144][4096x1920x6144][4096x1920x6144][4096x1920x6144][4096x1920x6144]',,tensorop,f32,128,256,128,1,1,1,1,1,1,3,4,1,1,128,256,32,100,110,843055104,1546439884800,1834,0.612479,1281.93,2.52489e+06
1,CUTLASS,grouped_gemm,cutlass3x_sm100_tensorop_gemm_grouped_e4m3_e4m3_f32_bf16_e4m3_128x256x128_0x0x1_0_nnn_align16_stream_k_1sm,passed,success,grouped,,,,,fe4m3:column,fe4m3:column,bf16:column,fe4m3:column,1,0,invalid,invalid,heuristic,1,false,'[4096x1920x6144][4096x1920x6144][4096x1920x6144][4096x1920x6144][4096x1920x6144][4096x1920x6144][4096x1920x6144][4096x1920x6144][4096x1920x6144][4096x1920x6144][4096x1920x6144][4096x1920x6144][4096x1920x6144][4096x1920x6144][4096x1920x6144][4096x1920x6144]',,tensorop,f32,128,256,128,1,1,1,1,1,1,3,4,1,1,128,256,32,100,110,843055104,1546439884800,1834,0.617108,1272.32,2.50595e+06
1,CUTLASS,grouped_gemm,cutlass3x_sm100_tensorop_gemm_grouped_e4m3_e4m3_f32_bf16_e4m3_128x256x128_0x0x1_0_ntn_align16_1sm,passed,success,grouped,,,,,fe4m3:column,fe4m3:row,bf16:column,fe4m3:column,1,0,invalid,invalid,heuristic,1,false,'[4096x1920x6144][4096x1920x6144][4096x1920x6144][4096x1920x6144][4096x1920x6144][4096x1920x6144][4096x1920x6144][4096x1920x6144][4096x1920x6144][4096x1920x6144][4096x1920x6144][4096x1920x6144][4096x1920x6144][4096x1920x6144][4096x1920x6144][4096x1920x6144]',,tensorop,f32,128,256,128,1,1,1,1,1,1,3,4,1,1,128,256,32,100,110,843055104,1546439884800,1834,0.557032,1409.54,2.77621e+06
1,CUTLASS,grouped_gemm,cutlass3x_sm100_tensorop_gemm_grouped_e4m3_e4m3_f32_bf16_e4m3_128x256x128_0x0x1_0_ntn_align16_stream_k_1sm,passed,success,grouped,,,,,fe4m3:column,fe4m3:row,bf16:column,fe4m3:column,1,0,invalid,invalid,heuristic,1,false,'[4096x1920x6144][4096x1920x6144][4096x1920x6144][4096x1920x6144][4096x1920x6144][4096x1920x6144][4096x1920x6144][4096x1920x6144][4096x1920x6144][4096x1920x6144][4096x1920x6144][4096x1920x6144][4096x1920x6144][4096x1920x6144][4096x1920x6144][4096x1920x6144]',,tensorop,f32,128,256,128,1,1,1,1,1,1,3,4,1,1,128,256,32,100,110,843055104,1546439884800,1834,0.565734,1387.85,2.73351e+06
1,CUTLASS,grouped_gemm,cutlass3x_sm100_tensorop_gemm_grouped_e4m3_e4m3_f32_bf16_e4m3_128x256x128_0x0x1_0_tnn_align16_1sm,passed,success,grouped,,,,,fe4m3:row,fe4m3:column,bf16:column,fe4m3:column,1,0,invalid,invalid,heuristic,1,false,'[4096x1920x6144][4096x1920x6144][4096x1920x6144][4096x1920x6144][4096x1920x6144][4096x1920x6144][4096x1920x6144][4096x1920x6144][4096x1920x6144][4096x1920x6144][4096x1920x6144][4096x1920x6144][4096x1920x6144][4096x1920x6144][4096x1920x6144][4096x1920x6144]',,tensorop,f32,128,256,128,1,1,1,1,1,1,3,4,1,1,128,256,32,100,110,843055104,1546439884800,1834,0.614478,1277.76,2.51667e+06
1,CUTLASS,grouped_gemm,cutlass3x_sm100_tensorop_gemm_grouped_e4m3_e4m3_f32_bf16_e4m3_128x256x128_0x0x1_0_tnn_align16_stream_k_1sm,passed,success,grouped,,,,,fe4m3:row,fe4m3:column,bf16:column,fe4m3:column,1,0,invalid,invalid,heuristic,1,false,'[4096x1920x6144][4096x1920x6144][4096x1920x6144][4096x1920x6144][4096x1920x6144][4096x1920x6144][4096x1920x6144][4096x1920x6144][4096x1920x6144][4096x1920x6144][4096x1920x6144][4096x1920x6144][4096x1920x6144][4096x1920x6144][4096x1920x6144][4096x1920x6144]',,tensorop,f32,128,256,128,1,1,1,1,1,1,3,4,1,1,128,256,32,100,110,843055104,1546439884800,1834,0.618695,1269.05,2.49952e+06
1,CUTLASS,grouped_gemm,cutlass3x_sm100_tensorop_gemm_grouped_e4m3_e4m3_f32_bf16_e4m3_128x256x128_0x0x1_0_ttn_align16_1sm,passed,success,grouped,,,,,fe4m3:row,fe4m3:row,bf16:column,fe4m3:column,1,0,invalid,invalid,heuristic,1,false,'[4096x1920x6144][4096x1920x6144][4096x1920x6144][4096x1920x6144][4096x1920x6144][4096x1920x6144][4096x1920x6144][4096x1920x6144][4096x1920x6144][4096x1920x6144][4096x1920x6144][4096x1920x6144][4096x1920x6144][4096x1920x6144][4096x1920x6144][4096x1920x6144]',,tensorop,f32,128,256,128,1,1,1,1,1,1,3,4,1,1,128,256,32,100,110,843055104,1546439884800,1834,0.559426,1403.5,2.76433e+06
1,CUTLASS,grouped_gemm,cutlass3x_sm100_tensorop_gemm_grouped_e4m3_e4m3_f32_bf16_e4m3_128x256x128_0x0x1_0_ttn_align16_stream_k_1sm,passed,success,grouped,,,,,fe4m3:row,fe4m3:row,bf16:column,fe4m3:column,1,0,invalid,invalid,heuristic,1,false,'[4096x1920x6144][4096x1920x6144][4096x1920x6144][4096x1920x6144][4096x1920x6144][4096x1920x6144][4096x1920x6144][4096x1920x6144][4096x1920x6144][4096x1920x6144][4096x1920x6144][4096x1920x6144][4096x1920x6144][4096x1920x6144][4096x1920x6144][4096x1920x6144]',,tensorop,f32,128,256,128,1,1,1,1,1,1,3,4,1,1,128,256,32,100,110,843055104,1546439884800,1834,0.563768,1392.69,2.74304e+06
1,CUTLASS,grouped_gemm,cutlass3x_sm100_tensorop_gemm_grouped_e4m3_e4m3_f32_bf16_e4m3_128x256x128_0x0x1_0_nnt_align16_1sm,passed,success,grouped,,,,,fe4m3:column,fe4m3:column,bf16:row,fe4m3:row,1,0,invalid,invalid,heuristic,1,false,'[4096x1920x6144][4096x1920x6144][4096x1920x6144][4096x1920x6144][4096x1920x6144][4096x1920x6144][4096x1920x6144][4096x1920x6144][4096x1920x6144][4096x1920x6144][4096x1920x6144][4096x1920x6144][4096x1920x6144][4096x1920x6144][4096x1920x6144][4096x1920x6144]',,tensorop,f32,128,256,128,1,1,1,1,1,1,3,4,1,1,128,256,32,100,110,843055104,1546439884800,1834,0.609714,1287.75,2.53634e+06
1,CUTLASS,grouped_gemm,cutlass3x_sm100_tensorop_gemm_grouped_e4m3_e4m3_f32_bf16_e4m3_128x256x128_0x0x1_0_nnt_align16_stream_k_1sm,passed,success,grouped,,,,,fe4m3:column,fe4m3:column,bf16:row,fe4m3:row,1,0,invalid,invalid,heuristic,1,false,'[4096x1920x6144][4096x1920x6144][4096x1920x6144][4096x1920x6144][4096x1920x6144][4096x1920x6144][4096x1920x6144][4096x1920x6144][4096x1920x6144][4096x1920x6144][4096x1920x6144][4096x1920x6144][4096x1920x6144][4096x1920x6144][4096x1920x6144][4096x1920x6144]',,tensorop,f32,128,256,128,1,1,1,1,1,1,3,4,1,1,128,256,32,100,110,843055104,1546439884800,1834,0.604461,1298.94,2.55838e+06
1,CUTLASS,grouped_gemm,cutlass3x_sm100_tensorop_gemm_grouped_e4m3_e4m3_f32_bf16_e4m3_128x256x128_0x0x1_0_ntt_align16_1sm,passed,success,grouped,,,,,fe4m3:column,fe4m3:row,bf16:row,fe4m3:row,1,0,invalid,invalid,heuristic,1,false,'[4096x1920x6144][4096x1920x6144][4096x1920x6144][4096x1920x6144][4096x1920x6144][4096x1920x6144][4096x1920x6144][4096x1920x6144][4096x1920x6144][4096x1920x6144][4096x1920x6144][4096x1920x6144][4096x1920x6144][4096x1920x6144][4096x1920x6144][4096x1920x6144]',,tensorop,f32,128,256,128,1,1,1,1,1,1,3,4,1,1,128,256,32,100,110,843055104,1546439884800,1834,0.558637,1405.48,2.76824e+06
1,CUTLASS,grouped_gemm,cutlass3x_sm100_tensorop_gemm_grouped_e4m3_e4m3_f32_bf16_e4m3_128x256x128_0x0x1_0_ntt_align16_stream_k_1sm,passed,success,grouped,,,,,fe4m3:column,fe4m3:row,bf16:row,fe4m3:row,1,0,invalid,invalid,heuristic,1,false,'[4096x1920x6144][4096x1920x6144][4096x1920x6144][4096x1920x6144][4096x1920x6144][4096x1920x6144][4096x1920x6144][4096x1920x6144][4096x1920x6144][4096x1920x6144][4096x1920x6144][4096x1920x6144][4096x1920x6144][4096x1920x6144][4096x1920x6144][4096x1920x6144]',,tensorop,f32,128,256,128,1,1,1,1,1,1,3,4,1,1,128,256,32,100,110,843055104,1546439884800,1834,0.557306,1408.84,2.77485e+06
1,CUTLASS,grouped_gemm,cutlass3x_sm100_tensorop_gemm_grouped_e4m3_e4m3_f32_bf16_e4m3_128x256x128_0x0x1_0_tnt_align16_1sm,passed,success,grouped,,,,,fe4m3:row,fe4m3:column,bf16:row,fe4m3:row,1,0,invalid,invalid,heuristic,1,false,'[4096x1920x6144][4096x1920x6144][4096x1920x6144][4096x1920x6144][4096x1920x6144][4096x1920x6144][4096x1920x6144][4096x1920x6144][4096x1920x6144][4096x1920x6144][4096x1920x6144][4096x1920x6144][4096x1920x6144][4096x1920x6144][4096x1920x6144][4096x1920x6144]',,tensorop,f32,128,256,128,1,1,1,1,1,1,3,4,1,1,128,256,32,100,110,843055104,1546439884800,1834,0.60913,1288.98,2.53877e+06
1,CUTLASS,grouped_gemm,cutlass3x_sm100_tensorop_gemm_grouped_e4m3_e4m3_f32_bf16_e4m3_128x256x128_0x0x1_0_tnt_align16_stream_k_1sm,passed,success,grouped,,,,,fe4m3:row,fe4m3:column,bf16:row,fe4m3:row,1,0,invalid,invalid,heuristic,1,false,'[4096x1920x6144][4096x1920x6144][4096x1920x6144][4096x1920x6144][4096x1920x6144][4096x1920x6144][4096x1920x6144][4096x1920x6144][4096x1920x6144][4096x1920x6144][4096x1920x6144][4096x1920x6144][4096x1920x6144][4096x1920x6144][4096x1920x6144][4096x1920x6144]',,tensorop,f32,128,256,128,1,1,1,1,1,1,3,4,1,1,128,256,32,100,110,843055104,1546439884800,1834,0.606325,1294.94,2.55051e+06
1,CUTLASS,grouped_gemm,cutlass3x_sm100_tensorop_gemm_grouped_e4m3_e4m3_f32_bf16_e4m3_128x256x128_0x0x1_0_ttt_align16_1sm,passed,success,grouped,,,,,fe4m3:row,fe4m3:row,bf16:row,fe4m3:row,1,0,invalid,invalid,heuristic,1,false,'[4096x1920x6144][4096x1920x6144][4096x1920x6144][4096x1920x6144][4096x1920x6144][4096x1920x6144][4096x1920x6144][4096x1920x6144][4096x1920x6144][4096x1920x6144][4096x1920x6144][4096x1920x6144][4096x1920x6144][4096x1920x6144][4096x1920x6144][4096x1920x6144]',,tensorop,f32,128,256,128,1,1,1,1,1,1,3,4,1,1,128,256,32,100,110,843055104,1546439884800,1834,0.568007,1382.3,2.72257e+06
1,CUTLASS,grouped_gemm,cutlass3x_sm100_tensorop_gemm_grouped_e4m3_e4m3_f32_bf16_e4m3_128x256x128_0x0x1_0_ttt_align16_stream_k_1sm,passed,success,grouped,,,,,fe4m3:row,fe4m3:row,bf16:row,fe4m3:row,1,0,invalid,invalid,heuristic,1,false,'[4096x1920x6144][4096x1920x6144][4096x1920x6144][4096x1920x6144][4096x1920x6144][4096x1920x6144][4096x1920x6144][4096x1920x6144][4096x1920x6144][4096x1920x6144][4096x1920x6144][4096x1920x6144][4096x1920x6144][4096x1920x6144][4096x1920x6144][4096x1920x6144]',,tensorop,f32,128,256,128,1,1,1,1,1,1,3,4,1,1,128,256,32,100,110,843055104,1546439884800,1834,0.562313,1396.3,2.75014e+06
1,CUTLASS,grouped_gemm,cutlass3x_sm100_tensorop_gemm_grouped_e4m3_e4m3_f32_bf16_e4m3_128x256x128_1x1x1_0_nnn_align16_1sm,passed,success,grouped,,,,,fe4m3:column,fe4m3:column,bf16:column,fe4m3:column,1,0,invalid,invalid,heuristic,1,false,'[4096x1920x6144][4096x1920x6144][4096x1920x6144][4096x1920x6144][4096x1920x6144][4096x1920x6144][4096x1920x6144][4096x1920x6144][4096x1920x6144][4096x1920x6144][4096x1920x6144][4096x1920x6144][4096x1920x6144][4096x1920x6144][4096x1920x6144][4096x1920x6144]',,tensorop,f32,128,256,128,1,1,1,1,1,1,3,4,1,1,128,256,32,100,110,843055104,1546439884800,1834,0.546594,1436.45,2.82923e+06
1,CUTLASS,grouped_gemm,cutlass3x_sm100_tensorop_gemm_grouped_e4m3_e4m3_f32_bf16_e4m3_128x256x128_1x1x1_0_nnn_align16_stream_k_1sm,passed,success,grouped,,,,,fe4m3:column,fe4m3:column,bf16:column,fe4m3:column,1,0,invalid,invalid,heuristic,1,false,'[4096x1920x6144][4096x1920x6144][4096x1920x6144][4096x1920x6144][4096x1920x6144][4096x1920x6144][4096x1920x6144][4096x1920x6144][4096x1920x6144][4096x1920x6144][4096x1920x6144][4096x1920x6144][4096x1920x6144][4096x1920x6144][4096x1920x6144][4096x1920x6144]',,tensorop,f32,128,256,128,1,1,1,1,1,1,3,4,1,1,128,256,32,100,110,843055104,1546439884800,1834,0.557828,1407.52,2.77225e+06
1,CUTLASS,grouped_gemm,cutlass3x_sm100_tensorop_gemm_grouped_e4m3_e4m3_f32_bf16_e4m3_128x256x128_1x1x1_0_ntn_align16_1sm,passed,success,grouped,,,,,fe4m3:column,fe4m3:row,bf16:column,fe4m3:column,1,0,invalid,invalid,heuristic,1,false,'[4096x1920x6144][4096x1920x6144][4096x1920x6144][4096x1920x6144][4096x1920x6144][4096x1920x6144][4096x1920x6144][4096x1920x6144][4096x1920x6144][4096x1920x6144][4096x1920x6144][4096x1920x6144][4096x1920x6144][4096x1920x6144][4096x1920x6144][4096x1920x6144]',,tensorop,f32,128,256,128,1,1,1,1,1,1,3,4,1,1,128,256,32,100,110,843055104,1546439884800,1834,0.557603,1408.09,2.77337e+06
1,CUTLASS,grouped_gemm,cutlass3x_sm100_tensorop_gemm_grouped_e4m3_e4m3_f32_bf16_e4m3_128x256x128_1x1x1_0_ntn_align16_stream_k_1sm,passed,success,grouped,,,,,fe4m3:column,fe4m3:row,bf16:column,fe4m3:column,1,0,invalid,invalid,heuristic,1,false,'[4096x1920x6144][4096x1920x6144][4096x1920x6144][4096x1920x6144][4096x1920x6144][4096x1920x6144][4096x1920x6144][4096x1920x6144][4096x1920x6144][4096x1920x6144][4096x1920x6144][4096x1920x6144][4096x1920x6144][4096x1920x6144][4096x1920x6144][4096x1920x6144]',,tensorop,f32,128,256,128,1,1,1,1,1,1,3,4,1,1,128,256,32,100,110,843055104,1546439884800,1834,0.54806,1432.61,2.82166e+06
1,CUTLASS,grouped_gemm,cutlass3x_sm100_tensorop_gemm_grouped_e4m3_e4m3_f32_bf16_e4m3_128x256x128_1x1x1_0_tnn_align16_1sm,passed,success,grouped,,,,,fe4m3:row,fe4m3:column,bf16:column,fe4m3:column,1,0,invalid,invalid,heuristic,1,false,'[4096x1920x6144][4096x1920x6144][4096x1920x6144][4096x1920x6144][4096x1920x6144][4096x1920x6144][4096x1920x6144][4096x1920x6144][4096x1920x6144][4096x1920x6144][4096x1920x6144][4096x1920x6144][4096x1920x6144][4096x1920x6144][4096x1920x6144][4096x1920x6144]',,tensorop,f32,128,256,128,1,1,1,1,1,1,3,4,1,1,128,256,32,100,110,843055104,1546439884800,1834,0.547424,1434.27,2.82494e+06
1,CUTLASS,grouped_gemm,cutlass3x_sm100_tensorop_gemm_grouped_e4m3_e4m3_f32_bf16_e4m3_128x256x128_1x1x1_0_tnn_align16_stream_k_1sm,passed,success,grouped,,,,,fe4m3:row,fe4m3:column,bf16:column,fe4m3:column,1,0,invalid,invalid,heuristic,1,false,'[4096x1920x6144][4096x1920x6144][4096x1920x6144][4096x1920x6144][4096x1920x6144][4096x1920x6144][4096x1920x6144][4096x1920x6144][4096x1920x6144][4096x1920x6144][4096x1920x6144][4096x1920x6144][4096x1920x6144][4096x1920x6144][4096x1920x6144][4096x1920x6144]',,tensorop,f32,128,256,128,1,1,1,1,1,1,3,4,1,1,128,256,32,100,110,843055104,1546439884800,1834,0.556148,1411.78,2.78063e+06
1,CUTLASS,grouped_gemm,cutlass3x_sm100_tensorop_gemm_grouped_e4m3_e4m3_f32_bf16_e4m3_128x256x128_1x1x1_0_ttn_align16_1sm,passed,success,grouped,,,,,fe4m3:row,fe4m3:row,bf16:column,fe4m3:column,1,0,invalid,invalid,heuristic,1,false,'[4096x1920x6144][4096x1920x6144][4096x1920x6144][4096x1920x6144][4096x1920x6144][4096x1920x6144][4096x1920x6144][4096x1920x6144][4096x1920x6144][4096x1920x6144][4096x1920x6144][4096x1920x6144][4096x1920x6144][4096x1920x6144][4096x1920x6144][4096x1920x6144]',,tensorop,f32,128,256,128,1,1,1,1,1,1,3,4,1,1,128,256,32,100,110,843055104,1546439884800,1834,0.553231,1419.22,2.79529e+06
1,CUTLASS,grouped_gemm,cutlass3x_sm100_tensorop_gemm_grouped_e4m3_e4m3_f32_bf16_e4m3_128x256x128_1x1x1_0_ttn_align16_stream_k_1sm,passed,success,grouped,,,,,fe4m3:row,fe4m3:row,bf16:column,fe4m3:column,1,0,invalid,invalid,heuristic,1,false,'[4096x1920x6144][4096x1920x6144][4096x1920x6144][4096x1920x6144][4096x1920x6144][4096x1920x6144][4096x1920x6144][4096x1920x6144][4096x1920x6144][4096x1920x6144][4096x1920x6144][4096x1920x6144][4096x1920x6144][4096x1920x6144][4096x1920x6144][4096x1920x6144]',,tensorop,f32,128,256,128,1,1,1,1,1,1,3,4,1,1,128,256,32,100,110,843055104,1546439884800,1834,0.552258,1421.72,2.80021e+06
1,CUTLASS,grouped_gemm,cutlass3x_sm100_tensorop_gemm_grouped_e4m3_e4m3_f32_bf16_e4m3_128x256x128_1x1x1_0_nnt_align16_1sm,passed,success,grouped,,,,,fe4m3:column,fe4m3:column,bf16:row,fe4m3:row,1,0,invalid,invalid,heuristic,1,false,'[4096x1920x6144][4096x1920x6144][4096x1920x6144][4096x1920x6144][4096x1920x6144][4096x1920x6144][4096x1920x6144][4096x1920x6144][4096x1920x6144][4096x1920x6144][4096x1920x6144][4096x1920x6144][4096x1920x6144][4096x1920x6144][4096x1920x6144][4096x1920x6144]',,tensorop,f32,128,256,128,1,1,1,1,1,1,3,4,1,1,128,256,32,100,110,843055104,1546439884800,1834,0.550301,1426.77,2.81017e+06
1,CUTLASS,grouped_gemm,cutlass3x_sm100_tensorop_gemm_grouped_e4m3_e4m3_f32_bf16_e4m3_128x256x128_1x1x1_0_nnt_align16_stream_k_1sm,passed,success,grouped,,,,,fe4m3:column,fe4m3:column,bf16:row,fe4m3:row,1,0,invalid,invalid,heuristic,1,false,'[4096x1920x6144][4096x1920x6144][4096x1920x6144][4096x1920x6144][4096x1920x6144][4096x1920x6144][4096x1920x6144][4096x1920x6144][4096x1920x6144][4096x1920x6144][4096x1920x6144][4096x1920x6144][4096x1920x6144][4096x1920x6144][4096x1920x6144][4096x1920x6144]',,tensorop,f32,128,256,128,1,1,1,1,1,1,3,4,1,1,128,256,32,100,110,843055104,1546439884800,1834,0.547537,1433.98,2.82436e+06
1,CUTLASS,grouped_gemm,cutlass3x_sm100_tensorop_gemm_grouped_e4m3_e4m3_f32_bf16_e4m3_128x256x128_1x1x1_0_ntt_align16_1sm,passed,success,grouped,,,,,fe4m3:column,fe4m3:row,bf16:row,fe4m3:row,1,0,invalid,invalid,heuristic,1,false,'[4096x1920x6144][4096x1920x6144][4096x1920x6144][4096x1920x6144][4096x1920x6144][4096x1920x6144][4096x1920x6144][4096x1920x6144][4096x1920x6144][4096x1920x6144][4096x1920x6144][4096x1920x6144][4096x1920x6144][4096x1920x6144][4096x1920x6144][4096x1920x6144]',,tensorop,f32,128,256,128,1,1,1,1,1,1,3,4,1,1,128,256,32,100,110,843055104,1546439884800,1834,0.547241,1434.76,2.82589e+06
1,CUTLASS,grouped_gemm,cutlass3x_sm100_tensorop_gemm_grouped_e4m3_e4m3_f32_bf16_e4m3_128x256x128_1x1x1_0_ntt_align16_stream_k_1sm,passed,success,grouped,,,,,fe4m3:column,fe4m3:row,bf16:row,fe4m3:row,1,0,invalid,invalid,heuristic,1,false,'[4096x1920x6144][4096x1920x6144][4096x1920x6144][4096x1920x6144][4096x1920x6144][4096x1920x6144][4096x1920x6144][4096x1920x6144][4096x1920x6144][4096x1920x6144][4096x1920x6144][4096x1920x6144][4096x1920x6144][4096x1920x6144][4096x1920x6144][4096x1920x6144]',,tensorop,f32,128,256,128,1,1,1,1,1,1,3,4,1,1,128,256,32,100,110,843055104,1546439884800,1834,0.546319,1437.18,2.83066e+06
1,CUTLASS,grouped_gemm,cutlass3x_sm100_tensorop_gemm_grouped_e4m3_e4m3_f32_bf16_e4m3_128x256x128_1x1x1_0_tnt_align16_1sm,passed,success,grouped,,,,,fe4m3:row,fe4m3:column,bf16:row,fe4m3:row,1,0,invalid,invalid,heuristic,1,false,'[4096x1920x6144][4096x1920x6144][4096x1920x6144][4096x1920x6144][4096x1920x6144][4096x1920x6144][4096x1920x6144][4096x1920x6144][4096x1920x6144][4096x1920x6144][4096x1920x6144][4096x1920x6144][4096x1920x6144][4096x1920x6144][4096x1920x6144][4096x1920x6144]',,tensorop,f32,128,256,128,1,1,1,1,1,1,3,4,1,1,128,256,32,100,110,843055104,1546439884800,1834,0.551807,1422.88,2.8025e+06
1,CUTLASS,grouped_gemm,cutlass3x_sm100_tensorop_gemm_grouped_e4m3_e4m3_f32_bf16_e4m3_128x256x128_1x1x1_0_tnt_align16_stream_k_1sm,passed,success,grouped,,,,,fe4m3:row,fe4m3:column,bf16:row,fe4m3:row,1,0,invalid,invalid,heuristic,1,false,'[4096x1920x6144][4096x1920x6144][4096x1920x6144][4096x1920x6144][4096x1920x6144][4096x1920x6144][4096x1920x6144][4096x1920x6144][4096x1920x6144][4096x1920x6144][4096x1920x6144][4096x1920x6144][4096x1920x6144][4096x1920x6144][4096x1920x6144][4096x1920x6144]',,tensorop,f32,128,256,128,1,1,1,1,1,1,3,4,1,1,128,256,32,100,110,843055104,1546439884800,1834,0.553323,1418.98,2.79483e+06
1,CUTLASS,grouped_gemm,cutlass3x_sm100_tensorop_gemm_grouped_e4m3_e4m3_f32_bf16_e4m3_128x256x128_1x1x1_0_ttt_align16_1sm,passed,success,grouped,,,,,fe4m3:row,fe4m3:row,bf16:row,fe4m3:row,1,0,invalid,invalid,heuristic,1,false,'[4096x1920x6144][4096x1920x6144][4096x1920x6144][4096x1920x6144][4096x1920x6144][4096x1920x6144][4096x1920x6144][4096x1920x6144][4096x1920x6144][4096x1920x6144][4096x1920x6144][4096x1920x6144][4096x1920x6144][4096x1920x6144][4096x1920x6144][4096x1920x6144]',,tensorop,f32,128,256,128,1,1,1,1,1,1,3,4,1,1,128,256,32,100,110,843055104,1546439884800,1834,0.551275,1424.26,2.80521e+06
1,CUTLASS,grouped_gemm,cutlass3x_sm100_tensorop_gemm_grouped_e4m3_e4m3_f32_bf16_e4m3_128x256x128_1x1x1_0_ttt_align16_stream_k_1sm,passed,success,grouped,,,,,fe4m3:row,fe4m3:row,bf16:row,fe4m3:row,1,0,invalid,invalid,heuristic,1,false,'[4096x1920x6144][4096x1920x6144][4096x1920x6144][4096x1920x6144][4096x1920x6144][4096x1920x6144][4096x1920x6144][4096x1920x6144][4096x1920x6144][4096x1920x6144][4096x1920x6144][4096x1920x6144][4096x1920x6144][4096x1920x6144][4096x1920x6144][4096x1920x6144]',,tensorop,f32,128,256,128,1,1,1,1,1,1,3,4,1,1,128,256,32,100,110,843055104,1546439884800,1834,0.54469,1441.47,2.83912e+06
1,CUTLASS,grouped_gemm,cutlass3x_sm100_tensorop_gemm_grouped_e4m3_e4m3_f32_bf16_e4m3_128x256x128_1x2x1_0_nnn_align16_1sm,passed,success,grouped,,,,,fe4m3:column,fe4m3:column,bf16:column,fe4m3:column,1,0,invalid,invalid,heuristic,1,false,'[4096x1920x6144][4096x1920x6144][4096x1920x6144][4096x1920x6144][4096x1920x6144][4096x1920x6144][4096x1920x6144][4096x1920x6144][4096x1920x6144][4096x1920x6144][4096x1920x6144][4096x1920x6144][4096x1920x6144][4096x1920x6144][4096x1920x6144][4096x1920x6144]',,tensorop,f32,128,256,128,1,2,1,1,1,1,3,4,1,1,128,256,32,100,110,843055104,1546439884800,1834,0.54296,1446.07,2.84817e+06
1,CUTLASS,grouped_gemm,cutlass3x_sm100_tensorop_gemm_grouped_e4m3_e4m3_f32_bf16_e4m3_128x256x128_1x2x1_0_nnn_align16_stream_k_1sm,passed,success,grouped,,,,,fe4m3:column,fe4m3:column,bf16:column,fe4m3:column,1,0,invalid,invalid,heuristic,1,false,'[4096x1920x6144][4096x1920x6144][4096x1920x6144][4096x1920x6144][4096x1920x6144][4096x1920x6144][4096x1920x6144][4096x1920x6144][4096x1920x6144][4096x1920x6144][4096x1920x6144][4096x1920x6144][4096x1920x6144][4096x1920x6144][4096x1920x6144][4096x1920x6144]',,tensorop,f32,128,256,128,1,2,1,1,1,1,3,4,1,1,128,256,32,100,110,843055104,1546439884800,1834,0.552124,1422.06,2.80089e+06
1,CUTLASS,grouped_gemm,cutlass3x_sm100_tensorop_gemm_grouped_e4m3_e4m3_f32_bf16_e4m3_128x256x128_1x2x1_0_ntn_align16_1sm,passed,success,grouped,,,,,fe4m3:column,fe4m3:row,bf16:column,fe4m3:column,1,0,invalid,invalid,heuristic,1,false,'[4096x1920x6144][4096x1920x6144][4096x1920x6144][4096x1920x6144][4096x1920x6144][4096x1920x6144][4096x1920x6144][4096x1920x6144][4096x1920x6144][4096x1920x6144][4096x1920x6144][4096x1920x6144][4096x1920x6144][4096x1920x6144][4096x1920x6144][4096x1920x6144]',,tensorop,f32,128,256,128,1,2,1,1,1,1,3,4,1,1,128,256,32,100,110,843055104,1546439884800,1834,0.550026,1427.49,2.81158e+06
1,CUTLASS,grouped_gemm,cutlass3x_sm100_tensorop_gemm_grouped_e4m3_e4m3_f32_bf16_e4m3_128x256x128_1x2x1_0_ntn_align16_stream_k_1sm,passed,success,grouped,,,,,fe4m3:column,fe4m3:row,bf16:column,fe4m3:column,1,0,invalid,invalid,heuristic,1,false,'[4096x1920x6144][4096x1920x6144][4096x1920x6144][4096x1920x6144][4096x1920x6144][4096x1920x6144][4096x1920x6144][4096x1920x6144][4096x1920x6144][4096x1920x6144][4096x1920x6144][4096x1920x6144][4096x1920x6144][4096x1920x6144][4096x1920x6144][4096x1920x6144]',,tensorop,f32,128,256,128,1,2,1,1,1,1,3,4,1,1,128,256,32,100,110,843055104,1546439884800,1834,0.547048,1435.26,2.82688e+06
1,CUTLASS,grouped_gemm,cutlass3x_sm100_tensorop_gemm_grouped_e4m3_e4m3_f32_bf16_e4m3_128x256x128_1x2x1_0_tnn_align16_1sm,passed,success,grouped,,,,,fe4m3:row,fe4m3:column,bf16:column,fe4m3:column,1,0,invalid,invalid,heuristic,1,false,'[4096x1920x6144][4096x1920x6144][4096x1920x6144][4096x1920x6144][4096x1920x6144][4096x1920x6144][4096x1920x6144][4096x1920x6144][4096x1920x6144][4096x1920x6144][4096x1920x6144][4096x1920x6144][4096x1920x6144][4096x1920x6144][4096x1920x6144][4096x1920x6144]',,tensorop,f32,128,256,128,1,2,1,1,1,1,3,4,1,1,128,256,32,100,110,843055104,1546439884800,1834,0.55322,1419.25,2.79534e+06
1,CUTLASS,grouped_gemm,cutlass3x_sm100_tensorop_gemm_grouped_e4m3_e4m3_f32_bf16_e4m3_128x256x128_1x2x1_0_tnn_align16_stream_k_1sm,passed,success,grouped,,,,,fe4m3:row,fe4m3:column,bf16:column,fe4m3:column,1,0,invalid,invalid,heuristic,1,false,'[4096x1920x6144][4096x1920x6144][4096x1920x6144][4096x1920x6144][4096x1920x6144][4096x1920x6144][4096x1920x6144][4096x1920x6144][4096x1920x6144][4096x1920x6144][4096x1920x6144][4096x1920x6144][4096x1920x6144][4096x1920x6144][4096x1920x6144][4096x1920x6144]',,tensorop,f32,128,256,128,1,2,1,1,1,1,3,4,1,1,128,256,32,100,110,843055104,1546439884800,1834,0.545366,1439.69,2.8356e+06
1,CUTLASS,grouped_gemm,cutlass3x_sm100_tensorop_gemm_grouped_e4m3_e4m3_f32_bf16_e4m3_128x256x128_1x2x1_0_ttn_align16_1sm,passed,success,grouped,,,,,fe4m3:row,fe4m3:row,bf16:column,fe4m3:column,1,0,invalid,invalid,heuristic,1,false,'[4096x1920x6144][4096x1920x6144][4096x1920x6144][4096x1920x6144][4096x1920x6144][4096x1920x6144][4096x1920x6144][4096x1920x6144][4096x1920x6144][4096x1920x6144][4096x1920x6144][4096x1920x6144][4096x1920x6144][4096x1920x6144][4096x1920x6144][4096x1920x6144]',,tensorop,f32,128,256,128,1,2,1,1,1,1,3,4,1,1,128,256,32,100,110,843055104,1546439884800,1834,0.543052,1445.82,2.84768e+06
1,CUTLASS,grouped_gemm,cutlass3x_sm100_tensorop_gemm_grouped_e4m3_e4m3_f32_bf16_e4m3_128x256x128_1x2x1_0_ttn_align16_stream_k_1sm,passed,success,grouped,,,,,fe4m3:row,fe4m3:row,bf16:column,fe4m3:column,1,0,invalid,invalid,heuristic,1,false,'[4096x1920x6144][4096x1920x6144][4096x1920x6144][4096x1920x6144][4096x1920x6144][4096x1920x6144][4096x1920x6144][4096x1920x6144][4096x1920x6144][4096x1920x6144][4096x1920x6144][4096x1920x6144][4096x1920x6144][4096x1920x6144][4096x1920x6144][4096x1920x6144]',,tensorop,f32,128,256,128,1,2,1,1,1,1,3,4,1,1,128,256,32,100,110,843055104,1546439884800,1834,0.552749,1420.46,2.79772e+06
1,CUTLASS,grouped_gemm,cutlass3x_sm100_tensorop_gemm_grouped_e4m3_e4m3_f32_bf16_e4m3_128x256x128_1x2x1_0_nnt_align16_1sm,passed,success,grouped,,,,,fe4m3:column,fe4m3:column,bf16:row,fe4m3:row,1,0,invalid,invalid,heuristic,1,false,'[4096x1920x6144][4096x1920x6144][4096x1920x6144][4096x1920x6144][4096x1920x6144][4096x1920x6144][4096x1920x6144][4096x1920x6144][4096x1920x6144][4096x1920x6144][4096x1920x6144][4096x1920x6144][4096x1920x6144][4096x1920x6144][4096x1920x6144][4096x1920x6144]',,tensorop,f32,128,256,128,1,2,1,1,1,1,3,4,1,1,128,256,32,100,110,843055104,1546439884800,1834,0.53957,1455.15,2.86606e+06
1,CUTLASS,grouped_gemm,cutlass3x_sm100_tensorop_gemm_grouped_e4m3_e4m3_f32_bf16_e4m3_128x256x128_1x2x1_0_nnt_align16_stream_k_1sm,passed,success,grouped,,,,,fe4m3:column,fe4m3:column,bf16:row,fe4m3:row,1,0,invalid,invalid,heuristic,1,false,'[4096x1920x6144][4096x1920x6144][4096x1920x6144][4096x1920x6144][4096x1920x6144][4096x1920x6144][4096x1920x6144][4096x1920x6144][4096x1920x6144][4096x1920x6144][4096x1920x6144][4096x1920x6144][4096x1920x6144][4096x1920x6144][4096x1920x6144][4096x1920x6144]',,tensorop,f32,128,256,128,1,2,1,1,1,1,3,4,1,1,128,256,32,100,110,843055104,1546439884800,1834,0.548622,1431.14,2.81877e+06
1,CUTLASS,grouped_gemm,cutlass3x_sm100_tensorop_gemm_grouped_e4m3_e4m3_f32_bf16_e4m3_128x256x128_1x2x1_0_ntt_align16_1sm,passed,success,grouped,,,,,fe4m3:column,fe4m3:row,bf16:row,fe4m3:row,1,0,invalid,invalid,heuristic,1,false,'[4096x1920x6144][4096x1920x6144][4096x1920x6144][4096x1920x6144][4096x1920x6144][4096x1920x6144][4096x1920x6144][4096x1920x6144][4096x1920x6144][4096x1920x6144][4096x1920x6144][4096x1920x6144][4096x1920x6144][4096x1920x6144][4096x1920x6144][4096x1920x6144]',,tensorop,f32,128,256,128,1,2,1,1,1,1,3,4,1,1,128,256,32,100,110,843055104,1546439884800,1834,0.534962,1467.69,2.89075e+06
1,CUTLASS,grouped_gemm,cutlass3x_sm100_tensorop_gemm_grouped_e4m3_e4m3_f32_bf16_e4m3_128x256x128_1x2x1_0_ntt_align16_stream_k_1sm,passed,success,grouped,,,,,fe4m3:column,fe4m3:row,bf16:row,fe4m3:row,1,0,invalid,invalid,heuristic,1,false,'[4096x1920x6144][4096x1920x6144][4096x1920x6144][4096x1920x6144][4096x1920x6144][4096x1920x6144][4096x1920x6144][4096x1920x6144][4096x1920x6144][4096x1920x6144][4096x1920x6144][4096x1920x6144][4096x1920x6144][4096x1920x6144][4096x1920x6144][4096x1920x6144]',,tensorop,f32,128,256,128,1,2,1,1,1,1,3,4,1,1,128,256,32,100,110,843055104,1546439884800,1834,0.535996,1464.85,2.88517e+06
1,CUTLASS,grouped_gemm,cutlass3x_sm100_tensorop_gemm_grouped_e4m3_e4m3_f32_bf16_e4m3_128x256x128_1x2x1_0_tnt_align16_1sm,passed,success,grouped,,,,,fe4m3:row,fe4m3:column,bf16:row,fe4m3:row,1,0,invalid,invalid,heuristic,1,false,'[4096x1920x6144][4096x1920x6144][4096x1920x6144][4096x1920x6144][4096x1920x6144][4096x1920x6144][4096x1920x6144][4096x1920x6144][4096x1920x6144][4096x1920x6144][4096x1920x6144][4096x1920x6144][4096x1920x6144][4096x1920x6144][4096x1920x6144][4096x1920x6144]',,tensorop,f32,128,256,128,1,2,1,1,1,1,3,4,1,1,128,256,32,100,110,843055104,1546439884800,1834,0.545048,1440.53,2.83725e+06
1,CUTLASS,grouped_gemm,cutlass3x_sm100_tensorop_gemm_grouped_e4m3_e4m3_f32_bf16_e4m3_128x256x128_1x2x1_0_tnt_align16_stream_k_1sm,passed,success,grouped,,,,,fe4m3:row,fe4m3:column,bf16:row,fe4m3:row,1,0,invalid,invalid,heuristic,1,false,'[4096x1920x6144][4096x1920x6144][4096x1920x6144][4096x1920x6144][4096x1920x6144][4096x1920x6144][4096x1920x6144][4096x1920x6144][4096x1920x6144][4096x1920x6144][4096x1920x6144][4096x1920x6144][4096x1920x6144][4096x1920x6144][4096x1920x6144][4096x1920x6144]',,tensorop,f32,128,256,128,1,2,1,1,1,1,3,4,1,1,128,256,32,100,110,843055104,1546439884800,1834,0.534286,1469.54,2.8944e+06
1,CUTLASS,grouped_gemm,cutlass3x_sm100_tensorop_gemm_grouped_e4m3_e4m3_f32_bf16_e4m3_128x256x128_1x2x1_0_ttt_align16_1sm,passed,success,grouped,,,,,fe4m3:row,fe4m3:row,bf16:row,fe4m3:row,1,0,invalid,invalid,heuristic,1,false,'[4096x1920x6144][4096x1920x6144][4096x1920x6144][4096x1920x6144][4096x1920x6144][4096x1920x6144][4096x1920x6144][4096x1920x6144][4096x1920x6144][4096x1920x6144][4096x1920x6144][4096x1920x6144][4096x1920x6144][4096x1920x6144][4096x1920x6144][4096x1920x6144]',,tensorop,f32,128,256,128,1,2,1,1,1,1,3,4,1,1,128,256,32,100,110,843055104,1546439884800,1834,0.542284,1447.87,2.85171e+06
1,CUTLASS,grouped_gemm,cutlass3x_sm100_tensorop_gemm_grouped_e4m3_e4m3_f32_bf16_e4m3_128x256x128_1x2x1_0_ttt_align16_stream_k_1sm,passed,success,grouped,,,,,fe4m3:row,fe4m3:row,bf16:row,fe4m3:row,1,0,invalid,invalid,heuristic,1,false,'[4096x1920x6144][4096x1920x6144][4096x1920x6144][4096x1920x6144][4096x1920x6144][4096x1920x6144][4096x1920x6144][4096x1920x6144][4096x1920x6144][4096x1920x6144][4096x1920x6144][4096x1920x6144][4096x1920x6144][4096x1920x6144][4096x1920x6144][4096x1920x6144]',,tensorop,f32,128,256,128,1,2,1,1,1,1,3,4,1,1,128,256,32,100,110,843055104,1546439884800,1834,0.545827,1438.47,2.8332e+06
1,CUTLASS,grouped_gemm,cutlass3x_sm100_tensorop_gemm_grouped_e4m3_e4m3_f32_bf16_e4m3_128x256x128_2x1x1_0_nnn_align16_1sm,passed,success,grouped,,,,,fe4m3:column,fe4m3:column,bf16:column,fe4m3:column,1,0,invalid,invalid,heuristic,1,false,'[4096x1920x6144][4096x1920x6144][4096x1920x6144][4096x1920x6144][4096x1920x6144][4096x1920x6144][4096x1920x6144][4096x1920x6144][4096x1920x6144][4096x1920x6144][4096x1920x6144][4096x1920x6144][4096x1920x6144][4096x1920x6144][4096x1920x6144][4096x1920x6144]',,tensorop,f32,128,256,128,2,1,1,1,1,1,3,4,1,1,128,256,32,100,110,843055104,1546439884800,1834,0.508737,1543.34,3.03976e+06
1,CUTLASS,grouped_gemm,cutlass3x_sm100_tensorop_gemm_grouped_e4m3_e4m3_f32_bf16_e4m3_128x256x128_2x1x1_0_nnn_align16_stream_k_1sm,passed,success,grouped,,,,,fe4m3:column,fe4m3:column,bf16:column,fe4m3:column,1,0,invalid,invalid,heuristic,1,false,'[4096x1920x6144][4096x1920x6144][4096x1920x6144][4096x1920x6144][4096x1920x6144][4096x1920x6144][4096x1920x6144][4096x1920x6144][4096x1920x6144][4096x1920x6144][4096x1920x6144][4096x1920x6144][4096x1920x6144][4096x1920x6144][4096x1920x6144][4096x1920x6144]',,tensorop,f32,128,256,128,2,1,1,1,1,1,3,4,1,1,128,256,32,100,110,843055104,1546439884800,1834,0.50886,1542.97,3.03903e+06
1,CUTLASS,grouped_gemm,cutlass3x_sm100_tensorop_gemm_grouped_e4m3_e4m3_f32_bf16_e4m3_128x256x128_2x1x1_0_ntn_align16_1sm,passed,success,grouped,,,,,fe4m3:column,fe4m3:row,bf16:column,fe4m3:column,1,0,invalid,invalid,heuristic,1,false,'[4096x1920x6144][4096x1920x6144][4096x1920x6144][4096x1920x6144][4096x1920x6144][4096x1920x6144][4096x1920x6144][4096x1920x6144][4096x1920x6144][4096x1920x6144][4096x1920x6144][4096x1920x6144][4096x1920x6144][4096x1920x6144][4096x1920x6144][4096x1920x6144]',,tensorop,f32,128,256,128,2,1,1,1,1,1,3,4,1,1,128,256,32,100,110,843055104,1546439884800,1834,0.519869,1510.3,2.97467e+06
1,CUTLASS,grouped_gemm,cutlass3x_sm100_tensorop_gemm_grouped_e4m3_e4m3_f32_bf16_e4m3_128x256x128_2x1x1_0_ntn_align16_stream_k_1sm,passed,success,grouped,,,,,fe4m3:column,fe4m3:row,bf16:column,fe4m3:column,1,0,invalid,invalid,heuristic,1,false,'[4096x1920x6144][4096x1920x6144][4096x1920x6144][4096x1920x6144][4096x1920x6144][4096x1920x6144][4096x1920x6144][4096x1920x6144][4096x1920x6144][4096x1920x6144][4096x1920x6144][4096x1920x6144][4096x1920x6144][4096x1920x6144][4096x1920x6144][4096x1920x6144]',,tensorop,f32,128,256,128,2,1,1,1,1,1,3,4,1,1,128,256,32,100,110,843055104,1546439884800,1834,0.522942,1501.42,2.95719e+06
1,CUTLASS,grouped_gemm,cutlass3x_sm100_tensorop_gemm_grouped_e4m3_e4m3_f32_bf16_e4m3_128x256x128_2x1x1_0_tnn_align16_1sm,passed,success,grouped,,,,,fe4m3:row,fe4m3:column,bf16:column,fe4m3:column,1,0,invalid,invalid,heuristic,1,false,'[4096x1920x6144][4096x1920x6144][4096x1920x6144][4096x1920x6144][4096x1920x6144][4096x1920x6144][4096x1920x6144][4096x1920x6144][4096x1920x6144][4096x1920x6144][4096x1920x6144][4096x1920x6144][4096x1920x6144][4096x1920x6144][4096x1920x6144][4096x1920x6144]',,tensorop,f32,128,256,128,2,1,1,1,1,1,3,4,1,1,128,256,32,100,110,843055104,1546439884800,1834,0.532607,1474.18,2.90353e+06
1,CUTLASS,grouped_gemm,cutlass3x_sm100_tensorop_gemm_grouped_e4m3_e4m3_f32_bf16_e4m3_128x256x128_2x1x1_0_tnn_align16_stream_k_1sm,passed,success,grouped,,,,,fe4m3:row,fe4m3:column,bf16:column,fe4m3:column,1,0,invalid,invalid,heuristic,1,false,'[4096x1920x6144][4096x1920x6144][4096x1920x6144][4096x1920x6144][4096x1920x6144][4096x1920x6144][4096x1920x6144][4096x1920x6144][4096x1920x6144][4096x1920x6144][4096x1920x6144][4096x1920x6144][4096x1920x6144][4096x1920x6144][4096x1920x6144][4096x1920x6144]',,tensorop,f32,128,256,128,2,1,1,1,1,1,3,4,1,1,128,256,32,100,110,843055104,1546439884800,1834,0.5276,1488.17,2.93109e+06
1,CUTLASS,grouped_gemm,cutlass3x_sm100_tensorop_gemm_grouped_e4m3_e4m3_f32_bf16_e4m3_128x256x128_2x1x1_0_ttn_align16_1sm,passed,success,grouped,,,,,fe4m3:row,fe4m3:row,bf16:column,fe4m3:column,1,0,invalid,invalid,heuristic,1,false,'[4096x1920x6144][4096x1920x6144][4096x1920x6144][4096x1920x6144][4096x1920x6144][4096x1920x6144][4096x1920x6144][4096x1920x6144][4096x1920x6144][4096x1920x6144][4096x1920x6144][4096x1920x6144][4096x1920x6144][4096x1920x6144][4096x1920x6144][4096x1920x6144]',,tensorop,f32,128,256,128,2,1,1,1,1,1,3,4,1,1,128,256,32,100,110,843055104,1546439884800,1834,0.526668,1490.8,2.93627e+06
1,CUTLASS,grouped_gemm,cutlass3x_sm100_tensorop_gemm_grouped_e4m3_e4m3_f32_bf16_e4m3_128x256x128_2x1x1_0_ttn_align16_stream_k_1sm,passed,success,grouped,,,,,fe4m3:row,fe4m3:row,bf16:column,fe4m3:column,1,0,invalid,invalid,heuristic,1,false,'[4096x1920x6144][4096x1920x6144][4096x1920x6144][4096x1920x6144][4096x1920x6144][4096x1920x6144][4096x1920x6144][4096x1920x6144][4096x1920x6144][4096x1920x6144][4096x1920x6144][4096x1920x6144][4096x1920x6144][4096x1920x6144][4096x1920x6144][4096x1920x6144]',,tensorop,f32,128,256,128,2,1,1,1,1,1,3,4,1,1,128,256,32,100,110,843055104,1546439884800,1834,0.530539,1479.92,2.91485e+06
1,CUTLASS,grouped_gemm,cutlass3x_sm100_tensorop_gemm_grouped_e4m3_e4m3_f32_bf16_e4m3_128x256x128_2x1x1_0_nnt_align16_1sm,passed,success,grouped,,,,,fe4m3:column,fe4m3:column,bf16:row,fe4m3:row,1,0,invalid,invalid,heuristic,1,false,'[4096x1920x6144][4096x1920x6144][4096x1920x6144][4096x1920x6144][4096x1920x6144][4096x1920x6144][4096x1920x6144][4096x1920x6144][4096x1920x6144][4096x1920x6144][4096x1920x6144][4096x1920x6144][4096x1920x6144][4096x1920x6144][4096x1920x6144][4096x1920x6144]',,tensorop,f32,128,256,128,2,1,1,1,1,1,3,4,1,1,128,256,32,100,110,843055104,1546439884800,1834,0.50882,1543.09,3.03927e+06
1,CUTLASS,grouped_gemm,cutlass3x_sm100_tensorop_gemm_grouped_e4m3_e4m3_f32_bf16_e4m3_128x256x128_2x1x1_0_nnt_align16_stream_k_1sm,passed,success,grouped,,,,,fe4m3:column,fe4m3:column,bf16:row,fe4m3:row,1,0,invalid,invalid,heuristic,1,false,'[4096x1920x6144][4096x1920x6144][4096x1920x6144][4096x1920x6144][4096x1920x6144][4096x1920x6144][4096x1920x6144][4096x1920x6144][4096x1920x6144][4096x1920x6144][4096x1920x6144][4096x1920x6144][4096x1920x6144][4096x1920x6144][4096x1920x6144][4096x1920x6144]',,tensorop,f32,128,256,128,2,1,1,1,1,1,3,4,1,1,128,256,32,100,110,843055104,1546439884800,1834,0.513725,1528.36,3.01025e+06
1,CUTLASS,grouped_gemm,cutlass3x_sm100_tensorop_gemm_grouped_e4m3_e4m3_f32_bf16_e4m3_128x256x128_2x1x1_0_ntt_align16_1sm,passed,success,grouped,,,,,fe4m3:column,fe4m3:row,bf16:row,fe4m3:row,1,0,invalid,invalid,heuristic,1,false,'[4096x1920x6144][4096x1920x6144][4096x1920x6144][4096x1920x6144][4096x1920x6144][4096x1920x6144][4096x1920x6144][4096x1920x6144][4096x1920x6144][4096x1920x6144][4096x1920x6144][4096x1920x6144][4096x1920x6144][4096x1920x6144][4096x1920x6144][4096x1920x6144]',,tensorop,f32,128,256,128,2,1,1,1,1,1,3,4,1,1,128,256,32,100,110,843055104,1546439884800,1834,0.508389,1544.4,3.04184e+06
1,CUTLASS,grouped_gemm,cutlass3x_sm100_tensorop_gemm_grouped_e4m3_e4m3_f32_bf16_e4m3_128x256x128_2x1x1_0_ntt_align16_stream_k_1sm,passed,success,grouped,,,,,fe4m3:column,fe4m3:row,bf16:row,fe4m3:row,1,0,invalid,invalid,heuristic,1,false,'[4096x1920x6144][4096x1920x6144][4096x1920x6144][4096x1920x6144][4096x1920x6144][4096x1920x6144][4096x1920x6144][4096x1920x6144][4096x1920x6144][4096x1920x6144][4096x1920x6144][4096x1920x6144][4096x1920x6144][4096x1920x6144][4096x1920x6144][4096x1920x6144]',,tensorop,f32,128,256,128,2,1,1,1,1,1,3,4,1,1,128,256,32,100,110,843055104,1546439884800,1834,0.506261,1550.89,3.05463e+06
1,CUTLASS,grouped_gemm,cutlass3x_sm100_tensorop_gemm_grouped_e4m3_e4m3_f32_bf16_e4m3_128x256x128_2x1x1_0_tnt_align16_1sm,passed,success,grouped,,,,,fe4m3:row,fe4m3:column,bf16:row,fe4m3:row,1,0,invalid,invalid,heuristic,1,false,'[4096x1920x6144][4096x1920x6144][4096x1920x6144][4096x1920x6144][4096x1920x6144][4096x1920x6144][4096x1920x6144][4096x1920x6144][4096x1920x6144][4096x1920x6144][4096x1920x6144][4096x1920x6144][4096x1920x6144][4096x1920x6144][4096x1920x6144][4096x1920x6144]',,tensorop,f32,128,256,128,2,1,1,1,1,1,3,4,1,1,128,256,32,100,110,843055104,1546439884800,1834,0.529596,1482.56,2.92003e+06
1,CUTLASS,grouped_gemm,cutlass3x_sm100_tensorop_gemm_grouped_e4m3_e4m3_f32_bf16_e4m3_128x256x128_2x1x1_0_tnt_align16_stream_k_1sm,passed,success,grouped,,,,,fe4m3:row,fe4m3:column,bf16:row,fe4m3:row,1,0,invalid,invalid,heuristic,1,false,'[4096x1920x6144][4096x1920x6144][4096x1920x6144][4096x1920x6144][4096x1920x6144][4096x1920x6144][4096x1920x6144][4096x1920x6144][4096x1920x6144][4096x1920x6144][4096x1920x6144][4096x1920x6144][4096x1920x6144][4096x1920x6144][4096x1920x6144][4096x1920x6144]',,tensorop,f32,128,256,128,2,1,1,1,1,1,3,4,1,1,128,256,32,100,110,843055104,1546439884800,1834,0.517291,1517.82,2.9895e+06
1,CUTLASS,grouped_gemm,cutlass3x_sm100_tensorop_gemm_grouped_e4m3_e4m3_f32_bf16_e4m3_128x256x128_2x1x1_0_ttt_align16_1sm,passed,success,grouped,,,,,fe4m3:row,fe4m3:row,bf16:row,fe4m3:row,1,0,invalid,invalid,heuristic,1,false,'[4096x1920x6144][4096x1920x6144][4096x1920x6144][4096x1920x6144][4096x1920x6144][4096x1920x6144][4096x1920x6144][4096x1920x6144][4096x1920x6144][4096x1920x6144][4096x1920x6144][4096x1920x6144][4096x1920x6144][4096x1920x6144][4096x1920x6144][4096x1920x6144]',,tensorop,f32,128,256,128,2,1,1,1,1,1,3,4,1,1,128,256,32,100,110,843055104,1546439884800,1834,0.518066,1515.55,2.98502e+06
1,CUTLASS,grouped_gemm,cutlass3x_sm100_tensorop_gemm_grouped_e4m3_e4m3_f32_bf16_e4m3_128x256x128_2x1x1_0_ttt_align16_stream_k_1sm,passed,success,grouped,,,,,fe4m3:row,fe4m3:row,bf16:row,fe4m3:row,1,0,invalid,invalid,heuristic,1,false,'[4096x1920x6144][4096x1920x6144][4096x1920x6144][4096x1920x6144][4096x1920x6144][4096x1920x6144][4096x1920x6144][4096x1920x6144][4096x1920x6144][4096x1920x6144][4096x1920x6144][4096x1920x6144][4096x1920x6144][4096x1920x6144][4096x1920x6144][4096x1920x6144]',,tensorop,f32,128,256,128,2,1,1,1,1,1,3,4,1,1,128,256,32,100,110,843055104,1546439884800,1834,0.522644,1502.28,2.95888e+06
1,CUTLASS,grouped_gemm,cutlass3x_sm100_tensorop_gemm_grouped_e4m3_e4m3_f32_bf16_e4m3_128x256x128_1x4x1_0_nnn_align16_1sm,passed,success,grouped,,,,,fe4m3:column,fe4m3:column,bf16:column,fe4m3:column,1,0,invalid,invalid,heuristic,1,false,'[4096x1920x6144][4096x1920x6144][4096x1920x6144][4096x1920x6144][4096x1920x6144][4096x1920x6144][4096x1920x6144][4096x1920x6144][4096x1920x6144][4096x1920x6144][4096x1920x6144][4096x1920x6144][4096x1920x6144][4096x1920x6144][4096x1920x6144][4096x1920x6144]',,tensorop,f32,128,256,128,1,4,1,1,1,1,3,4,1,1,128,256,32,100,110,843055104,1546439884800,1834,0.597743,1313.53,2.58713e+06
1,CUTLASS,grouped_gemm,cutlass3x_sm100_tensorop_gemm_grouped_e4m3_e4m3_f32_bf16_e4m3_128x256x128_1x4x1_0_nnn_align16_stream_k_1sm,passed,success,grouped,,,,,fe4m3:column,fe4m3:column,bf16:column,fe4m3:column,1,0,invalid,invalid,heuristic,1,false,'[4096x1920x6144][4096x1920x6144][4096x1920x6144][4096x1920x6144][4096x1920x6144][4096x1920x6144][4096x1920x6144][4096x1920x6144][4096x1920x6144][4096x1920x6144][4096x1920x6144][4096x1920x6144][4096x1920x6144][4096x1920x6144][4096x1920x6144][4096x1920x6144]',,tensorop,f32,128,256,128,1,4,1,1,1,1,3,4,1,1,128,256,32,100,110,843055104,1546439884800,1834,0.599054,1310.66,2.58147e+06
1,CUTLASS,grouped_gemm,cutlass3x_sm100_tensorop_gemm_grouped_e4m3_e4m3_f32_bf16_e4m3_128x256x128_1x4x1_0_ntn_align16_1sm,passed,success,grouped,,,,,fe4m3:column,fe4m3:row,bf16:column,fe4m3:column,1,0,invalid,invalid,heuristic,1,false,'[4096x1920x6144][4096x1920x6144][4096x1920x6144][4096x1920x6144][4096x1920x6144][4096x1920x6144][4096x1920x6144][4096x1920x6144][4096x1920x6144][4096x1920x6144][4096x1920x6144][4096x1920x6144][4096x1920x6144][4096x1920x6144][4096x1920x6144][4096x1920x6144]',,tensorop,f32,128,256,128,1,4,1,1,1,1,3,4,1,1,128,256,32,100,110,843055104,1546439884800,1834,0.597457,1314.16,2.58837e+06
1,CUTLASS,grouped_gemm,cutlass3x_sm100_tensorop_gemm_grouped_e4m3_e4m3_f32_bf16_e4m3_128x256x128_1x4x1_0_ntn_align16_stream_k_1sm,passed,success,grouped,,,,,fe4m3:column,fe4m3:row,bf16:column,fe4m3:column,1,0,invalid,invalid,heuristic,1,false,'[4096x1920x6144][4096x1920x6144][4096x1920x6144][4096x1920x6144][4096x1920x6144][4096x1920x6144][4096x1920x6144][4096x1920x6144][4096x1920x6144][4096x1920x6144][4096x1920x6144][4096x1920x6144][4096x1920x6144][4096x1920x6144][4096x1920x6144][4096x1920x6144]',,tensorop,f32,128,256,128,1,4,1,1,1,1,3,4,1,1,128,256,32,100,110,843055104,1546439884800,1834,0.593556,1322.8,2.60538e+06
1,CUTLASS,grouped_gemm,cutlass3x_sm100_tensorop_gemm_grouped_e4m3_e4m3_f32_bf16_e4m3_128x256x128_1x4x1_0_tnn_align16_1sm,passed,success,grouped,,,,,fe4m3:row,fe4m3:column,bf16:column,fe4m3:column,1,0,invalid,invalid,heuristic,1,false,'[4096x1920x6144][4096x1920x6144][4096x1920x6144][4096x1920x6144][4096x1920x6144][4096x1920x6144][4096x1920x6144][4096x1920x6144][4096x1920x6144][4096x1920x6144][4096x1920x6144][4096x1920x6144][4096x1920x6144][4096x1920x6144][4096x1920x6144][4096x1920x6144]',,tensorop,f32,128,256,128,1,4,1,1,1,1,3,4,1,1,128,256,32,100,110,843055104,1546439884800,1834,0.594211,1321.34,2.60251e+06
1,CUTLASS,grouped_gemm,cutlass3x_sm100_tensorop_gemm_grouped_e4m3_e4m3_f32_bf16_e4m3_128x256x128_1x4x1_0_tnn_align16_stream_k_1sm,passed,success,grouped,,,,,fe4m3:row,fe4m3:column,bf16:column,fe4m3:column,1,0,invalid,invalid,heuristic,1,false,'[4096x1920x6144][4096x1920x6144][4096x1920x6144][4096x1920x6144][4096x1920x6144][4096x1920x6144][4096x1920x6144][4096x1920x6144][4096x1920x6144][4096x1920x6144][4096x1920x6144][4096x1920x6144][4096x1920x6144][4096x1920x6144][4096x1920x6144][4096x1920x6144]',,tensorop,f32,128,256,128,1,4,1,1,1,1,3,4,1,1,128,256,32,100,110,843055104,1546439884800,1834,0.590616,1329.38,2.61835e+06
1,CUTLASS,grouped_gemm,cutlass3x_sm100_tensorop_gemm_grouped_e4m3_e4m3_f32_bf16_e4m3_128x256x128_1x4x1_0_ttn_align16_1sm,passed,success,grouped,,,,,fe4m3:row,fe4m3:row,bf16:column,fe4m3:column,1,0,invalid,invalid,heuristic,1,false,'[4096x1920x6144][4096x1920x6144][4096x1920x6144][4096x1920x6144][4096x1920x6144][4096x1920x6144][4096x1920x6144][4096x1920x6144][4096x1920x6144][4096x1920x6144][4096x1920x6144][4096x1920x6144][4096x1920x6144][4096x1920x6144][4096x1920x6144][4096x1920x6144]',,tensorop,f32,128,256,128,1,4,1,1,1,1,3,4,1,1,128,256,32,100,110,843055104,1546439884800,1834,0.59882,1311.17,2.58248e+06
1,CUTLASS,grouped_gemm,cutlass3x_sm100_tensorop_gemm_grouped_e4m3_e4m3_f32_bf16_e4m3_128x256x128_1x4x1_0_ttn_align16_stream_k_1sm,passed,success,grouped,,,,,fe4m3:row,fe4m3:row,bf16:column,fe4m3:column,1,0,invalid,invalid,heuristic,1,false,'[4096x1920x6144][4096x1920x6144][4096x1920x6144][4096x1920x6144][4096x1920x6144][4096x1920x6144][4096x1920x6144][4096x1920x6144][4096x1920x6144][4096x1920x6144][4096x1920x6144][4096x1920x6144][4096x1920x6144][4096x1920x6144][4096x1920x6144][4096x1920x6144]',,tensorop,f32,128,256,128,1,4,1,1,1,1,3,4,1,1,128,256,32,100,110,843055104,1546439884800,1834,0.594232,1321.3,2.60242e+06
1,CUTLASS,grouped_gemm,cutlass3x_sm100_tensorop_gemm_grouped_e4m3_e4m3_f32_bf16_e4m3_128x256x128_1x4x1_0_nnt_align16_1sm,passed,success,grouped,,,,,fe4m3:column,fe4m3:column,bf16:row,fe4m3:row,1,0,invalid,invalid,heuristic,1,false,'[4096x1920x6144][4096x1920x6144][4096x1920x6144][4096x1920x6144][4096x1920x6144][4096x1920x6144][4096x1920x6144][4096x1920x6144][4096x1920x6144][4096x1920x6144][4096x1920x6144][4096x1920x6144][4096x1920x6144][4096x1920x6144][4096x1920x6144][4096x1920x6144]',,tensorop,f32,128,256,128,1,4,1,1,1,1,3,4,1,1,128,256,32,100,110,843055104,1546439884800,1834,0.585681,1340.59,2.64041e+06
1,CUTLASS,grouped_gemm,cutlass3x_sm100_tensorop_gemm_grouped_e4m3_e4m3_f32_bf16_e4m3_128x256x128_1x4x1_0_nnt_align16_stream_k_1sm,passed,success,grouped,,,,,fe4m3:column,fe4m3:column,bf16:row,fe4m3:row,1,0,invalid,invalid,heuristic,1,false,'[4096x1920x6144][4096x1920x6144][4096x1920x6144][4096x1920x6144][4096x1920x6144][4096x1920x6144][4096x1920x6144][4096x1920x6144][4096x1920x6144][4096x1920x6144][4096x1920x6144][4096x1920x6144][4096x1920x6144][4096x1920x6144][4096x1920x6144][4096x1920x6144]',,tensorop,f32,128,256,128,1,4,1,1,1,1,3,4,1,1,128,256,32,100,110,843055104,1546439884800,1834,0.593361,1323.24,2.60624e+06
1,CUTLASS,grouped_gemm,cutlass3x_sm100_tensorop_gemm_grouped_e4m3_e4m3_f32_bf16_e4m3_128x256x128_1x4x1_0_ntt_align16_1sm,passed,success,grouped,,,,,fe4m3:column,fe4m3:row,bf16:row,fe4m3:row,1,0,invalid,invalid,heuristic,1,false,'[4096x1920x6144][4096x1920x6144][4096x1920x6144][4096x1920x6144][4096x1920x6144][4096x1920x6144][4096x1920x6144][4096x1920x6144][4096x1920x6144][4096x1920x6144][4096x1920x6144][4096x1920x6144][4096x1920x6144][4096x1920x6144][4096x1920x6144][4096x1920x6144]',,tensorop,f32,128,256,128,1,4,1,1,1,1,3,4,1,1,128,256,32,100,110,843055104,1546439884800,1834,0.590883,1328.78,2.61717e+06
1,CUTLASS,grouped_gemm,cutlass3x_sm100_tensorop_gemm_grouped_e4m3_e4m3_f32_bf16_e4m3_128x256x128_1x4x1_0_ntt_align16_stream_k_1sm,passed,success,grouped,,,,,fe4m3:column,fe4m3:row,bf16:row,fe4m3:row,1,0,invalid,invalid,heuristic,1,false,'[4096x1920x6144][4096x1920x6144][4096x1920x6144][4096x1920x6144][4096x1920x6144][4096x1920x6144][4096x1920x6144][4096x1920x6144][4096x1920x6144][4096x1920x6144][4096x1920x6144][4096x1920x6144][4096x1920x6144][4096x1920x6144][4096x1920x6144][4096x1920x6144]',,tensorop,f32,128,256,128,1,4,1,1,1,1,3,4,1,1,128,256,32,100,110,843055104,1546439884800,1834,0.5933,1323.37,2.60651e+06
1,CUTLASS,grouped_gemm,cutlass3x_sm100_tensorop_gemm_grouped_e4m3_e4m3_f32_bf16_e4m3_128x256x128_1x4x1_0_tnt_align16_1sm,passed,success,grouped,,,,,fe4m3:row,fe4m3:column,bf16:row,fe4m3:row,1,0,invalid,invalid,heuristic,1,false,'[4096x1920x6144][4096x1920x6144][4096x1920x6144][4096x1920x6144][4096x1920x6144][4096x1920x6144][4096x1920x6144][4096x1920x6144][4096x1920x6144][4096x1920x6144][4096x1920x6144][4096x1920x6144][4096x1920x6144][4096x1920x6144][4096x1920x6144][4096x1920x6144]',,tensorop,f32,128,256,128,1,4,1,1,1,1,3,4,1,1,128,256,32,100,110,843055104,1546439884800,1834,0.586407,1338.93,2.63714e+06
1,CUTLASS,grouped_gemm,cutlass3x_sm100_tensorop_gemm_grouped_e4m3_e4m3_f32_bf16_e4m3_128x256x128_1x4x1_0_tnt_align16_stream_k_1sm,passed,success,grouped,,,,,fe4m3:row,fe4m3:column,bf16:row,fe4m3:row,1,0,invalid,invalid,heuristic,1,false,'[4096x1920x6144][4096x1920x6144][4096x1920x6144][4096x1920x6144][4096x1920x6144][4096x1920x6144][4096x1920x6144][4096x1920x6144][4096x1920x6144][4096x1920x6144][4096x1920x6144][4096x1920x6144][4096x1920x6144][4096x1920x6144][4096x1920x6144][4096x1920x6144]',,tensorop,f32,128,256,128,1,4,1,1,1,1,3,4,1,1,128,256,32,100,110,843055104,1546439884800,1834,0.590126,1330.49,2.62052e+06
1,CUTLASS,grouped_gemm,cutlass3x_sm100_tensorop_gemm_grouped_e4m3_e4m3_f32_bf16_e4m3_128x256x128_1x4x1_0_ttt_align16_1sm,passed,success,grouped,,,,,fe4m3:row,fe4m3:row,bf16:row,fe4m3:row,1,0,invalid,invalid,heuristic,1,false,'[4096x1920x6144][4096x1920x6144][4096x1920x6144][4096x1920x6144][4096x1920x6144][4096x1920x6144][4096x1920x6144][4096x1920x6144][4096x1920x6144][4096x1920x6144][4096x1920x6144][4096x1920x6144][4096x1920x6144][4096x1920x6144][4096x1920x6144][4096x1920x6144]',,tensorop,f32,128,256,128,1,4,1,1,1,1,3,4,1,1,128,256,32,100,110,843055104,1546439884800,1834,0.59152,1327.35,2.61435e+06
1,CUTLASS,grouped_gemm,cutlass3x_sm100_tensorop_gemm_grouped_e4m3_e4m3_f32_bf16_e4m3_128x256x128_1x4x1_0_ttt_align16_stream_k_1sm,passed,success,grouped,,,,,fe4m3:row,fe4m3:row,bf16:row,fe4m3:row,1,0,invalid,invalid,heuristic,1,false,'[4096x1920x6144][4096x1920x6144][4096x1920x6144][4096x1920x6144][4096x1920x6144][4096x1920x6144][4096x1920x6144][4096x1920x6144][4096x1920x6144][4096x1920x6144][4096x1920x6144][4096x1920x6144][4096x1920x6144][4096x1920x6144][4096x1920x6144][4096x1920x6144]',,tensorop,f32,128,256,128,1,4,1,1,1,1,3,4,1,1,128,256,32,100,110,843055104,1546439884800,1834,0.589951,1330.88,2.6213e+06
1,CUTLASS,grouped_gemm,cutlass3x_sm100_tensorop_gemm_grouped_e4m3_e4m3_f32_bf16_e4m3_128x256x128_4x4x1_0_nnn_align16_1sm,passed,success,grouped,,,,,fe4m3:column,fe4m3:column,bf16:column,fe4m3:column,1,0,invalid,invalid,heuristic,1,false,'[4096x1920x6144][4096x1920x6144][4096x1920x6144][4096x1920x6144][4096x1920x6144][4096x1920x6144][4096x1920x6144][4096x1920x6144][4096x1920x6144][4096x1920x6144][4096x1920x6144][4096x1920x6144][4096x1920x6144][4096x1920x6144][4096x1920x6144][4096x1920x6144]',,tensorop,f32,128,256,128,4,4,1,1,1,1,3,4,1,1,128,256,32,100,110,843055104,1546439884800,1834,0.704004,1115.27,2.19664e+06
1,CUTLASS,grouped_gemm,cutlass3x_sm100_tensorop_gemm_grouped_e4m3_e4m3_f32_bf16_e4m3_128x256x128_4x4x1_0_nnn_align16_stream_k_1sm,passed,success,grouped,,,,,fe4m3:column,fe4m3:column,bf16:column,fe4m3:column,1,0,invalid,invalid,heuristic,1,false,'[4096x1920x6144][4096x1920x6144][4096x1920x6144][4096x1920x6144][4096x1920x6144][4096x1920x6144][4096x1920x6144][4096x1920x6144][4096x1920x6144][4096x1920x6144][4096x1920x6144][4096x1920x6144][4096x1920x6144][4096x1920x6144][4096x1920x6144][4096x1920x6144]',,tensorop,f32,128,256,128,4,4,1,1,1,1,3,4,1,1,128,256,32,100,110,843055104,1546439884800,1834,0.703912,1115.42,2.19692e+06
1,CUTLASS,grouped_gemm,cutlass3x_sm100_tensorop_gemm_grouped_e4m3_e4m3_f32_bf16_e4m3_128x256x128_4x4x1_0_ntn_align16_1sm,passed,success,grouped,,,,,fe4m3:column,fe4m3:row,bf16:column,fe4m3:column,1,0,invalid,invalid,heuristic,1,false,'[4096x1920x6144][4096x1920x6144][4096x1920x6144][4096x1920x6144][4096x1920x6144][4096x1920x6144][4096x1920x6144][4096x1920x6144][4096x1920x6144][4096x1920x6144][4096x1920x6144][4096x1920x6144][4096x1920x6144][4096x1920x6144][4096x1920x6144][4096x1920x6144]',,tensorop,f32,128,256,128,4,4,1,1,1,1,3,4,1,1,128,256,32,100,110,843055104,1546439884800,1834,0.701076,1119.93,2.20581e+06
1,CUTLASS,grouped_gemm,cutlass3x_sm100_tensorop_gemm_grouped_e4m3_e4m3_f32_bf16_e4m3_128x256x128_4x4x1_0_ntn_align16_stream_k_1sm,passed,success,grouped,,,,,fe4m3:column,fe4m3:row,bf16:column,fe4m3:column,1,0,invalid,invalid,heuristic,1,false,'[4096x1920x6144][4096x1920x6144][4096x1920x6144][4096x1920x6144][4096x1920x6144][4096x1920x6144][4096x1920x6144][4096x1920x6144][4096x1920x6144][4096x1920x6144][4096x1920x6144][4096x1920x6144][4096x1920x6144][4096x1920x6144][4096x1920x6144][4096x1920x6144]',,tensorop,f32,128,256,128,4,4,1,1,1,1,3,4,1,1,128,256,32,100,110,843055104,1546439884800,1834,0.701652,1119.01,2.204e+06
1,CUTLASS,grouped_gemm,cutlass3x_sm100_tensorop_gemm_grouped_e4m3_e4m3_f32_bf16_e4m3_128x256x128_4x4x1_0_tnn_align16_1sm,passed,success,grouped,,,,,fe4m3:row,fe4m3:column,bf16:column,fe4m3:column,1,0,invalid,invalid,heuristic,1,false,'[4096x1920x6144][4096x1920x6144][4096x1920x6144][4096x1920x6144][4096x1920x6144][4096x1920x6144][4096x1920x6144][4096x1920x6144][4096x1920x6144][4096x1920x6144][4096x1920x6144][4096x1920x6144][4096x1920x6144][4096x1920x6144][4096x1920x6144][4096x1920x6144]',,tensorop,f32,128,256,128,4,4,1,1,1,1,3,4,1,1,128,256,32,100,110,843055104,1546439884800,1834,0.712534,1101.92,2.17034e+06
1,CUTLASS,grouped_gemm,cutlass3x_sm100_tensorop_gemm_grouped_e4m3_e4m3_f32_bf16_e4m3_128x256x128_4x4x1_0_tnn_align16_stream_k_1sm,passed,success,grouped,,,,,fe4m3:row,fe4m3:column,bf16:column,fe4m3:column,1,0,invalid,invalid,heuristic,1,false,'[4096x1920x6144][4096x1920x6144][4096x1920x6144][4096x1920x6144][4096x1920x6144][4096x1920x6144][4096x1920x6144][4096x1920x6144][4096x1920x6144][4096x1920x6144][4096x1920x6144][4096x1920x6144][4096x1920x6144][4096x1920x6144][4096x1920x6144][4096x1920x6144]',,tensorop,f32,128,256,128,4,4,1,1,1,1,3,4,1,1,128,256,32,100,110,843055104,1546439884800,1834,0.712616,1101.79,2.17009e+06
1,CUTLASS,grouped_gemm,cutlass3x_sm100_tensorop_gemm_grouped_e4m3_e4m3_f32_bf16_e4m3_128x256x128_4x4x1_0_ttn_align16_1sm,passed,success,grouped,,,,,fe4m3:row,fe4m3:row,bf16:column,fe4m3:column,1,0,invalid,invalid,heuristic,1,false,'[4096x1920x6144][4096x1920x6144][4096x1920x6144][4096x1920x6144][4096x1920x6144][4096x1920x6144][4096x1920x6144][4096x1920x6144][4096x1920x6144][4096x1920x6144][4096x1920x6144][4096x1920x6144][4096x1920x6144][4096x1920x6144][4096x1920x6144][4096x1920x6144]',,tensorop,f32,128,256,128,4,4,1,1,1,1,3,4,1,1,128,256,32,100,110,843055104,1546439884800,1834,0.711715,1103.19,2.17284e+06
1,CUTLASS,grouped_gemm,cutlass3x_sm100_tensorop_gemm_grouped_e4m3_e4m3_f32_bf16_e4m3_128x256x128_4x4x1_0_ttn_align16_stream_k_1sm,passed,success,grouped,,,,,fe4m3:row,fe4m3:row,bf16:column,fe4m3:column,1,0,invalid,invalid,heuristic,1,false,'[4096x1920x6144][4096x1920x6144][4096x1920x6144][4096x1920x6144][4096x1920x6144][4096x1920x6144][4096x1920x6144][4096x1920x6144][4096x1920x6144][4096x1920x6144][4096x1920x6144][4096x1920x6144][4096x1920x6144][4096x1920x6144][4096x1920x6144][4096x1920x6144]',,tensorop,f32,128,256,128,4,4,1,1,1,1,3,4,1,1,128,256,32,100,110,843055104,1546439884800,1834,0.711706,1103.2,2.17286e+06
1,CUTLASS,grouped_gemm,cutlass3x_sm100_tensorop_gemm_grouped_e4m3_e4m3_f32_bf16_e4m3_128x256x128_4x4x1_0_nnt_align16_1sm,passed,success,grouped,,,,,fe4m3:column,fe4m3:column,bf16:row,fe4m3:row,1,0,invalid,invalid,heuristic,1,false,'[4096x1920x6144][4096x1920x6144][4096x1920x6144][4096x1920x6144][4096x1920x6144][4096x1920x6144][4096x1920x6144][4096x1920x6144][4096x1920x6144][4096x1920x6144][4096x1920x6144][4096x1920x6144][4096x1920x6144][4096x1920x6144][4096x1920x6144][4096x1920x6144]',,tensorop,f32,128,256,128,4,4,1,1,1,1,3,4,1,1,128,256,32,100,110,843055104,1546439884800,1834,0.700177,1121.37,2.20864e+06
1,CUTLASS,grouped_gemm,cutlass3x_sm100_tensorop_gemm_grouped_e4m3_e4m3_f32_bf16_e4m3_128x256x128_4x4x1_0_nnt_align16_stream_k_1sm,passed,success,grouped,,,,,fe4m3:column,fe4m3:column,bf16:row,fe4m3:row,1,0,invalid,invalid,heuristic,1,false,'[4096x1920x6144][4096x1920x6144][4096x1920x6144][4096x1920x6144][4096x1920x6144][4096x1920x6144][4096x1920x6144][4096x1920x6144][4096x1920x6144][4096x1920x6144][4096x1920x6144][4096x1920x6144][4096x1920x6144][4096x1920x6144][4096x1920x6144][4096x1920x6144]',,tensorop,f32,128,256,128,4,4,1,1,1,1,3,4,1,1,128,256,32,100,110,843055104,1546439884800,1834,0.699396,1122.62,2.21111e+06
1,CUTLASS,grouped_gemm,cutlass3x_sm100_tensorop_gemm_grouped_e4m3_e4m3_f32_bf16_e4m3_128x256x128_4x4x1_0_ntt_align16_1sm,passed,success,grouped,,,,,fe4m3:column,fe4m3:row,bf16:row,fe4m3:row,1,0,invalid,invalid,heuristic,1,false,'[4096x1920x6144][4096x1920x6144][4096x1920x6144][4096x1920x6144][4096x1920x6144][4096x1920x6144][4096x1920x6144][4096x1920x6144][4096x1920x6144][4096x1920x6144][4096x1920x6144][4096x1920x6144][4096x1920x6144][4096x1920x6144][4096x1920x6144][4096x1920x6144]',,tensorop,f32,128,256,128,4,4,1,1,1,1,3,4,1,1,128,256,32,100,110,843055104,1546439884800,1834,0.693088,1132.84,2.23123e+06
1,CUTLASS,grouped_gemm,cutlass3x_sm100_tensorop_gemm_grouped_e4m3_e4m3_f32_bf16_e4m3_128x256x128_4x4x1_0_ntt_align16_stream_k_1sm,passed,success,grouped,,,,,fe4m3:column,fe4m3:row,bf16:row,fe4m3:row,1,0,invalid,invalid,heuristic,1,false,'[4096x1920x6144][4096x1920x6144][4096x1920x6144][4096x1920x6144][4096x1920x6144][4096x1920x6144][4096x1920x6144][4096x1920x6144][4096x1920x6144][4096x1920x6144][4096x1920x6144][4096x1920x6144][4096x1920x6144][4096x1920x6144][4096x1920x6144][4096x1920x6144]',,tensorop,f32,128,256,128,4,4,1,1,1,1,3,4,1,1,128,256,32,100,110,843055104,1546439884800,1834,0.693426,1132.29,2.23014e+06
1,CUTLASS,grouped_gemm,cutlass3x_sm100_tensorop_gemm_grouped_e4m3_e4m3_f32_bf16_e4m3_128x256x128_4x4x1_0_tnt_align16_1sm,passed,success,grouped,,,,,fe4m3:row,fe4m3:column,bf16:row,fe4m3:row,1,0,invalid,invalid,heuristic,1,false,'[4096x1920x6144][4096x1920x6144][4096x1920x6144][4096x1920x6144][4096x1920x6144][4096x1920x6144][4096x1920x6144][4096x1920x6144][4096x1920x6144][4096x1920x6144][4096x1920x6144][4096x1920x6144][4096x1920x6144][4096x1920x6144][4096x1920x6144][4096x1920x6144]',,tensorop,f32,128,256,128,4,4,1,1,1,1,3,4,1,1,128,256,32,100,110,843055104,1546439884800,1834,0.707229,1110.19,2.18662e+06
1,CUTLASS,grouped_gemm,cutlass3x_sm100_tensorop_gemm_grouped_e4m3_e4m3_f32_bf16_e4m3_128x256x128_4x4x1_0_tnt_align16_stream_k_1sm,passed,success,grouped,,,,,fe4m3:row,fe4m3:column,bf16:row,fe4m3:row,1,0,invalid,invalid,heuristic,1,false,'[4096x1920x6144][4096x1920x6144][4096x1920x6144][4096x1920x6144][4096x1920x6144][4096x1920x6144][4096x1920x6144][4096x1920x6144][4096x1920x6144][4096x1920x6144][4096x1920x6144][4096x1920x6144][4096x1920x6144][4096x1920x6144][4096x1920x6144][4096x1920x6144]',,tensorop,f32,128,256,128,4,4,1,1,1,1,3,4,1,1,128,256,32,100,110,843055104,1546439884800,1834,0.707404,1109.91,2.18608e+06
1,CUTLASS,grouped_gemm,cutlass3x_sm100_tensorop_gemm_grouped_e4m3_e4m3_f32_bf16_e4m3_128x256x128_4x4x1_0_ttt_align16_1sm,passed,success,grouped,,,,,fe4m3:row,fe4m3:row,bf16:row,fe4m3:row,1,0,invalid,invalid,heuristic,1,false,'[4096x1920x6144][4096x1920x6144][4096x1920x6144][4096x1920x6144][4096x1920x6144][4096x1920x6144][4096x1920x6144][4096x1920x6144][4096x1920x6144][4096x1920x6144][4096x1920x6144][4096x1920x6144][4096x1920x6144][4096x1920x6144][4096x1920x6144][4096x1920x6144]',,tensorop,f32,128,256,128,4,4,1,1,1,1,3,4,1,1,128,256,32,100,110,843055104,1546439884800,1834,0.704875,1113.89,2.19392e+06
1,CUTLASS,grouped_gemm,cutlass3x_sm100_tensorop_gemm_grouped_e4m3_e4m3_f32_bf16_e4m3_128x256x128_4x4x1_0_ttt_align16_stream_k_1sm,passed,success,grouped,,,,,fe4m3:row,fe4m3:row,bf16:row,fe4m3:row,1,0,invalid,invalid,heuristic,1,false,'[4096x1920x6144][4096x1920x6144][4096x1920x6144][4096x1920x6144][4096x1920x6144][4096x1920x6144][4096x1920x6144][4096x1920x6144][4096x1920x6144][4096x1920x6144][4096x1920x6144][4096x1920x6144][4096x1920x6144][4096x1920x6144][4096x1920x6144][4096x1920x6144]',,tensorop,f32,128,256,128,4,4,1,1,1,1,3,4,1,1,128,256,32,100,110,843055104,1546439884800,1834,0.704977,1113.73,2.1936e+06
1,CUTLASS,grouped_gemm,cutlass3x_sm100_tensorop_gemm_grouped_e4m3_e4m3_f32_bf16_e4m3_128x128x128_0x0x1_0_nnn_align16_2sm_epi_tma,passed,success,grouped,,,,,fe4m3:column,fe4m3:column,bf16:column,fe4m3:column,1,0,invalid,invalid,heuristic,1,false,'[4096x1920x6144][4096x1920x6144][4096x1920x6144][4096x1920x6144][4096x1920x6144][4096x1920x6144][4096x1920x6144][4096x1920x6144][4096x1920x6144][4096x1920x6144][4096x1920x6144][4096x1920x6144][4096x1920x6144][4096x1920x6144][4096x1920x6144][4096x1920x6144]',,tensorop,f32,128,128,128,2,1,1,2,1,1,12,4,1,1,128,128,32,100,110,843055104,1546439884800,1834,0.612868,1281.12,2.52328e+06
1,CUTLASS,grouped_gemm,cutlass3x_sm100_tensorop_gemm_grouped_e4m3_e4m3_f32_bf16_e4m3_128x128x128_0x0x1_0_nnn_align16_stream_k_2sm_epi_tma,passed,success,grouped,,,,,fe4m3:column,fe4m3:column,bf16:column,fe4m3:column,1,0,invalid,invalid,heuristic,1,false,'[4096x1920x6144][4096x1920x6144][4096x1920x6144][4096x1920x6144][4096x1920x6144][4096x1920x6144][4096x1920x6144][4096x1920x6144][4096x1920x6144][4096x1920x6144][4096x1920x6144][4096x1920x6144][4096x1920x6144][4096x1920x6144][4096x1920x6144][4096x1920x6144]',,tensorop,f32,128,128,128,2,1,1,2,1,1,12,4,1,1,128,128,32,100,110,843055104,1546439884800,1834,0.611364,1284.27,2.52949e+06
1,CUTLASS,grouped_gemm,cutlass3x_sm100_tensorop_gemm_grouped_e4m3_e4m3_f32_bf16_e4m3_128x128x128_2x1x1_0_nnn_align16_2sm_epi_tma,passed,success,grouped,,,,,fe4m3:column,fe4m3:column,bf16:column,fe4m3:column,1,0,invalid,invalid,heuristic,1,false,'[4096x1920x6144][4096x1920x6144][4096x1920x6144][4096x1920x6144][4096x1920x6144][4096x1920x6144][4096x1920x6144][4096x1920x6144][4096x1920x6144][4096x1920x6144][4096x1920x6144][4096x1920x6144][4096x1920x6144][4096x1920x6144][4096x1920x6144][4096x1920x6144]',,tensorop,f32,128,128,128,2,1,1,2,1,1,12,4,1,1,128,128,32,100,110,843055104,1546439884800,1834,0.602864,1302.38,2.56516e+06
1,CUTLASS,grouped_gemm,cutlass3x_sm100_tensorop_gemm_grouped_e4m3_e4m3_f32_bf16_e4m3_128x128x128_2x1x1_0_nnn_align16_stream_k_2sm_epi_tma,passed,success,grouped,,,,,fe4m3:column,fe4m3:column,bf16:column,fe4m3:column,1,0,invalid,invalid,heuristic,1,false,'[4096x1920x6144][4096x1920x6144][4096x1920x6144][4096x1920x6144][4096x1920x6144][4096x1920x6144][4096x1920x6144][4096x1920x6144][4096x1920x6144][4096x1920x6144][4096x1920x6144][4096x1920x6144][4096x1920x6144][4096x1920x6144][4096x1920x6144][4096x1920x6144]',,tensorop,f32,128,128,128,2,1,1,2,1,1,12,4,1,1,128,128,32,100,110,843055104,1546439884800,1834,0.604287,1299.31,2.55911e+06
1,CUTLASS,grouped_gemm,cutlass3x_sm100_tensorop_gemm_grouped_e4m3_e4m3_f32_bf16_e4m3_128x128x128_2x2x1_0_nnn_align16_2sm_epi_tma,passed,success,grouped,,,,,fe4m3:column,fe4m3:column,bf16:column,fe4m3:column,1,0,invalid,invalid,heuristic,1,false,'[4096x1920x6144][4096x1920x6144][4096x1920x6144][4096x1920x6144][4096x1920x6144][4096x1920x6144][4096x1920x6144][4096x1920x6144][4096x1920x6144][4096x1920x6144][4096x1920x6144][4096x1920x6144][4096x1920x6144][4096x1920x6144][4096x1920x6144][4096x1920x6144]',,tensorop,f32,128,128,128,2,2,1,2,1,1,12,4,1,1,128,128,32,100,110,843055104,1546439884800,1834,0.584422,1343.47,2.6461e+06
1,CUTLASS,grouped_gemm,cutlass3x_sm100_tensorop_gemm_grouped_e4m3_e4m3_f32_bf16_e4m3_128x128x128_2x2x1_0_nnn_align16_stream_k_2sm_epi_tma,passed,success,grouped,,,,,fe4m3:column,fe4m3:column,bf16:column,fe4m3:column,1,0,invalid,invalid,heuristic,1,false,'[4096x1920x6144][4096x1920x6144][4096x1920x6144][4096x1920x6144][4096x1920x6144][4096x1920x6144][4096x1920x6144][4096x1920x6144][4096x1920x6144][4096x1920x6144][4096x1920x6144][4096x1920x6144][4096x1920x6144][4096x1920x6144][4096x1920x6144][4096x1920x6144]',,tensorop,f32,128,128,128,2,2,1,2,1,1,12,4,1,1,128,128,32,100,110,843055104,1546439884800,1834,0.582363,1348.23,2.65546e+06
1,CUTLASS,grouped_gemm,cutlass3x_sm100_tensorop_gemm_grouped_e4m3_e4m3_f32_bf16_e4m3_128x128x128_4x1x1_0_nnn_align16_2sm_epi_tma,passed,success,grouped,,,,,fe4m3:column,fe4m3:column,bf16:column,fe4m3:column,1,0,invalid,invalid,heuristic,1,false,'[4096x1920x6144][4096x1920x6144][4096x1920x6144][4096x1920x6144][4096x1920x6144][4096x1920x6144][4096x1920x6144][4096x1920x6144][4096x1920x6144][4096x1920x6144][4096x1920x6144][4096x1920x6144][4096x1920x6144][4096x1920x6144][4096x1920x6144][4096x1920x6144]',,tensorop,f32,128,128,128,4,1,1,2,1,1,12,4,1,1,128,128,32,100,110,843055104,1546439884800,1834,0.547465,1434.17,2.82473e+06
1,CUTLASS,grouped_gemm,cutlass3x_sm100_tensorop_gemm_grouped_e4m3_e4m3_f32_bf16_e4m3_128x128x128_4x1x1_0_nnn_align16_stream_k_2sm_epi_tma,passed,success,grouped,,,,,fe4m3:column,fe4m3:column,bf16:column,fe4m3:column,1,0,invalid,invalid,heuristic,1,false,'[4096x1920x6144][4096x1920x6144][4096x1920x6144][4096x1920x6144][4096x1920x6144][4096x1920x6144][4096x1920x6144][4096x1920x6144][4096x1920x6144][4096x1920x6144][4096x1920x6144][4096x1920x6144][4096x1920x6144][4096x1920x6144][4096x1920x6144][4096x1920x6144]',,tensorop,f32,128,128,128,4,1,1,2,1,1,12,4,1,1,128,128,32,100,110,843055104,1546439884800,1834,0.558033,1407.01,2.77123e+06
1,CUTLASS,grouped_gemm,cutlass3x_sm100_tensorop_gemm_grouped_e4m3_e4m3_f32_bf16_e4m3_128x128x128_2x4x1_0_nnn_align16_2sm_epi_tma,passed,success,grouped,,,,,fe4m3:column,fe4m3:column,bf16:column,fe4m3:column,1,0,invalid,invalid,heuristic,1,false,'[4096x1920x6144][4096x1920x6144][4096x1920x6144][4096x1920x6144][4096x1920x6144][4096x1920x6144][4096x1920x6144][4096x1920x6144][4096x1920x6144][4096x1920x6144][4096x1920x6144][4096x1920x6144][4096x1920x6144][4096x1920x6144][4096x1920x6144][4096x1920x6144]',,tensorop,f32,128,128,128,2,4,1,2,1,1,12,4,1,1,128,128,32,100,110,843055104,1546439884800,1834,0.609469,1288.26,2.53736e+06
1,CUTLASS,grouped_gemm,cutlass3x_sm100_tensorop_gemm_grouped_e4m3_e4m3_f32_bf16_e4m3_128x128x128_2x4x1_0_nnn_align16_stream_k_2sm_epi_tma,passed,success,grouped,,,,,fe4m3:column,fe4m3:column,bf16:column,fe4m3:column,1,0,invalid,invalid,heuristic,1,false,'[4096x1920x6144][4096x1920x6144][4096x1920x6144][4096x1920x6144][4096x1920x6144][4096x1920x6144][4096x1920x6144][4096x1920x6144][4096x1920x6144][4096x1920x6144][4096x1920x6144][4096x1920x6144][4096x1920x6144][4096x1920x6144][4096x1920x6144][4096x1920x6144]',,tensorop,f32,128,128,128,2,4,1,2,1,1,12,4,1,1,128,128,32,100,110,843055104,1546439884800,1834,0.608322,1290.69,2.54214e+06
1,CUTLASS,grouped_gemm,cutlass3x_sm100_tensorop_gemm_grouped_e4m3_e4m3_f32_bf16_e4m3_128x128x128_4x2x1_0_nnn_align16_2sm_epi_tma,passed,success,grouped,,,,,fe4m3:column,fe4m3:column,bf16:column,fe4m3:column,1,0,invalid,invalid,heuristic,1,false,'[4096x1920x6144][4096x1920x6144][4096x1920x6144][4096x1920x6144][4096x1920x6144][4096x1920x6144][4096x1920x6144][4096x1920x6144][4096x1920x6144][4096x1920x6144][4096x1920x6144][4096x1920x6144][4096x1920x6144][4096x1920x6144][4096x1920x6144][4096x1920x6144]',,tensorop,f32,128,128,128,4,2,1,2,1,1,12,4,1,1,128,128,32,100,110,843055104,1546439884800,1834,0.612879,1281.1,2.52324e+06
1,CUTLASS,grouped_gemm,cutlass3x_sm100_tensorop_gemm_grouped_e4m3_e4m3_f32_bf16_e4m3_128x128x128_4x2x1_0_nnn_align16_stream_k_2sm_epi_tma,passed,success,grouped,,,,,fe4m3:column,fe4m3:column,bf16:column,fe4m3:column,1,0,invalid,invalid,heuristic,1,false,'[4096x1920x6144][4096x1920x6144][4096x1920x6144][4096x1920x6144][4096x1920x6144][4096x1920x6144][4096x1920x6144][4096x1920x6144][4096x1920x6144][4096x1920x6144][4096x1920x6144][4096x1920x6144][4096x1920x6144][4096x1920x6144][4096x1920x6144][4096x1920x6144]',,tensorop,f32,128,128,128,4,2,1,2,1,1,12,4,1,1,128,128,32,100,110,843055104,1546439884800,1834,0.605117,1297.53,2.5556e+06
1,CUTLASS,grouped_gemm,cutlass3x_sm100_tensorop_gemm_grouped_e4m3_e4m3_f32_bf16_e4m3_128x128x128_4x4x1_0_nnn_align16_2sm_epi_tma,passed,success,grouped,,,,,fe4m3:column,fe4m3:column,bf16:column,fe4m3:column,1,0,invalid,invalid,heuristic,1,false,'[4096x1920x6144][4096x1920x6144][4096x1920x6144][4096x1920x6144][4096x1920x6144][4096x1920x6144][4096x1920x6144][4096x1920x6144][4096x1920x6144][4096x1920x6144][4096x1920x6144][4096x1920x6144][4096x1920x6144][4096x1920x6144][4096x1920x6144][4096x1920x6144]',,tensorop,f32,128,128,128,4,4,1,2,1,1,12,4,1,1,128,128,32,100,110,843055104,1546439884800,1834,0.633573,1239.25,2.44082e+06
1,CUTLASS,grouped_gemm,cutlass3x_sm100_tensorop_gemm_grouped_e4m3_e4m3_f32_bf16_e4m3_128x128x128_4x4x1_0_nnn_align16_stream_k_2sm_epi_tma,passed,success,grouped,,,,,fe4m3:column,fe4m3:column,bf16:column,fe4m3:column,1,0,invalid,invalid,heuristic,1,false,'[4096x1920x6144][4096x1920x6144][4096x1920x6144][4096x1920x6144][4096x1920x6144][4096x1920x6144][4096x1920x6144][4096x1920x6144][4096x1920x6144][4096x1920x6144][4096x1920x6144][4096x1920x6144][4096x1920x6144][4096x1920x6144][4096x1920x6144][4096x1920x6144]',,tensorop,f32,128,128,128,4,4,1,2,1,1,12,4,1,1,128,128,32,100,110,843055104,1546439884800,1834,0.634608,1237.23,2.43684e+06
1,CUTLASS,grouped_gemm,cutlass3x_sm100_tensorop_gemm_grouped_e4m3_e4m3_f32_bf16_e4m3_128x128x128_0x0x1_0_ntn_align16_2sm_epi_tma,passed,success,grouped,,,,,fe4m3:column,fe4m3:row,bf16:column,fe4m3:column,1,0,invalid,invalid,heuristic,1,false,'[4096x1920x6144][4096x1920x6144][4096x1920x6144][4096x1920x6144][4096x1920x6144][4096x1920x6144][4096x1920x6144][4096x1920x6144][4096x1920x6144][4096x1920x6144][4096x1920x6144][4096x1920x6144][4096x1920x6144][4096x1920x6144][4096x1920x6144][4096x1920x6144]',,tensorop,f32,128,128,128,2,1,1,2,1,1,12,4,1,1,128,128,32,100,110,843055104,1546439884800,1834,0.731796,1072.92,2.11321e+06
1,CUTLASS,grouped_gemm,cutlass3x_sm100_tensorop_gemm_grouped_e4m3_e4m3_f32_bf16_e4m3_128x128x128_0x0x1_0_ntn_align16_stream_k_2sm_epi_tma,passed,success,grouped,,,,,fe4m3:column,fe4m3:row,bf16:column,fe4m3:column,1,0,invalid,invalid,heuristic,1,false,'[4096x1920x6144][4096x1920x6144][4096x1920x6144][4096x1920x6144][4096x1920x6144][4096x1920x6144][4096x1920x6144][4096x1920x6144][4096x1920x6144][4096x1920x6144][4096x1920x6144][4096x1920x6144][4096x1920x6144][4096x1920x6144][4096x1920x6144][4096x1920x6144]',,tensorop,f32,128,128,128,2,1,1,2,1,1,12,4,1,1,128,128,32,100,110,843055104,1546439884800,1834,0.725447,1082.31,2.13171e+06
1,CUTLASS,grouped_gemm,cutlass3x_sm100_tensorop_gemm_grouped_e4m3_e4m3_f32_bf16_e4m3_128x128x128_2x1x1_0_ntn_align16_2sm_epi_tma,passed,success,grouped,,,,,fe4m3:column,fe4m3:row,bf16:column,fe4m3:column,1,0,invalid,invalid,heuristic,1,false,'[4096x1920x6144][4096x1920x6144][4096x1920x6144][4096x1920x6144][4096x1920x6144][4096x1920x6144][4096x1920x6144][4096x1920x6144][4096x1920x6144][4096x1920x6144][4096x1920x6144][4096x1920x6144][4096x1920x6144][4096x1920x6144][4096x1920x6144][4096x1920x6144]',,tensorop,f32,128,128,128,2,1,1,2,1,1,12,4,1,1,128,128,32,100,110,843055104,1546439884800,1834,0.709001,1107.41,2.18115e+06
1,CUTLASS,grouped_gemm,cutlass3x_sm100_tensorop_gemm_grouped_e4m3_e4m3_f32_bf16_e4m3_128x128x128_2x1x1_0_ntn_align16_stream_k_2sm_epi_tma,passed,success,grouped,,,,,fe4m3:column,fe4m3:row,bf16:column,fe4m3:column,1,0,invalid,invalid,heuristic,1,false,'[4096x1920x6144][4096x1920x6144][4096x1920x6144][4096x1920x6144][4096x1920x6144][4096x1920x6144][4096x1920x6144][4096x1920x6144][4096x1920x6144][4096x1920x6144][4096x1920x6144][4096x1920x6144][4096x1920x6144][4096x1920x6144][4096x1920x6144][4096x1920x6144]',,tensorop,f32,128,128,128,2,1,1,2,1,1,12,4,1,1,128,128,32,100,110,843055104,1546439884800,1834,0.724228,1084.13,2.13529e+06
1,CUTLASS,grouped_gemm,cutlass3x_sm100_tensorop_gemm_grouped_e4m3_e4m3_f32_bf16_e4m3_128x128x128_2x2x1_0_ntn_align16_2sm_epi_tma,passed,success,grouped,,,,,fe4m3:column,fe4m3:row,bf16:column,fe4m3:column,1,0,invalid,invalid,heuristic,1,false,'[4096x1920x6144][4096x1920x6144][4096x1920x6144][4096x1920x6144][4096x1920x6144][4096x1920x6144][4096x1920x6144][4096x1920x6144][4096x1920x6144][4096x1920x6144][4096x1920x6144][4096x1920x6144][4096x1920x6144][4096x1920x6144][4096x1920x6144][4096x1920x6144]',,tensorop,f32,128,128,128,2,2,1,2,1,1,12,4,1,1,128,128,32,100,110,843055104,1546439884800,1834,0.650388,1207.21,2.37772e+06
1,CUTLASS,grouped_gemm,cutlass3x_sm100_tensorop_gemm_grouped_e4m3_e4m3_f32_bf16_e4m3_128x128x128_2x2x1_0_ntn_align16_stream_k_2sm_epi_tma,passed,success,grouped,,,,,fe4m3:column,fe4m3:row,bf16:column,fe4m3:column,1,0,invalid,invalid,heuristic,1,false,'[4096x1920x6144][4096x1920x6144][4096x1920x6144][4096x1920x6144][4096x1920x6144][4096x1920x6144][4096x1920x6144][4096x1920x6144][4096x1920x6144][4096x1920x6144][4096x1920x6144][4096x1920x6144][4096x1920x6144][4096x1920x6144][4096x1920x6144][4096x1920x6144]',,tensorop,f32,128,128,128,2,2,1,2,1,1,12,4,1,1,128,128,32,100,110,843055104,1546439884800,1834,0.652477,1203.35,2.37011e+06
1,CUTLASS,grouped_gemm,cutlass3x_sm100_tensorop_gemm_grouped_e4m3_e4m3_f32_bf16_e4m3_128x128x128_4x1x1_0_ntn_align16_2sm_epi_tma,passed,success,grouped,,,,,fe4m3:column,fe4m3:row,bf16:column,fe4m3:column,1,0,invalid,invalid,heuristic,1,false,'[4096x1920x6144][4096x1920x6144][4096x1920x6144][4096x1920x6144][4096x1920x6144][4096x1920x6144][4096x1920x6144][4096x1920x6144][4096x1920x6144][4096x1920x6144][4096x1920x6144][4096x1920x6144][4096x1920x6144][4096x1920x6144][4096x1920x6144][4096x1920x6144]',,tensorop,f32,128,128,128,4,1,1,2,1,1,12,4,1,1,128,128,32,100,110,843055104,1546439884800,1834,0.62531,1255.63,2.47308e+06
1,CUTLASS,grouped_gemm,cutlass3x_sm100_tensorop_gemm_grouped_e4m3_e4m3_f32_bf16_e4m3_128x128x128_4x1x1_0_ntn_align16_stream_k_2sm_epi_tma,passed,success,grouped,,,,,fe4m3:column,fe4m3:row,bf16:column,fe4m3:column,1,0,invalid,invalid,heuristic,1,false,'[4096x1920x6144][4096x1920x6144][4096x1920x6144][4096x1920x6144][4096x1920x6144][4096x1920x6144][4096x1920x6144][4096x1920x6144][4096x1920x6144][4096x1920x6144][4096x1920x6144][4096x1920x6144][4096x1920x6144][4096x1920x6144][4096x1920x6144][4096x1920x6144]',,tensorop,f32,128,128,128,4,1,1,2,1,1,12,4,1,1,128,128,32,100,110,843055104,1546439884800,1834,0.624892,1256.47,2.47473e+06
1,CUTLASS,grouped_gemm,cutlass3x_sm100_tensorop_gemm_grouped_e4m3_e4m3_f32_bf16_e4m3_128x128x128_2x4x1_0_ntn_align16_2sm_epi_tma,passed,success,grouped,,,,,fe4m3:column,fe4m3:row,bf16:column,fe4m3:column,1,0,invalid,invalid,heuristic,1,false,'[4096x1920x6144][4096x1920x6144][4096x1920x6144][4096x1920x6144][4096x1920x6144][4096x1920x6144][4096x1920x6144][4096x1920x6144][4096x1920x6144][4096x1920x6144][4096x1920x6144][4096x1920x6144][4096x1920x6144][4096x1920x6144][4096x1920x6144][4096x1920x6144]',,tensorop,f32,128,128,128,2,4,1,2,1,1,12,4,1,1,128,128,32,100,110,843055104,1546439884800,1834,0.656726,1195.56,2.35477e+06
1,CUTLASS,grouped_gemm,cutlass3x_sm100_tensorop_gemm_grouped_e4m3_e4m3_f32_bf16_e4m3_128x128x128_2x4x1_0_ntn_align16_stream_k_2sm_epi_tma,passed,success,grouped,,,,,fe4m3:column,fe4m3:row,bf16:column,fe4m3:column,1,0,invalid,invalid,heuristic,1,false,'[4096x1920x6144][4096x1920x6144][4096x1920x6144][4096x1920x6144][4096x1920x6144][4096x1920x6144][4096x1920x6144][4096x1920x6144][4096x1920x6144][4096x1920x6144][4096x1920x6144][4096x1920x6144][4096x1920x6144][4096x1920x6144][4096x1920x6144][4096x1920x6144]',,tensorop,f32,128,128,128,2,4,1,2,1,1,12,4,1,1,128,128,32,100,110,843055104,1546439884800,1834,0.638776,1229.16,2.42094e+06
1,CUTLASS,grouped_gemm,cutlass3x_sm100_tensorop_gemm_grouped_e4m3_e4m3_f32_bf16_e4m3_128x128x128_4x2x1_0_ntn_align16_2sm_epi_tma,passed,success,grouped,,,,,fe4m3:column,fe4m3:row,bf16:column,fe4m3:column,1,0,invalid,invalid,heuristic,1,false,'[4096x1920x6144][4096x1920x6144][4096x1920x6144][4096x1920x6144][4096x1920x6144][4096x1920x6144][4096x1920x6144][4096x1920x6144][4096x1920x6144][4096x1920x6144][4096x1920x6144][4096x1920x6144][4096x1920x6144][4096x1920x6144][4096x1920x6144][4096x1920x6144]',,tensorop,f32,128,128,128,4,2,1,2,1,1,12,4,1,1,128,128,32,100,110,843055104,1546439884800,1834,0.632683,1240.99,2.44426e+06
1,CUTLASS,grouped_gemm,cutlass3x_sm100_tensorop_gemm_grouped_e4m3_e4m3_f32_bf16_e4m3_128x128x128_4x2x1_0_ntn_align16_stream_k_2sm_epi_tma,passed,success,grouped,,,,,fe4m3:column,fe4m3:row,bf16:column,fe4m3:column,1,0,invalid,invalid,heuristic,1,false,'[4096x1920x6144][4096x1920x6144][4096x1920x6144][4096x1920x6144][4096x1920x6144][4096x1920x6144][4096x1920x6144][4096x1920x6144][4096x1920x6144][4096x1920x6144][4096x1920x6144][4096x1920x6144][4096x1920x6144][4096x1920x6144][4096x1920x6144][4096x1920x6144]',,tensorop,f32,128,128,128,4,2,1,2,1,1,12,4,1,1,128,128,32,100,110,843055104,1546439884800,1834,0.630369,1245.55,2.45323e+06
1,CUTLASS,grouped_gemm,cutlass3x_sm100_tensorop_gemm_grouped_e4m3_e4m3_f32_bf16_e4m3_128x128x128_4x4x1_0_ntn_align16_2sm_epi_tma,passed,success,grouped,,,,,fe4m3:column,fe4m3:row,bf16:column,fe4m3:column,1,0,invalid,invalid,heuristic,1,false,'[4096x1920x6144][4096x1920x6144][4096x1920x6144][4096x1920x6144][4096x1920x6144][4096x1920x6144][4096x1920x6144][4096x1920x6144][4096x1920x6144][4096x1920x6144][4096x1920x6144][4096x1920x6144][4096x1920x6144][4096x1920x6144][4096x1920x6144][4096x1920x6144]',,tensorop,f32,128,128,128,4,4,1,2,1,1,12,4,1,1,128,128,32,100,110,843055104,1546439884800,1834,0.622473,1261.35,2.48435e+06
1,CUTLASS,grouped_gemm,cutlass3x_sm100_tensorop_gemm_grouped_e4m3_e4m3_f32_bf16_e4m3_128x128x128_4x4x1_0_ntn_align16_stream_k_2sm_epi_tma,passed,success,grouped,,,,,fe4m3:column,fe4m3:row,bf16:column,fe4m3:column,1,0,invalid,invalid,heuristic,1,false,'[4096x1920x6144][4096x1920x6144][4096x1920x6144][4096x1920x6144][4096x1920x6144][4096x1920x6144][4096x1920x6144][4096x1920x6144][4096x1920x6144][4096x1920x6144][4096x1920x6144][4096x1920x6144][4096x1920x6144][4096x1920x6144][4096x1920x6144][4096x1920x6144]',,tensorop,f32,128,128,128,4,4,1,2,1,1,12,4,1,1,128,128,32,100,110,843055104,1546439884800,1834,0.629467,1247.33,2.45674e+06
1,CUTLASS,grouped_gemm,cutlass3x_sm100_tensorop_gemm_grouped_e4m3_e4m3_f32_bf16_e4m3_128x128x128_0x0x1_0_tnn_align16_2sm_epi_tma,passed,success,grouped,,,,,fe4m3:row,fe4m3:column,bf16:column,fe4m3:column,1,0,invalid,invalid,heuristic,1,false,'[4096x1920x6144][4096x1920x6144][4096x1920x6144][4096x1920x6144][4096x1920x6144][4096x1920x6144][4096x1920x6144][4096x1920x6144][4096x1920x6144][4096x1920x6144][4096x1920x6144][4096x1920x6144][4096x1920x6144][4096x1920x6144][4096x1920x6144][4096x1920x6144]',,tensorop,f32,128,128,128,2,1,1,2,1,1,12,4,1,1,128,128,32,100,110,843055104,1546439884800,1834,0.569932,1377.63,2.71338e+06
1,CUTLASS,grouped_gemm,cutlass3x_sm100_tensorop_gemm_grouped_e4m3_e4m3_f32_bf16_e4m3_128x128x128_0x0x1_0_tnn_align16_stream_k_2sm_epi_tma,passed,success,grouped,,,,,fe4m3:row,fe4m3:column,bf16:column,fe4m3:column,1,0,invalid,invalid,heuristic,1,false,'[4096x1920x6144][4096x1920x6144][4096x1920x6144][4096x1920x6144][4096x1920x6144][4096x1920x6144][4096x1920x6144][4096x1920x6144][4096x1920x6144][4096x1920x6144][4096x1920x6144][4096x1920x6144][4096x1920x6144][4096x1920x6144][4096x1920x6144][4096x1920x6144]',,tensorop,f32,128,128,128,2,1,1,2,1,1,12,4,1,1,128,128,32,100,110,843055104,1546439884800,1834,0.577172,1360.35,2.67934e+06
1,CUTLASS,grouped_gemm,cutlass3x_sm100_tensorop_gemm_grouped_e4m3_e4m3_f32_bf16_e4m3_128x128x128_2x1x1_0_tnn_align16_2sm_epi_tma,passed,success,grouped,,,,,fe4m3:row,fe4m3:column,bf16:column,fe4m3:column,1,0,invalid,invalid,heuristic,1,false,'[4096x1920x6144][4096x1920x6144][4096x1920x6144][4096x1920x6144][4096x1920x6144][4096x1920x6144][4096x1920x6144][4096x1920x6144][4096x1920x6144][4096x1920x6144][4096x1920x6144][4096x1920x6144][4096x1920x6144][4096x1920x6144][4096x1920x6144][4096x1920x6144]',,tensorop,f32,128,128,128,2,1,1,2,1,1,12,4,1,1,128,128,32,100,110,843055104,1546439884800,1834,0.569461,1378.77,2.71562e+06
1,CUTLASS,grouped_gemm,cutlass3x_sm100_tensorop_gemm_grouped_e4m3_e4m3_f32_bf16_e4m3_128x128x128_2x1x1_0_tnn_align16_stream_k_2sm_epi_tma,passed,success,grouped,,,,,fe4m3:row,fe4m3:column,bf16:column,fe4m3:column,1,0,invalid,invalid,heuristic,1,false,'[4096x1920x6144][4096x1920x6144][4096x1920x6144][4096x1920x6144][4096x1920x6144][4096x1920x6144][4096x1920x6144][4096x1920x6144][4096x1920x6144][4096x1920x6144][4096x1920x6144][4096x1920x6144][4096x1920x6144][4096x1920x6144][4096x1920x6144][4096x1920x6144]',,tensorop,f32,128,128,128,2,1,1,2,1,1,12,4,1,1,128,128,32,100,110,843055104,1546439884800,1834,0.575595,1364.08,2.68668e+06
1,CUTLASS,grouped_gemm,cutlass3x_sm100_tensorop_gemm_grouped_e4m3_e4m3_f32_bf16_e4m3_128x128x128_2x2x1_0_tnn_align16_2sm_epi_tma,passed,success,grouped,,,,,fe4m3:row,fe4m3:column,bf16:column,fe4m3:column,1,0,invalid,invalid,heuristic,1,false,'[4096x1920x6144][4096x1920x6144][4096x1920x6144][4096x1920x6144][4096x1920x6144][4096x1920x6144][4096x1920x6144][4096x1920x6144][4096x1920x6144][4096x1920x6144][4096x1920x6144][4096x1920x6144][4096x1920x6144][4096x1920x6144][4096x1920x6144][4096x1920x6144]',,tensorop,f32,128,128,128,2,2,1,2,1,1,12,4,1,1,128,128,32,100,110,843055104,1546439884800,1834,0.581329,1350.62,2.66018e+06
1,CUTLASS,grouped_gemm,cutlass3x_sm100_tensorop_gemm_grouped_e4m3_e4m3_f32_bf16_e4m3_128x128x128_2x2x1_0_tnn_align16_stream_k_2sm_epi_tma,passed,success,grouped,,,,,fe4m3:row,fe4m3:column,bf16:column,fe4m3:column,1,0,invalid,invalid,heuristic,1,false,'[4096x1920x6144][4096x1920x6144][4096x1920x6144][4096x1920x6144][4096x1920x6144][4096x1920x6144][4096x1920x6144][4096x1920x6144][4096x1920x6144][4096x1920x6144][4096x1920x6144][4096x1920x6144][4096x1920x6144][4096x1920x6144][4096x1920x6144][4096x1920x6144]',,tensorop,f32,128,128,128,2,2,1,2,1,1,12,4,1,1,128,128,32,100,110,843055104,1546439884800,1834,0.58395,1344.56,2.64824e+06
1,CUTLASS,grouped_gemm,cutlass3x_sm100_tensorop_gemm_grouped_e4m3_e4m3_f32_bf16_e4m3_128x128x128_4x1x1_0_tnn_align16_2sm_epi_tma,passed,success,grouped,,,,,fe4m3:row,fe4m3:column,bf16:column,fe4m3:column,1,0,invalid,invalid,heuristic,1,false,'[4096x1920x6144][4096x1920x6144][4096x1920x6144][4096x1920x6144][4096x1920x6144][4096x1920x6144][4096x1920x6144][4096x1920x6144][4096x1920x6144][4096x1920x6144][4096x1920x6144][4096x1920x6144][4096x1920x6144][4096x1920x6144][4096x1920x6144][4096x1920x6144]',,tensorop,f32,128,128,128,4,1,1,2,1,1,12,4,1,1,128,128,32,100,110,843055104,1546439884800,1834,0.510786,1537.15,3.02757e+06
1,CUTLASS,grouped_gemm,cutlass3x_sm100_tensorop_gemm_grouped_e4m3_e4m3_f32_bf16_e4m3_128x128x128_4x1x1_0_tnn_align16_stream_k_2sm_epi_tma,passed,success,grouped,,,,,fe4m3:row,fe4m3:column,bf16:column,fe4m3:column,1,0,invalid,invalid,heuristic,1,false,'[4096x1920x6144][4096x1920x6144][4096x1920x6144][4096x1920x6144][4096x1920x6144][4096x1920x6144][4096x1920x6144][4096x1920x6144][4096x1920x6144][4096x1920x6144][4096x1920x6144][4096x1920x6144][4096x1920x6144][4096x1920x6144][4096x1920x6144][4096x1920x6144]',,tensorop,f32,128,128,128,4,1,1,2,1,1,12,4,1,1,128,128,32,100,110,843055104,1546439884800,1834,0.540943,1451.46,2.85879e+06
1,CUTLASS,grouped_gemm,cutlass3x_sm100_tensorop_gemm_grouped_e4m3_e4m3_f32_bf16_e4m3_128x128x128_2x4x1_0_tnn_align16_2sm_epi_tma,passed,success,grouped,,,,,fe4m3:row,fe4m3:column,bf16:column,fe4m3:column,1,0,invalid,invalid,heuristic,1,false,'[4096x1920x6144][4096x1920x6144][4096x1920x6144][4096x1920x6144][4096x1920x6144][4096x1920x6144][4096x1920x6144][4096x1920x6144][4096x1920x6144][4096x1920x6144][4096x1920x6144][4096x1920x6144][4096x1920x6144][4096x1920x6144][4096x1920x6144][4096x1920x6144]',,tensorop,f32,128,128,128,2,4,1,2,1,1,12,4,1,1,128,128,32,100,110,843055104,1546439884800,1834,0.605782,1296.1,2.5528e+06
1,CUTLASS,grouped_gemm,cutlass3x_sm100_tensorop_gemm_grouped_e4m3_e4m3_f32_bf16_e4m3_128x128x128_2x4x1_0_tnn_align16_stream_k_2sm_epi_tma,passed,success,grouped,,,,,fe4m3:row,fe4m3:column,bf16:column,fe4m3:column,1,0,invalid,invalid,heuristic,1,false,'[4096x1920x6144][4096x1920x6144][4096x1920x6144][4096x1920x6144][4096x1920x6144][4096x1920x6144][4096x1920x6144][4096x1920x6144][4096x1920x6144][4096x1920x6144][4096x1920x6144][4096x1920x6144][4096x1920x6144][4096x1920x6144][4096x1920x6144][4096x1920x6144]',,tensorop,f32,128,128,128,2,4,1,2,1,1,12,4,1,1,128,128,32,100,110,843055104,1546439884800,1834,0.613646,1279.49,2.52008e+06
1,CUTLASS,grouped_gemm,cutlass3x_sm100_tensorop_gemm_grouped_e4m3_e4m3_f32_bf16_e4m3_128x128x128_4x2x1_0_tnn_align16_2sm_epi_tma,passed,success,grouped,,,,,fe4m3:row,fe4m3:column,bf16:column,fe4m3:column,1,0,invalid,invalid,heuristic,1,false,'[4096x1920x6144][4096x1920x6144][4096x1920x6144][4096x1920x6144][4096x1920x6144][4096x1920x6144][4096x1920x6144][4096x1920x6144][4096x1920x6144][4096x1920x6144][4096x1920x6144][4096x1920x6144][4096x1920x6144][4096x1920x6144][4096x1920x6144][4096x1920x6144]',,tensorop,f32,128,128,128,4,2,1,2,1,1,12,4,1,1,128,128,32,100,110,843055104,1546439884800,1834,0.615756,1275.11,2.51145e+06
1,CUTLASS,grouped_gemm,cutlass3x_sm100_tensorop_gemm_grouped_e4m3_e4m3_f32_bf16_e4m3_128x128x128_4x2x1_0_tnn_align16_stream_k_2sm_epi_tma,passed,success,grouped,,,,,fe4m3:row,fe4m3:column,bf16:column,fe4m3:column,1,0,invalid,invalid,heuristic,1,false,'[4096x1920x6144][4096x1920x6144][4096x1920x6144][4096x1920x6144][4096x1920x6144][4096x1920x6144][4096x1920x6144][4096x1920x6144][4096x1920x6144][4096x1920x6144][4096x1920x6144][4096x1920x6144][4096x1920x6144][4096x1920x6144][4096x1920x6144][4096x1920x6144]',,tensorop,f32,128,128,128,4,2,1,2,1,1,12,4,1,1,128,128,32,100,110,843055104,1546439884800,1834,0.620016,1266.35,2.49419e+06
1,CUTLASS,grouped_gemm,cutlass3x_sm100_tensorop_gemm_grouped_e4m3_e4m3_f32_bf16_e4m3_128x128x128_4x4x1_0_tnn_align16_2sm_epi_tma,passed,success,grouped,,,,,fe4m3:row,fe4m3:column,bf16:column,fe4m3:column,1,0,invalid,invalid,heuristic,1,false,'[4096x1920x6144][4096x1920x6144][4096x1920x6144][4096x1920x6144][4096x1920x6144][4096x1920x6144][4096x1920x6144][4096x1920x6144][4096x1920x6144][4096x1920x6144][4096x1920x6144][4096x1920x6144][4096x1920x6144][4096x1920x6144][4096x1920x6144][4096x1920x6144]',,tensorop,f32,128,128,128,4,4,1,2,1,1,12,4,1,1,128,128,32,100,110,843055104,1546439884800,1834,0.638068,1230.52,2.42363e+06
1,CUTLASS,grouped_gemm,cutlass3x_sm100_tensorop_gemm_grouped_e4m3_e4m3_f32_bf16_e4m3_128x128x128_4x4x1_0_tnn_align16_stream_k_2sm_epi_tma,passed,success,grouped,,,,,fe4m3:row,fe4m3:column,bf16:column,fe4m3:column,1,0,invalid,invalid,heuristic,1,false,'[4096x1920x6144][4096x1920x6144][4096x1920x6144][4096x1920x6144][4096x1920x6144][4096x1920x6144][4096x1920x6144][4096x1920x6144][4096x1920x6144][4096x1920x6144][4096x1920x6144][4096x1920x6144][4096x1920x6144][4096x1920x6144][4096x1920x6144][4096x1920x6144]',,tensorop,f32,128,128,128,4,4,1,2,1,1,12,4,1,1,128,128,32,100,110,843055104,1546439884800,1834,0.638387,1229.91,2.42242e+06
1,CUTLASS,grouped_gemm,cutlass3x_sm100_tensorop_gemm_grouped_e4m3_e4m3_f32_bf16_e4m3_128x128x128_0x0x1_0_ttn_align16_2sm_epi_tma,passed,success,grouped,,,,,fe4m3:row,fe4m3:row,bf16:column,fe4m3:column,1,0,invalid,invalid,heuristic,1,false,'[4096x1920x6144][4096x1920x6144][4096x1920x6144][4096x1920x6144][4096x1920x6144][4096x1920x6144][4096x1920x6144][4096x1920x6144][4096x1920x6144][4096x1920x6144][4096x1920x6144][4096x1920x6144][4096x1920x6144][4096x1920x6144][4096x1920x6144][4096x1920x6144]',,tensorop,f32,128,128,128,2,1,1,2,1,1,12,4,1,1,128,128,32,100,110,843055104,1546439884800,1834,0.625179,1255.89,2.4736e+06
1,CUTLASS,grouped_gemm,cutlass3x_sm100_tensorop_gemm_grouped_e4m3_e4m3_f32_bf16_e4m3_128x128x128_0x0x1_0_ttn_align16_stream_k_2sm_epi_tma,passed,success,grouped,,,,,fe4m3:row,fe4m3:row,bf16:column,fe4m3:column,1,0,invalid,invalid,heuristic,1,false,'[4096x1920x6144][4096x1920x6144][4096x1920x6144][4096x1920x6144][4096x1920x6144][4096x1920x6144][4096x1920x6144][4096x1920x6144][4096x1920x6144][4096x1920x6144][4096x1920x6144][4096x1920x6144][4096x1920x6144][4096x1920x6144][4096x1920x6144][4096x1920x6144]',,tensorop,f32,128,128,128,2,1,1,2,1,1,12,4,1,1,128,128,32,100,110,843055104,1546439884800,1834,0.610299,1286.51,2.53391e+06
1,CUTLASS,grouped_gemm,cutlass3x_sm100_tensorop_gemm_grouped_e4m3_e4m3_f32_bf16_e4m3_128x128x128_2x1x1_0_ttn_align16_2sm_epi_tma,passed,success,grouped,,,,,fe4m3:row,fe4m3:row,bf16:column,fe4m3:column,1,0,invalid,invalid,heuristic,1,false,'[4096x1920x6144][4096x1920x6144][4096x1920x6144][4096x1920x6144][4096x1920x6144][4096x1920x6144][4096x1920x6144][4096x1920x6144][4096x1920x6144][4096x1920x6144][4096x1920x6144][4096x1920x6144][4096x1920x6144][4096x1920x6144][4096x1920x6144][4096x1920x6144]',,tensorop,f32,128,128,128,2,1,1,2,1,1,12,4,1,1,128,128,32,100,110,843055104,1546439884800,1834,0.609356,1288.5,2.53783e+06
1,CUTLASS,grouped_gemm,cutlass3x_sm100_tensorop_gemm_grouped_e4m3_e4m3_f32_bf16_e4m3_128x128x128_2x1x1_0_ttn_align16_stream_k_2sm_epi_tma,passed,success,grouped,,,,,fe4m3:row,fe4m3:row,bf16:column,fe4m3:column,1,0,invalid,invalid,heuristic,1,false,'[4096x1920x6144][4096x1920x6144][4096x1920x6144][4096x1920x6144][4096x1920x6144][4096x1920x6144][4096x1920x6144][4096x1920x6144][4096x1920x6144][4096x1920x6144][4096x1920x6144][4096x1920x6144][4096x1920x6144][4096x1920x6144][4096x1920x6144][4096x1920x6144]',,tensorop,f32,128,128,128,2,1,1,2,1,1,12,4,1,1,128,128,32,100,110,843055104,1546439884800,1834,0.5933,1323.37,2.60651e+06
1,CUTLASS,grouped_gemm,cutlass3x_sm100_tensorop_gemm_grouped_e4m3_e4m3_f32_bf16_e4m3_128x128x128_2x2x1_0_ttn_align16_2sm_epi_tma,passed,success,grouped,,,,,fe4m3:row,fe4m3:row,bf16:column,fe4m3:column,1,0,invalid,invalid,heuristic,1,false,'[4096x1920x6144][4096x1920x6144][4096x1920x6144][4096x1920x6144][4096x1920x6144][4096x1920x6144][4096x1920x6144][4096x1920x6144][4096x1920x6144][4096x1920x6144][4096x1920x6144][4096x1920x6144][4096x1920x6144][4096x1920x6144][4096x1920x6144][4096x1920x6144]',,tensorop,f32,128,128,128,2,2,1,2,1,1,12,4,1,1,128,128,32,100,110,843055104,1546439884800,1834,0.614343,1278.04,2.51723e+06
1,CUTLASS,grouped_gemm,cutlass3x_sm100_tensorop_gemm_grouped_e4m3_e4m3_f32_bf16_e4m3_128x128x128_2x2x1_0_ttn_align16_stream_k_2sm_epi_tma,passed,success,grouped,,,,,fe4m3:row,fe4m3:row,bf16:column,fe4m3:column,1,0,invalid,invalid,heuristic,1,false,'[4096x1920x6144][4096x1920x6144][4096x1920x6144][4096x1920x6144][4096x1920x6144][4096x1920x6144][4096x1920x6144][4096x1920x6144][4096x1920x6144][4096x1920x6144][4096x1920x6144][4096x1920x6144][4096x1920x6144][4096x1920x6144][4096x1920x6144][4096x1920x6144]',,tensorop,f32,128,128,128,2,2,1,2,1,1,12,4,1,1,128,128,32,100,110,843055104,1546439884800,1834,0.615705,1275.21,2.51166e+06
1,CUTLASS,grouped_gemm,cutlass3x_sm100_tensorop_gemm_grouped_e4m3_e4m3_f32_bf16_e4m3_128x128x128_4x1x1_0_ttn_align16_2sm_epi_tma,passed,success,grouped,,,,,fe4m3:row,fe4m3:row,bf16:column,fe4m3:column,1,0,invalid,invalid,heuristic,1,false,'[4096x1920x6144][4096x1920x6144][4096x1920x6144][4096x1920x6144][4096x1920x6144][4096x1920x6144][4096x1920x6144][4096x1920x6144][4096x1920x6144][4096x1920x6144][4096x1920x6144][4096x1920x6144][4096x1920x6144][4096x1920x6144][4096x1920x6144][4096x1920x6144]',,tensorop,f32,128,128,128,4,1,1,2,1,1,12,4,1,1,128,128,32,100,110,843055104,1546439884800,1834,0.53602,1464.79,2.88504e+06
1,CUTLASS,grouped_gemm,cutlass3x_sm100_tensorop_gemm_grouped_e4m3_e4m3_f32_bf16_e4m3_128x128x128_4x1x1_0_ttn_align16_stream_k_2sm_epi_tma,passed,success,grouped,,,,,fe4m3:row,fe4m3:row,bf16:column,fe4m3:column,1,0,invalid,invalid,heuristic,1,false,'[4096x1920x6144][4096x1920x6144][4096x1920x6144][4096x1920x6144][4096x1920x6144][4096x1920x6144][4096x1920x6144][4096x1920x6144][4096x1920x6144][4096x1920x6144][4096x1920x6144][4096x1920x6144][4096x1920x6144][4096x1920x6144][4096x1920x6144][4096x1920x6144]',,tensorop,f32,128,128,128,4,1,1,2,1,1,12,4,1,1,128,128,32,100,110,843055104,1546439884800,1834,0.516653,1519.7,2.99319e+06
1,CUTLASS,grouped_gemm,cutlass3x_sm100_tensorop_gemm_grouped_e4m3_e4m3_f32_bf16_e4m3_128x128x128_2x4x1_0_ttn_align16_2sm_epi_tma,passed,success,grouped,,,,,fe4m3:row,fe4m3:row,bf16:column,fe4m3:column,1,0,invalid,invalid,heuristic,1,false,'[4096x1920x6144][4096x1920x6144][4096x1920x6144][4096x1920x6144][4096x1920x6144][4096x1920x6144][4096x1920x6144][4096x1920x6144][4096x1920x6144][4096x1920x6144][4096x1920x6144][4096x1920x6144][4096x1920x6144][4096x1920x6144][4096x1920x6144][4096x1920x6144]',,tensorop,f32,128,128,128,2,4,1,2,1,1,12,4,1,1,128,128,32,100,110,843055104,1546439884800,1834,0.635714,1235.08,2.4326e+06
1,CUTLASS,grouped_gemm,cutlass3x_sm100_tensorop_gemm_grouped_e4m3_e4m3_f32_bf16_e4m3_128x128x128_2x4x1_0_ttn_align16_stream_k_2sm_epi_tma,passed,success,grouped,,,,,fe4m3:row,fe4m3:row,bf16:column,fe4m3:column,1,0,invalid,invalid,heuristic,1,false,'[4096x1920x6144][4096x1920x6144][4096x1920x6144][4096x1920x6144][4096x1920x6144][4096x1920x6144][4096x1920x6144][4096x1920x6144][4096x1920x6144][4096x1920x6144][4096x1920x6144][4096x1920x6144][4096x1920x6144][4096x1920x6144][4096x1920x6144][4096x1920x6144]',,tensorop,f32,128,128,128,2,4,1,2,1,1,12,4,1,1,128,128,32,100,110,843055104,1546439884800,1834,0.628321,1249.61,2.46123e+06
1,CUTLASS,grouped_gemm,cutlass3x_sm100_tensorop_gemm_grouped_e4m3_e4m3_f32_bf16_e4m3_128x128x128_4x2x1_0_ttn_align16_2sm_epi_tma,passed,success,grouped,,,,,fe4m3:row,fe4m3:row,bf16:column,fe4m3:column,1,0,invalid,invalid,heuristic,1,false,'[4096x1920x6144][4096x1920x6144][4096x1920x6144][4096x1920x6144][4096x1920x6144][4096x1920x6144][4096x1920x6144][4096x1920x6144][4096x1920x6144][4096x1920x6144][4096x1920x6144][4096x1920x6144][4096x1920x6144][4096x1920x6144][4096x1920x6144][4096x1920x6144]',,tensorop,f32,128,128,128,4,2,1,2,1,1,12,4,1,1,128,128,32,100,110,843055104,1546439884800,1834,0.598972,1310.84,2.58182e+06
1,CUTLASS,grouped_gemm,cutlass3x_sm100_tensorop_gemm_grouped_e4m3_e4m3_f32_bf16_e4m3_128x128x128_4x2x1_0_ttn_align16_stream_k_2sm_epi_tma,passed,success,grouped,,,,,fe4m3:row,fe4m3:row,bf16:column,fe4m3:column,1,0,invalid,invalid,heuristic,1,false,'[4096x1920x6144][4096x1920x6144][4096x1920x6144][4096x1920x6144][4096x1920x6144][4096x1920x6144][4096x1920x6144][4096x1920x6144][4096x1920x6144][4096x1920x6144][4096x1920x6144][4096x1920x6144][4096x1920x6144][4096x1920x6144][4096x1920x6144][4096x1920x6144]',,tensorop,f32,128,128,128,4,2,1,2,1,1,12,4,1,1,128,128,32,100,110,843055104,1546439884800,1834,0.616626,1273.31,2.5079e+06
1,CUTLASS,grouped_gemm,cutlass3x_sm100_tensorop_gemm_grouped_e4m3_e4m3_f32_bf16_e4m3_128x128x128_4x4x1_0_ttn_align16_2sm_epi_tma,passed,success,grouped,,,,,fe4m3:row,fe4m3:row,bf16:column,fe4m3:column,1,0,invalid,invalid,heuristic,1,false,'[4096x1920x6144][4096x1920x6144][4096x1920x6144][4096x1920x6144][4096x1920x6144][4096x1920x6144][4096x1920x6144][4096x1920x6144][4096x1920x6144][4096x1920x6144][4096x1920x6144][4096x1920x6144][4096x1920x6144][4096x1920x6144][4096x1920x6144][4096x1920x6144]',,tensorop,f32,128,128,128,4,4,1,2,1,1,12,4,1,1,128,128,32,100,110,843055104,1546439884800,1834,0.627583,1251.08,2.46412e+06
1,CUTLASS,grouped_gemm,cutlass3x_sm100_tensorop_gemm_grouped_e4m3_e4m3_f32_bf16_e4m3_128x128x128_4x4x1_0_ttn_align16_stream_k_2sm_epi_tma,passed,success,grouped,,,,,fe4m3:row,fe4m3:row,bf16:column,fe4m3:column,1,0,invalid,invalid,heuristic,1,false,'[4096x1920x6144][4096x1920x6144][4096x1920x6144][4096x1920x6144][4096x1920x6144][4096x1920x6144][4096x1920x6144][4096x1920x6144][4096x1920x6144][4096x1920x6144][4096x1920x6144][4096x1920x6144][4096x1920x6144][4096x1920x6144][4096x1920x6144][4096x1920x6144]',,tensorop,f32,128,128,128,4,4,1,2,1,1,12,4,1,1,128,128,32,100,110,843055104,1546439884800,1834,0.624685,1256.88,2.47555e+06
1,CUTLASS,grouped_gemm,cutlass3x_sm100_tensorop_gemm_grouped_e4m3_e4m3_f32_bf16_e4m3_128x128x128_0x0x1_0_nnt_align16_2sm_epi_tma,passed,success,grouped,,,,,fe4m3:column,fe4m3:column,bf16:row,fe4m3:row,1,0,invalid,invalid,heuristic,1,false,'[4096x1920x6144][4096x1920x6144][4096x1920x6144][4096x1920x6144][4096x1920x6144][4096x1920x6144][4096x1920x6144][4096x1920x6144][4096x1920x6144][4096x1920x6144][4096x1920x6144][4096x1920x6144][4096x1920x6144][4096x1920x6144][4096x1920x6144][4096x1920x6144]',,tensorop,f32,128,128,128,2,1,1,2,1,1,12,4,1,1,128,128,32,100,110,843055104,1546439884800,1834,0.630133,1246.02,2.45415e+06
1,CUTLASS,grouped_gemm,cutlass3x_sm100_tensorop_gemm_grouped_e4m3_e4m3_f32_bf16_e4m3_128x128x128_0x0x1_0_nnt_align16_stream_k_2sm_epi_tma,passed,success,grouped,,,,,fe4m3:column,fe4m3:column,bf16:row,fe4m3:row,1,0,invalid,invalid,heuristic,1,false,'[4096x1920x6144][4096x1920x6144][4096x1920x6144][4096x1920x6144][4096x1920x6144][4096x1920x6144][4096x1920x6144][4096x1920x6144][4096x1920x6144][4096x1920x6144][4096x1920x6144][4096x1920x6144][4096x1920x6144][4096x1920x6144][4096x1920x6144][4096x1920x6144]',,tensorop,f32,128,128,128,2,1,1,2,1,1,12,4,1,1,128,128,32,100,110,843055104,1546439884800,1834,0.633871,1238.67,2.43968e+06
1,CUTLASS,grouped_gemm,cutlass3x_sm100_tensorop_gemm_grouped_e4m3_e4m3_f32_bf16_e4m3_128x128x128_2x1x1_0_nnt_align16_2sm_epi_tma,passed,success,grouped,,,,,fe4m3:column,fe4m3:column,bf16:row,fe4m3:row,1,0,invalid,invalid,heuristic,1,false,'[4096x1920x6144][4096x1920x6144][4096x1920x6144][4096x1920x6144][4096x1920x6144][4096x1920x6144][4096x1920x6144][4096x1920x6144][4096x1920x6144][4096x1920x6144][4096x1920x6144][4096x1920x6144][4096x1920x6144][4096x1920x6144][4096x1920x6144][4096x1920x6144]',,tensorop,f32,128,128,128,2,1,1,2,1,1,12,4,1,1,128,128,32,100,110,843055104,1546439884800,1834,0.644684,1217.89,2.39876e+06
1,CUTLASS,grouped_gemm,cutlass3x_sm100_tensorop_gemm_grouped_e4m3_e4m3_f32_bf16_e4m3_128x128x128_2x1x1_0_nnt_align16_stream_k_2sm_epi_tma,passed,success,grouped,,,,,fe4m3:column,fe4m3:column,bf16:row,fe4m3:row,1,0,invalid,invalid,heuristic,1,false,'[4096x1920x6144][4096x1920x6144][4096x1920x6144][4096x1920x6144][4096x1920x6144][4096x1920x6144][4096x1920x6144][4096x1920x6144][4096x1920x6144][4096x1920x6144][4096x1920x6144][4096x1920x6144][4096x1920x6144][4096x1920x6144][4096x1920x6144][4096x1920x6144]',,tensorop,f32,128,128,128,2,1,1,2,1,1,12,4,1,1,128,128,32,100,110,843055104,1546439884800,1834,0.608425,1290.47,2.54171e+06
1,CUTLASS,grouped_gemm,cutlass3x_sm100_tensorop_gemm_grouped_e4m3_e4m3_f32_bf16_e4m3_128x128x128_2x2x1_0_nnt_align16_2sm_epi_tma,passed,success,grouped,,,,,fe4m3:column,fe4m3:column,bf16:row,fe4m3:row,1,0,invalid,invalid,heuristic,1,false,'[4096x1920x6144][4096x1920x6144][4096x1920x6144][4096x1920x6144][4096x1920x6144][4096x1920x6144][4096x1920x6144][4096x1920x6144][4096x1920x6144][4096x1920x6144][4096x1920x6144][4096x1920x6144][4096x1920x6144][4096x1920x6144][4096x1920x6144][4096x1920x6144]',,tensorop,f32,128,128,128,2,2,1,2,1,1,12,4,1,1,128,128,32,100,110,843055104,1546439884800,1834,0.585887,1340.12,2.63949e+06
1,CUTLASS,grouped_gemm,cutlass3x_sm100_tensorop_gemm_grouped_e4m3_e4m3_f32_bf16_e4m3_128x128x128_2x2x1_0_nnt_align16_stream_k_2sm_epi_tma,passed,success,grouped,,,,,fe4m3:column,fe4m3:column,bf16:row,fe4m3:row,1,0,invalid,invalid,heuristic,1,false,'[4096x1920x6144][4096x1920x6144][4096x1920x6144][4096x1920x6144][4096x1920x6144][4096x1920x6144][4096x1920x6144][4096x1920x6144][4096x1920x6144][4096x1920x6144][4096x1920x6144][4096x1920x6144][4096x1920x6144][4096x1920x6144][4096x1920x6144][4096x1920x6144]',,tensorop,f32,128,128,128,2,2,1,2,1,1,12,4,1,1,128,128,32,100,110,843055104,1546439884800,1834,0.59842,1312.05,2.58421e+06
1,CUTLASS,grouped_gemm,cutlass3x_sm100_tensorop_gemm_grouped_e4m3_e4m3_f32_bf16_e4m3_128x128x128_4x1x1_0_nnt_align16_2sm_epi_tma,passed,success,grouped,,,,,fe4m3:column,fe4m3:column,bf16:row,fe4m3:row,1,0,invalid,invalid,heuristic,1,false,'[4096x1920x6144][4096x1920x6144][4096x1920x6144][4096x1920x6144][4096x1920x6144][4096x1920x6144][4096x1920x6144][4096x1920x6144][4096x1920x6144][4096x1920x6144][4096x1920x6144][4096x1920x6144][4096x1920x6144][4096x1920x6144][4096x1920x6144][4096x1920x6144]',,tensorop,f32,128,128,128,4,1,1,2,1,1,12,4,1,1,128,128,32,100,110,843055104,1546439884800,1834,0.578585,1357.03,2.6728e+06
1,CUTLASS,grouped_gemm,cutlass3x_sm100_tensorop_gemm_grouped_e4m3_e4m3_f32_bf16_e4m3_128x128x128_4x1x1_0_nnt_align16_stream_k_2sm_epi_tma,passed,success,grouped,,,,,fe4m3:column,fe4m3:column,bf16:row,fe4m3:row,1,0,invalid,invalid,heuristic,1,false,'[4096x1920x6144][4096x1920x6144][4096x1920x6144][4096x1920x6144][4096x1920x6144][4096x1920x6144][4096x1920x6144][4096x1920x6144][4096x1920x6144][4096x1920x6144][4096x1920x6144][4096x1920x6144][4096x1920x6144][4096x1920x6144][4096x1920x6144][4096x1920x6144]',,tensorop,f32,128,128,128,4,1,1,2,1,1,12,4,1,1,128,128,32,100,110,843055104,1546439884800,1834,0.570434,1376.42,2.71099e+06
1,CUTLASS,grouped_gemm,cutlass3x_sm100_tensorop_gemm_grouped_e4m3_e4m3_f32_bf16_e4m3_128x128x128_2x4x1_0_nnt_align16_2sm_epi_tma,passed,success,grouped,,,,,fe4m3:column,fe4m3:column,bf16:row,fe4m3:row,1,0,invalid,invalid,heuristic,1,false,'[4096x1920x6144][4096x1920x6144][4096x1920x6144][4096x1920x6144][4096x1920x6144][4096x1920x6144][4096x1920x6144][4096x1920x6144][4096x1920x6144][4096x1920x6144][4096x1920x6144][4096x1920x6144][4096x1920x6144][4096x1920x6144][4096x1920x6144][4096x1920x6144]',,tensorop,f32,128,128,128,2,4,1,2,1,1,12,4,1,1,128,128,32,100,110,843055104,1546439884800,1834,0.624665,1256.92,2.47563e+06
1,CUTLASS,grouped_gemm,cutlass3x_sm100_tensorop_gemm_grouped_e4m3_e4m3_f32_bf16_e4m3_128x128x128_2x4x1_0_nnt_align16_stream_k_2sm_epi_tma,passed,success,grouped,,,,,fe4m3:column,fe4m3:column,bf16:row,fe4m3:row,1,0,invalid,invalid,heuristic,1,false,'[4096x1920x6144][4096x1920x6144][4096x1920x6144][4096x1920x6144][4096x1920x6144][4096x1920x6144][4096x1920x6144][4096x1920x6144][4096x1920x6144][4096x1920x6144][4096x1920x6144][4096x1920x6144][4096x1920x6144][4096x1920x6144][4096x1920x6144][4096x1920x6144]',,tensorop,f32,128,128,128,2,4,1,2,1,1,12,4,1,1,128,128,32,100,110,843055104,1546439884800,1834,0.625965,1254.31,2.47049e+06
1,CUTLASS,grouped_gemm,cutlass3x_sm100_tensorop_gemm_grouped_e4m3_e4m3_f32_bf16_e4m3_128x128x128_4x2x1_0_nnt_align16_2sm_epi_tma,passed,success,grouped,,,,,fe4m3:column,fe4m3:column,bf16:row,fe4m3:row,1,0,invalid,invalid,heuristic,1,false,'[4096x1920x6144][4096x1920x6144][4096x1920x6144][4096x1920x6144][4096x1920x6144][4096x1920x6144][4096x1920x6144][4096x1920x6144][4096x1920x6144][4096x1920x6144][4096x1920x6144][4096x1920x6144][4096x1920x6144][4096x1920x6144][4096x1920x6144][4096x1920x6144]',,tensorop,f32,128,128,128,4,2,1,2,1,1,12,4,1,1,128,128,32,100,110,843055104,1546439884800,1834,0.625003,1256.24,2.47429e+06
1,CUTLASS,grouped_gemm,cutlass3x_sm100_tensorop_gemm_grouped_e4m3_e4m3_f32_bf16_e4m3_128x128x128_4x2x1_0_nnt_align16_stream_k_2sm_epi_tma,passed,success,grouped,,,,,fe4m3:column,fe4m3:column,bf16:row,fe4m3:row,1,0,invalid,invalid,heuristic,1,false,'[4096x1920x6144][4096x1920x6144][4096x1920x6144][4096x1920x6144][4096x1920x6144][4096x1920x6144][4096x1920x6144][4096x1920x6144][4096x1920x6144][4096x1920x6144][4096x1920x6144][4096x1920x6144][4096x1920x6144][4096x1920x6144][4096x1920x6144][4096x1920x6144]',,tensorop,f32,128,128,128,4,2,1,2,1,1,12,4,1,1,128,128,32,100,110,843055104,1546439884800,1834,0.620968,1264.41,2.49037e+06
1,CUTLASS,grouped_gemm,cutlass3x_sm100_tensorop_gemm_grouped_e4m3_e4m3_f32_bf16_e4m3_128x128x128_4x4x1_0_nnt_align16_2sm_epi_tma,passed,success,grouped,,,,,fe4m3:column,fe4m3:column,bf16:row,fe4m3:row,1,0,invalid,invalid,heuristic,1,false,'[4096x1920x6144][4096x1920x6144][4096x1920x6144][4096x1920x6144][4096x1920x6144][4096x1920x6144][4096x1920x6144][4096x1920x6144][4096x1920x6144][4096x1920x6144][4096x1920x6144][4096x1920x6144][4096x1920x6144][4096x1920x6144][4096x1920x6144][4096x1920x6144]',,tensorop,f32,128,128,128,4,4,1,2,1,1,12,4,1,1,128,128,32,100,110,843055104,1546439884800,1834,0.643885,1219.4,2.40173e+06
1,CUTLASS,grouped_gemm,cutlass3x_sm100_tensorop_gemm_grouped_e4m3_e4m3_f32_bf16_e4m3_128x128x128_4x4x1_0_nnt_align16_stream_k_2sm_epi_tma,passed,success,grouped,,,,,fe4m3:column,fe4m3:column,bf16:row,fe4m3:row,1,0,invalid,invalid,heuristic,1,false,'[4096x1920x6144][4096x1920x6144][4096x1920x6144][4096x1920x6144][4096x1920x6144][4096x1920x6144][4096x1920x6144][4096x1920x6144][4096x1920x6144][4096x1920x6144][4096x1920x6144][4096x1920x6144][4096x1920x6144][4096x1920x6144][4096x1920x6144][4096x1920x6144]',,tensorop,f32,128,128,128,4,4,1,2,1,1,12,4,1,1,128,128,32,100,110,843055104,1546439884800,1834,0.643803,1219.56,2.40204e+06
1,CUTLASS,grouped_gemm,cutlass3x_sm100_tensorop_gemm_grouped_e4m3_e4m3_f32_bf16_e4m3_128x128x128_0x0x1_0_ntt_align16_2sm_epi_tma,passed,success,grouped,,,,,fe4m3:column,fe4m3:row,bf16:row,fe4m3:row,1,0,invalid,invalid,heuristic,1,false,'[4096x1920x6144][4096x1920x6144][4096x1920x6144][4096x1920x6144][4096x1920x6144][4096x1920x6144][4096x1920x6144][4096x1920x6144][4096x1920x6144][4096x1920x6144][4096x1920x6144][4096x1920x6144][4096x1920x6144][4096x1920x6144][4096x1920x6144][4096x1920x6144]',,tensorop,f32,128,128,128,2,1,1,2,1,1,12,4,1,1,128,128,32,100,110,843055104,1546439884800,1834,0.736568,1065.97,2.09952e+06
1,CUTLASS,grouped_gemm,cutlass3x_sm100_tensorop_gemm_grouped_e4m3_e4m3_f32_bf16_e4m3_128x128x128_0x0x1_0_ntt_align16_stream_k_2sm_epi_tma,passed,success,grouped,,,,,fe4m3:column,fe4m3:row,bf16:row,fe4m3:row,1,0,invalid,invalid,heuristic,1,false,'[4096x1920x6144][4096x1920x6144][4096x1920x6144][4096x1920x6144][4096x1920x6144][4096x1920x6144][4096x1920x6144][4096x1920x6144][4096x1920x6144][4096x1920x6144][4096x1920x6144][4096x1920x6144][4096x1920x6144][4096x1920x6144][4096x1920x6144][4096x1920x6144]',,tensorop,f32,128,128,128,2,1,1,2,1,1,12,4,1,1,128,128,32,100,110,843055104,1546439884800,1834,0.749142,1048.07,2.06428e+06
1,CUTLASS,grouped_gemm,cutlass3x_sm100_tensorop_gemm_grouped_e4m3_e4m3_f32_bf16_e4m3_128x128x128_2x1x1_0_ntt_align16_2sm_epi_tma,passed,success,grouped,,,,,fe4m3:column,fe4m3:row,bf16:row,fe4m3:row,1,0,invalid,invalid,heuristic,1,false,'[4096x1920x6144][4096x1920x6144][4096x1920x6144][4096x1920x6144][4096x1920x6144][4096x1920x6144][4096x1920x6144][4096x1920x6144][4096x1920x6144][4096x1920x6144][4096x1920x6144][4096x1920x6144][4096x1920x6144][4096x1920x6144][4096x1920x6144][4096x1920x6144]',,tensorop,f32,128,128,128,2,1,1,2,1,1,12,4,1,1,128,128,32,100,110,843055104,1546439884800,1834,0.745671,1052.95,2.07389e+06
1,CUTLASS,grouped_gemm,cutlass3x_sm100_tensorop_gemm_grouped_e4m3_e4m3_f32_bf16_e4m3_128x128x128_2x1x1_0_ntt_align16_stream_k_2sm_epi_tma,passed,success,grouped,,,,,fe4m3:column,fe4m3:row,bf16:row,fe4m3:row,1,0,invalid,invalid,heuristic,1,false,'[4096x1920x6144][4096x1920x6144][4096x1920x6144][4096x1920x6144][4096x1920x6144][4096x1920x6144][4096x1920x6144][4096x1920x6144][4096x1920x6144][4096x1920x6144][4096x1920x6144][4096x1920x6144][4096x1920x6144][4096x1920x6144][4096x1920x6144][4096x1920x6144]',,tensorop,f32,128,128,128,2,1,1,2,1,1,12,4,1,1,128,128,32,100,110,843055104,1546439884800,1834,0.754356,1040.83,2.05001e+06
1,CUTLASS,grouped_gemm,cutlass3x_sm100_tensorop_gemm_grouped_e4m3_e4m3_f32_bf16_e4m3_128x128x128_2x2x1_0_ntt_align16_2sm_epi_tma,passed,success,grouped,,,,,fe4m3:column,fe4m3:row,bf16:row,fe4m3:row,1,0,invalid,invalid,heuristic,1,false,'[4096x1920x6144][4096x1920x6144][4096x1920x6144][4096x1920x6144][4096x1920x6144][4096x1920x6144][4096x1920x6144][4096x1920x6144][4096x1920x6144][4096x1920x6144][4096x1920x6144][4096x1920x6144][4096x1920x6144][4096x1920x6144][4096x1920x6144][4096x1920x6144]',,tensorop,f32,128,128,128,2,2,1,2,1,1,12,4,1,1,128,128,32,100,110,843055104,1546439884800,1834,0.640733,1225.4,2.41355e+06
1,CUTLASS,grouped_gemm,cutlass3x_sm100_tensorop_gemm_grouped_e4m3_e4m3_f32_bf16_e4m3_128x128x128_2x2x1_0_ntt_align16_stream_k_2sm_epi_tma,passed,success,grouped,,,,,fe4m3:column,fe4m3:row,bf16:row,fe4m3:row,1,0,invalid,invalid,heuristic,1,false,'[4096x1920x6144][4096x1920x6144][4096x1920x6144][4096x1920x6144][4096x1920x6144][4096x1920x6144][4096x1920x6144][4096x1920x6144][4096x1920x6144][4096x1920x6144][4096x1920x6144][4096x1920x6144][4096x1920x6144][4096x1920x6144][4096x1920x6144][4096x1920x6144]',,tensorop,f32,128,128,128,2,2,1,2,1,1,12,4,1,1,128,128,32,100,110,843055104,1546439884800,1834,0.657494,1194.16,2.35202e+06
1,CUTLASS,grouped_gemm,cutlass3x_sm100_tensorop_gemm_grouped_e4m3_e4m3_f32_bf16_e4m3_128x128x128_4x1x1_0_ntt_align16_2sm_epi_tma,passed,success,grouped,,,,,fe4m3:column,fe4m3:row,bf16:row,fe4m3:row,1,0,invalid,invalid,heuristic,1,false,'[4096x1920x6144][4096x1920x6144][4096x1920x6144][4096x1920x6144][4096x1920x6144][4096x1920x6144][4096x1920x6144][4096x1920x6144][4096x1920x6144][4096x1920x6144][4096x1920x6144][4096x1920x6144][4096x1920x6144][4096x1920x6144][4096x1920x6144][4096x1920x6144]',,tensorop,f32,128,128,128,4,1,1,2,1,1,12,4,1,1,128,128,32,100,110,843055104,1546439884800,1834,0.637864,1230.91,2.4244e+06
1,CUTLASS,grouped_gemm,cutlass3x_sm100_tensorop_gemm_grouped_e4m3_e4m3_f32_bf16_e4m3_128x128x128_4x1x1_0_ntt_align16_stream_k_2sm_epi_tma,passed,success,grouped,,,,,fe4m3:column,fe4m3:row,bf16:row,fe4m3:row,1,0,invalid,invalid,heuristic,1,false,'[4096x1920x6144][4096x1920x6144][4096x1920x6144][4096x1920x6144][4096x1920x6144][4096x1920x6144][4096x1920x6144][4096x1920x6144][4096x1920x6144][4096x1920x6144][4096x1920x6144][4096x1920x6144][4096x1920x6144][4096x1920x6144][4096x1920x6144][4096x1920x6144]',,tensorop,f32,128,128,128,4,1,1,2,1,1,12,4,1,1,128,128,32,100,110,843055104,1546439884800,1834,0.625074,1256.1,2.47401e+06
1,CUTLASS,grouped_gemm,cutlass3x_sm100_tensorop_gemm_grouped_e4m3_e4m3_f32_bf16_e4m3_128x128x128_2x4x1_0_ntt_align16_2sm_epi_tma,passed,success,grouped,,,,,fe4m3:column,fe4m3:row,bf16:row,fe4m3:row,1,0,invalid,invalid,heuristic,1,false,'[4096x1920x6144][4096x1920x6144][4096x1920x6144][4096x1920x6144][4096x1920x6144][4096x1920x6144][4096x1920x6144][4096x1920x6144][4096x1920x6144][4096x1920x6144][4096x1920x6144][4096x1920x6144][4096x1920x6144][4096x1920x6144][4096x1920x6144][4096x1920x6144]',,tensorop,f32,128,128,128,2,4,1,2,1,1,12,4,1,1,128,128,32,100,110,843055104,1546439884800,1834,0.675405,1162.5,2.28965e+06
1,CUTLASS,grouped_gemm,cutlass3x_sm100_tensorop_gemm_grouped_e4m3_e4m3_f32_bf16_e4m3_128x128x128_2x4x1_0_ntt_align16_stream_k_2sm_epi_tma,passed,success,grouped,,,,,fe4m3:column,fe4m3:row,bf16:row,fe4m3:row,1,0,invalid,invalid,heuristic,1,false,'[4096x1920x6144][4096x1920x6144][4096x1920x6144][4096x1920x6144][4096x1920x6144][4096x1920x6144][4096x1920x6144][4096x1920x6144][4096x1920x6144][4096x1920x6144][4096x1920x6144][4096x1920x6144][4096x1920x6144][4096x1920x6144][4096x1920x6144][4096x1920x6144]',,tensorop,f32,128,128,128,2,4,1,2,1,1,12,4,1,1,128,128,32,100,110,843055104,1546439884800,1834,0.658785,1191.83,2.34741e+06
1,CUTLASS,grouped_gemm,cutlass3x_sm100_tensorop_gemm_grouped_e4m3_e4m3_f32_bf16_e4m3_128x128x128_4x2x1_0_ntt_align16_2sm_epi_tma,passed,success,grouped,,,,,fe4m3:column,fe4m3:row,bf16:row,fe4m3:row,1,0,invalid,invalid,heuristic,1,false,'[4096x1920x6144][4096x1920x6144][4096x1920x6144][4096x1920x6144][4096x1920x6144][4096x1920x6144][4096x1920x6144][4096x1920x6144][4096x1920x6144][4096x1920x6144][4096x1920x6144][4096x1920x6144][4096x1920x6144][4096x1920x6144][4096x1920x6144][4096x1920x6144]',,tensorop,f32,128,128,128,4,2,1,2,1,1,12,4,1,1,128,128,32,100,110,843055104,1546439884800,1834,0.64621,1215.02,2.39309e+06
1,CUTLASS,grouped_gemm,cutlass3x_sm100_tensorop_gemm_grouped_e4m3_e4m3_f32_bf16_e4m3_128x128x128_4x2x1_0_ntt_align16_stream_k_2sm_epi_tma,passed,success,grouped,,,,,fe4m3:column,fe4m3:row,bf16:row,fe4m3:row,1,0,invalid,invalid,heuristic,1,false,'[4096x1920x6144][4096x1920x6144][4096x1920x6144][4096x1920x6144][4096x1920x6144][4096x1920x6144][4096x1920x6144][4096x1920x6144][4096x1920x6144][4096x1920x6144][4096x1920x6144][4096x1920x6144][4096x1920x6144][4096x1920x6144][4096x1920x6144][4096x1920x6144]',,tensorop,f32,128,128,128,4,2,1,2,1,1,12,4,1,1,128,128,32,100,110,843055104,1546439884800,1834,0.651084,1205.92,2.37518e+06
1,CUTLASS,grouped_gemm,cutlass3x_sm100_tensorop_gemm_grouped_e4m3_e4m3_f32_bf16_e4m3_128x128x128_4x4x1_0_ntt_align16_2sm_epi_tma,passed,success,grouped,,,,,fe4m3:column,fe4m3:row,bf16:row,fe4m3:row,1,0,invalid,invalid,heuristic,1,false,'[4096x1920x6144][4096x1920x6144][4096x1920x6144][4096x1920x6144][4096x1920x6144][4096x1920x6144][4096x1920x6144][4096x1920x6144][4096x1920x6144][4096x1920x6144][4096x1920x6144][4096x1920x6144][4096x1920x6144][4096x1920x6144][4096x1920x6144][4096x1920x6144]',,tensorop,f32,128,128,128,4,4,1,2,1,1,12,4,1,1,128,128,32,100,110,843055104,1546439884800,1834,0.648514,1210.7,2.38459e+06
1,CUTLASS,grouped_gemm,cutlass3x_sm100_tensorop_gemm_grouped_e4m3_e4m3_f32_bf16_e4m3_128x128x128_4x4x1_0_ntt_align16_stream_k_2sm_epi_tma,passed,success,grouped,,,,,fe4m3:column,fe4m3:row,bf16:row,fe4m3:row,1,0,invalid,invalid,heuristic,1,false,'[4096x1920x6144][4096x1920x6144][4096x1920x6144][4096x1920x6144][4096x1920x6144][4096x1920x6144][4096x1920x6144][4096x1920x6144][4096x1920x6144][4096x1920x6144][4096x1920x6144][4096x1920x6144][4096x1920x6144][4096x1920x6144][4096x1920x6144][4096x1920x6144]',,tensorop,f32,128,128,128,4,4,1,2,1,1,12,4,1,1,128,128,32,100,110,843055104,1546439884800,1834,0.646937,1213.65,2.3904e+06
1,CUTLASS,grouped_gemm,cutlass3x_sm100_tensorop_gemm_grouped_e4m3_e4m3_f32_bf16_e4m3_128x128x128_0x0x1_0_tnt_align16_2sm_epi_tma,passed,success,grouped,,,,,fe4m3:row,fe4m3:column,bf16:row,fe4m3:row,1,0,invalid,invalid,heuristic,1,false,'[4096x1920x6144][4096x1920x6144][4096x1920x6144][4096x1920x6144][4096x1920x6144][4096x1920x6144][4096x1920x6144][4096x1920x6144][4096x1920x6144][4096x1920x6144][4096x1920x6144][4096x1920x6144][4096x1920x6144][4096x1920x6144][4096x1920x6144][4096x1920x6144]',,tensorop,f32,128,128,128,2,1,1,2,1,1,12,4,1,1,128,128,32,100,110,843055104,1546439884800,1834,0.581032,1351.31,2.66154e+06
1,CUTLASS,grouped_gemm,cutlass3x_sm100_tensorop_gemm_grouped_e4m3_e4m3_f32_bf16_e4m3_128x128x128_0x0x1_0_tnt_align16_stream_k_2sm_epi_tma,passed,success,grouped,,,,,fe4m3:row,fe4m3:column,bf16:row,fe4m3:row,1,0,invalid,invalid,heuristic,1,false,'[4096x1920x6144][4096x1920x6144][4096x1920x6144][4096x1920x6144][4096x1920x6144][4096x1920x6144][4096x1920x6144][4096x1920x6144][4096x1920x6144][4096x1920x6144][4096x1920x6144][4096x1920x6144][4096x1920x6144][4096x1920x6144][4096x1920x6144][4096x1920x6144]',,tensorop,f32,128,128,128,2,1,1,2,1,1,12,4,1,1,128,128,32,100,110,843055104,1546439884800,1834,0.580971,1351.46,2.66182e+06
1,CUTLASS,grouped_gemm,cutlass3x_sm100_tensorop_gemm_grouped_e4m3_e4m3_f32_bf16_e4m3_128x128x128_2x1x1_0_tnt_align16_2sm_epi_tma,passed,success,grouped,,,,,fe4m3:row,fe4m3:column,bf16:row,fe4m3:row,1,0,invalid,invalid,heuristic,1,false,'[4096x1920x6144][4096x1920x6144][4096x1920x6144][4096x1920x6144][4096x1920x6144][4096x1920x6144][4096x1920x6144][4096x1920x6144][4096x1920x6144][4096x1920x6144][4096x1920x6144][4096x1920x6144][4096x1920x6144][4096x1920x6144][4096x1920x6144][4096x1920x6144]',,tensorop,f32,128,128,128,2,1,1,2,1,1,12,4,1,1,128,128,32,100,110,843055104,1546439884800,1834,0.581259,1350.79,2.6605e+06
1,CUTLASS,grouped_gemm,cutlass3x_sm100_tensorop_gemm_grouped_e4m3_e4m3_f32_bf16_e4m3_128x128x128_2x1x1_0_tnt_align16_stream_k_2sm_epi_tma,passed,success,grouped,,,,,fe4m3:row,fe4m3:column,bf16:row,fe4m3:row,1,0,invalid,invalid,heuristic,1,false,'[4096x1920x6144][4096x1920x6144][4096x1920x6144][4096x1920x6144][4096x1920x6144][4096x1920x6144][4096x1920x6144][4096x1920x6144][4096x1920x6144][4096x1920x6144][4096x1920x6144][4096x1920x6144][4096x1920x6144][4096x1920x6144][4096x1920x6144][4096x1920x6144]',,tensorop,f32,128,128,128,2,1,1,2,1,1,12,4,1,1,128,128,32,100,110,843055104,1546439884800,1834,0.579865,1354.03,2.6669e+06
1,CUTLASS,grouped_gemm,cutlass3x_sm100_tensorop_gemm_grouped_e4m3_e4m3_f32_bf16_e4m3_128x128x128_2x2x1_0_tnt_align16_2sm_epi_tma,passed,success,grouped,,,,,fe4m3:row,fe4m3:column,bf16:row,fe4m3:row,1,0,invalid,invalid,heuristic,1,false,'[4096x1920x6144][4096x1920x6144][4096x1920x6144][4096x1920x6144][4096x1920x6144][4096x1920x6144][4096x1920x6144][4096x1920x6144][4096x1920x6144][4096x1920x6144][4096x1920x6144][4096x1920x6144][4096x1920x6144][4096x1920x6144][4096x1920x6144][4096x1920x6144]',,tensorop,f32,128,128,128,2,2,1,2,1,1,12,4,1,1,128,128,32,100,110,843055104,1546439884800,1834,0.588384,1334.43,2.62828e+06
1,CUTLASS,grouped_gemm,cutlass3x_sm100_tensorop_gemm_grouped_e4m3_e4m3_f32_bf16_e4m3_128x128x128_2x2x1_0_tnt_align16_stream_k_2sm_epi_tma,passed,success,grouped,,,,,fe4m3:row,fe4m3:column,bf16:row,fe4m3:row,1,0,invalid,invalid,heuristic,1,false,'[4096x1920x6144][4096x1920x6144][4096x1920x6144][4096x1920x6144][4096x1920x6144][4096x1920x6144][4096x1920x6144][4096x1920x6144][4096x1920x6144][4096x1920x6144][4096x1920x6144][4096x1920x6144][4096x1920x6144][4096x1920x6144][4096x1920x6144][4096x1920x6144]',,tensorop,f32,128,128,128,2,2,1,2,1,1,12,4,1,1,128,128,32,100,110,843055104,1546439884800,1834,0.583572,1345.43,2.64996e+06
1,CUTLASS,grouped_gemm,cutlass3x_sm100_tensorop_gemm_grouped_e4m3_e4m3_f32_bf16_e4m3_128x128x128_4x1x1_0_tnt_align16_2sm_epi_tma,passed,success,grouped,,,,,fe4m3:row,fe4m3:column,bf16:row,fe4m3:row,1,0,invalid,invalid,heuristic,1,false,'[4096x1920x6144][4096x1920x6144][4096x1920x6144][4096x1920x6144][4096x1920x6144][4096x1920x6144][4096x1920x6144][4096x1920x6144][4096x1920x6144][4096x1920x6144][4096x1920x6144][4096x1920x6144][4096x1920x6144][4096x1920x6144][4096x1920x6144][4096x1920x6144]',,tensorop,f32,128,128,128,4,1,1,2,1,1,12,4,1,1,128,128,32,100,110,843055104,1546439884800,1834,0.528184,1486.52,2.92784e+06
1,CUTLASS,grouped_gemm,cutlass3x_sm100_tensorop_gemm_grouped_e4m3_e4m3_f32_bf16_e4m3_128x128x128_4x1x1_0_tnt_align16_stream_k_2sm_epi_tma,passed,success,grouped,,,,,fe4m3:row,fe4m3:column,bf16:row,fe4m3:row,1,0,invalid,invalid,heuristic,1,false,'[4096x1920x6144][4096x1920x6144][4096x1920x6144][4096x1920x6144][4096x1920x6144][4096x1920x6144][4096x1920x6144][4096x1920x6144][4096x1920x6144][4096x1920x6144][4096x1920x6144][4096x1920x6144][4096x1920x6144][4096x1920x6144][4096x1920x6144][4096x1920x6144]',,tensorop,f32,128,128,128,4,1,1,2,1,1,12,4,1,1,128,128,32,100,110,843055104,1546439884800,1834,0.528102,1486.75,2.9283e+06
1,CUTLASS,grouped_gemm,cutlass3x_sm100_tensorop_gemm_grouped_e4m3_e4m3_f32_bf16_e4m3_128x128x128_2x4x1_0_tnt_align16_2sm_epi_tma,passed,success,grouped,,,,,fe4m3:row,fe4m3:column,bf16:row,fe4m3:row,1,0,invalid,invalid,heuristic,1,false,'[4096x1920x6144][4096x1920x6144][4096x1920x6144][4096x1920x6144][4096x1920x6144][4096x1920x6144][4096x1920x6144][4096x1920x6144][4096x1920x6144][4096x1920x6144][4096x1920x6144][4096x1920x6144][4096x1920x6144][4096x1920x6144][4096x1920x6144][4096x1920x6144]',,tensorop,f32,128,128,128,2,4,1,2,1,1,12,4,1,1,128,128,32,100,110,843055104,1546439884800,1834,0.622524,1261.25,2.48414e+06
1,CUTLASS,grouped_gemm,cutlass3x_sm100_tensorop_gemm_grouped_e4m3_e4m3_f32_bf16_e4m3_128x128x128_2x4x1_0_tnt_align16_stream_k_2sm_epi_tma,passed,success,grouped,,,,,fe4m3:row,fe4m3:column,bf16:row,fe4m3:row,1,0,invalid,invalid,heuristic,1,false,'[4096x1920x6144][4096x1920x6144][4096x1920x6144][4096x1920x6144][4096x1920x6144][4096x1920x6144][4096x1920x6144][4096x1920x6144][4096x1920x6144][4096x1920x6144][4096x1920x6144][4096x1920x6144][4096x1920x6144][4096x1920x6144][4096x1920x6144][4096x1920x6144]',,tensorop,f32,128,128,128,2,4,1,2,1,1,12,4,1,1,128,128,32,100,110,843055104,1546439884800,1834,0.619934,1266.52,2.49452e+06
1,CUTLASS,grouped_gemm,cutlass3x_sm100_tensorop_gemm_grouped_e4m3_e4m3_f32_bf16_e4m3_128x128x128_4x2x1_0_tnt_align16_2sm_epi_tma,passed,success,grouped,,,,,fe4m3:row,fe4m3:column,bf16:row,fe4m3:row,1,0,invalid,invalid,heuristic,1,false,'[4096x1920x6144][4096x1920x6144][4096x1920x6144][4096x1920x6144][4096x1920x6144][4096x1920x6144][4096x1920x6144][4096x1920x6144][4096x1920x6144][4096x1920x6144][4096x1920x6144][4096x1920x6144][4096x1920x6144][4096x1920x6144][4096x1920x6144][4096x1920x6144]',,tensorop,f32,128,128,128,4,2,1,2,1,1,12,4,1,1,128,128,32,100,110,843055104,1546439884800,1834,0.625033,1256.18,2.47417e+06
1,CUTLASS,grouped_gemm,cutlass3x_sm100_tensorop_gemm_grouped_e4m3_e4m3_f32_bf16_e4m3_128x128x128_4x2x1_0_tnt_align16_stream_k_2sm_epi_tma,passed,success,grouped,,,,,fe4m3:row,fe4m3:column,bf16:row,fe4m3:row,1,0,invalid,invalid,heuristic,1,false,'[4096x1920x6144][4096x1920x6144][4096x1920x6144][4096x1920x6144][4096x1920x6144][4096x1920x6144][4096x1920x6144][4096x1920x6144][4096x1920x6144][4096x1920x6144][4096x1920x6144][4096x1920x6144][4096x1920x6144][4096x1920x6144][4096x1920x6144][4096x1920x6144]',,tensorop,f32,128,128,128,4,2,1,2,1,1,12,4,1,1,128,128,32,100,110,843055104,1546439884800,1834,0.625372,1255.5,2.47283e+06
1,CUTLASS,grouped_gemm,cutlass3x_sm100_tensorop_gemm_grouped_e4m3_e4m3_f32_bf16_e4m3_128x128x128_4x4x1_0_tnt_align16_2sm_epi_tma,passed,success,grouped,,,,,fe4m3:row,fe4m3:column,bf16:row,fe4m3:row,1,0,invalid,invalid,heuristic,1,false,'[4096x1920x6144][4096x1920x6144][4096x1920x6144][4096x1920x6144][4096x1920x6144][4096x1920x6144][4096x1920x6144][4096x1920x6144][4096x1920x6144][4096x1920x6144][4096x1920x6144][4096x1920x6144][4096x1920x6144][4096x1920x6144][4096x1920x6144][4096x1920x6144]',,tensorop,f32,128,128,128,4,4,1,2,1,1,12,4,1,1,128,128,32,100,110,843055104,1546439884800,1834,0.652169,1203.92,2.37123e+06
1,CUTLASS,grouped_gemm,cutlass3x_sm100_tensorop_gemm_grouped_e4m3_e4m3_f32_bf16_e4m3_128x128x128_4x4x1_0_tnt_align16_stream_k_2sm_epi_tma,passed,success,grouped,,,,,fe4m3:row,fe4m3:column,bf16:row,fe4m3:row,1,0,invalid,invalid,heuristic,1,false,'[4096x1920x6144][4096x1920x6144][4096x1920x6144][4096x1920x6144][4096x1920x6144][4096x1920x6144][4096x1920x6144][4096x1920x6144][4096x1920x6144][4096x1920x6144][4096x1920x6144][4096x1920x6144][4096x1920x6144][4096x1920x6144][4096x1920x6144][4096x1920x6144]',,tensorop,f32,128,128,128,4,4,1,2,1,1,12,4,1,1,128,128,32,100,110,843055104,1546439884800,1834,0.649937,1208.05,2.37937e+06
1,CUTLASS,grouped_gemm,cutlass3x_sm100_tensorop_gemm_grouped_e4m3_e4m3_f32_bf16_e4m3_128x128x128_0x0x1_0_ttt_align16_2sm_epi_tma,passed,success,grouped,,,,,fe4m3:row,fe4m3:row,bf16:row,fe4m3:row,1,0,invalid,invalid,heuristic,1,false,'[4096x1920x6144][4096x1920x6144][4096x1920x6144][4096x1920x6144][4096x1920x6144][4096x1920x6144][4096x1920x6144][4096x1920x6144][4096x1920x6144][4096x1920x6144][4096x1920x6144][4096x1920x6144][4096x1920x6144][4096x1920x6144][4096x1920x6144][4096x1920x6144]',,tensorop,f32,128,128,128,2,1,1,2,1,1,12,4,1,1,128,128,32,100,110,843055104,1546439884800,1834,0.600816,1306.82,2.5739e+06
1,CUTLASS,grouped_gemm,cutlass3x_sm100_tensorop_gemm_grouped_e4m3_e4m3_f32_bf16_e4m3_128x128x128_0x0x1_0_ttt_align16_stream_k_2sm_epi_tma,passed,success,grouped,,,,,fe4m3:row,fe4m3:row,bf16:row,fe4m3:row,1,0,invalid,invalid,heuristic,1,false,'[4096x1920x6144][4096x1920x6144][4096x1920x6144][4096x1920x6144][4096x1920x6144][4096x1920x6144][4096x1920x6144][4096x1920x6144][4096x1920x6144][4096x1920x6144][4096x1920x6144][4096x1920x6144][4096x1920x6144][4096x1920x6144][4096x1920x6144][4096x1920x6144]',,tensorop,f32,128,128,128,2,1,1,2,1,1,12,4,1,1,128,128,32,100,110,843055104,1546439884800,1834,0.594171,1321.43,2.60269e+06
1,CUTLASS,grouped_gemm,cutlass3x_sm100_tensorop_gemm_grouped_e4m3_e4m3_f32_bf16_e4m3_128x128x128_2x1x1_0_ttt_align16_2sm_epi_tma,passed,success,grouped,,,,,fe4m3:row,fe4m3:row,bf16:row,fe4m3:row,1,0,invalid,invalid,heuristic,1,false,'[4096x1920x6144][4096x1920x6144][4096x1920x6144][4096x1920x6144][4096x1920x6144][4096x1920x6144][4096x1920x6144][4096x1920x6144][4096x1920x6144][4096x1920x6144][4096x1920x6144][4096x1920x6144][4096x1920x6144][4096x1920x6144][4096x1920x6144][4096x1920x6144]',,tensorop,f32,128,128,128,2,1,1,2,1,1,12,4,1,1,128,128,32,100,110,843055104,1546439884800,1834,0.62361,1259.05,2.47982e+06
1,CUTLASS,grouped_gemm,cutlass3x_sm100_tensorop_gemm_grouped_e4m3_e4m3_f32_bf16_e4m3_128x128x128_2x1x1_0_ttt_align16_stream_k_2sm_epi_tma,passed,success,grouped,,,,,fe4m3:row,fe4m3:row,bf16:row,fe4m3:row,1,0,invalid,invalid,heuristic,1,false,'[4096x1920x6144][4096x1920x6144][4096x1920x6144][4096x1920x6144][4096x1920x6144][4096x1920x6144][4096x1920x6144][4096x1920x6144][4096x1920x6144][4096x1920x6144][4096x1920x6144][4096x1920x6144][4096x1920x6144][4096x1920x6144][4096x1920x6144][4096x1920x6144]',,tensorop,f32,128,128,128,2,1,1,2,1,1,12,4,1,1,128,128,32,100,110,843055104,1546439884800,1834,0.592869,1324.33,2.6084e+06
1,CUTLASS,grouped_gemm,cutlass3x_sm100_tensorop_gemm_grouped_e4m3_e4m3_f32_bf16_e4m3_128x128x128_2x2x1_0_ttt_align16_2sm_epi_tma,passed,success,grouped,,,,,fe4m3:row,fe4m3:row,bf16:row,fe4m3:row,1,0,invalid,invalid,heuristic,1,false,'[4096x1920x6144][4096x1920x6144][4096x1920x6144][4096x1920x6144][4096x1920x6144][4096x1920x6144][4096x1920x6144][4096x1920x6144][4096x1920x6144][4096x1920x6144][4096x1920x6144][4096x1920x6144][4096x1920x6144][4096x1920x6144][4096x1920x6144][4096x1920x6144]',,tensorop,f32,128,128,128,2,2,1,2,1,1,12,4,1,1,128,128,32,100,110,843055104,1546439884800,1834,0.624276,1257.71,2.47717e+06
1,CUTLASS,grouped_gemm,cutlass3x_sm100_tensorop_gemm_grouped_e4m3_e4m3_f32_bf16_e4m3_128x128x128_2x2x1_0_ttt_align16_stream_k_2sm_epi_tma,passed,success,grouped,,,,,fe4m3:row,fe4m3:row,bf16:row,fe4m3:row,1,0,invalid,invalid,heuristic,1,false,'[4096x1920x6144][4096x1920x6144][4096x1920x6144][4096x1920x6144][4096x1920x6144][4096x1920x6144][4096x1920x6144][4096x1920x6144][4096x1920x6144][4096x1920x6144][4096x1920x6144][4096x1920x6144][4096x1920x6144][4096x1920x6144][4096x1920x6144][4096x1920x6144]',,tensorop,f32,128,128,128,2,2,1,2,1,1,12,4,1,1,128,128,32,100,110,843055104,1546439884800,1834,0.623262,1259.75,2.4812e+06
1,CUTLASS,grouped_gemm,cutlass3x_sm100_tensorop_gemm_grouped_e4m3_e4m3_f32_bf16_e4m3_128x128x128_4x1x1_0_ttt_align16_2sm_epi_tma,passed,success,grouped,,,,,fe4m3:row,fe4m3:row,bf16:row,fe4m3:row,1,0,invalid,invalid,heuristic,1,false,'[4096x1920x6144][4096x1920x6144][4096x1920x6144][4096x1920x6144][4096x1920x6144][4096x1920x6144][4096x1920x6144][4096x1920x6144][4096x1920x6144][4096x1920x6144][4096x1920x6144][4096x1920x6144][4096x1920x6144][4096x1920x6144][4096x1920x6144][4096x1920x6144]',,tensorop,f32,128,128,128,4,1,1,2,1,1,12,4,1,1,128,128,32,100,110,843055104,1546439884800,1834,0.5515,1423.68,2.80406e+06
1,CUTLASS,grouped_gemm,cutlass3x_sm100_tensorop_gemm_grouped_e4m3_e4m3_f32_bf16_e4m3_128x128x128_4x1x1_0_ttt_align16_stream_k_2sm_epi_tma,passed,success,grouped,,,,,fe4m3:row,fe4m3:row,bf16:row,fe4m3:row,1,0,invalid,invalid,heuristic,1,false,'[4096x1920x6144][4096x1920x6144][4096x1920x6144][4096x1920x6144][4096x1920x6144][4096x1920x6144][4096x1920x6144][4096x1920x6144][4096x1920x6144][4096x1920x6144][4096x1920x6144][4096x1920x6144][4096x1920x6144][4096x1920x6144][4096x1920x6144][4096x1920x6144]',,tensorop,f32,128,128,128,4,1,1,2,1,1,12,4,1,1,128,128,32,100,110,843055104,1546439884800,1834,0.545561,1439.17,2.83459e+06
1,CUTLASS,grouped_gemm,cutlass3x_sm100_tensorop_gemm_grouped_e4m3_e4m3_f32_bf16_e4m3_128x128x128_2x4x1_0_ttt_align16_2sm_epi_tma,passed,success,grouped,,,,,fe4m3:row,fe4m3:row,bf16:row,fe4m3:row,1,0,invalid,invalid,heuristic,1,false,'[4096x1920x6144][4096x1920x6144][4096x1920x6144][4096x1920x6144][4096x1920x6144][4096x1920x6144][4096x1920x6144][4096x1920x6144][4096x1920x6144][4096x1920x6144][4096x1920x6144][4096x1920x6144][4096x1920x6144][4096x1920x6144][4096x1920x6144][4096x1920x6144]',,tensorop,f32,128,128,128,2,4,1,2,1,1,12,4,1,1,128,128,32,100,110,843055104,1546439884800,1834,0.653685,1201.12,2.36573e+06
1,CUTLASS,grouped_gemm,cutlass3x_sm100_tensorop_gemm_grouped_e4m3_e4m3_f32_bf16_e4m3_128x128x128_2x4x1_0_ttt_align16_stream_k_2sm_epi_tma,passed,success,grouped,,,,,fe4m3:row,fe4m3:row,bf16:row,fe4m3:row,1,0,invalid,invalid,heuristic,1,false,'[4096x1920x6144][4096x1920x6144][4096x1920x6144][4096x1920x6144][4096x1920x6144][4096x1920x6144][4096x1920x6144][4096x1920x6144][4096x1920x6144][4096x1920x6144][4096x1920x6144][4096x1920x6144][4096x1920x6144][4096x1920x6144][4096x1920x6144][4096x1920x6144]',,tensorop,f32,128,128,128,2,4,1,2,1,1,12,4,1,1,128,128,32,100,110,843055104,1546439884800,1834,0.655139,1198.46,2.36048e+06
1,CUTLASS,grouped_gemm,cutlass3x_sm100_tensorop_gemm_grouped_e4m3_e4m3_f32_bf16_e4m3_128x128x128_4x2x1_0_ttt_align16_2sm_epi_tma,passed,success,grouped,,,,,fe4m3:row,fe4m3:row,bf16:row,fe4m3:row,1,0,invalid,invalid,heuristic,1,false,'[4096x1920x6144][4096x1920x6144][4096x1920x6144][4096x1920x6144][4096x1920x6144][4096x1920x6144][4096x1920x6144][4096x1920x6144][4096x1920x6144][4096x1920x6144][4096x1920x6144][4096x1920x6144][4096x1920x6144][4096x1920x6144][4096x1920x6144][4096x1920x6144]',,tensorop,f32,128,128,128,4,2,1,2,1,1,12,4,1,1,128,128,32,100,110,843055104,1546439884800,1834,0.617598,1271.31,2.50396e+06
1,CUTLASS,grouped_gemm,cutlass3x_sm100_tensorop_gemm_grouped_e4m3_e4m3_f32_bf16_e4m3_128x128x128_4x2x1_0_ttt_align16_stream_k_2sm_epi_tma,passed,success,grouped,,,,,fe4m3:row,fe4m3:row,bf16:row,fe4m3:row,1,0,invalid,invalid,heuristic,1,false,'[4096x1920x6144][4096x1920x6144][4096x1920x6144][4096x1920x6144][4096x1920x6144][4096x1920x6144][4096x1920x6144][4096x1920x6144][4096x1920x6144][4096x1920x6144][4096x1920x6144][4096x1920x6144][4096x1920x6144][4096x1920x6144][4096x1920x6144][4096x1920x6144]',,tensorop,f32,128,128,128,4,2,1,2,1,1,12,4,1,1,128,128,32,100,110,843055104,1546439884800,1834,0.612162,1282.6,2.5262e+06
1,CUTLASS,grouped_gemm,cutlass3x_sm100_tensorop_gemm_grouped_e4m3_e4m3_f32_bf16_e4m3_128x128x128_4x4x1_0_ttt_align16_2sm_epi_tma,passed,success,grouped,,,,,fe4m3:row,fe4m3:row,bf16:row,fe4m3:row,1,0,invalid,invalid,heuristic,1,false,'[4096x1920x6144][4096x1920x6144][4096x1920x6144][4096x1920x6144][4096x1920x6144][4096x1920x6144][4096x1920x6144][4096x1920x6144][4096x1920x6144][4096x1920x6144][4096x1920x6144][4096x1920x6144][4096x1920x6144][4096x1920x6144][4096x1920x6144][4096x1920x6144]',,tensorop,f32,128,128,128,4,4,1,2,1,1,12,4,1,1,128,128,32,100,110,843055104,1546439884800,1834,0.646732,1214.04,2.39116e+06
1,CUTLASS,grouped_gemm,cutlass3x_sm100_tensorop_gemm_grouped_e4m3_e4m3_f32_bf16_e4m3_128x128x128_4x4x1_0_ttt_align16_stream_k_2sm_epi_tma,passed,success,grouped,,,,,fe4m3:row,fe4m3:row,bf16:row,fe4m3:row,1,0,invalid,invalid,heuristic,1,false,'[4096x1920x6144][4096x1920x6144][4096x1920x6144][4096x1920x6144][4096x1920x6144][4096x1920x6144][4096x1920x6144][4096x1920x6144][4096x1920x6144][4096x1920x6144][4096x1920x6144][4096x1920x6144][4096x1920x6144][4096x1920x6144][4096x1920x6144][4096x1920x6144]',,tensorop,f32,128,128,128,4,4,1,2,1,1,12,4,1,1,128,128,32,100,110,843055104,1546439884800,1834,0.643885,1219.4,2.40173e+06
1,CUTLASS,grouped_gemm,cutlass3x_sm100_tensorop_gemm_grouped_e4m3_e4m3_f32_bf16_e4m3_128x256x128_0x0x1_0_nnn_align16_2sm_epi_tma,passed,success,grouped,,,,,fe4m3:column,fe4m3:column,bf16:column,fe4m3:column,1,0,invalid,invalid,heuristic,1,false,'[4096x1920x6144][4096x1920x6144][4096x1920x6144][4096x1920x6144][4096x1920x6144][4096x1920x6144][4096x1920x6144][4096x1920x6144][4096x1920x6144][4096x1920x6144][4096x1920x6144][4096x1920x6144][4096x1920x6144][4096x1920x6144][4096x1920x6144][4096x1920x6144]',,tensorop,f32,128,256,128,2,1,1,2,1,1,7,4,1,1,128,256,32,100,110,843055104,1546439884800,1834,0.573157,1369.88,2.69811e+06
1,CUTLASS,grouped_gemm,cutlass3x_sm100_tensorop_gemm_grouped_e4m3_e4m3_f32_bf16_e4m3_128x256x128_0x0x1_0_nnn_align16_stream_k_2sm_epi_tma,passed,success,grouped,,,,,fe4m3:column,fe4m3:column,bf16:column,fe4m3:column,1,0,invalid,invalid,heuristic,1,false,'[4096x1920x6144][4096x1920x6144][4096x1920x6144][4096x1920x6144][4096x1920x6144][4096x1920x6144][4096x1920x6144][4096x1920x6144][4096x1920x6144][4096x1920x6144][4096x1920x6144][4096x1920x6144][4096x1920x6144][4096x1920x6144][4096x1920x6144][4096x1920x6144]',,tensorop,f32,128,256,128,2,1,1,2,1,1,7,4,1,1,128,256,32,100,110,843055104,1546439884800,1834,0.573557,1368.92,2.69623e+06
1,CUTLASS,grouped_gemm,cutlass3x_sm100_tensorop_gemm_grouped_e4m3_e4m3_f32_bf16_e4m3_128x256x128_2x1x1_0_nnn_align16_2sm_epi_tma,passed,success,grouped,,,,,fe4m3:column,fe4m3:column,bf16:column,fe4m3:column,1,0,invalid,invalid,heuristic,1,false,'[4096x1920x6144][4096x1920x6144][4096x1920x6144][4096x1920x6144][4096x1920x6144][4096x1920x6144][4096x1920x6144][4096x1920x6144][4096x1920x6144][4096x1920x6144][4096x1920x6144][4096x1920x6144][4096x1920x6144][4096x1920x6144][4096x1920x6144][4096x1920x6144]',,tensorop,f32,128,256,128,2,1,1,2,1,1,7,4,1,1,128,256,32,100,110,843055104,1546439884800,1834,0.570485,1376.29,2.71074e+06
1,CUTLASS,grouped_gemm,cutlass3x_sm100_tensorop_gemm_grouped_e4m3_e4m3_f32_bf16_e4m3_128x256x128_2x1x1_0_nnn_align16_stream_k_2sm_epi_tma,passed,success,grouped,,,,,fe4m3:column,fe4m3:column,bf16:column,fe4m3:column,1,0,invalid,invalid,heuristic,1,false,'[4096x1920x6144][4096x1920x6144][4096x1920x6144][4096x1920x6144][4096x1920x6144][4096x1920x6144][4096x1920x6144][4096x1920x6144][4096x1920x6144][4096x1920x6144][4096x1920x6144][4096x1920x6144][4096x1920x6144][4096x1920x6144][4096x1920x6144][4096x1920x6144]',,tensorop,f32,128,256,128,2,1,1,2,1,1,7,4,1,1,128,256,32,100,110,843055104,1546439884800,1834,0.56641,1386.2,2.73025e+06
1,CUTLASS,grouped_gemm,cutlass3x_sm100_tensorop_gemm_grouped_e4m3_e4m3_f32_bf16_e4m3_128x256x128_2x2x1_0_nnn_align16_2sm_epi_tma,passed,success,grouped,,,,,fe4m3:column,fe4m3:column,bf16:column,fe4m3:column,1,0,invalid,invalid,heuristic,1,false,'[4096x1920x6144][4096x1920x6144][4096x1920x6144][4096x1920x6144][4096x1920x6144][4096x1920x6144][4096x1920x6144][4096x1920x6144][4096x1920x6144][4096x1920x6144][4096x1920x6144][4096x1920x6144][4096x1920x6144][4096x1920x6144][4096x1920x6144][4096x1920x6144]',,tensorop,f32,128,256,128,2,2,1,2,1,1,7,4,1,1,128,256,32,100,110,843055104,1546439884800,1834,0.528224,1486.41,2.92762e+06
1,CUTLASS,grouped_gemm,cutlass3x_sm100_tensorop_gemm_grouped_e4m3_e4m3_f32_bf16_e4m3_128x256x128_2x2x1_0_nnn_align16_stream_k_2sm_epi_tma,passed,success,grouped,,,,,fe4m3:column,fe4m3:column,bf16:column,fe4m3:column,1,0,invalid,invalid,heuristic,1,false,'[4096x1920x6144][4096x1920x6144][4096x1920x6144][4096x1920x6144][4096x1920x6144][4096x1920x6144][4096x1920x6144][4096x1920x6144][4096x1920x6144][4096x1920x6144][4096x1920x6144][4096x1920x6144][4096x1920x6144][4096x1920x6144][4096x1920x6144][4096x1920x6144]',,tensorop,f32,128,256,128,2,2,1,2,1,1,7,4,1,1,128,256,32,100,110,843055104,1546439884800,1834,0.519012,1512.79,2.97959e+06
1,CUTLASS,grouped_gemm,cutlass3x_sm100_tensorop_gemm_grouped_e4m3_e4m3_f32_bf16_e4m3_128x256x128_4x1x1_0_nnn_align16_2sm_epi_tma,passed,success,grouped,,,,,fe4m3:column,fe4m3:column,bf16:column,fe4m3:column,1,0,invalid,invalid,heuristic,1,false,'[4096x1920x6144][4096x1920x6144][4096x1920x6144][4096x1920x6144][4096x1920x6144][4096x1920x6144][4096x1920x6144][4096x1920x6144][4096x1920x6144][4096x1920x6144][4096x1920x6144][4096x1920x6144][4096x1920x6144][4096x1920x6144][4096x1920x6144][4096x1920x6144]',,tensorop,f32,128,256,128,4,1,1,2,1,1,7,4,1,1,128,256,32,100,110,843055104,1546439884800,1834,0.487326,1611.15,3.17332e+06
1,CUTLASS,grouped_gemm,cutlass3x_sm100_tensorop_gemm_grouped_e4m3_e4m3_f32_bf16_e4m3_128x256x128_4x1x1_0_nnn_align16_stream_k_2sm_epi_tma,passed,success,grouped,,,,,fe4m3:column,fe4m3:column,bf16:column,fe4m3:column,1,0,invalid,invalid,heuristic,1,false,'[4096x1920x6144][4096x1920x6144][4096x1920x6144][4096x1920x6144][4096x1920x6144][4096x1920x6144][4096x1920x6144][4096x1920x6144][4096x1920x6144][4096x1920x6144][4096x1920x6144][4096x1920x6144][4096x1920x6144][4096x1920x6144][4096x1920x6144][4096x1920x6144]',,tensorop,f32,128,256,128,4,1,1,2,1,1,7,4,1,1,128,256,32,100,110,843055104,1546439884800,1834,0.480977,1632.42,3.21521e+06
1,CUTLASS,grouped_gemm,cutlass3x_sm100_tensorop_gemm_grouped_e4m3_e4m3_f32_bf16_e4m3_128x256x128_2x4x1_0_nnn_align16_2sm_epi_tma,passed,success,grouped,,,,,fe4m3:column,fe4m3:column,bf16:column,fe4m3:column,1,0,invalid,invalid,heuristic,1,false,'[4096x1920x6144][4096x1920x6144][4096x1920x6144][4096x1920x6144][4096x1920x6144][4096x1920x6144][4096x1920x6144][4096x1920x6144][4096x1920x6144][4096x1920x6144][4096x1920x6144][4096x1920x6144][4096x1920x6144][4096x1920x6144][4096x1920x6144][4096x1920x6144]',,tensorop,f32,128,256,128,2,4,1,2,1,1,7,4,1,1,128,256,32,100,110,843055104,1546439884800,1834,0.56773,1382.97,2.7239e+06
1,CUTLASS,grouped_gemm,cutlass3x_sm100_tensorop_gemm_grouped_e4m3_e4m3_f32_bf16_e4m3_128x256x128_2x4x1_0_nnn_align16_stream_k_2sm_epi_tma,passed,success,grouped,,,,,fe4m3:column,fe4m3:column,bf16:column,fe4m3:column,1,0,invalid,invalid,heuristic,1,false,'[4096x1920x6144][4096x1920x6144][4096x1920x6144][4096x1920x6144][4096x1920x6144][4096x1920x6144][4096x1920x6144][4096x1920x6144][4096x1920x6144][4096x1920x6144][4096x1920x6144][4096x1920x6144][4096x1920x6144][4096x1920x6144][4096x1920x6144][4096x1920x6144]',,tensorop,f32,128,256,128,2,4,1,2,1,1,7,4,1,1,128,256,32,100,110,843055104,1546439884800,1834,0.567168,1384.35,2.7266e+06
1,CUTLASS,grouped_gemm,cutlass3x_sm100_tensorop_gemm_grouped_e4m3_e4m3_f32_bf16_e4m3_128x256x128_4x2x1_0_nnn_align16_2sm_epi_tma,passed,success,grouped,,,,,fe4m3:column,fe4m3:column,bf16:column,fe4m3:column,1,0,invalid,invalid,heuristic,1,false,'[4096x1920x6144][4096x1920x6144][4096x1920x6144][4096x1920x6144][4096x1920x6144][4096x1920x6144][4096x1920x6144][4096x1920x6144][4096x1920x6144][4096x1920x6144][4096x1920x6144][4096x1920x6144][4096x1920x6144][4096x1920x6144][4096x1920x6144][4096x1920x6144]',,tensorop,f32,128,256,128,4,2,1,2,1,1,7,4,1,1,128,256,32,100,110,843055104,1546439884800,1834,0.54384,1443.73,2.84355e+06
1,CUTLASS,grouped_gemm,cutlass3x_sm100_tensorop_gemm_grouped_e4m3_e4m3_f32_bf16_e4m3_128x256x128_4x2x1_0_nnn_align16_stream_k_2sm_epi_tma,passed,success,grouped,,,,,fe4m3:column,fe4m3:column,bf16:column,fe4m3:column,1,0,invalid,invalid,heuristic,1,false,'[4096x1920x6144][4096x1920x6144][4096x1920x6144][4096x1920x6144][4096x1920x6144][4096x1920x6144][4096x1920x6144][4096x1920x6144][4096x1920x6144][4096x1920x6144][4096x1920x6144][4096x1920x6144][4096x1920x6144][4096x1920x6144][4096x1920x6144][4096x1920x6144]',,tensorop,f32,128,256,128,4,2,1,2,1,1,7,4,1,1,128,256,32,100,110,843055104,1546439884800,1834,0.550578,1426.06,2.80876e+06
1,CUTLASS,grouped_gemm,cutlass3x_sm100_tensorop_gemm_grouped_e4m3_e4m3_f32_bf16_e4m3_128x256x128_4x4x1_0_nnn_align16_2sm_epi_tma,passed,success,grouped,,,,,fe4m3:column,fe4m3:column,bf16:column,fe4m3:column,1,0,invalid,invalid,heuristic,1,false,'[4096x1920x6144][4096x1920x6144][4096x1920x6144][4096x1920x6144][4096x1920x6144][4096x1920x6144][4096x1920x6144][4096x1920x6144][4096x1920x6144][4096x1920x6144][4096x1920x6144][4096x1920x6144][4096x1920x6144][4096x1920x6144][4096x1920x6144][4096x1920x6144]',,tensorop,f32,128,256,128,4,4,1,2,1,1,7,4,1,1,128,256,32,100,110,843055104,1546439884800,1834,0.588732,1333.64,2.62673e+06
1,CUTLASS,grouped_gemm,cutlass3x_sm100_tensorop_gemm_grouped_e4m3_e4m3_f32_bf16_e4m3_128x256x128_4x4x1_0_nnn_align16_stream_k_2sm_epi_tma,passed,success,grouped,,,,,fe4m3:column,fe4m3:column,bf16:column,fe4m3:column,1,0,invalid,invalid,heuristic,1,false,'[4096x1920x6144][4096x1920x6144][4096x1920x6144][4096x1920x6144][4096x1920x6144][4096x1920x6144][4096x1920x6144][4096x1920x6144][4096x1920x6144][4096x1920x6144][4096x1920x6144][4096x1920x6144][4096x1920x6144][4096x1920x6144][4096x1920x6144][4096x1920x6144]',,tensorop,f32,128,256,128,4,4,1,2,1,1,7,4,1,1,128,256,32,100,110,843055104,1546439884800,1834,0.590596,1329.43,2.61844e+06
1,CUTLASS,grouped_gemm,cutlass3x_sm100_tensorop_gemm_grouped_e4m3_e4m3_f32_bf16_e4m3_128x256x128_0x0x1_0_ntn_align16_2sm_epi_tma,passed,success,grouped,,,,,fe4m3:column,fe4m3:row,bf16:column,fe4m3:column,1,0,invalid,invalid,heuristic,1,false,'[4096x1920x6144][4096x1920x6144][4096x1920x6144][4096x1920x6144][4096x1920x6144][4096x1920x6144][4096x1920x6144][4096x1920x6144][4096x1920x6144][4096x1920x6144][4096x1920x6144][4096x1920x6144][4096x1920x6144][4096x1920x6144][4096x1920x6144][4096x1920x6144]',,tensorop,f32,128,256,128,2,1,1,2,1,1,7,4,1,1,128,256,32,100,110,843055104,1546439884800,1834,0.570989,1375.08,2.70835e+06
1,CUTLASS,grouped_gemm,cutlass3x_sm100_tensorop_gemm_grouped_e4m3_e4m3_f32_bf16_e4m3_128x256x128_0x0x1_0_ntn_align16_stream_k_2sm_epi_tma,passed,success,grouped,,,,,fe4m3:column,fe4m3:row,bf16:column,fe4m3:column,1,0,invalid,invalid,heuristic,1,false,'[4096x1920x6144][4096x1920x6144][4096x1920x6144][4096x1920x6144][4096x1920x6144][4096x1920x6144][4096x1920x6144][4096x1920x6144][4096x1920x6144][4096x1920x6144][4096x1920x6144][4096x1920x6144][4096x1920x6144][4096x1920x6144][4096x1920x6144][4096x1920x6144]',,tensorop,f32,128,256,128,2,1,1,2,1,1,7,4,1,1,128,256,32,100,110,843055104,1546439884800,1834,0.55961,1403.04,2.76342e+06
1,CUTLASS,grouped_gemm,cutlass3x_sm100_tensorop_gemm_grouped_e4m3_e4m3_f32_bf16_e4m3_128x256x128_2x1x1_0_ntn_align16_2sm_epi_tma,passed,success,grouped,,,,,fe4m3:column,fe4m3:row,bf16:column,fe4m3:column,1,0,invalid,invalid,heuristic,1,false,'[4096x1920x6144][4096x1920x6144][4096x1920x6144][4096x1920x6144][4096x1920x6144][4096x1920x6144][4096x1920x6144][4096x1920x6144][4096x1920x6144][4096x1920x6144][4096x1920x6144][4096x1920x6144][4096x1920x6144][4096x1920x6144][4096x1920x6144][4096x1920x6144]',,tensorop,f32,128,256,128,2,1,1,2,1,1,7,4,1,1,128,256,32,100,110,843055104,1546439884800,1834,0.570782,1375.58,2.70934e+06
1,CUTLASS,grouped_gemm,cutlass3x_sm100_tensorop_gemm_grouped_e4m3_e4m3_f32_bf16_e4m3_128x256x128_2x1x1_0_ntn_align16_stream_k_2sm_epi_tma,passed,success,grouped,,,,,fe4m3:column,fe4m3:row,bf16:column,fe4m3:column,1,0,invalid,invalid,heuristic,1,false,'[4096x1920x6144][4096x1920x6144][4096x1920x6144][4096x1920x6144][4096x1920x6144][4096x1920x6144][4096x1920x6144][4096x1920x6144][4096x1920x6144][4096x1920x6144][4096x1920x6144][4096x1920x6144][4096x1920x6144][4096x1920x6144][4096x1920x6144][4096x1920x6144]',,tensorop,f32,128,256,128,2,1,1,2,1,1,7,4,1,1,128,256,32,100,110,843055104,1546439884800,1834,0.568447,1381.23,2.72046e+06
1,CUTLASS,grouped_gemm,cutlass3x_sm100_tensorop_gemm_grouped_e4m3_e4m3_f32_bf16_e4m3_128x256x128_2x2x1_0_ntn_align16_2sm_epi_tma,passed,success,grouped,,,,,fe4m3:column,fe4m3:row,bf16:column,fe4m3:column,1,0,invalid,invalid,heuristic,1,false,'[4096x1920x6144][4096x1920x6144][4096x1920x6144][4096x1920x6144][4096x1920x6144][4096x1920x6144][4096x1920x6144][4096x1920x6144][4096x1920x6144][4096x1920x6144][4096x1920x6144][4096x1920x6144][4096x1920x6144][4096x1920x6144][4096x1920x6144][4096x1920x6144]',,tensorop,f32,128,256,128,2,2,1,2,1,1,7,4,1,1,128,256,32,100,110,843055104,1546439884800,1834,0.527325,1488.94,2.93261e+06
1,CUTLASS,grouped_gemm,cutlass3x_sm100_tensorop_gemm_grouped_e4m3_e4m3_f32_bf16_e4m3_128x256x128_2x2x1_0_ntn_align16_stream_k_2sm_epi_tma,passed,success,grouped,,,,,fe4m3:column,fe4m3:row,bf16:column,fe4m3:column,1,0,invalid,invalid,heuristic,1,false,'[4096x1920x6144][4096x1920x6144][4096x1920x6144][4096x1920x6144][4096x1920x6144][4096x1920x6144][4096x1920x6144][4096x1920x6144][4096x1920x6144][4096x1920x6144][4096x1920x6144][4096x1920x6144][4096x1920x6144][4096x1920x6144][4096x1920x6144][4096x1920x6144]',,tensorop,f32,128,256,128,2,2,1,2,1,1,7,4,1,1,128,256,32,100,110,843055104,1546439884800,1834,0.518128,1515.37,2.98467e+06
1,CUTLASS,grouped_gemm,cutlass3x_sm100_tensorop_gemm_grouped_e4m3_e4m3_f32_bf16_e4m3_128x256x128_4x1x1_0_ntn_align16_2sm_epi_tma,passed,success,grouped,,,,,fe4m3:column,fe4m3:row,bf16:column,fe4m3:column,1,0,invalid,invalid,heuristic,1,false,'[4096x1920x6144][4096x1920x6144][4096x1920x6144][4096x1920x6144][4096x1920x6144][4096x1920x6144][4096x1920x6144][4096x1920x6144][4096x1920x6144][4096x1920x6144][4096x1920x6144][4096x1920x6144][4096x1920x6144][4096x1920x6144][4096x1920x6144][4096x1920x6144]',,tensorop,f32,128,256,128,4,1,1,2,1,1,7,4,1,1,128,256,32,100,110,843055104,1546439884800,1834,0.485554,1617.03,3.1849e+06
1,CUTLASS,grouped_gemm,cutlass3x_sm100_tensorop_gemm_grouped_e4m3_e4m3_f32_bf16_e4m3_128x256x128_4x1x1_0_ntn_align16_stream_k_2sm_epi_tma,passed,success,grouped,,,,,fe4m3:column,fe4m3:row,bf16:column,fe4m3:column,1,0,invalid,invalid,heuristic,1,false,'[4096x1920x6144][4096x1920x6144][4096x1920x6144][4096x1920x6144][4096x1920x6144][4096x1920x6144][4096x1920x6144][4096x1920x6144][4096x1920x6144][4096x1920x6144][4096x1920x6144][4096x1920x6144][4096x1920x6144][4096x1920x6144][4096x1920x6144][4096x1920x6144]',,tensorop,f32,128,256,128,4,1,1,2,1,1,7,4,1,1,128,256,32,100,110,843055104,1546439884800,1834,0.481664,1630.09,3.21062e+06
1,CUTLASS,grouped_gemm,cutlass3x_sm100_tensorop_gemm_grouped_e4m3_e4m3_f32_bf16_e4m3_128x256x128_2x4x1_0_ntn_align16_2sm_epi_tma,passed,success,grouped,,,,,fe4m3:column,fe4m3:row,bf16:column,fe4m3:column,1,0,invalid,invalid,heuristic,1,false,'[4096x1920x6144][4096x1920x6144][4096x1920x6144][4096x1920x6144][4096x1920x6144][4096x1920x6144][4096x1920x6144][4096x1920x6144][4096x1920x6144][4096x1920x6144][4096x1920x6144][4096x1920x6144][4096x1920x6144][4096x1920x6144][4096x1920x6144][4096x1920x6144]',,tensorop,f32,128,256,128,2,4,1,2,1,1,7,4,1,1,128,256,32,100,110,843055104,1546439884800,1834,0.561033,1399.48,2.75641e+06
1,CUTLASS,grouped_gemm,cutlass3x_sm100_tensorop_gemm_grouped_e4m3_e4m3_f32_bf16_e4m3_128x256x128_2x4x1_0_ntn_align16_stream_k_2sm_epi_tma,passed,success,grouped,,,,,fe4m3:column,fe4m3:row,bf16:column,fe4m3:column,1,0,invalid,invalid,heuristic,1,false,'[4096x1920x6144][4096x1920x6144][4096x1920x6144][4096x1920x6144][4096x1920x6144][4096x1920x6144][4096x1920x6144][4096x1920x6144][4096x1920x6144][4096x1920x6144][4096x1920x6144][4096x1920x6144][4096x1920x6144][4096x1920x6144][4096x1920x6144][4096x1920x6144]',,tensorop,f32,128,256,128,2,4,1,2,1,1,7,4,1,1,128,256,32,100,110,843055104,1546439884800,1834,0.56429,1391.41,2.74051e+06
1,CUTLASS,grouped_gemm,cutlass3x_sm100_tensorop_gemm_grouped_e4m3_e4m3_f32_bf16_e4m3_128x256x128_4x2x1_0_ntn_align16_2sm_epi_tma,passed,success,grouped,,,,,fe4m3:column,fe4m3:row,bf16:column,fe4m3:column,1,0,invalid,invalid,heuristic,1,false,'[4096x1920x6144][4096x1920x6144][4096x1920x6144][4096x1920x6144][4096x1920x6144][4096x1920x6144][4096x1920x6144][4096x1920x6144][4096x1920x6144][4096x1920x6144][4096x1920x6144][4096x1920x6144][4096x1920x6144][4096x1920x6144][4096x1920x6144][4096x1920x6144]',,tensorop,f32,128,256,128,4,2,1,2,1,1,7,4,1,1,128,256,32,100,110,843055104,1546439884800,1834,0.548203,1432.24,2.82093e+06
1,CUTLASS,grouped_gemm,cutlass3x_sm100_tensorop_gemm_grouped_e4m3_e4m3_f32_bf16_e4m3_128x256x128_4x2x1_0_ntn_align16_stream_k_2sm_epi_tma,passed,success,grouped,,,,,fe4m3:column,fe4m3:row,bf16:column,fe4m3:column,1,0,invalid,invalid,heuristic,1,false,'[4096x1920x6144][4096x1920x6144][4096x1920x6144][4096x1920x6144][4096x1920x6144][4096x1920x6144][4096x1920x6144][4096x1920x6144][4096x1920x6144][4096x1920x6144][4096x1920x6144][4096x1920x6144][4096x1920x6144][4096x1920x6144][4096x1920x6144][4096x1920x6144]',,tensorop,f32,128,256,128,4,2,1,2,1,1,7,4,1,1,128,256,32,100,110,843055104,1546439884800,1834,0.555739,1412.81,2.78267e+06
1,CUTLASS,grouped_gemm,cutlass3x_sm100_tensorop_gemm_grouped_e4m3_e4m3_f32_bf16_e4m3_128x256x128_4x4x1_0_ntn_align16_2sm_epi_tma,passed,success,grouped,,,,,fe4m3:column,fe4m3:row,bf16:column,fe4m3:column,1,0,invalid,invalid,heuristic,1,false,'[4096x1920x6144][4096x1920x6144][4096x1920x6144][4096x1920x6144][4096x1920x6144][4096x1920x6144][4096x1920x6144][4096x1920x6144][4096x1920x6144][4096x1920x6144][4096x1920x6144][4096x1920x6144][4096x1920x6144][4096x1920x6144][4096x1920x6144][4096x1920x6144]',,tensorop,f32,128,256,128,4,4,1,2,1,1,7,4,1,1,128,256,32,100,110,843055104,1546439884800,1834,0.588366,1334.47,2.62836e+06
1,CUTLASS,grouped_gemm,cutlass3x_sm100_tensorop_gemm_grouped_e4m3_e4m3_f32_bf16_e4m3_128x256x128_4x4x1_0_ntn_align16_stream_k_2sm_epi_tma,passed,success,grouped,,,,,fe4m3:column,fe4m3:row,bf16:column,fe4m3:column,1,0,invalid,invalid,heuristic,1,false,'[4096x1920x6144][4096x1920x6144][4096x1920x6144][4096x1920x6144][4096x1920x6144][4096x1920x6144][4096x1920x6144][4096x1920x6144][4096x1920x6144][4096x1920x6144][4096x1920x6144][4096x1920x6144][4096x1920x6144][4096x1920x6144][4096x1920x6144][4096x1920x6144]',,tensorop,f32,128,256,128,4,4,1,2,1,1,7,4,1,1,128,256,32,100,110,843055104,1546439884800,1834,0.587545,1336.33,2.63204e+06
1,CUTLASS,grouped_gemm,cutlass3x_sm100_tensorop_gemm_grouped_e4m3_e4m3_f32_bf16_e4m3_128x256x128_0x0x1_0_tnn_align16_2sm_epi_tma,passed,success,grouped,,,,,fe4m3:row,fe4m3:column,bf16:column,fe4m3:column,1,0,invalid,invalid,heuristic,1,false,'[4096x1920x6144][4096x1920x6144][4096x1920x6144][4096x1920x6144][4096x1920x6144][4096x1920x6144][4096x1920x6144][4096x1920x6144][4096x1920x6144][4096x1920x6144][4096x1920x6144][4096x1920x6144][4096x1920x6144][4096x1920x6144][4096x1920x6144][4096x1920x6144]',,tensorop,f32,128,256,128,2,1,1,2,1,1,7,4,1,1,128,256,32,100,110,843055104,1546439884800,1834,0.55406,1417.1,2.79111e+06
1,CUTLASS,grouped_gemm,cutlass3x_sm100_tensorop_gemm_grouped_e4m3_e4m3_f32_bf16_e4m3_128x256x128_0x0x1_0_tnn_align16_stream_k_2sm_epi_tma,passed,success,grouped,,,,,fe4m3:row,fe4m3:column,bf16:column,fe4m3:column,1,0,invalid,invalid,heuristic,1,false,'[4096x1920x6144][4096x1920x6144][4096x1920x6144][4096x1920x6144][4096x1920x6144][4096x1920x6144][4096x1920x6144][4096x1920x6144][4096x1920x6144][4096x1920x6144][4096x1920x6144][4096x1920x6144][4096x1920x6144][4096x1920x6144][4096x1920x6144][4096x1920x6144]',,tensorop,f32,128,256,128,2,1,1,2,1,1,7,4,1,1,128,256,32,100,110,843055104,1546439884800,1834,0.555934,1412.32,2.7817e+06
1,CUTLASS,grouped_gemm,cutlass3x_sm100_tensorop_gemm_grouped_e4m3_e4m3_f32_bf16_e4m3_128x256x128_2x1x1_0_tnn_align16_2sm_epi_tma,passed,success,grouped,,,,,fe4m3:row,fe4m3:column,bf16:column,fe4m3:column,1,0,invalid,invalid,heuristic,1,false,'[4096x1920x6144][4096x1920x6144][4096x1920x6144][4096x1920x6144][4096x1920x6144][4096x1920x6144][4096x1920x6144][4096x1920x6144][4096x1920x6144][4096x1920x6144][4096x1920x6144][4096x1920x6144][4096x1920x6144][4096x1920x6144][4096x1920x6144][4096x1920x6144]',,tensorop,f32,128,256,128,2,1,1,2,1,1,7,4,1,1,128,256,32,100,110,843055104,1546439884800,1834,0.552945,1419.95,2.79673e+06
1,CUTLASS,grouped_gemm,cutlass3x_sm100_tensorop_gemm_grouped_e4m3_e4m3_f32_bf16_e4m3_128x256x128_2x1x1_0_tnn_align16_stream_k_2sm_epi_tma,passed,success,grouped,,,,,fe4m3:row,fe4m3:column,bf16:column,fe4m3:column,1,0,invalid,invalid,heuristic,1,false,'[4096x1920x6144][4096x1920x6144][4096x1920x6144][4096x1920x6144][4096x1920x6144][4096x1920x6144][4096x1920x6144][4096x1920x6144][4096x1920x6144][4096x1920x6144][4096x1920x6144][4096x1920x6144][4096x1920x6144][4096x1920x6144][4096x1920x6144][4096x1920x6144]',,tensorop,f32,128,256,128,2,1,1,2,1,1,7,4,1,1,128,256,32,100,110,843055104,1546439884800,1834,0.54851,1431.43,2.81934e+06
1,CUTLASS,grouped_gemm,cutlass3x_sm100_tensorop_gemm_grouped_e4m3_e4m3_f32_bf16_e4m3_128x256x128_2x2x1_0_tnn_align16_2sm_epi_tma,passed,success,grouped,,,,,fe4m3:row,fe4m3:column,bf16:column,fe4m3:column,1,0,invalid,invalid,heuristic,1,false,'[4096x1920x6144][4096x1920x6144][4096x1920x6144][4096x1920x6144][4096x1920x6144][4096x1920x6144][4096x1920x6144][4096x1920x6144][4096x1920x6144][4096x1920x6144][4096x1920x6144][4096x1920x6144][4096x1920x6144][4096x1920x6144][4096x1920x6144][4096x1920x6144]',,tensorop,f32,128,256,128,2,2,1,2,1,1,7,4,1,1,128,256,32,100,110,843055104,1546439884800,1834,0.51355,1528.88,3.01127e+06
1,CUTLASS,grouped_gemm,cutlass3x_sm100_tensorop_gemm_grouped_e4m3_e4m3_f32_bf16_e4m3_128x256x128_2x2x1_0_tnn_align16_stream_k_2sm_epi_tma,passed,success,grouped,,,,,fe4m3:row,fe4m3:column,bf16:column,fe4m3:column,1,0,invalid,invalid,heuristic,1,false,'[4096x1920x6144][4096x1920x6144][4096x1920x6144][4096x1920x6144][4096x1920x6144][4096x1920x6144][4096x1920x6144][4096x1920x6144][4096x1920x6144][4096x1920x6144][4096x1920x6144][4096x1920x6144][4096x1920x6144][4096x1920x6144][4096x1920x6144][4096x1920x6144]',,tensorop,f32,128,256,128,2,2,1,2,1,1,7,4,1,1,128,256,32,100,110,843055104,1546439884800,1834,0.515722,1522.44,2.99859e+06
1,CUTLASS,grouped_gemm,cutlass3x_sm100_tensorop_gemm_grouped_e4m3_e4m3_f32_bf16_e4m3_128x256x128_4x1x1_0_tnn_align16_2sm_epi_tma,passed,success,grouped,,,,,fe4m3:row,fe4m3:column,bf16:column,fe4m3:column,1,0,invalid,invalid,heuristic,1,false,'[4096x1920x6144][4096x1920x6144][4096x1920x6144][4096x1920x6144][4096x1920x6144][4096x1920x6144][4096x1920x6144][4096x1920x6144][4096x1920x6144][4096x1920x6144][4096x1920x6144][4096x1920x6144][4096x1920x6144][4096x1920x6144][4096x1920x6144][4096x1920x6144]',,tensorop,f32,128,256,128,4,1,1,2,1,1,7,4,1,1,128,256,32,100,110,843055104,1546439884800,1834,0.504479,1556.37,3.06542e+06
1,CUTLASS,grouped_gemm,cutlass3x_sm100_tensorop_gemm_grouped_e4m3_e4m3_f32_bf16_e4m3_128x256x128_4x1x1_0_tnn_align16_stream_k_2sm_epi_tma,passed,success,grouped,,,,,fe4m3:row,fe4m3:column,bf16:column,fe4m3:column,1,0,invalid,invalid,heuristic,1,false,'[4096x1920x6144][4096x1920x6144][4096x1920x6144][4096x1920x6144][4096x1920x6144][4096x1920x6144][4096x1920x6144][4096x1920x6144][4096x1920x6144][4096x1920x6144][4096x1920x6144][4096x1920x6144][4096x1920x6144][4096x1920x6144][4096x1920x6144][4096x1920x6144]',,tensorop,f32,128,256,128,4,1,1,2,1,1,7,4,1,1,128,256,32,100,110,843055104,1546439884800,1834,0.50073,1568.02,3.08837e+06
1,CUTLASS,grouped_gemm,cutlass3x_sm100_tensorop_gemm_grouped_e4m3_e4m3_f32_bf16_e4m3_128x256x128_2x4x1_0_tnn_align16_2sm_epi_tma,passed,success,grouped,,,,,fe4m3:row,fe4m3:column,bf16:column,fe4m3:column,1,0,invalid,invalid,heuristic,1,false,'[4096x1920x6144][4096x1920x6144][4096x1920x6144][4096x1920x6144][4096x1920x6144][4096x1920x6144][4096x1920x6144][4096x1920x6144][4096x1920x6144][4096x1920x6144][4096x1920x6144][4096x1920x6144][4096x1920x6144][4096x1920x6144][4096x1920x6144][4096x1920x6144]',,tensorop,f32,128,256,128,2,4,1,2,1,1,7,4,1,1,128,256,32,100,110,843055104,1546439884800,1834,0.56943,1378.85,2.71577e+06
1,CUTLASS,grouped_gemm,cutlass3x_sm100_tensorop_gemm_grouped_e4m3_e4m3_f32_bf16_e4m3_128x256x128_2x4x1_0_tnn_align16_stream_k_2sm_epi_tma,passed,success,grouped,,,,,fe4m3:row,fe4m3:column,bf16:column,fe4m3:column,1,0,invalid,invalid,heuristic,1,false,'[4096x1920x6144][4096x1920x6144][4096x1920x6144][4096x1920x6144][4096x1920x6144][4096x1920x6144][4096x1920x6144][4096x1920x6144][4096x1920x6144][4096x1920x6144][4096x1920x6144][4096x1920x6144][4096x1920x6144][4096x1920x6144][4096x1920x6144][4096x1920x6144]',,tensorop,f32,128,256,128,2,4,1,2,1,1,7,4,1,1,128,256,32,100,110,843055104,1546439884800,1834,0.567802,1382.8,2.72356e+06
1,CUTLASS,grouped_gemm,cutlass3x_sm100_tensorop_gemm_grouped_e4m3_e4m3_f32_bf16_e4m3_128x256x128_4x2x1_0_tnn_align16_2sm_epi_tma,passed,success,grouped,,,,,fe4m3:row,fe4m3:column,bf16:column,fe4m3:column,1,0,invalid,invalid,heuristic,1,false,'[4096x1920x6144][4096x1920x6144][4096x1920x6144][4096x1920x6144][4096x1920x6144][4096x1920x6144][4096x1920x6144][4096x1920x6144][4096x1920x6144][4096x1920x6144][4096x1920x6144][4096x1920x6144][4096x1920x6144][4096x1920x6144][4096x1920x6144][4096x1920x6144]',,tensorop,f32,128,256,128,4,2,1,2,1,1,7,4,1,1,128,256,32,100,110,843055104,1546439884800,1834,0.559969,1402.14,2.76165e+06
1,CUTLASS,grouped_gemm,cutlass3x_sm100_tensorop_gemm_grouped_e4m3_e4m3_f32_bf16_e4m3_128x256x128_4x2x1_0_tnn_align16_stream_k_2sm_epi_tma,passed,success,grouped,,,,,fe4m3:row,fe4m3:column,bf16:column,fe4m3:column,1,0,invalid,invalid,heuristic,1,false,'[4096x1920x6144][4096x1920x6144][4096x1920x6144][4096x1920x6144][4096x1920x6144][4096x1920x6144][4096x1920x6144][4096x1920x6144][4096x1920x6144][4096x1920x6144][4096x1920x6144][4096x1920x6144][4096x1920x6144][4096x1920x6144][4096x1920x6144][4096x1920x6144]',,tensorop,f32,128,256,128,4,2,1,2,1,1,7,4,1,1,128,256,32,100,110,843055104,1546439884800,1834,0.557613,1408.07,2.77332e+06
1,CUTLASS,grouped_gemm,cutlass3x_sm100_tensorop_gemm_grouped_e4m3_e4m3_f32_bf16_e4m3_128x256x128_4x4x1_0_tnn_align16_2sm_epi_tma,passed,success,grouped,,,,,fe4m3:row,fe4m3:column,bf16:column,fe4m3:column,1,0,invalid,invalid,heuristic,1,false,'[4096x1920x6144][4096x1920x6144][4096x1920x6144][4096x1920x6144][4096x1920x6144][4096x1920x6144][4096x1920x6144][4096x1920x6144][4096x1920x6144][4096x1920x6144][4096x1920x6144][4096x1920x6144][4096x1920x6144][4096x1920x6144][4096x1920x6144][4096x1920x6144]',,tensorop,f32,128,256,128,4,4,1,2,1,1,7,4,1,1,128,256,32,100,110,843055104,1546439884800,1834,0.595306,1318.91,2.59772e+06
1,CUTLASS,grouped_gemm,cutlass3x_sm100_tensorop_gemm_grouped_e4m3_e4m3_f32_bf16_e4m3_128x256x128_4x4x1_0_tnn_align16_stream_k_2sm_epi_tma,passed,success,grouped,,,,,fe4m3:row,fe4m3:column,bf16:column,fe4m3:column,1,0,invalid,invalid,heuristic,1,false,'[4096x1920x6144][4096x1920x6144][4096x1920x6144][4096x1920x6144][4096x1920x6144][4096x1920x6144][4096x1920x6144][4096x1920x6144][4096x1920x6144][4096x1920x6144][4096x1920x6144][4096x1920x6144][4096x1920x6144][4096x1920x6144][4096x1920x6144][4096x1920x6144]',,tensorop,f32,128,256,128,4,4,1,2,1,1,7,4,1,1,128,256,32,100,110,843055104,1546439884800,1834,0.594774,1320.09,2.60005e+06
1,CUTLASS,grouped_gemm,cutlass3x_sm100_tensorop_gemm_grouped_e4m3_e4m3_f32_bf16_e4m3_128x256x128_0x0x1_0_ttn_align16_2sm_epi_tma,passed,success,grouped,,,,,fe4m3:row,fe4m3:row,bf16:column,fe4m3:column,1,0,invalid,invalid,heuristic,1,false,'[4096x1920x6144][4096x1920x6144][4096x1920x6144][4096x1920x6144][4096x1920x6144][4096x1920x6144][4096x1920x6144][4096x1920x6144][4096x1920x6144][4096x1920x6144][4096x1920x6144][4096x1920x6144][4096x1920x6144][4096x1920x6144][4096x1920x6144][4096x1920x6144]',,tensorop,f32,128,256,128,2,1,1,2,1,1,7,4,1,1,128,256,32,100,110,843055104,1546439884800,1834,0.554471,1416.05,2.78904e+06
1,CUTLASS,grouped_gemm,cutlass3x_sm100_tensorop_gemm_grouped_e4m3_e4m3_f32_bf16_e4m3_128x256x128_0x0x1_0_ttn_align16_stream_k_2sm_epi_tma,passed,success,grouped,,,,,fe4m3:row,fe4m3:row,bf16:column,fe4m3:column,1,0,invalid,invalid,heuristic,1,false,'[4096x1920x6144][4096x1920x6144][4096x1920x6144][4096x1920x6144][4096x1920x6144][4096x1920x6144][4096x1920x6144][4096x1920x6144][4096x1920x6144][4096x1920x6144][4096x1920x6144][4096x1920x6144][4096x1920x6144][4096x1920x6144][4096x1920x6144][4096x1920x6144]',,tensorop,f32,128,256,128,2,1,1,2,1,1,7,4,1,1,128,256,32,100,110,843055104,1546439884800,1834,0.5579,1407.34,2.77189e+06
1,CUTLASS,grouped_gemm,cutlass3x_sm100_tensorop_gemm_grouped_e4m3_e4m3_f32_bf16_e4m3_128x256x128_2x1x1_0_ttn_align16_2sm_epi_tma,passed,success,grouped,,,,,fe4m3:row,fe4m3:row,bf16:column,fe4m3:column,1,0,invalid,invalid,heuristic,1,false,'[4096x1920x6144][4096x1920x6144][4096x1920x6144][4096x1920x6144][4096x1920x6144][4096x1920x6144][4096x1920x6144][4096x1920x6144][4096x1920x6144][4096x1920x6144][4096x1920x6144][4096x1920x6144][4096x1920x6144][4096x1920x6144][4096x1920x6144][4096x1920x6144]',,tensorop,f32,128,256,128,2,1,1,2,1,1,7,4,1,1,128,256,32,100,110,843055104,1546439884800,1834,0.546267,1437.31,2.83092e+06
1,CUTLASS,grouped_gemm,cutlass3x_sm100_tensorop_gemm_grouped_e4m3_e4m3_f32_bf16_e4m3_128x256x128_2x1x1_0_ttn_align16_stream_k_2sm_epi_tma,passed,success,grouped,,,,,fe4m3:row,fe4m3:row,bf16:column,fe4m3:column,1,0,invalid,invalid,heuristic,1,false,'[4096x1920x6144][4096x1920x6144][4096x1920x6144][4096x1920x6144][4096x1920x6144][4096x1920x6144][4096x1920x6144][4096x1920x6144][4096x1920x6144][4096x1920x6144][4096x1920x6144][4096x1920x6144][4096x1920x6144][4096x1920x6144][4096x1920x6144][4096x1920x6144]',,tensorop,f32,128,256,128,2,1,1,2,1,1,7,4,1,1,128,256,32,100,110,843055104,1546439884800,1834,0.547414,1434.3,2.82499e+06
1,CUTLASS,grouped_gemm,cutlass3x_sm100_tensorop_gemm_grouped_e4m3_e4m3_f32_bf16_e4m3_128x256x128_2x2x1_0_ttn_align16_2sm_epi_tma,passed,success,grouped,,,,,fe4m3:row,fe4m3:row,bf16:column,fe4m3:column,1,0,invalid,invalid,heuristic,1,false,'[4096x1920x6144][4096x1920x6144][4096x1920x6144][4096x1920x6144][4096x1920x6144][4096x1920x6144][4096x1920x6144][4096x1920x6144][4096x1920x6144][4096x1920x6144][4096x1920x6144][4096x1920x6144][4096x1920x6144][4096x1920x6144][4096x1920x6144][4096x1920x6144]',,tensorop,f32,128,256,128,2,2,1,2,1,1,7,4,1,1,128,256,32,100,110,843055104,1546439884800,1834,0.513735,1528.33,3.01019e+06
1,CUTLASS,grouped_gemm,cutlass3x_sm100_tensorop_gemm_grouped_e4m3_e4m3_f32_bf16_e4m3_128x256x128_2x2x1_0_ttn_align16_stream_k_2sm_epi_tma,passed,success,grouped,,,,,fe4m3:row,fe4m3:row,bf16:column,fe4m3:column,1,0,invalid,invalid,heuristic,1,false,'[4096x1920x6144][4096x1920x6144][4096x1920x6144][4096x1920x6144][4096x1920x6144][4096x1920x6144][4096x1920x6144][4096x1920x6144][4096x1920x6144][4096x1920x6144][4096x1920x6144][4096x1920x6144][4096x1920x6144][4096x1920x6144][4096x1920x6144][4096x1920x6144]',,tensorop,f32,128,256,128,2,2,1,2,1,1,7,4,1,1,128,256,32,100,110,843055104,1546439884800,1834,0.508533,1543.96,3.04098e+06
1,CUTLASS,grouped_gemm,cutlass3x_sm100_tensorop_gemm_grouped_e4m3_e4m3_f32_bf16_e4m3_128x256x128_4x1x1_0_ttn_align16_2sm_epi_tma,passed,success,grouped,,,,,fe4m3:row,fe4m3:row,bf16:column,fe4m3:column,1,0,invalid,invalid,heuristic,1,false,'[4096x1920x6144][4096x1920x6144][4096x1920x6144][4096x1920x6144][4096x1920x6144][4096x1920x6144][4096x1920x6144][4096x1920x6144][4096x1920x6144][4096x1920x6144][4096x1920x6144][4096x1920x6144][4096x1920x6144][4096x1920x6144][4096x1920x6144][4096x1920x6144]',,tensorop,f32,128,256,128,4,1,1,2,1,1,7,4,1,1,128,256,32,100,110,843055104,1546439884800,1834,0.484492,1620.58,3.19188e+06
1,CUTLASS,grouped_gemm,cutlass3x_sm100_tensorop_gemm_grouped_e4m3_e4m3_f32_bf16_e4m3_128x256x128_4x1x1_0_ttn_align16_stream_k_2sm_epi_tma,passed,success,grouped,,,,,fe4m3:row,fe4m3:row,bf16:column,fe4m3:column,1,0,invalid,invalid,heuristic,1,false,'[4096x1920x6144][4096x1920x6144][4096x1920x6144][4096x1920x6144][4096x1920x6144][4096x1920x6144][4096x1920x6144][4096x1920x6144][4096x1920x6144][4096x1920x6144][4096x1920x6144][4096x1920x6144][4096x1920x6144][4096x1920x6144][4096x1920x6144][4096x1920x6144]',,tensorop,f32,128,256,128,4,1,1,2,1,1,7,4,1,1,128,256,32,100,110,843055104,1546439884800,1834,0.505512,1553.19,3.05916e+06
1,CUTLASS,grouped_gemm,cutlass3x_sm100_tensorop_gemm_grouped_e4m3_e4m3_f32_bf16_e4m3_128x256x128_2x4x1_0_ttn_align16_2sm_epi_tma,passed,success,grouped,,,,,fe4m3:row,fe4m3:row,bf16:column,fe4m3:column,1,0,invalid,invalid,heuristic,1,false,'[4096x1920x6144][4096x1920x6144][4096x1920x6144][4096x1920x6144][4096x1920x6144][4096x1920x6144][4096x1920x6144][4096x1920x6144][4096x1920x6144][4096x1920x6144][4096x1920x6144][4096x1920x6144][4096x1920x6144][4096x1920x6144][4096x1920x6144][4096x1920x6144]',,tensorop,f32,128,256,128,2,4,1,2,1,1,7,4,1,1,128,256,32,100,110,843055104,1546439884800,1834,0.560081,1401.86,2.7611e+06
1,CUTLASS,grouped_gemm,cutlass3x_sm100_tensorop_gemm_grouped_e4m3_e4m3_f32_bf16_e4m3_128x256x128_2x4x1_0_ttn_align16_stream_k_2sm_epi_tma,passed,success,grouped,,,,,fe4m3:row,fe4m3:row,bf16:column,fe4m3:column,1,0,invalid,invalid,heuristic,1,false,'[4096x1920x6144][4096x1920x6144][4096x1920x6144][4096x1920x6144][4096x1920x6144][4096x1920x6144][4096x1920x6144][4096x1920x6144][4096x1920x6144][4096x1920x6144][4096x1920x6144][4096x1920x6144][4096x1920x6144][4096x1920x6144][4096x1920x6144][4096x1920x6144]',,tensorop,f32,128,256,128,2,4,1,2,1,1,7,4,1,1,128,256,32,100,110,843055104,1546439884800,1834,0.570907,1375.28,2.70874e+06
1,CUTLASS,grouped_gemm,cutlass3x_sm100_tensorop_gemm_grouped_e4m3_e4m3_f32_bf16_e4m3_128x256x128_4x2x1_0_ttn_align16_2sm_epi_tma,passed,success,grouped,,,,,fe4m3:row,fe4m3:row,bf16:column,fe4m3:column,1,0,invalid,invalid,heuristic,1,false,'[4096x1920x6144][4096x1920x6144][4096x1920x6144][4096x1920x6144][4096x1920x6144][4096x1920x6144][4096x1920x6144][4096x1920x6144][4096x1920x6144][4096x1920x6144][4096x1920x6144][4096x1920x6144][4096x1920x6144][4096x1920x6144][4096x1920x6144][4096x1920x6144]',,tensorop,f32,128,256,128,4,2,1,2,1,1,7,4,1,1,128,256,32,100,110,843055104,1546439884800,1834,0.558432,1406,2.76925e+06
1,CUTLASS,grouped_gemm,cutlass3x_sm100_tensorop_gemm_grouped_e4m3_e4m3_f32_bf16_e4m3_128x256x128_4x2x1_0_ttn_align16_stream_k_2sm_epi_tma,passed,success,grouped,,,,,fe4m3:row,fe4m3:row,bf16:column,fe4m3:column,1,0,invalid,invalid,heuristic,1,false,'[4096x1920x6144][4096x1920x6144][4096x1920x6144][4096x1920x6144][4096x1920x6144][4096x1920x6144][4096x1920x6144][4096x1920x6144][4096x1920x6144][4096x1920x6144][4096x1920x6144][4096x1920x6144][4096x1920x6144][4096x1920x6144][4096x1920x6144][4096x1920x6144]',,tensorop,f32,128,256,128,4,2,1,2,1,1,7,4,1,1,128,256,32,100,110,843055104,1546439884800,1834,0.559313,1403.79,2.76489e+06
1,CUTLASS,grouped_gemm,cutlass3x_sm100_tensorop_gemm_grouped_e4m3_e4m3_f32_bf16_e4m3_128x256x128_4x4x1_0_ttn_align16_2sm_epi_tma,passed,success,grouped,,,,,fe4m3:row,fe4m3:row,bf16:column,fe4m3:column,1,0,invalid,invalid,heuristic,1,false,'[4096x1920x6144][4096x1920x6144][4096x1920x6144][4096x1920x6144][4096x1920x6144][4096x1920x6144][4096x1920x6144][4096x1920x6144][4096x1920x6144][4096x1920x6144][4096x1920x6144][4096x1920x6144][4096x1920x6144][4096x1920x6144][4096x1920x6144][4096x1920x6144]',,tensorop,f32,128,256,128,4,4,1,2,1,1,7,4,1,1,128,256,32,100,110,843055104,1546439884800,1834,0.590986,1328.55,2.61671e+06
1,CUTLASS,grouped_gemm,cutlass3x_sm100_tensorop_gemm_grouped_e4m3_e4m3_f32_bf16_e4m3_128x256x128_4x4x1_0_ttn_align16_stream_k_2sm_epi_tma,passed,success,grouped,,,,,fe4m3:row,fe4m3:row,bf16:column,fe4m3:column,1,0,invalid,invalid,heuristic,1,false,'[4096x1920x6144][4096x1920x6144][4096x1920x6144][4096x1920x6144][4096x1920x6144][4096x1920x6144][4096x1920x6144][4096x1920x6144][4096x1920x6144][4096x1920x6144][4096x1920x6144][4096x1920x6144][4096x1920x6144][4096x1920x6144][4096x1920x6144][4096x1920x6144]',,tensorop,f32,128,256,128,4,4,1,2,1,1,7,4,1,1,128,256,32,100,110,843055104,1546439884800,1834,0.59161,1327.15,2.61395e+06
1,CUTLASS,grouped_gemm,cutlass3x_sm100_tensorop_gemm_grouped_e4m3_e4m3_f32_bf16_e4m3_128x256x128_0x0x1_0_nnt_align16_2sm_epi_tma,passed,success,grouped,,,,,fe4m3:column,fe4m3:column,bf16:row,fe4m3:row,1,0,invalid,invalid,heuristic,1,false,'[4096x1920x6144][4096x1920x6144][4096x1920x6144][4096x1920x6144][4096x1920x6144][4096x1920x6144][4096x1920x6144][4096x1920x6144][4096x1920x6144][4096x1920x6144][4096x1920x6144][4096x1920x6144][4096x1920x6144][4096x1920x6144][4096x1920x6144][4096x1920x6144]',,tensorop,f32,128,256,128,2,1,1,2,1,1,7,4,1,1,128,256,32,100,110,843055104,1546439884800,1834,0.552626,1420.77,2.79835e+06
1,CUTLASS,grouped_gemm,cutlass3x_sm100_tensorop_gemm_grouped_e4m3_e4m3_f32_bf16_e4m3_128x256x128_0x0x1_0_nnt_align16_stream_k_2sm_epi_tma,passed,success,grouped,,,,,fe4m3:column,fe4m3:column,bf16:row,fe4m3:row,1,0,invalid,invalid,heuristic,1,false,'[4096x1920x6144][4096x1920x6144][4096x1920x6144][4096x1920x6144][4096x1920x6144][4096x1920x6144][4096x1920x6144][4096x1920x6144][4096x1920x6144][4096x1920x6144][4096x1920x6144][4096x1920x6144][4096x1920x6144][4096x1920x6144][4096x1920x6144][4096x1920x6144]',,tensorop,f32,128,256,128,2,1,1,2,1,1,7,4,1,1,128,256,32,100,110,843055104,1546439884800,1834,0.56047,1400.89,2.75918e+06
1,CUTLASS,grouped_gemm,cutlass3x_sm100_tensorop_gemm_grouped_e4m3_e4m3_f32_bf16_e4m3_128x256x128_2x1x1_0_nnt_align16_2sm_epi_tma,passed,success,grouped,,,,,fe4m3:column,fe4m3:column,bf16:row,fe4m3:row,1,0,invalid,invalid,heuristic,1,false,'[4096x1920x6144][4096x1920x6144][4096x1920x6144][4096x1920x6144][4096x1920x6144][4096x1920x6144][4096x1920x6144][4096x1920x6144][4096x1920x6144][4096x1920x6144][4096x1920x6144][4096x1920x6144][4096x1920x6144][4096x1920x6144][4096x1920x6144][4096x1920x6144]',,tensorop,f32,128,256,128,2,1,1,2,1,1,7,4,1,1,128,256,32,100,110,843055104,1546439884800,1834,0.562774,1395.15,2.74789e+06
1,CUTLASS,grouped_gemm,cutlass3x_sm100_tensorop_gemm_grouped_e4m3_e4m3_f32_bf16_e4m3_128x256x128_2x1x1_0_nnt_align16_stream_k_2sm_epi_tma,passed,success,grouped,,,,,fe4m3:column,fe4m3:column,bf16:row,fe4m3:row,1,0,invalid,invalid,heuristic,1,false,'[4096x1920x6144][4096x1920x6144][4096x1920x6144][4096x1920x6144][4096x1920x6144][4096x1920x6144][4096x1920x6144][4096x1920x6144][4096x1920x6144][4096x1920x6144][4096x1920x6144][4096x1920x6144][4096x1920x6144][4096x1920x6144][4096x1920x6144][4096x1920x6144]',,tensorop,f32,128,256,128,2,1,1,2,1,1,7,4,1,1,128,256,32,100,110,843055104,1546439884800,1834,0.566471,1386.05,2.72995e+06
1,CUTLASS,grouped_gemm,cutlass3x_sm100_tensorop_gemm_grouped_e4m3_e4m3_f32_bf16_e4m3_128x256x128_2x2x1_0_nnt_align16_2sm_epi_tma,passed,success,grouped,,,,,fe4m3:column,fe4m3:column,bf16:row,fe4m3:row,1,0,invalid,invalid,heuristic,1,false,'[4096x1920x6144][4096x1920x6144][4096x1920x6144][4096x1920x6144][4096x1920x6144][4096x1920x6144][4096x1920x6144][4096x1920x6144][4096x1920x6144][4096x1920x6144][4096x1920x6144][4096x1920x6144][4096x1920x6144][4096x1920x6144][4096x1920x6144][4096x1920x6144]',,tensorop,f32,128,256,128,2,2,1,2,1,1,7,4,1,1,128,256,32,100,110,843055104,1546439884800,1834,0.520073,1509.7,2.97351e+06
1,CUTLASS,grouped_gemm,cutlass3x_sm100_tensorop_gemm_grouped_e4m3_e4m3_f32_bf16_e4m3_128x256x128_2x2x1_0_nnt_align16_stream_k_2sm_epi_tma,passed,success,grouped,,,,,fe4m3:column,fe4m3:column,bf16:row,fe4m3:row,1,0,invalid,invalid,heuristic,1,false,'[4096x1920x6144][4096x1920x6144][4096x1920x6144][4096x1920x6144][4096x1920x6144][4096x1920x6144][4096x1920x6144][4096x1920x6144][4096x1920x6144][4096x1920x6144][4096x1920x6144][4096x1920x6144][4096x1920x6144][4096x1920x6144][4096x1920x6144][4096x1920x6144]',,tensorop,f32,128,256,128,2,2,1,2,1,1,7,4,1,1,128,256,32,100,110,843055104,1546439884800,1834,0.527858,1487.44,2.92965e+06
1,CUTLASS,grouped_gemm,cutlass3x_sm100_tensorop_gemm_grouped_e4m3_e4m3_f32_bf16_e4m3_128x256x128_4x1x1_0_nnt_align16_2sm_epi_tma,passed,success,grouped,,,,,fe4m3:column,fe4m3:column,bf16:row,fe4m3:row,1,0,invalid,invalid,heuristic,1,false,'[4096x1920x6144][4096x1920x6144][4096x1920x6144][4096x1920x6144][4096x1920x6144][4096x1920x6144][4096x1920x6144][4096x1920x6144][4096x1920x6144][4096x1920x6144][4096x1920x6144][4096x1920x6144][4096x1920x6144][4096x1920x6144][4096x1920x6144][4096x1920x6144]',,tensorop,f32,128,256,128,4,1,1,2,1,1,7,4,1,1,128,256,32,100,110,843055104,1546439884800,1834,0.51054,1537.89,3.02903e+06
1,CUTLASS,grouped_gemm,cutlass3x_sm100_tensorop_gemm_grouped_e4m3_e4m3_f32_bf16_e4m3_128x256x128_4x1x1_0_nnt_align16_stream_k_2sm_epi_tma,passed,success,grouped,,,,,fe4m3:column,fe4m3:column,bf16:row,fe4m3:row,1,0,invalid,invalid,heuristic,1,false,'[4096x1920x6144][4096x1920x6144][4096x1920x6144][4096x1920x6144][4096x1920x6144][4096x1920x6144][4096x1920x6144][4096x1920x6144][4096x1920x6144][4096x1920x6144][4096x1920x6144][4096x1920x6144][4096x1920x6144][4096x1920x6144][4096x1920x6144][4096x1920x6144]',,tensorop,f32,128,256,128,4,1,1,2,1,1,7,4,1,1,128,256,32,100,110,843055104,1546439884800,1834,0.485872,1615.97,3.18281e+06
1,CUTLASS,grouped_gemm,cutlass3x_sm100_tensorop_gemm_grouped_e4m3_e4m3_f32_bf16_e4m3_128x256x128_2x4x1_0_nnt_align16_2sm_epi_tma,passed,success,grouped,,,,,fe4m3:column,fe4m3:column,bf16:row,fe4m3:row,1,0,invalid,invalid,heuristic,1,false,'[4096x1920x6144][4096x1920x6144][4096x1920x6144][4096x1920x6144][4096x1920x6144][4096x1920x6144][4096x1920x6144][4096x1920x6144][4096x1920x6144][4096x1920x6144][4096x1920x6144][4096x1920x6144][4096x1920x6144][4096x1920x6144][4096x1920x6144][4096x1920x6144]',,tensorop,f32,128,256,128,2,4,1,2,1,1,7,4,1,1,128,256,32,100,110,843055104,1546439884800,1834,0.570311,1376.72,2.71157e+06
1,CUTLASS,grouped_gemm,cutlass3x_sm100_tensorop_gemm_grouped_e4m3_e4m3_f32_bf16_e4m3_128x256x128_2x4x1_0_nnt_align16_stream_k_2sm_epi_tma,passed,success,grouped,,,,,fe4m3:column,fe4m3:column,bf16:row,fe4m3:row,1,0,invalid,invalid,heuristic,1,false,'[4096x1920x6144][4096x1920x6144][4096x1920x6144][4096x1920x6144][4096x1920x6144][4096x1920x6144][4096x1920x6144][4096x1920x6144][4096x1920x6144][4096x1920x6144][4096x1920x6144][4096x1920x6144][4096x1920x6144][4096x1920x6144][4096x1920x6144][4096x1920x6144]',,tensorop,f32,128,256,128,2,4,1,2,1,1,7,4,1,1,128,256,32,100,110,843055104,1546439884800,1834,0.570907,1375.28,2.70874e+06
1,CUTLASS,grouped_gemm,cutlass3x_sm100_tensorop_gemm_grouped_e4m3_e4m3_f32_bf16_e4m3_128x256x128_4x2x1_0_nnt_align16_2sm_epi_tma,passed,success,grouped,,,,,fe4m3:column,fe4m3:column,bf16:row,fe4m3:row,1,0,invalid,invalid,heuristic,1,false,'[4096x1920x6144][4096x1920x6144][4096x1920x6144][4096x1920x6144][4096x1920x6144][4096x1920x6144][4096x1920x6144][4096x1920x6144][4096x1920x6144][4096x1920x6144][4096x1920x6144][4096x1920x6144][4096x1920x6144][4096x1920x6144][4096x1920x6144][4096x1920x6144]',,tensorop,f32,128,256,128,4,2,1,2,1,1,7,4,1,1,128,256,32,100,110,843055104,1546439884800,1834,0.548244,1432.13,2.82071e+06
1,CUTLASS,grouped_gemm,cutlass3x_sm100_tensorop_gemm_grouped_e4m3_e4m3_f32_bf16_e4m3_128x256x128_4x2x1_0_nnt_align16_stream_k_2sm_epi_tma,passed,success,grouped,,,,,fe4m3:column,fe4m3:column,bf16:row,fe4m3:row,1,0,invalid,invalid,heuristic,1,false,'[4096x1920x6144][4096x1920x6144][4096x1920x6144][4096x1920x6144][4096x1920x6144][4096x1920x6144][4096x1920x6144][4096x1920x6144][4096x1920x6144][4096x1920x6144][4096x1920x6144][4096x1920x6144][4096x1920x6144][4096x1920x6144][4096x1920x6144][4096x1920x6144]',,tensorop,f32,128,256,128,4,2,1,2,1,1,7,4,1,1,128,256,32,100,110,843055104,1546439884800,1834,0.554367,1416.31,2.78956e+06
1,CUTLASS,grouped_gemm,cutlass3x_sm100_tensorop_gemm_grouped_e4m3_e4m3_f32_bf16_e4m3_128x256x128_4x4x1_0_nnt_align16_2sm_epi_tma,passed,success,grouped,,,,,fe4m3:column,fe4m3:column,bf16:row,fe4m3:row,1,0,invalid,invalid,heuristic,1,false,'[4096x1920x6144][4096x1920x6144][4096x1920x6144][4096x1920x6144][4096x1920x6144][4096x1920x6144][4096x1920x6144][4096x1920x6144][4096x1920x6144][4096x1920x6144][4096x1920x6144][4096x1920x6144][4096x1920x6144][4096x1920x6144][4096x1920x6144][4096x1920x6144]',,tensorop,f32,128,256,128,4,4,1,2,1,1,7,4,1,1,128,256,32,100,110,843055104,1546439884800,1834,0.586991,1337.59,2.63452e+06
1,CUTLASS,grouped_gemm,cutlass3x_sm100_tensorop_gemm_grouped_e4m3_e4m3_f32_bf16_e4m3_128x256x128_4x4x1_0_nnt_align16_stream_k_2sm_epi_tma,passed,success,grouped,,,,,fe4m3:column,fe4m3:column,bf16:row,fe4m3:row,1,0,invalid,invalid,heuristic,1,false,'[4096x1920x6144][4096x1920x6144][4096x1920x6144][4096x1920x6144][4096x1920x6144][4096x1920x6144][4096x1920x6144][4096x1920x6144][4096x1920x6144][4096x1920x6144][4096x1920x6144][4096x1920x6144][4096x1920x6144][4096x1920x6144][4096x1920x6144][4096x1920x6144]',,tensorop,f32,128,256,128,4,4,1,2,1,1,7,4,1,1,128,256,32,100,110,843055104,1546439884800,1834,0.586694,1338.27,2.63585e+06
1,CUTLASS,grouped_gemm,cutlass3x_sm100_tensorop_gemm_grouped_e4m3_e4m3_f32_bf16_e4m3_128x256x128_0x0x1_0_ntt_align16_2sm_epi_tma,passed,success,grouped,,,,,fe4m3:column,fe4m3:row,bf16:row,fe4m3:row,1,0,invalid,invalid,heuristic,1,false,'[4096x1920x6144][4096x1920x6144][4096x1920x6144][4096x1920x6144][4096x1920x6144][4096x1920x6144][4096x1920x6144][4096x1920x6144][4096x1920x6144][4096x1920x6144][4096x1920x6144][4096x1920x6144][4096x1920x6144][4096x1920x6144][4096x1920x6144][4096x1920x6144]',,tensorop,f32,128,256,128,2,1,1,2,1,1,7,4,1,1,128,256,32,100,110,843055104,1546439884800,1834,0.563911,1392.34,2.74235e+06
1,CUTLASS,grouped_gemm,cutlass3x_sm100_tensorop_gemm_grouped_e4m3_e4m3_f32_bf16_e4m3_128x256x128_0x0x1_0_ntt_align16_stream_k_2sm_epi_tma,passed,success,grouped,,,,,fe4m3:column,fe4m3:row,bf16:row,fe4m3:row,1,0,invalid,invalid,heuristic,1,false,'[4096x1920x6144][4096x1920x6144][4096x1920x6144][4096x1920x6144][4096x1920x6144][4096x1920x6144][4096x1920x6144][4096x1920x6144][4096x1920x6144][4096x1920x6144][4096x1920x6144][4096x1920x6144][4096x1920x6144][4096x1920x6144][4096x1920x6144][4096x1920x6144]',,tensorop,f32,128,256,128,2,1,1,2,1,1,7,4,1,1,128,256,32,100,110,843055104,1546439884800,1834,0.560378,1401.12,2.75964e+06
1,CUTLASS,grouped_gemm,cutlass3x_sm100_tensorop_gemm_grouped_e4m3_e4m3_f32_bf16_e4m3_128x256x128_2x1x1_0_ntt_align16_2sm_epi_tma,passed,success,grouped,,,,,fe4m3:column,fe4m3:row,bf16:row,fe4m3:row,1,0,invalid,invalid,heuristic,1,false,'[4096x1920x6144][4096x1920x6144][4096x1920x6144][4096x1920x6144][4096x1920x6144][4096x1920x6144][4096x1920x6144][4096x1920x6144][4096x1920x6144][4096x1920x6144][4096x1920x6144][4096x1920x6144][4096x1920x6144][4096x1920x6144][4096x1920x6144][4096x1920x6144]',,tensorop,f32,128,256,128,2,1,1,2,1,1,7,4,1,1,128,256,32,100,110,843055104,1546439884800,1834,0.555412,1413.65,2.78431e+06
1,CUTLASS,grouped_gemm,cutlass3x_sm100_tensorop_gemm_grouped_e4m3_e4m3_f32_bf16_e4m3_128x256x128_2x1x1_0_ntt_align16_stream_k_2sm_epi_tma,passed,success,grouped,,,,,fe4m3:column,fe4m3:row,bf16:row,fe4m3:row,1,0,invalid,invalid,heuristic,1,false,'[4096x1920x6144][4096x1920x6144][4096x1920x6144][4096x1920x6144][4096x1920x6144][4096x1920x6144][4096x1920x6144][4096x1920x6144][4096x1920x6144][4096x1920x6144][4096x1920x6144][4096x1920x6144][4096x1920x6144][4096x1920x6144][4096x1920x6144][4096x1920x6144]',,tensorop,f32,128,256,128,2,1,1,2,1,1,7,4,1,1,128,256,32,100,110,843055104,1546439884800,1834,0.560163,1401.66,2.7607e+06
1,CUTLASS,grouped_gemm,cutlass3x_sm100_tensorop_gemm_grouped_e4m3_e4m3_f32_bf16_e4m3_128x256x128_2x2x1_0_ntt_align16_2sm_epi_tma,passed,success,grouped,,,,,fe4m3:column,fe4m3:row,bf16:row,fe4m3:row,1,0,invalid,invalid,heuristic,1,false,'[4096x1920x6144][4096x1920x6144][4096x1920x6144][4096x1920x6144][4096x1920x6144][4096x1920x6144][4096x1920x6144][4096x1920x6144][4096x1920x6144][4096x1920x6144][4096x1920x6144][4096x1920x6144][4096x1920x6144][4096x1920x6144][4096x1920x6144][4096x1920x6144]',,tensorop,f32,128,256,128,2,2,1,2,1,1,7,4,1,1,128,256,32,100,110,843055104,1546439884800,1834,0.515589,1522.83,2.99937e+06
1,CUTLASS,grouped_gemm,cutlass3x_sm100_tensorop_gemm_grouped_e4m3_e4m3_f32_bf16_e4m3_128x256x128_2x2x1_0_ntt_align16_stream_k_2sm_epi_tma,passed,success,grouped,,,,,fe4m3:column,fe4m3:row,bf16:row,fe4m3:row,1,0,invalid,invalid,heuristic,1,false,'[4096x1920x6144][4096x1920x6144][4096x1920x6144][4096x1920x6144][4096x1920x6144][4096x1920x6144][4096x1920x6144][4096x1920x6144][4096x1920x6144][4096x1920x6144][4096x1920x6144][4096x1920x6144][4096x1920x6144][4096x1920x6144][4096x1920x6144][4096x1920x6144]',,tensorop,f32,128,256,128,2,2,1,2,1,1,7,4,1,1,128,256,32,100,110,843055104,1546439884800,1834,0.520269,1509.13,2.97238e+06
1,CUTLASS,grouped_gemm,cutlass3x_sm100_tensorop_gemm_grouped_e4m3_e4m3_f32_bf16_e4m3_128x256x128_4x1x1_0_ntt_align16_2sm_epi_tma,passed,success,grouped,,,,,fe4m3:column,fe4m3:row,bf16:row,fe4m3:row,1,0,invalid,invalid,heuristic,1,false,'[4096x1920x6144][4096x1920x6144][4096x1920x6144][4096x1920x6144][4096x1920x6144][4096x1920x6144][4096x1920x6144][4096x1920x6144][4096x1920x6144][4096x1920x6144][4096x1920x6144][4096x1920x6144][4096x1920x6144][4096x1920x6144][4096x1920x6144][4096x1920x6144]',,tensorop,f32,128,256,128,4,1,1,2,1,1,7,4,1,1,128,256,32,100,110,843055104,1546439884800,1834,0.493838,1589.91,3.13147e+06
1,CUTLASS,grouped_gemm,cutlass3x_sm100_tensorop_gemm_grouped_e4m3_e4m3_f32_bf16_e4m3_128x256x128_4x1x1_0_ntt_align16_stream_k_2sm_epi_tma,passed,success,grouped,,,,,fe4m3:column,fe4m3:row,bf16:row,fe4m3:row,1,0,invalid,invalid,heuristic,1,false,'[4096x1920x6144][4096x1920x6144][4096x1920x6144][4096x1920x6144][4096x1920x6144][4096x1920x6144][4096x1920x6144][4096x1920x6144][4096x1920x6144][4096x1920x6144][4096x1920x6144][4096x1920x6144][4096x1920x6144][4096x1920x6144][4096x1920x6144][4096x1920x6144]',,tensorop,f32,128,256,128,4,1,1,2,1,1,7,4,1,1,128,256,32,100,110,843055104,1546439884800,1834,0.501468,1565.72,3.08383e+06
1,CUTLASS,grouped_gemm,cutlass3x_sm100_tensorop_gemm_grouped_e4m3_e4m3_f32_bf16_e4m3_128x256x128_2x4x1_0_ntt_align16_2sm_epi_tma,passed,success,grouped,,,,,fe4m3:column,fe4m3:row,bf16:row,fe4m3:row,1,0,invalid,invalid,heuristic,1,false,'[4096x1920x6144][4096x1920x6144][4096x1920x6144][4096x1920x6144][4096x1920x6144][4096x1920x6144][4096x1920x6144][4096x1920x6144][4096x1920x6144][4096x1920x6144][4096x1920x6144][4096x1920x6144][4096x1920x6144][4096x1920x6144][4096x1920x6144][4096x1920x6144]',,tensorop,f32,128,256,128,2,4,1,2,1,1,7,4,1,1,128,256,32,100,110,843055104,1546439884800,1834,0.564464,1390.98,2.73966e+06
1,CUTLASS,grouped_gemm,cutlass3x_sm100_tensorop_gemm_grouped_e4m3_e4m3_f32_bf16_e4m3_128x256x128_2x4x1_0_ntt_align16_stream_k_2sm_epi_tma,passed,success,grouped,,,,,fe4m3:column,fe4m3:row,bf16:row,fe4m3:row,1,0,invalid,invalid,heuristic,1,false,'[4096x1920x6144][4096x1920x6144][4096x1920x6144][4096x1920x6144][4096x1920x6144][4096x1920x6144][4096x1920x6144][4096x1920x6144][4096x1920x6144][4096x1920x6144][4096x1920x6144][4096x1920x6144][4096x1920x6144][4096x1920x6144][4096x1920x6144][4096x1920x6144]',,tensorop,f32,128,256,128,2,4,1,2,1,1,7,4,1,1,128,256,32,100,110,843055104,1546439884800,1834,0.568704,1380.61,2.71924e+06
1,CUTLASS,grouped_gemm,cutlass3x_sm100_tensorop_gemm_grouped_e4m3_e4m3_f32_bf16_e4m3_128x256x128_4x2x1_0_ntt_align16_2sm_epi_tma,passed,success,grouped,,,,,fe4m3:column,fe4m3:row,bf16:row,fe4m3:row,1,0,invalid,invalid,heuristic,1,false,'[4096x1920x6144][4096x1920x6144][4096x1920x6144][4096x1920x6144][4096x1920x6144][4096x1920x6144][4096x1920x6144][4096x1920x6144][4096x1920x6144][4096x1920x6144][4096x1920x6144][4096x1920x6144][4096x1920x6144][4096x1920x6144][4096x1920x6144][4096x1920x6144]',,tensorop,f32,128,256,128,4,2,1,2,1,1,7,4,1,1,128,256,32,100,110,843055104,1546439884800,1834,0.55023,1426.96,2.81053e+06
1,CUTLASS,grouped_gemm,cutlass3x_sm100_tensorop_gemm_grouped_e4m3_e4m3_f32_bf16_e4m3_128x256x128_4x2x1_0_ntt_align16_stream_k_2sm_epi_tma,passed,success,grouped,,,,,fe4m3:column,fe4m3:row,bf16:row,fe4m3:row,1,0,invalid,invalid,heuristic,1,false,'[4096x1920x6144][4096x1920x6144][4096x1920x6144][4096x1920x6144][4096x1920x6144][4096x1920x6144][4096x1920x6144][4096x1920x6144][4096x1920x6144][4096x1920x6144][4096x1920x6144][4096x1920x6144][4096x1920x6144][4096x1920x6144][4096x1920x6144][4096x1920x6144]',,tensorop,f32,128,256,128,4,2,1,2,1,1,7,4,1,1,128,256,32,100,110,843055104,1546439884800,1834,0.547568,1433.9,2.8242e+06
1,CUTLASS,grouped_gemm,cutlass3x_sm100_tensorop_gemm_grouped_e4m3_e4m3_f32_bf16_e4m3_128x256x128_4x4x1_0_ntt_align16_2sm_epi_tma,passed,success,grouped,,,,,fe4m3:column,fe4m3:row,bf16:row,fe4m3:row,1,0,invalid,invalid,heuristic,1,false,'[4096x1920x6144][4096x1920x6144][4096x1920x6144][4096x1920x6144][4096x1920x6144][4096x1920x6144][4096x1920x6144][4096x1920x6144][4096x1920x6144][4096x1920x6144][4096x1920x6144][4096x1920x6144][4096x1920x6144][4096x1920x6144][4096x1920x6144][4096x1920x6144]',,tensorop,f32,128,256,128,4,4,1,2,1,1,7,4,1,1,128,256,32,100,110,843055104,1546439884800,1834,0.585397,1341.24,2.6417e+06
1,CUTLASS,grouped_gemm,cutlass3x_sm100_tensorop_gemm_grouped_e4m3_e4m3_f32_bf16_e4m3_128x256x128_4x4x1_0_ntt_align16_stream_k_2sm_epi_tma,passed,success,grouped,,,,,fe4m3:column,fe4m3:row,bf16:row,fe4m3:row,1,0,invalid,invalid,heuristic,1,false,'[4096x1920x6144][4096x1920x6144][4096x1920x6144][4096x1920x6144][4096x1920x6144][4096x1920x6144][4096x1920x6144][4096x1920x6144][4096x1920x6144][4096x1920x6144][4096x1920x6144][4096x1920x6144][4096x1920x6144][4096x1920x6144][4096x1920x6144][4096x1920x6144]',,tensorop,f32,128,256,128,4,4,1,2,1,1,7,4,1,1,128,256,32,100,110,843055104,1546439884800,1834,0.585704,1340.53,2.64031e+06
1,CUTLASS,grouped_gemm,cutlass3x_sm100_tensorop_gemm_grouped_e4m3_e4m3_f32_bf16_e4m3_128x256x128_0x0x1_0_tnt_align16_2sm_epi_tma,passed,success,grouped,,,,,fe4m3:row,fe4m3:column,bf16:row,fe4m3:row,1,0,invalid,invalid,heuristic,1,false,'[4096x1920x6144][4096x1920x6144][4096x1920x6144][4096x1920x6144][4096x1920x6144][4096x1920x6144][4096x1920x6144][4096x1920x6144][4096x1920x6144][4096x1920x6144][4096x1920x6144][4096x1920x6144][4096x1920x6144][4096x1920x6144][4096x1920x6144][4096x1920x6144]',,tensorop,f32,128,256,128,2,1,1,2,1,1,7,4,1,1,128,256,32,100,110,843055104,1546439884800,1834,0.552391,1421.38,2.79954e+06
1,CUTLASS,grouped_gemm,cutlass3x_sm100_tensorop_gemm_grouped_e4m3_e4m3_f32_bf16_e4m3_128x256x128_0x0x1_0_tnt_align16_stream_k_2sm_epi_tma,passed,success,grouped,,,,,fe4m3:row,fe4m3:column,bf16:row,fe4m3:row,1,0,invalid,invalid,heuristic,1,false,'[4096x1920x6144][4096x1920x6144][4096x1920x6144][4096x1920x6144][4096x1920x6144][4096x1920x6144][4096x1920x6144][4096x1920x6144][4096x1920x6144][4096x1920x6144][4096x1920x6144][4096x1920x6144][4096x1920x6144][4096x1920x6144][4096x1920x6144][4096x1920x6144]',,tensorop,f32,128,256,128,2,1,1,2,1,1,7,4,1,1,128,256,32,100,110,843055104,1546439884800,1834,0.55705,1409.49,2.77612e+06
1,CUTLASS,grouped_gemm,cutlass3x_sm100_tensorop_gemm_grouped_e4m3_e4m3_f32_bf16_e4m3_128x256x128_2x1x1_0_tnt_align16_2sm_epi_tma,passed,success,grouped,,,,,fe4m3:row,fe4m3:column,bf16:row,fe4m3:row,1,0,invalid,invalid,heuristic,1,false,'[4096x1920x6144][4096x1920x6144][4096x1920x6144][4096x1920x6144][4096x1920x6144][4096x1920x6144][4096x1920x6144][4096x1920x6144][4096x1920x6144][4096x1920x6144][4096x1920x6144][4096x1920x6144][4096x1920x6144][4096x1920x6144][4096x1920x6144][4096x1920x6144]',,tensorop,f32,128,256,128,2,1,1,2,1,1,7,4,1,1,128,256,32,100,110,843055104,1546439884800,1834,0.56214,1396.73,2.75099e+06
1,CUTLASS,grouped_gemm,cutlass3x_sm100_tensorop_gemm_grouped_e4m3_e4m3_f32_bf16_e4m3_128x256x128_2x1x1_0_tnt_align16_stream_k_2sm_epi_tma,passed,success,grouped,,,,,fe4m3:row,fe4m3:column,bf16:row,fe4m3:row,1,0,invalid,invalid,heuristic,1,false,'[4096x1920x6144][4096x1920x6144][4096x1920x6144][4096x1920x6144][4096x1920x6144][4096x1920x6144][4096x1920x6144][4096x1920x6144][4096x1920x6144][4096x1920x6144][4096x1920x6144][4096x1920x6144][4096x1920x6144][4096x1920x6144][4096x1920x6144][4096x1920x6144]',,tensorop,f32,128,256,128,2,1,1,2,1,1,7,4,1,1,128,256,32,100,110,843055104,1546439884800,1834,0.553548,1418.41,2.79369e+06
1,CUTLASS,grouped_gemm,cutlass3x_sm100_tensorop_gemm_grouped_e4m3_e4m3_f32_bf16_e4m3_128x256x128_2x2x1_0_tnt_align16_2sm_epi_tma,passed,success,grouped,,,,,fe4m3:row,fe4m3:column,bf16:row,fe4m3:row,1,0,invalid,invalid,heuristic,1,false,'[4096x1920x6144][4096x1920x6144][4096x1920x6144][4096x1920x6144][4096x1920x6144][4096x1920x6144][4096x1920x6144][4096x1920x6144][4096x1920x6144][4096x1920x6144][4096x1920x6144][4096x1920x6144][4096x1920x6144][4096x1920x6144][4096x1920x6144][4096x1920x6144]',,tensorop,f32,128,256,128,2,2,1,2,1,1,7,4,1,1,128,256,32,100,110,843055104,1546439884800,1834,0.508575,1543.83,3.04073e+06
1,CUTLASS,grouped_gemm,cutlass3x_sm100_tensorop_gemm_grouped_e4m3_e4m3_f32_bf16_e4m3_128x256x128_2x2x1_0_tnt_align16_stream_k_2sm_epi_tma,passed,success,grouped,,,,,fe4m3:row,fe4m3:column,bf16:row,fe4m3:row,1,0,invalid,invalid,heuristic,1,false,'[4096x1920x6144][4096x1920x6144][4096x1920x6144][4096x1920x6144][4096x1920x6144][4096x1920x6144][4096x1920x6144][4096x1920x6144][4096x1920x6144][4096x1920x6144][4096x1920x6144][4096x1920x6144][4096x1920x6144][4096x1920x6144][4096x1920x6144][4096x1920x6144]',,tensorop,f32,128,256,128,2,2,1,2,1,1,7,4,1,1,128,256,32,100,110,843055104,1546439884800,1834,0.516438,1520.33,2.99444e+06
1,CUTLASS,grouped_gemm,cutlass3x_sm100_tensorop_gemm_grouped_e4m3_e4m3_f32_bf16_e4m3_128x256x128_4x1x1_0_tnt_align16_2sm_epi_tma,passed,success,grouped,,,,,fe4m3:row,fe4m3:column,bf16:row,fe4m3:row,1,0,invalid,invalid,heuristic,1,false,'[4096x1920x6144][4096x1920x6144][4096x1920x6144][4096x1920x6144][4096x1920x6144][4096x1920x6144][4096x1920x6144][4096x1920x6144][4096x1920x6144][4096x1920x6144][4096x1920x6144][4096x1920x6144][4096x1920x6144][4096x1920x6144][4096x1920x6144][4096x1920x6144]',,tensorop,f32,128,256,128,4,1,1,2,1,1,7,4,1,1,128,256,32,100,110,843055104,1546439884800,1834,0.500054,1570.14,3.09255e+06
1,CUTLASS,grouped_gemm,cutlass3x_sm100_tensorop_gemm_grouped_e4m3_e4m3_f32_bf16_e4m3_128x256x128_4x1x1_0_tnt_align16_stream_k_2sm_epi_tma,passed,success,grouped,,,,,fe4m3:row,fe4m3:column,bf16:row,fe4m3:row,1,0,invalid,invalid,heuristic,1,false,'[4096x1920x6144][4096x1920x6144][4096x1920x6144][4096x1920x6144][4096x1920x6144][4096x1920x6144][4096x1920x6144][4096x1920x6144][4096x1920x6144][4096x1920x6144][4096x1920x6144][4096x1920x6144][4096x1920x6144][4096x1920x6144][4096x1920x6144][4096x1920x6144]',,tensorop,f32,128,256,128,4,1,1,2,1,1,7,4,1,1,128,256,32,100,110,843055104,1546439884800,1834,0.481325,1631.24,3.21288e+06
1,CUTLASS,grouped_gemm,cutlass3x_sm100_tensorop_gemm_grouped_e4m3_e4m3_f32_bf16_e4m3_128x256x128_2x4x1_0_tnt_align16_2sm_epi_tma,passed,success,grouped,,,,,fe4m3:row,fe4m3:column,bf16:row,fe4m3:row,1,0,invalid,invalid,heuristic,1,false,'[4096x1920x6144][4096x1920x6144][4096x1920x6144][4096x1920x6144][4096x1920x6144][4096x1920x6144][4096x1920x6144][4096x1920x6144][4096x1920x6144][4096x1920x6144][4096x1920x6144][4096x1920x6144][4096x1920x6144][4096x1920x6144][4096x1920x6144][4096x1920x6144]',,tensorop,f32,128,256,128,2,4,1,2,1,1,7,4,1,1,128,256,32,100,110,843055104,1546439884800,1834,0.560882,1399.86,2.75716e+06
1,CUTLASS,grouped_gemm,cutlass3x_sm100_tensorop_gemm_grouped_e4m3_e4m3_f32_bf16_e4m3_128x256x128_2x4x1_0_tnt_align16_stream_k_2sm_epi_tma,passed,success,grouped,,,,,fe4m3:row,fe4m3:column,bf16:row,fe4m3:row,1,0,invalid,invalid,heuristic,1,false,'[4096x1920x6144][4096x1920x6144][4096x1920x6144][4096x1920x6144][4096x1920x6144][4096x1920x6144][4096x1920x6144][4096x1920x6144][4096x1920x6144][4096x1920x6144][4096x1920x6144][4096x1920x6144][4096x1920x6144][4096x1920x6144][4096x1920x6144][4096x1920x6144]',,tensorop,f32,128,256,128,2,4,1,2,1,1,7,4,1,1,128,256,32,100,110,843055104,1546439884800,1834,0.568028,1382.25,2.72247e+06
1,CUTLASS,grouped_gemm,cutlass3x_sm100_tensorop_gemm_grouped_e4m3_e4m3_f32_bf16_e4m3_128x256x128_4x2x1_0_tnt_align16_2sm_epi_tma,passed,success,grouped,,,,,fe4m3:row,fe4m3:column,bf16:row,fe4m3:row,1,0,invalid,invalid,heuristic,1,false,'[4096x1920x6144][4096x1920x6144][4096x1920x6144][4096x1920x6144][4096x1920x6144][4096x1920x6144][4096x1920x6144][4096x1920x6144][4096x1920x6144][4096x1920x6144][4096x1920x6144][4096x1920x6144][4096x1920x6144][4096x1920x6144][4096x1920x6144][4096x1920x6144]',,tensorop,f32,128,256,128,4,2,1,2,1,1,7,4,1,1,128,256,32,100,110,843055104,1546439884800,1834,0.55022,1426.99,2.81058e+06
1,CUTLASS,grouped_gemm,cutlass3x_sm100_tensorop_gemm_grouped_e4m3_e4m3_f32_bf16_e4m3_128x256x128_4x2x1_0_tnt_align16_stream_k_2sm_epi_tma,passed,success,grouped,,,,,fe4m3:row,fe4m3:column,bf16:row,fe4m3:row,1,0,invalid,invalid,heuristic,1,false,'[4096x1920x6144][4096x1920x6144][4096x1920x6144][4096x1920x6144][4096x1920x6144][4096x1920x6144][4096x1920x6144][4096x1920x6144][4096x1920x6144][4096x1920x6144][4096x1920x6144][4096x1920x6144][4096x1920x6144][4096x1920x6144][4096x1920x6144][4096x1920x6144]',,tensorop,f32,128,256,128,4,2,1,2,1,1,7,4,1,1,128,256,32,100,110,843055104,1546439884800,1834,0.5498,1428.08,2.81273e+06
1,CUTLASS,grouped_gemm,cutlass3x_sm100_tensorop_gemm_grouped_e4m3_e4m3_f32_bf16_e4m3_128x256x128_4x4x1_0_tnt_align16_2sm_epi_tma,passed,success,grouped,,,,,fe4m3:row,fe4m3:column,bf16:row,fe4m3:row,1,0,invalid,invalid,heuristic,1,false,'[4096x1920x6144][4096x1920x6144][4096x1920x6144][4096x1920x6144][4096x1920x6144][4096x1920x6144][4096x1920x6144][4096x1920x6144][4096x1920x6144][4096x1920x6144][4096x1920x6144][4096x1920x6144][4096x1920x6144][4096x1920x6144][4096x1920x6144][4096x1920x6144]',,tensorop,f32,128,256,128,4,4,1,2,1,1,7,4,1,1,128,256,32,100,110,843055104,1546439884800,1834,0.589644,1331.58,2.62267e+06
1,CUTLASS,grouped_gemm,cutlass3x_sm100_tensorop_gemm_grouped_e4m3_e4m3_f32_bf16_e4m3_128x256x128_4x4x1_0_tnt_align16_stream_k_2sm_epi_tma,passed,success,grouped,,,,,fe4m3:row,fe4m3:column,bf16:row,fe4m3:row,1,0,invalid,invalid,heuristic,1,false,'[4096x1920x6144][4096x1920x6144][4096x1920x6144][4096x1920x6144][4096x1920x6144][4096x1920x6144][4096x1920x6144][4096x1920x6144][4096x1920x6144][4096x1920x6144][4096x1920x6144][4096x1920x6144][4096x1920x6144][4096x1920x6144][4096x1920x6144][4096x1920x6144]',,tensorop,f32,128,256,128,4,4,1,2,1,1,7,4,1,1,128,256,32,100,110,843055104,1546439884800,1834,0.591855,1326.6,2.61287e+06
1,CUTLASS,grouped_gemm,cutlass3x_sm100_tensorop_gemm_grouped_e4m3_e4m3_f32_bf16_e4m3_128x256x128_0x0x1_0_ttt_align16_2sm_epi_tma,passed,success,grouped,,,,,fe4m3:row,fe4m3:row,bf16:row,fe4m3:row,1,0,invalid,invalid,heuristic,1,false,'[4096x1920x6144][4096x1920x6144][4096x1920x6144][4096x1920x6144][4096x1920x6144][4096x1920x6144][4096x1920x6144][4096x1920x6144][4096x1920x6144][4096x1920x6144][4096x1920x6144][4096x1920x6144][4096x1920x6144][4096x1920x6144][4096x1920x6144][4096x1920x6144]',,tensorop,f32,128,256,128,2,1,1,2,1,1,7,4,1,1,128,256,32,100,110,843055104,1546439884800,1834,0.548315,1431.94,2.82035e+06
1,CUTLASS,grouped_gemm,cutlass3x_sm100_tensorop_gemm_grouped_e4m3_e4m3_f32_bf16_e4m3_128x256x128_0x0x1_0_ttt_align16_stream_k_2sm_epi_tma,passed,success,grouped,,,,,fe4m3:row,fe4m3:row,bf16:row,fe4m3:row,1,0,invalid,invalid,heuristic,1,false,'[4096x1920x6144][4096x1920x6144][4096x1920x6144][4096x1920x6144][4096x1920x6144][4096x1920x6144][4096x1920x6144][4096x1920x6144][4096x1920x6144][4096x1920x6144][4096x1920x6144][4096x1920x6144][4096x1920x6144][4096x1920x6144][4096x1920x6144][4096x1920x6144]',,tensorop,f32,128,256,128,2,1,1,2,1,1,7,4,1,1,128,256,32,100,110,843055104,1546439884800,1834,0.553139,1419.46,2.79576e+06
1,CUTLASS,grouped_gemm,cutlass3x_sm100_tensorop_gemm_grouped_e4m3_e4m3_f32_bf16_e4m3_128x256x128_2x1x1_0_ttt_align16_2sm_epi_tma,passed,success,grouped,,,,,fe4m3:row,fe4m3:row,bf16:row,fe4m3:row,1,0,invalid,invalid,heuristic,1,false,'[4096x1920x6144][4096x1920x6144][4096x1920x6144][4096x1920x6144][4096x1920x6144][4096x1920x6144][4096x1920x6144][4096x1920x6144][4096x1920x6144][4096x1920x6144][4096x1920x6144][4096x1920x6144][4096x1920x6144][4096x1920x6144][4096x1920x6144][4096x1920x6144]',,tensorop,f32,128,256,128,2,1,1,2,1,1,7,4,1,1,128,256,32,100,110,843055104,1546439884800,1834,0.553857,1417.62,2.79213e+06
1,CUTLASS,grouped_gemm,cutlass3x_sm100_tensorop_gemm_grouped_e4m3_e4m3_f32_bf16_e4m3_128x256x128_2x1x1_0_ttt_align16_stream_k_2sm_epi_tma,passed,success,grouped,,,,,fe4m3:row,fe4m3:row,bf16:row,fe4m3:row,1,0,invalid,invalid,heuristic,1,false,'[4096x1920x6144][4096x1920x6144][4096x1920x6144][4096x1920x6144][4096x1920x6144][4096x1920x6144][4096x1920x6144][4096x1920x6144][4096x1920x6144][4096x1920x6144][4096x1920x6144][4096x1920x6144][4096x1920x6144][4096x1920x6144][4096x1920x6144][4096x1920x6144]',,tensorop,f32,128,256,128,2,1,1,2,1,1,7,4,1,1,128,256,32,100,110,843055104,1546439884800,1834,0.554644,1415.61,2.78817e+06
1,CUTLASS,grouped_gemm,cutlass3x_sm100_tensorop_gemm_grouped_e4m3_e4m3_f32_bf16_e4m3_128x256x128_2x2x1_0_ttt_align16_2sm_epi_tma,passed,success,grouped,,,,,fe4m3:row,fe4m3:row,bf16:row,fe4m3:row,1,0,invalid,invalid,heuristic,1,false,'[4096x1920x6144][4096x1920x6144][4096x1920x6144][4096x1920x6144][4096x1920x6144][4096x1920x6144][4096x1920x6144][4096x1920x6144][4096x1920x6144][4096x1920x6144][4096x1920x6144][4096x1920x6144][4096x1920x6144][4096x1920x6144][4096x1920x6144][4096x1920x6144]',,tensorop,f32,128,256,128,2,2,1,2,1,1,7,4,1,1,128,256,32,100,110,843055104,1546439884800,1834,0.510304,1538.6,3.03043e+06
1,CUTLASS,grouped_gemm,cutlass3x_sm100_tensorop_gemm_grouped_e4m3_e4m3_f32_bf16_e4m3_128x256x128_2x2x1_0_ttt_align16_stream_k_2sm_epi_tma,passed,success,grouped,,,,,fe4m3:row,fe4m3:row,bf16:row,fe4m3:row,1,0,invalid,invalid,heuristic,1,false,'[4096x1920x6144][4096x1920x6144][4096x1920x6144][4096x1920x6144][4096x1920x6144][4096x1920x6144][4096x1920x6144][4096x1920x6144][4096x1920x6144][4096x1920x6144][4096x1920x6144][4096x1920x6144][4096x1920x6144][4096x1920x6144][4096x1920x6144][4096x1920x6144]',,tensorop,f32,128,256,128,2,2,1,2,1,1,7,4,1,1,128,256,32,100,110,843055104,1546439884800,1834,0.509967,1539.62,3.03243e+06
1,CUTLASS,grouped_gemm,cutlass3x_sm100_tensorop_gemm_grouped_e4m3_e4m3_f32_bf16_e4m3_128x256x128_4x1x1_0_ttt_align16_2sm_epi_tma,passed,success,grouped,,,,,fe4m3:row,fe4m3:row,bf16:row,fe4m3:row,1,0,invalid,invalid,heuristic,1,false,'[4096x1920x6144][4096x1920x6144][4096x1920x6144][4096x1920x6144][4096x1920x6144][4096x1920x6144][4096x1920x6144][4096x1920x6144][4096x1920x6144][4096x1920x6144][4096x1920x6144][4096x1920x6144][4096x1920x6144][4096x1920x6144][4096x1920x6144][4096x1920x6144]',,tensorop,f32,128,256,128,4,1,1,2,1,1,7,4,1,1,128,256,32,100,110,843055104,1546439884800,1834,0.502819,1561.51,3.07554e+06
1,CUTLASS,grouped_gemm,cutlass3x_sm100_tensorop_gemm_grouped_e4m3_e4m3_f32_bf16_e4m3_128x256x128_4x1x1_0_ttt_align16_stream_k_2sm_epi_tma,passed,success,grouped,,,,,fe4m3:row,fe4m3:row,bf16:row,fe4m3:row,1,0,invalid,invalid,heuristic,1,false,'[4096x1920x6144][4096x1920x6144][4096x1920x6144][4096x1920x6144][4096x1920x6144][4096x1920x6144][4096x1920x6144][4096x1920x6144][4096x1920x6144][4096x1920x6144][4096x1920x6144][4096x1920x6144][4096x1920x6144][4096x1920x6144][4096x1920x6144][4096x1920x6144]',,tensorop,f32,128,256,128,4,1,1,2,1,1,7,4,1,1,128,256,32,100,110,843055104,1546439884800,1834,0.495293,1585.24,3.12227e+06
1,CUTLASS,grouped_gemm,cutlass3x_sm100_tensorop_gemm_grouped_e4m3_e4m3_f32_bf16_e4m3_128x256x128_2x4x1_0_ttt_align16_2sm_epi_tma,passed,success,grouped,,,,,fe4m3:row,fe4m3:row,bf16:row,fe4m3:row,1,0,invalid,invalid,heuristic,1,false,'[4096x1920x6144][4096x1920x6144][4096x1920x6144][4096x1920x6144][4096x1920x6144][4096x1920x6144][4096x1920x6144][4096x1920x6144][4096x1920x6144][4096x1920x6144][4096x1920x6144][4096x1920x6144][4096x1920x6144][4096x1920x6144][4096x1920x6144][4096x1920x6144]',,tensorop,f32,128,256,128,2,4,1,2,1,1,7,4,1,1,128,256,32,100,110,843055104,1546439884800,1834,0.563911,1392.34,2.74235e+06
1,CUTLASS,grouped_gemm,cutlass3x_sm100_tensorop_gemm_grouped_e4m3_e4m3_f32_bf16_e4m3_128x256x128_2x4x1_0_ttt_align16_stream_k_2sm_epi_tma,passed,success,grouped,,,,,fe4m3:row,fe4m3:row,bf16:row,fe4m3:row,1,0,invalid,invalid,heuristic,1,false,'[4096x1920x6144][4096x1920x6144][4096x1920x6144][4096x1920x6144][4096x1920x6144][4096x1920x6144][4096x1920x6144][4096x1920x6144][4096x1920x6144][4096x1920x6144][4096x1920x6144][4096x1920x6144][4096x1920x6144][4096x1920x6144][4096x1920x6144][4096x1920x6144]',,tensorop,f32,128,256,128,2,4,1,2,1,1,7,4,1,1,128,256,32,100,110,843055104,1546439884800,1834,0.558709,1405.3,2.76788e+06
1,CUTLASS,grouped_gemm,cutlass3x_sm100_tensorop_gemm_grouped_e4m3_e4m3_f32_bf16_e4m3_128x256x128_4x2x1_0_ttt_align16_2sm_epi_tma,passed,success,grouped,,,,,fe4m3:row,fe4m3:row,bf16:row,fe4m3:row,1,0,invalid,invalid,heuristic,1,false,'[4096x1920x6144][4096x1920x6144][4096x1920x6144][4096x1920x6144][4096x1920x6144][4096x1920x6144][4096x1920x6144][4096x1920x6144][4096x1920x6144][4096x1920x6144][4096x1920x6144][4096x1920x6144][4096x1920x6144][4096x1920x6144][4096x1920x6144][4096x1920x6144]',,tensorop,f32,128,256,128,4,2,1,2,1,1,7,4,1,1,128,256,32,100,110,843055104,1546439884800,1834,0.547844,1433.17,2.82277e+06
1,CUTLASS,grouped_gemm,cutlass3x_sm100_tensorop_gemm_grouped_e4m3_e4m3_f32_bf16_e4m3_128x256x128_4x2x1_0_ttt_align16_stream_k_2sm_epi_tma,passed,success,grouped,,,,,fe4m3:row,fe4m3:row,bf16:row,fe4m3:row,1,0,invalid,invalid,heuristic,1,false,'[4096x1920x6144][4096x1920x6144][4096x1920x6144][4096x1920x6144][4096x1920x6144][4096x1920x6144][4096x1920x6144][4096x1920x6144][4096x1920x6144][4096x1920x6144][4096x1920x6144][4096x1920x6144][4096x1920x6144][4096x1920x6144][4096x1920x6144][4096x1920x6144]',,tensorop,f32,128,256,128,4,2,1,2,1,1,7,4,1,1,128,256,32,100,110,843055104,1546439884800,1834,0.54889,1430.44,2.81739e+06
1,CUTLASS,grouped_gemm,cutlass3x_sm100_tensorop_gemm_grouped_e4m3_e4m3_f32_bf16_e4m3_128x256x128_4x4x1_0_ttt_align16_2sm_epi_tma,passed,success,grouped,,,,,fe4m3:row,fe4m3:row,bf16:row,fe4m3:row,1,0,invalid,invalid,heuristic,1,false,'[4096x1920x6144][4096x1920x6144][4096x1920x6144][4096x1920x6144][4096x1920x6144][4096x1920x6144][4096x1920x6144][4096x1920x6144][4096x1920x6144][4096x1920x6144][4096x1920x6144][4096x1920x6144][4096x1920x6144][4096x1920x6144][4096x1920x6144][4096x1920x6144]',,tensorop,f32,128,256,128,4,4,1,2,1,1,7,4,1,1,128,256,32,100,110,843055104,1546439884800,1834,0.588036,1335.22,2.62984e+06
1,CUTLASS,grouped_gemm,cutlass3x_sm100_tensorop_gemm_grouped_e4m3_e4m3_f32_bf16_e4m3_128x256x128_4x4x1_0_ttt_align16_stream_k_2sm_epi_tma,passed,success,grouped,,,,,fe4m3:row,fe4m3:row,bf16:row,fe4m3:row,1,0,invalid,invalid,heuristic,1,false,'[4096x1920x6144][4096x1920x6144][4096x1920x6144][4096x1920x6144][4096x1920x6144][4096x1920x6144][4096x1920x6144][4096x1920x6144][4096x1920x6144][4096x1920x6144][4096x1920x6144][4096x1920x6144][4096x1920x6144][4096x1920x6144][4096x1920x6144][4096x1920x6144]',,tensorop,f32,128,256,128,4,4,1,2,1,1,7,4,1,1,128,256,32,100,110,843055104,1546439884800,1834,0.588415,1334.36,2.62814e+06
1,CUTLASS,grouped_gemm,cutlass3x_sm100_tensorop_gemm_grouped_e4m3_e4m3_f32_bf16_e4m3_256x128x128_0x0x1_0_nnn_align16_2sm_epi_tma,passed,success,grouped,,,,,fe4m3:column,fe4m3:column,bf16:column,fe4m3:column,1,0,invalid,invalid,heuristic,1,false,'[4096x1920x6144][4096x1920x6144][4096x1920x6144][4096x1920x6144][4096x1920x6144][4096x1920x6144][4096x1920x6144][4096x1920x6144][4096x1920x6144][4096x1920x6144][4096x1920x6144][4096x1920x6144][4096x1920x6144][4096x1920x6144][4096x1920x6144][4096x1920x6144]',,tensorop,f32,256,128,128,2,1,1,2,1,1,7,4,1,1,256,128,32,100,110,843055104,1546439884800,1834,0.475551,1651.05,3.25189e+06
1,CUTLASS,grouped_gemm,cutlass3x_sm100_tensorop_gemm_grouped_e4m3_e4m3_f32_bf16_e4m3_256x128x128_0x0x1_0_nnn_align16_stream_k_2sm_epi_tma,passed,success,grouped,,,,,fe4m3:column,fe4m3:column,bf16:column,fe4m3:column,1,0,invalid,invalid,heuristic,1,false,'[4096x1920x6144][4096x1920x6144][4096x1920x6144][4096x1920x6144][4096x1920x6144][4096x1920x6144][4096x1920x6144][4096x1920x6144][4096x1920x6144][4096x1920x6144][4096x1920x6144][4096x1920x6144][4096x1920x6144][4096x1920x6144][4096x1920x6144][4096x1920x6144]',,tensorop,f32,256,128,128,2,1,1,2,1,1,7,4,1,1,256,128,32,100,110,843055104,1546439884800,1834,0.471301,1665.93,3.28121e+06
1,CUTLASS,grouped_gemm,cutlass3x_sm100_tensorop_gemm_grouped_e4m3_e4m3_f32_bf16_e4m3_256x128x128_2x1x1_0_nnn_align16_2sm_epi_tma,passed,success,grouped,,,,,fe4m3:column,fe4m3:column,bf16:column,fe4m3:column,1,0,invalid,invalid,heuristic,1,false,'[4096x1920x6144][4096x1920x6144][4096x1920x6144][4096x1920x6144][4096x1920x6144][4096x1920x6144][4096x1920x6144][4096x1920x6144][4096x1920x6144][4096x1920x6144][4096x1920x6144][4096x1920x6144][4096x1920x6144][4096x1920x6144][4096x1920x6144][4096x1920x6144]',,tensorop,f32,256,128,128,2,1,1,2,1,1,7,4,1,1,256,128,32,100,110,843055104,1546439884800,1834,0.465034,1688.38,3.32543e+06
1,CUTLASS,grouped_gemm,cutlass3x_sm100_tensorop_gemm_grouped_e4m3_e4m3_f32_bf16_e4m3_256x128x128_2x1x1_0_nnn_align16_stream_k_2sm_epi_tma,passed,success,grouped,,,,,fe4m3:column,fe4m3:column,bf16:column,fe4m3:column,1,0,invalid,invalid,heuristic,1,false,'[4096x1920x6144][4096x1920x6144][4096x1920x6144][4096x1920x6144][4096x1920x6144][4096x1920x6144][4096x1920x6144][4096x1920x6144][4096x1920x6144][4096x1920x6144][4096x1920x6144][4096x1920x6144][4096x1920x6144][4096x1920x6144][4096x1920x6144][4096x1920x6144]',,tensorop,f32,256,128,128,2,1,1,2,1,1,7,4,1,1,256,128,32,100,110,843055104,1546439884800,1834,0.463601,1693.6,3.33572e+06
1,CUTLASS,grouped_gemm,cutlass3x_sm100_tensorop_gemm_grouped_e4m3_e4m3_f32_bf16_e4m3_256x128x128_2x2x1_0_nnn_align16_2sm_epi_tma,passed,success,grouped,,,,,fe4m3:column,fe4m3:column,bf16:column,fe4m3:column,1,0,invalid,invalid,heuristic,1,false,'[4096x1920x6144][4096x1920x6144][4096x1920x6144][4096x1920x6144][4096x1920x6144][4096x1920x6144][4096x1920x6144][4096x1920x6144][4096x1920x6144][4096x1920x6144][4096x1920x6144][4096x1920x6144][4096x1920x6144][4096x1920x6144][4096x1920x6144][4096x1920x6144]',,tensorop,f32,256,128,128,2,2,1,2,1,1,7,4,1,1,256,128,32,100,110,843055104,1546439884800,1834,0.492118,1595.46,3.14241e+06
1,CUTLASS,grouped_gemm,cutlass3x_sm100_tensorop_gemm_grouped_e4m3_e4m3_f32_bf16_e4m3_256x128x128_2x2x1_0_nnn_align16_stream_k_2sm_epi_tma,passed,success,grouped,,,,,fe4m3:column,fe4m3:column,bf16:column,fe4m3:column,1,0,invalid,invalid,heuristic,1,false,'[4096x1920x6144][4096x1920x6144][4096x1920x6144][4096x1920x6144][4096x1920x6144][4096x1920x6144][4096x1920x6144][4096x1920x6144][4096x1920x6144][4096x1920x6144][4096x1920x6144][4096x1920x6144][4096x1920x6144][4096x1920x6144][4096x1920x6144][4096x1920x6144]',,tensorop,f32,256,128,128,2,2,1,2,1,1,7,4,1,1,256,128,32,100,110,843055104,1546439884800,1834,0.491361,1597.92,3.14726e+06
1,CUTLASS,grouped_gemm,cutlass3x_sm100_tensorop_gemm_grouped_e4m3_e4m3_f32_bf16_e4m3_256x128x128_4x1x1_0_nnn_align16_2sm_epi_tma,passed,success,grouped,,,,,fe4m3:column,fe4m3:column,bf16:column,fe4m3:column,1,0,invalid,invalid,heuristic,1,false,'[4096x1920x6144][4096x1920x6144][4096x1920x6144][4096x1920x6144][4096x1920x6144][4096x1920x6144][4096x1920x6144][4096x1920x6144][4096x1920x6144][4096x1920x6144][4096x1920x6144][4096x1920x6144][4096x1920x6144][4096x1920x6144][4096x1920x6144][4096x1920x6144]',,tensorop,f32,256,128,128,4,1,1,2,1,1,7,4,1,1,256,128,32,100,110,843055104,1546439884800,1834,0.462792,1696.56,3.34154e+06
1,CUTLASS,grouped_gemm,cutlass3x_sm100_tensorop_gemm_grouped_e4m3_e4m3_f32_bf16_e4m3_256x128x128_4x1x1_0_nnn_align16_stream_k_2sm_epi_tma,passed,success,grouped,,,,,fe4m3:column,fe4m3:column,bf16:column,fe4m3:column,1,0,invalid,invalid,heuristic,1,false,'[4096x1920x6144][4096x1920x6144][4096x1920x6144][4096x1920x6144][4096x1920x6144][4096x1920x6144][4096x1920x6144][4096x1920x6144][4096x1920x6144][4096x1920x6144][4096x1920x6144][4096x1920x6144][4096x1920x6144][4096x1920x6144][4096x1920x6144][4096x1920x6144]',,tensorop,f32,256,128,128,4,1,1,2,1,1,7,4,1,1,256,128,32,100,110,843055104,1546439884800,1834,0.475847,1650.02,3.24987e+06
1,CUTLASS,grouped_gemm,cutlass3x_sm100_tensorop_gemm_grouped_e4m3_e4m3_f32_bf16_e4m3_256x128x128_2x4x1_0_nnn_align16_2sm_epi_tma,passed,success,grouped,,,,,fe4m3:column,fe4m3:column,bf16:column,fe4m3:column,1,0,invalid,invalid,heuristic,1,false,'[4096x1920x6144][4096x1920x6144][4096x1920x6144][4096x1920x6144][4096x1920x6144][4096x1920x6144][4096x1920x6144][4096x1920x6144][4096x1920x6144][4096x1920x6144][4096x1920x6144][4096x1920x6144][4096x1920x6144][4096x1920x6144][4096x1920x6144][4096x1920x6144]',,tensorop,f32,256,128,128,2,4,1,2,1,1,7,4,1,1,256,128,32,100,110,843055104,1546439884800,1834,0.541014,1451.27,2.85841e+06
1,CUTLASS,grouped_gemm,cutlass3x_sm100_tensorop_gemm_grouped_e4m3_e4m3_f32_bf16_e4m3_256x128x128_2x4x1_0_nnn_align16_stream_k_2sm_epi_tma,passed,success,grouped,,,,,fe4m3:column,fe4m3:column,bf16:column,fe4m3:column,1,0,invalid,invalid,heuristic,1,false,'[4096x1920x6144][4096x1920x6144][4096x1920x6144][4096x1920x6144][4096x1920x6144][4096x1920x6144][4096x1920x6144][4096x1920x6144][4096x1920x6144][4096x1920x6144][4096x1920x6144][4096x1920x6144][4096x1920x6144][4096x1920x6144][4096x1920x6144][4096x1920x6144]',,tensorop,f32,256,128,128,2,4,1,2,1,1,7,4,1,1,256,128,32,100,110,843055104,1546439884800,1834,0.545407,1439.58,2.83539e+06
1,CUTLASS,grouped_gemm,cutlass3x_sm100_tensorop_gemm_grouped_e4m3_e4m3_f32_bf16_e4m3_256x128x128_4x2x1_0_nnn_align16_2sm_epi_tma,passed,success,grouped,,,,,fe4m3:column,fe4m3:column,bf16:column,fe4m3:column,1,0,invalid,invalid,heuristic,1,false,'[4096x1920x6144][4096x1920x6144][4096x1920x6144][4096x1920x6144][4096x1920x6144][4096x1920x6144][4096x1920x6144][4096x1920x6144][4096x1920x6144][4096x1920x6144][4096x1920x6144][4096x1920x6144][4096x1920x6144][4096x1920x6144][4096x1920x6144][4096x1920x6144]',,tensorop,f32,256,128,128,4,2,1,2,1,1,7,4,1,1,256,128,32,100,110,843055104,1546439884800,1834,0.542141,1448.25,2.85247e+06
1,CUTLASS,grouped_gemm,cutlass3x_sm100_tensorop_gemm_grouped_e4m3_e4m3_f32_bf16_e4m3_256x128x128_4x2x1_0_nnn_align16_stream_k_2sm_epi_tma,passed,success,grouped,,,,,fe4m3:column,fe4m3:column,bf16:column,fe4m3:column,1,0,invalid,invalid,heuristic,1,false,'[4096x1920x6144][4096x1920x6144][4096x1920x6144][4096x1920x6144][4096x1920x6144][4096x1920x6144][4096x1920x6144][4096x1920x6144][4096x1920x6144][4096x1920x6144][4096x1920x6144][4096x1920x6144][4096x1920x6144][4096x1920x6144][4096x1920x6144][4096x1920x6144]',,tensorop,f32,256,128,128,4,2,1,2,1,1,7,4,1,1,256,128,32,100,110,843055104,1546439884800,1834,0.543328,1445.09,2.84623e+06
1,CUTLASS,grouped_gemm,cutlass3x_sm100_tensorop_gemm_grouped_e4m3_e4m3_f32_bf16_e4m3_256x128x128_4x4x1_0_nnn_align16_2sm_epi_tma,passed,success,grouped,,,,,fe4m3:column,fe4m3:column,bf16:column,fe4m3:column,1,0,invalid,invalid,heuristic,1,false,'[4096x1920x6144][4096x1920x6144][4096x1920x6144][4096x1920x6144][4096x1920x6144][4096x1920x6144][4096x1920x6144][4096x1920x6144][4096x1920x6144][4096x1920x6144][4096x1920x6144][4096x1920x6144][4096x1920x6144][4096x1920x6144][4096x1920x6144][4096x1920x6144]',,tensorop,f32,256,128,128,4,4,1,2,1,1,7,4,1,1,256,128,32,100,110,843055104,1546439884800,1834,0.57455,1366.56,2.69157e+06
1,CUTLASS,grouped_gemm,cutlass3x_sm100_tensorop_gemm_grouped_e4m3_e4m3_f32_bf16_e4m3_256x128x128_4x4x1_0_nnn_align16_stream_k_2sm_epi_tma,passed,success,grouped,,,,,fe4m3:column,fe4m3:column,bf16:column,fe4m3:column,1,0,invalid,invalid,heuristic,1,false,'[4096x1920x6144][4096x1920x6144][4096x1920x6144][4096x1920x6144][4096x1920x6144][4096x1920x6144][4096x1920x6144][4096x1920x6144][4096x1920x6144][4096x1920x6144][4096x1920x6144][4096x1920x6144][4096x1920x6144][4096x1920x6144][4096x1920x6144][4096x1920x6144]',,tensorop,f32,256,128,128,4,4,1,2,1,1,7,4,1,1,256,128,32,100,110,843055104,1546439884800,1834,0.569563,1378.52,2.71513e+06
1,CUTLASS,grouped_gemm,cutlass3x_sm100_tensorop_gemm_grouped_e4m3_e4m3_f32_bf16_e4m3_256x128x128_0x0x1_0_ntn_align16_2sm_epi_tma,passed,success,grouped,,,,,fe4m3:column,fe4m3:row,bf16:column,fe4m3:column,1,0,invalid,invalid,heuristic,1,false,'[4096x1920x6144][4096x1920x6144][4096x1920x6144][4096x1920x6144][4096x1920x6144][4096x1920x6144][4096x1920x6144][4096x1920x6144][4096x1920x6144][4096x1920x6144][4096x1920x6144][4096x1920x6144][4096x1920x6144][4096x1920x6144][4096x1920x6144][4096x1920x6144]',,tensorop,f32,256,128,128,2,1,1,2,1,1,7,4,1,1,256,128,32,100,110,843055104,1546439884800,1834,0.473655,1657.65,3.26491e+06
1,CUTLASS,grouped_gemm,cutlass3x_sm100_tensorop_gemm_grouped_e4m3_e4m3_f32_bf16_e4m3_256x128x128_0x0x1_0_ntn_align16_stream_k_2sm_epi_tma,passed,success,grouped,,,,,fe4m3:column,fe4m3:row,bf16:column,fe4m3:column,1,0,invalid,invalid,heuristic,1,false,'[4096x1920x6144][4096x1920x6144][4096x1920x6144][4096x1920x6144][4096x1920x6144][4096x1920x6144][4096x1920x6144][4096x1920x6144][4096x1920x6144][4096x1920x6144][4096x1920x6144][4096x1920x6144][4096x1920x6144][4096x1920x6144][4096x1920x6144][4096x1920x6144]',,tensorop,f32,256,128,128,2,1,1,2,1,1,7,4,1,1,256,128,32,100,110,843055104,1546439884800,1834,0.470359,1669.27,3.28779e+06
1,CUTLASS,grouped_gemm,cutlass3x_sm100_tensorop_gemm_grouped_e4m3_e4m3_f32_bf16_e4m3_256x128x128_2x1x1_0_ntn_align16_2sm_epi_tma,passed,success,grouped,,,,,fe4m3:column,fe4m3:row,bf16:column,fe4m3:column,1,0,invalid,invalid,heuristic,1,false,'[4096x1920x6144][4096x1920x6144][4096x1920x6144][4096x1920x6144][4096x1920x6144][4096x1920x6144][4096x1920x6144][4096x1920x6144][4096x1920x6144][4096x1920x6144][4096x1920x6144][4096x1920x6144][4096x1920x6144][4096x1920x6144][4096x1920x6144][4096x1920x6144]',,tensorop,f32,256,128,128,2,1,1,2,1,1,7,4,1,1,256,128,32,100,110,843055104,1546439884800,1834,0.490685,1600.12,3.1516e+06
1,CUTLASS,grouped_gemm,cutlass3x_sm100_tensorop_gemm_grouped_e4m3_e4m3_f32_bf16_e4m3_256x128x128_2x1x1_0_ntn_align16_stream_k_2sm_epi_tma,passed,success,grouped,,,,,fe4m3:column,fe4m3:row,bf16:column,fe4m3:column,1,0,invalid,invalid,heuristic,1,false,'[4096x1920x6144][4096x1920x6144][4096x1920x6144][4096x1920x6144][4096x1920x6144][4096x1920x6144][4096x1920x6144][4096x1920x6144][4096x1920x6144][4096x1920x6144][4096x1920x6144][4096x1920x6144][4096x1920x6144][4096x1920x6144][4096x1920x6144][4096x1920x6144]',,tensorop,f32,256,128,128,2,1,1,2,1,1,7,4,1,1,256,128,32,100,110,843055104,1546439884800,1834,0.475314,1651.87,3.25351e+06
1,CUTLASS,grouped_gemm,cutlass3x_sm100_tensorop_gemm_grouped_e4m3_e4m3_f32_bf16_e4m3_256x128x128_2x2x1_0_ntn_align16_2sm_epi_tma,passed,success,grouped,,,,,fe4m3:column,fe4m3:row,bf16:column,fe4m3:column,1,0,invalid,invalid,heuristic,1,false,'[4096x1920x6144][4096x1920x6144][4096x1920x6144][4096x1920x6144][4096x1920x6144][4096x1920x6144][4096x1920x6144][4096x1920x6144][4096x1920x6144][4096x1920x6144][4096x1920x6144][4096x1920x6144][4096x1920x6144][4096x1920x6144][4096x1920x6144][4096x1920x6144]',,tensorop,f32,256,128,128,2,2,1,2,1,1,7,4,1,1,256,128,32,100,110,843055104,1546439884800,1834,0.491629,1597.05,3.14554e+06
1,CUTLASS,grouped_gemm,cutlass3x_sm100_tensorop_gemm_grouped_e4m3_e4m3_f32_bf16_e4m3_256x128x128_2x2x1_0_ntn_align16_stream_k_2sm_epi_tma,passed,success,grouped,,,,,fe4m3:column,fe4m3:row,bf16:column,fe4m3:column,1,0,invalid,invalid,heuristic,1,false,'[4096x1920x6144][4096x1920x6144][4096x1920x6144][4096x1920x6144][4096x1920x6144][4096x1920x6144][4096x1920x6144][4096x1920x6144][4096x1920x6144][4096x1920x6144][4096x1920x6144][4096x1920x6144][4096x1920x6144][4096x1920x6144][4096x1920x6144][4096x1920x6144]',,tensorop,f32,256,128,128,2,2,1,2,1,1,7,4,1,1,256,128,32,100,110,843055104,1546439884800,1834,0.484306,1621.2,3.19311e+06
1,CUTLASS,grouped_gemm,cutlass3x_sm100_tensorop_gemm_grouped_e4m3_e4m3_f32_bf16_e4m3_256x128x128_4x1x1_0_ntn_align16_2sm_epi_tma,passed,success,grouped,,,,,fe4m3:column,fe4m3:row,bf16:column,fe4m3:column,1,0,invalid,invalid,heuristic,1,false,'[4096x1920x6144][4096x1920x6144][4096x1920x6144][4096x1920x6144][4096x1920x6144][4096x1920x6144][4096x1920x6144][4096x1920x6144][4096x1920x6144][4096x1920x6144][4096x1920x6144][4096x1920x6144][4096x1920x6144][4096x1920x6144][4096x1920x6144][4096x1920x6144]',,tensorop,f32,256,128,128,4,1,1,2,1,1,7,4,1,1,256,128,32,100,110,843055104,1546439884800,1834,0.465218,1687.72,3.32412e+06
1,CUTLASS,grouped_gemm,cutlass3x_sm100_tensorop_gemm_grouped_e4m3_e4m3_f32_bf16_e4m3_256x128x128_4x1x1_0_ntn_align16_stream_k_2sm_epi_tma,passed,success,grouped,,,,,fe4m3:column,fe4m3:row,bf16:column,fe4m3:column,1,0,invalid,invalid,heuristic,1,false,'[4096x1920x6144][4096x1920x6144][4096x1920x6144][4096x1920x6144][4096x1920x6144][4096x1920x6144][4096x1920x6144][4096x1920x6144][4096x1920x6144][4096x1920x6144][4096x1920x6144][4096x1920x6144][4096x1920x6144][4096x1920x6144][4096x1920x6144][4096x1920x6144]',,tensorop,f32,256,128,128,4,1,1,2,1,1,7,4,1,1,256,128,32,100,110,843055104,1546439884800,1834,0.45762,1715.74,3.37931e+06
1,CUTLASS,grouped_gemm,cutlass3x_sm100_tensorop_gemm_grouped_e4m3_e4m3_f32_bf16_e4m3_256x128x128_2x4x1_0_ntn_align16_2sm_epi_tma,passed,success,grouped,,,,,fe4m3:column,fe4m3:row,bf16:column,fe4m3:column,1,0,invalid,invalid,heuristic,1,false,'[4096x1920x6144][4096x1920x6144][4096x1920x6144][4096x1920x6144][4096x1920x6144][4096x1920x6144][4096x1920x6144][4096x1920x6144][4096x1920x6144][4096x1920x6144][4096x1920x6144][4096x1920x6144][4096x1920x6144][4096x1920x6144][4096x1920x6144][4096x1920x6144]',,tensorop,f32,256,128,128,2,4,1,2,1,1,7,4,1,1,256,128,32,100,110,843055104,1546439884800,1834,0.547691,1433.58,2.82356e+06
1,CUTLASS,grouped_gemm,cutlass3x_sm100_tensorop_gemm_grouped_e4m3_e4m3_f32_bf16_e4m3_256x128x128_2x4x1_0_ntn_align16_stream_k_2sm_epi_tma,passed,success,grouped,,,,,fe4m3:column,fe4m3:row,bf16:column,fe4m3:column,1,0,invalid,invalid,heuristic,1,false,'[4096x1920x6144][4096x1920x6144][4096x1920x6144][4096x1920x6144][4096x1920x6144][4096x1920x6144][4096x1920x6144][4096x1920x6144][4096x1920x6144][4096x1920x6144][4096x1920x6144][4096x1920x6144][4096x1920x6144][4096x1920x6144][4096x1920x6144][4096x1920x6144]',,tensorop,f32,256,128,128,2,4,1,2,1,1,7,4,1,1,256,128,32,100,110,843055104,1546439884800,1834,0.536375,1463.82,2.88313e+06
1,CUTLASS,grouped_gemm,cutlass3x_sm100_tensorop_gemm_grouped_e4m3_e4m3_f32_bf16_e4m3_256x128x128_4x2x1_0_ntn_align16_2sm_epi_tma,passed,success,grouped,,,,,fe4m3:column,fe4m3:row,bf16:column,fe4m3:column,1,0,invalid,invalid,heuristic,1,false,'[4096x1920x6144][4096x1920x6144][4096x1920x6144][4096x1920x6144][4096x1920x6144][4096x1920x6144][4096x1920x6144][4096x1920x6144][4096x1920x6144][4096x1920x6144][4096x1920x6144][4096x1920x6144][4096x1920x6144][4096x1920x6144][4096x1920x6144][4096x1920x6144]',,tensorop,f32,256,128,128,4,2,1,2,1,1,7,4,1,1,256,128,32,100,110,843055104,1546439884800,1834,0.539468,1455.43,2.8666e+06
1,CUTLASS,grouped_gemm,cutlass3x_sm100_tensorop_gemm_grouped_e4m3_e4m3_f32_bf16_e4m3_256x128x128_4x2x1_0_ntn_align16_stream_k_2sm_epi_tma,passed,success,grouped,,,,,fe4m3:column,fe4m3:row,bf16:column,fe4m3:column,1,0,invalid,invalid,heuristic,1,false,'[4096x1920x6144][4096x1920x6144][4096x1920x6144][4096x1920x6144][4096x1920x6144][4096x1920x6144][4096x1920x6144][4096x1920x6144][4096x1920x6144][4096x1920x6144][4096x1920x6144][4096x1920x6144][4096x1920x6144][4096x1920x6144][4096x1920x6144][4096x1920x6144]',,tensorop,f32,256,128,128,4,2,1,2,1,1,7,4,1,1,256,128,32,100,110,843055104,1546439884800,1834,0.546769,1435.99,2.82832e+06
1,CUTLASS,grouped_gemm,cutlass3x_sm100_tensorop_gemm_grouped_e4m3_e4m3_f32_bf16_e4m3_256x128x128_4x4x1_0_ntn_align16_2sm_epi_tma,passed,success,grouped,,,,,fe4m3:column,fe4m3:row,bf16:column,fe4m3:column,1,0,invalid,invalid,heuristic,1,false,'[4096x1920x6144][4096x1920x6144][4096x1920x6144][4096x1920x6144][4096x1920x6144][4096x1920x6144][4096x1920x6144][4096x1920x6144][4096x1920x6144][4096x1920x6144][4096x1920x6144][4096x1920x6144][4096x1920x6144][4096x1920x6144][4096x1920x6144][4096x1920x6144]',,tensorop,f32,256,128,128,4,4,1,2,1,1,7,4,1,1,256,128,32,100,110,843055104,1546439884800,1834,0.564917,1389.86,2.73746e+06
1,CUTLASS,grouped_gemm,cutlass3x_sm100_tensorop_gemm_grouped_e4m3_e4m3_f32_bf16_e4m3_256x128x128_4x4x1_0_ntn_align16_stream_k_2sm_epi_tma,passed,success,grouped,,,,,fe4m3:column,fe4m3:row,bf16:column,fe4m3:column,1,0,invalid,invalid,heuristic,1,false,'[4096x1920x6144][4096x1920x6144][4096x1920x6144][4096x1920x6144][4096x1920x6144][4096x1920x6144][4096x1920x6144][4096x1920x6144][4096x1920x6144][4096x1920x6144][4096x1920x6144][4096x1920x6144][4096x1920x6144][4096x1920x6144][4096x1920x6144][4096x1920x6144]',,tensorop,f32,256,128,128,4,4,1,2,1,1,7,4,1,1,256,128,32,100,110,843055104,1546439884800,1834,0.564433,1391.05,2.73981e+06
1,CUTLASS,grouped_gemm,cutlass3x_sm100_tensorop_gemm_grouped_e4m3_e4m3_f32_bf16_e4m3_256x128x128_0x0x1_0_tnn_align16_2sm_epi_tma,passed,success,grouped,,,,,fe4m3:row,fe4m3:column,bf16:column,fe4m3:column,1,0,invalid,invalid,heuristic,1,false,'[4096x1920x6144][4096x1920x6144][4096x1920x6144][4096x1920x6144][4096x1920x6144][4096x1920x6144][4096x1920x6144][4096x1920x6144][4096x1920x6144][4096x1920x6144][4096x1920x6144][4096x1920x6144][4096x1920x6144][4096x1920x6144][4096x1920x6144][4096x1920x6144]',,tensorop,f32,256,128,128,2,1,1,2,1,1,7,4,1,1,256,128,32,100,110,843055104,1546439884800,1834,0.463129,1695.33,3.33912e+06
1,CUTLASS,grouped_gemm,cutlass3x_sm100_tensorop_gemm_grouped_e4m3_e4m3_f32_bf16_e4m3_256x128x128_0x0x1_0_tnn_align16_stream_k_2sm_epi_tma,passed,success,grouped,,,,,fe4m3:row,fe4m3:column,bf16:column,fe4m3:column,1,0,invalid,invalid,heuristic,1,false,'[4096x1920x6144][4096x1920x6144][4096x1920x6144][4096x1920x6144][4096x1920x6144][4096x1920x6144][4096x1920x6144][4096x1920x6144][4096x1920x6144][4096x1920x6144][4096x1920x6144][4096x1920x6144][4096x1920x6144][4096x1920x6144][4096x1920x6144][4096x1920x6144]',,tensorop,f32,256,128,128,2,1,1,2,1,1,7,4,1,1,256,128,32,100,110,843055104,1546439884800,1834,0.458275,1713.29,3.37448e+06
1,CUTLASS,grouped_gemm,cutlass3x_sm100_tensorop_gemm_grouped_e4m3_e4m3_f32_bf16_e4m3_256x128x128_2x1x1_0_tnn_align16_2sm_epi_tma,passed,success,grouped,,,,,fe4m3:row,fe4m3:column,bf16:column,fe4m3:column,1,0,invalid,invalid,heuristic,1,false,'[4096x1920x6144][4096x1920x6144][4096x1920x6144][4096x1920x6144][4096x1920x6144][4096x1920x6144][4096x1920x6144][4096x1920x6144][4096x1920x6144][4096x1920x6144][4096x1920x6144][4096x1920x6144][4096x1920x6144][4096x1920x6144][4096x1920x6144][4096x1920x6144]',,tensorop,f32,256,128,128,2,1,1,2,1,1,7,4,1,1,256,128,32,100,110,843055104,1546439884800,1834,0.458644,1711.91,3.37176e+06
1,CUTLASS,grouped_gemm,cutlass3x_sm100_tensorop_gemm_grouped_e4m3_e4m3_f32_bf16_e4m3_256x128x128_2x1x1_0_tnn_align16_stream_k_2sm_epi_tma,passed,success,grouped,,,,,fe4m3:row,fe4m3:column,bf16:column,fe4m3:column,1,0,invalid,invalid,heuristic,1,false,'[4096x1920x6144][4096x1920x6144][4096x1920x6144][4096x1920x6144][4096x1920x6144][4096x1920x6144][4096x1920x6144][4096x1920x6144][4096x1920x6144][4096x1920x6144][4096x1920x6144][4096x1920x6144][4096x1920x6144][4096x1920x6144][4096x1920x6144][4096x1920x6144]',,tensorop,f32,256,128,128,2,1,1,2,1,1,7,4,1,1,256,128,32,100,110,843055104,1546439884800,1834,0.477322,1644.92,3.23983e+06
1,CUTLASS,grouped_gemm,cutlass3x_sm100_tensorop_gemm_grouped_e4m3_e4m3_f32_bf16_e4m3_256x128x128_2x2x1_0_tnn_align16_2sm_epi_tma,passed,success,grouped,,,,,fe4m3:row,fe4m3:column,bf16:column,fe4m3:column,1,0,invalid,invalid,heuristic,1,false,'[4096x1920x6144][4096x1920x6144][4096x1920x6144][4096x1920x6144][4096x1920x6144][4096x1920x6144][4096x1920x6144][4096x1920x6144][4096x1920x6144][4096x1920x6144][4096x1920x6144][4096x1920x6144][4096x1920x6144][4096x1920x6144][4096x1920x6144][4096x1920x6144]',,tensorop,f32,256,128,128,2,2,1,2,1,1,7,4,1,1,256,128,32,100,110,843055104,1546439884800,1834,0.482831,1626.15,3.20286e+06
1,CUTLASS,grouped_gemm,cutlass3x_sm100_tensorop_gemm_grouped_e4m3_e4m3_f32_bf16_e4m3_256x128x128_2x2x1_0_tnn_align16_stream_k_2sm_epi_tma,passed,success,grouped,,,,,fe4m3:row,fe4m3:column,bf16:column,fe4m3:column,1,0,invalid,invalid,heuristic,1,false,'[4096x1920x6144][4096x1920x6144][4096x1920x6144][4096x1920x6144][4096x1920x6144][4096x1920x6144][4096x1920x6144][4096x1920x6144][4096x1920x6144][4096x1920x6144][4096x1920x6144][4096x1920x6144][4096x1920x6144][4096x1920x6144][4096x1920x6144][4096x1920x6144]',,tensorop,f32,256,128,128,2,2,1,2,1,1,7,4,1,1,256,128,32,100,110,843055104,1546439884800,1834,0.500505,1568.73,3.08976e+06
1,CUTLASS,grouped_gemm,cutlass3x_sm100_tensorop_gemm_grouped_e4m3_e4m3_f32_bf16_e4m3_256x128x128_4x1x1_0_tnn_align16_2sm_epi_tma,passed,success,grouped,,,,,fe4m3:row,fe4m3:column,bf16:column,fe4m3:column,1,0,invalid,invalid,heuristic,1,false,'[4096x1920x6144][4096x1920x6144][4096x1920x6144][4096x1920x6144][4096x1920x6144][4096x1920x6144][4096x1920x6144][4096x1920x6144][4096x1920x6144][4096x1920x6144][4096x1920x6144][4096x1920x6144][4096x1920x6144][4096x1920x6144][4096x1920x6144][4096x1920x6144]',,tensorop,f32,256,128,128,4,1,1,2,1,1,7,4,1,1,256,128,32,100,110,843055104,1546439884800,1834,0.464368,1690.81,3.33021e+06
1,CUTLASS,grouped_gemm,cutlass3x_sm100_tensorop_gemm_grouped_e4m3_e4m3_f32_bf16_e4m3_256x128x128_4x1x1_0_tnn_align16_stream_k_2sm_epi_tma,passed,success,grouped,,,,,fe4m3:row,fe4m3:column,bf16:column,fe4m3:column,1,0,invalid,invalid,heuristic,1,false,'[4096x1920x6144][4096x1920x6144][4096x1920x6144][4096x1920x6144][4096x1920x6144][4096x1920x6144][4096x1920x6144][4096x1920x6144][4096x1920x6144][4096x1920x6144][4096x1920x6144][4096x1920x6144][4096x1920x6144][4096x1920x6144][4096x1920x6144][4096x1920x6144]',,tensorop,f32,256,128,128,4,1,1,2,1,1,7,4,1,1,256,128,32,100,110,843055104,1546439884800,1834,0.483568,1623.67,3.19798e+06
1,CUTLASS,grouped_gemm,cutlass3x_sm100_tensorop_gemm_grouped_e4m3_e4m3_f32_bf16_e4m3_256x128x128_2x4x1_0_tnn_align16_2sm_epi_tma,passed,success,grouped,,,,,fe4m3:row,fe4m3:column,bf16:column,fe4m3:column,1,0,invalid,invalid,heuristic,1,false,'[4096x1920x6144][4096x1920x6144][4096x1920x6144][4096x1920x6144][4096x1920x6144][4096x1920x6144][4096x1920x6144][4096x1920x6144][4096x1920x6144][4096x1920x6144][4096x1920x6144][4096x1920x6144][4096x1920x6144][4096x1920x6144][4096x1920x6144][4096x1920x6144]',,tensorop,f32,256,128,128,2,4,1,2,1,1,7,4,1,1,256,128,32,100,110,843055104,1546439884800,1834,0.557275,1408.92,2.775e+06
1,CUTLASS,grouped_gemm,cutlass3x_sm100_tensorop_gemm_grouped_e4m3_e4m3_f32_bf16_e4m3_256x128x128_2x4x1_0_tnn_align16_stream_k_2sm_epi_tma,passed,success,grouped,,,,,fe4m3:row,fe4m3:column,bf16:column,fe4m3:column,1,0,invalid,invalid,heuristic,1,false,'[4096x1920x6144][4096x1920x6144][4096x1920x6144][4096x1920x6144][4096x1920x6144][4096x1920x6144][4096x1920x6144][4096x1920x6144][4096x1920x6144][4096x1920x6144][4096x1920x6144][4096x1920x6144][4096x1920x6144][4096x1920x6144][4096x1920x6144][4096x1920x6144]',,tensorop,f32,256,128,128,2,4,1,2,1,1,7,4,1,1,256,128,32,100,110,843055104,1546439884800,1834,0.557285,1408.89,2.77495e+06
1,CUTLASS,grouped_gemm,cutlass3x_sm100_tensorop_gemm_grouped_e4m3_e4m3_f32_bf16_e4m3_256x128x128_4x2x1_0_tnn_align16_2sm_epi_tma,passed,success,grouped,,,,,fe4m3:row,fe4m3:column,bf16:column,fe4m3:column,1,0,invalid,invalid,heuristic,1,false,'[4096x1920x6144][4096x1920x6144][4096x1920x6144][4096x1920x6144][4096x1920x6144][4096x1920x6144][4096x1920x6144][4096x1920x6144][4096x1920x6144][4096x1920x6144][4096x1920x6144][4096x1920x6144][4096x1920x6144][4096x1920x6144][4096x1920x6144][4096x1920x6144]',,tensorop,f32,256,128,128,4,2,1,2,1,1,7,4,1,1,256,128,32,100,110,843055104,1546439884800,1834,0.549974,1427.62,2.81184e+06
1,CUTLASS,grouped_gemm,cutlass3x_sm100_tensorop_gemm_grouped_e4m3_e4m3_f32_bf16_e4m3_256x128x128_4x2x1_0_tnn_align16_stream_k_2sm_epi_tma,passed,success,grouped,,,,,fe4m3:row,fe4m3:column,bf16:column,fe4m3:column,1,0,invalid,invalid,heuristic,1,false,'[4096x1920x6144][4096x1920x6144][4096x1920x6144][4096x1920x6144][4096x1920x6144][4096x1920x6144][4096x1920x6144][4096x1920x6144][4096x1920x6144][4096x1920x6144][4096x1920x6144][4096x1920x6144][4096x1920x6144][4096x1920x6144][4096x1920x6144][4096x1920x6144]',,tensorop,f32,256,128,128,4,2,1,2,1,1,7,4,1,1,256,128,32,100,110,843055104,1546439884800,1834,0.548039,1432.67,2.82177e+06
1,CUTLASS,grouped_gemm,cutlass3x_sm100_tensorop_gemm_grouped_e4m3_e4m3_f32_bf16_e4m3_256x128x128_4x4x1_0_tnn_align16_2sm_epi_tma,passed,success,grouped,,,,,fe4m3:row,fe4m3:column,bf16:column,fe4m3:column,1,0,invalid,invalid,heuristic,1,false,'[4096x1920x6144][4096x1920x6144][4096x1920x6144][4096x1920x6144][4096x1920x6144][4096x1920x6144][4096x1920x6144][4096x1920x6144][4096x1920x6144][4096x1920x6144][4096x1920x6144][4096x1920x6144][4096x1920x6144][4096x1920x6144][4096x1920x6144][4096x1920x6144]',,tensorop,f32,256,128,128,4,4,1,2,1,1,7,4,1,1,256,128,32,100,110,843055104,1546439884800,1834,0.577888,1358.67,2.67602e+06
1,CUTLASS,grouped_gemm,cutlass3x_sm100_tensorop_gemm_grouped_e4m3_e4m3_f32_bf16_e4m3_256x128x128_4x4x1_0_tnn_align16_stream_k_2sm_epi_tma,passed,success,grouped,,,,,fe4m3:row,fe4m3:column,bf16:column,fe4m3:column,1,0,invalid,invalid,heuristic,1,false,'[4096x1920x6144][4096x1920x6144][4096x1920x6144][4096x1920x6144][4096x1920x6144][4096x1920x6144][4096x1920x6144][4096x1920x6144][4096x1920x6144][4096x1920x6144][4096x1920x6144][4096x1920x6144][4096x1920x6144][4096x1920x6144][4096x1920x6144][4096x1920x6144]',,tensorop,f32,256,128,128,4,4,1,2,1,1,7,4,1,1,256,128,32,100,110,843055104,1546439884800,1834,0.58349,1345.62,2.65033e+06
1,CUTLASS,grouped_gemm,cutlass3x_sm100_tensorop_gemm_grouped_e4m3_e4m3_f32_bf16_e4m3_256x128x128_0x0x1_0_ttn_align16_2sm_epi_tma,passed,success,grouped,,,,,fe4m3:row,fe4m3:row,bf16:column,fe4m3:column,1,0,invalid,invalid,heuristic,1,false,'[4096x1920x6144][4096x1920x6144][4096x1920x6144][4096x1920x6144][4096x1920x6144][4096x1920x6144][4096x1920x6144][4096x1920x6144][4096x1920x6144][4096x1920x6144][4096x1920x6144][4096x1920x6144][4096x1920x6144][4096x1920x6144][4096x1920x6144][4096x1920x6144]',,tensorop,f32,256,128,128,2,1,1,2,1,1,7,4,1,1,256,128,32,100,110,843055104,1546439884800,1834,0.475315,1651.87,3.25351e+06
1,CUTLASS,grouped_gemm,cutlass3x_sm100_tensorop_gemm_grouped_e4m3_e4m3_f32_bf16_e4m3_256x128x128_0x0x1_0_ttn_align16_stream_k_2sm_epi_tma,passed,success,grouped,,,,,fe4m3:row,fe4m3:row,bf16:column,fe4m3:column,1,0,invalid,invalid,heuristic,1,false,'[4096x1920x6144][4096x1920x6144][4096x1920x6144][4096x1920x6144][4096x1920x6144][4096x1920x6144][4096x1920x6144][4096x1920x6144][4096x1920x6144][4096x1920x6144][4096x1920x6144][4096x1920x6144][4096x1920x6144][4096x1920x6144][4096x1920x6144][4096x1920x6144]',,tensorop,f32,256,128,128,2,1,1,2,1,1,7,4,1,1,256,128,32,100,110,843055104,1546439884800,1834,0.472857,1660.45,3.27042e+06
1,CUTLASS,grouped_gemm,cutlass3x_sm100_tensorop_gemm_grouped_e4m3_e4m3_f32_bf16_e4m3_256x128x128_2x1x1_0_ttn_align16_2sm_epi_tma,passed,success,grouped,,,,,fe4m3:row,fe4m3:row,bf16:column,fe4m3:column,1,0,invalid,invalid,heuristic,1,false,'[4096x1920x6144][4096x1920x6144][4096x1920x6144][4096x1920x6144][4096x1920x6144][4096x1920x6144][4096x1920x6144][4096x1920x6144][4096x1920x6144][4096x1920x6144][4096x1920x6144][4096x1920x6144][4096x1920x6144][4096x1920x6144][4096x1920x6144][4096x1920x6144]',,tensorop,f32,256,128,128,2,1,1,2,1,1,7,4,1,1,256,128,32,100,110,843055104,1546439884800,1834,0.470983,1667.06,3.28343e+06
1,CUTLASS,grouped_gemm,cutlass3x_sm100_tensorop_gemm_grouped_e4m3_e4m3_f32_bf16_e4m3_256x128x128_2x1x1_0_ttn_align16_stream_k_2sm_epi_tma,passed,success,grouped,,,,,fe4m3:row,fe4m3:row,bf16:column,fe4m3:column,1,0,invalid,invalid,heuristic,1,false,'[4096x1920x6144][4096x1920x6144][4096x1920x6144][4096x1920x6144][4096x1920x6144][4096x1920x6144][4096x1920x6144][4096x1920x6144][4096x1920x6144][4096x1920x6144][4096x1920x6144][4096x1920x6144][4096x1920x6144][4096x1920x6144][4096x1920x6144][4096x1920x6144]',,tensorop,f32,256,128,128,2,1,1,2,1,1,7,4,1,1,256,128,32,100,110,843055104,1546439884800,1834,0.492303,1594.86,3.14124e+06
1,CUTLASS,grouped_gemm,cutlass3x_sm100_tensorop_gemm_grouped_e4m3_e4m3_f32_bf16_e4m3_256x128x128_2x2x1_0_ttn_align16_2sm_epi_tma,passed,success,grouped,,,,,fe4m3:row,fe4m3:row,bf16:column,fe4m3:column,1,0,invalid,invalid,heuristic,1,false,'[4096x1920x6144][4096x1920x6144][4096x1920x6144][4096x1920x6144][4096x1920x6144][4096x1920x6144][4096x1920x6144][4096x1920x6144][4096x1920x6144][4096x1920x6144][4096x1920x6144][4096x1920x6144][4096x1920x6144][4096x1920x6144][4096x1920x6144][4096x1920x6144]',,tensorop,f32,256,128,128,2,2,1,2,1,1,7,4,1,1,256,128,32,100,110,843055104,1546439884800,1834,0.500055,1570.14,3.09254e+06
1,CUTLASS,grouped_gemm,cutlass3x_sm100_tensorop_gemm_grouped_e4m3_e4m3_f32_bf16_e4m3_256x128x128_2x2x1_0_ttn_align16_stream_k_2sm_epi_tma,passed,success,grouped,,,,,fe4m3:row,fe4m3:row,bf16:column,fe4m3:column,1,0,invalid,invalid,heuristic,1,false,'[4096x1920x6144][4096x1920x6144][4096x1920x6144][4096x1920x6144][4096x1920x6144][4096x1920x6144][4096x1920x6144][4096x1920x6144][4096x1920x6144][4096x1920x6144][4096x1920x6144][4096x1920x6144][4096x1920x6144][4096x1920x6144][4096x1920x6144][4096x1920x6144]',,tensorop,f32,256,128,128,2,2,1,2,1,1,7,4,1,1,256,128,32,100,110,843055104,1546439884800,1834,0.488114,1608.55,3.16819e+06
1,CUTLASS,grouped_gemm,cutlass3x_sm100_tensorop_gemm_grouped_e4m3_e4m3_f32_bf16_e4m3_256x128x128_4x1x1_0_ttn_align16_2sm_epi_tma,passed,success,grouped,,,,,fe4m3:row,fe4m3:row,bf16:column,fe4m3:column,1,0,invalid,invalid,heuristic,1,false,'[4096x1920x6144][4096x1920x6144][4096x1920x6144][4096x1920x6144][4096x1920x6144][4096x1920x6144][4096x1920x6144][4096x1920x6144][4096x1920x6144][4096x1920x6144][4096x1920x6144][4096x1920x6144][4096x1920x6144][4096x1920x6144][4096x1920x6144][4096x1920x6144]',,tensorop,f32,256,128,128,4,1,1,2,1,1,7,4,1,1,256,128,32,100,110,843055104,1546439884800,1834,0.466007,1684.86,3.31849e+06
1,CUTLASS,grouped_gemm,cutlass3x_sm100_tensorop_gemm_grouped_e4m3_e4m3_f32_bf16_e4m3_256x128x128_4x1x1_0_ttn_align16_stream_k_2sm_epi_tma,passed,success,grouped,,,,,fe4m3:row,fe4m3:row,bf16:column,fe4m3:column,1,0,invalid,invalid,heuristic,1,false,'[4096x1920x6144][4096x1920x6144][4096x1920x6144][4096x1920x6144][4096x1920x6144][4096x1920x6144][4096x1920x6144][4096x1920x6144][4096x1920x6144][4096x1920x6144][4096x1920x6144][4096x1920x6144][4096x1920x6144][4096x1920x6144][4096x1920x6144][4096x1920x6144]',,tensorop,f32,256,128,128,4,1,1,2,1,1,7,4,1,1,256,128,32,100,110,843055104,1546439884800,1834,0.467798,1678.41,3.30579e+06
1,CUTLASS,grouped_gemm,cutlass3x_sm100_tensorop_gemm_grouped_e4m3_e4m3_f32_bf16_e4m3_256x128x128_2x4x1_0_ttn_align16_2sm_epi_tma,passed,success,grouped,,,,,fe4m3:row,fe4m3:row,bf16:column,fe4m3:column,1,0,invalid,invalid,heuristic,1,false,'[4096x1920x6144][4096x1920x6144][4096x1920x6144][4096x1920x6144][4096x1920x6144][4096x1920x6144][4096x1920x6144][4096x1920x6144][4096x1920x6144][4096x1920x6144][4096x1920x6144][4096x1920x6144][4096x1920x6144][4096x1920x6144][4096x1920x6144][4096x1920x6144]',,tensorop,f32,256,128,128,2,4,1,2,1,1,7,4,1,1,256,128,32,100,110,843055104,1546439884800,1834,0.550005,1427.54,2.81168e+06
1,CUTLASS,grouped_gemm,cutlass3x_sm100_tensorop_gemm_grouped_e4m3_e4m3_f32_bf16_e4m3_256x128x128_2x4x1_0_ttn_align16_stream_k_2sm_epi_tma,passed,success,grouped,,,,,fe4m3:row,fe4m3:row,bf16:column,fe4m3:column,1,0,invalid,invalid,heuristic,1,false,'[4096x1920x6144][4096x1920x6144][4096x1920x6144][4096x1920x6144][4096x1920x6144][4096x1920x6144][4096x1920x6144][4096x1920x6144][4096x1920x6144][4096x1920x6144][4096x1920x6144][4096x1920x6144][4096x1920x6144][4096x1920x6144][4096x1920x6144][4096x1920x6144]',,tensorop,f32,256,128,128,2,4,1,2,1,1,7,4,1,1,256,128,32,100,110,843055104,1546439884800,1834,0.548827,1430.61,2.81772e+06
1,CUTLASS,grouped_gemm,cutlass3x_sm100_tensorop_gemm_grouped_e4m3_e4m3_f32_bf16_e4m3_256x128x128_4x2x1_0_ttn_align16_2sm_epi_tma,passed,success,grouped,,,,,fe4m3:row,fe4m3:row,bf16:column,fe4m3:column,1,0,invalid,invalid,heuristic,1,false,'[4096x1920x6144][4096x1920x6144][4096x1920x6144][4096x1920x6144][4096x1920x6144][4096x1920x6144][4096x1920x6144][4096x1920x6144][4096x1920x6144][4096x1920x6144][4096x1920x6144][4096x1920x6144][4096x1920x6144][4096x1920x6144][4096x1920x6144][4096x1920x6144]',,tensorop,f32,256,128,128,4,2,1,2,1,1,7,4,1,1,256,128,32,100,110,843055104,1546439884800,1834,0.552892,1420.09,2.797e+06
1,CUTLASS,grouped_gemm,cutlass3x_sm100_tensorop_gemm_grouped_e4m3_e4m3_f32_bf16_e4m3_256x128x128_4x2x1_0_ttn_align16_stream_k_2sm_epi_tma,passed,success,grouped,,,,,fe4m3:row,fe4m3:row,bf16:column,fe4m3:column,1,0,invalid,invalid,heuristic,1,false,'[4096x1920x6144][4096x1920x6144][4096x1920x6144][4096x1920x6144][4096x1920x6144][4096x1920x6144][4096x1920x6144][4096x1920x6144][4096x1920x6144][4096x1920x6144][4096x1920x6144][4096x1920x6144][4096x1920x6144][4096x1920x6144][4096x1920x6144][4096x1920x6144]',,tensorop,f32,256,128,128,4,2,1,2,1,1,7,4,1,1,256,128,32,100,110,843055104,1546439884800,1834,0.551213,1424.42,2.80552e+06
1,CUTLASS,grouped_gemm,cutlass3x_sm100_tensorop_gemm_grouped_e4m3_e4m3_f32_bf16_e4m3_256x128x128_4x4x1_0_ttn_align16_2sm_epi_tma,passed,success,grouped,,,,,fe4m3:row,fe4m3:row,bf16:column,fe4m3:column,1,0,invalid,invalid,heuristic,1,false,'[4096x1920x6144][4096x1920x6144][4096x1920x6144][4096x1920x6144][4096x1920x6144][4096x1920x6144][4096x1920x6144][4096x1920x6144][4096x1920x6144][4096x1920x6144][4096x1920x6144][4096x1920x6144][4096x1920x6144][4096x1920x6144][4096x1920x6144][4096x1920x6144]',,tensorop,f32,256,128,128,4,4,1,2,1,1,7,4,1,1,256,128,32,100,110,843055104,1546439884800,1834,0.570895,1375.31,2.7088e+06
1,CUTLASS,grouped_gemm,cutlass3x_sm100_tensorop_gemm_grouped_e4m3_e4m3_f32_bf16_e4m3_256x128x128_4x4x1_0_ttn_align16_stream_k_2sm_epi_tma,passed,success,grouped,,,,,fe4m3:row,fe4m3:row,bf16:column,fe4m3:column,1,0,invalid,invalid,heuristic,1,false,'[4096x1920x6144][4096x1920x6144][4096x1920x6144][4096x1920x6144][4096x1920x6144][4096x1920x6144][4096x1920x6144][4096x1920x6144][4096x1920x6144][4096x1920x6144][4096x1920x6144][4096x1920x6144][4096x1920x6144][4096x1920x6144][4096x1920x6144][4096x1920x6144]',,tensorop,f32,256,128,128,4,4,1,2,1,1,7,4,1,1,256,128,32,100,110,843055104,1546439884800,1834,0.572799,1370.74,2.69979e+06
1,CUTLASS,grouped_gemm,cutlass3x_sm100_tensorop_gemm_grouped_e4m3_e4m3_f32_bf16_e4m3_256x128x128_0x0x1_0_nnt_align16_2sm_epi_tma,passed,success,grouped,,,,,fe4m3:column,fe4m3:column,bf16:row,fe4m3:row,1,0,invalid,invalid,heuristic,1,false,'[4096x1920x6144][4096x1920x6144][4096x1920x6144][4096x1920x6144][4096x1920x6144][4096x1920x6144][4096x1920x6144][4096x1920x6144][4096x1920x6144][4096x1920x6144][4096x1920x6144][4096x1920x6144][4096x1920x6144][4096x1920x6144][4096x1920x6144][4096x1920x6144]',,tensorop,f32,256,128,128,2,1,1,2,1,1,7,4,1,1,256,128,32,100,110,843055104,1546439884800,1834,0.477178,1645.42,3.2408e+06
1,CUTLASS,grouped_gemm,cutlass3x_sm100_tensorop_gemm_grouped_e4m3_e4m3_f32_bf16_e4m3_256x128x128_0x0x1_0_nnt_align16_stream_k_2sm_epi_tma,passed,success,grouped,,,,,fe4m3:column,fe4m3:column,bf16:row,fe4m3:row,1,0,invalid,invalid,heuristic,1,false,'[4096x1920x6144][4096x1920x6144][4096x1920x6144][4096x1920x6144][4096x1920x6144][4096x1920x6144][4096x1920x6144][4096x1920x6144][4096x1920x6144][4096x1920x6144][4096x1920x6144][4096x1920x6144][4096x1920x6144][4096x1920x6144][4096x1920x6144][4096x1920x6144]',,tensorop,f32,256,128,128,2,1,1,2,1,1,7,4,1,1,256,128,32,100,110,843055104,1546439884800,1834,0.474516,1654.65,3.25898e+06
1,CUTLASS,grouped_gemm,cutlass3x_sm100_tensorop_gemm_grouped_e4m3_e4m3_f32_bf16_e4m3_256x128x128_2x1x1_0_nnt_align16_2sm_epi_tma,passed,success,grouped,,,,,fe4m3:column,fe4m3:column,bf16:row,fe4m3:row,1,0,invalid,invalid,heuristic,1,false,'[4096x1920x6144][4096x1920x6144][4096x1920x6144][4096x1920x6144][4096x1920x6144][4096x1920x6144][4096x1920x6144][4096x1920x6144][4096x1920x6144][4096x1920x6144][4096x1920x6144][4096x1920x6144][4096x1920x6144][4096x1920x6144][4096x1920x6144][4096x1920x6144]',,tensorop,f32,256,128,128,2,1,1,2,1,1,7,4,1,1,256,128,32,100,110,843055104,1546439884800,1834,0.45976,1707.75,3.36358e+06
1,CUTLASS,grouped_gemm,cutlass3x_sm100_tensorop_gemm_grouped_e4m3_e4m3_f32_bf16_e4m3_256x128x128_2x1x1_0_nnt_align16_stream_k_2sm_epi_tma,passed,success,grouped,,,,,fe4m3:column,fe4m3:column,bf16:row,fe4m3:row,1,0,invalid,invalid,heuristic,1,false,'[4096x1920x6144][4096x1920x6144][4096x1920x6144][4096x1920x6144][4096x1920x6144][4096x1920x6144][4096x1920x6144][4096x1920x6144][4096x1920x6144][4096x1920x6144][4096x1920x6144][4096x1920x6144][4096x1920x6144][4096x1920x6144][4096x1920x6144][4096x1920x6144]',,tensorop,f32,256,128,128,2,1,1,2,1,1,7,4,1,1,256,128,32,100,110,843055104,1546439884800,1834,0.459974,1706.96,3.36201e+06
1,CUTLASS,grouped_gemm,cutlass3x_sm100_tensorop_gemm_grouped_e4m3_e4m3_f32_bf16_e4m3_256x128x128_2x2x1_0_nnt_align16_2sm_epi_tma,passed,success,grouped,,,,,fe4m3:column,fe4m3:column,bf16:row,fe4m3:row,1,0,invalid,invalid,heuristic,1,false,'[4096x1920x6144][4096x1920x6144][4096x1920x6144][4096x1920x6144][4096x1920x6144][4096x1920x6144][4096x1920x6144][4096x1920x6144][4096x1920x6144][4096x1920x6144][4096x1920x6144][4096x1920x6144][4096x1920x6144][4096x1920x6144][4096x1920x6144][4096x1920x6144]',,tensorop,f32,256,128,128,2,2,1,2,1,1,7,4,1,1,256,128,32,100,110,843055104,1546439884800,1834,0.482636,1626.81,3.20415e+06
1,CUTLASS,grouped_gemm,cutlass3x_sm100_tensorop_gemm_grouped_e4m3_e4m3_f32_bf16_e4m3_256x128x128_2x2x1_0_nnt_align16_stream_k_2sm_epi_tma,passed,success,grouped,,,,,fe4m3:column,fe4m3:column,bf16:row,fe4m3:row,1,0,invalid,invalid,heuristic,1,false,'[4096x1920x6144][4096x1920x6144][4096x1920x6144][4096x1920x6144][4096x1920x6144][4096x1920x6144][4096x1920x6144][4096x1920x6144][4096x1920x6144][4096x1920x6144][4096x1920x6144][4096x1920x6144][4096x1920x6144][4096x1920x6144][4096x1920x6144][4096x1920x6144]',,tensorop,f32,256,128,128,2,2,1,2,1,1,7,4,1,1,256,128,32,100,110,843055104,1546439884800,1834,0.477424,1644.57,3.23913e+06
1,CUTLASS,grouped_gemm,cutlass3x_sm100_tensorop_gemm_grouped_e4m3_e4m3_f32_bf16_e4m3_256x128x128_4x1x1_0_nnt_align16_2sm_epi_tma,passed,success,grouped,,,,,fe4m3:column,fe4m3:column,bf16:row,fe4m3:row,1,0,invalid,invalid,heuristic,1,false,'[4096x1920x6144][4096x1920x6144][4096x1920x6144][4096x1920x6144][4096x1920x6144][4096x1920x6144][4096x1920x6144][4096x1920x6144][4096x1920x6144][4096x1920x6144][4096x1920x6144][4096x1920x6144][4096x1920x6144][4096x1920x6144][4096x1920x6144][4096x1920x6144]',,tensorop,f32,256,128,128,4,1,1,2,1,1,7,4,1,1,256,128,32,100,110,843055104,1546439884800,1834,0.473287,1658.94,3.26745e+06
1,CUTLASS,grouped_gemm,cutlass3x_sm100_tensorop_gemm_grouped_e4m3_e4m3_f32_bf16_e4m3_256x128x128_4x1x1_0_nnt_align16_stream_k_2sm_epi_tma,passed,success,grouped,,,,,fe4m3:column,fe4m3:column,bf16:row,fe4m3:row,1,0,invalid,invalid,heuristic,1,false,'[4096x1920x6144][4096x1920x6144][4096x1920x6144][4096x1920x6144][4096x1920x6144][4096x1920x6144][4096x1920x6144][4096x1920x6144][4096x1920x6144][4096x1920x6144][4096x1920x6144][4096x1920x6144][4096x1920x6144][4096x1920x6144][4096x1920x6144][4096x1920x6144]',,tensorop,f32,256,128,128,4,1,1,2,1,1,7,4,1,1,256,128,32,100,110,843055104,1546439884800,1834,0.460365,1705.51,3.35916e+06
1,CUTLASS,grouped_gemm,cutlass3x_sm100_tensorop_gemm_grouped_e4m3_e4m3_f32_bf16_e4m3_256x128x128_2x4x1_0_nnt_align16_2sm_epi_tma,passed,success,grouped,,,,,fe4m3:column,fe4m3:column,bf16:row,fe4m3:row,1,0,invalid,invalid,heuristic,1,false,'[4096x1920x6144][4096x1920x6144][4096x1920x6144][4096x1920x6144][4096x1920x6144][4096x1920x6144][4096x1920x6144][4096x1920x6144][4096x1920x6144][4096x1920x6144][4096x1920x6144][4096x1920x6144][4096x1920x6144][4096x1920x6144][4096x1920x6144][4096x1920x6144]',,tensorop,f32,256,128,128,2,4,1,2,1,1,7,4,1,1,256,128,32,100,110,843055104,1546439884800,1834,0.545663,1438.9,2.83406e+06
1,CUTLASS,grouped_gemm,cutlass3x_sm100_tensorop_gemm_grouped_e4m3_e4m3_f32_bf16_e4m3_256x128x128_2x4x1_0_nnt_align16_stream_k_2sm_epi_tma,passed,success,grouped,,,,,fe4m3:column,fe4m3:column,bf16:row,fe4m3:row,1,0,invalid,invalid,heuristic,1,false,'[4096x1920x6144][4096x1920x6144][4096x1920x6144][4096x1920x6144][4096x1920x6144][4096x1920x6144][4096x1920x6144][4096x1920x6144][4096x1920x6144][4096x1920x6144][4096x1920x6144][4096x1920x6144][4096x1920x6144][4096x1920x6144][4096x1920x6144][4096x1920x6144]',,tensorop,f32,256,128,128,2,4,1,2,1,1,7,4,1,1,256,128,32,100,110,843055104,1546439884800,1834,0.546905,1435.64,2.82762e+06
1,CUTLASS,grouped_gemm,cutlass3x_sm100_tensorop_gemm_grouped_e4m3_e4m3_f32_bf16_e4m3_256x128x128_4x2x1_0_nnt_align16_2sm_epi_tma,passed,success,grouped,,,,,fe4m3:column,fe4m3:column,bf16:row,fe4m3:row,1,0,invalid,invalid,heuristic,1,false,'[4096x1920x6144][4096x1920x6144][4096x1920x6144][4096x1920x6144][4096x1920x6144][4096x1920x6144][4096x1920x6144][4096x1920x6144][4096x1920x6144][4096x1920x6144][4096x1920x6144][4096x1920x6144][4096x1920x6144][4096x1920x6144][4096x1920x6144][4096x1920x6144]',,tensorop,f32,256,128,128,4,2,1,2,1,1,7,4,1,1,256,128,32,100,110,843055104,1546439884800,1834,0.545028,1440.58,2.83736e+06
1,CUTLASS,grouped_gemm,cutlass3x_sm100_tensorop_gemm_grouped_e4m3_e4m3_f32_bf16_e4m3_256x128x128_4x2x1_0_nnt_align16_stream_k_2sm_epi_tma,passed,success,grouped,,,,,fe4m3:column,fe4m3:column,bf16:row,fe4m3:row,1,0,invalid,invalid,heuristic,1,false,'[4096x1920x6144][4096x1920x6144][4096x1920x6144][4096x1920x6144][4096x1920x6144][4096x1920x6144][4096x1920x6144][4096x1920x6144][4096x1920x6144][4096x1920x6144][4096x1920x6144][4096x1920x6144][4096x1920x6144][4096x1920x6144][4096x1920x6144][4096x1920x6144]',,tensorop,f32,256,128,128,4,2,1,2,1,1,7,4,1,1,256,128,32,100,110,843055104,1546439884800,1834,0.545786,1438.58,2.83342e+06
1,CUTLASS,grouped_gemm,cutlass3x_sm100_tensorop_gemm_grouped_e4m3_e4m3_f32_bf16_e4m3_256x128x128_4x4x1_0_nnt_align16_2sm_epi_tma,passed,success,grouped,,,,,fe4m3:column,fe4m3:column,bf16:row,fe4m3:row,1,0,invalid,invalid,heuristic,1,false,'[4096x1920x6144][4096x1920x6144][4096x1920x6144][4096x1920x6144][4096x1920x6144][4096x1920x6144][4096x1920x6144][4096x1920x6144][4096x1920x6144][4096x1920x6144][4096x1920x6144][4096x1920x6144][4096x1920x6144][4096x1920x6144][4096x1920x6144][4096x1920x6144]',,tensorop,f32,256,128,128,4,4,1,2,1,1,7,4,1,1,256,128,32,100,110,843055104,1546439884800,1834,0.567044,1384.65,2.7272e+06
1,CUTLASS,grouped_gemm,cutlass3x_sm100_tensorop_gemm_grouped_e4m3_e4m3_f32_bf16_e4m3_256x128x128_4x4x1_0_nnt_align16_stream_k_2sm_epi_tma,passed,success,grouped,,,,,fe4m3:column,fe4m3:column,bf16:row,fe4m3:row,1,0,invalid,invalid,heuristic,1,false,'[4096x1920x6144][4096x1920x6144][4096x1920x6144][4096x1920x6144][4096x1920x6144][4096x1920x6144][4096x1920x6144][4096x1920x6144][4096x1920x6144][4096x1920x6144][4096x1920x6144][4096x1920x6144][4096x1920x6144][4096x1920x6144][4096x1920x6144][4096x1920x6144]',,tensorop,f32,256,128,128,4,4,1,2,1,1,7,4,1,1,256,128,32,100,110,843055104,1546439884800,1834,0.567731,1382.97,2.7239e+06
1,CUTLASS,grouped_gemm,cutlass3x_sm100_tensorop_gemm_grouped_e4m3_e4m3_f32_bf16_e4m3_256x128x128_0x0x1_0_ntt_align16_2sm_epi_tma,passed,success,grouped,,,,,fe4m3:column,fe4m3:row,bf16:row,fe4m3:row,1,0,invalid,invalid,heuristic,1,false,'[4096x1920x6144][4096x1920x6144][4096x1920x6144][4096x1920x6144][4096x1920x6144][4096x1920x6144][4096x1920x6144][4096x1920x6144][4096x1920x6144][4096x1920x6144][4096x1920x6144][4096x1920x6144][4096x1920x6144][4096x1920x6144][4096x1920x6144][4096x1920x6144]',,tensorop,f32,256,128,128,2,1,1,2,1,1,7,4,1,1,256,128,32,100,110,843055104,1546439884800,1834,0.48873,1606.52,3.1642e+06
1,CUTLASS,grouped_gemm,cutlass3x_sm100_tensorop_gemm_grouped_e4m3_e4m3_f32_bf16_e4m3_256x128x128_0x0x1_0_ntt_align16_stream_k_2sm_epi_tma,passed,success,grouped,,,,,fe4m3:column,fe4m3:row,bf16:row,fe4m3:row,1,0,invalid,invalid,heuristic,1,false,'[4096x1920x6144][4096x1920x6144][4096x1920x6144][4096x1920x6144][4096x1920x6144][4096x1920x6144][4096x1920x6144][4096x1920x6144][4096x1920x6144][4096x1920x6144][4096x1920x6144][4096x1920x6144][4096x1920x6144][4096x1920x6144][4096x1920x6144][4096x1920x6144]',,tensorop,f32,256,128,128,2,1,1,2,1,1,7,4,1,1,256,128,32,100,110,843055104,1546439884800,1834,0.493941,1589.57,3.13082e+06
1,CUTLASS,grouped_gemm,cutlass3x_sm100_tensorop_gemm_grouped_e4m3_e4m3_f32_bf16_e4m3_256x128x128_2x1x1_0_ntt_align16_2sm_epi_tma,passed,success,grouped,,,,,fe4m3:column,fe4m3:row,bf16:row,fe4m3:row,1,0,invalid,invalid,heuristic,1,false,'[4096x1920x6144][4096x1920x6144][4096x1920x6144][4096x1920x6144][4096x1920x6144][4096x1920x6144][4096x1920x6144][4096x1920x6144][4096x1920x6144][4096x1920x6144][4096x1920x6144][4096x1920x6144][4096x1920x6144][4096x1920x6144][4096x1920x6144][4096x1920x6144]',,tensorop,f32,256,128,128,2,1,1,2,1,1,7,4,1,1,256,128,32,100,110,843055104,1546439884800,1834,0.473972,1656.54,3.26272e+06
1,CUTLASS,grouped_gemm,cutlass3x_sm100_tensorop_gemm_grouped_e4m3_e4m3_f32_bf16_e4m3_256x128x128_2x1x1_0_ntt_align16_stream_k_2sm_epi_tma,passed,success,grouped,,,,,fe4m3:column,fe4m3:row,bf16:row,fe4m3:row,1,0,invalid,invalid,heuristic,1,false,'[4096x1920x6144][4096x1920x6144][4096x1920x6144][4096x1920x6144][4096x1920x6144][4096x1920x6144][4096x1920x6144][4096x1920x6144][4096x1920x6144][4096x1920x6144][4096x1920x6144][4096x1920x6144][4096x1920x6144][4096x1920x6144][4096x1920x6144][4096x1920x6144]',,tensorop,f32,256,128,128,2,1,1,2,1,1,7,4,1,1,256,128,32,100,110,843055104,1546439884800,1834,0.473791,1657.18,3.26397e+06
1,CUTLASS,grouped_gemm,cutlass3x_sm100_tensorop_gemm_grouped_e4m3_e4m3_f32_bf16_e4m3_256x128x128_2x2x1_0_ntt_align16_2sm_epi_tma,passed,success,grouped,,,,,fe4m3:column,fe4m3:row,bf16:row,fe4m3:row,1,0,invalid,invalid,heuristic,1,false,'[4096x1920x6144][4096x1920x6144][4096x1920x6144][4096x1920x6144][4096x1920x6144][4096x1920x6144][4096x1920x6144][4096x1920x6144][4096x1920x6144][4096x1920x6144][4096x1920x6144][4096x1920x6144][4096x1920x6144][4096x1920x6144][4096x1920x6144][4096x1920x6144]',,tensorop,f32,256,128,128,2,2,1,2,1,1,7,4,1,1,256,128,32,100,110,843055104,1546439884800,1834,0.478478,1640.94,3.232e+06
1,CUTLASS,grouped_gemm,cutlass3x_sm100_tensorop_gemm_grouped_e4m3_e4m3_f32_bf16_e4m3_256x128x128_2x2x1_0_ntt_align16_stream_k_2sm_epi_tma,passed,success,grouped,,,,,fe4m3:column,fe4m3:row,bf16:row,fe4m3:row,1,0,invalid,invalid,heuristic,1,false,'[4096x1920x6144][4096x1920x6144][4096x1920x6144][4096x1920x6144][4096x1920x6144][4096x1920x6144][4096x1920x6144][4096x1920x6144][4096x1920x6144][4096x1920x6144][4096x1920x6144][4096x1920x6144][4096x1920x6144][4096x1920x6144][4096x1920x6144][4096x1920x6144]',,tensorop,f32,256,128,128,2,2,1,2,1,1,7,4,1,1,256,128,32,100,110,843055104,1546439884800,1834,0.476236,1648.67,3.24722e+06
1,CUTLASS,grouped_gemm,cutlass3x_sm100_tensorop_gemm_grouped_e4m3_e4m3_f32_bf16_e4m3_256x128x128_4x1x1_0_ntt_align16_2sm_epi_tma,passed,success,grouped,,,,,fe4m3:column,fe4m3:row,bf16:row,fe4m3:row,1,0,invalid,invalid,heuristic,1,false,'[4096x1920x6144][4096x1920x6144][4096x1920x6144][4096x1920x6144][4096x1920x6144][4096x1920x6144][4096x1920x6144][4096x1920x6144][4096x1920x6144][4096x1920x6144][4096x1920x6144][4096x1920x6144][4096x1920x6144][4096x1920x6144][4096x1920x6144][4096x1920x6144]',,tensorop,f32,256,128,128,4,1,1,2,1,1,7,4,1,1,256,128,32,100,110,843055104,1546439884800,1834,0.470707,1668.04,3.28536e+06
1,CUTLASS,grouped_gemm,cutlass3x_sm100_tensorop_gemm_grouped_e4m3_e4m3_f32_bf16_e4m3_256x128x128_4x1x1_0_ntt_align16_stream_k_2sm_epi_tma,passed,success,grouped,,,,,fe4m3:column,fe4m3:row,bf16:row,fe4m3:row,1,0,invalid,invalid,heuristic,1,false,'[4096x1920x6144][4096x1920x6144][4096x1920x6144][4096x1920x6144][4096x1920x6144][4096x1920x6144][4096x1920x6144][4096x1920x6144][4096x1920x6144][4096x1920x6144][4096x1920x6144][4096x1920x6144][4096x1920x6144][4096x1920x6144][4096x1920x6144][4096x1920x6144]',,tensorop,f32,256,128,128,4,1,1,2,1,1,7,4,1,1,256,128,32,100,110,843055104,1546439884800,1834,0.489415,1604.27,3.15977e+06
1,CUTLASS,grouped_gemm,cutlass3x_sm100_tensorop_gemm_grouped_e4m3_e4m3_f32_bf16_e4m3_256x128x128_2x4x1_0_ntt_align16_2sm_epi_tma,passed,success,grouped,,,,,fe4m3:column,fe4m3:row,bf16:row,fe4m3:row,1,0,invalid,invalid,heuristic,1,false,'[4096x1920x6144][4096x1920x6144][4096x1920x6144][4096x1920x6144][4096x1920x6144][4096x1920x6144][4096x1920x6144][4096x1920x6144][4096x1920x6144][4096x1920x6144][4096x1920x6144][4096x1920x6144][4096x1920x6144][4096x1920x6144][4096x1920x6144][4096x1920x6144]',,tensorop,f32,256,128,128,2,4,1,2,1,1,7,4,1,1,256,128,32,100,110,843055104,1546439884800,1834,0.544619,1441.66,2.83949e+06
1,CUTLASS,grouped_gemm,cutlass3x_sm100_tensorop_gemm_grouped_e4m3_e4m3_f32_bf16_e4m3_256x128x128_2x4x1_0_ntt_align16_stream_k_2sm_epi_tma,passed,success,grouped,,,,,fe4m3:column,fe4m3:row,bf16:row,fe4m3:row,1,0,invalid,invalid,heuristic,1,false,'[4096x1920x6144][4096x1920x6144][4096x1920x6144][4096x1920x6144][4096x1920x6144][4096x1920x6144][4096x1920x6144][4096x1920x6144][4096x1920x6144][4096x1920x6144][4096x1920x6144][4096x1920x6144][4096x1920x6144][4096x1920x6144][4096x1920x6144][4096x1920x6144]',,tensorop,f32,256,128,128,2,4,1,2,1,1,7,4,1,1,256,128,32,100,110,843055104,1546439884800,1834,0.534829,1468.05,2.89147e+06
1,CUTLASS,grouped_gemm,cutlass3x_sm100_tensorop_gemm_grouped_e4m3_e4m3_f32_bf16_e4m3_256x128x128_4x2x1_0_ntt_align16_2sm_epi_tma,passed,success,grouped,,,,,fe4m3:column,fe4m3:row,bf16:row,fe4m3:row,1,0,invalid,invalid,heuristic,1,false,'[4096x1920x6144][4096x1920x6144][4096x1920x6144][4096x1920x6144][4096x1920x6144][4096x1920x6144][4096x1920x6144][4096x1920x6144][4096x1920x6144][4096x1920x6144][4096x1920x6144][4096x1920x6144][4096x1920x6144][4096x1920x6144][4096x1920x6144][4096x1920x6144]',,tensorop,f32,256,128,128,4,2,1,2,1,1,7,4,1,1,256,128,32,100,110,843055104,1546439884800,1834,0.533602,1471.43,2.89812e+06
1,CUTLASS,grouped_gemm,cutlass3x_sm100_tensorop_gemm_grouped_e4m3_e4m3_f32_bf16_e4m3_256x128x128_4x2x1_0_ntt_align16_stream_k_2sm_epi_tma,passed,success,grouped,,,,,fe4m3:column,fe4m3:row,bf16:row,fe4m3:row,1,0,invalid,invalid,heuristic,1,false,'[4096x1920x6144][4096x1920x6144][4096x1920x6144][4096x1920x6144][4096x1920x6144][4096x1920x6144][4096x1920x6144][4096x1920x6144][4096x1920x6144][4096x1920x6144][4096x1920x6144][4096x1920x6144][4096x1920x6144][4096x1920x6144][4096x1920x6144][4096x1920x6144]',,tensorop,f32,256,128,128,4,2,1,2,1,1,7,4,1,1,256,128,32,100,110,843055104,1546439884800,1834,0.537185,1461.61,2.87879e+06
1,CUTLASS,grouped_gemm,cutlass3x_sm100_tensorop_gemm_grouped_e4m3_e4m3_f32_bf16_e4m3_256x128x128_4x4x1_0_ntt_align16_2sm_epi_tma,passed,success,grouped,,,,,fe4m3:column,fe4m3:row,bf16:row,fe4m3:row,1,0,invalid,invalid,heuristic,1,false,'[4096x1920x6144][4096x1920x6144][4096x1920x6144][4096x1920x6144][4096x1920x6144][4096x1920x6144][4096x1920x6144][4096x1920x6144][4096x1920x6144][4096x1920x6144][4096x1920x6144][4096x1920x6144][4096x1920x6144][4096x1920x6144][4096x1920x6144][4096x1920x6144]',,tensorop,f32,256,128,128,4,4,1,2,1,1,7,4,1,1,256,128,32,100,110,843055104,1546439884800,1834,0.563614,1393.07,2.74379e+06
1,CUTLASS,grouped_gemm,cutlass3x_sm100_tensorop_gemm_grouped_e4m3_e4m3_f32_bf16_e4m3_256x128x128_4x4x1_0_ntt_align16_stream_k_2sm_epi_tma,passed,success,grouped,,,,,fe4m3:column,fe4m3:row,bf16:row,fe4m3:row,1,0,invalid,invalid,heuristic,1,false,'[4096x1920x6144][4096x1920x6144][4096x1920x6144][4096x1920x6144][4096x1920x6144][4096x1920x6144][4096x1920x6144][4096x1920x6144][4096x1920x6144][4096x1920x6144][4096x1920x6144][4096x1920x6144][4096x1920x6144][4096x1920x6144][4096x1920x6144][4096x1920x6144]',,tensorop,f32,256,128,128,4,4,1,2,1,1,7,4,1,1,256,128,32,100,110,843055104,1546439884800,1834,0.564535,1390.8,2.73931e+06
1,CUTLASS,grouped_gemm,cutlass3x_sm100_tensorop_gemm_grouped_e4m3_e4m3_f32_bf16_e4m3_256x128x128_0x0x1_0_tnt_align16_2sm_epi_tma,passed,success,grouped,,,,,fe4m3:row,fe4m3:column,bf16:row,fe4m3:row,1,0,invalid,invalid,heuristic,1,false,'[4096x1920x6144][4096x1920x6144][4096x1920x6144][4096x1920x6144][4096x1920x6144][4096x1920x6144][4096x1920x6144][4096x1920x6144][4096x1920x6144][4096x1920x6144][4096x1920x6144][4096x1920x6144][4096x1920x6144][4096x1920x6144][4096x1920x6144][4096x1920x6144]',,tensorop,f32,256,128,128,2,1,1,2,1,1,7,4,1,1,256,128,32,100,110,843055104,1546439884800,1834,0.460148,1706.31,3.36074e+06
1,CUTLASS,grouped_gemm,cutlass3x_sm100_tensorop_gemm_grouped_e4m3_e4m3_f32_bf16_e4m3_256x128x128_0x0x1_0_tnt_align16_stream_k_2sm_epi_tma,passed,success,grouped,,,,,fe4m3:row,fe4m3:column,bf16:row,fe4m3:row,1,0,invalid,invalid,heuristic,1,false,'[4096x1920x6144][4096x1920x6144][4096x1920x6144][4096x1920x6144][4096x1920x6144][4096x1920x6144][4096x1920x6144][4096x1920x6144][4096x1920x6144][4096x1920x6144][4096x1920x6144][4096x1920x6144][4096x1920x6144][4096x1920x6144][4096x1920x6144][4096x1920x6144]',,tensorop,f32,256,128,128,2,1,1,2,1,1,7,4,1,1,256,128,32,100,110,843055104,1546439884800,1834,0.462453,1697.81,3.34399e+06
1,CUTLASS,grouped_gemm,cutlass3x_sm100_tensorop_gemm_grouped_e4m3_e4m3_f32_bf16_e4m3_256x128x128_2x1x1_0_tnt_align16_2sm_epi_tma,passed,success,grouped,,,,,fe4m3:row,fe4m3:column,bf16:row,fe4m3:row,1,0,invalid,invalid,heuristic,1,false,'[4096x1920x6144][4096x1920x6144][4096x1920x6144][4096x1920x6144][4096x1920x6144][4096x1920x6144][4096x1920x6144][4096x1920x6144][4096x1920x6144][4096x1920x6144][4096x1920x6144][4096x1920x6144][4096x1920x6144][4096x1920x6144][4096x1920x6144][4096x1920x6144]',,tensorop,f32,256,128,128,2,1,1,2,1,1,7,4,1,1,256,128,32,100,110,843055104,1546439884800,1834,0.462228,1698.64,3.34562e+06
1,CUTLASS,grouped_gemm,cutlass3x_sm100_tensorop_gemm_grouped_e4m3_e4m3_f32_bf16_e4m3_256x128x128_2x1x1_0_tnt_align16_stream_k_2sm_epi_tma,passed,success,grouped,,,,,fe4m3:row,fe4m3:column,bf16:row,fe4m3:row,1,0,invalid,invalid,heuristic,1,false,'[4096x1920x6144][4096x1920x6144][4096x1920x6144][4096x1920x6144][4096x1920x6144][4096x1920x6144][4096x1920x6144][4096x1920x6144][4096x1920x6144][4096x1920x6144][4096x1920x6144][4096x1920x6144][4096x1920x6144][4096x1920x6144][4096x1920x6144][4096x1920x6144]',,tensorop,f32,256,128,128,2,1,1,2,1,1,7,4,1,1,256,128,32,100,110,843055104,1546439884800,1834,0.477148,1645.52,3.24101e+06
1,CUTLASS,grouped_gemm,cutlass3x_sm100_tensorop_gemm_grouped_e4m3_e4m3_f32_bf16_e4m3_256x128x128_2x2x1_0_tnt_align16_2sm_epi_tma,passed,success,grouped,,,,,fe4m3:row,fe4m3:column,bf16:row,fe4m3:row,1,0,invalid,invalid,heuristic,1,false,'[4096x1920x6144][4096x1920x6144][4096x1920x6144][4096x1920x6144][4096x1920x6144][4096x1920x6144][4096x1920x6144][4096x1920x6144][4096x1920x6144][4096x1920x6144][4096x1920x6144][4096x1920x6144][4096x1920x6144][4096x1920x6144][4096x1920x6144][4096x1920x6144]',,tensorop,f32,256,128,128,2,2,1,2,1,1,7,4,1,1,256,128,32,100,110,843055104,1546439884800,1834,0.499859,1570.75,3.09375e+06
1,CUTLASS,grouped_gemm,cutlass3x_sm100_tensorop_gemm_grouped_e4m3_e4m3_f32_bf16_e4m3_256x128x128_2x2x1_0_tnt_align16_stream_k_2sm_epi_tma,passed,success,grouped,,,,,fe4m3:row,fe4m3:column,bf16:row,fe4m3:row,1,0,invalid,invalid,heuristic,1,false,'[4096x1920x6144][4096x1920x6144][4096x1920x6144][4096x1920x6144][4096x1920x6144][4096x1920x6144][4096x1920x6144][4096x1920x6144][4096x1920x6144][4096x1920x6144][4096x1920x6144][4096x1920x6144][4096x1920x6144][4096x1920x6144][4096x1920x6144][4096x1920x6144]',,tensorop,f32,256,128,128,2,2,1,2,1,1,7,4,1,1,256,128,32,100,110,843055104,1546439884800,1834,0.47886,1639.64,3.22942e+06
1,CUTLASS,grouped_gemm,cutlass3x_sm100_tensorop_gemm_grouped_e4m3_e4m3_f32_bf16_e4m3_256x128x128_4x1x1_0_tnt_align16_2sm_epi_tma,passed,success,grouped,,,,,fe4m3:row,fe4m3:column,bf16:row,fe4m3:row,1,0,invalid,invalid,heuristic,1,false,'[4096x1920x6144][4096x1920x6144][4096x1920x6144][4096x1920x6144][4096x1920x6144][4096x1920x6144][4096x1920x6144][4096x1920x6144][4096x1920x6144][4096x1920x6144][4096x1920x6144][4096x1920x6144][4096x1920x6144][4096x1920x6144][4096x1920x6144][4096x1920x6144]',,tensorop,f32,256,128,128,4,1,1,2,1,1,7,4,1,1,256,128,32,100,110,843055104,1546439884800,1834,0.478908,1639.47,3.22909e+06
1,CUTLASS,grouped_gemm,cutlass3x_sm100_tensorop_gemm_grouped_e4m3_e4m3_f32_bf16_e4m3_256x128x128_4x1x1_0_tnt_align16_stream_k_2sm_epi_tma,passed,success,grouped,,,,,fe4m3:row,fe4m3:column,bf16:row,fe4m3:row,1,0,invalid,invalid,heuristic,1,false,'[4096x1920x6144][4096x1920x6144][4096x1920x6144][4096x1920x6144][4096x1920x6144][4096x1920x6144][4096x1920x6144][4096x1920x6144][4096x1920x6144][4096x1920x6144][4096x1920x6144][4096x1920x6144][4096x1920x6144][4096x1920x6144][4096x1920x6144][4096x1920x6144]',,tensorop,f32,256,128,128,4,1,1,2,1,1,7,4,1,1,256,128,32,100,110,843055104,1546439884800,1834,0.481778,1629.71,3.20986e+06
1,CUTLASS,grouped_gemm,cutlass3x_sm100_tensorop_gemm_grouped_e4m3_e4m3_f32_bf16_e4m3_256x128x128_2x4x1_0_tnt_align16_2sm_epi_tma,passed,success,grouped,,,,,fe4m3:row,fe4m3:column,bf16:row,fe4m3:row,1,0,invalid,invalid,heuristic,1,false,'[4096x1920x6144][4096x1920x6144][4096x1920x6144][4096x1920x6144][4096x1920x6144][4096x1920x6144][4096x1920x6144][4096x1920x6144][4096x1920x6144][4096x1920x6144][4096x1920x6144][4096x1920x6144][4096x1920x6144][4096x1920x6144][4096x1920x6144][4096x1920x6144]',,tensorop,f32,256,128,128,2,4,1,2,1,1,7,4,1,1,256,128,32,100,110,843055104,1546439884800,1834,0.54939,1429.14,2.81483e+06
1,CUTLASS,grouped_gemm,cutlass3x_sm100_tensorop_gemm_grouped_e4m3_e4m3_f32_bf16_e4m3_256x128x128_2x4x1_0_tnt_align16_stream_k_2sm_epi_tma,passed,success,grouped,,,,,fe4m3:row,fe4m3:column,bf16:row,fe4m3:row,1,0,invalid,invalid,heuristic,1,false,'[4096x1920x6144][4096x1920x6144][4096x1920x6144][4096x1920x6144][4096x1920x6144][4096x1920x6144][4096x1920x6144][4096x1920x6144][4096x1920x6144][4096x1920x6144][4096x1920x6144][4096x1920x6144][4096x1920x6144][4096x1920x6144][4096x1920x6144][4096x1920x6144]',,tensorop,f32,256,128,128,2,4,1,2,1,1,7,4,1,1,256,128,32,100,110,843055104,1546439884800,1834,0.548551,1431.33,2.81914e+06
1,CUTLASS,grouped_gemm,cutlass3x_sm100_tensorop_gemm_grouped_e4m3_e4m3_f32_bf16_e4m3_256x128x128_4x2x1_0_tnt_align16_2sm_epi_tma,passed,success,grouped,,,,,fe4m3:row,fe4m3:column,bf16:row,fe4m3:row,1,0,invalid,invalid,heuristic,1,false,'[4096x1920x6144][4096x1920x6144][4096x1920x6144][4096x1920x6144][4096x1920x6144][4096x1920x6144][4096x1920x6144][4096x1920x6144][4096x1920x6144][4096x1920x6144][4096x1920x6144][4096x1920x6144][4096x1920x6144][4096x1920x6144][4096x1920x6144][4096x1920x6144]',,tensorop,f32,256,128,128,4,2,1,2,1,1,7,4,1,1,256,128,32,100,110,843055104,1546439884800,1834,0.555627,1413.1,2.78323e+06
1,CUTLASS,grouped_gemm,cutlass3x_sm100_tensorop_gemm_grouped_e4m3_e4m3_f32_bf16_e4m3_256x128x128_4x2x1_0_tnt_align16_stream_k_2sm_epi_tma,passed,success,grouped,,,,,fe4m3:row,fe4m3:column,bf16:row,fe4m3:row,1,0,invalid,invalid,heuristic,1,false,'[4096x1920x6144][4096x1920x6144][4096x1920x6144][4096x1920x6144][4096x1920x6144][4096x1920x6144][4096x1920x6144][4096x1920x6144][4096x1920x6144][4096x1920x6144][4096x1920x6144][4096x1920x6144][4096x1920x6144][4096x1920x6144][4096x1920x6144][4096x1920x6144]',,tensorop,f32,256,128,128,4,2,1,2,1,1,7,4,1,1,256,128,32,100,110,843055104,1546439884800,1834,0.552401,1421.35,2.79949e+06
1,CUTLASS,grouped_gemm,cutlass3x_sm100_tensorop_gemm_grouped_e4m3_e4m3_f32_bf16_e4m3_256x128x128_4x4x1_0_tnt_align16_2sm_epi_tma,passed,success,grouped,,,,,fe4m3:row,fe4m3:column,bf16:row,fe4m3:row,1,0,invalid,invalid,heuristic,1,false,'[4096x1920x6144][4096x1920x6144][4096x1920x6144][4096x1920x6144][4096x1920x6144][4096x1920x6144][4096x1920x6144][4096x1920x6144][4096x1920x6144][4096x1920x6144][4096x1920x6144][4096x1920x6144][4096x1920x6144][4096x1920x6144][4096x1920x6144][4096x1920x6144]',,tensorop,f32,256,128,128,4,4,1,2,1,1,7,4,1,1,256,128,32,100,110,843055104,1546439884800,1834,0.575379,1364.59,2.68769e+06
1,CUTLASS,grouped_gemm,cutlass3x_sm100_tensorop_gemm_grouped_e4m3_e4m3_f32_bf16_e4m3_256x128x128_4x4x1_0_tnt_align16_stream_k_2sm_epi_tma,passed,success,grouped,,,,,fe4m3:row,fe4m3:column,bf16:row,fe4m3:row,1,0,invalid,invalid,heuristic,1,false,'[4096x1920x6144][4096x1920x6144][4096x1920x6144][4096x1920x6144][4096x1920x6144][4096x1920x6144][4096x1920x6144][4096x1920x6144][4096x1920x6144][4096x1920x6144][4096x1920x6144][4096x1920x6144][4096x1920x6144][4096x1920x6144][4096x1920x6144][4096x1920x6144]',,tensorop,f32,256,128,128,4,4,1,2,1,1,7,4,1,1,256,128,32,100,110,843055104,1546439884800,1834,0.573956,1367.97,2.69435e+06
1,CUTLASS,grouped_gemm,cutlass3x_sm100_tensorop_gemm_grouped_e4m3_e4m3_f32_bf16_e4m3_256x128x128_0x0x1_0_ttt_align16_2sm_epi_tma,passed,success,grouped,,,,,fe4m3:row,fe4m3:row,bf16:row,fe4m3:row,1,0,invalid,invalid,heuristic,1,false,'[4096x1920x6144][4096x1920x6144][4096x1920x6144][4096x1920x6144][4096x1920x6144][4096x1920x6144][4096x1920x6144][4096x1920x6144][4096x1920x6144][4096x1920x6144][4096x1920x6144][4096x1920x6144][4096x1920x6144][4096x1920x6144][4096x1920x6144][4096x1920x6144]',,tensorop,f32,256,128,128,2,1,1,2,1,1,7,4,1,1,256,128,32,100,110,843055104,1546439884800,1834,0.488074,1608.68,3.16846e+06
1,CUTLASS,grouped_gemm,cutlass3x_sm100_tensorop_gemm_grouped_e4m3_e4m3_f32_bf16_e4m3_256x128x128_0x0x1_0_ttt_align16_stream_k_2sm_epi_tma,passed,success,grouped,,,,,fe4m3:row,fe4m3:row,bf16:row,fe4m3:row,1,0,invalid,invalid,heuristic,1,false,'[4096x1920x6144][4096x1920x6144][4096x1920x6144][4096x1920x6144][4096x1920x6144][4096x1920x6144][4096x1920x6144][4096x1920x6144][4096x1920x6144][4096x1920x6144][4096x1920x6144][4096x1920x6144][4096x1920x6144][4096x1920x6144][4096x1920x6144][4096x1920x6144]',,tensorop,f32,256,128,128,2,1,1,2,1,1,7,4,1,1,256,128,32,100,110,843055104,1546439884800,1834,0.474342,1655.25,3.26018e+06
1,CUTLASS,grouped_gemm,cutlass3x_sm100_tensorop_gemm_grouped_e4m3_e4m3_f32_bf16_e4m3_256x128x128_2x1x1_0_ttt_align16_2sm_epi_tma,passed,success,grouped,,,,,fe4m3:row,fe4m3:row,bf16:row,fe4m3:row,1,0,invalid,invalid,heuristic,1,false,'[4096x1920x6144][4096x1920x6144][4096x1920x6144][4096x1920x6144][4096x1920x6144][4096x1920x6144][4096x1920x6144][4096x1920x6144][4096x1920x6144][4096x1920x6144][4096x1920x6144][4096x1920x6144][4096x1920x6144][4096x1920x6144][4096x1920x6144][4096x1920x6144]',,tensorop,f32,256,128,128,2,1,1,2,1,1,7,4,1,1,256,128,32,100,110,843055104,1546439884800,1834,0.475631,1650.77,3.25134e+06
1,CUTLASS,grouped_gemm,cutlass3x_sm100_tensorop_gemm_grouped_e4m3_e4m3_f32_bf16_e4m3_256x128x128_2x1x1_0_ttt_align16_stream_k_2sm_epi_tma,passed,success,grouped,,,,,fe4m3:row,fe4m3:row,bf16:row,fe4m3:row,1,0,invalid,invalid,heuristic,1,false,'[4096x1920x6144][4096x1920x6144][4096x1920x6144][4096x1920x6144][4096x1920x6144][4096x1920x6144][4096x1920x6144][4096x1920x6144][4096x1920x6144][4096x1920x6144][4096x1920x6144][4096x1920x6144][4096x1920x6144][4096x1920x6144][4096x1920x6144][4096x1920x6144]',,tensorop,f32,256,128,128,2,1,1,2,1,1,7,4,1,1,256,128,32,100,110,843055104,1546439884800,1834,0.492231,1595.1,3.1417e+06
1,CUTLASS,grouped_gemm,cutlass3x_sm100_tensorop_gemm_grouped_e4m3_e4m3_f32_bf16_e4m3_256x128x128_2x2x1_0_ttt_align16_2sm_epi_tma,passed,success,grouped,,,,,fe4m3:row,fe4m3:row,bf16:row,fe4m3:row,1,0,invalid,invalid,heuristic,1,false,'[4096x1920x6144][4096x1920x6144][4096x1920x6144][4096x1920x6144][4096x1920x6144][4096x1920x6144][4096x1920x6144][4096x1920x6144][4096x1920x6144][4096x1920x6144][4096x1920x6144][4096x1920x6144][4096x1920x6144][4096x1920x6144][4096x1920x6144][4096x1920x6144]',,tensorop,f32,256,128,128,2,2,1,2,1,1,7,4,1,1,256,128,32,100,110,843055104,1546439884800,1834,0.503536,1559.29,3.07116e+06
1,CUTLASS,grouped_gemm,cutlass3x_sm100_tensorop_gemm_grouped_e4m3_e4m3_f32_bf16_e4m3_256x128x128_2x2x1_0_ttt_align16_stream_k_2sm_epi_tma,passed,success,grouped,,,,,fe4m3:row,fe4m3:row,bf16:row,fe4m3:row,1,0,invalid,invalid,heuristic,1,false,'[4096x1920x6144][4096x1920x6144][4096x1920x6144][4096x1920x6144][4096x1920x6144][4096x1920x6144][4096x1920x6144][4096x1920x6144][4096x1920x6144][4096x1920x6144][4096x1920x6144][4096x1920x6144][4096x1920x6144][4096x1920x6144][4096x1920x6144][4096x1920x6144]',,tensorop,f32,256,128,128,2,2,1,2,1,1,7,4,1,1,256,128,32,100,110,843055104,1546439884800,1834,0.484848,1619.39,3.18954e+06
1,CUTLASS,grouped_gemm,cutlass3x_sm100_tensorop_gemm_grouped_e4m3_e4m3_f32_bf16_e4m3_256x128x128_4x1x1_0_ttt_align16_2sm_epi_tma,passed,success,grouped,,,,,fe4m3:row,fe4m3:row,bf16:row,fe4m3:row,1,0,invalid,invalid,heuristic,1,false,'[4096x1920x6144][4096x1920x6144][4096x1920x6144][4096x1920x6144][4096x1920x6144][4096x1920x6144][4096x1920x6144][4096x1920x6144][4096x1920x6144][4096x1920x6144][4096x1920x6144][4096x1920x6144][4096x1920x6144][4096x1920x6144][4096x1920x6144][4096x1920x6144]',,tensorop,f32,256,128,128,4,1,1,2,1,1,7,4,1,1,256,128,32,100,110,843055104,1546439884800,1834,0.4679,1678.04,3.30506e+06
1,CUTLASS,grouped_gemm,cutlass3x_sm100_tensorop_gemm_grouped_e4m3_e4m3_f32_bf16_e4m3_256x128x128_4x1x1_0_ttt_align16_stream_k_2sm_epi_tma,passed,success,grouped,,,,,fe4m3:row,fe4m3:row,bf16:row,fe4m3:row,1,0,invalid,invalid,heuristic,1,false,'[4096x1920x6144][4096x1920x6144][4096x1920x6144][4096x1920x6144][4096x1920x6144][4096x1920x6144][4096x1920x6144][4096x1920x6144][4096x1920x6144][4096x1920x6144][4096x1920x6144][4096x1920x6144][4096x1920x6144][4096x1920x6144][4096x1920x6144][4096x1920x6144]',,tensorop,f32,256,128,128,4,1,1,2,1,1,7,4,1,1,256,128,32,100,110,843055104,1546439884800,1834,0.467982,1677.75,3.30448e+06
1,CUTLASS,grouped_gemm,cutlass3x_sm100_tensorop_gemm_grouped_e4m3_e4m3_f32_bf16_e4m3_256x128x128_2x4x1_0_ttt_align16_2sm_epi_tma,passed,success,grouped,,,,,fe4m3:row,fe4m3:row,bf16:row,fe4m3:row,1,0,invalid,invalid,heuristic,1,false,'[4096x1920x6144][4096x1920x6144][4096x1920x6144][4096x1920x6144][4096x1920x6144][4096x1920x6144][4096x1920x6144][4096x1920x6144][4096x1920x6144][4096x1920x6144][4096x1920x6144][4096x1920x6144][4096x1920x6144][4096x1920x6144][4096x1920x6144][4096x1920x6144]',,tensorop,f32,256,128,128,2,4,1,2,1,1,7,4,1,1,256,128,32,100,110,843055104,1546439884800,1834,0.553005,1419.8,2.79643e+06
1,CUTLASS,grouped_gemm,cutlass3x_sm100_tensorop_gemm_grouped_e4m3_e4m3_f32_bf16_e4m3_256x128x128_2x4x1_0_ttt_align16_stream_k_2sm_epi_tma,passed,success,grouped,,,,,fe4m3:row,fe4m3:row,bf16:row,fe4m3:row,1,0,invalid,invalid,heuristic,1,false,'[4096x1920x6144][4096x1920x6144][4096x1920x6144][4096x1920x6144][4096x1920x6144][4096x1920x6144][4096x1920x6144][4096x1920x6144][4096x1920x6144][4096x1920x6144][4096x1920x6144][4096x1920x6144][4096x1920x6144][4096x1920x6144][4096x1920x6144][4096x1920x6144]',,tensorop,f32,256,128,128,2,4,1,2,1,1,7,4,1,1,256,128,32,100,110,843055104,1546439884800,1834,0.54254,1447.19,2.85037e+06
1,CUTLASS,grouped_gemm,cutlass3x_sm100_tensorop_gemm_grouped_e4m3_e4m3_f32_bf16_e4m3_256x128x128_4x2x1_0_ttt_align16_2sm_epi_tma,passed,success,grouped,,,,,fe4m3:row,fe4m3:row,bf16:row,fe4m3:row,1,0,invalid,invalid,heuristic,1,false,'[4096x1920x6144][4096x1920x6144][4096x1920x6144][4096x1920x6144][4096x1920x6144][4096x1920x6144][4096x1920x6144][4096x1920x6144][4096x1920x6144][4096x1920x6144][4096x1920x6144][4096x1920x6144][4096x1920x6144][4096x1920x6144][4096x1920x6144][4096x1920x6144]',,tensorop,f32,256,128,128,4,2,1,2,1,1,7,4,1,1,256,128,32,100,110,843055104,1546439884800,1834,0.549124,1429.83,2.8162e+06
1,CUTLASS,grouped_gemm,cutlass3x_sm100_tensorop_gemm_grouped_e4m3_e4m3_f32_bf16_e4m3_256x128x128_4x2x1_0_ttt_align16_stream_k_2sm_epi_tma,passed,success,grouped,,,,,fe4m3:row,fe4m3:row,bf16:row,fe4m3:row,1,0,invalid,invalid,heuristic,1,false,'[4096x1920x6144][4096x1920x6144][4096x1920x6144][4096x1920x6144][4096x1920x6144][4096x1920x6144][4096x1920x6144][4096x1920x6144][4096x1920x6144][4096x1920x6144][4096x1920x6144][4096x1920x6144][4096x1920x6144][4096x1920x6144][4096x1920x6144][4096x1920x6144]',,tensorop,f32,256,128,128,4,2,1,2,1,1,7,4,1,1,256,128,32,100,110,843055104,1546439884800,1834,0.54936,1429.22,2.81499e+06
1,CUTLASS,grouped_gemm,cutlass3x_sm100_tensorop_gemm_grouped_e4m3_e4m3_f32_bf16_e4m3_256x128x128_4x4x1_0_ttt_align16_2sm_epi_tma,passed,success,grouped,,,,,fe4m3:row,fe4m3:row,bf16:row,fe4m3:row,1,0,invalid,invalid,heuristic,1,false,'[4096x1920x6144][4096x1920x6144][4096x1920x6144][4096x1920x6144][4096x1920x6144][4096x1920x6144][4096x1920x6144][4096x1920x6144][4096x1920x6144][4096x1920x6144][4096x1920x6144][4096x1920x6144][4096x1920x6144][4096x1920x6144][4096x1920x6144][4096x1920x6144]',,tensorop,f32,256,128,128,4,4,1,2,1,1,7,4,1,1,256,128,32,100,110,843055104,1546439884800,1834,0.571038,1374.96,2.70812e+06
1,CUTLASS,grouped_gemm,cutlass3x_sm100_tensorop_gemm_grouped_e4m3_e4m3_f32_bf16_e4m3_256x128x128_4x4x1_0_ttt_align16_stream_k_2sm_epi_tma,passed,success,grouped,,,,,fe4m3:row,fe4m3:row,bf16:row,fe4m3:row,1,0,invalid,invalid,heuristic,1,false,'[4096x1920x6144][4096x1920x6144][4096x1920x6144][4096x1920x6144][4096x1920x6144][4096x1920x6144][4096x1920x6144][4096x1920x6144][4096x1920x6144][4096x1920x6144][4096x1920x6144][4096x1920x6144][4096x1920x6144][4096x1920x6144][4096x1920x6144][4096x1920x6144]',,tensorop,f32,256,128,128,4,4,1,2,1,1,7,4,1,1,256,128,32,100,110,843055104,1546439884800,1834,0.568201,1381.83,2.72164e+06
1,CUTLASS,grouped_gemm,cutlass3x_sm100_tensorop_gemm_grouped_e4m3_e4m3_f32_bf16_e4m3_256x256x128_0x0x1_0_nnn_align16_2sm_epi_tma,passed,success,grouped,,,,,fe4m3:column,fe4m3:column,bf16:column,fe4m3:column,1,0,invalid,invalid,heuristic,1,false,'[4096x1920x6144][4096x1920x6144][4096x1920x6144][4096x1920x6144][4096x1920x6144][4096x1920x6144][4096x1920x6144][4096x1920x6144][4096x1920x6144][4096x1920x6144][4096x1920x6144][4096x1920x6144][4096x1920x6144][4096x1920x6144][4096x1920x6144][4096x1920x6144]',,tensorop,f32,256,256,128,2,1,1,2,1,1,4,4,1,1,256,256,32,100,110,843055104,1546439884800,1834,0.468146,1677.16,3.30333e+06
1,CUTLASS,grouped_gemm,cutlass3x_sm100_tensorop_gemm_grouped_e4m3_e4m3_f32_bf16_e4m3_256x256x128_0x0x1_0_nnn_align16_stream_k_2sm_epi_tma,passed,success,grouped,,,,,fe4m3:column,fe4m3:column,bf16:column,fe4m3:column,1,0,invalid,invalid,heuristic,1,false,'[4096x1920x6144][4096x1920x6144][4096x1920x6144][4096x1920x6144][4096x1920x6144][4096x1920x6144][4096x1920x6144][4096x1920x6144][4096x1920x6144][4096x1920x6144][4096x1920x6144][4096x1920x6144][4096x1920x6144][4096x1920x6144][4096x1920x6144][4096x1920x6144]',,tensorop,f32,256,256,128,2,1,1,2,1,1,4,4,1,1,256,256,32,100,110,843055104,1546439884800,1834,0.45848,1712.52,3.37297e+06
1,CUTLASS,grouped_gemm,cutlass3x_sm100_tensorop_gemm_grouped_e4m3_e4m3_f32_bf16_e4m3_256x256x128_2x1x1_0_nnn_align16_2sm_epi_tma,passed,success,grouped,,,,,fe4m3:column,fe4m3:column,bf16:column,fe4m3:column,1,0,invalid,invalid,heuristic,1,false,'[4096x1920x6144][4096x1920x6144][4096x1920x6144][4096x1920x6144][4096x1920x6144][4096x1920x6144][4096x1920x6144][4096x1920x6144][4096x1920x6144][4096x1920x6144][4096x1920x6144][4096x1920x6144][4096x1920x6144][4096x1920x6144][4096x1920x6144][4096x1920x6144]',,tensorop,f32,256,256,128,2,1,1,2,1,1,4,4,1,1,256,256,32,100,110,843055104,1546439884800,1834,0.448281,1751.48,3.44971e+06
1,CUTLASS,grouped_gemm,cutlass3x_sm100_tensorop_gemm_grouped_e4m3_e4m3_f32_bf16_e4m3_256x256x128_2x1x1_0_nnn_align16_stream_k_2sm_epi_tma,passed,success,grouped,,,,,fe4m3:column,fe4m3:column,bf16:column,fe4m3:column,1,0,invalid,invalid,heuristic,1,false,'[4096x1920x6144][4096x1920x6144][4096x1920x6144][4096x1920x6144][4096x1920x6144][4096x1920x6144][4096x1920x6144][4096x1920x6144][4096x1920x6144][4096x1920x6144][4096x1920x6144][4096x1920x6144][4096x1920x6144][4096x1920x6144][4096x1920x6144][4096x1920x6144]',,tensorop,f32,256,256,128,2,1,1,2,1,1,4,4,1,1,256,256,32,100,110,843055104,1546439884800,1834,0.460231,1706,3.36014e+06
1,CUTLASS,grouped_gemm,cutlass3x_sm100_tensorop_gemm_grouped_e4m3_e4m3_f32_bf16_e4m3_256x256x128_2x2x1_0_nnn_align16_2sm_epi_tma,passed,success,grouped,,,,,fe4m3:column,fe4m3:column,bf16:column,fe4m3:column,1,0,invalid,invalid,heuristic,1,false,'[4096x1920x6144][4096x1920x6144][4096x1920x6144][4096x1920x6144][4096x1920x6144][4096x1920x6144][4096x1920x6144][4096x1920x6144][4096x1920x6144][4096x1920x6144][4096x1920x6144][4096x1920x6144][4096x1920x6144][4096x1920x6144][4096x1920x6144][4096x1920x6144]',,tensorop,f32,256,256,128,2,2,1,2,1,1,4,4,1,1,256,256,32,100,110,843055104,1546439884800,1834,0.46618,1684.23,3.31726e+06
1,CUTLASS,grouped_gemm,cutlass3x_sm100_tensorop_gemm_grouped_e4m3_e4m3_f32_bf16_e4m3_256x256x128_2x2x1_0_nnn_align16_stream_k_2sm_epi_tma,passed,success,grouped,,,,,fe4m3:column,fe4m3:column,bf16:column,fe4m3:column,1,0,invalid,invalid,heuristic,1,false,'[4096x1920x6144][4096x1920x6144][4096x1920x6144][4096x1920x6144][4096x1920x6144][4096x1920x6144][4096x1920x6144][4096x1920x6144][4096x1920x6144][4096x1920x6144][4096x1920x6144][4096x1920x6144][4096x1920x6144][4096x1920x6144][4096x1920x6144][4096x1920x6144]',,tensorop,f32,256,256,128,2,2,1,2,1,1,4,4,1,1,256,256,32,100,110,843055104,1546439884800,1834,0.461698,1700.59,3.34946e+06
1,CUTLASS,grouped_gemm,cutlass3x_sm100_tensorop_gemm_grouped_e4m3_e4m3_f32_bf16_e4m3_256x256x128_4x1x1_0_nnn_align16_2sm_epi_tma,passed,success,grouped,,,,,fe4m3:column,fe4m3:column,bf16:column,fe4m3:column,1,0,invalid,invalid,heuristic,1,false,'[4096x1920x6144][4096x1920x6144][4096x1920x6144][4096x1920x6144][4096x1920x6144][4096x1920x6144][4096x1920x6144][4096x1920x6144][4096x1920x6144][4096x1920x6144][4096x1920x6144][4096x1920x6144][4096x1920x6144][4096x1920x6144][4096x1920x6144][4096x1920x6144]',,tensorop,f32,256,256,128,4,1,1,2,1,1,4,4,1,1,256,256,32,100,110,843055104,1546439884800,1834,0.454538,1727.37,3.40223e+06
1,CUTLASS,grouped_gemm,cutlass3x_sm100_tensorop_gemm_grouped_e4m3_e4m3_f32_bf16_e4m3_256x256x128_4x1x1_0_nnn_align16_stream_k_2sm_epi_tma,passed,success,grouped,,,,,fe4m3:column,fe4m3:column,bf16:column,fe4m3:column,1,0,invalid,invalid,heuristic,1,false,'[4096x1920x6144][4096x1920x6144][4096x1920x6144][4096x1920x6144][4096x1920x6144][4096x1920x6144][4096x1920x6144][4096x1920x6144][4096x1920x6144][4096x1920x6144][4096x1920x6144][4096x1920x6144][4096x1920x6144][4096x1920x6144][4096x1920x6144][4096x1920x6144]',,tensorop,f32,256,256,128,4,1,1,2,1,1,4,4,1,1,256,256,32,100,110,843055104,1546439884800,1834,0.459125,1710.11,3.36823e+06
1,CUTLASS,grouped_gemm,cutlass3x_sm100_tensorop_gemm_grouped_e4m3_e4m3_f32_bf16_e4m3_256x256x128_2x4x1_0_nnn_align16_2sm_epi_tma,passed,success,grouped,,,,,fe4m3:column,fe4m3:column,bf16:column,fe4m3:column,1,0,invalid,invalid,heuristic,1,false,'[4096x1920x6144][4096x1920x6144][4096x1920x6144][4096x1920x6144][4096x1920x6144][4096x1920x6144][4096x1920x6144][4096x1920x6144][4096x1920x6144][4096x1920x6144][4096x1920x6144][4096x1920x6144][4096x1920x6144][4096x1920x6144][4096x1920x6144][4096x1920x6144]',,tensorop,f32,256,256,128,2,4,1,2,1,1,4,4,1,1,256,256,32,100,110,843055104,1546439884800,1834,0.53994,1454.15,2.86409e+06
1,CUTLASS,grouped_gemm,cutlass3x_sm100_tensorop_gemm_grouped_e4m3_e4m3_f32_bf16_e4m3_256x256x128_2x4x1_0_nnn_align16_stream_k_2sm_epi_tma,passed,success,grouped,,,,,fe4m3:column,fe4m3:column,bf16:column,fe4m3:column,1,0,invalid,invalid,heuristic,1,false,'[4096x1920x6144][4096x1920x6144][4096x1920x6144][4096x1920x6144][4096x1920x6144][4096x1920x6144][4096x1920x6144][4096x1920x6144][4096x1920x6144][4096x1920x6144][4096x1920x6144][4096x1920x6144][4096x1920x6144][4096x1920x6144][4096x1920x6144][4096x1920x6144]',,tensorop,f32,256,256,128,2,4,1,2,1,1,4,4,1,1,256,256,32,100,110,843055104,1546439884800,1834,0.542929,1446.15,2.84833e+06
1,CUTLASS,grouped_gemm,cutlass3x_sm100_tensorop_gemm_grouped_e4m3_e4m3_f32_bf16_e4m3_256x256x128_4x2x1_0_nnn_align16_2sm_epi_tma,passed,success,grouped,,,,,fe4m3:column,fe4m3:column,bf16:column,fe4m3:column,1,0,invalid,invalid,heuristic,1,false,'[4096x1920x6144][4096x1920x6144][4096x1920x6144][4096x1920x6144][4096x1920x6144][4096x1920x6144][4096x1920x6144][4096x1920x6144][4096x1920x6144][4096x1920x6144][4096x1920x6144][4096x1920x6144][4096x1920x6144][4096x1920x6144][4096x1920x6144][4096x1920x6144]',,tensorop,f32,256,256,128,4,2,1,2,1,1,4,4,1,1,256,256,32,100,110,843055104,1546439884800,1834,0.536724,1462.87,2.88126e+06
1,CUTLASS,grouped_gemm,cutlass3x_sm100_tensorop_gemm_grouped_e4m3_e4m3_f32_bf16_e4m3_256x256x128_4x2x1_0_nnn_align16_stream_k_2sm_epi_tma,passed,success,grouped,,,,,fe4m3:column,fe4m3:column,bf16:column,fe4m3:column,1,0,invalid,invalid,heuristic,1,false,'[4096x1920x6144][4096x1920x6144][4096x1920x6144][4096x1920x6144][4096x1920x6144][4096x1920x6144][4096x1920x6144][4096x1920x6144][4096x1920x6144][4096x1920x6144][4096x1920x6144][4096x1920x6144][4096x1920x6144][4096x1920x6144][4096x1920x6144][4096x1920x6144]',,tensorop,f32,256,256,128,4,2,1,2,1,1,4,4,1,1,256,256,32,100,110,843055104,1546439884800,1834,0.534789,1468.16,2.89168e+06
1,CUTLASS,grouped_gemm,cutlass3x_sm100_tensorop_gemm_grouped_e4m3_e4m3_f32_bf16_e4m3_256x256x128_4x4x1_0_nnn_align16_2sm_epi_tma,passed,success,grouped,,,,,fe4m3:column,fe4m3:column,bf16:column,fe4m3:column,1,0,invalid,invalid,heuristic,1,false,'[4096x1920x6144][4096x1920x6144][4096x1920x6144][4096x1920x6144][4096x1920x6144][4096x1920x6144][4096x1920x6144][4096x1920x6144][4096x1920x6144][4096x1920x6144][4096x1920x6144][4096x1920x6144][4096x1920x6144][4096x1920x6144][4096x1920x6144][4096x1920x6144]',,tensorop,f32,256,256,128,4,4,1,2,1,1,4,4,1,1,256,256,32,100,110,843055104,1546439884800,1834,0.577693,1359.12,2.67692e+06
1,CUTLASS,grouped_gemm,cutlass3x_sm100_tensorop_gemm_grouped_e4m3_e4m3_f32_bf16_e4m3_256x256x128_4x4x1_0_nnn_align16_stream_k_2sm_epi_tma,passed,success,grouped,,,,,fe4m3:column,fe4m3:column,bf16:column,fe4m3:column,1,0,invalid,invalid,heuristic,1,false,'[4096x1920x6144][4096x1920x6144][4096x1920x6144][4096x1920x6144][4096x1920x6144][4096x1920x6144][4096x1920x6144][4096x1920x6144][4096x1920x6144][4096x1920x6144][4096x1920x6144][4096x1920x6144][4096x1920x6144][4096x1920x6144][4096x1920x6144][4096x1920x6144]',,tensorop,f32,256,256,128,4,4,1,2,1,1,4,4,1,1,256,256,32,100,110,843055104,1546439884800,1834,0.577335,1359.97,2.67858e+06
1,CUTLASS,grouped_gemm,cutlass3x_sm100_tensorop_gemm_grouped_e4m3_e4m3_f32_bf16_e4m3_256x256x128_0x0x1_0_ntn_align16_2sm_epi_tma,passed,success,grouped,,,,,fe4m3:column,fe4m3:row,bf16:column,fe4m3:column,1,0,invalid,invalid,heuristic,1,false,'[4096x1920x6144][4096x1920x6144][4096x1920x6144][4096x1920x6144][4096x1920x6144][4096x1920x6144][4096x1920x6144][4096x1920x6144][4096x1920x6144][4096x1920x6144][4096x1920x6144][4096x1920x6144][4096x1920x6144][4096x1920x6144][4096x1920x6144][4096x1920x6144]',,tensorop,f32,256,256,128,2,1,1,2,1,1,4,4,1,1,256,256,32,100,110,843055104,1546439884800,1834,0.442988,1772.41,3.49093e+06
1,CUTLASS,grouped_gemm,cutlass3x_sm100_tensorop_gemm_grouped_e4m3_e4m3_f32_bf16_e4m3_256x256x128_0x0x1_0_ntn_align16_stream_k_2sm_epi_tma,passed,success,grouped,,,,,fe4m3:column,fe4m3:row,bf16:column,fe4m3:column,1,0,invalid,invalid,heuristic,1,false,'[4096x1920x6144][4096x1920x6144][4096x1920x6144][4096x1920x6144][4096x1920x6144][4096x1920x6144][4096x1920x6144][4096x1920x6144][4096x1920x6144][4096x1920x6144][4096x1920x6144][4096x1920x6144][4096x1920x6144][4096x1920x6144][4096x1920x6144][4096x1920x6144]',,tensorop,f32,256,256,128,2,1,1,2,1,1,4,4,1,1,256,256,32,100,110,843055104,1546439884800,1834,0.456258,1720.86,3.3894e+06
1,CUTLASS,grouped_gemm,cutlass3x_sm100_tensorop_gemm_grouped_e4m3_e4m3_f32_bf16_e4m3_256x256x128_2x1x1_0_ntn_align16_2sm_epi_tma,passed,success,grouped,,,,,fe4m3:column,fe4m3:row,bf16:column,fe4m3:column,1,0,invalid,invalid,heuristic,1,false,'[4096x1920x6144][4096x1920x6144][4096x1920x6144][4096x1920x6144][4096x1920x6144][4096x1920x6144][4096x1920x6144][4096x1920x6144][4096x1920x6144][4096x1920x6144][4096x1920x6144][4096x1920x6144][4096x1920x6144][4096x1920x6144][4096x1920x6144][4096x1920x6144]',,tensorop,f32,256,256,128,2,1,1,2,1,1,4,4,1,1,256,256,32,100,110,843055104,1546439884800,1834,0.444093,1768,3.48224e+06
1,CUTLASS,grouped_gemm,cutlass3x_sm100_tensorop_gemm_grouped_e4m3_e4m3_f32_bf16_e4m3_256x256x128_2x1x1_0_ntn_align16_stream_k_2sm_epi_tma,passed,success,grouped,,,,,fe4m3:column,fe4m3:row,bf16:column,fe4m3:column,1,0,invalid,invalid,heuristic,1,false,'[4096x1920x6144][4096x1920x6144][4096x1920x6144][4096x1920x6144][4096x1920x6144][4096x1920x6144][4096x1920x6144][4096x1920x6144][4096x1920x6144][4096x1920x6144][4096x1920x6144][4096x1920x6144][4096x1920x6144][4096x1920x6144][4096x1920x6144][4096x1920x6144]',,tensorop,f32,256,256,128,2,1,1,2,1,1,4,4,1,1,256,256,32,100,110,843055104,1546439884800,1834,0.455388,1724.15,3.39587e+06
1,CUTLASS,grouped_gemm,cutlass3x_sm100_tensorop_gemm_grouped_e4m3_e4m3_f32_bf16_e4m3_256x256x128_2x2x1_0_ntn_align16_2sm_epi_tma,passed,success,grouped,,,,,fe4m3:column,fe4m3:row,bf16:column,fe4m3:column,1,0,invalid,invalid,heuristic,1,false,'[4096x1920x6144][4096x1920x6144][4096x1920x6144][4096x1920x6144][4096x1920x6144][4096x1920x6144][4096x1920x6144][4096x1920x6144][4096x1920x6144][4096x1920x6144][4096x1920x6144][4096x1920x6144][4096x1920x6144][4096x1920x6144][4096x1920x6144][4096x1920x6144]',,tensorop,f32,256,256,128,2,2,1,2,1,1,4,4,1,1,256,256,32,100,110,843055104,1546439884800,1834,0.467601,1679.12,3.30718e+06
1,CUTLASS,grouped_gemm,cutlass3x_sm100_tensorop_gemm_grouped_e4m3_e4m3_f32_bf16_e4m3_256x256x128_2x2x1_0_ntn_align16_stream_k_2sm_epi_tma,passed,success,grouped,,,,,fe4m3:column,fe4m3:row,bf16:column,fe4m3:column,1,0,invalid,invalid,heuristic,1,false,'[4096x1920x6144][4096x1920x6144][4096x1920x6144][4096x1920x6144][4096x1920x6144][4096x1920x6144][4096x1920x6144][4096x1920x6144][4096x1920x6144][4096x1920x6144][4096x1920x6144][4096x1920x6144][4096x1920x6144][4096x1920x6144][4096x1920x6144][4096x1920x6144]',,tensorop,f32,256,256,128,2,2,1,2,1,1,4,4,1,1,256,256,32,100,110,843055104,1546439884800,1834,0.459913,1707.18,3.36246e+06
1,CUTLASS,grouped_gemm,cutlass3x_sm100_tensorop_gemm_grouped_e4m3_e4m3_f32_bf16_e4m3_256x256x128_4x1x1_0_ntn_align16_2sm_epi_tma,passed,success,grouped,,,,,fe4m3:column,fe4m3:row,bf16:column,fe4m3:column,1,0,invalid,invalid,heuristic,1,false,'[4096x1920x6144][4096x1920x6144][4096x1920x6144][4096x1920x6144][4096x1920x6144][4096x1920x6144][4096x1920x6144][4096x1920x6144][4096x1920x6144][4096x1920x6144][4096x1920x6144][4096x1920x6144][4096x1920x6144][4096x1920x6144][4096x1920x6144][4096x1920x6144]',,tensorop,f32,256,256,128,4,1,1,2,1,1,4,4,1,1,256,256,32,100,110,843055104,1546439884800,1834,0.453298,1732.1,3.41153e+06
1,CUTLASS,grouped_gemm,cutlass3x_sm100_tensorop_gemm_grouped_e4m3_e4m3_f32_bf16_e4m3_256x256x128_4x1x1_0_ntn_align16_stream_k_2sm_epi_tma,passed,success,grouped,,,,,fe4m3:column,fe4m3:row,bf16:column,fe4m3:column,1,0,invalid,invalid,heuristic,1,false,'[4096x1920x6144][4096x1920x6144][4096x1920x6144][4096x1920x6144][4096x1920x6144][4096x1920x6144][4096x1920x6144][4096x1920x6144][4096x1920x6144][4096x1920x6144][4096x1920x6144][4096x1920x6144][4096x1920x6144][4096x1920x6144][4096x1920x6144][4096x1920x6144]',,tensorop,f32,256,256,128,4,1,1,2,1,1,4,4,1,1,256,256,32,100,110,843055104,1546439884800,1834,0.455091,1725.27,3.39809e+06
1,CUTLASS,grouped_gemm,cutlass3x_sm100_tensorop_gemm_grouped_e4m3_e4m3_f32_bf16_e4m3_256x256x128_2x4x1_0_ntn_align16_2sm_epi_tma,passed,success,grouped,,,,,fe4m3:column,fe4m3:row,bf16:column,fe4m3:column,1,0,invalid,invalid,heuristic,1,false,'[4096x1920x6144][4096x1920x6144][4096x1920x6144][4096x1920x6144][4096x1920x6144][4096x1920x6144][4096x1920x6144][4096x1920x6144][4096x1920x6144][4096x1920x6144][4096x1920x6144][4096x1920x6144][4096x1920x6144][4096x1920x6144][4096x1920x6144][4096x1920x6144]',,tensorop,f32,256,256,128,2,4,1,2,1,1,4,4,1,1,256,256,32,100,110,843055104,1546439884800,1834,0.539919,1454.21,2.86421e+06
1,CUTLASS,grouped_gemm,cutlass3x_sm100_tensorop_gemm_grouped_e4m3_e4m3_f32_bf16_e4m3_256x256x128_2x4x1_0_ntn_align16_stream_k_2sm_epi_tma,passed,success,grouped,,,,,fe4m3:column,fe4m3:row,bf16:column,fe4m3:column,1,0,invalid,invalid,heuristic,1,false,'[4096x1920x6144][4096x1920x6144][4096x1920x6144][4096x1920x6144][4096x1920x6144][4096x1920x6144][4096x1920x6144][4096x1920x6144][4096x1920x6144][4096x1920x6144][4096x1920x6144][4096x1920x6144][4096x1920x6144][4096x1920x6144][4096x1920x6144][4096x1920x6144]',,tensorop,f32,256,256,128,2,4,1,2,1,1,4,4,1,1,256,256,32,100,110,843055104,1546439884800,1834,0.533283,1472.31,2.89985e+06
1,CUTLASS,grouped_gemm,cutlass3x_sm100_tensorop_gemm_grouped_e4m3_e4m3_f32_bf16_e4m3_256x256x128_4x2x1_0_ntn_align16_2sm_epi_tma,passed,success,grouped,,,,,fe4m3:column,fe4m3:row,bf16:column,fe4m3:column,1,0,invalid,invalid,heuristic,1,false,'[4096x1920x6144][4096x1920x6144][4096x1920x6144][4096x1920x6144][4096x1920x6144][4096x1920x6144][4096x1920x6144][4096x1920x6144][4096x1920x6144][4096x1920x6144][4096x1920x6144][4096x1920x6144][4096x1920x6144][4096x1920x6144][4096x1920x6144][4096x1920x6144]',,tensorop,f32,256,256,128,4,2,1,2,1,1,4,4,1,1,256,256,32,100,110,843055104,1546439884800,1834,0.530467,1480.12,2.91524e+06
1,CUTLASS,grouped_gemm,cutlass3x_sm100_tensorop_gemm_grouped_e4m3_e4m3_f32_bf16_e4m3_256x256x128_4x2x1_0_ntn_align16_stream_k_2sm_epi_tma,passed,success,grouped,,,,,fe4m3:column,fe4m3:row,bf16:column,fe4m3:column,1,0,invalid,invalid,heuristic,1,false,'[4096x1920x6144][4096x1920x6144][4096x1920x6144][4096x1920x6144][4096x1920x6144][4096x1920x6144][4096x1920x6144][4096x1920x6144][4096x1920x6144][4096x1920x6144][4096x1920x6144][4096x1920x6144][4096x1920x6144][4096x1920x6144][4096x1920x6144][4096x1920x6144]',,tensorop,f32,256,256,128,4,2,1,2,1,1,4,4,1,1,256,256,32,100,110,843055104,1546439884800,1834,0.533897,1470.61,2.89651e+06
1,CUTLASS,grouped_gemm,cutlass3x_sm100_tensorop_gemm_grouped_e4m3_e4m3_f32_bf16_e4m3_256x256x128_4x4x1_0_ntn_align16_2sm_epi_tma,passed,success,grouped,,,,,fe4m3:column,fe4m3:row,bf16:column,fe4m3:column,1,0,invalid,invalid,heuristic,1,false,'[4096x1920x6144][4096x1920x6144][4096x1920x6144][4096x1920x6144][4096x1920x6144][4096x1920x6144][4096x1920x6144][4096x1920x6144][4096x1920x6144][4096x1920x6144][4096x1920x6144][4096x1920x6144][4096x1920x6144][4096x1920x6144][4096x1920x6144][4096x1920x6144]',,tensorop,f32,256,256,128,4,4,1,2,1,1,4,4,1,1,256,256,32,100,110,843055104,1546439884800,1834,0.572707,1370.96,2.70023e+06
1,CUTLASS,grouped_gemm,cutlass3x_sm100_tensorop_gemm_grouped_e4m3_e4m3_f32_bf16_e4m3_256x256x128_4x4x1_0_ntn_align16_stream_k_2sm_epi_tma,passed,success,grouped,,,,,fe4m3:column,fe4m3:row,bf16:column,fe4m3:column,1,0,invalid,invalid,heuristic,1,false,'[4096x1920x6144][4096x1920x6144][4096x1920x6144][4096x1920x6144][4096x1920x6144][4096x1920x6144][4096x1920x6144][4096x1920x6144][4096x1920x6144][4096x1920x6144][4096x1920x6144][4096x1920x6144][4096x1920x6144][4096x1920x6144][4096x1920x6144][4096x1920x6144]',,tensorop,f32,256,256,128,4,4,1,2,1,1,4,4,1,1,256,256,32,100,110,843055104,1546439884800,1834,0.572554,1371.32,2.70095e+06
1,CUTLASS,grouped_gemm,cutlass3x_sm100_tensorop_gemm_grouped_e4m3_e4m3_f32_bf16_e4m3_256x256x128_0x0x1_0_tnn_align16_2sm_epi_tma,passed,success,grouped,,,,,fe4m3:row,fe4m3:column,bf16:column,fe4m3:column,1,0,invalid,invalid,heuristic,1,false,'[4096x1920x6144][4096x1920x6144][4096x1920x6144][4096x1920x6144][4096x1920x6144][4096x1920x6144][4096x1920x6144][4096x1920x6144][4096x1920x6144][4096x1920x6144][4096x1920x6144][4096x1920x6144][4096x1920x6144][4096x1920x6144][4096x1920x6144][4096x1920x6144]',,tensorop,f32,256,256,128,2,1,1,2,1,1,4,4,1,1,256,256,32,100,110,843055104,1546439884800,1834,0.45337,1731.82,3.41099e+06
1,CUTLASS,grouped_gemm,cutlass3x_sm100_tensorop_gemm_grouped_e4m3_e4m3_f32_bf16_e4m3_256x256x128_0x0x1_0_tnn_align16_stream_k_2sm_epi_tma,passed,success,grouped,,,,,fe4m3:row,fe4m3:column,bf16:column,fe4m3:column,1,0,invalid,invalid,heuristic,1,false,'[4096x1920x6144][4096x1920x6144][4096x1920x6144][4096x1920x6144][4096x1920x6144][4096x1920x6144][4096x1920x6144][4096x1920x6144][4096x1920x6144][4096x1920x6144][4096x1920x6144][4096x1920x6144][4096x1920x6144][4096x1920x6144][4096x1920x6144][4096x1920x6144]',,tensorop,f32,256,256,128,2,1,1,2,1,1,4,4,1,1,256,256,32,100,110,843055104,1546439884800,1834,0.453493,1731.35,3.41006e+06
1,CUTLASS,grouped_gemm,cutlass3x_sm100_tensorop_gemm_grouped_e4m3_e4m3_f32_bf16_e4m3_256x256x128_2x1x1_0_tnn_align16_2sm_epi_tma,passed,success,grouped,,,,,fe4m3:row,fe4m3:column,bf16:column,fe4m3:column,1,0,invalid,invalid,heuristic,1,false,'[4096x1920x6144][4096x1920x6144][4096x1920x6144][4096x1920x6144][4096x1920x6144][4096x1920x6144][4096x1920x6144][4096x1920x6144][4096x1920x6144][4096x1920x6144][4096x1920x6144][4096x1920x6144][4096x1920x6144][4096x1920x6144][4096x1920x6144][4096x1920x6144]',,tensorop,f32,256,256,128,2,1,1,2,1,1,4,4,1,1,256,256,32,100,110,843055104,1546439884800,1834,0.466733,1682.24,3.31333e+06
1,CUTLASS,grouped_gemm,cutlass3x_sm100_tensorop_gemm_grouped_e4m3_e4m3_f32_bf16_e4m3_256x256x128_2x1x1_0_tnn_align16_stream_k_2sm_epi_tma,passed,success,grouped,,,,,fe4m3:row,fe4m3:column,bf16:column,fe4m3:column,1,0,invalid,invalid,heuristic,1,false,'[4096x1920x6144][4096x1920x6144][4096x1920x6144][4096x1920x6144][4096x1920x6144][4096x1920x6144][4096x1920x6144][4096x1920x6144][4096x1920x6144][4096x1920x6144][4096x1920x6144][4096x1920x6144][4096x1920x6144][4096x1920x6144][4096x1920x6144][4096x1920x6144]',,tensorop,f32,256,256,128,2,1,1,2,1,1,4,4,1,1,256,256,32,100,110,843055104,1546439884800,1834,0.456811,1718.78,3.38529e+06
1,CUTLASS,grouped_gemm,cutlass3x_sm100_tensorop_gemm_grouped_e4m3_e4m3_f32_bf16_e4m3_256x256x128_2x2x1_0_tnn_align16_2sm_epi_tma,passed,success,grouped,,,,,fe4m3:row,fe4m3:column,bf16:column,fe4m3:column,1,0,invalid,invalid,heuristic,1,false,'[4096x1920x6144][4096x1920x6144][4096x1920x6144][4096x1920x6144][4096x1920x6144][4096x1920x6144][4096x1920x6144][4096x1920x6144][4096x1920x6144][4096x1920x6144][4096x1920x6144][4096x1920x6144][4096x1920x6144][4096x1920x6144][4096x1920x6144][4096x1920x6144]',,tensorop,f32,256,256,128,2,2,1,2,1,1,4,4,1,1,256,256,32,100,110,843055104,1546439884800,1834,0.492242,1595.06,3.14163e+06
1,CUTLASS,grouped_gemm,cutlass3x_sm100_tensorop_gemm_grouped_e4m3_e4m3_f32_bf16_e4m3_256x256x128_2x2x1_0_tnn_align16_stream_k_2sm_epi_tma,passed,success,grouped,,,,,fe4m3:row,fe4m3:column,bf16:column,fe4m3:column,1,0,invalid,invalid,heuristic,1,false,'[4096x1920x6144][4096x1920x6144][4096x1920x6144][4096x1920x6144][4096x1920x6144][4096x1920x6144][4096x1920x6144][4096x1920x6144][4096x1920x6144][4096x1920x6144][4096x1920x6144][4096x1920x6144][4096x1920x6144][4096x1920x6144][4096x1920x6144][4096x1920x6144]',,tensorop,f32,256,256,128,2,2,1,2,1,1,4,4,1,1,256,256,32,100,110,843055104,1546439884800,1834,0.491473,1597.56,3.14654e+06
1,CUTLASS,grouped_gemm,cutlass3x_sm100_tensorop_gemm_grouped_e4m3_e4m3_f32_bf16_e4m3_256x256x128_4x1x1_0_tnn_align16_2sm_epi_tma,passed,success,grouped,,,,,fe4m3:row,fe4m3:column,bf16:column,fe4m3:column,1,0,invalid,invalid,heuristic,1,false,'[4096x1920x6144][4096x1920x6144][4096x1920x6144][4096x1920x6144][4096x1920x6144][4096x1920x6144][4096x1920x6144][4096x1920x6144][4096x1920x6144][4096x1920x6144][4096x1920x6144][4096x1920x6144][4096x1920x6144][4096x1920x6144][4096x1920x6144][4096x1920x6144]',,tensorop,f32,256,256,128,4,1,1,2,1,1,4,4,1,1,256,256,32,100,110,843055104,1546439884800,1834,0.465228,1687.68,3.32405e+06
1,CUTLASS,grouped_gemm,cutlass3x_sm100_tensorop_gemm_grouped_e4m3_e4m3_f32_bf16_e4m3_256x256x128_4x1x1_0_tnn_align16_stream_k_2sm_epi_tma,passed,success,grouped,,,,,fe4m3:row,fe4m3:column,bf16:column,fe4m3:column,1,0,invalid,invalid,heuristic,1,false,'[4096x1920x6144][4096x1920x6144][4096x1920x6144][4096x1920x6144][4096x1920x6144][4096x1920x6144][4096x1920x6144][4096x1920x6144][4096x1920x6144][4096x1920x6144][4096x1920x6144][4096x1920x6144][4096x1920x6144][4096x1920x6144][4096x1920x6144][4096x1920x6144]',,tensorop,f32,256,256,128,4,1,1,2,1,1,4,4,1,1,256,256,32,100,110,843055104,1546439884800,1834,0.463241,1694.92,3.3383e+06
1,CUTLASS,grouped_gemm,cutlass3x_sm100_tensorop_gemm_grouped_e4m3_e4m3_f32_bf16_e4m3_256x256x128_2x4x1_0_tnn_align16_2sm_epi_tma,passed,success,grouped,,,,,fe4m3:row,fe4m3:column,bf16:column,fe4m3:column,1,0,invalid,invalid,heuristic,1,false,'[4096x1920x6144][4096x1920x6144][4096x1920x6144][4096x1920x6144][4096x1920x6144][4096x1920x6144][4096x1920x6144][4096x1920x6144][4096x1920x6144][4096x1920x6144][4096x1920x6144][4096x1920x6144][4096x1920x6144][4096x1920x6144][4096x1920x6144][4096x1920x6144]',,tensorop,f32,256,256,128,2,4,1,2,1,1,4,4,1,1,256,256,32,100,110,843055104,1546439884800,1834,0.546892,1435.67,2.82769e+06
1,CUTLASS,grouped_gemm,cutlass3x_sm100_tensorop_gemm_grouped_e4m3_e4m3_f32_bf16_e4m3_256x256x128_2x4x1_0_tnn_align16_stream_k_2sm_epi_tma,passed,success,grouped,,,,,fe4m3:row,fe4m3:column,bf16:column,fe4m3:column,1,0,invalid,invalid,heuristic,1,false,'[4096x1920x6144][4096x1920x6144][4096x1920x6144][4096x1920x6144][4096x1920x6144][4096x1920x6144][4096x1920x6144][4096x1920x6144][4096x1920x6144][4096x1920x6144][4096x1920x6144][4096x1920x6144][4096x1920x6144][4096x1920x6144][4096x1920x6144][4096x1920x6144]',,tensorop,f32,256,256,128,2,4,1,2,1,1,4,4,1,1,256,256,32,100,110,843055104,1546439884800,1834,0.548305,1431.97,2.8204e+06
1,CUTLASS,grouped_gemm,cutlass3x_sm100_tensorop_gemm_grouped_e4m3_e4m3_f32_bf16_e4m3_256x256x128_4x2x1_0_tnn_align16_2sm_epi_tma,passed,success,grouped,,,,,fe4m3:row,fe4m3:column,bf16:column,fe4m3:column,1,0,invalid,invalid,heuristic,1,false,'[4096x1920x6144][4096x1920x6144][4096x1920x6144][4096x1920x6144][4096x1920x6144][4096x1920x6144][4096x1920x6144][4096x1920x6144][4096x1920x6144][4096x1920x6144][4096x1920x6144][4096x1920x6144][4096x1920x6144][4096x1920x6144][4096x1920x6144][4096x1920x6144]',,tensorop,f32,256,256,128,4,2,1,2,1,1,4,4,1,1,256,256,32,100,110,843055104,1546439884800,1834,0.546626,1436.37,2.82907e+06
1,CUTLASS,grouped_gemm,cutlass3x_sm100_tensorop_gemm_grouped_e4m3_e4m3_f32_bf16_e4m3_256x256x128_4x2x1_0_tnn_align16_stream_k_2sm_epi_tma,passed,success,grouped,,,,,fe4m3:row,fe4m3:column,bf16:column,fe4m3:column,1,0,invalid,invalid,heuristic,1,false,'[4096x1920x6144][4096x1920x6144][4096x1920x6144][4096x1920x6144][4096x1920x6144][4096x1920x6144][4096x1920x6144][4096x1920x6144][4096x1920x6144][4096x1920x6144][4096x1920x6144][4096x1920x6144][4096x1920x6144][4096x1920x6144][4096x1920x6144][4096x1920x6144]',,tensorop,f32,256,256,128,4,2,1,2,1,1,4,4,1,1,256,256,32,100,110,843055104,1546439884800,1834,0.547099,1435.13,2.82662e+06
1,CUTLASS,grouped_gemm,cutlass3x_sm100_tensorop_gemm_grouped_e4m3_e4m3_f32_bf16_e4m3_256x256x128_4x4x1_0_tnn_align16_2sm_epi_tma,passed,success,grouped,,,,,fe4m3:row,fe4m3:column,bf16:column,fe4m3:column,1,0,invalid,invalid,heuristic,1,false,'[4096x1920x6144][4096x1920x6144][4096x1920x6144][4096x1920x6144][4096x1920x6144][4096x1920x6144][4096x1920x6144][4096x1920x6144][4096x1920x6144][4096x1920x6144][4096x1920x6144][4096x1920x6144][4096x1920x6144][4096x1920x6144][4096x1920x6144][4096x1920x6144]',,tensorop,f32,256,256,128,4,4,1,2,1,1,4,4,1,1,256,256,32,100,110,843055104,1546439884800,1834,0.588005,1335.29,2.62998e+06
1,CUTLASS,grouped_gemm,cutlass3x_sm100_tensorop_gemm_grouped_e4m3_e4m3_f32_bf16_e4m3_256x256x128_4x4x1_0_tnn_align16_stream_k_2sm_epi_tma,passed,success,grouped,,,,,fe4m3:row,fe4m3:column,bf16:column,fe4m3:column,1,0,invalid,invalid,heuristic,1,false,'[4096x1920x6144][4096x1920x6144][4096x1920x6144][4096x1920x6144][4096x1920x6144][4096x1920x6144][4096x1920x6144][4096x1920x6144][4096x1920x6144][4096x1920x6144][4096x1920x6144][4096x1920x6144][4096x1920x6144][4096x1920x6144][4096x1920x6144][4096x1920x6144]',,tensorop,f32,256,256,128,4,4,1,2,1,1,4,4,1,1,256,256,32,100,110,843055104,1546439884800,1834,0.587698,1335.99,2.63135e+06
1,CUTLASS,grouped_gemm,cutlass3x_sm100_tensorop_gemm_grouped_e4m3_e4m3_f32_bf16_e4m3_256x256x128_0x0x1_0_ttn_align16_2sm_epi_tma,passed,success,grouped,,,,,fe4m3:row,fe4m3:row,bf16:column,fe4m3:column,1,0,invalid,invalid,heuristic,1,false,'[4096x1920x6144][4096x1920x6144][4096x1920x6144][4096x1920x6144][4096x1920x6144][4096x1920x6144][4096x1920x6144][4096x1920x6144][4096x1920x6144][4096x1920x6144][4096x1920x6144][4096x1920x6144][4096x1920x6144][4096x1920x6144][4096x1920x6144][4096x1920x6144]',,tensorop,f32,256,256,128,2,1,1,2,1,1,4,4,1,1,256,256,32,100,110,843055104,1546439884800,1834,0.465958,1685.04,3.31884e+06
1,CUTLASS,grouped_gemm,cutlass3x_sm100_tensorop_gemm_grouped_e4m3_e4m3_f32_bf16_e4m3_256x256x128_0x0x1_0_ttn_align16_stream_k_2sm_epi_tma,passed,success,grouped,,,,,fe4m3:row,fe4m3:row,bf16:column,fe4m3:column,1,0,invalid,invalid,heuristic,1,false,'[4096x1920x6144][4096x1920x6144][4096x1920x6144][4096x1920x6144][4096x1920x6144][4096x1920x6144][4096x1920x6144][4096x1920x6144][4096x1920x6144][4096x1920x6144][4096x1920x6144][4096x1920x6144][4096x1920x6144][4096x1920x6144][4096x1920x6144][4096x1920x6144]',,tensorop,f32,256,256,128,2,1,1,2,1,1,4,4,1,1,256,256,32,100,110,843055104,1546439884800,1834,0.450124,1744.31,3.43559e+06
1,CUTLASS,grouped_gemm,cutlass3x_sm100_tensorop_gemm_grouped_e4m3_e4m3_f32_bf16_e4m3_256x256x128_2x1x1_0_ttn_align16_2sm_epi_tma,passed,success,grouped,,,,,fe4m3:row,fe4m3:row,bf16:column,fe4m3:column,1,0,invalid,invalid,heuristic,1,false,'[4096x1920x6144][4096x1920x6144][4096x1920x6144][4096x1920x6144][4096x1920x6144][4096x1920x6144][4096x1920x6144][4096x1920x6144][4096x1920x6144][4096x1920x6144][4096x1920x6144][4096x1920x6144][4096x1920x6144][4096x1920x6144][4096x1920x6144][4096x1920x6144]',,tensorop,f32,256,256,128,2,1,1,2,1,1,4,4,1,1,256,256,32,100,110,843055104,1546439884800,1834,0.458019,1714.25,3.37637e+06
1,CUTLASS,grouped_gemm,cutlass3x_sm100_tensorop_gemm_grouped_e4m3_e4m3_f32_bf16_e4m3_256x256x128_2x1x1_0_ttn_align16_stream_k_2sm_epi_tma,passed,success,grouped,,,,,fe4m3:row,fe4m3:row,bf16:column,fe4m3:column,1,0,invalid,invalid,heuristic,1,false,'[4096x1920x6144][4096x1920x6144][4096x1920x6144][4096x1920x6144][4096x1920x6144][4096x1920x6144][4096x1920x6144][4096x1920x6144][4096x1920x6144][4096x1920x6144][4096x1920x6144][4096x1920x6144][4096x1920x6144][4096x1920x6144][4096x1920x6144][4096x1920x6144]',,tensorop,f32,256,256,128,2,1,1,2,1,1,4,4,1,1,256,256,32,100,110,843055104,1546439884800,1834,0.447226,1755.61,3.45785e+06
1,CUTLASS,grouped_gemm,cutlass3x_sm100_tensorop_gemm_grouped_e4m3_e4m3_f32_bf16_e4m3_256x256x128_2x2x1_0_ttn_align16_2sm_epi_tma,passed,success,grouped,,,,,fe4m3:row,fe4m3:row,bf16:column,fe4m3:column,1,0,invalid,invalid,heuristic,1,false,'[4096x1920x6144][4096x1920x6144][4096x1920x6144][4096x1920x6144][4096x1920x6144][4096x1920x6144][4096x1920x6144][4096x1920x6144][4096x1920x6144][4096x1920x6144][4096x1920x6144][4096x1920x6144][4096x1920x6144][4096x1920x6144][4096x1920x6144][4096x1920x6144]',,tensorop,f32,256,256,128,2,2,1,2,1,1,4,4,1,1,256,256,32,100,110,843055104,1546439884800,1834,0.481909,1629.26,3.20899e+06
1,CUTLASS,grouped_gemm,cutlass3x_sm100_tensorop_gemm_grouped_e4m3_e4m3_f32_bf16_e4m3_256x256x128_2x2x1_0_ttn_align16_stream_k_2sm_epi_tma,passed,success,grouped,,,,,fe4m3:row,fe4m3:row,bf16:column,fe4m3:column,1,0,invalid,invalid,heuristic,1,false,'[4096x1920x6144][4096x1920x6144][4096x1920x6144][4096x1920x6144][4096x1920x6144][4096x1920x6144][4096x1920x6144][4096x1920x6144][4096x1920x6144][4096x1920x6144][4096x1920x6144][4096x1920x6144][4096x1920x6144][4096x1920x6144][4096x1920x6144][4096x1920x6144]',,tensorop,f32,256,256,128,2,2,1,2,1,1,4,4,1,1,256,256,32,100,110,843055104,1546439884800,1834,0.488626,1606.86,3.16487e+06
1,CUTLASS,grouped_gemm,cutlass3x_sm100_tensorop_gemm_grouped_e4m3_e4m3_f32_bf16_e4m3_256x256x128_4x1x1_0_ttn_align16_2sm_epi_tma,passed,success,grouped,,,,,fe4m3:row,fe4m3:row,bf16:column,fe4m3:column,1,0,invalid,invalid,heuristic,1,false,'[4096x1920x6144][4096x1920x6144][4096x1920x6144][4096x1920x6144][4096x1920x6144][4096x1920x6144][4096x1920x6144][4096x1920x6144][4096x1920x6144][4096x1920x6144][4096x1920x6144][4096x1920x6144][4096x1920x6144][4096x1920x6144][4096x1920x6144][4096x1920x6144]',,tensorop,f32,256,256,128,4,1,1,2,1,1,4,4,1,1,256,256,32,100,110,843055104,1546439884800,1834,0.4678,1678.4,3.30577e+06
1,CUTLASS,grouped_gemm,cutlass3x_sm100_tensorop_gemm_grouped_e4m3_e4m3_f32_bf16_e4m3_256x256x128_4x1x1_0_ttn_align16_stream_k_2sm_epi_tma,passed,success,grouped,,,,,fe4m3:row,fe4m3:row,bf16:column,fe4m3:column,1,0,invalid,invalid,heuristic,1,false,'[4096x1920x6144][4096x1920x6144][4096x1920x6144][4096x1920x6144][4096x1920x6144][4096x1920x6144][4096x1920x6144][4096x1920x6144][4096x1920x6144][4096x1920x6144][4096x1920x6144][4096x1920x6144][4096x1920x6144][4096x1920x6144][4096x1920x6144][4096x1920x6144]',,tensorop,f32,256,256,128,4,1,1,2,1,1,4,4,1,1,256,256,32,100,110,843055104,1546439884800,1834,0.477086,1645.73,3.24143e+06
1,CUTLASS,grouped_gemm,cutlass3x_sm100_tensorop_gemm_grouped_e4m3_e4m3_f32_bf16_e4m3_256x256x128_2x4x1_0_ttn_align16_2sm_epi_tma,passed,success,grouped,,,,,fe4m3:row,fe4m3:row,bf16:column,fe4m3:column,1,0,invalid,invalid,heuristic,1,false,'[4096x1920x6144][4096x1920x6144][4096x1920x6144][4096x1920x6144][4096x1920x6144][4096x1920x6144][4096x1920x6144][4096x1920x6144][4096x1920x6144][4096x1920x6144][4096x1920x6144][4096x1920x6144][4096x1920x6144][4096x1920x6144][4096x1920x6144][4096x1920x6144]',,tensorop,f32,256,256,128,2,4,1,2,1,1,4,4,1,1,256,256,32,100,110,843055104,1546439884800,1834,0.550087,1427.33,2.81126e+06
1,CUTLASS,grouped_gemm,cutlass3x_sm100_tensorop_gemm_grouped_e4m3_e4m3_f32_bf16_e4m3_256x256x128_2x4x1_0_ttn_align16_stream_k_2sm_epi_tma,passed,success,grouped,,,,,fe4m3:row,fe4m3:row,bf16:column,fe4m3:column,1,0,invalid,invalid,heuristic,1,false,'[4096x1920x6144][4096x1920x6144][4096x1920x6144][4096x1920x6144][4096x1920x6144][4096x1920x6144][4096x1920x6144][4096x1920x6144][4096x1920x6144][4096x1920x6144][4096x1920x6144][4096x1920x6144][4096x1920x6144][4096x1920x6144][4096x1920x6144][4096x1920x6144]',,tensorop,f32,256,256,128,2,4,1,2,1,1,4,4,1,1,256,256,32,100,110,843055104,1546439884800,1834,0.546206,1437.47,2.83124e+06
1,CUTLASS,grouped_gemm,cutlass3x_sm100_tensorop_gemm_grouped_e4m3_e4m3_f32_bf16_e4m3_256x256x128_4x2x1_0_ttn_align16_2sm_epi_tma,passed,success,grouped,,,,,fe4m3:row,fe4m3:row,bf16:column,fe4m3:column,1,0,invalid,invalid,heuristic,1,false,'[4096x1920x6144][4096x1920x6144][4096x1920x6144][4096x1920x6144][4096x1920x6144][4096x1920x6144][4096x1920x6144][4096x1920x6144][4096x1920x6144][4096x1920x6144][4096x1920x6144][4096x1920x6144][4096x1920x6144][4096x1920x6144][4096x1920x6144][4096x1920x6144]',,tensorop,f32,256,256,128,4,2,1,2,1,1,4,4,1,1,256,256,32,100,110,843055104,1546439884800,1834,0.544383,1442.29,2.84072e+06
1,CUTLASS,grouped_gemm,cutlass3x_sm100_tensorop_gemm_grouped_e4m3_e4m3_f32_bf16_e4m3_256x256x128_4x2x1_0_ttn_align16_stream_k_2sm_epi_tma,passed,success,grouped,,,,,fe4m3:row,fe4m3:row,bf16:column,fe4m3:column,1,0,invalid,invalid,heuristic,1,false,'[4096x1920x6144][4096x1920x6144][4096x1920x6144][4096x1920x6144][4096x1920x6144][4096x1920x6144][4096x1920x6144][4096x1920x6144][4096x1920x6144][4096x1920x6144][4096x1920x6144][4096x1920x6144][4096x1920x6144][4096x1920x6144][4096x1920x6144][4096x1920x6144]',,tensorop,f32,256,256,128,4,2,1,2,1,1,4,4,1,1,256,256,32,100,110,843055104,1546439884800,1834,0.545366,1439.69,2.8356e+06
1,CUTLASS,grouped_gemm,cutlass3x_sm100_tensorop_gemm_grouped_e4m3_e4m3_f32_bf16_e4m3_256x256x128_4x4x1_0_ttn_align16_2sm_epi_tma,passed,success,grouped,,,,,fe4m3:row,fe4m3:row,bf16:column,fe4m3:column,1,0,invalid,invalid,heuristic,1,false,'[4096x1920x6144][4096x1920x6144][4096x1920x6144][4096x1920x6144][4096x1920x6144][4096x1920x6144][4096x1920x6144][4096x1920x6144][4096x1920x6144][4096x1920x6144][4096x1920x6144][4096x1920x6144][4096x1920x6144][4096x1920x6144][4096x1920x6144][4096x1920x6144]',,tensorop,f32,256,256,128,4,4,1,2,1,1,4,4,1,1,256,256,32,100,110,843055104,1546439884800,1834,0.584178,1344.04,2.64721e+06
1,CUTLASS,grouped_gemm,cutlass3x_sm100_tensorop_gemm_grouped_e4m3_e4m3_f32_bf16_e4m3_256x256x128_4x4x1_0_ttn_align16_stream_k_2sm_epi_tma,passed,success,grouped,,,,,fe4m3:row,fe4m3:row,bf16:column,fe4m3:column,1,0,invalid,invalid,heuristic,1,false,'[4096x1920x6144][4096x1920x6144][4096x1920x6144][4096x1920x6144][4096x1920x6144][4096x1920x6144][4096x1920x6144][4096x1920x6144][4096x1920x6144][4096x1920x6144][4096x1920x6144][4096x1920x6144][4096x1920x6144][4096x1920x6144][4096x1920x6144][4096x1920x6144]',,tensorop,f32,256,256,128,4,4,1,2,1,1,4,4,1,1,256,256,32,100,110,843055104,1546439884800,1834,0.584288,1343.78,2.64671e+06
1,CUTLASS,grouped_gemm,cutlass3x_sm100_tensorop_gemm_grouped_e4m3_e4m3_f32_bf16_e4m3_256x256x128_0x0x1_0_nnt_align16_2sm_epi_tma,passed,success,grouped,,,,,fe4m3:column,fe4m3:column,bf16:row,fe4m3:row,1,0,invalid,invalid,heuristic,1,false,'[4096x1920x6144][4096x1920x6144][4096x1920x6144][4096x1920x6144][4096x1920x6144][4096x1920x6144][4096x1920x6144][4096x1920x6144][4096x1920x6144][4096x1920x6144][4096x1920x6144][4096x1920x6144][4096x1920x6144][4096x1920x6144][4096x1920x6144][4096x1920x6144]',,tensorop,f32,256,256,128,2,1,1,2,1,1,4,4,1,1,256,256,32,100,110,843055104,1546439884800,1834,0.448137,1752.05,3.45082e+06
1,CUTLASS,grouped_gemm,cutlass3x_sm100_tensorop_gemm_grouped_e4m3_e4m3_f32_bf16_e4m3_256x256x128_0x0x1_0_nnt_align16_stream_k_2sm_epi_tma,passed,success,grouped,,,,,fe4m3:column,fe4m3:column,bf16:row,fe4m3:row,1,0,invalid,invalid,heuristic,1,false,'[4096x1920x6144][4096x1920x6144][4096x1920x6144][4096x1920x6144][4096x1920x6144][4096x1920x6144][4096x1920x6144][4096x1920x6144][4096x1920x6144][4096x1920x6144][4096x1920x6144][4096x1920x6144][4096x1920x6144][4096x1920x6144][4096x1920x6144][4096x1920x6144]',,tensorop,f32,256,256,128,2,1,1,2,1,1,4,4,1,1,256,256,32,100,110,843055104,1546439884800,1834,0.446222,1759.56,3.46563e+06
1,CUTLASS,grouped_gemm,cutlass3x_sm100_tensorop_gemm_grouped_e4m3_e4m3_f32_bf16_e4m3_256x256x128_2x1x1_0_nnt_align16_2sm_epi_tma,passed,success,grouped,,,,,fe4m3:column,fe4m3:column,bf16:row,fe4m3:row,1,0,invalid,invalid,heuristic,1,false,'[4096x1920x6144][4096x1920x6144][4096x1920x6144][4096x1920x6144][4096x1920x6144][4096x1920x6144][4096x1920x6144][4096x1920x6144][4096x1920x6144][4096x1920x6144][4096x1920x6144][4096x1920x6144][4096x1920x6144][4096x1920x6144][4096x1920x6144][4096x1920x6144]',,tensorop,f32,256,256,128,2,1,1,2,1,1,4,4,1,1,256,256,32,100,110,843055104,1546439884800,1834,0.448507,1750.6,3.44798e+06
1,CUTLASS,grouped_gemm,cutlass3x_sm100_tensorop_gemm_grouped_e4m3_e4m3_f32_bf16_e4m3_256x256x128_2x1x1_0_nnt_align16_stream_k_2sm_epi_tma,passed,success,grouped,,,,,fe4m3:column,fe4m3:column,bf16:row,fe4m3:row,1,0,invalid,invalid,heuristic,1,false,'[4096x1920x6144][4096x1920x6144][4096x1920x6144][4096x1920x6144][4096x1920x6144][4096x1920x6144][4096x1920x6144][4096x1920x6144][4096x1920x6144][4096x1920x6144][4096x1920x6144][4096x1920x6144][4096x1920x6144][4096x1920x6144][4096x1920x6144][4096x1920x6144]',,tensorop,f32,256,256,128,2,1,1,2,1,1,4,4,1,1,256,256,32,100,110,843055104,1546439884800,1834,0.446734,1757.55,3.46166e+06
1,CUTLASS,grouped_gemm,cutlass3x_sm100_tensorop_gemm_grouped_e4m3_e4m3_f32_bf16_e4m3_256x256x128_2x2x1_0_nnt_align16_2sm_epi_tma,passed,success,grouped,,,,,fe4m3:column,fe4m3:column,bf16:row,fe4m3:row,1,0,invalid,invalid,heuristic,1,false,'[4096x1920x6144][4096x1920x6144][4096x1920x6144][4096x1920x6144][4096x1920x6144][4096x1920x6144][4096x1920x6144][4096x1920x6144][4096x1920x6144][4096x1920x6144][4096x1920x6144][4096x1920x6144][4096x1920x6144][4096x1920x6144][4096x1920x6144][4096x1920x6144]',,tensorop,f32,256,256,128,2,2,1,2,1,1,4,4,1,1,256,256,32,100,110,843055104,1546439884800,1834,0.467716,1678.7,3.30636e+06
1,CUTLASS,grouped_gemm,cutlass3x_sm100_tensorop_gemm_grouped_e4m3_e4m3_f32_bf16_e4m3_256x256x128_2x2x1_0_nnt_align16_stream_k_2sm_epi_tma,passed,success,grouped,,,,,fe4m3:column,fe4m3:column,bf16:row,fe4m3:row,1,0,invalid,invalid,heuristic,1,false,'[4096x1920x6144][4096x1920x6144][4096x1920x6144][4096x1920x6144][4096x1920x6144][4096x1920x6144][4096x1920x6144][4096x1920x6144][4096x1920x6144][4096x1920x6144][4096x1920x6144][4096x1920x6144][4096x1920x6144][4096x1920x6144][4096x1920x6144][4096x1920x6144]',,tensorop,f32,256,256,128,2,2,1,2,1,1,4,4,1,1,256,256,32,100,110,843055104,1546439884800,1834,0.482226,1628.19,3.20688e+06
1,CUTLASS,grouped_gemm,cutlass3x_sm100_tensorop_gemm_grouped_e4m3_e4m3_f32_bf16_e4m3_256x256x128_4x1x1_0_nnt_align16_2sm_epi_tma,passed,success,grouped,,,,,fe4m3:column,fe4m3:column,bf16:row,fe4m3:row,1,0,invalid,invalid,heuristic,1,false,'[4096x1920x6144][4096x1920x6144][4096x1920x6144][4096x1920x6144][4096x1920x6144][4096x1920x6144][4096x1920x6144][4096x1920x6144][4096x1920x6144][4096x1920x6144][4096x1920x6144][4096x1920x6144][4096x1920x6144][4096x1920x6144][4096x1920x6144][4096x1920x6144]',,tensorop,f32,256,256,128,4,1,1,2,1,1,4,4,1,1,256,256,32,100,110,843055104,1546439884800,1834,0.458316,1713.13,3.37418e+06
1,CUTLASS,grouped_gemm,cutlass3x_sm100_tensorop_gemm_grouped_e4m3_e4m3_f32_bf16_e4m3_256x256x128_4x1x1_0_nnt_align16_stream_k_2sm_epi_tma,passed,success,grouped,,,,,fe4m3:column,fe4m3:column,bf16:row,fe4m3:row,1,0,invalid,invalid,heuristic,1,false,'[4096x1920x6144][4096x1920x6144][4096x1920x6144][4096x1920x6144][4096x1920x6144][4096x1920x6144][4096x1920x6144][4096x1920x6144][4096x1920x6144][4096x1920x6144][4096x1920x6144][4096x1920x6144][4096x1920x6144][4096x1920x6144][4096x1920x6144][4096x1920x6144]',,tensorop,f32,256,256,128,4,1,1,2,1,1,4,4,1,1,256,256,32,100,110,843055104,1546439884800,1834,0.458122,1713.86,3.37561e+06
1,CUTLASS,grouped_gemm,cutlass3x_sm100_tensorop_gemm_grouped_e4m3_e4m3_f32_bf16_e4m3_256x256x128_2x4x1_0_nnt_align16_2sm_epi_tma,passed,success,grouped,,,,,fe4m3:column,fe4m3:column,bf16:row,fe4m3:row,1,0,invalid,invalid,heuristic,1,false,'[4096x1920x6144][4096x1920x6144][4096x1920x6144][4096x1920x6144][4096x1920x6144][4096x1920x6144][4096x1920x6144][4096x1920x6144][4096x1920x6144][4096x1920x6144][4096x1920x6144][4096x1920x6144][4096x1920x6144][4096x1920x6144][4096x1920x6144][4096x1920x6144]',,tensorop,f32,256,256,128,2,4,1,2,1,1,4,4,1,1,256,256,32,100,110,843055104,1546439884800,1834,0.540032,1453.91,2.86361e+06
1,CUTLASS,grouped_gemm,cutlass3x_sm100_tensorop_gemm_grouped_e4m3_e4m3_f32_bf16_e4m3_256x256x128_2x4x1_0_nnt_align16_stream_k_2sm_epi_tma,passed,success,grouped,,,,,fe4m3:column,fe4m3:column,bf16:row,fe4m3:row,1,0,invalid,invalid,heuristic,1,false,'[4096x1920x6144][4096x1920x6144][4096x1920x6144][4096x1920x6144][4096x1920x6144][4096x1920x6144][4096x1920x6144][4096x1920x6144][4096x1920x6144][4096x1920x6144][4096x1920x6144][4096x1920x6144][4096x1920x6144][4096x1920x6144][4096x1920x6144][4096x1920x6144]',,tensorop,f32,256,256,128,2,4,1,2,1,1,4,4,1,1,256,256,32,100,110,843055104,1546439884800,1834,0.535065,1467.4,2.89019e+06
1,CUTLASS,grouped_gemm,cutlass3x_sm100_tensorop_gemm_grouped_e4m3_e4m3_f32_bf16_e4m3_256x256x128_4x2x1_0_nnt_align16_2sm_epi_tma,passed,success,grouped,,,,,fe4m3:column,fe4m3:column,bf16:row,fe4m3:row,1,0,invalid,invalid,heuristic,1,false,'[4096x1920x6144][4096x1920x6144][4096x1920x6144][4096x1920x6144][4096x1920x6144][4096x1920x6144][4096x1920x6144][4096x1920x6144][4096x1920x6144][4096x1920x6144][4096x1920x6144][4096x1920x6144][4096x1920x6144][4096x1920x6144][4096x1920x6144][4096x1920x6144]',,tensorop,f32,256,256,128,4,2,1,2,1,1,4,4,1,1,256,256,32,100,110,843055104,1546439884800,1834,0.536951,1462.25,2.88004e+06
1,CUTLASS,grouped_gemm,cutlass3x_sm100_tensorop_gemm_grouped_e4m3_e4m3_f32_bf16_e4m3_256x256x128_4x2x1_0_nnt_align16_stream_k_2sm_epi_tma,passed,success,grouped,,,,,fe4m3:column,fe4m3:column,bf16:row,fe4m3:row,1,0,invalid,invalid,heuristic,1,false,'[4096x1920x6144][4096x1920x6144][4096x1920x6144][4096x1920x6144][4096x1920x6144][4096x1920x6144][4096x1920x6144][4096x1920x6144][4096x1920x6144][4096x1920x6144][4096x1920x6144][4096x1920x6144][4096x1920x6144][4096x1920x6144][4096x1920x6144][4096x1920x6144]',,tensorop,f32,256,256,128,4,2,1,2,1,1,4,4,1,1,256,256,32,100,110,843055104,1546439884800,1834,0.532772,1473.72,2.90263e+06
1,CUTLASS,grouped_gemm,cutlass3x_sm100_tensorop_gemm_grouped_e4m3_e4m3_f32_bf16_e4m3_256x256x128_4x4x1_0_nnt_align16_2sm_epi_tma,passed,success,grouped,,,,,fe4m3:column,fe4m3:column,bf16:row,fe4m3:row,1,0,invalid,invalid,heuristic,1,false,'[4096x1920x6144][4096x1920x6144][4096x1920x6144][4096x1920x6144][4096x1920x6144][4096x1920x6144][4096x1920x6144][4096x1920x6144][4096x1920x6144][4096x1920x6144][4096x1920x6144][4096x1920x6144][4096x1920x6144][4096x1920x6144][4096x1920x6144][4096x1920x6144]',,tensorop,f32,256,256,128,4,4,1,2,1,1,4,4,1,1,256,256,32,100,110,843055104,1546439884800,1834,0.573157,1369.88,2.69811e+06
1,CUTLASS,grouped_gemm,cutlass3x_sm100_tensorop_gemm_grouped_e4m3_e4m3_f32_bf16_e4m3_256x256x128_4x4x1_0_nnt_align16_stream_k_2sm_epi_tma,passed,success,grouped,,,,,fe4m3:column,fe4m3:column,bf16:row,fe4m3:row,1,0,invalid,invalid,heuristic,1,false,'[4096x1920x6144][4096x1920x6144][4096x1920x6144][4096x1920x6144][4096x1920x6144][4096x1920x6144][4096x1920x6144][4096x1920x6144][4096x1920x6144][4096x1920x6144][4096x1920x6144][4096x1920x6144][4096x1920x6144][4096x1920x6144][4096x1920x6144][4096x1920x6144]',,tensorop,f32,256,256,128,4,4,1,2,1,1,4,4,1,1,256,256,32,100,110,843055104,1546439884800,1834,0.573413,1369.27,2.6969e+06
1,CUTLASS,grouped_gemm,cutlass3x_sm100_tensorop_gemm_grouped_e4m3_e4m3_f32_bf16_e4m3_256x256x128_0x0x1_0_ntt_align16_2sm_epi_tma,passed,success,grouped,,,,,fe4m3:column,fe4m3:row,bf16:row,fe4m3:row,1,0,invalid,invalid,heuristic,1,false,'[4096x1920x6144][4096x1920x6144][4096x1920x6144][4096x1920x6144][4096x1920x6144][4096x1920x6144][4096x1920x6144][4096x1920x6144][4096x1920x6144][4096x1920x6144][4096x1920x6144][4096x1920x6144][4096x1920x6144][4096x1920x6144][4096x1920x6144][4096x1920x6144]',,tensorop,f32,256,256,128,2,1,1,2,1,1,4,4,1,1,256,256,32,100,110,843055104,1546439884800,1834,0.441266,1779.33,3.50455e+06
1,CUTLASS,grouped_gemm,cutlass3x_sm100_tensorop_gemm_grouped_e4m3_e4m3_f32_bf16_e4m3_256x256x128_0x0x1_0_ntt_align16_stream_k_2sm_epi_tma,passed,success,grouped,,,,,fe4m3:column,fe4m3:row,bf16:row,fe4m3:row,1,0,invalid,invalid,heuristic,1,false,'[4096x1920x6144][4096x1920x6144][4096x1920x6144][4096x1920x6144][4096x1920x6144][4096x1920x6144][4096x1920x6144][4096x1920x6144][4096x1920x6144][4096x1920x6144][4096x1920x6144][4096x1920x6144][4096x1920x6144][4096x1920x6144][4096x1920x6144][4096x1920x6144]',,tensorop,f32,256,256,128,2,1,1,2,1,1,4,4,1,1,256,256,32,100,110,843055104,1546439884800,1834,0.443221,1771.48,3.4891e+06
1,CUTLASS,grouped_gemm,cutlass3x_sm100_tensorop_gemm_grouped_e4m3_e4m3_f32_bf16_e4m3_256x256x128_2x1x1_0_ntt_align16_2sm_epi_tma,passed,success,grouped,,,,,fe4m3:column,fe4m3:row,bf16:row,fe4m3:row,1,0,invalid,invalid,heuristic,1,false,'[4096x1920x6144][4096x1920x6144][4096x1920x6144][4096x1920x6144][4096x1920x6144][4096x1920x6144][4096x1920x6144][4096x1920x6144][4096x1920x6144][4096x1920x6144][4096x1920x6144][4096x1920x6144][4096x1920x6144][4096x1920x6144][4096x1920x6144][4096x1920x6144]',,tensorop,f32,256,256,128,2,1,1,2,1,1,4,4,1,1,256,256,32,100,110,843055104,1546439884800,1834,0.445558,1762.19,3.47079e+06
1,CUTLASS,grouped_gemm,cutlass3x_sm100_tensorop_gemm_grouped_e4m3_e4m3_f32_bf16_e4m3_256x256x128_2x1x1_0_ntt_align16_stream_k_2sm_epi_tma,passed,success,grouped,,,,,fe4m3:column,fe4m3:row,bf16:row,fe4m3:row,1,0,invalid,invalid,heuristic,1,false,'[4096x1920x6144][4096x1920x6144][4096x1920x6144][4096x1920x6144][4096x1920x6144][4096x1920x6144][4096x1920x6144][4096x1920x6144][4096x1920x6144][4096x1920x6144][4096x1920x6144][4096x1920x6144][4096x1920x6144][4096x1920x6144][4096x1920x6144][4096x1920x6144]',,tensorop,f32,256,256,128,2,1,1,2,1,1,4,4,1,1,256,256,32,100,110,843055104,1546439884800,1834,0.440918,1780.73,3.50732e+06
1,CUTLASS,grouped_gemm,cutlass3x_sm100_tensorop_gemm_grouped_e4m3_e4m3_f32_bf16_e4m3_256x256x128_2x2x1_0_ntt_align16_2sm_epi_tma,passed,success,grouped,,,,,fe4m3:column,fe4m3:row,bf16:row,fe4m3:row,1,0,invalid,invalid,heuristic,1,false,'[4096x1920x6144][4096x1920x6144][4096x1920x6144][4096x1920x6144][4096x1920x6144][4096x1920x6144][4096x1920x6144][4096x1920x6144][4096x1920x6144][4096x1920x6144][4096x1920x6144][4096x1920x6144][4096x1920x6144][4096x1920x6144][4096x1920x6144][4096x1920x6144]',,tensorop,f32,256,256,128,2,2,1,2,1,1,4,4,1,1,256,256,32,100,110,843055104,1546439884800,1834,0.462555,1697.43,3.34325e+06
1,CUTLASS,grouped_gemm,cutlass3x_sm100_tensorop_gemm_grouped_e4m3_e4m3_f32_bf16_e4m3_256x256x128_2x2x1_0_ntt_align16_stream_k_2sm_epi_tma,passed,success,grouped,,,,,fe4m3:column,fe4m3:row,bf16:row,fe4m3:row,1,0,invalid,invalid,heuristic,1,false,'[4096x1920x6144][4096x1920x6144][4096x1920x6144][4096x1920x6144][4096x1920x6144][4096x1920x6144][4096x1920x6144][4096x1920x6144][4096x1920x6144][4096x1920x6144][4096x1920x6144][4096x1920x6144][4096x1920x6144][4096x1920x6144][4096x1920x6144][4096x1920x6144]',,tensorop,f32,256,256,128,2,2,1,2,1,1,4,4,1,1,256,256,32,100,110,843055104,1546439884800,1834,0.457538,1716.05,3.37992e+06
1,CUTLASS,grouped_gemm,cutlass3x_sm100_tensorop_gemm_grouped_e4m3_e4m3_f32_bf16_e4m3_256x256x128_4x1x1_0_ntt_align16_2sm_epi_tma,passed,success,grouped,,,,,fe4m3:column,fe4m3:row,bf16:row,fe4m3:row,1,0,invalid,invalid,heuristic,1,false,'[4096x1920x6144][4096x1920x6144][4096x1920x6144][4096x1920x6144][4096x1920x6144][4096x1920x6144][4096x1920x6144][4096x1920x6144][4096x1920x6144][4096x1920x6144][4096x1920x6144][4096x1920x6144][4096x1920x6144][4096x1920x6144][4096x1920x6144][4096x1920x6144]',,tensorop,f32,256,256,128,4,1,1,2,1,1,4,4,1,1,256,256,32,100,110,843055104,1546439884800,1834,0.453544,1731.16,3.40968e+06
1,CUTLASS,grouped_gemm,cutlass3x_sm100_tensorop_gemm_grouped_e4m3_e4m3_f32_bf16_e4m3_256x256x128_4x1x1_0_ntt_align16_stream_k_2sm_epi_tma,passed,success,grouped,,,,,fe4m3:column,fe4m3:row,bf16:row,fe4m3:row,1,0,invalid,invalid,heuristic,1,false,'[4096x1920x6144][4096x1920x6144][4096x1920x6144][4096x1920x6144][4096x1920x6144][4096x1920x6144][4096x1920x6144][4096x1920x6144][4096x1920x6144][4096x1920x6144][4096x1920x6144][4096x1920x6144][4096x1920x6144][4096x1920x6144][4096x1920x6144][4096x1920x6144]',,tensorop,f32,256,256,128,4,1,1,2,1,1,4,4,1,1,256,256,32,100,110,843055104,1546439884800,1834,0.464542,1690.17,3.32896e+06
1,CUTLASS,grouped_gemm,cutlass3x_sm100_tensorop_gemm_grouped_e4m3_e4m3_f32_bf16_e4m3_256x256x128_2x4x1_0_ntt_align16_2sm_epi_tma,passed,success,grouped,,,,,fe4m3:column,fe4m3:row,bf16:row,fe4m3:row,1,0,invalid,invalid,heuristic,1,false,'[4096x1920x6144][4096x1920x6144][4096x1920x6144][4096x1920x6144][4096x1920x6144][4096x1920x6144][4096x1920x6144][4096x1920x6144][4096x1920x6144][4096x1920x6144][4096x1920x6144][4096x1920x6144][4096x1920x6144][4096x1920x6144][4096x1920x6144][4096x1920x6144]',,tensorop,f32,256,256,128,2,4,1,2,1,1,4,4,1,1,256,256,32,100,110,843055104,1546439884800,1834,0.539367,1455.7,2.86714e+06
1,CUTLASS,grouped_gemm,cutlass3x_sm100_tensorop_gemm_grouped_e4m3_e4m3_f32_bf16_e4m3_256x256x128_2x4x1_0_ntt_align16_stream_k_2sm_epi_tma,passed,success,grouped,,,,,fe4m3:column,fe4m3:row,bf16:row,fe4m3:row,1,0,invalid,invalid,heuristic,1,false,'[4096x1920x6144][4096x1920x6144][4096x1920x6144][4096x1920x6144][4096x1920x6144][4096x1920x6144][4096x1920x6144][4096x1920x6144][4096x1920x6144][4096x1920x6144][4096x1920x6144][4096x1920x6144][4096x1920x6144][4096x1920x6144][4096x1920x6144][4096x1920x6144]',,tensorop,f32,256,256,128,2,4,1,2,1,1,4,4,1,1,256,256,32,100,110,843055104,1546439884800,1834,0.534983,1467.63,2.89064e+06
1,CUTLASS,grouped_gemm,cutlass3x_sm100_tensorop_gemm_grouped_e4m3_e4m3_f32_bf16_e4m3_256x256x128_4x2x1_0_ntt_align16_2sm_epi_tma,passed,success,grouped,,,,,fe4m3:column,fe4m3:row,bf16:row,fe4m3:row,1,0,invalid,invalid,heuristic,1,false,'[4096x1920x6144][4096x1920x6144][4096x1920x6144][4096x1920x6144][4096x1920x6144][4096x1920x6144][4096x1920x6144][4096x1920x6144][4096x1920x6144][4096x1920x6144][4096x1920x6144][4096x1920x6144][4096x1920x6144][4096x1920x6144][4096x1920x6144][4096x1920x6144]',,tensorop,f32,256,256,128,4,2,1,2,1,1,4,4,1,1,256,256,32,100,110,843055104,1546439884800,1834,0.531276,1477.87,2.91081e+06
1,CUTLASS,grouped_gemm,cutlass3x_sm100_tensorop_gemm_grouped_e4m3_e4m3_f32_bf16_e4m3_256x256x128_4x2x1_0_ntt_align16_stream_k_2sm_epi_tma,passed,success,grouped,,,,,fe4m3:column,fe4m3:row,bf16:row,fe4m3:row,1,0,invalid,invalid,heuristic,1,false,'[4096x1920x6144][4096x1920x6144][4096x1920x6144][4096x1920x6144][4096x1920x6144][4096x1920x6144][4096x1920x6144][4096x1920x6144][4096x1920x6144][4096x1920x6144][4096x1920x6144][4096x1920x6144][4096x1920x6144][4096x1920x6144][4096x1920x6144][4096x1920x6144]',,tensorop,f32,256,256,128,4,2,1,2,1,1,4,4,1,1,256,256,32,100,110,843055104,1546439884800,1834,0.527702,1487.88,2.93052e+06
1,CUTLASS,grouped_gemm,cutlass3x_sm100_tensorop_gemm_grouped_e4m3_e4m3_f32_bf16_e4m3_256x256x128_4x4x1_0_ntt_align16_2sm_epi_tma,passed,success,grouped,,,,,fe4m3:column,fe4m3:row,bf16:row,fe4m3:row,1,0,invalid,invalid,heuristic,1,false,'[4096x1920x6144][4096x1920x6144][4096x1920x6144][4096x1920x6144][4096x1920x6144][4096x1920x6144][4096x1920x6144][4096x1920x6144][4096x1920x6144][4096x1920x6144][4096x1920x6144][4096x1920x6144][4096x1920x6144][4096x1920x6144][4096x1920x6144][4096x1920x6144]',,tensorop,f32,256,256,128,4,4,1,2,1,1,4,4,1,1,256,256,32,100,110,843055104,1546439884800,1834,0.568714,1380.58,2.71919e+06
1,CUTLASS,grouped_gemm,cutlass3x_sm100_tensorop_gemm_grouped_e4m3_e4m3_f32_bf16_e4m3_256x256x128_4x4x1_0_ntt_align16_stream_k_2sm_epi_tma,passed,success,grouped,,,,,fe4m3:column,fe4m3:row,bf16:row,fe4m3:row,1,0,invalid,invalid,heuristic,1,false,'[4096x1920x6144][4096x1920x6144][4096x1920x6144][4096x1920x6144][4096x1920x6144][4096x1920x6144][4096x1920x6144][4096x1920x6144][4096x1920x6144][4096x1920x6144][4096x1920x6144][4096x1920x6144][4096x1920x6144][4096x1920x6144][4096x1920x6144][4096x1920x6144]',,tensorop,f32,256,256,128,4,4,1,2,1,1,4,4,1,1,256,256,32,100,110,843055104,1546439884800,1834,0.568058,1382.18,2.72233e+06
1,CUTLASS,grouped_gemm,cutlass3x_sm100_tensorop_gemm_grouped_e4m3_e4m3_f32_bf16_e4m3_256x256x128_0x0x1_0_tnt_align16_2sm_epi_tma,passed,success,grouped,,,,,fe4m3:row,fe4m3:column,bf16:row,fe4m3:row,1,0,invalid,invalid,heuristic,1,false,'[4096x1920x6144][4096x1920x6144][4096x1920x6144][4096x1920x6144][4096x1920x6144][4096x1920x6144][4096x1920x6144][4096x1920x6144][4096x1920x6144][4096x1920x6144][4096x1920x6144][4096x1920x6144][4096x1920x6144][4096x1920x6144][4096x1920x6144][4096x1920x6144]',,tensorop,f32,256,256,128,2,1,1,2,1,1,4,4,1,1,256,256,32,100,110,843055104,1546439884800,1834,0.453503,1731.31,3.40999e+06
1,CUTLASS,grouped_gemm,cutlass3x_sm100_tensorop_gemm_grouped_e4m3_e4m3_f32_bf16_e4m3_256x256x128_0x0x1_0_tnt_align16_stream_k_2sm_epi_tma,passed,success,grouped,,,,,fe4m3:row,fe4m3:column,bf16:row,fe4m3:row,1,0,invalid,invalid,heuristic,1,false,'[4096x1920x6144][4096x1920x6144][4096x1920x6144][4096x1920x6144][4096x1920x6144][4096x1920x6144][4096x1920x6144][4096x1920x6144][4096x1920x6144][4096x1920x6144][4096x1920x6144][4096x1920x6144][4096x1920x6144][4096x1920x6144][4096x1920x6144][4096x1920x6144]',,tensorop,f32,256,256,128,2,1,1,2,1,1,4,4,1,1,256,256,32,100,110,843055104,1546439884800,1834,0.450585,1742.53,3.43207e+06
1,CUTLASS,grouped_gemm,cutlass3x_sm100_tensorop_gemm_grouped_e4m3_e4m3_f32_bf16_e4m3_256x256x128_2x1x1_0_tnt_align16_2sm_epi_tma,passed,success,grouped,,,,,fe4m3:row,fe4m3:column,bf16:row,fe4m3:row,1,0,invalid,invalid,heuristic,1,false,'[4096x1920x6144][4096x1920x6144][4096x1920x6144][4096x1920x6144][4096x1920x6144][4096x1920x6144][4096x1920x6144][4096x1920x6144][4096x1920x6144][4096x1920x6144][4096x1920x6144][4096x1920x6144][4096x1920x6144][4096x1920x6144][4096x1920x6144][4096x1920x6144]',,tensorop,f32,256,256,128,2,1,1,2,1,1,4,4,1,1,256,256,32,100,110,843055104,1546439884800,1834,0.466426,1683.34,3.31551e+06
1,CUTLASS,grouped_gemm,cutlass3x_sm100_tensorop_gemm_grouped_e4m3_e4m3_f32_bf16_e4m3_256x256x128_2x1x1_0_tnt_align16_stream_k_2sm_epi_tma,passed,success,grouped,,,,,fe4m3:row,fe4m3:column,bf16:row,fe4m3:row,1,0,invalid,invalid,heuristic,1,false,'[4096x1920x6144][4096x1920x6144][4096x1920x6144][4096x1920x6144][4096x1920x6144][4096x1920x6144][4096x1920x6144][4096x1920x6144][4096x1920x6144][4096x1920x6144][4096x1920x6144][4096x1920x6144][4096x1920x6144][4096x1920x6144][4096x1920x6144][4096x1920x6144]',,tensorop,f32,256,256,128,2,1,1,2,1,1,4,4,1,1,256,256,32,100,110,843055104,1546439884800,1834,0.449582,1746.41,3.43973e+06
1,CUTLASS,grouped_gemm,cutlass3x_sm100_tensorop_gemm_grouped_e4m3_e4m3_f32_bf16_e4m3_256x256x128_2x2x1_0_tnt_align16_2sm_epi_tma,passed,success,grouped,,,,,fe4m3:row,fe4m3:column,bf16:row,fe4m3:row,1,0,invalid,invalid,heuristic,1,false,'[4096x1920x6144][4096x1920x6144][4096x1920x6144][4096x1920x6144][4096x1920x6144][4096x1920x6144][4096x1920x6144][4096x1920x6144][4096x1920x6144][4096x1920x6144][4096x1920x6144][4096x1920x6144][4096x1920x6144][4096x1920x6144][4096x1920x6144][4096x1920x6144]',,tensorop,f32,256,256,128,2,2,1,2,1,1,4,4,1,1,256,256,32,100,110,843055104,1546439884800,1834,0.487428,1610.82,3.17265e+06
1,CUTLASS,grouped_gemm,cutlass3x_sm100_tensorop_gemm_grouped_e4m3_e4m3_f32_bf16_e4m3_256x256x128_2x2x1_0_tnt_align16_stream_k_2sm_epi_tma,passed,success,grouped,,,,,fe4m3:row,fe4m3:column,bf16:row,fe4m3:row,1,0,invalid,invalid,heuristic,1,false,'[4096x1920x6144][4096x1920x6144][4096x1920x6144][4096x1920x6144][4096x1920x6144][4096x1920x6144][4096x1920x6144][4096x1920x6144][4096x1920x6144][4096x1920x6144][4096x1920x6144][4096x1920x6144][4096x1920x6144][4096x1920x6144][4096x1920x6144][4096x1920x6144]',,tensorop,f32,256,256,128,2,2,1,2,1,1,4,4,1,1,256,256,32,100,110,843055104,1546439884800,1834,0.476789,1646.76,3.24345e+06
1,CUTLASS,grouped_gemm,cutlass3x_sm100_tensorop_gemm_grouped_e4m3_e4m3_f32_bf16_e4m3_256x256x128_4x1x1_0_tnt_align16_2sm_epi_tma,passed,success,grouped,,,,,fe4m3:row,fe4m3:column,bf16:row,fe4m3:row,1,0,invalid,invalid,heuristic,1,false,'[4096x1920x6144][4096x1920x6144][4096x1920x6144][4096x1920x6144][4096x1920x6144][4096x1920x6144][4096x1920x6144][4096x1920x6144][4096x1920x6144][4096x1920x6144][4096x1920x6144][4096x1920x6144][4096x1920x6144][4096x1920x6144][4096x1920x6144][4096x1920x6144]',,tensorop,f32,256,256,128,4,1,1,2,1,1,4,4,1,1,256,256,32,100,110,843055104,1546439884800,1834,0.476912,1646.33,3.24261e+06
1,CUTLASS,grouped_gemm,cutlass3x_sm100_tensorop_gemm_grouped_e4m3_e4m3_f32_bf16_e4m3_256x256x128_4x1x1_0_tnt_align16_stream_k_2sm_epi_tma,passed,success,grouped,,,,,fe4m3:row,fe4m3:column,bf16:row,fe4m3:row,1,0,invalid,invalid,heuristic,1,false,'[4096x1920x6144][4096x1920x6144][4096x1920x6144][4096x1920x6144][4096x1920x6144][4096x1920x6144][4096x1920x6144][4096x1920x6144][4096x1920x6144][4096x1920x6144][4096x1920x6144][4096x1920x6144][4096x1920x6144][4096x1920x6144][4096x1920x6144][4096x1920x6144]',,tensorop,f32,256,256,128,4,1,1,2,1,1,4,4,1,1,256,256,32,100,110,843055104,1546439884800,1834,0.476912,1646.33,3.24261e+06
1,CUTLASS,grouped_gemm,cutlass3x_sm100_tensorop_gemm_grouped_e4m3_e4m3_f32_bf16_e4m3_256x256x128_2x4x1_0_tnt_align16_2sm_epi_tma,passed,success,grouped,,,,,fe4m3:row,fe4m3:column,bf16:row,fe4m3:row,1,0,invalid,invalid,heuristic,1,false,'[4096x1920x6144][4096x1920x6144][4096x1920x6144][4096x1920x6144][4096x1920x6144][4096x1920x6144][4096x1920x6144][4096x1920x6144][4096x1920x6144][4096x1920x6144][4096x1920x6144][4096x1920x6144][4096x1920x6144][4096x1920x6144][4096x1920x6144][4096x1920x6144]',,tensorop,f32,256,256,128,2,4,1,2,1,1,4,4,1,1,256,256,32,100,110,843055104,1546439884800,1834,0.548839,1430.58,2.81765e+06
1,CUTLASS,grouped_gemm,cutlass3x_sm100_tensorop_gemm_grouped_e4m3_e4m3_f32_bf16_e4m3_256x256x128_2x4x1_0_tnt_align16_stream_k_2sm_epi_tma,passed,success,grouped,,,,,fe4m3:row,fe4m3:column,bf16:row,fe4m3:row,1,0,invalid,invalid,heuristic,1,false,'[4096x1920x6144][4096x1920x6144][4096x1920x6144][4096x1920x6144][4096x1920x6144][4096x1920x6144][4096x1920x6144][4096x1920x6144][4096x1920x6144][4096x1920x6144][4096x1920x6144][4096x1920x6144][4096x1920x6144][4096x1920x6144][4096x1920x6144][4096x1920x6144]',,tensorop,f32,256,256,128,2,4,1,2,1,1,4,4,1,1,256,256,32,100,110,843055104,1546439884800,1834,0.546175,1437.55,2.8314e+06
1,CUTLASS,grouped_gemm,cutlass3x_sm100_tensorop_gemm_grouped_e4m3_e4m3_f32_bf16_e4m3_256x256x128_4x2x1_0_tnt_align16_2sm_epi_tma,passed,success,grouped,,,,,fe4m3:row,fe4m3:column,bf16:row,fe4m3:row,1,0,invalid,invalid,heuristic,1,false,'[4096x1920x6144][4096x1920x6144][4096x1920x6144][4096x1920x6144][4096x1920x6144][4096x1920x6144][4096x1920x6144][4096x1920x6144][4096x1920x6144][4096x1920x6144][4096x1920x6144][4096x1920x6144][4096x1920x6144][4096x1920x6144][4096x1920x6144][4096x1920x6144]',,tensorop,f32,256,256,128,4,2,1,2,1,1,4,4,1,1,256,256,32,100,110,843055104,1546439884800,1834,0.544568,1441.8,2.83976e+06
1,CUTLASS,grouped_gemm,cutlass3x_sm100_tensorop_gemm_grouped_e4m3_e4m3_f32_bf16_e4m3_256x256x128_4x2x1_0_tnt_align16_stream_k_2sm_epi_tma,passed,success,grouped,,,,,fe4m3:row,fe4m3:column,bf16:row,fe4m3:row,1,0,invalid,invalid,heuristic,1,false,'[4096x1920x6144][4096x1920x6144][4096x1920x6144][4096x1920x6144][4096x1920x6144][4096x1920x6144][4096x1920x6144][4096x1920x6144][4096x1920x6144][4096x1920x6144][4096x1920x6144][4096x1920x6144][4096x1920x6144][4096x1920x6144][4096x1920x6144][4096x1920x6144]',,tensorop,f32,256,256,128,4,2,1,2,1,1,4,4,1,1,256,256,32,100,110,843055104,1546439884800,1834,0.54341,1444.87,2.84581e+06
1,CUTLASS,grouped_gemm,cutlass3x_sm100_tensorop_gemm_grouped_e4m3_e4m3_f32_bf16_e4m3_256x256x128_4x4x1_0_tnt_align16_2sm_epi_tma,passed,success,grouped,,,,,fe4m3:row,fe4m3:column,bf16:row,fe4m3:row,1,0,invalid,invalid,heuristic,1,false,'[4096x1920x6144][4096x1920x6144][4096x1920x6144][4096x1920x6144][4096x1920x6144][4096x1920x6144][4096x1920x6144][4096x1920x6144][4096x1920x6144][4096x1920x6144][4096x1920x6144][4096x1920x6144][4096x1920x6144][4096x1920x6144][4096x1920x6144][4096x1920x6144]',,tensorop,f32,256,256,128,4,4,1,2,1,1,4,4,1,1,256,256,32,100,110,843055104,1546439884800,1834,0.583715,1345.1,2.64931e+06
1,CUTLASS,grouped_gemm,cutlass3x_sm100_tensorop_gemm_grouped_e4m3_e4m3_f32_bf16_e4m3_256x256x128_4x4x1_0_tnt_align16_stream_k_2sm_epi_tma,passed,success,grouped,,,,,fe4m3:row,fe4m3:column,bf16:row,fe4m3:row,1,0,invalid,invalid,heuristic,1,false,'[4096x1920x6144][4096x1920x6144][4096x1920x6144][4096x1920x6144][4096x1920x6144][4096x1920x6144][4096x1920x6144][4096x1920x6144][4096x1920x6144][4096x1920x6144][4096x1920x6144][4096x1920x6144][4096x1920x6144][4096x1920x6144][4096x1920x6144][4096x1920x6144]',,tensorop,f32,256,256,128,4,4,1,2,1,1,4,4,1,1,256,256,32,100,110,843055104,1546439884800,1834,0.583428,1345.76,2.65061e+06
1,CUTLASS,grouped_gemm,cutlass3x_sm100_tensorop_gemm_grouped_e4m3_e4m3_f32_bf16_e4m3_256x256x128_0x0x1_0_ttt_align16_2sm_epi_tma,passed,success,grouped,,,,,fe4m3:row,fe4m3:row,bf16:row,fe4m3:row,1,0,invalid,invalid,heuristic,1,false,'[4096x1920x6144][4096x1920x6144][4096x1920x6144][4096x1920x6144][4096x1920x6144][4096x1920x6144][4096x1920x6144][4096x1920x6144][4096x1920x6144][4096x1920x6144][4096x1920x6144][4096x1920x6144][4096x1920x6144][4096x1920x6144][4096x1920x6144][4096x1920x6144]',,tensorop,f32,256,256,128,2,1,1,2,1,1,4,4,1,1,256,256,32,100,110,843055104,1546439884800,1834,0.446305,1759.24,3.46499e+06
1,CUTLASS,grouped_gemm,cutlass3x_sm100_tensorop_gemm_grouped_e4m3_e4m3_f32_bf16_e4m3_256x256x128_0x0x1_0_ttt_align16_stream_k_2sm_epi_tma,passed,success,grouped,,,,,fe4m3:row,fe4m3:row,bf16:row,fe4m3:row,1,0,invalid,invalid,heuristic,1,false,'[4096x1920x6144][4096x1920x6144][4096x1920x6144][4096x1920x6144][4096x1920x6144][4096x1920x6144][4096x1920x6144][4096x1920x6144][4096x1920x6144][4096x1920x6144][4096x1920x6144][4096x1920x6144][4096x1920x6144][4096x1920x6144][4096x1920x6144][4096x1920x6144]',,tensorop,f32,256,256,128,2,1,1,2,1,1,4,4,1,1,256,256,32,100,110,843055104,1546439884800,1834,0.463713,1693.2,3.33491e+06
1,CUTLASS,grouped_gemm,cutlass3x_sm100_tensorop_gemm_grouped_e4m3_e4m3_f32_bf16_e4m3_256x256x128_2x1x1_0_ttt_align16_2sm_epi_tma,passed,success,grouped,,,,,fe4m3:row,fe4m3:row,bf16:row,fe4m3:row,1,0,invalid,invalid,heuristic,1,false,'[4096x1920x6144][4096x1920x6144][4096x1920x6144][4096x1920x6144][4096x1920x6144][4096x1920x6144][4096x1920x6144][4096x1920x6144][4096x1920x6144][4096x1920x6144][4096x1920x6144][4096x1920x6144][4096x1920x6144][4096x1920x6144][4096x1920x6144][4096x1920x6144]',,tensorop,f32,256,256,128,2,1,1,2,1,1,4,4,1,1,256,256,32,100,110,843055104,1546439884800,1834,0.45893,1710.84,3.36966e+06
1,CUTLASS,grouped_gemm,cutlass3x_sm100_tensorop_gemm_grouped_e4m3_e4m3_f32_bf16_e4m3_256x256x128_2x1x1_0_ttt_align16_stream_k_2sm_epi_tma,passed,success,grouped,,,,,fe4m3:row,fe4m3:row,bf16:row,fe4m3:row,1,0,invalid,invalid,heuristic,1,false,'[4096x1920x6144][4096x1920x6144][4096x1920x6144][4096x1920x6144][4096x1920x6144][4096x1920x6144][4096x1920x6144][4096x1920x6144][4096x1920x6144][4096x1920x6144][4096x1920x6144][4096x1920x6144][4096x1920x6144][4096x1920x6144][4096x1920x6144][4096x1920x6144]',,tensorop,f32,256,256,128,2,1,1,2,1,1,4,4,1,1,256,256,32,100,110,843055104,1546439884800,1834,0.448106,1752.17,3.45106e+06
1,CUTLASS,grouped_gemm,cutlass3x_sm100_tensorop_gemm_grouped_e4m3_e4m3_f32_bf16_e4m3_256x256x128_2x2x1_0_ttt_align16_2sm_epi_tma,passed,success,grouped,,,,,fe4m3:row,fe4m3:row,bf16:row,fe4m3:row,1,0,invalid,invalid,heuristic,1,false,'[4096x1920x6144][4096x1920x6144][4096x1920x6144][4096x1920x6144][4096x1920x6144][4096x1920x6144][4096x1920x6144][4096x1920x6144][4096x1920x6144][4096x1920x6144][4096x1920x6144][4096x1920x6144][4096x1920x6144][4096x1920x6144][4096x1920x6144][4096x1920x6144]',,tensorop,f32,256,256,128,2,2,1,2,1,1,4,4,1,1,256,256,32,100,110,843055104,1546439884800,1834,0.475038,1652.83,3.2554e+06
1,CUTLASS,grouped_gemm,cutlass3x_sm100_tensorop_gemm_grouped_e4m3_e4m3_f32_bf16_e4m3_256x256x128_2x2x1_0_ttt_align16_stream_k_2sm_epi_tma,passed,success,grouped,,,,,fe4m3:row,fe4m3:row,bf16:row,fe4m3:row,1,0,invalid,invalid,heuristic,1,false,'[4096x1920x6144][4096x1920x6144][4096x1920x6144][4096x1920x6144][4096x1920x6144][4096x1920x6144][4096x1920x6144][4096x1920x6144][4096x1920x6144][4096x1920x6144][4096x1920x6144][4096x1920x6144][4096x1920x6144][4096x1920x6144][4096x1920x6144][4096x1920x6144]',,tensorop,f32,256,256,128,2,2,1,2,1,1,4,4,1,1,256,256,32,100,110,843055104,1546439884800,1834,0.487254,1611.39,3.17379e+06
1,CUTLASS,grouped_gemm,cutlass3x_sm100_tensorop_gemm_grouped_e4m3_e4m3_f32_bf16_e4m3_256x256x128_4x1x1_0_ttt_align16_2sm_epi_tma,passed,success,grouped,,,,,fe4m3:row,fe4m3:row,bf16:row,fe4m3:row,1,0,invalid,invalid,heuristic,1,false,'[4096x1920x6144][4096x1920x6144][4096x1920x6144][4096x1920x6144][4096x1920x6144][4096x1920x6144][4096x1920x6144][4096x1920x6144][4096x1920x6144][4096x1920x6144][4096x1920x6144][4096x1920x6144][4096x1920x6144][4096x1920x6144][4096x1920x6144][4096x1920x6144]',,tensorop,f32,256,256,128,4,1,1,2,1,1,4,4,1,1,256,256,32,100,110,843055104,1546439884800,1834,0.473614,1657.8,3.26519e+06
1,CUTLASS,grouped_gemm,cutlass3x_sm100_tensorop_gemm_grouped_e4m3_e4m3_f32_bf16_e4m3_256x256x128_4x1x1_0_ttt_align16_stream_k_2sm_epi_tma,passed,success,grouped,,,,,fe4m3:row,fe4m3:row,bf16:row,fe4m3:row,1,0,invalid,invalid,heuristic,1,false,'[4096x1920x6144][4096x1920x6144][4096x1920x6144][4096x1920x6144][4096x1920x6144][4096x1920x6144][4096x1920x6144][4096x1920x6144][4096x1920x6144][4096x1920x6144][4096x1920x6144][4096x1920x6144][4096x1920x6144][4096x1920x6144][4096x1920x6144][4096x1920x6144]',,tensorop,f32,256,256,128,4,1,1,2,1,1,4,4,1,1,256,256,32,100,110,843055104,1546439884800,1834,0.461009,1703.12,3.35447e+06
1,CUTLASS,grouped_gemm,cutlass3x_sm100_tensorop_gemm_grouped_e4m3_e4m3_f32_bf16_e4m3_256x256x128_2x4x1_0_ttt_align16_2sm_epi_tma,passed,success,grouped,,,,,fe4m3:row,fe4m3:row,bf16:row,fe4m3:row,1,0,invalid,invalid,heuristic,1,false,'[4096x1920x6144][4096x1920x6144][4096x1920x6144][4096x1920x6144][4096x1920x6144][4096x1920x6144][4096x1920x6144][4096x1920x6144][4096x1920x6144][4096x1920x6144][4096x1920x6144][4096x1920x6144][4096x1920x6144][4096x1920x6144][4096x1920x6144][4096x1920x6144]',,tensorop,f32,256,256,128,2,4,1,2,1,1,4,4,1,1,256,256,32,100,110,843055104,1546439884800,1834,0.541035,1451.21,2.8583e+06
1,CUTLASS,grouped_gemm,cutlass3x_sm100_tensorop_gemm_grouped_e4m3_e4m3_f32_bf16_e4m3_256x256x128_2x4x1_0_ttt_align16_stream_k_2sm_epi_tma,passed,success,grouped,,,,,fe4m3:row,fe4m3:row,bf16:row,fe4m3:row,1,0,invalid,invalid,heuristic,1,false,'[4096x1920x6144][4096x1920x6144][4096x1920x6144][4096x1920x6144][4096x1920x6144][4096x1920x6144][4096x1920x6144][4096x1920x6144][4096x1920x6144][4096x1920x6144][4096x1920x6144][4096x1920x6144][4096x1920x6144][4096x1920x6144][4096x1920x6144][4096x1920x6144]',,tensorop,f32,256,256,128,2,4,1,2,1,1,4,4,1,1,256,256,32,100,110,843055104,1546439884800,1834,0.540175,1453.52,2.86285e+06
1,CUTLASS,grouped_gemm,cutlass3x_sm100_tensorop_gemm_grouped_e4m3_e4m3_f32_bf16_e4m3_256x256x128_4x2x1_0_ttt_align16_2sm_epi_tma,passed,success,grouped,,,,,fe4m3:row,fe4m3:row,bf16:row,fe4m3:row,1,0,invalid,invalid,heuristic,1,false,'[4096x1920x6144][4096x1920x6144][4096x1920x6144][4096x1920x6144][4096x1920x6144][4096x1920x6144][4096x1920x6144][4096x1920x6144][4096x1920x6144][4096x1920x6144][4096x1920x6144][4096x1920x6144][4096x1920x6144][4096x1920x6144][4096x1920x6144][4096x1920x6144]',,tensorop,f32,256,256,128,4,2,1,2,1,1,4,4,1,1,256,256,32,100,110,843055104,1546439884800,1834,0.539631,1454.99,2.86573e+06
1,CUTLASS,grouped_gemm,cutlass3x_sm100_tensorop_gemm_grouped_e4m3_e4m3_f32_bf16_e4m3_256x256x128_4x2x1_0_ttt_align16_stream_k_2sm_epi_tma,passed,success,grouped,,,,,fe4m3:row,fe4m3:row,bf16:row,fe4m3:row,1,0,invalid,invalid,heuristic,1,false,'[4096x1920x6144][4096x1920x6144][4096x1920x6144][4096x1920x6144][4096x1920x6144][4096x1920x6144][4096x1920x6144][4096x1920x6144][4096x1920x6144][4096x1920x6144][4096x1920x6144][4096x1920x6144][4096x1920x6144][4096x1920x6144][4096x1920x6144][4096x1920x6144]',,tensorop,f32,256,256,128,4,2,1,2,1,1,4,4,1,1,256,256,32,100,110,843055104,1546439884800,1834,0.543083,1445.74,2.84752e+06
1,CUTLASS,grouped_gemm,cutlass3x_sm100_tensorop_gemm_grouped_e4m3_e4m3_f32_bf16_e4m3_256x256x128_4x4x1_0_ttt_align16_2sm_epi_tma,passed,success,grouped,,,,,fe4m3:row,fe4m3:row,bf16:row,fe4m3:row,1,0,invalid,invalid,heuristic,1,false,'[4096x1920x6144][4096x1920x6144][4096x1920x6144][4096x1920x6144][4096x1920x6144][4096x1920x6144][4096x1920x6144][4096x1920x6144][4096x1920x6144][4096x1920x6144][4096x1920x6144][4096x1920x6144][4096x1920x6144][4096x1920x6144][4096x1920x6144][4096x1920x6144]',,tensorop,f32,256,256,128,4,4,1,2,1,1,4,4,1,1,256,256,32,100,110,843055104,1546439884800,1834,0.579752,1354.3,2.66741e+06
1,CUTLASS,grouped_gemm,cutlass3x_sm100_tensorop_gemm_grouped_e4m3_e4m3_f32_bf16_e4m3_256x256x128_4x4x1_0_ttt_align16_stream_k_2sm_epi_tma,passed,success,grouped,,,,,fe4m3:row,fe4m3:row,bf16:row,fe4m3:row,1,0,invalid,invalid,heuristic,1,false,'[4096x1920x6144][4096x1920x6144][4096x1920x6144][4096x1920x6144][4096x1920x6144][4096x1920x6144][4096x1920x6144][4096x1920x6144][4096x1920x6144][4096x1920x6144][4096x1920x6144][4096x1920x6144][4096x1920x6144][4096x1920x6144][4096x1920x6144][4096x1920x6144]',,tensorop,f32,256,256,128,4,4,1,2,1,1,4,4,1,1,256,256,32,100,110,843055104,1546439884800,1834,0.580305,1353.01,2.66487e+06
