Problem,Provider,OperationKind,Operation,Disposition,Status,gemm_kind,m,n,k,num_groups,A,B,C,D,alpha,beta,runtime_input_datatype_a,runtime_input_datatype_b,raster_order,swizzle_size,use_pdl,problem-sizes,problem-sizes-file,op_class,accum,cta_m,cta_n,cta_k,cluster_m,cluster_n,cluster_k,cluster_m_fallback,cluster_n_fallback,cluster_k_fallback,stages,warps_m,warps_n,warps_k,inst_m,inst_n,inst_k,min_cc,max_cc,Bytes,Flops,Flops/Byte,Runtime,GB/s,GFLOPs
1,CUTLASS,grouped_gemm,cutlass3x_sm100_tensorop_gemm_grouped_e4m3_e4m3_f32_bf16_e4m3_64x128x128_0x0x1_0_tnt_align16_1sm,passed,success,grouped,,,,,fe4m3:row,fe4m3:column,bf16:row,fe4m3:row,1,0,invalid,invalid,heuristic,1,false,'[8x4096x6144][8x4096x6144][8x4096x6144][8x4096x6144][8x4096x6144][8x4096x6144][8x4096x6144][8x4096x6144][8x4096x6144][8x4096x6144][8x4096x6144][8x4096x6144][8x4096x6144][8x4096x6144][8x4096x6144][8x4096x6144]',,tensorop,f32,64,128,128,1,1,1,1,1,1,8,4,1,1,64,128,32,100,110,404488192,6443499520,15,0.0692266,5441.68,93078.4
1,CUTLASS,grouped_gemm,cutlass3x_sm100_tensorop_gemm_grouped_e4m3_e4m3_f32_bf16_e4m3_64x128x128_0x0x1_0_tnt_align16_stream_k_1sm,passed,success,grouped,,,,,fe4m3:row,fe4m3:column,bf16:row,fe4m3:row,1,0,invalid,invalid,heuristic,1,false,'[8x4096x6144][8x4096x6144][8x4096x6144][8x4096x6144][8x4096x6144][8x4096x6144][8x4096x6144][8x4096x6144][8x4096x6144][8x4096x6144][8x4096x6144][8x4096x6144][8x4096x6144][8x4096x6144][8x4096x6144][8x4096x6144]',,tensorop,f32,64,128,128,1,1,1,1,1,1,8,4,1,1,64,128,32,100,110,404488192,6443499520,15,0.0697283,5402.52,92408.6
1,CUTLASS,grouped_gemm,cutlass3x_sm100_tensorop_gemm_grouped_e4m3_e4m3_f32_bf16_e4m3_64x128x128_0x0x1_0_ttt_align16_1sm,passed,success,grouped,,,,,fe4m3:row,fe4m3:row,bf16:row,fe4m3:row,1,0,invalid,invalid,heuristic,1,false,'[8x4096x6144][8x4096x6144][8x4096x6144][8x4096x6144][8x4096x6144][8x4096x6144][8x4096x6144][8x4096x6144][8x4096x6144][8x4096x6144][8x4096x6144][8x4096x6144][8x4096x6144][8x4096x6144][8x4096x6144][8x4096x6144]',,tensorop,f32,64,128,128,1,1,1,1,1,1,8,4,1,1,64,128,32,100,110,404488192,6443499520,15,0.0695034,5420.01,92707.7
1,CUTLASS,grouped_gemm,cutlass3x_sm100_tensorop_gemm_grouped_e4m3_e4m3_f32_bf16_e4m3_64x128x128_0x0x1_0_ttt_align16_stream_k_1sm,passed,success,grouped,,,,,fe4m3:row,fe4m3:row,bf16:row,fe4m3:row,1,0,invalid,invalid,heuristic,1,false,'[8x4096x6144][8x4096x6144][8x4096x6144][8x4096x6144][8x4096x6144][8x4096x6144][8x4096x6144][8x4096x6144][8x4096x6144][8x4096x6144][8x4096x6144][8x4096x6144][8x4096x6144][8x4096x6144][8x4096x6144][8x4096x6144]',,tensorop,f32,64,128,128,1,1,1,1,1,1,8,4,1,1,64,128,32,100,110,404488192,6443499520,15,0.0695642,5415.27,92626.7
1,CUTLASS,grouped_gemm,cutlass3x_sm100_tensorop_gemm_grouped_e4m3_e4m3_f32_bf16_e4m3_64x128x128_1x1x1_0_tnt_align16_1sm,passed,success,grouped,,,,,fe4m3:row,fe4m3:column,bf16:row,fe4m3:row,1,0,invalid,invalid,heuristic,1,false,'[8x4096x6144][8x4096x6144][8x4096x6144][8x4096x6144][8x4096x6144][8x4096x6144][8x4096x6144][8x4096x6144][8x4096x6144][8x4096x6144][8x4096x6144][8x4096x6144][8x4096x6144][8x4096x6144][8x4096x6144][8x4096x6144]',,tensorop,f32,64,128,128,1,1,1,1,1,1,8,4,1,1,64,128,32,100,110,404488192,6443499520,15,0.0712026,5290.67,90495.3
1,CUTLASS,grouped_gemm,cutlass3x_sm100_tensorop_gemm_grouped_e4m3_e4m3_f32_bf16_e4m3_64x128x128_1x1x1_0_tnt_align16_stream_k_1sm,passed,success,grouped,,,,,fe4m3:row,fe4m3:column,bf16:row,fe4m3:row,1,0,invalid,invalid,heuristic,1,false,'[8x4096x6144][8x4096x6144][8x4096x6144][8x4096x6144][8x4096x6144][8x4096x6144][8x4096x6144][8x4096x6144][8x4096x6144][8x4096x6144][8x4096x6144][8x4096x6144][8x4096x6144][8x4096x6144][8x4096x6144][8x4096x6144]',,tensorop,f32,64,128,128,1,1,1,1,1,1,8,4,1,1,64,128,32,100,110,404488192,6443499520,15,0.0697898,5397.77,92327.3
1,CUTLASS,grouped_gemm,cutlass3x_sm100_tensorop_gemm_grouped_e4m3_e4m3_f32_bf16_e4m3_64x128x128_1x1x1_0_ttt_align16_1sm,passed,success,grouped,,,,,fe4m3:row,fe4m3:row,bf16:row,fe4m3:row,1,0,invalid,invalid,heuristic,1,false,'[8x4096x6144][8x4096x6144][8x4096x6144][8x4096x6144][8x4096x6144][8x4096x6144][8x4096x6144][8x4096x6144][8x4096x6144][8x4096x6144][8x4096x6144][8x4096x6144][8x4096x6144][8x4096x6144][8x4096x6144][8x4096x6144]',,tensorop,f32,64,128,128,1,1,1,1,1,1,8,4,1,1,64,128,32,100,110,404488192,6443499520,15,0.0694336,5425.46,92800.9
1,CUTLASS,grouped_gemm,cutlass3x_sm100_tensorop_gemm_grouped_e4m3_e4m3_f32_bf16_e4m3_64x128x128_1x1x1_0_ttt_align16_stream_k_1sm,passed,success,grouped,,,,,fe4m3:row,fe4m3:row,bf16:row,fe4m3:row,1,0,invalid,invalid,heuristic,1,false,'[8x4096x6144][8x4096x6144][8x4096x6144][8x4096x6144][8x4096x6144][8x4096x6144][8x4096x6144][8x4096x6144][8x4096x6144][8x4096x6144][8x4096x6144][8x4096x6144][8x4096x6144][8x4096x6144][8x4096x6144][8x4096x6144]',,tensorop,f32,64,128,128,1,1,1,1,1,1,8,4,1,1,64,128,32,100,110,404488192,6443499520,15,0.0692982,5436.05,92982.2
1,CUTLASS,grouped_gemm,cutlass3x_sm100_tensorop_gemm_grouped_e4m3_e4m3_f32_bf16_e4m3_64x128x128_1x2x1_0_tnt_align16_1sm,passed,success,grouped,,,,,fe4m3:row,fe4m3:column,bf16:row,fe4m3:row,1,0,invalid,invalid,heuristic,1,false,'[8x4096x6144][8x4096x6144][8x4096x6144][8x4096x6144][8x4096x6144][8x4096x6144][8x4096x6144][8x4096x6144][8x4096x6144][8x4096x6144][8x4096x6144][8x4096x6144][8x4096x6144][8x4096x6144][8x4096x6144][8x4096x6144]',,tensorop,f32,64,128,128,1,2,1,1,1,1,8,4,1,1,64,128,32,100,110,404488192,6443499520,15,0.0691443,5448.16,93189.1
1,CUTLASS,grouped_gemm,cutlass3x_sm100_tensorop_gemm_grouped_e4m3_e4m3_f32_bf16_e4m3_64x128x128_1x2x1_0_tnt_align16_stream_k_1sm,passed,success,grouped,,,,,fe4m3:row,fe4m3:column,bf16:row,fe4m3:row,1,0,invalid,invalid,heuristic,1,false,'[8x4096x6144][8x4096x6144][8x4096x6144][8x4096x6144][8x4096x6144][8x4096x6144][8x4096x6144][8x4096x6144][8x4096x6144][8x4096x6144][8x4096x6144][8x4096x6144][8x4096x6144][8x4096x6144][8x4096x6144][8x4096x6144]',,tensorop,f32,64,128,128,1,2,1,1,1,1,8,4,1,1,64,128,32,100,110,404488192,6443499520,15,0.0691446,5448.13,93188.7
1,CUTLASS,grouped_gemm,cutlass3x_sm100_tensorop_gemm_grouped_e4m3_e4m3_f32_bf16_e4m3_64x128x128_1x2x1_0_ttt_align16_1sm,passed,success,grouped,,,,,fe4m3:row,fe4m3:row,bf16:row,fe4m3:row,1,0,invalid,invalid,heuristic,1,false,'[8x4096x6144][8x4096x6144][8x4096x6144][8x4096x6144][8x4096x6144][8x4096x6144][8x4096x6144][8x4096x6144][8x4096x6144][8x4096x6144][8x4096x6144][8x4096x6144][8x4096x6144][8x4096x6144][8x4096x6144][8x4096x6144]',,tensorop,f32,64,128,128,1,2,1,1,1,1,8,4,1,1,64,128,32,100,110,404488192,6443499520,15,0.0675878,5573.62,95335.2
1,CUTLASS,grouped_gemm,cutlass3x_sm100_tensorop_gemm_grouped_e4m3_e4m3_f32_bf16_e4m3_64x128x128_1x2x1_0_ttt_align16_stream_k_1sm,passed,success,grouped,,,,,fe4m3:row,fe4m3:row,bf16:row,fe4m3:row,1,0,invalid,invalid,heuristic,1,false,'[8x4096x6144][8x4096x6144][8x4096x6144][8x4096x6144][8x4096x6144][8x4096x6144][8x4096x6144][8x4096x6144][8x4096x6144][8x4096x6144][8x4096x6144][8x4096x6144][8x4096x6144][8x4096x6144][8x4096x6144][8x4096x6144]',,tensorop,f32,64,128,128,1,2,1,1,1,1,8,4,1,1,64,128,32,100,110,404488192,6443499520,15,0.0676083,5571.93,95306.3
1,CUTLASS,grouped_gemm,cutlass3x_sm100_tensorop_gemm_grouped_e4m3_e4m3_f32_bf16_e4m3_64x128x128_2x1x1_0_tnt_align16_1sm,passed,success,grouped,,,,,fe4m3:row,fe4m3:column,bf16:row,fe4m3:row,1,0,invalid,invalid,heuristic,1,false,'[8x4096x6144][8x4096x6144][8x4096x6144][8x4096x6144][8x4096x6144][8x4096x6144][8x4096x6144][8x4096x6144][8x4096x6144][8x4096x6144][8x4096x6144][8x4096x6144][8x4096x6144][8x4096x6144][8x4096x6144][8x4096x6144]',,tensorop,f32,64,128,128,2,1,1,1,1,1,8,4,1,1,64,128,32,100,110,404488192,6443499520,15,0.0865936,4350.31,74410.8
1,CUTLASS,grouped_gemm,cutlass3x_sm100_tensorop_gemm_grouped_e4m3_e4m3_f32_bf16_e4m3_64x128x128_2x1x1_0_tnt_align16_stream_k_1sm,passed,success,grouped,,,,,fe4m3:row,fe4m3:column,bf16:row,fe4m3:row,1,0,invalid,invalid,heuristic,1,false,'[8x4096x6144][8x4096x6144][8x4096x6144][8x4096x6144][8x4096x6144][8x4096x6144][8x4096x6144][8x4096x6144][8x4096x6144][8x4096x6144][8x4096x6144][8x4096x6144][8x4096x6144][8x4096x6144][8x4096x6144][8x4096x6144]',,tensorop,f32,64,128,128,2,1,1,1,1,1,8,4,1,1,64,128,32,100,110,404488192,6443499520,15,0.0859885,4380.92,74934.4
1,CUTLASS,grouped_gemm,cutlass3x_sm100_tensorop_gemm_grouped_e4m3_e4m3_f32_bf16_e4m3_64x128x128_2x1x1_0_ttt_align16_1sm,passed,success,grouped,,,,,fe4m3:row,fe4m3:row,bf16:row,fe4m3:row,1,0,invalid,invalid,heuristic,1,false,'[8x4096x6144][8x4096x6144][8x4096x6144][8x4096x6144][8x4096x6144][8x4096x6144][8x4096x6144][8x4096x6144][8x4096x6144][8x4096x6144][8x4096x6144][8x4096x6144][8x4096x6144][8x4096x6144][8x4096x6144][8x4096x6144]',,tensorop,f32,64,128,128,2,1,1,1,1,1,8,4,1,1,64,128,32,100,110,404488192,6443499520,15,0.0851907,4421.95,75636.2
1,CUTLASS,grouped_gemm,cutlass3x_sm100_tensorop_gemm_grouped_e4m3_e4m3_f32_bf16_e4m3_64x128x128_2x1x1_0_ttt_align16_stream_k_1sm,passed,success,grouped,,,,,fe4m3:row,fe4m3:row,bf16:row,fe4m3:row,1,0,invalid,invalid,heuristic,1,false,'[8x4096x6144][8x4096x6144][8x4096x6144][8x4096x6144][8x4096x6144][8x4096x6144][8x4096x6144][8x4096x6144][8x4096x6144][8x4096x6144][8x4096x6144][8x4096x6144][8x4096x6144][8x4096x6144][8x4096x6144][8x4096x6144]',,tensorop,f32,64,128,128,2,1,1,1,1,1,8,4,1,1,64,128,32,100,110,404488192,6443499520,15,0.0851907,4421.95,75636.2
1,CUTLASS,grouped_gemm,cutlass3x_sm100_tensorop_gemm_grouped_e4m3_e4m3_f32_bf16_e4m3_64x128x128_1x4x1_0_tnt_align16_1sm,passed,success,grouped,,,,,fe4m3:row,fe4m3:column,bf16:row,fe4m3:row,1,0,invalid,invalid,heuristic,1,false,'[8x4096x6144][8x4096x6144][8x4096x6144][8x4096x6144][8x4096x6144][8x4096x6144][8x4096x6144][8x4096x6144][8x4096x6144][8x4096x6144][8x4096x6144][8x4096x6144][8x4096x6144][8x4096x6144][8x4096x6144][8x4096x6144]',,tensorop,f32,64,128,128,1,4,1,1,1,1,8,4,1,1,64,128,32,100,110,404488192,6443499520,15,0.0682666,5518.21,94387.3
1,CUTLASS,grouped_gemm,cutlass3x_sm100_tensorop_gemm_grouped_e4m3_e4m3_f32_bf16_e4m3_64x128x128_1x4x1_0_tnt_align16_stream_k_1sm,passed,success,grouped,,,,,fe4m3:row,fe4m3:column,bf16:row,fe4m3:row,1,0,invalid,invalid,heuristic,1,false,'[8x4096x6144][8x4096x6144][8x4096x6144][8x4096x6144][8x4096x6144][8x4096x6144][8x4096x6144][8x4096x6144][8x4096x6144][8x4096x6144][8x4096x6144][8x4096x6144][8x4096x6144][8x4096x6144][8x4096x6144][8x4096x6144]',,tensorop,f32,64,128,128,1,4,1,1,1,1,8,4,1,1,64,128,32,100,110,404488192,6443499520,15,0.0685402,5496.18,94010.6
1,CUTLASS,grouped_gemm,cutlass3x_sm100_tensorop_gemm_grouped_e4m3_e4m3_f32_bf16_e4m3_64x128x128_1x4x1_0_ttt_align16_1sm,passed,success,grouped,,,,,fe4m3:row,fe4m3:row,bf16:row,fe4m3:row,1,0,invalid,invalid,heuristic,1,false,'[8x4096x6144][8x4096x6144][8x4096x6144][8x4096x6144][8x4096x6144][8x4096x6144][8x4096x6144][8x4096x6144][8x4096x6144][8x4096x6144][8x4096x6144][8x4096x6144][8x4096x6144][8x4096x6144][8x4096x6144][8x4096x6144]',,tensorop,f32,64,128,128,1,4,1,1,1,1,8,4,1,1,64,128,32,100,110,404488192,6443499520,15,0.0657446,5729.88,98008
1,CUTLASS,grouped_gemm,cutlass3x_sm100_tensorop_gemm_grouped_e4m3_e4m3_f32_bf16_e4m3_64x128x128_1x4x1_0_ttt_align16_stream_k_1sm,passed,success,grouped,,,,,fe4m3:row,fe4m3:row,bf16:row,fe4m3:row,1,0,invalid,invalid,heuristic,1,false,'[8x4096x6144][8x4096x6144][8x4096x6144][8x4096x6144][8x4096x6144][8x4096x6144][8x4096x6144][8x4096x6144][8x4096x6144][8x4096x6144][8x4096x6144][8x4096x6144][8x4096x6144][8x4096x6144][8x4096x6144][8x4096x6144]',,tensorop,f32,64,128,128,1,4,1,1,1,1,8,4,1,1,64,128,32,100,110,404488192,6443499520,15,0.0657856,5726.31,97947
1,CUTLASS,grouped_gemm,cutlass3x_sm100_tensorop_gemm_grouped_e4m3_e4m3_f32_bf16_e4m3_64x128x128_4x4x1_0_tnt_align16_1sm,passed,success,grouped,,,,,fe4m3:row,fe4m3:column,bf16:row,fe4m3:row,1,0,invalid,invalid,heuristic,1,false,'[8x4096x6144][8x4096x6144][8x4096x6144][8x4096x6144][8x4096x6144][8x4096x6144][8x4096x6144][8x4096x6144][8x4096x6144][8x4096x6144][8x4096x6144][8x4096x6144][8x4096x6144][8x4096x6144][8x4096x6144][8x4096x6144]',,tensorop,f32,64,128,128,4,4,1,1,1,1,8,4,1,1,64,128,32,100,110,404488192,6443499520,15,0.158132,2382.24,40747.6
1,CUTLASS,grouped_gemm,cutlass3x_sm100_tensorop_gemm_grouped_e4m3_e4m3_f32_bf16_e4m3_64x128x128_4x4x1_0_tnt_align16_stream_k_1sm,passed,success,grouped,,,,,fe4m3:row,fe4m3:column,bf16:row,fe4m3:row,1,0,invalid,invalid,heuristic,1,false,'[8x4096x6144][8x4096x6144][8x4096x6144][8x4096x6144][8x4096x6144][8x4096x6144][8x4096x6144][8x4096x6144][8x4096x6144][8x4096x6144][8x4096x6144][8x4096x6144][8x4096x6144][8x4096x6144][8x4096x6144][8x4096x6144]',,tensorop,f32,64,128,128,4,4,1,1,1,1,8,4,1,1,64,128,32,100,110,404488192,6443499520,15,0.158028,2383.82,40774.5
1,CUTLASS,grouped_gemm,cutlass3x_sm100_tensorop_gemm_grouped_e4m3_e4m3_f32_bf16_e4m3_64x128x128_4x4x1_0_ttt_align16_1sm,passed,success,grouped,,,,,fe4m3:row,fe4m3:row,bf16:row,fe4m3:row,1,0,invalid,invalid,heuristic,1,false,'[8x4096x6144][8x4096x6144][8x4096x6144][8x4096x6144][8x4096x6144][8x4096x6144][8x4096x6144][8x4096x6144][8x4096x6144][8x4096x6144][8x4096x6144][8x4096x6144][8x4096x6144][8x4096x6144][8x4096x6144][8x4096x6144]',,tensorop,f32,64,128,128,4,4,1,1,1,1,8,4,1,1,64,128,32,100,110,404488192,6443499520,15,0.151947,2479.22,42406.3
1,CUTLASS,grouped_gemm,cutlass3x_sm100_tensorop_gemm_grouped_e4m3_e4m3_f32_bf16_e4m3_64x128x128_4x4x1_0_ttt_align16_stream_k_1sm,passed,success,grouped,,,,,fe4m3:row,fe4m3:row,bf16:row,fe4m3:row,1,0,invalid,invalid,heuristic,1,false,'[8x4096x6144][8x4096x6144][8x4096x6144][8x4096x6144][8x4096x6144][8x4096x6144][8x4096x6144][8x4096x6144][8x4096x6144][8x4096x6144][8x4096x6144][8x4096x6144][8x4096x6144][8x4096x6144][8x4096x6144][8x4096x6144]',,tensorop,f32,64,128,128,4,4,1,1,1,1,8,4,1,1,64,128,32,100,110,404488192,6443499520,15,0.152211,2474.91,42332.6
1,CUTLASS,grouped_gemm,cutlass3x_sm100_tensorop_gemm_grouped_e4m3_e4m3_f32_bf16_e4m3_64x256x128_0x0x1_0_tnt_align16_1sm,passed,success,grouped,,,,,fe4m3:row,fe4m3:column,bf16:row,fe4m3:row,1,0,invalid,invalid,heuristic,1,false,'[8x4096x6144][8x4096x6144][8x4096x6144][8x4096x6144][8x4096x6144][8x4096x6144][8x4096x6144][8x4096x6144][8x4096x6144][8x4096x6144][8x4096x6144][8x4096x6144][8x4096x6144][8x4096x6144][8x4096x6144][8x4096x6144]',,tensorop,f32,64,256,128,1,1,1,1,1,1,4,4,1,1,64,256,32,100,110,404488192,6443499520,15,0.0710902,5299.03,90638.3
1,CUTLASS,grouped_gemm,cutlass3x_sm100_tensorop_gemm_grouped_e4m3_e4m3_f32_bf16_e4m3_64x256x128_0x0x1_0_tnt_align16_stream_k_1sm,passed,success,grouped,,,,,fe4m3:row,fe4m3:column,bf16:row,fe4m3:row,1,0,invalid,invalid,heuristic,1,false,'[8x4096x6144][8x4096x6144][8x4096x6144][8x4096x6144][8x4096x6144][8x4096x6144][8x4096x6144][8x4096x6144][8x4096x6144][8x4096x6144][8x4096x6144][8x4096x6144][8x4096x6144][8x4096x6144][8x4096x6144][8x4096x6144]',,tensorop,f32,64,256,128,1,1,1,1,1,1,4,4,1,1,64,256,32,100,110,404488192,6443499520,15,0.0709056,5312.82,90874.3
1,CUTLASS,grouped_gemm,cutlass3x_sm100_tensorop_gemm_grouped_e4m3_e4m3_f32_bf16_e4m3_64x256x128_0x0x1_0_ttt_align16_1sm,passed,success,grouped,,,,,fe4m3:row,fe4m3:row,bf16:row,fe4m3:row,1,0,invalid,invalid,heuristic,1,false,'[8x4096x6144][8x4096x6144][8x4096x6144][8x4096x6144][8x4096x6144][8x4096x6144][8x4096x6144][8x4096x6144][8x4096x6144][8x4096x6144][8x4096x6144][8x4096x6144][8x4096x6144][8x4096x6144][8x4096x6144][8x4096x6144]',,tensorop,f32,64,256,128,1,1,1,1,1,1,4,4,1,1,64,256,32,100,110,404488192,6443499520,15,0.0659082,5715.67,97764.8
1,CUTLASS,grouped_gemm,cutlass3x_sm100_tensorop_gemm_grouped_e4m3_e4m3_f32_bf16_e4m3_64x256x128_0x0x1_0_ttt_align16_stream_k_1sm,passed,success,grouped,,,,,fe4m3:row,fe4m3:row,bf16:row,fe4m3:row,1,0,invalid,invalid,heuristic,1,false,'[8x4096x6144][8x4096x6144][8x4096x6144][8x4096x6144][8x4096x6144][8x4096x6144][8x4096x6144][8x4096x6144][8x4096x6144][8x4096x6144][8x4096x6144][8x4096x6144][8x4096x6144][8x4096x6144][8x4096x6144][8x4096x6144]',,tensorop,f32,64,256,128,1,1,1,1,1,1,4,4,1,1,64,256,32,100,110,404488192,6443499520,15,0.0656634,5736.97,98129.3
1,CUTLASS,grouped_gemm,cutlass3x_sm100_tensorop_gemm_grouped_e4m3_e4m3_f32_bf16_e4m3_64x256x128_1x1x1_0_tnt_align16_1sm,passed,success,grouped,,,,,fe4m3:row,fe4m3:column,bf16:row,fe4m3:row,1,0,invalid,invalid,heuristic,1,false,'[8x4096x6144][8x4096x6144][8x4096x6144][8x4096x6144][8x4096x6144][8x4096x6144][8x4096x6144][8x4096x6144][8x4096x6144][8x4096x6144][8x4096x6144][8x4096x6144][8x4096x6144][8x4096x6144][8x4096x6144][8x4096x6144]',,tensorop,f32,64,256,128,1,1,1,1,1,1,4,4,1,1,64,256,32,100,110,404488192,6443499520,15,0.0703322,5356.14,91615.3
1,CUTLASS,grouped_gemm,cutlass3x_sm100_tensorop_gemm_grouped_e4m3_e4m3_f32_bf16_e4m3_64x256x128_1x1x1_0_tnt_align16_stream_k_1sm,passed,success,grouped,,,,,fe4m3:row,fe4m3:column,bf16:row,fe4m3:row,1,0,invalid,invalid,heuristic,1,false,'[8x4096x6144][8x4096x6144][8x4096x6144][8x4096x6144][8x4096x6144][8x4096x6144][8x4096x6144][8x4096x6144][8x4096x6144][8x4096x6144][8x4096x6144][8x4096x6144][8x4096x6144][8x4096x6144][8x4096x6144][8x4096x6144]',,tensorop,f32,64,256,128,1,1,1,1,1,1,4,4,1,1,64,256,32,100,110,404488192,6443499520,15,0.070415,5349.84,91507.4
1,CUTLASS,grouped_gemm,cutlass3x_sm100_tensorop_gemm_grouped_e4m3_e4m3_f32_bf16_e4m3_64x256x128_1x1x1_0_ttt_align16_1sm,passed,success,grouped,,,,,fe4m3:row,fe4m3:row,bf16:row,fe4m3:row,1,0,invalid,invalid,heuristic,1,false,'[8x4096x6144][8x4096x6144][8x4096x6144][8x4096x6144][8x4096x6144][8x4096x6144][8x4096x6144][8x4096x6144][8x4096x6144][8x4096x6144][8x4096x6144][8x4096x6144][8x4096x6144][8x4096x6144][8x4096x6144][8x4096x6144]',,tensorop,f32,64,256,128,1,1,1,1,1,1,4,4,1,1,64,256,32,100,110,404488192,6443499520,15,0.0659494,5712.09,97703.6
1,CUTLASS,grouped_gemm,cutlass3x_sm100_tensorop_gemm_grouped_e4m3_e4m3_f32_bf16_e4m3_64x256x128_1x1x1_0_ttt_align16_stream_k_1sm,passed,success,grouped,,,,,fe4m3:row,fe4m3:row,bf16:row,fe4m3:row,1,0,invalid,invalid,heuristic,1,false,'[8x4096x6144][8x4096x6144][8x4096x6144][8x4096x6144][8x4096x6144][8x4096x6144][8x4096x6144][8x4096x6144][8x4096x6144][8x4096x6144][8x4096x6144][8x4096x6144][8x4096x6144][8x4096x6144][8x4096x6144][8x4096x6144]',,tensorop,f32,64,256,128,1,1,1,1,1,1,4,4,1,1,64,256,32,100,110,404488192,6443499520,15,0.065929,5713.86,97734
1,CUTLASS,grouped_gemm,cutlass3x_sm100_tensorop_gemm_grouped_e4m3_e4m3_f32_bf16_e4m3_64x256x128_1x2x1_0_tnt_align16_1sm,passed,success,grouped,,,,,fe4m3:row,fe4m3:column,bf16:row,fe4m3:row,1,0,invalid,invalid,heuristic,1,false,'[8x4096x6144][8x4096x6144][8x4096x6144][8x4096x6144][8x4096x6144][8x4096x6144][8x4096x6144][8x4096x6144][8x4096x6144][8x4096x6144][8x4096x6144][8x4096x6144][8x4096x6144][8x4096x6144][8x4096x6144][8x4096x6144]',,tensorop,f32,64,256,128,1,2,1,1,1,1,4,4,1,1,64,256,32,100,110,404488192,6443499520,15,0.0703962,5351.27,91532
1,CUTLASS,grouped_gemm,cutlass3x_sm100_tensorop_gemm_grouped_e4m3_e4m3_f32_bf16_e4m3_64x256x128_1x2x1_0_tnt_align16_stream_k_1sm,passed,success,grouped,,,,,fe4m3:row,fe4m3:column,bf16:row,fe4m3:row,1,0,invalid,invalid,heuristic,1,false,'[8x4096x6144][8x4096x6144][8x4096x6144][8x4096x6144][8x4096x6144][8x4096x6144][8x4096x6144][8x4096x6144][8x4096x6144][8x4096x6144][8x4096x6144][8x4096x6144][8x4096x6144][8x4096x6144][8x4096x6144][8x4096x6144]',,tensorop,f32,64,256,128,1,2,1,1,1,1,4,4,1,1,64,256,32,100,110,404488192,6443499520,15,0.0703936,5351.47,91535.3
1,CUTLASS,grouped_gemm,cutlass3x_sm100_tensorop_gemm_grouped_e4m3_e4m3_f32_bf16_e4m3_64x256x128_1x2x1_0_ttt_align16_1sm,passed,success,grouped,,,,,fe4m3:row,fe4m3:row,bf16:row,fe4m3:row,1,0,invalid,invalid,heuristic,1,false,'[8x4096x6144][8x4096x6144][8x4096x6144][8x4096x6144][8x4096x6144][8x4096x6144][8x4096x6144][8x4096x6144][8x4096x6144][8x4096x6144][8x4096x6144][8x4096x6144][8x4096x6144][8x4096x6144][8x4096x6144][8x4096x6144]',,tensorop,f32,64,256,128,1,2,1,1,1,1,4,4,1,1,64,256,32,100,110,404488192,6443499520,15,0.0650486,5791.19,99056.6
1,CUTLASS,grouped_gemm,cutlass3x_sm100_tensorop_gemm_grouped_e4m3_e4m3_f32_bf16_e4m3_64x256x128_1x2x1_0_ttt_align16_stream_k_1sm,passed,success,grouped,,,,,fe4m3:row,fe4m3:row,bf16:row,fe4m3:row,1,0,invalid,invalid,heuristic,1,false,'[8x4096x6144][8x4096x6144][8x4096x6144][8x4096x6144][8x4096x6144][8x4096x6144][8x4096x6144][8x4096x6144][8x4096x6144][8x4096x6144][8x4096x6144][8x4096x6144][8x4096x6144][8x4096x6144][8x4096x6144][8x4096x6144]',,tensorop,f32,64,256,128,1,2,1,1,1,1,4,4,1,1,64,256,32,100,110,404488192,6443499520,15,0.0649667,5798.49,99181.5
1,CUTLASS,grouped_gemm,cutlass3x_sm100_tensorop_gemm_grouped_e4m3_e4m3_f32_bf16_e4m3_64x256x128_2x1x1_0_tnt_align16_1sm,passed,success,grouped,,,,,fe4m3:row,fe4m3:column,bf16:row,fe4m3:row,1,0,invalid,invalid,heuristic,1,false,'[8x4096x6144][8x4096x6144][8x4096x6144][8x4096x6144][8x4096x6144][8x4096x6144][8x4096x6144][8x4096x6144][8x4096x6144][8x4096x6144][8x4096x6144][8x4096x6144][8x4096x6144][8x4096x6144][8x4096x6144][8x4096x6144]',,tensorop,f32,64,256,128,2,1,1,1,1,1,4,4,1,1,64,256,32,100,110,404488192,6443499520,15,0.0877712,4291.94,73412.5
1,CUTLASS,grouped_gemm,cutlass3x_sm100_tensorop_gemm_grouped_e4m3_e4m3_f32_bf16_e4m3_64x256x128_2x1x1_0_tnt_align16_stream_k_1sm,passed,success,grouped,,,,,fe4m3:row,fe4m3:column,bf16:row,fe4m3:row,1,0,invalid,invalid,heuristic,1,false,'[8x4096x6144][8x4096x6144][8x4096x6144][8x4096x6144][8x4096x6144][8x4096x6144][8x4096x6144][8x4096x6144][8x4096x6144][8x4096x6144][8x4096x6144][8x4096x6144][8x4096x6144][8x4096x6144][8x4096x6144][8x4096x6144]',,tensorop,f32,64,256,128,2,1,1,1,1,1,4,4,1,1,64,256,32,100,110,404488192,6443499520,15,0.0879757,4281.97,73241.8
1,CUTLASS,grouped_gemm,cutlass3x_sm100_tensorop_gemm_grouped_e4m3_e4m3_f32_bf16_e4m3_64x256x128_2x1x1_0_ttt_align16_1sm,passed,success,grouped,,,,,fe4m3:row,fe4m3:row,bf16:row,fe4m3:row,1,0,invalid,invalid,heuristic,1,false,'[8x4096x6144][8x4096x6144][8x4096x6144][8x4096x6144][8x4096x6144][8x4096x6144][8x4096x6144][8x4096x6144][8x4096x6144][8x4096x6144][8x4096x6144][8x4096x6144][8x4096x6144][8x4096x6144][8x4096x6144][8x4096x6144]',,tensorop,f32,64,256,128,2,1,1,1,1,1,4,4,1,1,64,256,32,100,110,404488192,6443499520,15,0.0814941,4622.53,79067.1
1,CUTLASS,grouped_gemm,cutlass3x_sm100_tensorop_gemm_grouped_e4m3_e4m3_f32_bf16_e4m3_64x256x128_2x1x1_0_ttt_align16_stream_k_1sm,passed,success,grouped,,,,,fe4m3:row,fe4m3:row,bf16:row,fe4m3:row,1,0,invalid,invalid,heuristic,1,false,'[8x4096x6144][8x4096x6144][8x4096x6144][8x4096x6144][8x4096x6144][8x4096x6144][8x4096x6144][8x4096x6144][8x4096x6144][8x4096x6144][8x4096x6144][8x4096x6144][8x4096x6144][8x4096x6144][8x4096x6144][8x4096x6144]',,tensorop,f32,64,256,128,2,1,1,1,1,1,4,4,1,1,64,256,32,100,110,404488192,6443499520,15,0.081392,4628.33,79166.2
1,CUTLASS,grouped_gemm,cutlass3x_sm100_tensorop_gemm_grouped_e4m3_e4m3_f32_bf16_e4m3_64x256x128_1x4x1_0_tnt_align16_1sm,passed,success,grouped,,,,,fe4m3:row,fe4m3:column,bf16:row,fe4m3:row,1,0,invalid,invalid,heuristic,1,false,'[8x4096x6144][8x4096x6144][8x4096x6144][8x4096x6144][8x4096x6144][8x4096x6144][8x4096x6144][8x4096x6144][8x4096x6144][8x4096x6144][8x4096x6144][8x4096x6144][8x4096x6144][8x4096x6144][8x4096x6144][8x4096x6144]',,tensorop,f32,64,256,128,1,4,1,1,1,1,4,4,1,1,64,256,32,100,110,404488192,6443499520,15,0.0706803,5329.76,91164
1,CUTLASS,grouped_gemm,cutlass3x_sm100_tensorop_gemm_grouped_e4m3_e4m3_f32_bf16_e4m3_64x256x128_1x4x1_0_tnt_align16_stream_k_1sm,passed,success,grouped,,,,,fe4m3:row,fe4m3:column,bf16:row,fe4m3:row,1,0,invalid,invalid,heuristic,1,false,'[8x4096x6144][8x4096x6144][8x4096x6144][8x4096x6144][8x4096x6144][8x4096x6144][8x4096x6144][8x4096x6144][8x4096x6144][8x4096x6144][8x4096x6144][8x4096x6144][8x4096x6144][8x4096x6144][8x4096x6144][8x4096x6144]',,tensorop,f32,64,256,128,1,4,1,1,1,1,4,4,1,1,64,256,32,100,110,404488192,6443499520,15,0.070745,5324.89,91080.7
1,CUTLASS,grouped_gemm,cutlass3x_sm100_tensorop_gemm_grouped_e4m3_e4m3_f32_bf16_e4m3_64x256x128_1x4x1_0_ttt_align16_1sm,passed,success,grouped,,,,,fe4m3:row,fe4m3:row,bf16:row,fe4m3:row,1,0,invalid,invalid,heuristic,1,false,'[8x4096x6144][8x4096x6144][8x4096x6144][8x4096x6144][8x4096x6144][8x4096x6144][8x4096x6144][8x4096x6144][8x4096x6144][8x4096x6144][8x4096x6144][8x4096x6144][8x4096x6144][8x4096x6144][8x4096x6144][8x4096x6144]',,tensorop,f32,64,256,128,1,4,1,1,1,1,4,4,1,1,64,256,32,100,110,404488192,6443499520,15,0.0639859,5887.37,100702
1,CUTLASS,grouped_gemm,cutlass3x_sm100_tensorop_gemm_grouped_e4m3_e4m3_f32_bf16_e4m3_64x256x128_1x4x1_0_ttt_align16_stream_k_1sm,passed,success,grouped,,,,,fe4m3:row,fe4m3:row,bf16:row,fe4m3:row,1,0,invalid,invalid,heuristic,1,false,'[8x4096x6144][8x4096x6144][8x4096x6144][8x4096x6144][8x4096x6144][8x4096x6144][8x4096x6144][8x4096x6144][8x4096x6144][8x4096x6144][8x4096x6144][8x4096x6144][8x4096x6144][8x4096x6144][8x4096x6144][8x4096x6144]',,tensorop,f32,64,256,128,1,4,1,1,1,1,4,4,1,1,64,256,32,100,110,404488192,6443499520,15,0.0639424,5891.38,100770
1,CUTLASS,grouped_gemm,cutlass3x_sm100_tensorop_gemm_grouped_e4m3_e4m3_f32_bf16_e4m3_64x256x128_4x4x1_0_tnt_align16_1sm,passed,success,grouped,,,,,fe4m3:row,fe4m3:column,bf16:row,fe4m3:row,1,0,invalid,invalid,heuristic,1,false,'[8x4096x6144][8x4096x6144][8x4096x6144][8x4096x6144][8x4096x6144][8x4096x6144][8x4096x6144][8x4096x6144][8x4096x6144][8x4096x6144][8x4096x6144][8x4096x6144][8x4096x6144][8x4096x6144][8x4096x6144][8x4096x6144]',,tensorop,f32,64,256,128,4,4,1,1,1,1,4,4,1,1,64,256,32,100,110,404488192,6443499520,15,0.174352,2160.62,36956.8
1,CUTLASS,grouped_gemm,cutlass3x_sm100_tensorop_gemm_grouped_e4m3_e4m3_f32_bf16_e4m3_64x256x128_4x4x1_0_tnt_align16_stream_k_1sm,passed,success,grouped,,,,,fe4m3:row,fe4m3:column,bf16:row,fe4m3:row,1,0,invalid,invalid,heuristic,1,false,'[8x4096x6144][8x4096x6144][8x4096x6144][8x4096x6144][8x4096x6144][8x4096x6144][8x4096x6144][8x4096x6144][8x4096x6144][8x4096x6144][8x4096x6144][8x4096x6144][8x4096x6144][8x4096x6144][8x4096x6144][8x4096x6144]',,tensorop,f32,64,256,128,4,4,1,1,1,1,4,4,1,1,64,256,32,100,110,404488192,6443499520,15,0.17434,2160.77,36959.4
1,CUTLASS,grouped_gemm,cutlass3x_sm100_tensorop_gemm_grouped_e4m3_e4m3_f32_bf16_e4m3_64x256x128_4x4x1_0_ttt_align16_1sm,passed,success,grouped,,,,,fe4m3:row,fe4m3:row,bf16:row,fe4m3:row,1,0,invalid,invalid,heuristic,1,false,'[8x4096x6144][8x4096x6144][8x4096x6144][8x4096x6144][8x4096x6144][8x4096x6144][8x4096x6144][8x4096x6144][8x4096x6144][8x4096x6144][8x4096x6144][8x4096x6144][8x4096x6144][8x4096x6144][8x4096x6144][8x4096x6144]',,tensorop,f32,64,256,128,4,4,1,1,1,1,4,4,1,1,64,256,32,100,110,404488192,6443499520,15,0.163332,2306.4,39450.4
1,CUTLASS,grouped_gemm,cutlass3x_sm100_tensorop_gemm_grouped_e4m3_e4m3_f32_bf16_e4m3_64x256x128_4x4x1_0_ttt_align16_stream_k_1sm,passed,success,grouped,,,,,fe4m3:row,fe4m3:row,bf16:row,fe4m3:row,1,0,invalid,invalid,heuristic,1,false,'[8x4096x6144][8x4096x6144][8x4096x6144][8x4096x6144][8x4096x6144][8x4096x6144][8x4096x6144][8x4096x6144][8x4096x6144][8x4096x6144][8x4096x6144][8x4096x6144][8x4096x6144][8x4096x6144][8x4096x6144][8x4096x6144]',,tensorop,f32,64,256,128,4,4,1,1,1,1,4,4,1,1,64,256,32,100,110,404488192,6443499520,15,0.163208,2308.15,39480.2
1,CUTLASS,grouped_gemm,cutlass3x_sm100_tensorop_gemm_grouped_e4m3_e4m3_f32_bf16_e4m3_128x128x128_0x0x1_0_tnt_align16_1sm,passed,success,grouped,,,,,fe4m3:row,fe4m3:column,bf16:row,fe4m3:row,1,0,invalid,invalid,heuristic,1,false,'[8x4096x6144][8x4096x6144][8x4096x6144][8x4096x6144][8x4096x6144][8x4096x6144][8x4096x6144][8x4096x6144][8x4096x6144][8x4096x6144][8x4096x6144][8x4096x6144][8x4096x6144][8x4096x6144][8x4096x6144][8x4096x6144]',,tensorop,f32,128,128,128,1,1,1,1,1,1,5,4,1,1,128,128,32,100,110,404488192,6443499520,15,0.094713,3977.38,68031.9
1,CUTLASS,grouped_gemm,cutlass3x_sm100_tensorop_gemm_grouped_e4m3_e4m3_f32_bf16_e4m3_128x128x128_0x0x1_0_tnt_align16_stream_k_1sm,passed,success,grouped,,,,,fe4m3:row,fe4m3:column,bf16:row,fe4m3:row,1,0,invalid,invalid,heuristic,1,false,'[8x4096x6144][8x4096x6144][8x4096x6144][8x4096x6144][8x4096x6144][8x4096x6144][8x4096x6144][8x4096x6144][8x4096x6144][8x4096x6144][8x4096x6144][8x4096x6144][8x4096x6144][8x4096x6144][8x4096x6144][8x4096x6144]',,tensorop,f32,128,128,128,1,1,1,1,1,1,5,4,1,1,128,128,32,100,110,404488192,6443499520,15,0.0948774,3970.48,67913.9
1,CUTLASS,grouped_gemm,cutlass3x_sm100_tensorop_gemm_grouped_e4m3_e4m3_f32_bf16_e4m3_128x128x128_0x0x1_0_ttt_align16_1sm,passed,success,grouped,,,,,fe4m3:row,fe4m3:row,bf16:row,fe4m3:row,1,0,invalid,invalid,heuristic,1,false,'[8x4096x6144][8x4096x6144][8x4096x6144][8x4096x6144][8x4096x6144][8x4096x6144][8x4096x6144][8x4096x6144][8x4096x6144][8x4096x6144][8x4096x6144][8x4096x6144][8x4096x6144][8x4096x6144][8x4096x6144][8x4096x6144]',,tensorop,f32,128,128,128,1,1,1,1,1,1,5,4,1,1,128,128,32,100,110,404488192,6443499520,15,0.0945696,3983.4,68135
1,CUTLASS,grouped_gemm,cutlass3x_sm100_tensorop_gemm_grouped_e4m3_e4m3_f32_bf16_e4m3_128x128x128_0x0x1_0_ttt_align16_stream_k_1sm,passed,success,grouped,,,,,fe4m3:row,fe4m3:row,bf16:row,fe4m3:row,1,0,invalid,invalid,heuristic,1,false,'[8x4096x6144][8x4096x6144][8x4096x6144][8x4096x6144][8x4096x6144][8x4096x6144][8x4096x6144][8x4096x6144][8x4096x6144][8x4096x6144][8x4096x6144][8x4096x6144][8x4096x6144][8x4096x6144][8x4096x6144][8x4096x6144]',,tensorop,f32,128,128,128,1,1,1,1,1,1,5,4,1,1,128,128,32,100,110,404488192,6443499520,15,0.0945702,3983.38,68134.5
1,CUTLASS,grouped_gemm,cutlass3x_sm100_tensorop_gemm_grouped_e4m3_e4m3_f32_bf16_e4m3_128x128x128_1x1x1_0_tnt_align16_1sm,passed,success,grouped,,,,,fe4m3:row,fe4m3:column,bf16:row,fe4m3:row,1,0,invalid,invalid,heuristic,1,false,'[8x4096x6144][8x4096x6144][8x4096x6144][8x4096x6144][8x4096x6144][8x4096x6144][8x4096x6144][8x4096x6144][8x4096x6144][8x4096x6144][8x4096x6144][8x4096x6144][8x4096x6144][8x4096x6144][8x4096x6144][8x4096x6144]',,tensorop,f32,128,128,128,1,1,1,1,1,1,5,4,1,1,128,128,32,100,110,404488192,6443499520,15,0.0992806,3794.39,64901.9
1,CUTLASS,grouped_gemm,cutlass3x_sm100_tensorop_gemm_grouped_e4m3_e4m3_f32_bf16_e4m3_128x128x128_1x1x1_0_tnt_align16_stream_k_1sm,passed,success,grouped,,,,,fe4m3:row,fe4m3:column,bf16:row,fe4m3:row,1,0,invalid,invalid,heuristic,1,false,'[8x4096x6144][8x4096x6144][8x4096x6144][8x4096x6144][8x4096x6144][8x4096x6144][8x4096x6144][8x4096x6144][8x4096x6144][8x4096x6144][8x4096x6144][8x4096x6144][8x4096x6144][8x4096x6144][8x4096x6144][8x4096x6144]',,tensorop,f32,128,128,128,1,1,1,1,1,1,5,4,1,1,128,128,32,100,110,404488192,6443499520,15,0.099281,3794.37,64901.7
1,CUTLASS,grouped_gemm,cutlass3x_sm100_tensorop_gemm_grouped_e4m3_e4m3_f32_bf16_e4m3_128x128x128_1x1x1_0_ttt_align16_1sm,passed,success,grouped,,,,,fe4m3:row,fe4m3:row,bf16:row,fe4m3:row,1,0,invalid,invalid,heuristic,1,false,'[8x4096x6144][8x4096x6144][8x4096x6144][8x4096x6144][8x4096x6144][8x4096x6144][8x4096x6144][8x4096x6144][8x4096x6144][8x4096x6144][8x4096x6144][8x4096x6144][8x4096x6144][8x4096x6144][8x4096x6144][8x4096x6144]',,tensorop,f32,128,128,128,1,1,1,1,1,1,5,4,1,1,128,128,32,100,110,404488192,6443499520,15,0.0960758,3920.95,67066.8
1,CUTLASS,grouped_gemm,cutlass3x_sm100_tensorop_gemm_grouped_e4m3_e4m3_f32_bf16_e4m3_128x128x128_1x1x1_0_ttt_align16_stream_k_1sm,passed,success,grouped,,,,,fe4m3:row,fe4m3:row,bf16:row,fe4m3:row,1,0,invalid,invalid,heuristic,1,false,'[8x4096x6144][8x4096x6144][8x4096x6144][8x4096x6144][8x4096x6144][8x4096x6144][8x4096x6144][8x4096x6144][8x4096x6144][8x4096x6144][8x4096x6144][8x4096x6144][8x4096x6144][8x4096x6144][8x4096x6144][8x4096x6144]',,tensorop,f32,128,128,128,1,1,1,1,1,1,5,4,1,1,128,128,32,100,110,404488192,6443499520,15,0.0960256,3923.01,67101.9
1,CUTLASS,grouped_gemm,cutlass3x_sm100_tensorop_gemm_grouped_e4m3_e4m3_f32_bf16_e4m3_128x128x128_1x2x1_0_tnt_align16_1sm,passed,success,grouped,,,,,fe4m3:row,fe4m3:column,bf16:row,fe4m3:row,1,0,invalid,invalid,heuristic,1,false,'[8x4096x6144][8x4096x6144][8x4096x6144][8x4096x6144][8x4096x6144][8x4096x6144][8x4096x6144][8x4096x6144][8x4096x6144][8x4096x6144][8x4096x6144][8x4096x6144][8x4096x6144][8x4096x6144][8x4096x6144][8x4096x6144]',,tensorop,f32,128,128,128,1,2,1,1,1,1,5,4,1,1,128,128,32,100,110,404488192,6443499520,15,0.0767632,4907.42,83940
1,CUTLASS,grouped_gemm,cutlass3x_sm100_tensorop_gemm_grouped_e4m3_e4m3_f32_bf16_e4m3_128x128x128_1x2x1_0_tnt_align16_stream_k_1sm,passed,success,grouped,,,,,fe4m3:row,fe4m3:column,bf16:row,fe4m3:row,1,0,invalid,invalid,heuristic,1,false,'[8x4096x6144][8x4096x6144][8x4096x6144][8x4096x6144][8x4096x6144][8x4096x6144][8x4096x6144][8x4096x6144][8x4096x6144][8x4096x6144][8x4096x6144][8x4096x6144][8x4096x6144][8x4096x6144][8x4096x6144][8x4096x6144]',,tensorop,f32,128,128,128,1,2,1,1,1,1,5,4,1,1,128,128,32,100,110,404488192,6443499520,15,0.0766298,4915.96,84086.1
1,CUTLASS,grouped_gemm,cutlass3x_sm100_tensorop_gemm_grouped_e4m3_e4m3_f32_bf16_e4m3_128x128x128_1x2x1_0_ttt_align16_1sm,passed,success,grouped,,,,,fe4m3:row,fe4m3:row,bf16:row,fe4m3:row,1,0,invalid,invalid,heuristic,1,false,'[8x4096x6144][8x4096x6144][8x4096x6144][8x4096x6144][8x4096x6144][8x4096x6144][8x4096x6144][8x4096x6144][8x4096x6144][8x4096x6144][8x4096x6144][8x4096x6144][8x4096x6144][8x4096x6144][8x4096x6144][8x4096x6144]',,tensorop,f32,128,128,128,1,2,1,1,1,1,5,4,1,1,128,128,32,100,110,404488192,6443499520,15,0.0716637,5256.62,89913
1,CUTLASS,grouped_gemm,cutlass3x_sm100_tensorop_gemm_grouped_e4m3_e4m3_f32_bf16_e4m3_128x128x128_1x2x1_0_ttt_align16_stream_k_1sm,passed,success,grouped,,,,,fe4m3:row,fe4m3:row,bf16:row,fe4m3:row,1,0,invalid,invalid,heuristic,1,false,'[8x4096x6144][8x4096x6144][8x4096x6144][8x4096x6144][8x4096x6144][8x4096x6144][8x4096x6144][8x4096x6144][8x4096x6144][8x4096x6144][8x4096x6144][8x4096x6144][8x4096x6144][8x4096x6144][8x4096x6144][8x4096x6144]',,tensorop,f32,128,128,128,1,2,1,1,1,1,5,4,1,1,128,128,32,100,110,404488192,6443499520,15,0.0719094,5238.66,89605.8
1,CUTLASS,grouped_gemm,cutlass3x_sm100_tensorop_gemm_grouped_e4m3_e4m3_f32_bf16_e4m3_128x128x128_2x1x1_0_tnt_align16_1sm,passed,success,grouped,,,,,fe4m3:row,fe4m3:column,bf16:row,fe4m3:row,1,0,invalid,invalid,heuristic,1,false,'[8x4096x6144][8x4096x6144][8x4096x6144][8x4096x6144][8x4096x6144][8x4096x6144][8x4096x6144][8x4096x6144][8x4096x6144][8x4096x6144][8x4096x6144][8x4096x6144][8x4096x6144][8x4096x6144][8x4096x6144][8x4096x6144]',,tensorop,f32,128,128,128,2,1,1,1,1,1,5,4,1,1,128,128,32,100,110,404488192,6443499520,15,0.137364,2742.42,46908.4
1,CUTLASS,grouped_gemm,cutlass3x_sm100_tensorop_gemm_grouped_e4m3_e4m3_f32_bf16_e4m3_128x128x128_2x1x1_0_tnt_align16_stream_k_1sm,passed,success,grouped,,,,,fe4m3:row,fe4m3:column,bf16:row,fe4m3:row,1,0,invalid,invalid,heuristic,1,false,'[8x4096x6144][8x4096x6144][8x4096x6144][8x4096x6144][8x4096x6144][8x4096x6144][8x4096x6144][8x4096x6144][8x4096x6144][8x4096x6144][8x4096x6144][8x4096x6144][8x4096x6144][8x4096x6144][8x4096x6144][8x4096x6144]',,tensorop,f32,128,128,128,2,1,1,1,1,1,5,4,1,1,128,128,32,100,110,404488192,6443499520,15,0.137067,2748.37,47010
1,CUTLASS,grouped_gemm,cutlass3x_sm100_tensorop_gemm_grouped_e4m3_e4m3_f32_bf16_e4m3_128x128x128_2x1x1_0_ttt_align16_1sm,passed,success,grouped,,,,,fe4m3:row,fe4m3:row,bf16:row,fe4m3:row,1,0,invalid,invalid,heuristic,1,false,'[8x4096x6144][8x4096x6144][8x4096x6144][8x4096x6144][8x4096x6144][8x4096x6144][8x4096x6144][8x4096x6144][8x4096x6144][8x4096x6144][8x4096x6144][8x4096x6144][8x4096x6144][8x4096x6144][8x4096x6144][8x4096x6144]',,tensorop,f32,128,128,128,2,1,1,1,1,1,5,4,1,1,128,128,32,100,110,404488192,6443499520,15,0.137803,2733.67,46758.7
1,CUTLASS,grouped_gemm,cutlass3x_sm100_tensorop_gemm_grouped_e4m3_e4m3_f32_bf16_e4m3_128x128x128_2x1x1_0_ttt_align16_stream_k_1sm,passed,success,grouped,,,,,fe4m3:row,fe4m3:row,bf16:row,fe4m3:row,1,0,invalid,invalid,heuristic,1,false,'[8x4096x6144][8x4096x6144][8x4096x6144][8x4096x6144][8x4096x6144][8x4096x6144][8x4096x6144][8x4096x6144][8x4096x6144][8x4096x6144][8x4096x6144][8x4096x6144][8x4096x6144][8x4096x6144][8x4096x6144][8x4096x6144]',,tensorop,f32,128,128,128,2,1,1,1,1,1,5,4,1,1,128,128,32,100,110,404488192,6443499520,15,0.137865,2732.44,46737.7
1,CUTLASS,grouped_gemm,cutlass3x_sm100_tensorop_gemm_grouped_e4m3_e4m3_f32_bf16_e4m3_128x128x128_1x4x1_0_tnt_align16_1sm,passed,success,grouped,,,,,fe4m3:row,fe4m3:column,bf16:row,fe4m3:row,1,0,invalid,invalid,heuristic,1,false,'[8x4096x6144][8x4096x6144][8x4096x6144][8x4096x6144][8x4096x6144][8x4096x6144][8x4096x6144][8x4096x6144][8x4096x6144][8x4096x6144][8x4096x6144][8x4096x6144][8x4096x6144][8x4096x6144][8x4096x6144][8x4096x6144]',,tensorop,f32,128,128,128,1,4,1,1,1,1,5,4,1,1,128,128,32,100,110,404488192,6443499520,15,0.0764973,4924.48,84231.7
1,CUTLASS,grouped_gemm,cutlass3x_sm100_tensorop_gemm_grouped_e4m3_e4m3_f32_bf16_e4m3_128x128x128_1x4x1_0_tnt_align16_stream_k_1sm,passed,success,grouped,,,,,fe4m3:row,fe4m3:column,bf16:row,fe4m3:row,1,0,invalid,invalid,heuristic,1,false,'[8x4096x6144][8x4096x6144][8x4096x6144][8x4096x6144][8x4096x6144][8x4096x6144][8x4096x6144][8x4096x6144][8x4096x6144][8x4096x6144][8x4096x6144][8x4096x6144][8x4096x6144][8x4096x6144][8x4096x6144][8x4096x6144]',,tensorop,f32,128,128,128,1,4,1,1,1,1,5,4,1,1,128,128,32,100,110,404488192,6443499520,15,0.0768758,4900.23,83817
1,CUTLASS,grouped_gemm,cutlass3x_sm100_tensorop_gemm_grouped_e4m3_e4m3_f32_bf16_e4m3_128x128x128_1x4x1_0_ttt_align16_1sm,passed,success,grouped,,,,,fe4m3:row,fe4m3:row,bf16:row,fe4m3:row,1,0,invalid,invalid,heuristic,1,false,'[8x4096x6144][8x4096x6144][8x4096x6144][8x4096x6144][8x4096x6144][8x4096x6144][8x4096x6144][8x4096x6144][8x4096x6144][8x4096x6144][8x4096x6144][8x4096x6144][8x4096x6144][8x4096x6144][8x4096x6144][8x4096x6144]',,tensorop,f32,128,128,128,1,4,1,1,1,1,5,4,1,1,128,128,32,100,110,404488192,6443499520,15,0.0700045,5381.21,92044.1
1,CUTLASS,grouped_gemm,cutlass3x_sm100_tensorop_gemm_grouped_e4m3_e4m3_f32_bf16_e4m3_128x128x128_1x4x1_0_ttt_align16_stream_k_1sm,passed,success,grouped,,,,,fe4m3:row,fe4m3:row,bf16:row,fe4m3:row,1,0,invalid,invalid,heuristic,1,false,'[8x4096x6144][8x4096x6144][8x4096x6144][8x4096x6144][8x4096x6144][8x4096x6144][8x4096x6144][8x4096x6144][8x4096x6144][8x4096x6144][8x4096x6144][8x4096x6144][8x4096x6144][8x4096x6144][8x4096x6144][8x4096x6144]',,tensorop,f32,128,128,128,1,4,1,1,1,1,5,4,1,1,128,128,32,100,110,404488192,6443499520,15,0.0700045,5381.21,92044.1
1,CUTLASS,grouped_gemm,cutlass3x_sm100_tensorop_gemm_grouped_e4m3_e4m3_f32_bf16_e4m3_128x128x128_4x4x1_0_tnt_align16_1sm,passed,success,grouped,,,,,fe4m3:row,fe4m3:column,bf16:row,fe4m3:row,1,0,invalid,invalid,heuristic,1,false,'[8x4096x6144][8x4096x6144][8x4096x6144][8x4096x6144][8x4096x6144][8x4096x6144][8x4096x6144][8x4096x6144][8x4096x6144][8x4096x6144][8x4096x6144][8x4096x6144][8x4096x6144][8x4096x6144][8x4096x6144][8x4096x6144]',,tensorop,f32,128,128,128,4,4,1,1,1,1,5,4,1,1,128,128,32,100,110,404488192,6443499520,15,0.228932,1645.51,28146
1,CUTLASS,grouped_gemm,cutlass3x_sm100_tensorop_gemm_grouped_e4m3_e4m3_f32_bf16_e4m3_128x128x128_4x4x1_0_tnt_align16_stream_k_1sm,passed,success,grouped,,,,,fe4m3:row,fe4m3:column,bf16:row,fe4m3:row,1,0,invalid,invalid,heuristic,1,false,'[8x4096x6144][8x4096x6144][8x4096x6144][8x4096x6144][8x4096x6144][8x4096x6144][8x4096x6144][8x4096x6144][8x4096x6144][8x4096x6144][8x4096x6144][8x4096x6144][8x4096x6144][8x4096x6144][8x4096x6144][8x4096x6144]',,tensorop,f32,128,128,128,4,4,1,1,1,1,5,4,1,1,128,128,32,100,110,404488192,6443499520,15,0.22898,1645.16,28140
1,CUTLASS,grouped_gemm,cutlass3x_sm100_tensorop_gemm_grouped_e4m3_e4m3_f32_bf16_e4m3_128x128x128_4x4x1_0_ttt_align16_1sm,passed,success,grouped,,,,,fe4m3:row,fe4m3:row,bf16:row,fe4m3:row,1,0,invalid,invalid,heuristic,1,false,'[8x4096x6144][8x4096x6144][8x4096x6144][8x4096x6144][8x4096x6144][8x4096x6144][8x4096x6144][8x4096x6144][8x4096x6144][8x4096x6144][8x4096x6144][8x4096x6144][8x4096x6144][8x4096x6144][8x4096x6144][8x4096x6144]',,tensorop,f32,128,128,128,4,4,1,1,1,1,5,4,1,1,128,128,32,100,110,404488192,6443499520,15,0.220256,1710.32,29254.6
1,CUTLASS,grouped_gemm,cutlass3x_sm100_tensorop_gemm_grouped_e4m3_e4m3_f32_bf16_e4m3_128x128x128_4x4x1_0_ttt_align16_stream_k_1sm,passed,success,grouped,,,,,fe4m3:row,fe4m3:row,bf16:row,fe4m3:row,1,0,invalid,invalid,heuristic,1,false,'[8x4096x6144][8x4096x6144][8x4096x6144][8x4096x6144][8x4096x6144][8x4096x6144][8x4096x6144][8x4096x6144][8x4096x6144][8x4096x6144][8x4096x6144][8x4096x6144][8x4096x6144][8x4096x6144][8x4096x6144][8x4096x6144]',,tensorop,f32,128,128,128,4,4,1,1,1,1,5,4,1,1,128,128,32,100,110,404488192,6443499520,15,0.220276,1710.17,29252
1,CUTLASS,grouped_gemm,cutlass3x_sm100_tensorop_gemm_grouped_e4m3_e4m3_f32_bf16_e4m3_128x256x128_0x0x1_0_tnt_align16_1sm,passed,success,grouped,,,,,fe4m3:row,fe4m3:column,bf16:row,fe4m3:row,1,0,invalid,invalid,heuristic,1,false,'[8x4096x6144][8x4096x6144][8x4096x6144][8x4096x6144][8x4096x6144][8x4096x6144][8x4096x6144][8x4096x6144][8x4096x6144][8x4096x6144][8x4096x6144][8x4096x6144][8x4096x6144][8x4096x6144][8x4096x6144][8x4096x6144]',,tensorop,f32,128,256,128,1,1,1,1,1,1,3,4,1,1,128,256,32,100,110,404488192,6443499520,15,0.0769475,4895.66,83738.9
1,CUTLASS,grouped_gemm,cutlass3x_sm100_tensorop_gemm_grouped_e4m3_e4m3_f32_bf16_e4m3_128x256x128_0x0x1_0_tnt_align16_stream_k_1sm,passed,success,grouped,,,,,fe4m3:row,fe4m3:column,bf16:row,fe4m3:row,1,0,invalid,invalid,heuristic,1,false,'[8x4096x6144][8x4096x6144][8x4096x6144][8x4096x6144][8x4096x6144][8x4096x6144][8x4096x6144][8x4096x6144][8x4096x6144][8x4096x6144][8x4096x6144][8x4096x6144][8x4096x6144][8x4096x6144][8x4096x6144][8x4096x6144]',,tensorop,f32,128,256,128,1,1,1,1,1,1,3,4,1,1,128,256,32,100,110,404488192,6443499520,15,0.0769472,4895.68,83739.2
1,CUTLASS,grouped_gemm,cutlass3x_sm100_tensorop_gemm_grouped_e4m3_e4m3_f32_bf16_e4m3_128x256x128_0x0x1_0_ttt_align16_1sm,passed,success,grouped,,,,,fe4m3:row,fe4m3:row,bf16:row,fe4m3:row,1,0,invalid,invalid,heuristic,1,false,'[8x4096x6144][8x4096x6144][8x4096x6144][8x4096x6144][8x4096x6144][8x4096x6144][8x4096x6144][8x4096x6144][8x4096x6144][8x4096x6144][8x4096x6144][8x4096x6144][8x4096x6144][8x4096x6144][8x4096x6144][8x4096x6144]',,tensorop,f32,128,256,128,1,1,1,1,1,1,3,4,1,1,128,256,32,100,110,404488192,6443499520,15,0.0695747,5414.45,92612.7
1,CUTLASS,grouped_gemm,cutlass3x_sm100_tensorop_gemm_grouped_e4m3_e4m3_f32_bf16_e4m3_128x256x128_0x0x1_0_ttt_align16_stream_k_1sm,passed,success,grouped,,,,,fe4m3:row,fe4m3:row,bf16:row,fe4m3:row,1,0,invalid,invalid,heuristic,1,false,'[8x4096x6144][8x4096x6144][8x4096x6144][8x4096x6144][8x4096x6144][8x4096x6144][8x4096x6144][8x4096x6144][8x4096x6144][8x4096x6144][8x4096x6144][8x4096x6144][8x4096x6144][8x4096x6144][8x4096x6144][8x4096x6144]',,tensorop,f32,128,256,128,1,1,1,1,1,1,3,4,1,1,128,256,32,100,110,404488192,6443499520,15,0.0695133,5419.24,92694.5
1,CUTLASS,grouped_gemm,cutlass3x_sm100_tensorop_gemm_grouped_e4m3_e4m3_f32_bf16_e4m3_128x256x128_1x1x1_0_tnt_align16_1sm,passed,success,grouped,,,,,fe4m3:row,fe4m3:column,bf16:row,fe4m3:row,1,0,invalid,invalid,heuristic,1,false,'[8x4096x6144][8x4096x6144][8x4096x6144][8x4096x6144][8x4096x6144][8x4096x6144][8x4096x6144][8x4096x6144][8x4096x6144][8x4096x6144][8x4096x6144][8x4096x6144][8x4096x6144][8x4096x6144][8x4096x6144][8x4096x6144]',,tensorop,f32,128,256,128,1,1,1,1,1,1,3,4,1,1,128,256,32,100,110,404488192,6443499520,15,0.0780742,4825.01,82530.4
1,CUTLASS,grouped_gemm,cutlass3x_sm100_tensorop_gemm_grouped_e4m3_e4m3_f32_bf16_e4m3_128x256x128_1x1x1_0_tnt_align16_stream_k_1sm,passed,success,grouped,,,,,fe4m3:row,fe4m3:column,bf16:row,fe4m3:row,1,0,invalid,invalid,heuristic,1,false,'[8x4096x6144][8x4096x6144][8x4096x6144][8x4096x6144][8x4096x6144][8x4096x6144][8x4096x6144][8x4096x6144][8x4096x6144][8x4096x6144][8x4096x6144][8x4096x6144][8x4096x6144][8x4096x6144][8x4096x6144][8x4096x6144]',,tensorop,f32,128,256,128,1,1,1,1,1,1,3,4,1,1,128,256,32,100,110,404488192,6443499520,15,0.0780147,4828.69,82593.4
1,CUTLASS,grouped_gemm,cutlass3x_sm100_tensorop_gemm_grouped_e4m3_e4m3_f32_bf16_e4m3_128x256x128_1x1x1_0_ttt_align16_1sm,passed,success,grouped,,,,,fe4m3:row,fe4m3:row,bf16:row,fe4m3:row,1,0,invalid,invalid,heuristic,1,false,'[8x4096x6144][8x4096x6144][8x4096x6144][8x4096x6144][8x4096x6144][8x4096x6144][8x4096x6144][8x4096x6144][8x4096x6144][8x4096x6144][8x4096x6144][8x4096x6144][8x4096x6144][8x4096x6144][8x4096x6144][8x4096x6144]',,tensorop,f32,128,256,128,1,1,1,1,1,1,3,4,1,1,128,256,32,100,110,404488192,6443499520,15,0.0712333,5288.38,90456.3
1,CUTLASS,grouped_gemm,cutlass3x_sm100_tensorop_gemm_grouped_e4m3_e4m3_f32_bf16_e4m3_128x256x128_1x1x1_0_ttt_align16_stream_k_1sm,passed,success,grouped,,,,,fe4m3:row,fe4m3:row,bf16:row,fe4m3:row,1,0,invalid,invalid,heuristic,1,false,'[8x4096x6144][8x4096x6144][8x4096x6144][8x4096x6144][8x4096x6144][8x4096x6144][8x4096x6144][8x4096x6144][8x4096x6144][8x4096x6144][8x4096x6144][8x4096x6144][8x4096x6144][8x4096x6144][8x4096x6144][8x4096x6144]',,tensorop,f32,128,256,128,1,1,1,1,1,1,3,4,1,1,128,256,32,100,110,404488192,6443499520,15,0.0711722,5292.93,90534
1,CUTLASS,grouped_gemm,cutlass3x_sm100_tensorop_gemm_grouped_e4m3_e4m3_f32_bf16_e4m3_128x256x128_1x2x1_0_tnt_align16_1sm,passed,success,grouped,,,,,fe4m3:row,fe4m3:column,bf16:row,fe4m3:row,1,0,invalid,invalid,heuristic,1,false,'[8x4096x6144][8x4096x6144][8x4096x6144][8x4096x6144][8x4096x6144][8x4096x6144][8x4096x6144][8x4096x6144][8x4096x6144][8x4096x6144][8x4096x6144][8x4096x6144][8x4096x6144][8x4096x6144][8x4096x6144][8x4096x6144]',,tensorop,f32,128,256,128,1,2,1,1,1,1,3,4,1,1,128,256,32,100,110,404488192,6443499520,15,0.0765789,4919.23,84142
1,CUTLASS,grouped_gemm,cutlass3x_sm100_tensorop_gemm_grouped_e4m3_e4m3_f32_bf16_e4m3_128x256x128_1x2x1_0_tnt_align16_stream_k_1sm,passed,success,grouped,,,,,fe4m3:row,fe4m3:column,bf16:row,fe4m3:row,1,0,invalid,invalid,heuristic,1,false,'[8x4096x6144][8x4096x6144][8x4096x6144][8x4096x6144][8x4096x6144][8x4096x6144][8x4096x6144][8x4096x6144][8x4096x6144][8x4096x6144][8x4096x6144][8x4096x6144][8x4096x6144][8x4096x6144][8x4096x6144][8x4096x6144]',,tensorop,f32,128,256,128,1,2,1,1,1,1,3,4,1,1,128,256,32,100,110,404488192,6443499520,15,0.076456,4927.13,84277.2
1,CUTLASS,grouped_gemm,cutlass3x_sm100_tensorop_gemm_grouped_e4m3_e4m3_f32_bf16_e4m3_128x256x128_1x2x1_0_ttt_align16_1sm,passed,success,grouped,,,,,fe4m3:row,fe4m3:row,bf16:row,fe4m3:row,1,0,invalid,invalid,heuristic,1,false,'[8x4096x6144][8x4096x6144][8x4096x6144][8x4096x6144][8x4096x6144][8x4096x6144][8x4096x6144][8x4096x6144][8x4096x6144][8x4096x6144][8x4096x6144][8x4096x6144][8x4096x6144][8x4096x6144][8x4096x6144][8x4096x6144]',,tensorop,f32,128,256,128,1,2,1,1,1,1,3,4,1,1,128,256,32,100,110,404488192,6443499520,15,0.0682435,5520.07,94419.2
1,CUTLASS,grouped_gemm,cutlass3x_sm100_tensorop_gemm_grouped_e4m3_e4m3_f32_bf16_e4m3_128x256x128_1x2x1_0_ttt_align16_stream_k_1sm,passed,success,grouped,,,,,fe4m3:row,fe4m3:row,bf16:row,fe4m3:row,1,0,invalid,invalid,heuristic,1,false,'[8x4096x6144][8x4096x6144][8x4096x6144][8x4096x6144][8x4096x6144][8x4096x6144][8x4096x6144][8x4096x6144][8x4096x6144][8x4096x6144][8x4096x6144][8x4096x6144][8x4096x6144][8x4096x6144][8x4096x6144][8x4096x6144]',,tensorop,f32,128,256,128,1,2,1,1,1,1,3,4,1,1,128,256,32,100,110,404488192,6443499520,15,0.0682432,5520.1,94419.7
1,CUTLASS,grouped_gemm,cutlass3x_sm100_tensorop_gemm_grouped_e4m3_e4m3_f32_bf16_e4m3_128x256x128_2x1x1_0_tnt_align16_1sm,passed,success,grouped,,,,,fe4m3:row,fe4m3:column,bf16:row,fe4m3:row,1,0,invalid,invalid,heuristic,1,false,'[8x4096x6144][8x4096x6144][8x4096x6144][8x4096x6144][8x4096x6144][8x4096x6144][8x4096x6144][8x4096x6144][8x4096x6144][8x4096x6144][8x4096x6144][8x4096x6144][8x4096x6144][8x4096x6144][8x4096x6144][8x4096x6144]',,tensorop,f32,128,256,128,2,1,1,1,1,1,3,4,1,1,128,256,32,100,110,404488192,6443499520,15,0.105335,3576.3,61171.7
1,CUTLASS,grouped_gemm,cutlass3x_sm100_tensorop_gemm_grouped_e4m3_e4m3_f32_bf16_e4m3_128x256x128_2x1x1_0_tnt_align16_stream_k_1sm,passed,success,grouped,,,,,fe4m3:row,fe4m3:column,bf16:row,fe4m3:row,1,0,invalid,invalid,heuristic,1,false,'[8x4096x6144][8x4096x6144][8x4096x6144][8x4096x6144][8x4096x6144][8x4096x6144][8x4096x6144][8x4096x6144][8x4096x6144][8x4096x6144][8x4096x6144][8x4096x6144][8x4096x6144][8x4096x6144][8x4096x6144][8x4096x6144]',,tensorop,f32,128,256,128,2,1,1,1,1,1,3,4,1,1,128,256,32,100,110,404488192,6443499520,15,0.105291,3577.78,61196.9
1,CUTLASS,grouped_gemm,cutlass3x_sm100_tensorop_gemm_grouped_e4m3_e4m3_f32_bf16_e4m3_128x256x128_2x1x1_0_ttt_align16_1sm,passed,success,grouped,,,,,fe4m3:row,fe4m3:row,bf16:row,fe4m3:row,1,0,invalid,invalid,heuristic,1,false,'[8x4096x6144][8x4096x6144][8x4096x6144][8x4096x6144][8x4096x6144][8x4096x6144][8x4096x6144][8x4096x6144][8x4096x6144][8x4096x6144][8x4096x6144][8x4096x6144][8x4096x6144][8x4096x6144][8x4096x6144][8x4096x6144]',,tensorop,f32,128,256,128,2,1,1,1,1,1,3,4,1,1,128,256,32,100,110,404488192,6443499520,15,0.1001,3763.33,64370.7
1,CUTLASS,grouped_gemm,cutlass3x_sm100_tensorop_gemm_grouped_e4m3_e4m3_f32_bf16_e4m3_128x256x128_2x1x1_0_ttt_align16_stream_k_1sm,passed,success,grouped,,,,,fe4m3:row,fe4m3:row,bf16:row,fe4m3:row,1,0,invalid,invalid,heuristic,1,false,'[8x4096x6144][8x4096x6144][8x4096x6144][8x4096x6144][8x4096x6144][8x4096x6144][8x4096x6144][8x4096x6144][8x4096x6144][8x4096x6144][8x4096x6144][8x4096x6144][8x4096x6144][8x4096x6144][8x4096x6144][8x4096x6144]',,tensorop,f32,128,256,128,2,1,1,1,1,1,3,4,1,1,128,256,32,100,110,404488192,6443499520,15,0.0999155,3770.27,64489.5
1,CUTLASS,grouped_gemm,cutlass3x_sm100_tensorop_gemm_grouped_e4m3_e4m3_f32_bf16_e4m3_128x256x128_1x4x1_0_tnt_align16_1sm,passed,success,grouped,,,,,fe4m3:row,fe4m3:column,bf16:row,fe4m3:row,1,0,invalid,invalid,heuristic,1,false,'[8x4096x6144][8x4096x6144][8x4096x6144][8x4096x6144][8x4096x6144][8x4096x6144][8x4096x6144][8x4096x6144][8x4096x6144][8x4096x6144][8x4096x6144][8x4096x6144][8x4096x6144][8x4096x6144][8x4096x6144][8x4096x6144]',,tensorop,f32,128,256,128,1,4,1,1,1,1,3,4,1,1,128,256,32,100,110,404488192,6443499520,15,0.076968,4894.36,83716.6
1,CUTLASS,grouped_gemm,cutlass3x_sm100_tensorop_gemm_grouped_e4m3_e4m3_f32_bf16_e4m3_128x256x128_1x4x1_0_tnt_align16_stream_k_1sm,passed,success,grouped,,,,,fe4m3:row,fe4m3:column,bf16:row,fe4m3:row,1,0,invalid,invalid,heuristic,1,false,'[8x4096x6144][8x4096x6144][8x4096x6144][8x4096x6144][8x4096x6144][8x4096x6144][8x4096x6144][8x4096x6144][8x4096x6144][8x4096x6144][8x4096x6144][8x4096x6144][8x4096x6144][8x4096x6144][8x4096x6144][8x4096x6144]',,tensorop,f32,128,256,128,1,4,1,1,1,1,3,4,1,1,128,256,32,100,110,404488192,6443499520,15,0.0770906,4886.58,83583.5
1,CUTLASS,grouped_gemm,cutlass3x_sm100_tensorop_gemm_grouped_e4m3_e4m3_f32_bf16_e4m3_128x256x128_1x4x1_0_ttt_align16_1sm,passed,success,grouped,,,,,fe4m3:row,fe4m3:row,bf16:row,fe4m3:row,1,0,invalid,invalid,heuristic,1,false,'[8x4096x6144][8x4096x6144][8x4096x6144][8x4096x6144][8x4096x6144][8x4096x6144][8x4096x6144][8x4096x6144][8x4096x6144][8x4096x6144][8x4096x6144][8x4096x6144][8x4096x6144][8x4096x6144][8x4096x6144][8x4096x6144]',,tensorop,f32,128,256,128,1,4,1,1,1,1,3,4,1,1,128,256,32,100,110,404488192,6443499520,15,0.0677002,5564.37,95177
1,CUTLASS,grouped_gemm,cutlass3x_sm100_tensorop_gemm_grouped_e4m3_e4m3_f32_bf16_e4m3_128x256x128_1x4x1_0_ttt_align16_stream_k_1sm,passed,success,grouped,,,,,fe4m3:row,fe4m3:row,bf16:row,fe4m3:row,1,0,invalid,invalid,heuristic,1,false,'[8x4096x6144][8x4096x6144][8x4096x6144][8x4096x6144][8x4096x6144][8x4096x6144][8x4096x6144][8x4096x6144][8x4096x6144][8x4096x6144][8x4096x6144][8x4096x6144][8x4096x6144][8x4096x6144][8x4096x6144][8x4096x6144]',,tensorop,f32,128,256,128,1,4,1,1,1,1,3,4,1,1,128,256,32,100,110,404488192,6443499520,15,0.0677107,5563.51,95162.2
1,CUTLASS,grouped_gemm,cutlass3x_sm100_tensorop_gemm_grouped_e4m3_e4m3_f32_bf16_e4m3_128x256x128_4x4x1_0_tnt_align16_1sm,passed,success,grouped,,,,,fe4m3:row,fe4m3:column,bf16:row,fe4m3:row,1,0,invalid,invalid,heuristic,1,false,'[8x4096x6144][8x4096x6144][8x4096x6144][8x4096x6144][8x4096x6144][8x4096x6144][8x4096x6144][8x4096x6144][8x4096x6144][8x4096x6144][8x4096x6144][8x4096x6144][8x4096x6144][8x4096x6144][8x4096x6144][8x4096x6144]',,tensorop,f32,128,256,128,4,4,1,1,1,1,3,4,1,1,128,256,32,100,110,404488192,6443499520,15,0.224925,1674.82,28647.3
1,CUTLASS,grouped_gemm,cutlass3x_sm100_tensorop_gemm_grouped_e4m3_e4m3_f32_bf16_e4m3_128x256x128_4x4x1_0_tnt_align16_stream_k_1sm,passed,success,grouped,,,,,fe4m3:row,fe4m3:column,bf16:row,fe4m3:row,1,0,invalid,invalid,heuristic,1,false,'[8x4096x6144][8x4096x6144][8x4096x6144][8x4096x6144][8x4096x6144][8x4096x6144][8x4096x6144][8x4096x6144][8x4096x6144][8x4096x6144][8x4096x6144][8x4096x6144][8x4096x6144][8x4096x6144][8x4096x6144][8x4096x6144]',,tensorop,f32,128,256,128,4,4,1,1,1,1,3,4,1,1,128,256,32,100,110,404488192,6443499520,15,0.224762,1676.04,28668.2
1,CUTLASS,grouped_gemm,cutlass3x_sm100_tensorop_gemm_grouped_e4m3_e4m3_f32_bf16_e4m3_128x256x128_4x4x1_0_ttt_align16_1sm,passed,success,grouped,,,,,fe4m3:row,fe4m3:row,bf16:row,fe4m3:row,1,0,invalid,invalid,heuristic,1,false,'[8x4096x6144][8x4096x6144][8x4096x6144][8x4096x6144][8x4096x6144][8x4096x6144][8x4096x6144][8x4096x6144][8x4096x6144][8x4096x6144][8x4096x6144][8x4096x6144][8x4096x6144][8x4096x6144][8x4096x6144][8x4096x6144]',,tensorop,f32,128,256,128,4,4,1,1,1,1,3,4,1,1,128,256,32,100,110,404488192,6443499520,15,0.210815,1786.92,30564.8
1,CUTLASS,grouped_gemm,cutlass3x_sm100_tensorop_gemm_grouped_e4m3_e4m3_f32_bf16_e4m3_128x256x128_4x4x1_0_ttt_align16_stream_k_1sm,passed,success,grouped,,,,,fe4m3:row,fe4m3:row,bf16:row,fe4m3:row,1,0,invalid,invalid,heuristic,1,false,'[8x4096x6144][8x4096x6144][8x4096x6144][8x4096x6144][8x4096x6144][8x4096x6144][8x4096x6144][8x4096x6144][8x4096x6144][8x4096x6144][8x4096x6144][8x4096x6144][8x4096x6144][8x4096x6144][8x4096x6144][8x4096x6144]',,tensorop,f32,128,256,128,4,4,1,1,1,1,3,4,1,1,128,256,32,100,110,404488192,6443499520,15,0.210692,1787.96,30582.6
1,CUTLASS,grouped_gemm,cutlass3x_sm100_tensorop_gemm_grouped_e4m3_e4m3_f32_bf16_e4m3_128x128x128_0x0x1_0_tnt_align16_2sm_epi_tma,passed,success,grouped,,,,,fe4m3:row,fe4m3:column,bf16:row,fe4m3:row,1,0,invalid,invalid,heuristic,1,false,'[8x4096x6144][8x4096x6144][8x4096x6144][8x4096x6144][8x4096x6144][8x4096x6144][8x4096x6144][8x4096x6144][8x4096x6144][8x4096x6144][8x4096x6144][8x4096x6144][8x4096x6144][8x4096x6144][8x4096x6144][8x4096x6144]',,tensorop,f32,128,128,128,2,1,1,2,1,1,12,4,1,1,128,128,32,100,110,404488192,6443499520,15,0.0764589,4926.95,84274.1
1,CUTLASS,grouped_gemm,cutlass3x_sm100_tensorop_gemm_grouped_e4m3_e4m3_f32_bf16_e4m3_128x128x128_0x0x1_0_tnt_align16_stream_k_2sm_epi_tma,passed,success,grouped,,,,,fe4m3:row,fe4m3:column,bf16:row,fe4m3:row,1,0,invalid,invalid,heuristic,1,false,'[8x4096x6144][8x4096x6144][8x4096x6144][8x4096x6144][8x4096x6144][8x4096x6144][8x4096x6144][8x4096x6144][8x4096x6144][8x4096x6144][8x4096x6144][8x4096x6144][8x4096x6144][8x4096x6144][8x4096x6144][8x4096x6144]',,tensorop,f32,128,128,128,2,1,1,2,1,1,12,4,1,1,128,128,32,100,110,404488192,6443499520,15,0.0762922,4937.72,84458.2
1,CUTLASS,grouped_gemm,cutlass3x_sm100_tensorop_gemm_grouped_e4m3_e4m3_f32_bf16_e4m3_128x128x128_2x1x1_0_tnt_align16_2sm_epi_tma,passed,success,grouped,,,,,fe4m3:row,fe4m3:column,bf16:row,fe4m3:row,1,0,invalid,invalid,heuristic,1,false,'[8x4096x6144][8x4096x6144][8x4096x6144][8x4096x6144][8x4096x6144][8x4096x6144][8x4096x6144][8x4096x6144][8x4096x6144][8x4096x6144][8x4096x6144][8x4096x6144][8x4096x6144][8x4096x6144][8x4096x6144][8x4096x6144]',,tensorop,f32,128,128,128,2,1,1,2,1,1,12,4,1,1,128,128,32,100,110,404488192,6443499520,15,0.076241,4941.03,84514.9
1,CUTLASS,grouped_gemm,cutlass3x_sm100_tensorop_gemm_grouped_e4m3_e4m3_f32_bf16_e4m3_128x128x128_2x1x1_0_tnt_align16_stream_k_2sm_epi_tma,passed,success,grouped,,,,,fe4m3:row,fe4m3:column,bf16:row,fe4m3:row,1,0,invalid,invalid,heuristic,1,false,'[8x4096x6144][8x4096x6144][8x4096x6144][8x4096x6144][8x4096x6144][8x4096x6144][8x4096x6144][8x4096x6144][8x4096x6144][8x4096x6144][8x4096x6144][8x4096x6144][8x4096x6144][8x4096x6144][8x4096x6144][8x4096x6144]',,tensorop,f32,128,128,128,2,1,1,2,1,1,12,4,1,1,128,128,32,100,110,404488192,6443499520,15,0.0762822,4938.36,84469.2
1,CUTLASS,grouped_gemm,cutlass3x_sm100_tensorop_gemm_grouped_e4m3_e4m3_f32_bf16_e4m3_128x128x128_2x2x1_0_tnt_align16_2sm_epi_tma,passed,success,grouped,,,,,fe4m3:row,fe4m3:column,bf16:row,fe4m3:row,1,0,invalid,invalid,heuristic,1,false,'[8x4096x6144][8x4096x6144][8x4096x6144][8x4096x6144][8x4096x6144][8x4096x6144][8x4096x6144][8x4096x6144][8x4096x6144][8x4096x6144][8x4096x6144][8x4096x6144][8x4096x6144][8x4096x6144][8x4096x6144][8x4096x6144]',,tensorop,f32,128,128,128,2,2,1,2,1,1,12,4,1,1,128,128,32,100,110,404488192,6443499520,15,0.0743475,5066.87,86667.3
1,CUTLASS,grouped_gemm,cutlass3x_sm100_tensorop_gemm_grouped_e4m3_e4m3_f32_bf16_e4m3_128x128x128_2x2x1_0_tnt_align16_stream_k_2sm_epi_tma,passed,success,grouped,,,,,fe4m3:row,fe4m3:column,bf16:row,fe4m3:row,1,0,invalid,invalid,heuristic,1,false,'[8x4096x6144][8x4096x6144][8x4096x6144][8x4096x6144][8x4096x6144][8x4096x6144][8x4096x6144][8x4096x6144][8x4096x6144][8x4096x6144][8x4096x6144][8x4096x6144][8x4096x6144][8x4096x6144][8x4096x6144][8x4096x6144]',,tensorop,f32,128,128,128,2,2,1,2,1,1,12,4,1,1,128,128,32,100,110,404488192,6443499520,15,0.0742234,5075.34,86812.3
1,CUTLASS,grouped_gemm,cutlass3x_sm100_tensorop_gemm_grouped_e4m3_e4m3_f32_bf16_e4m3_128x128x128_4x1x1_0_tnt_align16_2sm_epi_tma,passed,success,grouped,,,,,fe4m3:row,fe4m3:column,bf16:row,fe4m3:row,1,0,invalid,invalid,heuristic,1,false,'[8x4096x6144][8x4096x6144][8x4096x6144][8x4096x6144][8x4096x6144][8x4096x6144][8x4096x6144][8x4096x6144][8x4096x6144][8x4096x6144][8x4096x6144][8x4096x6144][8x4096x6144][8x4096x6144][8x4096x6144][8x4096x6144]',,tensorop,f32,128,128,128,4,1,1,2,1,1,12,4,1,1,128,128,32,100,110,404488192,6443499520,15,0.125352,3005.22,51403.4
1,CUTLASS,grouped_gemm,cutlass3x_sm100_tensorop_gemm_grouped_e4m3_e4m3_f32_bf16_e4m3_128x128x128_4x1x1_0_tnt_align16_stream_k_2sm_epi_tma,passed,success,grouped,,,,,fe4m3:row,fe4m3:column,bf16:row,fe4m3:row,1,0,invalid,invalid,heuristic,1,false,'[8x4096x6144][8x4096x6144][8x4096x6144][8x4096x6144][8x4096x6144][8x4096x6144][8x4096x6144][8x4096x6144][8x4096x6144][8x4096x6144][8x4096x6144][8x4096x6144][8x4096x6144][8x4096x6144][8x4096x6144][8x4096x6144]',,tensorop,f32,128,128,128,4,1,1,2,1,1,12,4,1,1,128,128,32,100,110,404488192,6443499520,15,0.125065,3012.11,51521.2
1,CUTLASS,grouped_gemm,cutlass3x_sm100_tensorop_gemm_grouped_e4m3_e4m3_f32_bf16_e4m3_128x128x128_2x4x1_0_tnt_align16_2sm_epi_tma,passed,success,grouped,,,,,fe4m3:row,fe4m3:column,bf16:row,fe4m3:row,1,0,invalid,invalid,heuristic,1,false,'[8x4096x6144][8x4096x6144][8x4096x6144][8x4096x6144][8x4096x6144][8x4096x6144][8x4096x6144][8x4096x6144][8x4096x6144][8x4096x6144][8x4096x6144][8x4096x6144][8x4096x6144][8x4096x6144][8x4096x6144][8x4096x6144]',,tensorop,f32,128,128,128,2,4,1,2,1,1,12,4,1,1,128,128,32,100,110,404488192,6443499520,15,0.0757594,4972.44,85052.2
1,CUTLASS,grouped_gemm,cutlass3x_sm100_tensorop_gemm_grouped_e4m3_e4m3_f32_bf16_e4m3_128x128x128_2x4x1_0_tnt_align16_stream_k_2sm_epi_tma,passed,success,grouped,,,,,fe4m3:row,fe4m3:column,bf16:row,fe4m3:row,1,0,invalid,invalid,heuristic,1,false,'[8x4096x6144][8x4096x6144][8x4096x6144][8x4096x6144][8x4096x6144][8x4096x6144][8x4096x6144][8x4096x6144][8x4096x6144][8x4096x6144][8x4096x6144][8x4096x6144][8x4096x6144][8x4096x6144][8x4096x6144][8x4096x6144]',,tensorop,f32,128,128,128,2,4,1,2,1,1,12,4,1,1,128,128,32,100,110,404488192,6443499520,15,0.0757283,4974.48,85087.1
1,CUTLASS,grouped_gemm,cutlass3x_sm100_tensorop_gemm_grouped_e4m3_e4m3_f32_bf16_e4m3_128x128x128_4x2x1_0_tnt_align16_2sm_epi_tma,passed,success,grouped,,,,,fe4m3:row,fe4m3:column,bf16:row,fe4m3:row,1,0,invalid,invalid,heuristic,1,false,'[8x4096x6144][8x4096x6144][8x4096x6144][8x4096x6144][8x4096x6144][8x4096x6144][8x4096x6144][8x4096x6144][8x4096x6144][8x4096x6144][8x4096x6144][8x4096x6144][8x4096x6144][8x4096x6144][8x4096x6144][8x4096x6144]',,tensorop,f32,128,128,128,4,2,1,2,1,1,12,4,1,1,128,128,32,100,110,404488192,6443499520,15,0.122252,3081.42,52706.8
1,CUTLASS,grouped_gemm,cutlass3x_sm100_tensorop_gemm_grouped_e4m3_e4m3_f32_bf16_e4m3_128x128x128_4x2x1_0_tnt_align16_stream_k_2sm_epi_tma,passed,success,grouped,,,,,fe4m3:row,fe4m3:column,bf16:row,fe4m3:row,1,0,invalid,invalid,heuristic,1,false,'[8x4096x6144][8x4096x6144][8x4096x6144][8x4096x6144][8x4096x6144][8x4096x6144][8x4096x6144][8x4096x6144][8x4096x6144][8x4096x6144][8x4096x6144][8x4096x6144][8x4096x6144][8x4096x6144][8x4096x6144][8x4096x6144]',,tensorop,f32,128,128,128,4,2,1,2,1,1,12,4,1,1,128,128,32,100,110,404488192,6443499520,15,0.122249,3081.49,52708
1,CUTLASS,grouped_gemm,cutlass3x_sm100_tensorop_gemm_grouped_e4m3_e4m3_f32_bf16_e4m3_128x128x128_4x4x1_0_tnt_align16_2sm_epi_tma,passed,success,grouped,,,,,fe4m3:row,fe4m3:column,bf16:row,fe4m3:row,1,0,invalid,invalid,heuristic,1,false,'[8x4096x6144][8x4096x6144][8x4096x6144][8x4096x6144][8x4096x6144][8x4096x6144][8x4096x6144][8x4096x6144][8x4096x6144][8x4096x6144][8x4096x6144][8x4096x6144][8x4096x6144][8x4096x6144][8x4096x6144][8x4096x6144]',,tensorop,f32,128,128,128,4,4,1,2,1,1,12,4,1,1,128,128,32,100,110,404488192,6443499520,15,0.117797,3197.96,54700.1
1,CUTLASS,grouped_gemm,cutlass3x_sm100_tensorop_gemm_grouped_e4m3_e4m3_f32_bf16_e4m3_128x128x128_4x4x1_0_tnt_align16_stream_k_2sm_epi_tma,passed,success,grouped,,,,,fe4m3:row,fe4m3:column,bf16:row,fe4m3:row,1,0,invalid,invalid,heuristic,1,false,'[8x4096x6144][8x4096x6144][8x4096x6144][8x4096x6144][8x4096x6144][8x4096x6144][8x4096x6144][8x4096x6144][8x4096x6144][8x4096x6144][8x4096x6144][8x4096x6144][8x4096x6144][8x4096x6144][8x4096x6144][8x4096x6144]',,tensorop,f32,128,128,128,4,4,1,2,1,1,12,4,1,1,128,128,32,100,110,404488192,6443499520,15,0.117733,3199.69,54729.7
1,CUTLASS,grouped_gemm,cutlass3x_sm100_tensorop_gemm_grouped_e4m3_e4m3_f32_bf16_e4m3_128x128x128_0x0x1_0_ttt_align16_2sm_epi_tma,passed,success,grouped,,,,,fe4m3:row,fe4m3:row,bf16:row,fe4m3:row,1,0,invalid,invalid,heuristic,1,false,'[8x4096x6144][8x4096x6144][8x4096x6144][8x4096x6144][8x4096x6144][8x4096x6144][8x4096x6144][8x4096x6144][8x4096x6144][8x4096x6144][8x4096x6144][8x4096x6144][8x4096x6144][8x4096x6144][8x4096x6144][8x4096x6144]',,tensorop,f32,128,128,128,2,1,1,2,1,1,12,4,1,1,128,128,32,100,110,404488192,6443499520,15,0.0813712,4629.51,79186.5
1,CUTLASS,grouped_gemm,cutlass3x_sm100_tensorop_gemm_grouped_e4m3_e4m3_f32_bf16_e4m3_128x128x128_0x0x1_0_ttt_align16_stream_k_2sm_epi_tma,passed,success,grouped,,,,,fe4m3:row,fe4m3:row,bf16:row,fe4m3:row,1,0,invalid,invalid,heuristic,1,false,'[8x4096x6144][8x4096x6144][8x4096x6144][8x4096x6144][8x4096x6144][8x4096x6144][8x4096x6144][8x4096x6144][8x4096x6144][8x4096x6144][8x4096x6144][8x4096x6144][8x4096x6144][8x4096x6144][8x4096x6144][8x4096x6144]',,tensorop,f32,128,128,128,2,1,1,2,1,1,12,4,1,1,128,128,32,100,110,404488192,6443499520,15,0.0813939,4628.22,79164.4
1,CUTLASS,grouped_gemm,cutlass3x_sm100_tensorop_gemm_grouped_e4m3_e4m3_f32_bf16_e4m3_128x128x128_2x1x1_0_ttt_align16_2sm_epi_tma,passed,success,grouped,,,,,fe4m3:row,fe4m3:row,bf16:row,fe4m3:row,1,0,invalid,invalid,heuristic,1,false,'[8x4096x6144][8x4096x6144][8x4096x6144][8x4096x6144][8x4096x6144][8x4096x6144][8x4096x6144][8x4096x6144][8x4096x6144][8x4096x6144][8x4096x6144][8x4096x6144][8x4096x6144][8x4096x6144][8x4096x6144][8x4096x6144]',,tensorop,f32,128,128,128,2,1,1,2,1,1,12,4,1,1,128,128,32,100,110,404488192,6443499520,15,0.0810742,4646.47,79476.5
1,CUTLASS,grouped_gemm,cutlass3x_sm100_tensorop_gemm_grouped_e4m3_e4m3_f32_bf16_e4m3_128x128x128_2x1x1_0_ttt_align16_stream_k_2sm_epi_tma,passed,success,grouped,,,,,fe4m3:row,fe4m3:row,bf16:row,fe4m3:row,1,0,invalid,invalid,heuristic,1,false,'[8x4096x6144][8x4096x6144][8x4096x6144][8x4096x6144][8x4096x6144][8x4096x6144][8x4096x6144][8x4096x6144][8x4096x6144][8x4096x6144][8x4096x6144][8x4096x6144][8x4096x6144][8x4096x6144][8x4096x6144][8x4096x6144]',,tensorop,f32,128,128,128,2,1,1,2,1,1,12,4,1,1,128,128,32,100,110,404488192,6443499520,15,0.080992,4651.19,79557.2
1,CUTLASS,grouped_gemm,cutlass3x_sm100_tensorop_gemm_grouped_e4m3_e4m3_f32_bf16_e4m3_128x128x128_2x2x1_0_ttt_align16_2sm_epi_tma,passed,success,grouped,,,,,fe4m3:row,fe4m3:row,bf16:row,fe4m3:row,1,0,invalid,invalid,heuristic,1,false,'[8x4096x6144][8x4096x6144][8x4096x6144][8x4096x6144][8x4096x6144][8x4096x6144][8x4096x6144][8x4096x6144][8x4096x6144][8x4096x6144][8x4096x6144][8x4096x6144][8x4096x6144][8x4096x6144][8x4096x6144][8x4096x6144]',,tensorop,f32,128,128,128,2,2,1,2,1,1,12,4,1,1,128,128,32,100,110,404488192,6443499520,15,0.0831011,4533.14,77538.1
1,CUTLASS,grouped_gemm,cutlass3x_sm100_tensorop_gemm_grouped_e4m3_e4m3_f32_bf16_e4m3_128x128x128_2x2x1_0_ttt_align16_stream_k_2sm_epi_tma,passed,success,grouped,,,,,fe4m3:row,fe4m3:row,bf16:row,fe4m3:row,1,0,invalid,invalid,heuristic,1,false,'[8x4096x6144][8x4096x6144][8x4096x6144][8x4096x6144][8x4096x6144][8x4096x6144][8x4096x6144][8x4096x6144][8x4096x6144][8x4096x6144][8x4096x6144][8x4096x6144][8x4096x6144][8x4096x6144][8x4096x6144][8x4096x6144]',,tensorop,f32,128,128,128,2,2,1,2,1,1,12,4,1,1,128,128,32,100,110,404488192,6443499520,15,0.0830707,4534.8,77566.4
1,CUTLASS,grouped_gemm,cutlass3x_sm100_tensorop_gemm_grouped_e4m3_e4m3_f32_bf16_e4m3_128x128x128_4x1x1_0_ttt_align16_2sm_epi_tma,passed,success,grouped,,,,,fe4m3:row,fe4m3:row,bf16:row,fe4m3:row,1,0,invalid,invalid,heuristic,1,false,'[8x4096x6144][8x4096x6144][8x4096x6144][8x4096x6144][8x4096x6144][8x4096x6144][8x4096x6144][8x4096x6144][8x4096x6144][8x4096x6144][8x4096x6144][8x4096x6144][8x4096x6144][8x4096x6144][8x4096x6144][8x4096x6144]',,tensorop,f32,128,128,128,4,1,1,2,1,1,12,4,1,1,128,128,32,100,110,404488192,6443499520,15,0.13166,2861.22,48940.3
1,CUTLASS,grouped_gemm,cutlass3x_sm100_tensorop_gemm_grouped_e4m3_e4m3_f32_bf16_e4m3_128x128x128_4x1x1_0_ttt_align16_stream_k_2sm_epi_tma,passed,success,grouped,,,,,fe4m3:row,fe4m3:row,bf16:row,fe4m3:row,1,0,invalid,invalid,heuristic,1,false,'[8x4096x6144][8x4096x6144][8x4096x6144][8x4096x6144][8x4096x6144][8x4096x6144][8x4096x6144][8x4096x6144][8x4096x6144][8x4096x6144][8x4096x6144][8x4096x6144][8x4096x6144][8x4096x6144][8x4096x6144][8x4096x6144]',,tensorop,f32,128,128,128,4,1,1,2,1,1,12,4,1,1,128,128,32,100,110,404488192,6443499520,15,0.131578,2863.01,48971
1,CUTLASS,grouped_gemm,cutlass3x_sm100_tensorop_gemm_grouped_e4m3_e4m3_f32_bf16_e4m3_128x128x128_2x4x1_0_ttt_align16_2sm_epi_tma,passed,success,grouped,,,,,fe4m3:row,fe4m3:row,bf16:row,fe4m3:row,1,0,invalid,invalid,heuristic,1,false,'[8x4096x6144][8x4096x6144][8x4096x6144][8x4096x6144][8x4096x6144][8x4096x6144][8x4096x6144][8x4096x6144][8x4096x6144][8x4096x6144][8x4096x6144][8x4096x6144][8x4096x6144][8x4096x6144][8x4096x6144][8x4096x6144]',,tensorop,f32,128,128,128,2,4,1,2,1,1,12,4,1,1,128,128,32,100,110,404488192,6443499520,15,0.0792819,4751.51,81273.3
1,CUTLASS,grouped_gemm,cutlass3x_sm100_tensorop_gemm_grouped_e4m3_e4m3_f32_bf16_e4m3_128x128x128_2x4x1_0_ttt_align16_stream_k_2sm_epi_tma,passed,success,grouped,,,,,fe4m3:row,fe4m3:row,bf16:row,fe4m3:row,1,0,invalid,invalid,heuristic,1,false,'[8x4096x6144][8x4096x6144][8x4096x6144][8x4096x6144][8x4096x6144][8x4096x6144][8x4096x6144][8x4096x6144][8x4096x6144][8x4096x6144][8x4096x6144][8x4096x6144][8x4096x6144][8x4096x6144][8x4096x6144][8x4096x6144]',,tensorop,f32,128,128,128,2,4,1,2,1,1,12,4,1,1,128,128,32,100,110,404488192,6443499520,15,0.0792,4756.43,81357.3
1,CUTLASS,grouped_gemm,cutlass3x_sm100_tensorop_gemm_grouped_e4m3_e4m3_f32_bf16_e4m3_128x128x128_4x2x1_0_ttt_align16_2sm_epi_tma,passed,success,grouped,,,,,fe4m3:row,fe4m3:row,bf16:row,fe4m3:row,1,0,invalid,invalid,heuristic,1,false,'[8x4096x6144][8x4096x6144][8x4096x6144][8x4096x6144][8x4096x6144][8x4096x6144][8x4096x6144][8x4096x6144][8x4096x6144][8x4096x6144][8x4096x6144][8x4096x6144][8x4096x6144][8x4096x6144][8x4096x6144][8x4096x6144]',,tensorop,f32,128,128,128,4,2,1,2,1,1,12,4,1,1,128,128,32,100,110,404488192,6443499520,15,0.133268,2826.71,48350.1
1,CUTLASS,grouped_gemm,cutlass3x_sm100_tensorop_gemm_grouped_e4m3_e4m3_f32_bf16_e4m3_128x128x128_4x2x1_0_ttt_align16_stream_k_2sm_epi_tma,passed,success,grouped,,,,,fe4m3:row,fe4m3:row,bf16:row,fe4m3:row,1,0,invalid,invalid,heuristic,1,false,'[8x4096x6144][8x4096x6144][8x4096x6144][8x4096x6144][8x4096x6144][8x4096x6144][8x4096x6144][8x4096x6144][8x4096x6144][8x4096x6144][8x4096x6144][8x4096x6144][8x4096x6144][8x4096x6144][8x4096x6144][8x4096x6144]',,tensorop,f32,128,128,128,4,2,1,2,1,1,12,4,1,1,128,128,32,100,110,404488192,6443499520,15,0.133216,2827.81,48368.8
1,CUTLASS,grouped_gemm,cutlass3x_sm100_tensorop_gemm_grouped_e4m3_e4m3_f32_bf16_e4m3_128x128x128_4x4x1_0_ttt_align16_2sm_epi_tma,passed,success,grouped,,,,,fe4m3:row,fe4m3:row,bf16:row,fe4m3:row,1,0,invalid,invalid,heuristic,1,false,'[8x4096x6144][8x4096x6144][8x4096x6144][8x4096x6144][8x4096x6144][8x4096x6144][8x4096x6144][8x4096x6144][8x4096x6144][8x4096x6144][8x4096x6144][8x4096x6144][8x4096x6144][8x4096x6144][8x4096x6144][8x4096x6144]',,tensorop,f32,128,128,128,4,4,1,2,1,1,12,4,1,1,128,128,32,100,110,404488192,6443499520,15,0.11762,3202.76,54782.3
1,CUTLASS,grouped_gemm,cutlass3x_sm100_tensorop_gemm_grouped_e4m3_e4m3_f32_bf16_e4m3_128x128x128_4x4x1_0_ttt_align16_stream_k_2sm_epi_tma,passed,success,grouped,,,,,fe4m3:row,fe4m3:row,bf16:row,fe4m3:row,1,0,invalid,invalid,heuristic,1,false,'[8x4096x6144][8x4096x6144][8x4096x6144][8x4096x6144][8x4096x6144][8x4096x6144][8x4096x6144][8x4096x6144][8x4096x6144][8x4096x6144][8x4096x6144][8x4096x6144][8x4096x6144][8x4096x6144][8x4096x6144][8x4096x6144]',,tensorop,f32,128,128,128,4,4,1,2,1,1,12,4,1,1,128,128,32,100,110,404488192,6443499520,15,0.117508,3205.81,54834.5
1,CUTLASS,grouped_gemm,cutlass3x_sm100_tensorop_gemm_grouped_e4m3_e4m3_f32_bf16_e4m3_128x256x128_0x0x1_0_tnt_align16_2sm_epi_tma,passed,success,grouped,,,,,fe4m3:row,fe4m3:column,bf16:row,fe4m3:row,1,0,invalid,invalid,heuristic,1,false,'[8x4096x6144][8x4096x6144][8x4096x6144][8x4096x6144][8x4096x6144][8x4096x6144][8x4096x6144][8x4096x6144][8x4096x6144][8x4096x6144][8x4096x6144][8x4096x6144][8x4096x6144][8x4096x6144][8x4096x6144][8x4096x6144]',,tensorop,f32,128,256,128,2,1,1,2,1,1,7,4,1,1,128,256,32,100,110,404488192,6443499520,15,0.071479,5270.2,90145.3
1,CUTLASS,grouped_gemm,cutlass3x_sm100_tensorop_gemm_grouped_e4m3_e4m3_f32_bf16_e4m3_128x256x128_0x0x1_0_tnt_align16_stream_k_2sm_epi_tma,passed,success,grouped,,,,,fe4m3:row,fe4m3:column,bf16:row,fe4m3:row,1,0,invalid,invalid,heuristic,1,false,'[8x4096x6144][8x4096x6144][8x4096x6144][8x4096x6144][8x4096x6144][8x4096x6144][8x4096x6144][8x4096x6144][8x4096x6144][8x4096x6144][8x4096x6144][8x4096x6144][8x4096x6144][8x4096x6144][8x4096x6144][8x4096x6144]',,tensorop,f32,128,256,128,2,1,1,2,1,1,7,4,1,1,128,256,32,100,110,404488192,6443499520,15,0.0715613,5264.15,90041.7
1,CUTLASS,grouped_gemm,cutlass3x_sm100_tensorop_gemm_grouped_e4m3_e4m3_f32_bf16_e4m3_128x256x128_2x1x1_0_tnt_align16_2sm_epi_tma,passed,success,grouped,,,,,fe4m3:row,fe4m3:column,bf16:row,fe4m3:row,1,0,invalid,invalid,heuristic,1,false,'[8x4096x6144][8x4096x6144][8x4096x6144][8x4096x6144][8x4096x6144][8x4096x6144][8x4096x6144][8x4096x6144][8x4096x6144][8x4096x6144][8x4096x6144][8x4096x6144][8x4096x6144][8x4096x6144][8x4096x6144][8x4096x6144]',,tensorop,f32,128,256,128,2,1,1,2,1,1,7,4,1,1,128,256,32,100,110,404488192,6443499520,15,0.0710899,5299.05,90638.7
1,CUTLASS,grouped_gemm,cutlass3x_sm100_tensorop_gemm_grouped_e4m3_e4m3_f32_bf16_e4m3_128x256x128_2x1x1_0_tnt_align16_stream_k_2sm_epi_tma,passed,success,grouped,,,,,fe4m3:row,fe4m3:column,bf16:row,fe4m3:row,1,0,invalid,invalid,heuristic,1,false,'[8x4096x6144][8x4096x6144][8x4096x6144][8x4096x6144][8x4096x6144][8x4096x6144][8x4096x6144][8x4096x6144][8x4096x6144][8x4096x6144][8x4096x6144][8x4096x6144][8x4096x6144][8x4096x6144][8x4096x6144][8x4096x6144]',,tensorop,f32,128,256,128,2,1,1,2,1,1,7,4,1,1,128,256,32,100,110,404488192,6443499520,15,0.0710493,5302.08,90690.6
1,CUTLASS,grouped_gemm,cutlass3x_sm100_tensorop_gemm_grouped_e4m3_e4m3_f32_bf16_e4m3_128x256x128_2x2x1_0_tnt_align16_2sm_epi_tma,passed,success,grouped,,,,,fe4m3:row,fe4m3:column,bf16:row,fe4m3:row,1,0,invalid,invalid,heuristic,1,false,'[8x4096x6144][8x4096x6144][8x4096x6144][8x4096x6144][8x4096x6144][8x4096x6144][8x4096x6144][8x4096x6144][8x4096x6144][8x4096x6144][8x4096x6144][8x4096x6144][8x4096x6144][8x4096x6144][8x4096x6144][8x4096x6144]',,tensorop,f32,128,256,128,2,2,1,2,1,1,7,4,1,1,128,256,32,100,110,404488192,6443499520,15,0.0709283,5311.12,90845.2
1,CUTLASS,grouped_gemm,cutlass3x_sm100_tensorop_gemm_grouped_e4m3_e4m3_f32_bf16_e4m3_128x256x128_2x2x1_0_tnt_align16_stream_k_2sm_epi_tma,passed,success,grouped,,,,,fe4m3:row,fe4m3:column,bf16:row,fe4m3:row,1,0,invalid,invalid,heuristic,1,false,'[8x4096x6144][8x4096x6144][8x4096x6144][8x4096x6144][8x4096x6144][8x4096x6144][8x4096x6144][8x4096x6144][8x4096x6144][8x4096x6144][8x4096x6144][8x4096x6144][8x4096x6144][8x4096x6144][8x4096x6144][8x4096x6144]',,tensorop,f32,128,256,128,2,2,1,2,1,1,7,4,1,1,128,256,32,100,110,404488192,6443499520,15,0.0709978,5305.93,90756.4
1,CUTLASS,grouped_gemm,cutlass3x_sm100_tensorop_gemm_grouped_e4m3_e4m3_f32_bf16_e4m3_128x256x128_4x1x1_0_tnt_align16_2sm_epi_tma,passed,success,grouped,,,,,fe4m3:row,fe4m3:column,bf16:row,fe4m3:row,1,0,invalid,invalid,heuristic,1,false,'[8x4096x6144][8x4096x6144][8x4096x6144][8x4096x6144][8x4096x6144][8x4096x6144][8x4096x6144][8x4096x6144][8x4096x6144][8x4096x6144][8x4096x6144][8x4096x6144][8x4096x6144][8x4096x6144][8x4096x6144][8x4096x6144]',,tensorop,f32,128,256,128,4,1,1,2,1,1,7,4,1,1,128,256,32,100,110,404488192,6443499520,15,0.0959014,3928.08,67188.8
1,CUTLASS,grouped_gemm,cutlass3x_sm100_tensorop_gemm_grouped_e4m3_e4m3_f32_bf16_e4m3_128x256x128_4x1x1_0_tnt_align16_stream_k_2sm_epi_tma,passed,success,grouped,,,,,fe4m3:row,fe4m3:column,bf16:row,fe4m3:row,1,0,invalid,invalid,heuristic,1,false,'[8x4096x6144][8x4096x6144][8x4096x6144][8x4096x6144][8x4096x6144][8x4096x6144][8x4096x6144][8x4096x6144][8x4096x6144][8x4096x6144][8x4096x6144][8x4096x6144][8x4096x6144][8x4096x6144][8x4096x6144][8x4096x6144]',,tensorop,f32,128,256,128,4,1,1,2,1,1,7,4,1,1,128,256,32,100,110,404488192,6443499520,15,0.0959018,3928.07,67188.5
1,CUTLASS,grouped_gemm,cutlass3x_sm100_tensorop_gemm_grouped_e4m3_e4m3_f32_bf16_e4m3_128x256x128_2x4x1_0_tnt_align16_2sm_epi_tma,passed,success,grouped,,,,,fe4m3:row,fe4m3:column,bf16:row,fe4m3:row,1,0,invalid,invalid,heuristic,1,false,'[8x4096x6144][8x4096x6144][8x4096x6144][8x4096x6144][8x4096x6144][8x4096x6144][8x4096x6144][8x4096x6144][8x4096x6144][8x4096x6144][8x4096x6144][8x4096x6144][8x4096x6144][8x4096x6144][8x4096x6144][8x4096x6144]',,tensorop,f32,128,256,128,2,4,1,2,1,1,7,4,1,1,128,256,32,100,110,404488192,6443499520,15,0.0758826,4964.37,84914.1
1,CUTLASS,grouped_gemm,cutlass3x_sm100_tensorop_gemm_grouped_e4m3_e4m3_f32_bf16_e4m3_128x256x128_2x4x1_0_tnt_align16_stream_k_2sm_epi_tma,passed,success,grouped,,,,,fe4m3:row,fe4m3:column,bf16:row,fe4m3:row,1,0,invalid,invalid,heuristic,1,false,'[8x4096x6144][8x4096x6144][8x4096x6144][8x4096x6144][8x4096x6144][8x4096x6144][8x4096x6144][8x4096x6144][8x4096x6144][8x4096x6144][8x4096x6144][8x4096x6144][8x4096x6144][8x4096x6144][8x4096x6144][8x4096x6144]',,tensorop,f32,128,256,128,2,4,1,2,1,1,7,4,1,1,128,256,32,100,110,404488192,6443499520,15,0.0758618,4965.73,84937.4
1,CUTLASS,grouped_gemm,cutlass3x_sm100_tensorop_gemm_grouped_e4m3_e4m3_f32_bf16_e4m3_128x256x128_4x2x1_0_tnt_align16_2sm_epi_tma,passed,success,grouped,,,,,fe4m3:row,fe4m3:column,bf16:row,fe4m3:row,1,0,invalid,invalid,heuristic,1,false,'[8x4096x6144][8x4096x6144][8x4096x6144][8x4096x6144][8x4096x6144][8x4096x6144][8x4096x6144][8x4096x6144][8x4096x6144][8x4096x6144][8x4096x6144][8x4096x6144][8x4096x6144][8x4096x6144][8x4096x6144][8x4096x6144]',,tensorop,f32,128,256,128,4,2,1,2,1,1,7,4,1,1,128,256,32,100,110,404488192,6443499520,15,0.100276,3756.73,64257.7
1,CUTLASS,grouped_gemm,cutlass3x_sm100_tensorop_gemm_grouped_e4m3_e4m3_f32_bf16_e4m3_128x256x128_4x2x1_0_tnt_align16_stream_k_2sm_epi_tma,passed,success,grouped,,,,,fe4m3:row,fe4m3:column,bf16:row,fe4m3:row,1,0,invalid,invalid,heuristic,1,false,'[8x4096x6144][8x4096x6144][8x4096x6144][8x4096x6144][8x4096x6144][8x4096x6144][8x4096x6144][8x4096x6144][8x4096x6144][8x4096x6144][8x4096x6144][8x4096x6144][8x4096x6144][8x4096x6144][8x4096x6144][8x4096x6144]',,tensorop,f32,128,256,128,4,2,1,2,1,1,7,4,1,1,128,256,32,100,110,404488192,6443499520,15,0.100284,3756.4,64252.2
1,CUTLASS,grouped_gemm,cutlass3x_sm100_tensorop_gemm_grouped_e4m3_e4m3_f32_bf16_e4m3_128x256x128_4x4x1_0_tnt_align16_2sm_epi_tma,passed,success,grouped,,,,,fe4m3:row,fe4m3:column,bf16:row,fe4m3:row,1,0,invalid,invalid,heuristic,1,false,'[8x4096x6144][8x4096x6144][8x4096x6144][8x4096x6144][8x4096x6144][8x4096x6144][8x4096x6144][8x4096x6144][8x4096x6144][8x4096x6144][8x4096x6144][8x4096x6144][8x4096x6144][8x4096x6144][8x4096x6144][8x4096x6144]',,tensorop,f32,128,256,128,4,4,1,2,1,1,7,4,1,1,128,256,32,100,110,404488192,6443499520,15,0.110104,3421.38,58521.8
1,CUTLASS,grouped_gemm,cutlass3x_sm100_tensorop_gemm_grouped_e4m3_e4m3_f32_bf16_e4m3_128x256x128_4x4x1_0_tnt_align16_stream_k_2sm_epi_tma,passed,success,grouped,,,,,fe4m3:row,fe4m3:column,bf16:row,fe4m3:row,1,0,invalid,invalid,heuristic,1,false,'[8x4096x6144][8x4096x6144][8x4096x6144][8x4096x6144][8x4096x6144][8x4096x6144][8x4096x6144][8x4096x6144][8x4096x6144][8x4096x6144][8x4096x6144][8x4096x6144][8x4096x6144][8x4096x6144][8x4096x6144][8x4096x6144]',,tensorop,f32,128,256,128,4,4,1,2,1,1,7,4,1,1,128,256,32,100,110,404488192,6443499520,15,0.109981,3425.21,58587.2
1,CUTLASS,grouped_gemm,cutlass3x_sm100_tensorop_gemm_grouped_e4m3_e4m3_f32_bf16_e4m3_128x256x128_0x0x1_0_ttt_align16_2sm_epi_tma,passed,success,grouped,,,,,fe4m3:row,fe4m3:row,bf16:row,fe4m3:row,1,0,invalid,invalid,heuristic,1,false,'[8x4096x6144][8x4096x6144][8x4096x6144][8x4096x6144][8x4096x6144][8x4096x6144][8x4096x6144][8x4096x6144][8x4096x6144][8x4096x6144][8x4096x6144][8x4096x6144][8x4096x6144][8x4096x6144][8x4096x6144][8x4096x6144]',,tensorop,f32,128,256,128,2,1,1,2,1,1,7,4,1,1,128,256,32,100,110,404488192,6443499520,15,0.0687968,5475.68,93659.9
1,CUTLASS,grouped_gemm,cutlass3x_sm100_tensorop_gemm_grouped_e4m3_e4m3_f32_bf16_e4m3_128x256x128_0x0x1_0_ttt_align16_stream_k_2sm_epi_tma,passed,success,grouped,,,,,fe4m3:row,fe4m3:row,bf16:row,fe4m3:row,1,0,invalid,invalid,heuristic,1,false,'[8x4096x6144][8x4096x6144][8x4096x6144][8x4096x6144][8x4096x6144][8x4096x6144][8x4096x6144][8x4096x6144][8x4096x6144][8x4096x6144][8x4096x6144][8x4096x6144][8x4096x6144][8x4096x6144][8x4096x6144][8x4096x6144]',,tensorop,f32,128,256,128,2,1,1,2,1,1,7,4,1,1,128,256,32,100,110,404488192,6443499520,15,0.0685731,5493.54,93965.4
1,CUTLASS,grouped_gemm,cutlass3x_sm100_tensorop_gemm_grouped_e4m3_e4m3_f32_bf16_e4m3_128x256x128_2x1x1_0_ttt_align16_2sm_epi_tma,passed,success,grouped,,,,,fe4m3:row,fe4m3:row,bf16:row,fe4m3:row,1,0,invalid,invalid,heuristic,1,false,'[8x4096x6144][8x4096x6144][8x4096x6144][8x4096x6144][8x4096x6144][8x4096x6144][8x4096x6144][8x4096x6144][8x4096x6144][8x4096x6144][8x4096x6144][8x4096x6144][8x4096x6144][8x4096x6144][8x4096x6144][8x4096x6144]',,tensorop,f32,128,256,128,2,1,1,2,1,1,7,4,1,1,128,256,32,100,110,404488192,6443499520,15,0.0681306,5529.22,94575.8
1,CUTLASS,grouped_gemm,cutlass3x_sm100_tensorop_gemm_grouped_e4m3_e4m3_f32_bf16_e4m3_128x256x128_2x1x1_0_ttt_align16_stream_k_2sm_epi_tma,passed,success,grouped,,,,,fe4m3:row,fe4m3:row,bf16:row,fe4m3:row,1,0,invalid,invalid,heuristic,1,false,'[8x4096x6144][8x4096x6144][8x4096x6144][8x4096x6144][8x4096x6144][8x4096x6144][8x4096x6144][8x4096x6144][8x4096x6144][8x4096x6144][8x4096x6144][8x4096x6144][8x4096x6144][8x4096x6144][8x4096x6144][8x4096x6144]',,tensorop,f32,128,256,128,2,1,1,2,1,1,7,4,1,1,128,256,32,100,110,404488192,6443499520,15,0.068079,5533.41,94647.3
1,CUTLASS,grouped_gemm,cutlass3x_sm100_tensorop_gemm_grouped_e4m3_e4m3_f32_bf16_e4m3_128x256x128_2x2x1_0_ttt_align16_2sm_epi_tma,passed,success,grouped,,,,,fe4m3:row,fe4m3:row,bf16:row,fe4m3:row,1,0,invalid,invalid,heuristic,1,false,'[8x4096x6144][8x4096x6144][8x4096x6144][8x4096x6144][8x4096x6144][8x4096x6144][8x4096x6144][8x4096x6144][8x4096x6144][8x4096x6144][8x4096x6144][8x4096x6144][8x4096x6144][8x4096x6144][8x4096x6144][8x4096x6144]',,tensorop,f32,128,256,128,2,2,1,2,1,1,7,4,1,1,128,256,32,100,110,404488192,6443499520,15,0.0676493,5568.56,95248.6
1,CUTLASS,grouped_gemm,cutlass3x_sm100_tensorop_gemm_grouped_e4m3_e4m3_f32_bf16_e4m3_128x256x128_2x2x1_0_ttt_align16_stream_k_2sm_epi_tma,passed,success,grouped,,,,,fe4m3:row,fe4m3:row,bf16:row,fe4m3:row,1,0,invalid,invalid,heuristic,1,false,'[8x4096x6144][8x4096x6144][8x4096x6144][8x4096x6144][8x4096x6144][8x4096x6144][8x4096x6144][8x4096x6144][8x4096x6144][8x4096x6144][8x4096x6144][8x4096x6144][8x4096x6144][8x4096x6144][8x4096x6144][8x4096x6144]',,tensorop,f32,128,256,128,2,2,1,2,1,1,7,4,1,1,128,256,32,100,110,404488192,6443499520,15,0.067424,5587.16,95566.9
1,CUTLASS,grouped_gemm,cutlass3x_sm100_tensorop_gemm_grouped_e4m3_e4m3_f32_bf16_e4m3_128x256x128_4x1x1_0_ttt_align16_2sm_epi_tma,passed,success,grouped,,,,,fe4m3:row,fe4m3:row,bf16:row,fe4m3:row,1,0,invalid,invalid,heuristic,1,false,'[8x4096x6144][8x4096x6144][8x4096x6144][8x4096x6144][8x4096x6144][8x4096x6144][8x4096x6144][8x4096x6144][8x4096x6144][8x4096x6144][8x4096x6144][8x4096x6144][8x4096x6144][8x4096x6144][8x4096x6144][8x4096x6144]',,tensorop,f32,128,256,128,4,1,1,2,1,1,7,4,1,1,128,256,32,100,110,404488192,6443499520,15,0.0928912,4055.38,69366.1
1,CUTLASS,grouped_gemm,cutlass3x_sm100_tensorop_gemm_grouped_e4m3_e4m3_f32_bf16_e4m3_128x256x128_4x1x1_0_ttt_align16_stream_k_2sm_epi_tma,passed,success,grouped,,,,,fe4m3:row,fe4m3:row,bf16:row,fe4m3:row,1,0,invalid,invalid,heuristic,1,false,'[8x4096x6144][8x4096x6144][8x4096x6144][8x4096x6144][8x4096x6144][8x4096x6144][8x4096x6144][8x4096x6144][8x4096x6144][8x4096x6144][8x4096x6144][8x4096x6144][8x4096x6144][8x4096x6144][8x4096x6144][8x4096x6144]',,tensorop,f32,128,256,128,4,1,1,2,1,1,7,4,1,1,128,256,32,100,110,404488192,6443499520,15,0.0929523,4052.71,69320.5
1,CUTLASS,grouped_gemm,cutlass3x_sm100_tensorop_gemm_grouped_e4m3_e4m3_f32_bf16_e4m3_128x256x128_2x4x1_0_ttt_align16_2sm_epi_tma,passed,success,grouped,,,,,fe4m3:row,fe4m3:row,bf16:row,fe4m3:row,1,0,invalid,invalid,heuristic,1,false,'[8x4096x6144][8x4096x6144][8x4096x6144][8x4096x6144][8x4096x6144][8x4096x6144][8x4096x6144][8x4096x6144][8x4096x6144][8x4096x6144][8x4096x6144][8x4096x6144][8x4096x6144][8x4096x6144][8x4096x6144][8x4096x6144]',,tensorop,f32,128,256,128,2,4,1,2,1,1,7,4,1,1,128,256,32,100,110,404488192,6443499520,15,0.0701181,5372.49,91895
1,CUTLASS,grouped_gemm,cutlass3x_sm100_tensorop_gemm_grouped_e4m3_e4m3_f32_bf16_e4m3_128x256x128_2x4x1_0_ttt_align16_stream_k_2sm_epi_tma,passed,success,grouped,,,,,fe4m3:row,fe4m3:row,bf16:row,fe4m3:row,1,0,invalid,invalid,heuristic,1,false,'[8x4096x6144][8x4096x6144][8x4096x6144][8x4096x6144][8x4096x6144][8x4096x6144][8x4096x6144][8x4096x6144][8x4096x6144][8x4096x6144][8x4096x6144][8x4096x6144][8x4096x6144][8x4096x6144][8x4096x6144][8x4096x6144]',,tensorop,f32,128,256,128,2,4,1,2,1,1,7,4,1,1,128,256,32,100,110,404488192,6443499520,15,0.0699226,5387.52,92151.9
1,CUTLASS,grouped_gemm,cutlass3x_sm100_tensorop_gemm_grouped_e4m3_e4m3_f32_bf16_e4m3_128x256x128_4x2x1_0_ttt_align16_2sm_epi_tma,passed,success,grouped,,,,,fe4m3:row,fe4m3:row,bf16:row,fe4m3:row,1,0,invalid,invalid,heuristic,1,false,'[8x4096x6144][8x4096x6144][8x4096x6144][8x4096x6144][8x4096x6144][8x4096x6144][8x4096x6144][8x4096x6144][8x4096x6144][8x4096x6144][8x4096x6144][8x4096x6144][8x4096x6144][8x4096x6144][8x4096x6144][8x4096x6144]',,tensorop,f32,128,256,128,4,2,1,2,1,1,7,4,1,1,128,256,32,100,110,404488192,6443499520,15,0.0933213,4036.69,69046.4
1,CUTLASS,grouped_gemm,cutlass3x_sm100_tensorop_gemm_grouped_e4m3_e4m3_f32_bf16_e4m3_128x256x128_4x2x1_0_ttt_align16_stream_k_2sm_epi_tma,passed,success,grouped,,,,,fe4m3:row,fe4m3:row,bf16:row,fe4m3:row,1,0,invalid,invalid,heuristic,1,false,'[8x4096x6144][8x4096x6144][8x4096x6144][8x4096x6144][8x4096x6144][8x4096x6144][8x4096x6144][8x4096x6144][8x4096x6144][8x4096x6144][8x4096x6144][8x4096x6144][8x4096x6144][8x4096x6144][8x4096x6144][8x4096x6144]',,tensorop,f32,128,256,128,4,2,1,2,1,1,7,4,1,1,128,256,32,100,110,404488192,6443499520,15,0.0932797,4038.49,69077.2
1,CUTLASS,grouped_gemm,cutlass3x_sm100_tensorop_gemm_grouped_e4m3_e4m3_f32_bf16_e4m3_128x256x128_4x4x1_0_ttt_align16_2sm_epi_tma,passed,success,grouped,,,,,fe4m3:row,fe4m3:row,bf16:row,fe4m3:row,1,0,invalid,invalid,heuristic,1,false,'[8x4096x6144][8x4096x6144][8x4096x6144][8x4096x6144][8x4096x6144][8x4096x6144][8x4096x6144][8x4096x6144][8x4096x6144][8x4096x6144][8x4096x6144][8x4096x6144][8x4096x6144][8x4096x6144][8x4096x6144][8x4096x6144]',,tensorop,f32,128,256,128,4,4,1,2,1,1,7,4,1,1,128,256,32,100,110,404488192,6443499520,15,0.101953,3694.93,63200.7
1,CUTLASS,grouped_gemm,cutlass3x_sm100_tensorop_gemm_grouped_e4m3_e4m3_f32_bf16_e4m3_128x256x128_4x4x1_0_ttt_align16_stream_k_2sm_epi_tma,passed,success,grouped,,,,,fe4m3:row,fe4m3:row,bf16:row,fe4m3:row,1,0,invalid,invalid,heuristic,1,false,'[8x4096x6144][8x4096x6144][8x4096x6144][8x4096x6144][8x4096x6144][8x4096x6144][8x4096x6144][8x4096x6144][8x4096x6144][8x4096x6144][8x4096x6144][8x4096x6144][8x4096x6144][8x4096x6144][8x4096x6144][8x4096x6144]',,tensorop,f32,128,256,128,4,4,1,2,1,1,7,4,1,1,128,256,32,100,110,404488192,6443499520,15,0.102076,3690.46,63124.2
1,CUTLASS,grouped_gemm,cutlass3x_sm100_tensorop_gemm_grouped_e4m3_e4m3_f32_bf16_e4m3_256x128x128_0x0x1_0_tnt_align16_2sm_epi_tma,passed,success,grouped,,,,,fe4m3:row,fe4m3:column,bf16:row,fe4m3:row,1,0,invalid,invalid,heuristic,1,false,'[8x4096x6144][8x4096x6144][8x4096x6144][8x4096x6144][8x4096x6144][8x4096x6144][8x4096x6144][8x4096x6144][8x4096x6144][8x4096x6144][8x4096x6144][8x4096x6144][8x4096x6144][8x4096x6144][8x4096x6144][8x4096x6144]',,tensorop,f32,256,128,128,2,1,1,2,1,1,7,4,1,1,256,128,32,100,110,404488192,6443499520,15,0.136616,2757.43,47165
1,CUTLASS,grouped_gemm,cutlass3x_sm100_tensorop_gemm_grouped_e4m3_e4m3_f32_bf16_e4m3_256x128x128_0x0x1_0_tnt_align16_stream_k_2sm_epi_tma,passed,success,grouped,,,,,fe4m3:row,fe4m3:column,bf16:row,fe4m3:row,1,0,invalid,invalid,heuristic,1,false,'[8x4096x6144][8x4096x6144][8x4096x6144][8x4096x6144][8x4096x6144][8x4096x6144][8x4096x6144][8x4096x6144][8x4096x6144][8x4096x6144][8x4096x6144][8x4096x6144][8x4096x6144][8x4096x6144][8x4096x6144][8x4096x6144]',,tensorop,f32,256,128,128,2,1,1,2,1,1,7,4,1,1,256,128,32,100,110,404488192,6443499520,15,0.136474,2760.31,47214.3
1,CUTLASS,grouped_gemm,cutlass3x_sm100_tensorop_gemm_grouped_e4m3_e4m3_f32_bf16_e4m3_256x128x128_2x1x1_0_tnt_align16_2sm_epi_tma,passed,success,grouped,,,,,fe4m3:row,fe4m3:column,bf16:row,fe4m3:row,1,0,invalid,invalid,heuristic,1,false,'[8x4096x6144][8x4096x6144][8x4096x6144][8x4096x6144][8x4096x6144][8x4096x6144][8x4096x6144][8x4096x6144][8x4096x6144][8x4096x6144][8x4096x6144][8x4096x6144][8x4096x6144][8x4096x6144][8x4096x6144][8x4096x6144]',,tensorop,f32,256,128,128,2,1,1,2,1,1,7,4,1,1,256,128,32,100,110,404488192,6443499520,15,0.136247,2764.9,47292.8
1,CUTLASS,grouped_gemm,cutlass3x_sm100_tensorop_gemm_grouped_e4m3_e4m3_f32_bf16_e4m3_256x128x128_2x1x1_0_tnt_align16_stream_k_2sm_epi_tma,passed,success,grouped,,,,,fe4m3:row,fe4m3:column,bf16:row,fe4m3:row,1,0,invalid,invalid,heuristic,1,false,'[8x4096x6144][8x4096x6144][8x4096x6144][8x4096x6144][8x4096x6144][8x4096x6144][8x4096x6144][8x4096x6144][8x4096x6144][8x4096x6144][8x4096x6144][8x4096x6144][8x4096x6144][8x4096x6144][8x4096x6144][8x4096x6144]',,tensorop,f32,256,128,128,2,1,1,2,1,1,7,4,1,1,256,128,32,100,110,404488192,6443499520,15,0.136513,2759.5,47200.5
1,CUTLASS,grouped_gemm,cutlass3x_sm100_tensorop_gemm_grouped_e4m3_e4m3_f32_bf16_e4m3_256x128x128_2x2x1_0_tnt_align16_2sm_epi_tma,passed,success,grouped,,,,,fe4m3:row,fe4m3:column,bf16:row,fe4m3:row,1,0,invalid,invalid,heuristic,1,false,'[8x4096x6144][8x4096x6144][8x4096x6144][8x4096x6144][8x4096x6144][8x4096x6144][8x4096x6144][8x4096x6144][8x4096x6144][8x4096x6144][8x4096x6144][8x4096x6144][8x4096x6144][8x4096x6144][8x4096x6144][8x4096x6144]',,tensorop,f32,256,128,128,2,2,1,2,1,1,7,4,1,1,256,128,32,100,110,404488192,6443499520,15,0.09968,3779.18,64641.8
1,CUTLASS,grouped_gemm,cutlass3x_sm100_tensorop_gemm_grouped_e4m3_e4m3_f32_bf16_e4m3_256x128x128_2x2x1_0_tnt_align16_stream_k_2sm_epi_tma,passed,success,grouped,,,,,fe4m3:row,fe4m3:column,bf16:row,fe4m3:row,1,0,invalid,invalid,heuristic,1,false,'[8x4096x6144][8x4096x6144][8x4096x6144][8x4096x6144][8x4096x6144][8x4096x6144][8x4096x6144][8x4096x6144][8x4096x6144][8x4096x6144][8x4096x6144][8x4096x6144][8x4096x6144][8x4096x6144][8x4096x6144][8x4096x6144]',,tensorop,f32,256,128,128,2,2,1,2,1,1,7,4,1,1,256,128,32,100,110,404488192,6443499520,15,0.0997312,3777.24,64608.7
1,CUTLASS,grouped_gemm,cutlass3x_sm100_tensorop_gemm_grouped_e4m3_e4m3_f32_bf16_e4m3_256x128x128_4x1x1_0_tnt_align16_2sm_epi_tma,passed,success,grouped,,,,,fe4m3:row,fe4m3:column,bf16:row,fe4m3:row,1,0,invalid,invalid,heuristic,1,false,'[8x4096x6144][8x4096x6144][8x4096x6144][8x4096x6144][8x4096x6144][8x4096x6144][8x4096x6144][8x4096x6144][8x4096x6144][8x4096x6144][8x4096x6144][8x4096x6144][8x4096x6144][8x4096x6144][8x4096x6144][8x4096x6144]',,tensorop,f32,256,128,128,4,1,1,2,1,1,7,4,1,1,256,128,32,100,110,404488192,6443499520,15,0.214965,1752.42,29974.7
1,CUTLASS,grouped_gemm,cutlass3x_sm100_tensorop_gemm_grouped_e4m3_e4m3_f32_bf16_e4m3_256x128x128_4x1x1_0_tnt_align16_stream_k_2sm_epi_tma,passed,success,grouped,,,,,fe4m3:row,fe4m3:column,bf16:row,fe4m3:row,1,0,invalid,invalid,heuristic,1,false,'[8x4096x6144][8x4096x6144][8x4096x6144][8x4096x6144][8x4096x6144][8x4096x6144][8x4096x6144][8x4096x6144][8x4096x6144][8x4096x6144][8x4096x6144][8x4096x6144][8x4096x6144][8x4096x6144][8x4096x6144][8x4096x6144]',,tensorop,f32,256,128,128,4,1,1,2,1,1,7,4,1,1,256,128,32,100,110,404488192,6443499520,15,0.214993,1752.19,29970.8
1,CUTLASS,grouped_gemm,cutlass3x_sm100_tensorop_gemm_grouped_e4m3_e4m3_f32_bf16_e4m3_256x128x128_2x4x1_0_tnt_align16_2sm_epi_tma,passed,success,grouped,,,,,fe4m3:row,fe4m3:column,bf16:row,fe4m3:row,1,0,invalid,invalid,heuristic,1,false,'[8x4096x6144][8x4096x6144][8x4096x6144][8x4096x6144][8x4096x6144][8x4096x6144][8x4096x6144][8x4096x6144][8x4096x6144][8x4096x6144][8x4096x6144][8x4096x6144][8x4096x6144][8x4096x6144][8x4096x6144][8x4096x6144]',,tensorop,f32,256,128,128,2,4,1,2,1,1,7,4,1,1,256,128,32,100,110,404488192,6443499520,15,0.0994653,3787.34,64781.4
1,CUTLASS,grouped_gemm,cutlass3x_sm100_tensorop_gemm_grouped_e4m3_e4m3_f32_bf16_e4m3_256x128x128_2x4x1_0_tnt_align16_stream_k_2sm_epi_tma,passed,success,grouped,,,,,fe4m3:row,fe4m3:column,bf16:row,fe4m3:row,1,0,invalid,invalid,heuristic,1,false,'[8x4096x6144][8x4096x6144][8x4096x6144][8x4096x6144][8x4096x6144][8x4096x6144][8x4096x6144][8x4096x6144][8x4096x6144][8x4096x6144][8x4096x6144][8x4096x6144][8x4096x6144][8x4096x6144][8x4096x6144][8x4096x6144]',,tensorop,f32,256,128,128,2,4,1,2,1,1,7,4,1,1,256,128,32,100,110,404488192,6443499520,15,0.0996902,3778.8,64635.2
1,CUTLASS,grouped_gemm,cutlass3x_sm100_tensorop_gemm_grouped_e4m3_e4m3_f32_bf16_e4m3_256x128x128_4x2x1_0_tnt_align16_2sm_epi_tma,passed,success,grouped,,,,,fe4m3:row,fe4m3:column,bf16:row,fe4m3:row,1,0,invalid,invalid,heuristic,1,false,'[8x4096x6144][8x4096x6144][8x4096x6144][8x4096x6144][8x4096x6144][8x4096x6144][8x4096x6144][8x4096x6144][8x4096x6144][8x4096x6144][8x4096x6144][8x4096x6144][8x4096x6144][8x4096x6144][8x4096x6144][8x4096x6144]',,tensorop,f32,256,128,128,4,2,1,2,1,1,7,4,1,1,256,128,32,100,110,404488192,6443499520,15,0.211184,1783.8,30511.4
1,CUTLASS,grouped_gemm,cutlass3x_sm100_tensorop_gemm_grouped_e4m3_e4m3_f32_bf16_e4m3_256x128x128_4x2x1_0_tnt_align16_stream_k_2sm_epi_tma,passed,success,grouped,,,,,fe4m3:row,fe4m3:column,bf16:row,fe4m3:row,1,0,invalid,invalid,heuristic,1,false,'[8x4096x6144][8x4096x6144][8x4096x6144][8x4096x6144][8x4096x6144][8x4096x6144][8x4096x6144][8x4096x6144][8x4096x6144][8x4096x6144][8x4096x6144][8x4096x6144][8x4096x6144][8x4096x6144][8x4096x6144][8x4096x6144]',,tensorop,f32,256,128,128,4,2,1,2,1,1,7,4,1,1,256,128,32,100,110,404488192,6443499520,15,0.211491,1781.21,30467.1
1,CUTLASS,grouped_gemm,cutlass3x_sm100_tensorop_gemm_grouped_e4m3_e4m3_f32_bf16_e4m3_256x128x128_4x4x1_0_tnt_align16_2sm_epi_tma,passed,success,grouped,,,,,fe4m3:row,fe4m3:column,bf16:row,fe4m3:row,1,0,invalid,invalid,heuristic,1,false,'[8x4096x6144][8x4096x6144][8x4096x6144][8x4096x6144][8x4096x6144][8x4096x6144][8x4096x6144][8x4096x6144][8x4096x6144][8x4096x6144][8x4096x6144][8x4096x6144][8x4096x6144][8x4096x6144][8x4096x6144][8x4096x6144]',,tensorop,f32,256,128,128,4,4,1,2,1,1,7,4,1,1,256,128,32,100,110,404488192,6443499520,15,0.17979,2095.27,35839
1,CUTLASS,grouped_gemm,cutlass3x_sm100_tensorop_gemm_grouped_e4m3_e4m3_f32_bf16_e4m3_256x128x128_4x4x1_0_tnt_align16_stream_k_2sm_epi_tma,passed,success,grouped,,,,,fe4m3:row,fe4m3:column,bf16:row,fe4m3:row,1,0,invalid,invalid,heuristic,1,false,'[8x4096x6144][8x4096x6144][8x4096x6144][8x4096x6144][8x4096x6144][8x4096x6144][8x4096x6144][8x4096x6144][8x4096x6144][8x4096x6144][8x4096x6144][8x4096x6144][8x4096x6144][8x4096x6144][8x4096x6144][8x4096x6144]',,tensorop,f32,256,128,128,4,4,1,2,1,1,7,4,1,1,256,128,32,100,110,404488192,6443499520,15,0.179808,2095.07,35835.5
1,CUTLASS,grouped_gemm,cutlass3x_sm100_tensorop_gemm_grouped_e4m3_e4m3_f32_bf16_e4m3_256x128x128_0x0x1_0_ttt_align16_2sm_epi_tma,passed,success,grouped,,,,,fe4m3:row,fe4m3:row,bf16:row,fe4m3:row,1,0,invalid,invalid,heuristic,1,false,'[8x4096x6144][8x4096x6144][8x4096x6144][8x4096x6144][8x4096x6144][8x4096x6144][8x4096x6144][8x4096x6144][8x4096x6144][8x4096x6144][8x4096x6144][8x4096x6144][8x4096x6144][8x4096x6144][8x4096x6144][8x4096x6144]',,tensorop,f32,256,128,128,2,1,1,2,1,1,7,4,1,1,256,128,32,100,110,404488192,6443499520,15,0.137988,2730.02,46696.1
1,CUTLASS,grouped_gemm,cutlass3x_sm100_tensorop_gemm_grouped_e4m3_e4m3_f32_bf16_e4m3_256x128x128_0x0x1_0_ttt_align16_stream_k_2sm_epi_tma,passed,success,grouped,,,,,fe4m3:row,fe4m3:row,bf16:row,fe4m3:row,1,0,invalid,invalid,heuristic,1,false,'[8x4096x6144][8x4096x6144][8x4096x6144][8x4096x6144][8x4096x6144][8x4096x6144][8x4096x6144][8x4096x6144][8x4096x6144][8x4096x6144][8x4096x6144][8x4096x6144][8x4096x6144][8x4096x6144][8x4096x6144][8x4096x6144]',,tensorop,f32,256,128,128,2,1,1,2,1,1,7,4,1,1,256,128,32,100,110,404488192,6443499520,15,0.13808,2728.19,46664.9
1,CUTLASS,grouped_gemm,cutlass3x_sm100_tensorop_gemm_grouped_e4m3_e4m3_f32_bf16_e4m3_256x128x128_2x1x1_0_ttt_align16_2sm_epi_tma,passed,success,grouped,,,,,fe4m3:row,fe4m3:row,bf16:row,fe4m3:row,1,0,invalid,invalid,heuristic,1,false,'[8x4096x6144][8x4096x6144][8x4096x6144][8x4096x6144][8x4096x6144][8x4096x6144][8x4096x6144][8x4096x6144][8x4096x6144][8x4096x6144][8x4096x6144][8x4096x6144][8x4096x6144][8x4096x6144][8x4096x6144][8x4096x6144]',,tensorop,f32,256,128,128,2,1,1,2,1,1,7,4,1,1,256,128,32,100,110,404488192,6443499520,15,0.138224,2725.36,46616.5
1,CUTLASS,grouped_gemm,cutlass3x_sm100_tensorop_gemm_grouped_e4m3_e4m3_f32_bf16_e4m3_256x128x128_2x1x1_0_ttt_align16_stream_k_2sm_epi_tma,passed,success,grouped,,,,,fe4m3:row,fe4m3:row,bf16:row,fe4m3:row,1,0,invalid,invalid,heuristic,1,false,'[8x4096x6144][8x4096x6144][8x4096x6144][8x4096x6144][8x4096x6144][8x4096x6144][8x4096x6144][8x4096x6144][8x4096x6144][8x4096x6144][8x4096x6144][8x4096x6144][8x4096x6144][8x4096x6144][8x4096x6144][8x4096x6144]',,tensorop,f32,256,128,128,2,1,1,2,1,1,7,4,1,1,256,128,32,100,110,404488192,6443499520,15,0.138172,2726.37,46633.8
1,CUTLASS,grouped_gemm,cutlass3x_sm100_tensorop_gemm_grouped_e4m3_e4m3_f32_bf16_e4m3_256x128x128_2x2x1_0_ttt_align16_2sm_epi_tma,passed,success,grouped,,,,,fe4m3:row,fe4m3:row,bf16:row,fe4m3:row,1,0,invalid,invalid,heuristic,1,false,'[8x4096x6144][8x4096x6144][8x4096x6144][8x4096x6144][8x4096x6144][8x4096x6144][8x4096x6144][8x4096x6144][8x4096x6144][8x4096x6144][8x4096x6144][8x4096x6144][8x4096x6144][8x4096x6144][8x4096x6144][8x4096x6144]',,tensorop,f32,256,128,128,2,2,1,2,1,1,7,4,1,1,256,128,32,100,110,404488192,6443499520,15,0.111139,3389.53,57977
1,CUTLASS,grouped_gemm,cutlass3x_sm100_tensorop_gemm_grouped_e4m3_e4m3_f32_bf16_e4m3_256x128x128_2x2x1_0_ttt_align16_stream_k_2sm_epi_tma,passed,success,grouped,,,,,fe4m3:row,fe4m3:row,bf16:row,fe4m3:row,1,0,invalid,invalid,heuristic,1,false,'[8x4096x6144][8x4096x6144][8x4096x6144][8x4096x6144][8x4096x6144][8x4096x6144][8x4096x6144][8x4096x6144][8x4096x6144][8x4096x6144][8x4096x6144][8x4096x6144][8x4096x6144][8x4096x6144][8x4096x6144][8x4096x6144]',,tensorop,f32,256,128,128,2,2,1,2,1,1,7,4,1,1,256,128,32,100,110,404488192,6443499520,15,0.11119,3387.96,57950.1
1,CUTLASS,grouped_gemm,cutlass3x_sm100_tensorop_gemm_grouped_e4m3_e4m3_f32_bf16_e4m3_256x128x128_4x1x1_0_ttt_align16_2sm_epi_tma,passed,success,grouped,,,,,fe4m3:row,fe4m3:row,bf16:row,fe4m3:row,1,0,invalid,invalid,heuristic,1,false,'[8x4096x6144][8x4096x6144][8x4096x6144][8x4096x6144][8x4096x6144][8x4096x6144][8x4096x6144][8x4096x6144][8x4096x6144][8x4096x6144][8x4096x6144][8x4096x6144][8x4096x6144][8x4096x6144][8x4096x6144][8x4096x6144]',,tensorop,f32,256,128,128,4,1,1,2,1,1,7,4,1,1,256,128,32,100,110,404488192,6443499520,15,0.219447,1716.63,29362.4
1,CUTLASS,grouped_gemm,cutlass3x_sm100_tensorop_gemm_grouped_e4m3_e4m3_f32_bf16_e4m3_256x128x128_4x1x1_0_ttt_align16_stream_k_2sm_epi_tma,passed,success,grouped,,,,,fe4m3:row,fe4m3:row,bf16:row,fe4m3:row,1,0,invalid,invalid,heuristic,1,false,'[8x4096x6144][8x4096x6144][8x4096x6144][8x4096x6144][8x4096x6144][8x4096x6144][8x4096x6144][8x4096x6144][8x4096x6144][8x4096x6144][8x4096x6144][8x4096x6144][8x4096x6144][8x4096x6144][8x4096x6144][8x4096x6144]',,tensorop,f32,256,128,128,4,1,1,2,1,1,7,4,1,1,256,128,32,100,110,404488192,6443499520,15,0.219642,1715.11,29336.4
1,CUTLASS,grouped_gemm,cutlass3x_sm100_tensorop_gemm_grouped_e4m3_e4m3_f32_bf16_e4m3_256x128x128_2x4x1_0_ttt_align16_2sm_epi_tma,passed,success,grouped,,,,,fe4m3:row,fe4m3:row,bf16:row,fe4m3:row,1,0,invalid,invalid,heuristic,1,false,'[8x4096x6144][8x4096x6144][8x4096x6144][8x4096x6144][8x4096x6144][8x4096x6144][8x4096x6144][8x4096x6144][8x4096x6144][8x4096x6144][8x4096x6144][8x4096x6144][8x4096x6144][8x4096x6144][8x4096x6144][8x4096x6144]',,tensorop,f32,256,128,128,2,4,1,2,1,1,7,4,1,1,256,128,32,100,110,404488192,6443499520,15,0.105435,3572.91,61113.5
1,CUTLASS,grouped_gemm,cutlass3x_sm100_tensorop_gemm_grouped_e4m3_e4m3_f32_bf16_e4m3_256x128x128_2x4x1_0_ttt_align16_stream_k_2sm_epi_tma,passed,success,grouped,,,,,fe4m3:row,fe4m3:row,bf16:row,fe4m3:row,1,0,invalid,invalid,heuristic,1,false,'[8x4096x6144][8x4096x6144][8x4096x6144][8x4096x6144][8x4096x6144][8x4096x6144][8x4096x6144][8x4096x6144][8x4096x6144][8x4096x6144][8x4096x6144][8x4096x6144][8x4096x6144][8x4096x6144][8x4096x6144][8x4096x6144]',,tensorop,f32,256,128,128,2,4,1,2,1,1,7,4,1,1,256,128,32,100,110,404488192,6443499520,15,0.105415,3573.59,61125.2
1,CUTLASS,grouped_gemm,cutlass3x_sm100_tensorop_gemm_grouped_e4m3_e4m3_f32_bf16_e4m3_256x128x128_4x2x1_0_ttt_align16_2sm_epi_tma,passed,success,grouped,,,,,fe4m3:row,fe4m3:row,bf16:row,fe4m3:row,1,0,invalid,invalid,heuristic,1,false,'[8x4096x6144][8x4096x6144][8x4096x6144][8x4096x6144][8x4096x6144][8x4096x6144][8x4096x6144][8x4096x6144][8x4096x6144][8x4096x6144][8x4096x6144][8x4096x6144][8x4096x6144][8x4096x6144][8x4096x6144][8x4096x6144]',,tensorop,f32,256,128,128,4,2,1,2,1,1,7,4,1,1,256,128,32,100,110,404488192,6443499520,15,0.219099,1719.36,29409.1
1,CUTLASS,grouped_gemm,cutlass3x_sm100_tensorop_gemm_grouped_e4m3_e4m3_f32_bf16_e4m3_256x128x128_4x2x1_0_ttt_align16_stream_k_2sm_epi_tma,passed,success,grouped,,,,,fe4m3:row,fe4m3:row,bf16:row,fe4m3:row,1,0,invalid,invalid,heuristic,1,false,'[8x4096x6144][8x4096x6144][8x4096x6144][8x4096x6144][8x4096x6144][8x4096x6144][8x4096x6144][8x4096x6144][8x4096x6144][8x4096x6144][8x4096x6144][8x4096x6144][8x4096x6144][8x4096x6144][8x4096x6144][8x4096x6144]',,tensorop,f32,256,128,128,4,2,1,2,1,1,7,4,1,1,256,128,32,100,110,404488192,6443499520,15,0.219375,1717.19,29372
1,CUTLASS,grouped_gemm,cutlass3x_sm100_tensorop_gemm_grouped_e4m3_e4m3_f32_bf16_e4m3_256x128x128_4x4x1_0_ttt_align16_2sm_epi_tma,passed,success,grouped,,,,,fe4m3:row,fe4m3:row,bf16:row,fe4m3:row,1,0,invalid,invalid,heuristic,1,false,'[8x4096x6144][8x4096x6144][8x4096x6144][8x4096x6144][8x4096x6144][8x4096x6144][8x4096x6144][8x4096x6144][8x4096x6144][8x4096x6144][8x4096x6144][8x4096x6144][8x4096x6144][8x4096x6144][8x4096x6144][8x4096x6144]',,tensorop,f32,256,128,128,4,4,1,2,1,1,7,4,1,1,256,128,32,100,110,404488192,6443499520,15,0.177996,2116.4,36200.3
1,CUTLASS,grouped_gemm,cutlass3x_sm100_tensorop_gemm_grouped_e4m3_e4m3_f32_bf16_e4m3_256x128x128_4x4x1_0_ttt_align16_stream_k_2sm_epi_tma,passed,success,grouped,,,,,fe4m3:row,fe4m3:row,bf16:row,fe4m3:row,1,0,invalid,invalid,heuristic,1,false,'[8x4096x6144][8x4096x6144][8x4096x6144][8x4096x6144][8x4096x6144][8x4096x6144][8x4096x6144][8x4096x6144][8x4096x6144][8x4096x6144][8x4096x6144][8x4096x6144][8x4096x6144][8x4096x6144][8x4096x6144][8x4096x6144]',,tensorop,f32,256,128,128,4,4,1,2,1,1,7,4,1,1,256,128,32,100,110,404488192,6443499520,15,0.177822,2118.46,36235.7
1,CUTLASS,grouped_gemm,cutlass3x_sm100_tensorop_gemm_grouped_e4m3_e4m3_f32_bf16_e4m3_256x256x128_0x0x1_0_tnt_align16_2sm_epi_tma,passed,success,grouped,,,,,fe4m3:row,fe4m3:column,bf16:row,fe4m3:row,1,0,invalid,invalid,heuristic,1,false,'[8x4096x6144][8x4096x6144][8x4096x6144][8x4096x6144][8x4096x6144][8x4096x6144][8x4096x6144][8x4096x6144][8x4096x6144][8x4096x6144][8x4096x6144][8x4096x6144][8x4096x6144][8x4096x6144][8x4096x6144][8x4096x6144]',,tensorop,f32,256,256,128,2,1,1,2,1,1,4,4,1,1,256,256,32,100,110,404488192,6443499520,15,0.0985846,3821.17,65360.1
1,CUTLASS,grouped_gemm,cutlass3x_sm100_tensorop_gemm_grouped_e4m3_e4m3_f32_bf16_e4m3_256x256x128_0x0x1_0_tnt_align16_stream_k_2sm_epi_tma,passed,success,grouped,,,,,fe4m3:row,fe4m3:column,bf16:row,fe4m3:row,1,0,invalid,invalid,heuristic,1,false,'[8x4096x6144][8x4096x6144][8x4096x6144][8x4096x6144][8x4096x6144][8x4096x6144][8x4096x6144][8x4096x6144][8x4096x6144][8x4096x6144][8x4096x6144][8x4096x6144][8x4096x6144][8x4096x6144][8x4096x6144][8x4096x6144]',,tensorop,f32,256,256,128,2,1,1,2,1,1,4,4,1,1,256,256,32,100,110,404488192,6443499520,15,0.0952563,3954.69,67643.8
1,CUTLASS,grouped_gemm,cutlass3x_sm100_tensorop_gemm_grouped_e4m3_e4m3_f32_bf16_e4m3_256x256x128_2x1x1_0_tnt_align16_2sm_epi_tma,passed,success,grouped,,,,,fe4m3:row,fe4m3:column,bf16:row,fe4m3:row,1,0,invalid,invalid,heuristic,1,false,'[8x4096x6144][8x4096x6144][8x4096x6144][8x4096x6144][8x4096x6144][8x4096x6144][8x4096x6144][8x4096x6144][8x4096x6144][8x4096x6144][8x4096x6144][8x4096x6144][8x4096x6144][8x4096x6144][8x4096x6144][8x4096x6144]',,tensorop,f32,256,256,128,2,1,1,2,1,1,4,4,1,1,256,256,32,100,110,404488192,6443499520,15,0.0981853,3836.72,65625.9
1,CUTLASS,grouped_gemm,cutlass3x_sm100_tensorop_gemm_grouped_e4m3_e4m3_f32_bf16_e4m3_256x256x128_2x1x1_0_tnt_align16_stream_k_2sm_epi_tma,passed,success,grouped,,,,,fe4m3:row,fe4m3:column,bf16:row,fe4m3:row,1,0,invalid,invalid,heuristic,1,false,'[8x4096x6144][8x4096x6144][8x4096x6144][8x4096x6144][8x4096x6144][8x4096x6144][8x4096x6144][8x4096x6144][8x4096x6144][8x4096x6144][8x4096x6144][8x4096x6144][8x4096x6144][8x4096x6144][8x4096x6144][8x4096x6144]',,tensorop,f32,256,256,128,2,1,1,2,1,1,4,4,1,1,256,256,32,100,110,404488192,6443499520,15,0.0945008,3986.3,68184.6
1,CUTLASS,grouped_gemm,cutlass3x_sm100_tensorop_gemm_grouped_e4m3_e4m3_f32_bf16_e4m3_256x256x128_2x2x1_0_tnt_align16_2sm_epi_tma,passed,success,grouped,,,,,fe4m3:row,fe4m3:column,bf16:row,fe4m3:row,1,0,invalid,invalid,heuristic,1,false,'[8x4096x6144][8x4096x6144][8x4096x6144][8x4096x6144][8x4096x6144][8x4096x6144][8x4096x6144][8x4096x6144][8x4096x6144][8x4096x6144][8x4096x6144][8x4096x6144][8x4096x6144][8x4096x6144][8x4096x6144][8x4096x6144]',,tensorop,f32,256,256,128,2,2,1,2,1,1,4,4,1,1,256,256,32,100,110,404488192,6443499520,15,0.0904029,4167,71275.4
1,CUTLASS,grouped_gemm,cutlass3x_sm100_tensorop_gemm_grouped_e4m3_e4m3_f32_bf16_e4m3_256x256x128_2x2x1_0_tnt_align16_stream_k_2sm_epi_tma,passed,success,grouped,,,,,fe4m3:row,fe4m3:column,bf16:row,fe4m3:row,1,0,invalid,invalid,heuristic,1,false,'[8x4096x6144][8x4096x6144][8x4096x6144][8x4096x6144][8x4096x6144][8x4096x6144][8x4096x6144][8x4096x6144][8x4096x6144][8x4096x6144][8x4096x6144][8x4096x6144][8x4096x6144][8x4096x6144][8x4096x6144][8x4096x6144]',,tensorop,f32,256,256,128,2,2,1,2,1,1,4,4,1,1,256,256,32,100,110,404488192,6443499520,15,0.0905869,4158.54,71130.6
1,CUTLASS,grouped_gemm,cutlass3x_sm100_tensorop_gemm_grouped_e4m3_e4m3_f32_bf16_e4m3_256x256x128_4x1x1_0_tnt_align16_2sm_epi_tma,passed,success,grouped,,,,,fe4m3:row,fe4m3:column,bf16:row,fe4m3:row,1,0,invalid,invalid,heuristic,1,false,'[8x4096x6144][8x4096x6144][8x4096x6144][8x4096x6144][8x4096x6144][8x4096x6144][8x4096x6144][8x4096x6144][8x4096x6144][8x4096x6144][8x4096x6144][8x4096x6144][8x4096x6144][8x4096x6144][8x4096x6144][8x4096x6144]',,tensorop,f32,256,256,128,4,1,1,2,1,1,4,4,1,1,256,256,32,100,110,404488192,6443499520,15,0.155283,2425.95,41495.1
1,CUTLASS,grouped_gemm,cutlass3x_sm100_tensorop_gemm_grouped_e4m3_e4m3_f32_bf16_e4m3_256x256x128_4x1x1_0_tnt_align16_stream_k_2sm_epi_tma,passed,success,grouped,,,,,fe4m3:row,fe4m3:column,bf16:row,fe4m3:row,1,0,invalid,invalid,heuristic,1,false,'[8x4096x6144][8x4096x6144][8x4096x6144][8x4096x6144][8x4096x6144][8x4096x6144][8x4096x6144][8x4096x6144][8x4096x6144][8x4096x6144][8x4096x6144][8x4096x6144][8x4096x6144][8x4096x6144][8x4096x6144][8x4096x6144]',,tensorop,f32,256,256,128,4,1,1,2,1,1,4,4,1,1,256,256,32,100,110,404488192,6443499520,15,0.153092,2460.67,42089.1
1,CUTLASS,grouped_gemm,cutlass3x_sm100_tensorop_gemm_grouped_e4m3_e4m3_f32_bf16_e4m3_256x256x128_2x4x1_0_tnt_align16_2sm_epi_tma,passed,success,grouped,,,,,fe4m3:row,fe4m3:column,bf16:row,fe4m3:row,1,0,invalid,invalid,heuristic,1,false,'[8x4096x6144][8x4096x6144][8x4096x6144][8x4096x6144][8x4096x6144][8x4096x6144][8x4096x6144][8x4096x6144][8x4096x6144][8x4096x6144][8x4096x6144][8x4096x6144][8x4096x6144][8x4096x6144][8x4096x6144][8x4096x6144]',,tensorop,f32,256,256,128,2,4,1,2,1,1,4,4,1,1,256,256,32,100,110,404488192,6443499520,15,0.106172,3548.09,60689
1,CUTLASS,grouped_gemm,cutlass3x_sm100_tensorop_gemm_grouped_e4m3_e4m3_f32_bf16_e4m3_256x256x128_2x4x1_0_tnt_align16_stream_k_2sm_epi_tma,passed,success,grouped,,,,,fe4m3:row,fe4m3:column,bf16:row,fe4m3:row,1,0,invalid,invalid,heuristic,1,false,'[8x4096x6144][8x4096x6144][8x4096x6144][8x4096x6144][8x4096x6144][8x4096x6144][8x4096x6144][8x4096x6144][8x4096x6144][8x4096x6144][8x4096x6144][8x4096x6144][8x4096x6144][8x4096x6144][8x4096x6144][8x4096x6144]',,tensorop,f32,256,256,128,2,4,1,2,1,1,4,4,1,1,256,256,32,100,110,404488192,6443499520,15,0.10611,3550.16,60724.5
1,CUTLASS,grouped_gemm,cutlass3x_sm100_tensorop_gemm_grouped_e4m3_e4m3_f32_bf16_e4m3_256x256x128_4x2x1_0_tnt_align16_2sm_epi_tma,passed,success,grouped,,,,,fe4m3:row,fe4m3:column,bf16:row,fe4m3:row,1,0,invalid,invalid,heuristic,1,false,'[8x4096x6144][8x4096x6144][8x4096x6144][8x4096x6144][8x4096x6144][8x4096x6144][8x4096x6144][8x4096x6144][8x4096x6144][8x4096x6144][8x4096x6144][8x4096x6144][8x4096x6144][8x4096x6144][8x4096x6144][8x4096x6144]',,tensorop,f32,256,256,128,4,2,1,2,1,1,4,4,1,1,256,256,32,100,110,404488192,6443499520,15,0.163772,2300.2,39344.3
1,CUTLASS,grouped_gemm,cutlass3x_sm100_tensorop_gemm_grouped_e4m3_e4m3_f32_bf16_e4m3_256x256x128_4x2x1_0_tnt_align16_stream_k_2sm_epi_tma,passed,success,grouped,,,,,fe4m3:row,fe4m3:column,bf16:row,fe4m3:row,1,0,invalid,invalid,heuristic,1,false,'[8x4096x6144][8x4096x6144][8x4096x6144][8x4096x6144][8x4096x6144][8x4096x6144][8x4096x6144][8x4096x6144][8x4096x6144][8x4096x6144][8x4096x6144][8x4096x6144][8x4096x6144][8x4096x6144][8x4096x6144][8x4096x6144]',,tensorop,f32,256,256,128,4,2,1,2,1,1,4,4,1,1,256,256,32,100,110,404488192,6443499520,15,0.1637,2301.21,39361.5
1,CUTLASS,grouped_gemm,cutlass3x_sm100_tensorop_gemm_grouped_e4m3_e4m3_f32_bf16_e4m3_256x256x128_4x4x1_0_tnt_align16_2sm_epi_tma,passed,success,grouped,,,,,fe4m3:row,fe4m3:column,bf16:row,fe4m3:row,1,0,invalid,invalid,heuristic,1,false,'[8x4096x6144][8x4096x6144][8x4096x6144][8x4096x6144][8x4096x6144][8x4096x6144][8x4096x6144][8x4096x6144][8x4096x6144][8x4096x6144][8x4096x6144][8x4096x6144][8x4096x6144][8x4096x6144][8x4096x6144][8x4096x6144]',,tensorop,f32,256,256,128,4,4,1,2,1,1,4,4,1,1,256,256,32,100,110,404488192,6443499520,15,0.181559,2074.86,35489.8
1,CUTLASS,grouped_gemm,cutlass3x_sm100_tensorop_gemm_grouped_e4m3_e4m3_f32_bf16_e4m3_256x256x128_4x4x1_0_tnt_align16_stream_k_2sm_epi_tma,passed,success,grouped,,,,,fe4m3:row,fe4m3:column,bf16:row,fe4m3:row,1,0,invalid,invalid,heuristic,1,false,'[8x4096x6144][8x4096x6144][8x4096x6144][8x4096x6144][8x4096x6144][8x4096x6144][8x4096x6144][8x4096x6144][8x4096x6144][8x4096x6144][8x4096x6144][8x4096x6144][8x4096x6144][8x4096x6144][8x4096x6144][8x4096x6144]',,tensorop,f32,256,256,128,4,4,1,2,1,1,4,4,1,1,256,256,32,100,110,404488192,6443499520,15,0.181303,2077.78,35539.9
1,CUTLASS,grouped_gemm,cutlass3x_sm100_tensorop_gemm_grouped_e4m3_e4m3_f32_bf16_e4m3_256x256x128_0x0x1_0_ttt_align16_2sm_epi_tma,passed,success,grouped,,,,,fe4m3:row,fe4m3:row,bf16:row,fe4m3:row,1,0,invalid,invalid,heuristic,1,false,'[8x4096x6144][8x4096x6144][8x4096x6144][8x4096x6144][8x4096x6144][8x4096x6144][8x4096x6144][8x4096x6144][8x4096x6144][8x4096x6144][8x4096x6144][8x4096x6144][8x4096x6144][8x4096x6144][8x4096x6144][8x4096x6144]',,tensorop,f32,256,256,128,2,1,1,2,1,1,4,4,1,1,256,256,32,100,110,404488192,6443499520,15,0.096127,3918.87,67031.1
1,CUTLASS,grouped_gemm,cutlass3x_sm100_tensorop_gemm_grouped_e4m3_e4m3_f32_bf16_e4m3_256x256x128_0x0x1_0_ttt_align16_stream_k_2sm_epi_tma,passed,success,grouped,,,,,fe4m3:row,fe4m3:row,bf16:row,fe4m3:row,1,0,invalid,invalid,heuristic,1,false,'[8x4096x6144][8x4096x6144][8x4096x6144][8x4096x6144][8x4096x6144][8x4096x6144][8x4096x6144][8x4096x6144][8x4096x6144][8x4096x6144][8x4096x6144][8x4096x6144][8x4096x6144][8x4096x6144][8x4096x6144][8x4096x6144]',,tensorop,f32,256,256,128,2,1,1,2,1,1,4,4,1,1,256,256,32,100,110,404488192,6443499520,15,0.0928294,4058.08,69412.2
1,CUTLASS,grouped_gemm,cutlass3x_sm100_tensorop_gemm_grouped_e4m3_e4m3_f32_bf16_e4m3_256x256x128_2x1x1_0_ttt_align16_2sm_epi_tma,passed,success,grouped,,,,,fe4m3:row,fe4m3:row,bf16:row,fe4m3:row,1,0,invalid,invalid,heuristic,1,false,'[8x4096x6144][8x4096x6144][8x4096x6144][8x4096x6144][8x4096x6144][8x4096x6144][8x4096x6144][8x4096x6144][8x4096x6144][8x4096x6144][8x4096x6144][8x4096x6144][8x4096x6144][8x4096x6144][8x4096x6144][8x4096x6144]',,tensorop,f32,256,256,128,2,1,1,2,1,1,4,4,1,1,256,256,32,100,110,404488192,6443499520,15,0.096127,3918.87,67031.1
1,CUTLASS,grouped_gemm,cutlass3x_sm100_tensorop_gemm_grouped_e4m3_e4m3_f32_bf16_e4m3_256x256x128_2x1x1_0_ttt_align16_stream_k_2sm_epi_tma,passed,success,grouped,,,,,fe4m3:row,fe4m3:row,bf16:row,fe4m3:row,1,0,invalid,invalid,heuristic,1,false,'[8x4096x6144][8x4096x6144][8x4096x6144][8x4096x6144][8x4096x6144][8x4096x6144][8x4096x6144][8x4096x6144][8x4096x6144][8x4096x6144][8x4096x6144][8x4096x6144][8x4096x6144][8x4096x6144][8x4096x6144][8x4096x6144]',,tensorop,f32,256,256,128,2,1,1,2,1,1,4,4,1,1,256,256,32,100,110,404488192,6443499520,15,0.091928,4097.87,70092.9
1,CUTLASS,grouped_gemm,cutlass3x_sm100_tensorop_gemm_grouped_e4m3_e4m3_f32_bf16_e4m3_256x256x128_2x2x1_0_ttt_align16_2sm_epi_tma,passed,success,grouped,,,,,fe4m3:row,fe4m3:row,bf16:row,fe4m3:row,1,0,invalid,invalid,heuristic,1,false,'[8x4096x6144][8x4096x6144][8x4096x6144][8x4096x6144][8x4096x6144][8x4096x6144][8x4096x6144][8x4096x6144][8x4096x6144][8x4096x6144][8x4096x6144][8x4096x6144][8x4096x6144][8x4096x6144][8x4096x6144][8x4096x6144]',,tensorop,f32,256,256,128,2,2,1,2,1,1,4,4,1,1,256,256,32,100,110,404488192,6443499520,15,0.0831024,4533.07,77536.9
1,CUTLASS,grouped_gemm,cutlass3x_sm100_tensorop_gemm_grouped_e4m3_e4m3_f32_bf16_e4m3_256x256x128_2x2x1_0_ttt_align16_stream_k_2sm_epi_tma,passed,success,grouped,,,,,fe4m3:row,fe4m3:row,bf16:row,fe4m3:row,1,0,invalid,invalid,heuristic,1,false,'[8x4096x6144][8x4096x6144][8x4096x6144][8x4096x6144][8x4096x6144][8x4096x6144][8x4096x6144][8x4096x6144][8x4096x6144][8x4096x6144][8x4096x6144][8x4096x6144][8x4096x6144][8x4096x6144][8x4096x6144][8x4096x6144]',,tensorop,f32,256,256,128,2,2,1,2,1,1,4,4,1,1,256,256,32,100,110,404488192,6443499520,15,0.0831219,4532.01,77518.7
1,CUTLASS,grouped_gemm,cutlass3x_sm100_tensorop_gemm_grouped_e4m3_e4m3_f32_bf16_e4m3_256x256x128_4x1x1_0_ttt_align16_2sm_epi_tma,passed,success,grouped,,,,,fe4m3:row,fe4m3:row,bf16:row,fe4m3:row,1,0,invalid,invalid,heuristic,1,false,'[8x4096x6144][8x4096x6144][8x4096x6144][8x4096x6144][8x4096x6144][8x4096x6144][8x4096x6144][8x4096x6144][8x4096x6144][8x4096x6144][8x4096x6144][8x4096x6144][8x4096x6144][8x4096x6144][8x4096x6144][8x4096x6144]',,tensorop,f32,256,256,128,4,1,1,2,1,1,4,4,1,1,256,256,32,100,110,404488192,6443499520,15,0.150552,2502.18,42799.1
1,CUTLASS,grouped_gemm,cutlass3x_sm100_tensorop_gemm_grouped_e4m3_e4m3_f32_bf16_e4m3_256x256x128_4x1x1_0_ttt_align16_stream_k_2sm_epi_tma,passed,success,grouped,,,,,fe4m3:row,fe4m3:row,bf16:row,fe4m3:row,1,0,invalid,invalid,heuristic,1,false,'[8x4096x6144][8x4096x6144][8x4096x6144][8x4096x6144][8x4096x6144][8x4096x6144][8x4096x6144][8x4096x6144][8x4096x6144][8x4096x6144][8x4096x6144][8x4096x6144][8x4096x6144][8x4096x6144][8x4096x6144][8x4096x6144]',,tensorop,f32,256,256,128,4,1,1,2,1,1,4,4,1,1,256,256,32,100,110,404488192,6443499520,15,0.148658,2534.07,43344.5
1,CUTLASS,grouped_gemm,cutlass3x_sm100_tensorop_gemm_grouped_e4m3_e4m3_f32_bf16_e4m3_256x256x128_2x4x1_0_ttt_align16_2sm_epi_tma,passed,success,grouped,,,,,fe4m3:row,fe4m3:row,bf16:row,fe4m3:row,1,0,invalid,invalid,heuristic,1,false,'[8x4096x6144][8x4096x6144][8x4096x6144][8x4096x6144][8x4096x6144][8x4096x6144][8x4096x6144][8x4096x6144][8x4096x6144][8x4096x6144][8x4096x6144][8x4096x6144][8x4096x6144][8x4096x6144][8x4096x6144][8x4096x6144]',,tensorop,f32,256,256,128,2,4,1,2,1,1,4,4,1,1,256,256,32,100,110,404488192,6443499520,15,0.0961574,3917.63,67009.9
1,CUTLASS,grouped_gemm,cutlass3x_sm100_tensorop_gemm_grouped_e4m3_e4m3_f32_bf16_e4m3_256x256x128_2x4x1_0_ttt_align16_stream_k_2sm_epi_tma,passed,success,grouped,,,,,fe4m3:row,fe4m3:row,bf16:row,fe4m3:row,1,0,invalid,invalid,heuristic,1,false,'[8x4096x6144][8x4096x6144][8x4096x6144][8x4096x6144][8x4096x6144][8x4096x6144][8x4096x6144][8x4096x6144][8x4096x6144][8x4096x6144][8x4096x6144][8x4096x6144][8x4096x6144][8x4096x6144][8x4096x6144][8x4096x6144]',,tensorop,f32,256,256,128,2,4,1,2,1,1,4,4,1,1,256,256,32,100,110,404488192,6443499520,15,0.0961882,3916.38,66988.5
1,CUTLASS,grouped_gemm,cutlass3x_sm100_tensorop_gemm_grouped_e4m3_e4m3_f32_bf16_e4m3_256x256x128_4x2x1_0_ttt_align16_2sm_epi_tma,passed,success,grouped,,,,,fe4m3:row,fe4m3:row,bf16:row,fe4m3:row,1,0,invalid,invalid,heuristic,1,false,'[8x4096x6144][8x4096x6144][8x4096x6144][8x4096x6144][8x4096x6144][8x4096x6144][8x4096x6144][8x4096x6144][8x4096x6144][8x4096x6144][8x4096x6144][8x4096x6144][8x4096x6144][8x4096x6144][8x4096x6144][8x4096x6144]',,tensorop,f32,256,256,128,4,2,1,2,1,1,4,4,1,1,256,256,32,100,110,404488192,6443499520,15,0.154036,2445.59,41831.1
1,CUTLASS,grouped_gemm,cutlass3x_sm100_tensorop_gemm_grouped_e4m3_e4m3_f32_bf16_e4m3_256x256x128_4x2x1_0_ttt_align16_stream_k_2sm_epi_tma,passed,success,grouped,,,,,fe4m3:row,fe4m3:row,bf16:row,fe4m3:row,1,0,invalid,invalid,heuristic,1,false,'[8x4096x6144][8x4096x6144][8x4096x6144][8x4096x6144][8x4096x6144][8x4096x6144][8x4096x6144][8x4096x6144][8x4096x6144][8x4096x6144][8x4096x6144][8x4096x6144][8x4096x6144][8x4096x6144][8x4096x6144][8x4096x6144]',,tensorop,f32,256,256,128,4,2,1,2,1,1,4,4,1,1,256,256,32,100,110,404488192,6443499520,15,0.15387,2448.22,41876.1
1,CUTLASS,grouped_gemm,cutlass3x_sm100_tensorop_gemm_grouped_e4m3_e4m3_f32_bf16_e4m3_256x256x128_4x4x1_0_ttt_align16_2sm_epi_tma,passed,success,grouped,,,,,fe4m3:row,fe4m3:row,bf16:row,fe4m3:row,1,0,invalid,invalid,heuristic,1,false,'[8x4096x6144][8x4096x6144][8x4096x6144][8x4096x6144][8x4096x6144][8x4096x6144][8x4096x6144][8x4096x6144][8x4096x6144][8x4096x6144][8x4096x6144][8x4096x6144][8x4096x6144][8x4096x6144][8x4096x6144][8x4096x6144]',,tensorop,f32,256,256,128,4,4,1,2,1,1,4,4,1,1,256,256,32,100,110,404488192,6443499520,15,0.169343,2224.53,38050
1,CUTLASS,grouped_gemm,cutlass3x_sm100_tensorop_gemm_grouped_e4m3_e4m3_f32_bf16_e4m3_256x256x128_4x4x1_0_ttt_align16_stream_k_2sm_epi_tma,passed,success,grouped,,,,,fe4m3:row,fe4m3:row,bf16:row,fe4m3:row,1,0,invalid,invalid,heuristic,1,false,'[8x4096x6144][8x4096x6144][8x4096x6144][8x4096x6144][8x4096x6144][8x4096x6144][8x4096x6144][8x4096x6144][8x4096x6144][8x4096x6144][8x4096x6144][8x4096x6144][8x4096x6144][8x4096x6144][8x4096x6144][8x4096x6144]',,tensorop,f32,256,256,128,4,4,1,2,1,1,4,4,1,1,256,256,32,100,110,404488192,6443499520,15,0.169404,2223.72,38036.2
