Problem,Provider,OperationKind,Operation,Disposition,Status,gemm_kind,m,n,k,num_groups,A,B,C,D,alpha,beta,runtime_input_datatype_a,runtime_input_datatype_b,raster_order,swizzle_size,use_pdl,problem-sizes,problem-sizes-file,op_class,accum,cta_m,cta_n,cta_k,cluster_m,cluster_n,cluster_k,cluster_m_fallback,cluster_n_fallback,cluster_k_fallback,stages,warps_m,warps_n,warps_k,inst_m,inst_n,inst_k,min_cc,max_cc,Bytes,Flops,Flops/Byte,Runtime,GB/s,GFLOPs
1,CUTLASS,grouped_gemm,cutlass3x_sm100_tensorop_gemm_grouped_bf16_bf16_f32_f32_f32_64x128x64_0x0x1_0_tnt_align8_1sm,passed,success,grouped,,,,,bf16:row,bf16:column,f32:row,f32:row,1,0,invalid,invalid,heuristic,1,false,'[683x5120x1536][683x5120x1536][683x5120x1536][683x5120x1536][683x5120x1536][683x5120x1536][683x5120x1536][683x5120x1536][683x5120x1536][683x5120x1536][683x5120x1536][683x5120x1536][683x5120x1536][683x5120x1536][683x5120x1536][683x5120x1536][683x5120x1536][683x5120x1536][683x5120x1536][683x5120x1536][683x5120x1536][683x5120x1536][683x5120x1536][683x5120x1536][683x5120x1536][683x5120x1536][683x5120x1536][683x5120x1536][683x5120x1536][683x5120x1536][683x5120x1536][683x5120x1536][683x5120x1536][683x5120x1536][683x5120x1536][683x5120x1536][683x5120x1536][683x5120x1536][683x5120x1536][683x5120x1536][683x5120x1536][683x5120x1536][683x5120x1536][683x5120x1536][683x5120x1536][683x5120x1536][683x5120x1536][683x5120x1536][683x5120x1536][683x5120x1536][683x5120x1536][683x5120x1536][683x5120x1536][683x5120x1536][683x5120x1536][683x5120x1536][683x5120x1536][683x5120x1536][683x5120x1536][683x5120x1536][683x5120x1536][683x5120x1536][683x5120x1536][683x5120x1536][682x5120x1536][682x5120x1536][682x5120x1536][682x5120x1536][682x5120x1536][682x5120x1536][682x5120x1536][682x5120x1536][682x5120x1536][682x5120x1536][682x5120x1536][682x5120x1536][682x5120x1536][682x5120x1536][682x5120x1536][682x5120x1536][682x5120x1536][682x5120x1536][682x5120x1536][682x5120x1536][682x5120x1536][682x5120x1536][682x5120x1536][682x5120x1536][682x5120x1536][682x5120x1536][682x5120x1536][682x5120x1536][682x5120x1536][682x5120x1536][682x5120x1536][682x5120x1536]',,tensorop,f32,64,128,64,1,1,1,1,1,1,7,4,1,1,64,128,16,100,110,3053453312,1031463239680,337,1.22134,2328.38,844531
1,CUTLASS,grouped_gemm,cutlass3x_sm100_tensorop_gemm_grouped_bf16_bf16_f32_f32_f32_64x128x64_0x0x1_0_tnt_align8_stream_k_1sm,passed,success,grouped,,,,,bf16:row,bf16:column,f32:row,f32:row,1,0,invalid,invalid,heuristic,1,false,'[683x5120x1536][683x5120x1536][683x5120x1536][683x5120x1536][683x5120x1536][683x5120x1536][683x5120x1536][683x5120x1536][683x5120x1536][683x5120x1536][683x5120x1536][683x5120x1536][683x5120x1536][683x5120x1536][683x5120x1536][683x5120x1536][683x5120x1536][683x5120x1536][683x5120x1536][683x5120x1536][683x5120x1536][683x5120x1536][683x5120x1536][683x5120x1536][683x5120x1536][683x5120x1536][683x5120x1536][683x5120x1536][683x5120x1536][683x5120x1536][683x5120x1536][683x5120x1536][683x5120x1536][683x5120x1536][683x5120x1536][683x5120x1536][683x5120x1536][683x5120x1536][683x5120x1536][683x5120x1536][683x5120x1536][683x5120x1536][683x5120x1536][683x5120x1536][683x5120x1536][683x5120x1536][683x5120x1536][683x5120x1536][683x5120x1536][683x5120x1536][683x5120x1536][683x5120x1536][683x5120x1536][683x5120x1536][683x5120x1536][683x5120x1536][683x5120x1536][683x5120x1536][683x5120x1536][683x5120x1536][683x5120x1536][683x5120x1536][683x5120x1536][683x5120x1536][682x5120x1536][682x5120x1536][682x5120x1536][682x5120x1536][682x5120x1536][682x5120x1536][682x5120x1536][682x5120x1536][682x5120x1536][682x5120x1536][682x5120x1536][682x5120x1536][682x5120x1536][682x5120x1536][682x5120x1536][682x5120x1536][682x5120x1536][682x5120x1536][682x5120x1536][682x5120x1536][682x5120x1536][682x5120x1536][682x5120x1536][682x5120x1536][682x5120x1536][682x5120x1536][682x5120x1536][682x5120x1536][682x5120x1536][682x5120x1536][682x5120x1536][682x5120x1536]',,tensorop,f32,64,128,64,1,1,1,1,1,1,7,4,1,1,64,128,16,100,110,3053453312,1031463239680,337,1.22053,2329.93,845096
1,CUTLASS,grouped_gemm,cutlass3x_sm100_tensorop_gemm_grouped_bf16_bf16_f32_void_f32_64x128x64_0x0x1_0_tnt_align8_1sm,passed,success,grouped,,,,,bf16:row,bf16:column,void:row,f32:row,1,0,invalid,invalid,heuristic,1,false,'[683x5120x1536][683x5120x1536][683x5120x1536][683x5120x1536][683x5120x1536][683x5120x1536][683x5120x1536][683x5120x1536][683x5120x1536][683x5120x1536][683x5120x1536][683x5120x1536][683x5120x1536][683x5120x1536][683x5120x1536][683x5120x1536][683x5120x1536][683x5120x1536][683x5120x1536][683x5120x1536][683x5120x1536][683x5120x1536][683x5120x1536][683x5120x1536][683x5120x1536][683x5120x1536][683x5120x1536][683x5120x1536][683x5120x1536][683x5120x1536][683x5120x1536][683x5120x1536][683x5120x1536][683x5120x1536][683x5120x1536][683x5120x1536][683x5120x1536][683x5120x1536][683x5120x1536][683x5120x1536][683x5120x1536][683x5120x1536][683x5120x1536][683x5120x1536][683x5120x1536][683x5120x1536][683x5120x1536][683x5120x1536][683x5120x1536][683x5120x1536][683x5120x1536][683x5120x1536][683x5120x1536][683x5120x1536][683x5120x1536][683x5120x1536][683x5120x1536][683x5120x1536][683x5120x1536][683x5120x1536][683x5120x1536][683x5120x1536][683x5120x1536][683x5120x1536][682x5120x1536][682x5120x1536][682x5120x1536][682x5120x1536][682x5120x1536][682x5120x1536][682x5120x1536][682x5120x1536][682x5120x1536][682x5120x1536][682x5120x1536][682x5120x1536][682x5120x1536][682x5120x1536][682x5120x1536][682x5120x1536][682x5120x1536][682x5120x1536][682x5120x1536][682x5120x1536][682x5120x1536][682x5120x1536][682x5120x1536][682x5120x1536][682x5120x1536][682x5120x1536][682x5120x1536][682x5120x1536][682x5120x1536][682x5120x1536][682x5120x1536][682x5120x1536]',,tensorop,f32,64,128,64,1,1,1,1,1,1,7,4,1,1,64,128,16,100,110,1711276032,1031463239680,602,1.24183,1283.39,830601
1,CUTLASS,grouped_gemm,cutlass3x_sm100_tensorop_gemm_grouped_bf16_bf16_f32_void_f32_64x128x64_0x0x1_0_tnt_align8_stream_k_1sm,passed,success,grouped,,,,,bf16:row,bf16:column,void:row,f32:row,1,0,invalid,invalid,heuristic,1,false,'[683x5120x1536][683x5120x1536][683x5120x1536][683x5120x1536][683x5120x1536][683x5120x1536][683x5120x1536][683x5120x1536][683x5120x1536][683x5120x1536][683x5120x1536][683x5120x1536][683x5120x1536][683x5120x1536][683x5120x1536][683x5120x1536][683x5120x1536][683x5120x1536][683x5120x1536][683x5120x1536][683x5120x1536][683x5120x1536][683x5120x1536][683x5120x1536][683x5120x1536][683x5120x1536][683x5120x1536][683x5120x1536][683x5120x1536][683x5120x1536][683x5120x1536][683x5120x1536][683x5120x1536][683x5120x1536][683x5120x1536][683x5120x1536][683x5120x1536][683x5120x1536][683x5120x1536][683x5120x1536][683x5120x1536][683x5120x1536][683x5120x1536][683x5120x1536][683x5120x1536][683x5120x1536][683x5120x1536][683x5120x1536][683x5120x1536][683x5120x1536][683x5120x1536][683x5120x1536][683x5120x1536][683x5120x1536][683x5120x1536][683x5120x1536][683x5120x1536][683x5120x1536][683x5120x1536][683x5120x1536][683x5120x1536][683x5120x1536][683x5120x1536][683x5120x1536][682x5120x1536][682x5120x1536][682x5120x1536][682x5120x1536][682x5120x1536][682x5120x1536][682x5120x1536][682x5120x1536][682x5120x1536][682x5120x1536][682x5120x1536][682x5120x1536][682x5120x1536][682x5120x1536][682x5120x1536][682x5120x1536][682x5120x1536][682x5120x1536][682x5120x1536][682x5120x1536][682x5120x1536][682x5120x1536][682x5120x1536][682x5120x1536][682x5120x1536][682x5120x1536][682x5120x1536][682x5120x1536][682x5120x1536][682x5120x1536][682x5120x1536][682x5120x1536]',,tensorop,f32,64,128,64,1,1,1,1,1,1,7,4,1,1,64,128,16,100,110,1711276032,1031463239680,602,1.24121,1284.03,831015
1,CUTLASS,grouped_gemm,cutlass3x_sm100_tensorop_gemm_grouped_bf16_bf16_f32_f32_f32_64x128x64_1x1x1_0_tnt_align8_1sm,passed,success,grouped,,,,,bf16:row,bf16:column,f32:row,f32:row,1,0,invalid,invalid,heuristic,1,false,'[683x5120x1536][683x5120x1536][683x5120x1536][683x5120x1536][683x5120x1536][683x5120x1536][683x5120x1536][683x5120x1536][683x5120x1536][683x5120x1536][683x5120x1536][683x5120x1536][683x5120x1536][683x5120x1536][683x5120x1536][683x5120x1536][683x5120x1536][683x5120x1536][683x5120x1536][683x5120x1536][683x5120x1536][683x5120x1536][683x5120x1536][683x5120x1536][683x5120x1536][683x5120x1536][683x5120x1536][683x5120x1536][683x5120x1536][683x5120x1536][683x5120x1536][683x5120x1536][683x5120x1536][683x5120x1536][683x5120x1536][683x5120x1536][683x5120x1536][683x5120x1536][683x5120x1536][683x5120x1536][683x5120x1536][683x5120x1536][683x5120x1536][683x5120x1536][683x5120x1536][683x5120x1536][683x5120x1536][683x5120x1536][683x5120x1536][683x5120x1536][683x5120x1536][683x5120x1536][683x5120x1536][683x5120x1536][683x5120x1536][683x5120x1536][683x5120x1536][683x5120x1536][683x5120x1536][683x5120x1536][683x5120x1536][683x5120x1536][683x5120x1536][683x5120x1536][682x5120x1536][682x5120x1536][682x5120x1536][682x5120x1536][682x5120x1536][682x5120x1536][682x5120x1536][682x5120x1536][682x5120x1536][682x5120x1536][682x5120x1536][682x5120x1536][682x5120x1536][682x5120x1536][682x5120x1536][682x5120x1536][682x5120x1536][682x5120x1536][682x5120x1536][682x5120x1536][682x5120x1536][682x5120x1536][682x5120x1536][682x5120x1536][682x5120x1536][682x5120x1536][682x5120x1536][682x5120x1536][682x5120x1536][682x5120x1536][682x5120x1536][682x5120x1536]',,tensorop,f32,64,128,64,1,1,1,1,1,1,7,4,1,1,64,128,16,100,110,3053453312,1031463239680,337,1.25281,2269.9,823320
1,CUTLASS,grouped_gemm,cutlass3x_sm100_tensorop_gemm_grouped_bf16_bf16_f32_f32_f32_64x128x64_1x1x1_0_tnt_align8_stream_k_1sm,passed,success,grouped,,,,,bf16:row,bf16:column,f32:row,f32:row,1,0,invalid,invalid,heuristic,1,false,'[683x5120x1536][683x5120x1536][683x5120x1536][683x5120x1536][683x5120x1536][683x5120x1536][683x5120x1536][683x5120x1536][683x5120x1536][683x5120x1536][683x5120x1536][683x5120x1536][683x5120x1536][683x5120x1536][683x5120x1536][683x5120x1536][683x5120x1536][683x5120x1536][683x5120x1536][683x5120x1536][683x5120x1536][683x5120x1536][683x5120x1536][683x5120x1536][683x5120x1536][683x5120x1536][683x5120x1536][683x5120x1536][683x5120x1536][683x5120x1536][683x5120x1536][683x5120x1536][683x5120x1536][683x5120x1536][683x5120x1536][683x5120x1536][683x5120x1536][683x5120x1536][683x5120x1536][683x5120x1536][683x5120x1536][683x5120x1536][683x5120x1536][683x5120x1536][683x5120x1536][683x5120x1536][683x5120x1536][683x5120x1536][683x5120x1536][683x5120x1536][683x5120x1536][683x5120x1536][683x5120x1536][683x5120x1536][683x5120x1536][683x5120x1536][683x5120x1536][683x5120x1536][683x5120x1536][683x5120x1536][683x5120x1536][683x5120x1536][683x5120x1536][683x5120x1536][682x5120x1536][682x5120x1536][682x5120x1536][682x5120x1536][682x5120x1536][682x5120x1536][682x5120x1536][682x5120x1536][682x5120x1536][682x5120x1536][682x5120x1536][682x5120x1536][682x5120x1536][682x5120x1536][682x5120x1536][682x5120x1536][682x5120x1536][682x5120x1536][682x5120x1536][682x5120x1536][682x5120x1536][682x5120x1536][682x5120x1536][682x5120x1536][682x5120x1536][682x5120x1536][682x5120x1536][682x5120x1536][682x5120x1536][682x5120x1536][682x5120x1536][682x5120x1536]',,tensorop,f32,64,128,64,1,1,1,1,1,1,7,4,1,1,64,128,16,100,110,3053453312,1031463239680,337,1.25329,2269.02,823003
1,CUTLASS,grouped_gemm,cutlass3x_sm100_tensorop_gemm_grouped_bf16_bf16_f32_void_f32_64x128x64_1x1x1_0_tnt_align8_1sm,passed,success,grouped,,,,,bf16:row,bf16:column,void:row,f32:row,1,0,invalid,invalid,heuristic,1,false,'[683x5120x1536][683x5120x1536][683x5120x1536][683x5120x1536][683x5120x1536][683x5120x1536][683x5120x1536][683x5120x1536][683x5120x1536][683x5120x1536][683x5120x1536][683x5120x1536][683x5120x1536][683x5120x1536][683x5120x1536][683x5120x1536][683x5120x1536][683x5120x1536][683x5120x1536][683x5120x1536][683x5120x1536][683x5120x1536][683x5120x1536][683x5120x1536][683x5120x1536][683x5120x1536][683x5120x1536][683x5120x1536][683x5120x1536][683x5120x1536][683x5120x1536][683x5120x1536][683x5120x1536][683x5120x1536][683x5120x1536][683x5120x1536][683x5120x1536][683x5120x1536][683x5120x1536][683x5120x1536][683x5120x1536][683x5120x1536][683x5120x1536][683x5120x1536][683x5120x1536][683x5120x1536][683x5120x1536][683x5120x1536][683x5120x1536][683x5120x1536][683x5120x1536][683x5120x1536][683x5120x1536][683x5120x1536][683x5120x1536][683x5120x1536][683x5120x1536][683x5120x1536][683x5120x1536][683x5120x1536][683x5120x1536][683x5120x1536][683x5120x1536][683x5120x1536][682x5120x1536][682x5120x1536][682x5120x1536][682x5120x1536][682x5120x1536][682x5120x1536][682x5120x1536][682x5120x1536][682x5120x1536][682x5120x1536][682x5120x1536][682x5120x1536][682x5120x1536][682x5120x1536][682x5120x1536][682x5120x1536][682x5120x1536][682x5120x1536][682x5120x1536][682x5120x1536][682x5120x1536][682x5120x1536][682x5120x1536][682x5120x1536][682x5120x1536][682x5120x1536][682x5120x1536][682x5120x1536][682x5120x1536][682x5120x1536][682x5120x1536][682x5120x1536]',,tensorop,f32,64,128,64,1,1,1,1,1,1,7,4,1,1,64,128,16,100,110,1711276032,1031463239680,602,1.28015,1244.97,805738
1,CUTLASS,grouped_gemm,cutlass3x_sm100_tensorop_gemm_grouped_bf16_bf16_f32_void_f32_64x128x64_1x1x1_0_tnt_align8_stream_k_1sm,passed,success,grouped,,,,,bf16:row,bf16:column,void:row,f32:row,1,0,invalid,invalid,heuristic,1,false,'[683x5120x1536][683x5120x1536][683x5120x1536][683x5120x1536][683x5120x1536][683x5120x1536][683x5120x1536][683x5120x1536][683x5120x1536][683x5120x1536][683x5120x1536][683x5120x1536][683x5120x1536][683x5120x1536][683x5120x1536][683x5120x1536][683x5120x1536][683x5120x1536][683x5120x1536][683x5120x1536][683x5120x1536][683x5120x1536][683x5120x1536][683x5120x1536][683x5120x1536][683x5120x1536][683x5120x1536][683x5120x1536][683x5120x1536][683x5120x1536][683x5120x1536][683x5120x1536][683x5120x1536][683x5120x1536][683x5120x1536][683x5120x1536][683x5120x1536][683x5120x1536][683x5120x1536][683x5120x1536][683x5120x1536][683x5120x1536][683x5120x1536][683x5120x1536][683x5120x1536][683x5120x1536][683x5120x1536][683x5120x1536][683x5120x1536][683x5120x1536][683x5120x1536][683x5120x1536][683x5120x1536][683x5120x1536][683x5120x1536][683x5120x1536][683x5120x1536][683x5120x1536][683x5120x1536][683x5120x1536][683x5120x1536][683x5120x1536][683x5120x1536][683x5120x1536][682x5120x1536][682x5120x1536][682x5120x1536][682x5120x1536][682x5120x1536][682x5120x1536][682x5120x1536][682x5120x1536][682x5120x1536][682x5120x1536][682x5120x1536][682x5120x1536][682x5120x1536][682x5120x1536][682x5120x1536][682x5120x1536][682x5120x1536][682x5120x1536][682x5120x1536][682x5120x1536][682x5120x1536][682x5120x1536][682x5120x1536][682x5120x1536][682x5120x1536][682x5120x1536][682x5120x1536][682x5120x1536][682x5120x1536][682x5120x1536][682x5120x1536][682x5120x1536]',,tensorop,f32,64,128,64,1,1,1,1,1,1,7,4,1,1,64,128,16,100,110,1711276032,1031463239680,602,1.28015,1244.97,805734
1,CUTLASS,grouped_gemm,cutlass3x_sm100_tensorop_gemm_grouped_bf16_bf16_f32_f32_f32_64x128x64_1x2x1_0_tnt_align8_1sm,passed,success,grouped,,,,,bf16:row,bf16:column,f32:row,f32:row,1,0,invalid,invalid,heuristic,1,false,'[683x5120x1536][683x5120x1536][683x5120x1536][683x5120x1536][683x5120x1536][683x5120x1536][683x5120x1536][683x5120x1536][683x5120x1536][683x5120x1536][683x5120x1536][683x5120x1536][683x5120x1536][683x5120x1536][683x5120x1536][683x5120x1536][683x5120x1536][683x5120x1536][683x5120x1536][683x5120x1536][683x5120x1536][683x5120x1536][683x5120x1536][683x5120x1536][683x5120x1536][683x5120x1536][683x5120x1536][683x5120x1536][683x5120x1536][683x5120x1536][683x5120x1536][683x5120x1536][683x5120x1536][683x5120x1536][683x5120x1536][683x5120x1536][683x5120x1536][683x5120x1536][683x5120x1536][683x5120x1536][683x5120x1536][683x5120x1536][683x5120x1536][683x5120x1536][683x5120x1536][683x5120x1536][683x5120x1536][683x5120x1536][683x5120x1536][683x5120x1536][683x5120x1536][683x5120x1536][683x5120x1536][683x5120x1536][683x5120x1536][683x5120x1536][683x5120x1536][683x5120x1536][683x5120x1536][683x5120x1536][683x5120x1536][683x5120x1536][683x5120x1536][683x5120x1536][682x5120x1536][682x5120x1536][682x5120x1536][682x5120x1536][682x5120x1536][682x5120x1536][682x5120x1536][682x5120x1536][682x5120x1536][682x5120x1536][682x5120x1536][682x5120x1536][682x5120x1536][682x5120x1536][682x5120x1536][682x5120x1536][682x5120x1536][682x5120x1536][682x5120x1536][682x5120x1536][682x5120x1536][682x5120x1536][682x5120x1536][682x5120x1536][682x5120x1536][682x5120x1536][682x5120x1536][682x5120x1536][682x5120x1536][682x5120x1536][682x5120x1536][682x5120x1536]',,tensorop,f32,64,128,64,1,2,1,1,1,1,7,4,1,1,64,128,16,100,110,3053453312,1031463239680,337,1.22045,2330.08,845149
1,CUTLASS,grouped_gemm,cutlass3x_sm100_tensorop_gemm_grouped_bf16_bf16_f32_f32_f32_64x128x64_1x2x1_0_tnt_align8_stream_k_1sm,passed,success,grouped,,,,,bf16:row,bf16:column,f32:row,f32:row,1,0,invalid,invalid,heuristic,1,false,'[683x5120x1536][683x5120x1536][683x5120x1536][683x5120x1536][683x5120x1536][683x5120x1536][683x5120x1536][683x5120x1536][683x5120x1536][683x5120x1536][683x5120x1536][683x5120x1536][683x5120x1536][683x5120x1536][683x5120x1536][683x5120x1536][683x5120x1536][683x5120x1536][683x5120x1536][683x5120x1536][683x5120x1536][683x5120x1536][683x5120x1536][683x5120x1536][683x5120x1536][683x5120x1536][683x5120x1536][683x5120x1536][683x5120x1536][683x5120x1536][683x5120x1536][683x5120x1536][683x5120x1536][683x5120x1536][683x5120x1536][683x5120x1536][683x5120x1536][683x5120x1536][683x5120x1536][683x5120x1536][683x5120x1536][683x5120x1536][683x5120x1536][683x5120x1536][683x5120x1536][683x5120x1536][683x5120x1536][683x5120x1536][683x5120x1536][683x5120x1536][683x5120x1536][683x5120x1536][683x5120x1536][683x5120x1536][683x5120x1536][683x5120x1536][683x5120x1536][683x5120x1536][683x5120x1536][683x5120x1536][683x5120x1536][683x5120x1536][683x5120x1536][683x5120x1536][682x5120x1536][682x5120x1536][682x5120x1536][682x5120x1536][682x5120x1536][682x5120x1536][682x5120x1536][682x5120x1536][682x5120x1536][682x5120x1536][682x5120x1536][682x5120x1536][682x5120x1536][682x5120x1536][682x5120x1536][682x5120x1536][682x5120x1536][682x5120x1536][682x5120x1536][682x5120x1536][682x5120x1536][682x5120x1536][682x5120x1536][682x5120x1536][682x5120x1536][682x5120x1536][682x5120x1536][682x5120x1536][682x5120x1536][682x5120x1536][682x5120x1536][682x5120x1536]',,tensorop,f32,64,128,64,1,2,1,1,1,1,7,4,1,1,64,128,16,100,110,3053453312,1031463239680,337,1.21848,2333.86,846519
1,CUTLASS,grouped_gemm,cutlass3x_sm100_tensorop_gemm_grouped_bf16_bf16_f32_void_f32_64x128x64_1x2x1_0_tnt_align8_1sm,passed,success,grouped,,,,,bf16:row,bf16:column,void:row,f32:row,1,0,invalid,invalid,heuristic,1,false,'[683x5120x1536][683x5120x1536][683x5120x1536][683x5120x1536][683x5120x1536][683x5120x1536][683x5120x1536][683x5120x1536][683x5120x1536][683x5120x1536][683x5120x1536][683x5120x1536][683x5120x1536][683x5120x1536][683x5120x1536][683x5120x1536][683x5120x1536][683x5120x1536][683x5120x1536][683x5120x1536][683x5120x1536][683x5120x1536][683x5120x1536][683x5120x1536][683x5120x1536][683x5120x1536][683x5120x1536][683x5120x1536][683x5120x1536][683x5120x1536][683x5120x1536][683x5120x1536][683x5120x1536][683x5120x1536][683x5120x1536][683x5120x1536][683x5120x1536][683x5120x1536][683x5120x1536][683x5120x1536][683x5120x1536][683x5120x1536][683x5120x1536][683x5120x1536][683x5120x1536][683x5120x1536][683x5120x1536][683x5120x1536][683x5120x1536][683x5120x1536][683x5120x1536][683x5120x1536][683x5120x1536][683x5120x1536][683x5120x1536][683x5120x1536][683x5120x1536][683x5120x1536][683x5120x1536][683x5120x1536][683x5120x1536][683x5120x1536][683x5120x1536][683x5120x1536][682x5120x1536][682x5120x1536][682x5120x1536][682x5120x1536][682x5120x1536][682x5120x1536][682x5120x1536][682x5120x1536][682x5120x1536][682x5120x1536][682x5120x1536][682x5120x1536][682x5120x1536][682x5120x1536][682x5120x1536][682x5120x1536][682x5120x1536][682x5120x1536][682x5120x1536][682x5120x1536][682x5120x1536][682x5120x1536][682x5120x1536][682x5120x1536][682x5120x1536][682x5120x1536][682x5120x1536][682x5120x1536][682x5120x1536][682x5120x1536][682x5120x1536][682x5120x1536]',,tensorop,f32,64,128,64,1,2,1,1,1,1,7,4,1,1,64,128,16,100,110,1711276032,1031463239680,602,1.24674,1278.34,827331
1,CUTLASS,grouped_gemm,cutlass3x_sm100_tensorop_gemm_grouped_bf16_bf16_f32_void_f32_64x128x64_1x2x1_0_tnt_align8_stream_k_1sm,passed,success,grouped,,,,,bf16:row,bf16:column,void:row,f32:row,1,0,invalid,invalid,heuristic,1,false,'[683x5120x1536][683x5120x1536][683x5120x1536][683x5120x1536][683x5120x1536][683x5120x1536][683x5120x1536][683x5120x1536][683x5120x1536][683x5120x1536][683x5120x1536][683x5120x1536][683x5120x1536][683x5120x1536][683x5120x1536][683x5120x1536][683x5120x1536][683x5120x1536][683x5120x1536][683x5120x1536][683x5120x1536][683x5120x1536][683x5120x1536][683x5120x1536][683x5120x1536][683x5120x1536][683x5120x1536][683x5120x1536][683x5120x1536][683x5120x1536][683x5120x1536][683x5120x1536][683x5120x1536][683x5120x1536][683x5120x1536][683x5120x1536][683x5120x1536][683x5120x1536][683x5120x1536][683x5120x1536][683x5120x1536][683x5120x1536][683x5120x1536][683x5120x1536][683x5120x1536][683x5120x1536][683x5120x1536][683x5120x1536][683x5120x1536][683x5120x1536][683x5120x1536][683x5120x1536][683x5120x1536][683x5120x1536][683x5120x1536][683x5120x1536][683x5120x1536][683x5120x1536][683x5120x1536][683x5120x1536][683x5120x1536][683x5120x1536][683x5120x1536][683x5120x1536][682x5120x1536][682x5120x1536][682x5120x1536][682x5120x1536][682x5120x1536][682x5120x1536][682x5120x1536][682x5120x1536][682x5120x1536][682x5120x1536][682x5120x1536][682x5120x1536][682x5120x1536][682x5120x1536][682x5120x1536][682x5120x1536][682x5120x1536][682x5120x1536][682x5120x1536][682x5120x1536][682x5120x1536][682x5120x1536][682x5120x1536][682x5120x1536][682x5120x1536][682x5120x1536][682x5120x1536][682x5120x1536][682x5120x1536][682x5120x1536][682x5120x1536][682x5120x1536]',,tensorop,f32,64,128,64,1,2,1,1,1,1,7,4,1,1,64,128,16,100,110,1711276032,1031463239680,602,1.24695,1278.12,827191
1,CUTLASS,grouped_gemm,cutlass3x_sm100_tensorop_gemm_grouped_bf16_bf16_f32_f32_f32_64x128x64_1x4x1_0_tnt_align8_1sm,passed,success,grouped,,,,,bf16:row,bf16:column,f32:row,f32:row,1,0,invalid,invalid,heuristic,1,false,'[683x5120x1536][683x5120x1536][683x5120x1536][683x5120x1536][683x5120x1536][683x5120x1536][683x5120x1536][683x5120x1536][683x5120x1536][683x5120x1536][683x5120x1536][683x5120x1536][683x5120x1536][683x5120x1536][683x5120x1536][683x5120x1536][683x5120x1536][683x5120x1536][683x5120x1536][683x5120x1536][683x5120x1536][683x5120x1536][683x5120x1536][683x5120x1536][683x5120x1536][683x5120x1536][683x5120x1536][683x5120x1536][683x5120x1536][683x5120x1536][683x5120x1536][683x5120x1536][683x5120x1536][683x5120x1536][683x5120x1536][683x5120x1536][683x5120x1536][683x5120x1536][683x5120x1536][683x5120x1536][683x5120x1536][683x5120x1536][683x5120x1536][683x5120x1536][683x5120x1536][683x5120x1536][683x5120x1536][683x5120x1536][683x5120x1536][683x5120x1536][683x5120x1536][683x5120x1536][683x5120x1536][683x5120x1536][683x5120x1536][683x5120x1536][683x5120x1536][683x5120x1536][683x5120x1536][683x5120x1536][683x5120x1536][683x5120x1536][683x5120x1536][683x5120x1536][682x5120x1536][682x5120x1536][682x5120x1536][682x5120x1536][682x5120x1536][682x5120x1536][682x5120x1536][682x5120x1536][682x5120x1536][682x5120x1536][682x5120x1536][682x5120x1536][682x5120x1536][682x5120x1536][682x5120x1536][682x5120x1536][682x5120x1536][682x5120x1536][682x5120x1536][682x5120x1536][682x5120x1536][682x5120x1536][682x5120x1536][682x5120x1536][682x5120x1536][682x5120x1536][682x5120x1536][682x5120x1536][682x5120x1536][682x5120x1536][682x5120x1536][682x5120x1536]',,tensorop,f32,64,128,64,1,4,1,1,1,1,7,4,1,1,64,128,16,100,110,3053453312,1031463239680,337,1.33327,2132.92,773636
1,CUTLASS,grouped_gemm,cutlass3x_sm100_tensorop_gemm_grouped_bf16_bf16_f32_f32_f32_64x128x64_1x4x1_0_tnt_align8_stream_k_1sm,passed,success,grouped,,,,,bf16:row,bf16:column,f32:row,f32:row,1,0,invalid,invalid,heuristic,1,false,'[683x5120x1536][683x5120x1536][683x5120x1536][683x5120x1536][683x5120x1536][683x5120x1536][683x5120x1536][683x5120x1536][683x5120x1536][683x5120x1536][683x5120x1536][683x5120x1536][683x5120x1536][683x5120x1536][683x5120x1536][683x5120x1536][683x5120x1536][683x5120x1536][683x5120x1536][683x5120x1536][683x5120x1536][683x5120x1536][683x5120x1536][683x5120x1536][683x5120x1536][683x5120x1536][683x5120x1536][683x5120x1536][683x5120x1536][683x5120x1536][683x5120x1536][683x5120x1536][683x5120x1536][683x5120x1536][683x5120x1536][683x5120x1536][683x5120x1536][683x5120x1536][683x5120x1536][683x5120x1536][683x5120x1536][683x5120x1536][683x5120x1536][683x5120x1536][683x5120x1536][683x5120x1536][683x5120x1536][683x5120x1536][683x5120x1536][683x5120x1536][683x5120x1536][683x5120x1536][683x5120x1536][683x5120x1536][683x5120x1536][683x5120x1536][683x5120x1536][683x5120x1536][683x5120x1536][683x5120x1536][683x5120x1536][683x5120x1536][683x5120x1536][683x5120x1536][682x5120x1536][682x5120x1536][682x5120x1536][682x5120x1536][682x5120x1536][682x5120x1536][682x5120x1536][682x5120x1536][682x5120x1536][682x5120x1536][682x5120x1536][682x5120x1536][682x5120x1536][682x5120x1536][682x5120x1536][682x5120x1536][682x5120x1536][682x5120x1536][682x5120x1536][682x5120x1536][682x5120x1536][682x5120x1536][682x5120x1536][682x5120x1536][682x5120x1536][682x5120x1536][682x5120x1536][682x5120x1536][682x5120x1536][682x5120x1536][682x5120x1536][682x5120x1536]',,tensorop,f32,64,128,64,1,4,1,1,1,1,7,4,1,1,64,128,16,100,110,3053453312,1031463239680,337,1.33716,2126.71,771384
1,CUTLASS,grouped_gemm,cutlass3x_sm100_tensorop_gemm_grouped_bf16_bf16_f32_void_f32_64x128x64_1x4x1_0_tnt_align8_1sm,passed,success,grouped,,,,,bf16:row,bf16:column,void:row,f32:row,1,0,invalid,invalid,heuristic,1,false,'[683x5120x1536][683x5120x1536][683x5120x1536][683x5120x1536][683x5120x1536][683x5120x1536][683x5120x1536][683x5120x1536][683x5120x1536][683x5120x1536][683x5120x1536][683x5120x1536][683x5120x1536][683x5120x1536][683x5120x1536][683x5120x1536][683x5120x1536][683x5120x1536][683x5120x1536][683x5120x1536][683x5120x1536][683x5120x1536][683x5120x1536][683x5120x1536][683x5120x1536][683x5120x1536][683x5120x1536][683x5120x1536][683x5120x1536][683x5120x1536][683x5120x1536][683x5120x1536][683x5120x1536][683x5120x1536][683x5120x1536][683x5120x1536][683x5120x1536][683x5120x1536][683x5120x1536][683x5120x1536][683x5120x1536][683x5120x1536][683x5120x1536][683x5120x1536][683x5120x1536][683x5120x1536][683x5120x1536][683x5120x1536][683x5120x1536][683x5120x1536][683x5120x1536][683x5120x1536][683x5120x1536][683x5120x1536][683x5120x1536][683x5120x1536][683x5120x1536][683x5120x1536][683x5120x1536][683x5120x1536][683x5120x1536][683x5120x1536][683x5120x1536][683x5120x1536][682x5120x1536][682x5120x1536][682x5120x1536][682x5120x1536][682x5120x1536][682x5120x1536][682x5120x1536][682x5120x1536][682x5120x1536][682x5120x1536][682x5120x1536][682x5120x1536][682x5120x1536][682x5120x1536][682x5120x1536][682x5120x1536][682x5120x1536][682x5120x1536][682x5120x1536][682x5120x1536][682x5120x1536][682x5120x1536][682x5120x1536][682x5120x1536][682x5120x1536][682x5120x1536][682x5120x1536][682x5120x1536][682x5120x1536][682x5120x1536][682x5120x1536][682x5120x1536]',,tensorop,f32,64,128,64,1,4,1,1,1,1,7,4,1,1,64,128,16,100,110,1711276032,1031463239680,602,1.3644,1168.1,755985
1,CUTLASS,grouped_gemm,cutlass3x_sm100_tensorop_gemm_grouped_bf16_bf16_f32_void_f32_64x128x64_1x4x1_0_tnt_align8_stream_k_1sm,passed,success,grouped,,,,,bf16:row,bf16:column,void:row,f32:row,1,0,invalid,invalid,heuristic,1,false,'[683x5120x1536][683x5120x1536][683x5120x1536][683x5120x1536][683x5120x1536][683x5120x1536][683x5120x1536][683x5120x1536][683x5120x1536][683x5120x1536][683x5120x1536][683x5120x1536][683x5120x1536][683x5120x1536][683x5120x1536][683x5120x1536][683x5120x1536][683x5120x1536][683x5120x1536][683x5120x1536][683x5120x1536][683x5120x1536][683x5120x1536][683x5120x1536][683x5120x1536][683x5120x1536][683x5120x1536][683x5120x1536][683x5120x1536][683x5120x1536][683x5120x1536][683x5120x1536][683x5120x1536][683x5120x1536][683x5120x1536][683x5120x1536][683x5120x1536][683x5120x1536][683x5120x1536][683x5120x1536][683x5120x1536][683x5120x1536][683x5120x1536][683x5120x1536][683x5120x1536][683x5120x1536][683x5120x1536][683x5120x1536][683x5120x1536][683x5120x1536][683x5120x1536][683x5120x1536][683x5120x1536][683x5120x1536][683x5120x1536][683x5120x1536][683x5120x1536][683x5120x1536][683x5120x1536][683x5120x1536][683x5120x1536][683x5120x1536][683x5120x1536][683x5120x1536][682x5120x1536][682x5120x1536][682x5120x1536][682x5120x1536][682x5120x1536][682x5120x1536][682x5120x1536][682x5120x1536][682x5120x1536][682x5120x1536][682x5120x1536][682x5120x1536][682x5120x1536][682x5120x1536][682x5120x1536][682x5120x1536][682x5120x1536][682x5120x1536][682x5120x1536][682x5120x1536][682x5120x1536][682x5120x1536][682x5120x1536][682x5120x1536][682x5120x1536][682x5120x1536][682x5120x1536][682x5120x1536][682x5120x1536][682x5120x1536][682x5120x1536][682x5120x1536]',,tensorop,f32,64,128,64,1,4,1,1,1,1,7,4,1,1,64,128,16,100,110,1711276032,1031463239680,602,1.36542,1167.23,755420
1,CUTLASS,grouped_gemm,cutlass3x_sm100_tensorop_gemm_grouped_bf16_bf16_f32_f32_f32_64x128x64_4x4x1_0_tnt_align8_1sm,passed,success,grouped,,,,,bf16:row,bf16:column,f32:row,f32:row,1,0,invalid,invalid,heuristic,1,false,'[683x5120x1536][683x5120x1536][683x5120x1536][683x5120x1536][683x5120x1536][683x5120x1536][683x5120x1536][683x5120x1536][683x5120x1536][683x5120x1536][683x5120x1536][683x5120x1536][683x5120x1536][683x5120x1536][683x5120x1536][683x5120x1536][683x5120x1536][683x5120x1536][683x5120x1536][683x5120x1536][683x5120x1536][683x5120x1536][683x5120x1536][683x5120x1536][683x5120x1536][683x5120x1536][683x5120x1536][683x5120x1536][683x5120x1536][683x5120x1536][683x5120x1536][683x5120x1536][683x5120x1536][683x5120x1536][683x5120x1536][683x5120x1536][683x5120x1536][683x5120x1536][683x5120x1536][683x5120x1536][683x5120x1536][683x5120x1536][683x5120x1536][683x5120x1536][683x5120x1536][683x5120x1536][683x5120x1536][683x5120x1536][683x5120x1536][683x5120x1536][683x5120x1536][683x5120x1536][683x5120x1536][683x5120x1536][683x5120x1536][683x5120x1536][683x5120x1536][683x5120x1536][683x5120x1536][683x5120x1536][683x5120x1536][683x5120x1536][683x5120x1536][683x5120x1536][682x5120x1536][682x5120x1536][682x5120x1536][682x5120x1536][682x5120x1536][682x5120x1536][682x5120x1536][682x5120x1536][682x5120x1536][682x5120x1536][682x5120x1536][682x5120x1536][682x5120x1536][682x5120x1536][682x5120x1536][682x5120x1536][682x5120x1536][682x5120x1536][682x5120x1536][682x5120x1536][682x5120x1536][682x5120x1536][682x5120x1536][682x5120x1536][682x5120x1536][682x5120x1536][682x5120x1536][682x5120x1536][682x5120x1536][682x5120x1536][682x5120x1536][682x5120x1536]',,tensorop,f32,64,128,64,4,4,1,1,1,1,7,4,1,1,64,128,16,100,110,3053453312,1031463239680,337,1.73866,1635.6,593251
1,CUTLASS,grouped_gemm,cutlass3x_sm100_tensorop_gemm_grouped_bf16_bf16_f32_f32_f32_64x128x64_4x4x1_0_tnt_align8_stream_k_1sm,passed,success,grouped,,,,,bf16:row,bf16:column,f32:row,f32:row,1,0,invalid,invalid,heuristic,1,false,'[683x5120x1536][683x5120x1536][683x5120x1536][683x5120x1536][683x5120x1536][683x5120x1536][683x5120x1536][683x5120x1536][683x5120x1536][683x5120x1536][683x5120x1536][683x5120x1536][683x5120x1536][683x5120x1536][683x5120x1536][683x5120x1536][683x5120x1536][683x5120x1536][683x5120x1536][683x5120x1536][683x5120x1536][683x5120x1536][683x5120x1536][683x5120x1536][683x5120x1536][683x5120x1536][683x5120x1536][683x5120x1536][683x5120x1536][683x5120x1536][683x5120x1536][683x5120x1536][683x5120x1536][683x5120x1536][683x5120x1536][683x5120x1536][683x5120x1536][683x5120x1536][683x5120x1536][683x5120x1536][683x5120x1536][683x5120x1536][683x5120x1536][683x5120x1536][683x5120x1536][683x5120x1536][683x5120x1536][683x5120x1536][683x5120x1536][683x5120x1536][683x5120x1536][683x5120x1536][683x5120x1536][683x5120x1536][683x5120x1536][683x5120x1536][683x5120x1536][683x5120x1536][683x5120x1536][683x5120x1536][683x5120x1536][683x5120x1536][683x5120x1536][683x5120x1536][682x5120x1536][682x5120x1536][682x5120x1536][682x5120x1536][682x5120x1536][682x5120x1536][682x5120x1536][682x5120x1536][682x5120x1536][682x5120x1536][682x5120x1536][682x5120x1536][682x5120x1536][682x5120x1536][682x5120x1536][682x5120x1536][682x5120x1536][682x5120x1536][682x5120x1536][682x5120x1536][682x5120x1536][682x5120x1536][682x5120x1536][682x5120x1536][682x5120x1536][682x5120x1536][682x5120x1536][682x5120x1536][682x5120x1536][682x5120x1536][682x5120x1536][682x5120x1536]',,tensorop,f32,64,128,64,4,4,1,1,1,1,7,4,1,1,64,128,16,100,110,3053453312,1031463239680,337,1.73989,1634.44,592831
1,CUTLASS,grouped_gemm,cutlass3x_sm100_tensorop_gemm_grouped_bf16_bf16_f32_void_f32_64x128x64_4x4x1_0_tnt_align8_1sm,passed,success,grouped,,,,,bf16:row,bf16:column,void:row,f32:row,1,0,invalid,invalid,heuristic,1,false,'[683x5120x1536][683x5120x1536][683x5120x1536][683x5120x1536][683x5120x1536][683x5120x1536][683x5120x1536][683x5120x1536][683x5120x1536][683x5120x1536][683x5120x1536][683x5120x1536][683x5120x1536][683x5120x1536][683x5120x1536][683x5120x1536][683x5120x1536][683x5120x1536][683x5120x1536][683x5120x1536][683x5120x1536][683x5120x1536][683x5120x1536][683x5120x1536][683x5120x1536][683x5120x1536][683x5120x1536][683x5120x1536][683x5120x1536][683x5120x1536][683x5120x1536][683x5120x1536][683x5120x1536][683x5120x1536][683x5120x1536][683x5120x1536][683x5120x1536][683x5120x1536][683x5120x1536][683x5120x1536][683x5120x1536][683x5120x1536][683x5120x1536][683x5120x1536][683x5120x1536][683x5120x1536][683x5120x1536][683x5120x1536][683x5120x1536][683x5120x1536][683x5120x1536][683x5120x1536][683x5120x1536][683x5120x1536][683x5120x1536][683x5120x1536][683x5120x1536][683x5120x1536][683x5120x1536][683x5120x1536][683x5120x1536][683x5120x1536][683x5120x1536][683x5120x1536][682x5120x1536][682x5120x1536][682x5120x1536][682x5120x1536][682x5120x1536][682x5120x1536][682x5120x1536][682x5120x1536][682x5120x1536][682x5120x1536][682x5120x1536][682x5120x1536][682x5120x1536][682x5120x1536][682x5120x1536][682x5120x1536][682x5120x1536][682x5120x1536][682x5120x1536][682x5120x1536][682x5120x1536][682x5120x1536][682x5120x1536][682x5120x1536][682x5120x1536][682x5120x1536][682x5120x1536][682x5120x1536][682x5120x1536][682x5120x1536][682x5120x1536][682x5120x1536]',,tensorop,f32,64,128,64,4,4,1,1,1,1,7,4,1,1,64,128,16,100,110,1711276032,1031463239680,602,1.84383,864.371,559414
1,CUTLASS,grouped_gemm,cutlass3x_sm100_tensorop_gemm_grouped_bf16_bf16_f32_void_f32_64x128x64_4x4x1_0_tnt_align8_stream_k_1sm,passed,success,grouped,,,,,bf16:row,bf16:column,void:row,f32:row,1,0,invalid,invalid,heuristic,1,false,'[683x5120x1536][683x5120x1536][683x5120x1536][683x5120x1536][683x5120x1536][683x5120x1536][683x5120x1536][683x5120x1536][683x5120x1536][683x5120x1536][683x5120x1536][683x5120x1536][683x5120x1536][683x5120x1536][683x5120x1536][683x5120x1536][683x5120x1536][683x5120x1536][683x5120x1536][683x5120x1536][683x5120x1536][683x5120x1536][683x5120x1536][683x5120x1536][683x5120x1536][683x5120x1536][683x5120x1536][683x5120x1536][683x5120x1536][683x5120x1536][683x5120x1536][683x5120x1536][683x5120x1536][683x5120x1536][683x5120x1536][683x5120x1536][683x5120x1536][683x5120x1536][683x5120x1536][683x5120x1536][683x5120x1536][683x5120x1536][683x5120x1536][683x5120x1536][683x5120x1536][683x5120x1536][683x5120x1536][683x5120x1536][683x5120x1536][683x5120x1536][683x5120x1536][683x5120x1536][683x5120x1536][683x5120x1536][683x5120x1536][683x5120x1536][683x5120x1536][683x5120x1536][683x5120x1536][683x5120x1536][683x5120x1536][683x5120x1536][683x5120x1536][683x5120x1536][682x5120x1536][682x5120x1536][682x5120x1536][682x5120x1536][682x5120x1536][682x5120x1536][682x5120x1536][682x5120x1536][682x5120x1536][682x5120x1536][682x5120x1536][682x5120x1536][682x5120x1536][682x5120x1536][682x5120x1536][682x5120x1536][682x5120x1536][682x5120x1536][682x5120x1536][682x5120x1536][682x5120x1536][682x5120x1536][682x5120x1536][682x5120x1536][682x5120x1536][682x5120x1536][682x5120x1536][682x5120x1536][682x5120x1536][682x5120x1536][682x5120x1536][682x5120x1536]',,tensorop,f32,64,128,64,4,4,1,1,1,1,7,4,1,1,64,128,16,100,110,1711276032,1031463239680,602,1.84384,864.366,559411
1,CUTLASS,grouped_gemm,cutlass3x_sm100_tensorop_gemm_grouped_bf16_bf16_f32_bf16_bf16_64x128x64_0x0x1_0_tnt_align8_1sm,passed,success,grouped,,,,,bf16:row,bf16:column,bf16:row,bf16:row,1,0,invalid,invalid,heuristic,1,false,'[683x5120x1536][683x5120x1536][683x5120x1536][683x5120x1536][683x5120x1536][683x5120x1536][683x5120x1536][683x5120x1536][683x5120x1536][683x5120x1536][683x5120x1536][683x5120x1536][683x5120x1536][683x5120x1536][683x5120x1536][683x5120x1536][683x5120x1536][683x5120x1536][683x5120x1536][683x5120x1536][683x5120x1536][683x5120x1536][683x5120x1536][683x5120x1536][683x5120x1536][683x5120x1536][683x5120x1536][683x5120x1536][683x5120x1536][683x5120x1536][683x5120x1536][683x5120x1536][683x5120x1536][683x5120x1536][683x5120x1536][683x5120x1536][683x5120x1536][683x5120x1536][683x5120x1536][683x5120x1536][683x5120x1536][683x5120x1536][683x5120x1536][683x5120x1536][683x5120x1536][683x5120x1536][683x5120x1536][683x5120x1536][683x5120x1536][683x5120x1536][683x5120x1536][683x5120x1536][683x5120x1536][683x5120x1536][683x5120x1536][683x5120x1536][683x5120x1536][683x5120x1536][683x5120x1536][683x5120x1536][683x5120x1536][683x5120x1536][683x5120x1536][683x5120x1536][682x5120x1536][682x5120x1536][682x5120x1536][682x5120x1536][682x5120x1536][682x5120x1536][682x5120x1536][682x5120x1536][682x5120x1536][682x5120x1536][682x5120x1536][682x5120x1536][682x5120x1536][682x5120x1536][682x5120x1536][682x5120x1536][682x5120x1536][682x5120x1536][682x5120x1536][682x5120x1536][682x5120x1536][682x5120x1536][682x5120x1536][682x5120x1536][682x5120x1536][682x5120x1536][682x5120x1536][682x5120x1536][682x5120x1536][682x5120x1536][682x5120x1536][682x5120x1536]',,tensorop,f32,64,128,64,1,1,1,1,1,1,8,4,1,1,64,128,16,100,110,2382364672,1031463239680,432,1.21093,1832.27,851793
1,CUTLASS,grouped_gemm,cutlass3x_sm100_tensorop_gemm_grouped_bf16_bf16_f32_bf16_bf16_64x128x64_0x0x1_0_tnt_align8_stream_k_1sm,passed,success,grouped,,,,,bf16:row,bf16:column,bf16:row,bf16:row,1,0,invalid,invalid,heuristic,1,false,'[683x5120x1536][683x5120x1536][683x5120x1536][683x5120x1536][683x5120x1536][683x5120x1536][683x5120x1536][683x5120x1536][683x5120x1536][683x5120x1536][683x5120x1536][683x5120x1536][683x5120x1536][683x5120x1536][683x5120x1536][683x5120x1536][683x5120x1536][683x5120x1536][683x5120x1536][683x5120x1536][683x5120x1536][683x5120x1536][683x5120x1536][683x5120x1536][683x5120x1536][683x5120x1536][683x5120x1536][683x5120x1536][683x5120x1536][683x5120x1536][683x5120x1536][683x5120x1536][683x5120x1536][683x5120x1536][683x5120x1536][683x5120x1536][683x5120x1536][683x5120x1536][683x5120x1536][683x5120x1536][683x5120x1536][683x5120x1536][683x5120x1536][683x5120x1536][683x5120x1536][683x5120x1536][683x5120x1536][683x5120x1536][683x5120x1536][683x5120x1536][683x5120x1536][683x5120x1536][683x5120x1536][683x5120x1536][683x5120x1536][683x5120x1536][683x5120x1536][683x5120x1536][683x5120x1536][683x5120x1536][683x5120x1536][683x5120x1536][683x5120x1536][683x5120x1536][682x5120x1536][682x5120x1536][682x5120x1536][682x5120x1536][682x5120x1536][682x5120x1536][682x5120x1536][682x5120x1536][682x5120x1536][682x5120x1536][682x5120x1536][682x5120x1536][682x5120x1536][682x5120x1536][682x5120x1536][682x5120x1536][682x5120x1536][682x5120x1536][682x5120x1536][682x5120x1536][682x5120x1536][682x5120x1536][682x5120x1536][682x5120x1536][682x5120x1536][682x5120x1536][682x5120x1536][682x5120x1536][682x5120x1536][682x5120x1536][682x5120x1536][682x5120x1536]',,tensorop,f32,64,128,64,1,1,1,1,1,1,8,4,1,1,64,128,16,100,110,2382364672,1031463239680,432,1.21953,1819.34,845786
1,CUTLASS,grouped_gemm,cutlass3x_sm100_tensorop_gemm_grouped_bf16_bf16_f32_void_bf16_64x128x64_0x0x1_0_tnt_align8_1sm,passed,success,grouped,,,,,bf16:row,bf16:column,void:row,bf16:row,1,0,invalid,invalid,heuristic,1,false,'[683x5120x1536][683x5120x1536][683x5120x1536][683x5120x1536][683x5120x1536][683x5120x1536][683x5120x1536][683x5120x1536][683x5120x1536][683x5120x1536][683x5120x1536][683x5120x1536][683x5120x1536][683x5120x1536][683x5120x1536][683x5120x1536][683x5120x1536][683x5120x1536][683x5120x1536][683x5120x1536][683x5120x1536][683x5120x1536][683x5120x1536][683x5120x1536][683x5120x1536][683x5120x1536][683x5120x1536][683x5120x1536][683x5120x1536][683x5120x1536][683x5120x1536][683x5120x1536][683x5120x1536][683x5120x1536][683x5120x1536][683x5120x1536][683x5120x1536][683x5120x1536][683x5120x1536][683x5120x1536][683x5120x1536][683x5120x1536][683x5120x1536][683x5120x1536][683x5120x1536][683x5120x1536][683x5120x1536][683x5120x1536][683x5120x1536][683x5120x1536][683x5120x1536][683x5120x1536][683x5120x1536][683x5120x1536][683x5120x1536][683x5120x1536][683x5120x1536][683x5120x1536][683x5120x1536][683x5120x1536][683x5120x1536][683x5120x1536][683x5120x1536][683x5120x1536][682x5120x1536][682x5120x1536][682x5120x1536][682x5120x1536][682x5120x1536][682x5120x1536][682x5120x1536][682x5120x1536][682x5120x1536][682x5120x1536][682x5120x1536][682x5120x1536][682x5120x1536][682x5120x1536][682x5120x1536][682x5120x1536][682x5120x1536][682x5120x1536][682x5120x1536][682x5120x1536][682x5120x1536][682x5120x1536][682x5120x1536][682x5120x1536][682x5120x1536][682x5120x1536][682x5120x1536][682x5120x1536][682x5120x1536][682x5120x1536][682x5120x1536][682x5120x1536]',,tensorop,f32,64,128,64,1,1,1,1,1,1,8,4,1,1,64,128,16,100,110,1711276032,1031463239680,602,1.21745,1309.09,847231
1,CUTLASS,grouped_gemm,cutlass3x_sm100_tensorop_gemm_grouped_bf16_bf16_f32_void_bf16_64x128x64_0x0x1_0_tnt_align8_stream_k_1sm,passed,success,grouped,,,,,bf16:row,bf16:column,void:row,bf16:row,1,0,invalid,invalid,heuristic,1,false,'[683x5120x1536][683x5120x1536][683x5120x1536][683x5120x1536][683x5120x1536][683x5120x1536][683x5120x1536][683x5120x1536][683x5120x1536][683x5120x1536][683x5120x1536][683x5120x1536][683x5120x1536][683x5120x1536][683x5120x1536][683x5120x1536][683x5120x1536][683x5120x1536][683x5120x1536][683x5120x1536][683x5120x1536][683x5120x1536][683x5120x1536][683x5120x1536][683x5120x1536][683x5120x1536][683x5120x1536][683x5120x1536][683x5120x1536][683x5120x1536][683x5120x1536][683x5120x1536][683x5120x1536][683x5120x1536][683x5120x1536][683x5120x1536][683x5120x1536][683x5120x1536][683x5120x1536][683x5120x1536][683x5120x1536][683x5120x1536][683x5120x1536][683x5120x1536][683x5120x1536][683x5120x1536][683x5120x1536][683x5120x1536][683x5120x1536][683x5120x1536][683x5120x1536][683x5120x1536][683x5120x1536][683x5120x1536][683x5120x1536][683x5120x1536][683x5120x1536][683x5120x1536][683x5120x1536][683x5120x1536][683x5120x1536][683x5120x1536][683x5120x1536][683x5120x1536][682x5120x1536][682x5120x1536][682x5120x1536][682x5120x1536][682x5120x1536][682x5120x1536][682x5120x1536][682x5120x1536][682x5120x1536][682x5120x1536][682x5120x1536][682x5120x1536][682x5120x1536][682x5120x1536][682x5120x1536][682x5120x1536][682x5120x1536][682x5120x1536][682x5120x1536][682x5120x1536][682x5120x1536][682x5120x1536][682x5120x1536][682x5120x1536][682x5120x1536][682x5120x1536][682x5120x1536][682x5120x1536][682x5120x1536][682x5120x1536][682x5120x1536][682x5120x1536]',,tensorop,f32,64,128,64,1,1,1,1,1,1,8,4,1,1,64,128,16,100,110,1711276032,1031463239680,602,1.21503,1311.7,848922
1,CUTLASS,grouped_gemm,cutlass3x_sm100_tensorop_gemm_grouped_bf16_bf16_f32_bf16_bf16_64x128x64_1x1x1_0_tnt_align8_1sm,passed,success,grouped,,,,,bf16:row,bf16:column,bf16:row,bf16:row,1,0,invalid,invalid,heuristic,1,false,'[683x5120x1536][683x5120x1536][683x5120x1536][683x5120x1536][683x5120x1536][683x5120x1536][683x5120x1536][683x5120x1536][683x5120x1536][683x5120x1536][683x5120x1536][683x5120x1536][683x5120x1536][683x5120x1536][683x5120x1536][683x5120x1536][683x5120x1536][683x5120x1536][683x5120x1536][683x5120x1536][683x5120x1536][683x5120x1536][683x5120x1536][683x5120x1536][683x5120x1536][683x5120x1536][683x5120x1536][683x5120x1536][683x5120x1536][683x5120x1536][683x5120x1536][683x5120x1536][683x5120x1536][683x5120x1536][683x5120x1536][683x5120x1536][683x5120x1536][683x5120x1536][683x5120x1536][683x5120x1536][683x5120x1536][683x5120x1536][683x5120x1536][683x5120x1536][683x5120x1536][683x5120x1536][683x5120x1536][683x5120x1536][683x5120x1536][683x5120x1536][683x5120x1536][683x5120x1536][683x5120x1536][683x5120x1536][683x5120x1536][683x5120x1536][683x5120x1536][683x5120x1536][683x5120x1536][683x5120x1536][683x5120x1536][683x5120x1536][683x5120x1536][683x5120x1536][682x5120x1536][682x5120x1536][682x5120x1536][682x5120x1536][682x5120x1536][682x5120x1536][682x5120x1536][682x5120x1536][682x5120x1536][682x5120x1536][682x5120x1536][682x5120x1536][682x5120x1536][682x5120x1536][682x5120x1536][682x5120x1536][682x5120x1536][682x5120x1536][682x5120x1536][682x5120x1536][682x5120x1536][682x5120x1536][682x5120x1536][682x5120x1536][682x5120x1536][682x5120x1536][682x5120x1536][682x5120x1536][682x5120x1536][682x5120x1536][682x5120x1536][682x5120x1536]',,tensorop,f32,64,128,64,1,1,1,1,1,1,8,4,1,1,64,128,16,100,110,2382364672,1031463239680,432,1.23588,1795.28,834597
1,CUTLASS,grouped_gemm,cutlass3x_sm100_tensorop_gemm_grouped_bf16_bf16_f32_bf16_bf16_64x128x64_1x1x1_0_tnt_align8_stream_k_1sm,passed,success,grouped,,,,,bf16:row,bf16:column,bf16:row,bf16:row,1,0,invalid,invalid,heuristic,1,false,'[683x5120x1536][683x5120x1536][683x5120x1536][683x5120x1536][683x5120x1536][683x5120x1536][683x5120x1536][683x5120x1536][683x5120x1536][683x5120x1536][683x5120x1536][683x5120x1536][683x5120x1536][683x5120x1536][683x5120x1536][683x5120x1536][683x5120x1536][683x5120x1536][683x5120x1536][683x5120x1536][683x5120x1536][683x5120x1536][683x5120x1536][683x5120x1536][683x5120x1536][683x5120x1536][683x5120x1536][683x5120x1536][683x5120x1536][683x5120x1536][683x5120x1536][683x5120x1536][683x5120x1536][683x5120x1536][683x5120x1536][683x5120x1536][683x5120x1536][683x5120x1536][683x5120x1536][683x5120x1536][683x5120x1536][683x5120x1536][683x5120x1536][683x5120x1536][683x5120x1536][683x5120x1536][683x5120x1536][683x5120x1536][683x5120x1536][683x5120x1536][683x5120x1536][683x5120x1536][683x5120x1536][683x5120x1536][683x5120x1536][683x5120x1536][683x5120x1536][683x5120x1536][683x5120x1536][683x5120x1536][683x5120x1536][683x5120x1536][683x5120x1536][683x5120x1536][682x5120x1536][682x5120x1536][682x5120x1536][682x5120x1536][682x5120x1536][682x5120x1536][682x5120x1536][682x5120x1536][682x5120x1536][682x5120x1536][682x5120x1536][682x5120x1536][682x5120x1536][682x5120x1536][682x5120x1536][682x5120x1536][682x5120x1536][682x5120x1536][682x5120x1536][682x5120x1536][682x5120x1536][682x5120x1536][682x5120x1536][682x5120x1536][682x5120x1536][682x5120x1536][682x5120x1536][682x5120x1536][682x5120x1536][682x5120x1536][682x5120x1536][682x5120x1536]',,tensorop,f32,64,128,64,1,1,1,1,1,1,8,4,1,1,64,128,16,100,110,2382364672,1031463239680,432,1.22749,1807.55,840302
1,CUTLASS,grouped_gemm,cutlass3x_sm100_tensorop_gemm_grouped_bf16_bf16_f32_void_bf16_64x128x64_1x1x1_0_tnt_align8_1sm,passed,success,grouped,,,,,bf16:row,bf16:column,void:row,bf16:row,1,0,invalid,invalid,heuristic,1,false,'[683x5120x1536][683x5120x1536][683x5120x1536][683x5120x1536][683x5120x1536][683x5120x1536][683x5120x1536][683x5120x1536][683x5120x1536][683x5120x1536][683x5120x1536][683x5120x1536][683x5120x1536][683x5120x1536][683x5120x1536][683x5120x1536][683x5120x1536][683x5120x1536][683x5120x1536][683x5120x1536][683x5120x1536][683x5120x1536][683x5120x1536][683x5120x1536][683x5120x1536][683x5120x1536][683x5120x1536][683x5120x1536][683x5120x1536][683x5120x1536][683x5120x1536][683x5120x1536][683x5120x1536][683x5120x1536][683x5120x1536][683x5120x1536][683x5120x1536][683x5120x1536][683x5120x1536][683x5120x1536][683x5120x1536][683x5120x1536][683x5120x1536][683x5120x1536][683x5120x1536][683x5120x1536][683x5120x1536][683x5120x1536][683x5120x1536][683x5120x1536][683x5120x1536][683x5120x1536][683x5120x1536][683x5120x1536][683x5120x1536][683x5120x1536][683x5120x1536][683x5120x1536][683x5120x1536][683x5120x1536][683x5120x1536][683x5120x1536][683x5120x1536][683x5120x1536][682x5120x1536][682x5120x1536][682x5120x1536][682x5120x1536][682x5120x1536][682x5120x1536][682x5120x1536][682x5120x1536][682x5120x1536][682x5120x1536][682x5120x1536][682x5120x1536][682x5120x1536][682x5120x1536][682x5120x1536][682x5120x1536][682x5120x1536][682x5120x1536][682x5120x1536][682x5120x1536][682x5120x1536][682x5120x1536][682x5120x1536][682x5120x1536][682x5120x1536][682x5120x1536][682x5120x1536][682x5120x1536][682x5120x1536][682x5120x1536][682x5120x1536][682x5120x1536]',,tensorop,f32,64,128,64,1,1,1,1,1,1,8,4,1,1,64,128,16,100,110,1711276032,1031463239680,602,1.20168,1326.26,858349
1,CUTLASS,grouped_gemm,cutlass3x_sm100_tensorop_gemm_grouped_bf16_bf16_f32_void_bf16_64x128x64_1x1x1_0_tnt_align8_stream_k_1sm,passed,success,grouped,,,,,bf16:row,bf16:column,void:row,bf16:row,1,0,invalid,invalid,heuristic,1,false,'[683x5120x1536][683x5120x1536][683x5120x1536][683x5120x1536][683x5120x1536][683x5120x1536][683x5120x1536][683x5120x1536][683x5120x1536][683x5120x1536][683x5120x1536][683x5120x1536][683x5120x1536][683x5120x1536][683x5120x1536][683x5120x1536][683x5120x1536][683x5120x1536][683x5120x1536][683x5120x1536][683x5120x1536][683x5120x1536][683x5120x1536][683x5120x1536][683x5120x1536][683x5120x1536][683x5120x1536][683x5120x1536][683x5120x1536][683x5120x1536][683x5120x1536][683x5120x1536][683x5120x1536][683x5120x1536][683x5120x1536][683x5120x1536][683x5120x1536][683x5120x1536][683x5120x1536][683x5120x1536][683x5120x1536][683x5120x1536][683x5120x1536][683x5120x1536][683x5120x1536][683x5120x1536][683x5120x1536][683x5120x1536][683x5120x1536][683x5120x1536][683x5120x1536][683x5120x1536][683x5120x1536][683x5120x1536][683x5120x1536][683x5120x1536][683x5120x1536][683x5120x1536][683x5120x1536][683x5120x1536][683x5120x1536][683x5120x1536][683x5120x1536][683x5120x1536][682x5120x1536][682x5120x1536][682x5120x1536][682x5120x1536][682x5120x1536][682x5120x1536][682x5120x1536][682x5120x1536][682x5120x1536][682x5120x1536][682x5120x1536][682x5120x1536][682x5120x1536][682x5120x1536][682x5120x1536][682x5120x1536][682x5120x1536][682x5120x1536][682x5120x1536][682x5120x1536][682x5120x1536][682x5120x1536][682x5120x1536][682x5120x1536][682x5120x1536][682x5120x1536][682x5120x1536][682x5120x1536][682x5120x1536][682x5120x1536][682x5120x1536][682x5120x1536]',,tensorop,f32,64,128,64,1,1,1,1,1,1,8,4,1,1,64,128,16,100,110,1711276032,1031463239680,602,1.20537,1322.21,855721
1,CUTLASS,grouped_gemm,cutlass3x_sm100_tensorop_gemm_grouped_bf16_bf16_f32_bf16_bf16_64x128x64_1x2x1_0_tnt_align8_1sm,passed,success,grouped,,,,,bf16:row,bf16:column,bf16:row,bf16:row,1,0,invalid,invalid,heuristic,1,false,'[683x5120x1536][683x5120x1536][683x5120x1536][683x5120x1536][683x5120x1536][683x5120x1536][683x5120x1536][683x5120x1536][683x5120x1536][683x5120x1536][683x5120x1536][683x5120x1536][683x5120x1536][683x5120x1536][683x5120x1536][683x5120x1536][683x5120x1536][683x5120x1536][683x5120x1536][683x5120x1536][683x5120x1536][683x5120x1536][683x5120x1536][683x5120x1536][683x5120x1536][683x5120x1536][683x5120x1536][683x5120x1536][683x5120x1536][683x5120x1536][683x5120x1536][683x5120x1536][683x5120x1536][683x5120x1536][683x5120x1536][683x5120x1536][683x5120x1536][683x5120x1536][683x5120x1536][683x5120x1536][683x5120x1536][683x5120x1536][683x5120x1536][683x5120x1536][683x5120x1536][683x5120x1536][683x5120x1536][683x5120x1536][683x5120x1536][683x5120x1536][683x5120x1536][683x5120x1536][683x5120x1536][683x5120x1536][683x5120x1536][683x5120x1536][683x5120x1536][683x5120x1536][683x5120x1536][683x5120x1536][683x5120x1536][683x5120x1536][683x5120x1536][683x5120x1536][682x5120x1536][682x5120x1536][682x5120x1536][682x5120x1536][682x5120x1536][682x5120x1536][682x5120x1536][682x5120x1536][682x5120x1536][682x5120x1536][682x5120x1536][682x5120x1536][682x5120x1536][682x5120x1536][682x5120x1536][682x5120x1536][682x5120x1536][682x5120x1536][682x5120x1536][682x5120x1536][682x5120x1536][682x5120x1536][682x5120x1536][682x5120x1536][682x5120x1536][682x5120x1536][682x5120x1536][682x5120x1536][682x5120x1536][682x5120x1536][682x5120x1536][682x5120x1536]',,tensorop,f32,64,128,64,1,2,1,1,1,1,8,4,1,1,64,128,16,100,110,2382364672,1031463239680,432,1.06388,2085.52,969528
1,CUTLASS,grouped_gemm,cutlass3x_sm100_tensorop_gemm_grouped_bf16_bf16_f32_bf16_bf16_64x128x64_1x2x1_0_tnt_align8_stream_k_1sm,passed,success,grouped,,,,,bf16:row,bf16:column,bf16:row,bf16:row,1,0,invalid,invalid,heuristic,1,false,'[683x5120x1536][683x5120x1536][683x5120x1536][683x5120x1536][683x5120x1536][683x5120x1536][683x5120x1536][683x5120x1536][683x5120x1536][683x5120x1536][683x5120x1536][683x5120x1536][683x5120x1536][683x5120x1536][683x5120x1536][683x5120x1536][683x5120x1536][683x5120x1536][683x5120x1536][683x5120x1536][683x5120x1536][683x5120x1536][683x5120x1536][683x5120x1536][683x5120x1536][683x5120x1536][683x5120x1536][683x5120x1536][683x5120x1536][683x5120x1536][683x5120x1536][683x5120x1536][683x5120x1536][683x5120x1536][683x5120x1536][683x5120x1536][683x5120x1536][683x5120x1536][683x5120x1536][683x5120x1536][683x5120x1536][683x5120x1536][683x5120x1536][683x5120x1536][683x5120x1536][683x5120x1536][683x5120x1536][683x5120x1536][683x5120x1536][683x5120x1536][683x5120x1536][683x5120x1536][683x5120x1536][683x5120x1536][683x5120x1536][683x5120x1536][683x5120x1536][683x5120x1536][683x5120x1536][683x5120x1536][683x5120x1536][683x5120x1536][683x5120x1536][683x5120x1536][682x5120x1536][682x5120x1536][682x5120x1536][682x5120x1536][682x5120x1536][682x5120x1536][682x5120x1536][682x5120x1536][682x5120x1536][682x5120x1536][682x5120x1536][682x5120x1536][682x5120x1536][682x5120x1536][682x5120x1536][682x5120x1536][682x5120x1536][682x5120x1536][682x5120x1536][682x5120x1536][682x5120x1536][682x5120x1536][682x5120x1536][682x5120x1536][682x5120x1536][682x5120x1536][682x5120x1536][682x5120x1536][682x5120x1536][682x5120x1536][682x5120x1536][682x5120x1536]',,tensorop,f32,64,128,64,1,2,1,1,1,1,8,4,1,1,64,128,16,100,110,2382364672,1031463239680,432,1.06478,2083.76,968709
1,CUTLASS,grouped_gemm,cutlass3x_sm100_tensorop_gemm_grouped_bf16_bf16_f32_void_bf16_64x128x64_1x2x1_0_tnt_align8_1sm,passed,success,grouped,,,,,bf16:row,bf16:column,void:row,bf16:row,1,0,invalid,invalid,heuristic,1,false,'[683x5120x1536][683x5120x1536][683x5120x1536][683x5120x1536][683x5120x1536][683x5120x1536][683x5120x1536][683x5120x1536][683x5120x1536][683x5120x1536][683x5120x1536][683x5120x1536][683x5120x1536][683x5120x1536][683x5120x1536][683x5120x1536][683x5120x1536][683x5120x1536][683x5120x1536][683x5120x1536][683x5120x1536][683x5120x1536][683x5120x1536][683x5120x1536][683x5120x1536][683x5120x1536][683x5120x1536][683x5120x1536][683x5120x1536][683x5120x1536][683x5120x1536][683x5120x1536][683x5120x1536][683x5120x1536][683x5120x1536][683x5120x1536][683x5120x1536][683x5120x1536][683x5120x1536][683x5120x1536][683x5120x1536][683x5120x1536][683x5120x1536][683x5120x1536][683x5120x1536][683x5120x1536][683x5120x1536][683x5120x1536][683x5120x1536][683x5120x1536][683x5120x1536][683x5120x1536][683x5120x1536][683x5120x1536][683x5120x1536][683x5120x1536][683x5120x1536][683x5120x1536][683x5120x1536][683x5120x1536][683x5120x1536][683x5120x1536][683x5120x1536][683x5120x1536][682x5120x1536][682x5120x1536][682x5120x1536][682x5120x1536][682x5120x1536][682x5120x1536][682x5120x1536][682x5120x1536][682x5120x1536][682x5120x1536][682x5120x1536][682x5120x1536][682x5120x1536][682x5120x1536][682x5120x1536][682x5120x1536][682x5120x1536][682x5120x1536][682x5120x1536][682x5120x1536][682x5120x1536][682x5120x1536][682x5120x1536][682x5120x1536][682x5120x1536][682x5120x1536][682x5120x1536][682x5120x1536][682x5120x1536][682x5120x1536][682x5120x1536][682x5120x1536]',,tensorop,f32,64,128,64,1,2,1,1,1,1,8,4,1,1,64,128,16,100,110,1711276032,1031463239680,602,1.08136,1473.83,953855
1,CUTLASS,grouped_gemm,cutlass3x_sm100_tensorop_gemm_grouped_bf16_bf16_f32_void_bf16_64x128x64_1x2x1_0_tnt_align8_stream_k_1sm,passed,success,grouped,,,,,bf16:row,bf16:column,void:row,bf16:row,1,0,invalid,invalid,heuristic,1,false,'[683x5120x1536][683x5120x1536][683x5120x1536][683x5120x1536][683x5120x1536][683x5120x1536][683x5120x1536][683x5120x1536][683x5120x1536][683x5120x1536][683x5120x1536][683x5120x1536][683x5120x1536][683x5120x1536][683x5120x1536][683x5120x1536][683x5120x1536][683x5120x1536][683x5120x1536][683x5120x1536][683x5120x1536][683x5120x1536][683x5120x1536][683x5120x1536][683x5120x1536][683x5120x1536][683x5120x1536][683x5120x1536][683x5120x1536][683x5120x1536][683x5120x1536][683x5120x1536][683x5120x1536][683x5120x1536][683x5120x1536][683x5120x1536][683x5120x1536][683x5120x1536][683x5120x1536][683x5120x1536][683x5120x1536][683x5120x1536][683x5120x1536][683x5120x1536][683x5120x1536][683x5120x1536][683x5120x1536][683x5120x1536][683x5120x1536][683x5120x1536][683x5120x1536][683x5120x1536][683x5120x1536][683x5120x1536][683x5120x1536][683x5120x1536][683x5120x1536][683x5120x1536][683x5120x1536][683x5120x1536][683x5120x1536][683x5120x1536][683x5120x1536][683x5120x1536][682x5120x1536][682x5120x1536][682x5120x1536][682x5120x1536][682x5120x1536][682x5120x1536][682x5120x1536][682x5120x1536][682x5120x1536][682x5120x1536][682x5120x1536][682x5120x1536][682x5120x1536][682x5120x1536][682x5120x1536][682x5120x1536][682x5120x1536][682x5120x1536][682x5120x1536][682x5120x1536][682x5120x1536][682x5120x1536][682x5120x1536][682x5120x1536][682x5120x1536][682x5120x1536][682x5120x1536][682x5120x1536][682x5120x1536][682x5120x1536][682x5120x1536][682x5120x1536]',,tensorop,f32,64,128,64,1,2,1,1,1,1,8,4,1,1,64,128,16,100,110,1711276032,1031463239680,602,1.08177,1473.28,953493
1,CUTLASS,grouped_gemm,cutlass3x_sm100_tensorop_gemm_grouped_bf16_bf16_f32_bf16_bf16_64x128x64_1x4x1_0_tnt_align8_1sm,passed,success,grouped,,,,,bf16:row,bf16:column,bf16:row,bf16:row,1,0,invalid,invalid,heuristic,1,false,'[683x5120x1536][683x5120x1536][683x5120x1536][683x5120x1536][683x5120x1536][683x5120x1536][683x5120x1536][683x5120x1536][683x5120x1536][683x5120x1536][683x5120x1536][683x5120x1536][683x5120x1536][683x5120x1536][683x5120x1536][683x5120x1536][683x5120x1536][683x5120x1536][683x5120x1536][683x5120x1536][683x5120x1536][683x5120x1536][683x5120x1536][683x5120x1536][683x5120x1536][683x5120x1536][683x5120x1536][683x5120x1536][683x5120x1536][683x5120x1536][683x5120x1536][683x5120x1536][683x5120x1536][683x5120x1536][683x5120x1536][683x5120x1536][683x5120x1536][683x5120x1536][683x5120x1536][683x5120x1536][683x5120x1536][683x5120x1536][683x5120x1536][683x5120x1536][683x5120x1536][683x5120x1536][683x5120x1536][683x5120x1536][683x5120x1536][683x5120x1536][683x5120x1536][683x5120x1536][683x5120x1536][683x5120x1536][683x5120x1536][683x5120x1536][683x5120x1536][683x5120x1536][683x5120x1536][683x5120x1536][683x5120x1536][683x5120x1536][683x5120x1536][683x5120x1536][682x5120x1536][682x5120x1536][682x5120x1536][682x5120x1536][682x5120x1536][682x5120x1536][682x5120x1536][682x5120x1536][682x5120x1536][682x5120x1536][682x5120x1536][682x5120x1536][682x5120x1536][682x5120x1536][682x5120x1536][682x5120x1536][682x5120x1536][682x5120x1536][682x5120x1536][682x5120x1536][682x5120x1536][682x5120x1536][682x5120x1536][682x5120x1536][682x5120x1536][682x5120x1536][682x5120x1536][682x5120x1536][682x5120x1536][682x5120x1536][682x5120x1536][682x5120x1536]',,tensorop,f32,64,128,64,1,4,1,1,1,1,8,4,1,1,64,128,16,100,110,2382364672,1031463239680,432,1.14065,1945.16,904277
1,CUTLASS,grouped_gemm,cutlass3x_sm100_tensorop_gemm_grouped_bf16_bf16_f32_bf16_bf16_64x128x64_1x4x1_0_tnt_align8_stream_k_1sm,passed,success,grouped,,,,,bf16:row,bf16:column,bf16:row,bf16:row,1,0,invalid,invalid,heuristic,1,false,'[683x5120x1536][683x5120x1536][683x5120x1536][683x5120x1536][683x5120x1536][683x5120x1536][683x5120x1536][683x5120x1536][683x5120x1536][683x5120x1536][683x5120x1536][683x5120x1536][683x5120x1536][683x5120x1536][683x5120x1536][683x5120x1536][683x5120x1536][683x5120x1536][683x5120x1536][683x5120x1536][683x5120x1536][683x5120x1536][683x5120x1536][683x5120x1536][683x5120x1536][683x5120x1536][683x5120x1536][683x5120x1536][683x5120x1536][683x5120x1536][683x5120x1536][683x5120x1536][683x5120x1536][683x5120x1536][683x5120x1536][683x5120x1536][683x5120x1536][683x5120x1536][683x5120x1536][683x5120x1536][683x5120x1536][683x5120x1536][683x5120x1536][683x5120x1536][683x5120x1536][683x5120x1536][683x5120x1536][683x5120x1536][683x5120x1536][683x5120x1536][683x5120x1536][683x5120x1536][683x5120x1536][683x5120x1536][683x5120x1536][683x5120x1536][683x5120x1536][683x5120x1536][683x5120x1536][683x5120x1536][683x5120x1536][683x5120x1536][683x5120x1536][683x5120x1536][682x5120x1536][682x5120x1536][682x5120x1536][682x5120x1536][682x5120x1536][682x5120x1536][682x5120x1536][682x5120x1536][682x5120x1536][682x5120x1536][682x5120x1536][682x5120x1536][682x5120x1536][682x5120x1536][682x5120x1536][682x5120x1536][682x5120x1536][682x5120x1536][682x5120x1536][682x5120x1536][682x5120x1536][682x5120x1536][682x5120x1536][682x5120x1536][682x5120x1536][682x5120x1536][682x5120x1536][682x5120x1536][682x5120x1536][682x5120x1536][682x5120x1536][682x5120x1536]',,tensorop,f32,64,128,64,1,4,1,1,1,1,8,4,1,1,64,128,16,100,110,2382364672,1031463239680,432,1.14168,1943.41,903463
1,CUTLASS,grouped_gemm,cutlass3x_sm100_tensorop_gemm_grouped_bf16_bf16_f32_void_bf16_64x128x64_1x4x1_0_tnt_align8_1sm,passed,success,grouped,,,,,bf16:row,bf16:column,void:row,bf16:row,1,0,invalid,invalid,heuristic,1,false,'[683x5120x1536][683x5120x1536][683x5120x1536][683x5120x1536][683x5120x1536][683x5120x1536][683x5120x1536][683x5120x1536][683x5120x1536][683x5120x1536][683x5120x1536][683x5120x1536][683x5120x1536][683x5120x1536][683x5120x1536][683x5120x1536][683x5120x1536][683x5120x1536][683x5120x1536][683x5120x1536][683x5120x1536][683x5120x1536][683x5120x1536][683x5120x1536][683x5120x1536][683x5120x1536][683x5120x1536][683x5120x1536][683x5120x1536][683x5120x1536][683x5120x1536][683x5120x1536][683x5120x1536][683x5120x1536][683x5120x1536][683x5120x1536][683x5120x1536][683x5120x1536][683x5120x1536][683x5120x1536][683x5120x1536][683x5120x1536][683x5120x1536][683x5120x1536][683x5120x1536][683x5120x1536][683x5120x1536][683x5120x1536][683x5120x1536][683x5120x1536][683x5120x1536][683x5120x1536][683x5120x1536][683x5120x1536][683x5120x1536][683x5120x1536][683x5120x1536][683x5120x1536][683x5120x1536][683x5120x1536][683x5120x1536][683x5120x1536][683x5120x1536][683x5120x1536][682x5120x1536][682x5120x1536][682x5120x1536][682x5120x1536][682x5120x1536][682x5120x1536][682x5120x1536][682x5120x1536][682x5120x1536][682x5120x1536][682x5120x1536][682x5120x1536][682x5120x1536][682x5120x1536][682x5120x1536][682x5120x1536][682x5120x1536][682x5120x1536][682x5120x1536][682x5120x1536][682x5120x1536][682x5120x1536][682x5120x1536][682x5120x1536][682x5120x1536][682x5120x1536][682x5120x1536][682x5120x1536][682x5120x1536][682x5120x1536][682x5120x1536][682x5120x1536]',,tensorop,f32,64,128,64,1,4,1,1,1,1,8,4,1,1,64,128,16,100,110,1711276032,1031463239680,602,1.1626,1370.85,887203
1,CUTLASS,grouped_gemm,cutlass3x_sm100_tensorop_gemm_grouped_bf16_bf16_f32_void_bf16_64x128x64_1x4x1_0_tnt_align8_stream_k_1sm,passed,success,grouped,,,,,bf16:row,bf16:column,void:row,bf16:row,1,0,invalid,invalid,heuristic,1,false,'[683x5120x1536][683x5120x1536][683x5120x1536][683x5120x1536][683x5120x1536][683x5120x1536][683x5120x1536][683x5120x1536][683x5120x1536][683x5120x1536][683x5120x1536][683x5120x1536][683x5120x1536][683x5120x1536][683x5120x1536][683x5120x1536][683x5120x1536][683x5120x1536][683x5120x1536][683x5120x1536][683x5120x1536][683x5120x1536][683x5120x1536][683x5120x1536][683x5120x1536][683x5120x1536][683x5120x1536][683x5120x1536][683x5120x1536][683x5120x1536][683x5120x1536][683x5120x1536][683x5120x1536][683x5120x1536][683x5120x1536][683x5120x1536][683x5120x1536][683x5120x1536][683x5120x1536][683x5120x1536][683x5120x1536][683x5120x1536][683x5120x1536][683x5120x1536][683x5120x1536][683x5120x1536][683x5120x1536][683x5120x1536][683x5120x1536][683x5120x1536][683x5120x1536][683x5120x1536][683x5120x1536][683x5120x1536][683x5120x1536][683x5120x1536][683x5120x1536][683x5120x1536][683x5120x1536][683x5120x1536][683x5120x1536][683x5120x1536][683x5120x1536][683x5120x1536][682x5120x1536][682x5120x1536][682x5120x1536][682x5120x1536][682x5120x1536][682x5120x1536][682x5120x1536][682x5120x1536][682x5120x1536][682x5120x1536][682x5120x1536][682x5120x1536][682x5120x1536][682x5120x1536][682x5120x1536][682x5120x1536][682x5120x1536][682x5120x1536][682x5120x1536][682x5120x1536][682x5120x1536][682x5120x1536][682x5120x1536][682x5120x1536][682x5120x1536][682x5120x1536][682x5120x1536][682x5120x1536][682x5120x1536][682x5120x1536][682x5120x1536][682x5120x1536]',,tensorop,f32,64,128,64,1,4,1,1,1,1,8,4,1,1,64,128,16,100,110,1711276032,1031463239680,602,1.16441,1368.72,885825
1,CUTLASS,grouped_gemm,cutlass3x_sm100_tensorop_gemm_grouped_bf16_bf16_f32_bf16_bf16_64x128x64_4x4x1_0_tnt_align8_1sm,passed,success,grouped,,,,,bf16:row,bf16:column,bf16:row,bf16:row,1,0,invalid,invalid,heuristic,1,false,'[683x5120x1536][683x5120x1536][683x5120x1536][683x5120x1536][683x5120x1536][683x5120x1536][683x5120x1536][683x5120x1536][683x5120x1536][683x5120x1536][683x5120x1536][683x5120x1536][683x5120x1536][683x5120x1536][683x5120x1536][683x5120x1536][683x5120x1536][683x5120x1536][683x5120x1536][683x5120x1536][683x5120x1536][683x5120x1536][683x5120x1536][683x5120x1536][683x5120x1536][683x5120x1536][683x5120x1536][683x5120x1536][683x5120x1536][683x5120x1536][683x5120x1536][683x5120x1536][683x5120x1536][683x5120x1536][683x5120x1536][683x5120x1536][683x5120x1536][683x5120x1536][683x5120x1536][683x5120x1536][683x5120x1536][683x5120x1536][683x5120x1536][683x5120x1536][683x5120x1536][683x5120x1536][683x5120x1536][683x5120x1536][683x5120x1536][683x5120x1536][683x5120x1536][683x5120x1536][683x5120x1536][683x5120x1536][683x5120x1536][683x5120x1536][683x5120x1536][683x5120x1536][683x5120x1536][683x5120x1536][683x5120x1536][683x5120x1536][683x5120x1536][683x5120x1536][682x5120x1536][682x5120x1536][682x5120x1536][682x5120x1536][682x5120x1536][682x5120x1536][682x5120x1536][682x5120x1536][682x5120x1536][682x5120x1536][682x5120x1536][682x5120x1536][682x5120x1536][682x5120x1536][682x5120x1536][682x5120x1536][682x5120x1536][682x5120x1536][682x5120x1536][682x5120x1536][682x5120x1536][682x5120x1536][682x5120x1536][682x5120x1536][682x5120x1536][682x5120x1536][682x5120x1536][682x5120x1536][682x5120x1536][682x5120x1536][682x5120x1536][682x5120x1536]',,tensorop,f32,64,128,64,4,4,1,1,1,1,8,4,1,1,64,128,16,100,110,2382364672,1031463239680,432,1.5298,1450.35,674246
1,CUTLASS,grouped_gemm,cutlass3x_sm100_tensorop_gemm_grouped_bf16_bf16_f32_bf16_bf16_64x128x64_4x4x1_0_tnt_align8_stream_k_1sm,passed,success,grouped,,,,,bf16:row,bf16:column,bf16:row,bf16:row,1,0,invalid,invalid,heuristic,1,false,'[683x5120x1536][683x5120x1536][683x5120x1536][683x5120x1536][683x5120x1536][683x5120x1536][683x5120x1536][683x5120x1536][683x5120x1536][683x5120x1536][683x5120x1536][683x5120x1536][683x5120x1536][683x5120x1536][683x5120x1536][683x5120x1536][683x5120x1536][683x5120x1536][683x5120x1536][683x5120x1536][683x5120x1536][683x5120x1536][683x5120x1536][683x5120x1536][683x5120x1536][683x5120x1536][683x5120x1536][683x5120x1536][683x5120x1536][683x5120x1536][683x5120x1536][683x5120x1536][683x5120x1536][683x5120x1536][683x5120x1536][683x5120x1536][683x5120x1536][683x5120x1536][683x5120x1536][683x5120x1536][683x5120x1536][683x5120x1536][683x5120x1536][683x5120x1536][683x5120x1536][683x5120x1536][683x5120x1536][683x5120x1536][683x5120x1536][683x5120x1536][683x5120x1536][683x5120x1536][683x5120x1536][683x5120x1536][683x5120x1536][683x5120x1536][683x5120x1536][683x5120x1536][683x5120x1536][683x5120x1536][683x5120x1536][683x5120x1536][683x5120x1536][683x5120x1536][682x5120x1536][682x5120x1536][682x5120x1536][682x5120x1536][682x5120x1536][682x5120x1536][682x5120x1536][682x5120x1536][682x5120x1536][682x5120x1536][682x5120x1536][682x5120x1536][682x5120x1536][682x5120x1536][682x5120x1536][682x5120x1536][682x5120x1536][682x5120x1536][682x5120x1536][682x5120x1536][682x5120x1536][682x5120x1536][682x5120x1536][682x5120x1536][682x5120x1536][682x5120x1536][682x5120x1536][682x5120x1536][682x5120x1536][682x5120x1536][682x5120x1536][682x5120x1536]',,tensorop,f32,64,128,64,4,4,1,1,1,1,8,4,1,1,64,128,16,100,110,2382364672,1031463239680,432,1.53131,1448.92,673583
1,CUTLASS,grouped_gemm,cutlass3x_sm100_tensorop_gemm_grouped_bf16_bf16_f32_void_bf16_64x128x64_4x4x1_0_tnt_align8_1sm,passed,success,grouped,,,,,bf16:row,bf16:column,void:row,bf16:row,1,0,invalid,invalid,heuristic,1,false,'[683x5120x1536][683x5120x1536][683x5120x1536][683x5120x1536][683x5120x1536][683x5120x1536][683x5120x1536][683x5120x1536][683x5120x1536][683x5120x1536][683x5120x1536][683x5120x1536][683x5120x1536][683x5120x1536][683x5120x1536][683x5120x1536][683x5120x1536][683x5120x1536][683x5120x1536][683x5120x1536][683x5120x1536][683x5120x1536][683x5120x1536][683x5120x1536][683x5120x1536][683x5120x1536][683x5120x1536][683x5120x1536][683x5120x1536][683x5120x1536][683x5120x1536][683x5120x1536][683x5120x1536][683x5120x1536][683x5120x1536][683x5120x1536][683x5120x1536][683x5120x1536][683x5120x1536][683x5120x1536][683x5120x1536][683x5120x1536][683x5120x1536][683x5120x1536][683x5120x1536][683x5120x1536][683x5120x1536][683x5120x1536][683x5120x1536][683x5120x1536][683x5120x1536][683x5120x1536][683x5120x1536][683x5120x1536][683x5120x1536][683x5120x1536][683x5120x1536][683x5120x1536][683x5120x1536][683x5120x1536][683x5120x1536][683x5120x1536][683x5120x1536][683x5120x1536][682x5120x1536][682x5120x1536][682x5120x1536][682x5120x1536][682x5120x1536][682x5120x1536][682x5120x1536][682x5120x1536][682x5120x1536][682x5120x1536][682x5120x1536][682x5120x1536][682x5120x1536][682x5120x1536][682x5120x1536][682x5120x1536][682x5120x1536][682x5120x1536][682x5120x1536][682x5120x1536][682x5120x1536][682x5120x1536][682x5120x1536][682x5120x1536][682x5120x1536][682x5120x1536][682x5120x1536][682x5120x1536][682x5120x1536][682x5120x1536][682x5120x1536][682x5120x1536]',,tensorop,f32,64,128,64,4,4,1,1,1,1,8,4,1,1,64,128,16,100,110,1711276032,1031463239680,602,1.57186,1013.93,656206
1,CUTLASS,grouped_gemm,cutlass3x_sm100_tensorop_gemm_grouped_bf16_bf16_f32_void_bf16_64x128x64_4x4x1_0_tnt_align8_stream_k_1sm,passed,success,grouped,,,,,bf16:row,bf16:column,void:row,bf16:row,1,0,invalid,invalid,heuristic,1,false,'[683x5120x1536][683x5120x1536][683x5120x1536][683x5120x1536][683x5120x1536][683x5120x1536][683x5120x1536][683x5120x1536][683x5120x1536][683x5120x1536][683x5120x1536][683x5120x1536][683x5120x1536][683x5120x1536][683x5120x1536][683x5120x1536][683x5120x1536][683x5120x1536][683x5120x1536][683x5120x1536][683x5120x1536][683x5120x1536][683x5120x1536][683x5120x1536][683x5120x1536][683x5120x1536][683x5120x1536][683x5120x1536][683x5120x1536][683x5120x1536][683x5120x1536][683x5120x1536][683x5120x1536][683x5120x1536][683x5120x1536][683x5120x1536][683x5120x1536][683x5120x1536][683x5120x1536][683x5120x1536][683x5120x1536][683x5120x1536][683x5120x1536][683x5120x1536][683x5120x1536][683x5120x1536][683x5120x1536][683x5120x1536][683x5120x1536][683x5120x1536][683x5120x1536][683x5120x1536][683x5120x1536][683x5120x1536][683x5120x1536][683x5120x1536][683x5120x1536][683x5120x1536][683x5120x1536][683x5120x1536][683x5120x1536][683x5120x1536][683x5120x1536][683x5120x1536][682x5120x1536][682x5120x1536][682x5120x1536][682x5120x1536][682x5120x1536][682x5120x1536][682x5120x1536][682x5120x1536][682x5120x1536][682x5120x1536][682x5120x1536][682x5120x1536][682x5120x1536][682x5120x1536][682x5120x1536][682x5120x1536][682x5120x1536][682x5120x1536][682x5120x1536][682x5120x1536][682x5120x1536][682x5120x1536][682x5120x1536][682x5120x1536][682x5120x1536][682x5120x1536][682x5120x1536][682x5120x1536][682x5120x1536][682x5120x1536][682x5120x1536][682x5120x1536]',,tensorop,f32,64,128,64,4,4,1,1,1,1,8,4,1,1,64,128,16,100,110,1711276032,1031463239680,602,1.57186,1013.93,656207
1,CUTLASS,grouped_gemm,cutlass3x_sm100_tensorop_gemm_grouped_bf16_bf16_f32_f32_f32_128x128x64_0x0x1_0_tnt_align8_1sm,passed,success,grouped,,,,,bf16:row,bf16:column,f32:row,f32:row,1,0,invalid,invalid,heuristic,1,false,'[683x5120x1536][683x5120x1536][683x5120x1536][683x5120x1536][683x5120x1536][683x5120x1536][683x5120x1536][683x5120x1536][683x5120x1536][683x5120x1536][683x5120x1536][683x5120x1536][683x5120x1536][683x5120x1536][683x5120x1536][683x5120x1536][683x5120x1536][683x5120x1536][683x5120x1536][683x5120x1536][683x5120x1536][683x5120x1536][683x5120x1536][683x5120x1536][683x5120x1536][683x5120x1536][683x5120x1536][683x5120x1536][683x5120x1536][683x5120x1536][683x5120x1536][683x5120x1536][683x5120x1536][683x5120x1536][683x5120x1536][683x5120x1536][683x5120x1536][683x5120x1536][683x5120x1536][683x5120x1536][683x5120x1536][683x5120x1536][683x5120x1536][683x5120x1536][683x5120x1536][683x5120x1536][683x5120x1536][683x5120x1536][683x5120x1536][683x5120x1536][683x5120x1536][683x5120x1536][683x5120x1536][683x5120x1536][683x5120x1536][683x5120x1536][683x5120x1536][683x5120x1536][683x5120x1536][683x5120x1536][683x5120x1536][683x5120x1536][683x5120x1536][683x5120x1536][682x5120x1536][682x5120x1536][682x5120x1536][682x5120x1536][682x5120x1536][682x5120x1536][682x5120x1536][682x5120x1536][682x5120x1536][682x5120x1536][682x5120x1536][682x5120x1536][682x5120x1536][682x5120x1536][682x5120x1536][682x5120x1536][682x5120x1536][682x5120x1536][682x5120x1536][682x5120x1536][682x5120x1536][682x5120x1536][682x5120x1536][682x5120x1536][682x5120x1536][682x5120x1536][682x5120x1536][682x5120x1536][682x5120x1536][682x5120x1536][682x5120x1536][682x5120x1536]',,tensorop,f32,128,128,64,1,1,1,1,1,1,5,4,1,1,128,128,16,100,110,3053453312,1031463239680,337,1.08436,2622.52,951220
1,CUTLASS,grouped_gemm,cutlass3x_sm100_tensorop_gemm_grouped_bf16_bf16_f32_f32_f32_128x128x64_0x0x1_0_tnt_align8_stream_k_1sm,passed,success,grouped,,,,,bf16:row,bf16:column,f32:row,f32:row,1,0,invalid,invalid,heuristic,1,false,'[683x5120x1536][683x5120x1536][683x5120x1536][683x5120x1536][683x5120x1536][683x5120x1536][683x5120x1536][683x5120x1536][683x5120x1536][683x5120x1536][683x5120x1536][683x5120x1536][683x5120x1536][683x5120x1536][683x5120x1536][683x5120x1536][683x5120x1536][683x5120x1536][683x5120x1536][683x5120x1536][683x5120x1536][683x5120x1536][683x5120x1536][683x5120x1536][683x5120x1536][683x5120x1536][683x5120x1536][683x5120x1536][683x5120x1536][683x5120x1536][683x5120x1536][683x5120x1536][683x5120x1536][683x5120x1536][683x5120x1536][683x5120x1536][683x5120x1536][683x5120x1536][683x5120x1536][683x5120x1536][683x5120x1536][683x5120x1536][683x5120x1536][683x5120x1536][683x5120x1536][683x5120x1536][683x5120x1536][683x5120x1536][683x5120x1536][683x5120x1536][683x5120x1536][683x5120x1536][683x5120x1536][683x5120x1536][683x5120x1536][683x5120x1536][683x5120x1536][683x5120x1536][683x5120x1536][683x5120x1536][683x5120x1536][683x5120x1536][683x5120x1536][683x5120x1536][682x5120x1536][682x5120x1536][682x5120x1536][682x5120x1536][682x5120x1536][682x5120x1536][682x5120x1536][682x5120x1536][682x5120x1536][682x5120x1536][682x5120x1536][682x5120x1536][682x5120x1536][682x5120x1536][682x5120x1536][682x5120x1536][682x5120x1536][682x5120x1536][682x5120x1536][682x5120x1536][682x5120x1536][682x5120x1536][682x5120x1536][682x5120x1536][682x5120x1536][682x5120x1536][682x5120x1536][682x5120x1536][682x5120x1536][682x5120x1536][682x5120x1536][682x5120x1536]',,tensorop,f32,128,128,64,1,1,1,1,1,1,5,4,1,1,128,128,16,100,110,3053453312,1031463239680,337,1.11291,2555.25,926820
1,CUTLASS,grouped_gemm,cutlass3x_sm100_tensorop_gemm_grouped_bf16_bf16_f32_void_f32_128x128x64_0x0x1_0_tnt_align8_1sm,passed,success,grouped,,,,,bf16:row,bf16:column,void:row,f32:row,1,0,invalid,invalid,heuristic,1,false,'[683x5120x1536][683x5120x1536][683x5120x1536][683x5120x1536][683x5120x1536][683x5120x1536][683x5120x1536][683x5120x1536][683x5120x1536][683x5120x1536][683x5120x1536][683x5120x1536][683x5120x1536][683x5120x1536][683x5120x1536][683x5120x1536][683x5120x1536][683x5120x1536][683x5120x1536][683x5120x1536][683x5120x1536][683x5120x1536][683x5120x1536][683x5120x1536][683x5120x1536][683x5120x1536][683x5120x1536][683x5120x1536][683x5120x1536][683x5120x1536][683x5120x1536][683x5120x1536][683x5120x1536][683x5120x1536][683x5120x1536][683x5120x1536][683x5120x1536][683x5120x1536][683x5120x1536][683x5120x1536][683x5120x1536][683x5120x1536][683x5120x1536][683x5120x1536][683x5120x1536][683x5120x1536][683x5120x1536][683x5120x1536][683x5120x1536][683x5120x1536][683x5120x1536][683x5120x1536][683x5120x1536][683x5120x1536][683x5120x1536][683x5120x1536][683x5120x1536][683x5120x1536][683x5120x1536][683x5120x1536][683x5120x1536][683x5120x1536][683x5120x1536][683x5120x1536][682x5120x1536][682x5120x1536][682x5120x1536][682x5120x1536][682x5120x1536][682x5120x1536][682x5120x1536][682x5120x1536][682x5120x1536][682x5120x1536][682x5120x1536][682x5120x1536][682x5120x1536][682x5120x1536][682x5120x1536][682x5120x1536][682x5120x1536][682x5120x1536][682x5120x1536][682x5120x1536][682x5120x1536][682x5120x1536][682x5120x1536][682x5120x1536][682x5120x1536][682x5120x1536][682x5120x1536][682x5120x1536][682x5120x1536][682x5120x1536][682x5120x1536][682x5120x1536]',,tensorop,f32,128,128,64,1,1,1,1,1,1,5,4,1,1,128,128,16,100,110,1711276032,1031463239680,602,1.13779,1400.74,906551
1,CUTLASS,grouped_gemm,cutlass3x_sm100_tensorop_gemm_grouped_bf16_bf16_f32_void_f32_128x128x64_0x0x1_0_tnt_align8_stream_k_1sm,passed,success,grouped,,,,,bf16:row,bf16:column,void:row,f32:row,1,0,invalid,invalid,heuristic,1,false,'[683x5120x1536][683x5120x1536][683x5120x1536][683x5120x1536][683x5120x1536][683x5120x1536][683x5120x1536][683x5120x1536][683x5120x1536][683x5120x1536][683x5120x1536][683x5120x1536][683x5120x1536][683x5120x1536][683x5120x1536][683x5120x1536][683x5120x1536][683x5120x1536][683x5120x1536][683x5120x1536][683x5120x1536][683x5120x1536][683x5120x1536][683x5120x1536][683x5120x1536][683x5120x1536][683x5120x1536][683x5120x1536][683x5120x1536][683x5120x1536][683x5120x1536][683x5120x1536][683x5120x1536][683x5120x1536][683x5120x1536][683x5120x1536][683x5120x1536][683x5120x1536][683x5120x1536][683x5120x1536][683x5120x1536][683x5120x1536][683x5120x1536][683x5120x1536][683x5120x1536][683x5120x1536][683x5120x1536][683x5120x1536][683x5120x1536][683x5120x1536][683x5120x1536][683x5120x1536][683x5120x1536][683x5120x1536][683x5120x1536][683x5120x1536][683x5120x1536][683x5120x1536][683x5120x1536][683x5120x1536][683x5120x1536][683x5120x1536][683x5120x1536][683x5120x1536][682x5120x1536][682x5120x1536][682x5120x1536][682x5120x1536][682x5120x1536][682x5120x1536][682x5120x1536][682x5120x1536][682x5120x1536][682x5120x1536][682x5120x1536][682x5120x1536][682x5120x1536][682x5120x1536][682x5120x1536][682x5120x1536][682x5120x1536][682x5120x1536][682x5120x1536][682x5120x1536][682x5120x1536][682x5120x1536][682x5120x1536][682x5120x1536][682x5120x1536][682x5120x1536][682x5120x1536][682x5120x1536][682x5120x1536][682x5120x1536][682x5120x1536][682x5120x1536]',,tensorop,f32,128,128,64,1,1,1,1,1,1,5,4,1,1,128,128,16,100,110,1711276032,1031463239680,602,1.14065,1397.23,904277
1,CUTLASS,grouped_gemm,cutlass3x_sm100_tensorop_gemm_grouped_bf16_bf16_f32_f32_f32_128x128x64_1x1x1_0_tnt_align8_1sm,passed,success,grouped,,,,,bf16:row,bf16:column,f32:row,f32:row,1,0,invalid,invalid,heuristic,1,false,'[683x5120x1536][683x5120x1536][683x5120x1536][683x5120x1536][683x5120x1536][683x5120x1536][683x5120x1536][683x5120x1536][683x5120x1536][683x5120x1536][683x5120x1536][683x5120x1536][683x5120x1536][683x5120x1536][683x5120x1536][683x5120x1536][683x5120x1536][683x5120x1536][683x5120x1536][683x5120x1536][683x5120x1536][683x5120x1536][683x5120x1536][683x5120x1536][683x5120x1536][683x5120x1536][683x5120x1536][683x5120x1536][683x5120x1536][683x5120x1536][683x5120x1536][683x5120x1536][683x5120x1536][683x5120x1536][683x5120x1536][683x5120x1536][683x5120x1536][683x5120x1536][683x5120x1536][683x5120x1536][683x5120x1536][683x5120x1536][683x5120x1536][683x5120x1536][683x5120x1536][683x5120x1536][683x5120x1536][683x5120x1536][683x5120x1536][683x5120x1536][683x5120x1536][683x5120x1536][683x5120x1536][683x5120x1536][683x5120x1536][683x5120x1536][683x5120x1536][683x5120x1536][683x5120x1536][683x5120x1536][683x5120x1536][683x5120x1536][683x5120x1536][683x5120x1536][682x5120x1536][682x5120x1536][682x5120x1536][682x5120x1536][682x5120x1536][682x5120x1536][682x5120x1536][682x5120x1536][682x5120x1536][682x5120x1536][682x5120x1536][682x5120x1536][682x5120x1536][682x5120x1536][682x5120x1536][682x5120x1536][682x5120x1536][682x5120x1536][682x5120x1536][682x5120x1536][682x5120x1536][682x5120x1536][682x5120x1536][682x5120x1536][682x5120x1536][682x5120x1536][682x5120x1536][682x5120x1536][682x5120x1536][682x5120x1536][682x5120x1536][682x5120x1536]',,tensorop,f32,128,128,64,1,1,1,1,1,1,5,4,1,1,128,128,16,100,110,3053453312,1031463239680,337,1.08876,2611.9,947370
1,CUTLASS,grouped_gemm,cutlass3x_sm100_tensorop_gemm_grouped_bf16_bf16_f32_f32_f32_128x128x64_1x1x1_0_tnt_align8_stream_k_1sm,passed,success,grouped,,,,,bf16:row,bf16:column,f32:row,f32:row,1,0,invalid,invalid,heuristic,1,false,'[683x5120x1536][683x5120x1536][683x5120x1536][683x5120x1536][683x5120x1536][683x5120x1536][683x5120x1536][683x5120x1536][683x5120x1536][683x5120x1536][683x5120x1536][683x5120x1536][683x5120x1536][683x5120x1536][683x5120x1536][683x5120x1536][683x5120x1536][683x5120x1536][683x5120x1536][683x5120x1536][683x5120x1536][683x5120x1536][683x5120x1536][683x5120x1536][683x5120x1536][683x5120x1536][683x5120x1536][683x5120x1536][683x5120x1536][683x5120x1536][683x5120x1536][683x5120x1536][683x5120x1536][683x5120x1536][683x5120x1536][683x5120x1536][683x5120x1536][683x5120x1536][683x5120x1536][683x5120x1536][683x5120x1536][683x5120x1536][683x5120x1536][683x5120x1536][683x5120x1536][683x5120x1536][683x5120x1536][683x5120x1536][683x5120x1536][683x5120x1536][683x5120x1536][683x5120x1536][683x5120x1536][683x5120x1536][683x5120x1536][683x5120x1536][683x5120x1536][683x5120x1536][683x5120x1536][683x5120x1536][683x5120x1536][683x5120x1536][683x5120x1536][683x5120x1536][682x5120x1536][682x5120x1536][682x5120x1536][682x5120x1536][682x5120x1536][682x5120x1536][682x5120x1536][682x5120x1536][682x5120x1536][682x5120x1536][682x5120x1536][682x5120x1536][682x5120x1536][682x5120x1536][682x5120x1536][682x5120x1536][682x5120x1536][682x5120x1536][682x5120x1536][682x5120x1536][682x5120x1536][682x5120x1536][682x5120x1536][682x5120x1536][682x5120x1536][682x5120x1536][682x5120x1536][682x5120x1536][682x5120x1536][682x5120x1536][682x5120x1536][682x5120x1536]',,tensorop,f32,128,128,64,1,1,1,1,1,1,5,4,1,1,128,128,16,100,110,3053453312,1031463239680,337,1.08467,2621.76,950945
1,CUTLASS,grouped_gemm,cutlass3x_sm100_tensorop_gemm_grouped_bf16_bf16_f32_void_f32_128x128x64_1x1x1_0_tnt_align8_1sm,passed,success,grouped,,,,,bf16:row,bf16:column,void:row,f32:row,1,0,invalid,invalid,heuristic,1,false,'[683x5120x1536][683x5120x1536][683x5120x1536][683x5120x1536][683x5120x1536][683x5120x1536][683x5120x1536][683x5120x1536][683x5120x1536][683x5120x1536][683x5120x1536][683x5120x1536][683x5120x1536][683x5120x1536][683x5120x1536][683x5120x1536][683x5120x1536][683x5120x1536][683x5120x1536][683x5120x1536][683x5120x1536][683x5120x1536][683x5120x1536][683x5120x1536][683x5120x1536][683x5120x1536][683x5120x1536][683x5120x1536][683x5120x1536][683x5120x1536][683x5120x1536][683x5120x1536][683x5120x1536][683x5120x1536][683x5120x1536][683x5120x1536][683x5120x1536][683x5120x1536][683x5120x1536][683x5120x1536][683x5120x1536][683x5120x1536][683x5120x1536][683x5120x1536][683x5120x1536][683x5120x1536][683x5120x1536][683x5120x1536][683x5120x1536][683x5120x1536][683x5120x1536][683x5120x1536][683x5120x1536][683x5120x1536][683x5120x1536][683x5120x1536][683x5120x1536][683x5120x1536][683x5120x1536][683x5120x1536][683x5120x1536][683x5120x1536][683x5120x1536][683x5120x1536][682x5120x1536][682x5120x1536][682x5120x1536][682x5120x1536][682x5120x1536][682x5120x1536][682x5120x1536][682x5120x1536][682x5120x1536][682x5120x1536][682x5120x1536][682x5120x1536][682x5120x1536][682x5120x1536][682x5120x1536][682x5120x1536][682x5120x1536][682x5120x1536][682x5120x1536][682x5120x1536][682x5120x1536][682x5120x1536][682x5120x1536][682x5120x1536][682x5120x1536][682x5120x1536][682x5120x1536][682x5120x1536][682x5120x1536][682x5120x1536][682x5120x1536][682x5120x1536]',,tensorop,f32,128,128,64,1,1,1,1,1,1,5,4,1,1,128,128,16,100,110,1711276032,1031463239680,602,1.08989,1462.31,946394
1,CUTLASS,grouped_gemm,cutlass3x_sm100_tensorop_gemm_grouped_bf16_bf16_f32_void_f32_128x128x64_1x1x1_0_tnt_align8_stream_k_1sm,passed,success,grouped,,,,,bf16:row,bf16:column,void:row,f32:row,1,0,invalid,invalid,heuristic,1,false,'[683x5120x1536][683x5120x1536][683x5120x1536][683x5120x1536][683x5120x1536][683x5120x1536][683x5120x1536][683x5120x1536][683x5120x1536][683x5120x1536][683x5120x1536][683x5120x1536][683x5120x1536][683x5120x1536][683x5120x1536][683x5120x1536][683x5120x1536][683x5120x1536][683x5120x1536][683x5120x1536][683x5120x1536][683x5120x1536][683x5120x1536][683x5120x1536][683x5120x1536][683x5120x1536][683x5120x1536][683x5120x1536][683x5120x1536][683x5120x1536][683x5120x1536][683x5120x1536][683x5120x1536][683x5120x1536][683x5120x1536][683x5120x1536][683x5120x1536][683x5120x1536][683x5120x1536][683x5120x1536][683x5120x1536][683x5120x1536][683x5120x1536][683x5120x1536][683x5120x1536][683x5120x1536][683x5120x1536][683x5120x1536][683x5120x1536][683x5120x1536][683x5120x1536][683x5120x1536][683x5120x1536][683x5120x1536][683x5120x1536][683x5120x1536][683x5120x1536][683x5120x1536][683x5120x1536][683x5120x1536][683x5120x1536][683x5120x1536][683x5120x1536][683x5120x1536][682x5120x1536][682x5120x1536][682x5120x1536][682x5120x1536][682x5120x1536][682x5120x1536][682x5120x1536][682x5120x1536][682x5120x1536][682x5120x1536][682x5120x1536][682x5120x1536][682x5120x1536][682x5120x1536][682x5120x1536][682x5120x1536][682x5120x1536][682x5120x1536][682x5120x1536][682x5120x1536][682x5120x1536][682x5120x1536][682x5120x1536][682x5120x1536][682x5120x1536][682x5120x1536][682x5120x1536][682x5120x1536][682x5120x1536][682x5120x1536][682x5120x1536][682x5120x1536]',,tensorop,f32,128,128,64,1,1,1,1,1,1,5,4,1,1,128,128,16,100,110,1711276032,1031463239680,602,1.0916,1460.01,944907
1,CUTLASS,grouped_gemm,cutlass3x_sm100_tensorop_gemm_grouped_bf16_bf16_f32_f32_f32_128x128x64_1x2x1_0_tnt_align8_1sm,passed,success,grouped,,,,,bf16:row,bf16:column,f32:row,f32:row,1,0,invalid,invalid,heuristic,1,false,'[683x5120x1536][683x5120x1536][683x5120x1536][683x5120x1536][683x5120x1536][683x5120x1536][683x5120x1536][683x5120x1536][683x5120x1536][683x5120x1536][683x5120x1536][683x5120x1536][683x5120x1536][683x5120x1536][683x5120x1536][683x5120x1536][683x5120x1536][683x5120x1536][683x5120x1536][683x5120x1536][683x5120x1536][683x5120x1536][683x5120x1536][683x5120x1536][683x5120x1536][683x5120x1536][683x5120x1536][683x5120x1536][683x5120x1536][683x5120x1536][683x5120x1536][683x5120x1536][683x5120x1536][683x5120x1536][683x5120x1536][683x5120x1536][683x5120x1536][683x5120x1536][683x5120x1536][683x5120x1536][683x5120x1536][683x5120x1536][683x5120x1536][683x5120x1536][683x5120x1536][683x5120x1536][683x5120x1536][683x5120x1536][683x5120x1536][683x5120x1536][683x5120x1536][683x5120x1536][683x5120x1536][683x5120x1536][683x5120x1536][683x5120x1536][683x5120x1536][683x5120x1536][683x5120x1536][683x5120x1536][683x5120x1536][683x5120x1536][683x5120x1536][683x5120x1536][682x5120x1536][682x5120x1536][682x5120x1536][682x5120x1536][682x5120x1536][682x5120x1536][682x5120x1536][682x5120x1536][682x5120x1536][682x5120x1536][682x5120x1536][682x5120x1536][682x5120x1536][682x5120x1536][682x5120x1536][682x5120x1536][682x5120x1536][682x5120x1536][682x5120x1536][682x5120x1536][682x5120x1536][682x5120x1536][682x5120x1536][682x5120x1536][682x5120x1536][682x5120x1536][682x5120x1536][682x5120x1536][682x5120x1536][682x5120x1536][682x5120x1536][682x5120x1536]',,tensorop,f32,128,128,64,1,2,1,1,1,1,5,4,1,1,128,128,16,100,110,3053453312,1031463239680,337,0.960355,2961.14,1.07404e+06
1,CUTLASS,grouped_gemm,cutlass3x_sm100_tensorop_gemm_grouped_bf16_bf16_f32_f32_f32_128x128x64_1x2x1_0_tnt_align8_stream_k_1sm,passed,success,grouped,,,,,bf16:row,bf16:column,f32:row,f32:row,1,0,invalid,invalid,heuristic,1,false,'[683x5120x1536][683x5120x1536][683x5120x1536][683x5120x1536][683x5120x1536][683x5120x1536][683x5120x1536][683x5120x1536][683x5120x1536][683x5120x1536][683x5120x1536][683x5120x1536][683x5120x1536][683x5120x1536][683x5120x1536][683x5120x1536][683x5120x1536][683x5120x1536][683x5120x1536][683x5120x1536][683x5120x1536][683x5120x1536][683x5120x1536][683x5120x1536][683x5120x1536][683x5120x1536][683x5120x1536][683x5120x1536][683x5120x1536][683x5120x1536][683x5120x1536][683x5120x1536][683x5120x1536][683x5120x1536][683x5120x1536][683x5120x1536][683x5120x1536][683x5120x1536][683x5120x1536][683x5120x1536][683x5120x1536][683x5120x1536][683x5120x1536][683x5120x1536][683x5120x1536][683x5120x1536][683x5120x1536][683x5120x1536][683x5120x1536][683x5120x1536][683x5120x1536][683x5120x1536][683x5120x1536][683x5120x1536][683x5120x1536][683x5120x1536][683x5120x1536][683x5120x1536][683x5120x1536][683x5120x1536][683x5120x1536][683x5120x1536][683x5120x1536][683x5120x1536][682x5120x1536][682x5120x1536][682x5120x1536][682x5120x1536][682x5120x1536][682x5120x1536][682x5120x1536][682x5120x1536][682x5120x1536][682x5120x1536][682x5120x1536][682x5120x1536][682x5120x1536][682x5120x1536][682x5120x1536][682x5120x1536][682x5120x1536][682x5120x1536][682x5120x1536][682x5120x1536][682x5120x1536][682x5120x1536][682x5120x1536][682x5120x1536][682x5120x1536][682x5120x1536][682x5120x1536][682x5120x1536][682x5120x1536][682x5120x1536][682x5120x1536][682x5120x1536]',,tensorop,f32,128,128,64,1,2,1,1,1,1,5,4,1,1,128,128,16,100,110,3053453312,1031463239680,337,0.961658,2957.13,1.07259e+06
1,CUTLASS,grouped_gemm,cutlass3x_sm100_tensorop_gemm_grouped_bf16_bf16_f32_void_f32_128x128x64_1x2x1_0_tnt_align8_1sm,passed,success,grouped,,,,,bf16:row,bf16:column,void:row,f32:row,1,0,invalid,invalid,heuristic,1,false,'[683x5120x1536][683x5120x1536][683x5120x1536][683x5120x1536][683x5120x1536][683x5120x1536][683x5120x1536][683x5120x1536][683x5120x1536][683x5120x1536][683x5120x1536][683x5120x1536][683x5120x1536][683x5120x1536][683x5120x1536][683x5120x1536][683x5120x1536][683x5120x1536][683x5120x1536][683x5120x1536][683x5120x1536][683x5120x1536][683x5120x1536][683x5120x1536][683x5120x1536][683x5120x1536][683x5120x1536][683x5120x1536][683x5120x1536][683x5120x1536][683x5120x1536][683x5120x1536][683x5120x1536][683x5120x1536][683x5120x1536][683x5120x1536][683x5120x1536][683x5120x1536][683x5120x1536][683x5120x1536][683x5120x1536][683x5120x1536][683x5120x1536][683x5120x1536][683x5120x1536][683x5120x1536][683x5120x1536][683x5120x1536][683x5120x1536][683x5120x1536][683x5120x1536][683x5120x1536][683x5120x1536][683x5120x1536][683x5120x1536][683x5120x1536][683x5120x1536][683x5120x1536][683x5120x1536][683x5120x1536][683x5120x1536][683x5120x1536][683x5120x1536][683x5120x1536][682x5120x1536][682x5120x1536][682x5120x1536][682x5120x1536][682x5120x1536][682x5120x1536][682x5120x1536][682x5120x1536][682x5120x1536][682x5120x1536][682x5120x1536][682x5120x1536][682x5120x1536][682x5120x1536][682x5120x1536][682x5120x1536][682x5120x1536][682x5120x1536][682x5120x1536][682x5120x1536][682x5120x1536][682x5120x1536][682x5120x1536][682x5120x1536][682x5120x1536][682x5120x1536][682x5120x1536][682x5120x1536][682x5120x1536][682x5120x1536][682x5120x1536][682x5120x1536]',,tensorop,f32,128,128,64,1,2,1,1,1,1,5,4,1,1,128,128,16,100,110,1711276032,1031463239680,602,0.986566,1615.45,1.04551e+06
1,CUTLASS,grouped_gemm,cutlass3x_sm100_tensorop_gemm_grouped_bf16_bf16_f32_void_f32_128x128x64_1x2x1_0_tnt_align8_stream_k_1sm,passed,success,grouped,,,,,bf16:row,bf16:column,void:row,f32:row,1,0,invalid,invalid,heuristic,1,false,'[683x5120x1536][683x5120x1536][683x5120x1536][683x5120x1536][683x5120x1536][683x5120x1536][683x5120x1536][683x5120x1536][683x5120x1536][683x5120x1536][683x5120x1536][683x5120x1536][683x5120x1536][683x5120x1536][683x5120x1536][683x5120x1536][683x5120x1536][683x5120x1536][683x5120x1536][683x5120x1536][683x5120x1536][683x5120x1536][683x5120x1536][683x5120x1536][683x5120x1536][683x5120x1536][683x5120x1536][683x5120x1536][683x5120x1536][683x5120x1536][683x5120x1536][683x5120x1536][683x5120x1536][683x5120x1536][683x5120x1536][683x5120x1536][683x5120x1536][683x5120x1536][683x5120x1536][683x5120x1536][683x5120x1536][683x5120x1536][683x5120x1536][683x5120x1536][683x5120x1536][683x5120x1536][683x5120x1536][683x5120x1536][683x5120x1536][683x5120x1536][683x5120x1536][683x5120x1536][683x5120x1536][683x5120x1536][683x5120x1536][683x5120x1536][683x5120x1536][683x5120x1536][683x5120x1536][683x5120x1536][683x5120x1536][683x5120x1536][683x5120x1536][683x5120x1536][682x5120x1536][682x5120x1536][682x5120x1536][682x5120x1536][682x5120x1536][682x5120x1536][682x5120x1536][682x5120x1536][682x5120x1536][682x5120x1536][682x5120x1536][682x5120x1536][682x5120x1536][682x5120x1536][682x5120x1536][682x5120x1536][682x5120x1536][682x5120x1536][682x5120x1536][682x5120x1536][682x5120x1536][682x5120x1536][682x5120x1536][682x5120x1536][682x5120x1536][682x5120x1536][682x5120x1536][682x5120x1536][682x5120x1536][682x5120x1536][682x5120x1536][682x5120x1536]',,tensorop,f32,128,128,64,1,2,1,1,1,1,5,4,1,1,128,128,16,100,110,1711276032,1031463239680,602,0.985754,1616.78,1.04637e+06
1,CUTLASS,grouped_gemm,cutlass3x_sm100_tensorop_gemm_grouped_bf16_bf16_f32_f32_f32_128x128x64_1x4x1_0_tnt_align8_1sm,passed,success,grouped,,,,,bf16:row,bf16:column,f32:row,f32:row,1,0,invalid,invalid,heuristic,1,false,'[683x5120x1536][683x5120x1536][683x5120x1536][683x5120x1536][683x5120x1536][683x5120x1536][683x5120x1536][683x5120x1536][683x5120x1536][683x5120x1536][683x5120x1536][683x5120x1536][683x5120x1536][683x5120x1536][683x5120x1536][683x5120x1536][683x5120x1536][683x5120x1536][683x5120x1536][683x5120x1536][683x5120x1536][683x5120x1536][683x5120x1536][683x5120x1536][683x5120x1536][683x5120x1536][683x5120x1536][683x5120x1536][683x5120x1536][683x5120x1536][683x5120x1536][683x5120x1536][683x5120x1536][683x5120x1536][683x5120x1536][683x5120x1536][683x5120x1536][683x5120x1536][683x5120x1536][683x5120x1536][683x5120x1536][683x5120x1536][683x5120x1536][683x5120x1536][683x5120x1536][683x5120x1536][683x5120x1536][683x5120x1536][683x5120x1536][683x5120x1536][683x5120x1536][683x5120x1536][683x5120x1536][683x5120x1536][683x5120x1536][683x5120x1536][683x5120x1536][683x5120x1536][683x5120x1536][683x5120x1536][683x5120x1536][683x5120x1536][683x5120x1536][683x5120x1536][682x5120x1536][682x5120x1536][682x5120x1536][682x5120x1536][682x5120x1536][682x5120x1536][682x5120x1536][682x5120x1536][682x5120x1536][682x5120x1536][682x5120x1536][682x5120x1536][682x5120x1536][682x5120x1536][682x5120x1536][682x5120x1536][682x5120x1536][682x5120x1536][682x5120x1536][682x5120x1536][682x5120x1536][682x5120x1536][682x5120x1536][682x5120x1536][682x5120x1536][682x5120x1536][682x5120x1536][682x5120x1536][682x5120x1536][682x5120x1536][682x5120x1536][682x5120x1536]',,tensorop,f32,128,128,64,1,4,1,1,1,1,5,4,1,1,128,128,16,100,110,3053453312,1031463239680,337,1.00087,2841.27,1.03056e+06
1,CUTLASS,grouped_gemm,cutlass3x_sm100_tensorop_gemm_grouped_bf16_bf16_f32_f32_f32_128x128x64_1x4x1_0_tnt_align8_stream_k_1sm,passed,success,grouped,,,,,bf16:row,bf16:column,f32:row,f32:row,1,0,invalid,invalid,heuristic,1,false,'[683x5120x1536][683x5120x1536][683x5120x1536][683x5120x1536][683x5120x1536][683x5120x1536][683x5120x1536][683x5120x1536][683x5120x1536][683x5120x1536][683x5120x1536][683x5120x1536][683x5120x1536][683x5120x1536][683x5120x1536][683x5120x1536][683x5120x1536][683x5120x1536][683x5120x1536][683x5120x1536][683x5120x1536][683x5120x1536][683x5120x1536][683x5120x1536][683x5120x1536][683x5120x1536][683x5120x1536][683x5120x1536][683x5120x1536][683x5120x1536][683x5120x1536][683x5120x1536][683x5120x1536][683x5120x1536][683x5120x1536][683x5120x1536][683x5120x1536][683x5120x1536][683x5120x1536][683x5120x1536][683x5120x1536][683x5120x1536][683x5120x1536][683x5120x1536][683x5120x1536][683x5120x1536][683x5120x1536][683x5120x1536][683x5120x1536][683x5120x1536][683x5120x1536][683x5120x1536][683x5120x1536][683x5120x1536][683x5120x1536][683x5120x1536][683x5120x1536][683x5120x1536][683x5120x1536][683x5120x1536][683x5120x1536][683x5120x1536][683x5120x1536][683x5120x1536][682x5120x1536][682x5120x1536][682x5120x1536][682x5120x1536][682x5120x1536][682x5120x1536][682x5120x1536][682x5120x1536][682x5120x1536][682x5120x1536][682x5120x1536][682x5120x1536][682x5120x1536][682x5120x1536][682x5120x1536][682x5120x1536][682x5120x1536][682x5120x1536][682x5120x1536][682x5120x1536][682x5120x1536][682x5120x1536][682x5120x1536][682x5120x1536][682x5120x1536][682x5120x1536][682x5120x1536][682x5120x1536][682x5120x1536][682x5120x1536][682x5120x1536][682x5120x1536]',,tensorop,f32,128,128,64,1,4,1,1,1,1,5,4,1,1,128,128,16,100,110,3053453312,1031463239680,337,1.0006,2842.06,1.03085e+06
1,CUTLASS,grouped_gemm,cutlass3x_sm100_tensorop_gemm_grouped_bf16_bf16_f32_void_f32_128x128x64_1x4x1_0_tnt_align8_1sm,passed,success,grouped,,,,,bf16:row,bf16:column,void:row,f32:row,1,0,invalid,invalid,heuristic,1,false,'[683x5120x1536][683x5120x1536][683x5120x1536][683x5120x1536][683x5120x1536][683x5120x1536][683x5120x1536][683x5120x1536][683x5120x1536][683x5120x1536][683x5120x1536][683x5120x1536][683x5120x1536][683x5120x1536][683x5120x1536][683x5120x1536][683x5120x1536][683x5120x1536][683x5120x1536][683x5120x1536][683x5120x1536][683x5120x1536][683x5120x1536][683x5120x1536][683x5120x1536][683x5120x1536][683x5120x1536][683x5120x1536][683x5120x1536][683x5120x1536][683x5120x1536][683x5120x1536][683x5120x1536][683x5120x1536][683x5120x1536][683x5120x1536][683x5120x1536][683x5120x1536][683x5120x1536][683x5120x1536][683x5120x1536][683x5120x1536][683x5120x1536][683x5120x1536][683x5120x1536][683x5120x1536][683x5120x1536][683x5120x1536][683x5120x1536][683x5120x1536][683x5120x1536][683x5120x1536][683x5120x1536][683x5120x1536][683x5120x1536][683x5120x1536][683x5120x1536][683x5120x1536][683x5120x1536][683x5120x1536][683x5120x1536][683x5120x1536][683x5120x1536][683x5120x1536][682x5120x1536][682x5120x1536][682x5120x1536][682x5120x1536][682x5120x1536][682x5120x1536][682x5120x1536][682x5120x1536][682x5120x1536][682x5120x1536][682x5120x1536][682x5120x1536][682x5120x1536][682x5120x1536][682x5120x1536][682x5120x1536][682x5120x1536][682x5120x1536][682x5120x1536][682x5120x1536][682x5120x1536][682x5120x1536][682x5120x1536][682x5120x1536][682x5120x1536][682x5120x1536][682x5120x1536][682x5120x1536][682x5120x1536][682x5120x1536][682x5120x1536][682x5120x1536]',,tensorop,f32,128,128,64,1,4,1,1,1,1,5,4,1,1,128,128,16,100,110,1711276032,1031463239680,602,1.02668,1552.33,1.00465e+06
1,CUTLASS,grouped_gemm,cutlass3x_sm100_tensorop_gemm_grouped_bf16_bf16_f32_void_f32_128x128x64_1x4x1_0_tnt_align8_stream_k_1sm,passed,success,grouped,,,,,bf16:row,bf16:column,void:row,f32:row,1,0,invalid,invalid,heuristic,1,false,'[683x5120x1536][683x5120x1536][683x5120x1536][683x5120x1536][683x5120x1536][683x5120x1536][683x5120x1536][683x5120x1536][683x5120x1536][683x5120x1536][683x5120x1536][683x5120x1536][683x5120x1536][683x5120x1536][683x5120x1536][683x5120x1536][683x5120x1536][683x5120x1536][683x5120x1536][683x5120x1536][683x5120x1536][683x5120x1536][683x5120x1536][683x5120x1536][683x5120x1536][683x5120x1536][683x5120x1536][683x5120x1536][683x5120x1536][683x5120x1536][683x5120x1536][683x5120x1536][683x5120x1536][683x5120x1536][683x5120x1536][683x5120x1536][683x5120x1536][683x5120x1536][683x5120x1536][683x5120x1536][683x5120x1536][683x5120x1536][683x5120x1536][683x5120x1536][683x5120x1536][683x5120x1536][683x5120x1536][683x5120x1536][683x5120x1536][683x5120x1536][683x5120x1536][683x5120x1536][683x5120x1536][683x5120x1536][683x5120x1536][683x5120x1536][683x5120x1536][683x5120x1536][683x5120x1536][683x5120x1536][683x5120x1536][683x5120x1536][683x5120x1536][683x5120x1536][682x5120x1536][682x5120x1536][682x5120x1536][682x5120x1536][682x5120x1536][682x5120x1536][682x5120x1536][682x5120x1536][682x5120x1536][682x5120x1536][682x5120x1536][682x5120x1536][682x5120x1536][682x5120x1536][682x5120x1536][682x5120x1536][682x5120x1536][682x5120x1536][682x5120x1536][682x5120x1536][682x5120x1536][682x5120x1536][682x5120x1536][682x5120x1536][682x5120x1536][682x5120x1536][682x5120x1536][682x5120x1536][682x5120x1536][682x5120x1536][682x5120x1536][682x5120x1536]',,tensorop,f32,128,128,64,1,4,1,1,1,1,5,4,1,1,128,128,16,100,110,1711276032,1031463239680,602,1.02743,1551.2,1.00393e+06
1,CUTLASS,grouped_gemm,cutlass3x_sm100_tensorop_gemm_grouped_bf16_bf16_f32_f32_f32_128x128x64_4x4x1_0_tnt_align8_1sm,passed,success,grouped,,,,,bf16:row,bf16:column,f32:row,f32:row,1,0,invalid,invalid,heuristic,1,false,'[683x5120x1536][683x5120x1536][683x5120x1536][683x5120x1536][683x5120x1536][683x5120x1536][683x5120x1536][683x5120x1536][683x5120x1536][683x5120x1536][683x5120x1536][683x5120x1536][683x5120x1536][683x5120x1536][683x5120x1536][683x5120x1536][683x5120x1536][683x5120x1536][683x5120x1536][683x5120x1536][683x5120x1536][683x5120x1536][683x5120x1536][683x5120x1536][683x5120x1536][683x5120x1536][683x5120x1536][683x5120x1536][683x5120x1536][683x5120x1536][683x5120x1536][683x5120x1536][683x5120x1536][683x5120x1536][683x5120x1536][683x5120x1536][683x5120x1536][683x5120x1536][683x5120x1536][683x5120x1536][683x5120x1536][683x5120x1536][683x5120x1536][683x5120x1536][683x5120x1536][683x5120x1536][683x5120x1536][683x5120x1536][683x5120x1536][683x5120x1536][683x5120x1536][683x5120x1536][683x5120x1536][683x5120x1536][683x5120x1536][683x5120x1536][683x5120x1536][683x5120x1536][683x5120x1536][683x5120x1536][683x5120x1536][683x5120x1536][683x5120x1536][683x5120x1536][682x5120x1536][682x5120x1536][682x5120x1536][682x5120x1536][682x5120x1536][682x5120x1536][682x5120x1536][682x5120x1536][682x5120x1536][682x5120x1536][682x5120x1536][682x5120x1536][682x5120x1536][682x5120x1536][682x5120x1536][682x5120x1536][682x5120x1536][682x5120x1536][682x5120x1536][682x5120x1536][682x5120x1536][682x5120x1536][682x5120x1536][682x5120x1536][682x5120x1536][682x5120x1536][682x5120x1536][682x5120x1536][682x5120x1536][682x5120x1536][682x5120x1536][682x5120x1536]',,tensorop,f32,128,128,64,4,4,1,1,1,1,5,4,1,1,128,128,16,100,110,3053453312,1031463239680,337,1.68965,1683.04,610459
1,CUTLASS,grouped_gemm,cutlass3x_sm100_tensorop_gemm_grouped_bf16_bf16_f32_f32_f32_128x128x64_4x4x1_0_tnt_align8_stream_k_1sm,passed,success,grouped,,,,,bf16:row,bf16:column,f32:row,f32:row,1,0,invalid,invalid,heuristic,1,false,'[683x5120x1536][683x5120x1536][683x5120x1536][683x5120x1536][683x5120x1536][683x5120x1536][683x5120x1536][683x5120x1536][683x5120x1536][683x5120x1536][683x5120x1536][683x5120x1536][683x5120x1536][683x5120x1536][683x5120x1536][683x5120x1536][683x5120x1536][683x5120x1536][683x5120x1536][683x5120x1536][683x5120x1536][683x5120x1536][683x5120x1536][683x5120x1536][683x5120x1536][683x5120x1536][683x5120x1536][683x5120x1536][683x5120x1536][683x5120x1536][683x5120x1536][683x5120x1536][683x5120x1536][683x5120x1536][683x5120x1536][683x5120x1536][683x5120x1536][683x5120x1536][683x5120x1536][683x5120x1536][683x5120x1536][683x5120x1536][683x5120x1536][683x5120x1536][683x5120x1536][683x5120x1536][683x5120x1536][683x5120x1536][683x5120x1536][683x5120x1536][683x5120x1536][683x5120x1536][683x5120x1536][683x5120x1536][683x5120x1536][683x5120x1536][683x5120x1536][683x5120x1536][683x5120x1536][683x5120x1536][683x5120x1536][683x5120x1536][683x5120x1536][683x5120x1536][682x5120x1536][682x5120x1536][682x5120x1536][682x5120x1536][682x5120x1536][682x5120x1536][682x5120x1536][682x5120x1536][682x5120x1536][682x5120x1536][682x5120x1536][682x5120x1536][682x5120x1536][682x5120x1536][682x5120x1536][682x5120x1536][682x5120x1536][682x5120x1536][682x5120x1536][682x5120x1536][682x5120x1536][682x5120x1536][682x5120x1536][682x5120x1536][682x5120x1536][682x5120x1536][682x5120x1536][682x5120x1536][682x5120x1536][682x5120x1536][682x5120x1536][682x5120x1536]',,tensorop,f32,128,128,64,4,4,1,1,1,1,5,4,1,1,128,128,16,100,110,3053453312,1031463239680,337,1.68993,1682.77,610360
1,CUTLASS,grouped_gemm,cutlass3x_sm100_tensorop_gemm_grouped_bf16_bf16_f32_void_f32_128x128x64_4x4x1_0_tnt_align8_1sm,passed,success,grouped,,,,,bf16:row,bf16:column,void:row,f32:row,1,0,invalid,invalid,heuristic,1,false,'[683x5120x1536][683x5120x1536][683x5120x1536][683x5120x1536][683x5120x1536][683x5120x1536][683x5120x1536][683x5120x1536][683x5120x1536][683x5120x1536][683x5120x1536][683x5120x1536][683x5120x1536][683x5120x1536][683x5120x1536][683x5120x1536][683x5120x1536][683x5120x1536][683x5120x1536][683x5120x1536][683x5120x1536][683x5120x1536][683x5120x1536][683x5120x1536][683x5120x1536][683x5120x1536][683x5120x1536][683x5120x1536][683x5120x1536][683x5120x1536][683x5120x1536][683x5120x1536][683x5120x1536][683x5120x1536][683x5120x1536][683x5120x1536][683x5120x1536][683x5120x1536][683x5120x1536][683x5120x1536][683x5120x1536][683x5120x1536][683x5120x1536][683x5120x1536][683x5120x1536][683x5120x1536][683x5120x1536][683x5120x1536][683x5120x1536][683x5120x1536][683x5120x1536][683x5120x1536][683x5120x1536][683x5120x1536][683x5120x1536][683x5120x1536][683x5120x1536][683x5120x1536][683x5120x1536][683x5120x1536][683x5120x1536][683x5120x1536][683x5120x1536][683x5120x1536][682x5120x1536][682x5120x1536][682x5120x1536][682x5120x1536][682x5120x1536][682x5120x1536][682x5120x1536][682x5120x1536][682x5120x1536][682x5120x1536][682x5120x1536][682x5120x1536][682x5120x1536][682x5120x1536][682x5120x1536][682x5120x1536][682x5120x1536][682x5120x1536][682x5120x1536][682x5120x1536][682x5120x1536][682x5120x1536][682x5120x1536][682x5120x1536][682x5120x1536][682x5120x1536][682x5120x1536][682x5120x1536][682x5120x1536][682x5120x1536][682x5120x1536][682x5120x1536]',,tensorop,f32,128,128,64,4,4,1,1,1,1,5,4,1,1,128,128,16,100,110,1711276032,1031463239680,602,1.70057,937.184,606539
1,CUTLASS,grouped_gemm,cutlass3x_sm100_tensorop_gemm_grouped_bf16_bf16_f32_void_f32_128x128x64_4x4x1_0_tnt_align8_stream_k_1sm,passed,success,grouped,,,,,bf16:row,bf16:column,void:row,f32:row,1,0,invalid,invalid,heuristic,1,false,'[683x5120x1536][683x5120x1536][683x5120x1536][683x5120x1536][683x5120x1536][683x5120x1536][683x5120x1536][683x5120x1536][683x5120x1536][683x5120x1536][683x5120x1536][683x5120x1536][683x5120x1536][683x5120x1536][683x5120x1536][683x5120x1536][683x5120x1536][683x5120x1536][683x5120x1536][683x5120x1536][683x5120x1536][683x5120x1536][683x5120x1536][683x5120x1536][683x5120x1536][683x5120x1536][683x5120x1536][683x5120x1536][683x5120x1536][683x5120x1536][683x5120x1536][683x5120x1536][683x5120x1536][683x5120x1536][683x5120x1536][683x5120x1536][683x5120x1536][683x5120x1536][683x5120x1536][683x5120x1536][683x5120x1536][683x5120x1536][683x5120x1536][683x5120x1536][683x5120x1536][683x5120x1536][683x5120x1536][683x5120x1536][683x5120x1536][683x5120x1536][683x5120x1536][683x5120x1536][683x5120x1536][683x5120x1536][683x5120x1536][683x5120x1536][683x5120x1536][683x5120x1536][683x5120x1536][683x5120x1536][683x5120x1536][683x5120x1536][683x5120x1536][683x5120x1536][682x5120x1536][682x5120x1536][682x5120x1536][682x5120x1536][682x5120x1536][682x5120x1536][682x5120x1536][682x5120x1536][682x5120x1536][682x5120x1536][682x5120x1536][682x5120x1536][682x5120x1536][682x5120x1536][682x5120x1536][682x5120x1536][682x5120x1536][682x5120x1536][682x5120x1536][682x5120x1536][682x5120x1536][682x5120x1536][682x5120x1536][682x5120x1536][682x5120x1536][682x5120x1536][682x5120x1536][682x5120x1536][682x5120x1536][682x5120x1536][682x5120x1536][682x5120x1536]',,tensorop,f32,128,128,64,4,4,1,1,1,1,5,4,1,1,128,128,16,100,110,1711276032,1031463239680,602,1.70081,937.054,606454
1,CUTLASS,grouped_gemm,cutlass3x_sm100_tensorop_gemm_grouped_bf16_bf16_f32_bf16_bf16_128x128x64_0x0x1_0_tnt_align8_1sm,passed,success,grouped,,,,,bf16:row,bf16:column,bf16:row,bf16:row,1,0,invalid,invalid,heuristic,1,false,'[683x5120x1536][683x5120x1536][683x5120x1536][683x5120x1536][683x5120x1536][683x5120x1536][683x5120x1536][683x5120x1536][683x5120x1536][683x5120x1536][683x5120x1536][683x5120x1536][683x5120x1536][683x5120x1536][683x5120x1536][683x5120x1536][683x5120x1536][683x5120x1536][683x5120x1536][683x5120x1536][683x5120x1536][683x5120x1536][683x5120x1536][683x5120x1536][683x5120x1536][683x5120x1536][683x5120x1536][683x5120x1536][683x5120x1536][683x5120x1536][683x5120x1536][683x5120x1536][683x5120x1536][683x5120x1536][683x5120x1536][683x5120x1536][683x5120x1536][683x5120x1536][683x5120x1536][683x5120x1536][683x5120x1536][683x5120x1536][683x5120x1536][683x5120x1536][683x5120x1536][683x5120x1536][683x5120x1536][683x5120x1536][683x5120x1536][683x5120x1536][683x5120x1536][683x5120x1536][683x5120x1536][683x5120x1536][683x5120x1536][683x5120x1536][683x5120x1536][683x5120x1536][683x5120x1536][683x5120x1536][683x5120x1536][683x5120x1536][683x5120x1536][683x5120x1536][682x5120x1536][682x5120x1536][682x5120x1536][682x5120x1536][682x5120x1536][682x5120x1536][682x5120x1536][682x5120x1536][682x5120x1536][682x5120x1536][682x5120x1536][682x5120x1536][682x5120x1536][682x5120x1536][682x5120x1536][682x5120x1536][682x5120x1536][682x5120x1536][682x5120x1536][682x5120x1536][682x5120x1536][682x5120x1536][682x5120x1536][682x5120x1536][682x5120x1536][682x5120x1536][682x5120x1536][682x5120x1536][682x5120x1536][682x5120x1536][682x5120x1536][682x5120x1536]',,tensorop,f32,128,128,64,1,1,1,1,1,1,5,4,1,1,128,128,16,100,110,2382364672,1031463239680,432,1.07174,2070.23,962419
1,CUTLASS,grouped_gemm,cutlass3x_sm100_tensorop_gemm_grouped_bf16_bf16_f32_bf16_bf16_128x128x64_0x0x1_0_tnt_align8_stream_k_1sm,passed,success,grouped,,,,,bf16:row,bf16:column,bf16:row,bf16:row,1,0,invalid,invalid,heuristic,1,false,'[683x5120x1536][683x5120x1536][683x5120x1536][683x5120x1536][683x5120x1536][683x5120x1536][683x5120x1536][683x5120x1536][683x5120x1536][683x5120x1536][683x5120x1536][683x5120x1536][683x5120x1536][683x5120x1536][683x5120x1536][683x5120x1536][683x5120x1536][683x5120x1536][683x5120x1536][683x5120x1536][683x5120x1536][683x5120x1536][683x5120x1536][683x5120x1536][683x5120x1536][683x5120x1536][683x5120x1536][683x5120x1536][683x5120x1536][683x5120x1536][683x5120x1536][683x5120x1536][683x5120x1536][683x5120x1536][683x5120x1536][683x5120x1536][683x5120x1536][683x5120x1536][683x5120x1536][683x5120x1536][683x5120x1536][683x5120x1536][683x5120x1536][683x5120x1536][683x5120x1536][683x5120x1536][683x5120x1536][683x5120x1536][683x5120x1536][683x5120x1536][683x5120x1536][683x5120x1536][683x5120x1536][683x5120x1536][683x5120x1536][683x5120x1536][683x5120x1536][683x5120x1536][683x5120x1536][683x5120x1536][683x5120x1536][683x5120x1536][683x5120x1536][683x5120x1536][682x5120x1536][682x5120x1536][682x5120x1536][682x5120x1536][682x5120x1536][682x5120x1536][682x5120x1536][682x5120x1536][682x5120x1536][682x5120x1536][682x5120x1536][682x5120x1536][682x5120x1536][682x5120x1536][682x5120x1536][682x5120x1536][682x5120x1536][682x5120x1536][682x5120x1536][682x5120x1536][682x5120x1536][682x5120x1536][682x5120x1536][682x5120x1536][682x5120x1536][682x5120x1536][682x5120x1536][682x5120x1536][682x5120x1536][682x5120x1536][682x5120x1536][682x5120x1536]',,tensorop,f32,128,128,64,1,1,1,1,1,1,5,4,1,1,128,128,16,100,110,2382364672,1031463239680,432,1.03889,2135.69,992849
1,CUTLASS,grouped_gemm,cutlass3x_sm100_tensorop_gemm_grouped_bf16_bf16_f32_void_bf16_128x128x64_0x0x1_0_tnt_align8_1sm,passed,success,grouped,,,,,bf16:row,bf16:column,void:row,bf16:row,1,0,invalid,invalid,heuristic,1,false,'[683x5120x1536][683x5120x1536][683x5120x1536][683x5120x1536][683x5120x1536][683x5120x1536][683x5120x1536][683x5120x1536][683x5120x1536][683x5120x1536][683x5120x1536][683x5120x1536][683x5120x1536][683x5120x1536][683x5120x1536][683x5120x1536][683x5120x1536][683x5120x1536][683x5120x1536][683x5120x1536][683x5120x1536][683x5120x1536][683x5120x1536][683x5120x1536][683x5120x1536][683x5120x1536][683x5120x1536][683x5120x1536][683x5120x1536][683x5120x1536][683x5120x1536][683x5120x1536][683x5120x1536][683x5120x1536][683x5120x1536][683x5120x1536][683x5120x1536][683x5120x1536][683x5120x1536][683x5120x1536][683x5120x1536][683x5120x1536][683x5120x1536][683x5120x1536][683x5120x1536][683x5120x1536][683x5120x1536][683x5120x1536][683x5120x1536][683x5120x1536][683x5120x1536][683x5120x1536][683x5120x1536][683x5120x1536][683x5120x1536][683x5120x1536][683x5120x1536][683x5120x1536][683x5120x1536][683x5120x1536][683x5120x1536][683x5120x1536][683x5120x1536][683x5120x1536][682x5120x1536][682x5120x1536][682x5120x1536][682x5120x1536][682x5120x1536][682x5120x1536][682x5120x1536][682x5120x1536][682x5120x1536][682x5120x1536][682x5120x1536][682x5120x1536][682x5120x1536][682x5120x1536][682x5120x1536][682x5120x1536][682x5120x1536][682x5120x1536][682x5120x1536][682x5120x1536][682x5120x1536][682x5120x1536][682x5120x1536][682x5120x1536][682x5120x1536][682x5120x1536][682x5120x1536][682x5120x1536][682x5120x1536][682x5120x1536][682x5120x1536][682x5120x1536]',,tensorop,f32,128,128,64,1,1,1,1,1,1,6,4,1,1,128,128,16,100,110,1711276032,1031463239680,602,1.03242,1543.71,999077
1,CUTLASS,grouped_gemm,cutlass3x_sm100_tensorop_gemm_grouped_bf16_bf16_f32_void_bf16_128x128x64_0x0x1_0_tnt_align8_stream_k_1sm,passed,success,grouped,,,,,bf16:row,bf16:column,void:row,bf16:row,1,0,invalid,invalid,heuristic,1,false,'[683x5120x1536][683x5120x1536][683x5120x1536][683x5120x1536][683x5120x1536][683x5120x1536][683x5120x1536][683x5120x1536][683x5120x1536][683x5120x1536][683x5120x1536][683x5120x1536][683x5120x1536][683x5120x1536][683x5120x1536][683x5120x1536][683x5120x1536][683x5120x1536][683x5120x1536][683x5120x1536][683x5120x1536][683x5120x1536][683x5120x1536][683x5120x1536][683x5120x1536][683x5120x1536][683x5120x1536][683x5120x1536][683x5120x1536][683x5120x1536][683x5120x1536][683x5120x1536][683x5120x1536][683x5120x1536][683x5120x1536][683x5120x1536][683x5120x1536][683x5120x1536][683x5120x1536][683x5120x1536][683x5120x1536][683x5120x1536][683x5120x1536][683x5120x1536][683x5120x1536][683x5120x1536][683x5120x1536][683x5120x1536][683x5120x1536][683x5120x1536][683x5120x1536][683x5120x1536][683x5120x1536][683x5120x1536][683x5120x1536][683x5120x1536][683x5120x1536][683x5120x1536][683x5120x1536][683x5120x1536][683x5120x1536][683x5120x1536][683x5120x1536][683x5120x1536][682x5120x1536][682x5120x1536][682x5120x1536][682x5120x1536][682x5120x1536][682x5120x1536][682x5120x1536][682x5120x1536][682x5120x1536][682x5120x1536][682x5120x1536][682x5120x1536][682x5120x1536][682x5120x1536][682x5120x1536][682x5120x1536][682x5120x1536][682x5120x1536][682x5120x1536][682x5120x1536][682x5120x1536][682x5120x1536][682x5120x1536][682x5120x1536][682x5120x1536][682x5120x1536][682x5120x1536][682x5120x1536][682x5120x1536][682x5120x1536][682x5120x1536][682x5120x1536]',,tensorop,f32,128,128,64,1,1,1,1,1,1,6,4,1,1,128,128,16,100,110,1711276032,1031463239680,602,1.04122,1530.65,990627
1,CUTLASS,grouped_gemm,cutlass3x_sm100_tensorop_gemm_grouped_bf16_bf16_f32_bf16_bf16_128x128x64_1x1x1_0_tnt_align8_1sm,passed,success,grouped,,,,,bf16:row,bf16:column,bf16:row,bf16:row,1,0,invalid,invalid,heuristic,1,false,'[683x5120x1536][683x5120x1536][683x5120x1536][683x5120x1536][683x5120x1536][683x5120x1536][683x5120x1536][683x5120x1536][683x5120x1536][683x5120x1536][683x5120x1536][683x5120x1536][683x5120x1536][683x5120x1536][683x5120x1536][683x5120x1536][683x5120x1536][683x5120x1536][683x5120x1536][683x5120x1536][683x5120x1536][683x5120x1536][683x5120x1536][683x5120x1536][683x5120x1536][683x5120x1536][683x5120x1536][683x5120x1536][683x5120x1536][683x5120x1536][683x5120x1536][683x5120x1536][683x5120x1536][683x5120x1536][683x5120x1536][683x5120x1536][683x5120x1536][683x5120x1536][683x5120x1536][683x5120x1536][683x5120x1536][683x5120x1536][683x5120x1536][683x5120x1536][683x5120x1536][683x5120x1536][683x5120x1536][683x5120x1536][683x5120x1536][683x5120x1536][683x5120x1536][683x5120x1536][683x5120x1536][683x5120x1536][683x5120x1536][683x5120x1536][683x5120x1536][683x5120x1536][683x5120x1536][683x5120x1536][683x5120x1536][683x5120x1536][683x5120x1536][683x5120x1536][682x5120x1536][682x5120x1536][682x5120x1536][682x5120x1536][682x5120x1536][682x5120x1536][682x5120x1536][682x5120x1536][682x5120x1536][682x5120x1536][682x5120x1536][682x5120x1536][682x5120x1536][682x5120x1536][682x5120x1536][682x5120x1536][682x5120x1536][682x5120x1536][682x5120x1536][682x5120x1536][682x5120x1536][682x5120x1536][682x5120x1536][682x5120x1536][682x5120x1536][682x5120x1536][682x5120x1536][682x5120x1536][682x5120x1536][682x5120x1536][682x5120x1536][682x5120x1536]',,tensorop,f32,128,128,64,1,1,1,1,1,1,5,4,1,1,128,128,16,100,110,2382364672,1031463239680,432,1.04565,2121.88,986431
1,CUTLASS,grouped_gemm,cutlass3x_sm100_tensorop_gemm_grouped_bf16_bf16_f32_bf16_bf16_128x128x64_1x1x1_0_tnt_align8_stream_k_1sm,passed,success,grouped,,,,,bf16:row,bf16:column,bf16:row,bf16:row,1,0,invalid,invalid,heuristic,1,false,'[683x5120x1536][683x5120x1536][683x5120x1536][683x5120x1536][683x5120x1536][683x5120x1536][683x5120x1536][683x5120x1536][683x5120x1536][683x5120x1536][683x5120x1536][683x5120x1536][683x5120x1536][683x5120x1536][683x5120x1536][683x5120x1536][683x5120x1536][683x5120x1536][683x5120x1536][683x5120x1536][683x5120x1536][683x5120x1536][683x5120x1536][683x5120x1536][683x5120x1536][683x5120x1536][683x5120x1536][683x5120x1536][683x5120x1536][683x5120x1536][683x5120x1536][683x5120x1536][683x5120x1536][683x5120x1536][683x5120x1536][683x5120x1536][683x5120x1536][683x5120x1536][683x5120x1536][683x5120x1536][683x5120x1536][683x5120x1536][683x5120x1536][683x5120x1536][683x5120x1536][683x5120x1536][683x5120x1536][683x5120x1536][683x5120x1536][683x5120x1536][683x5120x1536][683x5120x1536][683x5120x1536][683x5120x1536][683x5120x1536][683x5120x1536][683x5120x1536][683x5120x1536][683x5120x1536][683x5120x1536][683x5120x1536][683x5120x1536][683x5120x1536][683x5120x1536][682x5120x1536][682x5120x1536][682x5120x1536][682x5120x1536][682x5120x1536][682x5120x1536][682x5120x1536][682x5120x1536][682x5120x1536][682x5120x1536][682x5120x1536][682x5120x1536][682x5120x1536][682x5120x1536][682x5120x1536][682x5120x1536][682x5120x1536][682x5120x1536][682x5120x1536][682x5120x1536][682x5120x1536][682x5120x1536][682x5120x1536][682x5120x1536][682x5120x1536][682x5120x1536][682x5120x1536][682x5120x1536][682x5120x1536][682x5120x1536][682x5120x1536][682x5120x1536]',,tensorop,f32,128,128,64,1,1,1,1,1,1,5,4,1,1,128,128,16,100,110,2382364672,1031463239680,432,1.07338,2067.08,960952
1,CUTLASS,grouped_gemm,cutlass3x_sm100_tensorop_gemm_grouped_bf16_bf16_f32_void_bf16_128x128x64_1x1x1_0_tnt_align8_1sm,passed,success,grouped,,,,,bf16:row,bf16:column,void:row,bf16:row,1,0,invalid,invalid,heuristic,1,false,'[683x5120x1536][683x5120x1536][683x5120x1536][683x5120x1536][683x5120x1536][683x5120x1536][683x5120x1536][683x5120x1536][683x5120x1536][683x5120x1536][683x5120x1536][683x5120x1536][683x5120x1536][683x5120x1536][683x5120x1536][683x5120x1536][683x5120x1536][683x5120x1536][683x5120x1536][683x5120x1536][683x5120x1536][683x5120x1536][683x5120x1536][683x5120x1536][683x5120x1536][683x5120x1536][683x5120x1536][683x5120x1536][683x5120x1536][683x5120x1536][683x5120x1536][683x5120x1536][683x5120x1536][683x5120x1536][683x5120x1536][683x5120x1536][683x5120x1536][683x5120x1536][683x5120x1536][683x5120x1536][683x5120x1536][683x5120x1536][683x5120x1536][683x5120x1536][683x5120x1536][683x5120x1536][683x5120x1536][683x5120x1536][683x5120x1536][683x5120x1536][683x5120x1536][683x5120x1536][683x5120x1536][683x5120x1536][683x5120x1536][683x5120x1536][683x5120x1536][683x5120x1536][683x5120x1536][683x5120x1536][683x5120x1536][683x5120x1536][683x5120x1536][683x5120x1536][682x5120x1536][682x5120x1536][682x5120x1536][682x5120x1536][682x5120x1536][682x5120x1536][682x5120x1536][682x5120x1536][682x5120x1536][682x5120x1536][682x5120x1536][682x5120x1536][682x5120x1536][682x5120x1536][682x5120x1536][682x5120x1536][682x5120x1536][682x5120x1536][682x5120x1536][682x5120x1536][682x5120x1536][682x5120x1536][682x5120x1536][682x5120x1536][682x5120x1536][682x5120x1536][682x5120x1536][682x5120x1536][682x5120x1536][682x5120x1536][682x5120x1536][682x5120x1536]',,tensorop,f32,128,128,64,1,1,1,1,1,1,6,4,1,1,128,128,16,100,110,1711276032,1031463239680,602,1.05207,1514.87,980410
1,CUTLASS,grouped_gemm,cutlass3x_sm100_tensorop_gemm_grouped_bf16_bf16_f32_void_bf16_128x128x64_1x1x1_0_tnt_align8_stream_k_1sm,passed,success,grouped,,,,,bf16:row,bf16:column,void:row,bf16:row,1,0,invalid,invalid,heuristic,1,false,'[683x5120x1536][683x5120x1536][683x5120x1536][683x5120x1536][683x5120x1536][683x5120x1536][683x5120x1536][683x5120x1536][683x5120x1536][683x5120x1536][683x5120x1536][683x5120x1536][683x5120x1536][683x5120x1536][683x5120x1536][683x5120x1536][683x5120x1536][683x5120x1536][683x5120x1536][683x5120x1536][683x5120x1536][683x5120x1536][683x5120x1536][683x5120x1536][683x5120x1536][683x5120x1536][683x5120x1536][683x5120x1536][683x5120x1536][683x5120x1536][683x5120x1536][683x5120x1536][683x5120x1536][683x5120x1536][683x5120x1536][683x5120x1536][683x5120x1536][683x5120x1536][683x5120x1536][683x5120x1536][683x5120x1536][683x5120x1536][683x5120x1536][683x5120x1536][683x5120x1536][683x5120x1536][683x5120x1536][683x5120x1536][683x5120x1536][683x5120x1536][683x5120x1536][683x5120x1536][683x5120x1536][683x5120x1536][683x5120x1536][683x5120x1536][683x5120x1536][683x5120x1536][683x5120x1536][683x5120x1536][683x5120x1536][683x5120x1536][683x5120x1536][683x5120x1536][682x5120x1536][682x5120x1536][682x5120x1536][682x5120x1536][682x5120x1536][682x5120x1536][682x5120x1536][682x5120x1536][682x5120x1536][682x5120x1536][682x5120x1536][682x5120x1536][682x5120x1536][682x5120x1536][682x5120x1536][682x5120x1536][682x5120x1536][682x5120x1536][682x5120x1536][682x5120x1536][682x5120x1536][682x5120x1536][682x5120x1536][682x5120x1536][682x5120x1536][682x5120x1536][682x5120x1536][682x5120x1536][682x5120x1536][682x5120x1536][682x5120x1536][682x5120x1536]',,tensorop,f32,128,128,64,1,1,1,1,1,1,6,4,1,1,128,128,16,100,110,1711276032,1031463239680,602,1.04962,1518.41,982702
1,CUTLASS,grouped_gemm,cutlass3x_sm100_tensorop_gemm_grouped_bf16_bf16_f32_bf16_bf16_128x128x64_1x2x1_0_tnt_align8_1sm,passed,success,grouped,,,,,bf16:row,bf16:column,bf16:row,bf16:row,1,0,invalid,invalid,heuristic,1,false,'[683x5120x1536][683x5120x1536][683x5120x1536][683x5120x1536][683x5120x1536][683x5120x1536][683x5120x1536][683x5120x1536][683x5120x1536][683x5120x1536][683x5120x1536][683x5120x1536][683x5120x1536][683x5120x1536][683x5120x1536][683x5120x1536][683x5120x1536][683x5120x1536][683x5120x1536][683x5120x1536][683x5120x1536][683x5120x1536][683x5120x1536][683x5120x1536][683x5120x1536][683x5120x1536][683x5120x1536][683x5120x1536][683x5120x1536][683x5120x1536][683x5120x1536][683x5120x1536][683x5120x1536][683x5120x1536][683x5120x1536][683x5120x1536][683x5120x1536][683x5120x1536][683x5120x1536][683x5120x1536][683x5120x1536][683x5120x1536][683x5120x1536][683x5120x1536][683x5120x1536][683x5120x1536][683x5120x1536][683x5120x1536][683x5120x1536][683x5120x1536][683x5120x1536][683x5120x1536][683x5120x1536][683x5120x1536][683x5120x1536][683x5120x1536][683x5120x1536][683x5120x1536][683x5120x1536][683x5120x1536][683x5120x1536][683x5120x1536][683x5120x1536][683x5120x1536][682x5120x1536][682x5120x1536][682x5120x1536][682x5120x1536][682x5120x1536][682x5120x1536][682x5120x1536][682x5120x1536][682x5120x1536][682x5120x1536][682x5120x1536][682x5120x1536][682x5120x1536][682x5120x1536][682x5120x1536][682x5120x1536][682x5120x1536][682x5120x1536][682x5120x1536][682x5120x1536][682x5120x1536][682x5120x1536][682x5120x1536][682x5120x1536][682x5120x1536][682x5120x1536][682x5120x1536][682x5120x1536][682x5120x1536][682x5120x1536][682x5120x1536][682x5120x1536]',,tensorop,f32,128,128,64,1,2,1,1,1,1,5,4,1,1,128,128,16,100,110,2382364672,1031463239680,432,0.875469,2534.36,1.17818e+06
1,CUTLASS,grouped_gemm,cutlass3x_sm100_tensorop_gemm_grouped_bf16_bf16_f32_bf16_bf16_128x128x64_1x2x1_0_tnt_align8_stream_k_1sm,passed,success,grouped,,,,,bf16:row,bf16:column,bf16:row,bf16:row,1,0,invalid,invalid,heuristic,1,false,'[683x5120x1536][683x5120x1536][683x5120x1536][683x5120x1536][683x5120x1536][683x5120x1536][683x5120x1536][683x5120x1536][683x5120x1536][683x5120x1536][683x5120x1536][683x5120x1536][683x5120x1536][683x5120x1536][683x5120x1536][683x5120x1536][683x5120x1536][683x5120x1536][683x5120x1536][683x5120x1536][683x5120x1536][683x5120x1536][683x5120x1536][683x5120x1536][683x5120x1536][683x5120x1536][683x5120x1536][683x5120x1536][683x5120x1536][683x5120x1536][683x5120x1536][683x5120x1536][683x5120x1536][683x5120x1536][683x5120x1536][683x5120x1536][683x5120x1536][683x5120x1536][683x5120x1536][683x5120x1536][683x5120x1536][683x5120x1536][683x5120x1536][683x5120x1536][683x5120x1536][683x5120x1536][683x5120x1536][683x5120x1536][683x5120x1536][683x5120x1536][683x5120x1536][683x5120x1536][683x5120x1536][683x5120x1536][683x5120x1536][683x5120x1536][683x5120x1536][683x5120x1536][683x5120x1536][683x5120x1536][683x5120x1536][683x5120x1536][683x5120x1536][683x5120x1536][682x5120x1536][682x5120x1536][682x5120x1536][682x5120x1536][682x5120x1536][682x5120x1536][682x5120x1536][682x5120x1536][682x5120x1536][682x5120x1536][682x5120x1536][682x5120x1536][682x5120x1536][682x5120x1536][682x5120x1536][682x5120x1536][682x5120x1536][682x5120x1536][682x5120x1536][682x5120x1536][682x5120x1536][682x5120x1536][682x5120x1536][682x5120x1536][682x5120x1536][682x5120x1536][682x5120x1536][682x5120x1536][682x5120x1536][682x5120x1536][682x5120x1536][682x5120x1536]',,tensorop,f32,128,128,64,1,2,1,1,1,1,5,4,1,1,128,128,16,100,110,2382364672,1031463239680,432,0.874618,2536.82,1.17933e+06
1,CUTLASS,grouped_gemm,cutlass3x_sm100_tensorop_gemm_grouped_bf16_bf16_f32_void_bf16_128x128x64_1x2x1_0_tnt_align8_1sm,passed,success,grouped,,,,,bf16:row,bf16:column,void:row,bf16:row,1,0,invalid,invalid,heuristic,1,false,'[683x5120x1536][683x5120x1536][683x5120x1536][683x5120x1536][683x5120x1536][683x5120x1536][683x5120x1536][683x5120x1536][683x5120x1536][683x5120x1536][683x5120x1536][683x5120x1536][683x5120x1536][683x5120x1536][683x5120x1536][683x5120x1536][683x5120x1536][683x5120x1536][683x5120x1536][683x5120x1536][683x5120x1536][683x5120x1536][683x5120x1536][683x5120x1536][683x5120x1536][683x5120x1536][683x5120x1536][683x5120x1536][683x5120x1536][683x5120x1536][683x5120x1536][683x5120x1536][683x5120x1536][683x5120x1536][683x5120x1536][683x5120x1536][683x5120x1536][683x5120x1536][683x5120x1536][683x5120x1536][683x5120x1536][683x5120x1536][683x5120x1536][683x5120x1536][683x5120x1536][683x5120x1536][683x5120x1536][683x5120x1536][683x5120x1536][683x5120x1536][683x5120x1536][683x5120x1536][683x5120x1536][683x5120x1536][683x5120x1536][683x5120x1536][683x5120x1536][683x5120x1536][683x5120x1536][683x5120x1536][683x5120x1536][683x5120x1536][683x5120x1536][683x5120x1536][682x5120x1536][682x5120x1536][682x5120x1536][682x5120x1536][682x5120x1536][682x5120x1536][682x5120x1536][682x5120x1536][682x5120x1536][682x5120x1536][682x5120x1536][682x5120x1536][682x5120x1536][682x5120x1536][682x5120x1536][682x5120x1536][682x5120x1536][682x5120x1536][682x5120x1536][682x5120x1536][682x5120x1536][682x5120x1536][682x5120x1536][682x5120x1536][682x5120x1536][682x5120x1536][682x5120x1536][682x5120x1536][682x5120x1536][682x5120x1536][682x5120x1536][682x5120x1536]',,tensorop,f32,128,128,64,1,2,1,1,1,1,6,4,1,1,128,128,16,100,110,1711276032,1031463239680,602,0.804678,1980.6,1.28183e+06
1,CUTLASS,grouped_gemm,cutlass3x_sm100_tensorop_gemm_grouped_bf16_bf16_f32_void_bf16_128x128x64_1x2x1_0_tnt_align8_stream_k_1sm,passed,success,grouped,,,,,bf16:row,bf16:column,void:row,bf16:row,1,0,invalid,invalid,heuristic,1,false,'[683x5120x1536][683x5120x1536][683x5120x1536][683x5120x1536][683x5120x1536][683x5120x1536][683x5120x1536][683x5120x1536][683x5120x1536][683x5120x1536][683x5120x1536][683x5120x1536][683x5120x1536][683x5120x1536][683x5120x1536][683x5120x1536][683x5120x1536][683x5120x1536][683x5120x1536][683x5120x1536][683x5120x1536][683x5120x1536][683x5120x1536][683x5120x1536][683x5120x1536][683x5120x1536][683x5120x1536][683x5120x1536][683x5120x1536][683x5120x1536][683x5120x1536][683x5120x1536][683x5120x1536][683x5120x1536][683x5120x1536][683x5120x1536][683x5120x1536][683x5120x1536][683x5120x1536][683x5120x1536][683x5120x1536][683x5120x1536][683x5120x1536][683x5120x1536][683x5120x1536][683x5120x1536][683x5120x1536][683x5120x1536][683x5120x1536][683x5120x1536][683x5120x1536][683x5120x1536][683x5120x1536][683x5120x1536][683x5120x1536][683x5120x1536][683x5120x1536][683x5120x1536][683x5120x1536][683x5120x1536][683x5120x1536][683x5120x1536][683x5120x1536][683x5120x1536][682x5120x1536][682x5120x1536][682x5120x1536][682x5120x1536][682x5120x1536][682x5120x1536][682x5120x1536][682x5120x1536][682x5120x1536][682x5120x1536][682x5120x1536][682x5120x1536][682x5120x1536][682x5120x1536][682x5120x1536][682x5120x1536][682x5120x1536][682x5120x1536][682x5120x1536][682x5120x1536][682x5120x1536][682x5120x1536][682x5120x1536][682x5120x1536][682x5120x1536][682x5120x1536][682x5120x1536][682x5120x1536][682x5120x1536][682x5120x1536][682x5120x1536][682x5120x1536]',,tensorop,f32,128,128,64,1,2,1,1,1,1,6,4,1,1,128,128,16,100,110,1711276032,1031463239680,602,0.804483,1981.09,1.28214e+06
1,CUTLASS,grouped_gemm,cutlass3x_sm100_tensorop_gemm_grouped_bf16_bf16_f32_bf16_bf16_128x128x64_1x4x1_0_tnt_align8_1sm,passed,success,grouped,,,,,bf16:row,bf16:column,bf16:row,bf16:row,1,0,invalid,invalid,heuristic,1,false,'[683x5120x1536][683x5120x1536][683x5120x1536][683x5120x1536][683x5120x1536][683x5120x1536][683x5120x1536][683x5120x1536][683x5120x1536][683x5120x1536][683x5120x1536][683x5120x1536][683x5120x1536][683x5120x1536][683x5120x1536][683x5120x1536][683x5120x1536][683x5120x1536][683x5120x1536][683x5120x1536][683x5120x1536][683x5120x1536][683x5120x1536][683x5120x1536][683x5120x1536][683x5120x1536][683x5120x1536][683x5120x1536][683x5120x1536][683x5120x1536][683x5120x1536][683x5120x1536][683x5120x1536][683x5120x1536][683x5120x1536][683x5120x1536][683x5120x1536][683x5120x1536][683x5120x1536][683x5120x1536][683x5120x1536][683x5120x1536][683x5120x1536][683x5120x1536][683x5120x1536][683x5120x1536][683x5120x1536][683x5120x1536][683x5120x1536][683x5120x1536][683x5120x1536][683x5120x1536][683x5120x1536][683x5120x1536][683x5120x1536][683x5120x1536][683x5120x1536][683x5120x1536][683x5120x1536][683x5120x1536][683x5120x1536][683x5120x1536][683x5120x1536][683x5120x1536][682x5120x1536][682x5120x1536][682x5120x1536][682x5120x1536][682x5120x1536][682x5120x1536][682x5120x1536][682x5120x1536][682x5120x1536][682x5120x1536][682x5120x1536][682x5120x1536][682x5120x1536][682x5120x1536][682x5120x1536][682x5120x1536][682x5120x1536][682x5120x1536][682x5120x1536][682x5120x1536][682x5120x1536][682x5120x1536][682x5120x1536][682x5120x1536][682x5120x1536][682x5120x1536][682x5120x1536][682x5120x1536][682x5120x1536][682x5120x1536][682x5120x1536][682x5120x1536]',,tensorop,f32,128,128,64,1,4,1,1,1,1,5,4,1,1,128,128,16,100,110,2382364672,1031463239680,432,0.911482,2434.22,1.13163e+06
1,CUTLASS,grouped_gemm,cutlass3x_sm100_tensorop_gemm_grouped_bf16_bf16_f32_bf16_bf16_128x128x64_1x4x1_0_tnt_align8_stream_k_1sm,passed,success,grouped,,,,,bf16:row,bf16:column,bf16:row,bf16:row,1,0,invalid,invalid,heuristic,1,false,'[683x5120x1536][683x5120x1536][683x5120x1536][683x5120x1536][683x5120x1536][683x5120x1536][683x5120x1536][683x5120x1536][683x5120x1536][683x5120x1536][683x5120x1536][683x5120x1536][683x5120x1536][683x5120x1536][683x5120x1536][683x5120x1536][683x5120x1536][683x5120x1536][683x5120x1536][683x5120x1536][683x5120x1536][683x5120x1536][683x5120x1536][683x5120x1536][683x5120x1536][683x5120x1536][683x5120x1536][683x5120x1536][683x5120x1536][683x5120x1536][683x5120x1536][683x5120x1536][683x5120x1536][683x5120x1536][683x5120x1536][683x5120x1536][683x5120x1536][683x5120x1536][683x5120x1536][683x5120x1536][683x5120x1536][683x5120x1536][683x5120x1536][683x5120x1536][683x5120x1536][683x5120x1536][683x5120x1536][683x5120x1536][683x5120x1536][683x5120x1536][683x5120x1536][683x5120x1536][683x5120x1536][683x5120x1536][683x5120x1536][683x5120x1536][683x5120x1536][683x5120x1536][683x5120x1536][683x5120x1536][683x5120x1536][683x5120x1536][683x5120x1536][683x5120x1536][682x5120x1536][682x5120x1536][682x5120x1536][682x5120x1536][682x5120x1536][682x5120x1536][682x5120x1536][682x5120x1536][682x5120x1536][682x5120x1536][682x5120x1536][682x5120x1536][682x5120x1536][682x5120x1536][682x5120x1536][682x5120x1536][682x5120x1536][682x5120x1536][682x5120x1536][682x5120x1536][682x5120x1536][682x5120x1536][682x5120x1536][682x5120x1536][682x5120x1536][682x5120x1536][682x5120x1536][682x5120x1536][682x5120x1536][682x5120x1536][682x5120x1536][682x5120x1536]',,tensorop,f32,128,128,64,1,4,1,1,1,1,5,4,1,1,128,128,16,100,110,2382364672,1031463239680,432,0.911686,2433.68,1.13138e+06
1,CUTLASS,grouped_gemm,cutlass3x_sm100_tensorop_gemm_grouped_bf16_bf16_f32_void_bf16_128x128x64_1x4x1_0_tnt_align8_1sm,passed,success,grouped,,,,,bf16:row,bf16:column,void:row,bf16:row,1,0,invalid,invalid,heuristic,1,false,'[683x5120x1536][683x5120x1536][683x5120x1536][683x5120x1536][683x5120x1536][683x5120x1536][683x5120x1536][683x5120x1536][683x5120x1536][683x5120x1536][683x5120x1536][683x5120x1536][683x5120x1536][683x5120x1536][683x5120x1536][683x5120x1536][683x5120x1536][683x5120x1536][683x5120x1536][683x5120x1536][683x5120x1536][683x5120x1536][683x5120x1536][683x5120x1536][683x5120x1536][683x5120x1536][683x5120x1536][683x5120x1536][683x5120x1536][683x5120x1536][683x5120x1536][683x5120x1536][683x5120x1536][683x5120x1536][683x5120x1536][683x5120x1536][683x5120x1536][683x5120x1536][683x5120x1536][683x5120x1536][683x5120x1536][683x5120x1536][683x5120x1536][683x5120x1536][683x5120x1536][683x5120x1536][683x5120x1536][683x5120x1536][683x5120x1536][683x5120x1536][683x5120x1536][683x5120x1536][683x5120x1536][683x5120x1536][683x5120x1536][683x5120x1536][683x5120x1536][683x5120x1536][683x5120x1536][683x5120x1536][683x5120x1536][683x5120x1536][683x5120x1536][683x5120x1536][682x5120x1536][682x5120x1536][682x5120x1536][682x5120x1536][682x5120x1536][682x5120x1536][682x5120x1536][682x5120x1536][682x5120x1536][682x5120x1536][682x5120x1536][682x5120x1536][682x5120x1536][682x5120x1536][682x5120x1536][682x5120x1536][682x5120x1536][682x5120x1536][682x5120x1536][682x5120x1536][682x5120x1536][682x5120x1536][682x5120x1536][682x5120x1536][682x5120x1536][682x5120x1536][682x5120x1536][682x5120x1536][682x5120x1536][682x5120x1536][682x5120x1536][682x5120x1536]',,tensorop,f32,128,128,64,1,4,1,1,1,1,6,4,1,1,128,128,16,100,110,1711276032,1031463239680,602,0.825462,1930.74,1.24956e+06
1,CUTLASS,grouped_gemm,cutlass3x_sm100_tensorop_gemm_grouped_bf16_bf16_f32_void_bf16_128x128x64_1x4x1_0_tnt_align8_stream_k_1sm,passed,success,grouped,,,,,bf16:row,bf16:column,void:row,bf16:row,1,0,invalid,invalid,heuristic,1,false,'[683x5120x1536][683x5120x1536][683x5120x1536][683x5120x1536][683x5120x1536][683x5120x1536][683x5120x1536][683x5120x1536][683x5120x1536][683x5120x1536][683x5120x1536][683x5120x1536][683x5120x1536][683x5120x1536][683x5120x1536][683x5120x1536][683x5120x1536][683x5120x1536][683x5120x1536][683x5120x1536][683x5120x1536][683x5120x1536][683x5120x1536][683x5120x1536][683x5120x1536][683x5120x1536][683x5120x1536][683x5120x1536][683x5120x1536][683x5120x1536][683x5120x1536][683x5120x1536][683x5120x1536][683x5120x1536][683x5120x1536][683x5120x1536][683x5120x1536][683x5120x1536][683x5120x1536][683x5120x1536][683x5120x1536][683x5120x1536][683x5120x1536][683x5120x1536][683x5120x1536][683x5120x1536][683x5120x1536][683x5120x1536][683x5120x1536][683x5120x1536][683x5120x1536][683x5120x1536][683x5120x1536][683x5120x1536][683x5120x1536][683x5120x1536][683x5120x1536][683x5120x1536][683x5120x1536][683x5120x1536][683x5120x1536][683x5120x1536][683x5120x1536][683x5120x1536][682x5120x1536][682x5120x1536][682x5120x1536][682x5120x1536][682x5120x1536][682x5120x1536][682x5120x1536][682x5120x1536][682x5120x1536][682x5120x1536][682x5120x1536][682x5120x1536][682x5120x1536][682x5120x1536][682x5120x1536][682x5120x1536][682x5120x1536][682x5120x1536][682x5120x1536][682x5120x1536][682x5120x1536][682x5120x1536][682x5120x1536][682x5120x1536][682x5120x1536][682x5120x1536][682x5120x1536][682x5120x1536][682x5120x1536][682x5120x1536][682x5120x1536][682x5120x1536]',,tensorop,f32,128,128,64,1,4,1,1,1,1,6,4,1,1,128,128,16,100,110,1711276032,1031463239680,602,0.825875,1929.77,1.24893e+06
1,CUTLASS,grouped_gemm,cutlass3x_sm100_tensorop_gemm_grouped_bf16_bf16_f32_bf16_bf16_128x128x64_4x4x1_0_tnt_align8_1sm,passed,success,grouped,,,,,bf16:row,bf16:column,bf16:row,bf16:row,1,0,invalid,invalid,heuristic,1,false,'[683x5120x1536][683x5120x1536][683x5120x1536][683x5120x1536][683x5120x1536][683x5120x1536][683x5120x1536][683x5120x1536][683x5120x1536][683x5120x1536][683x5120x1536][683x5120x1536][683x5120x1536][683x5120x1536][683x5120x1536][683x5120x1536][683x5120x1536][683x5120x1536][683x5120x1536][683x5120x1536][683x5120x1536][683x5120x1536][683x5120x1536][683x5120x1536][683x5120x1536][683x5120x1536][683x5120x1536][683x5120x1536][683x5120x1536][683x5120x1536][683x5120x1536][683x5120x1536][683x5120x1536][683x5120x1536][683x5120x1536][683x5120x1536][683x5120x1536][683x5120x1536][683x5120x1536][683x5120x1536][683x5120x1536][683x5120x1536][683x5120x1536][683x5120x1536][683x5120x1536][683x5120x1536][683x5120x1536][683x5120x1536][683x5120x1536][683x5120x1536][683x5120x1536][683x5120x1536][683x5120x1536][683x5120x1536][683x5120x1536][683x5120x1536][683x5120x1536][683x5120x1536][683x5120x1536][683x5120x1536][683x5120x1536][683x5120x1536][683x5120x1536][683x5120x1536][682x5120x1536][682x5120x1536][682x5120x1536][682x5120x1536][682x5120x1536][682x5120x1536][682x5120x1536][682x5120x1536][682x5120x1536][682x5120x1536][682x5120x1536][682x5120x1536][682x5120x1536][682x5120x1536][682x5120x1536][682x5120x1536][682x5120x1536][682x5120x1536][682x5120x1536][682x5120x1536][682x5120x1536][682x5120x1536][682x5120x1536][682x5120x1536][682x5120x1536][682x5120x1536][682x5120x1536][682x5120x1536][682x5120x1536][682x5120x1536][682x5120x1536][682x5120x1536]',,tensorop,f32,128,128,64,4,4,1,1,1,1,5,4,1,1,128,128,16,100,110,2382364672,1031463239680,432,1.55568,1426.23,663030
1,CUTLASS,grouped_gemm,cutlass3x_sm100_tensorop_gemm_grouped_bf16_bf16_f32_bf16_bf16_128x128x64_4x4x1_0_tnt_align8_stream_k_1sm,passed,success,grouped,,,,,bf16:row,bf16:column,bf16:row,bf16:row,1,0,invalid,invalid,heuristic,1,false,'[683x5120x1536][683x5120x1536][683x5120x1536][683x5120x1536][683x5120x1536][683x5120x1536][683x5120x1536][683x5120x1536][683x5120x1536][683x5120x1536][683x5120x1536][683x5120x1536][683x5120x1536][683x5120x1536][683x5120x1536][683x5120x1536][683x5120x1536][683x5120x1536][683x5120x1536][683x5120x1536][683x5120x1536][683x5120x1536][683x5120x1536][683x5120x1536][683x5120x1536][683x5120x1536][683x5120x1536][683x5120x1536][683x5120x1536][683x5120x1536][683x5120x1536][683x5120x1536][683x5120x1536][683x5120x1536][683x5120x1536][683x5120x1536][683x5120x1536][683x5120x1536][683x5120x1536][683x5120x1536][683x5120x1536][683x5120x1536][683x5120x1536][683x5120x1536][683x5120x1536][683x5120x1536][683x5120x1536][683x5120x1536][683x5120x1536][683x5120x1536][683x5120x1536][683x5120x1536][683x5120x1536][683x5120x1536][683x5120x1536][683x5120x1536][683x5120x1536][683x5120x1536][683x5120x1536][683x5120x1536][683x5120x1536][683x5120x1536][683x5120x1536][683x5120x1536][682x5120x1536][682x5120x1536][682x5120x1536][682x5120x1536][682x5120x1536][682x5120x1536][682x5120x1536][682x5120x1536][682x5120x1536][682x5120x1536][682x5120x1536][682x5120x1536][682x5120x1536][682x5120x1536][682x5120x1536][682x5120x1536][682x5120x1536][682x5120x1536][682x5120x1536][682x5120x1536][682x5120x1536][682x5120x1536][682x5120x1536][682x5120x1536][682x5120x1536][682x5120x1536][682x5120x1536][682x5120x1536][682x5120x1536][682x5120x1536][682x5120x1536][682x5120x1536]',,tensorop,f32,128,128,64,4,4,1,1,1,1,5,4,1,1,128,128,16,100,110,2382364672,1031463239680,432,1.55383,1427.92,663818
1,CUTLASS,grouped_gemm,cutlass3x_sm100_tensorop_gemm_grouped_bf16_bf16_f32_void_bf16_128x128x64_4x4x1_0_tnt_align8_1sm,passed,success,grouped,,,,,bf16:row,bf16:column,void:row,bf16:row,1,0,invalid,invalid,heuristic,1,false,'[683x5120x1536][683x5120x1536][683x5120x1536][683x5120x1536][683x5120x1536][683x5120x1536][683x5120x1536][683x5120x1536][683x5120x1536][683x5120x1536][683x5120x1536][683x5120x1536][683x5120x1536][683x5120x1536][683x5120x1536][683x5120x1536][683x5120x1536][683x5120x1536][683x5120x1536][683x5120x1536][683x5120x1536][683x5120x1536][683x5120x1536][683x5120x1536][683x5120x1536][683x5120x1536][683x5120x1536][683x5120x1536][683x5120x1536][683x5120x1536][683x5120x1536][683x5120x1536][683x5120x1536][683x5120x1536][683x5120x1536][683x5120x1536][683x5120x1536][683x5120x1536][683x5120x1536][683x5120x1536][683x5120x1536][683x5120x1536][683x5120x1536][683x5120x1536][683x5120x1536][683x5120x1536][683x5120x1536][683x5120x1536][683x5120x1536][683x5120x1536][683x5120x1536][683x5120x1536][683x5120x1536][683x5120x1536][683x5120x1536][683x5120x1536][683x5120x1536][683x5120x1536][683x5120x1536][683x5120x1536][683x5120x1536][683x5120x1536][683x5120x1536][683x5120x1536][682x5120x1536][682x5120x1536][682x5120x1536][682x5120x1536][682x5120x1536][682x5120x1536][682x5120x1536][682x5120x1536][682x5120x1536][682x5120x1536][682x5120x1536][682x5120x1536][682x5120x1536][682x5120x1536][682x5120x1536][682x5120x1536][682x5120x1536][682x5120x1536][682x5120x1536][682x5120x1536][682x5120x1536][682x5120x1536][682x5120x1536][682x5120x1536][682x5120x1536][682x5120x1536][682x5120x1536][682x5120x1536][682x5120x1536][682x5120x1536][682x5120x1536][682x5120x1536]',,tensorop,f32,128,128,64,4,4,1,1,1,1,6,4,1,1,128,128,16,100,110,1711276032,1031463239680,602,1.39217,1144.79,740902
1,CUTLASS,grouped_gemm,cutlass3x_sm100_tensorop_gemm_grouped_bf16_bf16_f32_void_bf16_128x128x64_4x4x1_0_tnt_align8_stream_k_1sm,passed,success,grouped,,,,,bf16:row,bf16:column,void:row,bf16:row,1,0,invalid,invalid,heuristic,1,false,'[683x5120x1536][683x5120x1536][683x5120x1536][683x5120x1536][683x5120x1536][683x5120x1536][683x5120x1536][683x5120x1536][683x5120x1536][683x5120x1536][683x5120x1536][683x5120x1536][683x5120x1536][683x5120x1536][683x5120x1536][683x5120x1536][683x5120x1536][683x5120x1536][683x5120x1536][683x5120x1536][683x5120x1536][683x5120x1536][683x5120x1536][683x5120x1536][683x5120x1536][683x5120x1536][683x5120x1536][683x5120x1536][683x5120x1536][683x5120x1536][683x5120x1536][683x5120x1536][683x5120x1536][683x5120x1536][683x5120x1536][683x5120x1536][683x5120x1536][683x5120x1536][683x5120x1536][683x5120x1536][683x5120x1536][683x5120x1536][683x5120x1536][683x5120x1536][683x5120x1536][683x5120x1536][683x5120x1536][683x5120x1536][683x5120x1536][683x5120x1536][683x5120x1536][683x5120x1536][683x5120x1536][683x5120x1536][683x5120x1536][683x5120x1536][683x5120x1536][683x5120x1536][683x5120x1536][683x5120x1536][683x5120x1536][683x5120x1536][683x5120x1536][683x5120x1536][682x5120x1536][682x5120x1536][682x5120x1536][682x5120x1536][682x5120x1536][682x5120x1536][682x5120x1536][682x5120x1536][682x5120x1536][682x5120x1536][682x5120x1536][682x5120x1536][682x5120x1536][682x5120x1536][682x5120x1536][682x5120x1536][682x5120x1536][682x5120x1536][682x5120x1536][682x5120x1536][682x5120x1536][682x5120x1536][682x5120x1536][682x5120x1536][682x5120x1536][682x5120x1536][682x5120x1536][682x5120x1536][682x5120x1536][682x5120x1536][682x5120x1536][682x5120x1536]',,tensorop,f32,128,128,64,4,4,1,1,1,1,6,4,1,1,128,128,16,100,110,1711276032,1031463239680,602,1.39225,1144.73,740861
1,CUTLASS,grouped_gemm,cutlass3x_sm100_tensorop_gemm_grouped_bf16_bf16_f32_f32_f32_128x256x64_0x0x1_0_tnt_align8_1sm,passed,success,grouped,,,,,bf16:row,bf16:column,f32:row,f32:row,1,0,invalid,invalid,heuristic,1,false,'[683x5120x1536][683x5120x1536][683x5120x1536][683x5120x1536][683x5120x1536][683x5120x1536][683x5120x1536][683x5120x1536][683x5120x1536][683x5120x1536][683x5120x1536][683x5120x1536][683x5120x1536][683x5120x1536][683x5120x1536][683x5120x1536][683x5120x1536][683x5120x1536][683x5120x1536][683x5120x1536][683x5120x1536][683x5120x1536][683x5120x1536][683x5120x1536][683x5120x1536][683x5120x1536][683x5120x1536][683x5120x1536][683x5120x1536][683x5120x1536][683x5120x1536][683x5120x1536][683x5120x1536][683x5120x1536][683x5120x1536][683x5120x1536][683x5120x1536][683x5120x1536][683x5120x1536][683x5120x1536][683x5120x1536][683x5120x1536][683x5120x1536][683x5120x1536][683x5120x1536][683x5120x1536][683x5120x1536][683x5120x1536][683x5120x1536][683x5120x1536][683x5120x1536][683x5120x1536][683x5120x1536][683x5120x1536][683x5120x1536][683x5120x1536][683x5120x1536][683x5120x1536][683x5120x1536][683x5120x1536][683x5120x1536][683x5120x1536][683x5120x1536][683x5120x1536][682x5120x1536][682x5120x1536][682x5120x1536][682x5120x1536][682x5120x1536][682x5120x1536][682x5120x1536][682x5120x1536][682x5120x1536][682x5120x1536][682x5120x1536][682x5120x1536][682x5120x1536][682x5120x1536][682x5120x1536][682x5120x1536][682x5120x1536][682x5120x1536][682x5120x1536][682x5120x1536][682x5120x1536][682x5120x1536][682x5120x1536][682x5120x1536][682x5120x1536][682x5120x1536][682x5120x1536][682x5120x1536][682x5120x1536][682x5120x1536][682x5120x1536][682x5120x1536]',,tensorop,f32,128,256,64,1,1,1,1,1,1,3,4,1,1,128,256,16,100,110,3053453312,1031463239680,337,0.911405,3120.18,1.13173e+06
1,CUTLASS,grouped_gemm,cutlass3x_sm100_tensorop_gemm_grouped_bf16_bf16_f32_f32_f32_128x256x64_0x0x1_0_tnt_align8_stream_k_1sm,passed,success,grouped,,,,,bf16:row,bf16:column,f32:row,f32:row,1,0,invalid,invalid,heuristic,1,false,'[683x5120x1536][683x5120x1536][683x5120x1536][683x5120x1536][683x5120x1536][683x5120x1536][683x5120x1536][683x5120x1536][683x5120x1536][683x5120x1536][683x5120x1536][683x5120x1536][683x5120x1536][683x5120x1536][683x5120x1536][683x5120x1536][683x5120x1536][683x5120x1536][683x5120x1536][683x5120x1536][683x5120x1536][683x5120x1536][683x5120x1536][683x5120x1536][683x5120x1536][683x5120x1536][683x5120x1536][683x5120x1536][683x5120x1536][683x5120x1536][683x5120x1536][683x5120x1536][683x5120x1536][683x5120x1536][683x5120x1536][683x5120x1536][683x5120x1536][683x5120x1536][683x5120x1536][683x5120x1536][683x5120x1536][683x5120x1536][683x5120x1536][683x5120x1536][683x5120x1536][683x5120x1536][683x5120x1536][683x5120x1536][683x5120x1536][683x5120x1536][683x5120x1536][683x5120x1536][683x5120x1536][683x5120x1536][683x5120x1536][683x5120x1536][683x5120x1536][683x5120x1536][683x5120x1536][683x5120x1536][683x5120x1536][683x5120x1536][683x5120x1536][683x5120x1536][682x5120x1536][682x5120x1536][682x5120x1536][682x5120x1536][682x5120x1536][682x5120x1536][682x5120x1536][682x5120x1536][682x5120x1536][682x5120x1536][682x5120x1536][682x5120x1536][682x5120x1536][682x5120x1536][682x5120x1536][682x5120x1536][682x5120x1536][682x5120x1536][682x5120x1536][682x5120x1536][682x5120x1536][682x5120x1536][682x5120x1536][682x5120x1536][682x5120x1536][682x5120x1536][682x5120x1536][682x5120x1536][682x5120x1536][682x5120x1536][682x5120x1536][682x5120x1536]',,tensorop,f32,128,256,64,1,1,1,1,1,1,3,4,1,1,128,256,16,100,110,3053453312,1031463239680,337,0.910256,3124.12,1.13316e+06
1,CUTLASS,grouped_gemm,cutlass3x_sm100_tensorop_gemm_grouped_bf16_bf16_f32_void_f32_128x256x64_0x0x1_0_tnt_align8_1sm,passed,success,grouped,,,,,bf16:row,bf16:column,void:row,f32:row,1,0,invalid,invalid,heuristic,1,false,'[683x5120x1536][683x5120x1536][683x5120x1536][683x5120x1536][683x5120x1536][683x5120x1536][683x5120x1536][683x5120x1536][683x5120x1536][683x5120x1536][683x5120x1536][683x5120x1536][683x5120x1536][683x5120x1536][683x5120x1536][683x5120x1536][683x5120x1536][683x5120x1536][683x5120x1536][683x5120x1536][683x5120x1536][683x5120x1536][683x5120x1536][683x5120x1536][683x5120x1536][683x5120x1536][683x5120x1536][683x5120x1536][683x5120x1536][683x5120x1536][683x5120x1536][683x5120x1536][683x5120x1536][683x5120x1536][683x5120x1536][683x5120x1536][683x5120x1536][683x5120x1536][683x5120x1536][683x5120x1536][683x5120x1536][683x5120x1536][683x5120x1536][683x5120x1536][683x5120x1536][683x5120x1536][683x5120x1536][683x5120x1536][683x5120x1536][683x5120x1536][683x5120x1536][683x5120x1536][683x5120x1536][683x5120x1536][683x5120x1536][683x5120x1536][683x5120x1536][683x5120x1536][683x5120x1536][683x5120x1536][683x5120x1536][683x5120x1536][683x5120x1536][683x5120x1536][682x5120x1536][682x5120x1536][682x5120x1536][682x5120x1536][682x5120x1536][682x5120x1536][682x5120x1536][682x5120x1536][682x5120x1536][682x5120x1536][682x5120x1536][682x5120x1536][682x5120x1536][682x5120x1536][682x5120x1536][682x5120x1536][682x5120x1536][682x5120x1536][682x5120x1536][682x5120x1536][682x5120x1536][682x5120x1536][682x5120x1536][682x5120x1536][682x5120x1536][682x5120x1536][682x5120x1536][682x5120x1536][682x5120x1536][682x5120x1536][682x5120x1536][682x5120x1536]',,tensorop,f32,128,256,64,1,1,1,1,1,1,3,4,1,1,128,256,16,100,110,1711276032,1031463239680,602,0.923187,1726.36,1.11729e+06
1,CUTLASS,grouped_gemm,cutlass3x_sm100_tensorop_gemm_grouped_bf16_bf16_f32_void_f32_128x256x64_0x0x1_0_tnt_align8_stream_k_1sm,passed,success,grouped,,,,,bf16:row,bf16:column,void:row,f32:row,1,0,invalid,invalid,heuristic,1,false,'[683x5120x1536][683x5120x1536][683x5120x1536][683x5120x1536][683x5120x1536][683x5120x1536][683x5120x1536][683x5120x1536][683x5120x1536][683x5120x1536][683x5120x1536][683x5120x1536][683x5120x1536][683x5120x1536][683x5120x1536][683x5120x1536][683x5120x1536][683x5120x1536][683x5120x1536][683x5120x1536][683x5120x1536][683x5120x1536][683x5120x1536][683x5120x1536][683x5120x1536][683x5120x1536][683x5120x1536][683x5120x1536][683x5120x1536][683x5120x1536][683x5120x1536][683x5120x1536][683x5120x1536][683x5120x1536][683x5120x1536][683x5120x1536][683x5120x1536][683x5120x1536][683x5120x1536][683x5120x1536][683x5120x1536][683x5120x1536][683x5120x1536][683x5120x1536][683x5120x1536][683x5120x1536][683x5120x1536][683x5120x1536][683x5120x1536][683x5120x1536][683x5120x1536][683x5120x1536][683x5120x1536][683x5120x1536][683x5120x1536][683x5120x1536][683x5120x1536][683x5120x1536][683x5120x1536][683x5120x1536][683x5120x1536][683x5120x1536][683x5120x1536][683x5120x1536][682x5120x1536][682x5120x1536][682x5120x1536][682x5120x1536][682x5120x1536][682x5120x1536][682x5120x1536][682x5120x1536][682x5120x1536][682x5120x1536][682x5120x1536][682x5120x1536][682x5120x1536][682x5120x1536][682x5120x1536][682x5120x1536][682x5120x1536][682x5120x1536][682x5120x1536][682x5120x1536][682x5120x1536][682x5120x1536][682x5120x1536][682x5120x1536][682x5120x1536][682x5120x1536][682x5120x1536][682x5120x1536][682x5120x1536][682x5120x1536][682x5120x1536][682x5120x1536]',,tensorop,f32,128,256,64,1,1,1,1,1,1,3,4,1,1,128,256,16,100,110,1711276032,1031463239680,602,0.923773,1725.26,1.11658e+06
1,CUTLASS,grouped_gemm,cutlass3x_sm100_tensorop_gemm_grouped_bf16_bf16_f32_f32_f32_128x256x64_1x1x1_0_tnt_align8_1sm,passed,success,grouped,,,,,bf16:row,bf16:column,f32:row,f32:row,1,0,invalid,invalid,heuristic,1,false,'[683x5120x1536][683x5120x1536][683x5120x1536][683x5120x1536][683x5120x1536][683x5120x1536][683x5120x1536][683x5120x1536][683x5120x1536][683x5120x1536][683x5120x1536][683x5120x1536][683x5120x1536][683x5120x1536][683x5120x1536][683x5120x1536][683x5120x1536][683x5120x1536][683x5120x1536][683x5120x1536][683x5120x1536][683x5120x1536][683x5120x1536][683x5120x1536][683x5120x1536][683x5120x1536][683x5120x1536][683x5120x1536][683x5120x1536][683x5120x1536][683x5120x1536][683x5120x1536][683x5120x1536][683x5120x1536][683x5120x1536][683x5120x1536][683x5120x1536][683x5120x1536][683x5120x1536][683x5120x1536][683x5120x1536][683x5120x1536][683x5120x1536][683x5120x1536][683x5120x1536][683x5120x1536][683x5120x1536][683x5120x1536][683x5120x1536][683x5120x1536][683x5120x1536][683x5120x1536][683x5120x1536][683x5120x1536][683x5120x1536][683x5120x1536][683x5120x1536][683x5120x1536][683x5120x1536][683x5120x1536][683x5120x1536][683x5120x1536][683x5120x1536][683x5120x1536][682x5120x1536][682x5120x1536][682x5120x1536][682x5120x1536][682x5120x1536][682x5120x1536][682x5120x1536][682x5120x1536][682x5120x1536][682x5120x1536][682x5120x1536][682x5120x1536][682x5120x1536][682x5120x1536][682x5120x1536][682x5120x1536][682x5120x1536][682x5120x1536][682x5120x1536][682x5120x1536][682x5120x1536][682x5120x1536][682x5120x1536][682x5120x1536][682x5120x1536][682x5120x1536][682x5120x1536][682x5120x1536][682x5120x1536][682x5120x1536][682x5120x1536][682x5120x1536]',,tensorop,f32,128,256,64,1,1,1,1,1,1,3,4,1,1,128,256,16,100,110,3053453312,1031463239680,337,0.93176,3052.02,1.10701e+06
1,CUTLASS,grouped_gemm,cutlass3x_sm100_tensorop_gemm_grouped_bf16_bf16_f32_f32_f32_128x256x64_1x1x1_0_tnt_align8_stream_k_1sm,passed,success,grouped,,,,,bf16:row,bf16:column,f32:row,f32:row,1,0,invalid,invalid,heuristic,1,false,'[683x5120x1536][683x5120x1536][683x5120x1536][683x5120x1536][683x5120x1536][683x5120x1536][683x5120x1536][683x5120x1536][683x5120x1536][683x5120x1536][683x5120x1536][683x5120x1536][683x5120x1536][683x5120x1536][683x5120x1536][683x5120x1536][683x5120x1536][683x5120x1536][683x5120x1536][683x5120x1536][683x5120x1536][683x5120x1536][683x5120x1536][683x5120x1536][683x5120x1536][683x5120x1536][683x5120x1536][683x5120x1536][683x5120x1536][683x5120x1536][683x5120x1536][683x5120x1536][683x5120x1536][683x5120x1536][683x5120x1536][683x5120x1536][683x5120x1536][683x5120x1536][683x5120x1536][683x5120x1536][683x5120x1536][683x5120x1536][683x5120x1536][683x5120x1536][683x5120x1536][683x5120x1536][683x5120x1536][683x5120x1536][683x5120x1536][683x5120x1536][683x5120x1536][683x5120x1536][683x5120x1536][683x5120x1536][683x5120x1536][683x5120x1536][683x5120x1536][683x5120x1536][683x5120x1536][683x5120x1536][683x5120x1536][683x5120x1536][683x5120x1536][683x5120x1536][682x5120x1536][682x5120x1536][682x5120x1536][682x5120x1536][682x5120x1536][682x5120x1536][682x5120x1536][682x5120x1536][682x5120x1536][682x5120x1536][682x5120x1536][682x5120x1536][682x5120x1536][682x5120x1536][682x5120x1536][682x5120x1536][682x5120x1536][682x5120x1536][682x5120x1536][682x5120x1536][682x5120x1536][682x5120x1536][682x5120x1536][682x5120x1536][682x5120x1536][682x5120x1536][682x5120x1536][682x5120x1536][682x5120x1536][682x5120x1536][682x5120x1536][682x5120x1536]',,tensorop,f32,128,256,64,1,1,1,1,1,1,3,4,1,1,128,256,16,100,110,3053453312,1031463239680,337,0.932704,3048.93,1.10588e+06
1,CUTLASS,grouped_gemm,cutlass3x_sm100_tensorop_gemm_grouped_bf16_bf16_f32_void_f32_128x256x64_1x1x1_0_tnt_align8_1sm,passed,success,grouped,,,,,bf16:row,bf16:column,void:row,f32:row,1,0,invalid,invalid,heuristic,1,false,'[683x5120x1536][683x5120x1536][683x5120x1536][683x5120x1536][683x5120x1536][683x5120x1536][683x5120x1536][683x5120x1536][683x5120x1536][683x5120x1536][683x5120x1536][683x5120x1536][683x5120x1536][683x5120x1536][683x5120x1536][683x5120x1536][683x5120x1536][683x5120x1536][683x5120x1536][683x5120x1536][683x5120x1536][683x5120x1536][683x5120x1536][683x5120x1536][683x5120x1536][683x5120x1536][683x5120x1536][683x5120x1536][683x5120x1536][683x5120x1536][683x5120x1536][683x5120x1536][683x5120x1536][683x5120x1536][683x5120x1536][683x5120x1536][683x5120x1536][683x5120x1536][683x5120x1536][683x5120x1536][683x5120x1536][683x5120x1536][683x5120x1536][683x5120x1536][683x5120x1536][683x5120x1536][683x5120x1536][683x5120x1536][683x5120x1536][683x5120x1536][683x5120x1536][683x5120x1536][683x5120x1536][683x5120x1536][683x5120x1536][683x5120x1536][683x5120x1536][683x5120x1536][683x5120x1536][683x5120x1536][683x5120x1536][683x5120x1536][683x5120x1536][683x5120x1536][682x5120x1536][682x5120x1536][682x5120x1536][682x5120x1536][682x5120x1536][682x5120x1536][682x5120x1536][682x5120x1536][682x5120x1536][682x5120x1536][682x5120x1536][682x5120x1536][682x5120x1536][682x5120x1536][682x5120x1536][682x5120x1536][682x5120x1536][682x5120x1536][682x5120x1536][682x5120x1536][682x5120x1536][682x5120x1536][682x5120x1536][682x5120x1536][682x5120x1536][682x5120x1536][682x5120x1536][682x5120x1536][682x5120x1536][682x5120x1536][682x5120x1536][682x5120x1536]',,tensorop,f32,128,256,64,1,1,1,1,1,1,3,4,1,1,128,256,16,100,110,1711276032,1031463239680,602,0.943226,1689.68,1.09355e+06
1,CUTLASS,grouped_gemm,cutlass3x_sm100_tensorop_gemm_grouped_bf16_bf16_f32_void_f32_128x256x64_1x1x1_0_tnt_align8_stream_k_1sm,passed,success,grouped,,,,,bf16:row,bf16:column,void:row,f32:row,1,0,invalid,invalid,heuristic,1,false,'[683x5120x1536][683x5120x1536][683x5120x1536][683x5120x1536][683x5120x1536][683x5120x1536][683x5120x1536][683x5120x1536][683x5120x1536][683x5120x1536][683x5120x1536][683x5120x1536][683x5120x1536][683x5120x1536][683x5120x1536][683x5120x1536][683x5120x1536][683x5120x1536][683x5120x1536][683x5120x1536][683x5120x1536][683x5120x1536][683x5120x1536][683x5120x1536][683x5120x1536][683x5120x1536][683x5120x1536][683x5120x1536][683x5120x1536][683x5120x1536][683x5120x1536][683x5120x1536][683x5120x1536][683x5120x1536][683x5120x1536][683x5120x1536][683x5120x1536][683x5120x1536][683x5120x1536][683x5120x1536][683x5120x1536][683x5120x1536][683x5120x1536][683x5120x1536][683x5120x1536][683x5120x1536][683x5120x1536][683x5120x1536][683x5120x1536][683x5120x1536][683x5120x1536][683x5120x1536][683x5120x1536][683x5120x1536][683x5120x1536][683x5120x1536][683x5120x1536][683x5120x1536][683x5120x1536][683x5120x1536][683x5120x1536][683x5120x1536][683x5120x1536][683x5120x1536][682x5120x1536][682x5120x1536][682x5120x1536][682x5120x1536][682x5120x1536][682x5120x1536][682x5120x1536][682x5120x1536][682x5120x1536][682x5120x1536][682x5120x1536][682x5120x1536][682x5120x1536][682x5120x1536][682x5120x1536][682x5120x1536][682x5120x1536][682x5120x1536][682x5120x1536][682x5120x1536][682x5120x1536][682x5120x1536][682x5120x1536][682x5120x1536][682x5120x1536][682x5120x1536][682x5120x1536][682x5120x1536][682x5120x1536][682x5120x1536][682x5120x1536][682x5120x1536]',,tensorop,f32,128,256,64,1,1,1,1,1,1,3,4,1,1,128,256,16,100,110,1711276032,1031463239680,602,0.943357,1689.45,1.0934e+06
1,CUTLASS,grouped_gemm,cutlass3x_sm100_tensorop_gemm_grouped_bf16_bf16_f32_f32_f32_128x256x64_1x2x1_0_tnt_align8_1sm,passed,success,grouped,,,,,bf16:row,bf16:column,f32:row,f32:row,1,0,invalid,invalid,heuristic,1,false,'[683x5120x1536][683x5120x1536][683x5120x1536][683x5120x1536][683x5120x1536][683x5120x1536][683x5120x1536][683x5120x1536][683x5120x1536][683x5120x1536][683x5120x1536][683x5120x1536][683x5120x1536][683x5120x1536][683x5120x1536][683x5120x1536][683x5120x1536][683x5120x1536][683x5120x1536][683x5120x1536][683x5120x1536][683x5120x1536][683x5120x1536][683x5120x1536][683x5120x1536][683x5120x1536][683x5120x1536][683x5120x1536][683x5120x1536][683x5120x1536][683x5120x1536][683x5120x1536][683x5120x1536][683x5120x1536][683x5120x1536][683x5120x1536][683x5120x1536][683x5120x1536][683x5120x1536][683x5120x1536][683x5120x1536][683x5120x1536][683x5120x1536][683x5120x1536][683x5120x1536][683x5120x1536][683x5120x1536][683x5120x1536][683x5120x1536][683x5120x1536][683x5120x1536][683x5120x1536][683x5120x1536][683x5120x1536][683x5120x1536][683x5120x1536][683x5120x1536][683x5120x1536][683x5120x1536][683x5120x1536][683x5120x1536][683x5120x1536][683x5120x1536][683x5120x1536][682x5120x1536][682x5120x1536][682x5120x1536][682x5120x1536][682x5120x1536][682x5120x1536][682x5120x1536][682x5120x1536][682x5120x1536][682x5120x1536][682x5120x1536][682x5120x1536][682x5120x1536][682x5120x1536][682x5120x1536][682x5120x1536][682x5120x1536][682x5120x1536][682x5120x1536][682x5120x1536][682x5120x1536][682x5120x1536][682x5120x1536][682x5120x1536][682x5120x1536][682x5120x1536][682x5120x1536][682x5120x1536][682x5120x1536][682x5120x1536][682x5120x1536][682x5120x1536]',,tensorop,f32,128,256,64,1,2,1,1,1,1,3,4,1,1,128,256,16,100,110,3053453312,1031463239680,337,0.913939,3111.53,1.12859e+06
1,CUTLASS,grouped_gemm,cutlass3x_sm100_tensorop_gemm_grouped_bf16_bf16_f32_f32_f32_128x256x64_1x2x1_0_tnt_align8_stream_k_1sm,passed,success,grouped,,,,,bf16:row,bf16:column,f32:row,f32:row,1,0,invalid,invalid,heuristic,1,false,'[683x5120x1536][683x5120x1536][683x5120x1536][683x5120x1536][683x5120x1536][683x5120x1536][683x5120x1536][683x5120x1536][683x5120x1536][683x5120x1536][683x5120x1536][683x5120x1536][683x5120x1536][683x5120x1536][683x5120x1536][683x5120x1536][683x5120x1536][683x5120x1536][683x5120x1536][683x5120x1536][683x5120x1536][683x5120x1536][683x5120x1536][683x5120x1536][683x5120x1536][683x5120x1536][683x5120x1536][683x5120x1536][683x5120x1536][683x5120x1536][683x5120x1536][683x5120x1536][683x5120x1536][683x5120x1536][683x5120x1536][683x5120x1536][683x5120x1536][683x5120x1536][683x5120x1536][683x5120x1536][683x5120x1536][683x5120x1536][683x5120x1536][683x5120x1536][683x5120x1536][683x5120x1536][683x5120x1536][683x5120x1536][683x5120x1536][683x5120x1536][683x5120x1536][683x5120x1536][683x5120x1536][683x5120x1536][683x5120x1536][683x5120x1536][683x5120x1536][683x5120x1536][683x5120x1536][683x5120x1536][683x5120x1536][683x5120x1536][683x5120x1536][683x5120x1536][682x5120x1536][682x5120x1536][682x5120x1536][682x5120x1536][682x5120x1536][682x5120x1536][682x5120x1536][682x5120x1536][682x5120x1536][682x5120x1536][682x5120x1536][682x5120x1536][682x5120x1536][682x5120x1536][682x5120x1536][682x5120x1536][682x5120x1536][682x5120x1536][682x5120x1536][682x5120x1536][682x5120x1536][682x5120x1536][682x5120x1536][682x5120x1536][682x5120x1536][682x5120x1536][682x5120x1536][682x5120x1536][682x5120x1536][682x5120x1536][682x5120x1536][682x5120x1536]',,tensorop,f32,128,256,64,1,2,1,1,1,1,3,4,1,1,128,256,16,100,110,3053453312,1031463239680,337,0.913866,3111.78,1.12868e+06
1,CUTLASS,grouped_gemm,cutlass3x_sm100_tensorop_gemm_grouped_bf16_bf16_f32_void_f32_128x256x64_1x2x1_0_tnt_align8_1sm,passed,success,grouped,,,,,bf16:row,bf16:column,void:row,f32:row,1,0,invalid,invalid,heuristic,1,false,'[683x5120x1536][683x5120x1536][683x5120x1536][683x5120x1536][683x5120x1536][683x5120x1536][683x5120x1536][683x5120x1536][683x5120x1536][683x5120x1536][683x5120x1536][683x5120x1536][683x5120x1536][683x5120x1536][683x5120x1536][683x5120x1536][683x5120x1536][683x5120x1536][683x5120x1536][683x5120x1536][683x5120x1536][683x5120x1536][683x5120x1536][683x5120x1536][683x5120x1536][683x5120x1536][683x5120x1536][683x5120x1536][683x5120x1536][683x5120x1536][683x5120x1536][683x5120x1536][683x5120x1536][683x5120x1536][683x5120x1536][683x5120x1536][683x5120x1536][683x5120x1536][683x5120x1536][683x5120x1536][683x5120x1536][683x5120x1536][683x5120x1536][683x5120x1536][683x5120x1536][683x5120x1536][683x5120x1536][683x5120x1536][683x5120x1536][683x5120x1536][683x5120x1536][683x5120x1536][683x5120x1536][683x5120x1536][683x5120x1536][683x5120x1536][683x5120x1536][683x5120x1536][683x5120x1536][683x5120x1536][683x5120x1536][683x5120x1536][683x5120x1536][683x5120x1536][682x5120x1536][682x5120x1536][682x5120x1536][682x5120x1536][682x5120x1536][682x5120x1536][682x5120x1536][682x5120x1536][682x5120x1536][682x5120x1536][682x5120x1536][682x5120x1536][682x5120x1536][682x5120x1536][682x5120x1536][682x5120x1536][682x5120x1536][682x5120x1536][682x5120x1536][682x5120x1536][682x5120x1536][682x5120x1536][682x5120x1536][682x5120x1536][682x5120x1536][682x5120x1536][682x5120x1536][682x5120x1536][682x5120x1536][682x5120x1536][682x5120x1536][682x5120x1536]',,tensorop,f32,128,256,64,1,2,1,1,1,1,3,4,1,1,128,256,16,100,110,1711276032,1031463239680,602,0.924387,1724.12,1.11583e+06
1,CUTLASS,grouped_gemm,cutlass3x_sm100_tensorop_gemm_grouped_bf16_bf16_f32_void_f32_128x256x64_1x2x1_0_tnt_align8_stream_k_1sm,passed,success,grouped,,,,,bf16:row,bf16:column,void:row,f32:row,1,0,invalid,invalid,heuristic,1,false,'[683x5120x1536][683x5120x1536][683x5120x1536][683x5120x1536][683x5120x1536][683x5120x1536][683x5120x1536][683x5120x1536][683x5120x1536][683x5120x1536][683x5120x1536][683x5120x1536][683x5120x1536][683x5120x1536][683x5120x1536][683x5120x1536][683x5120x1536][683x5120x1536][683x5120x1536][683x5120x1536][683x5120x1536][683x5120x1536][683x5120x1536][683x5120x1536][683x5120x1536][683x5120x1536][683x5120x1536][683x5120x1536][683x5120x1536][683x5120x1536][683x5120x1536][683x5120x1536][683x5120x1536][683x5120x1536][683x5120x1536][683x5120x1536][683x5120x1536][683x5120x1536][683x5120x1536][683x5120x1536][683x5120x1536][683x5120x1536][683x5120x1536][683x5120x1536][683x5120x1536][683x5120x1536][683x5120x1536][683x5120x1536][683x5120x1536][683x5120x1536][683x5120x1536][683x5120x1536][683x5120x1536][683x5120x1536][683x5120x1536][683x5120x1536][683x5120x1536][683x5120x1536][683x5120x1536][683x5120x1536][683x5120x1536][683x5120x1536][683x5120x1536][683x5120x1536][682x5120x1536][682x5120x1536][682x5120x1536][682x5120x1536][682x5120x1536][682x5120x1536][682x5120x1536][682x5120x1536][682x5120x1536][682x5120x1536][682x5120x1536][682x5120x1536][682x5120x1536][682x5120x1536][682x5120x1536][682x5120x1536][682x5120x1536][682x5120x1536][682x5120x1536][682x5120x1536][682x5120x1536][682x5120x1536][682x5120x1536][682x5120x1536][682x5120x1536][682x5120x1536][682x5120x1536][682x5120x1536][682x5120x1536][682x5120x1536][682x5120x1536][682x5120x1536]',,tensorop,f32,128,256,64,1,2,1,1,1,1,3,4,1,1,128,256,16,100,110,1711276032,1031463239680,602,0.924176,1724.51,1.11609e+06
1,CUTLASS,grouped_gemm,cutlass3x_sm100_tensorop_gemm_grouped_bf16_bf16_f32_f32_f32_128x256x64_1x4x1_0_tnt_align8_1sm,passed,success,grouped,,,,,bf16:row,bf16:column,f32:row,f32:row,1,0,invalid,invalid,heuristic,1,false,'[683x5120x1536][683x5120x1536][683x5120x1536][683x5120x1536][683x5120x1536][683x5120x1536][683x5120x1536][683x5120x1536][683x5120x1536][683x5120x1536][683x5120x1536][683x5120x1536][683x5120x1536][683x5120x1536][683x5120x1536][683x5120x1536][683x5120x1536][683x5120x1536][683x5120x1536][683x5120x1536][683x5120x1536][683x5120x1536][683x5120x1536][683x5120x1536][683x5120x1536][683x5120x1536][683x5120x1536][683x5120x1536][683x5120x1536][683x5120x1536][683x5120x1536][683x5120x1536][683x5120x1536][683x5120x1536][683x5120x1536][683x5120x1536][683x5120x1536][683x5120x1536][683x5120x1536][683x5120x1536][683x5120x1536][683x5120x1536][683x5120x1536][683x5120x1536][683x5120x1536][683x5120x1536][683x5120x1536][683x5120x1536][683x5120x1536][683x5120x1536][683x5120x1536][683x5120x1536][683x5120x1536][683x5120x1536][683x5120x1536][683x5120x1536][683x5120x1536][683x5120x1536][683x5120x1536][683x5120x1536][683x5120x1536][683x5120x1536][683x5120x1536][683x5120x1536][682x5120x1536][682x5120x1536][682x5120x1536][682x5120x1536][682x5120x1536][682x5120x1536][682x5120x1536][682x5120x1536][682x5120x1536][682x5120x1536][682x5120x1536][682x5120x1536][682x5120x1536][682x5120x1536][682x5120x1536][682x5120x1536][682x5120x1536][682x5120x1536][682x5120x1536][682x5120x1536][682x5120x1536][682x5120x1536][682x5120x1536][682x5120x1536][682x5120x1536][682x5120x1536][682x5120x1536][682x5120x1536][682x5120x1536][682x5120x1536][682x5120x1536][682x5120x1536]',,tensorop,f32,128,256,64,1,4,1,1,1,1,3,4,1,1,128,256,16,100,110,3053453312,1031463239680,337,0.958787,2965.99,1.0758e+06
1,CUTLASS,grouped_gemm,cutlass3x_sm100_tensorop_gemm_grouped_bf16_bf16_f32_f32_f32_128x256x64_1x4x1_0_tnt_align8_stream_k_1sm,passed,success,grouped,,,,,bf16:row,bf16:column,f32:row,f32:row,1,0,invalid,invalid,heuristic,1,false,'[683x5120x1536][683x5120x1536][683x5120x1536][683x5120x1536][683x5120x1536][683x5120x1536][683x5120x1536][683x5120x1536][683x5120x1536][683x5120x1536][683x5120x1536][683x5120x1536][683x5120x1536][683x5120x1536][683x5120x1536][683x5120x1536][683x5120x1536][683x5120x1536][683x5120x1536][683x5120x1536][683x5120x1536][683x5120x1536][683x5120x1536][683x5120x1536][683x5120x1536][683x5120x1536][683x5120x1536][683x5120x1536][683x5120x1536][683x5120x1536][683x5120x1536][683x5120x1536][683x5120x1536][683x5120x1536][683x5120x1536][683x5120x1536][683x5120x1536][683x5120x1536][683x5120x1536][683x5120x1536][683x5120x1536][683x5120x1536][683x5120x1536][683x5120x1536][683x5120x1536][683x5120x1536][683x5120x1536][683x5120x1536][683x5120x1536][683x5120x1536][683x5120x1536][683x5120x1536][683x5120x1536][683x5120x1536][683x5120x1536][683x5120x1536][683x5120x1536][683x5120x1536][683x5120x1536][683x5120x1536][683x5120x1536][683x5120x1536][683x5120x1536][683x5120x1536][682x5120x1536][682x5120x1536][682x5120x1536][682x5120x1536][682x5120x1536][682x5120x1536][682x5120x1536][682x5120x1536][682x5120x1536][682x5120x1536][682x5120x1536][682x5120x1536][682x5120x1536][682x5120x1536][682x5120x1536][682x5120x1536][682x5120x1536][682x5120x1536][682x5120x1536][682x5120x1536][682x5120x1536][682x5120x1536][682x5120x1536][682x5120x1536][682x5120x1536][682x5120x1536][682x5120x1536][682x5120x1536][682x5120x1536][682x5120x1536][682x5120x1536][682x5120x1536]',,tensorop,f32,128,256,64,1,4,1,1,1,1,3,4,1,1,128,256,16,100,110,3053453312,1031463239680,337,0.96104,2959.03,1.07328e+06
1,CUTLASS,grouped_gemm,cutlass3x_sm100_tensorop_gemm_grouped_bf16_bf16_f32_void_f32_128x256x64_1x4x1_0_tnt_align8_1sm,passed,success,grouped,,,,,bf16:row,bf16:column,void:row,f32:row,1,0,invalid,invalid,heuristic,1,false,'[683x5120x1536][683x5120x1536][683x5120x1536][683x5120x1536][683x5120x1536][683x5120x1536][683x5120x1536][683x5120x1536][683x5120x1536][683x5120x1536][683x5120x1536][683x5120x1536][683x5120x1536][683x5120x1536][683x5120x1536][683x5120x1536][683x5120x1536][683x5120x1536][683x5120x1536][683x5120x1536][683x5120x1536][683x5120x1536][683x5120x1536][683x5120x1536][683x5120x1536][683x5120x1536][683x5120x1536][683x5120x1536][683x5120x1536][683x5120x1536][683x5120x1536][683x5120x1536][683x5120x1536][683x5120x1536][683x5120x1536][683x5120x1536][683x5120x1536][683x5120x1536][683x5120x1536][683x5120x1536][683x5120x1536][683x5120x1536][683x5120x1536][683x5120x1536][683x5120x1536][683x5120x1536][683x5120x1536][683x5120x1536][683x5120x1536][683x5120x1536][683x5120x1536][683x5120x1536][683x5120x1536][683x5120x1536][683x5120x1536][683x5120x1536][683x5120x1536][683x5120x1536][683x5120x1536][683x5120x1536][683x5120x1536][683x5120x1536][683x5120x1536][683x5120x1536][682x5120x1536][682x5120x1536][682x5120x1536][682x5120x1536][682x5120x1536][682x5120x1536][682x5120x1536][682x5120x1536][682x5120x1536][682x5120x1536][682x5120x1536][682x5120x1536][682x5120x1536][682x5120x1536][682x5120x1536][682x5120x1536][682x5120x1536][682x5120x1536][682x5120x1536][682x5120x1536][682x5120x1536][682x5120x1536][682x5120x1536][682x5120x1536][682x5120x1536][682x5120x1536][682x5120x1536][682x5120x1536][682x5120x1536][682x5120x1536][682x5120x1536][682x5120x1536]',,tensorop,f32,128,256,64,1,4,1,1,1,1,3,4,1,1,128,256,16,100,110,1711276032,1031463239680,602,0.967718,1646.92,1.06587e+06
1,CUTLASS,grouped_gemm,cutlass3x_sm100_tensorop_gemm_grouped_bf16_bf16_f32_void_f32_128x256x64_1x4x1_0_tnt_align8_stream_k_1sm,passed,success,grouped,,,,,bf16:row,bf16:column,void:row,f32:row,1,0,invalid,invalid,heuristic,1,false,'[683x5120x1536][683x5120x1536][683x5120x1536][683x5120x1536][683x5120x1536][683x5120x1536][683x5120x1536][683x5120x1536][683x5120x1536][683x5120x1536][683x5120x1536][683x5120x1536][683x5120x1536][683x5120x1536][683x5120x1536][683x5120x1536][683x5120x1536][683x5120x1536][683x5120x1536][683x5120x1536][683x5120x1536][683x5120x1536][683x5120x1536][683x5120x1536][683x5120x1536][683x5120x1536][683x5120x1536][683x5120x1536][683x5120x1536][683x5120x1536][683x5120x1536][683x5120x1536][683x5120x1536][683x5120x1536][683x5120x1536][683x5120x1536][683x5120x1536][683x5120x1536][683x5120x1536][683x5120x1536][683x5120x1536][683x5120x1536][683x5120x1536][683x5120x1536][683x5120x1536][683x5120x1536][683x5120x1536][683x5120x1536][683x5120x1536][683x5120x1536][683x5120x1536][683x5120x1536][683x5120x1536][683x5120x1536][683x5120x1536][683x5120x1536][683x5120x1536][683x5120x1536][683x5120x1536][683x5120x1536][683x5120x1536][683x5120x1536][683x5120x1536][683x5120x1536][682x5120x1536][682x5120x1536][682x5120x1536][682x5120x1536][682x5120x1536][682x5120x1536][682x5120x1536][682x5120x1536][682x5120x1536][682x5120x1536][682x5120x1536][682x5120x1536][682x5120x1536][682x5120x1536][682x5120x1536][682x5120x1536][682x5120x1536][682x5120x1536][682x5120x1536][682x5120x1536][682x5120x1536][682x5120x1536][682x5120x1536][682x5120x1536][682x5120x1536][682x5120x1536][682x5120x1536][682x5120x1536][682x5120x1536][682x5120x1536][682x5120x1536][682x5120x1536]',,tensorop,f32,128,256,64,1,4,1,1,1,1,3,4,1,1,128,256,16,100,110,1711276032,1031463239680,602,0.968195,1646.1,1.06535e+06
1,CUTLASS,grouped_gemm,cutlass3x_sm100_tensorop_gemm_grouped_bf16_bf16_f32_f32_f32_128x256x64_4x4x1_0_tnt_align8_1sm,passed,success,grouped,,,,,bf16:row,bf16:column,f32:row,f32:row,1,0,invalid,invalid,heuristic,1,false,'[683x5120x1536][683x5120x1536][683x5120x1536][683x5120x1536][683x5120x1536][683x5120x1536][683x5120x1536][683x5120x1536][683x5120x1536][683x5120x1536][683x5120x1536][683x5120x1536][683x5120x1536][683x5120x1536][683x5120x1536][683x5120x1536][683x5120x1536][683x5120x1536][683x5120x1536][683x5120x1536][683x5120x1536][683x5120x1536][683x5120x1536][683x5120x1536][683x5120x1536][683x5120x1536][683x5120x1536][683x5120x1536][683x5120x1536][683x5120x1536][683x5120x1536][683x5120x1536][683x5120x1536][683x5120x1536][683x5120x1536][683x5120x1536][683x5120x1536][683x5120x1536][683x5120x1536][683x5120x1536][683x5120x1536][683x5120x1536][683x5120x1536][683x5120x1536][683x5120x1536][683x5120x1536][683x5120x1536][683x5120x1536][683x5120x1536][683x5120x1536][683x5120x1536][683x5120x1536][683x5120x1536][683x5120x1536][683x5120x1536][683x5120x1536][683x5120x1536][683x5120x1536][683x5120x1536][683x5120x1536][683x5120x1536][683x5120x1536][683x5120x1536][683x5120x1536][682x5120x1536][682x5120x1536][682x5120x1536][682x5120x1536][682x5120x1536][682x5120x1536][682x5120x1536][682x5120x1536][682x5120x1536][682x5120x1536][682x5120x1536][682x5120x1536][682x5120x1536][682x5120x1536][682x5120x1536][682x5120x1536][682x5120x1536][682x5120x1536][682x5120x1536][682x5120x1536][682x5120x1536][682x5120x1536][682x5120x1536][682x5120x1536][682x5120x1536][682x5120x1536][682x5120x1536][682x5120x1536][682x5120x1536][682x5120x1536][682x5120x1536][682x5120x1536]',,tensorop,f32,128,256,64,4,4,1,1,1,1,3,4,1,1,128,256,16,100,110,3053453312,1031463239680,337,1.55444,1829.44,663561
1,CUTLASS,grouped_gemm,cutlass3x_sm100_tensorop_gemm_grouped_bf16_bf16_f32_f32_f32_128x256x64_4x4x1_0_tnt_align8_stream_k_1sm,passed,success,grouped,,,,,bf16:row,bf16:column,f32:row,f32:row,1,0,invalid,invalid,heuristic,1,false,'[683x5120x1536][683x5120x1536][683x5120x1536][683x5120x1536][683x5120x1536][683x5120x1536][683x5120x1536][683x5120x1536][683x5120x1536][683x5120x1536][683x5120x1536][683x5120x1536][683x5120x1536][683x5120x1536][683x5120x1536][683x5120x1536][683x5120x1536][683x5120x1536][683x5120x1536][683x5120x1536][683x5120x1536][683x5120x1536][683x5120x1536][683x5120x1536][683x5120x1536][683x5120x1536][683x5120x1536][683x5120x1536][683x5120x1536][683x5120x1536][683x5120x1536][683x5120x1536][683x5120x1536][683x5120x1536][683x5120x1536][683x5120x1536][683x5120x1536][683x5120x1536][683x5120x1536][683x5120x1536][683x5120x1536][683x5120x1536][683x5120x1536][683x5120x1536][683x5120x1536][683x5120x1536][683x5120x1536][683x5120x1536][683x5120x1536][683x5120x1536][683x5120x1536][683x5120x1536][683x5120x1536][683x5120x1536][683x5120x1536][683x5120x1536][683x5120x1536][683x5120x1536][683x5120x1536][683x5120x1536][683x5120x1536][683x5120x1536][683x5120x1536][683x5120x1536][682x5120x1536][682x5120x1536][682x5120x1536][682x5120x1536][682x5120x1536][682x5120x1536][682x5120x1536][682x5120x1536][682x5120x1536][682x5120x1536][682x5120x1536][682x5120x1536][682x5120x1536][682x5120x1536][682x5120x1536][682x5120x1536][682x5120x1536][682x5120x1536][682x5120x1536][682x5120x1536][682x5120x1536][682x5120x1536][682x5120x1536][682x5120x1536][682x5120x1536][682x5120x1536][682x5120x1536][682x5120x1536][682x5120x1536][682x5120x1536][682x5120x1536][682x5120x1536]',,tensorop,f32,128,256,64,4,4,1,1,1,1,3,4,1,1,128,256,16,100,110,3053453312,1031463239680,337,1.55376,1830.24,663850
1,CUTLASS,grouped_gemm,cutlass3x_sm100_tensorop_gemm_grouped_bf16_bf16_f32_void_f32_128x256x64_4x4x1_0_tnt_align8_1sm,passed,success,grouped,,,,,bf16:row,bf16:column,void:row,f32:row,1,0,invalid,invalid,heuristic,1,false,'[683x5120x1536][683x5120x1536][683x5120x1536][683x5120x1536][683x5120x1536][683x5120x1536][683x5120x1536][683x5120x1536][683x5120x1536][683x5120x1536][683x5120x1536][683x5120x1536][683x5120x1536][683x5120x1536][683x5120x1536][683x5120x1536][683x5120x1536][683x5120x1536][683x5120x1536][683x5120x1536][683x5120x1536][683x5120x1536][683x5120x1536][683x5120x1536][683x5120x1536][683x5120x1536][683x5120x1536][683x5120x1536][683x5120x1536][683x5120x1536][683x5120x1536][683x5120x1536][683x5120x1536][683x5120x1536][683x5120x1536][683x5120x1536][683x5120x1536][683x5120x1536][683x5120x1536][683x5120x1536][683x5120x1536][683x5120x1536][683x5120x1536][683x5120x1536][683x5120x1536][683x5120x1536][683x5120x1536][683x5120x1536][683x5120x1536][683x5120x1536][683x5120x1536][683x5120x1536][683x5120x1536][683x5120x1536][683x5120x1536][683x5120x1536][683x5120x1536][683x5120x1536][683x5120x1536][683x5120x1536][683x5120x1536][683x5120x1536][683x5120x1536][683x5120x1536][682x5120x1536][682x5120x1536][682x5120x1536][682x5120x1536][682x5120x1536][682x5120x1536][682x5120x1536][682x5120x1536][682x5120x1536][682x5120x1536][682x5120x1536][682x5120x1536][682x5120x1536][682x5120x1536][682x5120x1536][682x5120x1536][682x5120x1536][682x5120x1536][682x5120x1536][682x5120x1536][682x5120x1536][682x5120x1536][682x5120x1536][682x5120x1536][682x5120x1536][682x5120x1536][682x5120x1536][682x5120x1536][682x5120x1536][682x5120x1536][682x5120x1536][682x5120x1536]',,tensorop,f32,128,256,64,4,4,1,1,1,1,3,4,1,1,128,256,16,100,110,1711276032,1031463239680,602,1.58397,1006.17,651187
1,CUTLASS,grouped_gemm,cutlass3x_sm100_tensorop_gemm_grouped_bf16_bf16_f32_void_f32_128x256x64_4x4x1_0_tnt_align8_stream_k_1sm,passed,success,grouped,,,,,bf16:row,bf16:column,void:row,f32:row,1,0,invalid,invalid,heuristic,1,false,'[683x5120x1536][683x5120x1536][683x5120x1536][683x5120x1536][683x5120x1536][683x5120x1536][683x5120x1536][683x5120x1536][683x5120x1536][683x5120x1536][683x5120x1536][683x5120x1536][683x5120x1536][683x5120x1536][683x5120x1536][683x5120x1536][683x5120x1536][683x5120x1536][683x5120x1536][683x5120x1536][683x5120x1536][683x5120x1536][683x5120x1536][683x5120x1536][683x5120x1536][683x5120x1536][683x5120x1536][683x5120x1536][683x5120x1536][683x5120x1536][683x5120x1536][683x5120x1536][683x5120x1536][683x5120x1536][683x5120x1536][683x5120x1536][683x5120x1536][683x5120x1536][683x5120x1536][683x5120x1536][683x5120x1536][683x5120x1536][683x5120x1536][683x5120x1536][683x5120x1536][683x5120x1536][683x5120x1536][683x5120x1536][683x5120x1536][683x5120x1536][683x5120x1536][683x5120x1536][683x5120x1536][683x5120x1536][683x5120x1536][683x5120x1536][683x5120x1536][683x5120x1536][683x5120x1536][683x5120x1536][683x5120x1536][683x5120x1536][683x5120x1536][683x5120x1536][682x5120x1536][682x5120x1536][682x5120x1536][682x5120x1536][682x5120x1536][682x5120x1536][682x5120x1536][682x5120x1536][682x5120x1536][682x5120x1536][682x5120x1536][682x5120x1536][682x5120x1536][682x5120x1536][682x5120x1536][682x5120x1536][682x5120x1536][682x5120x1536][682x5120x1536][682x5120x1536][682x5120x1536][682x5120x1536][682x5120x1536][682x5120x1536][682x5120x1536][682x5120x1536][682x5120x1536][682x5120x1536][682x5120x1536][682x5120x1536][682x5120x1536][682x5120x1536]',,tensorop,f32,128,256,64,4,4,1,1,1,1,3,4,1,1,128,256,16,100,110,1711276032,1031463239680,602,1.58373,1006.32,651285
1,CUTLASS,grouped_gemm,cutlass3x_sm100_tensorop_gemm_grouped_bf16_bf16_f32_bf16_bf16_128x256x64_0x0x1_0_tnt_align8_1sm,passed,success,grouped,,,,,bf16:row,bf16:column,bf16:row,bf16:row,1,0,invalid,invalid,heuristic,1,false,'[683x5120x1536][683x5120x1536][683x5120x1536][683x5120x1536][683x5120x1536][683x5120x1536][683x5120x1536][683x5120x1536][683x5120x1536][683x5120x1536][683x5120x1536][683x5120x1536][683x5120x1536][683x5120x1536][683x5120x1536][683x5120x1536][683x5120x1536][683x5120x1536][683x5120x1536][683x5120x1536][683x5120x1536][683x5120x1536][683x5120x1536][683x5120x1536][683x5120x1536][683x5120x1536][683x5120x1536][683x5120x1536][683x5120x1536][683x5120x1536][683x5120x1536][683x5120x1536][683x5120x1536][683x5120x1536][683x5120x1536][683x5120x1536][683x5120x1536][683x5120x1536][683x5120x1536][683x5120x1536][683x5120x1536][683x5120x1536][683x5120x1536][683x5120x1536][683x5120x1536][683x5120x1536][683x5120x1536][683x5120x1536][683x5120x1536][683x5120x1536][683x5120x1536][683x5120x1536][683x5120x1536][683x5120x1536][683x5120x1536][683x5120x1536][683x5120x1536][683x5120x1536][683x5120x1536][683x5120x1536][683x5120x1536][683x5120x1536][683x5120x1536][683x5120x1536][682x5120x1536][682x5120x1536][682x5120x1536][682x5120x1536][682x5120x1536][682x5120x1536][682x5120x1536][682x5120x1536][682x5120x1536][682x5120x1536][682x5120x1536][682x5120x1536][682x5120x1536][682x5120x1536][682x5120x1536][682x5120x1536][682x5120x1536][682x5120x1536][682x5120x1536][682x5120x1536][682x5120x1536][682x5120x1536][682x5120x1536][682x5120x1536][682x5120x1536][682x5120x1536][682x5120x1536][682x5120x1536][682x5120x1536][682x5120x1536][682x5120x1536][682x5120x1536]',,tensorop,f32,128,256,64,1,1,1,1,1,1,3,4,1,1,128,256,16,100,110,2382364672,1031463239680,432,0.825466,2687.88,1.24955e+06
1,CUTLASS,grouped_gemm,cutlass3x_sm100_tensorop_gemm_grouped_bf16_bf16_f32_bf16_bf16_128x256x64_0x0x1_0_tnt_align8_stream_k_1sm,passed,success,grouped,,,,,bf16:row,bf16:column,bf16:row,bf16:row,1,0,invalid,invalid,heuristic,1,false,'[683x5120x1536][683x5120x1536][683x5120x1536][683x5120x1536][683x5120x1536][683x5120x1536][683x5120x1536][683x5120x1536][683x5120x1536][683x5120x1536][683x5120x1536][683x5120x1536][683x5120x1536][683x5120x1536][683x5120x1536][683x5120x1536][683x5120x1536][683x5120x1536][683x5120x1536][683x5120x1536][683x5120x1536][683x5120x1536][683x5120x1536][683x5120x1536][683x5120x1536][683x5120x1536][683x5120x1536][683x5120x1536][683x5120x1536][683x5120x1536][683x5120x1536][683x5120x1536][683x5120x1536][683x5120x1536][683x5120x1536][683x5120x1536][683x5120x1536][683x5120x1536][683x5120x1536][683x5120x1536][683x5120x1536][683x5120x1536][683x5120x1536][683x5120x1536][683x5120x1536][683x5120x1536][683x5120x1536][683x5120x1536][683x5120x1536][683x5120x1536][683x5120x1536][683x5120x1536][683x5120x1536][683x5120x1536][683x5120x1536][683x5120x1536][683x5120x1536][683x5120x1536][683x5120x1536][683x5120x1536][683x5120x1536][683x5120x1536][683x5120x1536][683x5120x1536][682x5120x1536][682x5120x1536][682x5120x1536][682x5120x1536][682x5120x1536][682x5120x1536][682x5120x1536][682x5120x1536][682x5120x1536][682x5120x1536][682x5120x1536][682x5120x1536][682x5120x1536][682x5120x1536][682x5120x1536][682x5120x1536][682x5120x1536][682x5120x1536][682x5120x1536][682x5120x1536][682x5120x1536][682x5120x1536][682x5120x1536][682x5120x1536][682x5120x1536][682x5120x1536][682x5120x1536][682x5120x1536][682x5120x1536][682x5120x1536][682x5120x1536][682x5120x1536]',,tensorop,f32,128,256,64,1,1,1,1,1,1,3,4,1,1,128,256,16,100,110,2382364672,1031463239680,432,0.82663,2684.09,1.24779e+06
1,CUTLASS,grouped_gemm,cutlass3x_sm100_tensorop_gemm_grouped_bf16_bf16_f32_void_bf16_128x256x64_0x0x1_0_tnt_align8_1sm,passed,success,grouped,,,,,bf16:row,bf16:column,void:row,bf16:row,1,0,invalid,invalid,heuristic,1,false,'[683x5120x1536][683x5120x1536][683x5120x1536][683x5120x1536][683x5120x1536][683x5120x1536][683x5120x1536][683x5120x1536][683x5120x1536][683x5120x1536][683x5120x1536][683x5120x1536][683x5120x1536][683x5120x1536][683x5120x1536][683x5120x1536][683x5120x1536][683x5120x1536][683x5120x1536][683x5120x1536][683x5120x1536][683x5120x1536][683x5120x1536][683x5120x1536][683x5120x1536][683x5120x1536][683x5120x1536][683x5120x1536][683x5120x1536][683x5120x1536][683x5120x1536][683x5120x1536][683x5120x1536][683x5120x1536][683x5120x1536][683x5120x1536][683x5120x1536][683x5120x1536][683x5120x1536][683x5120x1536][683x5120x1536][683x5120x1536][683x5120x1536][683x5120x1536][683x5120x1536][683x5120x1536][683x5120x1536][683x5120x1536][683x5120x1536][683x5120x1536][683x5120x1536][683x5120x1536][683x5120x1536][683x5120x1536][683x5120x1536][683x5120x1536][683x5120x1536][683x5120x1536][683x5120x1536][683x5120x1536][683x5120x1536][683x5120x1536][683x5120x1536][683x5120x1536][682x5120x1536][682x5120x1536][682x5120x1536][682x5120x1536][682x5120x1536][682x5120x1536][682x5120x1536][682x5120x1536][682x5120x1536][682x5120x1536][682x5120x1536][682x5120x1536][682x5120x1536][682x5120x1536][682x5120x1536][682x5120x1536][682x5120x1536][682x5120x1536][682x5120x1536][682x5120x1536][682x5120x1536][682x5120x1536][682x5120x1536][682x5120x1536][682x5120x1536][682x5120x1536][682x5120x1536][682x5120x1536][682x5120x1536][682x5120x1536][682x5120x1536][682x5120x1536]',,tensorop,f32,128,256,64,1,1,1,1,1,1,4,4,1,1,128,256,16,100,110,1711276032,1031463239680,602,0.772931,2061.96,1.33448e+06
1,CUTLASS,grouped_gemm,cutlass3x_sm100_tensorop_gemm_grouped_bf16_bf16_f32_void_bf16_128x256x64_0x0x1_0_tnt_align8_stream_k_1sm,passed,success,grouped,,,,,bf16:row,bf16:column,void:row,bf16:row,1,0,invalid,invalid,heuristic,1,false,'[683x5120x1536][683x5120x1536][683x5120x1536][683x5120x1536][683x5120x1536][683x5120x1536][683x5120x1536][683x5120x1536][683x5120x1536][683x5120x1536][683x5120x1536][683x5120x1536][683x5120x1536][683x5120x1536][683x5120x1536][683x5120x1536][683x5120x1536][683x5120x1536][683x5120x1536][683x5120x1536][683x5120x1536][683x5120x1536][683x5120x1536][683x5120x1536][683x5120x1536][683x5120x1536][683x5120x1536][683x5120x1536][683x5120x1536][683x5120x1536][683x5120x1536][683x5120x1536][683x5120x1536][683x5120x1536][683x5120x1536][683x5120x1536][683x5120x1536][683x5120x1536][683x5120x1536][683x5120x1536][683x5120x1536][683x5120x1536][683x5120x1536][683x5120x1536][683x5120x1536][683x5120x1536][683x5120x1536][683x5120x1536][683x5120x1536][683x5120x1536][683x5120x1536][683x5120x1536][683x5120x1536][683x5120x1536][683x5120x1536][683x5120x1536][683x5120x1536][683x5120x1536][683x5120x1536][683x5120x1536][683x5120x1536][683x5120x1536][683x5120x1536][683x5120x1536][682x5120x1536][682x5120x1536][682x5120x1536][682x5120x1536][682x5120x1536][682x5120x1536][682x5120x1536][682x5120x1536][682x5120x1536][682x5120x1536][682x5120x1536][682x5120x1536][682x5120x1536][682x5120x1536][682x5120x1536][682x5120x1536][682x5120x1536][682x5120x1536][682x5120x1536][682x5120x1536][682x5120x1536][682x5120x1536][682x5120x1536][682x5120x1536][682x5120x1536][682x5120x1536][682x5120x1536][682x5120x1536][682x5120x1536][682x5120x1536][682x5120x1536][682x5120x1536]',,tensorop,f32,128,256,64,1,1,1,1,1,1,4,4,1,1,128,256,16,100,110,1711276032,1031463239680,602,0.770272,2069.07,1.33909e+06
1,CUTLASS,grouped_gemm,cutlass3x_sm100_tensorop_gemm_grouped_bf16_bf16_f32_bf16_bf16_128x256x64_1x1x1_0_tnt_align8_1sm,passed,success,grouped,,,,,bf16:row,bf16:column,bf16:row,bf16:row,1,0,invalid,invalid,heuristic,1,false,'[683x5120x1536][683x5120x1536][683x5120x1536][683x5120x1536][683x5120x1536][683x5120x1536][683x5120x1536][683x5120x1536][683x5120x1536][683x5120x1536][683x5120x1536][683x5120x1536][683x5120x1536][683x5120x1536][683x5120x1536][683x5120x1536][683x5120x1536][683x5120x1536][683x5120x1536][683x5120x1536][683x5120x1536][683x5120x1536][683x5120x1536][683x5120x1536][683x5120x1536][683x5120x1536][683x5120x1536][683x5120x1536][683x5120x1536][683x5120x1536][683x5120x1536][683x5120x1536][683x5120x1536][683x5120x1536][683x5120x1536][683x5120x1536][683x5120x1536][683x5120x1536][683x5120x1536][683x5120x1536][683x5120x1536][683x5120x1536][683x5120x1536][683x5120x1536][683x5120x1536][683x5120x1536][683x5120x1536][683x5120x1536][683x5120x1536][683x5120x1536][683x5120x1536][683x5120x1536][683x5120x1536][683x5120x1536][683x5120x1536][683x5120x1536][683x5120x1536][683x5120x1536][683x5120x1536][683x5120x1536][683x5120x1536][683x5120x1536][683x5120x1536][683x5120x1536][682x5120x1536][682x5120x1536][682x5120x1536][682x5120x1536][682x5120x1536][682x5120x1536][682x5120x1536][682x5120x1536][682x5120x1536][682x5120x1536][682x5120x1536][682x5120x1536][682x5120x1536][682x5120x1536][682x5120x1536][682x5120x1536][682x5120x1536][682x5120x1536][682x5120x1536][682x5120x1536][682x5120x1536][682x5120x1536][682x5120x1536][682x5120x1536][682x5120x1536][682x5120x1536][682x5120x1536][682x5120x1536][682x5120x1536][682x5120x1536][682x5120x1536][682x5120x1536]',,tensorop,f32,128,256,64,1,1,1,1,1,1,3,4,1,1,128,256,16,100,110,2382364672,1031463239680,432,0.85168,2605.15,1.21109e+06
1,CUTLASS,grouped_gemm,cutlass3x_sm100_tensorop_gemm_grouped_bf16_bf16_f32_bf16_bf16_128x256x64_1x1x1_0_tnt_align8_stream_k_1sm,passed,success,grouped,,,,,bf16:row,bf16:column,bf16:row,bf16:row,1,0,invalid,invalid,heuristic,1,false,'[683x5120x1536][683x5120x1536][683x5120x1536][683x5120x1536][683x5120x1536][683x5120x1536][683x5120x1536][683x5120x1536][683x5120x1536][683x5120x1536][683x5120x1536][683x5120x1536][683x5120x1536][683x5120x1536][683x5120x1536][683x5120x1536][683x5120x1536][683x5120x1536][683x5120x1536][683x5120x1536][683x5120x1536][683x5120x1536][683x5120x1536][683x5120x1536][683x5120x1536][683x5120x1536][683x5120x1536][683x5120x1536][683x5120x1536][683x5120x1536][683x5120x1536][683x5120x1536][683x5120x1536][683x5120x1536][683x5120x1536][683x5120x1536][683x5120x1536][683x5120x1536][683x5120x1536][683x5120x1536][683x5120x1536][683x5120x1536][683x5120x1536][683x5120x1536][683x5120x1536][683x5120x1536][683x5120x1536][683x5120x1536][683x5120x1536][683x5120x1536][683x5120x1536][683x5120x1536][683x5120x1536][683x5120x1536][683x5120x1536][683x5120x1536][683x5120x1536][683x5120x1536][683x5120x1536][683x5120x1536][683x5120x1536][683x5120x1536][683x5120x1536][683x5120x1536][682x5120x1536][682x5120x1536][682x5120x1536][682x5120x1536][682x5120x1536][682x5120x1536][682x5120x1536][682x5120x1536][682x5120x1536][682x5120x1536][682x5120x1536][682x5120x1536][682x5120x1536][682x5120x1536][682x5120x1536][682x5120x1536][682x5120x1536][682x5120x1536][682x5120x1536][682x5120x1536][682x5120x1536][682x5120x1536][682x5120x1536][682x5120x1536][682x5120x1536][682x5120x1536][682x5120x1536][682x5120x1536][682x5120x1536][682x5120x1536][682x5120x1536][682x5120x1536]',,tensorop,f32,128,256,64,1,1,1,1,1,1,3,4,1,1,128,256,16,100,110,2382364672,1031463239680,432,0.848435,2615.11,1.21572e+06
1,CUTLASS,grouped_gemm,cutlass3x_sm100_tensorop_gemm_grouped_bf16_bf16_f32_void_bf16_128x256x64_1x1x1_0_tnt_align8_1sm,passed,success,grouped,,,,,bf16:row,bf16:column,void:row,bf16:row,1,0,invalid,invalid,heuristic,1,false,'[683x5120x1536][683x5120x1536][683x5120x1536][683x5120x1536][683x5120x1536][683x5120x1536][683x5120x1536][683x5120x1536][683x5120x1536][683x5120x1536][683x5120x1536][683x5120x1536][683x5120x1536][683x5120x1536][683x5120x1536][683x5120x1536][683x5120x1536][683x5120x1536][683x5120x1536][683x5120x1536][683x5120x1536][683x5120x1536][683x5120x1536][683x5120x1536][683x5120x1536][683x5120x1536][683x5120x1536][683x5120x1536][683x5120x1536][683x5120x1536][683x5120x1536][683x5120x1536][683x5120x1536][683x5120x1536][683x5120x1536][683x5120x1536][683x5120x1536][683x5120x1536][683x5120x1536][683x5120x1536][683x5120x1536][683x5120x1536][683x5120x1536][683x5120x1536][683x5120x1536][683x5120x1536][683x5120x1536][683x5120x1536][683x5120x1536][683x5120x1536][683x5120x1536][683x5120x1536][683x5120x1536][683x5120x1536][683x5120x1536][683x5120x1536][683x5120x1536][683x5120x1536][683x5120x1536][683x5120x1536][683x5120x1536][683x5120x1536][683x5120x1536][683x5120x1536][682x5120x1536][682x5120x1536][682x5120x1536][682x5120x1536][682x5120x1536][682x5120x1536][682x5120x1536][682x5120x1536][682x5120x1536][682x5120x1536][682x5120x1536][682x5120x1536][682x5120x1536][682x5120x1536][682x5120x1536][682x5120x1536][682x5120x1536][682x5120x1536][682x5120x1536][682x5120x1536][682x5120x1536][682x5120x1536][682x5120x1536][682x5120x1536][682x5120x1536][682x5120x1536][682x5120x1536][682x5120x1536][682x5120x1536][682x5120x1536][682x5120x1536][682x5120x1536]',,tensorop,f32,128,256,64,1,1,1,1,1,1,4,4,1,1,128,256,16,100,110,1711276032,1031463239680,602,0.773958,2059.22,1.33271e+06
1,CUTLASS,grouped_gemm,cutlass3x_sm100_tensorop_gemm_grouped_bf16_bf16_f32_void_bf16_128x256x64_1x1x1_0_tnt_align8_stream_k_1sm,passed,success,grouped,,,,,bf16:row,bf16:column,void:row,bf16:row,1,0,invalid,invalid,heuristic,1,false,'[683x5120x1536][683x5120x1536][683x5120x1536][683x5120x1536][683x5120x1536][683x5120x1536][683x5120x1536][683x5120x1536][683x5120x1536][683x5120x1536][683x5120x1536][683x5120x1536][683x5120x1536][683x5120x1536][683x5120x1536][683x5120x1536][683x5120x1536][683x5120x1536][683x5120x1536][683x5120x1536][683x5120x1536][683x5120x1536][683x5120x1536][683x5120x1536][683x5120x1536][683x5120x1536][683x5120x1536][683x5120x1536][683x5120x1536][683x5120x1536][683x5120x1536][683x5120x1536][683x5120x1536][683x5120x1536][683x5120x1536][683x5120x1536][683x5120x1536][683x5120x1536][683x5120x1536][683x5120x1536][683x5120x1536][683x5120x1536][683x5120x1536][683x5120x1536][683x5120x1536][683x5120x1536][683x5120x1536][683x5120x1536][683x5120x1536][683x5120x1536][683x5120x1536][683x5120x1536][683x5120x1536][683x5120x1536][683x5120x1536][683x5120x1536][683x5120x1536][683x5120x1536][683x5120x1536][683x5120x1536][683x5120x1536][683x5120x1536][683x5120x1536][683x5120x1536][682x5120x1536][682x5120x1536][682x5120x1536][682x5120x1536][682x5120x1536][682x5120x1536][682x5120x1536][682x5120x1536][682x5120x1536][682x5120x1536][682x5120x1536][682x5120x1536][682x5120x1536][682x5120x1536][682x5120x1536][682x5120x1536][682x5120x1536][682x5120x1536][682x5120x1536][682x5120x1536][682x5120x1536][682x5120x1536][682x5120x1536][682x5120x1536][682x5120x1536][682x5120x1536][682x5120x1536][682x5120x1536][682x5120x1536][682x5120x1536][682x5120x1536][682x5120x1536]',,tensorop,f32,128,256,64,1,1,1,1,1,1,4,4,1,1,128,256,16,100,110,1711276032,1031463239680,602,0.774573,2057.59,1.33165e+06
1,CUTLASS,grouped_gemm,cutlass3x_sm100_tensorop_gemm_grouped_bf16_bf16_f32_bf16_bf16_128x256x64_1x2x1_0_tnt_align8_1sm,passed,success,grouped,,,,,bf16:row,bf16:column,bf16:row,bf16:row,1,0,invalid,invalid,heuristic,1,false,'[683x5120x1536][683x5120x1536][683x5120x1536][683x5120x1536][683x5120x1536][683x5120x1536][683x5120x1536][683x5120x1536][683x5120x1536][683x5120x1536][683x5120x1536][683x5120x1536][683x5120x1536][683x5120x1536][683x5120x1536][683x5120x1536][683x5120x1536][683x5120x1536][683x5120x1536][683x5120x1536][683x5120x1536][683x5120x1536][683x5120x1536][683x5120x1536][683x5120x1536][683x5120x1536][683x5120x1536][683x5120x1536][683x5120x1536][683x5120x1536][683x5120x1536][683x5120x1536][683x5120x1536][683x5120x1536][683x5120x1536][683x5120x1536][683x5120x1536][683x5120x1536][683x5120x1536][683x5120x1536][683x5120x1536][683x5120x1536][683x5120x1536][683x5120x1536][683x5120x1536][683x5120x1536][683x5120x1536][683x5120x1536][683x5120x1536][683x5120x1536][683x5120x1536][683x5120x1536][683x5120x1536][683x5120x1536][683x5120x1536][683x5120x1536][683x5120x1536][683x5120x1536][683x5120x1536][683x5120x1536][683x5120x1536][683x5120x1536][683x5120x1536][683x5120x1536][682x5120x1536][682x5120x1536][682x5120x1536][682x5120x1536][682x5120x1536][682x5120x1536][682x5120x1536][682x5120x1536][682x5120x1536][682x5120x1536][682x5120x1536][682x5120x1536][682x5120x1536][682x5120x1536][682x5120x1536][682x5120x1536][682x5120x1536][682x5120x1536][682x5120x1536][682x5120x1536][682x5120x1536][682x5120x1536][682x5120x1536][682x5120x1536][682x5120x1536][682x5120x1536][682x5120x1536][682x5120x1536][682x5120x1536][682x5120x1536][682x5120x1536][682x5120x1536]',,tensorop,f32,128,256,64,1,2,1,1,1,1,3,4,1,1,128,256,16,100,110,2382364672,1031463239680,432,0.818909,2709.4,1.25956e+06
1,CUTLASS,grouped_gemm,cutlass3x_sm100_tensorop_gemm_grouped_bf16_bf16_f32_bf16_bf16_128x256x64_1x2x1_0_tnt_align8_stream_k_1sm,passed,success,grouped,,,,,bf16:row,bf16:column,bf16:row,bf16:row,1,0,invalid,invalid,heuristic,1,false,'[683x5120x1536][683x5120x1536][683x5120x1536][683x5120x1536][683x5120x1536][683x5120x1536][683x5120x1536][683x5120x1536][683x5120x1536][683x5120x1536][683x5120x1536][683x5120x1536][683x5120x1536][683x5120x1536][683x5120x1536][683x5120x1536][683x5120x1536][683x5120x1536][683x5120x1536][683x5120x1536][683x5120x1536][683x5120x1536][683x5120x1536][683x5120x1536][683x5120x1536][683x5120x1536][683x5120x1536][683x5120x1536][683x5120x1536][683x5120x1536][683x5120x1536][683x5120x1536][683x5120x1536][683x5120x1536][683x5120x1536][683x5120x1536][683x5120x1536][683x5120x1536][683x5120x1536][683x5120x1536][683x5120x1536][683x5120x1536][683x5120x1536][683x5120x1536][683x5120x1536][683x5120x1536][683x5120x1536][683x5120x1536][683x5120x1536][683x5120x1536][683x5120x1536][683x5120x1536][683x5120x1536][683x5120x1536][683x5120x1536][683x5120x1536][683x5120x1536][683x5120x1536][683x5120x1536][683x5120x1536][683x5120x1536][683x5120x1536][683x5120x1536][683x5120x1536][682x5120x1536][682x5120x1536][682x5120x1536][682x5120x1536][682x5120x1536][682x5120x1536][682x5120x1536][682x5120x1536][682x5120x1536][682x5120x1536][682x5120x1536][682x5120x1536][682x5120x1536][682x5120x1536][682x5120x1536][682x5120x1536][682x5120x1536][682x5120x1536][682x5120x1536][682x5120x1536][682x5120x1536][682x5120x1536][682x5120x1536][682x5120x1536][682x5120x1536][682x5120x1536][682x5120x1536][682x5120x1536][682x5120x1536][682x5120x1536][682x5120x1536][682x5120x1536]',,tensorop,f32,128,256,64,1,2,1,1,1,1,3,4,1,1,128,256,16,100,110,2382364672,1031463239680,432,0.819558,2707.25,1.25856e+06
1,CUTLASS,grouped_gemm,cutlass3x_sm100_tensorop_gemm_grouped_bf16_bf16_f32_void_bf16_128x256x64_1x2x1_0_tnt_align8_1sm,passed,success,grouped,,,,,bf16:row,bf16:column,void:row,bf16:row,1,0,invalid,invalid,heuristic,1,false,'[683x5120x1536][683x5120x1536][683x5120x1536][683x5120x1536][683x5120x1536][683x5120x1536][683x5120x1536][683x5120x1536][683x5120x1536][683x5120x1536][683x5120x1536][683x5120x1536][683x5120x1536][683x5120x1536][683x5120x1536][683x5120x1536][683x5120x1536][683x5120x1536][683x5120x1536][683x5120x1536][683x5120x1536][683x5120x1536][683x5120x1536][683x5120x1536][683x5120x1536][683x5120x1536][683x5120x1536][683x5120x1536][683x5120x1536][683x5120x1536][683x5120x1536][683x5120x1536][683x5120x1536][683x5120x1536][683x5120x1536][683x5120x1536][683x5120x1536][683x5120x1536][683x5120x1536][683x5120x1536][683x5120x1536][683x5120x1536][683x5120x1536][683x5120x1536][683x5120x1536][683x5120x1536][683x5120x1536][683x5120x1536][683x5120x1536][683x5120x1536][683x5120x1536][683x5120x1536][683x5120x1536][683x5120x1536][683x5120x1536][683x5120x1536][683x5120x1536][683x5120x1536][683x5120x1536][683x5120x1536][683x5120x1536][683x5120x1536][683x5120x1536][683x5120x1536][682x5120x1536][682x5120x1536][682x5120x1536][682x5120x1536][682x5120x1536][682x5120x1536][682x5120x1536][682x5120x1536][682x5120x1536][682x5120x1536][682x5120x1536][682x5120x1536][682x5120x1536][682x5120x1536][682x5120x1536][682x5120x1536][682x5120x1536][682x5120x1536][682x5120x1536][682x5120x1536][682x5120x1536][682x5120x1536][682x5120x1536][682x5120x1536][682x5120x1536][682x5120x1536][682x5120x1536][682x5120x1536][682x5120x1536][682x5120x1536][682x5120x1536][682x5120x1536]',,tensorop,f32,128,256,64,1,2,1,1,1,1,4,4,1,1,128,256,16,100,110,1711276032,1031463239680,602,0.712314,2237.43,1.44805e+06
1,CUTLASS,grouped_gemm,cutlass3x_sm100_tensorop_gemm_grouped_bf16_bf16_f32_void_bf16_128x256x64_1x2x1_0_tnt_align8_stream_k_1sm,passed,success,grouped,,,,,bf16:row,bf16:column,void:row,bf16:row,1,0,invalid,invalid,heuristic,1,false,'[683x5120x1536][683x5120x1536][683x5120x1536][683x5120x1536][683x5120x1536][683x5120x1536][683x5120x1536][683x5120x1536][683x5120x1536][683x5120x1536][683x5120x1536][683x5120x1536][683x5120x1536][683x5120x1536][683x5120x1536][683x5120x1536][683x5120x1536][683x5120x1536][683x5120x1536][683x5120x1536][683x5120x1536][683x5120x1536][683x5120x1536][683x5120x1536][683x5120x1536][683x5120x1536][683x5120x1536][683x5120x1536][683x5120x1536][683x5120x1536][683x5120x1536][683x5120x1536][683x5120x1536][683x5120x1536][683x5120x1536][683x5120x1536][683x5120x1536][683x5120x1536][683x5120x1536][683x5120x1536][683x5120x1536][683x5120x1536][683x5120x1536][683x5120x1536][683x5120x1536][683x5120x1536][683x5120x1536][683x5120x1536][683x5120x1536][683x5120x1536][683x5120x1536][683x5120x1536][683x5120x1536][683x5120x1536][683x5120x1536][683x5120x1536][683x5120x1536][683x5120x1536][683x5120x1536][683x5120x1536][683x5120x1536][683x5120x1536][683x5120x1536][683x5120x1536][682x5120x1536][682x5120x1536][682x5120x1536][682x5120x1536][682x5120x1536][682x5120x1536][682x5120x1536][682x5120x1536][682x5120x1536][682x5120x1536][682x5120x1536][682x5120x1536][682x5120x1536][682x5120x1536][682x5120x1536][682x5120x1536][682x5120x1536][682x5120x1536][682x5120x1536][682x5120x1536][682x5120x1536][682x5120x1536][682x5120x1536][682x5120x1536][682x5120x1536][682x5120x1536][682x5120x1536][682x5120x1536][682x5120x1536][682x5120x1536][682x5120x1536][682x5120x1536]',,tensorop,f32,128,256,64,1,2,1,1,1,1,4,4,1,1,128,256,16,100,110,1711276032,1031463239680,602,0.712723,2236.14,1.44721e+06
1,CUTLASS,grouped_gemm,cutlass3x_sm100_tensorop_gemm_grouped_bf16_bf16_f32_bf16_bf16_128x256x64_1x4x1_0_tnt_align8_1sm,passed,success,grouped,,,,,bf16:row,bf16:column,bf16:row,bf16:row,1,0,invalid,invalid,heuristic,1,false,'[683x5120x1536][683x5120x1536][683x5120x1536][683x5120x1536][683x5120x1536][683x5120x1536][683x5120x1536][683x5120x1536][683x5120x1536][683x5120x1536][683x5120x1536][683x5120x1536][683x5120x1536][683x5120x1536][683x5120x1536][683x5120x1536][683x5120x1536][683x5120x1536][683x5120x1536][683x5120x1536][683x5120x1536][683x5120x1536][683x5120x1536][683x5120x1536][683x5120x1536][683x5120x1536][683x5120x1536][683x5120x1536][683x5120x1536][683x5120x1536][683x5120x1536][683x5120x1536][683x5120x1536][683x5120x1536][683x5120x1536][683x5120x1536][683x5120x1536][683x5120x1536][683x5120x1536][683x5120x1536][683x5120x1536][683x5120x1536][683x5120x1536][683x5120x1536][683x5120x1536][683x5120x1536][683x5120x1536][683x5120x1536][683x5120x1536][683x5120x1536][683x5120x1536][683x5120x1536][683x5120x1536][683x5120x1536][683x5120x1536][683x5120x1536][683x5120x1536][683x5120x1536][683x5120x1536][683x5120x1536][683x5120x1536][683x5120x1536][683x5120x1536][683x5120x1536][682x5120x1536][682x5120x1536][682x5120x1536][682x5120x1536][682x5120x1536][682x5120x1536][682x5120x1536][682x5120x1536][682x5120x1536][682x5120x1536][682x5120x1536][682x5120x1536][682x5120x1536][682x5120x1536][682x5120x1536][682x5120x1536][682x5120x1536][682x5120x1536][682x5120x1536][682x5120x1536][682x5120x1536][682x5120x1536][682x5120x1536][682x5120x1536][682x5120x1536][682x5120x1536][682x5120x1536][682x5120x1536][682x5120x1536][682x5120x1536][682x5120x1536][682x5120x1536]',,tensorop,f32,128,256,64,1,4,1,1,1,1,3,4,1,1,128,256,16,100,110,2382364672,1031463239680,432,0.863968,2568.09,1.19387e+06
1,CUTLASS,grouped_gemm,cutlass3x_sm100_tensorop_gemm_grouped_bf16_bf16_f32_bf16_bf16_128x256x64_1x4x1_0_tnt_align8_stream_k_1sm,passed,success,grouped,,,,,bf16:row,bf16:column,bf16:row,bf16:row,1,0,invalid,invalid,heuristic,1,false,'[683x5120x1536][683x5120x1536][683x5120x1536][683x5120x1536][683x5120x1536][683x5120x1536][683x5120x1536][683x5120x1536][683x5120x1536][683x5120x1536][683x5120x1536][683x5120x1536][683x5120x1536][683x5120x1536][683x5120x1536][683x5120x1536][683x5120x1536][683x5120x1536][683x5120x1536][683x5120x1536][683x5120x1536][683x5120x1536][683x5120x1536][683x5120x1536][683x5120x1536][683x5120x1536][683x5120x1536][683x5120x1536][683x5120x1536][683x5120x1536][683x5120x1536][683x5120x1536][683x5120x1536][683x5120x1536][683x5120x1536][683x5120x1536][683x5120x1536][683x5120x1536][683x5120x1536][683x5120x1536][683x5120x1536][683x5120x1536][683x5120x1536][683x5120x1536][683x5120x1536][683x5120x1536][683x5120x1536][683x5120x1536][683x5120x1536][683x5120x1536][683x5120x1536][683x5120x1536][683x5120x1536][683x5120x1536][683x5120x1536][683x5120x1536][683x5120x1536][683x5120x1536][683x5120x1536][683x5120x1536][683x5120x1536][683x5120x1536][683x5120x1536][683x5120x1536][682x5120x1536][682x5120x1536][682x5120x1536][682x5120x1536][682x5120x1536][682x5120x1536][682x5120x1536][682x5120x1536][682x5120x1536][682x5120x1536][682x5120x1536][682x5120x1536][682x5120x1536][682x5120x1536][682x5120x1536][682x5120x1536][682x5120x1536][682x5120x1536][682x5120x1536][682x5120x1536][682x5120x1536][682x5120x1536][682x5120x1536][682x5120x1536][682x5120x1536][682x5120x1536][682x5120x1536][682x5120x1536][682x5120x1536][682x5120x1536][682x5120x1536][682x5120x1536]',,tensorop,f32,128,256,64,1,4,1,1,1,1,3,4,1,1,128,256,16,100,110,2382364672,1031463239680,432,0.863766,2568.69,1.19415e+06
1,CUTLASS,grouped_gemm,cutlass3x_sm100_tensorop_gemm_grouped_bf16_bf16_f32_void_bf16_128x256x64_1x4x1_0_tnt_align8_1sm,passed,success,grouped,,,,,bf16:row,bf16:column,void:row,bf16:row,1,0,invalid,invalid,heuristic,1,false,'[683x5120x1536][683x5120x1536][683x5120x1536][683x5120x1536][683x5120x1536][683x5120x1536][683x5120x1536][683x5120x1536][683x5120x1536][683x5120x1536][683x5120x1536][683x5120x1536][683x5120x1536][683x5120x1536][683x5120x1536][683x5120x1536][683x5120x1536][683x5120x1536][683x5120x1536][683x5120x1536][683x5120x1536][683x5120x1536][683x5120x1536][683x5120x1536][683x5120x1536][683x5120x1536][683x5120x1536][683x5120x1536][683x5120x1536][683x5120x1536][683x5120x1536][683x5120x1536][683x5120x1536][683x5120x1536][683x5120x1536][683x5120x1536][683x5120x1536][683x5120x1536][683x5120x1536][683x5120x1536][683x5120x1536][683x5120x1536][683x5120x1536][683x5120x1536][683x5120x1536][683x5120x1536][683x5120x1536][683x5120x1536][683x5120x1536][683x5120x1536][683x5120x1536][683x5120x1536][683x5120x1536][683x5120x1536][683x5120x1536][683x5120x1536][683x5120x1536][683x5120x1536][683x5120x1536][683x5120x1536][683x5120x1536][683x5120x1536][683x5120x1536][683x5120x1536][682x5120x1536][682x5120x1536][682x5120x1536][682x5120x1536][682x5120x1536][682x5120x1536][682x5120x1536][682x5120x1536][682x5120x1536][682x5120x1536][682x5120x1536][682x5120x1536][682x5120x1536][682x5120x1536][682x5120x1536][682x5120x1536][682x5120x1536][682x5120x1536][682x5120x1536][682x5120x1536][682x5120x1536][682x5120x1536][682x5120x1536][682x5120x1536][682x5120x1536][682x5120x1536][682x5120x1536][682x5120x1536][682x5120x1536][682x5120x1536][682x5120x1536][682x5120x1536]',,tensorop,f32,128,256,64,1,4,1,1,1,1,4,4,1,1,128,256,16,100,110,1711276032,1031463239680,602,0.734765,2169.06,1.4038e+06
1,CUTLASS,grouped_gemm,cutlass3x_sm100_tensorop_gemm_grouped_bf16_bf16_f32_void_bf16_128x256x64_1x4x1_0_tnt_align8_stream_k_1sm,passed,success,grouped,,,,,bf16:row,bf16:column,void:row,bf16:row,1,0,invalid,invalid,heuristic,1,false,'[683x5120x1536][683x5120x1536][683x5120x1536][683x5120x1536][683x5120x1536][683x5120x1536][683x5120x1536][683x5120x1536][683x5120x1536][683x5120x1536][683x5120x1536][683x5120x1536][683x5120x1536][683x5120x1536][683x5120x1536][683x5120x1536][683x5120x1536][683x5120x1536][683x5120x1536][683x5120x1536][683x5120x1536][683x5120x1536][683x5120x1536][683x5120x1536][683x5120x1536][683x5120x1536][683x5120x1536][683x5120x1536][683x5120x1536][683x5120x1536][683x5120x1536][683x5120x1536][683x5120x1536][683x5120x1536][683x5120x1536][683x5120x1536][683x5120x1536][683x5120x1536][683x5120x1536][683x5120x1536][683x5120x1536][683x5120x1536][683x5120x1536][683x5120x1536][683x5120x1536][683x5120x1536][683x5120x1536][683x5120x1536][683x5120x1536][683x5120x1536][683x5120x1536][683x5120x1536][683x5120x1536][683x5120x1536][683x5120x1536][683x5120x1536][683x5120x1536][683x5120x1536][683x5120x1536][683x5120x1536][683x5120x1536][683x5120x1536][683x5120x1536][683x5120x1536][682x5120x1536][682x5120x1536][682x5120x1536][682x5120x1536][682x5120x1536][682x5120x1536][682x5120x1536][682x5120x1536][682x5120x1536][682x5120x1536][682x5120x1536][682x5120x1536][682x5120x1536][682x5120x1536][682x5120x1536][682x5120x1536][682x5120x1536][682x5120x1536][682x5120x1536][682x5120x1536][682x5120x1536][682x5120x1536][682x5120x1536][682x5120x1536][682x5120x1536][682x5120x1536][682x5120x1536][682x5120x1536][682x5120x1536][682x5120x1536][682x5120x1536][682x5120x1536]',,tensorop,f32,128,256,64,1,4,1,1,1,1,4,4,1,1,128,256,16,100,110,1711276032,1031463239680,602,0.73423,2170.64,1.40482e+06
1,CUTLASS,grouped_gemm,cutlass3x_sm100_tensorop_gemm_grouped_bf16_bf16_f32_bf16_bf16_128x256x64_4x4x1_0_tnt_align8_1sm,passed,success,grouped,,,,,bf16:row,bf16:column,bf16:row,bf16:row,1,0,invalid,invalid,heuristic,1,false,'[683x5120x1536][683x5120x1536][683x5120x1536][683x5120x1536][683x5120x1536][683x5120x1536][683x5120x1536][683x5120x1536][683x5120x1536][683x5120x1536][683x5120x1536][683x5120x1536][683x5120x1536][683x5120x1536][683x5120x1536][683x5120x1536][683x5120x1536][683x5120x1536][683x5120x1536][683x5120x1536][683x5120x1536][683x5120x1536][683x5120x1536][683x5120x1536][683x5120x1536][683x5120x1536][683x5120x1536][683x5120x1536][683x5120x1536][683x5120x1536][683x5120x1536][683x5120x1536][683x5120x1536][683x5120x1536][683x5120x1536][683x5120x1536][683x5120x1536][683x5120x1536][683x5120x1536][683x5120x1536][683x5120x1536][683x5120x1536][683x5120x1536][683x5120x1536][683x5120x1536][683x5120x1536][683x5120x1536][683x5120x1536][683x5120x1536][683x5120x1536][683x5120x1536][683x5120x1536][683x5120x1536][683x5120x1536][683x5120x1536][683x5120x1536][683x5120x1536][683x5120x1536][683x5120x1536][683x5120x1536][683x5120x1536][683x5120x1536][683x5120x1536][683x5120x1536][682x5120x1536][682x5120x1536][682x5120x1536][682x5120x1536][682x5120x1536][682x5120x1536][682x5120x1536][682x5120x1536][682x5120x1536][682x5120x1536][682x5120x1536][682x5120x1536][682x5120x1536][682x5120x1536][682x5120x1536][682x5120x1536][682x5120x1536][682x5120x1536][682x5120x1536][682x5120x1536][682x5120x1536][682x5120x1536][682x5120x1536][682x5120x1536][682x5120x1536][682x5120x1536][682x5120x1536][682x5120x1536][682x5120x1536][682x5120x1536][682x5120x1536][682x5120x1536]',,tensorop,f32,128,256,64,4,4,1,1,1,1,3,4,1,1,128,256,16,100,110,2382364672,1031463239680,432,1.46618,1513.28,703503
1,CUTLASS,grouped_gemm,cutlass3x_sm100_tensorop_gemm_grouped_bf16_bf16_f32_bf16_bf16_128x256x64_4x4x1_0_tnt_align8_stream_k_1sm,passed,success,grouped,,,,,bf16:row,bf16:column,bf16:row,bf16:row,1,0,invalid,invalid,heuristic,1,false,'[683x5120x1536][683x5120x1536][683x5120x1536][683x5120x1536][683x5120x1536][683x5120x1536][683x5120x1536][683x5120x1536][683x5120x1536][683x5120x1536][683x5120x1536][683x5120x1536][683x5120x1536][683x5120x1536][683x5120x1536][683x5120x1536][683x5120x1536][683x5120x1536][683x5120x1536][683x5120x1536][683x5120x1536][683x5120x1536][683x5120x1536][683x5120x1536][683x5120x1536][683x5120x1536][683x5120x1536][683x5120x1536][683x5120x1536][683x5120x1536][683x5120x1536][683x5120x1536][683x5120x1536][683x5120x1536][683x5120x1536][683x5120x1536][683x5120x1536][683x5120x1536][683x5120x1536][683x5120x1536][683x5120x1536][683x5120x1536][683x5120x1536][683x5120x1536][683x5120x1536][683x5120x1536][683x5120x1536][683x5120x1536][683x5120x1536][683x5120x1536][683x5120x1536][683x5120x1536][683x5120x1536][683x5120x1536][683x5120x1536][683x5120x1536][683x5120x1536][683x5120x1536][683x5120x1536][683x5120x1536][683x5120x1536][683x5120x1536][683x5120x1536][683x5120x1536][682x5120x1536][682x5120x1536][682x5120x1536][682x5120x1536][682x5120x1536][682x5120x1536][682x5120x1536][682x5120x1536][682x5120x1536][682x5120x1536][682x5120x1536][682x5120x1536][682x5120x1536][682x5120x1536][682x5120x1536][682x5120x1536][682x5120x1536][682x5120x1536][682x5120x1536][682x5120x1536][682x5120x1536][682x5120x1536][682x5120x1536][682x5120x1536][682x5120x1536][682x5120x1536][682x5120x1536][682x5120x1536][682x5120x1536][682x5120x1536][682x5120x1536][682x5120x1536]',,tensorop,f32,128,256,64,4,4,1,1,1,1,3,4,1,1,128,256,16,100,110,2382364672,1031463239680,432,1.46611,1513.36,703538
1,CUTLASS,grouped_gemm,cutlass3x_sm100_tensorop_gemm_grouped_bf16_bf16_f32_void_bf16_128x256x64_4x4x1_0_tnt_align8_1sm,passed,success,grouped,,,,,bf16:row,bf16:column,void:row,bf16:row,1,0,invalid,invalid,heuristic,1,false,'[683x5120x1536][683x5120x1536][683x5120x1536][683x5120x1536][683x5120x1536][683x5120x1536][683x5120x1536][683x5120x1536][683x5120x1536][683x5120x1536][683x5120x1536][683x5120x1536][683x5120x1536][683x5120x1536][683x5120x1536][683x5120x1536][683x5120x1536][683x5120x1536][683x5120x1536][683x5120x1536][683x5120x1536][683x5120x1536][683x5120x1536][683x5120x1536][683x5120x1536][683x5120x1536][683x5120x1536][683x5120x1536][683x5120x1536][683x5120x1536][683x5120x1536][683x5120x1536][683x5120x1536][683x5120x1536][683x5120x1536][683x5120x1536][683x5120x1536][683x5120x1536][683x5120x1536][683x5120x1536][683x5120x1536][683x5120x1536][683x5120x1536][683x5120x1536][683x5120x1536][683x5120x1536][683x5120x1536][683x5120x1536][683x5120x1536][683x5120x1536][683x5120x1536][683x5120x1536][683x5120x1536][683x5120x1536][683x5120x1536][683x5120x1536][683x5120x1536][683x5120x1536][683x5120x1536][683x5120x1536][683x5120x1536][683x5120x1536][683x5120x1536][683x5120x1536][682x5120x1536][682x5120x1536][682x5120x1536][682x5120x1536][682x5120x1536][682x5120x1536][682x5120x1536][682x5120x1536][682x5120x1536][682x5120x1536][682x5120x1536][682x5120x1536][682x5120x1536][682x5120x1536][682x5120x1536][682x5120x1536][682x5120x1536][682x5120x1536][682x5120x1536][682x5120x1536][682x5120x1536][682x5120x1536][682x5120x1536][682x5120x1536][682x5120x1536][682x5120x1536][682x5120x1536][682x5120x1536][682x5120x1536][682x5120x1536][682x5120x1536][682x5120x1536]',,tensorop,f32,128,256,64,4,4,1,1,1,1,4,4,1,1,128,256,16,100,110,1711276032,1031463239680,602,1.19987,1328.27,859647
1,CUTLASS,grouped_gemm,cutlass3x_sm100_tensorop_gemm_grouped_bf16_bf16_f32_void_bf16_128x256x64_4x4x1_0_tnt_align8_stream_k_1sm,passed,success,grouped,,,,,bf16:row,bf16:column,void:row,bf16:row,1,0,invalid,invalid,heuristic,1,false,'[683x5120x1536][683x5120x1536][683x5120x1536][683x5120x1536][683x5120x1536][683x5120x1536][683x5120x1536][683x5120x1536][683x5120x1536][683x5120x1536][683x5120x1536][683x5120x1536][683x5120x1536][683x5120x1536][683x5120x1536][683x5120x1536][683x5120x1536][683x5120x1536][683x5120x1536][683x5120x1536][683x5120x1536][683x5120x1536][683x5120x1536][683x5120x1536][683x5120x1536][683x5120x1536][683x5120x1536][683x5120x1536][683x5120x1536][683x5120x1536][683x5120x1536][683x5120x1536][683x5120x1536][683x5120x1536][683x5120x1536][683x5120x1536][683x5120x1536][683x5120x1536][683x5120x1536][683x5120x1536][683x5120x1536][683x5120x1536][683x5120x1536][683x5120x1536][683x5120x1536][683x5120x1536][683x5120x1536][683x5120x1536][683x5120x1536][683x5120x1536][683x5120x1536][683x5120x1536][683x5120x1536][683x5120x1536][683x5120x1536][683x5120x1536][683x5120x1536][683x5120x1536][683x5120x1536][683x5120x1536][683x5120x1536][683x5120x1536][683x5120x1536][683x5120x1536][682x5120x1536][682x5120x1536][682x5120x1536][682x5120x1536][682x5120x1536][682x5120x1536][682x5120x1536][682x5120x1536][682x5120x1536][682x5120x1536][682x5120x1536][682x5120x1536][682x5120x1536][682x5120x1536][682x5120x1536][682x5120x1536][682x5120x1536][682x5120x1536][682x5120x1536][682x5120x1536][682x5120x1536][682x5120x1536][682x5120x1536][682x5120x1536][682x5120x1536][682x5120x1536][682x5120x1536][682x5120x1536][682x5120x1536][682x5120x1536][682x5120x1536][682x5120x1536]',,tensorop,f32,128,256,64,4,4,1,1,1,1,4,4,1,1,128,256,16,100,110,1711276032,1031463239680,602,1.20018,1327.93,859427
1,CUTLASS,grouped_gemm,cutlass3x_sm100_tensorop_gemm_grouped_bf16_bf16_f32_f32_f32_128x128x64_0x0x1_0_tnt_align8_2sm_epi_tma,passed,success,grouped,,,,,bf16:row,bf16:column,f32:row,f32:row,1,0,invalid,invalid,heuristic,1,false,'[683x5120x1536][683x5120x1536][683x5120x1536][683x5120x1536][683x5120x1536][683x5120x1536][683x5120x1536][683x5120x1536][683x5120x1536][683x5120x1536][683x5120x1536][683x5120x1536][683x5120x1536][683x5120x1536][683x5120x1536][683x5120x1536][683x5120x1536][683x5120x1536][683x5120x1536][683x5120x1536][683x5120x1536][683x5120x1536][683x5120x1536][683x5120x1536][683x5120x1536][683x5120x1536][683x5120x1536][683x5120x1536][683x5120x1536][683x5120x1536][683x5120x1536][683x5120x1536][683x5120x1536][683x5120x1536][683x5120x1536][683x5120x1536][683x5120x1536][683x5120x1536][683x5120x1536][683x5120x1536][683x5120x1536][683x5120x1536][683x5120x1536][683x5120x1536][683x5120x1536][683x5120x1536][683x5120x1536][683x5120x1536][683x5120x1536][683x5120x1536][683x5120x1536][683x5120x1536][683x5120x1536][683x5120x1536][683x5120x1536][683x5120x1536][683x5120x1536][683x5120x1536][683x5120x1536][683x5120x1536][683x5120x1536][683x5120x1536][683x5120x1536][683x5120x1536][682x5120x1536][682x5120x1536][682x5120x1536][682x5120x1536][682x5120x1536][682x5120x1536][682x5120x1536][682x5120x1536][682x5120x1536][682x5120x1536][682x5120x1536][682x5120x1536][682x5120x1536][682x5120x1536][682x5120x1536][682x5120x1536][682x5120x1536][682x5120x1536][682x5120x1536][682x5120x1536][682x5120x1536][682x5120x1536][682x5120x1536][682x5120x1536][682x5120x1536][682x5120x1536][682x5120x1536][682x5120x1536][682x5120x1536][682x5120x1536][682x5120x1536][682x5120x1536]',,tensorop,f32,128,128,64,2,1,1,2,1,1,11,4,1,1,128,128,16,100,110,3053453312,1031463239680,337,1.12437,2529.2,917372
1,CUTLASS,grouped_gemm,cutlass3x_sm100_tensorop_gemm_grouped_bf16_bf16_f32_f32_f32_128x128x64_0x0x1_0_tnt_align8_stream_k_2sm_epi_tma,passed,success,grouped,,,,,bf16:row,bf16:column,f32:row,f32:row,1,0,invalid,invalid,heuristic,1,false,'[683x5120x1536][683x5120x1536][683x5120x1536][683x5120x1536][683x5120x1536][683x5120x1536][683x5120x1536][683x5120x1536][683x5120x1536][683x5120x1536][683x5120x1536][683x5120x1536][683x5120x1536][683x5120x1536][683x5120x1536][683x5120x1536][683x5120x1536][683x5120x1536][683x5120x1536][683x5120x1536][683x5120x1536][683x5120x1536][683x5120x1536][683x5120x1536][683x5120x1536][683x5120x1536][683x5120x1536][683x5120x1536][683x5120x1536][683x5120x1536][683x5120x1536][683x5120x1536][683x5120x1536][683x5120x1536][683x5120x1536][683x5120x1536][683x5120x1536][683x5120x1536][683x5120x1536][683x5120x1536][683x5120x1536][683x5120x1536][683x5120x1536][683x5120x1536][683x5120x1536][683x5120x1536][683x5120x1536][683x5120x1536][683x5120x1536][683x5120x1536][683x5120x1536][683x5120x1536][683x5120x1536][683x5120x1536][683x5120x1536][683x5120x1536][683x5120x1536][683x5120x1536][683x5120x1536][683x5120x1536][683x5120x1536][683x5120x1536][683x5120x1536][683x5120x1536][682x5120x1536][682x5120x1536][682x5120x1536][682x5120x1536][682x5120x1536][682x5120x1536][682x5120x1536][682x5120x1536][682x5120x1536][682x5120x1536][682x5120x1536][682x5120x1536][682x5120x1536][682x5120x1536][682x5120x1536][682x5120x1536][682x5120x1536][682x5120x1536][682x5120x1536][682x5120x1536][682x5120x1536][682x5120x1536][682x5120x1536][682x5120x1536][682x5120x1536][682x5120x1536][682x5120x1536][682x5120x1536][682x5120x1536][682x5120x1536][682x5120x1536][682x5120x1536]',,tensorop,f32,128,128,64,2,1,1,2,1,1,11,4,1,1,128,128,16,100,110,3053453312,1031463239680,337,1.12286,2532.59,918603
1,CUTLASS,grouped_gemm,cutlass3x_sm100_tensorop_gemm_grouped_bf16_bf16_f32_void_f32_128x128x64_0x0x1_0_tnt_align8_2sm_epi_tma,passed,success,grouped,,,,,bf16:row,bf16:column,void:row,f32:row,1,0,invalid,invalid,heuristic,1,false,'[683x5120x1536][683x5120x1536][683x5120x1536][683x5120x1536][683x5120x1536][683x5120x1536][683x5120x1536][683x5120x1536][683x5120x1536][683x5120x1536][683x5120x1536][683x5120x1536][683x5120x1536][683x5120x1536][683x5120x1536][683x5120x1536][683x5120x1536][683x5120x1536][683x5120x1536][683x5120x1536][683x5120x1536][683x5120x1536][683x5120x1536][683x5120x1536][683x5120x1536][683x5120x1536][683x5120x1536][683x5120x1536][683x5120x1536][683x5120x1536][683x5120x1536][683x5120x1536][683x5120x1536][683x5120x1536][683x5120x1536][683x5120x1536][683x5120x1536][683x5120x1536][683x5120x1536][683x5120x1536][683x5120x1536][683x5120x1536][683x5120x1536][683x5120x1536][683x5120x1536][683x5120x1536][683x5120x1536][683x5120x1536][683x5120x1536][683x5120x1536][683x5120x1536][683x5120x1536][683x5120x1536][683x5120x1536][683x5120x1536][683x5120x1536][683x5120x1536][683x5120x1536][683x5120x1536][683x5120x1536][683x5120x1536][683x5120x1536][683x5120x1536][683x5120x1536][682x5120x1536][682x5120x1536][682x5120x1536][682x5120x1536][682x5120x1536][682x5120x1536][682x5120x1536][682x5120x1536][682x5120x1536][682x5120x1536][682x5120x1536][682x5120x1536][682x5120x1536][682x5120x1536][682x5120x1536][682x5120x1536][682x5120x1536][682x5120x1536][682x5120x1536][682x5120x1536][682x5120x1536][682x5120x1536][682x5120x1536][682x5120x1536][682x5120x1536][682x5120x1536][682x5120x1536][682x5120x1536][682x5120x1536][682x5120x1536][682x5120x1536][682x5120x1536]',,tensorop,f32,128,128,64,2,1,1,2,1,1,11,4,1,1,128,128,16,100,110,1711276032,1031463239680,602,1.15827,1375.98,890521
1,CUTLASS,grouped_gemm,cutlass3x_sm100_tensorop_gemm_grouped_bf16_bf16_f32_void_f32_128x128x64_0x0x1_0_tnt_align8_stream_k_2sm_epi_tma,passed,success,grouped,,,,,bf16:row,bf16:column,void:row,f32:row,1,0,invalid,invalid,heuristic,1,false,'[683x5120x1536][683x5120x1536][683x5120x1536][683x5120x1536][683x5120x1536][683x5120x1536][683x5120x1536][683x5120x1536][683x5120x1536][683x5120x1536][683x5120x1536][683x5120x1536][683x5120x1536][683x5120x1536][683x5120x1536][683x5120x1536][683x5120x1536][683x5120x1536][683x5120x1536][683x5120x1536][683x5120x1536][683x5120x1536][683x5120x1536][683x5120x1536][683x5120x1536][683x5120x1536][683x5120x1536][683x5120x1536][683x5120x1536][683x5120x1536][683x5120x1536][683x5120x1536][683x5120x1536][683x5120x1536][683x5120x1536][683x5120x1536][683x5120x1536][683x5120x1536][683x5120x1536][683x5120x1536][683x5120x1536][683x5120x1536][683x5120x1536][683x5120x1536][683x5120x1536][683x5120x1536][683x5120x1536][683x5120x1536][683x5120x1536][683x5120x1536][683x5120x1536][683x5120x1536][683x5120x1536][683x5120x1536][683x5120x1536][683x5120x1536][683x5120x1536][683x5120x1536][683x5120x1536][683x5120x1536][683x5120x1536][683x5120x1536][683x5120x1536][683x5120x1536][682x5120x1536][682x5120x1536][682x5120x1536][682x5120x1536][682x5120x1536][682x5120x1536][682x5120x1536][682x5120x1536][682x5120x1536][682x5120x1536][682x5120x1536][682x5120x1536][682x5120x1536][682x5120x1536][682x5120x1536][682x5120x1536][682x5120x1536][682x5120x1536][682x5120x1536][682x5120x1536][682x5120x1536][682x5120x1536][682x5120x1536][682x5120x1536][682x5120x1536][682x5120x1536][682x5120x1536][682x5120x1536][682x5120x1536][682x5120x1536][682x5120x1536][682x5120x1536]',,tensorop,f32,128,128,64,2,1,1,2,1,1,11,4,1,1,128,128,16,100,110,1711276032,1031463239680,602,1.14885,1387.26,897824
1,CUTLASS,grouped_gemm,cutlass3x_sm100_tensorop_gemm_grouped_bf16_bf16_f32_f32_f32_128x128x64_2x1x1_0_tnt_align8_2sm_epi_tma,passed,success,grouped,,,,,bf16:row,bf16:column,f32:row,f32:row,1,0,invalid,invalid,heuristic,1,false,'[683x5120x1536][683x5120x1536][683x5120x1536][683x5120x1536][683x5120x1536][683x5120x1536][683x5120x1536][683x5120x1536][683x5120x1536][683x5120x1536][683x5120x1536][683x5120x1536][683x5120x1536][683x5120x1536][683x5120x1536][683x5120x1536][683x5120x1536][683x5120x1536][683x5120x1536][683x5120x1536][683x5120x1536][683x5120x1536][683x5120x1536][683x5120x1536][683x5120x1536][683x5120x1536][683x5120x1536][683x5120x1536][683x5120x1536][683x5120x1536][683x5120x1536][683x5120x1536][683x5120x1536][683x5120x1536][683x5120x1536][683x5120x1536][683x5120x1536][683x5120x1536][683x5120x1536][683x5120x1536][683x5120x1536][683x5120x1536][683x5120x1536][683x5120x1536][683x5120x1536][683x5120x1536][683x5120x1536][683x5120x1536][683x5120x1536][683x5120x1536][683x5120x1536][683x5120x1536][683x5120x1536][683x5120x1536][683x5120x1536][683x5120x1536][683x5120x1536][683x5120x1536][683x5120x1536][683x5120x1536][683x5120x1536][683x5120x1536][683x5120x1536][683x5120x1536][682x5120x1536][682x5120x1536][682x5120x1536][682x5120x1536][682x5120x1536][682x5120x1536][682x5120x1536][682x5120x1536][682x5120x1536][682x5120x1536][682x5120x1536][682x5120x1536][682x5120x1536][682x5120x1536][682x5120x1536][682x5120x1536][682x5120x1536][682x5120x1536][682x5120x1536][682x5120x1536][682x5120x1536][682x5120x1536][682x5120x1536][682x5120x1536][682x5120x1536][682x5120x1536][682x5120x1536][682x5120x1536][682x5120x1536][682x5120x1536][682x5120x1536][682x5120x1536]',,tensorop,f32,128,128,64,2,1,1,2,1,1,11,4,1,1,128,128,16,100,110,3053453312,1031463239680,337,1.12273,2532.88,918708
1,CUTLASS,grouped_gemm,cutlass3x_sm100_tensorop_gemm_grouped_bf16_bf16_f32_f32_f32_128x128x64_2x1x1_0_tnt_align8_stream_k_2sm_epi_tma,passed,success,grouped,,,,,bf16:row,bf16:column,f32:row,f32:row,1,0,invalid,invalid,heuristic,1,false,'[683x5120x1536][683x5120x1536][683x5120x1536][683x5120x1536][683x5120x1536][683x5120x1536][683x5120x1536][683x5120x1536][683x5120x1536][683x5120x1536][683x5120x1536][683x5120x1536][683x5120x1536][683x5120x1536][683x5120x1536][683x5120x1536][683x5120x1536][683x5120x1536][683x5120x1536][683x5120x1536][683x5120x1536][683x5120x1536][683x5120x1536][683x5120x1536][683x5120x1536][683x5120x1536][683x5120x1536][683x5120x1536][683x5120x1536][683x5120x1536][683x5120x1536][683x5120x1536][683x5120x1536][683x5120x1536][683x5120x1536][683x5120x1536][683x5120x1536][683x5120x1536][683x5120x1536][683x5120x1536][683x5120x1536][683x5120x1536][683x5120x1536][683x5120x1536][683x5120x1536][683x5120x1536][683x5120x1536][683x5120x1536][683x5120x1536][683x5120x1536][683x5120x1536][683x5120x1536][683x5120x1536][683x5120x1536][683x5120x1536][683x5120x1536][683x5120x1536][683x5120x1536][683x5120x1536][683x5120x1536][683x5120x1536][683x5120x1536][683x5120x1536][683x5120x1536][682x5120x1536][682x5120x1536][682x5120x1536][682x5120x1536][682x5120x1536][682x5120x1536][682x5120x1536][682x5120x1536][682x5120x1536][682x5120x1536][682x5120x1536][682x5120x1536][682x5120x1536][682x5120x1536][682x5120x1536][682x5120x1536][682x5120x1536][682x5120x1536][682x5120x1536][682x5120x1536][682x5120x1536][682x5120x1536][682x5120x1536][682x5120x1536][682x5120x1536][682x5120x1536][682x5120x1536][682x5120x1536][682x5120x1536][682x5120x1536][682x5120x1536][682x5120x1536]',,tensorop,f32,128,128,64,2,1,1,2,1,1,11,4,1,1,128,128,16,100,110,3053453312,1031463239680,337,1.1285,2519.94,914013
1,CUTLASS,grouped_gemm,cutlass3x_sm100_tensorop_gemm_grouped_bf16_bf16_f32_void_f32_128x128x64_2x1x1_0_tnt_align8_2sm_epi_tma,passed,success,grouped,,,,,bf16:row,bf16:column,void:row,f32:row,1,0,invalid,invalid,heuristic,1,false,'[683x5120x1536][683x5120x1536][683x5120x1536][683x5120x1536][683x5120x1536][683x5120x1536][683x5120x1536][683x5120x1536][683x5120x1536][683x5120x1536][683x5120x1536][683x5120x1536][683x5120x1536][683x5120x1536][683x5120x1536][683x5120x1536][683x5120x1536][683x5120x1536][683x5120x1536][683x5120x1536][683x5120x1536][683x5120x1536][683x5120x1536][683x5120x1536][683x5120x1536][683x5120x1536][683x5120x1536][683x5120x1536][683x5120x1536][683x5120x1536][683x5120x1536][683x5120x1536][683x5120x1536][683x5120x1536][683x5120x1536][683x5120x1536][683x5120x1536][683x5120x1536][683x5120x1536][683x5120x1536][683x5120x1536][683x5120x1536][683x5120x1536][683x5120x1536][683x5120x1536][683x5120x1536][683x5120x1536][683x5120x1536][683x5120x1536][683x5120x1536][683x5120x1536][683x5120x1536][683x5120x1536][683x5120x1536][683x5120x1536][683x5120x1536][683x5120x1536][683x5120x1536][683x5120x1536][683x5120x1536][683x5120x1536][683x5120x1536][683x5120x1536][683x5120x1536][682x5120x1536][682x5120x1536][682x5120x1536][682x5120x1536][682x5120x1536][682x5120x1536][682x5120x1536][682x5120x1536][682x5120x1536][682x5120x1536][682x5120x1536][682x5120x1536][682x5120x1536][682x5120x1536][682x5120x1536][682x5120x1536][682x5120x1536][682x5120x1536][682x5120x1536][682x5120x1536][682x5120x1536][682x5120x1536][682x5120x1536][682x5120x1536][682x5120x1536][682x5120x1536][682x5120x1536][682x5120x1536][682x5120x1536][682x5120x1536][682x5120x1536][682x5120x1536]',,tensorop,f32,128,128,64,2,1,1,2,1,1,11,4,1,1,128,128,16,100,110,1711276032,1031463239680,602,1.16341,1369.89,886583
1,CUTLASS,grouped_gemm,cutlass3x_sm100_tensorop_gemm_grouped_bf16_bf16_f32_void_f32_128x128x64_2x1x1_0_tnt_align8_stream_k_2sm_epi_tma,passed,success,grouped,,,,,bf16:row,bf16:column,void:row,f32:row,1,0,invalid,invalid,heuristic,1,false,'[683x5120x1536][683x5120x1536][683x5120x1536][683x5120x1536][683x5120x1536][683x5120x1536][683x5120x1536][683x5120x1536][683x5120x1536][683x5120x1536][683x5120x1536][683x5120x1536][683x5120x1536][683x5120x1536][683x5120x1536][683x5120x1536][683x5120x1536][683x5120x1536][683x5120x1536][683x5120x1536][683x5120x1536][683x5120x1536][683x5120x1536][683x5120x1536][683x5120x1536][683x5120x1536][683x5120x1536][683x5120x1536][683x5120x1536][683x5120x1536][683x5120x1536][683x5120x1536][683x5120x1536][683x5120x1536][683x5120x1536][683x5120x1536][683x5120x1536][683x5120x1536][683x5120x1536][683x5120x1536][683x5120x1536][683x5120x1536][683x5120x1536][683x5120x1536][683x5120x1536][683x5120x1536][683x5120x1536][683x5120x1536][683x5120x1536][683x5120x1536][683x5120x1536][683x5120x1536][683x5120x1536][683x5120x1536][683x5120x1536][683x5120x1536][683x5120x1536][683x5120x1536][683x5120x1536][683x5120x1536][683x5120x1536][683x5120x1536][683x5120x1536][683x5120x1536][682x5120x1536][682x5120x1536][682x5120x1536][682x5120x1536][682x5120x1536][682x5120x1536][682x5120x1536][682x5120x1536][682x5120x1536][682x5120x1536][682x5120x1536][682x5120x1536][682x5120x1536][682x5120x1536][682x5120x1536][682x5120x1536][682x5120x1536][682x5120x1536][682x5120x1536][682x5120x1536][682x5120x1536][682x5120x1536][682x5120x1536][682x5120x1536][682x5120x1536][682x5120x1536][682x5120x1536][682x5120x1536][682x5120x1536][682x5120x1536][682x5120x1536][682x5120x1536]',,tensorop,f32,128,128,64,2,1,1,2,1,1,11,4,1,1,128,128,16,100,110,1711276032,1031463239680,602,1.15909,1375,889892
1,CUTLASS,grouped_gemm,cutlass3x_sm100_tensorop_gemm_grouped_bf16_bf16_f32_f32_f32_128x128x64_2x2x1_0_tnt_align8_2sm_epi_tma,passed,success,grouped,,,,,bf16:row,bf16:column,f32:row,f32:row,1,0,invalid,invalid,heuristic,1,false,'[683x5120x1536][683x5120x1536][683x5120x1536][683x5120x1536][683x5120x1536][683x5120x1536][683x5120x1536][683x5120x1536][683x5120x1536][683x5120x1536][683x5120x1536][683x5120x1536][683x5120x1536][683x5120x1536][683x5120x1536][683x5120x1536][683x5120x1536][683x5120x1536][683x5120x1536][683x5120x1536][683x5120x1536][683x5120x1536][683x5120x1536][683x5120x1536][683x5120x1536][683x5120x1536][683x5120x1536][683x5120x1536][683x5120x1536][683x5120x1536][683x5120x1536][683x5120x1536][683x5120x1536][683x5120x1536][683x5120x1536][683x5120x1536][683x5120x1536][683x5120x1536][683x5120x1536][683x5120x1536][683x5120x1536][683x5120x1536][683x5120x1536][683x5120x1536][683x5120x1536][683x5120x1536][683x5120x1536][683x5120x1536][683x5120x1536][683x5120x1536][683x5120x1536][683x5120x1536][683x5120x1536][683x5120x1536][683x5120x1536][683x5120x1536][683x5120x1536][683x5120x1536][683x5120x1536][683x5120x1536][683x5120x1536][683x5120x1536][683x5120x1536][683x5120x1536][682x5120x1536][682x5120x1536][682x5120x1536][682x5120x1536][682x5120x1536][682x5120x1536][682x5120x1536][682x5120x1536][682x5120x1536][682x5120x1536][682x5120x1536][682x5120x1536][682x5120x1536][682x5120x1536][682x5120x1536][682x5120x1536][682x5120x1536][682x5120x1536][682x5120x1536][682x5120x1536][682x5120x1536][682x5120x1536][682x5120x1536][682x5120x1536][682x5120x1536][682x5120x1536][682x5120x1536][682x5120x1536][682x5120x1536][682x5120x1536][682x5120x1536][682x5120x1536]',,tensorop,f32,128,128,64,2,2,1,2,1,1,11,4,1,1,128,128,16,100,110,3053453312,1031463239680,337,1.00396,2832.55,1.0274e+06
1,CUTLASS,grouped_gemm,cutlass3x_sm100_tensorop_gemm_grouped_bf16_bf16_f32_f32_f32_128x128x64_2x2x1_0_tnt_align8_stream_k_2sm_epi_tma,passed,success,grouped,,,,,bf16:row,bf16:column,f32:row,f32:row,1,0,invalid,invalid,heuristic,1,false,'[683x5120x1536][683x5120x1536][683x5120x1536][683x5120x1536][683x5120x1536][683x5120x1536][683x5120x1536][683x5120x1536][683x5120x1536][683x5120x1536][683x5120x1536][683x5120x1536][683x5120x1536][683x5120x1536][683x5120x1536][683x5120x1536][683x5120x1536][683x5120x1536][683x5120x1536][683x5120x1536][683x5120x1536][683x5120x1536][683x5120x1536][683x5120x1536][683x5120x1536][683x5120x1536][683x5120x1536][683x5120x1536][683x5120x1536][683x5120x1536][683x5120x1536][683x5120x1536][683x5120x1536][683x5120x1536][683x5120x1536][683x5120x1536][683x5120x1536][683x5120x1536][683x5120x1536][683x5120x1536][683x5120x1536][683x5120x1536][683x5120x1536][683x5120x1536][683x5120x1536][683x5120x1536][683x5120x1536][683x5120x1536][683x5120x1536][683x5120x1536][683x5120x1536][683x5120x1536][683x5120x1536][683x5120x1536][683x5120x1536][683x5120x1536][683x5120x1536][683x5120x1536][683x5120x1536][683x5120x1536][683x5120x1536][683x5120x1536][683x5120x1536][683x5120x1536][682x5120x1536][682x5120x1536][682x5120x1536][682x5120x1536][682x5120x1536][682x5120x1536][682x5120x1536][682x5120x1536][682x5120x1536][682x5120x1536][682x5120x1536][682x5120x1536][682x5120x1536][682x5120x1536][682x5120x1536][682x5120x1536][682x5120x1536][682x5120x1536][682x5120x1536][682x5120x1536][682x5120x1536][682x5120x1536][682x5120x1536][682x5120x1536][682x5120x1536][682x5120x1536][682x5120x1536][682x5120x1536][682x5120x1536][682x5120x1536][682x5120x1536][682x5120x1536]',,tensorop,f32,128,128,64,2,2,1,2,1,1,11,4,1,1,128,128,16,100,110,3053453312,1031463239680,337,1.00436,2831.41,1.02699e+06
1,CUTLASS,grouped_gemm,cutlass3x_sm100_tensorop_gemm_grouped_bf16_bf16_f32_void_f32_128x128x64_2x2x1_0_tnt_align8_2sm_epi_tma,passed,success,grouped,,,,,bf16:row,bf16:column,void:row,f32:row,1,0,invalid,invalid,heuristic,1,false,'[683x5120x1536][683x5120x1536][683x5120x1536][683x5120x1536][683x5120x1536][683x5120x1536][683x5120x1536][683x5120x1536][683x5120x1536][683x5120x1536][683x5120x1536][683x5120x1536][683x5120x1536][683x5120x1536][683x5120x1536][683x5120x1536][683x5120x1536][683x5120x1536][683x5120x1536][683x5120x1536][683x5120x1536][683x5120x1536][683x5120x1536][683x5120x1536][683x5120x1536][683x5120x1536][683x5120x1536][683x5120x1536][683x5120x1536][683x5120x1536][683x5120x1536][683x5120x1536][683x5120x1536][683x5120x1536][683x5120x1536][683x5120x1536][683x5120x1536][683x5120x1536][683x5120x1536][683x5120x1536][683x5120x1536][683x5120x1536][683x5120x1536][683x5120x1536][683x5120x1536][683x5120x1536][683x5120x1536][683x5120x1536][683x5120x1536][683x5120x1536][683x5120x1536][683x5120x1536][683x5120x1536][683x5120x1536][683x5120x1536][683x5120x1536][683x5120x1536][683x5120x1536][683x5120x1536][683x5120x1536][683x5120x1536][683x5120x1536][683x5120x1536][683x5120x1536][682x5120x1536][682x5120x1536][682x5120x1536][682x5120x1536][682x5120x1536][682x5120x1536][682x5120x1536][682x5120x1536][682x5120x1536][682x5120x1536][682x5120x1536][682x5120x1536][682x5120x1536][682x5120x1536][682x5120x1536][682x5120x1536][682x5120x1536][682x5120x1536][682x5120x1536][682x5120x1536][682x5120x1536][682x5120x1536][682x5120x1536][682x5120x1536][682x5120x1536][682x5120x1536][682x5120x1536][682x5120x1536][682x5120x1536][682x5120x1536][682x5120x1536][682x5120x1536]',,tensorop,f32,128,128,64,2,2,1,2,1,1,11,4,1,1,128,128,16,100,110,1711276032,1031463239680,602,1.02832,1549.86,1.00306e+06
1,CUTLASS,grouped_gemm,cutlass3x_sm100_tensorop_gemm_grouped_bf16_bf16_f32_void_f32_128x128x64_2x2x1_0_tnt_align8_stream_k_2sm_epi_tma,passed,success,grouped,,,,,bf16:row,bf16:column,void:row,f32:row,1,0,invalid,invalid,heuristic,1,false,'[683x5120x1536][683x5120x1536][683x5120x1536][683x5120x1536][683x5120x1536][683x5120x1536][683x5120x1536][683x5120x1536][683x5120x1536][683x5120x1536][683x5120x1536][683x5120x1536][683x5120x1536][683x5120x1536][683x5120x1536][683x5120x1536][683x5120x1536][683x5120x1536][683x5120x1536][683x5120x1536][683x5120x1536][683x5120x1536][683x5120x1536][683x5120x1536][683x5120x1536][683x5120x1536][683x5120x1536][683x5120x1536][683x5120x1536][683x5120x1536][683x5120x1536][683x5120x1536][683x5120x1536][683x5120x1536][683x5120x1536][683x5120x1536][683x5120x1536][683x5120x1536][683x5120x1536][683x5120x1536][683x5120x1536][683x5120x1536][683x5120x1536][683x5120x1536][683x5120x1536][683x5120x1536][683x5120x1536][683x5120x1536][683x5120x1536][683x5120x1536][683x5120x1536][683x5120x1536][683x5120x1536][683x5120x1536][683x5120x1536][683x5120x1536][683x5120x1536][683x5120x1536][683x5120x1536][683x5120x1536][683x5120x1536][683x5120x1536][683x5120x1536][683x5120x1536][682x5120x1536][682x5120x1536][682x5120x1536][682x5120x1536][682x5120x1536][682x5120x1536][682x5120x1536][682x5120x1536][682x5120x1536][682x5120x1536][682x5120x1536][682x5120x1536][682x5120x1536][682x5120x1536][682x5120x1536][682x5120x1536][682x5120x1536][682x5120x1536][682x5120x1536][682x5120x1536][682x5120x1536][682x5120x1536][682x5120x1536][682x5120x1536][682x5120x1536][682x5120x1536][682x5120x1536][682x5120x1536][682x5120x1536][682x5120x1536][682x5120x1536][682x5120x1536]',,tensorop,f32,128,128,64,2,2,1,2,1,1,11,4,1,1,128,128,16,100,110,1711276032,1031463239680,602,1.02825,1549.96,1.00313e+06
1,CUTLASS,grouped_gemm,cutlass3x_sm100_tensorop_gemm_grouped_bf16_bf16_f32_f32_f32_128x128x64_4x1x1_0_tnt_align8_2sm_epi_tma,passed,success,grouped,,,,,bf16:row,bf16:column,f32:row,f32:row,1,0,invalid,invalid,heuristic,1,false,'[683x5120x1536][683x5120x1536][683x5120x1536][683x5120x1536][683x5120x1536][683x5120x1536][683x5120x1536][683x5120x1536][683x5120x1536][683x5120x1536][683x5120x1536][683x5120x1536][683x5120x1536][683x5120x1536][683x5120x1536][683x5120x1536][683x5120x1536][683x5120x1536][683x5120x1536][683x5120x1536][683x5120x1536][683x5120x1536][683x5120x1536][683x5120x1536][683x5120x1536][683x5120x1536][683x5120x1536][683x5120x1536][683x5120x1536][683x5120x1536][683x5120x1536][683x5120x1536][683x5120x1536][683x5120x1536][683x5120x1536][683x5120x1536][683x5120x1536][683x5120x1536][683x5120x1536][683x5120x1536][683x5120x1536][683x5120x1536][683x5120x1536][683x5120x1536][683x5120x1536][683x5120x1536][683x5120x1536][683x5120x1536][683x5120x1536][683x5120x1536][683x5120x1536][683x5120x1536][683x5120x1536][683x5120x1536][683x5120x1536][683x5120x1536][683x5120x1536][683x5120x1536][683x5120x1536][683x5120x1536][683x5120x1536][683x5120x1536][683x5120x1536][683x5120x1536][682x5120x1536][682x5120x1536][682x5120x1536][682x5120x1536][682x5120x1536][682x5120x1536][682x5120x1536][682x5120x1536][682x5120x1536][682x5120x1536][682x5120x1536][682x5120x1536][682x5120x1536][682x5120x1536][682x5120x1536][682x5120x1536][682x5120x1536][682x5120x1536][682x5120x1536][682x5120x1536][682x5120x1536][682x5120x1536][682x5120x1536][682x5120x1536][682x5120x1536][682x5120x1536][682x5120x1536][682x5120x1536][682x5120x1536][682x5120x1536][682x5120x1536][682x5120x1536]',,tensorop,f32,128,128,64,4,1,1,2,1,1,11,4,1,1,128,128,16,100,110,3053453312,1031463239680,337,1.03285,2753.29,998653
1,CUTLASS,grouped_gemm,cutlass3x_sm100_tensorop_gemm_grouped_bf16_bf16_f32_f32_f32_128x128x64_4x1x1_0_tnt_align8_stream_k_2sm_epi_tma,passed,success,grouped,,,,,bf16:row,bf16:column,f32:row,f32:row,1,0,invalid,invalid,heuristic,1,false,'[683x5120x1536][683x5120x1536][683x5120x1536][683x5120x1536][683x5120x1536][683x5120x1536][683x5120x1536][683x5120x1536][683x5120x1536][683x5120x1536][683x5120x1536][683x5120x1536][683x5120x1536][683x5120x1536][683x5120x1536][683x5120x1536][683x5120x1536][683x5120x1536][683x5120x1536][683x5120x1536][683x5120x1536][683x5120x1536][683x5120x1536][683x5120x1536][683x5120x1536][683x5120x1536][683x5120x1536][683x5120x1536][683x5120x1536][683x5120x1536][683x5120x1536][683x5120x1536][683x5120x1536][683x5120x1536][683x5120x1536][683x5120x1536][683x5120x1536][683x5120x1536][683x5120x1536][683x5120x1536][683x5120x1536][683x5120x1536][683x5120x1536][683x5120x1536][683x5120x1536][683x5120x1536][683x5120x1536][683x5120x1536][683x5120x1536][683x5120x1536][683x5120x1536][683x5120x1536][683x5120x1536][683x5120x1536][683x5120x1536][683x5120x1536][683x5120x1536][683x5120x1536][683x5120x1536][683x5120x1536][683x5120x1536][683x5120x1536][683x5120x1536][683x5120x1536][682x5120x1536][682x5120x1536][682x5120x1536][682x5120x1536][682x5120x1536][682x5120x1536][682x5120x1536][682x5120x1536][682x5120x1536][682x5120x1536][682x5120x1536][682x5120x1536][682x5120x1536][682x5120x1536][682x5120x1536][682x5120x1536][682x5120x1536][682x5120x1536][682x5120x1536][682x5120x1536][682x5120x1536][682x5120x1536][682x5120x1536][682x5120x1536][682x5120x1536][682x5120x1536][682x5120x1536][682x5120x1536][682x5120x1536][682x5120x1536][682x5120x1536][682x5120x1536]',,tensorop,f32,128,128,64,4,1,1,2,1,1,11,4,1,1,128,128,16,100,110,3053453312,1031463239680,337,1.03324,2752.27,998282
1,CUTLASS,grouped_gemm,cutlass3x_sm100_tensorop_gemm_grouped_bf16_bf16_f32_void_f32_128x128x64_4x1x1_0_tnt_align8_2sm_epi_tma,passed,success,grouped,,,,,bf16:row,bf16:column,void:row,f32:row,1,0,invalid,invalid,heuristic,1,false,'[683x5120x1536][683x5120x1536][683x5120x1536][683x5120x1536][683x5120x1536][683x5120x1536][683x5120x1536][683x5120x1536][683x5120x1536][683x5120x1536][683x5120x1536][683x5120x1536][683x5120x1536][683x5120x1536][683x5120x1536][683x5120x1536][683x5120x1536][683x5120x1536][683x5120x1536][683x5120x1536][683x5120x1536][683x5120x1536][683x5120x1536][683x5120x1536][683x5120x1536][683x5120x1536][683x5120x1536][683x5120x1536][683x5120x1536][683x5120x1536][683x5120x1536][683x5120x1536][683x5120x1536][683x5120x1536][683x5120x1536][683x5120x1536][683x5120x1536][683x5120x1536][683x5120x1536][683x5120x1536][683x5120x1536][683x5120x1536][683x5120x1536][683x5120x1536][683x5120x1536][683x5120x1536][683x5120x1536][683x5120x1536][683x5120x1536][683x5120x1536][683x5120x1536][683x5120x1536][683x5120x1536][683x5120x1536][683x5120x1536][683x5120x1536][683x5120x1536][683x5120x1536][683x5120x1536][683x5120x1536][683x5120x1536][683x5120x1536][683x5120x1536][683x5120x1536][682x5120x1536][682x5120x1536][682x5120x1536][682x5120x1536][682x5120x1536][682x5120x1536][682x5120x1536][682x5120x1536][682x5120x1536][682x5120x1536][682x5120x1536][682x5120x1536][682x5120x1536][682x5120x1536][682x5120x1536][682x5120x1536][682x5120x1536][682x5120x1536][682x5120x1536][682x5120x1536][682x5120x1536][682x5120x1536][682x5120x1536][682x5120x1536][682x5120x1536][682x5120x1536][682x5120x1536][682x5120x1536][682x5120x1536][682x5120x1536][682x5120x1536][682x5120x1536]',,tensorop,f32,128,128,64,4,1,1,2,1,1,11,4,1,1,128,128,16,100,110,1711276032,1031463239680,602,1.0701,1489.34,963892
1,CUTLASS,grouped_gemm,cutlass3x_sm100_tensorop_gemm_grouped_bf16_bf16_f32_void_f32_128x128x64_4x1x1_0_tnt_align8_stream_k_2sm_epi_tma,passed,success,grouped,,,,,bf16:row,bf16:column,void:row,f32:row,1,0,invalid,invalid,heuristic,1,false,'[683x5120x1536][683x5120x1536][683x5120x1536][683x5120x1536][683x5120x1536][683x5120x1536][683x5120x1536][683x5120x1536][683x5120x1536][683x5120x1536][683x5120x1536][683x5120x1536][683x5120x1536][683x5120x1536][683x5120x1536][683x5120x1536][683x5120x1536][683x5120x1536][683x5120x1536][683x5120x1536][683x5120x1536][683x5120x1536][683x5120x1536][683x5120x1536][683x5120x1536][683x5120x1536][683x5120x1536][683x5120x1536][683x5120x1536][683x5120x1536][683x5120x1536][683x5120x1536][683x5120x1536][683x5120x1536][683x5120x1536][683x5120x1536][683x5120x1536][683x5120x1536][683x5120x1536][683x5120x1536][683x5120x1536][683x5120x1536][683x5120x1536][683x5120x1536][683x5120x1536][683x5120x1536][683x5120x1536][683x5120x1536][683x5120x1536][683x5120x1536][683x5120x1536][683x5120x1536][683x5120x1536][683x5120x1536][683x5120x1536][683x5120x1536][683x5120x1536][683x5120x1536][683x5120x1536][683x5120x1536][683x5120x1536][683x5120x1536][683x5120x1536][683x5120x1536][682x5120x1536][682x5120x1536][682x5120x1536][682x5120x1536][682x5120x1536][682x5120x1536][682x5120x1536][682x5120x1536][682x5120x1536][682x5120x1536][682x5120x1536][682x5120x1536][682x5120x1536][682x5120x1536][682x5120x1536][682x5120x1536][682x5120x1536][682x5120x1536][682x5120x1536][682x5120x1536][682x5120x1536][682x5120x1536][682x5120x1536][682x5120x1536][682x5120x1536][682x5120x1536][682x5120x1536][682x5120x1536][682x5120x1536][682x5120x1536][682x5120x1536][682x5120x1536]',,tensorop,f32,128,128,64,4,1,1,2,1,1,11,4,1,1,128,128,16,100,110,1711276032,1031463239680,602,1.07075,1488.45,963313
1,CUTLASS,grouped_gemm,cutlass3x_sm100_tensorop_gemm_grouped_bf16_bf16_f32_f32_f32_128x128x64_2x4x1_0_tnt_align8_2sm_epi_tma,passed,success,grouped,,,,,bf16:row,bf16:column,f32:row,f32:row,1,0,invalid,invalid,heuristic,1,false,'[683x5120x1536][683x5120x1536][683x5120x1536][683x5120x1536][683x5120x1536][683x5120x1536][683x5120x1536][683x5120x1536][683x5120x1536][683x5120x1536][683x5120x1536][683x5120x1536][683x5120x1536][683x5120x1536][683x5120x1536][683x5120x1536][683x5120x1536][683x5120x1536][683x5120x1536][683x5120x1536][683x5120x1536][683x5120x1536][683x5120x1536][683x5120x1536][683x5120x1536][683x5120x1536][683x5120x1536][683x5120x1536][683x5120x1536][683x5120x1536][683x5120x1536][683x5120x1536][683x5120x1536][683x5120x1536][683x5120x1536][683x5120x1536][683x5120x1536][683x5120x1536][683x5120x1536][683x5120x1536][683x5120x1536][683x5120x1536][683x5120x1536][683x5120x1536][683x5120x1536][683x5120x1536][683x5120x1536][683x5120x1536][683x5120x1536][683x5120x1536][683x5120x1536][683x5120x1536][683x5120x1536][683x5120x1536][683x5120x1536][683x5120x1536][683x5120x1536][683x5120x1536][683x5120x1536][683x5120x1536][683x5120x1536][683x5120x1536][683x5120x1536][683x5120x1536][682x5120x1536][682x5120x1536][682x5120x1536][682x5120x1536][682x5120x1536][682x5120x1536][682x5120x1536][682x5120x1536][682x5120x1536][682x5120x1536][682x5120x1536][682x5120x1536][682x5120x1536][682x5120x1536][682x5120x1536][682x5120x1536][682x5120x1536][682x5120x1536][682x5120x1536][682x5120x1536][682x5120x1536][682x5120x1536][682x5120x1536][682x5120x1536][682x5120x1536][682x5120x1536][682x5120x1536][682x5120x1536][682x5120x1536][682x5120x1536][682x5120x1536][682x5120x1536]',,tensorop,f32,128,128,64,2,4,1,2,1,1,11,4,1,1,128,128,16,100,110,3053453312,1031463239680,337,1.17752,2415.04,875965
1,CUTLASS,grouped_gemm,cutlass3x_sm100_tensorop_gemm_grouped_bf16_bf16_f32_f32_f32_128x128x64_2x4x1_0_tnt_align8_stream_k_2sm_epi_tma,passed,success,grouped,,,,,bf16:row,bf16:column,f32:row,f32:row,1,0,invalid,invalid,heuristic,1,false,'[683x5120x1536][683x5120x1536][683x5120x1536][683x5120x1536][683x5120x1536][683x5120x1536][683x5120x1536][683x5120x1536][683x5120x1536][683x5120x1536][683x5120x1536][683x5120x1536][683x5120x1536][683x5120x1536][683x5120x1536][683x5120x1536][683x5120x1536][683x5120x1536][683x5120x1536][683x5120x1536][683x5120x1536][683x5120x1536][683x5120x1536][683x5120x1536][683x5120x1536][683x5120x1536][683x5120x1536][683x5120x1536][683x5120x1536][683x5120x1536][683x5120x1536][683x5120x1536][683x5120x1536][683x5120x1536][683x5120x1536][683x5120x1536][683x5120x1536][683x5120x1536][683x5120x1536][683x5120x1536][683x5120x1536][683x5120x1536][683x5120x1536][683x5120x1536][683x5120x1536][683x5120x1536][683x5120x1536][683x5120x1536][683x5120x1536][683x5120x1536][683x5120x1536][683x5120x1536][683x5120x1536][683x5120x1536][683x5120x1536][683x5120x1536][683x5120x1536][683x5120x1536][683x5120x1536][683x5120x1536][683x5120x1536][683x5120x1536][683x5120x1536][683x5120x1536][682x5120x1536][682x5120x1536][682x5120x1536][682x5120x1536][682x5120x1536][682x5120x1536][682x5120x1536][682x5120x1536][682x5120x1536][682x5120x1536][682x5120x1536][682x5120x1536][682x5120x1536][682x5120x1536][682x5120x1536][682x5120x1536][682x5120x1536][682x5120x1536][682x5120x1536][682x5120x1536][682x5120x1536][682x5120x1536][682x5120x1536][682x5120x1536][682x5120x1536][682x5120x1536][682x5120x1536][682x5120x1536][682x5120x1536][682x5120x1536][682x5120x1536][682x5120x1536]',,tensorop,f32,128,128,64,2,4,1,2,1,1,11,4,1,1,128,128,16,100,110,3053453312,1031463239680,337,1.18305,2403.75,871870
1,CUTLASS,grouped_gemm,cutlass3x_sm100_tensorop_gemm_grouped_bf16_bf16_f32_void_f32_128x128x64_2x4x1_0_tnt_align8_2sm_epi_tma,passed,success,grouped,,,,,bf16:row,bf16:column,void:row,f32:row,1,0,invalid,invalid,heuristic,1,false,'[683x5120x1536][683x5120x1536][683x5120x1536][683x5120x1536][683x5120x1536][683x5120x1536][683x5120x1536][683x5120x1536][683x5120x1536][683x5120x1536][683x5120x1536][683x5120x1536][683x5120x1536][683x5120x1536][683x5120x1536][683x5120x1536][683x5120x1536][683x5120x1536][683x5120x1536][683x5120x1536][683x5120x1536][683x5120x1536][683x5120x1536][683x5120x1536][683x5120x1536][683x5120x1536][683x5120x1536][683x5120x1536][683x5120x1536][683x5120x1536][683x5120x1536][683x5120x1536][683x5120x1536][683x5120x1536][683x5120x1536][683x5120x1536][683x5120x1536][683x5120x1536][683x5120x1536][683x5120x1536][683x5120x1536][683x5120x1536][683x5120x1536][683x5120x1536][683x5120x1536][683x5120x1536][683x5120x1536][683x5120x1536][683x5120x1536][683x5120x1536][683x5120x1536][683x5120x1536][683x5120x1536][683x5120x1536][683x5120x1536][683x5120x1536][683x5120x1536][683x5120x1536][683x5120x1536][683x5120x1536][683x5120x1536][683x5120x1536][683x5120x1536][683x5120x1536][682x5120x1536][682x5120x1536][682x5120x1536][682x5120x1536][682x5120x1536][682x5120x1536][682x5120x1536][682x5120x1536][682x5120x1536][682x5120x1536][682x5120x1536][682x5120x1536][682x5120x1536][682x5120x1536][682x5120x1536][682x5120x1536][682x5120x1536][682x5120x1536][682x5120x1536][682x5120x1536][682x5120x1536][682x5120x1536][682x5120x1536][682x5120x1536][682x5120x1536][682x5120x1536][682x5120x1536][682x5120x1536][682x5120x1536][682x5120x1536][682x5120x1536][682x5120x1536]',,tensorop,f32,128,128,64,2,4,1,2,1,1,11,4,1,1,128,128,16,100,110,1711276032,1031463239680,602,1.23379,1291.75,836011
1,CUTLASS,grouped_gemm,cutlass3x_sm100_tensorop_gemm_grouped_bf16_bf16_f32_void_f32_128x128x64_2x4x1_0_tnt_align8_stream_k_2sm_epi_tma,passed,success,grouped,,,,,bf16:row,bf16:column,void:row,f32:row,1,0,invalid,invalid,heuristic,1,false,'[683x5120x1536][683x5120x1536][683x5120x1536][683x5120x1536][683x5120x1536][683x5120x1536][683x5120x1536][683x5120x1536][683x5120x1536][683x5120x1536][683x5120x1536][683x5120x1536][683x5120x1536][683x5120x1536][683x5120x1536][683x5120x1536][683x5120x1536][683x5120x1536][683x5120x1536][683x5120x1536][683x5120x1536][683x5120x1536][683x5120x1536][683x5120x1536][683x5120x1536][683x5120x1536][683x5120x1536][683x5120x1536][683x5120x1536][683x5120x1536][683x5120x1536][683x5120x1536][683x5120x1536][683x5120x1536][683x5120x1536][683x5120x1536][683x5120x1536][683x5120x1536][683x5120x1536][683x5120x1536][683x5120x1536][683x5120x1536][683x5120x1536][683x5120x1536][683x5120x1536][683x5120x1536][683x5120x1536][683x5120x1536][683x5120x1536][683x5120x1536][683x5120x1536][683x5120x1536][683x5120x1536][683x5120x1536][683x5120x1536][683x5120x1536][683x5120x1536][683x5120x1536][683x5120x1536][683x5120x1536][683x5120x1536][683x5120x1536][683x5120x1536][683x5120x1536][682x5120x1536][682x5120x1536][682x5120x1536][682x5120x1536][682x5120x1536][682x5120x1536][682x5120x1536][682x5120x1536][682x5120x1536][682x5120x1536][682x5120x1536][682x5120x1536][682x5120x1536][682x5120x1536][682x5120x1536][682x5120x1536][682x5120x1536][682x5120x1536][682x5120x1536][682x5120x1536][682x5120x1536][682x5120x1536][682x5120x1536][682x5120x1536][682x5120x1536][682x5120x1536][682x5120x1536][682x5120x1536][682x5120x1536][682x5120x1536][682x5120x1536][682x5120x1536]',,tensorop,f32,128,128,64,2,4,1,2,1,1,11,4,1,1,128,128,16,100,110,1711276032,1031463239680,602,1.23199,1293.64,837233
1,CUTLASS,grouped_gemm,cutlass3x_sm100_tensorop_gemm_grouped_bf16_bf16_f32_f32_f32_128x128x64_4x2x1_0_tnt_align8_2sm_epi_tma,passed,success,grouped,,,,,bf16:row,bf16:column,f32:row,f32:row,1,0,invalid,invalid,heuristic,1,false,'[683x5120x1536][683x5120x1536][683x5120x1536][683x5120x1536][683x5120x1536][683x5120x1536][683x5120x1536][683x5120x1536][683x5120x1536][683x5120x1536][683x5120x1536][683x5120x1536][683x5120x1536][683x5120x1536][683x5120x1536][683x5120x1536][683x5120x1536][683x5120x1536][683x5120x1536][683x5120x1536][683x5120x1536][683x5120x1536][683x5120x1536][683x5120x1536][683x5120x1536][683x5120x1536][683x5120x1536][683x5120x1536][683x5120x1536][683x5120x1536][683x5120x1536][683x5120x1536][683x5120x1536][683x5120x1536][683x5120x1536][683x5120x1536][683x5120x1536][683x5120x1536][683x5120x1536][683x5120x1536][683x5120x1536][683x5120x1536][683x5120x1536][683x5120x1536][683x5120x1536][683x5120x1536][683x5120x1536][683x5120x1536][683x5120x1536][683x5120x1536][683x5120x1536][683x5120x1536][683x5120x1536][683x5120x1536][683x5120x1536][683x5120x1536][683x5120x1536][683x5120x1536][683x5120x1536][683x5120x1536][683x5120x1536][683x5120x1536][683x5120x1536][683x5120x1536][682x5120x1536][682x5120x1536][682x5120x1536][682x5120x1536][682x5120x1536][682x5120x1536][682x5120x1536][682x5120x1536][682x5120x1536][682x5120x1536][682x5120x1536][682x5120x1536][682x5120x1536][682x5120x1536][682x5120x1536][682x5120x1536][682x5120x1536][682x5120x1536][682x5120x1536][682x5120x1536][682x5120x1536][682x5120x1536][682x5120x1536][682x5120x1536][682x5120x1536][682x5120x1536][682x5120x1536][682x5120x1536][682x5120x1536][682x5120x1536][682x5120x1536][682x5120x1536]',,tensorop,f32,128,128,64,4,2,1,2,1,1,11,4,1,1,128,128,16,100,110,3053453312,1031463239680,337,1.17055,2429.41,881176
1,CUTLASS,grouped_gemm,cutlass3x_sm100_tensorop_gemm_grouped_bf16_bf16_f32_f32_f32_128x128x64_4x2x1_0_tnt_align8_stream_k_2sm_epi_tma,passed,success,grouped,,,,,bf16:row,bf16:column,f32:row,f32:row,1,0,invalid,invalid,heuristic,1,false,'[683x5120x1536][683x5120x1536][683x5120x1536][683x5120x1536][683x5120x1536][683x5120x1536][683x5120x1536][683x5120x1536][683x5120x1536][683x5120x1536][683x5120x1536][683x5120x1536][683x5120x1536][683x5120x1536][683x5120x1536][683x5120x1536][683x5120x1536][683x5120x1536][683x5120x1536][683x5120x1536][683x5120x1536][683x5120x1536][683x5120x1536][683x5120x1536][683x5120x1536][683x5120x1536][683x5120x1536][683x5120x1536][683x5120x1536][683x5120x1536][683x5120x1536][683x5120x1536][683x5120x1536][683x5120x1536][683x5120x1536][683x5120x1536][683x5120x1536][683x5120x1536][683x5120x1536][683x5120x1536][683x5120x1536][683x5120x1536][683x5120x1536][683x5120x1536][683x5120x1536][683x5120x1536][683x5120x1536][683x5120x1536][683x5120x1536][683x5120x1536][683x5120x1536][683x5120x1536][683x5120x1536][683x5120x1536][683x5120x1536][683x5120x1536][683x5120x1536][683x5120x1536][683x5120x1536][683x5120x1536][683x5120x1536][683x5120x1536][683x5120x1536][683x5120x1536][682x5120x1536][682x5120x1536][682x5120x1536][682x5120x1536][682x5120x1536][682x5120x1536][682x5120x1536][682x5120x1536][682x5120x1536][682x5120x1536][682x5120x1536][682x5120x1536][682x5120x1536][682x5120x1536][682x5120x1536][682x5120x1536][682x5120x1536][682x5120x1536][682x5120x1536][682x5120x1536][682x5120x1536][682x5120x1536][682x5120x1536][682x5120x1536][682x5120x1536][682x5120x1536][682x5120x1536][682x5120x1536][682x5120x1536][682x5120x1536][682x5120x1536][682x5120x1536]',,tensorop,f32,128,128,64,4,2,1,2,1,1,11,4,1,1,128,128,16,100,110,3053453312,1031463239680,337,1.17035,2429.83,881330
1,CUTLASS,grouped_gemm,cutlass3x_sm100_tensorop_gemm_grouped_bf16_bf16_f32_void_f32_128x128x64_4x2x1_0_tnt_align8_2sm_epi_tma,passed,success,grouped,,,,,bf16:row,bf16:column,void:row,f32:row,1,0,invalid,invalid,heuristic,1,false,'[683x5120x1536][683x5120x1536][683x5120x1536][683x5120x1536][683x5120x1536][683x5120x1536][683x5120x1536][683x5120x1536][683x5120x1536][683x5120x1536][683x5120x1536][683x5120x1536][683x5120x1536][683x5120x1536][683x5120x1536][683x5120x1536][683x5120x1536][683x5120x1536][683x5120x1536][683x5120x1536][683x5120x1536][683x5120x1536][683x5120x1536][683x5120x1536][683x5120x1536][683x5120x1536][683x5120x1536][683x5120x1536][683x5120x1536][683x5120x1536][683x5120x1536][683x5120x1536][683x5120x1536][683x5120x1536][683x5120x1536][683x5120x1536][683x5120x1536][683x5120x1536][683x5120x1536][683x5120x1536][683x5120x1536][683x5120x1536][683x5120x1536][683x5120x1536][683x5120x1536][683x5120x1536][683x5120x1536][683x5120x1536][683x5120x1536][683x5120x1536][683x5120x1536][683x5120x1536][683x5120x1536][683x5120x1536][683x5120x1536][683x5120x1536][683x5120x1536][683x5120x1536][683x5120x1536][683x5120x1536][683x5120x1536][683x5120x1536][683x5120x1536][683x5120x1536][682x5120x1536][682x5120x1536][682x5120x1536][682x5120x1536][682x5120x1536][682x5120x1536][682x5120x1536][682x5120x1536][682x5120x1536][682x5120x1536][682x5120x1536][682x5120x1536][682x5120x1536][682x5120x1536][682x5120x1536][682x5120x1536][682x5120x1536][682x5120x1536][682x5120x1536][682x5120x1536][682x5120x1536][682x5120x1536][682x5120x1536][682x5120x1536][682x5120x1536][682x5120x1536][682x5120x1536][682x5120x1536][682x5120x1536][682x5120x1536][682x5120x1536][682x5120x1536]',,tensorop,f32,128,128,64,4,2,1,2,1,1,11,4,1,1,128,128,16,100,110,1711276032,1031463239680,602,1.24449,1280.64,828822
1,CUTLASS,grouped_gemm,cutlass3x_sm100_tensorop_gemm_grouped_bf16_bf16_f32_void_f32_128x128x64_4x2x1_0_tnt_align8_stream_k_2sm_epi_tma,passed,success,grouped,,,,,bf16:row,bf16:column,void:row,f32:row,1,0,invalid,invalid,heuristic,1,false,'[683x5120x1536][683x5120x1536][683x5120x1536][683x5120x1536][683x5120x1536][683x5120x1536][683x5120x1536][683x5120x1536][683x5120x1536][683x5120x1536][683x5120x1536][683x5120x1536][683x5120x1536][683x5120x1536][683x5120x1536][683x5120x1536][683x5120x1536][683x5120x1536][683x5120x1536][683x5120x1536][683x5120x1536][683x5120x1536][683x5120x1536][683x5120x1536][683x5120x1536][683x5120x1536][683x5120x1536][683x5120x1536][683x5120x1536][683x5120x1536][683x5120x1536][683x5120x1536][683x5120x1536][683x5120x1536][683x5120x1536][683x5120x1536][683x5120x1536][683x5120x1536][683x5120x1536][683x5120x1536][683x5120x1536][683x5120x1536][683x5120x1536][683x5120x1536][683x5120x1536][683x5120x1536][683x5120x1536][683x5120x1536][683x5120x1536][683x5120x1536][683x5120x1536][683x5120x1536][683x5120x1536][683x5120x1536][683x5120x1536][683x5120x1536][683x5120x1536][683x5120x1536][683x5120x1536][683x5120x1536][683x5120x1536][683x5120x1536][683x5120x1536][683x5120x1536][682x5120x1536][682x5120x1536][682x5120x1536][682x5120x1536][682x5120x1536][682x5120x1536][682x5120x1536][682x5120x1536][682x5120x1536][682x5120x1536][682x5120x1536][682x5120x1536][682x5120x1536][682x5120x1536][682x5120x1536][682x5120x1536][682x5120x1536][682x5120x1536][682x5120x1536][682x5120x1536][682x5120x1536][682x5120x1536][682x5120x1536][682x5120x1536][682x5120x1536][682x5120x1536][682x5120x1536][682x5120x1536][682x5120x1536][682x5120x1536][682x5120x1536][682x5120x1536]',,tensorop,f32,128,128,64,4,2,1,2,1,1,11,4,1,1,128,128,16,100,110,1711276032,1031463239680,602,1.24367,1281.49,829372
1,CUTLASS,grouped_gemm,cutlass3x_sm100_tensorop_gemm_grouped_bf16_bf16_f32_f32_f32_128x128x64_4x4x1_0_tnt_align8_2sm_epi_tma,passed,success,grouped,,,,,bf16:row,bf16:column,f32:row,f32:row,1,0,invalid,invalid,heuristic,1,false,'[683x5120x1536][683x5120x1536][683x5120x1536][683x5120x1536][683x5120x1536][683x5120x1536][683x5120x1536][683x5120x1536][683x5120x1536][683x5120x1536][683x5120x1536][683x5120x1536][683x5120x1536][683x5120x1536][683x5120x1536][683x5120x1536][683x5120x1536][683x5120x1536][683x5120x1536][683x5120x1536][683x5120x1536][683x5120x1536][683x5120x1536][683x5120x1536][683x5120x1536][683x5120x1536][683x5120x1536][683x5120x1536][683x5120x1536][683x5120x1536][683x5120x1536][683x5120x1536][683x5120x1536][683x5120x1536][683x5120x1536][683x5120x1536][683x5120x1536][683x5120x1536][683x5120x1536][683x5120x1536][683x5120x1536][683x5120x1536][683x5120x1536][683x5120x1536][683x5120x1536][683x5120x1536][683x5120x1536][683x5120x1536][683x5120x1536][683x5120x1536][683x5120x1536][683x5120x1536][683x5120x1536][683x5120x1536][683x5120x1536][683x5120x1536][683x5120x1536][683x5120x1536][683x5120x1536][683x5120x1536][683x5120x1536][683x5120x1536][683x5120x1536][683x5120x1536][682x5120x1536][682x5120x1536][682x5120x1536][682x5120x1536][682x5120x1536][682x5120x1536][682x5120x1536][682x5120x1536][682x5120x1536][682x5120x1536][682x5120x1536][682x5120x1536][682x5120x1536][682x5120x1536][682x5120x1536][682x5120x1536][682x5120x1536][682x5120x1536][682x5120x1536][682x5120x1536][682x5120x1536][682x5120x1536][682x5120x1536][682x5120x1536][682x5120x1536][682x5120x1536][682x5120x1536][682x5120x1536][682x5120x1536][682x5120x1536][682x5120x1536][682x5120x1536]',,tensorop,f32,128,128,64,4,4,1,2,1,1,11,4,1,1,128,128,16,100,110,3053453312,1031463239680,337,1.2439,2286.15,829214
1,CUTLASS,grouped_gemm,cutlass3x_sm100_tensorop_gemm_grouped_bf16_bf16_f32_f32_f32_128x128x64_4x4x1_0_tnt_align8_stream_k_2sm_epi_tma,passed,success,grouped,,,,,bf16:row,bf16:column,f32:row,f32:row,1,0,invalid,invalid,heuristic,1,false,'[683x5120x1536][683x5120x1536][683x5120x1536][683x5120x1536][683x5120x1536][683x5120x1536][683x5120x1536][683x5120x1536][683x5120x1536][683x5120x1536][683x5120x1536][683x5120x1536][683x5120x1536][683x5120x1536][683x5120x1536][683x5120x1536][683x5120x1536][683x5120x1536][683x5120x1536][683x5120x1536][683x5120x1536][683x5120x1536][683x5120x1536][683x5120x1536][683x5120x1536][683x5120x1536][683x5120x1536][683x5120x1536][683x5120x1536][683x5120x1536][683x5120x1536][683x5120x1536][683x5120x1536][683x5120x1536][683x5120x1536][683x5120x1536][683x5120x1536][683x5120x1536][683x5120x1536][683x5120x1536][683x5120x1536][683x5120x1536][683x5120x1536][683x5120x1536][683x5120x1536][683x5120x1536][683x5120x1536][683x5120x1536][683x5120x1536][683x5120x1536][683x5120x1536][683x5120x1536][683x5120x1536][683x5120x1536][683x5120x1536][683x5120x1536][683x5120x1536][683x5120x1536][683x5120x1536][683x5120x1536][683x5120x1536][683x5120x1536][683x5120x1536][683x5120x1536][682x5120x1536][682x5120x1536][682x5120x1536][682x5120x1536][682x5120x1536][682x5120x1536][682x5120x1536][682x5120x1536][682x5120x1536][682x5120x1536][682x5120x1536][682x5120x1536][682x5120x1536][682x5120x1536][682x5120x1536][682x5120x1536][682x5120x1536][682x5120x1536][682x5120x1536][682x5120x1536][682x5120x1536][682x5120x1536][682x5120x1536][682x5120x1536][682x5120x1536][682x5120x1536][682x5120x1536][682x5120x1536][682x5120x1536][682x5120x1536][682x5120x1536][682x5120x1536]',,tensorop,f32,128,128,64,4,4,1,2,1,1,11,4,1,1,128,128,16,100,110,3053453312,1031463239680,337,1.24531,2283.58,828281
1,CUTLASS,grouped_gemm,cutlass3x_sm100_tensorop_gemm_grouped_bf16_bf16_f32_void_f32_128x128x64_4x4x1_0_tnt_align8_2sm_epi_tma,passed,success,grouped,,,,,bf16:row,bf16:column,void:row,f32:row,1,0,invalid,invalid,heuristic,1,false,'[683x5120x1536][683x5120x1536][683x5120x1536][683x5120x1536][683x5120x1536][683x5120x1536][683x5120x1536][683x5120x1536][683x5120x1536][683x5120x1536][683x5120x1536][683x5120x1536][683x5120x1536][683x5120x1536][683x5120x1536][683x5120x1536][683x5120x1536][683x5120x1536][683x5120x1536][683x5120x1536][683x5120x1536][683x5120x1536][683x5120x1536][683x5120x1536][683x5120x1536][683x5120x1536][683x5120x1536][683x5120x1536][683x5120x1536][683x5120x1536][683x5120x1536][683x5120x1536][683x5120x1536][683x5120x1536][683x5120x1536][683x5120x1536][683x5120x1536][683x5120x1536][683x5120x1536][683x5120x1536][683x5120x1536][683x5120x1536][683x5120x1536][683x5120x1536][683x5120x1536][683x5120x1536][683x5120x1536][683x5120x1536][683x5120x1536][683x5120x1536][683x5120x1536][683x5120x1536][683x5120x1536][683x5120x1536][683x5120x1536][683x5120x1536][683x5120x1536][683x5120x1536][683x5120x1536][683x5120x1536][683x5120x1536][683x5120x1536][683x5120x1536][683x5120x1536][682x5120x1536][682x5120x1536][682x5120x1536][682x5120x1536][682x5120x1536][682x5120x1536][682x5120x1536][682x5120x1536][682x5120x1536][682x5120x1536][682x5120x1536][682x5120x1536][682x5120x1536][682x5120x1536][682x5120x1536][682x5120x1536][682x5120x1536][682x5120x1536][682x5120x1536][682x5120x1536][682x5120x1536][682x5120x1536][682x5120x1536][682x5120x1536][682x5120x1536][682x5120x1536][682x5120x1536][682x5120x1536][682x5120x1536][682x5120x1536][682x5120x1536][682x5120x1536]',,tensorop,f32,128,128,64,4,4,1,2,1,1,11,4,1,1,128,128,16,100,110,1711276032,1031463239680,602,1.33801,1191.14,770896
1,CUTLASS,grouped_gemm,cutlass3x_sm100_tensorop_gemm_grouped_bf16_bf16_f32_void_f32_128x128x64_4x4x1_0_tnt_align8_stream_k_2sm_epi_tma,passed,success,grouped,,,,,bf16:row,bf16:column,void:row,f32:row,1,0,invalid,invalid,heuristic,1,false,'[683x5120x1536][683x5120x1536][683x5120x1536][683x5120x1536][683x5120x1536][683x5120x1536][683x5120x1536][683x5120x1536][683x5120x1536][683x5120x1536][683x5120x1536][683x5120x1536][683x5120x1536][683x5120x1536][683x5120x1536][683x5120x1536][683x5120x1536][683x5120x1536][683x5120x1536][683x5120x1536][683x5120x1536][683x5120x1536][683x5120x1536][683x5120x1536][683x5120x1536][683x5120x1536][683x5120x1536][683x5120x1536][683x5120x1536][683x5120x1536][683x5120x1536][683x5120x1536][683x5120x1536][683x5120x1536][683x5120x1536][683x5120x1536][683x5120x1536][683x5120x1536][683x5120x1536][683x5120x1536][683x5120x1536][683x5120x1536][683x5120x1536][683x5120x1536][683x5120x1536][683x5120x1536][683x5120x1536][683x5120x1536][683x5120x1536][683x5120x1536][683x5120x1536][683x5120x1536][683x5120x1536][683x5120x1536][683x5120x1536][683x5120x1536][683x5120x1536][683x5120x1536][683x5120x1536][683x5120x1536][683x5120x1536][683x5120x1536][683x5120x1536][683x5120x1536][682x5120x1536][682x5120x1536][682x5120x1536][682x5120x1536][682x5120x1536][682x5120x1536][682x5120x1536][682x5120x1536][682x5120x1536][682x5120x1536][682x5120x1536][682x5120x1536][682x5120x1536][682x5120x1536][682x5120x1536][682x5120x1536][682x5120x1536][682x5120x1536][682x5120x1536][682x5120x1536][682x5120x1536][682x5120x1536][682x5120x1536][682x5120x1536][682x5120x1536][682x5120x1536][682x5120x1536][682x5120x1536][682x5120x1536][682x5120x1536][682x5120x1536][682x5120x1536]',,tensorop,f32,128,128,64,4,4,1,2,1,1,11,4,1,1,128,128,16,100,110,1711276032,1031463239680,602,1.33708,1191.96,771427
1,CUTLASS,grouped_gemm,cutlass3x_sm100_tensorop_gemm_grouped_bf16_bf16_f32_bf16_bf16_128x128x64_0x0x1_0_tnt_align8_2sm_epi_tma,passed,success,grouped,,,,,bf16:row,bf16:column,bf16:row,bf16:row,1,0,invalid,invalid,heuristic,1,false,'[683x5120x1536][683x5120x1536][683x5120x1536][683x5120x1536][683x5120x1536][683x5120x1536][683x5120x1536][683x5120x1536][683x5120x1536][683x5120x1536][683x5120x1536][683x5120x1536][683x5120x1536][683x5120x1536][683x5120x1536][683x5120x1536][683x5120x1536][683x5120x1536][683x5120x1536][683x5120x1536][683x5120x1536][683x5120x1536][683x5120x1536][683x5120x1536][683x5120x1536][683x5120x1536][683x5120x1536][683x5120x1536][683x5120x1536][683x5120x1536][683x5120x1536][683x5120x1536][683x5120x1536][683x5120x1536][683x5120x1536][683x5120x1536][683x5120x1536][683x5120x1536][683x5120x1536][683x5120x1536][683x5120x1536][683x5120x1536][683x5120x1536][683x5120x1536][683x5120x1536][683x5120x1536][683x5120x1536][683x5120x1536][683x5120x1536][683x5120x1536][683x5120x1536][683x5120x1536][683x5120x1536][683x5120x1536][683x5120x1536][683x5120x1536][683x5120x1536][683x5120x1536][683x5120x1536][683x5120x1536][683x5120x1536][683x5120x1536][683x5120x1536][683x5120x1536][682x5120x1536][682x5120x1536][682x5120x1536][682x5120x1536][682x5120x1536][682x5120x1536][682x5120x1536][682x5120x1536][682x5120x1536][682x5120x1536][682x5120x1536][682x5120x1536][682x5120x1536][682x5120x1536][682x5120x1536][682x5120x1536][682x5120x1536][682x5120x1536][682x5120x1536][682x5120x1536][682x5120x1536][682x5120x1536][682x5120x1536][682x5120x1536][682x5120x1536][682x5120x1536][682x5120x1536][682x5120x1536][682x5120x1536][682x5120x1536][682x5120x1536][682x5120x1536]',,tensorop,f32,128,128,64,2,1,1,2,1,1,12,4,1,1,128,128,16,100,110,2382364672,1031463239680,432,1.06204,2089.14,971208
1,CUTLASS,grouped_gemm,cutlass3x_sm100_tensorop_gemm_grouped_bf16_bf16_f32_bf16_bf16_128x128x64_0x0x1_0_tnt_align8_stream_k_2sm_epi_tma,passed,success,grouped,,,,,bf16:row,bf16:column,bf16:row,bf16:row,1,0,invalid,invalid,heuristic,1,false,'[683x5120x1536][683x5120x1536][683x5120x1536][683x5120x1536][683x5120x1536][683x5120x1536][683x5120x1536][683x5120x1536][683x5120x1536][683x5120x1536][683x5120x1536][683x5120x1536][683x5120x1536][683x5120x1536][683x5120x1536][683x5120x1536][683x5120x1536][683x5120x1536][683x5120x1536][683x5120x1536][683x5120x1536][683x5120x1536][683x5120x1536][683x5120x1536][683x5120x1536][683x5120x1536][683x5120x1536][683x5120x1536][683x5120x1536][683x5120x1536][683x5120x1536][683x5120x1536][683x5120x1536][683x5120x1536][683x5120x1536][683x5120x1536][683x5120x1536][683x5120x1536][683x5120x1536][683x5120x1536][683x5120x1536][683x5120x1536][683x5120x1536][683x5120x1536][683x5120x1536][683x5120x1536][683x5120x1536][683x5120x1536][683x5120x1536][683x5120x1536][683x5120x1536][683x5120x1536][683x5120x1536][683x5120x1536][683x5120x1536][683x5120x1536][683x5120x1536][683x5120x1536][683x5120x1536][683x5120x1536][683x5120x1536][683x5120x1536][683x5120x1536][683x5120x1536][682x5120x1536][682x5120x1536][682x5120x1536][682x5120x1536][682x5120x1536][682x5120x1536][682x5120x1536][682x5120x1536][682x5120x1536][682x5120x1536][682x5120x1536][682x5120x1536][682x5120x1536][682x5120x1536][682x5120x1536][682x5120x1536][682x5120x1536][682x5120x1536][682x5120x1536][682x5120x1536][682x5120x1536][682x5120x1536][682x5120x1536][682x5120x1536][682x5120x1536][682x5120x1536][682x5120x1536][682x5120x1536][682x5120x1536][682x5120x1536][682x5120x1536][682x5120x1536]',,tensorop,f32,128,128,64,2,1,1,2,1,1,12,4,1,1,128,128,16,100,110,2382364672,1031463239680,432,1.06539,2082.57,968157
1,CUTLASS,grouped_gemm,cutlass3x_sm100_tensorop_gemm_grouped_bf16_bf16_f32_void_bf16_128x128x64_0x0x1_0_tnt_align8_2sm_epi_tma,passed,success,grouped,,,,,bf16:row,bf16:column,void:row,bf16:row,1,0,invalid,invalid,heuristic,1,false,'[683x5120x1536][683x5120x1536][683x5120x1536][683x5120x1536][683x5120x1536][683x5120x1536][683x5120x1536][683x5120x1536][683x5120x1536][683x5120x1536][683x5120x1536][683x5120x1536][683x5120x1536][683x5120x1536][683x5120x1536][683x5120x1536][683x5120x1536][683x5120x1536][683x5120x1536][683x5120x1536][683x5120x1536][683x5120x1536][683x5120x1536][683x5120x1536][683x5120x1536][683x5120x1536][683x5120x1536][683x5120x1536][683x5120x1536][683x5120x1536][683x5120x1536][683x5120x1536][683x5120x1536][683x5120x1536][683x5120x1536][683x5120x1536][683x5120x1536][683x5120x1536][683x5120x1536][683x5120x1536][683x5120x1536][683x5120x1536][683x5120x1536][683x5120x1536][683x5120x1536][683x5120x1536][683x5120x1536][683x5120x1536][683x5120x1536][683x5120x1536][683x5120x1536][683x5120x1536][683x5120x1536][683x5120x1536][683x5120x1536][683x5120x1536][683x5120x1536][683x5120x1536][683x5120x1536][683x5120x1536][683x5120x1536][683x5120x1536][683x5120x1536][683x5120x1536][682x5120x1536][682x5120x1536][682x5120x1536][682x5120x1536][682x5120x1536][682x5120x1536][682x5120x1536][682x5120x1536][682x5120x1536][682x5120x1536][682x5120x1536][682x5120x1536][682x5120x1536][682x5120x1536][682x5120x1536][682x5120x1536][682x5120x1536][682x5120x1536][682x5120x1536][682x5120x1536][682x5120x1536][682x5120x1536][682x5120x1536][682x5120x1536][682x5120x1536][682x5120x1536][682x5120x1536][682x5120x1536][682x5120x1536][682x5120x1536][682x5120x1536][682x5120x1536]',,tensorop,f32,128,128,64,2,1,1,2,1,1,12,4,1,1,128,128,16,100,110,1711276032,1031463239680,602,1.06375,1498.24,969648
1,CUTLASS,grouped_gemm,cutlass3x_sm100_tensorop_gemm_grouped_bf16_bf16_f32_void_bf16_128x128x64_0x0x1_0_tnt_align8_stream_k_2sm_epi_tma,passed,success,grouped,,,,,bf16:row,bf16:column,void:row,bf16:row,1,0,invalid,invalid,heuristic,1,false,'[683x5120x1536][683x5120x1536][683x5120x1536][683x5120x1536][683x5120x1536][683x5120x1536][683x5120x1536][683x5120x1536][683x5120x1536][683x5120x1536][683x5120x1536][683x5120x1536][683x5120x1536][683x5120x1536][683x5120x1536][683x5120x1536][683x5120x1536][683x5120x1536][683x5120x1536][683x5120x1536][683x5120x1536][683x5120x1536][683x5120x1536][683x5120x1536][683x5120x1536][683x5120x1536][683x5120x1536][683x5120x1536][683x5120x1536][683x5120x1536][683x5120x1536][683x5120x1536][683x5120x1536][683x5120x1536][683x5120x1536][683x5120x1536][683x5120x1536][683x5120x1536][683x5120x1536][683x5120x1536][683x5120x1536][683x5120x1536][683x5120x1536][683x5120x1536][683x5120x1536][683x5120x1536][683x5120x1536][683x5120x1536][683x5120x1536][683x5120x1536][683x5120x1536][683x5120x1536][683x5120x1536][683x5120x1536][683x5120x1536][683x5120x1536][683x5120x1536][683x5120x1536][683x5120x1536][683x5120x1536][683x5120x1536][683x5120x1536][683x5120x1536][683x5120x1536][682x5120x1536][682x5120x1536][682x5120x1536][682x5120x1536][682x5120x1536][682x5120x1536][682x5120x1536][682x5120x1536][682x5120x1536][682x5120x1536][682x5120x1536][682x5120x1536][682x5120x1536][682x5120x1536][682x5120x1536][682x5120x1536][682x5120x1536][682x5120x1536][682x5120x1536][682x5120x1536][682x5120x1536][682x5120x1536][682x5120x1536][682x5120x1536][682x5120x1536][682x5120x1536][682x5120x1536][682x5120x1536][682x5120x1536][682x5120x1536][682x5120x1536][682x5120x1536]',,tensorop,f32,128,128,64,2,1,1,2,1,1,12,4,1,1,128,128,16,100,110,1711276032,1031463239680,602,1.05876,1505.3,974220
1,CUTLASS,grouped_gemm,cutlass3x_sm100_tensorop_gemm_grouped_bf16_bf16_f32_bf16_bf16_128x128x64_2x1x1_0_tnt_align8_2sm_epi_tma,passed,success,grouped,,,,,bf16:row,bf16:column,bf16:row,bf16:row,1,0,invalid,invalid,heuristic,1,false,'[683x5120x1536][683x5120x1536][683x5120x1536][683x5120x1536][683x5120x1536][683x5120x1536][683x5120x1536][683x5120x1536][683x5120x1536][683x5120x1536][683x5120x1536][683x5120x1536][683x5120x1536][683x5120x1536][683x5120x1536][683x5120x1536][683x5120x1536][683x5120x1536][683x5120x1536][683x5120x1536][683x5120x1536][683x5120x1536][683x5120x1536][683x5120x1536][683x5120x1536][683x5120x1536][683x5120x1536][683x5120x1536][683x5120x1536][683x5120x1536][683x5120x1536][683x5120x1536][683x5120x1536][683x5120x1536][683x5120x1536][683x5120x1536][683x5120x1536][683x5120x1536][683x5120x1536][683x5120x1536][683x5120x1536][683x5120x1536][683x5120x1536][683x5120x1536][683x5120x1536][683x5120x1536][683x5120x1536][683x5120x1536][683x5120x1536][683x5120x1536][683x5120x1536][683x5120x1536][683x5120x1536][683x5120x1536][683x5120x1536][683x5120x1536][683x5120x1536][683x5120x1536][683x5120x1536][683x5120x1536][683x5120x1536][683x5120x1536][683x5120x1536][683x5120x1536][682x5120x1536][682x5120x1536][682x5120x1536][682x5120x1536][682x5120x1536][682x5120x1536][682x5120x1536][682x5120x1536][682x5120x1536][682x5120x1536][682x5120x1536][682x5120x1536][682x5120x1536][682x5120x1536][682x5120x1536][682x5120x1536][682x5120x1536][682x5120x1536][682x5120x1536][682x5120x1536][682x5120x1536][682x5120x1536][682x5120x1536][682x5120x1536][682x5120x1536][682x5120x1536][682x5120x1536][682x5120x1536][682x5120x1536][682x5120x1536][682x5120x1536][682x5120x1536]',,tensorop,f32,128,128,64,2,1,1,2,1,1,12,4,1,1,128,128,16,100,110,2382364672,1031463239680,432,1.06662,2080.17,967038
1,CUTLASS,grouped_gemm,cutlass3x_sm100_tensorop_gemm_grouped_bf16_bf16_f32_bf16_bf16_128x128x64_2x1x1_0_tnt_align8_stream_k_2sm_epi_tma,passed,success,grouped,,,,,bf16:row,bf16:column,bf16:row,bf16:row,1,0,invalid,invalid,heuristic,1,false,'[683x5120x1536][683x5120x1536][683x5120x1536][683x5120x1536][683x5120x1536][683x5120x1536][683x5120x1536][683x5120x1536][683x5120x1536][683x5120x1536][683x5120x1536][683x5120x1536][683x5120x1536][683x5120x1536][683x5120x1536][683x5120x1536][683x5120x1536][683x5120x1536][683x5120x1536][683x5120x1536][683x5120x1536][683x5120x1536][683x5120x1536][683x5120x1536][683x5120x1536][683x5120x1536][683x5120x1536][683x5120x1536][683x5120x1536][683x5120x1536][683x5120x1536][683x5120x1536][683x5120x1536][683x5120x1536][683x5120x1536][683x5120x1536][683x5120x1536][683x5120x1536][683x5120x1536][683x5120x1536][683x5120x1536][683x5120x1536][683x5120x1536][683x5120x1536][683x5120x1536][683x5120x1536][683x5120x1536][683x5120x1536][683x5120x1536][683x5120x1536][683x5120x1536][683x5120x1536][683x5120x1536][683x5120x1536][683x5120x1536][683x5120x1536][683x5120x1536][683x5120x1536][683x5120x1536][683x5120x1536][683x5120x1536][683x5120x1536][683x5120x1536][683x5120x1536][682x5120x1536][682x5120x1536][682x5120x1536][682x5120x1536][682x5120x1536][682x5120x1536][682x5120x1536][682x5120x1536][682x5120x1536][682x5120x1536][682x5120x1536][682x5120x1536][682x5120x1536][682x5120x1536][682x5120x1536][682x5120x1536][682x5120x1536][682x5120x1536][682x5120x1536][682x5120x1536][682x5120x1536][682x5120x1536][682x5120x1536][682x5120x1536][682x5120x1536][682x5120x1536][682x5120x1536][682x5120x1536][682x5120x1536][682x5120x1536][682x5120x1536][682x5120x1536]',,tensorop,f32,128,128,64,2,1,1,2,1,1,12,4,1,1,128,128,16,100,110,2382364672,1031463239680,432,1.0617,2089.8,971518
1,CUTLASS,grouped_gemm,cutlass3x_sm100_tensorop_gemm_grouped_bf16_bf16_f32_void_bf16_128x128x64_2x1x1_0_tnt_align8_2sm_epi_tma,passed,success,grouped,,,,,bf16:row,bf16:column,void:row,bf16:row,1,0,invalid,invalid,heuristic,1,false,'[683x5120x1536][683x5120x1536][683x5120x1536][683x5120x1536][683x5120x1536][683x5120x1536][683x5120x1536][683x5120x1536][683x5120x1536][683x5120x1536][683x5120x1536][683x5120x1536][683x5120x1536][683x5120x1536][683x5120x1536][683x5120x1536][683x5120x1536][683x5120x1536][683x5120x1536][683x5120x1536][683x5120x1536][683x5120x1536][683x5120x1536][683x5120x1536][683x5120x1536][683x5120x1536][683x5120x1536][683x5120x1536][683x5120x1536][683x5120x1536][683x5120x1536][683x5120x1536][683x5120x1536][683x5120x1536][683x5120x1536][683x5120x1536][683x5120x1536][683x5120x1536][683x5120x1536][683x5120x1536][683x5120x1536][683x5120x1536][683x5120x1536][683x5120x1536][683x5120x1536][683x5120x1536][683x5120x1536][683x5120x1536][683x5120x1536][683x5120x1536][683x5120x1536][683x5120x1536][683x5120x1536][683x5120x1536][683x5120x1536][683x5120x1536][683x5120x1536][683x5120x1536][683x5120x1536][683x5120x1536][683x5120x1536][683x5120x1536][683x5120x1536][683x5120x1536][682x5120x1536][682x5120x1536][682x5120x1536][682x5120x1536][682x5120x1536][682x5120x1536][682x5120x1536][682x5120x1536][682x5120x1536][682x5120x1536][682x5120x1536][682x5120x1536][682x5120x1536][682x5120x1536][682x5120x1536][682x5120x1536][682x5120x1536][682x5120x1536][682x5120x1536][682x5120x1536][682x5120x1536][682x5120x1536][682x5120x1536][682x5120x1536][682x5120x1536][682x5120x1536][682x5120x1536][682x5120x1536][682x5120x1536][682x5120x1536][682x5120x1536][682x5120x1536]',,tensorop,f32,128,128,64,2,1,1,2,1,1,12,4,1,1,128,128,16,100,110,1711276032,1031463239680,602,1.06723,1493.35,966485
1,CUTLASS,grouped_gemm,cutlass3x_sm100_tensorop_gemm_grouped_bf16_bf16_f32_void_bf16_128x128x64_2x1x1_0_tnt_align8_stream_k_2sm_epi_tma,passed,success,grouped,,,,,bf16:row,bf16:column,void:row,bf16:row,1,0,invalid,invalid,heuristic,1,false,'[683x5120x1536][683x5120x1536][683x5120x1536][683x5120x1536][683x5120x1536][683x5120x1536][683x5120x1536][683x5120x1536][683x5120x1536][683x5120x1536][683x5120x1536][683x5120x1536][683x5120x1536][683x5120x1536][683x5120x1536][683x5120x1536][683x5120x1536][683x5120x1536][683x5120x1536][683x5120x1536][683x5120x1536][683x5120x1536][683x5120x1536][683x5120x1536][683x5120x1536][683x5120x1536][683x5120x1536][683x5120x1536][683x5120x1536][683x5120x1536][683x5120x1536][683x5120x1536][683x5120x1536][683x5120x1536][683x5120x1536][683x5120x1536][683x5120x1536][683x5120x1536][683x5120x1536][683x5120x1536][683x5120x1536][683x5120x1536][683x5120x1536][683x5120x1536][683x5120x1536][683x5120x1536][683x5120x1536][683x5120x1536][683x5120x1536][683x5120x1536][683x5120x1536][683x5120x1536][683x5120x1536][683x5120x1536][683x5120x1536][683x5120x1536][683x5120x1536][683x5120x1536][683x5120x1536][683x5120x1536][683x5120x1536][683x5120x1536][683x5120x1536][683x5120x1536][682x5120x1536][682x5120x1536][682x5120x1536][682x5120x1536][682x5120x1536][682x5120x1536][682x5120x1536][682x5120x1536][682x5120x1536][682x5120x1536][682x5120x1536][682x5120x1536][682x5120x1536][682x5120x1536][682x5120x1536][682x5120x1536][682x5120x1536][682x5120x1536][682x5120x1536][682x5120x1536][682x5120x1536][682x5120x1536][682x5120x1536][682x5120x1536][682x5120x1536][682x5120x1536][682x5120x1536][682x5120x1536][682x5120x1536][682x5120x1536][682x5120x1536][682x5120x1536]',,tensorop,f32,128,128,64,2,1,1,2,1,1,12,4,1,1,128,128,16,100,110,1711276032,1031463239680,602,1.05907,1504.86,973931
1,CUTLASS,grouped_gemm,cutlass3x_sm100_tensorop_gemm_grouped_bf16_bf16_f32_bf16_bf16_128x128x64_2x2x1_0_tnt_align8_2sm_epi_tma,passed,success,grouped,,,,,bf16:row,bf16:column,bf16:row,bf16:row,1,0,invalid,invalid,heuristic,1,false,'[683x5120x1536][683x5120x1536][683x5120x1536][683x5120x1536][683x5120x1536][683x5120x1536][683x5120x1536][683x5120x1536][683x5120x1536][683x5120x1536][683x5120x1536][683x5120x1536][683x5120x1536][683x5120x1536][683x5120x1536][683x5120x1536][683x5120x1536][683x5120x1536][683x5120x1536][683x5120x1536][683x5120x1536][683x5120x1536][683x5120x1536][683x5120x1536][683x5120x1536][683x5120x1536][683x5120x1536][683x5120x1536][683x5120x1536][683x5120x1536][683x5120x1536][683x5120x1536][683x5120x1536][683x5120x1536][683x5120x1536][683x5120x1536][683x5120x1536][683x5120x1536][683x5120x1536][683x5120x1536][683x5120x1536][683x5120x1536][683x5120x1536][683x5120x1536][683x5120x1536][683x5120x1536][683x5120x1536][683x5120x1536][683x5120x1536][683x5120x1536][683x5120x1536][683x5120x1536][683x5120x1536][683x5120x1536][683x5120x1536][683x5120x1536][683x5120x1536][683x5120x1536][683x5120x1536][683x5120x1536][683x5120x1536][683x5120x1536][683x5120x1536][683x5120x1536][682x5120x1536][682x5120x1536][682x5120x1536][682x5120x1536][682x5120x1536][682x5120x1536][682x5120x1536][682x5120x1536][682x5120x1536][682x5120x1536][682x5120x1536][682x5120x1536][682x5120x1536][682x5120x1536][682x5120x1536][682x5120x1536][682x5120x1536][682x5120x1536][682x5120x1536][682x5120x1536][682x5120x1536][682x5120x1536][682x5120x1536][682x5120x1536][682x5120x1536][682x5120x1536][682x5120x1536][682x5120x1536][682x5120x1536][682x5120x1536][682x5120x1536][682x5120x1536]',,tensorop,f32,128,128,64,2,2,1,2,1,1,12,4,1,1,128,128,16,100,110,2382364672,1031463239680,432,0.85519,2594.45,1.20612e+06
1,CUTLASS,grouped_gemm,cutlass3x_sm100_tensorop_gemm_grouped_bf16_bf16_f32_bf16_bf16_128x128x64_2x2x1_0_tnt_align8_stream_k_2sm_epi_tma,passed,success,grouped,,,,,bf16:row,bf16:column,bf16:row,bf16:row,1,0,invalid,invalid,heuristic,1,false,'[683x5120x1536][683x5120x1536][683x5120x1536][683x5120x1536][683x5120x1536][683x5120x1536][683x5120x1536][683x5120x1536][683x5120x1536][683x5120x1536][683x5120x1536][683x5120x1536][683x5120x1536][683x5120x1536][683x5120x1536][683x5120x1536][683x5120x1536][683x5120x1536][683x5120x1536][683x5120x1536][683x5120x1536][683x5120x1536][683x5120x1536][683x5120x1536][683x5120x1536][683x5120x1536][683x5120x1536][683x5120x1536][683x5120x1536][683x5120x1536][683x5120x1536][683x5120x1536][683x5120x1536][683x5120x1536][683x5120x1536][683x5120x1536][683x5120x1536][683x5120x1536][683x5120x1536][683x5120x1536][683x5120x1536][683x5120x1536][683x5120x1536][683x5120x1536][683x5120x1536][683x5120x1536][683x5120x1536][683x5120x1536][683x5120x1536][683x5120x1536][683x5120x1536][683x5120x1536][683x5120x1536][683x5120x1536][683x5120x1536][683x5120x1536][683x5120x1536][683x5120x1536][683x5120x1536][683x5120x1536][683x5120x1536][683x5120x1536][683x5120x1536][683x5120x1536][682x5120x1536][682x5120x1536][682x5120x1536][682x5120x1536][682x5120x1536][682x5120x1536][682x5120x1536][682x5120x1536][682x5120x1536][682x5120x1536][682x5120x1536][682x5120x1536][682x5120x1536][682x5120x1536][682x5120x1536][682x5120x1536][682x5120x1536][682x5120x1536][682x5120x1536][682x5120x1536][682x5120x1536][682x5120x1536][682x5120x1536][682x5120x1536][682x5120x1536][682x5120x1536][682x5120x1536][682x5120x1536][682x5120x1536][682x5120x1536][682x5120x1536][682x5120x1536]',,tensorop,f32,128,128,64,2,2,1,2,1,1,12,4,1,1,128,128,16,100,110,2382364672,1031463239680,432,0.854957,2595.16,1.20645e+06
1,CUTLASS,grouped_gemm,cutlass3x_sm100_tensorop_gemm_grouped_bf16_bf16_f32_void_bf16_128x128x64_2x2x1_0_tnt_align8_2sm_epi_tma,passed,success,grouped,,,,,bf16:row,bf16:column,void:row,bf16:row,1,0,invalid,invalid,heuristic,1,false,'[683x5120x1536][683x5120x1536][683x5120x1536][683x5120x1536][683x5120x1536][683x5120x1536][683x5120x1536][683x5120x1536][683x5120x1536][683x5120x1536][683x5120x1536][683x5120x1536][683x5120x1536][683x5120x1536][683x5120x1536][683x5120x1536][683x5120x1536][683x5120x1536][683x5120x1536][683x5120x1536][683x5120x1536][683x5120x1536][683x5120x1536][683x5120x1536][683x5120x1536][683x5120x1536][683x5120x1536][683x5120x1536][683x5120x1536][683x5120x1536][683x5120x1536][683x5120x1536][683x5120x1536][683x5120x1536][683x5120x1536][683x5120x1536][683x5120x1536][683x5120x1536][683x5120x1536][683x5120x1536][683x5120x1536][683x5120x1536][683x5120x1536][683x5120x1536][683x5120x1536][683x5120x1536][683x5120x1536][683x5120x1536][683x5120x1536][683x5120x1536][683x5120x1536][683x5120x1536][683x5120x1536][683x5120x1536][683x5120x1536][683x5120x1536][683x5120x1536][683x5120x1536][683x5120x1536][683x5120x1536][683x5120x1536][683x5120x1536][683x5120x1536][683x5120x1536][682x5120x1536][682x5120x1536][682x5120x1536][682x5120x1536][682x5120x1536][682x5120x1536][682x5120x1536][682x5120x1536][682x5120x1536][682x5120x1536][682x5120x1536][682x5120x1536][682x5120x1536][682x5120x1536][682x5120x1536][682x5120x1536][682x5120x1536][682x5120x1536][682x5120x1536][682x5120x1536][682x5120x1536][682x5120x1536][682x5120x1536][682x5120x1536][682x5120x1536][682x5120x1536][682x5120x1536][682x5120x1536][682x5120x1536][682x5120x1536][682x5120x1536][682x5120x1536]',,tensorop,f32,128,128,64,2,2,1,2,1,1,12,4,1,1,128,128,16,100,110,1711276032,1031463239680,602,0.864173,1844.25,1.19358e+06
1,CUTLASS,grouped_gemm,cutlass3x_sm100_tensorop_gemm_grouped_bf16_bf16_f32_void_bf16_128x128x64_2x2x1_0_tnt_align8_stream_k_2sm_epi_tma,passed,success,grouped,,,,,bf16:row,bf16:column,void:row,bf16:row,1,0,invalid,invalid,heuristic,1,false,'[683x5120x1536][683x5120x1536][683x5120x1536][683x5120x1536][683x5120x1536][683x5120x1536][683x5120x1536][683x5120x1536][683x5120x1536][683x5120x1536][683x5120x1536][683x5120x1536][683x5120x1536][683x5120x1536][683x5120x1536][683x5120x1536][683x5120x1536][683x5120x1536][683x5120x1536][683x5120x1536][683x5120x1536][683x5120x1536][683x5120x1536][683x5120x1536][683x5120x1536][683x5120x1536][683x5120x1536][683x5120x1536][683x5120x1536][683x5120x1536][683x5120x1536][683x5120x1536][683x5120x1536][683x5120x1536][683x5120x1536][683x5120x1536][683x5120x1536][683x5120x1536][683x5120x1536][683x5120x1536][683x5120x1536][683x5120x1536][683x5120x1536][683x5120x1536][683x5120x1536][683x5120x1536][683x5120x1536][683x5120x1536][683x5120x1536][683x5120x1536][683x5120x1536][683x5120x1536][683x5120x1536][683x5120x1536][683x5120x1536][683x5120x1536][683x5120x1536][683x5120x1536][683x5120x1536][683x5120x1536][683x5120x1536][683x5120x1536][683x5120x1536][683x5120x1536][682x5120x1536][682x5120x1536][682x5120x1536][682x5120x1536][682x5120x1536][682x5120x1536][682x5120x1536][682x5120x1536][682x5120x1536][682x5120x1536][682x5120x1536][682x5120x1536][682x5120x1536][682x5120x1536][682x5120x1536][682x5120x1536][682x5120x1536][682x5120x1536][682x5120x1536][682x5120x1536][682x5120x1536][682x5120x1536][682x5120x1536][682x5120x1536][682x5120x1536][682x5120x1536][682x5120x1536][682x5120x1536][682x5120x1536][682x5120x1536][682x5120x1536][682x5120x1536]',,tensorop,f32,128,128,64,2,2,1,2,1,1,12,4,1,1,128,128,16,100,110,1711276032,1031463239680,602,0.863152,1846.43,1.195e+06
1,CUTLASS,grouped_gemm,cutlass3x_sm100_tensorop_gemm_grouped_bf16_bf16_f32_bf16_bf16_128x128x64_4x1x1_0_tnt_align8_2sm_epi_tma,passed,success,grouped,,,,,bf16:row,bf16:column,bf16:row,bf16:row,1,0,invalid,invalid,heuristic,1,false,'[683x5120x1536][683x5120x1536][683x5120x1536][683x5120x1536][683x5120x1536][683x5120x1536][683x5120x1536][683x5120x1536][683x5120x1536][683x5120x1536][683x5120x1536][683x5120x1536][683x5120x1536][683x5120x1536][683x5120x1536][683x5120x1536][683x5120x1536][683x5120x1536][683x5120x1536][683x5120x1536][683x5120x1536][683x5120x1536][683x5120x1536][683x5120x1536][683x5120x1536][683x5120x1536][683x5120x1536][683x5120x1536][683x5120x1536][683x5120x1536][683x5120x1536][683x5120x1536][683x5120x1536][683x5120x1536][683x5120x1536][683x5120x1536][683x5120x1536][683x5120x1536][683x5120x1536][683x5120x1536][683x5120x1536][683x5120x1536][683x5120x1536][683x5120x1536][683x5120x1536][683x5120x1536][683x5120x1536][683x5120x1536][683x5120x1536][683x5120x1536][683x5120x1536][683x5120x1536][683x5120x1536][683x5120x1536][683x5120x1536][683x5120x1536][683x5120x1536][683x5120x1536][683x5120x1536][683x5120x1536][683x5120x1536][683x5120x1536][683x5120x1536][683x5120x1536][682x5120x1536][682x5120x1536][682x5120x1536][682x5120x1536][682x5120x1536][682x5120x1536][682x5120x1536][682x5120x1536][682x5120x1536][682x5120x1536][682x5120x1536][682x5120x1536][682x5120x1536][682x5120x1536][682x5120x1536][682x5120x1536][682x5120x1536][682x5120x1536][682x5120x1536][682x5120x1536][682x5120x1536][682x5120x1536][682x5120x1536][682x5120x1536][682x5120x1536][682x5120x1536][682x5120x1536][682x5120x1536][682x5120x1536][682x5120x1536][682x5120x1536][682x5120x1536]',,tensorop,f32,128,128,64,4,1,1,2,1,1,12,4,1,1,128,128,16,100,110,2382364672,1031463239680,432,0.946509,2344.14,1.08976e+06
1,CUTLASS,grouped_gemm,cutlass3x_sm100_tensorop_gemm_grouped_bf16_bf16_f32_bf16_bf16_128x128x64_4x1x1_0_tnt_align8_stream_k_2sm_epi_tma,passed,success,grouped,,,,,bf16:row,bf16:column,bf16:row,bf16:row,1,0,invalid,invalid,heuristic,1,false,'[683x5120x1536][683x5120x1536][683x5120x1536][683x5120x1536][683x5120x1536][683x5120x1536][683x5120x1536][683x5120x1536][683x5120x1536][683x5120x1536][683x5120x1536][683x5120x1536][683x5120x1536][683x5120x1536][683x5120x1536][683x5120x1536][683x5120x1536][683x5120x1536][683x5120x1536][683x5120x1536][683x5120x1536][683x5120x1536][683x5120x1536][683x5120x1536][683x5120x1536][683x5120x1536][683x5120x1536][683x5120x1536][683x5120x1536][683x5120x1536][683x5120x1536][683x5120x1536][683x5120x1536][683x5120x1536][683x5120x1536][683x5120x1536][683x5120x1536][683x5120x1536][683x5120x1536][683x5120x1536][683x5120x1536][683x5120x1536][683x5120x1536][683x5120x1536][683x5120x1536][683x5120x1536][683x5120x1536][683x5120x1536][683x5120x1536][683x5120x1536][683x5120x1536][683x5120x1536][683x5120x1536][683x5120x1536][683x5120x1536][683x5120x1536][683x5120x1536][683x5120x1536][683x5120x1536][683x5120x1536][683x5120x1536][683x5120x1536][683x5120x1536][683x5120x1536][682x5120x1536][682x5120x1536][682x5120x1536][682x5120x1536][682x5120x1536][682x5120x1536][682x5120x1536][682x5120x1536][682x5120x1536][682x5120x1536][682x5120x1536][682x5120x1536][682x5120x1536][682x5120x1536][682x5120x1536][682x5120x1536][682x5120x1536][682x5120x1536][682x5120x1536][682x5120x1536][682x5120x1536][682x5120x1536][682x5120x1536][682x5120x1536][682x5120x1536][682x5120x1536][682x5120x1536][682x5120x1536][682x5120x1536][682x5120x1536][682x5120x1536][682x5120x1536]',,tensorop,f32,128,128,64,4,1,1,2,1,1,12,4,1,1,128,128,16,100,110,2382364672,1031463239680,432,0.942333,2354.53,1.09458e+06
1,CUTLASS,grouped_gemm,cutlass3x_sm100_tensorop_gemm_grouped_bf16_bf16_f32_void_bf16_128x128x64_4x1x1_0_tnt_align8_2sm_epi_tma,passed,success,grouped,,,,,bf16:row,bf16:column,void:row,bf16:row,1,0,invalid,invalid,heuristic,1,false,'[683x5120x1536][683x5120x1536][683x5120x1536][683x5120x1536][683x5120x1536][683x5120x1536][683x5120x1536][683x5120x1536][683x5120x1536][683x5120x1536][683x5120x1536][683x5120x1536][683x5120x1536][683x5120x1536][683x5120x1536][683x5120x1536][683x5120x1536][683x5120x1536][683x5120x1536][683x5120x1536][683x5120x1536][683x5120x1536][683x5120x1536][683x5120x1536][683x5120x1536][683x5120x1536][683x5120x1536][683x5120x1536][683x5120x1536][683x5120x1536][683x5120x1536][683x5120x1536][683x5120x1536][683x5120x1536][683x5120x1536][683x5120x1536][683x5120x1536][683x5120x1536][683x5120x1536][683x5120x1536][683x5120x1536][683x5120x1536][683x5120x1536][683x5120x1536][683x5120x1536][683x5120x1536][683x5120x1536][683x5120x1536][683x5120x1536][683x5120x1536][683x5120x1536][683x5120x1536][683x5120x1536][683x5120x1536][683x5120x1536][683x5120x1536][683x5120x1536][683x5120x1536][683x5120x1536][683x5120x1536][683x5120x1536][683x5120x1536][683x5120x1536][683x5120x1536][682x5120x1536][682x5120x1536][682x5120x1536][682x5120x1536][682x5120x1536][682x5120x1536][682x5120x1536][682x5120x1536][682x5120x1536][682x5120x1536][682x5120x1536][682x5120x1536][682x5120x1536][682x5120x1536][682x5120x1536][682x5120x1536][682x5120x1536][682x5120x1536][682x5120x1536][682x5120x1536][682x5120x1536][682x5120x1536][682x5120x1536][682x5120x1536][682x5120x1536][682x5120x1536][682x5120x1536][682x5120x1536][682x5120x1536][682x5120x1536][682x5120x1536][682x5120x1536]',,tensorop,f32,128,128,64,4,1,1,2,1,1,12,4,1,1,128,128,16,100,110,1711276032,1031463239680,602,0.972,1639.66,1.06118e+06
1,CUTLASS,grouped_gemm,cutlass3x_sm100_tensorop_gemm_grouped_bf16_bf16_f32_void_bf16_128x128x64_4x1x1_0_tnt_align8_stream_k_2sm_epi_tma,passed,success,grouped,,,,,bf16:row,bf16:column,void:row,bf16:row,1,0,invalid,invalid,heuristic,1,false,'[683x5120x1536][683x5120x1536][683x5120x1536][683x5120x1536][683x5120x1536][683x5120x1536][683x5120x1536][683x5120x1536][683x5120x1536][683x5120x1536][683x5120x1536][683x5120x1536][683x5120x1536][683x5120x1536][683x5120x1536][683x5120x1536][683x5120x1536][683x5120x1536][683x5120x1536][683x5120x1536][683x5120x1536][683x5120x1536][683x5120x1536][683x5120x1536][683x5120x1536][683x5120x1536][683x5120x1536][683x5120x1536][683x5120x1536][683x5120x1536][683x5120x1536][683x5120x1536][683x5120x1536][683x5120x1536][683x5120x1536][683x5120x1536][683x5120x1536][683x5120x1536][683x5120x1536][683x5120x1536][683x5120x1536][683x5120x1536][683x5120x1536][683x5120x1536][683x5120x1536][683x5120x1536][683x5120x1536][683x5120x1536][683x5120x1536][683x5120x1536][683x5120x1536][683x5120x1536][683x5120x1536][683x5120x1536][683x5120x1536][683x5120x1536][683x5120x1536][683x5120x1536][683x5120x1536][683x5120x1536][683x5120x1536][683x5120x1536][683x5120x1536][683x5120x1536][682x5120x1536][682x5120x1536][682x5120x1536][682x5120x1536][682x5120x1536][682x5120x1536][682x5120x1536][682x5120x1536][682x5120x1536][682x5120x1536][682x5120x1536][682x5120x1536][682x5120x1536][682x5120x1536][682x5120x1536][682x5120x1536][682x5120x1536][682x5120x1536][682x5120x1536][682x5120x1536][682x5120x1536][682x5120x1536][682x5120x1536][682x5120x1536][682x5120x1536][682x5120x1536][682x5120x1536][682x5120x1536][682x5120x1536][682x5120x1536][682x5120x1536][682x5120x1536]',,tensorop,f32,128,128,64,4,1,1,2,1,1,12,4,1,1,128,128,16,100,110,1711276032,1031463239680,602,0.965546,1650.62,1.06827e+06
1,CUTLASS,grouped_gemm,cutlass3x_sm100_tensorop_gemm_grouped_bf16_bf16_f32_bf16_bf16_128x128x64_2x4x1_0_tnt_align8_2sm_epi_tma,passed,success,grouped,,,,,bf16:row,bf16:column,bf16:row,bf16:row,1,0,invalid,invalid,heuristic,1,false,'[683x5120x1536][683x5120x1536][683x5120x1536][683x5120x1536][683x5120x1536][683x5120x1536][683x5120x1536][683x5120x1536][683x5120x1536][683x5120x1536][683x5120x1536][683x5120x1536][683x5120x1536][683x5120x1536][683x5120x1536][683x5120x1536][683x5120x1536][683x5120x1536][683x5120x1536][683x5120x1536][683x5120x1536][683x5120x1536][683x5120x1536][683x5120x1536][683x5120x1536][683x5120x1536][683x5120x1536][683x5120x1536][683x5120x1536][683x5120x1536][683x5120x1536][683x5120x1536][683x5120x1536][683x5120x1536][683x5120x1536][683x5120x1536][683x5120x1536][683x5120x1536][683x5120x1536][683x5120x1536][683x5120x1536][683x5120x1536][683x5120x1536][683x5120x1536][683x5120x1536][683x5120x1536][683x5120x1536][683x5120x1536][683x5120x1536][683x5120x1536][683x5120x1536][683x5120x1536][683x5120x1536][683x5120x1536][683x5120x1536][683x5120x1536][683x5120x1536][683x5120x1536][683x5120x1536][683x5120x1536][683x5120x1536][683x5120x1536][683x5120x1536][683x5120x1536][682x5120x1536][682x5120x1536][682x5120x1536][682x5120x1536][682x5120x1536][682x5120x1536][682x5120x1536][682x5120x1536][682x5120x1536][682x5120x1536][682x5120x1536][682x5120x1536][682x5120x1536][682x5120x1536][682x5120x1536][682x5120x1536][682x5120x1536][682x5120x1536][682x5120x1536][682x5120x1536][682x5120x1536][682x5120x1536][682x5120x1536][682x5120x1536][682x5120x1536][682x5120x1536][682x5120x1536][682x5120x1536][682x5120x1536][682x5120x1536][682x5120x1536][682x5120x1536]',,tensorop,f32,128,128,64,2,4,1,2,1,1,12,4,1,1,128,128,16,100,110,2382364672,1031463239680,432,1.02361,2167.57,1.00767e+06
1,CUTLASS,grouped_gemm,cutlass3x_sm100_tensorop_gemm_grouped_bf16_bf16_f32_bf16_bf16_128x128x64_2x4x1_0_tnt_align8_stream_k_2sm_epi_tma,passed,success,grouped,,,,,bf16:row,bf16:column,bf16:row,bf16:row,1,0,invalid,invalid,heuristic,1,false,'[683x5120x1536][683x5120x1536][683x5120x1536][683x5120x1536][683x5120x1536][683x5120x1536][683x5120x1536][683x5120x1536][683x5120x1536][683x5120x1536][683x5120x1536][683x5120x1536][683x5120x1536][683x5120x1536][683x5120x1536][683x5120x1536][683x5120x1536][683x5120x1536][683x5120x1536][683x5120x1536][683x5120x1536][683x5120x1536][683x5120x1536][683x5120x1536][683x5120x1536][683x5120x1536][683x5120x1536][683x5120x1536][683x5120x1536][683x5120x1536][683x5120x1536][683x5120x1536][683x5120x1536][683x5120x1536][683x5120x1536][683x5120x1536][683x5120x1536][683x5120x1536][683x5120x1536][683x5120x1536][683x5120x1536][683x5120x1536][683x5120x1536][683x5120x1536][683x5120x1536][683x5120x1536][683x5120x1536][683x5120x1536][683x5120x1536][683x5120x1536][683x5120x1536][683x5120x1536][683x5120x1536][683x5120x1536][683x5120x1536][683x5120x1536][683x5120x1536][683x5120x1536][683x5120x1536][683x5120x1536][683x5120x1536][683x5120x1536][683x5120x1536][683x5120x1536][682x5120x1536][682x5120x1536][682x5120x1536][682x5120x1536][682x5120x1536][682x5120x1536][682x5120x1536][682x5120x1536][682x5120x1536][682x5120x1536][682x5120x1536][682x5120x1536][682x5120x1536][682x5120x1536][682x5120x1536][682x5120x1536][682x5120x1536][682x5120x1536][682x5120x1536][682x5120x1536][682x5120x1536][682x5120x1536][682x5120x1536][682x5120x1536][682x5120x1536][682x5120x1536][682x5120x1536][682x5120x1536][682x5120x1536][682x5120x1536][682x5120x1536][682x5120x1536]',,tensorop,f32,128,128,64,2,4,1,2,1,1,12,4,1,1,128,128,16,100,110,2382364672,1031463239680,432,1.02668,2161.09,1.00466e+06
1,CUTLASS,grouped_gemm,cutlass3x_sm100_tensorop_gemm_grouped_bf16_bf16_f32_void_bf16_128x128x64_2x4x1_0_tnt_align8_2sm_epi_tma,passed,success,grouped,,,,,bf16:row,bf16:column,void:row,bf16:row,1,0,invalid,invalid,heuristic,1,false,'[683x5120x1536][683x5120x1536][683x5120x1536][683x5120x1536][683x5120x1536][683x5120x1536][683x5120x1536][683x5120x1536][683x5120x1536][683x5120x1536][683x5120x1536][683x5120x1536][683x5120x1536][683x5120x1536][683x5120x1536][683x5120x1536][683x5120x1536][683x5120x1536][683x5120x1536][683x5120x1536][683x5120x1536][683x5120x1536][683x5120x1536][683x5120x1536][683x5120x1536][683x5120x1536][683x5120x1536][683x5120x1536][683x5120x1536][683x5120x1536][683x5120x1536][683x5120x1536][683x5120x1536][683x5120x1536][683x5120x1536][683x5120x1536][683x5120x1536][683x5120x1536][683x5120x1536][683x5120x1536][683x5120x1536][683x5120x1536][683x5120x1536][683x5120x1536][683x5120x1536][683x5120x1536][683x5120x1536][683x5120x1536][683x5120x1536][683x5120x1536][683x5120x1536][683x5120x1536][683x5120x1536][683x5120x1536][683x5120x1536][683x5120x1536][683x5120x1536][683x5120x1536][683x5120x1536][683x5120x1536][683x5120x1536][683x5120x1536][683x5120x1536][683x5120x1536][682x5120x1536][682x5120x1536][682x5120x1536][682x5120x1536][682x5120x1536][682x5120x1536][682x5120x1536][682x5120x1536][682x5120x1536][682x5120x1536][682x5120x1536][682x5120x1536][682x5120x1536][682x5120x1536][682x5120x1536][682x5120x1536][682x5120x1536][682x5120x1536][682x5120x1536][682x5120x1536][682x5120x1536][682x5120x1536][682x5120x1536][682x5120x1536][682x5120x1536][682x5120x1536][682x5120x1536][682x5120x1536][682x5120x1536][682x5120x1536][682x5120x1536][682x5120x1536]',,tensorop,f32,128,128,64,2,4,1,2,1,1,12,4,1,1,128,128,16,100,110,1711276032,1031463239680,602,1.01112,1576.23,1.02012e+06
1,CUTLASS,grouped_gemm,cutlass3x_sm100_tensorop_gemm_grouped_bf16_bf16_f32_void_bf16_128x128x64_2x4x1_0_tnt_align8_stream_k_2sm_epi_tma,passed,success,grouped,,,,,bf16:row,bf16:column,void:row,bf16:row,1,0,invalid,invalid,heuristic,1,false,'[683x5120x1536][683x5120x1536][683x5120x1536][683x5120x1536][683x5120x1536][683x5120x1536][683x5120x1536][683x5120x1536][683x5120x1536][683x5120x1536][683x5120x1536][683x5120x1536][683x5120x1536][683x5120x1536][683x5120x1536][683x5120x1536][683x5120x1536][683x5120x1536][683x5120x1536][683x5120x1536][683x5120x1536][683x5120x1536][683x5120x1536][683x5120x1536][683x5120x1536][683x5120x1536][683x5120x1536][683x5120x1536][683x5120x1536][683x5120x1536][683x5120x1536][683x5120x1536][683x5120x1536][683x5120x1536][683x5120x1536][683x5120x1536][683x5120x1536][683x5120x1536][683x5120x1536][683x5120x1536][683x5120x1536][683x5120x1536][683x5120x1536][683x5120x1536][683x5120x1536][683x5120x1536][683x5120x1536][683x5120x1536][683x5120x1536][683x5120x1536][683x5120x1536][683x5120x1536][683x5120x1536][683x5120x1536][683x5120x1536][683x5120x1536][683x5120x1536][683x5120x1536][683x5120x1536][683x5120x1536][683x5120x1536][683x5120x1536][683x5120x1536][683x5120x1536][682x5120x1536][682x5120x1536][682x5120x1536][682x5120x1536][682x5120x1536][682x5120x1536][682x5120x1536][682x5120x1536][682x5120x1536][682x5120x1536][682x5120x1536][682x5120x1536][682x5120x1536][682x5120x1536][682x5120x1536][682x5120x1536][682x5120x1536][682x5120x1536][682x5120x1536][682x5120x1536][682x5120x1536][682x5120x1536][682x5120x1536][682x5120x1536][682x5120x1536][682x5120x1536][682x5120x1536][682x5120x1536][682x5120x1536][682x5120x1536][682x5120x1536][682x5120x1536]',,tensorop,f32,128,128,64,2,4,1,2,1,1,12,4,1,1,128,128,16,100,110,1711276032,1031463239680,602,1.00863,1580.11,1.02264e+06
1,CUTLASS,grouped_gemm,cutlass3x_sm100_tensorop_gemm_grouped_bf16_bf16_f32_bf16_bf16_128x128x64_4x2x1_0_tnt_align8_2sm_epi_tma,passed,success,grouped,,,,,bf16:row,bf16:column,bf16:row,bf16:row,1,0,invalid,invalid,heuristic,1,false,'[683x5120x1536][683x5120x1536][683x5120x1536][683x5120x1536][683x5120x1536][683x5120x1536][683x5120x1536][683x5120x1536][683x5120x1536][683x5120x1536][683x5120x1536][683x5120x1536][683x5120x1536][683x5120x1536][683x5120x1536][683x5120x1536][683x5120x1536][683x5120x1536][683x5120x1536][683x5120x1536][683x5120x1536][683x5120x1536][683x5120x1536][683x5120x1536][683x5120x1536][683x5120x1536][683x5120x1536][683x5120x1536][683x5120x1536][683x5120x1536][683x5120x1536][683x5120x1536][683x5120x1536][683x5120x1536][683x5120x1536][683x5120x1536][683x5120x1536][683x5120x1536][683x5120x1536][683x5120x1536][683x5120x1536][683x5120x1536][683x5120x1536][683x5120x1536][683x5120x1536][683x5120x1536][683x5120x1536][683x5120x1536][683x5120x1536][683x5120x1536][683x5120x1536][683x5120x1536][683x5120x1536][683x5120x1536][683x5120x1536][683x5120x1536][683x5120x1536][683x5120x1536][683x5120x1536][683x5120x1536][683x5120x1536][683x5120x1536][683x5120x1536][683x5120x1536][682x5120x1536][682x5120x1536][682x5120x1536][682x5120x1536][682x5120x1536][682x5120x1536][682x5120x1536][682x5120x1536][682x5120x1536][682x5120x1536][682x5120x1536][682x5120x1536][682x5120x1536][682x5120x1536][682x5120x1536][682x5120x1536][682x5120x1536][682x5120x1536][682x5120x1536][682x5120x1536][682x5120x1536][682x5120x1536][682x5120x1536][682x5120x1536][682x5120x1536][682x5120x1536][682x5120x1536][682x5120x1536][682x5120x1536][682x5120x1536][682x5120x1536][682x5120x1536]',,tensorop,f32,128,128,64,4,2,1,2,1,1,12,4,1,1,128,128,16,100,110,2382364672,1031463239680,432,0.998621,2221.81,1.03289e+06
1,CUTLASS,grouped_gemm,cutlass3x_sm100_tensorop_gemm_grouped_bf16_bf16_f32_bf16_bf16_128x128x64_4x2x1_0_tnt_align8_stream_k_2sm_epi_tma,passed,success,grouped,,,,,bf16:row,bf16:column,bf16:row,bf16:row,1,0,invalid,invalid,heuristic,1,false,'[683x5120x1536][683x5120x1536][683x5120x1536][683x5120x1536][683x5120x1536][683x5120x1536][683x5120x1536][683x5120x1536][683x5120x1536][683x5120x1536][683x5120x1536][683x5120x1536][683x5120x1536][683x5120x1536][683x5120x1536][683x5120x1536][683x5120x1536][683x5120x1536][683x5120x1536][683x5120x1536][683x5120x1536][683x5120x1536][683x5120x1536][683x5120x1536][683x5120x1536][683x5120x1536][683x5120x1536][683x5120x1536][683x5120x1536][683x5120x1536][683x5120x1536][683x5120x1536][683x5120x1536][683x5120x1536][683x5120x1536][683x5120x1536][683x5120x1536][683x5120x1536][683x5120x1536][683x5120x1536][683x5120x1536][683x5120x1536][683x5120x1536][683x5120x1536][683x5120x1536][683x5120x1536][683x5120x1536][683x5120x1536][683x5120x1536][683x5120x1536][683x5120x1536][683x5120x1536][683x5120x1536][683x5120x1536][683x5120x1536][683x5120x1536][683x5120x1536][683x5120x1536][683x5120x1536][683x5120x1536][683x5120x1536][683x5120x1536][683x5120x1536][683x5120x1536][682x5120x1536][682x5120x1536][682x5120x1536][682x5120x1536][682x5120x1536][682x5120x1536][682x5120x1536][682x5120x1536][682x5120x1536][682x5120x1536][682x5120x1536][682x5120x1536][682x5120x1536][682x5120x1536][682x5120x1536][682x5120x1536][682x5120x1536][682x5120x1536][682x5120x1536][682x5120x1536][682x5120x1536][682x5120x1536][682x5120x1536][682x5120x1536][682x5120x1536][682x5120x1536][682x5120x1536][682x5120x1536][682x5120x1536][682x5120x1536][682x5120x1536][682x5120x1536]',,tensorop,f32,128,128,64,4,2,1,2,1,1,12,4,1,1,128,128,16,100,110,2382364672,1031463239680,432,0.998416,2222.27,1.0331e+06
1,CUTLASS,grouped_gemm,cutlass3x_sm100_tensorop_gemm_grouped_bf16_bf16_f32_void_bf16_128x128x64_4x2x1_0_tnt_align8_2sm_epi_tma,passed,success,grouped,,,,,bf16:row,bf16:column,void:row,bf16:row,1,0,invalid,invalid,heuristic,1,false,'[683x5120x1536][683x5120x1536][683x5120x1536][683x5120x1536][683x5120x1536][683x5120x1536][683x5120x1536][683x5120x1536][683x5120x1536][683x5120x1536][683x5120x1536][683x5120x1536][683x5120x1536][683x5120x1536][683x5120x1536][683x5120x1536][683x5120x1536][683x5120x1536][683x5120x1536][683x5120x1536][683x5120x1536][683x5120x1536][683x5120x1536][683x5120x1536][683x5120x1536][683x5120x1536][683x5120x1536][683x5120x1536][683x5120x1536][683x5120x1536][683x5120x1536][683x5120x1536][683x5120x1536][683x5120x1536][683x5120x1536][683x5120x1536][683x5120x1536][683x5120x1536][683x5120x1536][683x5120x1536][683x5120x1536][683x5120x1536][683x5120x1536][683x5120x1536][683x5120x1536][683x5120x1536][683x5120x1536][683x5120x1536][683x5120x1536][683x5120x1536][683x5120x1536][683x5120x1536][683x5120x1536][683x5120x1536][683x5120x1536][683x5120x1536][683x5120x1536][683x5120x1536][683x5120x1536][683x5120x1536][683x5120x1536][683x5120x1536][683x5120x1536][683x5120x1536][682x5120x1536][682x5120x1536][682x5120x1536][682x5120x1536][682x5120x1536][682x5120x1536][682x5120x1536][682x5120x1536][682x5120x1536][682x5120x1536][682x5120x1536][682x5120x1536][682x5120x1536][682x5120x1536][682x5120x1536][682x5120x1536][682x5120x1536][682x5120x1536][682x5120x1536][682x5120x1536][682x5120x1536][682x5120x1536][682x5120x1536][682x5120x1536][682x5120x1536][682x5120x1536][682x5120x1536][682x5120x1536][682x5120x1536][682x5120x1536][682x5120x1536][682x5120x1536]',,tensorop,f32,128,128,64,4,2,1,2,1,1,12,4,1,1,128,128,16,100,110,1711276032,1031463239680,602,1.01657,1567.77,1.01465e+06
1,CUTLASS,grouped_gemm,cutlass3x_sm100_tensorop_gemm_grouped_bf16_bf16_f32_void_bf16_128x128x64_4x2x1_0_tnt_align8_stream_k_2sm_epi_tma,passed,success,grouped,,,,,bf16:row,bf16:column,void:row,bf16:row,1,0,invalid,invalid,heuristic,1,false,'[683x5120x1536][683x5120x1536][683x5120x1536][683x5120x1536][683x5120x1536][683x5120x1536][683x5120x1536][683x5120x1536][683x5120x1536][683x5120x1536][683x5120x1536][683x5120x1536][683x5120x1536][683x5120x1536][683x5120x1536][683x5120x1536][683x5120x1536][683x5120x1536][683x5120x1536][683x5120x1536][683x5120x1536][683x5120x1536][683x5120x1536][683x5120x1536][683x5120x1536][683x5120x1536][683x5120x1536][683x5120x1536][683x5120x1536][683x5120x1536][683x5120x1536][683x5120x1536][683x5120x1536][683x5120x1536][683x5120x1536][683x5120x1536][683x5120x1536][683x5120x1536][683x5120x1536][683x5120x1536][683x5120x1536][683x5120x1536][683x5120x1536][683x5120x1536][683x5120x1536][683x5120x1536][683x5120x1536][683x5120x1536][683x5120x1536][683x5120x1536][683x5120x1536][683x5120x1536][683x5120x1536][683x5120x1536][683x5120x1536][683x5120x1536][683x5120x1536][683x5120x1536][683x5120x1536][683x5120x1536][683x5120x1536][683x5120x1536][683x5120x1536][683x5120x1536][682x5120x1536][682x5120x1536][682x5120x1536][682x5120x1536][682x5120x1536][682x5120x1536][682x5120x1536][682x5120x1536][682x5120x1536][682x5120x1536][682x5120x1536][682x5120x1536][682x5120x1536][682x5120x1536][682x5120x1536][682x5120x1536][682x5120x1536][682x5120x1536][682x5120x1536][682x5120x1536][682x5120x1536][682x5120x1536][682x5120x1536][682x5120x1536][682x5120x1536][682x5120x1536][682x5120x1536][682x5120x1536][682x5120x1536][682x5120x1536][682x5120x1536][682x5120x1536]',,tensorop,f32,128,128,64,4,2,1,2,1,1,12,4,1,1,128,128,16,100,110,1711276032,1031463239680,602,1.01688,1567.3,1.01434e+06
1,CUTLASS,grouped_gemm,cutlass3x_sm100_tensorop_gemm_grouped_bf16_bf16_f32_bf16_bf16_128x128x64_4x4x1_0_tnt_align8_2sm_epi_tma,passed,success,grouped,,,,,bf16:row,bf16:column,bf16:row,bf16:row,1,0,invalid,invalid,heuristic,1,false,'[683x5120x1536][683x5120x1536][683x5120x1536][683x5120x1536][683x5120x1536][683x5120x1536][683x5120x1536][683x5120x1536][683x5120x1536][683x5120x1536][683x5120x1536][683x5120x1536][683x5120x1536][683x5120x1536][683x5120x1536][683x5120x1536][683x5120x1536][683x5120x1536][683x5120x1536][683x5120x1536][683x5120x1536][683x5120x1536][683x5120x1536][683x5120x1536][683x5120x1536][683x5120x1536][683x5120x1536][683x5120x1536][683x5120x1536][683x5120x1536][683x5120x1536][683x5120x1536][683x5120x1536][683x5120x1536][683x5120x1536][683x5120x1536][683x5120x1536][683x5120x1536][683x5120x1536][683x5120x1536][683x5120x1536][683x5120x1536][683x5120x1536][683x5120x1536][683x5120x1536][683x5120x1536][683x5120x1536][683x5120x1536][683x5120x1536][683x5120x1536][683x5120x1536][683x5120x1536][683x5120x1536][683x5120x1536][683x5120x1536][683x5120x1536][683x5120x1536][683x5120x1536][683x5120x1536][683x5120x1536][683x5120x1536][683x5120x1536][683x5120x1536][683x5120x1536][682x5120x1536][682x5120x1536][682x5120x1536][682x5120x1536][682x5120x1536][682x5120x1536][682x5120x1536][682x5120x1536][682x5120x1536][682x5120x1536][682x5120x1536][682x5120x1536][682x5120x1536][682x5120x1536][682x5120x1536][682x5120x1536][682x5120x1536][682x5120x1536][682x5120x1536][682x5120x1536][682x5120x1536][682x5120x1536][682x5120x1536][682x5120x1536][682x5120x1536][682x5120x1536][682x5120x1536][682x5120x1536][682x5120x1536][682x5120x1536][682x5120x1536][682x5120x1536]',,tensorop,f32,128,128,64,4,4,1,2,1,1,12,4,1,1,128,128,16,100,110,2382364672,1031463239680,432,1.05331,2106.46,979260
1,CUTLASS,grouped_gemm,cutlass3x_sm100_tensorop_gemm_grouped_bf16_bf16_f32_bf16_bf16_128x128x64_4x4x1_0_tnt_align8_stream_k_2sm_epi_tma,passed,success,grouped,,,,,bf16:row,bf16:column,bf16:row,bf16:row,1,0,invalid,invalid,heuristic,1,false,'[683x5120x1536][683x5120x1536][683x5120x1536][683x5120x1536][683x5120x1536][683x5120x1536][683x5120x1536][683x5120x1536][683x5120x1536][683x5120x1536][683x5120x1536][683x5120x1536][683x5120x1536][683x5120x1536][683x5120x1536][683x5120x1536][683x5120x1536][683x5120x1536][683x5120x1536][683x5120x1536][683x5120x1536][683x5120x1536][683x5120x1536][683x5120x1536][683x5120x1536][683x5120x1536][683x5120x1536][683x5120x1536][683x5120x1536][683x5120x1536][683x5120x1536][683x5120x1536][683x5120x1536][683x5120x1536][683x5120x1536][683x5120x1536][683x5120x1536][683x5120x1536][683x5120x1536][683x5120x1536][683x5120x1536][683x5120x1536][683x5120x1536][683x5120x1536][683x5120x1536][683x5120x1536][683x5120x1536][683x5120x1536][683x5120x1536][683x5120x1536][683x5120x1536][683x5120x1536][683x5120x1536][683x5120x1536][683x5120x1536][683x5120x1536][683x5120x1536][683x5120x1536][683x5120x1536][683x5120x1536][683x5120x1536][683x5120x1536][683x5120x1536][683x5120x1536][682x5120x1536][682x5120x1536][682x5120x1536][682x5120x1536][682x5120x1536][682x5120x1536][682x5120x1536][682x5120x1536][682x5120x1536][682x5120x1536][682x5120x1536][682x5120x1536][682x5120x1536][682x5120x1536][682x5120x1536][682x5120x1536][682x5120x1536][682x5120x1536][682x5120x1536][682x5120x1536][682x5120x1536][682x5120x1536][682x5120x1536][682x5120x1536][682x5120x1536][682x5120x1536][682x5120x1536][682x5120x1536][682x5120x1536][682x5120x1536][682x5120x1536][682x5120x1536]',,tensorop,f32,128,128,64,4,4,1,2,1,1,12,4,1,1,128,128,16,100,110,2382364672,1031463239680,432,1.05719,2098.72,975662
1,CUTLASS,grouped_gemm,cutlass3x_sm100_tensorop_gemm_grouped_bf16_bf16_f32_void_bf16_128x128x64_4x4x1_0_tnt_align8_2sm_epi_tma,passed,success,grouped,,,,,bf16:row,bf16:column,void:row,bf16:row,1,0,invalid,invalid,heuristic,1,false,'[683x5120x1536][683x5120x1536][683x5120x1536][683x5120x1536][683x5120x1536][683x5120x1536][683x5120x1536][683x5120x1536][683x5120x1536][683x5120x1536][683x5120x1536][683x5120x1536][683x5120x1536][683x5120x1536][683x5120x1536][683x5120x1536][683x5120x1536][683x5120x1536][683x5120x1536][683x5120x1536][683x5120x1536][683x5120x1536][683x5120x1536][683x5120x1536][683x5120x1536][683x5120x1536][683x5120x1536][683x5120x1536][683x5120x1536][683x5120x1536][683x5120x1536][683x5120x1536][683x5120x1536][683x5120x1536][683x5120x1536][683x5120x1536][683x5120x1536][683x5120x1536][683x5120x1536][683x5120x1536][683x5120x1536][683x5120x1536][683x5120x1536][683x5120x1536][683x5120x1536][683x5120x1536][683x5120x1536][683x5120x1536][683x5120x1536][683x5120x1536][683x5120x1536][683x5120x1536][683x5120x1536][683x5120x1536][683x5120x1536][683x5120x1536][683x5120x1536][683x5120x1536][683x5120x1536][683x5120x1536][683x5120x1536][683x5120x1536][683x5120x1536][683x5120x1536][682x5120x1536][682x5120x1536][682x5120x1536][682x5120x1536][682x5120x1536][682x5120x1536][682x5120x1536][682x5120x1536][682x5120x1536][682x5120x1536][682x5120x1536][682x5120x1536][682x5120x1536][682x5120x1536][682x5120x1536][682x5120x1536][682x5120x1536][682x5120x1536][682x5120x1536][682x5120x1536][682x5120x1536][682x5120x1536][682x5120x1536][682x5120x1536][682x5120x1536][682x5120x1536][682x5120x1536][682x5120x1536][682x5120x1536][682x5120x1536][682x5120x1536][682x5120x1536]',,tensorop,f32,128,128,64,4,4,1,2,1,1,12,4,1,1,128,128,16,100,110,1711276032,1031463239680,602,1.07215,1486.5,962054
1,CUTLASS,grouped_gemm,cutlass3x_sm100_tensorop_gemm_grouped_bf16_bf16_f32_void_bf16_128x128x64_4x4x1_0_tnt_align8_stream_k_2sm_epi_tma,passed,success,grouped,,,,,bf16:row,bf16:column,void:row,bf16:row,1,0,invalid,invalid,heuristic,1,false,'[683x5120x1536][683x5120x1536][683x5120x1536][683x5120x1536][683x5120x1536][683x5120x1536][683x5120x1536][683x5120x1536][683x5120x1536][683x5120x1536][683x5120x1536][683x5120x1536][683x5120x1536][683x5120x1536][683x5120x1536][683x5120x1536][683x5120x1536][683x5120x1536][683x5120x1536][683x5120x1536][683x5120x1536][683x5120x1536][683x5120x1536][683x5120x1536][683x5120x1536][683x5120x1536][683x5120x1536][683x5120x1536][683x5120x1536][683x5120x1536][683x5120x1536][683x5120x1536][683x5120x1536][683x5120x1536][683x5120x1536][683x5120x1536][683x5120x1536][683x5120x1536][683x5120x1536][683x5120x1536][683x5120x1536][683x5120x1536][683x5120x1536][683x5120x1536][683x5120x1536][683x5120x1536][683x5120x1536][683x5120x1536][683x5120x1536][683x5120x1536][683x5120x1536][683x5120x1536][683x5120x1536][683x5120x1536][683x5120x1536][683x5120x1536][683x5120x1536][683x5120x1536][683x5120x1536][683x5120x1536][683x5120x1536][683x5120x1536][683x5120x1536][683x5120x1536][682x5120x1536][682x5120x1536][682x5120x1536][682x5120x1536][682x5120x1536][682x5120x1536][682x5120x1536][682x5120x1536][682x5120x1536][682x5120x1536][682x5120x1536][682x5120x1536][682x5120x1536][682x5120x1536][682x5120x1536][682x5120x1536][682x5120x1536][682x5120x1536][682x5120x1536][682x5120x1536][682x5120x1536][682x5120x1536][682x5120x1536][682x5120x1536][682x5120x1536][682x5120x1536][682x5120x1536][682x5120x1536][682x5120x1536][682x5120x1536][682x5120x1536][682x5120x1536]',,tensorop,f32,128,128,64,4,4,1,2,1,1,12,4,1,1,128,128,16,100,110,1711276032,1031463239680,602,1.07194,1486.79,962238
1,CUTLASS,grouped_gemm,cutlass3x_sm100_tensorop_gemm_grouped_bf16_bf16_f32_f32_f32_128x256x64_0x0x1_0_tnt_align8_2sm_epi_tma,passed,success,grouped,,,,,bf16:row,bf16:column,f32:row,f32:row,1,0,invalid,invalid,heuristic,1,false,'[683x5120x1536][683x5120x1536][683x5120x1536][683x5120x1536][683x5120x1536][683x5120x1536][683x5120x1536][683x5120x1536][683x5120x1536][683x5120x1536][683x5120x1536][683x5120x1536][683x5120x1536][683x5120x1536][683x5120x1536][683x5120x1536][683x5120x1536][683x5120x1536][683x5120x1536][683x5120x1536][683x5120x1536][683x5120x1536][683x5120x1536][683x5120x1536][683x5120x1536][683x5120x1536][683x5120x1536][683x5120x1536][683x5120x1536][683x5120x1536][683x5120x1536][683x5120x1536][683x5120x1536][683x5120x1536][683x5120x1536][683x5120x1536][683x5120x1536][683x5120x1536][683x5120x1536][683x5120x1536][683x5120x1536][683x5120x1536][683x5120x1536][683x5120x1536][683x5120x1536][683x5120x1536][683x5120x1536][683x5120x1536][683x5120x1536][683x5120x1536][683x5120x1536][683x5120x1536][683x5120x1536][683x5120x1536][683x5120x1536][683x5120x1536][683x5120x1536][683x5120x1536][683x5120x1536][683x5120x1536][683x5120x1536][683x5120x1536][683x5120x1536][683x5120x1536][682x5120x1536][682x5120x1536][682x5120x1536][682x5120x1536][682x5120x1536][682x5120x1536][682x5120x1536][682x5120x1536][682x5120x1536][682x5120x1536][682x5120x1536][682x5120x1536][682x5120x1536][682x5120x1536][682x5120x1536][682x5120x1536][682x5120x1536][682x5120x1536][682x5120x1536][682x5120x1536][682x5120x1536][682x5120x1536][682x5120x1536][682x5120x1536][682x5120x1536][682x5120x1536][682x5120x1536][682x5120x1536][682x5120x1536][682x5120x1536][682x5120x1536][682x5120x1536]',,tensorop,f32,128,256,64,2,1,1,2,1,1,7,4,1,1,128,256,16,100,110,3053453312,1031463239680,337,0.840858,3381.96,1.22668e+06
1,CUTLASS,grouped_gemm,cutlass3x_sm100_tensorop_gemm_grouped_bf16_bf16_f32_f32_f32_128x256x64_0x0x1_0_tnt_align8_stream_k_2sm_epi_tma,passed,success,grouped,,,,,bf16:row,bf16:column,f32:row,f32:row,1,0,invalid,invalid,heuristic,1,false,'[683x5120x1536][683x5120x1536][683x5120x1536][683x5120x1536][683x5120x1536][683x5120x1536][683x5120x1536][683x5120x1536][683x5120x1536][683x5120x1536][683x5120x1536][683x5120x1536][683x5120x1536][683x5120x1536][683x5120x1536][683x5120x1536][683x5120x1536][683x5120x1536][683x5120x1536][683x5120x1536][683x5120x1536][683x5120x1536][683x5120x1536][683x5120x1536][683x5120x1536][683x5120x1536][683x5120x1536][683x5120x1536][683x5120x1536][683x5120x1536][683x5120x1536][683x5120x1536][683x5120x1536][683x5120x1536][683x5120x1536][683x5120x1536][683x5120x1536][683x5120x1536][683x5120x1536][683x5120x1536][683x5120x1536][683x5120x1536][683x5120x1536][683x5120x1536][683x5120x1536][683x5120x1536][683x5120x1536][683x5120x1536][683x5120x1536][683x5120x1536][683x5120x1536][683x5120x1536][683x5120x1536][683x5120x1536][683x5120x1536][683x5120x1536][683x5120x1536][683x5120x1536][683x5120x1536][683x5120x1536][683x5120x1536][683x5120x1536][683x5120x1536][683x5120x1536][682x5120x1536][682x5120x1536][682x5120x1536][682x5120x1536][682x5120x1536][682x5120x1536][682x5120x1536][682x5120x1536][682x5120x1536][682x5120x1536][682x5120x1536][682x5120x1536][682x5120x1536][682x5120x1536][682x5120x1536][682x5120x1536][682x5120x1536][682x5120x1536][682x5120x1536][682x5120x1536][682x5120x1536][682x5120x1536][682x5120x1536][682x5120x1536][682x5120x1536][682x5120x1536][682x5120x1536][682x5120x1536][682x5120x1536][682x5120x1536][682x5120x1536][682x5120x1536]',,tensorop,f32,128,256,64,2,1,1,2,1,1,7,4,1,1,128,256,16,100,110,3053453312,1031463239680,337,0.841235,3380.45,1.22613e+06
1,CUTLASS,grouped_gemm,cutlass3x_sm100_tensorop_gemm_grouped_bf16_bf16_f32_void_f32_128x256x64_0x0x1_0_tnt_align8_2sm_epi_tma,passed,success,grouped,,,,,bf16:row,bf16:column,void:row,f32:row,1,0,invalid,invalid,heuristic,1,false,'[683x5120x1536][683x5120x1536][683x5120x1536][683x5120x1536][683x5120x1536][683x5120x1536][683x5120x1536][683x5120x1536][683x5120x1536][683x5120x1536][683x5120x1536][683x5120x1536][683x5120x1536][683x5120x1536][683x5120x1536][683x5120x1536][683x5120x1536][683x5120x1536][683x5120x1536][683x5120x1536][683x5120x1536][683x5120x1536][683x5120x1536][683x5120x1536][683x5120x1536][683x5120x1536][683x5120x1536][683x5120x1536][683x5120x1536][683x5120x1536][683x5120x1536][683x5120x1536][683x5120x1536][683x5120x1536][683x5120x1536][683x5120x1536][683x5120x1536][683x5120x1536][683x5120x1536][683x5120x1536][683x5120x1536][683x5120x1536][683x5120x1536][683x5120x1536][683x5120x1536][683x5120x1536][683x5120x1536][683x5120x1536][683x5120x1536][683x5120x1536][683x5120x1536][683x5120x1536][683x5120x1536][683x5120x1536][683x5120x1536][683x5120x1536][683x5120x1536][683x5120x1536][683x5120x1536][683x5120x1536][683x5120x1536][683x5120x1536][683x5120x1536][683x5120x1536][682x5120x1536][682x5120x1536][682x5120x1536][682x5120x1536][682x5120x1536][682x5120x1536][682x5120x1536][682x5120x1536][682x5120x1536][682x5120x1536][682x5120x1536][682x5120x1536][682x5120x1536][682x5120x1536][682x5120x1536][682x5120x1536][682x5120x1536][682x5120x1536][682x5120x1536][682x5120x1536][682x5120x1536][682x5120x1536][682x5120x1536][682x5120x1536][682x5120x1536][682x5120x1536][682x5120x1536][682x5120x1536][682x5120x1536][682x5120x1536][682x5120x1536][682x5120x1536]',,tensorop,f32,128,256,64,2,1,1,2,1,1,7,4,1,1,128,256,16,100,110,1711276032,1031463239680,602,0.868605,1834.84,1.18749e+06
1,CUTLASS,grouped_gemm,cutlass3x_sm100_tensorop_gemm_grouped_bf16_bf16_f32_void_f32_128x256x64_0x0x1_0_tnt_align8_stream_k_2sm_epi_tma,passed,success,grouped,,,,,bf16:row,bf16:column,void:row,f32:row,1,0,invalid,invalid,heuristic,1,false,'[683x5120x1536][683x5120x1536][683x5120x1536][683x5120x1536][683x5120x1536][683x5120x1536][683x5120x1536][683x5120x1536][683x5120x1536][683x5120x1536][683x5120x1536][683x5120x1536][683x5120x1536][683x5120x1536][683x5120x1536][683x5120x1536][683x5120x1536][683x5120x1536][683x5120x1536][683x5120x1536][683x5120x1536][683x5120x1536][683x5120x1536][683x5120x1536][683x5120x1536][683x5120x1536][683x5120x1536][683x5120x1536][683x5120x1536][683x5120x1536][683x5120x1536][683x5120x1536][683x5120x1536][683x5120x1536][683x5120x1536][683x5120x1536][683x5120x1536][683x5120x1536][683x5120x1536][683x5120x1536][683x5120x1536][683x5120x1536][683x5120x1536][683x5120x1536][683x5120x1536][683x5120x1536][683x5120x1536][683x5120x1536][683x5120x1536][683x5120x1536][683x5120x1536][683x5120x1536][683x5120x1536][683x5120x1536][683x5120x1536][683x5120x1536][683x5120x1536][683x5120x1536][683x5120x1536][683x5120x1536][683x5120x1536][683x5120x1536][683x5120x1536][683x5120x1536][682x5120x1536][682x5120x1536][682x5120x1536][682x5120x1536][682x5120x1536][682x5120x1536][682x5120x1536][682x5120x1536][682x5120x1536][682x5120x1536][682x5120x1536][682x5120x1536][682x5120x1536][682x5120x1536][682x5120x1536][682x5120x1536][682x5120x1536][682x5120x1536][682x5120x1536][682x5120x1536][682x5120x1536][682x5120x1536][682x5120x1536][682x5120x1536][682x5120x1536][682x5120x1536][682x5120x1536][682x5120x1536][682x5120x1536][682x5120x1536][682x5120x1536][682x5120x1536]',,tensorop,f32,128,256,64,2,1,1,2,1,1,7,4,1,1,128,256,16,100,110,1711276032,1031463239680,602,0.868701,1834.64,1.18736e+06
1,CUTLASS,grouped_gemm,cutlass3x_sm100_tensorop_gemm_grouped_bf16_bf16_f32_f32_f32_128x256x64_2x1x1_0_tnt_align8_2sm_epi_tma,passed,success,grouped,,,,,bf16:row,bf16:column,f32:row,f32:row,1,0,invalid,invalid,heuristic,1,false,'[683x5120x1536][683x5120x1536][683x5120x1536][683x5120x1536][683x5120x1536][683x5120x1536][683x5120x1536][683x5120x1536][683x5120x1536][683x5120x1536][683x5120x1536][683x5120x1536][683x5120x1536][683x5120x1536][683x5120x1536][683x5120x1536][683x5120x1536][683x5120x1536][683x5120x1536][683x5120x1536][683x5120x1536][683x5120x1536][683x5120x1536][683x5120x1536][683x5120x1536][683x5120x1536][683x5120x1536][683x5120x1536][683x5120x1536][683x5120x1536][683x5120x1536][683x5120x1536][683x5120x1536][683x5120x1536][683x5120x1536][683x5120x1536][683x5120x1536][683x5120x1536][683x5120x1536][683x5120x1536][683x5120x1536][683x5120x1536][683x5120x1536][683x5120x1536][683x5120x1536][683x5120x1536][683x5120x1536][683x5120x1536][683x5120x1536][683x5120x1536][683x5120x1536][683x5120x1536][683x5120x1536][683x5120x1536][683x5120x1536][683x5120x1536][683x5120x1536][683x5120x1536][683x5120x1536][683x5120x1536][683x5120x1536][683x5120x1536][683x5120x1536][683x5120x1536][682x5120x1536][682x5120x1536][682x5120x1536][682x5120x1536][682x5120x1536][682x5120x1536][682x5120x1536][682x5120x1536][682x5120x1536][682x5120x1536][682x5120x1536][682x5120x1536][682x5120x1536][682x5120x1536][682x5120x1536][682x5120x1536][682x5120x1536][682x5120x1536][682x5120x1536][682x5120x1536][682x5120x1536][682x5120x1536][682x5120x1536][682x5120x1536][682x5120x1536][682x5120x1536][682x5120x1536][682x5120x1536][682x5120x1536][682x5120x1536][682x5120x1536][682x5120x1536]',,tensorop,f32,128,256,64,2,1,1,2,1,1,7,4,1,1,128,256,16,100,110,3053453312,1031463239680,337,0.841472,3379.49,1.22578e+06
1,CUTLASS,grouped_gemm,cutlass3x_sm100_tensorop_gemm_grouped_bf16_bf16_f32_f32_f32_128x256x64_2x1x1_0_tnt_align8_stream_k_2sm_epi_tma,passed,success,grouped,,,,,bf16:row,bf16:column,f32:row,f32:row,1,0,invalid,invalid,heuristic,1,false,'[683x5120x1536][683x5120x1536][683x5120x1536][683x5120x1536][683x5120x1536][683x5120x1536][683x5120x1536][683x5120x1536][683x5120x1536][683x5120x1536][683x5120x1536][683x5120x1536][683x5120x1536][683x5120x1536][683x5120x1536][683x5120x1536][683x5120x1536][683x5120x1536][683x5120x1536][683x5120x1536][683x5120x1536][683x5120x1536][683x5120x1536][683x5120x1536][683x5120x1536][683x5120x1536][683x5120x1536][683x5120x1536][683x5120x1536][683x5120x1536][683x5120x1536][683x5120x1536][683x5120x1536][683x5120x1536][683x5120x1536][683x5120x1536][683x5120x1536][683x5120x1536][683x5120x1536][683x5120x1536][683x5120x1536][683x5120x1536][683x5120x1536][683x5120x1536][683x5120x1536][683x5120x1536][683x5120x1536][683x5120x1536][683x5120x1536][683x5120x1536][683x5120x1536][683x5120x1536][683x5120x1536][683x5120x1536][683x5120x1536][683x5120x1536][683x5120x1536][683x5120x1536][683x5120x1536][683x5120x1536][683x5120x1536][683x5120x1536][683x5120x1536][683x5120x1536][682x5120x1536][682x5120x1536][682x5120x1536][682x5120x1536][682x5120x1536][682x5120x1536][682x5120x1536][682x5120x1536][682x5120x1536][682x5120x1536][682x5120x1536][682x5120x1536][682x5120x1536][682x5120x1536][682x5120x1536][682x5120x1536][682x5120x1536][682x5120x1536][682x5120x1536][682x5120x1536][682x5120x1536][682x5120x1536][682x5120x1536][682x5120x1536][682x5120x1536][682x5120x1536][682x5120x1536][682x5120x1536][682x5120x1536][682x5120x1536][682x5120x1536][682x5120x1536]',,tensorop,f32,128,256,64,2,1,1,2,1,1,7,4,1,1,128,256,16,100,110,3053453312,1031463239680,337,0.838368,3392.01,1.23032e+06
1,CUTLASS,grouped_gemm,cutlass3x_sm100_tensorop_gemm_grouped_bf16_bf16_f32_void_f32_128x256x64_2x1x1_0_tnt_align8_2sm_epi_tma,passed,success,grouped,,,,,bf16:row,bf16:column,void:row,f32:row,1,0,invalid,invalid,heuristic,1,false,'[683x5120x1536][683x5120x1536][683x5120x1536][683x5120x1536][683x5120x1536][683x5120x1536][683x5120x1536][683x5120x1536][683x5120x1536][683x5120x1536][683x5120x1536][683x5120x1536][683x5120x1536][683x5120x1536][683x5120x1536][683x5120x1536][683x5120x1536][683x5120x1536][683x5120x1536][683x5120x1536][683x5120x1536][683x5120x1536][683x5120x1536][683x5120x1536][683x5120x1536][683x5120x1536][683x5120x1536][683x5120x1536][683x5120x1536][683x5120x1536][683x5120x1536][683x5120x1536][683x5120x1536][683x5120x1536][683x5120x1536][683x5120x1536][683x5120x1536][683x5120x1536][683x5120x1536][683x5120x1536][683x5120x1536][683x5120x1536][683x5120x1536][683x5120x1536][683x5120x1536][683x5120x1536][683x5120x1536][683x5120x1536][683x5120x1536][683x5120x1536][683x5120x1536][683x5120x1536][683x5120x1536][683x5120x1536][683x5120x1536][683x5120x1536][683x5120x1536][683x5120x1536][683x5120x1536][683x5120x1536][683x5120x1536][683x5120x1536][683x5120x1536][683x5120x1536][682x5120x1536][682x5120x1536][682x5120x1536][682x5120x1536][682x5120x1536][682x5120x1536][682x5120x1536][682x5120x1536][682x5120x1536][682x5120x1536][682x5120x1536][682x5120x1536][682x5120x1536][682x5120x1536][682x5120x1536][682x5120x1536][682x5120x1536][682x5120x1536][682x5120x1536][682x5120x1536][682x5120x1536][682x5120x1536][682x5120x1536][682x5120x1536][682x5120x1536][682x5120x1536][682x5120x1536][682x5120x1536][682x5120x1536][682x5120x1536][682x5120x1536][682x5120x1536]',,tensorop,f32,128,256,64,2,1,1,2,1,1,7,4,1,1,128,256,16,100,110,1711276032,1031463239680,602,0.867245,1837.72,1.18936e+06
1,CUTLASS,grouped_gemm,cutlass3x_sm100_tensorop_gemm_grouped_bf16_bf16_f32_void_f32_128x256x64_2x1x1_0_tnt_align8_stream_k_2sm_epi_tma,passed,success,grouped,,,,,bf16:row,bf16:column,void:row,f32:row,1,0,invalid,invalid,heuristic,1,false,'[683x5120x1536][683x5120x1536][683x5120x1536][683x5120x1536][683x5120x1536][683x5120x1536][683x5120x1536][683x5120x1536][683x5120x1536][683x5120x1536][683x5120x1536][683x5120x1536][683x5120x1536][683x5120x1536][683x5120x1536][683x5120x1536][683x5120x1536][683x5120x1536][683x5120x1536][683x5120x1536][683x5120x1536][683x5120x1536][683x5120x1536][683x5120x1536][683x5120x1536][683x5120x1536][683x5120x1536][683x5120x1536][683x5120x1536][683x5120x1536][683x5120x1536][683x5120x1536][683x5120x1536][683x5120x1536][683x5120x1536][683x5120x1536][683x5120x1536][683x5120x1536][683x5120x1536][683x5120x1536][683x5120x1536][683x5120x1536][683x5120x1536][683x5120x1536][683x5120x1536][683x5120x1536][683x5120x1536][683x5120x1536][683x5120x1536][683x5120x1536][683x5120x1536][683x5120x1536][683x5120x1536][683x5120x1536][683x5120x1536][683x5120x1536][683x5120x1536][683x5120x1536][683x5120x1536][683x5120x1536][683x5120x1536][683x5120x1536][683x5120x1536][683x5120x1536][682x5120x1536][682x5120x1536][682x5120x1536][682x5120x1536][682x5120x1536][682x5120x1536][682x5120x1536][682x5120x1536][682x5120x1536][682x5120x1536][682x5120x1536][682x5120x1536][682x5120x1536][682x5120x1536][682x5120x1536][682x5120x1536][682x5120x1536][682x5120x1536][682x5120x1536][682x5120x1536][682x5120x1536][682x5120x1536][682x5120x1536][682x5120x1536][682x5120x1536][682x5120x1536][682x5120x1536][682x5120x1536][682x5120x1536][682x5120x1536][682x5120x1536][682x5120x1536]',,tensorop,f32,128,256,64,2,1,1,2,1,1,7,4,1,1,128,256,16,100,110,1711276032,1031463239680,602,0.867654,1836.85,1.1888e+06
1,CUTLASS,grouped_gemm,cutlass3x_sm100_tensorop_gemm_grouped_bf16_bf16_f32_f32_f32_128x256x64_2x2x1_0_tnt_align8_2sm_epi_tma,passed,success,grouped,,,,,bf16:row,bf16:column,f32:row,f32:row,1,0,invalid,invalid,heuristic,1,false,'[683x5120x1536][683x5120x1536][683x5120x1536][683x5120x1536][683x5120x1536][683x5120x1536][683x5120x1536][683x5120x1536][683x5120x1536][683x5120x1536][683x5120x1536][683x5120x1536][683x5120x1536][683x5120x1536][683x5120x1536][683x5120x1536][683x5120x1536][683x5120x1536][683x5120x1536][683x5120x1536][683x5120x1536][683x5120x1536][683x5120x1536][683x5120x1536][683x5120x1536][683x5120x1536][683x5120x1536][683x5120x1536][683x5120x1536][683x5120x1536][683x5120x1536][683x5120x1536][683x5120x1536][683x5120x1536][683x5120x1536][683x5120x1536][683x5120x1536][683x5120x1536][683x5120x1536][683x5120x1536][683x5120x1536][683x5120x1536][683x5120x1536][683x5120x1536][683x5120x1536][683x5120x1536][683x5120x1536][683x5120x1536][683x5120x1536][683x5120x1536][683x5120x1536][683x5120x1536][683x5120x1536][683x5120x1536][683x5120x1536][683x5120x1536][683x5120x1536][683x5120x1536][683x5120x1536][683x5120x1536][683x5120x1536][683x5120x1536][683x5120x1536][683x5120x1536][682x5120x1536][682x5120x1536][682x5120x1536][682x5120x1536][682x5120x1536][682x5120x1536][682x5120x1536][682x5120x1536][682x5120x1536][682x5120x1536][682x5120x1536][682x5120x1536][682x5120x1536][682x5120x1536][682x5120x1536][682x5120x1536][682x5120x1536][682x5120x1536][682x5120x1536][682x5120x1536][682x5120x1536][682x5120x1536][682x5120x1536][682x5120x1536][682x5120x1536][682x5120x1536][682x5120x1536][682x5120x1536][682x5120x1536][682x5120x1536][682x5120x1536][682x5120x1536]',,tensorop,f32,128,256,64,2,2,1,2,1,1,7,4,1,1,128,256,16,100,110,3053453312,1031463239680,337,0.855293,3324.88,1.20598e+06
1,CUTLASS,grouped_gemm,cutlass3x_sm100_tensorop_gemm_grouped_bf16_bf16_f32_f32_f32_128x256x64_2x2x1_0_tnt_align8_stream_k_2sm_epi_tma,passed,success,grouped,,,,,bf16:row,bf16:column,f32:row,f32:row,1,0,invalid,invalid,heuristic,1,false,'[683x5120x1536][683x5120x1536][683x5120x1536][683x5120x1536][683x5120x1536][683x5120x1536][683x5120x1536][683x5120x1536][683x5120x1536][683x5120x1536][683x5120x1536][683x5120x1536][683x5120x1536][683x5120x1536][683x5120x1536][683x5120x1536][683x5120x1536][683x5120x1536][683x5120x1536][683x5120x1536][683x5120x1536][683x5120x1536][683x5120x1536][683x5120x1536][683x5120x1536][683x5120x1536][683x5120x1536][683x5120x1536][683x5120x1536][683x5120x1536][683x5120x1536][683x5120x1536][683x5120x1536][683x5120x1536][683x5120x1536][683x5120x1536][683x5120x1536][683x5120x1536][683x5120x1536][683x5120x1536][683x5120x1536][683x5120x1536][683x5120x1536][683x5120x1536][683x5120x1536][683x5120x1536][683x5120x1536][683x5120x1536][683x5120x1536][683x5120x1536][683x5120x1536][683x5120x1536][683x5120x1536][683x5120x1536][683x5120x1536][683x5120x1536][683x5120x1536][683x5120x1536][683x5120x1536][683x5120x1536][683x5120x1536][683x5120x1536][683x5120x1536][683x5120x1536][682x5120x1536][682x5120x1536][682x5120x1536][682x5120x1536][682x5120x1536][682x5120x1536][682x5120x1536][682x5120x1536][682x5120x1536][682x5120x1536][682x5120x1536][682x5120x1536][682x5120x1536][682x5120x1536][682x5120x1536][682x5120x1536][682x5120x1536][682x5120x1536][682x5120x1536][682x5120x1536][682x5120x1536][682x5120x1536][682x5120x1536][682x5120x1536][682x5120x1536][682x5120x1536][682x5120x1536][682x5120x1536][682x5120x1536][682x5120x1536][682x5120x1536][682x5120x1536]',,tensorop,f32,128,256,64,2,2,1,2,1,1,7,4,1,1,128,256,16,100,110,3053453312,1031463239680,337,0.856218,3321.29,1.20467e+06
1,CUTLASS,grouped_gemm,cutlass3x_sm100_tensorop_gemm_grouped_bf16_bf16_f32_void_f32_128x256x64_2x2x1_0_tnt_align8_2sm_epi_tma,passed,success,grouped,,,,,bf16:row,bf16:column,void:row,f32:row,1,0,invalid,invalid,heuristic,1,false,'[683x5120x1536][683x5120x1536][683x5120x1536][683x5120x1536][683x5120x1536][683x5120x1536][683x5120x1536][683x5120x1536][683x5120x1536][683x5120x1536][683x5120x1536][683x5120x1536][683x5120x1536][683x5120x1536][683x5120x1536][683x5120x1536][683x5120x1536][683x5120x1536][683x5120x1536][683x5120x1536][683x5120x1536][683x5120x1536][683x5120x1536][683x5120x1536][683x5120x1536][683x5120x1536][683x5120x1536][683x5120x1536][683x5120x1536][683x5120x1536][683x5120x1536][683x5120x1536][683x5120x1536][683x5120x1536][683x5120x1536][683x5120x1536][683x5120x1536][683x5120x1536][683x5120x1536][683x5120x1536][683x5120x1536][683x5120x1536][683x5120x1536][683x5120x1536][683x5120x1536][683x5120x1536][683x5120x1536][683x5120x1536][683x5120x1536][683x5120x1536][683x5120x1536][683x5120x1536][683x5120x1536][683x5120x1536][683x5120x1536][683x5120x1536][683x5120x1536][683x5120x1536][683x5120x1536][683x5120x1536][683x5120x1536][683x5120x1536][683x5120x1536][683x5120x1536][682x5120x1536][682x5120x1536][682x5120x1536][682x5120x1536][682x5120x1536][682x5120x1536][682x5120x1536][682x5120x1536][682x5120x1536][682x5120x1536][682x5120x1536][682x5120x1536][682x5120x1536][682x5120x1536][682x5120x1536][682x5120x1536][682x5120x1536][682x5120x1536][682x5120x1536][682x5120x1536][682x5120x1536][682x5120x1536][682x5120x1536][682x5120x1536][682x5120x1536][682x5120x1536][682x5120x1536][682x5120x1536][682x5120x1536][682x5120x1536][682x5120x1536][682x5120x1536]',,tensorop,f32,128,256,64,2,2,1,2,1,1,7,4,1,1,128,256,16,100,110,1711276032,1031463239680,602,0.885062,1800.72,1.16541e+06
1,CUTLASS,grouped_gemm,cutlass3x_sm100_tensorop_gemm_grouped_bf16_bf16_f32_void_f32_128x256x64_2x2x1_0_tnt_align8_stream_k_2sm_epi_tma,passed,success,grouped,,,,,bf16:row,bf16:column,void:row,f32:row,1,0,invalid,invalid,heuristic,1,false,'[683x5120x1536][683x5120x1536][683x5120x1536][683x5120x1536][683x5120x1536][683x5120x1536][683x5120x1536][683x5120x1536][683x5120x1536][683x5120x1536][683x5120x1536][683x5120x1536][683x5120x1536][683x5120x1536][683x5120x1536][683x5120x1536][683x5120x1536][683x5120x1536][683x5120x1536][683x5120x1536][683x5120x1536][683x5120x1536][683x5120x1536][683x5120x1536][683x5120x1536][683x5120x1536][683x5120x1536][683x5120x1536][683x5120x1536][683x5120x1536][683x5120x1536][683x5120x1536][683x5120x1536][683x5120x1536][683x5120x1536][683x5120x1536][683x5120x1536][683x5120x1536][683x5120x1536][683x5120x1536][683x5120x1536][683x5120x1536][683x5120x1536][683x5120x1536][683x5120x1536][683x5120x1536][683x5120x1536][683x5120x1536][683x5120x1536][683x5120x1536][683x5120x1536][683x5120x1536][683x5120x1536][683x5120x1536][683x5120x1536][683x5120x1536][683x5120x1536][683x5120x1536][683x5120x1536][683x5120x1536][683x5120x1536][683x5120x1536][683x5120x1536][683x5120x1536][682x5120x1536][682x5120x1536][682x5120x1536][682x5120x1536][682x5120x1536][682x5120x1536][682x5120x1536][682x5120x1536][682x5120x1536][682x5120x1536][682x5120x1536][682x5120x1536][682x5120x1536][682x5120x1536][682x5120x1536][682x5120x1536][682x5120x1536][682x5120x1536][682x5120x1536][682x5120x1536][682x5120x1536][682x5120x1536][682x5120x1536][682x5120x1536][682x5120x1536][682x5120x1536][682x5120x1536][682x5120x1536][682x5120x1536][682x5120x1536][682x5120x1536][682x5120x1536]',,tensorop,f32,128,256,64,2,2,1,2,1,1,7,4,1,1,128,256,16,100,110,1711276032,1031463239680,602,0.885677,1799.47,1.1646e+06
1,CUTLASS,grouped_gemm,cutlass3x_sm100_tensorop_gemm_grouped_bf16_bf16_f32_f32_f32_128x256x64_4x1x1_0_tnt_align8_2sm_epi_tma,passed,success,grouped,,,,,bf16:row,bf16:column,f32:row,f32:row,1,0,invalid,invalid,heuristic,1,false,'[683x5120x1536][683x5120x1536][683x5120x1536][683x5120x1536][683x5120x1536][683x5120x1536][683x5120x1536][683x5120x1536][683x5120x1536][683x5120x1536][683x5120x1536][683x5120x1536][683x5120x1536][683x5120x1536][683x5120x1536][683x5120x1536][683x5120x1536][683x5120x1536][683x5120x1536][683x5120x1536][683x5120x1536][683x5120x1536][683x5120x1536][683x5120x1536][683x5120x1536][683x5120x1536][683x5120x1536][683x5120x1536][683x5120x1536][683x5120x1536][683x5120x1536][683x5120x1536][683x5120x1536][683x5120x1536][683x5120x1536][683x5120x1536][683x5120x1536][683x5120x1536][683x5120x1536][683x5120x1536][683x5120x1536][683x5120x1536][683x5120x1536][683x5120x1536][683x5120x1536][683x5120x1536][683x5120x1536][683x5120x1536][683x5120x1536][683x5120x1536][683x5120x1536][683x5120x1536][683x5120x1536][683x5120x1536][683x5120x1536][683x5120x1536][683x5120x1536][683x5120x1536][683x5120x1536][683x5120x1536][683x5120x1536][683x5120x1536][683x5120x1536][683x5120x1536][682x5120x1536][682x5120x1536][682x5120x1536][682x5120x1536][682x5120x1536][682x5120x1536][682x5120x1536][682x5120x1536][682x5120x1536][682x5120x1536][682x5120x1536][682x5120x1536][682x5120x1536][682x5120x1536][682x5120x1536][682x5120x1536][682x5120x1536][682x5120x1536][682x5120x1536][682x5120x1536][682x5120x1536][682x5120x1536][682x5120x1536][682x5120x1536][682x5120x1536][682x5120x1536][682x5120x1536][682x5120x1536][682x5120x1536][682x5120x1536][682x5120x1536][682x5120x1536]',,tensorop,f32,128,256,64,4,1,1,2,1,1,7,4,1,1,128,256,16,100,110,3053453312,1031463239680,337,0.863786,3292.19,1.19412e+06
1,CUTLASS,grouped_gemm,cutlass3x_sm100_tensorop_gemm_grouped_bf16_bf16_f32_f32_f32_128x256x64_4x1x1_0_tnt_align8_stream_k_2sm_epi_tma,passed,success,grouped,,,,,bf16:row,bf16:column,f32:row,f32:row,1,0,invalid,invalid,heuristic,1,false,'[683x5120x1536][683x5120x1536][683x5120x1536][683x5120x1536][683x5120x1536][683x5120x1536][683x5120x1536][683x5120x1536][683x5120x1536][683x5120x1536][683x5120x1536][683x5120x1536][683x5120x1536][683x5120x1536][683x5120x1536][683x5120x1536][683x5120x1536][683x5120x1536][683x5120x1536][683x5120x1536][683x5120x1536][683x5120x1536][683x5120x1536][683x5120x1536][683x5120x1536][683x5120x1536][683x5120x1536][683x5120x1536][683x5120x1536][683x5120x1536][683x5120x1536][683x5120x1536][683x5120x1536][683x5120x1536][683x5120x1536][683x5120x1536][683x5120x1536][683x5120x1536][683x5120x1536][683x5120x1536][683x5120x1536][683x5120x1536][683x5120x1536][683x5120x1536][683x5120x1536][683x5120x1536][683x5120x1536][683x5120x1536][683x5120x1536][683x5120x1536][683x5120x1536][683x5120x1536][683x5120x1536][683x5120x1536][683x5120x1536][683x5120x1536][683x5120x1536][683x5120x1536][683x5120x1536][683x5120x1536][683x5120x1536][683x5120x1536][683x5120x1536][683x5120x1536][682x5120x1536][682x5120x1536][682x5120x1536][682x5120x1536][682x5120x1536][682x5120x1536][682x5120x1536][682x5120x1536][682x5120x1536][682x5120x1536][682x5120x1536][682x5120x1536][682x5120x1536][682x5120x1536][682x5120x1536][682x5120x1536][682x5120x1536][682x5120x1536][682x5120x1536][682x5120x1536][682x5120x1536][682x5120x1536][682x5120x1536][682x5120x1536][682x5120x1536][682x5120x1536][682x5120x1536][682x5120x1536][682x5120x1536][682x5120x1536][682x5120x1536][682x5120x1536]',,tensorop,f32,128,256,64,4,1,1,2,1,1,7,4,1,1,128,256,16,100,110,3053453312,1031463239680,337,0.865811,3284.49,1.19133e+06
1,CUTLASS,grouped_gemm,cutlass3x_sm100_tensorop_gemm_grouped_bf16_bf16_f32_void_f32_128x256x64_4x1x1_0_tnt_align8_2sm_epi_tma,passed,success,grouped,,,,,bf16:row,bf16:column,void:row,f32:row,1,0,invalid,invalid,heuristic,1,false,'[683x5120x1536][683x5120x1536][683x5120x1536][683x5120x1536][683x5120x1536][683x5120x1536][683x5120x1536][683x5120x1536][683x5120x1536][683x5120x1536][683x5120x1536][683x5120x1536][683x5120x1536][683x5120x1536][683x5120x1536][683x5120x1536][683x5120x1536][683x5120x1536][683x5120x1536][683x5120x1536][683x5120x1536][683x5120x1536][683x5120x1536][683x5120x1536][683x5120x1536][683x5120x1536][683x5120x1536][683x5120x1536][683x5120x1536][683x5120x1536][683x5120x1536][683x5120x1536][683x5120x1536][683x5120x1536][683x5120x1536][683x5120x1536][683x5120x1536][683x5120x1536][683x5120x1536][683x5120x1536][683x5120x1536][683x5120x1536][683x5120x1536][683x5120x1536][683x5120x1536][683x5120x1536][683x5120x1536][683x5120x1536][683x5120x1536][683x5120x1536][683x5120x1536][683x5120x1536][683x5120x1536][683x5120x1536][683x5120x1536][683x5120x1536][683x5120x1536][683x5120x1536][683x5120x1536][683x5120x1536][683x5120x1536][683x5120x1536][683x5120x1536][683x5120x1536][682x5120x1536][682x5120x1536][682x5120x1536][682x5120x1536][682x5120x1536][682x5120x1536][682x5120x1536][682x5120x1536][682x5120x1536][682x5120x1536][682x5120x1536][682x5120x1536][682x5120x1536][682x5120x1536][682x5120x1536][682x5120x1536][682x5120x1536][682x5120x1536][682x5120x1536][682x5120x1536][682x5120x1536][682x5120x1536][682x5120x1536][682x5120x1536][682x5120x1536][682x5120x1536][682x5120x1536][682x5120x1536][682x5120x1536][682x5120x1536][682x5120x1536][682x5120x1536]',,tensorop,f32,128,256,64,4,1,1,2,1,1,7,4,1,1,128,256,16,100,110,1711276032,1031463239680,602,0.89264,1785.43,1.15552e+06
1,CUTLASS,grouped_gemm,cutlass3x_sm100_tensorop_gemm_grouped_bf16_bf16_f32_void_f32_128x256x64_4x1x1_0_tnt_align8_stream_k_2sm_epi_tma,passed,success,grouped,,,,,bf16:row,bf16:column,void:row,f32:row,1,0,invalid,invalid,heuristic,1,false,'[683x5120x1536][683x5120x1536][683x5120x1536][683x5120x1536][683x5120x1536][683x5120x1536][683x5120x1536][683x5120x1536][683x5120x1536][683x5120x1536][683x5120x1536][683x5120x1536][683x5120x1536][683x5120x1536][683x5120x1536][683x5120x1536][683x5120x1536][683x5120x1536][683x5120x1536][683x5120x1536][683x5120x1536][683x5120x1536][683x5120x1536][683x5120x1536][683x5120x1536][683x5120x1536][683x5120x1536][683x5120x1536][683x5120x1536][683x5120x1536][683x5120x1536][683x5120x1536][683x5120x1536][683x5120x1536][683x5120x1536][683x5120x1536][683x5120x1536][683x5120x1536][683x5120x1536][683x5120x1536][683x5120x1536][683x5120x1536][683x5120x1536][683x5120x1536][683x5120x1536][683x5120x1536][683x5120x1536][683x5120x1536][683x5120x1536][683x5120x1536][683x5120x1536][683x5120x1536][683x5120x1536][683x5120x1536][683x5120x1536][683x5120x1536][683x5120x1536][683x5120x1536][683x5120x1536][683x5120x1536][683x5120x1536][683x5120x1536][683x5120x1536][683x5120x1536][682x5120x1536][682x5120x1536][682x5120x1536][682x5120x1536][682x5120x1536][682x5120x1536][682x5120x1536][682x5120x1536][682x5120x1536][682x5120x1536][682x5120x1536][682x5120x1536][682x5120x1536][682x5120x1536][682x5120x1536][682x5120x1536][682x5120x1536][682x5120x1536][682x5120x1536][682x5120x1536][682x5120x1536][682x5120x1536][682x5120x1536][682x5120x1536][682x5120x1536][682x5120x1536][682x5120x1536][682x5120x1536][682x5120x1536][682x5120x1536][682x5120x1536][682x5120x1536]',,tensorop,f32,128,256,64,4,1,1,2,1,1,7,4,1,1,128,256,16,100,110,1711276032,1031463239680,602,0.894,1782.72,1.15376e+06
1,CUTLASS,grouped_gemm,cutlass3x_sm100_tensorop_gemm_grouped_bf16_bf16_f32_f32_f32_128x256x64_2x4x1_0_tnt_align8_2sm_epi_tma,passed,success,grouped,,,,,bf16:row,bf16:column,f32:row,f32:row,1,0,invalid,invalid,heuristic,1,false,'[683x5120x1536][683x5120x1536][683x5120x1536][683x5120x1536][683x5120x1536][683x5120x1536][683x5120x1536][683x5120x1536][683x5120x1536][683x5120x1536][683x5120x1536][683x5120x1536][683x5120x1536][683x5120x1536][683x5120x1536][683x5120x1536][683x5120x1536][683x5120x1536][683x5120x1536][683x5120x1536][683x5120x1536][683x5120x1536][683x5120x1536][683x5120x1536][683x5120x1536][683x5120x1536][683x5120x1536][683x5120x1536][683x5120x1536][683x5120x1536][683x5120x1536][683x5120x1536][683x5120x1536][683x5120x1536][683x5120x1536][683x5120x1536][683x5120x1536][683x5120x1536][683x5120x1536][683x5120x1536][683x5120x1536][683x5120x1536][683x5120x1536][683x5120x1536][683x5120x1536][683x5120x1536][683x5120x1536][683x5120x1536][683x5120x1536][683x5120x1536][683x5120x1536][683x5120x1536][683x5120x1536][683x5120x1536][683x5120x1536][683x5120x1536][683x5120x1536][683x5120x1536][683x5120x1536][683x5120x1536][683x5120x1536][683x5120x1536][683x5120x1536][683x5120x1536][682x5120x1536][682x5120x1536][682x5120x1536][682x5120x1536][682x5120x1536][682x5120x1536][682x5120x1536][682x5120x1536][682x5120x1536][682x5120x1536][682x5120x1536][682x5120x1536][682x5120x1536][682x5120x1536][682x5120x1536][682x5120x1536][682x5120x1536][682x5120x1536][682x5120x1536][682x5120x1536][682x5120x1536][682x5120x1536][682x5120x1536][682x5120x1536][682x5120x1536][682x5120x1536][682x5120x1536][682x5120x1536][682x5120x1536][682x5120x1536][682x5120x1536][682x5120x1536]',,tensorop,f32,128,256,64,2,4,1,2,1,1,7,4,1,1,128,256,16,100,110,3053453312,1031463239680,337,1.07013,2657.38,963866
1,CUTLASS,grouped_gemm,cutlass3x_sm100_tensorop_gemm_grouped_bf16_bf16_f32_f32_f32_128x256x64_2x4x1_0_tnt_align8_stream_k_2sm_epi_tma,passed,success,grouped,,,,,bf16:row,bf16:column,f32:row,f32:row,1,0,invalid,invalid,heuristic,1,false,'[683x5120x1536][683x5120x1536][683x5120x1536][683x5120x1536][683x5120x1536][683x5120x1536][683x5120x1536][683x5120x1536][683x5120x1536][683x5120x1536][683x5120x1536][683x5120x1536][683x5120x1536][683x5120x1536][683x5120x1536][683x5120x1536][683x5120x1536][683x5120x1536][683x5120x1536][683x5120x1536][683x5120x1536][683x5120x1536][683x5120x1536][683x5120x1536][683x5120x1536][683x5120x1536][683x5120x1536][683x5120x1536][683x5120x1536][683x5120x1536][683x5120x1536][683x5120x1536][683x5120x1536][683x5120x1536][683x5120x1536][683x5120x1536][683x5120x1536][683x5120x1536][683x5120x1536][683x5120x1536][683x5120x1536][683x5120x1536][683x5120x1536][683x5120x1536][683x5120x1536][683x5120x1536][683x5120x1536][683x5120x1536][683x5120x1536][683x5120x1536][683x5120x1536][683x5120x1536][683x5120x1536][683x5120x1536][683x5120x1536][683x5120x1536][683x5120x1536][683x5120x1536][683x5120x1536][683x5120x1536][683x5120x1536][683x5120x1536][683x5120x1536][683x5120x1536][682x5120x1536][682x5120x1536][682x5120x1536][682x5120x1536][682x5120x1536][682x5120x1536][682x5120x1536][682x5120x1536][682x5120x1536][682x5120x1536][682x5120x1536][682x5120x1536][682x5120x1536][682x5120x1536][682x5120x1536][682x5120x1536][682x5120x1536][682x5120x1536][682x5120x1536][682x5120x1536][682x5120x1536][682x5120x1536][682x5120x1536][682x5120x1536][682x5120x1536][682x5120x1536][682x5120x1536][682x5120x1536][682x5120x1536][682x5120x1536][682x5120x1536][682x5120x1536]',,tensorop,f32,128,256,64,2,4,1,2,1,1,7,4,1,1,128,256,16,100,110,3053453312,1031463239680,337,1.07194,2652.89,962238
1,CUTLASS,grouped_gemm,cutlass3x_sm100_tensorop_gemm_grouped_bf16_bf16_f32_void_f32_128x256x64_2x4x1_0_tnt_align8_2sm_epi_tma,passed,success,grouped,,,,,bf16:row,bf16:column,void:row,f32:row,1,0,invalid,invalid,heuristic,1,false,'[683x5120x1536][683x5120x1536][683x5120x1536][683x5120x1536][683x5120x1536][683x5120x1536][683x5120x1536][683x5120x1536][683x5120x1536][683x5120x1536][683x5120x1536][683x5120x1536][683x5120x1536][683x5120x1536][683x5120x1536][683x5120x1536][683x5120x1536][683x5120x1536][683x5120x1536][683x5120x1536][683x5120x1536][683x5120x1536][683x5120x1536][683x5120x1536][683x5120x1536][683x5120x1536][683x5120x1536][683x5120x1536][683x5120x1536][683x5120x1536][683x5120x1536][683x5120x1536][683x5120x1536][683x5120x1536][683x5120x1536][683x5120x1536][683x5120x1536][683x5120x1536][683x5120x1536][683x5120x1536][683x5120x1536][683x5120x1536][683x5120x1536][683x5120x1536][683x5120x1536][683x5120x1536][683x5120x1536][683x5120x1536][683x5120x1536][683x5120x1536][683x5120x1536][683x5120x1536][683x5120x1536][683x5120x1536][683x5120x1536][683x5120x1536][683x5120x1536][683x5120x1536][683x5120x1536][683x5120x1536][683x5120x1536][683x5120x1536][683x5120x1536][683x5120x1536][682x5120x1536][682x5120x1536][682x5120x1536][682x5120x1536][682x5120x1536][682x5120x1536][682x5120x1536][682x5120x1536][682x5120x1536][682x5120x1536][682x5120x1536][682x5120x1536][682x5120x1536][682x5120x1536][682x5120x1536][682x5120x1536][682x5120x1536][682x5120x1536][682x5120x1536][682x5120x1536][682x5120x1536][682x5120x1536][682x5120x1536][682x5120x1536][682x5120x1536][682x5120x1536][682x5120x1536][682x5120x1536][682x5120x1536][682x5120x1536][682x5120x1536][682x5120x1536]',,tensorop,f32,128,256,64,2,4,1,2,1,1,7,4,1,1,128,256,16,100,110,1711276032,1031463239680,602,1.10184,1446.44,936128
1,CUTLASS,grouped_gemm,cutlass3x_sm100_tensorop_gemm_grouped_bf16_bf16_f32_void_f32_128x256x64_2x4x1_0_tnt_align8_stream_k_2sm_epi_tma,passed,success,grouped,,,,,bf16:row,bf16:column,void:row,f32:row,1,0,invalid,invalid,heuristic,1,false,'[683x5120x1536][683x5120x1536][683x5120x1536][683x5120x1536][683x5120x1536][683x5120x1536][683x5120x1536][683x5120x1536][683x5120x1536][683x5120x1536][683x5120x1536][683x5120x1536][683x5120x1536][683x5120x1536][683x5120x1536][683x5120x1536][683x5120x1536][683x5120x1536][683x5120x1536][683x5120x1536][683x5120x1536][683x5120x1536][683x5120x1536][683x5120x1536][683x5120x1536][683x5120x1536][683x5120x1536][683x5120x1536][683x5120x1536][683x5120x1536][683x5120x1536][683x5120x1536][683x5120x1536][683x5120x1536][683x5120x1536][683x5120x1536][683x5120x1536][683x5120x1536][683x5120x1536][683x5120x1536][683x5120x1536][683x5120x1536][683x5120x1536][683x5120x1536][683x5120x1536][683x5120x1536][683x5120x1536][683x5120x1536][683x5120x1536][683x5120x1536][683x5120x1536][683x5120x1536][683x5120x1536][683x5120x1536][683x5120x1536][683x5120x1536][683x5120x1536][683x5120x1536][683x5120x1536][683x5120x1536][683x5120x1536][683x5120x1536][683x5120x1536][683x5120x1536][682x5120x1536][682x5120x1536][682x5120x1536][682x5120x1536][682x5120x1536][682x5120x1536][682x5120x1536][682x5120x1536][682x5120x1536][682x5120x1536][682x5120x1536][682x5120x1536][682x5120x1536][682x5120x1536][682x5120x1536][682x5120x1536][682x5120x1536][682x5120x1536][682x5120x1536][682x5120x1536][682x5120x1536][682x5120x1536][682x5120x1536][682x5120x1536][682x5120x1536][682x5120x1536][682x5120x1536][682x5120x1536][682x5120x1536][682x5120x1536][682x5120x1536][682x5120x1536]',,tensorop,f32,128,256,64,2,4,1,2,1,1,7,4,1,1,128,256,16,100,110,1711276032,1031463239680,602,1.10259,1445.46,935492
1,CUTLASS,grouped_gemm,cutlass3x_sm100_tensorop_gemm_grouped_bf16_bf16_f32_f32_f32_128x256x64_4x2x1_0_tnt_align8_2sm_epi_tma,passed,success,grouped,,,,,bf16:row,bf16:column,f32:row,f32:row,1,0,invalid,invalid,heuristic,1,false,'[683x5120x1536][683x5120x1536][683x5120x1536][683x5120x1536][683x5120x1536][683x5120x1536][683x5120x1536][683x5120x1536][683x5120x1536][683x5120x1536][683x5120x1536][683x5120x1536][683x5120x1536][683x5120x1536][683x5120x1536][683x5120x1536][683x5120x1536][683x5120x1536][683x5120x1536][683x5120x1536][683x5120x1536][683x5120x1536][683x5120x1536][683x5120x1536][683x5120x1536][683x5120x1536][683x5120x1536][683x5120x1536][683x5120x1536][683x5120x1536][683x5120x1536][683x5120x1536][683x5120x1536][683x5120x1536][683x5120x1536][683x5120x1536][683x5120x1536][683x5120x1536][683x5120x1536][683x5120x1536][683x5120x1536][683x5120x1536][683x5120x1536][683x5120x1536][683x5120x1536][683x5120x1536][683x5120x1536][683x5120x1536][683x5120x1536][683x5120x1536][683x5120x1536][683x5120x1536][683x5120x1536][683x5120x1536][683x5120x1536][683x5120x1536][683x5120x1536][683x5120x1536][683x5120x1536][683x5120x1536][683x5120x1536][683x5120x1536][683x5120x1536][683x5120x1536][682x5120x1536][682x5120x1536][682x5120x1536][682x5120x1536][682x5120x1536][682x5120x1536][682x5120x1536][682x5120x1536][682x5120x1536][682x5120x1536][682x5120x1536][682x5120x1536][682x5120x1536][682x5120x1536][682x5120x1536][682x5120x1536][682x5120x1536][682x5120x1536][682x5120x1536][682x5120x1536][682x5120x1536][682x5120x1536][682x5120x1536][682x5120x1536][682x5120x1536][682x5120x1536][682x5120x1536][682x5120x1536][682x5120x1536][682x5120x1536][682x5120x1536][682x5120x1536]',,tensorop,f32,128,256,64,4,2,1,2,1,1,7,4,1,1,128,256,16,100,110,3053453312,1031463239680,337,1.02812,2765.98,1.00326e+06
1,CUTLASS,grouped_gemm,cutlass3x_sm100_tensorop_gemm_grouped_bf16_bf16_f32_f32_f32_128x256x64_4x2x1_0_tnt_align8_stream_k_2sm_epi_tma,passed,success,grouped,,,,,bf16:row,bf16:column,f32:row,f32:row,1,0,invalid,invalid,heuristic,1,false,'[683x5120x1536][683x5120x1536][683x5120x1536][683x5120x1536][683x5120x1536][683x5120x1536][683x5120x1536][683x5120x1536][683x5120x1536][683x5120x1536][683x5120x1536][683x5120x1536][683x5120x1536][683x5120x1536][683x5120x1536][683x5120x1536][683x5120x1536][683x5120x1536][683x5120x1536][683x5120x1536][683x5120x1536][683x5120x1536][683x5120x1536][683x5120x1536][683x5120x1536][683x5120x1536][683x5120x1536][683x5120x1536][683x5120x1536][683x5120x1536][683x5120x1536][683x5120x1536][683x5120x1536][683x5120x1536][683x5120x1536][683x5120x1536][683x5120x1536][683x5120x1536][683x5120x1536][683x5120x1536][683x5120x1536][683x5120x1536][683x5120x1536][683x5120x1536][683x5120x1536][683x5120x1536][683x5120x1536][683x5120x1536][683x5120x1536][683x5120x1536][683x5120x1536][683x5120x1536][683x5120x1536][683x5120x1536][683x5120x1536][683x5120x1536][683x5120x1536][683x5120x1536][683x5120x1536][683x5120x1536][683x5120x1536][683x5120x1536][683x5120x1536][683x5120x1536][682x5120x1536][682x5120x1536][682x5120x1536][682x5120x1536][682x5120x1536][682x5120x1536][682x5120x1536][682x5120x1536][682x5120x1536][682x5120x1536][682x5120x1536][682x5120x1536][682x5120x1536][682x5120x1536][682x5120x1536][682x5120x1536][682x5120x1536][682x5120x1536][682x5120x1536][682x5120x1536][682x5120x1536][682x5120x1536][682x5120x1536][682x5120x1536][682x5120x1536][682x5120x1536][682x5120x1536][682x5120x1536][682x5120x1536][682x5120x1536][682x5120x1536][682x5120x1536]',,tensorop,f32,128,256,64,4,2,1,2,1,1,7,4,1,1,128,256,16,100,110,3053453312,1031463239680,337,1.02647,2770.41,1.00486e+06
1,CUTLASS,grouped_gemm,cutlass3x_sm100_tensorop_gemm_grouped_bf16_bf16_f32_void_f32_128x256x64_4x2x1_0_tnt_align8_2sm_epi_tma,passed,success,grouped,,,,,bf16:row,bf16:column,void:row,f32:row,1,0,invalid,invalid,heuristic,1,false,'[683x5120x1536][683x5120x1536][683x5120x1536][683x5120x1536][683x5120x1536][683x5120x1536][683x5120x1536][683x5120x1536][683x5120x1536][683x5120x1536][683x5120x1536][683x5120x1536][683x5120x1536][683x5120x1536][683x5120x1536][683x5120x1536][683x5120x1536][683x5120x1536][683x5120x1536][683x5120x1536][683x5120x1536][683x5120x1536][683x5120x1536][683x5120x1536][683x5120x1536][683x5120x1536][683x5120x1536][683x5120x1536][683x5120x1536][683x5120x1536][683x5120x1536][683x5120x1536][683x5120x1536][683x5120x1536][683x5120x1536][683x5120x1536][683x5120x1536][683x5120x1536][683x5120x1536][683x5120x1536][683x5120x1536][683x5120x1536][683x5120x1536][683x5120x1536][683x5120x1536][683x5120x1536][683x5120x1536][683x5120x1536][683x5120x1536][683x5120x1536][683x5120x1536][683x5120x1536][683x5120x1536][683x5120x1536][683x5120x1536][683x5120x1536][683x5120x1536][683x5120x1536][683x5120x1536][683x5120x1536][683x5120x1536][683x5120x1536][683x5120x1536][683x5120x1536][682x5120x1536][682x5120x1536][682x5120x1536][682x5120x1536][682x5120x1536][682x5120x1536][682x5120x1536][682x5120x1536][682x5120x1536][682x5120x1536][682x5120x1536][682x5120x1536][682x5120x1536][682x5120x1536][682x5120x1536][682x5120x1536][682x5120x1536][682x5120x1536][682x5120x1536][682x5120x1536][682x5120x1536][682x5120x1536][682x5120x1536][682x5120x1536][682x5120x1536][682x5120x1536][682x5120x1536][682x5120x1536][682x5120x1536][682x5120x1536][682x5120x1536][682x5120x1536]',,tensorop,f32,128,256,64,4,2,1,2,1,1,7,4,1,1,128,256,16,100,110,1711276032,1031463239680,602,1.06457,1497.08,968902
1,CUTLASS,grouped_gemm,cutlass3x_sm100_tensorop_gemm_grouped_bf16_bf16_f32_void_f32_128x256x64_4x2x1_0_tnt_align8_stream_k_2sm_epi_tma,passed,success,grouped,,,,,bf16:row,bf16:column,void:row,f32:row,1,0,invalid,invalid,heuristic,1,false,'[683x5120x1536][683x5120x1536][683x5120x1536][683x5120x1536][683x5120x1536][683x5120x1536][683x5120x1536][683x5120x1536][683x5120x1536][683x5120x1536][683x5120x1536][683x5120x1536][683x5120x1536][683x5120x1536][683x5120x1536][683x5120x1536][683x5120x1536][683x5120x1536][683x5120x1536][683x5120x1536][683x5120x1536][683x5120x1536][683x5120x1536][683x5120x1536][683x5120x1536][683x5120x1536][683x5120x1536][683x5120x1536][683x5120x1536][683x5120x1536][683x5120x1536][683x5120x1536][683x5120x1536][683x5120x1536][683x5120x1536][683x5120x1536][683x5120x1536][683x5120x1536][683x5120x1536][683x5120x1536][683x5120x1536][683x5120x1536][683x5120x1536][683x5120x1536][683x5120x1536][683x5120x1536][683x5120x1536][683x5120x1536][683x5120x1536][683x5120x1536][683x5120x1536][683x5120x1536][683x5120x1536][683x5120x1536][683x5120x1536][683x5120x1536][683x5120x1536][683x5120x1536][683x5120x1536][683x5120x1536][683x5120x1536][683x5120x1536][683x5120x1536][683x5120x1536][682x5120x1536][682x5120x1536][682x5120x1536][682x5120x1536][682x5120x1536][682x5120x1536][682x5120x1536][682x5120x1536][682x5120x1536][682x5120x1536][682x5120x1536][682x5120x1536][682x5120x1536][682x5120x1536][682x5120x1536][682x5120x1536][682x5120x1536][682x5120x1536][682x5120x1536][682x5120x1536][682x5120x1536][682x5120x1536][682x5120x1536][682x5120x1536][682x5120x1536][682x5120x1536][682x5120x1536][682x5120x1536][682x5120x1536][682x5120x1536][682x5120x1536][682x5120x1536]',,tensorop,f32,128,256,64,4,2,1,2,1,1,7,4,1,1,128,256,16,100,110,1711276032,1031463239680,602,1.06457,1497.09,968905
1,CUTLASS,grouped_gemm,cutlass3x_sm100_tensorop_gemm_grouped_bf16_bf16_f32_f32_f32_128x256x64_4x4x1_0_tnt_align8_2sm_epi_tma,passed,success,grouped,,,,,bf16:row,bf16:column,f32:row,f32:row,1,0,invalid,invalid,heuristic,1,false,'[683x5120x1536][683x5120x1536][683x5120x1536][683x5120x1536][683x5120x1536][683x5120x1536][683x5120x1536][683x5120x1536][683x5120x1536][683x5120x1536][683x5120x1536][683x5120x1536][683x5120x1536][683x5120x1536][683x5120x1536][683x5120x1536][683x5120x1536][683x5120x1536][683x5120x1536][683x5120x1536][683x5120x1536][683x5120x1536][683x5120x1536][683x5120x1536][683x5120x1536][683x5120x1536][683x5120x1536][683x5120x1536][683x5120x1536][683x5120x1536][683x5120x1536][683x5120x1536][683x5120x1536][683x5120x1536][683x5120x1536][683x5120x1536][683x5120x1536][683x5120x1536][683x5120x1536][683x5120x1536][683x5120x1536][683x5120x1536][683x5120x1536][683x5120x1536][683x5120x1536][683x5120x1536][683x5120x1536][683x5120x1536][683x5120x1536][683x5120x1536][683x5120x1536][683x5120x1536][683x5120x1536][683x5120x1536][683x5120x1536][683x5120x1536][683x5120x1536][683x5120x1536][683x5120x1536][683x5120x1536][683x5120x1536][683x5120x1536][683x5120x1536][683x5120x1536][682x5120x1536][682x5120x1536][682x5120x1536][682x5120x1536][682x5120x1536][682x5120x1536][682x5120x1536][682x5120x1536][682x5120x1536][682x5120x1536][682x5120x1536][682x5120x1536][682x5120x1536][682x5120x1536][682x5120x1536][682x5120x1536][682x5120x1536][682x5120x1536][682x5120x1536][682x5120x1536][682x5120x1536][682x5120x1536][682x5120x1536][682x5120x1536][682x5120x1536][682x5120x1536][682x5120x1536][682x5120x1536][682x5120x1536][682x5120x1536][682x5120x1536][682x5120x1536]',,tensorop,f32,128,256,64,4,4,1,2,1,1,7,4,1,1,128,256,16,100,110,3053453312,1031463239680,337,1.08996,2609.04,946330
1,CUTLASS,grouped_gemm,cutlass3x_sm100_tensorop_gemm_grouped_bf16_bf16_f32_f32_f32_128x256x64_4x4x1_0_tnt_align8_stream_k_2sm_epi_tma,passed,success,grouped,,,,,bf16:row,bf16:column,f32:row,f32:row,1,0,invalid,invalid,heuristic,1,false,'[683x5120x1536][683x5120x1536][683x5120x1536][683x5120x1536][683x5120x1536][683x5120x1536][683x5120x1536][683x5120x1536][683x5120x1536][683x5120x1536][683x5120x1536][683x5120x1536][683x5120x1536][683x5120x1536][683x5120x1536][683x5120x1536][683x5120x1536][683x5120x1536][683x5120x1536][683x5120x1536][683x5120x1536][683x5120x1536][683x5120x1536][683x5120x1536][683x5120x1536][683x5120x1536][683x5120x1536][683x5120x1536][683x5120x1536][683x5120x1536][683x5120x1536][683x5120x1536][683x5120x1536][683x5120x1536][683x5120x1536][683x5120x1536][683x5120x1536][683x5120x1536][683x5120x1536][683x5120x1536][683x5120x1536][683x5120x1536][683x5120x1536][683x5120x1536][683x5120x1536][683x5120x1536][683x5120x1536][683x5120x1536][683x5120x1536][683x5120x1536][683x5120x1536][683x5120x1536][683x5120x1536][683x5120x1536][683x5120x1536][683x5120x1536][683x5120x1536][683x5120x1536][683x5120x1536][683x5120x1536][683x5120x1536][683x5120x1536][683x5120x1536][683x5120x1536][682x5120x1536][682x5120x1536][682x5120x1536][682x5120x1536][682x5120x1536][682x5120x1536][682x5120x1536][682x5120x1536][682x5120x1536][682x5120x1536][682x5120x1536][682x5120x1536][682x5120x1536][682x5120x1536][682x5120x1536][682x5120x1536][682x5120x1536][682x5120x1536][682x5120x1536][682x5120x1536][682x5120x1536][682x5120x1536][682x5120x1536][682x5120x1536][682x5120x1536][682x5120x1536][682x5120x1536][682x5120x1536][682x5120x1536][682x5120x1536][682x5120x1536][682x5120x1536]',,tensorop,f32,128,256,64,4,4,1,2,1,1,7,4,1,1,128,256,16,100,110,3053453312,1031463239680,337,1.09132,2605.79,945151
1,CUTLASS,grouped_gemm,cutlass3x_sm100_tensorop_gemm_grouped_bf16_bf16_f32_void_f32_128x256x64_4x4x1_0_tnt_align8_2sm_epi_tma,passed,success,grouped,,,,,bf16:row,bf16:column,void:row,f32:row,1,0,invalid,invalid,heuristic,1,false,'[683x5120x1536][683x5120x1536][683x5120x1536][683x5120x1536][683x5120x1536][683x5120x1536][683x5120x1536][683x5120x1536][683x5120x1536][683x5120x1536][683x5120x1536][683x5120x1536][683x5120x1536][683x5120x1536][683x5120x1536][683x5120x1536][683x5120x1536][683x5120x1536][683x5120x1536][683x5120x1536][683x5120x1536][683x5120x1536][683x5120x1536][683x5120x1536][683x5120x1536][683x5120x1536][683x5120x1536][683x5120x1536][683x5120x1536][683x5120x1536][683x5120x1536][683x5120x1536][683x5120x1536][683x5120x1536][683x5120x1536][683x5120x1536][683x5120x1536][683x5120x1536][683x5120x1536][683x5120x1536][683x5120x1536][683x5120x1536][683x5120x1536][683x5120x1536][683x5120x1536][683x5120x1536][683x5120x1536][683x5120x1536][683x5120x1536][683x5120x1536][683x5120x1536][683x5120x1536][683x5120x1536][683x5120x1536][683x5120x1536][683x5120x1536][683x5120x1536][683x5120x1536][683x5120x1536][683x5120x1536][683x5120x1536][683x5120x1536][683x5120x1536][683x5120x1536][682x5120x1536][682x5120x1536][682x5120x1536][682x5120x1536][682x5120x1536][682x5120x1536][682x5120x1536][682x5120x1536][682x5120x1536][682x5120x1536][682x5120x1536][682x5120x1536][682x5120x1536][682x5120x1536][682x5120x1536][682x5120x1536][682x5120x1536][682x5120x1536][682x5120x1536][682x5120x1536][682x5120x1536][682x5120x1536][682x5120x1536][682x5120x1536][682x5120x1536][682x5120x1536][682x5120x1536][682x5120x1536][682x5120x1536][682x5120x1536][682x5120x1536][682x5120x1536]',,tensorop,f32,128,256,64,4,4,1,2,1,1,7,4,1,1,128,256,16,100,110,1711276032,1031463239680,602,1.11536,1428.91,924781
1,CUTLASS,grouped_gemm,cutlass3x_sm100_tensorop_gemm_grouped_bf16_bf16_f32_void_f32_128x256x64_4x4x1_0_tnt_align8_stream_k_2sm_epi_tma,passed,success,grouped,,,,,bf16:row,bf16:column,void:row,f32:row,1,0,invalid,invalid,heuristic,1,false,'[683x5120x1536][683x5120x1536][683x5120x1536][683x5120x1536][683x5120x1536][683x5120x1536][683x5120x1536][683x5120x1536][683x5120x1536][683x5120x1536][683x5120x1536][683x5120x1536][683x5120x1536][683x5120x1536][683x5120x1536][683x5120x1536][683x5120x1536][683x5120x1536][683x5120x1536][683x5120x1536][683x5120x1536][683x5120x1536][683x5120x1536][683x5120x1536][683x5120x1536][683x5120x1536][683x5120x1536][683x5120x1536][683x5120x1536][683x5120x1536][683x5120x1536][683x5120x1536][683x5120x1536][683x5120x1536][683x5120x1536][683x5120x1536][683x5120x1536][683x5120x1536][683x5120x1536][683x5120x1536][683x5120x1536][683x5120x1536][683x5120x1536][683x5120x1536][683x5120x1536][683x5120x1536][683x5120x1536][683x5120x1536][683x5120x1536][683x5120x1536][683x5120x1536][683x5120x1536][683x5120x1536][683x5120x1536][683x5120x1536][683x5120x1536][683x5120x1536][683x5120x1536][683x5120x1536][683x5120x1536][683x5120x1536][683x5120x1536][683x5120x1536][683x5120x1536][682x5120x1536][682x5120x1536][682x5120x1536][682x5120x1536][682x5120x1536][682x5120x1536][682x5120x1536][682x5120x1536][682x5120x1536][682x5120x1536][682x5120x1536][682x5120x1536][682x5120x1536][682x5120x1536][682x5120x1536][682x5120x1536][682x5120x1536][682x5120x1536][682x5120x1536][682x5120x1536][682x5120x1536][682x5120x1536][682x5120x1536][682x5120x1536][682x5120x1536][682x5120x1536][682x5120x1536][682x5120x1536][682x5120x1536][682x5120x1536][682x5120x1536][682x5120x1536]',,tensorop,f32,128,256,64,4,4,1,2,1,1,7,4,1,1,128,256,16,100,110,1711276032,1031463239680,602,1.11467,1429.8,925354
1,CUTLASS,grouped_gemm,cutlass3x_sm100_tensorop_gemm_grouped_bf16_bf16_f32_bf16_bf16_128x256x64_0x0x1_0_tnt_align8_2sm_epi_tma,passed,success,grouped,,,,,bf16:row,bf16:column,bf16:row,bf16:row,1,0,invalid,invalid,heuristic,1,false,'[683x5120x1536][683x5120x1536][683x5120x1536][683x5120x1536][683x5120x1536][683x5120x1536][683x5120x1536][683x5120x1536][683x5120x1536][683x5120x1536][683x5120x1536][683x5120x1536][683x5120x1536][683x5120x1536][683x5120x1536][683x5120x1536][683x5120x1536][683x5120x1536][683x5120x1536][683x5120x1536][683x5120x1536][683x5120x1536][683x5120x1536][683x5120x1536][683x5120x1536][683x5120x1536][683x5120x1536][683x5120x1536][683x5120x1536][683x5120x1536][683x5120x1536][683x5120x1536][683x5120x1536][683x5120x1536][683x5120x1536][683x5120x1536][683x5120x1536][683x5120x1536][683x5120x1536][683x5120x1536][683x5120x1536][683x5120x1536][683x5120x1536][683x5120x1536][683x5120x1536][683x5120x1536][683x5120x1536][683x5120x1536][683x5120x1536][683x5120x1536][683x5120x1536][683x5120x1536][683x5120x1536][683x5120x1536][683x5120x1536][683x5120x1536][683x5120x1536][683x5120x1536][683x5120x1536][683x5120x1536][683x5120x1536][683x5120x1536][683x5120x1536][683x5120x1536][682x5120x1536][682x5120x1536][682x5120x1536][682x5120x1536][682x5120x1536][682x5120x1536][682x5120x1536][682x5120x1536][682x5120x1536][682x5120x1536][682x5120x1536][682x5120x1536][682x5120x1536][682x5120x1536][682x5120x1536][682x5120x1536][682x5120x1536][682x5120x1536][682x5120x1536][682x5120x1536][682x5120x1536][682x5120x1536][682x5120x1536][682x5120x1536][682x5120x1536][682x5120x1536][682x5120x1536][682x5120x1536][682x5120x1536][682x5120x1536][682x5120x1536][682x5120x1536]',,tensorop,f32,128,256,64,2,1,1,2,1,1,7,4,1,1,128,256,16,100,110,2382364672,1031463239680,432,0.807856,2746.47,1.27679e+06
1,CUTLASS,grouped_gemm,cutlass3x_sm100_tensorop_gemm_grouped_bf16_bf16_f32_bf16_bf16_128x256x64_0x0x1_0_tnt_align8_stream_k_2sm_epi_tma,passed,success,grouped,,,,,bf16:row,bf16:column,bf16:row,bf16:row,1,0,invalid,invalid,heuristic,1,false,'[683x5120x1536][683x5120x1536][683x5120x1536][683x5120x1536][683x5120x1536][683x5120x1536][683x5120x1536][683x5120x1536][683x5120x1536][683x5120x1536][683x5120x1536][683x5120x1536][683x5120x1536][683x5120x1536][683x5120x1536][683x5120x1536][683x5120x1536][683x5120x1536][683x5120x1536][683x5120x1536][683x5120x1536][683x5120x1536][683x5120x1536][683x5120x1536][683x5120x1536][683x5120x1536][683x5120x1536][683x5120x1536][683x5120x1536][683x5120x1536][683x5120x1536][683x5120x1536][683x5120x1536][683x5120x1536][683x5120x1536][683x5120x1536][683x5120x1536][683x5120x1536][683x5120x1536][683x5120x1536][683x5120x1536][683x5120x1536][683x5120x1536][683x5120x1536][683x5120x1536][683x5120x1536][683x5120x1536][683x5120x1536][683x5120x1536][683x5120x1536][683x5120x1536][683x5120x1536][683x5120x1536][683x5120x1536][683x5120x1536][683x5120x1536][683x5120x1536][683x5120x1536][683x5120x1536][683x5120x1536][683x5120x1536][683x5120x1536][683x5120x1536][683x5120x1536][682x5120x1536][682x5120x1536][682x5120x1536][682x5120x1536][682x5120x1536][682x5120x1536][682x5120x1536][682x5120x1536][682x5120x1536][682x5120x1536][682x5120x1536][682x5120x1536][682x5120x1536][682x5120x1536][682x5120x1536][682x5120x1536][682x5120x1536][682x5120x1536][682x5120x1536][682x5120x1536][682x5120x1536][682x5120x1536][682x5120x1536][682x5120x1536][682x5120x1536][682x5120x1536][682x5120x1536][682x5120x1536][682x5120x1536][682x5120x1536][682x5120x1536][682x5120x1536]',,tensorop,f32,128,256,64,2,1,1,2,1,1,7,4,1,1,128,256,16,100,110,2382364672,1031463239680,432,0.801808,2767.18,1.28642e+06
1,CUTLASS,grouped_gemm,cutlass3x_sm100_tensorop_gemm_grouped_bf16_bf16_f32_void_bf16_128x256x64_0x0x1_0_tnt_align8_2sm_epi_tma,passed,success,grouped,,,,,bf16:row,bf16:column,void:row,bf16:row,1,0,invalid,invalid,heuristic,1,false,'[683x5120x1536][683x5120x1536][683x5120x1536][683x5120x1536][683x5120x1536][683x5120x1536][683x5120x1536][683x5120x1536][683x5120x1536][683x5120x1536][683x5120x1536][683x5120x1536][683x5120x1536][683x5120x1536][683x5120x1536][683x5120x1536][683x5120x1536][683x5120x1536][683x5120x1536][683x5120x1536][683x5120x1536][683x5120x1536][683x5120x1536][683x5120x1536][683x5120x1536][683x5120x1536][683x5120x1536][683x5120x1536][683x5120x1536][683x5120x1536][683x5120x1536][683x5120x1536][683x5120x1536][683x5120x1536][683x5120x1536][683x5120x1536][683x5120x1536][683x5120x1536][683x5120x1536][683x5120x1536][683x5120x1536][683x5120x1536][683x5120x1536][683x5120x1536][683x5120x1536][683x5120x1536][683x5120x1536][683x5120x1536][683x5120x1536][683x5120x1536][683x5120x1536][683x5120x1536][683x5120x1536][683x5120x1536][683x5120x1536][683x5120x1536][683x5120x1536][683x5120x1536][683x5120x1536][683x5120x1536][683x5120x1536][683x5120x1536][683x5120x1536][683x5120x1536][682x5120x1536][682x5120x1536][682x5120x1536][682x5120x1536][682x5120x1536][682x5120x1536][682x5120x1536][682x5120x1536][682x5120x1536][682x5120x1536][682x5120x1536][682x5120x1536][682x5120x1536][682x5120x1536][682x5120x1536][682x5120x1536][682x5120x1536][682x5120x1536][682x5120x1536][682x5120x1536][682x5120x1536][682x5120x1536][682x5120x1536][682x5120x1536][682x5120x1536][682x5120x1536][682x5120x1536][682x5120x1536][682x5120x1536][682x5120x1536][682x5120x1536][682x5120x1536]',,tensorop,f32,128,256,64,2,1,1,2,1,1,8,4,1,1,128,256,16,100,110,1711276032,1031463239680,602,0.798867,1995.01,1.29116e+06
1,CUTLASS,grouped_gemm,cutlass3x_sm100_tensorop_gemm_grouped_bf16_bf16_f32_void_bf16_128x256x64_0x0x1_0_tnt_align8_stream_k_2sm_epi_tma,passed,success,grouped,,,,,bf16:row,bf16:column,void:row,bf16:row,1,0,invalid,invalid,heuristic,1,false,'[683x5120x1536][683x5120x1536][683x5120x1536][683x5120x1536][683x5120x1536][683x5120x1536][683x5120x1536][683x5120x1536][683x5120x1536][683x5120x1536][683x5120x1536][683x5120x1536][683x5120x1536][683x5120x1536][683x5120x1536][683x5120x1536][683x5120x1536][683x5120x1536][683x5120x1536][683x5120x1536][683x5120x1536][683x5120x1536][683x5120x1536][683x5120x1536][683x5120x1536][683x5120x1536][683x5120x1536][683x5120x1536][683x5120x1536][683x5120x1536][683x5120x1536][683x5120x1536][683x5120x1536][683x5120x1536][683x5120x1536][683x5120x1536][683x5120x1536][683x5120x1536][683x5120x1536][683x5120x1536][683x5120x1536][683x5120x1536][683x5120x1536][683x5120x1536][683x5120x1536][683x5120x1536][683x5120x1536][683x5120x1536][683x5120x1536][683x5120x1536][683x5120x1536][683x5120x1536][683x5120x1536][683x5120x1536][683x5120x1536][683x5120x1536][683x5120x1536][683x5120x1536][683x5120x1536][683x5120x1536][683x5120x1536][683x5120x1536][683x5120x1536][683x5120x1536][682x5120x1536][682x5120x1536][682x5120x1536][682x5120x1536][682x5120x1536][682x5120x1536][682x5120x1536][682x5120x1536][682x5120x1536][682x5120x1536][682x5120x1536][682x5120x1536][682x5120x1536][682x5120x1536][682x5120x1536][682x5120x1536][682x5120x1536][682x5120x1536][682x5120x1536][682x5120x1536][682x5120x1536][682x5120x1536][682x5120x1536][682x5120x1536][682x5120x1536][682x5120x1536][682x5120x1536][682x5120x1536][682x5120x1536][682x5120x1536][682x5120x1536][682x5120x1536]',,tensorop,f32,128,256,64,2,1,1,2,1,1,8,4,1,1,128,256,16,100,110,1711276032,1031463239680,602,0.802042,1987.12,1.28605e+06
1,CUTLASS,grouped_gemm,cutlass3x_sm100_tensorop_gemm_grouped_bf16_bf16_f32_bf16_bf16_128x256x64_2x1x1_0_tnt_align8_2sm_epi_tma,passed,success,grouped,,,,,bf16:row,bf16:column,bf16:row,bf16:row,1,0,invalid,invalid,heuristic,1,false,'[683x5120x1536][683x5120x1536][683x5120x1536][683x5120x1536][683x5120x1536][683x5120x1536][683x5120x1536][683x5120x1536][683x5120x1536][683x5120x1536][683x5120x1536][683x5120x1536][683x5120x1536][683x5120x1536][683x5120x1536][683x5120x1536][683x5120x1536][683x5120x1536][683x5120x1536][683x5120x1536][683x5120x1536][683x5120x1536][683x5120x1536][683x5120x1536][683x5120x1536][683x5120x1536][683x5120x1536][683x5120x1536][683x5120x1536][683x5120x1536][683x5120x1536][683x5120x1536][683x5120x1536][683x5120x1536][683x5120x1536][683x5120x1536][683x5120x1536][683x5120x1536][683x5120x1536][683x5120x1536][683x5120x1536][683x5120x1536][683x5120x1536][683x5120x1536][683x5120x1536][683x5120x1536][683x5120x1536][683x5120x1536][683x5120x1536][683x5120x1536][683x5120x1536][683x5120x1536][683x5120x1536][683x5120x1536][683x5120x1536][683x5120x1536][683x5120x1536][683x5120x1536][683x5120x1536][683x5120x1536][683x5120x1536][683x5120x1536][683x5120x1536][683x5120x1536][682x5120x1536][682x5120x1536][682x5120x1536][682x5120x1536][682x5120x1536][682x5120x1536][682x5120x1536][682x5120x1536][682x5120x1536][682x5120x1536][682x5120x1536][682x5120x1536][682x5120x1536][682x5120x1536][682x5120x1536][682x5120x1536][682x5120x1536][682x5120x1536][682x5120x1536][682x5120x1536][682x5120x1536][682x5120x1536][682x5120x1536][682x5120x1536][682x5120x1536][682x5120x1536][682x5120x1536][682x5120x1536][682x5120x1536][682x5120x1536][682x5120x1536][682x5120x1536]',,tensorop,f32,128,256,64,2,1,1,2,1,1,7,4,1,1,128,256,16,100,110,2382364672,1031463239680,432,0.806726,2750.31,1.27858e+06
1,CUTLASS,grouped_gemm,cutlass3x_sm100_tensorop_gemm_grouped_bf16_bf16_f32_bf16_bf16_128x256x64_2x1x1_0_tnt_align8_stream_k_2sm_epi_tma,passed,success,grouped,,,,,bf16:row,bf16:column,bf16:row,bf16:row,1,0,invalid,invalid,heuristic,1,false,'[683x5120x1536][683x5120x1536][683x5120x1536][683x5120x1536][683x5120x1536][683x5120x1536][683x5120x1536][683x5120x1536][683x5120x1536][683x5120x1536][683x5120x1536][683x5120x1536][683x5120x1536][683x5120x1536][683x5120x1536][683x5120x1536][683x5120x1536][683x5120x1536][683x5120x1536][683x5120x1536][683x5120x1536][683x5120x1536][683x5120x1536][683x5120x1536][683x5120x1536][683x5120x1536][683x5120x1536][683x5120x1536][683x5120x1536][683x5120x1536][683x5120x1536][683x5120x1536][683x5120x1536][683x5120x1536][683x5120x1536][683x5120x1536][683x5120x1536][683x5120x1536][683x5120x1536][683x5120x1536][683x5120x1536][683x5120x1536][683x5120x1536][683x5120x1536][683x5120x1536][683x5120x1536][683x5120x1536][683x5120x1536][683x5120x1536][683x5120x1536][683x5120x1536][683x5120x1536][683x5120x1536][683x5120x1536][683x5120x1536][683x5120x1536][683x5120x1536][683x5120x1536][683x5120x1536][683x5120x1536][683x5120x1536][683x5120x1536][683x5120x1536][683x5120x1536][682x5120x1536][682x5120x1536][682x5120x1536][682x5120x1536][682x5120x1536][682x5120x1536][682x5120x1536][682x5120x1536][682x5120x1536][682x5120x1536][682x5120x1536][682x5120x1536][682x5120x1536][682x5120x1536][682x5120x1536][682x5120x1536][682x5120x1536][682x5120x1536][682x5120x1536][682x5120x1536][682x5120x1536][682x5120x1536][682x5120x1536][682x5120x1536][682x5120x1536][682x5120x1536][682x5120x1536][682x5120x1536][682x5120x1536][682x5120x1536][682x5120x1536][682x5120x1536]',,tensorop,f32,128,256,64,2,1,1,2,1,1,7,4,1,1,128,256,16,100,110,2382364672,1031463239680,432,0.804678,2757.31,1.28183e+06
1,CUTLASS,grouped_gemm,cutlass3x_sm100_tensorop_gemm_grouped_bf16_bf16_f32_void_bf16_128x256x64_2x1x1_0_tnt_align8_2sm_epi_tma,passed,success,grouped,,,,,bf16:row,bf16:column,void:row,bf16:row,1,0,invalid,invalid,heuristic,1,false,'[683x5120x1536][683x5120x1536][683x5120x1536][683x5120x1536][683x5120x1536][683x5120x1536][683x5120x1536][683x5120x1536][683x5120x1536][683x5120x1536][683x5120x1536][683x5120x1536][683x5120x1536][683x5120x1536][683x5120x1536][683x5120x1536][683x5120x1536][683x5120x1536][683x5120x1536][683x5120x1536][683x5120x1536][683x5120x1536][683x5120x1536][683x5120x1536][683x5120x1536][683x5120x1536][683x5120x1536][683x5120x1536][683x5120x1536][683x5120x1536][683x5120x1536][683x5120x1536][683x5120x1536][683x5120x1536][683x5120x1536][683x5120x1536][683x5120x1536][683x5120x1536][683x5120x1536][683x5120x1536][683x5120x1536][683x5120x1536][683x5120x1536][683x5120x1536][683x5120x1536][683x5120x1536][683x5120x1536][683x5120x1536][683x5120x1536][683x5120x1536][683x5120x1536][683x5120x1536][683x5120x1536][683x5120x1536][683x5120x1536][683x5120x1536][683x5120x1536][683x5120x1536][683x5120x1536][683x5120x1536][683x5120x1536][683x5120x1536][683x5120x1536][683x5120x1536][682x5120x1536][682x5120x1536][682x5120x1536][682x5120x1536][682x5120x1536][682x5120x1536][682x5120x1536][682x5120x1536][682x5120x1536][682x5120x1536][682x5120x1536][682x5120x1536][682x5120x1536][682x5120x1536][682x5120x1536][682x5120x1536][682x5120x1536][682x5120x1536][682x5120x1536][682x5120x1536][682x5120x1536][682x5120x1536][682x5120x1536][682x5120x1536][682x5120x1536][682x5120x1536][682x5120x1536][682x5120x1536][682x5120x1536][682x5120x1536][682x5120x1536][682x5120x1536]',,tensorop,f32,128,256,64,2,1,1,2,1,1,8,4,1,1,128,256,16,100,110,1711276032,1031463239680,602,0.802867,1985.07,1.28472e+06
1,CUTLASS,grouped_gemm,cutlass3x_sm100_tensorop_gemm_grouped_bf16_bf16_f32_void_bf16_128x256x64_2x1x1_0_tnt_align8_stream_k_2sm_epi_tma,passed,success,grouped,,,,,bf16:row,bf16:column,void:row,bf16:row,1,0,invalid,invalid,heuristic,1,false,'[683x5120x1536][683x5120x1536][683x5120x1536][683x5120x1536][683x5120x1536][683x5120x1536][683x5120x1536][683x5120x1536][683x5120x1536][683x5120x1536][683x5120x1536][683x5120x1536][683x5120x1536][683x5120x1536][683x5120x1536][683x5120x1536][683x5120x1536][683x5120x1536][683x5120x1536][683x5120x1536][683x5120x1536][683x5120x1536][683x5120x1536][683x5120x1536][683x5120x1536][683x5120x1536][683x5120x1536][683x5120x1536][683x5120x1536][683x5120x1536][683x5120x1536][683x5120x1536][683x5120x1536][683x5120x1536][683x5120x1536][683x5120x1536][683x5120x1536][683x5120x1536][683x5120x1536][683x5120x1536][683x5120x1536][683x5120x1536][683x5120x1536][683x5120x1536][683x5120x1536][683x5120x1536][683x5120x1536][683x5120x1536][683x5120x1536][683x5120x1536][683x5120x1536][683x5120x1536][683x5120x1536][683x5120x1536][683x5120x1536][683x5120x1536][683x5120x1536][683x5120x1536][683x5120x1536][683x5120x1536][683x5120x1536][683x5120x1536][683x5120x1536][683x5120x1536][682x5120x1536][682x5120x1536][682x5120x1536][682x5120x1536][682x5120x1536][682x5120x1536][682x5120x1536][682x5120x1536][682x5120x1536][682x5120x1536][682x5120x1536][682x5120x1536][682x5120x1536][682x5120x1536][682x5120x1536][682x5120x1536][682x5120x1536][682x5120x1536][682x5120x1536][682x5120x1536][682x5120x1536][682x5120x1536][682x5120x1536][682x5120x1536][682x5120x1536][682x5120x1536][682x5120x1536][682x5120x1536][682x5120x1536][682x5120x1536][682x5120x1536][682x5120x1536]',,tensorop,f32,128,256,64,2,1,1,2,1,1,8,4,1,1,128,256,16,100,110,1711276032,1031463239680,602,0.800915,1989.91,1.28786e+06
1,CUTLASS,grouped_gemm,cutlass3x_sm100_tensorop_gemm_grouped_bf16_bf16_f32_bf16_bf16_128x256x64_2x2x1_0_tnt_align8_2sm_epi_tma,passed,success,grouped,,,,,bf16:row,bf16:column,bf16:row,bf16:row,1,0,invalid,invalid,heuristic,1,false,'[683x5120x1536][683x5120x1536][683x5120x1536][683x5120x1536][683x5120x1536][683x5120x1536][683x5120x1536][683x5120x1536][683x5120x1536][683x5120x1536][683x5120x1536][683x5120x1536][683x5120x1536][683x5120x1536][683x5120x1536][683x5120x1536][683x5120x1536][683x5120x1536][683x5120x1536][683x5120x1536][683x5120x1536][683x5120x1536][683x5120x1536][683x5120x1536][683x5120x1536][683x5120x1536][683x5120x1536][683x5120x1536][683x5120x1536][683x5120x1536][683x5120x1536][683x5120x1536][683x5120x1536][683x5120x1536][683x5120x1536][683x5120x1536][683x5120x1536][683x5120x1536][683x5120x1536][683x5120x1536][683x5120x1536][683x5120x1536][683x5120x1536][683x5120x1536][683x5120x1536][683x5120x1536][683x5120x1536][683x5120x1536][683x5120x1536][683x5120x1536][683x5120x1536][683x5120x1536][683x5120x1536][683x5120x1536][683x5120x1536][683x5120x1536][683x5120x1536][683x5120x1536][683x5120x1536][683x5120x1536][683x5120x1536][683x5120x1536][683x5120x1536][683x5120x1536][682x5120x1536][682x5120x1536][682x5120x1536][682x5120x1536][682x5120x1536][682x5120x1536][682x5120x1536][682x5120x1536][682x5120x1536][682x5120x1536][682x5120x1536][682x5120x1536][682x5120x1536][682x5120x1536][682x5120x1536][682x5120x1536][682x5120x1536][682x5120x1536][682x5120x1536][682x5120x1536][682x5120x1536][682x5120x1536][682x5120x1536][682x5120x1536][682x5120x1536][682x5120x1536][682x5120x1536][682x5120x1536][682x5120x1536][682x5120x1536][682x5120x1536][682x5120x1536]',,tensorop,f32,128,256,64,2,2,1,2,1,1,7,4,1,1,128,256,16,100,110,2382364672,1031463239680,432,0.776416,2857.68,1.32849e+06
1,CUTLASS,grouped_gemm,cutlass3x_sm100_tensorop_gemm_grouped_bf16_bf16_f32_bf16_bf16_128x256x64_2x2x1_0_tnt_align8_stream_k_2sm_epi_tma,passed,success,grouped,,,,,bf16:row,bf16:column,bf16:row,bf16:row,1,0,invalid,invalid,heuristic,1,false,'[683x5120x1536][683x5120x1536][683x5120x1536][683x5120x1536][683x5120x1536][683x5120x1536][683x5120x1536][683x5120x1536][683x5120x1536][683x5120x1536][683x5120x1536][683x5120x1536][683x5120x1536][683x5120x1536][683x5120x1536][683x5120x1536][683x5120x1536][683x5120x1536][683x5120x1536][683x5120x1536][683x5120x1536][683x5120x1536][683x5120x1536][683x5120x1536][683x5120x1536][683x5120x1536][683x5120x1536][683x5120x1536][683x5120x1536][683x5120x1536][683x5120x1536][683x5120x1536][683x5120x1536][683x5120x1536][683x5120x1536][683x5120x1536][683x5120x1536][683x5120x1536][683x5120x1536][683x5120x1536][683x5120x1536][683x5120x1536][683x5120x1536][683x5120x1536][683x5120x1536][683x5120x1536][683x5120x1536][683x5120x1536][683x5120x1536][683x5120x1536][683x5120x1536][683x5120x1536][683x5120x1536][683x5120x1536][683x5120x1536][683x5120x1536][683x5120x1536][683x5120x1536][683x5120x1536][683x5120x1536][683x5120x1536][683x5120x1536][683x5120x1536][683x5120x1536][682x5120x1536][682x5120x1536][682x5120x1536][682x5120x1536][682x5120x1536][682x5120x1536][682x5120x1536][682x5120x1536][682x5120x1536][682x5120x1536][682x5120x1536][682x5120x1536][682x5120x1536][682x5120x1536][682x5120x1536][682x5120x1536][682x5120x1536][682x5120x1536][682x5120x1536][682x5120x1536][682x5120x1536][682x5120x1536][682x5120x1536][682x5120x1536][682x5120x1536][682x5120x1536][682x5120x1536][682x5120x1536][682x5120x1536][682x5120x1536][682x5120x1536][682x5120x1536]',,tensorop,f32,128,256,64,2,2,1,2,1,1,7,4,1,1,128,256,16,100,110,2382364672,1031463239680,432,0.77519,2862.2,1.33059e+06
1,CUTLASS,grouped_gemm,cutlass3x_sm100_tensorop_gemm_grouped_bf16_bf16_f32_void_bf16_128x256x64_2x2x1_0_tnt_align8_2sm_epi_tma,passed,success,grouped,,,,,bf16:row,bf16:column,void:row,bf16:row,1,0,invalid,invalid,heuristic,1,false,'[683x5120x1536][683x5120x1536][683x5120x1536][683x5120x1536][683x5120x1536][683x5120x1536][683x5120x1536][683x5120x1536][683x5120x1536][683x5120x1536][683x5120x1536][683x5120x1536][683x5120x1536][683x5120x1536][683x5120x1536][683x5120x1536][683x5120x1536][683x5120x1536][683x5120x1536][683x5120x1536][683x5120x1536][683x5120x1536][683x5120x1536][683x5120x1536][683x5120x1536][683x5120x1536][683x5120x1536][683x5120x1536][683x5120x1536][683x5120x1536][683x5120x1536][683x5120x1536][683x5120x1536][683x5120x1536][683x5120x1536][683x5120x1536][683x5120x1536][683x5120x1536][683x5120x1536][683x5120x1536][683x5120x1536][683x5120x1536][683x5120x1536][683x5120x1536][683x5120x1536][683x5120x1536][683x5120x1536][683x5120x1536][683x5120x1536][683x5120x1536][683x5120x1536][683x5120x1536][683x5120x1536][683x5120x1536][683x5120x1536][683x5120x1536][683x5120x1536][683x5120x1536][683x5120x1536][683x5120x1536][683x5120x1536][683x5120x1536][683x5120x1536][683x5120x1536][682x5120x1536][682x5120x1536][682x5120x1536][682x5120x1536][682x5120x1536][682x5120x1536][682x5120x1536][682x5120x1536][682x5120x1536][682x5120x1536][682x5120x1536][682x5120x1536][682x5120x1536][682x5120x1536][682x5120x1536][682x5120x1536][682x5120x1536][682x5120x1536][682x5120x1536][682x5120x1536][682x5120x1536][682x5120x1536][682x5120x1536][682x5120x1536][682x5120x1536][682x5120x1536][682x5120x1536][682x5120x1536][682x5120x1536][682x5120x1536][682x5120x1536][682x5120x1536]',,tensorop,f32,128,256,64,2,2,1,2,1,1,8,4,1,1,128,256,16,100,110,1711276032,1031463239680,602,0.74672,2134.33,1.38133e+06
1,CUTLASS,grouped_gemm,cutlass3x_sm100_tensorop_gemm_grouped_bf16_bf16_f32_void_bf16_128x256x64_2x2x1_0_tnt_align8_stream_k_2sm_epi_tma,passed,success,grouped,,,,,bf16:row,bf16:column,void:row,bf16:row,1,0,invalid,invalid,heuristic,1,false,'[683x5120x1536][683x5120x1536][683x5120x1536][683x5120x1536][683x5120x1536][683x5120x1536][683x5120x1536][683x5120x1536][683x5120x1536][683x5120x1536][683x5120x1536][683x5120x1536][683x5120x1536][683x5120x1536][683x5120x1536][683x5120x1536][683x5120x1536][683x5120x1536][683x5120x1536][683x5120x1536][683x5120x1536][683x5120x1536][683x5120x1536][683x5120x1536][683x5120x1536][683x5120x1536][683x5120x1536][683x5120x1536][683x5120x1536][683x5120x1536][683x5120x1536][683x5120x1536][683x5120x1536][683x5120x1536][683x5120x1536][683x5120x1536][683x5120x1536][683x5120x1536][683x5120x1536][683x5120x1536][683x5120x1536][683x5120x1536][683x5120x1536][683x5120x1536][683x5120x1536][683x5120x1536][683x5120x1536][683x5120x1536][683x5120x1536][683x5120x1536][683x5120x1536][683x5120x1536][683x5120x1536][683x5120x1536][683x5120x1536][683x5120x1536][683x5120x1536][683x5120x1536][683x5120x1536][683x5120x1536][683x5120x1536][683x5120x1536][683x5120x1536][683x5120x1536][682x5120x1536][682x5120x1536][682x5120x1536][682x5120x1536][682x5120x1536][682x5120x1536][682x5120x1536][682x5120x1536][682x5120x1536][682x5120x1536][682x5120x1536][682x5120x1536][682x5120x1536][682x5120x1536][682x5120x1536][682x5120x1536][682x5120x1536][682x5120x1536][682x5120x1536][682x5120x1536][682x5120x1536][682x5120x1536][682x5120x1536][682x5120x1536][682x5120x1536][682x5120x1536][682x5120x1536][682x5120x1536][682x5120x1536][682x5120x1536][682x5120x1536][682x5120x1536]',,tensorop,f32,128,256,64,2,2,1,2,1,1,8,4,1,1,128,256,16,100,110,1711276032,1031463239680,602,0.748768,2128.5,1.37755e+06
1,CUTLASS,grouped_gemm,cutlass3x_sm100_tensorop_gemm_grouped_bf16_bf16_f32_bf16_bf16_128x256x64_4x1x1_0_tnt_align8_2sm_epi_tma,passed,success,grouped,,,,,bf16:row,bf16:column,bf16:row,bf16:row,1,0,invalid,invalid,heuristic,1,false,'[683x5120x1536][683x5120x1536][683x5120x1536][683x5120x1536][683x5120x1536][683x5120x1536][683x5120x1536][683x5120x1536][683x5120x1536][683x5120x1536][683x5120x1536][683x5120x1536][683x5120x1536][683x5120x1536][683x5120x1536][683x5120x1536][683x5120x1536][683x5120x1536][683x5120x1536][683x5120x1536][683x5120x1536][683x5120x1536][683x5120x1536][683x5120x1536][683x5120x1536][683x5120x1536][683x5120x1536][683x5120x1536][683x5120x1536][683x5120x1536][683x5120x1536][683x5120x1536][683x5120x1536][683x5120x1536][683x5120x1536][683x5120x1536][683x5120x1536][683x5120x1536][683x5120x1536][683x5120x1536][683x5120x1536][683x5120x1536][683x5120x1536][683x5120x1536][683x5120x1536][683x5120x1536][683x5120x1536][683x5120x1536][683x5120x1536][683x5120x1536][683x5120x1536][683x5120x1536][683x5120x1536][683x5120x1536][683x5120x1536][683x5120x1536][683x5120x1536][683x5120x1536][683x5120x1536][683x5120x1536][683x5120x1536][683x5120x1536][683x5120x1536][683x5120x1536][682x5120x1536][682x5120x1536][682x5120x1536][682x5120x1536][682x5120x1536][682x5120x1536][682x5120x1536][682x5120x1536][682x5120x1536][682x5120x1536][682x5120x1536][682x5120x1536][682x5120x1536][682x5120x1536][682x5120x1536][682x5120x1536][682x5120x1536][682x5120x1536][682x5120x1536][682x5120x1536][682x5120x1536][682x5120x1536][682x5120x1536][682x5120x1536][682x5120x1536][682x5120x1536][682x5120x1536][682x5120x1536][682x5120x1536][682x5120x1536][682x5120x1536][682x5120x1536]',,tensorop,f32,128,256,64,4,1,1,2,1,1,7,4,1,1,128,256,16,100,110,2382364672,1031463239680,432,0.793824,2795.01,1.29936e+06
1,CUTLASS,grouped_gemm,cutlass3x_sm100_tensorop_gemm_grouped_bf16_bf16_f32_bf16_bf16_128x256x64_4x1x1_0_tnt_align8_stream_k_2sm_epi_tma,passed,success,grouped,,,,,bf16:row,bf16:column,bf16:row,bf16:row,1,0,invalid,invalid,heuristic,1,false,'[683x5120x1536][683x5120x1536][683x5120x1536][683x5120x1536][683x5120x1536][683x5120x1536][683x5120x1536][683x5120x1536][683x5120x1536][683x5120x1536][683x5120x1536][683x5120x1536][683x5120x1536][683x5120x1536][683x5120x1536][683x5120x1536][683x5120x1536][683x5120x1536][683x5120x1536][683x5120x1536][683x5120x1536][683x5120x1536][683x5120x1536][683x5120x1536][683x5120x1536][683x5120x1536][683x5120x1536][683x5120x1536][683x5120x1536][683x5120x1536][683x5120x1536][683x5120x1536][683x5120x1536][683x5120x1536][683x5120x1536][683x5120x1536][683x5120x1536][683x5120x1536][683x5120x1536][683x5120x1536][683x5120x1536][683x5120x1536][683x5120x1536][683x5120x1536][683x5120x1536][683x5120x1536][683x5120x1536][683x5120x1536][683x5120x1536][683x5120x1536][683x5120x1536][683x5120x1536][683x5120x1536][683x5120x1536][683x5120x1536][683x5120x1536][683x5120x1536][683x5120x1536][683x5120x1536][683x5120x1536][683x5120x1536][683x5120x1536][683x5120x1536][683x5120x1536][682x5120x1536][682x5120x1536][682x5120x1536][682x5120x1536][682x5120x1536][682x5120x1536][682x5120x1536][682x5120x1536][682x5120x1536][682x5120x1536][682x5120x1536][682x5120x1536][682x5120x1536][682x5120x1536][682x5120x1536][682x5120x1536][682x5120x1536][682x5120x1536][682x5120x1536][682x5120x1536][682x5120x1536][682x5120x1536][682x5120x1536][682x5120x1536][682x5120x1536][682x5120x1536][682x5120x1536][682x5120x1536][682x5120x1536][682x5120x1536][682x5120x1536][682x5120x1536]',,tensorop,f32,128,256,64,4,1,1,2,1,1,7,4,1,1,128,256,16,100,110,2382364672,1031463239680,432,0.793642,2795.66,1.29966e+06
1,CUTLASS,grouped_gemm,cutlass3x_sm100_tensorop_gemm_grouped_bf16_bf16_f32_void_bf16_128x256x64_4x1x1_0_tnt_align8_2sm_epi_tma,passed,success,grouped,,,,,bf16:row,bf16:column,void:row,bf16:row,1,0,invalid,invalid,heuristic,1,false,'[683x5120x1536][683x5120x1536][683x5120x1536][683x5120x1536][683x5120x1536][683x5120x1536][683x5120x1536][683x5120x1536][683x5120x1536][683x5120x1536][683x5120x1536][683x5120x1536][683x5120x1536][683x5120x1536][683x5120x1536][683x5120x1536][683x5120x1536][683x5120x1536][683x5120x1536][683x5120x1536][683x5120x1536][683x5120x1536][683x5120x1536][683x5120x1536][683x5120x1536][683x5120x1536][683x5120x1536][683x5120x1536][683x5120x1536][683x5120x1536][683x5120x1536][683x5120x1536][683x5120x1536][683x5120x1536][683x5120x1536][683x5120x1536][683x5120x1536][683x5120x1536][683x5120x1536][683x5120x1536][683x5120x1536][683x5120x1536][683x5120x1536][683x5120x1536][683x5120x1536][683x5120x1536][683x5120x1536][683x5120x1536][683x5120x1536][683x5120x1536][683x5120x1536][683x5120x1536][683x5120x1536][683x5120x1536][683x5120x1536][683x5120x1536][683x5120x1536][683x5120x1536][683x5120x1536][683x5120x1536][683x5120x1536][683x5120x1536][683x5120x1536][683x5120x1536][682x5120x1536][682x5120x1536][682x5120x1536][682x5120x1536][682x5120x1536][682x5120x1536][682x5120x1536][682x5120x1536][682x5120x1536][682x5120x1536][682x5120x1536][682x5120x1536][682x5120x1536][682x5120x1536][682x5120x1536][682x5120x1536][682x5120x1536][682x5120x1536][682x5120x1536][682x5120x1536][682x5120x1536][682x5120x1536][682x5120x1536][682x5120x1536][682x5120x1536][682x5120x1536][682x5120x1536][682x5120x1536][682x5120x1536][682x5120x1536][682x5120x1536][682x5120x1536]',,tensorop,f32,128,256,64,4,1,1,2,1,1,8,4,1,1,128,256,16,100,110,1711276032,1031463239680,602,0.768224,2074.59,1.34266e+06
1,CUTLASS,grouped_gemm,cutlass3x_sm100_tensorop_gemm_grouped_bf16_bf16_f32_void_bf16_128x256x64_4x1x1_0_tnt_align8_stream_k_2sm_epi_tma,passed,success,grouped,,,,,bf16:row,bf16:column,void:row,bf16:row,1,0,invalid,invalid,heuristic,1,false,'[683x5120x1536][683x5120x1536][683x5120x1536][683x5120x1536][683x5120x1536][683x5120x1536][683x5120x1536][683x5120x1536][683x5120x1536][683x5120x1536][683x5120x1536][683x5120x1536][683x5120x1536][683x5120x1536][683x5120x1536][683x5120x1536][683x5120x1536][683x5120x1536][683x5120x1536][683x5120x1536][683x5120x1536][683x5120x1536][683x5120x1536][683x5120x1536][683x5120x1536][683x5120x1536][683x5120x1536][683x5120x1536][683x5120x1536][683x5120x1536][683x5120x1536][683x5120x1536][683x5120x1536][683x5120x1536][683x5120x1536][683x5120x1536][683x5120x1536][683x5120x1536][683x5120x1536][683x5120x1536][683x5120x1536][683x5120x1536][683x5120x1536][683x5120x1536][683x5120x1536][683x5120x1536][683x5120x1536][683x5120x1536][683x5120x1536][683x5120x1536][683x5120x1536][683x5120x1536][683x5120x1536][683x5120x1536][683x5120x1536][683x5120x1536][683x5120x1536][683x5120x1536][683x5120x1536][683x5120x1536][683x5120x1536][683x5120x1536][683x5120x1536][683x5120x1536][682x5120x1536][682x5120x1536][682x5120x1536][682x5120x1536][682x5120x1536][682x5120x1536][682x5120x1536][682x5120x1536][682x5120x1536][682x5120x1536][682x5120x1536][682x5120x1536][682x5120x1536][682x5120x1536][682x5120x1536][682x5120x1536][682x5120x1536][682x5120x1536][682x5120x1536][682x5120x1536][682x5120x1536][682x5120x1536][682x5120x1536][682x5120x1536][682x5120x1536][682x5120x1536][682x5120x1536][682x5120x1536][682x5120x1536][682x5120x1536][682x5120x1536][682x5120x1536]',,tensorop,f32,128,256,64,4,1,1,2,1,1,8,4,1,1,128,256,16,100,110,1711276032,1031463239680,602,0.766176,2080.14,1.34625e+06
1,CUTLASS,grouped_gemm,cutlass3x_sm100_tensorop_gemm_grouped_bf16_bf16_f32_bf16_bf16_128x256x64_2x4x1_0_tnt_align8_2sm_epi_tma,passed,success,grouped,,,,,bf16:row,bf16:column,bf16:row,bf16:row,1,0,invalid,invalid,heuristic,1,false,'[683x5120x1536][683x5120x1536][683x5120x1536][683x5120x1536][683x5120x1536][683x5120x1536][683x5120x1536][683x5120x1536][683x5120x1536][683x5120x1536][683x5120x1536][683x5120x1536][683x5120x1536][683x5120x1536][683x5120x1536][683x5120x1536][683x5120x1536][683x5120x1536][683x5120x1536][683x5120x1536][683x5120x1536][683x5120x1536][683x5120x1536][683x5120x1536][683x5120x1536][683x5120x1536][683x5120x1536][683x5120x1536][683x5120x1536][683x5120x1536][683x5120x1536][683x5120x1536][683x5120x1536][683x5120x1536][683x5120x1536][683x5120x1536][683x5120x1536][683x5120x1536][683x5120x1536][683x5120x1536][683x5120x1536][683x5120x1536][683x5120x1536][683x5120x1536][683x5120x1536][683x5120x1536][683x5120x1536][683x5120x1536][683x5120x1536][683x5120x1536][683x5120x1536][683x5120x1536][683x5120x1536][683x5120x1536][683x5120x1536][683x5120x1536][683x5120x1536][683x5120x1536][683x5120x1536][683x5120x1536][683x5120x1536][683x5120x1536][683x5120x1536][683x5120x1536][682x5120x1536][682x5120x1536][682x5120x1536][682x5120x1536][682x5120x1536][682x5120x1536][682x5120x1536][682x5120x1536][682x5120x1536][682x5120x1536][682x5120x1536][682x5120x1536][682x5120x1536][682x5120x1536][682x5120x1536][682x5120x1536][682x5120x1536][682x5120x1536][682x5120x1536][682x5120x1536][682x5120x1536][682x5120x1536][682x5120x1536][682x5120x1536][682x5120x1536][682x5120x1536][682x5120x1536][682x5120x1536][682x5120x1536][682x5120x1536][682x5120x1536][682x5120x1536]',,tensorop,f32,128,256,64,2,4,1,2,1,1,7,4,1,1,128,256,16,100,110,2382364672,1031463239680,432,0.967693,2292.82,1.0659e+06
1,CUTLASS,grouped_gemm,cutlass3x_sm100_tensorop_gemm_grouped_bf16_bf16_f32_bf16_bf16_128x256x64_2x4x1_0_tnt_align8_stream_k_2sm_epi_tma,passed,success,grouped,,,,,bf16:row,bf16:column,bf16:row,bf16:row,1,0,invalid,invalid,heuristic,1,false,'[683x5120x1536][683x5120x1536][683x5120x1536][683x5120x1536][683x5120x1536][683x5120x1536][683x5120x1536][683x5120x1536][683x5120x1536][683x5120x1536][683x5120x1536][683x5120x1536][683x5120x1536][683x5120x1536][683x5120x1536][683x5120x1536][683x5120x1536][683x5120x1536][683x5120x1536][683x5120x1536][683x5120x1536][683x5120x1536][683x5120x1536][683x5120x1536][683x5120x1536][683x5120x1536][683x5120x1536][683x5120x1536][683x5120x1536][683x5120x1536][683x5120x1536][683x5120x1536][683x5120x1536][683x5120x1536][683x5120x1536][683x5120x1536][683x5120x1536][683x5120x1536][683x5120x1536][683x5120x1536][683x5120x1536][683x5120x1536][683x5120x1536][683x5120x1536][683x5120x1536][683x5120x1536][683x5120x1536][683x5120x1536][683x5120x1536][683x5120x1536][683x5120x1536][683x5120x1536][683x5120x1536][683x5120x1536][683x5120x1536][683x5120x1536][683x5120x1536][683x5120x1536][683x5120x1536][683x5120x1536][683x5120x1536][683x5120x1536][683x5120x1536][683x5120x1536][682x5120x1536][682x5120x1536][682x5120x1536][682x5120x1536][682x5120x1536][682x5120x1536][682x5120x1536][682x5120x1536][682x5120x1536][682x5120x1536][682x5120x1536][682x5120x1536][682x5120x1536][682x5120x1536][682x5120x1536][682x5120x1536][682x5120x1536][682x5120x1536][682x5120x1536][682x5120x1536][682x5120x1536][682x5120x1536][682x5120x1536][682x5120x1536][682x5120x1536][682x5120x1536][682x5120x1536][682x5120x1536][682x5120x1536][682x5120x1536][682x5120x1536][682x5120x1536]',,tensorop,f32,128,256,64,2,4,1,2,1,1,7,4,1,1,128,256,16,100,110,2382364672,1031463239680,432,0.966784,2294.98,1.0669e+06
1,CUTLASS,grouped_gemm,cutlass3x_sm100_tensorop_gemm_grouped_bf16_bf16_f32_void_bf16_128x256x64_2x4x1_0_tnt_align8_2sm_epi_tma,passed,success,grouped,,,,,bf16:row,bf16:column,void:row,bf16:row,1,0,invalid,invalid,heuristic,1,false,'[683x5120x1536][683x5120x1536][683x5120x1536][683x5120x1536][683x5120x1536][683x5120x1536][683x5120x1536][683x5120x1536][683x5120x1536][683x5120x1536][683x5120x1536][683x5120x1536][683x5120x1536][683x5120x1536][683x5120x1536][683x5120x1536][683x5120x1536][683x5120x1536][683x5120x1536][683x5120x1536][683x5120x1536][683x5120x1536][683x5120x1536][683x5120x1536][683x5120x1536][683x5120x1536][683x5120x1536][683x5120x1536][683x5120x1536][683x5120x1536][683x5120x1536][683x5120x1536][683x5120x1536][683x5120x1536][683x5120x1536][683x5120x1536][683x5120x1536][683x5120x1536][683x5120x1536][683x5120x1536][683x5120x1536][683x5120x1536][683x5120x1536][683x5120x1536][683x5120x1536][683x5120x1536][683x5120x1536][683x5120x1536][683x5120x1536][683x5120x1536][683x5120x1536][683x5120x1536][683x5120x1536][683x5120x1536][683x5120x1536][683x5120x1536][683x5120x1536][683x5120x1536][683x5120x1536][683x5120x1536][683x5120x1536][683x5120x1536][683x5120x1536][683x5120x1536][682x5120x1536][682x5120x1536][682x5120x1536][682x5120x1536][682x5120x1536][682x5120x1536][682x5120x1536][682x5120x1536][682x5120x1536][682x5120x1536][682x5120x1536][682x5120x1536][682x5120x1536][682x5120x1536][682x5120x1536][682x5120x1536][682x5120x1536][682x5120x1536][682x5120x1536][682x5120x1536][682x5120x1536][682x5120x1536][682x5120x1536][682x5120x1536][682x5120x1536][682x5120x1536][682x5120x1536][682x5120x1536][682x5120x1536][682x5120x1536][682x5120x1536][682x5120x1536]',,tensorop,f32,128,256,64,2,4,1,2,1,1,8,4,1,1,128,256,16,100,110,1711276032,1031463239680,602,0.903085,1764.78,1.14216e+06
1,CUTLASS,grouped_gemm,cutlass3x_sm100_tensorop_gemm_grouped_bf16_bf16_f32_void_bf16_128x256x64_2x4x1_0_tnt_align8_stream_k_2sm_epi_tma,passed,success,grouped,,,,,bf16:row,bf16:column,void:row,bf16:row,1,0,invalid,invalid,heuristic,1,false,'[683x5120x1536][683x5120x1536][683x5120x1536][683x5120x1536][683x5120x1536][683x5120x1536][683x5120x1536][683x5120x1536][683x5120x1536][683x5120x1536][683x5120x1536][683x5120x1536][683x5120x1536][683x5120x1536][683x5120x1536][683x5120x1536][683x5120x1536][683x5120x1536][683x5120x1536][683x5120x1536][683x5120x1536][683x5120x1536][683x5120x1536][683x5120x1536][683x5120x1536][683x5120x1536][683x5120x1536][683x5120x1536][683x5120x1536][683x5120x1536][683x5120x1536][683x5120x1536][683x5120x1536][683x5120x1536][683x5120x1536][683x5120x1536][683x5120x1536][683x5120x1536][683x5120x1536][683x5120x1536][683x5120x1536][683x5120x1536][683x5120x1536][683x5120x1536][683x5120x1536][683x5120x1536][683x5120x1536][683x5120x1536][683x5120x1536][683x5120x1536][683x5120x1536][683x5120x1536][683x5120x1536][683x5120x1536][683x5120x1536][683x5120x1536][683x5120x1536][683x5120x1536][683x5120x1536][683x5120x1536][683x5120x1536][683x5120x1536][683x5120x1536][683x5120x1536][682x5120x1536][682x5120x1536][682x5120x1536][682x5120x1536][682x5120x1536][682x5120x1536][682x5120x1536][682x5120x1536][682x5120x1536][682x5120x1536][682x5120x1536][682x5120x1536][682x5120x1536][682x5120x1536][682x5120x1536][682x5120x1536][682x5120x1536][682x5120x1536][682x5120x1536][682x5120x1536][682x5120x1536][682x5120x1536][682x5120x1536][682x5120x1536][682x5120x1536][682x5120x1536][682x5120x1536][682x5120x1536][682x5120x1536][682x5120x1536][682x5120x1536][682x5120x1536]',,tensorop,f32,128,256,64,2,4,1,2,1,1,8,4,1,1,128,256,16,100,110,1711276032,1031463239680,602,0.903907,1763.18,1.14112e+06
1,CUTLASS,grouped_gemm,cutlass3x_sm100_tensorop_gemm_grouped_bf16_bf16_f32_bf16_bf16_128x256x64_4x2x1_0_tnt_align8_2sm_epi_tma,passed,success,grouped,,,,,bf16:row,bf16:column,bf16:row,bf16:row,1,0,invalid,invalid,heuristic,1,false,'[683x5120x1536][683x5120x1536][683x5120x1536][683x5120x1536][683x5120x1536][683x5120x1536][683x5120x1536][683x5120x1536][683x5120x1536][683x5120x1536][683x5120x1536][683x5120x1536][683x5120x1536][683x5120x1536][683x5120x1536][683x5120x1536][683x5120x1536][683x5120x1536][683x5120x1536][683x5120x1536][683x5120x1536][683x5120x1536][683x5120x1536][683x5120x1536][683x5120x1536][683x5120x1536][683x5120x1536][683x5120x1536][683x5120x1536][683x5120x1536][683x5120x1536][683x5120x1536][683x5120x1536][683x5120x1536][683x5120x1536][683x5120x1536][683x5120x1536][683x5120x1536][683x5120x1536][683x5120x1536][683x5120x1536][683x5120x1536][683x5120x1536][683x5120x1536][683x5120x1536][683x5120x1536][683x5120x1536][683x5120x1536][683x5120x1536][683x5120x1536][683x5120x1536][683x5120x1536][683x5120x1536][683x5120x1536][683x5120x1536][683x5120x1536][683x5120x1536][683x5120x1536][683x5120x1536][683x5120x1536][683x5120x1536][683x5120x1536][683x5120x1536][683x5120x1536][682x5120x1536][682x5120x1536][682x5120x1536][682x5120x1536][682x5120x1536][682x5120x1536][682x5120x1536][682x5120x1536][682x5120x1536][682x5120x1536][682x5120x1536][682x5120x1536][682x5120x1536][682x5120x1536][682x5120x1536][682x5120x1536][682x5120x1536][682x5120x1536][682x5120x1536][682x5120x1536][682x5120x1536][682x5120x1536][682x5120x1536][682x5120x1536][682x5120x1536][682x5120x1536][682x5120x1536][682x5120x1536][682x5120x1536][682x5120x1536][682x5120x1536][682x5120x1536]',,tensorop,f32,128,256,64,4,2,1,2,1,1,7,4,1,1,128,256,16,100,110,2382364672,1031463239680,432,0.945888,2345.68,1.09047e+06
1,CUTLASS,grouped_gemm,cutlass3x_sm100_tensorop_gemm_grouped_bf16_bf16_f32_bf16_bf16_128x256x64_4x2x1_0_tnt_align8_stream_k_2sm_epi_tma,passed,success,grouped,,,,,bf16:row,bf16:column,bf16:row,bf16:row,1,0,invalid,invalid,heuristic,1,false,'[683x5120x1536][683x5120x1536][683x5120x1536][683x5120x1536][683x5120x1536][683x5120x1536][683x5120x1536][683x5120x1536][683x5120x1536][683x5120x1536][683x5120x1536][683x5120x1536][683x5120x1536][683x5120x1536][683x5120x1536][683x5120x1536][683x5120x1536][683x5120x1536][683x5120x1536][683x5120x1536][683x5120x1536][683x5120x1536][683x5120x1536][683x5120x1536][683x5120x1536][683x5120x1536][683x5120x1536][683x5120x1536][683x5120x1536][683x5120x1536][683x5120x1536][683x5120x1536][683x5120x1536][683x5120x1536][683x5120x1536][683x5120x1536][683x5120x1536][683x5120x1536][683x5120x1536][683x5120x1536][683x5120x1536][683x5120x1536][683x5120x1536][683x5120x1536][683x5120x1536][683x5120x1536][683x5120x1536][683x5120x1536][683x5120x1536][683x5120x1536][683x5120x1536][683x5120x1536][683x5120x1536][683x5120x1536][683x5120x1536][683x5120x1536][683x5120x1536][683x5120x1536][683x5120x1536][683x5120x1536][683x5120x1536][683x5120x1536][683x5120x1536][683x5120x1536][682x5120x1536][682x5120x1536][682x5120x1536][682x5120x1536][682x5120x1536][682x5120x1536][682x5120x1536][682x5120x1536][682x5120x1536][682x5120x1536][682x5120x1536][682x5120x1536][682x5120x1536][682x5120x1536][682x5120x1536][682x5120x1536][682x5120x1536][682x5120x1536][682x5120x1536][682x5120x1536][682x5120x1536][682x5120x1536][682x5120x1536][682x5120x1536][682x5120x1536][682x5120x1536][682x5120x1536][682x5120x1536][682x5120x1536][682x5120x1536][682x5120x1536][682x5120x1536]',,tensorop,f32,128,256,64,4,2,1,2,1,1,7,4,1,1,128,256,16,100,110,2382364672,1031463239680,432,0.945814,2345.86,1.09056e+06
1,CUTLASS,grouped_gemm,cutlass3x_sm100_tensorop_gemm_grouped_bf16_bf16_f32_void_bf16_128x256x64_4x2x1_0_tnt_align8_2sm_epi_tma,passed,success,grouped,,,,,bf16:row,bf16:column,void:row,bf16:row,1,0,invalid,invalid,heuristic,1,false,'[683x5120x1536][683x5120x1536][683x5120x1536][683x5120x1536][683x5120x1536][683x5120x1536][683x5120x1536][683x5120x1536][683x5120x1536][683x5120x1536][683x5120x1536][683x5120x1536][683x5120x1536][683x5120x1536][683x5120x1536][683x5120x1536][683x5120x1536][683x5120x1536][683x5120x1536][683x5120x1536][683x5120x1536][683x5120x1536][683x5120x1536][683x5120x1536][683x5120x1536][683x5120x1536][683x5120x1536][683x5120x1536][683x5120x1536][683x5120x1536][683x5120x1536][683x5120x1536][683x5120x1536][683x5120x1536][683x5120x1536][683x5120x1536][683x5120x1536][683x5120x1536][683x5120x1536][683x5120x1536][683x5120x1536][683x5120x1536][683x5120x1536][683x5120x1536][683x5120x1536][683x5120x1536][683x5120x1536][683x5120x1536][683x5120x1536][683x5120x1536][683x5120x1536][683x5120x1536][683x5120x1536][683x5120x1536][683x5120x1536][683x5120x1536][683x5120x1536][683x5120x1536][683x5120x1536][683x5120x1536][683x5120x1536][683x5120x1536][683x5120x1536][683x5120x1536][682x5120x1536][682x5120x1536][682x5120x1536][682x5120x1536][682x5120x1536][682x5120x1536][682x5120x1536][682x5120x1536][682x5120x1536][682x5120x1536][682x5120x1536][682x5120x1536][682x5120x1536][682x5120x1536][682x5120x1536][682x5120x1536][682x5120x1536][682x5120x1536][682x5120x1536][682x5120x1536][682x5120x1536][682x5120x1536][682x5120x1536][682x5120x1536][682x5120x1536][682x5120x1536][682x5120x1536][682x5120x1536][682x5120x1536][682x5120x1536][682x5120x1536][682x5120x1536]',,tensorop,f32,128,256,64,4,2,1,2,1,1,8,4,1,1,128,256,16,100,110,1711276032,1031463239680,602,0.87953,1812.05,1.17274e+06
1,CUTLASS,grouped_gemm,cutlass3x_sm100_tensorop_gemm_grouped_bf16_bf16_f32_void_bf16_128x256x64_4x2x1_0_tnt_align8_stream_k_2sm_epi_tma,passed,success,grouped,,,,,bf16:row,bf16:column,void:row,bf16:row,1,0,invalid,invalid,heuristic,1,false,'[683x5120x1536][683x5120x1536][683x5120x1536][683x5120x1536][683x5120x1536][683x5120x1536][683x5120x1536][683x5120x1536][683x5120x1536][683x5120x1536][683x5120x1536][683x5120x1536][683x5120x1536][683x5120x1536][683x5120x1536][683x5120x1536][683x5120x1536][683x5120x1536][683x5120x1536][683x5120x1536][683x5120x1536][683x5120x1536][683x5120x1536][683x5120x1536][683x5120x1536][683x5120x1536][683x5120x1536][683x5120x1536][683x5120x1536][683x5120x1536][683x5120x1536][683x5120x1536][683x5120x1536][683x5120x1536][683x5120x1536][683x5120x1536][683x5120x1536][683x5120x1536][683x5120x1536][683x5120x1536][683x5120x1536][683x5120x1536][683x5120x1536][683x5120x1536][683x5120x1536][683x5120x1536][683x5120x1536][683x5120x1536][683x5120x1536][683x5120x1536][683x5120x1536][683x5120x1536][683x5120x1536][683x5120x1536][683x5120x1536][683x5120x1536][683x5120x1536][683x5120x1536][683x5120x1536][683x5120x1536][683x5120x1536][683x5120x1536][683x5120x1536][683x5120x1536][682x5120x1536][682x5120x1536][682x5120x1536][682x5120x1536][682x5120x1536][682x5120x1536][682x5120x1536][682x5120x1536][682x5120x1536][682x5120x1536][682x5120x1536][682x5120x1536][682x5120x1536][682x5120x1536][682x5120x1536][682x5120x1536][682x5120x1536][682x5120x1536][682x5120x1536][682x5120x1536][682x5120x1536][682x5120x1536][682x5120x1536][682x5120x1536][682x5120x1536][682x5120x1536][682x5120x1536][682x5120x1536][682x5120x1536][682x5120x1536][682x5120x1536][682x5120x1536]',,tensorop,f32,128,256,64,4,2,1,2,1,1,8,4,1,1,128,256,16,100,110,1711276032,1031463239680,602,0.88007,1810.93,1.17202e+06
1,CUTLASS,grouped_gemm,cutlass3x_sm100_tensorop_gemm_grouped_bf16_bf16_f32_bf16_bf16_128x256x64_4x4x1_0_tnt_align8_2sm_epi_tma,passed,success,grouped,,,,,bf16:row,bf16:column,bf16:row,bf16:row,1,0,invalid,invalid,heuristic,1,false,'[683x5120x1536][683x5120x1536][683x5120x1536][683x5120x1536][683x5120x1536][683x5120x1536][683x5120x1536][683x5120x1536][683x5120x1536][683x5120x1536][683x5120x1536][683x5120x1536][683x5120x1536][683x5120x1536][683x5120x1536][683x5120x1536][683x5120x1536][683x5120x1536][683x5120x1536][683x5120x1536][683x5120x1536][683x5120x1536][683x5120x1536][683x5120x1536][683x5120x1536][683x5120x1536][683x5120x1536][683x5120x1536][683x5120x1536][683x5120x1536][683x5120x1536][683x5120x1536][683x5120x1536][683x5120x1536][683x5120x1536][683x5120x1536][683x5120x1536][683x5120x1536][683x5120x1536][683x5120x1536][683x5120x1536][683x5120x1536][683x5120x1536][683x5120x1536][683x5120x1536][683x5120x1536][683x5120x1536][683x5120x1536][683x5120x1536][683x5120x1536][683x5120x1536][683x5120x1536][683x5120x1536][683x5120x1536][683x5120x1536][683x5120x1536][683x5120x1536][683x5120x1536][683x5120x1536][683x5120x1536][683x5120x1536][683x5120x1536][683x5120x1536][683x5120x1536][682x5120x1536][682x5120x1536][682x5120x1536][682x5120x1536][682x5120x1536][682x5120x1536][682x5120x1536][682x5120x1536][682x5120x1536][682x5120x1536][682x5120x1536][682x5120x1536][682x5120x1536][682x5120x1536][682x5120x1536][682x5120x1536][682x5120x1536][682x5120x1536][682x5120x1536][682x5120x1536][682x5120x1536][682x5120x1536][682x5120x1536][682x5120x1536][682x5120x1536][682x5120x1536][682x5120x1536][682x5120x1536][682x5120x1536][682x5120x1536][682x5120x1536][682x5120x1536]',,tensorop,f32,128,256,64,4,4,1,2,1,1,7,4,1,1,128,256,16,100,110,2382364672,1031463239680,432,1.00377,2210.41,1.02759e+06
1,CUTLASS,grouped_gemm,cutlass3x_sm100_tensorop_gemm_grouped_bf16_bf16_f32_bf16_bf16_128x256x64_4x4x1_0_tnt_align8_stream_k_2sm_epi_tma,passed,success,grouped,,,,,bf16:row,bf16:column,bf16:row,bf16:row,1,0,invalid,invalid,heuristic,1,false,'[683x5120x1536][683x5120x1536][683x5120x1536][683x5120x1536][683x5120x1536][683x5120x1536][683x5120x1536][683x5120x1536][683x5120x1536][683x5120x1536][683x5120x1536][683x5120x1536][683x5120x1536][683x5120x1536][683x5120x1536][683x5120x1536][683x5120x1536][683x5120x1536][683x5120x1536][683x5120x1536][683x5120x1536][683x5120x1536][683x5120x1536][683x5120x1536][683x5120x1536][683x5120x1536][683x5120x1536][683x5120x1536][683x5120x1536][683x5120x1536][683x5120x1536][683x5120x1536][683x5120x1536][683x5120x1536][683x5120x1536][683x5120x1536][683x5120x1536][683x5120x1536][683x5120x1536][683x5120x1536][683x5120x1536][683x5120x1536][683x5120x1536][683x5120x1536][683x5120x1536][683x5120x1536][683x5120x1536][683x5120x1536][683x5120x1536][683x5120x1536][683x5120x1536][683x5120x1536][683x5120x1536][683x5120x1536][683x5120x1536][683x5120x1536][683x5120x1536][683x5120x1536][683x5120x1536][683x5120x1536][683x5120x1536][683x5120x1536][683x5120x1536][683x5120x1536][682x5120x1536][682x5120x1536][682x5120x1536][682x5120x1536][682x5120x1536][682x5120x1536][682x5120x1536][682x5120x1536][682x5120x1536][682x5120x1536][682x5120x1536][682x5120x1536][682x5120x1536][682x5120x1536][682x5120x1536][682x5120x1536][682x5120x1536][682x5120x1536][682x5120x1536][682x5120x1536][682x5120x1536][682x5120x1536][682x5120x1536][682x5120x1536][682x5120x1536][682x5120x1536][682x5120x1536][682x5120x1536][682x5120x1536][682x5120x1536][682x5120x1536][682x5120x1536]',,tensorop,f32,128,256,64,4,4,1,2,1,1,7,4,1,1,128,256,16,100,110,2382364672,1031463239680,432,1.0019,2214.54,1.02951e+06
1,CUTLASS,grouped_gemm,cutlass3x_sm100_tensorop_gemm_grouped_bf16_bf16_f32_void_bf16_128x256x64_4x4x1_0_tnt_align8_2sm_epi_tma,passed,success,grouped,,,,,bf16:row,bf16:column,void:row,bf16:row,1,0,invalid,invalid,heuristic,1,false,'[683x5120x1536][683x5120x1536][683x5120x1536][683x5120x1536][683x5120x1536][683x5120x1536][683x5120x1536][683x5120x1536][683x5120x1536][683x5120x1536][683x5120x1536][683x5120x1536][683x5120x1536][683x5120x1536][683x5120x1536][683x5120x1536][683x5120x1536][683x5120x1536][683x5120x1536][683x5120x1536][683x5120x1536][683x5120x1536][683x5120x1536][683x5120x1536][683x5120x1536][683x5120x1536][683x5120x1536][683x5120x1536][683x5120x1536][683x5120x1536][683x5120x1536][683x5120x1536][683x5120x1536][683x5120x1536][683x5120x1536][683x5120x1536][683x5120x1536][683x5120x1536][683x5120x1536][683x5120x1536][683x5120x1536][683x5120x1536][683x5120x1536][683x5120x1536][683x5120x1536][683x5120x1536][683x5120x1536][683x5120x1536][683x5120x1536][683x5120x1536][683x5120x1536][683x5120x1536][683x5120x1536][683x5120x1536][683x5120x1536][683x5120x1536][683x5120x1536][683x5120x1536][683x5120x1536][683x5120x1536][683x5120x1536][683x5120x1536][683x5120x1536][683x5120x1536][682x5120x1536][682x5120x1536][682x5120x1536][682x5120x1536][682x5120x1536][682x5120x1536][682x5120x1536][682x5120x1536][682x5120x1536][682x5120x1536][682x5120x1536][682x5120x1536][682x5120x1536][682x5120x1536][682x5120x1536][682x5120x1536][682x5120x1536][682x5120x1536][682x5120x1536][682x5120x1536][682x5120x1536][682x5120x1536][682x5120x1536][682x5120x1536][682x5120x1536][682x5120x1536][682x5120x1536][682x5120x1536][682x5120x1536][682x5120x1536][682x5120x1536][682x5120x1536]',,tensorop,f32,128,256,64,4,4,1,2,1,1,8,4,1,1,128,256,16,100,110,1711276032,1031463239680,602,0.935648,1703.37,1.10241e+06
1,CUTLASS,grouped_gemm,cutlass3x_sm100_tensorop_gemm_grouped_bf16_bf16_f32_void_bf16_128x256x64_4x4x1_0_tnt_align8_stream_k_2sm_epi_tma,passed,success,grouped,,,,,bf16:row,bf16:column,void:row,bf16:row,1,0,invalid,invalid,heuristic,1,false,'[683x5120x1536][683x5120x1536][683x5120x1536][683x5120x1536][683x5120x1536][683x5120x1536][683x5120x1536][683x5120x1536][683x5120x1536][683x5120x1536][683x5120x1536][683x5120x1536][683x5120x1536][683x5120x1536][683x5120x1536][683x5120x1536][683x5120x1536][683x5120x1536][683x5120x1536][683x5120x1536][683x5120x1536][683x5120x1536][683x5120x1536][683x5120x1536][683x5120x1536][683x5120x1536][683x5120x1536][683x5120x1536][683x5120x1536][683x5120x1536][683x5120x1536][683x5120x1536][683x5120x1536][683x5120x1536][683x5120x1536][683x5120x1536][683x5120x1536][683x5120x1536][683x5120x1536][683x5120x1536][683x5120x1536][683x5120x1536][683x5120x1536][683x5120x1536][683x5120x1536][683x5120x1536][683x5120x1536][683x5120x1536][683x5120x1536][683x5120x1536][683x5120x1536][683x5120x1536][683x5120x1536][683x5120x1536][683x5120x1536][683x5120x1536][683x5120x1536][683x5120x1536][683x5120x1536][683x5120x1536][683x5120x1536][683x5120x1536][683x5120x1536][683x5120x1536][682x5120x1536][682x5120x1536][682x5120x1536][682x5120x1536][682x5120x1536][682x5120x1536][682x5120x1536][682x5120x1536][682x5120x1536][682x5120x1536][682x5120x1536][682x5120x1536][682x5120x1536][682x5120x1536][682x5120x1536][682x5120x1536][682x5120x1536][682x5120x1536][682x5120x1536][682x5120x1536][682x5120x1536][682x5120x1536][682x5120x1536][682x5120x1536][682x5120x1536][682x5120x1536][682x5120x1536][682x5120x1536][682x5120x1536][682x5120x1536][682x5120x1536][682x5120x1536]',,tensorop,f32,128,256,64,4,4,1,2,1,1,8,4,1,1,128,256,16,100,110,1711276032,1031463239680,602,0.934419,1705.61,1.10385e+06
1,CUTLASS,grouped_gemm,cutlass3x_sm100_tensorop_gemm_grouped_bf16_bf16_f32_f32_f32_256x128x64_0x0x1_0_tnt_align8_2sm_epi_tma,passed,success,grouped,,,,,bf16:row,bf16:column,f32:row,f32:row,1,0,invalid,invalid,heuristic,1,false,'[683x5120x1536][683x5120x1536][683x5120x1536][683x5120x1536][683x5120x1536][683x5120x1536][683x5120x1536][683x5120x1536][683x5120x1536][683x5120x1536][683x5120x1536][683x5120x1536][683x5120x1536][683x5120x1536][683x5120x1536][683x5120x1536][683x5120x1536][683x5120x1536][683x5120x1536][683x5120x1536][683x5120x1536][683x5120x1536][683x5120x1536][683x5120x1536][683x5120x1536][683x5120x1536][683x5120x1536][683x5120x1536][683x5120x1536][683x5120x1536][683x5120x1536][683x5120x1536][683x5120x1536][683x5120x1536][683x5120x1536][683x5120x1536][683x5120x1536][683x5120x1536][683x5120x1536][683x5120x1536][683x5120x1536][683x5120x1536][683x5120x1536][683x5120x1536][683x5120x1536][683x5120x1536][683x5120x1536][683x5120x1536][683x5120x1536][683x5120x1536][683x5120x1536][683x5120x1536][683x5120x1536][683x5120x1536][683x5120x1536][683x5120x1536][683x5120x1536][683x5120x1536][683x5120x1536][683x5120x1536][683x5120x1536][683x5120x1536][683x5120x1536][683x5120x1536][682x5120x1536][682x5120x1536][682x5120x1536][682x5120x1536][682x5120x1536][682x5120x1536][682x5120x1536][682x5120x1536][682x5120x1536][682x5120x1536][682x5120x1536][682x5120x1536][682x5120x1536][682x5120x1536][682x5120x1536][682x5120x1536][682x5120x1536][682x5120x1536][682x5120x1536][682x5120x1536][682x5120x1536][682x5120x1536][682x5120x1536][682x5120x1536][682x5120x1536][682x5120x1536][682x5120x1536][682x5120x1536][682x5120x1536][682x5120x1536][682x5120x1536][682x5120x1536]',,tensorop,f32,256,128,64,2,1,1,2,1,1,7,4,1,1,256,128,16,100,110,3053453312,1031463239680,337,0.894688,3178.48,1.15287e+06
1,CUTLASS,grouped_gemm,cutlass3x_sm100_tensorop_gemm_grouped_bf16_bf16_f32_f32_f32_256x128x64_0x0x1_0_tnt_align8_stream_k_2sm_epi_tma,passed,success,grouped,,,,,bf16:row,bf16:column,f32:row,f32:row,1,0,invalid,invalid,heuristic,1,false,'[683x5120x1536][683x5120x1536][683x5120x1536][683x5120x1536][683x5120x1536][683x5120x1536][683x5120x1536][683x5120x1536][683x5120x1536][683x5120x1536][683x5120x1536][683x5120x1536][683x5120x1536][683x5120x1536][683x5120x1536][683x5120x1536][683x5120x1536][683x5120x1536][683x5120x1536][683x5120x1536][683x5120x1536][683x5120x1536][683x5120x1536][683x5120x1536][683x5120x1536][683x5120x1536][683x5120x1536][683x5120x1536][683x5120x1536][683x5120x1536][683x5120x1536][683x5120x1536][683x5120x1536][683x5120x1536][683x5120x1536][683x5120x1536][683x5120x1536][683x5120x1536][683x5120x1536][683x5120x1536][683x5120x1536][683x5120x1536][683x5120x1536][683x5120x1536][683x5120x1536][683x5120x1536][683x5120x1536][683x5120x1536][683x5120x1536][683x5120x1536][683x5120x1536][683x5120x1536][683x5120x1536][683x5120x1536][683x5120x1536][683x5120x1536][683x5120x1536][683x5120x1536][683x5120x1536][683x5120x1536][683x5120x1536][683x5120x1536][683x5120x1536][683x5120x1536][682x5120x1536][682x5120x1536][682x5120x1536][682x5120x1536][682x5120x1536][682x5120x1536][682x5120x1536][682x5120x1536][682x5120x1536][682x5120x1536][682x5120x1536][682x5120x1536][682x5120x1536][682x5120x1536][682x5120x1536][682x5120x1536][682x5120x1536][682x5120x1536][682x5120x1536][682x5120x1536][682x5120x1536][682x5120x1536][682x5120x1536][682x5120x1536][682x5120x1536][682x5120x1536][682x5120x1536][682x5120x1536][682x5120x1536][682x5120x1536][682x5120x1536][682x5120x1536]',,tensorop,f32,256,128,64,2,1,1,2,1,1,7,4,1,1,256,128,16,100,110,3053453312,1031463239680,337,0.895101,3177.02,1.15234e+06
1,CUTLASS,grouped_gemm,cutlass3x_sm100_tensorop_gemm_grouped_bf16_bf16_f32_void_f32_256x128x64_0x0x1_0_tnt_align8_2sm_epi_tma,passed,success,grouped,,,,,bf16:row,bf16:column,void:row,f32:row,1,0,invalid,invalid,heuristic,1,false,'[683x5120x1536][683x5120x1536][683x5120x1536][683x5120x1536][683x5120x1536][683x5120x1536][683x5120x1536][683x5120x1536][683x5120x1536][683x5120x1536][683x5120x1536][683x5120x1536][683x5120x1536][683x5120x1536][683x5120x1536][683x5120x1536][683x5120x1536][683x5120x1536][683x5120x1536][683x5120x1536][683x5120x1536][683x5120x1536][683x5120x1536][683x5120x1536][683x5120x1536][683x5120x1536][683x5120x1536][683x5120x1536][683x5120x1536][683x5120x1536][683x5120x1536][683x5120x1536][683x5120x1536][683x5120x1536][683x5120x1536][683x5120x1536][683x5120x1536][683x5120x1536][683x5120x1536][683x5120x1536][683x5120x1536][683x5120x1536][683x5120x1536][683x5120x1536][683x5120x1536][683x5120x1536][683x5120x1536][683x5120x1536][683x5120x1536][683x5120x1536][683x5120x1536][683x5120x1536][683x5120x1536][683x5120x1536][683x5120x1536][683x5120x1536][683x5120x1536][683x5120x1536][683x5120x1536][683x5120x1536][683x5120x1536][683x5120x1536][683x5120x1536][683x5120x1536][682x5120x1536][682x5120x1536][682x5120x1536][682x5120x1536][682x5120x1536][682x5120x1536][682x5120x1536][682x5120x1536][682x5120x1536][682x5120x1536][682x5120x1536][682x5120x1536][682x5120x1536][682x5120x1536][682x5120x1536][682x5120x1536][682x5120x1536][682x5120x1536][682x5120x1536][682x5120x1536][682x5120x1536][682x5120x1536][682x5120x1536][682x5120x1536][682x5120x1536][682x5120x1536][682x5120x1536][682x5120x1536][682x5120x1536][682x5120x1536][682x5120x1536][682x5120x1536]',,tensorop,f32,256,128,64,2,1,1,2,1,1,7,4,1,1,256,128,16,100,110,1711276032,1031463239680,602,0.915578,1740.7,1.12657e+06
1,CUTLASS,grouped_gemm,cutlass3x_sm100_tensorop_gemm_grouped_bf16_bf16_f32_void_f32_256x128x64_0x0x1_0_tnt_align8_stream_k_2sm_epi_tma,passed,success,grouped,,,,,bf16:row,bf16:column,void:row,f32:row,1,0,invalid,invalid,heuristic,1,false,'[683x5120x1536][683x5120x1536][683x5120x1536][683x5120x1536][683x5120x1536][683x5120x1536][683x5120x1536][683x5120x1536][683x5120x1536][683x5120x1536][683x5120x1536][683x5120x1536][683x5120x1536][683x5120x1536][683x5120x1536][683x5120x1536][683x5120x1536][683x5120x1536][683x5120x1536][683x5120x1536][683x5120x1536][683x5120x1536][683x5120x1536][683x5120x1536][683x5120x1536][683x5120x1536][683x5120x1536][683x5120x1536][683x5120x1536][683x5120x1536][683x5120x1536][683x5120x1536][683x5120x1536][683x5120x1536][683x5120x1536][683x5120x1536][683x5120x1536][683x5120x1536][683x5120x1536][683x5120x1536][683x5120x1536][683x5120x1536][683x5120x1536][683x5120x1536][683x5120x1536][683x5120x1536][683x5120x1536][683x5120x1536][683x5120x1536][683x5120x1536][683x5120x1536][683x5120x1536][683x5120x1536][683x5120x1536][683x5120x1536][683x5120x1536][683x5120x1536][683x5120x1536][683x5120x1536][683x5120x1536][683x5120x1536][683x5120x1536][683x5120x1536][683x5120x1536][682x5120x1536][682x5120x1536][682x5120x1536][682x5120x1536][682x5120x1536][682x5120x1536][682x5120x1536][682x5120x1536][682x5120x1536][682x5120x1536][682x5120x1536][682x5120x1536][682x5120x1536][682x5120x1536][682x5120x1536][682x5120x1536][682x5120x1536][682x5120x1536][682x5120x1536][682x5120x1536][682x5120x1536][682x5120x1536][682x5120x1536][682x5120x1536][682x5120x1536][682x5120x1536][682x5120x1536][682x5120x1536][682x5120x1536][682x5120x1536][682x5120x1536][682x5120x1536]',,tensorop,f32,256,128,64,2,1,1,2,1,1,7,4,1,1,256,128,16,100,110,1711276032,1031463239680,602,0.915994,1739.91,1.12606e+06
1,CUTLASS,grouped_gemm,cutlass3x_sm100_tensorop_gemm_grouped_bf16_bf16_f32_f32_f32_256x128x64_2x1x1_0_tnt_align8_2sm_epi_tma,passed,success,grouped,,,,,bf16:row,bf16:column,f32:row,f32:row,1,0,invalid,invalid,heuristic,1,false,'[683x5120x1536][683x5120x1536][683x5120x1536][683x5120x1536][683x5120x1536][683x5120x1536][683x5120x1536][683x5120x1536][683x5120x1536][683x5120x1536][683x5120x1536][683x5120x1536][683x5120x1536][683x5120x1536][683x5120x1536][683x5120x1536][683x5120x1536][683x5120x1536][683x5120x1536][683x5120x1536][683x5120x1536][683x5120x1536][683x5120x1536][683x5120x1536][683x5120x1536][683x5120x1536][683x5120x1536][683x5120x1536][683x5120x1536][683x5120x1536][683x5120x1536][683x5120x1536][683x5120x1536][683x5120x1536][683x5120x1536][683x5120x1536][683x5120x1536][683x5120x1536][683x5120x1536][683x5120x1536][683x5120x1536][683x5120x1536][683x5120x1536][683x5120x1536][683x5120x1536][683x5120x1536][683x5120x1536][683x5120x1536][683x5120x1536][683x5120x1536][683x5120x1536][683x5120x1536][683x5120x1536][683x5120x1536][683x5120x1536][683x5120x1536][683x5120x1536][683x5120x1536][683x5120x1536][683x5120x1536][683x5120x1536][683x5120x1536][683x5120x1536][683x5120x1536][682x5120x1536][682x5120x1536][682x5120x1536][682x5120x1536][682x5120x1536][682x5120x1536][682x5120x1536][682x5120x1536][682x5120x1536][682x5120x1536][682x5120x1536][682x5120x1536][682x5120x1536][682x5120x1536][682x5120x1536][682x5120x1536][682x5120x1536][682x5120x1536][682x5120x1536][682x5120x1536][682x5120x1536][682x5120x1536][682x5120x1536][682x5120x1536][682x5120x1536][682x5120x1536][682x5120x1536][682x5120x1536][682x5120x1536][682x5120x1536][682x5120x1536][682x5120x1536]',,tensorop,f32,256,128,64,2,1,1,2,1,1,7,4,1,1,256,128,16,100,110,3053453312,1031463239680,337,0.896765,3171.12,1.1502e+06
1,CUTLASS,grouped_gemm,cutlass3x_sm100_tensorop_gemm_grouped_bf16_bf16_f32_f32_f32_256x128x64_2x1x1_0_tnt_align8_stream_k_2sm_epi_tma,passed,success,grouped,,,,,bf16:row,bf16:column,f32:row,f32:row,1,0,invalid,invalid,heuristic,1,false,'[683x5120x1536][683x5120x1536][683x5120x1536][683x5120x1536][683x5120x1536][683x5120x1536][683x5120x1536][683x5120x1536][683x5120x1536][683x5120x1536][683x5120x1536][683x5120x1536][683x5120x1536][683x5120x1536][683x5120x1536][683x5120x1536][683x5120x1536][683x5120x1536][683x5120x1536][683x5120x1536][683x5120x1536][683x5120x1536][683x5120x1536][683x5120x1536][683x5120x1536][683x5120x1536][683x5120x1536][683x5120x1536][683x5120x1536][683x5120x1536][683x5120x1536][683x5120x1536][683x5120x1536][683x5120x1536][683x5120x1536][683x5120x1536][683x5120x1536][683x5120x1536][683x5120x1536][683x5120x1536][683x5120x1536][683x5120x1536][683x5120x1536][683x5120x1536][683x5120x1536][683x5120x1536][683x5120x1536][683x5120x1536][683x5120x1536][683x5120x1536][683x5120x1536][683x5120x1536][683x5120x1536][683x5120x1536][683x5120x1536][683x5120x1536][683x5120x1536][683x5120x1536][683x5120x1536][683x5120x1536][683x5120x1536][683x5120x1536][683x5120x1536][683x5120x1536][682x5120x1536][682x5120x1536][682x5120x1536][682x5120x1536][682x5120x1536][682x5120x1536][682x5120x1536][682x5120x1536][682x5120x1536][682x5120x1536][682x5120x1536][682x5120x1536][682x5120x1536][682x5120x1536][682x5120x1536][682x5120x1536][682x5120x1536][682x5120x1536][682x5120x1536][682x5120x1536][682x5120x1536][682x5120x1536][682x5120x1536][682x5120x1536][682x5120x1536][682x5120x1536][682x5120x1536][682x5120x1536][682x5120x1536][682x5120x1536][682x5120x1536][682x5120x1536]',,tensorop,f32,256,128,64,2,1,1,2,1,1,7,4,1,1,256,128,16,100,110,3053453312,1031463239680,337,0.891853,3188.59,1.15654e+06
1,CUTLASS,grouped_gemm,cutlass3x_sm100_tensorop_gemm_grouped_bf16_bf16_f32_void_f32_256x128x64_2x1x1_0_tnt_align8_2sm_epi_tma,passed,success,grouped,,,,,bf16:row,bf16:column,void:row,f32:row,1,0,invalid,invalid,heuristic,1,false,'[683x5120x1536][683x5120x1536][683x5120x1536][683x5120x1536][683x5120x1536][683x5120x1536][683x5120x1536][683x5120x1536][683x5120x1536][683x5120x1536][683x5120x1536][683x5120x1536][683x5120x1536][683x5120x1536][683x5120x1536][683x5120x1536][683x5120x1536][683x5120x1536][683x5120x1536][683x5120x1536][683x5120x1536][683x5120x1536][683x5120x1536][683x5120x1536][683x5120x1536][683x5120x1536][683x5120x1536][683x5120x1536][683x5120x1536][683x5120x1536][683x5120x1536][683x5120x1536][683x5120x1536][683x5120x1536][683x5120x1536][683x5120x1536][683x5120x1536][683x5120x1536][683x5120x1536][683x5120x1536][683x5120x1536][683x5120x1536][683x5120x1536][683x5120x1536][683x5120x1536][683x5120x1536][683x5120x1536][683x5120x1536][683x5120x1536][683x5120x1536][683x5120x1536][683x5120x1536][683x5120x1536][683x5120x1536][683x5120x1536][683x5120x1536][683x5120x1536][683x5120x1536][683x5120x1536][683x5120x1536][683x5120x1536][683x5120x1536][683x5120x1536][683x5120x1536][682x5120x1536][682x5120x1536][682x5120x1536][682x5120x1536][682x5120x1536][682x5120x1536][682x5120x1536][682x5120x1536][682x5120x1536][682x5120x1536][682x5120x1536][682x5120x1536][682x5120x1536][682x5120x1536][682x5120x1536][682x5120x1536][682x5120x1536][682x5120x1536][682x5120x1536][682x5120x1536][682x5120x1536][682x5120x1536][682x5120x1536][682x5120x1536][682x5120x1536][682x5120x1536][682x5120x1536][682x5120x1536][682x5120x1536][682x5120x1536][682x5120x1536][682x5120x1536]',,tensorop,f32,256,128,64,2,1,1,2,1,1,7,4,1,1,256,128,16,100,110,1711276032,1031463239680,602,0.908541,1754.19,1.1353e+06
1,CUTLASS,grouped_gemm,cutlass3x_sm100_tensorop_gemm_grouped_bf16_bf16_f32_void_f32_256x128x64_2x1x1_0_tnt_align8_stream_k_2sm_epi_tma,passed,success,grouped,,,,,bf16:row,bf16:column,void:row,f32:row,1,0,invalid,invalid,heuristic,1,false,'[683x5120x1536][683x5120x1536][683x5120x1536][683x5120x1536][683x5120x1536][683x5120x1536][683x5120x1536][683x5120x1536][683x5120x1536][683x5120x1536][683x5120x1536][683x5120x1536][683x5120x1536][683x5120x1536][683x5120x1536][683x5120x1536][683x5120x1536][683x5120x1536][683x5120x1536][683x5120x1536][683x5120x1536][683x5120x1536][683x5120x1536][683x5120x1536][683x5120x1536][683x5120x1536][683x5120x1536][683x5120x1536][683x5120x1536][683x5120x1536][683x5120x1536][683x5120x1536][683x5120x1536][683x5120x1536][683x5120x1536][683x5120x1536][683x5120x1536][683x5120x1536][683x5120x1536][683x5120x1536][683x5120x1536][683x5120x1536][683x5120x1536][683x5120x1536][683x5120x1536][683x5120x1536][683x5120x1536][683x5120x1536][683x5120x1536][683x5120x1536][683x5120x1536][683x5120x1536][683x5120x1536][683x5120x1536][683x5120x1536][683x5120x1536][683x5120x1536][683x5120x1536][683x5120x1536][683x5120x1536][683x5120x1536][683x5120x1536][683x5120x1536][683x5120x1536][682x5120x1536][682x5120x1536][682x5120x1536][682x5120x1536][682x5120x1536][682x5120x1536][682x5120x1536][682x5120x1536][682x5120x1536][682x5120x1536][682x5120x1536][682x5120x1536][682x5120x1536][682x5120x1536][682x5120x1536][682x5120x1536][682x5120x1536][682x5120x1536][682x5120x1536][682x5120x1536][682x5120x1536][682x5120x1536][682x5120x1536][682x5120x1536][682x5120x1536][682x5120x1536][682x5120x1536][682x5120x1536][682x5120x1536][682x5120x1536][682x5120x1536][682x5120x1536]',,tensorop,f32,256,128,64,2,1,1,2,1,1,7,4,1,1,256,128,16,100,110,1711276032,1031463239680,602,0.907414,1756.36,1.13671e+06
1,CUTLASS,grouped_gemm,cutlass3x_sm100_tensorop_gemm_grouped_bf16_bf16_f32_f32_f32_256x128x64_2x2x1_0_tnt_align8_2sm_epi_tma,passed,success,grouped,,,,,bf16:row,bf16:column,f32:row,f32:row,1,0,invalid,invalid,heuristic,1,false,'[683x5120x1536][683x5120x1536][683x5120x1536][683x5120x1536][683x5120x1536][683x5120x1536][683x5120x1536][683x5120x1536][683x5120x1536][683x5120x1536][683x5120x1536][683x5120x1536][683x5120x1536][683x5120x1536][683x5120x1536][683x5120x1536][683x5120x1536][683x5120x1536][683x5120x1536][683x5120x1536][683x5120x1536][683x5120x1536][683x5120x1536][683x5120x1536][683x5120x1536][683x5120x1536][683x5120x1536][683x5120x1536][683x5120x1536][683x5120x1536][683x5120x1536][683x5120x1536][683x5120x1536][683x5120x1536][683x5120x1536][683x5120x1536][683x5120x1536][683x5120x1536][683x5120x1536][683x5120x1536][683x5120x1536][683x5120x1536][683x5120x1536][683x5120x1536][683x5120x1536][683x5120x1536][683x5120x1536][683x5120x1536][683x5120x1536][683x5120x1536][683x5120x1536][683x5120x1536][683x5120x1536][683x5120x1536][683x5120x1536][683x5120x1536][683x5120x1536][683x5120x1536][683x5120x1536][683x5120x1536][683x5120x1536][683x5120x1536][683x5120x1536][683x5120x1536][682x5120x1536][682x5120x1536][682x5120x1536][682x5120x1536][682x5120x1536][682x5120x1536][682x5120x1536][682x5120x1536][682x5120x1536][682x5120x1536][682x5120x1536][682x5120x1536][682x5120x1536][682x5120x1536][682x5120x1536][682x5120x1536][682x5120x1536][682x5120x1536][682x5120x1536][682x5120x1536][682x5120x1536][682x5120x1536][682x5120x1536][682x5120x1536][682x5120x1536][682x5120x1536][682x5120x1536][682x5120x1536][682x5120x1536][682x5120x1536][682x5120x1536][682x5120x1536]',,tensorop,f32,256,128,64,2,2,1,2,1,1,7,4,1,1,256,128,16,100,110,3053453312,1031463239680,337,0.856941,3318.49,1.20366e+06
1,CUTLASS,grouped_gemm,cutlass3x_sm100_tensorop_gemm_grouped_bf16_bf16_f32_f32_f32_256x128x64_2x2x1_0_tnt_align8_stream_k_2sm_epi_tma,passed,success,grouped,,,,,bf16:row,bf16:column,f32:row,f32:row,1,0,invalid,invalid,heuristic,1,false,'[683x5120x1536][683x5120x1536][683x5120x1536][683x5120x1536][683x5120x1536][683x5120x1536][683x5120x1536][683x5120x1536][683x5120x1536][683x5120x1536][683x5120x1536][683x5120x1536][683x5120x1536][683x5120x1536][683x5120x1536][683x5120x1536][683x5120x1536][683x5120x1536][683x5120x1536][683x5120x1536][683x5120x1536][683x5120x1536][683x5120x1536][683x5120x1536][683x5120x1536][683x5120x1536][683x5120x1536][683x5120x1536][683x5120x1536][683x5120x1536][683x5120x1536][683x5120x1536][683x5120x1536][683x5120x1536][683x5120x1536][683x5120x1536][683x5120x1536][683x5120x1536][683x5120x1536][683x5120x1536][683x5120x1536][683x5120x1536][683x5120x1536][683x5120x1536][683x5120x1536][683x5120x1536][683x5120x1536][683x5120x1536][683x5120x1536][683x5120x1536][683x5120x1536][683x5120x1536][683x5120x1536][683x5120x1536][683x5120x1536][683x5120x1536][683x5120x1536][683x5120x1536][683x5120x1536][683x5120x1536][683x5120x1536][683x5120x1536][683x5120x1536][683x5120x1536][682x5120x1536][682x5120x1536][682x5120x1536][682x5120x1536][682x5120x1536][682x5120x1536][682x5120x1536][682x5120x1536][682x5120x1536][682x5120x1536][682x5120x1536][682x5120x1536][682x5120x1536][682x5120x1536][682x5120x1536][682x5120x1536][682x5120x1536][682x5120x1536][682x5120x1536][682x5120x1536][682x5120x1536][682x5120x1536][682x5120x1536][682x5120x1536][682x5120x1536][682x5120x1536][682x5120x1536][682x5120x1536][682x5120x1536][682x5120x1536][682x5120x1536][682x5120x1536]',,tensorop,f32,256,128,64,2,2,1,2,1,1,7,4,1,1,256,128,16,100,110,3053453312,1031463239680,337,0.853731,3330.97,1.20818e+06
1,CUTLASS,grouped_gemm,cutlass3x_sm100_tensorop_gemm_grouped_bf16_bf16_f32_void_f32_256x128x64_2x2x1_0_tnt_align8_2sm_epi_tma,passed,success,grouped,,,,,bf16:row,bf16:column,void:row,f32:row,1,0,invalid,invalid,heuristic,1,false,'[683x5120x1536][683x5120x1536][683x5120x1536][683x5120x1536][683x5120x1536][683x5120x1536][683x5120x1536][683x5120x1536][683x5120x1536][683x5120x1536][683x5120x1536][683x5120x1536][683x5120x1536][683x5120x1536][683x5120x1536][683x5120x1536][683x5120x1536][683x5120x1536][683x5120x1536][683x5120x1536][683x5120x1536][683x5120x1536][683x5120x1536][683x5120x1536][683x5120x1536][683x5120x1536][683x5120x1536][683x5120x1536][683x5120x1536][683x5120x1536][683x5120x1536][683x5120x1536][683x5120x1536][683x5120x1536][683x5120x1536][683x5120x1536][683x5120x1536][683x5120x1536][683x5120x1536][683x5120x1536][683x5120x1536][683x5120x1536][683x5120x1536][683x5120x1536][683x5120x1536][683x5120x1536][683x5120x1536][683x5120x1536][683x5120x1536][683x5120x1536][683x5120x1536][683x5120x1536][683x5120x1536][683x5120x1536][683x5120x1536][683x5120x1536][683x5120x1536][683x5120x1536][683x5120x1536][683x5120x1536][683x5120x1536][683x5120x1536][683x5120x1536][683x5120x1536][682x5120x1536][682x5120x1536][682x5120x1536][682x5120x1536][682x5120x1536][682x5120x1536][682x5120x1536][682x5120x1536][682x5120x1536][682x5120x1536][682x5120x1536][682x5120x1536][682x5120x1536][682x5120x1536][682x5120x1536][682x5120x1536][682x5120x1536][682x5120x1536][682x5120x1536][682x5120x1536][682x5120x1536][682x5120x1536][682x5120x1536][682x5120x1536][682x5120x1536][682x5120x1536][682x5120x1536][682x5120x1536][682x5120x1536][682x5120x1536][682x5120x1536][682x5120x1536]',,tensorop,f32,256,128,64,2,2,1,2,1,1,7,4,1,1,256,128,16,100,110,1711276032,1031463239680,602,0.888954,1792.84,1.16031e+06
1,CUTLASS,grouped_gemm,cutlass3x_sm100_tensorop_gemm_grouped_bf16_bf16_f32_void_f32_256x128x64_2x2x1_0_tnt_align8_stream_k_2sm_epi_tma,passed,success,grouped,,,,,bf16:row,bf16:column,void:row,f32:row,1,0,invalid,invalid,heuristic,1,false,'[683x5120x1536][683x5120x1536][683x5120x1536][683x5120x1536][683x5120x1536][683x5120x1536][683x5120x1536][683x5120x1536][683x5120x1536][683x5120x1536][683x5120x1536][683x5120x1536][683x5120x1536][683x5120x1536][683x5120x1536][683x5120x1536][683x5120x1536][683x5120x1536][683x5120x1536][683x5120x1536][683x5120x1536][683x5120x1536][683x5120x1536][683x5120x1536][683x5120x1536][683x5120x1536][683x5120x1536][683x5120x1536][683x5120x1536][683x5120x1536][683x5120x1536][683x5120x1536][683x5120x1536][683x5120x1536][683x5120x1536][683x5120x1536][683x5120x1536][683x5120x1536][683x5120x1536][683x5120x1536][683x5120x1536][683x5120x1536][683x5120x1536][683x5120x1536][683x5120x1536][683x5120x1536][683x5120x1536][683x5120x1536][683x5120x1536][683x5120x1536][683x5120x1536][683x5120x1536][683x5120x1536][683x5120x1536][683x5120x1536][683x5120x1536][683x5120x1536][683x5120x1536][683x5120x1536][683x5120x1536][683x5120x1536][683x5120x1536][683x5120x1536][683x5120x1536][682x5120x1536][682x5120x1536][682x5120x1536][682x5120x1536][682x5120x1536][682x5120x1536][682x5120x1536][682x5120x1536][682x5120x1536][682x5120x1536][682x5120x1536][682x5120x1536][682x5120x1536][682x5120x1536][682x5120x1536][682x5120x1536][682x5120x1536][682x5120x1536][682x5120x1536][682x5120x1536][682x5120x1536][682x5120x1536][682x5120x1536][682x5120x1536][682x5120x1536][682x5120x1536][682x5120x1536][682x5120x1536][682x5120x1536][682x5120x1536][682x5120x1536][682x5120x1536]',,tensorop,f32,256,128,64,2,2,1,2,1,1,7,4,1,1,256,128,16,100,110,1711276032,1031463239680,602,0.888566,1793.62,1.16082e+06
1,CUTLASS,grouped_gemm,cutlass3x_sm100_tensorop_gemm_grouped_bf16_bf16_f32_f32_f32_256x128x64_4x1x1_0_tnt_align8_2sm_epi_tma,passed,success,grouped,,,,,bf16:row,bf16:column,f32:row,f32:row,1,0,invalid,invalid,heuristic,1,false,'[683x5120x1536][683x5120x1536][683x5120x1536][683x5120x1536][683x5120x1536][683x5120x1536][683x5120x1536][683x5120x1536][683x5120x1536][683x5120x1536][683x5120x1536][683x5120x1536][683x5120x1536][683x5120x1536][683x5120x1536][683x5120x1536][683x5120x1536][683x5120x1536][683x5120x1536][683x5120x1536][683x5120x1536][683x5120x1536][683x5120x1536][683x5120x1536][683x5120x1536][683x5120x1536][683x5120x1536][683x5120x1536][683x5120x1536][683x5120x1536][683x5120x1536][683x5120x1536][683x5120x1536][683x5120x1536][683x5120x1536][683x5120x1536][683x5120x1536][683x5120x1536][683x5120x1536][683x5120x1536][683x5120x1536][683x5120x1536][683x5120x1536][683x5120x1536][683x5120x1536][683x5120x1536][683x5120x1536][683x5120x1536][683x5120x1536][683x5120x1536][683x5120x1536][683x5120x1536][683x5120x1536][683x5120x1536][683x5120x1536][683x5120x1536][683x5120x1536][683x5120x1536][683x5120x1536][683x5120x1536][683x5120x1536][683x5120x1536][683x5120x1536][683x5120x1536][682x5120x1536][682x5120x1536][682x5120x1536][682x5120x1536][682x5120x1536][682x5120x1536][682x5120x1536][682x5120x1536][682x5120x1536][682x5120x1536][682x5120x1536][682x5120x1536][682x5120x1536][682x5120x1536][682x5120x1536][682x5120x1536][682x5120x1536][682x5120x1536][682x5120x1536][682x5120x1536][682x5120x1536][682x5120x1536][682x5120x1536][682x5120x1536][682x5120x1536][682x5120x1536][682x5120x1536][682x5120x1536][682x5120x1536][682x5120x1536][682x5120x1536][682x5120x1536]',,tensorop,f32,256,128,64,4,1,1,2,1,1,7,4,1,1,256,128,16,100,110,3053453312,1031463239680,337,1.22864,2314.54,839514
1,CUTLASS,grouped_gemm,cutlass3x_sm100_tensorop_gemm_grouped_bf16_bf16_f32_f32_f32_256x128x64_4x1x1_0_tnt_align8_stream_k_2sm_epi_tma,passed,success,grouped,,,,,bf16:row,bf16:column,f32:row,f32:row,1,0,invalid,invalid,heuristic,1,false,'[683x5120x1536][683x5120x1536][683x5120x1536][683x5120x1536][683x5120x1536][683x5120x1536][683x5120x1536][683x5120x1536][683x5120x1536][683x5120x1536][683x5120x1536][683x5120x1536][683x5120x1536][683x5120x1536][683x5120x1536][683x5120x1536][683x5120x1536][683x5120x1536][683x5120x1536][683x5120x1536][683x5120x1536][683x5120x1536][683x5120x1536][683x5120x1536][683x5120x1536][683x5120x1536][683x5120x1536][683x5120x1536][683x5120x1536][683x5120x1536][683x5120x1536][683x5120x1536][683x5120x1536][683x5120x1536][683x5120x1536][683x5120x1536][683x5120x1536][683x5120x1536][683x5120x1536][683x5120x1536][683x5120x1536][683x5120x1536][683x5120x1536][683x5120x1536][683x5120x1536][683x5120x1536][683x5120x1536][683x5120x1536][683x5120x1536][683x5120x1536][683x5120x1536][683x5120x1536][683x5120x1536][683x5120x1536][683x5120x1536][683x5120x1536][683x5120x1536][683x5120x1536][683x5120x1536][683x5120x1536][683x5120x1536][683x5120x1536][683x5120x1536][683x5120x1536][682x5120x1536][682x5120x1536][682x5120x1536][682x5120x1536][682x5120x1536][682x5120x1536][682x5120x1536][682x5120x1536][682x5120x1536][682x5120x1536][682x5120x1536][682x5120x1536][682x5120x1536][682x5120x1536][682x5120x1536][682x5120x1536][682x5120x1536][682x5120x1536][682x5120x1536][682x5120x1536][682x5120x1536][682x5120x1536][682x5120x1536][682x5120x1536][682x5120x1536][682x5120x1536][682x5120x1536][682x5120x1536][682x5120x1536][682x5120x1536][682x5120x1536][682x5120x1536]',,tensorop,f32,256,128,64,4,1,1,2,1,1,7,4,1,1,256,128,16,100,110,3053453312,1031463239680,337,1.26435,2249.18,815806
1,CUTLASS,grouped_gemm,cutlass3x_sm100_tensorop_gemm_grouped_bf16_bf16_f32_void_f32_256x128x64_4x1x1_0_tnt_align8_2sm_epi_tma,passed,success,grouped,,,,,bf16:row,bf16:column,void:row,f32:row,1,0,invalid,invalid,heuristic,1,false,'[683x5120x1536][683x5120x1536][683x5120x1536][683x5120x1536][683x5120x1536][683x5120x1536][683x5120x1536][683x5120x1536][683x5120x1536][683x5120x1536][683x5120x1536][683x5120x1536][683x5120x1536][683x5120x1536][683x5120x1536][683x5120x1536][683x5120x1536][683x5120x1536][683x5120x1536][683x5120x1536][683x5120x1536][683x5120x1536][683x5120x1536][683x5120x1536][683x5120x1536][683x5120x1536][683x5120x1536][683x5120x1536][683x5120x1536][683x5120x1536][683x5120x1536][683x5120x1536][683x5120x1536][683x5120x1536][683x5120x1536][683x5120x1536][683x5120x1536][683x5120x1536][683x5120x1536][683x5120x1536][683x5120x1536][683x5120x1536][683x5120x1536][683x5120x1536][683x5120x1536][683x5120x1536][683x5120x1536][683x5120x1536][683x5120x1536][683x5120x1536][683x5120x1536][683x5120x1536][683x5120x1536][683x5120x1536][683x5120x1536][683x5120x1536][683x5120x1536][683x5120x1536][683x5120x1536][683x5120x1536][683x5120x1536][683x5120x1536][683x5120x1536][683x5120x1536][682x5120x1536][682x5120x1536][682x5120x1536][682x5120x1536][682x5120x1536][682x5120x1536][682x5120x1536][682x5120x1536][682x5120x1536][682x5120x1536][682x5120x1536][682x5120x1536][682x5120x1536][682x5120x1536][682x5120x1536][682x5120x1536][682x5120x1536][682x5120x1536][682x5120x1536][682x5120x1536][682x5120x1536][682x5120x1536][682x5120x1536][682x5120x1536][682x5120x1536][682x5120x1536][682x5120x1536][682x5120x1536][682x5120x1536][682x5120x1536][682x5120x1536][682x5120x1536]',,tensorop,f32,256,128,64,4,1,1,2,1,1,7,4,1,1,256,128,16,100,110,1711276032,1031463239680,602,1.2994,1226.53,793803
1,CUTLASS,grouped_gemm,cutlass3x_sm100_tensorop_gemm_grouped_bf16_bf16_f32_void_f32_256x128x64_4x1x1_0_tnt_align8_stream_k_2sm_epi_tma,passed,success,grouped,,,,,bf16:row,bf16:column,void:row,f32:row,1,0,invalid,invalid,heuristic,1,false,'[683x5120x1536][683x5120x1536][683x5120x1536][683x5120x1536][683x5120x1536][683x5120x1536][683x5120x1536][683x5120x1536][683x5120x1536][683x5120x1536][683x5120x1536][683x5120x1536][683x5120x1536][683x5120x1536][683x5120x1536][683x5120x1536][683x5120x1536][683x5120x1536][683x5120x1536][683x5120x1536][683x5120x1536][683x5120x1536][683x5120x1536][683x5120x1536][683x5120x1536][683x5120x1536][683x5120x1536][683x5120x1536][683x5120x1536][683x5120x1536][683x5120x1536][683x5120x1536][683x5120x1536][683x5120x1536][683x5120x1536][683x5120x1536][683x5120x1536][683x5120x1536][683x5120x1536][683x5120x1536][683x5120x1536][683x5120x1536][683x5120x1536][683x5120x1536][683x5120x1536][683x5120x1536][683x5120x1536][683x5120x1536][683x5120x1536][683x5120x1536][683x5120x1536][683x5120x1536][683x5120x1536][683x5120x1536][683x5120x1536][683x5120x1536][683x5120x1536][683x5120x1536][683x5120x1536][683x5120x1536][683x5120x1536][683x5120x1536][683x5120x1536][683x5120x1536][682x5120x1536][682x5120x1536][682x5120x1536][682x5120x1536][682x5120x1536][682x5120x1536][682x5120x1536][682x5120x1536][682x5120x1536][682x5120x1536][682x5120x1536][682x5120x1536][682x5120x1536][682x5120x1536][682x5120x1536][682x5120x1536][682x5120x1536][682x5120x1536][682x5120x1536][682x5120x1536][682x5120x1536][682x5120x1536][682x5120x1536][682x5120x1536][682x5120x1536][682x5120x1536][682x5120x1536][682x5120x1536][682x5120x1536][682x5120x1536][682x5120x1536][682x5120x1536]',,tensorop,f32,256,128,64,4,1,1,2,1,1,7,4,1,1,256,128,16,100,110,1711276032,1031463239680,602,1.28916,1236.27,800106
1,CUTLASS,grouped_gemm,cutlass3x_sm100_tensorop_gemm_grouped_bf16_bf16_f32_f32_f32_256x128x64_2x4x1_0_tnt_align8_2sm_epi_tma,passed,success,grouped,,,,,bf16:row,bf16:column,f32:row,f32:row,1,0,invalid,invalid,heuristic,1,false,'[683x5120x1536][683x5120x1536][683x5120x1536][683x5120x1536][683x5120x1536][683x5120x1536][683x5120x1536][683x5120x1536][683x5120x1536][683x5120x1536][683x5120x1536][683x5120x1536][683x5120x1536][683x5120x1536][683x5120x1536][683x5120x1536][683x5120x1536][683x5120x1536][683x5120x1536][683x5120x1536][683x5120x1536][683x5120x1536][683x5120x1536][683x5120x1536][683x5120x1536][683x5120x1536][683x5120x1536][683x5120x1536][683x5120x1536][683x5120x1536][683x5120x1536][683x5120x1536][683x5120x1536][683x5120x1536][683x5120x1536][683x5120x1536][683x5120x1536][683x5120x1536][683x5120x1536][683x5120x1536][683x5120x1536][683x5120x1536][683x5120x1536][683x5120x1536][683x5120x1536][683x5120x1536][683x5120x1536][683x5120x1536][683x5120x1536][683x5120x1536][683x5120x1536][683x5120x1536][683x5120x1536][683x5120x1536][683x5120x1536][683x5120x1536][683x5120x1536][683x5120x1536][683x5120x1536][683x5120x1536][683x5120x1536][683x5120x1536][683x5120x1536][683x5120x1536][682x5120x1536][682x5120x1536][682x5120x1536][682x5120x1536][682x5120x1536][682x5120x1536][682x5120x1536][682x5120x1536][682x5120x1536][682x5120x1536][682x5120x1536][682x5120x1536][682x5120x1536][682x5120x1536][682x5120x1536][682x5120x1536][682x5120x1536][682x5120x1536][682x5120x1536][682x5120x1536][682x5120x1536][682x5120x1536][682x5120x1536][682x5120x1536][682x5120x1536][682x5120x1536][682x5120x1536][682x5120x1536][682x5120x1536][682x5120x1536][682x5120x1536][682x5120x1536]',,tensorop,f32,256,128,64,2,4,1,2,1,1,7,4,1,1,256,128,16,100,110,3053453312,1031463239680,337,1.01849,2792.12,1.01274e+06
1,CUTLASS,grouped_gemm,cutlass3x_sm100_tensorop_gemm_grouped_bf16_bf16_f32_f32_f32_256x128x64_2x4x1_0_tnt_align8_stream_k_2sm_epi_tma,passed,success,grouped,,,,,bf16:row,bf16:column,f32:row,f32:row,1,0,invalid,invalid,heuristic,1,false,'[683x5120x1536][683x5120x1536][683x5120x1536][683x5120x1536][683x5120x1536][683x5120x1536][683x5120x1536][683x5120x1536][683x5120x1536][683x5120x1536][683x5120x1536][683x5120x1536][683x5120x1536][683x5120x1536][683x5120x1536][683x5120x1536][683x5120x1536][683x5120x1536][683x5120x1536][683x5120x1536][683x5120x1536][683x5120x1536][683x5120x1536][683x5120x1536][683x5120x1536][683x5120x1536][683x5120x1536][683x5120x1536][683x5120x1536][683x5120x1536][683x5120x1536][683x5120x1536][683x5120x1536][683x5120x1536][683x5120x1536][683x5120x1536][683x5120x1536][683x5120x1536][683x5120x1536][683x5120x1536][683x5120x1536][683x5120x1536][683x5120x1536][683x5120x1536][683x5120x1536][683x5120x1536][683x5120x1536][683x5120x1536][683x5120x1536][683x5120x1536][683x5120x1536][683x5120x1536][683x5120x1536][683x5120x1536][683x5120x1536][683x5120x1536][683x5120x1536][683x5120x1536][683x5120x1536][683x5120x1536][683x5120x1536][683x5120x1536][683x5120x1536][683x5120x1536][682x5120x1536][682x5120x1536][682x5120x1536][682x5120x1536][682x5120x1536][682x5120x1536][682x5120x1536][682x5120x1536][682x5120x1536][682x5120x1536][682x5120x1536][682x5120x1536][682x5120x1536][682x5120x1536][682x5120x1536][682x5120x1536][682x5120x1536][682x5120x1536][682x5120x1536][682x5120x1536][682x5120x1536][682x5120x1536][682x5120x1536][682x5120x1536][682x5120x1536][682x5120x1536][682x5120x1536][682x5120x1536][682x5120x1536][682x5120x1536][682x5120x1536][682x5120x1536]',,tensorop,f32,256,128,64,2,4,1,2,1,1,7,4,1,1,256,128,16,100,110,3053453312,1031463239680,337,1.0175,2794.85,1.01373e+06
1,CUTLASS,grouped_gemm,cutlass3x_sm100_tensorop_gemm_grouped_bf16_bf16_f32_void_f32_256x128x64_2x4x1_0_tnt_align8_2sm_epi_tma,passed,success,grouped,,,,,bf16:row,bf16:column,void:row,f32:row,1,0,invalid,invalid,heuristic,1,false,'[683x5120x1536][683x5120x1536][683x5120x1536][683x5120x1536][683x5120x1536][683x5120x1536][683x5120x1536][683x5120x1536][683x5120x1536][683x5120x1536][683x5120x1536][683x5120x1536][683x5120x1536][683x5120x1536][683x5120x1536][683x5120x1536][683x5120x1536][683x5120x1536][683x5120x1536][683x5120x1536][683x5120x1536][683x5120x1536][683x5120x1536][683x5120x1536][683x5120x1536][683x5120x1536][683x5120x1536][683x5120x1536][683x5120x1536][683x5120x1536][683x5120x1536][683x5120x1536][683x5120x1536][683x5120x1536][683x5120x1536][683x5120x1536][683x5120x1536][683x5120x1536][683x5120x1536][683x5120x1536][683x5120x1536][683x5120x1536][683x5120x1536][683x5120x1536][683x5120x1536][683x5120x1536][683x5120x1536][683x5120x1536][683x5120x1536][683x5120x1536][683x5120x1536][683x5120x1536][683x5120x1536][683x5120x1536][683x5120x1536][683x5120x1536][683x5120x1536][683x5120x1536][683x5120x1536][683x5120x1536][683x5120x1536][683x5120x1536][683x5120x1536][683x5120x1536][682x5120x1536][682x5120x1536][682x5120x1536][682x5120x1536][682x5120x1536][682x5120x1536][682x5120x1536][682x5120x1536][682x5120x1536][682x5120x1536][682x5120x1536][682x5120x1536][682x5120x1536][682x5120x1536][682x5120x1536][682x5120x1536][682x5120x1536][682x5120x1536][682x5120x1536][682x5120x1536][682x5120x1536][682x5120x1536][682x5120x1536][682x5120x1536][682x5120x1536][682x5120x1536][682x5120x1536][682x5120x1536][682x5120x1536][682x5120x1536][682x5120x1536][682x5120x1536]',,tensorop,f32,256,128,64,2,4,1,2,1,1,7,4,1,1,256,128,16,100,110,1711276032,1031463239680,602,1.06244,1500.08,970839
1,CUTLASS,grouped_gemm,cutlass3x_sm100_tensorop_gemm_grouped_bf16_bf16_f32_void_f32_256x128x64_2x4x1_0_tnt_align8_stream_k_2sm_epi_tma,passed,success,grouped,,,,,bf16:row,bf16:column,void:row,f32:row,1,0,invalid,invalid,heuristic,1,false,'[683x5120x1536][683x5120x1536][683x5120x1536][683x5120x1536][683x5120x1536][683x5120x1536][683x5120x1536][683x5120x1536][683x5120x1536][683x5120x1536][683x5120x1536][683x5120x1536][683x5120x1536][683x5120x1536][683x5120x1536][683x5120x1536][683x5120x1536][683x5120x1536][683x5120x1536][683x5120x1536][683x5120x1536][683x5120x1536][683x5120x1536][683x5120x1536][683x5120x1536][683x5120x1536][683x5120x1536][683x5120x1536][683x5120x1536][683x5120x1536][683x5120x1536][683x5120x1536][683x5120x1536][683x5120x1536][683x5120x1536][683x5120x1536][683x5120x1536][683x5120x1536][683x5120x1536][683x5120x1536][683x5120x1536][683x5120x1536][683x5120x1536][683x5120x1536][683x5120x1536][683x5120x1536][683x5120x1536][683x5120x1536][683x5120x1536][683x5120x1536][683x5120x1536][683x5120x1536][683x5120x1536][683x5120x1536][683x5120x1536][683x5120x1536][683x5120x1536][683x5120x1536][683x5120x1536][683x5120x1536][683x5120x1536][683x5120x1536][683x5120x1536][683x5120x1536][682x5120x1536][682x5120x1536][682x5120x1536][682x5120x1536][682x5120x1536][682x5120x1536][682x5120x1536][682x5120x1536][682x5120x1536][682x5120x1536][682x5120x1536][682x5120x1536][682x5120x1536][682x5120x1536][682x5120x1536][682x5120x1536][682x5120x1536][682x5120x1536][682x5120x1536][682x5120x1536][682x5120x1536][682x5120x1536][682x5120x1536][682x5120x1536][682x5120x1536][682x5120x1536][682x5120x1536][682x5120x1536][682x5120x1536][682x5120x1536][682x5120x1536][682x5120x1536]',,tensorop,f32,256,128,64,2,4,1,2,1,1,7,4,1,1,256,128,16,100,110,1711276032,1031463239680,602,1.06214,1500.51,971117
1,CUTLASS,grouped_gemm,cutlass3x_sm100_tensorop_gemm_grouped_bf16_bf16_f32_f32_f32_256x128x64_4x2x1_0_tnt_align8_2sm_epi_tma,passed,success,grouped,,,,,bf16:row,bf16:column,f32:row,f32:row,1,0,invalid,invalid,heuristic,1,false,'[683x5120x1536][683x5120x1536][683x5120x1536][683x5120x1536][683x5120x1536][683x5120x1536][683x5120x1536][683x5120x1536][683x5120x1536][683x5120x1536][683x5120x1536][683x5120x1536][683x5120x1536][683x5120x1536][683x5120x1536][683x5120x1536][683x5120x1536][683x5120x1536][683x5120x1536][683x5120x1536][683x5120x1536][683x5120x1536][683x5120x1536][683x5120x1536][683x5120x1536][683x5120x1536][683x5120x1536][683x5120x1536][683x5120x1536][683x5120x1536][683x5120x1536][683x5120x1536][683x5120x1536][683x5120x1536][683x5120x1536][683x5120x1536][683x5120x1536][683x5120x1536][683x5120x1536][683x5120x1536][683x5120x1536][683x5120x1536][683x5120x1536][683x5120x1536][683x5120x1536][683x5120x1536][683x5120x1536][683x5120x1536][683x5120x1536][683x5120x1536][683x5120x1536][683x5120x1536][683x5120x1536][683x5120x1536][683x5120x1536][683x5120x1536][683x5120x1536][683x5120x1536][683x5120x1536][683x5120x1536][683x5120x1536][683x5120x1536][683x5120x1536][683x5120x1536][682x5120x1536][682x5120x1536][682x5120x1536][682x5120x1536][682x5120x1536][682x5120x1536][682x5120x1536][682x5120x1536][682x5120x1536][682x5120x1536][682x5120x1536][682x5120x1536][682x5120x1536][682x5120x1536][682x5120x1536][682x5120x1536][682x5120x1536][682x5120x1536][682x5120x1536][682x5120x1536][682x5120x1536][682x5120x1536][682x5120x1536][682x5120x1536][682x5120x1536][682x5120x1536][682x5120x1536][682x5120x1536][682x5120x1536][682x5120x1536][682x5120x1536][682x5120x1536]',,tensorop,f32,256,128,64,4,2,1,2,1,1,7,4,1,1,256,128,16,100,110,3053453312,1031463239680,337,1.28956,2205.2,799854
1,CUTLASS,grouped_gemm,cutlass3x_sm100_tensorop_gemm_grouped_bf16_bf16_f32_f32_f32_256x128x64_4x2x1_0_tnt_align8_stream_k_2sm_epi_tma,passed,success,grouped,,,,,bf16:row,bf16:column,f32:row,f32:row,1,0,invalid,invalid,heuristic,1,false,'[683x5120x1536][683x5120x1536][683x5120x1536][683x5120x1536][683x5120x1536][683x5120x1536][683x5120x1536][683x5120x1536][683x5120x1536][683x5120x1536][683x5120x1536][683x5120x1536][683x5120x1536][683x5120x1536][683x5120x1536][683x5120x1536][683x5120x1536][683x5120x1536][683x5120x1536][683x5120x1536][683x5120x1536][683x5120x1536][683x5120x1536][683x5120x1536][683x5120x1536][683x5120x1536][683x5120x1536][683x5120x1536][683x5120x1536][683x5120x1536][683x5120x1536][683x5120x1536][683x5120x1536][683x5120x1536][683x5120x1536][683x5120x1536][683x5120x1536][683x5120x1536][683x5120x1536][683x5120x1536][683x5120x1536][683x5120x1536][683x5120x1536][683x5120x1536][683x5120x1536][683x5120x1536][683x5120x1536][683x5120x1536][683x5120x1536][683x5120x1536][683x5120x1536][683x5120x1536][683x5120x1536][683x5120x1536][683x5120x1536][683x5120x1536][683x5120x1536][683x5120x1536][683x5120x1536][683x5120x1536][683x5120x1536][683x5120x1536][683x5120x1536][683x5120x1536][682x5120x1536][682x5120x1536][682x5120x1536][682x5120x1536][682x5120x1536][682x5120x1536][682x5120x1536][682x5120x1536][682x5120x1536][682x5120x1536][682x5120x1536][682x5120x1536][682x5120x1536][682x5120x1536][682x5120x1536][682x5120x1536][682x5120x1536][682x5120x1536][682x5120x1536][682x5120x1536][682x5120x1536][682x5120x1536][682x5120x1536][682x5120x1536][682x5120x1536][682x5120x1536][682x5120x1536][682x5120x1536][682x5120x1536][682x5120x1536][682x5120x1536][682x5120x1536]',,tensorop,f32,256,128,64,4,2,1,2,1,1,7,4,1,1,256,128,16,100,110,3053453312,1031463239680,337,1.28832,2207.34,800629
1,CUTLASS,grouped_gemm,cutlass3x_sm100_tensorop_gemm_grouped_bf16_bf16_f32_void_f32_256x128x64_4x2x1_0_tnt_align8_2sm_epi_tma,passed,success,grouped,,,,,bf16:row,bf16:column,void:row,f32:row,1,0,invalid,invalid,heuristic,1,false,'[683x5120x1536][683x5120x1536][683x5120x1536][683x5120x1536][683x5120x1536][683x5120x1536][683x5120x1536][683x5120x1536][683x5120x1536][683x5120x1536][683x5120x1536][683x5120x1536][683x5120x1536][683x5120x1536][683x5120x1536][683x5120x1536][683x5120x1536][683x5120x1536][683x5120x1536][683x5120x1536][683x5120x1536][683x5120x1536][683x5120x1536][683x5120x1536][683x5120x1536][683x5120x1536][683x5120x1536][683x5120x1536][683x5120x1536][683x5120x1536][683x5120x1536][683x5120x1536][683x5120x1536][683x5120x1536][683x5120x1536][683x5120x1536][683x5120x1536][683x5120x1536][683x5120x1536][683x5120x1536][683x5120x1536][683x5120x1536][683x5120x1536][683x5120x1536][683x5120x1536][683x5120x1536][683x5120x1536][683x5120x1536][683x5120x1536][683x5120x1536][683x5120x1536][683x5120x1536][683x5120x1536][683x5120x1536][683x5120x1536][683x5120x1536][683x5120x1536][683x5120x1536][683x5120x1536][683x5120x1536][683x5120x1536][683x5120x1536][683x5120x1536][683x5120x1536][682x5120x1536][682x5120x1536][682x5120x1536][682x5120x1536][682x5120x1536][682x5120x1536][682x5120x1536][682x5120x1536][682x5120x1536][682x5120x1536][682x5120x1536][682x5120x1536][682x5120x1536][682x5120x1536][682x5120x1536][682x5120x1536][682x5120x1536][682x5120x1536][682x5120x1536][682x5120x1536][682x5120x1536][682x5120x1536][682x5120x1536][682x5120x1536][682x5120x1536][682x5120x1536][682x5120x1536][682x5120x1536][682x5120x1536][682x5120x1536][682x5120x1536][682x5120x1536]',,tensorop,f32,256,128,64,4,2,1,2,1,1,7,4,1,1,256,128,16,100,110,1711276032,1031463239680,602,1.35334,1177.64,762161
1,CUTLASS,grouped_gemm,cutlass3x_sm100_tensorop_gemm_grouped_bf16_bf16_f32_void_f32_256x128x64_4x2x1_0_tnt_align8_stream_k_2sm_epi_tma,passed,success,grouped,,,,,bf16:row,bf16:column,void:row,f32:row,1,0,invalid,invalid,heuristic,1,false,'[683x5120x1536][683x5120x1536][683x5120x1536][683x5120x1536][683x5120x1536][683x5120x1536][683x5120x1536][683x5120x1536][683x5120x1536][683x5120x1536][683x5120x1536][683x5120x1536][683x5120x1536][683x5120x1536][683x5120x1536][683x5120x1536][683x5120x1536][683x5120x1536][683x5120x1536][683x5120x1536][683x5120x1536][683x5120x1536][683x5120x1536][683x5120x1536][683x5120x1536][683x5120x1536][683x5120x1536][683x5120x1536][683x5120x1536][683x5120x1536][683x5120x1536][683x5120x1536][683x5120x1536][683x5120x1536][683x5120x1536][683x5120x1536][683x5120x1536][683x5120x1536][683x5120x1536][683x5120x1536][683x5120x1536][683x5120x1536][683x5120x1536][683x5120x1536][683x5120x1536][683x5120x1536][683x5120x1536][683x5120x1536][683x5120x1536][683x5120x1536][683x5120x1536][683x5120x1536][683x5120x1536][683x5120x1536][683x5120x1536][683x5120x1536][683x5120x1536][683x5120x1536][683x5120x1536][683x5120x1536][683x5120x1536][683x5120x1536][683x5120x1536][683x5120x1536][682x5120x1536][682x5120x1536][682x5120x1536][682x5120x1536][682x5120x1536][682x5120x1536][682x5120x1536][682x5120x1536][682x5120x1536][682x5120x1536][682x5120x1536][682x5120x1536][682x5120x1536][682x5120x1536][682x5120x1536][682x5120x1536][682x5120x1536][682x5120x1536][682x5120x1536][682x5120x1536][682x5120x1536][682x5120x1536][682x5120x1536][682x5120x1536][682x5120x1536][682x5120x1536][682x5120x1536][682x5120x1536][682x5120x1536][682x5120x1536][682x5120x1536][682x5120x1536]',,tensorop,f32,256,128,64,4,2,1,2,1,1,7,4,1,1,256,128,16,100,110,1711276032,1031463239680,602,1.35334,1177.64,762163
1,CUTLASS,grouped_gemm,cutlass3x_sm100_tensorop_gemm_grouped_bf16_bf16_f32_f32_f32_256x128x64_4x4x1_0_tnt_align8_2sm_epi_tma,passed,success,grouped,,,,,bf16:row,bf16:column,f32:row,f32:row,1,0,invalid,invalid,heuristic,1,false,'[683x5120x1536][683x5120x1536][683x5120x1536][683x5120x1536][683x5120x1536][683x5120x1536][683x5120x1536][683x5120x1536][683x5120x1536][683x5120x1536][683x5120x1536][683x5120x1536][683x5120x1536][683x5120x1536][683x5120x1536][683x5120x1536][683x5120x1536][683x5120x1536][683x5120x1536][683x5120x1536][683x5120x1536][683x5120x1536][683x5120x1536][683x5120x1536][683x5120x1536][683x5120x1536][683x5120x1536][683x5120x1536][683x5120x1536][683x5120x1536][683x5120x1536][683x5120x1536][683x5120x1536][683x5120x1536][683x5120x1536][683x5120x1536][683x5120x1536][683x5120x1536][683x5120x1536][683x5120x1536][683x5120x1536][683x5120x1536][683x5120x1536][683x5120x1536][683x5120x1536][683x5120x1536][683x5120x1536][683x5120x1536][683x5120x1536][683x5120x1536][683x5120x1536][683x5120x1536][683x5120x1536][683x5120x1536][683x5120x1536][683x5120x1536][683x5120x1536][683x5120x1536][683x5120x1536][683x5120x1536][683x5120x1536][683x5120x1536][683x5120x1536][683x5120x1536][682x5120x1536][682x5120x1536][682x5120x1536][682x5120x1536][682x5120x1536][682x5120x1536][682x5120x1536][682x5120x1536][682x5120x1536][682x5120x1536][682x5120x1536][682x5120x1536][682x5120x1536][682x5120x1536][682x5120x1536][682x5120x1536][682x5120x1536][682x5120x1536][682x5120x1536][682x5120x1536][682x5120x1536][682x5120x1536][682x5120x1536][682x5120x1536][682x5120x1536][682x5120x1536][682x5120x1536][682x5120x1536][682x5120x1536][682x5120x1536][682x5120x1536][682x5120x1536]',,tensorop,f32,256,128,64,4,4,1,2,1,1,7,4,1,1,256,128,16,100,110,3053453312,1031463239680,337,1.35272,2102.24,762509
1,CUTLASS,grouped_gemm,cutlass3x_sm100_tensorop_gemm_grouped_bf16_bf16_f32_f32_f32_256x128x64_4x4x1_0_tnt_align8_stream_k_2sm_epi_tma,passed,success,grouped,,,,,bf16:row,bf16:column,f32:row,f32:row,1,0,invalid,invalid,heuristic,1,false,'[683x5120x1536][683x5120x1536][683x5120x1536][683x5120x1536][683x5120x1536][683x5120x1536][683x5120x1536][683x5120x1536][683x5120x1536][683x5120x1536][683x5120x1536][683x5120x1536][683x5120x1536][683x5120x1536][683x5120x1536][683x5120x1536][683x5120x1536][683x5120x1536][683x5120x1536][683x5120x1536][683x5120x1536][683x5120x1536][683x5120x1536][683x5120x1536][683x5120x1536][683x5120x1536][683x5120x1536][683x5120x1536][683x5120x1536][683x5120x1536][683x5120x1536][683x5120x1536][683x5120x1536][683x5120x1536][683x5120x1536][683x5120x1536][683x5120x1536][683x5120x1536][683x5120x1536][683x5120x1536][683x5120x1536][683x5120x1536][683x5120x1536][683x5120x1536][683x5120x1536][683x5120x1536][683x5120x1536][683x5120x1536][683x5120x1536][683x5120x1536][683x5120x1536][683x5120x1536][683x5120x1536][683x5120x1536][683x5120x1536][683x5120x1536][683x5120x1536][683x5120x1536][683x5120x1536][683x5120x1536][683x5120x1536][683x5120x1536][683x5120x1536][683x5120x1536][682x5120x1536][682x5120x1536][682x5120x1536][682x5120x1536][682x5120x1536][682x5120x1536][682x5120x1536][682x5120x1536][682x5120x1536][682x5120x1536][682x5120x1536][682x5120x1536][682x5120x1536][682x5120x1536][682x5120x1536][682x5120x1536][682x5120x1536][682x5120x1536][682x5120x1536][682x5120x1536][682x5120x1536][682x5120x1536][682x5120x1536][682x5120x1536][682x5120x1536][682x5120x1536][682x5120x1536][682x5120x1536][682x5120x1536][682x5120x1536][682x5120x1536][682x5120x1536]',,tensorop,f32,256,128,64,4,4,1,2,1,1,7,4,1,1,256,128,16,100,110,3053453312,1031463239680,337,1.35313,2101.6,762278
1,CUTLASS,grouped_gemm,cutlass3x_sm100_tensorop_gemm_grouped_bf16_bf16_f32_void_f32_256x128x64_4x4x1_0_tnt_align8_2sm_epi_tma,passed,success,grouped,,,,,bf16:row,bf16:column,void:row,f32:row,1,0,invalid,invalid,heuristic,1,false,'[683x5120x1536][683x5120x1536][683x5120x1536][683x5120x1536][683x5120x1536][683x5120x1536][683x5120x1536][683x5120x1536][683x5120x1536][683x5120x1536][683x5120x1536][683x5120x1536][683x5120x1536][683x5120x1536][683x5120x1536][683x5120x1536][683x5120x1536][683x5120x1536][683x5120x1536][683x5120x1536][683x5120x1536][683x5120x1536][683x5120x1536][683x5120x1536][683x5120x1536][683x5120x1536][683x5120x1536][683x5120x1536][683x5120x1536][683x5120x1536][683x5120x1536][683x5120x1536][683x5120x1536][683x5120x1536][683x5120x1536][683x5120x1536][683x5120x1536][683x5120x1536][683x5120x1536][683x5120x1536][683x5120x1536][683x5120x1536][683x5120x1536][683x5120x1536][683x5120x1536][683x5120x1536][683x5120x1536][683x5120x1536][683x5120x1536][683x5120x1536][683x5120x1536][683x5120x1536][683x5120x1536][683x5120x1536][683x5120x1536][683x5120x1536][683x5120x1536][683x5120x1536][683x5120x1536][683x5120x1536][683x5120x1536][683x5120x1536][683x5120x1536][683x5120x1536][682x5120x1536][682x5120x1536][682x5120x1536][682x5120x1536][682x5120x1536][682x5120x1536][682x5120x1536][682x5120x1536][682x5120x1536][682x5120x1536][682x5120x1536][682x5120x1536][682x5120x1536][682x5120x1536][682x5120x1536][682x5120x1536][682x5120x1536][682x5120x1536][682x5120x1536][682x5120x1536][682x5120x1536][682x5120x1536][682x5120x1536][682x5120x1536][682x5120x1536][682x5120x1536][682x5120x1536][682x5120x1536][682x5120x1536][682x5120x1536][682x5120x1536][682x5120x1536]',,tensorop,f32,256,128,64,4,4,1,2,1,1,7,4,1,1,256,128,16,100,110,1711276032,1031463239680,602,1.41245,1128.35,730263
1,CUTLASS,grouped_gemm,cutlass3x_sm100_tensorop_gemm_grouped_bf16_bf16_f32_void_f32_256x128x64_4x4x1_0_tnt_align8_stream_k_2sm_epi_tma,passed,success,grouped,,,,,bf16:row,bf16:column,void:row,f32:row,1,0,invalid,invalid,heuristic,1,false,'[683x5120x1536][683x5120x1536][683x5120x1536][683x5120x1536][683x5120x1536][683x5120x1536][683x5120x1536][683x5120x1536][683x5120x1536][683x5120x1536][683x5120x1536][683x5120x1536][683x5120x1536][683x5120x1536][683x5120x1536][683x5120x1536][683x5120x1536][683x5120x1536][683x5120x1536][683x5120x1536][683x5120x1536][683x5120x1536][683x5120x1536][683x5120x1536][683x5120x1536][683x5120x1536][683x5120x1536][683x5120x1536][683x5120x1536][683x5120x1536][683x5120x1536][683x5120x1536][683x5120x1536][683x5120x1536][683x5120x1536][683x5120x1536][683x5120x1536][683x5120x1536][683x5120x1536][683x5120x1536][683x5120x1536][683x5120x1536][683x5120x1536][683x5120x1536][683x5120x1536][683x5120x1536][683x5120x1536][683x5120x1536][683x5120x1536][683x5120x1536][683x5120x1536][683x5120x1536][683x5120x1536][683x5120x1536][683x5120x1536][683x5120x1536][683x5120x1536][683x5120x1536][683x5120x1536][683x5120x1536][683x5120x1536][683x5120x1536][683x5120x1536][683x5120x1536][682x5120x1536][682x5120x1536][682x5120x1536][682x5120x1536][682x5120x1536][682x5120x1536][682x5120x1536][682x5120x1536][682x5120x1536][682x5120x1536][682x5120x1536][682x5120x1536][682x5120x1536][682x5120x1536][682x5120x1536][682x5120x1536][682x5120x1536][682x5120x1536][682x5120x1536][682x5120x1536][682x5120x1536][682x5120x1536][682x5120x1536][682x5120x1536][682x5120x1536][682x5120x1536][682x5120x1536][682x5120x1536][682x5120x1536][682x5120x1536][682x5120x1536][682x5120x1536]',,tensorop,f32,256,128,64,4,4,1,2,1,1,7,4,1,1,256,128,16,100,110,1711276032,1031463239680,602,1.41201,1128.71,730491
1,CUTLASS,grouped_gemm,cutlass3x_sm100_tensorop_gemm_grouped_bf16_bf16_f32_bf16_bf16_256x128x64_0x0x1_0_tnt_align8_2sm_epi_tma,passed,success,grouped,,,,,bf16:row,bf16:column,bf16:row,bf16:row,1,0,invalid,invalid,heuristic,1,false,'[683x5120x1536][683x5120x1536][683x5120x1536][683x5120x1536][683x5120x1536][683x5120x1536][683x5120x1536][683x5120x1536][683x5120x1536][683x5120x1536][683x5120x1536][683x5120x1536][683x5120x1536][683x5120x1536][683x5120x1536][683x5120x1536][683x5120x1536][683x5120x1536][683x5120x1536][683x5120x1536][683x5120x1536][683x5120x1536][683x5120x1536][683x5120x1536][683x5120x1536][683x5120x1536][683x5120x1536][683x5120x1536][683x5120x1536][683x5120x1536][683x5120x1536][683x5120x1536][683x5120x1536][683x5120x1536][683x5120x1536][683x5120x1536][683x5120x1536][683x5120x1536][683x5120x1536][683x5120x1536][683x5120x1536][683x5120x1536][683x5120x1536][683x5120x1536][683x5120x1536][683x5120x1536][683x5120x1536][683x5120x1536][683x5120x1536][683x5120x1536][683x5120x1536][683x5120x1536][683x5120x1536][683x5120x1536][683x5120x1536][683x5120x1536][683x5120x1536][683x5120x1536][683x5120x1536][683x5120x1536][683x5120x1536][683x5120x1536][683x5120x1536][683x5120x1536][682x5120x1536][682x5120x1536][682x5120x1536][682x5120x1536][682x5120x1536][682x5120x1536][682x5120x1536][682x5120x1536][682x5120x1536][682x5120x1536][682x5120x1536][682x5120x1536][682x5120x1536][682x5120x1536][682x5120x1536][682x5120x1536][682x5120x1536][682x5120x1536][682x5120x1536][682x5120x1536][682x5120x1536][682x5120x1536][682x5120x1536][682x5120x1536][682x5120x1536][682x5120x1536][682x5120x1536][682x5120x1536][682x5120x1536][682x5120x1536][682x5120x1536][682x5120x1536]',,tensorop,f32,256,128,64,2,1,1,2,1,1,7,4,1,1,256,128,16,100,110,2382364672,1031463239680,432,0.86745,2557.79,1.18908e+06
1,CUTLASS,grouped_gemm,cutlass3x_sm100_tensorop_gemm_grouped_bf16_bf16_f32_bf16_bf16_256x128x64_0x0x1_0_tnt_align8_stream_k_2sm_epi_tma,passed,success,grouped,,,,,bf16:row,bf16:column,bf16:row,bf16:row,1,0,invalid,invalid,heuristic,1,false,'[683x5120x1536][683x5120x1536][683x5120x1536][683x5120x1536][683x5120x1536][683x5120x1536][683x5120x1536][683x5120x1536][683x5120x1536][683x5120x1536][683x5120x1536][683x5120x1536][683x5120x1536][683x5120x1536][683x5120x1536][683x5120x1536][683x5120x1536][683x5120x1536][683x5120x1536][683x5120x1536][683x5120x1536][683x5120x1536][683x5120x1536][683x5120x1536][683x5120x1536][683x5120x1536][683x5120x1536][683x5120x1536][683x5120x1536][683x5120x1536][683x5120x1536][683x5120x1536][683x5120x1536][683x5120x1536][683x5120x1536][683x5120x1536][683x5120x1536][683x5120x1536][683x5120x1536][683x5120x1536][683x5120x1536][683x5120x1536][683x5120x1536][683x5120x1536][683x5120x1536][683x5120x1536][683x5120x1536][683x5120x1536][683x5120x1536][683x5120x1536][683x5120x1536][683x5120x1536][683x5120x1536][683x5120x1536][683x5120x1536][683x5120x1536][683x5120x1536][683x5120x1536][683x5120x1536][683x5120x1536][683x5120x1536][683x5120x1536][683x5120x1536][683x5120x1536][682x5120x1536][682x5120x1536][682x5120x1536][682x5120x1536][682x5120x1536][682x5120x1536][682x5120x1536][682x5120x1536][682x5120x1536][682x5120x1536][682x5120x1536][682x5120x1536][682x5120x1536][682x5120x1536][682x5120x1536][682x5120x1536][682x5120x1536][682x5120x1536][682x5120x1536][682x5120x1536][682x5120x1536][682x5120x1536][682x5120x1536][682x5120x1536][682x5120x1536][682x5120x1536][682x5120x1536][682x5120x1536][682x5120x1536][682x5120x1536][682x5120x1536][682x5120x1536]',,tensorop,f32,256,128,64,2,1,1,2,1,1,7,4,1,1,256,128,16,100,110,2382364672,1031463239680,432,0.884246,2509.2,1.16649e+06
1,CUTLASS,grouped_gemm,cutlass3x_sm100_tensorop_gemm_grouped_bf16_bf16_f32_void_bf16_256x128x64_0x0x1_0_tnt_align8_2sm_epi_tma,passed,success,grouped,,,,,bf16:row,bf16:column,void:row,bf16:row,1,0,invalid,invalid,heuristic,1,false,'[683x5120x1536][683x5120x1536][683x5120x1536][683x5120x1536][683x5120x1536][683x5120x1536][683x5120x1536][683x5120x1536][683x5120x1536][683x5120x1536][683x5120x1536][683x5120x1536][683x5120x1536][683x5120x1536][683x5120x1536][683x5120x1536][683x5120x1536][683x5120x1536][683x5120x1536][683x5120x1536][683x5120x1536][683x5120x1536][683x5120x1536][683x5120x1536][683x5120x1536][683x5120x1536][683x5120x1536][683x5120x1536][683x5120x1536][683x5120x1536][683x5120x1536][683x5120x1536][683x5120x1536][683x5120x1536][683x5120x1536][683x5120x1536][683x5120x1536][683x5120x1536][683x5120x1536][683x5120x1536][683x5120x1536][683x5120x1536][683x5120x1536][683x5120x1536][683x5120x1536][683x5120x1536][683x5120x1536][683x5120x1536][683x5120x1536][683x5120x1536][683x5120x1536][683x5120x1536][683x5120x1536][683x5120x1536][683x5120x1536][683x5120x1536][683x5120x1536][683x5120x1536][683x5120x1536][683x5120x1536][683x5120x1536][683x5120x1536][683x5120x1536][683x5120x1536][682x5120x1536][682x5120x1536][682x5120x1536][682x5120x1536][682x5120x1536][682x5120x1536][682x5120x1536][682x5120x1536][682x5120x1536][682x5120x1536][682x5120x1536][682x5120x1536][682x5120x1536][682x5120x1536][682x5120x1536][682x5120x1536][682x5120x1536][682x5120x1536][682x5120x1536][682x5120x1536][682x5120x1536][682x5120x1536][682x5120x1536][682x5120x1536][682x5120x1536][682x5120x1536][682x5120x1536][682x5120x1536][682x5120x1536][682x5120x1536][682x5120x1536][682x5120x1536]',,tensorop,f32,256,128,64,2,1,1,2,1,1,8,4,1,1,256,128,16,100,110,1711276032,1031463239680,602,0.856186,1861.45,1.20472e+06
1,CUTLASS,grouped_gemm,cutlass3x_sm100_tensorop_gemm_grouped_bf16_bf16_f32_void_bf16_256x128x64_0x0x1_0_tnt_align8_stream_k_2sm_epi_tma,passed,success,grouped,,,,,bf16:row,bf16:column,void:row,bf16:row,1,0,invalid,invalid,heuristic,1,false,'[683x5120x1536][683x5120x1536][683x5120x1536][683x5120x1536][683x5120x1536][683x5120x1536][683x5120x1536][683x5120x1536][683x5120x1536][683x5120x1536][683x5120x1536][683x5120x1536][683x5120x1536][683x5120x1536][683x5120x1536][683x5120x1536][683x5120x1536][683x5120x1536][683x5120x1536][683x5120x1536][683x5120x1536][683x5120x1536][683x5120x1536][683x5120x1536][683x5120x1536][683x5120x1536][683x5120x1536][683x5120x1536][683x5120x1536][683x5120x1536][683x5120x1536][683x5120x1536][683x5120x1536][683x5120x1536][683x5120x1536][683x5120x1536][683x5120x1536][683x5120x1536][683x5120x1536][683x5120x1536][683x5120x1536][683x5120x1536][683x5120x1536][683x5120x1536][683x5120x1536][683x5120x1536][683x5120x1536][683x5120x1536][683x5120x1536][683x5120x1536][683x5120x1536][683x5120x1536][683x5120x1536][683x5120x1536][683x5120x1536][683x5120x1536][683x5120x1536][683x5120x1536][683x5120x1536][683x5120x1536][683x5120x1536][683x5120x1536][683x5120x1536][683x5120x1536][682x5120x1536][682x5120x1536][682x5120x1536][682x5120x1536][682x5120x1536][682x5120x1536][682x5120x1536][682x5120x1536][682x5120x1536][682x5120x1536][682x5120x1536][682x5120x1536][682x5120x1536][682x5120x1536][682x5120x1536][682x5120x1536][682x5120x1536][682x5120x1536][682x5120x1536][682x5120x1536][682x5120x1536][682x5120x1536][682x5120x1536][682x5120x1536][682x5120x1536][682x5120x1536][682x5120x1536][682x5120x1536][682x5120x1536][682x5120x1536][682x5120x1536][682x5120x1536]',,tensorop,f32,256,128,64,2,1,1,2,1,1,8,4,1,1,256,128,16,100,110,1711276032,1031463239680,602,0.853149,1868.08,1.20901e+06
1,CUTLASS,grouped_gemm,cutlass3x_sm100_tensorop_gemm_grouped_bf16_bf16_f32_bf16_bf16_256x128x64_2x1x1_0_tnt_align8_2sm_epi_tma,passed,success,grouped,,,,,bf16:row,bf16:column,bf16:row,bf16:row,1,0,invalid,invalid,heuristic,1,false,'[683x5120x1536][683x5120x1536][683x5120x1536][683x5120x1536][683x5120x1536][683x5120x1536][683x5120x1536][683x5120x1536][683x5120x1536][683x5120x1536][683x5120x1536][683x5120x1536][683x5120x1536][683x5120x1536][683x5120x1536][683x5120x1536][683x5120x1536][683x5120x1536][683x5120x1536][683x5120x1536][683x5120x1536][683x5120x1536][683x5120x1536][683x5120x1536][683x5120x1536][683x5120x1536][683x5120x1536][683x5120x1536][683x5120x1536][683x5120x1536][683x5120x1536][683x5120x1536][683x5120x1536][683x5120x1536][683x5120x1536][683x5120x1536][683x5120x1536][683x5120x1536][683x5120x1536][683x5120x1536][683x5120x1536][683x5120x1536][683x5120x1536][683x5120x1536][683x5120x1536][683x5120x1536][683x5120x1536][683x5120x1536][683x5120x1536][683x5120x1536][683x5120x1536][683x5120x1536][683x5120x1536][683x5120x1536][683x5120x1536][683x5120x1536][683x5120x1536][683x5120x1536][683x5120x1536][683x5120x1536][683x5120x1536][683x5120x1536][683x5120x1536][683x5120x1536][682x5120x1536][682x5120x1536][682x5120x1536][682x5120x1536][682x5120x1536][682x5120x1536][682x5120x1536][682x5120x1536][682x5120x1536][682x5120x1536][682x5120x1536][682x5120x1536][682x5120x1536][682x5120x1536][682x5120x1536][682x5120x1536][682x5120x1536][682x5120x1536][682x5120x1536][682x5120x1536][682x5120x1536][682x5120x1536][682x5120x1536][682x5120x1536][682x5120x1536][682x5120x1536][682x5120x1536][682x5120x1536][682x5120x1536][682x5120x1536][682x5120x1536][682x5120x1536]',,tensorop,f32,256,128,64,2,1,1,2,1,1,7,4,1,1,256,128,16,100,110,2382364672,1031463239680,432,0.881382,2517.35,1.17028e+06
1,CUTLASS,grouped_gemm,cutlass3x_sm100_tensorop_gemm_grouped_bf16_bf16_f32_bf16_bf16_256x128x64_2x1x1_0_tnt_align8_stream_k_2sm_epi_tma,passed,success,grouped,,,,,bf16:row,bf16:column,bf16:row,bf16:row,1,0,invalid,invalid,heuristic,1,false,'[683x5120x1536][683x5120x1536][683x5120x1536][683x5120x1536][683x5120x1536][683x5120x1536][683x5120x1536][683x5120x1536][683x5120x1536][683x5120x1536][683x5120x1536][683x5120x1536][683x5120x1536][683x5120x1536][683x5120x1536][683x5120x1536][683x5120x1536][683x5120x1536][683x5120x1536][683x5120x1536][683x5120x1536][683x5120x1536][683x5120x1536][683x5120x1536][683x5120x1536][683x5120x1536][683x5120x1536][683x5120x1536][683x5120x1536][683x5120x1536][683x5120x1536][683x5120x1536][683x5120x1536][683x5120x1536][683x5120x1536][683x5120x1536][683x5120x1536][683x5120x1536][683x5120x1536][683x5120x1536][683x5120x1536][683x5120x1536][683x5120x1536][683x5120x1536][683x5120x1536][683x5120x1536][683x5120x1536][683x5120x1536][683x5120x1536][683x5120x1536][683x5120x1536][683x5120x1536][683x5120x1536][683x5120x1536][683x5120x1536][683x5120x1536][683x5120x1536][683x5120x1536][683x5120x1536][683x5120x1536][683x5120x1536][683x5120x1536][683x5120x1536][683x5120x1536][682x5120x1536][682x5120x1536][682x5120x1536][682x5120x1536][682x5120x1536][682x5120x1536][682x5120x1536][682x5120x1536][682x5120x1536][682x5120x1536][682x5120x1536][682x5120x1536][682x5120x1536][682x5120x1536][682x5120x1536][682x5120x1536][682x5120x1536][682x5120x1536][682x5120x1536][682x5120x1536][682x5120x1536][682x5120x1536][682x5120x1536][682x5120x1536][682x5120x1536][682x5120x1536][682x5120x1536][682x5120x1536][682x5120x1536][682x5120x1536][682x5120x1536][682x5120x1536]',,tensorop,f32,256,128,64,2,1,1,2,1,1,7,4,1,1,256,128,16,100,110,2382364672,1031463239680,432,0.866426,2560.81,1.19048e+06
1,CUTLASS,grouped_gemm,cutlass3x_sm100_tensorop_gemm_grouped_bf16_bf16_f32_void_bf16_256x128x64_2x1x1_0_tnt_align8_2sm_epi_tma,passed,success,grouped,,,,,bf16:row,bf16:column,void:row,bf16:row,1,0,invalid,invalid,heuristic,1,false,'[683x5120x1536][683x5120x1536][683x5120x1536][683x5120x1536][683x5120x1536][683x5120x1536][683x5120x1536][683x5120x1536][683x5120x1536][683x5120x1536][683x5120x1536][683x5120x1536][683x5120x1536][683x5120x1536][683x5120x1536][683x5120x1536][683x5120x1536][683x5120x1536][683x5120x1536][683x5120x1536][683x5120x1536][683x5120x1536][683x5120x1536][683x5120x1536][683x5120x1536][683x5120x1536][683x5120x1536][683x5120x1536][683x5120x1536][683x5120x1536][683x5120x1536][683x5120x1536][683x5120x1536][683x5120x1536][683x5120x1536][683x5120x1536][683x5120x1536][683x5120x1536][683x5120x1536][683x5120x1536][683x5120x1536][683x5120x1536][683x5120x1536][683x5120x1536][683x5120x1536][683x5120x1536][683x5120x1536][683x5120x1536][683x5120x1536][683x5120x1536][683x5120x1536][683x5120x1536][683x5120x1536][683x5120x1536][683x5120x1536][683x5120x1536][683x5120x1536][683x5120x1536][683x5120x1536][683x5120x1536][683x5120x1536][683x5120x1536][683x5120x1536][683x5120x1536][682x5120x1536][682x5120x1536][682x5120x1536][682x5120x1536][682x5120x1536][682x5120x1536][682x5120x1536][682x5120x1536][682x5120x1536][682x5120x1536][682x5120x1536][682x5120x1536][682x5120x1536][682x5120x1536][682x5120x1536][682x5120x1536][682x5120x1536][682x5120x1536][682x5120x1536][682x5120x1536][682x5120x1536][682x5120x1536][682x5120x1536][682x5120x1536][682x5120x1536][682x5120x1536][682x5120x1536][682x5120x1536][682x5120x1536][682x5120x1536][682x5120x1536][682x5120x1536]',,tensorop,f32,256,128,64,2,1,1,2,1,1,8,4,1,1,256,128,16,100,110,1711276032,1031463239680,602,0.853728,1866.81,1.20819e+06
1,CUTLASS,grouped_gemm,cutlass3x_sm100_tensorop_gemm_grouped_bf16_bf16_f32_void_bf16_256x128x64_2x1x1_0_tnt_align8_stream_k_2sm_epi_tma,passed,success,grouped,,,,,bf16:row,bf16:column,void:row,bf16:row,1,0,invalid,invalid,heuristic,1,false,'[683x5120x1536][683x5120x1536][683x5120x1536][683x5120x1536][683x5120x1536][683x5120x1536][683x5120x1536][683x5120x1536][683x5120x1536][683x5120x1536][683x5120x1536][683x5120x1536][683x5120x1536][683x5120x1536][683x5120x1536][683x5120x1536][683x5120x1536][683x5120x1536][683x5120x1536][683x5120x1536][683x5120x1536][683x5120x1536][683x5120x1536][683x5120x1536][683x5120x1536][683x5120x1536][683x5120x1536][683x5120x1536][683x5120x1536][683x5120x1536][683x5120x1536][683x5120x1536][683x5120x1536][683x5120x1536][683x5120x1536][683x5120x1536][683x5120x1536][683x5120x1536][683x5120x1536][683x5120x1536][683x5120x1536][683x5120x1536][683x5120x1536][683x5120x1536][683x5120x1536][683x5120x1536][683x5120x1536][683x5120x1536][683x5120x1536][683x5120x1536][683x5120x1536][683x5120x1536][683x5120x1536][683x5120x1536][683x5120x1536][683x5120x1536][683x5120x1536][683x5120x1536][683x5120x1536][683x5120x1536][683x5120x1536][683x5120x1536][683x5120x1536][683x5120x1536][682x5120x1536][682x5120x1536][682x5120x1536][682x5120x1536][682x5120x1536][682x5120x1536][682x5120x1536][682x5120x1536][682x5120x1536][682x5120x1536][682x5120x1536][682x5120x1536][682x5120x1536][682x5120x1536][682x5120x1536][682x5120x1536][682x5120x1536][682x5120x1536][682x5120x1536][682x5120x1536][682x5120x1536][682x5120x1536][682x5120x1536][682x5120x1536][682x5120x1536][682x5120x1536][682x5120x1536][682x5120x1536][682x5120x1536][682x5120x1536][682x5120x1536][682x5120x1536]',,tensorop,f32,256,128,64,2,1,1,2,1,1,8,4,1,1,256,128,16,100,110,1711276032,1031463239680,602,0.854061,1866.08,1.20772e+06
1,CUTLASS,grouped_gemm,cutlass3x_sm100_tensorop_gemm_grouped_bf16_bf16_f32_bf16_bf16_256x128x64_2x2x1_0_tnt_align8_2sm_epi_tma,passed,success,grouped,,,,,bf16:row,bf16:column,bf16:row,bf16:row,1,0,invalid,invalid,heuristic,1,false,'[683x5120x1536][683x5120x1536][683x5120x1536][683x5120x1536][683x5120x1536][683x5120x1536][683x5120x1536][683x5120x1536][683x5120x1536][683x5120x1536][683x5120x1536][683x5120x1536][683x5120x1536][683x5120x1536][683x5120x1536][683x5120x1536][683x5120x1536][683x5120x1536][683x5120x1536][683x5120x1536][683x5120x1536][683x5120x1536][683x5120x1536][683x5120x1536][683x5120x1536][683x5120x1536][683x5120x1536][683x5120x1536][683x5120x1536][683x5120x1536][683x5120x1536][683x5120x1536][683x5120x1536][683x5120x1536][683x5120x1536][683x5120x1536][683x5120x1536][683x5120x1536][683x5120x1536][683x5120x1536][683x5120x1536][683x5120x1536][683x5120x1536][683x5120x1536][683x5120x1536][683x5120x1536][683x5120x1536][683x5120x1536][683x5120x1536][683x5120x1536][683x5120x1536][683x5120x1536][683x5120x1536][683x5120x1536][683x5120x1536][683x5120x1536][683x5120x1536][683x5120x1536][683x5120x1536][683x5120x1536][683x5120x1536][683x5120x1536][683x5120x1536][683x5120x1536][682x5120x1536][682x5120x1536][682x5120x1536][682x5120x1536][682x5120x1536][682x5120x1536][682x5120x1536][682x5120x1536][682x5120x1536][682x5120x1536][682x5120x1536][682x5120x1536][682x5120x1536][682x5120x1536][682x5120x1536][682x5120x1536][682x5120x1536][682x5120x1536][682x5120x1536][682x5120x1536][682x5120x1536][682x5120x1536][682x5120x1536][682x5120x1536][682x5120x1536][682x5120x1536][682x5120x1536][682x5120x1536][682x5120x1536][682x5120x1536][682x5120x1536][682x5120x1536]',,tensorop,f32,256,128,64,2,2,1,2,1,1,7,4,1,1,256,128,16,100,110,2382364672,1031463239680,432,0.776416,2857.68,1.32849e+06
1,CUTLASS,grouped_gemm,cutlass3x_sm100_tensorop_gemm_grouped_bf16_bf16_f32_bf16_bf16_256x128x64_2x2x1_0_tnt_align8_stream_k_2sm_epi_tma,passed,success,grouped,,,,,bf16:row,bf16:column,bf16:row,bf16:row,1,0,invalid,invalid,heuristic,1,false,'[683x5120x1536][683x5120x1536][683x5120x1536][683x5120x1536][683x5120x1536][683x5120x1536][683x5120x1536][683x5120x1536][683x5120x1536][683x5120x1536][683x5120x1536][683x5120x1536][683x5120x1536][683x5120x1536][683x5120x1536][683x5120x1536][683x5120x1536][683x5120x1536][683x5120x1536][683x5120x1536][683x5120x1536][683x5120x1536][683x5120x1536][683x5120x1536][683x5120x1536][683x5120x1536][683x5120x1536][683x5120x1536][683x5120x1536][683x5120x1536][683x5120x1536][683x5120x1536][683x5120x1536][683x5120x1536][683x5120x1536][683x5120x1536][683x5120x1536][683x5120x1536][683x5120x1536][683x5120x1536][683x5120x1536][683x5120x1536][683x5120x1536][683x5120x1536][683x5120x1536][683x5120x1536][683x5120x1536][683x5120x1536][683x5120x1536][683x5120x1536][683x5120x1536][683x5120x1536][683x5120x1536][683x5120x1536][683x5120x1536][683x5120x1536][683x5120x1536][683x5120x1536][683x5120x1536][683x5120x1536][683x5120x1536][683x5120x1536][683x5120x1536][683x5120x1536][682x5120x1536][682x5120x1536][682x5120x1536][682x5120x1536][682x5120x1536][682x5120x1536][682x5120x1536][682x5120x1536][682x5120x1536][682x5120x1536][682x5120x1536][682x5120x1536][682x5120x1536][682x5120x1536][682x5120x1536][682x5120x1536][682x5120x1536][682x5120x1536][682x5120x1536][682x5120x1536][682x5120x1536][682x5120x1536][682x5120x1536][682x5120x1536][682x5120x1536][682x5120x1536][682x5120x1536][682x5120x1536][682x5120x1536][682x5120x1536][682x5120x1536][682x5120x1536]',,tensorop,f32,256,128,64,2,2,1,2,1,1,7,4,1,1,256,128,16,100,110,2382364672,1031463239680,432,0.775805,2859.93,1.32954e+06
1,CUTLASS,grouped_gemm,cutlass3x_sm100_tensorop_gemm_grouped_bf16_bf16_f32_void_bf16_256x128x64_2x2x1_0_tnt_align8_2sm_epi_tma,passed,success,grouped,,,,,bf16:row,bf16:column,void:row,bf16:row,1,0,invalid,invalid,heuristic,1,false,'[683x5120x1536][683x5120x1536][683x5120x1536][683x5120x1536][683x5120x1536][683x5120x1536][683x5120x1536][683x5120x1536][683x5120x1536][683x5120x1536][683x5120x1536][683x5120x1536][683x5120x1536][683x5120x1536][683x5120x1536][683x5120x1536][683x5120x1536][683x5120x1536][683x5120x1536][683x5120x1536][683x5120x1536][683x5120x1536][683x5120x1536][683x5120x1536][683x5120x1536][683x5120x1536][683x5120x1536][683x5120x1536][683x5120x1536][683x5120x1536][683x5120x1536][683x5120x1536][683x5120x1536][683x5120x1536][683x5120x1536][683x5120x1536][683x5120x1536][683x5120x1536][683x5120x1536][683x5120x1536][683x5120x1536][683x5120x1536][683x5120x1536][683x5120x1536][683x5120x1536][683x5120x1536][683x5120x1536][683x5120x1536][683x5120x1536][683x5120x1536][683x5120x1536][683x5120x1536][683x5120x1536][683x5120x1536][683x5120x1536][683x5120x1536][683x5120x1536][683x5120x1536][683x5120x1536][683x5120x1536][683x5120x1536][683x5120x1536][683x5120x1536][683x5120x1536][682x5120x1536][682x5120x1536][682x5120x1536][682x5120x1536][682x5120x1536][682x5120x1536][682x5120x1536][682x5120x1536][682x5120x1536][682x5120x1536][682x5120x1536][682x5120x1536][682x5120x1536][682x5120x1536][682x5120x1536][682x5120x1536][682x5120x1536][682x5120x1536][682x5120x1536][682x5120x1536][682x5120x1536][682x5120x1536][682x5120x1536][682x5120x1536][682x5120x1536][682x5120x1536][682x5120x1536][682x5120x1536][682x5120x1536][682x5120x1536][682x5120x1536][682x5120x1536]',,tensorop,f32,256,128,64,2,2,1,2,1,1,8,4,1,1,256,128,16,100,110,1711276032,1031463239680,602,0.741632,2148.98,1.3908e+06
1,CUTLASS,grouped_gemm,cutlass3x_sm100_tensorop_gemm_grouped_bf16_bf16_f32_void_bf16_256x128x64_2x2x1_0_tnt_align8_stream_k_2sm_epi_tma,passed,success,grouped,,,,,bf16:row,bf16:column,void:row,bf16:row,1,0,invalid,invalid,heuristic,1,false,'[683x5120x1536][683x5120x1536][683x5120x1536][683x5120x1536][683x5120x1536][683x5120x1536][683x5120x1536][683x5120x1536][683x5120x1536][683x5120x1536][683x5120x1536][683x5120x1536][683x5120x1536][683x5120x1536][683x5120x1536][683x5120x1536][683x5120x1536][683x5120x1536][683x5120x1536][683x5120x1536][683x5120x1536][683x5120x1536][683x5120x1536][683x5120x1536][683x5120x1536][683x5120x1536][683x5120x1536][683x5120x1536][683x5120x1536][683x5120x1536][683x5120x1536][683x5120x1536][683x5120x1536][683x5120x1536][683x5120x1536][683x5120x1536][683x5120x1536][683x5120x1536][683x5120x1536][683x5120x1536][683x5120x1536][683x5120x1536][683x5120x1536][683x5120x1536][683x5120x1536][683x5120x1536][683x5120x1536][683x5120x1536][683x5120x1536][683x5120x1536][683x5120x1536][683x5120x1536][683x5120x1536][683x5120x1536][683x5120x1536][683x5120x1536][683x5120x1536][683x5120x1536][683x5120x1536][683x5120x1536][683x5120x1536][683x5120x1536][683x5120x1536][683x5120x1536][682x5120x1536][682x5120x1536][682x5120x1536][682x5120x1536][682x5120x1536][682x5120x1536][682x5120x1536][682x5120x1536][682x5120x1536][682x5120x1536][682x5120x1536][682x5120x1536][682x5120x1536][682x5120x1536][682x5120x1536][682x5120x1536][682x5120x1536][682x5120x1536][682x5120x1536][682x5120x1536][682x5120x1536][682x5120x1536][682x5120x1536][682x5120x1536][682x5120x1536][682x5120x1536][682x5120x1536][682x5120x1536][682x5120x1536][682x5120x1536][682x5120x1536][682x5120x1536]',,tensorop,f32,256,128,64,2,2,1,2,1,1,8,4,1,1,256,128,16,100,110,1711276032,1031463239680,602,0.742752,2145.74,1.3887e+06
1,CUTLASS,grouped_gemm,cutlass3x_sm100_tensorop_gemm_grouped_bf16_bf16_f32_bf16_bf16_256x128x64_4x1x1_0_tnt_align8_2sm_epi_tma,passed,success,grouped,,,,,bf16:row,bf16:column,bf16:row,bf16:row,1,0,invalid,invalid,heuristic,1,false,'[683x5120x1536][683x5120x1536][683x5120x1536][683x5120x1536][683x5120x1536][683x5120x1536][683x5120x1536][683x5120x1536][683x5120x1536][683x5120x1536][683x5120x1536][683x5120x1536][683x5120x1536][683x5120x1536][683x5120x1536][683x5120x1536][683x5120x1536][683x5120x1536][683x5120x1536][683x5120x1536][683x5120x1536][683x5120x1536][683x5120x1536][683x5120x1536][683x5120x1536][683x5120x1536][683x5120x1536][683x5120x1536][683x5120x1536][683x5120x1536][683x5120x1536][683x5120x1536][683x5120x1536][683x5120x1536][683x5120x1536][683x5120x1536][683x5120x1536][683x5120x1536][683x5120x1536][683x5120x1536][683x5120x1536][683x5120x1536][683x5120x1536][683x5120x1536][683x5120x1536][683x5120x1536][683x5120x1536][683x5120x1536][683x5120x1536][683x5120x1536][683x5120x1536][683x5120x1536][683x5120x1536][683x5120x1536][683x5120x1536][683x5120x1536][683x5120x1536][683x5120x1536][683x5120x1536][683x5120x1536][683x5120x1536][683x5120x1536][683x5120x1536][683x5120x1536][682x5120x1536][682x5120x1536][682x5120x1536][682x5120x1536][682x5120x1536][682x5120x1536][682x5120x1536][682x5120x1536][682x5120x1536][682x5120x1536][682x5120x1536][682x5120x1536][682x5120x1536][682x5120x1536][682x5120x1536][682x5120x1536][682x5120x1536][682x5120x1536][682x5120x1536][682x5120x1536][682x5120x1536][682x5120x1536][682x5120x1536][682x5120x1536][682x5120x1536][682x5120x1536][682x5120x1536][682x5120x1536][682x5120x1536][682x5120x1536][682x5120x1536][682x5120x1536]',,tensorop,f32,256,128,64,4,1,1,2,1,1,7,4,1,1,256,128,16,100,110,2382364672,1031463239680,432,1.17404,1889.85,878562
1,CUTLASS,grouped_gemm,cutlass3x_sm100_tensorop_gemm_grouped_bf16_bf16_f32_bf16_bf16_256x128x64_4x1x1_0_tnt_align8_stream_k_2sm_epi_tma,passed,success,grouped,,,,,bf16:row,bf16:column,bf16:row,bf16:row,1,0,invalid,invalid,heuristic,1,false,'[683x5120x1536][683x5120x1536][683x5120x1536][683x5120x1536][683x5120x1536][683x5120x1536][683x5120x1536][683x5120x1536][683x5120x1536][683x5120x1536][683x5120x1536][683x5120x1536][683x5120x1536][683x5120x1536][683x5120x1536][683x5120x1536][683x5120x1536][683x5120x1536][683x5120x1536][683x5120x1536][683x5120x1536][683x5120x1536][683x5120x1536][683x5120x1536][683x5120x1536][683x5120x1536][683x5120x1536][683x5120x1536][683x5120x1536][683x5120x1536][683x5120x1536][683x5120x1536][683x5120x1536][683x5120x1536][683x5120x1536][683x5120x1536][683x5120x1536][683x5120x1536][683x5120x1536][683x5120x1536][683x5120x1536][683x5120x1536][683x5120x1536][683x5120x1536][683x5120x1536][683x5120x1536][683x5120x1536][683x5120x1536][683x5120x1536][683x5120x1536][683x5120x1536][683x5120x1536][683x5120x1536][683x5120x1536][683x5120x1536][683x5120x1536][683x5120x1536][683x5120x1536][683x5120x1536][683x5120x1536][683x5120x1536][683x5120x1536][683x5120x1536][683x5120x1536][682x5120x1536][682x5120x1536][682x5120x1536][682x5120x1536][682x5120x1536][682x5120x1536][682x5120x1536][682x5120x1536][682x5120x1536][682x5120x1536][682x5120x1536][682x5120x1536][682x5120x1536][682x5120x1536][682x5120x1536][682x5120x1536][682x5120x1536][682x5120x1536][682x5120x1536][682x5120x1536][682x5120x1536][682x5120x1536][682x5120x1536][682x5120x1536][682x5120x1536][682x5120x1536][682x5120x1536][682x5120x1536][682x5120x1536][682x5120x1536][682x5120x1536][682x5120x1536]',,tensorop,f32,256,128,64,4,1,1,2,1,1,7,4,1,1,256,128,16,100,110,2382364672,1031463239680,432,1.18036,1879.73,873856
1,CUTLASS,grouped_gemm,cutlass3x_sm100_tensorop_gemm_grouped_bf16_bf16_f32_void_bf16_256x128x64_4x1x1_0_tnt_align8_2sm_epi_tma,passed,success,grouped,,,,,bf16:row,bf16:column,void:row,bf16:row,1,0,invalid,invalid,heuristic,1,false,'[683x5120x1536][683x5120x1536][683x5120x1536][683x5120x1536][683x5120x1536][683x5120x1536][683x5120x1536][683x5120x1536][683x5120x1536][683x5120x1536][683x5120x1536][683x5120x1536][683x5120x1536][683x5120x1536][683x5120x1536][683x5120x1536][683x5120x1536][683x5120x1536][683x5120x1536][683x5120x1536][683x5120x1536][683x5120x1536][683x5120x1536][683x5120x1536][683x5120x1536][683x5120x1536][683x5120x1536][683x5120x1536][683x5120x1536][683x5120x1536][683x5120x1536][683x5120x1536][683x5120x1536][683x5120x1536][683x5120x1536][683x5120x1536][683x5120x1536][683x5120x1536][683x5120x1536][683x5120x1536][683x5120x1536][683x5120x1536][683x5120x1536][683x5120x1536][683x5120x1536][683x5120x1536][683x5120x1536][683x5120x1536][683x5120x1536][683x5120x1536][683x5120x1536][683x5120x1536][683x5120x1536][683x5120x1536][683x5120x1536][683x5120x1536][683x5120x1536][683x5120x1536][683x5120x1536][683x5120x1536][683x5120x1536][683x5120x1536][683x5120x1536][683x5120x1536][682x5120x1536][682x5120x1536][682x5120x1536][682x5120x1536][682x5120x1536][682x5120x1536][682x5120x1536][682x5120x1536][682x5120x1536][682x5120x1536][682x5120x1536][682x5120x1536][682x5120x1536][682x5120x1536][682x5120x1536][682x5120x1536][682x5120x1536][682x5120x1536][682x5120x1536][682x5120x1536][682x5120x1536][682x5120x1536][682x5120x1536][682x5120x1536][682x5120x1536][682x5120x1536][682x5120x1536][682x5120x1536][682x5120x1536][682x5120x1536][682x5120x1536][682x5120x1536]',,tensorop,f32,256,128,64,4,1,1,2,1,1,8,4,1,1,256,128,16,100,110,1711276032,1031463239680,602,1.1339,1405.55,909662
1,CUTLASS,grouped_gemm,cutlass3x_sm100_tensorop_gemm_grouped_bf16_bf16_f32_void_bf16_256x128x64_4x1x1_0_tnt_align8_stream_k_2sm_epi_tma,passed,success,grouped,,,,,bf16:row,bf16:column,void:row,bf16:row,1,0,invalid,invalid,heuristic,1,false,'[683x5120x1536][683x5120x1536][683x5120x1536][683x5120x1536][683x5120x1536][683x5120x1536][683x5120x1536][683x5120x1536][683x5120x1536][683x5120x1536][683x5120x1536][683x5120x1536][683x5120x1536][683x5120x1536][683x5120x1536][683x5120x1536][683x5120x1536][683x5120x1536][683x5120x1536][683x5120x1536][683x5120x1536][683x5120x1536][683x5120x1536][683x5120x1536][683x5120x1536][683x5120x1536][683x5120x1536][683x5120x1536][683x5120x1536][683x5120x1536][683x5120x1536][683x5120x1536][683x5120x1536][683x5120x1536][683x5120x1536][683x5120x1536][683x5120x1536][683x5120x1536][683x5120x1536][683x5120x1536][683x5120x1536][683x5120x1536][683x5120x1536][683x5120x1536][683x5120x1536][683x5120x1536][683x5120x1536][683x5120x1536][683x5120x1536][683x5120x1536][683x5120x1536][683x5120x1536][683x5120x1536][683x5120x1536][683x5120x1536][683x5120x1536][683x5120x1536][683x5120x1536][683x5120x1536][683x5120x1536][683x5120x1536][683x5120x1536][683x5120x1536][683x5120x1536][682x5120x1536][682x5120x1536][682x5120x1536][682x5120x1536][682x5120x1536][682x5120x1536][682x5120x1536][682x5120x1536][682x5120x1536][682x5120x1536][682x5120x1536][682x5120x1536][682x5120x1536][682x5120x1536][682x5120x1536][682x5120x1536][682x5120x1536][682x5120x1536][682x5120x1536][682x5120x1536][682x5120x1536][682x5120x1536][682x5120x1536][682x5120x1536][682x5120x1536][682x5120x1536][682x5120x1536][682x5120x1536][682x5120x1536][682x5120x1536][682x5120x1536][682x5120x1536]',,tensorop,f32,256,128,64,4,1,1,2,1,1,8,4,1,1,256,128,16,100,110,1711276032,1031463239680,602,1.13433,1405.01,909315
1,CUTLASS,grouped_gemm,cutlass3x_sm100_tensorop_gemm_grouped_bf16_bf16_f32_bf16_bf16_256x128x64_2x4x1_0_tnt_align8_2sm_epi_tma,passed,success,grouped,,,,,bf16:row,bf16:column,bf16:row,bf16:row,1,0,invalid,invalid,heuristic,1,false,'[683x5120x1536][683x5120x1536][683x5120x1536][683x5120x1536][683x5120x1536][683x5120x1536][683x5120x1536][683x5120x1536][683x5120x1536][683x5120x1536][683x5120x1536][683x5120x1536][683x5120x1536][683x5120x1536][683x5120x1536][683x5120x1536][683x5120x1536][683x5120x1536][683x5120x1536][683x5120x1536][683x5120x1536][683x5120x1536][683x5120x1536][683x5120x1536][683x5120x1536][683x5120x1536][683x5120x1536][683x5120x1536][683x5120x1536][683x5120x1536][683x5120x1536][683x5120x1536][683x5120x1536][683x5120x1536][683x5120x1536][683x5120x1536][683x5120x1536][683x5120x1536][683x5120x1536][683x5120x1536][683x5120x1536][683x5120x1536][683x5120x1536][683x5120x1536][683x5120x1536][683x5120x1536][683x5120x1536][683x5120x1536][683x5120x1536][683x5120x1536][683x5120x1536][683x5120x1536][683x5120x1536][683x5120x1536][683x5120x1536][683x5120x1536][683x5120x1536][683x5120x1536][683x5120x1536][683x5120x1536][683x5120x1536][683x5120x1536][683x5120x1536][683x5120x1536][682x5120x1536][682x5120x1536][682x5120x1536][682x5120x1536][682x5120x1536][682x5120x1536][682x5120x1536][682x5120x1536][682x5120x1536][682x5120x1536][682x5120x1536][682x5120x1536][682x5120x1536][682x5120x1536][682x5120x1536][682x5120x1536][682x5120x1536][682x5120x1536][682x5120x1536][682x5120x1536][682x5120x1536][682x5120x1536][682x5120x1536][682x5120x1536][682x5120x1536][682x5120x1536][682x5120x1536][682x5120x1536][682x5120x1536][682x5120x1536][682x5120x1536][682x5120x1536]',,tensorop,f32,256,128,64,2,4,1,2,1,1,7,4,1,1,256,128,16,100,110,2382364672,1031463239680,432,0.933187,2377.6,1.10531e+06
1,CUTLASS,grouped_gemm,cutlass3x_sm100_tensorop_gemm_grouped_bf16_bf16_f32_bf16_bf16_256x128x64_2x4x1_0_tnt_align8_stream_k_2sm_epi_tma,passed,success,grouped,,,,,bf16:row,bf16:column,bf16:row,bf16:row,1,0,invalid,invalid,heuristic,1,false,'[683x5120x1536][683x5120x1536][683x5120x1536][683x5120x1536][683x5120x1536][683x5120x1536][683x5120x1536][683x5120x1536][683x5120x1536][683x5120x1536][683x5120x1536][683x5120x1536][683x5120x1536][683x5120x1536][683x5120x1536][683x5120x1536][683x5120x1536][683x5120x1536][683x5120x1536][683x5120x1536][683x5120x1536][683x5120x1536][683x5120x1536][683x5120x1536][683x5120x1536][683x5120x1536][683x5120x1536][683x5120x1536][683x5120x1536][683x5120x1536][683x5120x1536][683x5120x1536][683x5120x1536][683x5120x1536][683x5120x1536][683x5120x1536][683x5120x1536][683x5120x1536][683x5120x1536][683x5120x1536][683x5120x1536][683x5120x1536][683x5120x1536][683x5120x1536][683x5120x1536][683x5120x1536][683x5120x1536][683x5120x1536][683x5120x1536][683x5120x1536][683x5120x1536][683x5120x1536][683x5120x1536][683x5120x1536][683x5120x1536][683x5120x1536][683x5120x1536][683x5120x1536][683x5120x1536][683x5120x1536][683x5120x1536][683x5120x1536][683x5120x1536][683x5120x1536][682x5120x1536][682x5120x1536][682x5120x1536][682x5120x1536][682x5120x1536][682x5120x1536][682x5120x1536][682x5120x1536][682x5120x1536][682x5120x1536][682x5120x1536][682x5120x1536][682x5120x1536][682x5120x1536][682x5120x1536][682x5120x1536][682x5120x1536][682x5120x1536][682x5120x1536][682x5120x1536][682x5120x1536][682x5120x1536][682x5120x1536][682x5120x1536][682x5120x1536][682x5120x1536][682x5120x1536][682x5120x1536][682x5120x1536][682x5120x1536][682x5120x1536][682x5120x1536]',,tensorop,f32,256,128,64,2,4,1,2,1,1,7,4,1,1,256,128,16,100,110,2382364672,1031463239680,432,0.931171,2382.75,1.10771e+06
1,CUTLASS,grouped_gemm,cutlass3x_sm100_tensorop_gemm_grouped_bf16_bf16_f32_void_bf16_256x128x64_2x4x1_0_tnt_align8_2sm_epi_tma,passed,success,grouped,,,,,bf16:row,bf16:column,void:row,bf16:row,1,0,invalid,invalid,heuristic,1,false,'[683x5120x1536][683x5120x1536][683x5120x1536][683x5120x1536][683x5120x1536][683x5120x1536][683x5120x1536][683x5120x1536][683x5120x1536][683x5120x1536][683x5120x1536][683x5120x1536][683x5120x1536][683x5120x1536][683x5120x1536][683x5120x1536][683x5120x1536][683x5120x1536][683x5120x1536][683x5120x1536][683x5120x1536][683x5120x1536][683x5120x1536][683x5120x1536][683x5120x1536][683x5120x1536][683x5120x1536][683x5120x1536][683x5120x1536][683x5120x1536][683x5120x1536][683x5120x1536][683x5120x1536][683x5120x1536][683x5120x1536][683x5120x1536][683x5120x1536][683x5120x1536][683x5120x1536][683x5120x1536][683x5120x1536][683x5120x1536][683x5120x1536][683x5120x1536][683x5120x1536][683x5120x1536][683x5120x1536][683x5120x1536][683x5120x1536][683x5120x1536][683x5120x1536][683x5120x1536][683x5120x1536][683x5120x1536][683x5120x1536][683x5120x1536][683x5120x1536][683x5120x1536][683x5120x1536][683x5120x1536][683x5120x1536][683x5120x1536][683x5120x1536][683x5120x1536][682x5120x1536][682x5120x1536][682x5120x1536][682x5120x1536][682x5120x1536][682x5120x1536][682x5120x1536][682x5120x1536][682x5120x1536][682x5120x1536][682x5120x1536][682x5120x1536][682x5120x1536][682x5120x1536][682x5120x1536][682x5120x1536][682x5120x1536][682x5120x1536][682x5120x1536][682x5120x1536][682x5120x1536][682x5120x1536][682x5120x1536][682x5120x1536][682x5120x1536][682x5120x1536][682x5120x1536][682x5120x1536][682x5120x1536][682x5120x1536][682x5120x1536][682x5120x1536]',,tensorop,f32,256,128,64,2,4,1,2,1,1,8,4,1,1,256,128,16,100,110,1711276032,1031463239680,602,0.870109,1831.67,1.18544e+06
1,CUTLASS,grouped_gemm,cutlass3x_sm100_tensorop_gemm_grouped_bf16_bf16_f32_void_bf16_256x128x64_2x4x1_0_tnt_align8_stream_k_2sm_epi_tma,passed,success,grouped,,,,,bf16:row,bf16:column,void:row,bf16:row,1,0,invalid,invalid,heuristic,1,false,'[683x5120x1536][683x5120x1536][683x5120x1536][683x5120x1536][683x5120x1536][683x5120x1536][683x5120x1536][683x5120x1536][683x5120x1536][683x5120x1536][683x5120x1536][683x5120x1536][683x5120x1536][683x5120x1536][683x5120x1536][683x5120x1536][683x5120x1536][683x5120x1536][683x5120x1536][683x5120x1536][683x5120x1536][683x5120x1536][683x5120x1536][683x5120x1536][683x5120x1536][683x5120x1536][683x5120x1536][683x5120x1536][683x5120x1536][683x5120x1536][683x5120x1536][683x5120x1536][683x5120x1536][683x5120x1536][683x5120x1536][683x5120x1536][683x5120x1536][683x5120x1536][683x5120x1536][683x5120x1536][683x5120x1536][683x5120x1536][683x5120x1536][683x5120x1536][683x5120x1536][683x5120x1536][683x5120x1536][683x5120x1536][683x5120x1536][683x5120x1536][683x5120x1536][683x5120x1536][683x5120x1536][683x5120x1536][683x5120x1536][683x5120x1536][683x5120x1536][683x5120x1536][683x5120x1536][683x5120x1536][683x5120x1536][683x5120x1536][683x5120x1536][683x5120x1536][682x5120x1536][682x5120x1536][682x5120x1536][682x5120x1536][682x5120x1536][682x5120x1536][682x5120x1536][682x5120x1536][682x5120x1536][682x5120x1536][682x5120x1536][682x5120x1536][682x5120x1536][682x5120x1536][682x5120x1536][682x5120x1536][682x5120x1536][682x5120x1536][682x5120x1536][682x5120x1536][682x5120x1536][682x5120x1536][682x5120x1536][682x5120x1536][682x5120x1536][682x5120x1536][682x5120x1536][682x5120x1536][682x5120x1536][682x5120x1536][682x5120x1536][682x5120x1536]',,tensorop,f32,256,128,64,2,4,1,2,1,1,8,4,1,1,256,128,16,100,110,1711276032,1031463239680,602,0.869907,1832.09,1.18572e+06
1,CUTLASS,grouped_gemm,cutlass3x_sm100_tensorop_gemm_grouped_bf16_bf16_f32_bf16_bf16_256x128x64_4x2x1_0_tnt_align8_2sm_epi_tma,passed,success,grouped,,,,,bf16:row,bf16:column,bf16:row,bf16:row,1,0,invalid,invalid,heuristic,1,false,'[683x5120x1536][683x5120x1536][683x5120x1536][683x5120x1536][683x5120x1536][683x5120x1536][683x5120x1536][683x5120x1536][683x5120x1536][683x5120x1536][683x5120x1536][683x5120x1536][683x5120x1536][683x5120x1536][683x5120x1536][683x5120x1536][683x5120x1536][683x5120x1536][683x5120x1536][683x5120x1536][683x5120x1536][683x5120x1536][683x5120x1536][683x5120x1536][683x5120x1536][683x5120x1536][683x5120x1536][683x5120x1536][683x5120x1536][683x5120x1536][683x5120x1536][683x5120x1536][683x5120x1536][683x5120x1536][683x5120x1536][683x5120x1536][683x5120x1536][683x5120x1536][683x5120x1536][683x5120x1536][683x5120x1536][683x5120x1536][683x5120x1536][683x5120x1536][683x5120x1536][683x5120x1536][683x5120x1536][683x5120x1536][683x5120x1536][683x5120x1536][683x5120x1536][683x5120x1536][683x5120x1536][683x5120x1536][683x5120x1536][683x5120x1536][683x5120x1536][683x5120x1536][683x5120x1536][683x5120x1536][683x5120x1536][683x5120x1536][683x5120x1536][683x5120x1536][682x5120x1536][682x5120x1536][682x5120x1536][682x5120x1536][682x5120x1536][682x5120x1536][682x5120x1536][682x5120x1536][682x5120x1536][682x5120x1536][682x5120x1536][682x5120x1536][682x5120x1536][682x5120x1536][682x5120x1536][682x5120x1536][682x5120x1536][682x5120x1536][682x5120x1536][682x5120x1536][682x5120x1536][682x5120x1536][682x5120x1536][682x5120x1536][682x5120x1536][682x5120x1536][682x5120x1536][682x5120x1536][682x5120x1536][682x5120x1536][682x5120x1536][682x5120x1536]',,tensorop,f32,256,128,64,4,2,1,2,1,1,7,4,1,1,256,128,16,100,110,2382364672,1031463239680,432,1.18973,1864.92,866972
1,CUTLASS,grouped_gemm,cutlass3x_sm100_tensorop_gemm_grouped_bf16_bf16_f32_bf16_bf16_256x128x64_4x2x1_0_tnt_align8_stream_k_2sm_epi_tma,passed,success,grouped,,,,,bf16:row,bf16:column,bf16:row,bf16:row,1,0,invalid,invalid,heuristic,1,false,'[683x5120x1536][683x5120x1536][683x5120x1536][683x5120x1536][683x5120x1536][683x5120x1536][683x5120x1536][683x5120x1536][683x5120x1536][683x5120x1536][683x5120x1536][683x5120x1536][683x5120x1536][683x5120x1536][683x5120x1536][683x5120x1536][683x5120x1536][683x5120x1536][683x5120x1536][683x5120x1536][683x5120x1536][683x5120x1536][683x5120x1536][683x5120x1536][683x5120x1536][683x5120x1536][683x5120x1536][683x5120x1536][683x5120x1536][683x5120x1536][683x5120x1536][683x5120x1536][683x5120x1536][683x5120x1536][683x5120x1536][683x5120x1536][683x5120x1536][683x5120x1536][683x5120x1536][683x5120x1536][683x5120x1536][683x5120x1536][683x5120x1536][683x5120x1536][683x5120x1536][683x5120x1536][683x5120x1536][683x5120x1536][683x5120x1536][683x5120x1536][683x5120x1536][683x5120x1536][683x5120x1536][683x5120x1536][683x5120x1536][683x5120x1536][683x5120x1536][683x5120x1536][683x5120x1536][683x5120x1536][683x5120x1536][683x5120x1536][683x5120x1536][683x5120x1536][682x5120x1536][682x5120x1536][682x5120x1536][682x5120x1536][682x5120x1536][682x5120x1536][682x5120x1536][682x5120x1536][682x5120x1536][682x5120x1536][682x5120x1536][682x5120x1536][682x5120x1536][682x5120x1536][682x5120x1536][682x5120x1536][682x5120x1536][682x5120x1536][682x5120x1536][682x5120x1536][682x5120x1536][682x5120x1536][682x5120x1536][682x5120x1536][682x5120x1536][682x5120x1536][682x5120x1536][682x5120x1536][682x5120x1536][682x5120x1536][682x5120x1536][682x5120x1536]',,tensorop,f32,256,128,64,4,2,1,2,1,1,7,4,1,1,256,128,16,100,110,2382364672,1031463239680,432,1.19144,1862.24,865726
1,CUTLASS,grouped_gemm,cutlass3x_sm100_tensorop_gemm_grouped_bf16_bf16_f32_void_bf16_256x128x64_4x2x1_0_tnt_align8_2sm_epi_tma,passed,success,grouped,,,,,bf16:row,bf16:column,void:row,bf16:row,1,0,invalid,invalid,heuristic,1,false,'[683x5120x1536][683x5120x1536][683x5120x1536][683x5120x1536][683x5120x1536][683x5120x1536][683x5120x1536][683x5120x1536][683x5120x1536][683x5120x1536][683x5120x1536][683x5120x1536][683x5120x1536][683x5120x1536][683x5120x1536][683x5120x1536][683x5120x1536][683x5120x1536][683x5120x1536][683x5120x1536][683x5120x1536][683x5120x1536][683x5120x1536][683x5120x1536][683x5120x1536][683x5120x1536][683x5120x1536][683x5120x1536][683x5120x1536][683x5120x1536][683x5120x1536][683x5120x1536][683x5120x1536][683x5120x1536][683x5120x1536][683x5120x1536][683x5120x1536][683x5120x1536][683x5120x1536][683x5120x1536][683x5120x1536][683x5120x1536][683x5120x1536][683x5120x1536][683x5120x1536][683x5120x1536][683x5120x1536][683x5120x1536][683x5120x1536][683x5120x1536][683x5120x1536][683x5120x1536][683x5120x1536][683x5120x1536][683x5120x1536][683x5120x1536][683x5120x1536][683x5120x1536][683x5120x1536][683x5120x1536][683x5120x1536][683x5120x1536][683x5120x1536][683x5120x1536][682x5120x1536][682x5120x1536][682x5120x1536][682x5120x1536][682x5120x1536][682x5120x1536][682x5120x1536][682x5120x1536][682x5120x1536][682x5120x1536][682x5120x1536][682x5120x1536][682x5120x1536][682x5120x1536][682x5120x1536][682x5120x1536][682x5120x1536][682x5120x1536][682x5120x1536][682x5120x1536][682x5120x1536][682x5120x1536][682x5120x1536][682x5120x1536][682x5120x1536][682x5120x1536][682x5120x1536][682x5120x1536][682x5120x1536][682x5120x1536][682x5120x1536][682x5120x1536]',,tensorop,f32,256,128,64,4,2,1,2,1,1,8,4,1,1,256,128,16,100,110,1711276032,1031463239680,602,1.11823,1425.24,922407
1,CUTLASS,grouped_gemm,cutlass3x_sm100_tensorop_gemm_grouped_bf16_bf16_f32_void_bf16_256x128x64_4x2x1_0_tnt_align8_stream_k_2sm_epi_tma,passed,success,grouped,,,,,bf16:row,bf16:column,void:row,bf16:row,1,0,invalid,invalid,heuristic,1,false,'[683x5120x1536][683x5120x1536][683x5120x1536][683x5120x1536][683x5120x1536][683x5120x1536][683x5120x1536][683x5120x1536][683x5120x1536][683x5120x1536][683x5120x1536][683x5120x1536][683x5120x1536][683x5120x1536][683x5120x1536][683x5120x1536][683x5120x1536][683x5120x1536][683x5120x1536][683x5120x1536][683x5120x1536][683x5120x1536][683x5120x1536][683x5120x1536][683x5120x1536][683x5120x1536][683x5120x1536][683x5120x1536][683x5120x1536][683x5120x1536][683x5120x1536][683x5120x1536][683x5120x1536][683x5120x1536][683x5120x1536][683x5120x1536][683x5120x1536][683x5120x1536][683x5120x1536][683x5120x1536][683x5120x1536][683x5120x1536][683x5120x1536][683x5120x1536][683x5120x1536][683x5120x1536][683x5120x1536][683x5120x1536][683x5120x1536][683x5120x1536][683x5120x1536][683x5120x1536][683x5120x1536][683x5120x1536][683x5120x1536][683x5120x1536][683x5120x1536][683x5120x1536][683x5120x1536][683x5120x1536][683x5120x1536][683x5120x1536][683x5120x1536][683x5120x1536][682x5120x1536][682x5120x1536][682x5120x1536][682x5120x1536][682x5120x1536][682x5120x1536][682x5120x1536][682x5120x1536][682x5120x1536][682x5120x1536][682x5120x1536][682x5120x1536][682x5120x1536][682x5120x1536][682x5120x1536][682x5120x1536][682x5120x1536][682x5120x1536][682x5120x1536][682x5120x1536][682x5120x1536][682x5120x1536][682x5120x1536][682x5120x1536][682x5120x1536][682x5120x1536][682x5120x1536][682x5120x1536][682x5120x1536][682x5120x1536][682x5120x1536][682x5120x1536]',,tensorop,f32,256,128,64,4,2,1,2,1,1,8,4,1,1,256,128,16,100,110,1711276032,1031463239680,602,1.11843,1424.99,922240
1,CUTLASS,grouped_gemm,cutlass3x_sm100_tensorop_gemm_grouped_bf16_bf16_f32_bf16_bf16_256x128x64_4x4x1_0_tnt_align8_2sm_epi_tma,passed,success,grouped,,,,,bf16:row,bf16:column,bf16:row,bf16:row,1,0,invalid,invalid,heuristic,1,false,'[683x5120x1536][683x5120x1536][683x5120x1536][683x5120x1536][683x5120x1536][683x5120x1536][683x5120x1536][683x5120x1536][683x5120x1536][683x5120x1536][683x5120x1536][683x5120x1536][683x5120x1536][683x5120x1536][683x5120x1536][683x5120x1536][683x5120x1536][683x5120x1536][683x5120x1536][683x5120x1536][683x5120x1536][683x5120x1536][683x5120x1536][683x5120x1536][683x5120x1536][683x5120x1536][683x5120x1536][683x5120x1536][683x5120x1536][683x5120x1536][683x5120x1536][683x5120x1536][683x5120x1536][683x5120x1536][683x5120x1536][683x5120x1536][683x5120x1536][683x5120x1536][683x5120x1536][683x5120x1536][683x5120x1536][683x5120x1536][683x5120x1536][683x5120x1536][683x5120x1536][683x5120x1536][683x5120x1536][683x5120x1536][683x5120x1536][683x5120x1536][683x5120x1536][683x5120x1536][683x5120x1536][683x5120x1536][683x5120x1536][683x5120x1536][683x5120x1536][683x5120x1536][683x5120x1536][683x5120x1536][683x5120x1536][683x5120x1536][683x5120x1536][683x5120x1536][682x5120x1536][682x5120x1536][682x5120x1536][682x5120x1536][682x5120x1536][682x5120x1536][682x5120x1536][682x5120x1536][682x5120x1536][682x5120x1536][682x5120x1536][682x5120x1536][682x5120x1536][682x5120x1536][682x5120x1536][682x5120x1536][682x5120x1536][682x5120x1536][682x5120x1536][682x5120x1536][682x5120x1536][682x5120x1536][682x5120x1536][682x5120x1536][682x5120x1536][682x5120x1536][682x5120x1536][682x5120x1536][682x5120x1536][682x5120x1536][682x5120x1536][682x5120x1536]',,tensorop,f32,256,128,64,4,4,1,2,1,1,7,4,1,1,256,128,16,100,110,2382364672,1031463239680,432,1.25557,1767.12,821509
1,CUTLASS,grouped_gemm,cutlass3x_sm100_tensorop_gemm_grouped_bf16_bf16_f32_bf16_bf16_256x128x64_4x4x1_0_tnt_align8_stream_k_2sm_epi_tma,passed,success,grouped,,,,,bf16:row,bf16:column,bf16:row,bf16:row,1,0,invalid,invalid,heuristic,1,false,'[683x5120x1536][683x5120x1536][683x5120x1536][683x5120x1536][683x5120x1536][683x5120x1536][683x5120x1536][683x5120x1536][683x5120x1536][683x5120x1536][683x5120x1536][683x5120x1536][683x5120x1536][683x5120x1536][683x5120x1536][683x5120x1536][683x5120x1536][683x5120x1536][683x5120x1536][683x5120x1536][683x5120x1536][683x5120x1536][683x5120x1536][683x5120x1536][683x5120x1536][683x5120x1536][683x5120x1536][683x5120x1536][683x5120x1536][683x5120x1536][683x5120x1536][683x5120x1536][683x5120x1536][683x5120x1536][683x5120x1536][683x5120x1536][683x5120x1536][683x5120x1536][683x5120x1536][683x5120x1536][683x5120x1536][683x5120x1536][683x5120x1536][683x5120x1536][683x5120x1536][683x5120x1536][683x5120x1536][683x5120x1536][683x5120x1536][683x5120x1536][683x5120x1536][683x5120x1536][683x5120x1536][683x5120x1536][683x5120x1536][683x5120x1536][683x5120x1536][683x5120x1536][683x5120x1536][683x5120x1536][683x5120x1536][683x5120x1536][683x5120x1536][683x5120x1536][682x5120x1536][682x5120x1536][682x5120x1536][682x5120x1536][682x5120x1536][682x5120x1536][682x5120x1536][682x5120x1536][682x5120x1536][682x5120x1536][682x5120x1536][682x5120x1536][682x5120x1536][682x5120x1536][682x5120x1536][682x5120x1536][682x5120x1536][682x5120x1536][682x5120x1536][682x5120x1536][682x5120x1536][682x5120x1536][682x5120x1536][682x5120x1536][682x5120x1536][682x5120x1536][682x5120x1536][682x5120x1536][682x5120x1536][682x5120x1536][682x5120x1536][682x5120x1536]',,tensorop,f32,256,128,64,4,4,1,2,1,1,7,4,1,1,256,128,16,100,110,2382364672,1031463239680,432,1.26189,1758.27,817393
1,CUTLASS,grouped_gemm,cutlass3x_sm100_tensorop_gemm_grouped_bf16_bf16_f32_void_bf16_256x128x64_4x4x1_0_tnt_align8_2sm_epi_tma,passed,success,grouped,,,,,bf16:row,bf16:column,void:row,bf16:row,1,0,invalid,invalid,heuristic,1,false,'[683x5120x1536][683x5120x1536][683x5120x1536][683x5120x1536][683x5120x1536][683x5120x1536][683x5120x1536][683x5120x1536][683x5120x1536][683x5120x1536][683x5120x1536][683x5120x1536][683x5120x1536][683x5120x1536][683x5120x1536][683x5120x1536][683x5120x1536][683x5120x1536][683x5120x1536][683x5120x1536][683x5120x1536][683x5120x1536][683x5120x1536][683x5120x1536][683x5120x1536][683x5120x1536][683x5120x1536][683x5120x1536][683x5120x1536][683x5120x1536][683x5120x1536][683x5120x1536][683x5120x1536][683x5120x1536][683x5120x1536][683x5120x1536][683x5120x1536][683x5120x1536][683x5120x1536][683x5120x1536][683x5120x1536][683x5120x1536][683x5120x1536][683x5120x1536][683x5120x1536][683x5120x1536][683x5120x1536][683x5120x1536][683x5120x1536][683x5120x1536][683x5120x1536][683x5120x1536][683x5120x1536][683x5120x1536][683x5120x1536][683x5120x1536][683x5120x1536][683x5120x1536][683x5120x1536][683x5120x1536][683x5120x1536][683x5120x1536][683x5120x1536][683x5120x1536][682x5120x1536][682x5120x1536][682x5120x1536][682x5120x1536][682x5120x1536][682x5120x1536][682x5120x1536][682x5120x1536][682x5120x1536][682x5120x1536][682x5120x1536][682x5120x1536][682x5120x1536][682x5120x1536][682x5120x1536][682x5120x1536][682x5120x1536][682x5120x1536][682x5120x1536][682x5120x1536][682x5120x1536][682x5120x1536][682x5120x1536][682x5120x1536][682x5120x1536][682x5120x1536][682x5120x1536][682x5120x1536][682x5120x1536][682x5120x1536][682x5120x1536][682x5120x1536]',,tensorop,f32,256,128,64,4,4,1,2,1,1,8,4,1,1,256,128,16,100,110,1711276032,1031463239680,602,1.16871,1363.68,882565
1,CUTLASS,grouped_gemm,cutlass3x_sm100_tensorop_gemm_grouped_bf16_bf16_f32_void_bf16_256x128x64_4x4x1_0_tnt_align8_stream_k_2sm_epi_tma,passed,success,grouped,,,,,bf16:row,bf16:column,void:row,bf16:row,1,0,invalid,invalid,heuristic,1,false,'[683x5120x1536][683x5120x1536][683x5120x1536][683x5120x1536][683x5120x1536][683x5120x1536][683x5120x1536][683x5120x1536][683x5120x1536][683x5120x1536][683x5120x1536][683x5120x1536][683x5120x1536][683x5120x1536][683x5120x1536][683x5120x1536][683x5120x1536][683x5120x1536][683x5120x1536][683x5120x1536][683x5120x1536][683x5120x1536][683x5120x1536][683x5120x1536][683x5120x1536][683x5120x1536][683x5120x1536][683x5120x1536][683x5120x1536][683x5120x1536][683x5120x1536][683x5120x1536][683x5120x1536][683x5120x1536][683x5120x1536][683x5120x1536][683x5120x1536][683x5120x1536][683x5120x1536][683x5120x1536][683x5120x1536][683x5120x1536][683x5120x1536][683x5120x1536][683x5120x1536][683x5120x1536][683x5120x1536][683x5120x1536][683x5120x1536][683x5120x1536][683x5120x1536][683x5120x1536][683x5120x1536][683x5120x1536][683x5120x1536][683x5120x1536][683x5120x1536][683x5120x1536][683x5120x1536][683x5120x1536][683x5120x1536][683x5120x1536][683x5120x1536][683x5120x1536][682x5120x1536][682x5120x1536][682x5120x1536][682x5120x1536][682x5120x1536][682x5120x1536][682x5120x1536][682x5120x1536][682x5120x1536][682x5120x1536][682x5120x1536][682x5120x1536][682x5120x1536][682x5120x1536][682x5120x1536][682x5120x1536][682x5120x1536][682x5120x1536][682x5120x1536][682x5120x1536][682x5120x1536][682x5120x1536][682x5120x1536][682x5120x1536][682x5120x1536][682x5120x1536][682x5120x1536][682x5120x1536][682x5120x1536][682x5120x1536][682x5120x1536][682x5120x1536]',,tensorop,f32,256,128,64,4,4,1,2,1,1,8,4,1,1,256,128,16,100,110,1711276032,1031463239680,602,1.16851,1363.92,882718
1,CUTLASS,grouped_gemm,cutlass3x_sm100_tensorop_gemm_grouped_bf16_bf16_f32_f32_f32_256x256x64_0x0x1_0_tnt_align8_2sm_epi_tma,passed,success,grouped,,,,,bf16:row,bf16:column,f32:row,f32:row,1,0,invalid,invalid,heuristic,1,false,'[683x5120x1536][683x5120x1536][683x5120x1536][683x5120x1536][683x5120x1536][683x5120x1536][683x5120x1536][683x5120x1536][683x5120x1536][683x5120x1536][683x5120x1536][683x5120x1536][683x5120x1536][683x5120x1536][683x5120x1536][683x5120x1536][683x5120x1536][683x5120x1536][683x5120x1536][683x5120x1536][683x5120x1536][683x5120x1536][683x5120x1536][683x5120x1536][683x5120x1536][683x5120x1536][683x5120x1536][683x5120x1536][683x5120x1536][683x5120x1536][683x5120x1536][683x5120x1536][683x5120x1536][683x5120x1536][683x5120x1536][683x5120x1536][683x5120x1536][683x5120x1536][683x5120x1536][683x5120x1536][683x5120x1536][683x5120x1536][683x5120x1536][683x5120x1536][683x5120x1536][683x5120x1536][683x5120x1536][683x5120x1536][683x5120x1536][683x5120x1536][683x5120x1536][683x5120x1536][683x5120x1536][683x5120x1536][683x5120x1536][683x5120x1536][683x5120x1536][683x5120x1536][683x5120x1536][683x5120x1536][683x5120x1536][683x5120x1536][683x5120x1536][683x5120x1536][682x5120x1536][682x5120x1536][682x5120x1536][682x5120x1536][682x5120x1536][682x5120x1536][682x5120x1536][682x5120x1536][682x5120x1536][682x5120x1536][682x5120x1536][682x5120x1536][682x5120x1536][682x5120x1536][682x5120x1536][682x5120x1536][682x5120x1536][682x5120x1536][682x5120x1536][682x5120x1536][682x5120x1536][682x5120x1536][682x5120x1536][682x5120x1536][682x5120x1536][682x5120x1536][682x5120x1536][682x5120x1536][682x5120x1536][682x5120x1536][682x5120x1536][682x5120x1536]',,tensorop,f32,256,256,64,2,1,1,2,1,1,4,4,1,1,256,256,16,100,110,3053453312,1031463239680,337,0.790346,3598.11,1.30508e+06
1,CUTLASS,grouped_gemm,cutlass3x_sm100_tensorop_gemm_grouped_bf16_bf16_f32_f32_f32_256x256x64_0x0x1_0_tnt_align8_stream_k_2sm_epi_tma,passed,success,grouped,,,,,bf16:row,bf16:column,f32:row,f32:row,1,0,invalid,invalid,heuristic,1,false,'[683x5120x1536][683x5120x1536][683x5120x1536][683x5120x1536][683x5120x1536][683x5120x1536][683x5120x1536][683x5120x1536][683x5120x1536][683x5120x1536][683x5120x1536][683x5120x1536][683x5120x1536][683x5120x1536][683x5120x1536][683x5120x1536][683x5120x1536][683x5120x1536][683x5120x1536][683x5120x1536][683x5120x1536][683x5120x1536][683x5120x1536][683x5120x1536][683x5120x1536][683x5120x1536][683x5120x1536][683x5120x1536][683x5120x1536][683x5120x1536][683x5120x1536][683x5120x1536][683x5120x1536][683x5120x1536][683x5120x1536][683x5120x1536][683x5120x1536][683x5120x1536][683x5120x1536][683x5120x1536][683x5120x1536][683x5120x1536][683x5120x1536][683x5120x1536][683x5120x1536][683x5120x1536][683x5120x1536][683x5120x1536][683x5120x1536][683x5120x1536][683x5120x1536][683x5120x1536][683x5120x1536][683x5120x1536][683x5120x1536][683x5120x1536][683x5120x1536][683x5120x1536][683x5120x1536][683x5120x1536][683x5120x1536][683x5120x1536][683x5120x1536][683x5120x1536][682x5120x1536][682x5120x1536][682x5120x1536][682x5120x1536][682x5120x1536][682x5120x1536][682x5120x1536][682x5120x1536][682x5120x1536][682x5120x1536][682x5120x1536][682x5120x1536][682x5120x1536][682x5120x1536][682x5120x1536][682x5120x1536][682x5120x1536][682x5120x1536][682x5120x1536][682x5120x1536][682x5120x1536][682x5120x1536][682x5120x1536][682x5120x1536][682x5120x1536][682x5120x1536][682x5120x1536][682x5120x1536][682x5120x1536][682x5120x1536][682x5120x1536][682x5120x1536]',,tensorop,f32,256,256,64,2,1,1,2,1,1,4,4,1,1,256,256,16,100,110,3053453312,1031463239680,337,0.789344,3602.68,1.30673e+06
1,CUTLASS,grouped_gemm,cutlass3x_sm100_tensorop_gemm_grouped_bf16_bf16_f32_void_f32_256x256x64_0x0x1_0_tnt_align8_2sm_epi_tma,passed,success,grouped,,,,,bf16:row,bf16:column,void:row,f32:row,1,0,invalid,invalid,heuristic,1,false,'[683x5120x1536][683x5120x1536][683x5120x1536][683x5120x1536][683x5120x1536][683x5120x1536][683x5120x1536][683x5120x1536][683x5120x1536][683x5120x1536][683x5120x1536][683x5120x1536][683x5120x1536][683x5120x1536][683x5120x1536][683x5120x1536][683x5120x1536][683x5120x1536][683x5120x1536][683x5120x1536][683x5120x1536][683x5120x1536][683x5120x1536][683x5120x1536][683x5120x1536][683x5120x1536][683x5120x1536][683x5120x1536][683x5120x1536][683x5120x1536][683x5120x1536][683x5120x1536][683x5120x1536][683x5120x1536][683x5120x1536][683x5120x1536][683x5120x1536][683x5120x1536][683x5120x1536][683x5120x1536][683x5120x1536][683x5120x1536][683x5120x1536][683x5120x1536][683x5120x1536][683x5120x1536][683x5120x1536][683x5120x1536][683x5120x1536][683x5120x1536][683x5120x1536][683x5120x1536][683x5120x1536][683x5120x1536][683x5120x1536][683x5120x1536][683x5120x1536][683x5120x1536][683x5120x1536][683x5120x1536][683x5120x1536][683x5120x1536][683x5120x1536][683x5120x1536][682x5120x1536][682x5120x1536][682x5120x1536][682x5120x1536][682x5120x1536][682x5120x1536][682x5120x1536][682x5120x1536][682x5120x1536][682x5120x1536][682x5120x1536][682x5120x1536][682x5120x1536][682x5120x1536][682x5120x1536][682x5120x1536][682x5120x1536][682x5120x1536][682x5120x1536][682x5120x1536][682x5120x1536][682x5120x1536][682x5120x1536][682x5120x1536][682x5120x1536][682x5120x1536][682x5120x1536][682x5120x1536][682x5120x1536][682x5120x1536][682x5120x1536][682x5120x1536]',,tensorop,f32,256,256,64,2,1,1,2,1,1,5,4,1,1,256,256,16,100,110,1711276032,1031463239680,602,0.725245,2197.53,1.42223e+06
1,CUTLASS,grouped_gemm,cutlass3x_sm100_tensorop_gemm_grouped_bf16_bf16_f32_void_f32_256x256x64_0x0x1_0_tnt_align8_stream_k_2sm_epi_tma,passed,success,grouped,,,,,bf16:row,bf16:column,void:row,f32:row,1,0,invalid,invalid,heuristic,1,false,'[683x5120x1536][683x5120x1536][683x5120x1536][683x5120x1536][683x5120x1536][683x5120x1536][683x5120x1536][683x5120x1536][683x5120x1536][683x5120x1536][683x5120x1536][683x5120x1536][683x5120x1536][683x5120x1536][683x5120x1536][683x5120x1536][683x5120x1536][683x5120x1536][683x5120x1536][683x5120x1536][683x5120x1536][683x5120x1536][683x5120x1536][683x5120x1536][683x5120x1536][683x5120x1536][683x5120x1536][683x5120x1536][683x5120x1536][683x5120x1536][683x5120x1536][683x5120x1536][683x5120x1536][683x5120x1536][683x5120x1536][683x5120x1536][683x5120x1536][683x5120x1536][683x5120x1536][683x5120x1536][683x5120x1536][683x5120x1536][683x5120x1536][683x5120x1536][683x5120x1536][683x5120x1536][683x5120x1536][683x5120x1536][683x5120x1536][683x5120x1536][683x5120x1536][683x5120x1536][683x5120x1536][683x5120x1536][683x5120x1536][683x5120x1536][683x5120x1536][683x5120x1536][683x5120x1536][683x5120x1536][683x5120x1536][683x5120x1536][683x5120x1536][683x5120x1536][682x5120x1536][682x5120x1536][682x5120x1536][682x5120x1536][682x5120x1536][682x5120x1536][682x5120x1536][682x5120x1536][682x5120x1536][682x5120x1536][682x5120x1536][682x5120x1536][682x5120x1536][682x5120x1536][682x5120x1536][682x5120x1536][682x5120x1536][682x5120x1536][682x5120x1536][682x5120x1536][682x5120x1536][682x5120x1536][682x5120x1536][682x5120x1536][682x5120x1536][682x5120x1536][682x5120x1536][682x5120x1536][682x5120x1536][682x5120x1536][682x5120x1536][682x5120x1536]',,tensorop,f32,256,256,64,2,1,1,2,1,1,5,4,1,1,256,256,16,100,110,1711276032,1031463239680,602,0.727059,2192.05,1.41868e+06
1,CUTLASS,grouped_gemm,cutlass3x_sm100_tensorop_gemm_grouped_bf16_bf16_f32_f32_f32_256x256x64_2x1x1_0_tnt_align8_2sm_epi_tma,passed,success,grouped,,,,,bf16:row,bf16:column,f32:row,f32:row,1,0,invalid,invalid,heuristic,1,false,'[683x5120x1536][683x5120x1536][683x5120x1536][683x5120x1536][683x5120x1536][683x5120x1536][683x5120x1536][683x5120x1536][683x5120x1536][683x5120x1536][683x5120x1536][683x5120x1536][683x5120x1536][683x5120x1536][683x5120x1536][683x5120x1536][683x5120x1536][683x5120x1536][683x5120x1536][683x5120x1536][683x5120x1536][683x5120x1536][683x5120x1536][683x5120x1536][683x5120x1536][683x5120x1536][683x5120x1536][683x5120x1536][683x5120x1536][683x5120x1536][683x5120x1536][683x5120x1536][683x5120x1536][683x5120x1536][683x5120x1536][683x5120x1536][683x5120x1536][683x5120x1536][683x5120x1536][683x5120x1536][683x5120x1536][683x5120x1536][683x5120x1536][683x5120x1536][683x5120x1536][683x5120x1536][683x5120x1536][683x5120x1536][683x5120x1536][683x5120x1536][683x5120x1536][683x5120x1536][683x5120x1536][683x5120x1536][683x5120x1536][683x5120x1536][683x5120x1536][683x5120x1536][683x5120x1536][683x5120x1536][683x5120x1536][683x5120x1536][683x5120x1536][683x5120x1536][682x5120x1536][682x5120x1536][682x5120x1536][682x5120x1536][682x5120x1536][682x5120x1536][682x5120x1536][682x5120x1536][682x5120x1536][682x5120x1536][682x5120x1536][682x5120x1536][682x5120x1536][682x5120x1536][682x5120x1536][682x5120x1536][682x5120x1536][682x5120x1536][682x5120x1536][682x5120x1536][682x5120x1536][682x5120x1536][682x5120x1536][682x5120x1536][682x5120x1536][682x5120x1536][682x5120x1536][682x5120x1536][682x5120x1536][682x5120x1536][682x5120x1536][682x5120x1536]',,tensorop,f32,256,256,64,2,1,1,2,1,1,4,4,1,1,256,256,16,100,110,3053453312,1031463239680,337,0.789725,3600.94,1.3061e+06
1,CUTLASS,grouped_gemm,cutlass3x_sm100_tensorop_gemm_grouped_bf16_bf16_f32_f32_f32_256x256x64_2x1x1_0_tnt_align8_stream_k_2sm_epi_tma,passed,success,grouped,,,,,bf16:row,bf16:column,f32:row,f32:row,1,0,invalid,invalid,heuristic,1,false,'[683x5120x1536][683x5120x1536][683x5120x1536][683x5120x1536][683x5120x1536][683x5120x1536][683x5120x1536][683x5120x1536][683x5120x1536][683x5120x1536][683x5120x1536][683x5120x1536][683x5120x1536][683x5120x1536][683x5120x1536][683x5120x1536][683x5120x1536][683x5120x1536][683x5120x1536][683x5120x1536][683x5120x1536][683x5120x1536][683x5120x1536][683x5120x1536][683x5120x1536][683x5120x1536][683x5120x1536][683x5120x1536][683x5120x1536][683x5120x1536][683x5120x1536][683x5120x1536][683x5120x1536][683x5120x1536][683x5120x1536][683x5120x1536][683x5120x1536][683x5120x1536][683x5120x1536][683x5120x1536][683x5120x1536][683x5120x1536][683x5120x1536][683x5120x1536][683x5120x1536][683x5120x1536][683x5120x1536][683x5120x1536][683x5120x1536][683x5120x1536][683x5120x1536][683x5120x1536][683x5120x1536][683x5120x1536][683x5120x1536][683x5120x1536][683x5120x1536][683x5120x1536][683x5120x1536][683x5120x1536][683x5120x1536][683x5120x1536][683x5120x1536][683x5120x1536][682x5120x1536][682x5120x1536][682x5120x1536][682x5120x1536][682x5120x1536][682x5120x1536][682x5120x1536][682x5120x1536][682x5120x1536][682x5120x1536][682x5120x1536][682x5120x1536][682x5120x1536][682x5120x1536][682x5120x1536][682x5120x1536][682x5120x1536][682x5120x1536][682x5120x1536][682x5120x1536][682x5120x1536][682x5120x1536][682x5120x1536][682x5120x1536][682x5120x1536][682x5120x1536][682x5120x1536][682x5120x1536][682x5120x1536][682x5120x1536][682x5120x1536][682x5120x1536]',,tensorop,f32,256,256,64,2,1,1,2,1,1,4,4,1,1,256,256,16,100,110,3053453312,1031463239680,337,0.788499,3606.53,1.30813e+06
1,CUTLASS,grouped_gemm,cutlass3x_sm100_tensorop_gemm_grouped_bf16_bf16_f32_void_f32_256x256x64_2x1x1_0_tnt_align8_2sm_epi_tma,passed,success,grouped,,,,,bf16:row,bf16:column,void:row,f32:row,1,0,invalid,invalid,heuristic,1,false,'[683x5120x1536][683x5120x1536][683x5120x1536][683x5120x1536][683x5120x1536][683x5120x1536][683x5120x1536][683x5120x1536][683x5120x1536][683x5120x1536][683x5120x1536][683x5120x1536][683x5120x1536][683x5120x1536][683x5120x1536][683x5120x1536][683x5120x1536][683x5120x1536][683x5120x1536][683x5120x1536][683x5120x1536][683x5120x1536][683x5120x1536][683x5120x1536][683x5120x1536][683x5120x1536][683x5120x1536][683x5120x1536][683x5120x1536][683x5120x1536][683x5120x1536][683x5120x1536][683x5120x1536][683x5120x1536][683x5120x1536][683x5120x1536][683x5120x1536][683x5120x1536][683x5120x1536][683x5120x1536][683x5120x1536][683x5120x1536][683x5120x1536][683x5120x1536][683x5120x1536][683x5120x1536][683x5120x1536][683x5120x1536][683x5120x1536][683x5120x1536][683x5120x1536][683x5120x1536][683x5120x1536][683x5120x1536][683x5120x1536][683x5120x1536][683x5120x1536][683x5120x1536][683x5120x1536][683x5120x1536][683x5120x1536][683x5120x1536][683x5120x1536][683x5120x1536][682x5120x1536][682x5120x1536][682x5120x1536][682x5120x1536][682x5120x1536][682x5120x1536][682x5120x1536][682x5120x1536][682x5120x1536][682x5120x1536][682x5120x1536][682x5120x1536][682x5120x1536][682x5120x1536][682x5120x1536][682x5120x1536][682x5120x1536][682x5120x1536][682x5120x1536][682x5120x1536][682x5120x1536][682x5120x1536][682x5120x1536][682x5120x1536][682x5120x1536][682x5120x1536][682x5120x1536][682x5120x1536][682x5120x1536][682x5120x1536][682x5120x1536][682x5120x1536]',,tensorop,f32,256,256,64,2,1,1,2,1,1,5,4,1,1,256,256,16,100,110,1711276032,1031463239680,602,0.72583,2195.76,1.42108e+06
1,CUTLASS,grouped_gemm,cutlass3x_sm100_tensorop_gemm_grouped_bf16_bf16_f32_void_f32_256x256x64_2x1x1_0_tnt_align8_stream_k_2sm_epi_tma,passed,success,grouped,,,,,bf16:row,bf16:column,void:row,f32:row,1,0,invalid,invalid,heuristic,1,false,'[683x5120x1536][683x5120x1536][683x5120x1536][683x5120x1536][683x5120x1536][683x5120x1536][683x5120x1536][683x5120x1536][683x5120x1536][683x5120x1536][683x5120x1536][683x5120x1536][683x5120x1536][683x5120x1536][683x5120x1536][683x5120x1536][683x5120x1536][683x5120x1536][683x5120x1536][683x5120x1536][683x5120x1536][683x5120x1536][683x5120x1536][683x5120x1536][683x5120x1536][683x5120x1536][683x5120x1536][683x5120x1536][683x5120x1536][683x5120x1536][683x5120x1536][683x5120x1536][683x5120x1536][683x5120x1536][683x5120x1536][683x5120x1536][683x5120x1536][683x5120x1536][683x5120x1536][683x5120x1536][683x5120x1536][683x5120x1536][683x5120x1536][683x5120x1536][683x5120x1536][683x5120x1536][683x5120x1536][683x5120x1536][683x5120x1536][683x5120x1536][683x5120x1536][683x5120x1536][683x5120x1536][683x5120x1536][683x5120x1536][683x5120x1536][683x5120x1536][683x5120x1536][683x5120x1536][683x5120x1536][683x5120x1536][683x5120x1536][683x5120x1536][683x5120x1536][682x5120x1536][682x5120x1536][682x5120x1536][682x5120x1536][682x5120x1536][682x5120x1536][682x5120x1536][682x5120x1536][682x5120x1536][682x5120x1536][682x5120x1536][682x5120x1536][682x5120x1536][682x5120x1536][682x5120x1536][682x5120x1536][682x5120x1536][682x5120x1536][682x5120x1536][682x5120x1536][682x5120x1536][682x5120x1536][682x5120x1536][682x5120x1536][682x5120x1536][682x5120x1536][682x5120x1536][682x5120x1536][682x5120x1536][682x5120x1536][682x5120x1536][682x5120x1536]',,tensorop,f32,256,256,64,2,1,1,2,1,1,5,4,1,1,256,256,16,100,110,1711276032,1031463239680,602,0.727296,2191.34,1.41822e+06
1,CUTLASS,grouped_gemm,cutlass3x_sm100_tensorop_gemm_grouped_bf16_bf16_f32_f32_f32_256x256x64_2x2x1_0_tnt_align8_2sm_epi_tma,passed,success,grouped,,,,,bf16:row,bf16:column,f32:row,f32:row,1,0,invalid,invalid,heuristic,1,false,'[683x5120x1536][683x5120x1536][683x5120x1536][683x5120x1536][683x5120x1536][683x5120x1536][683x5120x1536][683x5120x1536][683x5120x1536][683x5120x1536][683x5120x1536][683x5120x1536][683x5120x1536][683x5120x1536][683x5120x1536][683x5120x1536][683x5120x1536][683x5120x1536][683x5120x1536][683x5120x1536][683x5120x1536][683x5120x1536][683x5120x1536][683x5120x1536][683x5120x1536][683x5120x1536][683x5120x1536][683x5120x1536][683x5120x1536][683x5120x1536][683x5120x1536][683x5120x1536][683x5120x1536][683x5120x1536][683x5120x1536][683x5120x1536][683x5120x1536][683x5120x1536][683x5120x1536][683x5120x1536][683x5120x1536][683x5120x1536][683x5120x1536][683x5120x1536][683x5120x1536][683x5120x1536][683x5120x1536][683x5120x1536][683x5120x1536][683x5120x1536][683x5120x1536][683x5120x1536][683x5120x1536][683x5120x1536][683x5120x1536][683x5120x1536][683x5120x1536][683x5120x1536][683x5120x1536][683x5120x1536][683x5120x1536][683x5120x1536][683x5120x1536][683x5120x1536][682x5120x1536][682x5120x1536][682x5120x1536][682x5120x1536][682x5120x1536][682x5120x1536][682x5120x1536][682x5120x1536][682x5120x1536][682x5120x1536][682x5120x1536][682x5120x1536][682x5120x1536][682x5120x1536][682x5120x1536][682x5120x1536][682x5120x1536][682x5120x1536][682x5120x1536][682x5120x1536][682x5120x1536][682x5120x1536][682x5120x1536][682x5120x1536][682x5120x1536][682x5120x1536][682x5120x1536][682x5120x1536][682x5120x1536][682x5120x1536][682x5120x1536][682x5120x1536]',,tensorop,f32,256,256,64,2,2,1,2,1,1,4,4,1,1,256,256,16,100,110,3053453312,1031463239680,337,0.819322,3470.86,1.25892e+06
1,CUTLASS,grouped_gemm,cutlass3x_sm100_tensorop_gemm_grouped_bf16_bf16_f32_f32_f32_256x256x64_2x2x1_0_tnt_align8_stream_k_2sm_epi_tma,passed,success,grouped,,,,,bf16:row,bf16:column,f32:row,f32:row,1,0,invalid,invalid,heuristic,1,false,'[683x5120x1536][683x5120x1536][683x5120x1536][683x5120x1536][683x5120x1536][683x5120x1536][683x5120x1536][683x5120x1536][683x5120x1536][683x5120x1536][683x5120x1536][683x5120x1536][683x5120x1536][683x5120x1536][683x5120x1536][683x5120x1536][683x5120x1536][683x5120x1536][683x5120x1536][683x5120x1536][683x5120x1536][683x5120x1536][683x5120x1536][683x5120x1536][683x5120x1536][683x5120x1536][683x5120x1536][683x5120x1536][683x5120x1536][683x5120x1536][683x5120x1536][683x5120x1536][683x5120x1536][683x5120x1536][683x5120x1536][683x5120x1536][683x5120x1536][683x5120x1536][683x5120x1536][683x5120x1536][683x5120x1536][683x5120x1536][683x5120x1536][683x5120x1536][683x5120x1536][683x5120x1536][683x5120x1536][683x5120x1536][683x5120x1536][683x5120x1536][683x5120x1536][683x5120x1536][683x5120x1536][683x5120x1536][683x5120x1536][683x5120x1536][683x5120x1536][683x5120x1536][683x5120x1536][683x5120x1536][683x5120x1536][683x5120x1536][683x5120x1536][683x5120x1536][682x5120x1536][682x5120x1536][682x5120x1536][682x5120x1536][682x5120x1536][682x5120x1536][682x5120x1536][682x5120x1536][682x5120x1536][682x5120x1536][682x5120x1536][682x5120x1536][682x5120x1536][682x5120x1536][682x5120x1536][682x5120x1536][682x5120x1536][682x5120x1536][682x5120x1536][682x5120x1536][682x5120x1536][682x5120x1536][682x5120x1536][682x5120x1536][682x5120x1536][682x5120x1536][682x5120x1536][682x5120x1536][682x5120x1536][682x5120x1536][682x5120x1536][682x5120x1536]',,tensorop,f32,256,256,64,2,2,1,2,1,1,4,4,1,1,256,256,16,100,110,3053453312,1031463239680,337,0.821296,3462.52,1.2559e+06
1,CUTLASS,grouped_gemm,cutlass3x_sm100_tensorop_gemm_grouped_bf16_bf16_f32_void_f32_256x256x64_2x2x1_0_tnt_align8_2sm_epi_tma,passed,success,grouped,,,,,bf16:row,bf16:column,void:row,f32:row,1,0,invalid,invalid,heuristic,1,false,'[683x5120x1536][683x5120x1536][683x5120x1536][683x5120x1536][683x5120x1536][683x5120x1536][683x5120x1536][683x5120x1536][683x5120x1536][683x5120x1536][683x5120x1536][683x5120x1536][683x5120x1536][683x5120x1536][683x5120x1536][683x5120x1536][683x5120x1536][683x5120x1536][683x5120x1536][683x5120x1536][683x5120x1536][683x5120x1536][683x5120x1536][683x5120x1536][683x5120x1536][683x5120x1536][683x5120x1536][683x5120x1536][683x5120x1536][683x5120x1536][683x5120x1536][683x5120x1536][683x5120x1536][683x5120x1536][683x5120x1536][683x5120x1536][683x5120x1536][683x5120x1536][683x5120x1536][683x5120x1536][683x5120x1536][683x5120x1536][683x5120x1536][683x5120x1536][683x5120x1536][683x5120x1536][683x5120x1536][683x5120x1536][683x5120x1536][683x5120x1536][683x5120x1536][683x5120x1536][683x5120x1536][683x5120x1536][683x5120x1536][683x5120x1536][683x5120x1536][683x5120x1536][683x5120x1536][683x5120x1536][683x5120x1536][683x5120x1536][683x5120x1536][683x5120x1536][682x5120x1536][682x5120x1536][682x5120x1536][682x5120x1536][682x5120x1536][682x5120x1536][682x5120x1536][682x5120x1536][682x5120x1536][682x5120x1536][682x5120x1536][682x5120x1536][682x5120x1536][682x5120x1536][682x5120x1536][682x5120x1536][682x5120x1536][682x5120x1536][682x5120x1536][682x5120x1536][682x5120x1536][682x5120x1536][682x5120x1536][682x5120x1536][682x5120x1536][682x5120x1536][682x5120x1536][682x5120x1536][682x5120x1536][682x5120x1536][682x5120x1536][682x5120x1536]',,tensorop,f32,256,256,64,2,2,1,2,1,1,5,4,1,1,256,256,16,100,110,1711276032,1031463239680,602,0.742547,2146.33,1.38909e+06
1,CUTLASS,grouped_gemm,cutlass3x_sm100_tensorop_gemm_grouped_bf16_bf16_f32_void_f32_256x256x64_2x2x1_0_tnt_align8_stream_k_2sm_epi_tma,passed,success,grouped,,,,,bf16:row,bf16:column,void:row,f32:row,1,0,invalid,invalid,heuristic,1,false,'[683x5120x1536][683x5120x1536][683x5120x1536][683x5120x1536][683x5120x1536][683x5120x1536][683x5120x1536][683x5120x1536][683x5120x1536][683x5120x1536][683x5120x1536][683x5120x1536][683x5120x1536][683x5120x1536][683x5120x1536][683x5120x1536][683x5120x1536][683x5120x1536][683x5120x1536][683x5120x1536][683x5120x1536][683x5120x1536][683x5120x1536][683x5120x1536][683x5120x1536][683x5120x1536][683x5120x1536][683x5120x1536][683x5120x1536][683x5120x1536][683x5120x1536][683x5120x1536][683x5120x1536][683x5120x1536][683x5120x1536][683x5120x1536][683x5120x1536][683x5120x1536][683x5120x1536][683x5120x1536][683x5120x1536][683x5120x1536][683x5120x1536][683x5120x1536][683x5120x1536][683x5120x1536][683x5120x1536][683x5120x1536][683x5120x1536][683x5120x1536][683x5120x1536][683x5120x1536][683x5120x1536][683x5120x1536][683x5120x1536][683x5120x1536][683x5120x1536][683x5120x1536][683x5120x1536][683x5120x1536][683x5120x1536][683x5120x1536][683x5120x1536][683x5120x1536][682x5120x1536][682x5120x1536][682x5120x1536][682x5120x1536][682x5120x1536][682x5120x1536][682x5120x1536][682x5120x1536][682x5120x1536][682x5120x1536][682x5120x1536][682x5120x1536][682x5120x1536][682x5120x1536][682x5120x1536][682x5120x1536][682x5120x1536][682x5120x1536][682x5120x1536][682x5120x1536][682x5120x1536][682x5120x1536][682x5120x1536][682x5120x1536][682x5120x1536][682x5120x1536][682x5120x1536][682x5120x1536][682x5120x1536][682x5120x1536][682x5120x1536][682x5120x1536]',,tensorop,f32,256,256,64,2,2,1,2,1,1,5,4,1,1,256,256,16,100,110,1711276032,1031463239680,602,0.743235,2144.34,1.3878e+06
1,CUTLASS,grouped_gemm,cutlass3x_sm100_tensorop_gemm_grouped_bf16_bf16_f32_f32_f32_256x256x64_4x1x1_0_tnt_align8_2sm_epi_tma,passed,success,grouped,,,,,bf16:row,bf16:column,f32:row,f32:row,1,0,invalid,invalid,heuristic,1,false,'[683x5120x1536][683x5120x1536][683x5120x1536][683x5120x1536][683x5120x1536][683x5120x1536][683x5120x1536][683x5120x1536][683x5120x1536][683x5120x1536][683x5120x1536][683x5120x1536][683x5120x1536][683x5120x1536][683x5120x1536][683x5120x1536][683x5120x1536][683x5120x1536][683x5120x1536][683x5120x1536][683x5120x1536][683x5120x1536][683x5120x1536][683x5120x1536][683x5120x1536][683x5120x1536][683x5120x1536][683x5120x1536][683x5120x1536][683x5120x1536][683x5120x1536][683x5120x1536][683x5120x1536][683x5120x1536][683x5120x1536][683x5120x1536][683x5120x1536][683x5120x1536][683x5120x1536][683x5120x1536][683x5120x1536][683x5120x1536][683x5120x1536][683x5120x1536][683x5120x1536][683x5120x1536][683x5120x1536][683x5120x1536][683x5120x1536][683x5120x1536][683x5120x1536][683x5120x1536][683x5120x1536][683x5120x1536][683x5120x1536][683x5120x1536][683x5120x1536][683x5120x1536][683x5120x1536][683x5120x1536][683x5120x1536][683x5120x1536][683x5120x1536][683x5120x1536][682x5120x1536][682x5120x1536][682x5120x1536][682x5120x1536][682x5120x1536][682x5120x1536][682x5120x1536][682x5120x1536][682x5120x1536][682x5120x1536][682x5120x1536][682x5120x1536][682x5120x1536][682x5120x1536][682x5120x1536][682x5120x1536][682x5120x1536][682x5120x1536][682x5120x1536][682x5120x1536][682x5120x1536][682x5120x1536][682x5120x1536][682x5120x1536][682x5120x1536][682x5120x1536][682x5120x1536][682x5120x1536][682x5120x1536][682x5120x1536][682x5120x1536][682x5120x1536]',,tensorop,f32,256,256,64,4,1,1,2,1,1,4,4,1,1,256,256,16,100,110,3053453312,1031463239680,337,1.03234,2754.67,999151
1,CUTLASS,grouped_gemm,cutlass3x_sm100_tensorop_gemm_grouped_bf16_bf16_f32_f32_f32_256x256x64_4x1x1_0_tnt_align8_stream_k_2sm_epi_tma,passed,success,grouped,,,,,bf16:row,bf16:column,f32:row,f32:row,1,0,invalid,invalid,heuristic,1,false,'[683x5120x1536][683x5120x1536][683x5120x1536][683x5120x1536][683x5120x1536][683x5120x1536][683x5120x1536][683x5120x1536][683x5120x1536][683x5120x1536][683x5120x1536][683x5120x1536][683x5120x1536][683x5120x1536][683x5120x1536][683x5120x1536][683x5120x1536][683x5120x1536][683x5120x1536][683x5120x1536][683x5120x1536][683x5120x1536][683x5120x1536][683x5120x1536][683x5120x1536][683x5120x1536][683x5120x1536][683x5120x1536][683x5120x1536][683x5120x1536][683x5120x1536][683x5120x1536][683x5120x1536][683x5120x1536][683x5120x1536][683x5120x1536][683x5120x1536][683x5120x1536][683x5120x1536][683x5120x1536][683x5120x1536][683x5120x1536][683x5120x1536][683x5120x1536][683x5120x1536][683x5120x1536][683x5120x1536][683x5120x1536][683x5120x1536][683x5120x1536][683x5120x1536][683x5120x1536][683x5120x1536][683x5120x1536][683x5120x1536][683x5120x1536][683x5120x1536][683x5120x1536][683x5120x1536][683x5120x1536][683x5120x1536][683x5120x1536][683x5120x1536][683x5120x1536][682x5120x1536][682x5120x1536][682x5120x1536][682x5120x1536][682x5120x1536][682x5120x1536][682x5120x1536][682x5120x1536][682x5120x1536][682x5120x1536][682x5120x1536][682x5120x1536][682x5120x1536][682x5120x1536][682x5120x1536][682x5120x1536][682x5120x1536][682x5120x1536][682x5120x1536][682x5120x1536][682x5120x1536][682x5120x1536][682x5120x1536][682x5120x1536][682x5120x1536][682x5120x1536][682x5120x1536][682x5120x1536][682x5120x1536][682x5120x1536][682x5120x1536][682x5120x1536]',,tensorop,f32,256,256,64,4,1,1,2,1,1,4,4,1,1,256,256,16,100,110,3053453312,1031463239680,337,1.03201,2755.55,999471
1,CUTLASS,grouped_gemm,cutlass3x_sm100_tensorop_gemm_grouped_bf16_bf16_f32_void_f32_256x256x64_4x1x1_0_tnt_align8_2sm_epi_tma,passed,success,grouped,,,,,bf16:row,bf16:column,void:row,f32:row,1,0,invalid,invalid,heuristic,1,false,'[683x5120x1536][683x5120x1536][683x5120x1536][683x5120x1536][683x5120x1536][683x5120x1536][683x5120x1536][683x5120x1536][683x5120x1536][683x5120x1536][683x5120x1536][683x5120x1536][683x5120x1536][683x5120x1536][683x5120x1536][683x5120x1536][683x5120x1536][683x5120x1536][683x5120x1536][683x5120x1536][683x5120x1536][683x5120x1536][683x5120x1536][683x5120x1536][683x5120x1536][683x5120x1536][683x5120x1536][683x5120x1536][683x5120x1536][683x5120x1536][683x5120x1536][683x5120x1536][683x5120x1536][683x5120x1536][683x5120x1536][683x5120x1536][683x5120x1536][683x5120x1536][683x5120x1536][683x5120x1536][683x5120x1536][683x5120x1536][683x5120x1536][683x5120x1536][683x5120x1536][683x5120x1536][683x5120x1536][683x5120x1536][683x5120x1536][683x5120x1536][683x5120x1536][683x5120x1536][683x5120x1536][683x5120x1536][683x5120x1536][683x5120x1536][683x5120x1536][683x5120x1536][683x5120x1536][683x5120x1536][683x5120x1536][683x5120x1536][683x5120x1536][683x5120x1536][682x5120x1536][682x5120x1536][682x5120x1536][682x5120x1536][682x5120x1536][682x5120x1536][682x5120x1536][682x5120x1536][682x5120x1536][682x5120x1536][682x5120x1536][682x5120x1536][682x5120x1536][682x5120x1536][682x5120x1536][682x5120x1536][682x5120x1536][682x5120x1536][682x5120x1536][682x5120x1536][682x5120x1536][682x5120x1536][682x5120x1536][682x5120x1536][682x5120x1536][682x5120x1536][682x5120x1536][682x5120x1536][682x5120x1536][682x5120x1536][682x5120x1536][682x5120x1536]',,tensorop,f32,256,256,64,4,1,1,2,1,1,5,4,1,1,256,256,16,100,110,1711276032,1031463239680,602,0.930122,1713.49,1.10896e+06
1,CUTLASS,grouped_gemm,cutlass3x_sm100_tensorop_gemm_grouped_bf16_bf16_f32_void_f32_256x256x64_4x1x1_0_tnt_align8_stream_k_2sm_epi_tma,passed,success,grouped,,,,,bf16:row,bf16:column,void:row,f32:row,1,0,invalid,invalid,heuristic,1,false,'[683x5120x1536][683x5120x1536][683x5120x1536][683x5120x1536][683x5120x1536][683x5120x1536][683x5120x1536][683x5120x1536][683x5120x1536][683x5120x1536][683x5120x1536][683x5120x1536][683x5120x1536][683x5120x1536][683x5120x1536][683x5120x1536][683x5120x1536][683x5120x1536][683x5120x1536][683x5120x1536][683x5120x1536][683x5120x1536][683x5120x1536][683x5120x1536][683x5120x1536][683x5120x1536][683x5120x1536][683x5120x1536][683x5120x1536][683x5120x1536][683x5120x1536][683x5120x1536][683x5120x1536][683x5120x1536][683x5120x1536][683x5120x1536][683x5120x1536][683x5120x1536][683x5120x1536][683x5120x1536][683x5120x1536][683x5120x1536][683x5120x1536][683x5120x1536][683x5120x1536][683x5120x1536][683x5120x1536][683x5120x1536][683x5120x1536][683x5120x1536][683x5120x1536][683x5120x1536][683x5120x1536][683x5120x1536][683x5120x1536][683x5120x1536][683x5120x1536][683x5120x1536][683x5120x1536][683x5120x1536][683x5120x1536][683x5120x1536][683x5120x1536][683x5120x1536][682x5120x1536][682x5120x1536][682x5120x1536][682x5120x1536][682x5120x1536][682x5120x1536][682x5120x1536][682x5120x1536][682x5120x1536][682x5120x1536][682x5120x1536][682x5120x1536][682x5120x1536][682x5120x1536][682x5120x1536][682x5120x1536][682x5120x1536][682x5120x1536][682x5120x1536][682x5120x1536][682x5120x1536][682x5120x1536][682x5120x1536][682x5120x1536][682x5120x1536][682x5120x1536][682x5120x1536][682x5120x1536][682x5120x1536][682x5120x1536][682x5120x1536][682x5120x1536]',,tensorop,f32,256,256,64,4,1,1,2,1,1,5,4,1,1,256,256,16,100,110,1711276032,1031463239680,602,0.932374,1709.35,1.10628e+06
1,CUTLASS,grouped_gemm,cutlass3x_sm100_tensorop_gemm_grouped_bf16_bf16_f32_f32_f32_256x256x64_2x4x1_0_tnt_align8_2sm_epi_tma,passed,success,grouped,,,,,bf16:row,bf16:column,f32:row,f32:row,1,0,invalid,invalid,heuristic,1,false,'[683x5120x1536][683x5120x1536][683x5120x1536][683x5120x1536][683x5120x1536][683x5120x1536][683x5120x1536][683x5120x1536][683x5120x1536][683x5120x1536][683x5120x1536][683x5120x1536][683x5120x1536][683x5120x1536][683x5120x1536][683x5120x1536][683x5120x1536][683x5120x1536][683x5120x1536][683x5120x1536][683x5120x1536][683x5120x1536][683x5120x1536][683x5120x1536][683x5120x1536][683x5120x1536][683x5120x1536][683x5120x1536][683x5120x1536][683x5120x1536][683x5120x1536][683x5120x1536][683x5120x1536][683x5120x1536][683x5120x1536][683x5120x1536][683x5120x1536][683x5120x1536][683x5120x1536][683x5120x1536][683x5120x1536][683x5120x1536][683x5120x1536][683x5120x1536][683x5120x1536][683x5120x1536][683x5120x1536][683x5120x1536][683x5120x1536][683x5120x1536][683x5120x1536][683x5120x1536][683x5120x1536][683x5120x1536][683x5120x1536][683x5120x1536][683x5120x1536][683x5120x1536][683x5120x1536][683x5120x1536][683x5120x1536][683x5120x1536][683x5120x1536][683x5120x1536][682x5120x1536][682x5120x1536][682x5120x1536][682x5120x1536][682x5120x1536][682x5120x1536][682x5120x1536][682x5120x1536][682x5120x1536][682x5120x1536][682x5120x1536][682x5120x1536][682x5120x1536][682x5120x1536][682x5120x1536][682x5120x1536][682x5120x1536][682x5120x1536][682x5120x1536][682x5120x1536][682x5120x1536][682x5120x1536][682x5120x1536][682x5120x1536][682x5120x1536][682x5120x1536][682x5120x1536][682x5120x1536][682x5120x1536][682x5120x1536][682x5120x1536][682x5120x1536]',,tensorop,f32,256,256,64,2,4,1,2,1,1,4,4,1,1,256,256,16,100,110,3053453312,1031463239680,337,1.02095,2785.39,1.0103e+06
1,CUTLASS,grouped_gemm,cutlass3x_sm100_tensorop_gemm_grouped_bf16_bf16_f32_f32_f32_256x256x64_2x4x1_0_tnt_align8_stream_k_2sm_epi_tma,passed,success,grouped,,,,,bf16:row,bf16:column,f32:row,f32:row,1,0,invalid,invalid,heuristic,1,false,'[683x5120x1536][683x5120x1536][683x5120x1536][683x5120x1536][683x5120x1536][683x5120x1536][683x5120x1536][683x5120x1536][683x5120x1536][683x5120x1536][683x5120x1536][683x5120x1536][683x5120x1536][683x5120x1536][683x5120x1536][683x5120x1536][683x5120x1536][683x5120x1536][683x5120x1536][683x5120x1536][683x5120x1536][683x5120x1536][683x5120x1536][683x5120x1536][683x5120x1536][683x5120x1536][683x5120x1536][683x5120x1536][683x5120x1536][683x5120x1536][683x5120x1536][683x5120x1536][683x5120x1536][683x5120x1536][683x5120x1536][683x5120x1536][683x5120x1536][683x5120x1536][683x5120x1536][683x5120x1536][683x5120x1536][683x5120x1536][683x5120x1536][683x5120x1536][683x5120x1536][683x5120x1536][683x5120x1536][683x5120x1536][683x5120x1536][683x5120x1536][683x5120x1536][683x5120x1536][683x5120x1536][683x5120x1536][683x5120x1536][683x5120x1536][683x5120x1536][683x5120x1536][683x5120x1536][683x5120x1536][683x5120x1536][683x5120x1536][683x5120x1536][683x5120x1536][682x5120x1536][682x5120x1536][682x5120x1536][682x5120x1536][682x5120x1536][682x5120x1536][682x5120x1536][682x5120x1536][682x5120x1536][682x5120x1536][682x5120x1536][682x5120x1536][682x5120x1536][682x5120x1536][682x5120x1536][682x5120x1536][682x5120x1536][682x5120x1536][682x5120x1536][682x5120x1536][682x5120x1536][682x5120x1536][682x5120x1536][682x5120x1536][682x5120x1536][682x5120x1536][682x5120x1536][682x5120x1536][682x5120x1536][682x5120x1536][682x5120x1536][682x5120x1536]',,tensorop,f32,256,256,64,2,4,1,2,1,1,4,4,1,1,256,256,16,100,110,3053453312,1031463239680,337,1.02115,2784.84,1.0101e+06
1,CUTLASS,grouped_gemm,cutlass3x_sm100_tensorop_gemm_grouped_bf16_bf16_f32_void_f32_256x256x64_2x4x1_0_tnt_align8_2sm_epi_tma,passed,success,grouped,,,,,bf16:row,bf16:column,void:row,f32:row,1,0,invalid,invalid,heuristic,1,false,'[683x5120x1536][683x5120x1536][683x5120x1536][683x5120x1536][683x5120x1536][683x5120x1536][683x5120x1536][683x5120x1536][683x5120x1536][683x5120x1536][683x5120x1536][683x5120x1536][683x5120x1536][683x5120x1536][683x5120x1536][683x5120x1536][683x5120x1536][683x5120x1536][683x5120x1536][683x5120x1536][683x5120x1536][683x5120x1536][683x5120x1536][683x5120x1536][683x5120x1536][683x5120x1536][683x5120x1536][683x5120x1536][683x5120x1536][683x5120x1536][683x5120x1536][683x5120x1536][683x5120x1536][683x5120x1536][683x5120x1536][683x5120x1536][683x5120x1536][683x5120x1536][683x5120x1536][683x5120x1536][683x5120x1536][683x5120x1536][683x5120x1536][683x5120x1536][683x5120x1536][683x5120x1536][683x5120x1536][683x5120x1536][683x5120x1536][683x5120x1536][683x5120x1536][683x5120x1536][683x5120x1536][683x5120x1536][683x5120x1536][683x5120x1536][683x5120x1536][683x5120x1536][683x5120x1536][683x5120x1536][683x5120x1536][683x5120x1536][683x5120x1536][683x5120x1536][682x5120x1536][682x5120x1536][682x5120x1536][682x5120x1536][682x5120x1536][682x5120x1536][682x5120x1536][682x5120x1536][682x5120x1536][682x5120x1536][682x5120x1536][682x5120x1536][682x5120x1536][682x5120x1536][682x5120x1536][682x5120x1536][682x5120x1536][682x5120x1536][682x5120x1536][682x5120x1536][682x5120x1536][682x5120x1536][682x5120x1536][682x5120x1536][682x5120x1536][682x5120x1536][682x5120x1536][682x5120x1536][682x5120x1536][682x5120x1536][682x5120x1536][682x5120x1536]',,tensorop,f32,256,256,64,2,4,1,2,1,1,5,4,1,1,256,256,16,100,110,1711276032,1031463239680,602,0.896941,1776.87,1.14998e+06
1,CUTLASS,grouped_gemm,cutlass3x_sm100_tensorop_gemm_grouped_bf16_bf16_f32_void_f32_256x256x64_2x4x1_0_tnt_align8_stream_k_2sm_epi_tma,passed,success,grouped,,,,,bf16:row,bf16:column,void:row,f32:row,1,0,invalid,invalid,heuristic,1,false,'[683x5120x1536][683x5120x1536][683x5120x1536][683x5120x1536][683x5120x1536][683x5120x1536][683x5120x1536][683x5120x1536][683x5120x1536][683x5120x1536][683x5120x1536][683x5120x1536][683x5120x1536][683x5120x1536][683x5120x1536][683x5120x1536][683x5120x1536][683x5120x1536][683x5120x1536][683x5120x1536][683x5120x1536][683x5120x1536][683x5120x1536][683x5120x1536][683x5120x1536][683x5120x1536][683x5120x1536][683x5120x1536][683x5120x1536][683x5120x1536][683x5120x1536][683x5120x1536][683x5120x1536][683x5120x1536][683x5120x1536][683x5120x1536][683x5120x1536][683x5120x1536][683x5120x1536][683x5120x1536][683x5120x1536][683x5120x1536][683x5120x1536][683x5120x1536][683x5120x1536][683x5120x1536][683x5120x1536][683x5120x1536][683x5120x1536][683x5120x1536][683x5120x1536][683x5120x1536][683x5120x1536][683x5120x1536][683x5120x1536][683x5120x1536][683x5120x1536][683x5120x1536][683x5120x1536][683x5120x1536][683x5120x1536][683x5120x1536][683x5120x1536][683x5120x1536][682x5120x1536][682x5120x1536][682x5120x1536][682x5120x1536][682x5120x1536][682x5120x1536][682x5120x1536][682x5120x1536][682x5120x1536][682x5120x1536][682x5120x1536][682x5120x1536][682x5120x1536][682x5120x1536][682x5120x1536][682x5120x1536][682x5120x1536][682x5120x1536][682x5120x1536][682x5120x1536][682x5120x1536][682x5120x1536][682x5120x1536][682x5120x1536][682x5120x1536][682x5120x1536][682x5120x1536][682x5120x1536][682x5120x1536][682x5120x1536][682x5120x1536][682x5120x1536]',,tensorop,f32,256,256,64,2,4,1,2,1,1,5,4,1,1,256,256,16,100,110,1711276032,1031463239680,602,0.896528,1777.69,1.15051e+06
1,CUTLASS,grouped_gemm,cutlass3x_sm100_tensorop_gemm_grouped_bf16_bf16_f32_f32_f32_256x256x64_4x2x1_0_tnt_align8_2sm_epi_tma,passed,success,grouped,,,,,bf16:row,bf16:column,f32:row,f32:row,1,0,invalid,invalid,heuristic,1,false,'[683x5120x1536][683x5120x1536][683x5120x1536][683x5120x1536][683x5120x1536][683x5120x1536][683x5120x1536][683x5120x1536][683x5120x1536][683x5120x1536][683x5120x1536][683x5120x1536][683x5120x1536][683x5120x1536][683x5120x1536][683x5120x1536][683x5120x1536][683x5120x1536][683x5120x1536][683x5120x1536][683x5120x1536][683x5120x1536][683x5120x1536][683x5120x1536][683x5120x1536][683x5120x1536][683x5120x1536][683x5120x1536][683x5120x1536][683x5120x1536][683x5120x1536][683x5120x1536][683x5120x1536][683x5120x1536][683x5120x1536][683x5120x1536][683x5120x1536][683x5120x1536][683x5120x1536][683x5120x1536][683x5120x1536][683x5120x1536][683x5120x1536][683x5120x1536][683x5120x1536][683x5120x1536][683x5120x1536][683x5120x1536][683x5120x1536][683x5120x1536][683x5120x1536][683x5120x1536][683x5120x1536][683x5120x1536][683x5120x1536][683x5120x1536][683x5120x1536][683x5120x1536][683x5120x1536][683x5120x1536][683x5120x1536][683x5120x1536][683x5120x1536][683x5120x1536][682x5120x1536][682x5120x1536][682x5120x1536][682x5120x1536][682x5120x1536][682x5120x1536][682x5120x1536][682x5120x1536][682x5120x1536][682x5120x1536][682x5120x1536][682x5120x1536][682x5120x1536][682x5120x1536][682x5120x1536][682x5120x1536][682x5120x1536][682x5120x1536][682x5120x1536][682x5120x1536][682x5120x1536][682x5120x1536][682x5120x1536][682x5120x1536][682x5120x1536][682x5120x1536][682x5120x1536][682x5120x1536][682x5120x1536][682x5120x1536][682x5120x1536][682x5120x1536]',,tensorop,f32,256,256,64,4,2,1,2,1,1,4,4,1,1,256,256,16,100,110,3053453312,1031463239680,337,1.2143,2341.88,849428
1,CUTLASS,grouped_gemm,cutlass3x_sm100_tensorop_gemm_grouped_bf16_bf16_f32_f32_f32_256x256x64_4x2x1_0_tnt_align8_stream_k_2sm_epi_tma,passed,success,grouped,,,,,bf16:row,bf16:column,f32:row,f32:row,1,0,invalid,invalid,heuristic,1,false,'[683x5120x1536][683x5120x1536][683x5120x1536][683x5120x1536][683x5120x1536][683x5120x1536][683x5120x1536][683x5120x1536][683x5120x1536][683x5120x1536][683x5120x1536][683x5120x1536][683x5120x1536][683x5120x1536][683x5120x1536][683x5120x1536][683x5120x1536][683x5120x1536][683x5120x1536][683x5120x1536][683x5120x1536][683x5120x1536][683x5120x1536][683x5120x1536][683x5120x1536][683x5120x1536][683x5120x1536][683x5120x1536][683x5120x1536][683x5120x1536][683x5120x1536][683x5120x1536][683x5120x1536][683x5120x1536][683x5120x1536][683x5120x1536][683x5120x1536][683x5120x1536][683x5120x1536][683x5120x1536][683x5120x1536][683x5120x1536][683x5120x1536][683x5120x1536][683x5120x1536][683x5120x1536][683x5120x1536][683x5120x1536][683x5120x1536][683x5120x1536][683x5120x1536][683x5120x1536][683x5120x1536][683x5120x1536][683x5120x1536][683x5120x1536][683x5120x1536][683x5120x1536][683x5120x1536][683x5120x1536][683x5120x1536][683x5120x1536][683x5120x1536][683x5120x1536][682x5120x1536][682x5120x1536][682x5120x1536][682x5120x1536][682x5120x1536][682x5120x1536][682x5120x1536][682x5120x1536][682x5120x1536][682x5120x1536][682x5120x1536][682x5120x1536][682x5120x1536][682x5120x1536][682x5120x1536][682x5120x1536][682x5120x1536][682x5120x1536][682x5120x1536][682x5120x1536][682x5120x1536][682x5120x1536][682x5120x1536][682x5120x1536][682x5120x1536][682x5120x1536][682x5120x1536][682x5120x1536][682x5120x1536][682x5120x1536][682x5120x1536][682x5120x1536]',,tensorop,f32,256,256,64,4,2,1,2,1,1,4,4,1,1,256,256,16,100,110,3053453312,1031463239680,337,1.21275,2344.89,850519
1,CUTLASS,grouped_gemm,cutlass3x_sm100_tensorop_gemm_grouped_bf16_bf16_f32_void_f32_256x256x64_4x2x1_0_tnt_align8_2sm_epi_tma,passed,success,grouped,,,,,bf16:row,bf16:column,void:row,f32:row,1,0,invalid,invalid,heuristic,1,false,'[683x5120x1536][683x5120x1536][683x5120x1536][683x5120x1536][683x5120x1536][683x5120x1536][683x5120x1536][683x5120x1536][683x5120x1536][683x5120x1536][683x5120x1536][683x5120x1536][683x5120x1536][683x5120x1536][683x5120x1536][683x5120x1536][683x5120x1536][683x5120x1536][683x5120x1536][683x5120x1536][683x5120x1536][683x5120x1536][683x5120x1536][683x5120x1536][683x5120x1536][683x5120x1536][683x5120x1536][683x5120x1536][683x5120x1536][683x5120x1536][683x5120x1536][683x5120x1536][683x5120x1536][683x5120x1536][683x5120x1536][683x5120x1536][683x5120x1536][683x5120x1536][683x5120x1536][683x5120x1536][683x5120x1536][683x5120x1536][683x5120x1536][683x5120x1536][683x5120x1536][683x5120x1536][683x5120x1536][683x5120x1536][683x5120x1536][683x5120x1536][683x5120x1536][683x5120x1536][683x5120x1536][683x5120x1536][683x5120x1536][683x5120x1536][683x5120x1536][683x5120x1536][683x5120x1536][683x5120x1536][683x5120x1536][683x5120x1536][683x5120x1536][683x5120x1536][682x5120x1536][682x5120x1536][682x5120x1536][682x5120x1536][682x5120x1536][682x5120x1536][682x5120x1536][682x5120x1536][682x5120x1536][682x5120x1536][682x5120x1536][682x5120x1536][682x5120x1536][682x5120x1536][682x5120x1536][682x5120x1536][682x5120x1536][682x5120x1536][682x5120x1536][682x5120x1536][682x5120x1536][682x5120x1536][682x5120x1536][682x5120x1536][682x5120x1536][682x5120x1536][682x5120x1536][682x5120x1536][682x5120x1536][682x5120x1536][682x5120x1536][682x5120x1536]',,tensorop,f32,256,256,64,4,2,1,2,1,1,5,4,1,1,256,256,16,100,110,1711276032,1031463239680,602,1.08136,1473.84,953857
1,CUTLASS,grouped_gemm,cutlass3x_sm100_tensorop_gemm_grouped_bf16_bf16_f32_void_f32_256x256x64_4x2x1_0_tnt_align8_stream_k_2sm_epi_tma,passed,success,grouped,,,,,bf16:row,bf16:column,void:row,f32:row,1,0,invalid,invalid,heuristic,1,false,'[683x5120x1536][683x5120x1536][683x5120x1536][683x5120x1536][683x5120x1536][683x5120x1536][683x5120x1536][683x5120x1536][683x5120x1536][683x5120x1536][683x5120x1536][683x5120x1536][683x5120x1536][683x5120x1536][683x5120x1536][683x5120x1536][683x5120x1536][683x5120x1536][683x5120x1536][683x5120x1536][683x5120x1536][683x5120x1536][683x5120x1536][683x5120x1536][683x5120x1536][683x5120x1536][683x5120x1536][683x5120x1536][683x5120x1536][683x5120x1536][683x5120x1536][683x5120x1536][683x5120x1536][683x5120x1536][683x5120x1536][683x5120x1536][683x5120x1536][683x5120x1536][683x5120x1536][683x5120x1536][683x5120x1536][683x5120x1536][683x5120x1536][683x5120x1536][683x5120x1536][683x5120x1536][683x5120x1536][683x5120x1536][683x5120x1536][683x5120x1536][683x5120x1536][683x5120x1536][683x5120x1536][683x5120x1536][683x5120x1536][683x5120x1536][683x5120x1536][683x5120x1536][683x5120x1536][683x5120x1536][683x5120x1536][683x5120x1536][683x5120x1536][683x5120x1536][682x5120x1536][682x5120x1536][682x5120x1536][682x5120x1536][682x5120x1536][682x5120x1536][682x5120x1536][682x5120x1536][682x5120x1536][682x5120x1536][682x5120x1536][682x5120x1536][682x5120x1536][682x5120x1536][682x5120x1536][682x5120x1536][682x5120x1536][682x5120x1536][682x5120x1536][682x5120x1536][682x5120x1536][682x5120x1536][682x5120x1536][682x5120x1536][682x5120x1536][682x5120x1536][682x5120x1536][682x5120x1536][682x5120x1536][682x5120x1536][682x5120x1536][682x5120x1536]',,tensorop,f32,256,256,64,4,2,1,2,1,1,5,4,1,1,256,256,16,100,110,1711276032,1031463239680,602,1.08095,1474.39,954216
1,CUTLASS,grouped_gemm,cutlass3x_sm100_tensorop_gemm_grouped_bf16_bf16_f32_f32_f32_256x256x64_4x4x1_0_tnt_align8_2sm_epi_tma,passed,success,grouped,,,,,bf16:row,bf16:column,f32:row,f32:row,1,0,invalid,invalid,heuristic,1,false,'[683x5120x1536][683x5120x1536][683x5120x1536][683x5120x1536][683x5120x1536][683x5120x1536][683x5120x1536][683x5120x1536][683x5120x1536][683x5120x1536][683x5120x1536][683x5120x1536][683x5120x1536][683x5120x1536][683x5120x1536][683x5120x1536][683x5120x1536][683x5120x1536][683x5120x1536][683x5120x1536][683x5120x1536][683x5120x1536][683x5120x1536][683x5120x1536][683x5120x1536][683x5120x1536][683x5120x1536][683x5120x1536][683x5120x1536][683x5120x1536][683x5120x1536][683x5120x1536][683x5120x1536][683x5120x1536][683x5120x1536][683x5120x1536][683x5120x1536][683x5120x1536][683x5120x1536][683x5120x1536][683x5120x1536][683x5120x1536][683x5120x1536][683x5120x1536][683x5120x1536][683x5120x1536][683x5120x1536][683x5120x1536][683x5120x1536][683x5120x1536][683x5120x1536][683x5120x1536][683x5120x1536][683x5120x1536][683x5120x1536][683x5120x1536][683x5120x1536][683x5120x1536][683x5120x1536][683x5120x1536][683x5120x1536][683x5120x1536][683x5120x1536][683x5120x1536][682x5120x1536][682x5120x1536][682x5120x1536][682x5120x1536][682x5120x1536][682x5120x1536][682x5120x1536][682x5120x1536][682x5120x1536][682x5120x1536][682x5120x1536][682x5120x1536][682x5120x1536][682x5120x1536][682x5120x1536][682x5120x1536][682x5120x1536][682x5120x1536][682x5120x1536][682x5120x1536][682x5120x1536][682x5120x1536][682x5120x1536][682x5120x1536][682x5120x1536][682x5120x1536][682x5120x1536][682x5120x1536][682x5120x1536][682x5120x1536][682x5120x1536][682x5120x1536]',,tensorop,f32,256,256,64,4,4,1,2,1,1,4,4,1,1,256,256,16,100,110,3053453312,1031463239680,337,1.29828,2190.4,794485
1,CUTLASS,grouped_gemm,cutlass3x_sm100_tensorop_gemm_grouped_bf16_bf16_f32_f32_f32_256x256x64_4x4x1_0_tnt_align8_stream_k_2sm_epi_tma,passed,success,grouped,,,,,bf16:row,bf16:column,f32:row,f32:row,1,0,invalid,invalid,heuristic,1,false,'[683x5120x1536][683x5120x1536][683x5120x1536][683x5120x1536][683x5120x1536][683x5120x1536][683x5120x1536][683x5120x1536][683x5120x1536][683x5120x1536][683x5120x1536][683x5120x1536][683x5120x1536][683x5120x1536][683x5120x1536][683x5120x1536][683x5120x1536][683x5120x1536][683x5120x1536][683x5120x1536][683x5120x1536][683x5120x1536][683x5120x1536][683x5120x1536][683x5120x1536][683x5120x1536][683x5120x1536][683x5120x1536][683x5120x1536][683x5120x1536][683x5120x1536][683x5120x1536][683x5120x1536][683x5120x1536][683x5120x1536][683x5120x1536][683x5120x1536][683x5120x1536][683x5120x1536][683x5120x1536][683x5120x1536][683x5120x1536][683x5120x1536][683x5120x1536][683x5120x1536][683x5120x1536][683x5120x1536][683x5120x1536][683x5120x1536][683x5120x1536][683x5120x1536][683x5120x1536][683x5120x1536][683x5120x1536][683x5120x1536][683x5120x1536][683x5120x1536][683x5120x1536][683x5120x1536][683x5120x1536][683x5120x1536][683x5120x1536][683x5120x1536][683x5120x1536][682x5120x1536][682x5120x1536][682x5120x1536][682x5120x1536][682x5120x1536][682x5120x1536][682x5120x1536][682x5120x1536][682x5120x1536][682x5120x1536][682x5120x1536][682x5120x1536][682x5120x1536][682x5120x1536][682x5120x1536][682x5120x1536][682x5120x1536][682x5120x1536][682x5120x1536][682x5120x1536][682x5120x1536][682x5120x1536][682x5120x1536][682x5120x1536][682x5120x1536][682x5120x1536][682x5120x1536][682x5120x1536][682x5120x1536][682x5120x1536][682x5120x1536][682x5120x1536]',,tensorop,f32,256,256,64,4,4,1,2,1,1,4,4,1,1,256,256,16,100,110,3053453312,1031463239680,337,1.29969,2188.02,793623
1,CUTLASS,grouped_gemm,cutlass3x_sm100_tensorop_gemm_grouped_bf16_bf16_f32_void_f32_256x256x64_4x4x1_0_tnt_align8_2sm_epi_tma,passed,success,grouped,,,,,bf16:row,bf16:column,void:row,f32:row,1,0,invalid,invalid,heuristic,1,false,'[683x5120x1536][683x5120x1536][683x5120x1536][683x5120x1536][683x5120x1536][683x5120x1536][683x5120x1536][683x5120x1536][683x5120x1536][683x5120x1536][683x5120x1536][683x5120x1536][683x5120x1536][683x5120x1536][683x5120x1536][683x5120x1536][683x5120x1536][683x5120x1536][683x5120x1536][683x5120x1536][683x5120x1536][683x5120x1536][683x5120x1536][683x5120x1536][683x5120x1536][683x5120x1536][683x5120x1536][683x5120x1536][683x5120x1536][683x5120x1536][683x5120x1536][683x5120x1536][683x5120x1536][683x5120x1536][683x5120x1536][683x5120x1536][683x5120x1536][683x5120x1536][683x5120x1536][683x5120x1536][683x5120x1536][683x5120x1536][683x5120x1536][683x5120x1536][683x5120x1536][683x5120x1536][683x5120x1536][683x5120x1536][683x5120x1536][683x5120x1536][683x5120x1536][683x5120x1536][683x5120x1536][683x5120x1536][683x5120x1536][683x5120x1536][683x5120x1536][683x5120x1536][683x5120x1536][683x5120x1536][683x5120x1536][683x5120x1536][683x5120x1536][683x5120x1536][682x5120x1536][682x5120x1536][682x5120x1536][682x5120x1536][682x5120x1536][682x5120x1536][682x5120x1536][682x5120x1536][682x5120x1536][682x5120x1536][682x5120x1536][682x5120x1536][682x5120x1536][682x5120x1536][682x5120x1536][682x5120x1536][682x5120x1536][682x5120x1536][682x5120x1536][682x5120x1536][682x5120x1536][682x5120x1536][682x5120x1536][682x5120x1536][682x5120x1536][682x5120x1536][682x5120x1536][682x5120x1536][682x5120x1536][682x5120x1536][682x5120x1536][682x5120x1536]',,tensorop,f32,256,256,64,4,4,1,2,1,1,5,4,1,1,256,256,16,100,110,1711276032,1031463239680,602,1.1498,1386.12,897084
1,CUTLASS,grouped_gemm,cutlass3x_sm100_tensorop_gemm_grouped_bf16_bf16_f32_void_f32_256x256x64_4x4x1_0_tnt_align8_stream_k_2sm_epi_tma,passed,success,grouped,,,,,bf16:row,bf16:column,void:row,f32:row,1,0,invalid,invalid,heuristic,1,false,'[683x5120x1536][683x5120x1536][683x5120x1536][683x5120x1536][683x5120x1536][683x5120x1536][683x5120x1536][683x5120x1536][683x5120x1536][683x5120x1536][683x5120x1536][683x5120x1536][683x5120x1536][683x5120x1536][683x5120x1536][683x5120x1536][683x5120x1536][683x5120x1536][683x5120x1536][683x5120x1536][683x5120x1536][683x5120x1536][683x5120x1536][683x5120x1536][683x5120x1536][683x5120x1536][683x5120x1536][683x5120x1536][683x5120x1536][683x5120x1536][683x5120x1536][683x5120x1536][683x5120x1536][683x5120x1536][683x5120x1536][683x5120x1536][683x5120x1536][683x5120x1536][683x5120x1536][683x5120x1536][683x5120x1536][683x5120x1536][683x5120x1536][683x5120x1536][683x5120x1536][683x5120x1536][683x5120x1536][683x5120x1536][683x5120x1536][683x5120x1536][683x5120x1536][683x5120x1536][683x5120x1536][683x5120x1536][683x5120x1536][683x5120x1536][683x5120x1536][683x5120x1536][683x5120x1536][683x5120x1536][683x5120x1536][683x5120x1536][683x5120x1536][683x5120x1536][682x5120x1536][682x5120x1536][682x5120x1536][682x5120x1536][682x5120x1536][682x5120x1536][682x5120x1536][682x5120x1536][682x5120x1536][682x5120x1536][682x5120x1536][682x5120x1536][682x5120x1536][682x5120x1536][682x5120x1536][682x5120x1536][682x5120x1536][682x5120x1536][682x5120x1536][682x5120x1536][682x5120x1536][682x5120x1536][682x5120x1536][682x5120x1536][682x5120x1536][682x5120x1536][682x5120x1536][682x5120x1536][682x5120x1536][682x5120x1536][682x5120x1536][682x5120x1536]',,tensorop,f32,256,256,64,4,4,1,2,1,1,5,4,1,1,256,256,16,100,110,1711276032,1031463239680,602,1.14966,1386.27,897187
1,CUTLASS,grouped_gemm,cutlass3x_sm100_tensorop_gemm_grouped_bf16_bf16_f32_bf16_bf16_256x256x64_0x0x1_0_tnt_align8_2sm_epi_tma,passed,success,grouped,,,,,bf16:row,bf16:column,bf16:row,bf16:row,1,0,invalid,invalid,heuristic,1,false,'[683x5120x1536][683x5120x1536][683x5120x1536][683x5120x1536][683x5120x1536][683x5120x1536][683x5120x1536][683x5120x1536][683x5120x1536][683x5120x1536][683x5120x1536][683x5120x1536][683x5120x1536][683x5120x1536][683x5120x1536][683x5120x1536][683x5120x1536][683x5120x1536][683x5120x1536][683x5120x1536][683x5120x1536][683x5120x1536][683x5120x1536][683x5120x1536][683x5120x1536][683x5120x1536][683x5120x1536][683x5120x1536][683x5120x1536][683x5120x1536][683x5120x1536][683x5120x1536][683x5120x1536][683x5120x1536][683x5120x1536][683x5120x1536][683x5120x1536][683x5120x1536][683x5120x1536][683x5120x1536][683x5120x1536][683x5120x1536][683x5120x1536][683x5120x1536][683x5120x1536][683x5120x1536][683x5120x1536][683x5120x1536][683x5120x1536][683x5120x1536][683x5120x1536][683x5120x1536][683x5120x1536][683x5120x1536][683x5120x1536][683x5120x1536][683x5120x1536][683x5120x1536][683x5120x1536][683x5120x1536][683x5120x1536][683x5120x1536][683x5120x1536][683x5120x1536][682x5120x1536][682x5120x1536][682x5120x1536][682x5120x1536][682x5120x1536][682x5120x1536][682x5120x1536][682x5120x1536][682x5120x1536][682x5120x1536][682x5120x1536][682x5120x1536][682x5120x1536][682x5120x1536][682x5120x1536][682x5120x1536][682x5120x1536][682x5120x1536][682x5120x1536][682x5120x1536][682x5120x1536][682x5120x1536][682x5120x1536][682x5120x1536][682x5120x1536][682x5120x1536][682x5120x1536][682x5120x1536][682x5120x1536][682x5120x1536][682x5120x1536][682x5120x1536]',,tensorop,f32,256,256,64,2,1,1,2,1,1,4,4,1,1,256,256,16,100,110,2382364672,1031463239680,432,0.706506,3140.46,1.45995e+06
1,CUTLASS,grouped_gemm,cutlass3x_sm100_tensorop_gemm_grouped_bf16_bf16_f32_bf16_bf16_256x256x64_0x0x1_0_tnt_align8_stream_k_2sm_epi_tma,passed,success,grouped,,,,,bf16:row,bf16:column,bf16:row,bf16:row,1,0,invalid,invalid,heuristic,1,false,'[683x5120x1536][683x5120x1536][683x5120x1536][683x5120x1536][683x5120x1536][683x5120x1536][683x5120x1536][683x5120x1536][683x5120x1536][683x5120x1536][683x5120x1536][683x5120x1536][683x5120x1536][683x5120x1536][683x5120x1536][683x5120x1536][683x5120x1536][683x5120x1536][683x5120x1536][683x5120x1536][683x5120x1536][683x5120x1536][683x5120x1536][683x5120x1536][683x5120x1536][683x5120x1536][683x5120x1536][683x5120x1536][683x5120x1536][683x5120x1536][683x5120x1536][683x5120x1536][683x5120x1536][683x5120x1536][683x5120x1536][683x5120x1536][683x5120x1536][683x5120x1536][683x5120x1536][683x5120x1536][683x5120x1536][683x5120x1536][683x5120x1536][683x5120x1536][683x5120x1536][683x5120x1536][683x5120x1536][683x5120x1536][683x5120x1536][683x5120x1536][683x5120x1536][683x5120x1536][683x5120x1536][683x5120x1536][683x5120x1536][683x5120x1536][683x5120x1536][683x5120x1536][683x5120x1536][683x5120x1536][683x5120x1536][683x5120x1536][683x5120x1536][683x5120x1536][682x5120x1536][682x5120x1536][682x5120x1536][682x5120x1536][682x5120x1536][682x5120x1536][682x5120x1536][682x5120x1536][682x5120x1536][682x5120x1536][682x5120x1536][682x5120x1536][682x5120x1536][682x5120x1536][682x5120x1536][682x5120x1536][682x5120x1536][682x5120x1536][682x5120x1536][682x5120x1536][682x5120x1536][682x5120x1536][682x5120x1536][682x5120x1536][682x5120x1536][682x5120x1536][682x5120x1536][682x5120x1536][682x5120x1536][682x5120x1536][682x5120x1536][682x5120x1536]',,tensorop,f32,256,256,64,2,1,1,2,1,1,4,4,1,1,256,256,16,100,110,2382364672,1031463239680,432,0.706096,3142.28,1.4608e+06
1,CUTLASS,grouped_gemm,cutlass3x_sm100_tensorop_gemm_grouped_bf16_bf16_f32_void_bf16_256x256x64_0x0x1_0_tnt_align8_2sm_epi_tma,passed,success,grouped,,,,,bf16:row,bf16:column,void:row,bf16:row,1,0,invalid,invalid,heuristic,1,false,'[683x5120x1536][683x5120x1536][683x5120x1536][683x5120x1536][683x5120x1536][683x5120x1536][683x5120x1536][683x5120x1536][683x5120x1536][683x5120x1536][683x5120x1536][683x5120x1536][683x5120x1536][683x5120x1536][683x5120x1536][683x5120x1536][683x5120x1536][683x5120x1536][683x5120x1536][683x5120x1536][683x5120x1536][683x5120x1536][683x5120x1536][683x5120x1536][683x5120x1536][683x5120x1536][683x5120x1536][683x5120x1536][683x5120x1536][683x5120x1536][683x5120x1536][683x5120x1536][683x5120x1536][683x5120x1536][683x5120x1536][683x5120x1536][683x5120x1536][683x5120x1536][683x5120x1536][683x5120x1536][683x5120x1536][683x5120x1536][683x5120x1536][683x5120x1536][683x5120x1536][683x5120x1536][683x5120x1536][683x5120x1536][683x5120x1536][683x5120x1536][683x5120x1536][683x5120x1536][683x5120x1536][683x5120x1536][683x5120x1536][683x5120x1536][683x5120x1536][683x5120x1536][683x5120x1536][683x5120x1536][683x5120x1536][683x5120x1536][683x5120x1536][683x5120x1536][682x5120x1536][682x5120x1536][682x5120x1536][682x5120x1536][682x5120x1536][682x5120x1536][682x5120x1536][682x5120x1536][682x5120x1536][682x5120x1536][682x5120x1536][682x5120x1536][682x5120x1536][682x5120x1536][682x5120x1536][682x5120x1536][682x5120x1536][682x5120x1536][682x5120x1536][682x5120x1536][682x5120x1536][682x5120x1536][682x5120x1536][682x5120x1536][682x5120x1536][682x5120x1536][682x5120x1536][682x5120x1536][682x5120x1536][682x5120x1536][682x5120x1536][682x5120x1536]',,tensorop,f32,256,256,64,2,1,1,2,1,1,6,4,1,1,256,256,16,100,110,1711276032,1031463239680,602,0.633466,2515.92,1.62829e+06
1,CUTLASS,grouped_gemm,cutlass3x_sm100_tensorop_gemm_grouped_bf16_bf16_f32_void_bf16_256x256x64_0x0x1_0_tnt_align8_stream_k_2sm_epi_tma,passed,success,grouped,,,,,bf16:row,bf16:column,void:row,bf16:row,1,0,invalid,invalid,heuristic,1,false,'[683x5120x1536][683x5120x1536][683x5120x1536][683x5120x1536][683x5120x1536][683x5120x1536][683x5120x1536][683x5120x1536][683x5120x1536][683x5120x1536][683x5120x1536][683x5120x1536][683x5120x1536][683x5120x1536][683x5120x1536][683x5120x1536][683x5120x1536][683x5120x1536][683x5120x1536][683x5120x1536][683x5120x1536][683x5120x1536][683x5120x1536][683x5120x1536][683x5120x1536][683x5120x1536][683x5120x1536][683x5120x1536][683x5120x1536][683x5120x1536][683x5120x1536][683x5120x1536][683x5120x1536][683x5120x1536][683x5120x1536][683x5120x1536][683x5120x1536][683x5120x1536][683x5120x1536][683x5120x1536][683x5120x1536][683x5120x1536][683x5120x1536][683x5120x1536][683x5120x1536][683x5120x1536][683x5120x1536][683x5120x1536][683x5120x1536][683x5120x1536][683x5120x1536][683x5120x1536][683x5120x1536][683x5120x1536][683x5120x1536][683x5120x1536][683x5120x1536][683x5120x1536][683x5120x1536][683x5120x1536][683x5120x1536][683x5120x1536][683x5120x1536][683x5120x1536][682x5120x1536][682x5120x1536][682x5120x1536][682x5120x1536][682x5120x1536][682x5120x1536][682x5120x1536][682x5120x1536][682x5120x1536][682x5120x1536][682x5120x1536][682x5120x1536][682x5120x1536][682x5120x1536][682x5120x1536][682x5120x1536][682x5120x1536][682x5120x1536][682x5120x1536][682x5120x1536][682x5120x1536][682x5120x1536][682x5120x1536][682x5120x1536][682x5120x1536][682x5120x1536][682x5120x1536][682x5120x1536][682x5120x1536][682x5120x1536][682x5120x1536][682x5120x1536]',,tensorop,f32,256,256,64,2,1,1,2,1,1,6,4,1,1,256,256,16,100,110,1711276032,1031463239680,602,0.634688,2511.08,1.62515e+06
1,CUTLASS,grouped_gemm,cutlass3x_sm100_tensorop_gemm_grouped_bf16_bf16_f32_bf16_bf16_256x256x64_2x1x1_0_tnt_align8_2sm_epi_tma,passed,success,grouped,,,,,bf16:row,bf16:column,bf16:row,bf16:row,1,0,invalid,invalid,heuristic,1,false,'[683x5120x1536][683x5120x1536][683x5120x1536][683x5120x1536][683x5120x1536][683x5120x1536][683x5120x1536][683x5120x1536][683x5120x1536][683x5120x1536][683x5120x1536][683x5120x1536][683x5120x1536][683x5120x1536][683x5120x1536][683x5120x1536][683x5120x1536][683x5120x1536][683x5120x1536][683x5120x1536][683x5120x1536][683x5120x1536][683x5120x1536][683x5120x1536][683x5120x1536][683x5120x1536][683x5120x1536][683x5120x1536][683x5120x1536][683x5120x1536][683x5120x1536][683x5120x1536][683x5120x1536][683x5120x1536][683x5120x1536][683x5120x1536][683x5120x1536][683x5120x1536][683x5120x1536][683x5120x1536][683x5120x1536][683x5120x1536][683x5120x1536][683x5120x1536][683x5120x1536][683x5120x1536][683x5120x1536][683x5120x1536][683x5120x1536][683x5120x1536][683x5120x1536][683x5120x1536][683x5120x1536][683x5120x1536][683x5120x1536][683x5120x1536][683x5120x1536][683x5120x1536][683x5120x1536][683x5120x1536][683x5120x1536][683x5120x1536][683x5120x1536][683x5120x1536][682x5120x1536][682x5120x1536][682x5120x1536][682x5120x1536][682x5120x1536][682x5120x1536][682x5120x1536][682x5120x1536][682x5120x1536][682x5120x1536][682x5120x1536][682x5120x1536][682x5120x1536][682x5120x1536][682x5120x1536][682x5120x1536][682x5120x1536][682x5120x1536][682x5120x1536][682x5120x1536][682x5120x1536][682x5120x1536][682x5120x1536][682x5120x1536][682x5120x1536][682x5120x1536][682x5120x1536][682x5120x1536][682x5120x1536][682x5120x1536][682x5120x1536][682x5120x1536]',,tensorop,f32,256,256,64,2,1,1,2,1,1,4,4,1,1,256,256,16,100,110,2382364672,1031463239680,432,0.706509,3140.44,1.45994e+06
1,CUTLASS,grouped_gemm,cutlass3x_sm100_tensorop_gemm_grouped_bf16_bf16_f32_bf16_bf16_256x256x64_2x1x1_0_tnt_align8_stream_k_2sm_epi_tma,passed,success,grouped,,,,,bf16:row,bf16:column,bf16:row,bf16:row,1,0,invalid,invalid,heuristic,1,false,'[683x5120x1536][683x5120x1536][683x5120x1536][683x5120x1536][683x5120x1536][683x5120x1536][683x5120x1536][683x5120x1536][683x5120x1536][683x5120x1536][683x5120x1536][683x5120x1536][683x5120x1536][683x5120x1536][683x5120x1536][683x5120x1536][683x5120x1536][683x5120x1536][683x5120x1536][683x5120x1536][683x5120x1536][683x5120x1536][683x5120x1536][683x5120x1536][683x5120x1536][683x5120x1536][683x5120x1536][683x5120x1536][683x5120x1536][683x5120x1536][683x5120x1536][683x5120x1536][683x5120x1536][683x5120x1536][683x5120x1536][683x5120x1536][683x5120x1536][683x5120x1536][683x5120x1536][683x5120x1536][683x5120x1536][683x5120x1536][683x5120x1536][683x5120x1536][683x5120x1536][683x5120x1536][683x5120x1536][683x5120x1536][683x5120x1536][683x5120x1536][683x5120x1536][683x5120x1536][683x5120x1536][683x5120x1536][683x5120x1536][683x5120x1536][683x5120x1536][683x5120x1536][683x5120x1536][683x5120x1536][683x5120x1536][683x5120x1536][683x5120x1536][683x5120x1536][682x5120x1536][682x5120x1536][682x5120x1536][682x5120x1536][682x5120x1536][682x5120x1536][682x5120x1536][682x5120x1536][682x5120x1536][682x5120x1536][682x5120x1536][682x5120x1536][682x5120x1536][682x5120x1536][682x5120x1536][682x5120x1536][682x5120x1536][682x5120x1536][682x5120x1536][682x5120x1536][682x5120x1536][682x5120x1536][682x5120x1536][682x5120x1536][682x5120x1536][682x5120x1536][682x5120x1536][682x5120x1536][682x5120x1536][682x5120x1536][682x5120x1536][682x5120x1536]',,tensorop,f32,256,256,64,2,1,1,2,1,1,4,4,1,1,256,256,16,100,110,2382364672,1031463239680,432,0.705555,3144.69,1.46192e+06
1,CUTLASS,grouped_gemm,cutlass3x_sm100_tensorop_gemm_grouped_bf16_bf16_f32_void_bf16_256x256x64_2x1x1_0_tnt_align8_2sm_epi_tma,passed,success,grouped,,,,,bf16:row,bf16:column,void:row,bf16:row,1,0,invalid,invalid,heuristic,1,false,'[683x5120x1536][683x5120x1536][683x5120x1536][683x5120x1536][683x5120x1536][683x5120x1536][683x5120x1536][683x5120x1536][683x5120x1536][683x5120x1536][683x5120x1536][683x5120x1536][683x5120x1536][683x5120x1536][683x5120x1536][683x5120x1536][683x5120x1536][683x5120x1536][683x5120x1536][683x5120x1536][683x5120x1536][683x5120x1536][683x5120x1536][683x5120x1536][683x5120x1536][683x5120x1536][683x5120x1536][683x5120x1536][683x5120x1536][683x5120x1536][683x5120x1536][683x5120x1536][683x5120x1536][683x5120x1536][683x5120x1536][683x5120x1536][683x5120x1536][683x5120x1536][683x5120x1536][683x5120x1536][683x5120x1536][683x5120x1536][683x5120x1536][683x5120x1536][683x5120x1536][683x5120x1536][683x5120x1536][683x5120x1536][683x5120x1536][683x5120x1536][683x5120x1536][683x5120x1536][683x5120x1536][683x5120x1536][683x5120x1536][683x5120x1536][683x5120x1536][683x5120x1536][683x5120x1536][683x5120x1536][683x5120x1536][683x5120x1536][683x5120x1536][683x5120x1536][682x5120x1536][682x5120x1536][682x5120x1536][682x5120x1536][682x5120x1536][682x5120x1536][682x5120x1536][682x5120x1536][682x5120x1536][682x5120x1536][682x5120x1536][682x5120x1536][682x5120x1536][682x5120x1536][682x5120x1536][682x5120x1536][682x5120x1536][682x5120x1536][682x5120x1536][682x5120x1536][682x5120x1536][682x5120x1536][682x5120x1536][682x5120x1536][682x5120x1536][682x5120x1536][682x5120x1536][682x5120x1536][682x5120x1536][682x5120x1536][682x5120x1536][682x5120x1536]',,tensorop,f32,256,256,64,2,1,1,2,1,1,6,4,1,1,256,256,16,100,110,1711276032,1031463239680,602,0.634797,2510.65,1.62487e+06
1,CUTLASS,grouped_gemm,cutlass3x_sm100_tensorop_gemm_grouped_bf16_bf16_f32_void_bf16_256x256x64_2x1x1_0_tnt_align8_stream_k_2sm_epi_tma,passed,success,grouped,,,,,bf16:row,bf16:column,void:row,bf16:row,1,0,invalid,invalid,heuristic,1,false,'[683x5120x1536][683x5120x1536][683x5120x1536][683x5120x1536][683x5120x1536][683x5120x1536][683x5120x1536][683x5120x1536][683x5120x1536][683x5120x1536][683x5120x1536][683x5120x1536][683x5120x1536][683x5120x1536][683x5120x1536][683x5120x1536][683x5120x1536][683x5120x1536][683x5120x1536][683x5120x1536][683x5120x1536][683x5120x1536][683x5120x1536][683x5120x1536][683x5120x1536][683x5120x1536][683x5120x1536][683x5120x1536][683x5120x1536][683x5120x1536][683x5120x1536][683x5120x1536][683x5120x1536][683x5120x1536][683x5120x1536][683x5120x1536][683x5120x1536][683x5120x1536][683x5120x1536][683x5120x1536][683x5120x1536][683x5120x1536][683x5120x1536][683x5120x1536][683x5120x1536][683x5120x1536][683x5120x1536][683x5120x1536][683x5120x1536][683x5120x1536][683x5120x1536][683x5120x1536][683x5120x1536][683x5120x1536][683x5120x1536][683x5120x1536][683x5120x1536][683x5120x1536][683x5120x1536][683x5120x1536][683x5120x1536][683x5120x1536][683x5120x1536][683x5120x1536][682x5120x1536][682x5120x1536][682x5120x1536][682x5120x1536][682x5120x1536][682x5120x1536][682x5120x1536][682x5120x1536][682x5120x1536][682x5120x1536][682x5120x1536][682x5120x1536][682x5120x1536][682x5120x1536][682x5120x1536][682x5120x1536][682x5120x1536][682x5120x1536][682x5120x1536][682x5120x1536][682x5120x1536][682x5120x1536][682x5120x1536][682x5120x1536][682x5120x1536][682x5120x1536][682x5120x1536][682x5120x1536][682x5120x1536][682x5120x1536][682x5120x1536][682x5120x1536]',,tensorop,f32,256,256,64,2,1,1,2,1,1,6,4,1,1,256,256,16,100,110,1711276032,1031463239680,602,0.634413,2512.17,1.62585e+06
1,CUTLASS,grouped_gemm,cutlass3x_sm100_tensorop_gemm_grouped_bf16_bf16_f32_bf16_bf16_256x256x64_2x2x1_0_tnt_align8_2sm_epi_tma,passed,success,grouped,,,,,bf16:row,bf16:column,bf16:row,bf16:row,1,0,invalid,invalid,heuristic,1,false,'[683x5120x1536][683x5120x1536][683x5120x1536][683x5120x1536][683x5120x1536][683x5120x1536][683x5120x1536][683x5120x1536][683x5120x1536][683x5120x1536][683x5120x1536][683x5120x1536][683x5120x1536][683x5120x1536][683x5120x1536][683x5120x1536][683x5120x1536][683x5120x1536][683x5120x1536][683x5120x1536][683x5120x1536][683x5120x1536][683x5120x1536][683x5120x1536][683x5120x1536][683x5120x1536][683x5120x1536][683x5120x1536][683x5120x1536][683x5120x1536][683x5120x1536][683x5120x1536][683x5120x1536][683x5120x1536][683x5120x1536][683x5120x1536][683x5120x1536][683x5120x1536][683x5120x1536][683x5120x1536][683x5120x1536][683x5120x1536][683x5120x1536][683x5120x1536][683x5120x1536][683x5120x1536][683x5120x1536][683x5120x1536][683x5120x1536][683x5120x1536][683x5120x1536][683x5120x1536][683x5120x1536][683x5120x1536][683x5120x1536][683x5120x1536][683x5120x1536][683x5120x1536][683x5120x1536][683x5120x1536][683x5120x1536][683x5120x1536][683x5120x1536][683x5120x1536][682x5120x1536][682x5120x1536][682x5120x1536][682x5120x1536][682x5120x1536][682x5120x1536][682x5120x1536][682x5120x1536][682x5120x1536][682x5120x1536][682x5120x1536][682x5120x1536][682x5120x1536][682x5120x1536][682x5120x1536][682x5120x1536][682x5120x1536][682x5120x1536][682x5120x1536][682x5120x1536][682x5120x1536][682x5120x1536][682x5120x1536][682x5120x1536][682x5120x1536][682x5120x1536][682x5120x1536][682x5120x1536][682x5120x1536][682x5120x1536][682x5120x1536][682x5120x1536]',,tensorop,f32,256,256,64,2,2,1,2,1,1,4,4,1,1,256,256,16,100,110,2382364672,1031463239680,432,0.733542,3024.71,1.40614e+06
1,CUTLASS,grouped_gemm,cutlass3x_sm100_tensorop_gemm_grouped_bf16_bf16_f32_bf16_bf16_256x256x64_2x2x1_0_tnt_align8_stream_k_2sm_epi_tma,passed,success,grouped,,,,,bf16:row,bf16:column,bf16:row,bf16:row,1,0,invalid,invalid,heuristic,1,false,'[683x5120x1536][683x5120x1536][683x5120x1536][683x5120x1536][683x5120x1536][683x5120x1536][683x5120x1536][683x5120x1536][683x5120x1536][683x5120x1536][683x5120x1536][683x5120x1536][683x5120x1536][683x5120x1536][683x5120x1536][683x5120x1536][683x5120x1536][683x5120x1536][683x5120x1536][683x5120x1536][683x5120x1536][683x5120x1536][683x5120x1536][683x5120x1536][683x5120x1536][683x5120x1536][683x5120x1536][683x5120x1536][683x5120x1536][683x5120x1536][683x5120x1536][683x5120x1536][683x5120x1536][683x5120x1536][683x5120x1536][683x5120x1536][683x5120x1536][683x5120x1536][683x5120x1536][683x5120x1536][683x5120x1536][683x5120x1536][683x5120x1536][683x5120x1536][683x5120x1536][683x5120x1536][683x5120x1536][683x5120x1536][683x5120x1536][683x5120x1536][683x5120x1536][683x5120x1536][683x5120x1536][683x5120x1536][683x5120x1536][683x5120x1536][683x5120x1536][683x5120x1536][683x5120x1536][683x5120x1536][683x5120x1536][683x5120x1536][683x5120x1536][683x5120x1536][682x5120x1536][682x5120x1536][682x5120x1536][682x5120x1536][682x5120x1536][682x5120x1536][682x5120x1536][682x5120x1536][682x5120x1536][682x5120x1536][682x5120x1536][682x5120x1536][682x5120x1536][682x5120x1536][682x5120x1536][682x5120x1536][682x5120x1536][682x5120x1536][682x5120x1536][682x5120x1536][682x5120x1536][682x5120x1536][682x5120x1536][682x5120x1536][682x5120x1536][682x5120x1536][682x5120x1536][682x5120x1536][682x5120x1536][682x5120x1536][682x5120x1536][682x5120x1536]',,tensorop,f32,256,256,64,2,2,1,2,1,1,4,4,1,1,256,256,16,100,110,2382364672,1031463239680,432,0.734154,3022.19,1.40497e+06
1,CUTLASS,grouped_gemm,cutlass3x_sm100_tensorop_gemm_grouped_bf16_bf16_f32_void_bf16_256x256x64_2x2x1_0_tnt_align8_2sm_epi_tma,passed,success,grouped,,,,,bf16:row,bf16:column,void:row,bf16:row,1,0,invalid,invalid,heuristic,1,false,'[683x5120x1536][683x5120x1536][683x5120x1536][683x5120x1536][683x5120x1536][683x5120x1536][683x5120x1536][683x5120x1536][683x5120x1536][683x5120x1536][683x5120x1536][683x5120x1536][683x5120x1536][683x5120x1536][683x5120x1536][683x5120x1536][683x5120x1536][683x5120x1536][683x5120x1536][683x5120x1536][683x5120x1536][683x5120x1536][683x5120x1536][683x5120x1536][683x5120x1536][683x5120x1536][683x5120x1536][683x5120x1536][683x5120x1536][683x5120x1536][683x5120x1536][683x5120x1536][683x5120x1536][683x5120x1536][683x5120x1536][683x5120x1536][683x5120x1536][683x5120x1536][683x5120x1536][683x5120x1536][683x5120x1536][683x5120x1536][683x5120x1536][683x5120x1536][683x5120x1536][683x5120x1536][683x5120x1536][683x5120x1536][683x5120x1536][683x5120x1536][683x5120x1536][683x5120x1536][683x5120x1536][683x5120x1536][683x5120x1536][683x5120x1536][683x5120x1536][683x5120x1536][683x5120x1536][683x5120x1536][683x5120x1536][683x5120x1536][683x5120x1536][683x5120x1536][682x5120x1536][682x5120x1536][682x5120x1536][682x5120x1536][682x5120x1536][682x5120x1536][682x5120x1536][682x5120x1536][682x5120x1536][682x5120x1536][682x5120x1536][682x5120x1536][682x5120x1536][682x5120x1536][682x5120x1536][682x5120x1536][682x5120x1536][682x5120x1536][682x5120x1536][682x5120x1536][682x5120x1536][682x5120x1536][682x5120x1536][682x5120x1536][682x5120x1536][682x5120x1536][682x5120x1536][682x5120x1536][682x5120x1536][682x5120x1536][682x5120x1536][682x5120x1536]',,tensorop,f32,256,256,64,2,2,1,2,1,1,6,4,1,1,256,256,16,100,110,1711276032,1031463239680,602,0.640029,2490.12,1.61159e+06
1,CUTLASS,grouped_gemm,cutlass3x_sm100_tensorop_gemm_grouped_bf16_bf16_f32_void_bf16_256x256x64_2x2x1_0_tnt_align8_stream_k_2sm_epi_tma,passed,success,grouped,,,,,bf16:row,bf16:column,void:row,bf16:row,1,0,invalid,invalid,heuristic,1,false,'[683x5120x1536][683x5120x1536][683x5120x1536][683x5120x1536][683x5120x1536][683x5120x1536][683x5120x1536][683x5120x1536][683x5120x1536][683x5120x1536][683x5120x1536][683x5120x1536][683x5120x1536][683x5120x1536][683x5120x1536][683x5120x1536][683x5120x1536][683x5120x1536][683x5120x1536][683x5120x1536][683x5120x1536][683x5120x1536][683x5120x1536][683x5120x1536][683x5120x1536][683x5120x1536][683x5120x1536][683x5120x1536][683x5120x1536][683x5120x1536][683x5120x1536][683x5120x1536][683x5120x1536][683x5120x1536][683x5120x1536][683x5120x1536][683x5120x1536][683x5120x1536][683x5120x1536][683x5120x1536][683x5120x1536][683x5120x1536][683x5120x1536][683x5120x1536][683x5120x1536][683x5120x1536][683x5120x1536][683x5120x1536][683x5120x1536][683x5120x1536][683x5120x1536][683x5120x1536][683x5120x1536][683x5120x1536][683x5120x1536][683x5120x1536][683x5120x1536][683x5120x1536][683x5120x1536][683x5120x1536][683x5120x1536][683x5120x1536][683x5120x1536][683x5120x1536][682x5120x1536][682x5120x1536][682x5120x1536][682x5120x1536][682x5120x1536][682x5120x1536][682x5120x1536][682x5120x1536][682x5120x1536][682x5120x1536][682x5120x1536][682x5120x1536][682x5120x1536][682x5120x1536][682x5120x1536][682x5120x1536][682x5120x1536][682x5120x1536][682x5120x1536][682x5120x1536][682x5120x1536][682x5120x1536][682x5120x1536][682x5120x1536][682x5120x1536][682x5120x1536][682x5120x1536][682x5120x1536][682x5120x1536][682x5120x1536][682x5120x1536][682x5120x1536]',,tensorop,f32,256,256,64,2,2,1,2,1,1,6,4,1,1,256,256,16,100,110,1711276032,1031463239680,602,0.636157,2505.28,1.6214e+06
1,CUTLASS,grouped_gemm,cutlass3x_sm100_tensorop_gemm_grouped_bf16_bf16_f32_bf16_bf16_256x256x64_4x1x1_0_tnt_align8_2sm_epi_tma,passed,success,grouped,,,,,bf16:row,bf16:column,bf16:row,bf16:row,1,0,invalid,invalid,heuristic,1,false,'[683x5120x1536][683x5120x1536][683x5120x1536][683x5120x1536][683x5120x1536][683x5120x1536][683x5120x1536][683x5120x1536][683x5120x1536][683x5120x1536][683x5120x1536][683x5120x1536][683x5120x1536][683x5120x1536][683x5120x1536][683x5120x1536][683x5120x1536][683x5120x1536][683x5120x1536][683x5120x1536][683x5120x1536][683x5120x1536][683x5120x1536][683x5120x1536][683x5120x1536][683x5120x1536][683x5120x1536][683x5120x1536][683x5120x1536][683x5120x1536][683x5120x1536][683x5120x1536][683x5120x1536][683x5120x1536][683x5120x1536][683x5120x1536][683x5120x1536][683x5120x1536][683x5120x1536][683x5120x1536][683x5120x1536][683x5120x1536][683x5120x1536][683x5120x1536][683x5120x1536][683x5120x1536][683x5120x1536][683x5120x1536][683x5120x1536][683x5120x1536][683x5120x1536][683x5120x1536][683x5120x1536][683x5120x1536][683x5120x1536][683x5120x1536][683x5120x1536][683x5120x1536][683x5120x1536][683x5120x1536][683x5120x1536][683x5120x1536][683x5120x1536][683x5120x1536][682x5120x1536][682x5120x1536][682x5120x1536][682x5120x1536][682x5120x1536][682x5120x1536][682x5120x1536][682x5120x1536][682x5120x1536][682x5120x1536][682x5120x1536][682x5120x1536][682x5120x1536][682x5120x1536][682x5120x1536][682x5120x1536][682x5120x1536][682x5120x1536][682x5120x1536][682x5120x1536][682x5120x1536][682x5120x1536][682x5120x1536][682x5120x1536][682x5120x1536][682x5120x1536][682x5120x1536][682x5120x1536][682x5120x1536][682x5120x1536][682x5120x1536][682x5120x1536]',,tensorop,f32,256,256,64,4,1,1,2,1,1,4,4,1,1,256,256,16,100,110,2382364672,1031463239680,432,0.947245,2342.32,1.08891e+06
1,CUTLASS,grouped_gemm,cutlass3x_sm100_tensorop_gemm_grouped_bf16_bf16_f32_bf16_bf16_256x256x64_4x1x1_0_tnt_align8_stream_k_2sm_epi_tma,passed,success,grouped,,,,,bf16:row,bf16:column,bf16:row,bf16:row,1,0,invalid,invalid,heuristic,1,false,'[683x5120x1536][683x5120x1536][683x5120x1536][683x5120x1536][683x5120x1536][683x5120x1536][683x5120x1536][683x5120x1536][683x5120x1536][683x5120x1536][683x5120x1536][683x5120x1536][683x5120x1536][683x5120x1536][683x5120x1536][683x5120x1536][683x5120x1536][683x5120x1536][683x5120x1536][683x5120x1536][683x5120x1536][683x5120x1536][683x5120x1536][683x5120x1536][683x5120x1536][683x5120x1536][683x5120x1536][683x5120x1536][683x5120x1536][683x5120x1536][683x5120x1536][683x5120x1536][683x5120x1536][683x5120x1536][683x5120x1536][683x5120x1536][683x5120x1536][683x5120x1536][683x5120x1536][683x5120x1536][683x5120x1536][683x5120x1536][683x5120x1536][683x5120x1536][683x5120x1536][683x5120x1536][683x5120x1536][683x5120x1536][683x5120x1536][683x5120x1536][683x5120x1536][683x5120x1536][683x5120x1536][683x5120x1536][683x5120x1536][683x5120x1536][683x5120x1536][683x5120x1536][683x5120x1536][683x5120x1536][683x5120x1536][683x5120x1536][683x5120x1536][683x5120x1536][682x5120x1536][682x5120x1536][682x5120x1536][682x5120x1536][682x5120x1536][682x5120x1536][682x5120x1536][682x5120x1536][682x5120x1536][682x5120x1536][682x5120x1536][682x5120x1536][682x5120x1536][682x5120x1536][682x5120x1536][682x5120x1536][682x5120x1536][682x5120x1536][682x5120x1536][682x5120x1536][682x5120x1536][682x5120x1536][682x5120x1536][682x5120x1536][682x5120x1536][682x5120x1536][682x5120x1536][682x5120x1536][682x5120x1536][682x5120x1536][682x5120x1536][682x5120x1536]',,tensorop,f32,256,256,64,4,1,1,2,1,1,4,4,1,1,256,256,16,100,110,2382364672,1031463239680,432,0.947939,2340.6,1.08811e+06
1,CUTLASS,grouped_gemm,cutlass3x_sm100_tensorop_gemm_grouped_bf16_bf16_f32_void_bf16_256x256x64_4x1x1_0_tnt_align8_2sm_epi_tma,passed,success,grouped,,,,,bf16:row,bf16:column,void:row,bf16:row,1,0,invalid,invalid,heuristic,1,false,'[683x5120x1536][683x5120x1536][683x5120x1536][683x5120x1536][683x5120x1536][683x5120x1536][683x5120x1536][683x5120x1536][683x5120x1536][683x5120x1536][683x5120x1536][683x5120x1536][683x5120x1536][683x5120x1536][683x5120x1536][683x5120x1536][683x5120x1536][683x5120x1536][683x5120x1536][683x5120x1536][683x5120x1536][683x5120x1536][683x5120x1536][683x5120x1536][683x5120x1536][683x5120x1536][683x5120x1536][683x5120x1536][683x5120x1536][683x5120x1536][683x5120x1536][683x5120x1536][683x5120x1536][683x5120x1536][683x5120x1536][683x5120x1536][683x5120x1536][683x5120x1536][683x5120x1536][683x5120x1536][683x5120x1536][683x5120x1536][683x5120x1536][683x5120x1536][683x5120x1536][683x5120x1536][683x5120x1536][683x5120x1536][683x5120x1536][683x5120x1536][683x5120x1536][683x5120x1536][683x5120x1536][683x5120x1536][683x5120x1536][683x5120x1536][683x5120x1536][683x5120x1536][683x5120x1536][683x5120x1536][683x5120x1536][683x5120x1536][683x5120x1536][683x5120x1536][682x5120x1536][682x5120x1536][682x5120x1536][682x5120x1536][682x5120x1536][682x5120x1536][682x5120x1536][682x5120x1536][682x5120x1536][682x5120x1536][682x5120x1536][682x5120x1536][682x5120x1536][682x5120x1536][682x5120x1536][682x5120x1536][682x5120x1536][682x5120x1536][682x5120x1536][682x5120x1536][682x5120x1536][682x5120x1536][682x5120x1536][682x5120x1536][682x5120x1536][682x5120x1536][682x5120x1536][682x5120x1536][682x5120x1536][682x5120x1536][682x5120x1536][682x5120x1536]',,tensorop,f32,256,256,64,4,1,1,2,1,1,6,4,1,1,256,256,16,100,110,1711276032,1031463239680,602,0.798973,1994.75,1.29099e+06
1,CUTLASS,grouped_gemm,cutlass3x_sm100_tensorop_gemm_grouped_bf16_bf16_f32_void_bf16_256x256x64_4x1x1_0_tnt_align8_stream_k_2sm_epi_tma,passed,success,grouped,,,,,bf16:row,bf16:column,void:row,bf16:row,1,0,invalid,invalid,heuristic,1,false,'[683x5120x1536][683x5120x1536][683x5120x1536][683x5120x1536][683x5120x1536][683x5120x1536][683x5120x1536][683x5120x1536][683x5120x1536][683x5120x1536][683x5120x1536][683x5120x1536][683x5120x1536][683x5120x1536][683x5120x1536][683x5120x1536][683x5120x1536][683x5120x1536][683x5120x1536][683x5120x1536][683x5120x1536][683x5120x1536][683x5120x1536][683x5120x1536][683x5120x1536][683x5120x1536][683x5120x1536][683x5120x1536][683x5120x1536][683x5120x1536][683x5120x1536][683x5120x1536][683x5120x1536][683x5120x1536][683x5120x1536][683x5120x1536][683x5120x1536][683x5120x1536][683x5120x1536][683x5120x1536][683x5120x1536][683x5120x1536][683x5120x1536][683x5120x1536][683x5120x1536][683x5120x1536][683x5120x1536][683x5120x1536][683x5120x1536][683x5120x1536][683x5120x1536][683x5120x1536][683x5120x1536][683x5120x1536][683x5120x1536][683x5120x1536][683x5120x1536][683x5120x1536][683x5120x1536][683x5120x1536][683x5120x1536][683x5120x1536][683x5120x1536][683x5120x1536][682x5120x1536][682x5120x1536][682x5120x1536][682x5120x1536][682x5120x1536][682x5120x1536][682x5120x1536][682x5120x1536][682x5120x1536][682x5120x1536][682x5120x1536][682x5120x1536][682x5120x1536][682x5120x1536][682x5120x1536][682x5120x1536][682x5120x1536][682x5120x1536][682x5120x1536][682x5120x1536][682x5120x1536][682x5120x1536][682x5120x1536][682x5120x1536][682x5120x1536][682x5120x1536][682x5120x1536][682x5120x1536][682x5120x1536][682x5120x1536][682x5120x1536][682x5120x1536]',,tensorop,f32,256,256,64,4,1,1,2,1,1,6,4,1,1,256,256,16,100,110,1711276032,1031463239680,602,0.795594,2003.22,1.29647e+06
1,CUTLASS,grouped_gemm,cutlass3x_sm100_tensorop_gemm_grouped_bf16_bf16_f32_bf16_bf16_256x256x64_2x4x1_0_tnt_align8_2sm_epi_tma,passed,success,grouped,,,,,bf16:row,bf16:column,bf16:row,bf16:row,1,0,invalid,invalid,heuristic,1,false,'[683x5120x1536][683x5120x1536][683x5120x1536][683x5120x1536][683x5120x1536][683x5120x1536][683x5120x1536][683x5120x1536][683x5120x1536][683x5120x1536][683x5120x1536][683x5120x1536][683x5120x1536][683x5120x1536][683x5120x1536][683x5120x1536][683x5120x1536][683x5120x1536][683x5120x1536][683x5120x1536][683x5120x1536][683x5120x1536][683x5120x1536][683x5120x1536][683x5120x1536][683x5120x1536][683x5120x1536][683x5120x1536][683x5120x1536][683x5120x1536][683x5120x1536][683x5120x1536][683x5120x1536][683x5120x1536][683x5120x1536][683x5120x1536][683x5120x1536][683x5120x1536][683x5120x1536][683x5120x1536][683x5120x1536][683x5120x1536][683x5120x1536][683x5120x1536][683x5120x1536][683x5120x1536][683x5120x1536][683x5120x1536][683x5120x1536][683x5120x1536][683x5120x1536][683x5120x1536][683x5120x1536][683x5120x1536][683x5120x1536][683x5120x1536][683x5120x1536][683x5120x1536][683x5120x1536][683x5120x1536][683x5120x1536][683x5120x1536][683x5120x1536][683x5120x1536][682x5120x1536][682x5120x1536][682x5120x1536][682x5120x1536][682x5120x1536][682x5120x1536][682x5120x1536][682x5120x1536][682x5120x1536][682x5120x1536][682x5120x1536][682x5120x1536][682x5120x1536][682x5120x1536][682x5120x1536][682x5120x1536][682x5120x1536][682x5120x1536][682x5120x1536][682x5120x1536][682x5120x1536][682x5120x1536][682x5120x1536][682x5120x1536][682x5120x1536][682x5120x1536][682x5120x1536][682x5120x1536][682x5120x1536][682x5120x1536][682x5120x1536][682x5120x1536]',,tensorop,f32,256,256,64,2,4,1,2,1,1,4,4,1,1,256,256,16,100,110,2382364672,1031463239680,432,0.923568,2402.37,1.11682e+06
1,CUTLASS,grouped_gemm,cutlass3x_sm100_tensorop_gemm_grouped_bf16_bf16_f32_bf16_bf16_256x256x64_2x4x1_0_tnt_align8_stream_k_2sm_epi_tma,passed,success,grouped,,,,,bf16:row,bf16:column,bf16:row,bf16:row,1,0,invalid,invalid,heuristic,1,false,'[683x5120x1536][683x5120x1536][683x5120x1536][683x5120x1536][683x5120x1536][683x5120x1536][683x5120x1536][683x5120x1536][683x5120x1536][683x5120x1536][683x5120x1536][683x5120x1536][683x5120x1536][683x5120x1536][683x5120x1536][683x5120x1536][683x5120x1536][683x5120x1536][683x5120x1536][683x5120x1536][683x5120x1536][683x5120x1536][683x5120x1536][683x5120x1536][683x5120x1536][683x5120x1536][683x5120x1536][683x5120x1536][683x5120x1536][683x5120x1536][683x5120x1536][683x5120x1536][683x5120x1536][683x5120x1536][683x5120x1536][683x5120x1536][683x5120x1536][683x5120x1536][683x5120x1536][683x5120x1536][683x5120x1536][683x5120x1536][683x5120x1536][683x5120x1536][683x5120x1536][683x5120x1536][683x5120x1536][683x5120x1536][683x5120x1536][683x5120x1536][683x5120x1536][683x5120x1536][683x5120x1536][683x5120x1536][683x5120x1536][683x5120x1536][683x5120x1536][683x5120x1536][683x5120x1536][683x5120x1536][683x5120x1536][683x5120x1536][683x5120x1536][683x5120x1536][682x5120x1536][682x5120x1536][682x5120x1536][682x5120x1536][682x5120x1536][682x5120x1536][682x5120x1536][682x5120x1536][682x5120x1536][682x5120x1536][682x5120x1536][682x5120x1536][682x5120x1536][682x5120x1536][682x5120x1536][682x5120x1536][682x5120x1536][682x5120x1536][682x5120x1536][682x5120x1536][682x5120x1536][682x5120x1536][682x5120x1536][682x5120x1536][682x5120x1536][682x5120x1536][682x5120x1536][682x5120x1536][682x5120x1536][682x5120x1536][682x5120x1536][682x5120x1536]',,tensorop,f32,256,256,64,2,4,1,2,1,1,4,4,1,1,256,256,16,100,110,2382364672,1031463239680,432,0.923898,2401.51,1.11643e+06
1,CUTLASS,grouped_gemm,cutlass3x_sm100_tensorop_gemm_grouped_bf16_bf16_f32_void_bf16_256x256x64_2x4x1_0_tnt_align8_2sm_epi_tma,passed,success,grouped,,,,,bf16:row,bf16:column,void:row,bf16:row,1,0,invalid,invalid,heuristic,1,false,'[683x5120x1536][683x5120x1536][683x5120x1536][683x5120x1536][683x5120x1536][683x5120x1536][683x5120x1536][683x5120x1536][683x5120x1536][683x5120x1536][683x5120x1536][683x5120x1536][683x5120x1536][683x5120x1536][683x5120x1536][683x5120x1536][683x5120x1536][683x5120x1536][683x5120x1536][683x5120x1536][683x5120x1536][683x5120x1536][683x5120x1536][683x5120x1536][683x5120x1536][683x5120x1536][683x5120x1536][683x5120x1536][683x5120x1536][683x5120x1536][683x5120x1536][683x5120x1536][683x5120x1536][683x5120x1536][683x5120x1536][683x5120x1536][683x5120x1536][683x5120x1536][683x5120x1536][683x5120x1536][683x5120x1536][683x5120x1536][683x5120x1536][683x5120x1536][683x5120x1536][683x5120x1536][683x5120x1536][683x5120x1536][683x5120x1536][683x5120x1536][683x5120x1536][683x5120x1536][683x5120x1536][683x5120x1536][683x5120x1536][683x5120x1536][683x5120x1536][683x5120x1536][683x5120x1536][683x5120x1536][683x5120x1536][683x5120x1536][683x5120x1536][683x5120x1536][682x5120x1536][682x5120x1536][682x5120x1536][682x5120x1536][682x5120x1536][682x5120x1536][682x5120x1536][682x5120x1536][682x5120x1536][682x5120x1536][682x5120x1536][682x5120x1536][682x5120x1536][682x5120x1536][682x5120x1536][682x5120x1536][682x5120x1536][682x5120x1536][682x5120x1536][682x5120x1536][682x5120x1536][682x5120x1536][682x5120x1536][682x5120x1536][682x5120x1536][682x5120x1536][682x5120x1536][682x5120x1536][682x5120x1536][682x5120x1536][682x5120x1536][682x5120x1536]',,tensorop,f32,256,256,64,2,4,1,2,1,1,6,4,1,1,256,256,16,100,110,1711276032,1031463239680,602,0.706586,2255.57,1.45979e+06
1,CUTLASS,grouped_gemm,cutlass3x_sm100_tensorop_gemm_grouped_bf16_bf16_f32_void_bf16_256x256x64_2x4x1_0_tnt_align8_stream_k_2sm_epi_tma,passed,success,grouped,,,,,bf16:row,bf16:column,void:row,bf16:row,1,0,invalid,invalid,heuristic,1,false,'[683x5120x1536][683x5120x1536][683x5120x1536][683x5120x1536][683x5120x1536][683x5120x1536][683x5120x1536][683x5120x1536][683x5120x1536][683x5120x1536][683x5120x1536][683x5120x1536][683x5120x1536][683x5120x1536][683x5120x1536][683x5120x1536][683x5120x1536][683x5120x1536][683x5120x1536][683x5120x1536][683x5120x1536][683x5120x1536][683x5120x1536][683x5120x1536][683x5120x1536][683x5120x1536][683x5120x1536][683x5120x1536][683x5120x1536][683x5120x1536][683x5120x1536][683x5120x1536][683x5120x1536][683x5120x1536][683x5120x1536][683x5120x1536][683x5120x1536][683x5120x1536][683x5120x1536][683x5120x1536][683x5120x1536][683x5120x1536][683x5120x1536][683x5120x1536][683x5120x1536][683x5120x1536][683x5120x1536][683x5120x1536][683x5120x1536][683x5120x1536][683x5120x1536][683x5120x1536][683x5120x1536][683x5120x1536][683x5120x1536][683x5120x1536][683x5120x1536][683x5120x1536][683x5120x1536][683x5120x1536][683x5120x1536][683x5120x1536][683x5120x1536][683x5120x1536][682x5120x1536][682x5120x1536][682x5120x1536][682x5120x1536][682x5120x1536][682x5120x1536][682x5120x1536][682x5120x1536][682x5120x1536][682x5120x1536][682x5120x1536][682x5120x1536][682x5120x1536][682x5120x1536][682x5120x1536][682x5120x1536][682x5120x1536][682x5120x1536][682x5120x1536][682x5120x1536][682x5120x1536][682x5120x1536][682x5120x1536][682x5120x1536][682x5120x1536][682x5120x1536][682x5120x1536][682x5120x1536][682x5120x1536][682x5120x1536][682x5120x1536][682x5120x1536]',,tensorop,f32,256,256,64,2,4,1,2,1,1,6,4,1,1,256,256,16,100,110,1711276032,1031463239680,602,0.706374,2256.24,1.46022e+06
1,CUTLASS,grouped_gemm,cutlass3x_sm100_tensorop_gemm_grouped_bf16_bf16_f32_bf16_bf16_256x256x64_4x2x1_0_tnt_align8_2sm_epi_tma,passed,success,grouped,,,,,bf16:row,bf16:column,bf16:row,bf16:row,1,0,invalid,invalid,heuristic,1,false,'[683x5120x1536][683x5120x1536][683x5120x1536][683x5120x1536][683x5120x1536][683x5120x1536][683x5120x1536][683x5120x1536][683x5120x1536][683x5120x1536][683x5120x1536][683x5120x1536][683x5120x1536][683x5120x1536][683x5120x1536][683x5120x1536][683x5120x1536][683x5120x1536][683x5120x1536][683x5120x1536][683x5120x1536][683x5120x1536][683x5120x1536][683x5120x1536][683x5120x1536][683x5120x1536][683x5120x1536][683x5120x1536][683x5120x1536][683x5120x1536][683x5120x1536][683x5120x1536][683x5120x1536][683x5120x1536][683x5120x1536][683x5120x1536][683x5120x1536][683x5120x1536][683x5120x1536][683x5120x1536][683x5120x1536][683x5120x1536][683x5120x1536][683x5120x1536][683x5120x1536][683x5120x1536][683x5120x1536][683x5120x1536][683x5120x1536][683x5120x1536][683x5120x1536][683x5120x1536][683x5120x1536][683x5120x1536][683x5120x1536][683x5120x1536][683x5120x1536][683x5120x1536][683x5120x1536][683x5120x1536][683x5120x1536][683x5120x1536][683x5120x1536][683x5120x1536][682x5120x1536][682x5120x1536][682x5120x1536][682x5120x1536][682x5120x1536][682x5120x1536][682x5120x1536][682x5120x1536][682x5120x1536][682x5120x1536][682x5120x1536][682x5120x1536][682x5120x1536][682x5120x1536][682x5120x1536][682x5120x1536][682x5120x1536][682x5120x1536][682x5120x1536][682x5120x1536][682x5120x1536][682x5120x1536][682x5120x1536][682x5120x1536][682x5120x1536][682x5120x1536][682x5120x1536][682x5120x1536][682x5120x1536][682x5120x1536][682x5120x1536][682x5120x1536]',,tensorop,f32,256,256,64,4,2,1,2,1,1,4,4,1,1,256,256,16,100,110,2382364672,1031463239680,432,1.12953,1964.32,913182
1,CUTLASS,grouped_gemm,cutlass3x_sm100_tensorop_gemm_grouped_bf16_bf16_f32_bf16_bf16_256x256x64_4x2x1_0_tnt_align8_stream_k_2sm_epi_tma,passed,success,grouped,,,,,bf16:row,bf16:column,bf16:row,bf16:row,1,0,invalid,invalid,heuristic,1,false,'[683x5120x1536][683x5120x1536][683x5120x1536][683x5120x1536][683x5120x1536][683x5120x1536][683x5120x1536][683x5120x1536][683x5120x1536][683x5120x1536][683x5120x1536][683x5120x1536][683x5120x1536][683x5120x1536][683x5120x1536][683x5120x1536][683x5120x1536][683x5120x1536][683x5120x1536][683x5120x1536][683x5120x1536][683x5120x1536][683x5120x1536][683x5120x1536][683x5120x1536][683x5120x1536][683x5120x1536][683x5120x1536][683x5120x1536][683x5120x1536][683x5120x1536][683x5120x1536][683x5120x1536][683x5120x1536][683x5120x1536][683x5120x1536][683x5120x1536][683x5120x1536][683x5120x1536][683x5120x1536][683x5120x1536][683x5120x1536][683x5120x1536][683x5120x1536][683x5120x1536][683x5120x1536][683x5120x1536][683x5120x1536][683x5120x1536][683x5120x1536][683x5120x1536][683x5120x1536][683x5120x1536][683x5120x1536][683x5120x1536][683x5120x1536][683x5120x1536][683x5120x1536][683x5120x1536][683x5120x1536][683x5120x1536][683x5120x1536][683x5120x1536][683x5120x1536][682x5120x1536][682x5120x1536][682x5120x1536][682x5120x1536][682x5120x1536][682x5120x1536][682x5120x1536][682x5120x1536][682x5120x1536][682x5120x1536][682x5120x1536][682x5120x1536][682x5120x1536][682x5120x1536][682x5120x1536][682x5120x1536][682x5120x1536][682x5120x1536][682x5120x1536][682x5120x1536][682x5120x1536][682x5120x1536][682x5120x1536][682x5120x1536][682x5120x1536][682x5120x1536][682x5120x1536][682x5120x1536][682x5120x1536][682x5120x1536][682x5120x1536][682x5120x1536]',,tensorop,f32,256,256,64,4,2,1,2,1,1,4,4,1,1,256,256,16,100,110,2382364672,1031463239680,432,1.12939,1964.56,913293
1,CUTLASS,grouped_gemm,cutlass3x_sm100_tensorop_gemm_grouped_bf16_bf16_f32_void_bf16_256x256x64_4x2x1_0_tnt_align8_2sm_epi_tma,passed,success,grouped,,,,,bf16:row,bf16:column,void:row,bf16:row,1,0,invalid,invalid,heuristic,1,false,'[683x5120x1536][683x5120x1536][683x5120x1536][683x5120x1536][683x5120x1536][683x5120x1536][683x5120x1536][683x5120x1536][683x5120x1536][683x5120x1536][683x5120x1536][683x5120x1536][683x5120x1536][683x5120x1536][683x5120x1536][683x5120x1536][683x5120x1536][683x5120x1536][683x5120x1536][683x5120x1536][683x5120x1536][683x5120x1536][683x5120x1536][683x5120x1536][683x5120x1536][683x5120x1536][683x5120x1536][683x5120x1536][683x5120x1536][683x5120x1536][683x5120x1536][683x5120x1536][683x5120x1536][683x5120x1536][683x5120x1536][683x5120x1536][683x5120x1536][683x5120x1536][683x5120x1536][683x5120x1536][683x5120x1536][683x5120x1536][683x5120x1536][683x5120x1536][683x5120x1536][683x5120x1536][683x5120x1536][683x5120x1536][683x5120x1536][683x5120x1536][683x5120x1536][683x5120x1536][683x5120x1536][683x5120x1536][683x5120x1536][683x5120x1536][683x5120x1536][683x5120x1536][683x5120x1536][683x5120x1536][683x5120x1536][683x5120x1536][683x5120x1536][683x5120x1536][682x5120x1536][682x5120x1536][682x5120x1536][682x5120x1536][682x5120x1536][682x5120x1536][682x5120x1536][682x5120x1536][682x5120x1536][682x5120x1536][682x5120x1536][682x5120x1536][682x5120x1536][682x5120x1536][682x5120x1536][682x5120x1536][682x5120x1536][682x5120x1536][682x5120x1536][682x5120x1536][682x5120x1536][682x5120x1536][682x5120x1536][682x5120x1536][682x5120x1536][682x5120x1536][682x5120x1536][682x5120x1536][682x5120x1536][682x5120x1536][682x5120x1536][682x5120x1536]',,tensorop,f32,256,256,64,4,2,1,2,1,1,6,4,1,1,256,256,16,100,110,1711276032,1031463239680,602,0.896326,1778.09,1.15077e+06
1,CUTLASS,grouped_gemm,cutlass3x_sm100_tensorop_gemm_grouped_bf16_bf16_f32_void_bf16_256x256x64_4x2x1_0_tnt_align8_stream_k_2sm_epi_tma,passed,success,grouped,,,,,bf16:row,bf16:column,void:row,bf16:row,1,0,invalid,invalid,heuristic,1,false,'[683x5120x1536][683x5120x1536][683x5120x1536][683x5120x1536][683x5120x1536][683x5120x1536][683x5120x1536][683x5120x1536][683x5120x1536][683x5120x1536][683x5120x1536][683x5120x1536][683x5120x1536][683x5120x1536][683x5120x1536][683x5120x1536][683x5120x1536][683x5120x1536][683x5120x1536][683x5120x1536][683x5120x1536][683x5120x1536][683x5120x1536][683x5120x1536][683x5120x1536][683x5120x1536][683x5120x1536][683x5120x1536][683x5120x1536][683x5120x1536][683x5120x1536][683x5120x1536][683x5120x1536][683x5120x1536][683x5120x1536][683x5120x1536][683x5120x1536][683x5120x1536][683x5120x1536][683x5120x1536][683x5120x1536][683x5120x1536][683x5120x1536][683x5120x1536][683x5120x1536][683x5120x1536][683x5120x1536][683x5120x1536][683x5120x1536][683x5120x1536][683x5120x1536][683x5120x1536][683x5120x1536][683x5120x1536][683x5120x1536][683x5120x1536][683x5120x1536][683x5120x1536][683x5120x1536][683x5120x1536][683x5120x1536][683x5120x1536][683x5120x1536][683x5120x1536][682x5120x1536][682x5120x1536][682x5120x1536][682x5120x1536][682x5120x1536][682x5120x1536][682x5120x1536][682x5120x1536][682x5120x1536][682x5120x1536][682x5120x1536][682x5120x1536][682x5120x1536][682x5120x1536][682x5120x1536][682x5120x1536][682x5120x1536][682x5120x1536][682x5120x1536][682x5120x1536][682x5120x1536][682x5120x1536][682x5120x1536][682x5120x1536][682x5120x1536][682x5120x1536][682x5120x1536][682x5120x1536][682x5120x1536][682x5120x1536][682x5120x1536][682x5120x1536]',,tensorop,f32,256,256,64,4,2,1,2,1,1,6,4,1,1,256,256,16,100,110,1711276032,1031463239680,602,0.896531,1777.68,1.1505e+06
1,CUTLASS,grouped_gemm,cutlass3x_sm100_tensorop_gemm_grouped_bf16_bf16_f32_bf16_bf16_256x256x64_4x4x1_0_tnt_align8_2sm_epi_tma,passed,success,grouped,,,,,bf16:row,bf16:column,bf16:row,bf16:row,1,0,invalid,invalid,heuristic,1,false,'[683x5120x1536][683x5120x1536][683x5120x1536][683x5120x1536][683x5120x1536][683x5120x1536][683x5120x1536][683x5120x1536][683x5120x1536][683x5120x1536][683x5120x1536][683x5120x1536][683x5120x1536][683x5120x1536][683x5120x1536][683x5120x1536][683x5120x1536][683x5120x1536][683x5120x1536][683x5120x1536][683x5120x1536][683x5120x1536][683x5120x1536][683x5120x1536][683x5120x1536][683x5120x1536][683x5120x1536][683x5120x1536][683x5120x1536][683x5120x1536][683x5120x1536][683x5120x1536][683x5120x1536][683x5120x1536][683x5120x1536][683x5120x1536][683x5120x1536][683x5120x1536][683x5120x1536][683x5120x1536][683x5120x1536][683x5120x1536][683x5120x1536][683x5120x1536][683x5120x1536][683x5120x1536][683x5120x1536][683x5120x1536][683x5120x1536][683x5120x1536][683x5120x1536][683x5120x1536][683x5120x1536][683x5120x1536][683x5120x1536][683x5120x1536][683x5120x1536][683x5120x1536][683x5120x1536][683x5120x1536][683x5120x1536][683x5120x1536][683x5120x1536][683x5120x1536][682x5120x1536][682x5120x1536][682x5120x1536][682x5120x1536][682x5120x1536][682x5120x1536][682x5120x1536][682x5120x1536][682x5120x1536][682x5120x1536][682x5120x1536][682x5120x1536][682x5120x1536][682x5120x1536][682x5120x1536][682x5120x1536][682x5120x1536][682x5120x1536][682x5120x1536][682x5120x1536][682x5120x1536][682x5120x1536][682x5120x1536][682x5120x1536][682x5120x1536][682x5120x1536][682x5120x1536][682x5120x1536][682x5120x1536][682x5120x1536][682x5120x1536][682x5120x1536]',,tensorop,f32,256,256,64,4,4,1,2,1,1,4,4,1,1,256,256,16,100,110,2382364672,1031463239680,432,1.21205,1830.57,851004
1,CUTLASS,grouped_gemm,cutlass3x_sm100_tensorop_gemm_grouped_bf16_bf16_f32_bf16_bf16_256x256x64_4x4x1_0_tnt_align8_stream_k_2sm_epi_tma,passed,success,grouped,,,,,bf16:row,bf16:column,bf16:row,bf16:row,1,0,invalid,invalid,heuristic,1,false,'[683x5120x1536][683x5120x1536][683x5120x1536][683x5120x1536][683x5120x1536][683x5120x1536][683x5120x1536][683x5120x1536][683x5120x1536][683x5120x1536][683x5120x1536][683x5120x1536][683x5120x1536][683x5120x1536][683x5120x1536][683x5120x1536][683x5120x1536][683x5120x1536][683x5120x1536][683x5120x1536][683x5120x1536][683x5120x1536][683x5120x1536][683x5120x1536][683x5120x1536][683x5120x1536][683x5120x1536][683x5120x1536][683x5120x1536][683x5120x1536][683x5120x1536][683x5120x1536][683x5120x1536][683x5120x1536][683x5120x1536][683x5120x1536][683x5120x1536][683x5120x1536][683x5120x1536][683x5120x1536][683x5120x1536][683x5120x1536][683x5120x1536][683x5120x1536][683x5120x1536][683x5120x1536][683x5120x1536][683x5120x1536][683x5120x1536][683x5120x1536][683x5120x1536][683x5120x1536][683x5120x1536][683x5120x1536][683x5120x1536][683x5120x1536][683x5120x1536][683x5120x1536][683x5120x1536][683x5120x1536][683x5120x1536][683x5120x1536][683x5120x1536][683x5120x1536][682x5120x1536][682x5120x1536][682x5120x1536][682x5120x1536][682x5120x1536][682x5120x1536][682x5120x1536][682x5120x1536][682x5120x1536][682x5120x1536][682x5120x1536][682x5120x1536][682x5120x1536][682x5120x1536][682x5120x1536][682x5120x1536][682x5120x1536][682x5120x1536][682x5120x1536][682x5120x1536][682x5120x1536][682x5120x1536][682x5120x1536][682x5120x1536][682x5120x1536][682x5120x1536][682x5120x1536][682x5120x1536][682x5120x1536][682x5120x1536][682x5120x1536][682x5120x1536]',,tensorop,f32,256,256,64,4,4,1,2,1,1,4,4,1,1,256,256,16,100,110,2382364672,1031463239680,432,1.21297,1829.19,850364
1,CUTLASS,grouped_gemm,cutlass3x_sm100_tensorop_gemm_grouped_bf16_bf16_f32_void_bf16_256x256x64_4x4x1_0_tnt_align8_2sm_epi_tma,passed,success,grouped,,,,,bf16:row,bf16:column,void:row,bf16:row,1,0,invalid,invalid,heuristic,1,false,'[683x5120x1536][683x5120x1536][683x5120x1536][683x5120x1536][683x5120x1536][683x5120x1536][683x5120x1536][683x5120x1536][683x5120x1536][683x5120x1536][683x5120x1536][683x5120x1536][683x5120x1536][683x5120x1536][683x5120x1536][683x5120x1536][683x5120x1536][683x5120x1536][683x5120x1536][683x5120x1536][683x5120x1536][683x5120x1536][683x5120x1536][683x5120x1536][683x5120x1536][683x5120x1536][683x5120x1536][683x5120x1536][683x5120x1536][683x5120x1536][683x5120x1536][683x5120x1536][683x5120x1536][683x5120x1536][683x5120x1536][683x5120x1536][683x5120x1536][683x5120x1536][683x5120x1536][683x5120x1536][683x5120x1536][683x5120x1536][683x5120x1536][683x5120x1536][683x5120x1536][683x5120x1536][683x5120x1536][683x5120x1536][683x5120x1536][683x5120x1536][683x5120x1536][683x5120x1536][683x5120x1536][683x5120x1536][683x5120x1536][683x5120x1536][683x5120x1536][683x5120x1536][683x5120x1536][683x5120x1536][683x5120x1536][683x5120x1536][683x5120x1536][683x5120x1536][682x5120x1536][682x5120x1536][682x5120x1536][682x5120x1536][682x5120x1536][682x5120x1536][682x5120x1536][682x5120x1536][682x5120x1536][682x5120x1536][682x5120x1536][682x5120x1536][682x5120x1536][682x5120x1536][682x5120x1536][682x5120x1536][682x5120x1536][682x5120x1536][682x5120x1536][682x5120x1536][682x5120x1536][682x5120x1536][682x5120x1536][682x5120x1536][682x5120x1536][682x5120x1536][682x5120x1536][682x5120x1536][682x5120x1536][682x5120x1536][682x5120x1536][682x5120x1536]',,tensorop,f32,256,256,64,4,4,1,2,1,1,6,4,1,1,256,256,16,100,110,1711276032,1031463239680,602,0.960835,1658.71,1.07351e+06
1,CUTLASS,grouped_gemm,cutlass3x_sm100_tensorop_gemm_grouped_bf16_bf16_f32_void_bf16_256x256x64_4x4x1_0_tnt_align8_stream_k_2sm_epi_tma,passed,success,grouped,,,,,bf16:row,bf16:column,void:row,bf16:row,1,0,invalid,invalid,heuristic,1,false,'[683x5120x1536][683x5120x1536][683x5120x1536][683x5120x1536][683x5120x1536][683x5120x1536][683x5120x1536][683x5120x1536][683x5120x1536][683x5120x1536][683x5120x1536][683x5120x1536][683x5120x1536][683x5120x1536][683x5120x1536][683x5120x1536][683x5120x1536][683x5120x1536][683x5120x1536][683x5120x1536][683x5120x1536][683x5120x1536][683x5120x1536][683x5120x1536][683x5120x1536][683x5120x1536][683x5120x1536][683x5120x1536][683x5120x1536][683x5120x1536][683x5120x1536][683x5120x1536][683x5120x1536][683x5120x1536][683x5120x1536][683x5120x1536][683x5120x1536][683x5120x1536][683x5120x1536][683x5120x1536][683x5120x1536][683x5120x1536][683x5120x1536][683x5120x1536][683x5120x1536][683x5120x1536][683x5120x1536][683x5120x1536][683x5120x1536][683x5120x1536][683x5120x1536][683x5120x1536][683x5120x1536][683x5120x1536][683x5120x1536][683x5120x1536][683x5120x1536][683x5120x1536][683x5120x1536][683x5120x1536][683x5120x1536][683x5120x1536][683x5120x1536][683x5120x1536][682x5120x1536][682x5120x1536][682x5120x1536][682x5120x1536][682x5120x1536][682x5120x1536][682x5120x1536][682x5120x1536][682x5120x1536][682x5120x1536][682x5120x1536][682x5120x1536][682x5120x1536][682x5120x1536][682x5120x1536][682x5120x1536][682x5120x1536][682x5120x1536][682x5120x1536][682x5120x1536][682x5120x1536][682x5120x1536][682x5120x1536][682x5120x1536][682x5120x1536][682x5120x1536][682x5120x1536][682x5120x1536][682x5120x1536][682x5120x1536][682x5120x1536][682x5120x1536]',,tensorop,f32,256,256,64,4,4,1,2,1,1,6,4,1,1,256,256,16,100,110,1711276032,1031463239680,602,0.960227,1659.76,1.07419e+06
