Problem,Provider,OperationKind,Operation,Disposition,Status,gemm_kind,m,n,k,num_groups,A,B,C,D,alpha,beta,runtime_input_datatype_a,runtime_input_datatype_b,raster_order,swizzle_size,use_pdl,problem-sizes,problem-sizes-file,op_class,accum,cta_m,cta_n,cta_k,cluster_m,cluster_n,cluster_k,cluster_m_fallback,cluster_n_fallback,cluster_k_fallback,stages,warps_m,warps_n,warps_k,inst_m,inst_n,inst_k,min_cc,max_cc,Bytes,Flops,Flops/Byte,Runtime,GB/s,GFLOPs
1,CUTLASS,grouped_gemm,cutlass3x_sm100_tensorop_gemm_grouped_bf16_bf16_f32_f32_f32_64x128x64_0x0x1_0_tnt_align8_1sm,passed,success,grouped,,,,,bf16:row,bf16:column,f32:row,f32:row,1,0,invalid,invalid,heuristic,1,false,'[2731x5120x1536][2731x5120x1536][2731x5120x1536][2731x5120x1536][2731x5120x1536][2731x5120x1536][2731x5120x1536][2731x5120x1536][2730x5120x1536][2730x5120x1536][2730x5120x1536][2730x5120x1536]',,tensorop,f32,64,128,64,1,1,1,1,1,1,7,4,1,1,64,128,16,100,110,960495616,515731619840,536,0.567418,1576.5,908910
1,CUTLASS,grouped_gemm,cutlass3x_sm100_tensorop_gemm_grouped_bf16_bf16_f32_f32_f32_64x128x64_0x0x1_0_tnt_align8_stream_k_1sm,passed,success,grouped,,,,,bf16:row,bf16:column,f32:row,f32:row,1,0,invalid,invalid,heuristic,1,false,'[2731x5120x1536][2731x5120x1536][2731x5120x1536][2731x5120x1536][2731x5120x1536][2731x5120x1536][2731x5120x1536][2731x5120x1536][2730x5120x1536][2730x5120x1536][2730x5120x1536][2730x5120x1536]',,tensorop,f32,64,128,64,1,1,1,1,1,1,7,4,1,1,64,128,16,100,110,960495616,515731619840,536,0.567008,1577.63,909567
1,CUTLASS,grouped_gemm,cutlass3x_sm100_tensorop_gemm_grouped_bf16_bf16_f32_void_f32_64x128x64_0x0x1_0_tnt_align8_1sm,passed,success,grouped,,,,,bf16:row,bf16:column,void:row,f32:row,1,0,invalid,invalid,heuristic,1,false,'[2731x5120x1536][2731x5120x1536][2731x5120x1536][2731x5120x1536][2731x5120x1536][2731x5120x1536][2731x5120x1536][2731x5120x1536][2730x5120x1536][2730x5120x1536][2730x5120x1536][2730x5120x1536]',,tensorop,f32,64,128,64,1,1,1,1,1,1,7,4,1,1,64,128,16,100,110,289406976,515731619840,1782,0.581546,463.474,886829
1,CUTLASS,grouped_gemm,cutlass3x_sm100_tensorop_gemm_grouped_bf16_bf16_f32_void_f32_64x128x64_0x0x1_0_tnt_align8_stream_k_1sm,passed,success,grouped,,,,,bf16:row,bf16:column,void:row,f32:row,1,0,invalid,invalid,heuristic,1,false,'[2731x5120x1536][2731x5120x1536][2731x5120x1536][2731x5120x1536][2731x5120x1536][2731x5120x1536][2731x5120x1536][2731x5120x1536][2730x5120x1536][2730x5120x1536][2730x5120x1536][2730x5120x1536]',,tensorop,f32,64,128,64,1,1,1,1,1,1,7,4,1,1,64,128,16,100,110,289406976,515731619840,1782,0.581251,463.709,887278
1,CUTLASS,grouped_gemm,cutlass3x_sm100_tensorop_gemm_grouped_bf16_bf16_f32_f32_f32_64x128x64_1x1x1_0_tnt_align8_1sm,passed,success,grouped,,,,,bf16:row,bf16:column,f32:row,f32:row,1,0,invalid,invalid,heuristic,1,false,'[2731x5120x1536][2731x5120x1536][2731x5120x1536][2731x5120x1536][2731x5120x1536][2731x5120x1536][2731x5120x1536][2731x5120x1536][2730x5120x1536][2730x5120x1536][2730x5120x1536][2730x5120x1536]',,tensorop,f32,64,128,64,1,1,1,1,1,1,7,4,1,1,64,128,16,100,110,960495616,515731619840,536,0.579501,1543.62,889958
1,CUTLASS,grouped_gemm,cutlass3x_sm100_tensorop_gemm_grouped_bf16_bf16_f32_f32_f32_64x128x64_1x1x1_0_tnt_align8_stream_k_1sm,passed,success,grouped,,,,,bf16:row,bf16:column,f32:row,f32:row,1,0,invalid,invalid,heuristic,1,false,'[2731x5120x1536][2731x5120x1536][2731x5120x1536][2731x5120x1536][2731x5120x1536][2731x5120x1536][2731x5120x1536][2731x5120x1536][2730x5120x1536][2730x5120x1536][2730x5120x1536][2730x5120x1536]',,tensorop,f32,64,128,64,1,1,1,1,1,1,7,4,1,1,64,128,16,100,110,960495616,515731619840,536,0.580557,1540.82,888340
1,CUTLASS,grouped_gemm,cutlass3x_sm100_tensorop_gemm_grouped_bf16_bf16_f32_void_f32_64x128x64_1x1x1_0_tnt_align8_1sm,passed,success,grouped,,,,,bf16:row,bf16:column,void:row,f32:row,1,0,invalid,invalid,heuristic,1,false,'[2731x5120x1536][2731x5120x1536][2731x5120x1536][2731x5120x1536][2731x5120x1536][2731x5120x1536][2731x5120x1536][2731x5120x1536][2730x5120x1536][2730x5120x1536][2730x5120x1536][2730x5120x1536]',,tensorop,f32,64,128,64,1,1,1,1,1,1,7,4,1,1,64,128,16,100,110,289406976,515731619840,1782,0.598547,450.309,861639
1,CUTLASS,grouped_gemm,cutlass3x_sm100_tensorop_gemm_grouped_bf16_bf16_f32_void_f32_64x128x64_1x1x1_0_tnt_align8_stream_k_1sm,passed,success,grouped,,,,,bf16:row,bf16:column,void:row,f32:row,1,0,invalid,invalid,heuristic,1,false,'[2731x5120x1536][2731x5120x1536][2731x5120x1536][2731x5120x1536][2731x5120x1536][2731x5120x1536][2731x5120x1536][2731x5120x1536][2730x5120x1536][2730x5120x1536][2730x5120x1536][2730x5120x1536]',,tensorop,f32,64,128,64,1,1,1,1,1,1,7,4,1,1,64,128,16,100,110,289406976,515731619840,1782,0.59855,450.307,861634
1,CUTLASS,grouped_gemm,cutlass3x_sm100_tensorop_gemm_grouped_bf16_bf16_f32_f32_f32_64x128x64_1x2x1_0_tnt_align8_1sm,passed,success,grouped,,,,,bf16:row,bf16:column,f32:row,f32:row,1,0,invalid,invalid,heuristic,1,false,'[2731x5120x1536][2731x5120x1536][2731x5120x1536][2731x5120x1536][2731x5120x1536][2731x5120x1536][2731x5120x1536][2731x5120x1536][2730x5120x1536][2730x5120x1536][2730x5120x1536][2730x5120x1536]',,tensorop,f32,64,128,64,1,2,1,1,1,1,7,4,1,1,64,128,16,100,110,960495616,515731619840,536,0.561578,1592.89,918362
1,CUTLASS,grouped_gemm,cutlass3x_sm100_tensorop_gemm_grouped_bf16_bf16_f32_f32_f32_64x128x64_1x2x1_0_tnt_align8_stream_k_1sm,passed,success,grouped,,,,,bf16:row,bf16:column,f32:row,f32:row,1,0,invalid,invalid,heuristic,1,false,'[2731x5120x1536][2731x5120x1536][2731x5120x1536][2731x5120x1536][2731x5120x1536][2731x5120x1536][2731x5120x1536][2731x5120x1536][2730x5120x1536][2730x5120x1536][2730x5120x1536][2730x5120x1536]',,tensorop,f32,64,128,64,1,2,1,1,1,1,7,4,1,1,64,128,16,100,110,960495616,515731619840,536,0.56199,1591.72,917688
1,CUTLASS,grouped_gemm,cutlass3x_sm100_tensorop_gemm_grouped_bf16_bf16_f32_void_f32_64x128x64_1x2x1_0_tnt_align8_1sm,passed,success,grouped,,,,,bf16:row,bf16:column,void:row,f32:row,1,0,invalid,invalid,heuristic,1,false,'[2731x5120x1536][2731x5120x1536][2731x5120x1536][2731x5120x1536][2731x5120x1536][2731x5120x1536][2731x5120x1536][2731x5120x1536][2730x5120x1536][2730x5120x1536][2730x5120x1536][2730x5120x1536]',,tensorop,f32,64,128,64,1,2,1,1,1,1,7,4,1,1,64,128,16,100,110,289406976,515731619840,1782,0.580422,464.371,888545
1,CUTLASS,grouped_gemm,cutlass3x_sm100_tensorop_gemm_grouped_bf16_bf16_f32_void_f32_64x128x64_1x2x1_0_tnt_align8_stream_k_1sm,passed,success,grouped,,,,,bf16:row,bf16:column,void:row,f32:row,1,0,invalid,invalid,heuristic,1,false,'[2731x5120x1536][2731x5120x1536][2731x5120x1536][2731x5120x1536][2731x5120x1536][2731x5120x1536][2731x5120x1536][2731x5120x1536][2730x5120x1536][2730x5120x1536][2730x5120x1536][2730x5120x1536]',,tensorop,f32,64,128,64,1,2,1,1,1,1,7,4,1,1,64,128,16,100,110,289406976,515731619840,1782,0.580144,464.594,888972
1,CUTLASS,grouped_gemm,cutlass3x_sm100_tensorop_gemm_grouped_bf16_bf16_f32_f32_f32_64x128x64_1x4x1_0_tnt_align8_1sm,passed,success,grouped,,,,,bf16:row,bf16:column,f32:row,f32:row,1,0,invalid,invalid,heuristic,1,false,'[2731x5120x1536][2731x5120x1536][2731x5120x1536][2731x5120x1536][2731x5120x1536][2731x5120x1536][2731x5120x1536][2731x5120x1536][2730x5120x1536][2730x5120x1536][2730x5120x1536][2730x5120x1536]',,tensorop,f32,64,128,64,1,4,1,1,1,1,7,4,1,1,64,128,16,100,110,960495616,515731619840,536,0.579427,1543.82,890071
1,CUTLASS,grouped_gemm,cutlass3x_sm100_tensorop_gemm_grouped_bf16_bf16_f32_f32_f32_64x128x64_1x4x1_0_tnt_align8_stream_k_1sm,passed,success,grouped,,,,,bf16:row,bf16:column,f32:row,f32:row,1,0,invalid,invalid,heuristic,1,false,'[2731x5120x1536][2731x5120x1536][2731x5120x1536][2731x5120x1536][2731x5120x1536][2731x5120x1536][2731x5120x1536][2731x5120x1536][2730x5120x1536][2730x5120x1536][2730x5120x1536][2730x5120x1536]',,tensorop,f32,64,128,64,1,4,1,1,1,1,7,4,1,1,64,128,16,100,110,960495616,515731619840,536,0.579808,1542.81,889487
1,CUTLASS,grouped_gemm,cutlass3x_sm100_tensorop_gemm_grouped_bf16_bf16_f32_void_f32_64x128x64_1x4x1_0_tnt_align8_1sm,passed,success,grouped,,,,,bf16:row,bf16:column,void:row,f32:row,1,0,invalid,invalid,heuristic,1,false,'[2731x5120x1536][2731x5120x1536][2731x5120x1536][2731x5120x1536][2731x5120x1536][2731x5120x1536][2731x5120x1536][2731x5120x1536][2730x5120x1536][2730x5120x1536][2730x5120x1536][2730x5120x1536]',,tensorop,f32,64,128,64,1,4,1,1,1,1,7,4,1,1,64,128,16,100,110,289406976,515731619840,1782,0.602058,447.683,856615
1,CUTLASS,grouped_gemm,cutlass3x_sm100_tensorop_gemm_grouped_bf16_bf16_f32_void_f32_64x128x64_1x4x1_0_tnt_align8_stream_k_1sm,passed,success,grouped,,,,,bf16:row,bf16:column,void:row,f32:row,1,0,invalid,invalid,heuristic,1,false,'[2731x5120x1536][2731x5120x1536][2731x5120x1536][2731x5120x1536][2731x5120x1536][2731x5120x1536][2731x5120x1536][2731x5120x1536][2730x5120x1536][2730x5120x1536][2730x5120x1536][2730x5120x1536]',,tensorop,f32,64,128,64,1,4,1,1,1,1,7,4,1,1,64,128,16,100,110,289406976,515731619840,1782,0.601824,447.857,856948
1,CUTLASS,grouped_gemm,cutlass3x_sm100_tensorop_gemm_grouped_bf16_bf16_f32_f32_f32_64x128x64_4x4x1_0_tnt_align8_1sm,passed,success,grouped,,,,,bf16:row,bf16:column,f32:row,f32:row,1,0,invalid,invalid,heuristic,1,false,'[2731x5120x1536][2731x5120x1536][2731x5120x1536][2731x5120x1536][2731x5120x1536][2731x5120x1536][2731x5120x1536][2731x5120x1536][2730x5120x1536][2730x5120x1536][2730x5120x1536][2730x5120x1536]',,tensorop,f32,64,128,64,4,4,1,1,1,1,7,4,1,1,64,128,16,100,110,960495616,515731619840,536,0.722752,1237.67,713567
1,CUTLASS,grouped_gemm,cutlass3x_sm100_tensorop_gemm_grouped_bf16_bf16_f32_f32_f32_64x128x64_4x4x1_0_tnt_align8_stream_k_1sm,passed,success,grouped,,,,,bf16:row,bf16:column,f32:row,f32:row,1,0,invalid,invalid,heuristic,1,false,'[2731x5120x1536][2731x5120x1536][2731x5120x1536][2731x5120x1536][2731x5120x1536][2731x5120x1536][2731x5120x1536][2731x5120x1536][2730x5120x1536][2730x5120x1536][2730x5120x1536][2730x5120x1536]',,tensorop,f32,64,128,64,4,4,1,1,1,1,7,4,1,1,64,128,16,100,110,960495616,515731619840,536,0.72255,1238.02,713766
1,CUTLASS,grouped_gemm,cutlass3x_sm100_tensorop_gemm_grouped_bf16_bf16_f32_void_f32_64x128x64_4x4x1_0_tnt_align8_1sm,passed,success,grouped,,,,,bf16:row,bf16:column,void:row,f32:row,1,0,invalid,invalid,heuristic,1,false,'[2731x5120x1536][2731x5120x1536][2731x5120x1536][2731x5120x1536][2731x5120x1536][2731x5120x1536][2731x5120x1536][2731x5120x1536][2730x5120x1536][2730x5120x1536][2730x5120x1536][2730x5120x1536]',,tensorop,f32,64,128,64,4,4,1,1,1,1,7,4,1,1,64,128,16,100,110,289406976,515731619840,1782,0.792589,340.064,650693
1,CUTLASS,grouped_gemm,cutlass3x_sm100_tensorop_gemm_grouped_bf16_bf16_f32_void_f32_64x128x64_4x4x1_0_tnt_align8_stream_k_1sm,passed,success,grouped,,,,,bf16:row,bf16:column,void:row,f32:row,1,0,invalid,invalid,heuristic,1,false,'[2731x5120x1536][2731x5120x1536][2731x5120x1536][2731x5120x1536][2731x5120x1536][2731x5120x1536][2731x5120x1536][2731x5120x1536][2730x5120x1536][2730x5120x1536][2730x5120x1536][2730x5120x1536]',,tensorop,f32,64,128,64,4,4,1,1,1,1,7,4,1,1,64,128,16,100,110,289406976,515731619840,1782,0.793008,339.885,650349
1,CUTLASS,grouped_gemm,cutlass3x_sm100_tensorop_gemm_grouped_bf16_bf16_f32_bf16_bf16_64x128x64_0x0x1_0_tnt_align8_1sm,passed,success,grouped,,,,,bf16:row,bf16:column,bf16:row,bf16:row,1,0,invalid,invalid,heuristic,1,false,'[2731x5120x1536][2731x5120x1536][2731x5120x1536][2731x5120x1536][2731x5120x1536][2731x5120x1536][2731x5120x1536][2731x5120x1536][2730x5120x1536][2730x5120x1536][2730x5120x1536][2730x5120x1536]',,tensorop,f32,64,128,64,1,1,1,1,1,1,8,4,1,1,64,128,16,100,110,624951296,515731619840,825,0.53168,1094.7,970004
1,CUTLASS,grouped_gemm,cutlass3x_sm100_tensorop_gemm_grouped_bf16_bf16_f32_bf16_bf16_64x128x64_0x0x1_0_tnt_align8_stream_k_1sm,passed,success,grouped,,,,,bf16:row,bf16:column,bf16:row,bf16:row,1,0,invalid,invalid,heuristic,1,false,'[2731x5120x1536][2731x5120x1536][2731x5120x1536][2731x5120x1536][2731x5120x1536][2731x5120x1536][2731x5120x1536][2731x5120x1536][2730x5120x1536][2730x5120x1536][2730x5120x1536][2730x5120x1536]',,tensorop,f32,64,128,64,1,1,1,1,1,1,8,4,1,1,64,128,16,100,110,624951296,515731619840,825,0.530349,1097.45,972439
1,CUTLASS,grouped_gemm,cutlass3x_sm100_tensorop_gemm_grouped_bf16_bf16_f32_void_bf16_64x128x64_0x0x1_0_tnt_align8_1sm,passed,success,grouped,,,,,bf16:row,bf16:column,void:row,bf16:row,1,0,invalid,invalid,heuristic,1,false,'[2731x5120x1536][2731x5120x1536][2731x5120x1536][2731x5120x1536][2731x5120x1536][2731x5120x1536][2731x5120x1536][2731x5120x1536][2730x5120x1536][2730x5120x1536][2730x5120x1536][2730x5120x1536]',,tensorop,f32,64,128,64,1,1,1,1,1,1,8,4,1,1,64,128,16,100,110,289406976,515731619840,1782,0.532502,506.16,968506
1,CUTLASS,grouped_gemm,cutlass3x_sm100_tensorop_gemm_grouped_bf16_bf16_f32_void_bf16_64x128x64_0x0x1_0_tnt_align8_stream_k_1sm,passed,success,grouped,,,,,bf16:row,bf16:column,void:row,bf16:row,1,0,invalid,invalid,heuristic,1,false,'[2731x5120x1536][2731x5120x1536][2731x5120x1536][2731x5120x1536][2731x5120x1536][2731x5120x1536][2731x5120x1536][2731x5120x1536][2730x5120x1536][2730x5120x1536][2730x5120x1536][2730x5120x1536]',,tensorop,f32,64,128,64,1,1,1,1,1,1,8,4,1,1,64,128,16,100,110,289406976,515731619840,1782,0.529427,509.1,974131
1,CUTLASS,grouped_gemm,cutlass3x_sm100_tensorop_gemm_grouped_bf16_bf16_f32_bf16_bf16_64x128x64_1x1x1_0_tnt_align8_1sm,passed,success,grouped,,,,,bf16:row,bf16:column,bf16:row,bf16:row,1,0,invalid,invalid,heuristic,1,false,'[2731x5120x1536][2731x5120x1536][2731x5120x1536][2731x5120x1536][2731x5120x1536][2731x5120x1536][2731x5120x1536][2731x5120x1536][2730x5120x1536][2730x5120x1536][2730x5120x1536][2730x5120x1536]',,tensorop,f32,64,128,64,1,1,1,1,1,1,8,4,1,1,64,128,16,100,110,624951296,515731619840,825,0.531168,1095.76,970939
1,CUTLASS,grouped_gemm,cutlass3x_sm100_tensorop_gemm_grouped_bf16_bf16_f32_bf16_bf16_64x128x64_1x1x1_0_tnt_align8_stream_k_1sm,passed,success,grouped,,,,,bf16:row,bf16:column,bf16:row,bf16:row,1,0,invalid,invalid,heuristic,1,false,'[2731x5120x1536][2731x5120x1536][2731x5120x1536][2731x5120x1536][2731x5120x1536][2731x5120x1536][2731x5120x1536][2731x5120x1536][2730x5120x1536][2730x5120x1536][2730x5120x1536][2730x5120x1536]',,tensorop,f32,64,128,64,1,1,1,1,1,1,8,4,1,1,64,128,16,100,110,624951296,515731619840,825,0.525872,1106.79,980717
1,CUTLASS,grouped_gemm,cutlass3x_sm100_tensorop_gemm_grouped_bf16_bf16_f32_void_bf16_64x128x64_1x1x1_0_tnt_align8_1sm,passed,success,grouped,,,,,bf16:row,bf16:column,void:row,bf16:row,1,0,invalid,invalid,heuristic,1,false,'[2731x5120x1536][2731x5120x1536][2731x5120x1536][2731x5120x1536][2731x5120x1536][2731x5120x1536][2731x5120x1536][2731x5120x1536][2730x5120x1536][2730x5120x1536][2730x5120x1536][2730x5120x1536]',,tensorop,f32,64,128,64,1,1,1,1,1,1,8,4,1,1,64,128,16,100,110,289406976,515731619840,1782,0.520854,517.479,990165
1,CUTLASS,grouped_gemm,cutlass3x_sm100_tensorop_gemm_grouped_bf16_bf16_f32_void_bf16_64x128x64_1x1x1_0_tnt_align8_stream_k_1sm,passed,success,grouped,,,,,bf16:row,bf16:column,void:row,bf16:row,1,0,invalid,invalid,heuristic,1,false,'[2731x5120x1536][2731x5120x1536][2731x5120x1536][2731x5120x1536][2731x5120x1536][2731x5120x1536][2731x5120x1536][2731x5120x1536][2730x5120x1536][2730x5120x1536][2730x5120x1536][2730x5120x1536]',,tensorop,f32,64,128,64,1,1,1,1,1,1,8,4,1,1,64,128,16,100,110,289406976,515731619840,1782,0.519933,518.396,991920
1,CUTLASS,grouped_gemm,cutlass3x_sm100_tensorop_gemm_grouped_bf16_bf16_f32_bf16_bf16_64x128x64_1x2x1_0_tnt_align8_1sm,passed,success,grouped,,,,,bf16:row,bf16:column,bf16:row,bf16:row,1,0,invalid,invalid,heuristic,1,false,'[2731x5120x1536][2731x5120x1536][2731x5120x1536][2731x5120x1536][2731x5120x1536][2731x5120x1536][2731x5120x1536][2731x5120x1536][2730x5120x1536][2730x5120x1536][2730x5120x1536][2730x5120x1536]',,tensorop,f32,64,128,64,1,2,1,1,1,1,8,4,1,1,64,128,16,100,110,624951296,515731619840,825,0.50311,1156.87,1.02509e+06
1,CUTLASS,grouped_gemm,cutlass3x_sm100_tensorop_gemm_grouped_bf16_bf16_f32_bf16_bf16_64x128x64_1x2x1_0_tnt_align8_stream_k_1sm,passed,success,grouped,,,,,bf16:row,bf16:column,bf16:row,bf16:row,1,0,invalid,invalid,heuristic,1,false,'[2731x5120x1536][2731x5120x1536][2731x5120x1536][2731x5120x1536][2731x5120x1536][2731x5120x1536][2731x5120x1536][2731x5120x1536][2730x5120x1536][2730x5120x1536][2730x5120x1536][2730x5120x1536]',,tensorop,f32,64,128,64,1,2,1,1,1,1,8,4,1,1,64,128,16,100,110,624951296,515731619840,825,0.502118,1159.15,1.02711e+06
1,CUTLASS,grouped_gemm,cutlass3x_sm100_tensorop_gemm_grouped_bf16_bf16_f32_void_bf16_64x128x64_1x2x1_0_tnt_align8_1sm,passed,success,grouped,,,,,bf16:row,bf16:column,void:row,bf16:row,1,0,invalid,invalid,heuristic,1,false,'[2731x5120x1536][2731x5120x1536][2731x5120x1536][2731x5120x1536][2731x5120x1536][2731x5120x1536][2731x5120x1536][2731x5120x1536][2730x5120x1536][2730x5120x1536][2730x5120x1536][2730x5120x1536]',,tensorop,f32,64,128,64,1,2,1,1,1,1,8,4,1,1,64,128,16,100,110,289406976,515731619840,1782,0.506928,531.695,1.01737e+06
1,CUTLASS,grouped_gemm,cutlass3x_sm100_tensorop_gemm_grouped_bf16_bf16_f32_void_bf16_64x128x64_1x2x1_0_tnt_align8_stream_k_1sm,passed,success,grouped,,,,,bf16:row,bf16:column,void:row,bf16:row,1,0,invalid,invalid,heuristic,1,false,'[2731x5120x1536][2731x5120x1536][2731x5120x1536][2731x5120x1536][2731x5120x1536][2731x5120x1536][2731x5120x1536][2731x5120x1536][2730x5120x1536][2730x5120x1536][2730x5120x1536][2730x5120x1536]',,tensorop,f32,64,128,64,1,2,1,1,1,1,8,4,1,1,64,128,16,100,110,289406976,515731619840,1782,0.506701,531.934,1.01782e+06
1,CUTLASS,grouped_gemm,cutlass3x_sm100_tensorop_gemm_grouped_bf16_bf16_f32_bf16_bf16_64x128x64_1x4x1_0_tnt_align8_1sm,passed,success,grouped,,,,,bf16:row,bf16:column,bf16:row,bf16:row,1,0,invalid,invalid,heuristic,1,false,'[2731x5120x1536][2731x5120x1536][2731x5120x1536][2731x5120x1536][2731x5120x1536][2731x5120x1536][2731x5120x1536][2731x5120x1536][2730x5120x1536][2730x5120x1536][2730x5120x1536][2730x5120x1536]',,tensorop,f32,64,128,64,1,4,1,1,1,1,8,4,1,1,64,128,16,100,110,624951296,515731619840,825,0.508435,1144.75,1.01435e+06
1,CUTLASS,grouped_gemm,cutlass3x_sm100_tensorop_gemm_grouped_bf16_bf16_f32_bf16_bf16_64x128x64_1x4x1_0_tnt_align8_stream_k_1sm,passed,success,grouped,,,,,bf16:row,bf16:column,bf16:row,bf16:row,1,0,invalid,invalid,heuristic,1,false,'[2731x5120x1536][2731x5120x1536][2731x5120x1536][2731x5120x1536][2731x5120x1536][2731x5120x1536][2731x5120x1536][2731x5120x1536][2730x5120x1536][2730x5120x1536][2730x5120x1536][2730x5120x1536]',,tensorop,f32,64,128,64,1,4,1,1,1,1,8,4,1,1,64,128,16,100,110,624951296,515731619840,825,0.507818,1146.14,1.01558e+06
1,CUTLASS,grouped_gemm,cutlass3x_sm100_tensorop_gemm_grouped_bf16_bf16_f32_void_bf16_64x128x64_1x4x1_0_tnt_align8_1sm,passed,success,grouped,,,,,bf16:row,bf16:column,void:row,bf16:row,1,0,invalid,invalid,heuristic,1,false,'[2731x5120x1536][2731x5120x1536][2731x5120x1536][2731x5120x1536][2731x5120x1536][2731x5120x1536][2731x5120x1536][2731x5120x1536][2730x5120x1536][2730x5120x1536][2730x5120x1536][2730x5120x1536]',,tensorop,f32,64,128,64,1,4,1,1,1,1,8,4,1,1,64,128,16,100,110,289406976,515731619840,1782,0.52113,517.206,989642
1,CUTLASS,grouped_gemm,cutlass3x_sm100_tensorop_gemm_grouped_bf16_bf16_f32_void_bf16_64x128x64_1x4x1_0_tnt_align8_stream_k_1sm,passed,success,grouped,,,,,bf16:row,bf16:column,void:row,bf16:row,1,0,invalid,invalid,heuristic,1,false,'[2731x5120x1536][2731x5120x1536][2731x5120x1536][2731x5120x1536][2731x5120x1536][2731x5120x1536][2731x5120x1536][2731x5120x1536][2730x5120x1536][2730x5120x1536][2730x5120x1536][2730x5120x1536]',,tensorop,f32,64,128,64,1,4,1,1,1,1,8,4,1,1,64,128,16,100,110,289406976,515731619840,1782,0.520822,517.511,990226
1,CUTLASS,grouped_gemm,cutlass3x_sm100_tensorop_gemm_grouped_bf16_bf16_f32_bf16_bf16_64x128x64_4x4x1_0_tnt_align8_1sm,passed,success,grouped,,,,,bf16:row,bf16:column,bf16:row,bf16:row,1,0,invalid,invalid,heuristic,1,false,'[2731x5120x1536][2731x5120x1536][2731x5120x1536][2731x5120x1536][2731x5120x1536][2731x5120x1536][2731x5120x1536][2731x5120x1536][2730x5120x1536][2730x5120x1536][2730x5120x1536][2730x5120x1536]',,tensorop,f32,64,128,64,4,4,1,1,1,1,8,4,1,1,64,128,16,100,110,624951296,515731619840,825,0.655686,887.667,786552
1,CUTLASS,grouped_gemm,cutlass3x_sm100_tensorop_gemm_grouped_bf16_bf16_f32_bf16_bf16_64x128x64_4x4x1_0_tnt_align8_stream_k_1sm,passed,success,grouped,,,,,bf16:row,bf16:column,bf16:row,bf16:row,1,0,invalid,invalid,heuristic,1,false,'[2731x5120x1536][2731x5120x1536][2731x5120x1536][2731x5120x1536][2731x5120x1536][2731x5120x1536][2731x5120x1536][2731x5120x1536][2730x5120x1536][2730x5120x1536][2730x5120x1536][2730x5120x1536]',,tensorop,f32,64,128,64,4,4,1,1,1,1,8,4,1,1,64,128,16,100,110,624951296,515731619840,825,0.656301,886.836,785816
1,CUTLASS,grouped_gemm,cutlass3x_sm100_tensorop_gemm_grouped_bf16_bf16_f32_void_bf16_64x128x64_4x4x1_0_tnt_align8_1sm,passed,success,grouped,,,,,bf16:row,bf16:column,void:row,bf16:row,1,0,invalid,invalid,heuristic,1,false,'[2731x5120x1536][2731x5120x1536][2731x5120x1536][2731x5120x1536][2731x5120x1536][2731x5120x1536][2731x5120x1536][2731x5120x1536][2730x5120x1536][2730x5120x1536][2730x5120x1536][2730x5120x1536]',,tensorop,f32,64,128,64,4,4,1,1,1,1,8,4,1,1,64,128,16,100,110,289406976,515731619840,1782,0.671898,401.149,767575
1,CUTLASS,grouped_gemm,cutlass3x_sm100_tensorop_gemm_grouped_bf16_bf16_f32_void_bf16_64x128x64_4x4x1_0_tnt_align8_stream_k_1sm,passed,success,grouped,,,,,bf16:row,bf16:column,void:row,bf16:row,1,0,invalid,invalid,heuristic,1,false,'[2731x5120x1536][2731x5120x1536][2731x5120x1536][2731x5120x1536][2731x5120x1536][2731x5120x1536][2731x5120x1536][2731x5120x1536][2730x5120x1536][2730x5120x1536][2730x5120x1536][2730x5120x1536]',,tensorop,f32,64,128,64,4,4,1,1,1,1,8,4,1,1,64,128,16,100,110,289406976,515731619840,1782,0.671763,401.23,767728
1,CUTLASS,grouped_gemm,cutlass3x_sm100_tensorop_gemm_grouped_bf16_bf16_f32_f32_f32_128x128x64_0x0x1_0_tnt_align8_1sm,passed,success,grouped,,,,,bf16:row,bf16:column,f32:row,f32:row,1,0,invalid,invalid,heuristic,1,false,'[2731x5120x1536][2731x5120x1536][2731x5120x1536][2731x5120x1536][2731x5120x1536][2731x5120x1536][2731x5120x1536][2731x5120x1536][2730x5120x1536][2730x5120x1536][2730x5120x1536][2730x5120x1536]',,tensorop,f32,128,128,64,1,1,1,1,1,1,5,4,1,1,128,128,16,100,110,960495616,515731619840,536,0.432867,2066.53,1.19143e+06
1,CUTLASS,grouped_gemm,cutlass3x_sm100_tensorop_gemm_grouped_bf16_bf16_f32_f32_f32_128x128x64_0x0x1_0_tnt_align8_stream_k_1sm,passed,success,grouped,,,,,bf16:row,bf16:column,f32:row,f32:row,1,0,invalid,invalid,heuristic,1,false,'[2731x5120x1536][2731x5120x1536][2731x5120x1536][2731x5120x1536][2731x5120x1536][2731x5120x1536][2731x5120x1536][2731x5120x1536][2730x5120x1536][2730x5120x1536][2730x5120x1536][2730x5120x1536]',,tensorop,f32,128,128,64,1,1,1,1,1,1,5,4,1,1,128,128,16,100,110,960495616,515731619840,536,0.431635,2072.42,1.19483e+06
1,CUTLASS,grouped_gemm,cutlass3x_sm100_tensorop_gemm_grouped_bf16_bf16_f32_void_f32_128x128x64_0x0x1_0_tnt_align8_1sm,passed,success,grouped,,,,,bf16:row,bf16:column,void:row,f32:row,1,0,invalid,invalid,heuristic,1,false,'[2731x5120x1536][2731x5120x1536][2731x5120x1536][2731x5120x1536][2731x5120x1536][2731x5120x1536][2731x5120x1536][2731x5120x1536][2730x5120x1536][2730x5120x1536][2730x5120x1536][2730x5120x1536]',,tensorop,f32,128,128,64,1,1,1,1,1,1,5,4,1,1,128,128,16,100,110,289406976,515731619840,1782,0.440646,611.672,1.1704e+06
1,CUTLASS,grouped_gemm,cutlass3x_sm100_tensorop_gemm_grouped_bf16_bf16_f32_void_f32_128x128x64_0x0x1_0_tnt_align8_stream_k_1sm,passed,success,grouped,,,,,bf16:row,bf16:column,void:row,f32:row,1,0,invalid,invalid,heuristic,1,false,'[2731x5120x1536][2731x5120x1536][2731x5120x1536][2731x5120x1536][2731x5120x1536][2731x5120x1536][2731x5120x1536][2731x5120x1536][2730x5120x1536][2730x5120x1536][2730x5120x1536][2730x5120x1536]',,tensorop,f32,128,128,64,1,1,1,1,1,1,5,4,1,1,128,128,16,100,110,289406976,515731619840,1782,0.440954,611.246,1.16958e+06
1,CUTLASS,grouped_gemm,cutlass3x_sm100_tensorop_gemm_grouped_bf16_bf16_f32_f32_f32_128x128x64_1x1x1_0_tnt_align8_1sm,passed,success,grouped,,,,,bf16:row,bf16:column,f32:row,f32:row,1,0,invalid,invalid,heuristic,1,false,'[2731x5120x1536][2731x5120x1536][2731x5120x1536][2731x5120x1536][2731x5120x1536][2731x5120x1536][2731x5120x1536][2731x5120x1536][2730x5120x1536][2730x5120x1536][2730x5120x1536][2730x5120x1536]',,tensorop,f32,128,128,64,1,1,1,1,1,1,5,4,1,1,128,128,16,100,110,960495616,515731619840,536,0.441088,2028.01,1.16923e+06
1,CUTLASS,grouped_gemm,cutlass3x_sm100_tensorop_gemm_grouped_bf16_bf16_f32_f32_f32_128x128x64_1x1x1_0_tnt_align8_stream_k_1sm,passed,success,grouped,,,,,bf16:row,bf16:column,f32:row,f32:row,1,0,invalid,invalid,heuristic,1,false,'[2731x5120x1536][2731x5120x1536][2731x5120x1536][2731x5120x1536][2731x5120x1536][2731x5120x1536][2731x5120x1536][2731x5120x1536][2730x5120x1536][2730x5120x1536][2730x5120x1536][2730x5120x1536]',,tensorop,f32,128,128,64,1,1,1,1,1,1,5,4,1,1,128,128,16,100,110,960495616,515731619840,536,0.44167,2025.34,1.16768e+06
1,CUTLASS,grouped_gemm,cutlass3x_sm100_tensorop_gemm_grouped_bf16_bf16_f32_void_f32_128x128x64_1x1x1_0_tnt_align8_1sm,passed,success,grouped,,,,,bf16:row,bf16:column,void:row,f32:row,1,0,invalid,invalid,heuristic,1,false,'[2731x5120x1536][2731x5120x1536][2731x5120x1536][2731x5120x1536][2731x5120x1536][2731x5120x1536][2731x5120x1536][2731x5120x1536][2730x5120x1536][2730x5120x1536][2730x5120x1536][2730x5120x1536]',,tensorop,f32,128,128,64,1,1,1,1,1,1,5,4,1,1,128,128,16,100,110,289406976,515731619840,1782,0.454163,593.468,1.13556e+06
1,CUTLASS,grouped_gemm,cutlass3x_sm100_tensorop_gemm_grouped_bf16_bf16_f32_void_f32_128x128x64_1x1x1_0_tnt_align8_stream_k_1sm,passed,success,grouped,,,,,bf16:row,bf16:column,void:row,f32:row,1,0,invalid,invalid,heuristic,1,false,'[2731x5120x1536][2731x5120x1536][2731x5120x1536][2731x5120x1536][2731x5120x1536][2731x5120x1536][2731x5120x1536][2731x5120x1536][2730x5120x1536][2730x5120x1536][2730x5120x1536][2730x5120x1536]',,tensorop,f32,128,128,64,1,1,1,1,1,1,5,4,1,1,128,128,16,100,110,289406976,515731619840,1782,0.453549,594.272,1.1371e+06
1,CUTLASS,grouped_gemm,cutlass3x_sm100_tensorop_gemm_grouped_bf16_bf16_f32_f32_f32_128x128x64_1x2x1_0_tnt_align8_1sm,passed,success,grouped,,,,,bf16:row,bf16:column,f32:row,f32:row,1,0,invalid,invalid,heuristic,1,false,'[2731x5120x1536][2731x5120x1536][2731x5120x1536][2731x5120x1536][2731x5120x1536][2731x5120x1536][2731x5120x1536][2731x5120x1536][2730x5120x1536][2730x5120x1536][2730x5120x1536][2730x5120x1536]',,tensorop,f32,128,128,64,1,2,1,1,1,1,5,4,1,1,128,128,16,100,110,960495616,515731619840,536,0.418422,2137.87,1.23256e+06
1,CUTLASS,grouped_gemm,cutlass3x_sm100_tensorop_gemm_grouped_bf16_bf16_f32_f32_f32_128x128x64_1x2x1_0_tnt_align8_stream_k_1sm,passed,success,grouped,,,,,bf16:row,bf16:column,f32:row,f32:row,1,0,invalid,invalid,heuristic,1,false,'[2731x5120x1536][2731x5120x1536][2731x5120x1536][2731x5120x1536][2731x5120x1536][2731x5120x1536][2731x5120x1536][2731x5120x1536][2730x5120x1536][2730x5120x1536][2730x5120x1536][2730x5120x1536]',,tensorop,f32,128,128,64,1,2,1,1,1,1,5,4,1,1,128,128,16,100,110,960495616,515731619840,536,0.418768,2136.1,1.23155e+06
1,CUTLASS,grouped_gemm,cutlass3x_sm100_tensorop_gemm_grouped_bf16_bf16_f32_void_f32_128x128x64_1x2x1_0_tnt_align8_1sm,passed,success,grouped,,,,,bf16:row,bf16:column,void:row,f32:row,1,0,invalid,invalid,heuristic,1,false,'[2731x5120x1536][2731x5120x1536][2731x5120x1536][2731x5120x1536][2731x5120x1536][2731x5120x1536][2731x5120x1536][2731x5120x1536][2730x5120x1536][2730x5120x1536][2730x5120x1536][2730x5120x1536]',,tensorop,f32,128,128,64,1,2,1,1,1,1,5,4,1,1,128,128,16,100,110,289406976,515731619840,1782,0.433296,622.049,1.19025e+06
1,CUTLASS,grouped_gemm,cutlass3x_sm100_tensorop_gemm_grouped_bf16_bf16_f32_void_f32_128x128x64_1x2x1_0_tnt_align8_stream_k_1sm,passed,success,grouped,,,,,bf16:row,bf16:column,void:row,f32:row,1,0,invalid,invalid,heuristic,1,false,'[2731x5120x1536][2731x5120x1536][2731x5120x1536][2731x5120x1536][2731x5120x1536][2731x5120x1536][2731x5120x1536][2731x5120x1536][2730x5120x1536][2730x5120x1536][2730x5120x1536][2730x5120x1536]',,tensorop,f32,128,128,64,1,2,1,1,1,1,5,4,1,1,128,128,16,100,110,289406976,515731619840,1782,0.433814,621.305,1.18883e+06
1,CUTLASS,grouped_gemm,cutlass3x_sm100_tensorop_gemm_grouped_bf16_bf16_f32_f32_f32_128x128x64_1x4x1_0_tnt_align8_1sm,passed,success,grouped,,,,,bf16:row,bf16:column,f32:row,f32:row,1,0,invalid,invalid,heuristic,1,false,'[2731x5120x1536][2731x5120x1536][2731x5120x1536][2731x5120x1536][2731x5120x1536][2731x5120x1536][2731x5120x1536][2731x5120x1536][2730x5120x1536][2730x5120x1536][2730x5120x1536][2730x5120x1536]',,tensorop,f32,128,128,64,1,4,1,1,1,1,5,4,1,1,128,128,16,100,110,960495616,515731619840,536,0.43952,2035.25,1.1734e+06
1,CUTLASS,grouped_gemm,cutlass3x_sm100_tensorop_gemm_grouped_bf16_bf16_f32_f32_f32_128x128x64_1x4x1_0_tnt_align8_stream_k_1sm,passed,success,grouped,,,,,bf16:row,bf16:column,f32:row,f32:row,1,0,invalid,invalid,heuristic,1,false,'[2731x5120x1536][2731x5120x1536][2731x5120x1536][2731x5120x1536][2731x5120x1536][2731x5120x1536][2731x5120x1536][2731x5120x1536][2730x5120x1536][2730x5120x1536][2730x5120x1536][2730x5120x1536]',,tensorop,f32,128,128,64,1,4,1,1,1,1,5,4,1,1,128,128,16,100,110,960495616,515731619840,536,0.439859,2033.68,1.17249e+06
1,CUTLASS,grouped_gemm,cutlass3x_sm100_tensorop_gemm_grouped_bf16_bf16_f32_void_f32_128x128x64_1x4x1_0_tnt_align8_1sm,passed,success,grouped,,,,,bf16:row,bf16:column,void:row,f32:row,1,0,invalid,invalid,heuristic,1,false,'[2731x5120x1536][2731x5120x1536][2731x5120x1536][2731x5120x1536][2731x5120x1536][2731x5120x1536][2731x5120x1536][2731x5120x1536][2730x5120x1536][2730x5120x1536][2730x5120x1536][2730x5120x1536]',,tensorop,f32,128,128,64,1,4,1,1,1,1,5,4,1,1,128,128,16,100,110,289406976,515731619840,1782,0.452656,595.444,1.13935e+06
1,CUTLASS,grouped_gemm,cutlass3x_sm100_tensorop_gemm_grouped_bf16_bf16_f32_void_f32_128x128x64_1x4x1_0_tnt_align8_stream_k_1sm,passed,success,grouped,,,,,bf16:row,bf16:column,void:row,f32:row,1,0,invalid,invalid,heuristic,1,false,'[2731x5120x1536][2731x5120x1536][2731x5120x1536][2731x5120x1536][2731x5120x1536][2731x5120x1536][2731x5120x1536][2731x5120x1536][2730x5120x1536][2730x5120x1536][2730x5120x1536][2730x5120x1536]',,tensorop,f32,128,128,64,1,4,1,1,1,1,5,4,1,1,128,128,16,100,110,289406976,515731619840,1782,0.452557,595.574,1.1396e+06
1,CUTLASS,grouped_gemm,cutlass3x_sm100_tensorop_gemm_grouped_bf16_bf16_f32_f32_f32_128x128x64_4x4x1_0_tnt_align8_1sm,passed,success,grouped,,,,,bf16:row,bf16:column,f32:row,f32:row,1,0,invalid,invalid,heuristic,1,false,'[2731x5120x1536][2731x5120x1536][2731x5120x1536][2731x5120x1536][2731x5120x1536][2731x5120x1536][2731x5120x1536][2731x5120x1536][2730x5120x1536][2730x5120x1536][2730x5120x1536][2730x5120x1536]',,tensorop,f32,128,128,64,4,4,1,1,1,1,5,4,1,1,128,128,16,100,110,960495616,515731619840,536,0.575098,1555.44,896772
1,CUTLASS,grouped_gemm,cutlass3x_sm100_tensorop_gemm_grouped_bf16_bf16_f32_f32_f32_128x128x64_4x4x1_0_tnt_align8_stream_k_1sm,passed,success,grouped,,,,,bf16:row,bf16:column,f32:row,f32:row,1,0,invalid,invalid,heuristic,1,false,'[2731x5120x1536][2731x5120x1536][2731x5120x1536][2731x5120x1536][2731x5120x1536][2731x5120x1536][2731x5120x1536][2731x5120x1536][2730x5120x1536][2730x5120x1536][2730x5120x1536][2730x5120x1536]',,tensorop,f32,128,128,64,4,4,1,1,1,1,5,4,1,1,128,128,16,100,110,960495616,515731619840,536,0.574064,1558.24,898387
1,CUTLASS,grouped_gemm,cutlass3x_sm100_tensorop_gemm_grouped_bf16_bf16_f32_void_f32_128x128x64_4x4x1_0_tnt_align8_1sm,passed,success,grouped,,,,,bf16:row,bf16:column,void:row,f32:row,1,0,invalid,invalid,heuristic,1,false,'[2731x5120x1536][2731x5120x1536][2731x5120x1536][2731x5120x1536][2731x5120x1536][2731x5120x1536][2731x5120x1536][2731x5120x1536][2730x5120x1536][2730x5120x1536][2730x5120x1536][2730x5120x1536]',,tensorop,f32,128,128,64,4,4,1,1,1,1,5,4,1,1,128,128,16,100,110,289406976,515731619840,1782,0.582294,462.878,885689
1,CUTLASS,grouped_gemm,cutlass3x_sm100_tensorop_gemm_grouped_bf16_bf16_f32_void_f32_128x128x64_4x4x1_0_tnt_align8_stream_k_1sm,passed,success,grouped,,,,,bf16:row,bf16:column,void:row,f32:row,1,0,invalid,invalid,heuristic,1,false,'[2731x5120x1536][2731x5120x1536][2731x5120x1536][2731x5120x1536][2731x5120x1536][2731x5120x1536][2731x5120x1536][2731x5120x1536][2730x5120x1536][2730x5120x1536][2730x5120x1536][2730x5120x1536]',,tensorop,f32,128,128,64,4,4,1,1,1,1,5,4,1,1,128,128,16,100,110,289406976,515731619840,1782,0.581654,463.387,886663
1,CUTLASS,grouped_gemm,cutlass3x_sm100_tensorop_gemm_grouped_bf16_bf16_f32_bf16_bf16_128x128x64_0x0x1_0_tnt_align8_1sm,passed,success,grouped,,,,,bf16:row,bf16:column,bf16:row,bf16:row,1,0,invalid,invalid,heuristic,1,false,'[2731x5120x1536][2731x5120x1536][2731x5120x1536][2731x5120x1536][2731x5120x1536][2731x5120x1536][2731x5120x1536][2731x5120x1536][2730x5120x1536][2730x5120x1536][2730x5120x1536][2730x5120x1536]',,tensorop,f32,128,128,64,1,1,1,1,1,1,5,4,1,1,128,128,16,100,110,624951296,515731619840,825,0.415386,1401.18,1.24157e+06
1,CUTLASS,grouped_gemm,cutlass3x_sm100_tensorop_gemm_grouped_bf16_bf16_f32_bf16_bf16_128x128x64_0x0x1_0_tnt_align8_stream_k_1sm,passed,success,grouped,,,,,bf16:row,bf16:column,bf16:row,bf16:row,1,0,invalid,invalid,heuristic,1,false,'[2731x5120x1536][2731x5120x1536][2731x5120x1536][2731x5120x1536][2731x5120x1536][2731x5120x1536][2731x5120x1536][2731x5120x1536][2730x5120x1536][2730x5120x1536][2730x5120x1536][2730x5120x1536]',,tensorop,f32,128,128,64,1,1,1,1,1,1,5,4,1,1,128,128,16,100,110,624951296,515731619840,825,0.416064,1398.9,1.23955e+06
1,CUTLASS,grouped_gemm,cutlass3x_sm100_tensorop_gemm_grouped_bf16_bf16_f32_void_bf16_128x128x64_0x0x1_0_tnt_align8_1sm,passed,success,grouped,,,,,bf16:row,bf16:column,void:row,bf16:row,1,0,invalid,invalid,heuristic,1,false,'[2731x5120x1536][2731x5120x1536][2731x5120x1536][2731x5120x1536][2731x5120x1536][2731x5120x1536][2731x5120x1536][2731x5120x1536][2730x5120x1536][2730x5120x1536][2730x5120x1536][2730x5120x1536]',,tensorop,f32,128,128,64,1,1,1,1,1,1,6,4,1,1,128,128,16,100,110,289406976,515731619840,1782,0.41945,642.583,1.22954e+06
1,CUTLASS,grouped_gemm,cutlass3x_sm100_tensorop_gemm_grouped_bf16_bf16_f32_void_bf16_128x128x64_0x0x1_0_tnt_align8_stream_k_1sm,passed,success,grouped,,,,,bf16:row,bf16:column,void:row,bf16:row,1,0,invalid,invalid,heuristic,1,false,'[2731x5120x1536][2731x5120x1536][2731x5120x1536][2731x5120x1536][2731x5120x1536][2731x5120x1536][2731x5120x1536][2731x5120x1536][2730x5120x1536][2730x5120x1536][2730x5120x1536][2730x5120x1536]',,tensorop,f32,128,128,64,1,1,1,1,1,1,6,4,1,1,128,128,16,100,110,289406976,515731619840,1782,0.417914,644.945,1.23406e+06
1,CUTLASS,grouped_gemm,cutlass3x_sm100_tensorop_gemm_grouped_bf16_bf16_f32_bf16_bf16_128x128x64_1x1x1_0_tnt_align8_1sm,passed,success,grouped,,,,,bf16:row,bf16:column,bf16:row,bf16:row,1,0,invalid,invalid,heuristic,1,false,'[2731x5120x1536][2731x5120x1536][2731x5120x1536][2731x5120x1536][2731x5120x1536][2731x5120x1536][2731x5120x1536][2731x5120x1536][2730x5120x1536][2730x5120x1536][2730x5120x1536][2730x5120x1536]',,tensorop,f32,128,128,64,1,1,1,1,1,1,5,4,1,1,128,128,16,100,110,624951296,515731619840,825,0.395078,1473.2,1.30539e+06
1,CUTLASS,grouped_gemm,cutlass3x_sm100_tensorop_gemm_grouped_bf16_bf16_f32_bf16_bf16_128x128x64_1x1x1_0_tnt_align8_stream_k_1sm,passed,success,grouped,,,,,bf16:row,bf16:column,bf16:row,bf16:row,1,0,invalid,invalid,heuristic,1,false,'[2731x5120x1536][2731x5120x1536][2731x5120x1536][2731x5120x1536][2731x5120x1536][2731x5120x1536][2731x5120x1536][2731x5120x1536][2730x5120x1536][2730x5120x1536][2730x5120x1536][2730x5120x1536]',,tensorop,f32,128,128,64,1,1,1,1,1,1,5,4,1,1,128,128,16,100,110,624951296,515731619840,825,0.396438,1468.15,1.30091e+06
1,CUTLASS,grouped_gemm,cutlass3x_sm100_tensorop_gemm_grouped_bf16_bf16_f32_void_bf16_128x128x64_1x1x1_0_tnt_align8_1sm,passed,success,grouped,,,,,bf16:row,bf16:column,void:row,bf16:row,1,0,invalid,invalid,heuristic,1,false,'[2731x5120x1536][2731x5120x1536][2731x5120x1536][2731x5120x1536][2731x5120x1536][2731x5120x1536][2731x5120x1536][2731x5120x1536][2730x5120x1536][2730x5120x1536][2730x5120x1536][2730x5120x1536]',,tensorop,f32,128,128,64,1,1,1,1,1,1,6,4,1,1,128,128,16,100,110,289406976,515731619840,1782,0.37665,715.602,1.36926e+06
1,CUTLASS,grouped_gemm,cutlass3x_sm100_tensorop_gemm_grouped_bf16_bf16_f32_void_bf16_128x128x64_1x1x1_0_tnt_align8_stream_k_1sm,passed,success,grouped,,,,,bf16:row,bf16:column,void:row,bf16:row,1,0,invalid,invalid,heuristic,1,false,'[2731x5120x1536][2731x5120x1536][2731x5120x1536][2731x5120x1536][2731x5120x1536][2731x5120x1536][2731x5120x1536][2731x5120x1536][2730x5120x1536][2730x5120x1536][2730x5120x1536][2730x5120x1536]',,tensorop,f32,128,128,64,1,1,1,1,1,1,6,4,1,1,128,128,16,100,110,289406976,515731619840,1782,0.378003,713.04,1.36436e+06
1,CUTLASS,grouped_gemm,cutlass3x_sm100_tensorop_gemm_grouped_bf16_bf16_f32_bf16_bf16_128x128x64_1x2x1_0_tnt_align8_1sm,passed,success,grouped,,,,,bf16:row,bf16:column,bf16:row,bf16:row,1,0,invalid,invalid,heuristic,1,false,'[2731x5120x1536][2731x5120x1536][2731x5120x1536][2731x5120x1536][2731x5120x1536][2731x5120x1536][2731x5120x1536][2731x5120x1536][2730x5120x1536][2730x5120x1536][2730x5120x1536][2730x5120x1536]',,tensorop,f32,128,128,64,1,2,1,1,1,1,5,4,1,1,128,128,16,100,110,624951296,515731619840,825,0.369376,1575.71,1.39622e+06
1,CUTLASS,grouped_gemm,cutlass3x_sm100_tensorop_gemm_grouped_bf16_bf16_f32_bf16_bf16_128x128x64_1x2x1_0_tnt_align8_stream_k_1sm,passed,success,grouped,,,,,bf16:row,bf16:column,bf16:row,bf16:row,1,0,invalid,invalid,heuristic,1,false,'[2731x5120x1536][2731x5120x1536][2731x5120x1536][2731x5120x1536][2731x5120x1536][2731x5120x1536][2731x5120x1536][2731x5120x1536][2730x5120x1536][2730x5120x1536][2730x5120x1536][2730x5120x1536]',,tensorop,f32,128,128,64,1,2,1,1,1,1,5,4,1,1,128,128,16,100,110,624951296,515731619840,825,0.370122,1572.54,1.39341e+06
1,CUTLASS,grouped_gemm,cutlass3x_sm100_tensorop_gemm_grouped_bf16_bf16_f32_void_bf16_128x128x64_1x2x1_0_tnt_align8_1sm,passed,success,grouped,,,,,bf16:row,bf16:column,void:row,bf16:row,1,0,invalid,invalid,heuristic,1,false,'[2731x5120x1536][2731x5120x1536][2731x5120x1536][2731x5120x1536][2731x5120x1536][2731x5120x1536][2731x5120x1536][2731x5120x1536][2730x5120x1536][2730x5120x1536][2730x5120x1536][2730x5120x1536]',,tensorop,f32,128,128,64,1,2,1,1,1,1,6,4,1,1,128,128,16,100,110,289406976,515731619840,1782,0.345821,779.396,1.49133e+06
1,CUTLASS,grouped_gemm,cutlass3x_sm100_tensorop_gemm_grouped_bf16_bf16_f32_void_bf16_128x128x64_1x2x1_0_tnt_align8_stream_k_1sm,passed,success,grouped,,,,,bf16:row,bf16:column,void:row,bf16:row,1,0,invalid,invalid,heuristic,1,false,'[2731x5120x1536][2731x5120x1536][2731x5120x1536][2731x5120x1536][2731x5120x1536][2731x5120x1536][2731x5120x1536][2731x5120x1536][2730x5120x1536][2730x5120x1536][2730x5120x1536][2730x5120x1536]',,tensorop,f32,128,128,64,1,2,1,1,1,1,6,4,1,1,128,128,16,100,110,289406976,515731619840,1782,0.346026,778.934,1.49044e+06
1,CUTLASS,grouped_gemm,cutlass3x_sm100_tensorop_gemm_grouped_bf16_bf16_f32_bf16_bf16_128x128x64_1x4x1_0_tnt_align8_1sm,passed,success,grouped,,,,,bf16:row,bf16:column,bf16:row,bf16:row,1,0,invalid,invalid,heuristic,1,false,'[2731x5120x1536][2731x5120x1536][2731x5120x1536][2731x5120x1536][2731x5120x1536][2731x5120x1536][2731x5120x1536][2731x5120x1536][2730x5120x1536][2730x5120x1536][2730x5120x1536][2730x5120x1536]',,tensorop,f32,128,128,64,1,4,1,1,1,1,5,4,1,1,128,128,16,100,110,624951296,515731619840,825,0.386813,1504.68,1.33328e+06
1,CUTLASS,grouped_gemm,cutlass3x_sm100_tensorop_gemm_grouped_bf16_bf16_f32_bf16_bf16_128x128x64_1x4x1_0_tnt_align8_stream_k_1sm,passed,success,grouped,,,,,bf16:row,bf16:column,bf16:row,bf16:row,1,0,invalid,invalid,heuristic,1,false,'[2731x5120x1536][2731x5120x1536][2731x5120x1536][2731x5120x1536][2731x5120x1536][2731x5120x1536][2731x5120x1536][2731x5120x1536][2730x5120x1536][2730x5120x1536][2730x5120x1536][2730x5120x1536]',,tensorop,f32,128,128,64,1,4,1,1,1,1,5,4,1,1,128,128,16,100,110,624951296,515731619840,825,0.38689,1504.39,1.33302e+06
1,CUTLASS,grouped_gemm,cutlass3x_sm100_tensorop_gemm_grouped_bf16_bf16_f32_void_bf16_128x128x64_1x4x1_0_tnt_align8_1sm,passed,success,grouped,,,,,bf16:row,bf16:column,void:row,bf16:row,1,0,invalid,invalid,heuristic,1,false,'[2731x5120x1536][2731x5120x1536][2731x5120x1536][2731x5120x1536][2731x5120x1536][2731x5120x1536][2731x5120x1536][2731x5120x1536][2730x5120x1536][2730x5120x1536][2730x5120x1536][2730x5120x1536]',,tensorop,f32,128,128,64,1,4,1,1,1,1,6,4,1,1,128,128,16,100,110,289406976,515731619840,1782,0.35824,752.376,1.43963e+06
1,CUTLASS,grouped_gemm,cutlass3x_sm100_tensorop_gemm_grouped_bf16_bf16_f32_void_bf16_128x128x64_1x4x1_0_tnt_align8_stream_k_1sm,passed,success,grouped,,,,,bf16:row,bf16:column,void:row,bf16:row,1,0,invalid,invalid,heuristic,1,false,'[2731x5120x1536][2731x5120x1536][2731x5120x1536][2731x5120x1536][2731x5120x1536][2731x5120x1536][2731x5120x1536][2731x5120x1536][2730x5120x1536][2730x5120x1536][2730x5120x1536][2730x5120x1536]',,tensorop,f32,128,128,64,1,4,1,1,1,1,6,4,1,1,128,128,16,100,110,289406976,515731619840,1782,0.35801,752.86,1.44055e+06
1,CUTLASS,grouped_gemm,cutlass3x_sm100_tensorop_gemm_grouped_bf16_bf16_f32_bf16_bf16_128x128x64_4x4x1_0_tnt_align8_1sm,passed,success,grouped,,,,,bf16:row,bf16:column,bf16:row,bf16:row,1,0,invalid,invalid,heuristic,1,false,'[2731x5120x1536][2731x5120x1536][2731x5120x1536][2731x5120x1536][2731x5120x1536][2731x5120x1536][2731x5120x1536][2731x5120x1536][2730x5120x1536][2730x5120x1536][2730x5120x1536][2730x5120x1536]',,tensorop,f32,128,128,64,4,4,1,1,1,1,5,4,1,1,128,128,16,100,110,624951296,515731619840,825,0.515296,1129.51,1.00085e+06
1,CUTLASS,grouped_gemm,cutlass3x_sm100_tensorop_gemm_grouped_bf16_bf16_f32_bf16_bf16_128x128x64_4x4x1_0_tnt_align8_stream_k_1sm,passed,success,grouped,,,,,bf16:row,bf16:column,bf16:row,bf16:row,1,0,invalid,invalid,heuristic,1,false,'[2731x5120x1536][2731x5120x1536][2731x5120x1536][2731x5120x1536][2731x5120x1536][2731x5120x1536][2731x5120x1536][2731x5120x1536][2730x5120x1536][2730x5120x1536][2730x5120x1536][2730x5120x1536]',,tensorop,f32,128,128,64,4,4,1,1,1,1,5,4,1,1,128,128,16,100,110,624951296,515731619840,825,0.514989,1130.18,1.00144e+06
1,CUTLASS,grouped_gemm,cutlass3x_sm100_tensorop_gemm_grouped_bf16_bf16_f32_void_bf16_128x128x64_4x4x1_0_tnt_align8_1sm,passed,success,grouped,,,,,bf16:row,bf16:column,void:row,bf16:row,1,0,invalid,invalid,heuristic,1,false,'[2731x5120x1536][2731x5120x1536][2731x5120x1536][2731x5120x1536][2731x5120x1536][2731x5120x1536][2731x5120x1536][2731x5120x1536][2730x5120x1536][2730x5120x1536][2730x5120x1536][2730x5120x1536]',,tensorop,f32,128,128,64,4,4,1,1,1,1,6,4,1,1,128,128,16,100,110,289406976,515731619840,1782,0.467066,577.074,1.1042e+06
1,CUTLASS,grouped_gemm,cutlass3x_sm100_tensorop_gemm_grouped_bf16_bf16_f32_void_bf16_128x128x64_4x4x1_0_tnt_align8_stream_k_1sm,passed,success,grouped,,,,,bf16:row,bf16:column,void:row,bf16:row,1,0,invalid,invalid,heuristic,1,false,'[2731x5120x1536][2731x5120x1536][2731x5120x1536][2731x5120x1536][2731x5120x1536][2731x5120x1536][2731x5120x1536][2731x5120x1536][2730x5120x1536][2730x5120x1536][2730x5120x1536][2730x5120x1536]',,tensorop,f32,128,128,64,4,4,1,1,1,1,6,4,1,1,128,128,16,100,110,289406976,515731619840,1782,0.466992,577.165,1.10437e+06
1,CUTLASS,grouped_gemm,cutlass3x_sm100_tensorop_gemm_grouped_bf16_bf16_f32_f32_f32_128x256x64_0x0x1_0_tnt_align8_1sm,passed,success,grouped,,,,,bf16:row,bf16:column,f32:row,f32:row,1,0,invalid,invalid,heuristic,1,false,'[2731x5120x1536][2731x5120x1536][2731x5120x1536][2731x5120x1536][2731x5120x1536][2731x5120x1536][2731x5120x1536][2731x5120x1536][2730x5120x1536][2730x5120x1536][2730x5120x1536][2730x5120x1536]',,tensorop,f32,128,256,64,1,1,1,1,1,1,3,4,1,1,128,256,16,100,110,960495616,515731619840,536,0.393059,2275.82,1.3121e+06
1,CUTLASS,grouped_gemm,cutlass3x_sm100_tensorop_gemm_grouped_bf16_bf16_f32_f32_f32_128x256x64_0x0x1_0_tnt_align8_stream_k_1sm,passed,success,grouped,,,,,bf16:row,bf16:column,f32:row,f32:row,1,0,invalid,invalid,heuristic,1,false,'[2731x5120x1536][2731x5120x1536][2731x5120x1536][2731x5120x1536][2731x5120x1536][2731x5120x1536][2731x5120x1536][2731x5120x1536][2730x5120x1536][2730x5120x1536][2730x5120x1536][2730x5120x1536]',,tensorop,f32,128,256,64,1,1,1,1,1,1,3,4,1,1,128,256,16,100,110,960495616,515731619840,536,0.39327,2274.6,1.31139e+06
1,CUTLASS,grouped_gemm,cutlass3x_sm100_tensorop_gemm_grouped_bf16_bf16_f32_void_f32_128x256x64_0x0x1_0_tnt_align8_1sm,passed,success,grouped,,,,,bf16:row,bf16:column,void:row,f32:row,1,0,invalid,invalid,heuristic,1,false,'[2731x5120x1536][2731x5120x1536][2731x5120x1536][2731x5120x1536][2731x5120x1536][2731x5120x1536][2731x5120x1536][2731x5120x1536][2730x5120x1536][2730x5120x1536][2730x5120x1536][2730x5120x1536]',,tensorop,f32,128,256,64,1,1,1,1,1,1,3,4,1,1,128,256,16,100,110,289406976,515731619840,1782,0.399997,673.834,1.28934e+06
1,CUTLASS,grouped_gemm,cutlass3x_sm100_tensorop_gemm_grouped_bf16_bf16_f32_void_f32_128x256x64_0x0x1_0_tnt_align8_stream_k_1sm,passed,success,grouped,,,,,bf16:row,bf16:column,void:row,f32:row,1,0,invalid,invalid,heuristic,1,false,'[2731x5120x1536][2731x5120x1536][2731x5120x1536][2731x5120x1536][2731x5120x1536][2731x5120x1536][2731x5120x1536][2731x5120x1536][2730x5120x1536][2730x5120x1536][2730x5120x1536][2730x5120x1536]',,tensorop,f32,128,256,64,1,1,1,1,1,1,3,4,1,1,128,256,16,100,110,289406976,515731619840,1782,0.400099,673.661,1.28901e+06
1,CUTLASS,grouped_gemm,cutlass3x_sm100_tensorop_gemm_grouped_bf16_bf16_f32_f32_f32_128x256x64_1x1x1_0_tnt_align8_1sm,passed,success,grouped,,,,,bf16:row,bf16:column,f32:row,f32:row,1,0,invalid,invalid,heuristic,1,false,'[2731x5120x1536][2731x5120x1536][2731x5120x1536][2731x5120x1536][2731x5120x1536][2731x5120x1536][2731x5120x1536][2731x5120x1536][2730x5120x1536][2730x5120x1536][2730x5120x1536][2730x5120x1536]',,tensorop,f32,128,256,64,1,1,1,1,1,1,3,4,1,1,128,256,16,100,110,960495616,515731619840,536,0.404499,2211.45,1.27499e+06
1,CUTLASS,grouped_gemm,cutlass3x_sm100_tensorop_gemm_grouped_bf16_bf16_f32_f32_f32_128x256x64_1x1x1_0_tnt_align8_stream_k_1sm,passed,success,grouped,,,,,bf16:row,bf16:column,f32:row,f32:row,1,0,invalid,invalid,heuristic,1,false,'[2731x5120x1536][2731x5120x1536][2731x5120x1536][2731x5120x1536][2731x5120x1536][2731x5120x1536][2731x5120x1536][2731x5120x1536][2730x5120x1536][2730x5120x1536][2730x5120x1536][2730x5120x1536]',,tensorop,f32,128,256,64,1,1,1,1,1,1,3,4,1,1,128,256,16,100,110,960495616,515731619840,536,0.405856,2204.06,1.27073e+06
1,CUTLASS,grouped_gemm,cutlass3x_sm100_tensorop_gemm_grouped_bf16_bf16_f32_void_f32_128x256x64_1x1x1_0_tnt_align8_1sm,passed,success,grouped,,,,,bf16:row,bf16:column,void:row,f32:row,1,0,invalid,invalid,heuristic,1,false,'[2731x5120x1536][2731x5120x1536][2731x5120x1536][2731x5120x1536][2731x5120x1536][2731x5120x1536][2731x5120x1536][2731x5120x1536][2730x5120x1536][2730x5120x1536][2730x5120x1536][2730x5120x1536]',,tensorop,f32,128,256,64,1,1,1,1,1,1,3,4,1,1,128,256,16,100,110,289406976,515731619840,1782,0.410336,656.855,1.25685e+06
1,CUTLASS,grouped_gemm,cutlass3x_sm100_tensorop_gemm_grouped_bf16_bf16_f32_void_f32_128x256x64_1x1x1_0_tnt_align8_stream_k_1sm,passed,success,grouped,,,,,bf16:row,bf16:column,void:row,f32:row,1,0,invalid,invalid,heuristic,1,false,'[2731x5120x1536][2731x5120x1536][2731x5120x1536][2731x5120x1536][2731x5120x1536][2731x5120x1536][2731x5120x1536][2731x5120x1536][2730x5120x1536][2730x5120x1536][2730x5120x1536][2730x5120x1536]',,tensorop,f32,128,256,64,1,1,1,1,1,1,3,4,1,1,128,256,16,100,110,289406976,515731619840,1782,0.41064,656.369,1.25592e+06
1,CUTLASS,grouped_gemm,cutlass3x_sm100_tensorop_gemm_grouped_bf16_bf16_f32_f32_f32_128x256x64_1x2x1_0_tnt_align8_1sm,passed,success,grouped,,,,,bf16:row,bf16:column,f32:row,f32:row,1,0,invalid,invalid,heuristic,1,false,'[2731x5120x1536][2731x5120x1536][2731x5120x1536][2731x5120x1536][2731x5120x1536][2731x5120x1536][2731x5120x1536][2731x5120x1536][2730x5120x1536][2730x5120x1536][2730x5120x1536][2730x5120x1536]',,tensorop,f32,128,256,64,1,2,1,1,1,1,3,4,1,1,128,256,16,100,110,960495616,515731619840,536,0.391824,2282.99,1.31623e+06
1,CUTLASS,grouped_gemm,cutlass3x_sm100_tensorop_gemm_grouped_bf16_bf16_f32_f32_f32_128x256x64_1x2x1_0_tnt_align8_stream_k_1sm,passed,success,grouped,,,,,bf16:row,bf16:column,f32:row,f32:row,1,0,invalid,invalid,heuristic,1,false,'[2731x5120x1536][2731x5120x1536][2731x5120x1536][2731x5120x1536][2731x5120x1536][2731x5120x1536][2731x5120x1536][2731x5120x1536][2730x5120x1536][2730x5120x1536][2730x5120x1536][2730x5120x1536]',,tensorop,f32,128,256,64,1,2,1,1,1,1,3,4,1,1,128,256,16,100,110,960495616,515731619840,536,0.391104,2287.2,1.31866e+06
1,CUTLASS,grouped_gemm,cutlass3x_sm100_tensorop_gemm_grouped_bf16_bf16_f32_void_f32_128x256x64_1x2x1_0_tnt_align8_1sm,passed,success,grouped,,,,,bf16:row,bf16:column,void:row,f32:row,1,0,invalid,invalid,heuristic,1,false,'[2731x5120x1536][2731x5120x1536][2731x5120x1536][2731x5120x1536][2731x5120x1536][2731x5120x1536][2731x5120x1536][2731x5120x1536][2730x5120x1536][2730x5120x1536][2730x5120x1536][2730x5120x1536]',,tensorop,f32,128,256,64,1,2,1,1,1,1,3,4,1,1,128,256,16,100,110,289406976,515731619840,1782,0.39815,676.958,1.29532e+06
1,CUTLASS,grouped_gemm,cutlass3x_sm100_tensorop_gemm_grouped_bf16_bf16_f32_void_f32_128x256x64_1x2x1_0_tnt_align8_stream_k_1sm,passed,success,grouped,,,,,bf16:row,bf16:column,void:row,f32:row,1,0,invalid,invalid,heuristic,1,false,'[2731x5120x1536][2731x5120x1536][2731x5120x1536][2731x5120x1536][2731x5120x1536][2731x5120x1536][2731x5120x1536][2731x5120x1536][2730x5120x1536][2730x5120x1536][2730x5120x1536][2730x5120x1536]',,tensorop,f32,128,256,64,1,2,1,1,1,1,3,4,1,1,128,256,16,100,110,289406976,515731619840,1782,0.39855,676.279,1.29402e+06
1,CUTLASS,grouped_gemm,cutlass3x_sm100_tensorop_gemm_grouped_bf16_bf16_f32_f32_f32_128x256x64_1x4x1_0_tnt_align8_1sm,passed,success,grouped,,,,,bf16:row,bf16:column,f32:row,f32:row,1,0,invalid,invalid,heuristic,1,false,'[2731x5120x1536][2731x5120x1536][2731x5120x1536][2731x5120x1536][2731x5120x1536][2731x5120x1536][2731x5120x1536][2731x5120x1536][2730x5120x1536][2730x5120x1536][2730x5120x1536][2730x5120x1536]',,tensorop,f32,128,256,64,1,4,1,1,1,1,3,4,1,1,128,256,16,100,110,960495616,515731619840,536,0.432685,2067.4,1.19193e+06
1,CUTLASS,grouped_gemm,cutlass3x_sm100_tensorop_gemm_grouped_bf16_bf16_f32_f32_f32_128x256x64_1x4x1_0_tnt_align8_stream_k_1sm,passed,success,grouped,,,,,bf16:row,bf16:column,f32:row,f32:row,1,0,invalid,invalid,heuristic,1,false,'[2731x5120x1536][2731x5120x1536][2731x5120x1536][2731x5120x1536][2731x5120x1536][2731x5120x1536][2731x5120x1536][2731x5120x1536][2730x5120x1536][2730x5120x1536][2730x5120x1536][2730x5120x1536]',,tensorop,f32,128,256,64,1,4,1,1,1,1,3,4,1,1,128,256,16,100,110,960495616,515731619840,536,0.431533,2072.92,1.19512e+06
1,CUTLASS,grouped_gemm,cutlass3x_sm100_tensorop_gemm_grouped_bf16_bf16_f32_void_f32_128x256x64_1x4x1_0_tnt_align8_1sm,passed,success,grouped,,,,,bf16:row,bf16:column,void:row,f32:row,1,0,invalid,invalid,heuristic,1,false,'[2731x5120x1536][2731x5120x1536][2731x5120x1536][2731x5120x1536][2731x5120x1536][2731x5120x1536][2731x5120x1536][2731x5120x1536][2730x5120x1536][2730x5120x1536][2730x5120x1536][2730x5120x1536]',,tensorop,f32,128,256,64,1,4,1,1,1,1,3,4,1,1,128,256,16,100,110,289406976,515731619840,1782,0.437878,615.539,1.1778e+06
1,CUTLASS,grouped_gemm,cutlass3x_sm100_tensorop_gemm_grouped_bf16_bf16_f32_void_f32_128x256x64_1x4x1_0_tnt_align8_stream_k_1sm,passed,success,grouped,,,,,bf16:row,bf16:column,void:row,f32:row,1,0,invalid,invalid,heuristic,1,false,'[2731x5120x1536][2731x5120x1536][2731x5120x1536][2731x5120x1536][2731x5120x1536][2731x5120x1536][2731x5120x1536][2731x5120x1536][2730x5120x1536][2730x5120x1536][2730x5120x1536][2730x5120x1536]',,tensorop,f32,128,256,64,1,4,1,1,1,1,3,4,1,1,128,256,16,100,110,289406976,515731619840,1782,0.438835,614.197,1.17523e+06
1,CUTLASS,grouped_gemm,cutlass3x_sm100_tensorop_gemm_grouped_bf16_bf16_f32_f32_f32_128x256x64_4x4x1_0_tnt_align8_1sm,passed,success,grouped,,,,,bf16:row,bf16:column,f32:row,f32:row,1,0,invalid,invalid,heuristic,1,false,'[2731x5120x1536][2731x5120x1536][2731x5120x1536][2731x5120x1536][2731x5120x1536][2731x5120x1536][2731x5120x1536][2731x5120x1536][2730x5120x1536][2730x5120x1536][2730x5120x1536][2730x5120x1536]',,tensorop,f32,128,256,64,4,4,1,1,1,1,3,4,1,1,128,256,16,100,110,960495616,515731619840,536,0.546432,1637.04,943817
1,CUTLASS,grouped_gemm,cutlass3x_sm100_tensorop_gemm_grouped_bf16_bf16_f32_f32_f32_128x256x64_4x4x1_0_tnt_align8_stream_k_1sm,passed,success,grouped,,,,,bf16:row,bf16:column,f32:row,f32:row,1,0,invalid,invalid,heuristic,1,false,'[2731x5120x1536][2731x5120x1536][2731x5120x1536][2731x5120x1536][2731x5120x1536][2731x5120x1536][2731x5120x1536][2731x5120x1536][2730x5120x1536][2730x5120x1536][2730x5120x1536][2730x5120x1536]',,tensorop,f32,128,256,64,4,4,1,1,1,1,3,4,1,1,128,256,16,100,110,960495616,515731619840,536,0.546835,1635.83,943121
1,CUTLASS,grouped_gemm,cutlass3x_sm100_tensorop_gemm_grouped_bf16_bf16_f32_void_f32_128x256x64_4x4x1_0_tnt_align8_1sm,passed,success,grouped,,,,,bf16:row,bf16:column,void:row,f32:row,1,0,invalid,invalid,heuristic,1,false,'[2731x5120x1536][2731x5120x1536][2731x5120x1536][2731x5120x1536][2731x5120x1536][2731x5120x1536][2731x5120x1536][2731x5120x1536][2730x5120x1536][2730x5120x1536][2730x5120x1536][2730x5120x1536]',,tensorop,f32,128,256,64,4,4,1,1,1,1,3,4,1,1,128,256,16,100,110,289406976,515731619840,1782,0.560048,481.265,920870
1,CUTLASS,grouped_gemm,cutlass3x_sm100_tensorop_gemm_grouped_bf16_bf16_f32_void_f32_128x256x64_4x4x1_0_tnt_align8_stream_k_1sm,passed,success,grouped,,,,,bf16:row,bf16:column,void:row,f32:row,1,0,invalid,invalid,heuristic,1,false,'[2731x5120x1536][2731x5120x1536][2731x5120x1536][2731x5120x1536][2731x5120x1536][2731x5120x1536][2731x5120x1536][2731x5120x1536][2730x5120x1536][2730x5120x1536][2730x5120x1536][2730x5120x1536]',,tensorop,f32,128,256,64,4,4,1,1,1,1,3,4,1,1,128,256,16,100,110,289406976,515731619840,1782,0.558714,482.414,923070
1,CUTLASS,grouped_gemm,cutlass3x_sm100_tensorop_gemm_grouped_bf16_bf16_f32_bf16_bf16_128x256x64_0x0x1_0_tnt_align8_1sm,passed,success,grouped,,,,,bf16:row,bf16:column,bf16:row,bf16:row,1,0,invalid,invalid,heuristic,1,false,'[2731x5120x1536][2731x5120x1536][2731x5120x1536][2731x5120x1536][2731x5120x1536][2731x5120x1536][2731x5120x1536][2731x5120x1536][2730x5120x1536][2730x5120x1536][2730x5120x1536][2730x5120x1536]',,tensorop,f32,128,256,64,1,1,1,1,1,1,3,4,1,1,128,256,16,100,110,624951296,515731619840,825,0.348717,1669.07,1.47894e+06
1,CUTLASS,grouped_gemm,cutlass3x_sm100_tensorop_gemm_grouped_bf16_bf16_f32_bf16_bf16_128x256x64_0x0x1_0_tnt_align8_stream_k_1sm,passed,success,grouped,,,,,bf16:row,bf16:column,bf16:row,bf16:row,1,0,invalid,invalid,heuristic,1,false,'[2731x5120x1536][2731x5120x1536][2731x5120x1536][2731x5120x1536][2731x5120x1536][2731x5120x1536][2731x5120x1536][2731x5120x1536][2730x5120x1536][2730x5120x1536][2730x5120x1536][2730x5120x1536]',,tensorop,f32,128,256,64,1,1,1,1,1,1,3,4,1,1,128,256,16,100,110,624951296,515731619840,825,0.347805,1673.44,1.48282e+06
1,CUTLASS,grouped_gemm,cutlass3x_sm100_tensorop_gemm_grouped_bf16_bf16_f32_void_bf16_128x256x64_0x0x1_0_tnt_align8_1sm,passed,success,grouped,,,,,bf16:row,bf16:column,void:row,bf16:row,1,0,invalid,invalid,heuristic,1,false,'[2731x5120x1536][2731x5120x1536][2731x5120x1536][2731x5120x1536][2731x5120x1536][2731x5120x1536][2731x5120x1536][2731x5120x1536][2730x5120x1536][2730x5120x1536][2730x5120x1536][2730x5120x1536]',,tensorop,f32,128,256,64,1,1,1,1,1,1,4,4,1,1,128,256,16,100,110,289406976,515731619840,1782,0.322784,835.02,1.59776e+06
1,CUTLASS,grouped_gemm,cutlass3x_sm100_tensorop_gemm_grouped_bf16_bf16_f32_void_bf16_128x256x64_0x0x1_0_tnt_align8_stream_k_1sm,passed,success,grouped,,,,,bf16:row,bf16:column,void:row,bf16:row,1,0,invalid,invalid,heuristic,1,false,'[2731x5120x1536][2731x5120x1536][2731x5120x1536][2731x5120x1536][2731x5120x1536][2731x5120x1536][2731x5120x1536][2731x5120x1536][2730x5120x1536][2730x5120x1536][2730x5120x1536][2730x5120x1536]',,tensorop,f32,128,256,64,1,1,1,1,1,1,4,4,1,1,128,256,16,100,110,289406976,515731619840,1782,0.322989,834.491,1.59675e+06
1,CUTLASS,grouped_gemm,cutlass3x_sm100_tensorop_gemm_grouped_bf16_bf16_f32_bf16_bf16_128x256x64_1x1x1_0_tnt_align8_1sm,passed,success,grouped,,,,,bf16:row,bf16:column,bf16:row,bf16:row,1,0,invalid,invalid,heuristic,1,false,'[2731x5120x1536][2731x5120x1536][2731x5120x1536][2731x5120x1536][2731x5120x1536][2731x5120x1536][2731x5120x1536][2731x5120x1536][2730x5120x1536][2730x5120x1536][2730x5120x1536][2730x5120x1536]',,tensorop,f32,128,256,64,1,1,1,1,1,1,3,4,1,1,128,256,16,100,110,624951296,515731619840,825,0.35968,1618.19,1.43386e+06
1,CUTLASS,grouped_gemm,cutlass3x_sm100_tensorop_gemm_grouped_bf16_bf16_f32_bf16_bf16_128x256x64_1x1x1_0_tnt_align8_stream_k_1sm,passed,success,grouped,,,,,bf16:row,bf16:column,bf16:row,bf16:row,1,0,invalid,invalid,heuristic,1,false,'[2731x5120x1536][2731x5120x1536][2731x5120x1536][2731x5120x1536][2731x5120x1536][2731x5120x1536][2731x5120x1536][2731x5120x1536][2730x5120x1536][2730x5120x1536][2730x5120x1536][2730x5120x1536]',,tensorop,f32,128,256,64,1,1,1,1,1,1,3,4,1,1,128,256,16,100,110,624951296,515731619840,825,0.359955,1616.95,1.43277e+06
1,CUTLASS,grouped_gemm,cutlass3x_sm100_tensorop_gemm_grouped_bf16_bf16_f32_void_bf16_128x256x64_1x1x1_0_tnt_align8_1sm,passed,success,grouped,,,,,bf16:row,bf16:column,void:row,bf16:row,1,0,invalid,invalid,heuristic,1,false,'[2731x5120x1536][2731x5120x1536][2731x5120x1536][2731x5120x1536][2731x5120x1536][2731x5120x1536][2731x5120x1536][2731x5120x1536][2730x5120x1536][2730x5120x1536][2730x5120x1536][2730x5120x1536]',,tensorop,f32,128,256,64,1,1,1,1,1,1,4,4,1,1,128,256,16,100,110,289406976,515731619840,1782,0.317667,848.471,1.6235e+06
1,CUTLASS,grouped_gemm,cutlass3x_sm100_tensorop_gemm_grouped_bf16_bf16_f32_void_bf16_128x256x64_1x1x1_0_tnt_align8_stream_k_1sm,passed,success,grouped,,,,,bf16:row,bf16:column,void:row,bf16:row,1,0,invalid,invalid,heuristic,1,false,'[2731x5120x1536][2731x5120x1536][2731x5120x1536][2731x5120x1536][2731x5120x1536][2731x5120x1536][2731x5120x1536][2731x5120x1536][2730x5120x1536][2730x5120x1536][2730x5120x1536][2730x5120x1536]',,tensorop,f32,128,256,64,1,1,1,1,1,1,4,4,1,1,128,256,16,100,110,289406976,515731619840,1782,0.317082,850.038,1.62649e+06
1,CUTLASS,grouped_gemm,cutlass3x_sm100_tensorop_gemm_grouped_bf16_bf16_f32_bf16_bf16_128x256x64_1x2x1_0_tnt_align8_1sm,passed,success,grouped,,,,,bf16:row,bf16:column,bf16:row,bf16:row,1,0,invalid,invalid,heuristic,1,false,'[2731x5120x1536][2731x5120x1536][2731x5120x1536][2731x5120x1536][2731x5120x1536][2731x5120x1536][2731x5120x1536][2731x5120x1536][2730x5120x1536][2730x5120x1536][2730x5120x1536][2730x5120x1536]',,tensorop,f32,128,256,64,1,2,1,1,1,1,3,4,1,1,128,256,16,100,110,624951296,515731619840,825,0.346675,1678.89,1.48765e+06
1,CUTLASS,grouped_gemm,cutlass3x_sm100_tensorop_gemm_grouped_bf16_bf16_f32_bf16_bf16_128x256x64_1x2x1_0_tnt_align8_stream_k_1sm,passed,success,grouped,,,,,bf16:row,bf16:column,bf16:row,bf16:row,1,0,invalid,invalid,heuristic,1,false,'[2731x5120x1536][2731x5120x1536][2731x5120x1536][2731x5120x1536][2731x5120x1536][2731x5120x1536][2731x5120x1536][2731x5120x1536][2730x5120x1536][2730x5120x1536][2730x5120x1536][2730x5120x1536]',,tensorop,f32,128,256,64,1,2,1,1,1,1,3,4,1,1,128,256,16,100,110,624951296,515731619840,825,0.347082,1676.93,1.48591e+06
1,CUTLASS,grouped_gemm,cutlass3x_sm100_tensorop_gemm_grouped_bf16_bf16_f32_void_bf16_128x256x64_1x2x1_0_tnt_align8_1sm,passed,success,grouped,,,,,bf16:row,bf16:column,void:row,bf16:row,1,0,invalid,invalid,heuristic,1,false,'[2731x5120x1536][2731x5120x1536][2731x5120x1536][2731x5120x1536][2731x5120x1536][2731x5120x1536][2731x5120x1536][2731x5120x1536][2730x5120x1536][2730x5120x1536][2730x5120x1536][2730x5120x1536]',,tensorop,f32,128,256,64,1,2,1,1,1,1,4,4,1,1,128,256,16,100,110,289406976,515731619840,1782,0.304179,886.094,1.69549e+06
1,CUTLASS,grouped_gemm,cutlass3x_sm100_tensorop_gemm_grouped_bf16_bf16_f32_void_bf16_128x256x64_1x2x1_0_tnt_align8_stream_k_1sm,passed,success,grouped,,,,,bf16:row,bf16:column,void:row,bf16:row,1,0,invalid,invalid,heuristic,1,false,'[2731x5120x1536][2731x5120x1536][2731x5120x1536][2731x5120x1536][2731x5120x1536][2731x5120x1536][2731x5120x1536][2731x5120x1536][2730x5120x1536][2730x5120x1536][2730x5120x1536][2730x5120x1536]',,tensorop,f32,128,256,64,1,2,1,1,1,1,4,4,1,1,128,256,16,100,110,289406976,515731619840,1782,0.30415,886.178,1.69565e+06
1,CUTLASS,grouped_gemm,cutlass3x_sm100_tensorop_gemm_grouped_bf16_bf16_f32_bf16_bf16_128x256x64_1x4x1_0_tnt_align8_1sm,passed,success,grouped,,,,,bf16:row,bf16:column,bf16:row,bf16:row,1,0,invalid,invalid,heuristic,1,false,'[2731x5120x1536][2731x5120x1536][2731x5120x1536][2731x5120x1536][2731x5120x1536][2731x5120x1536][2731x5120x1536][2731x5120x1536][2730x5120x1536][2730x5120x1536][2730x5120x1536][2730x5120x1536]',,tensorop,f32,128,256,64,1,4,1,1,1,1,3,4,1,1,128,256,16,100,110,624951296,515731619840,825,0.38392,1516.02,1.34333e+06
1,CUTLASS,grouped_gemm,cutlass3x_sm100_tensorop_gemm_grouped_bf16_bf16_f32_bf16_bf16_128x256x64_1x4x1_0_tnt_align8_stream_k_1sm,passed,success,grouped,,,,,bf16:row,bf16:column,bf16:row,bf16:row,1,0,invalid,invalid,heuristic,1,false,'[2731x5120x1536][2731x5120x1536][2731x5120x1536][2731x5120x1536][2731x5120x1536][2731x5120x1536][2731x5120x1536][2731x5120x1536][2730x5120x1536][2730x5120x1536][2730x5120x1536][2730x5120x1536]',,tensorop,f32,128,256,64,1,4,1,1,1,1,3,4,1,1,128,256,16,100,110,624951296,515731619840,825,0.384451,1513.93,1.34147e+06
1,CUTLASS,grouped_gemm,cutlass3x_sm100_tensorop_gemm_grouped_bf16_bf16_f32_void_bf16_128x256x64_1x4x1_0_tnt_align8_1sm,passed,success,grouped,,,,,bf16:row,bf16:column,void:row,bf16:row,1,0,invalid,invalid,heuristic,1,false,'[2731x5120x1536][2731x5120x1536][2731x5120x1536][2731x5120x1536][2731x5120x1536][2731x5120x1536][2731x5120x1536][2731x5120x1536][2730x5120x1536][2730x5120x1536][2730x5120x1536][2730x5120x1536]',,tensorop,f32,128,256,64,1,4,1,1,1,1,4,4,1,1,128,256,16,100,110,289406976,515731619840,1782,0.325581,827.847,1.58404e+06
1,CUTLASS,grouped_gemm,cutlass3x_sm100_tensorop_gemm_grouped_bf16_bf16_f32_void_bf16_128x256x64_1x4x1_0_tnt_align8_stream_k_1sm,passed,success,grouped,,,,,bf16:row,bf16:column,void:row,bf16:row,1,0,invalid,invalid,heuristic,1,false,'[2731x5120x1536][2731x5120x1536][2731x5120x1536][2731x5120x1536][2731x5120x1536][2731x5120x1536][2731x5120x1536][2731x5120x1536][2730x5120x1536][2730x5120x1536][2730x5120x1536][2730x5120x1536]',,tensorop,f32,128,256,64,1,4,1,1,1,1,4,4,1,1,128,256,16,100,110,289406976,515731619840,1782,0.325171,828.89,1.58603e+06
1,CUTLASS,grouped_gemm,cutlass3x_sm100_tensorop_gemm_grouped_bf16_bf16_f32_bf16_bf16_128x256x64_4x4x1_0_tnt_align8_1sm,passed,success,grouped,,,,,bf16:row,bf16:column,bf16:row,bf16:row,1,0,invalid,invalid,heuristic,1,false,'[2731x5120x1536][2731x5120x1536][2731x5120x1536][2731x5120x1536][2731x5120x1536][2731x5120x1536][2731x5120x1536][2731x5120x1536][2730x5120x1536][2730x5120x1536][2730x5120x1536][2730x5120x1536]',,tensorop,f32,128,256,64,4,4,1,1,1,1,3,4,1,1,128,256,16,100,110,624951296,515731619840,825,0.497197,1170.63,1.03728e+06
1,CUTLASS,grouped_gemm,cutlass3x_sm100_tensorop_gemm_grouped_bf16_bf16_f32_bf16_bf16_128x256x64_4x4x1_0_tnt_align8_stream_k_1sm,passed,success,grouped,,,,,bf16:row,bf16:column,bf16:row,bf16:row,1,0,invalid,invalid,heuristic,1,false,'[2731x5120x1536][2731x5120x1536][2731x5120x1536][2731x5120x1536][2731x5120x1536][2731x5120x1536][2731x5120x1536][2731x5120x1536][2730x5120x1536][2730x5120x1536][2730x5120x1536][2730x5120x1536]',,tensorop,f32,128,256,64,4,4,1,1,1,1,3,4,1,1,128,256,16,100,110,624951296,515731619840,825,0.497613,1169.65,1.03641e+06
1,CUTLASS,grouped_gemm,cutlass3x_sm100_tensorop_gemm_grouped_bf16_bf16_f32_void_bf16_128x256x64_4x4x1_0_tnt_align8_1sm,passed,success,grouped,,,,,bf16:row,bf16:column,void:row,bf16:row,1,0,invalid,invalid,heuristic,1,false,'[2731x5120x1536][2731x5120x1536][2731x5120x1536][2731x5120x1536][2731x5120x1536][2731x5120x1536][2731x5120x1536][2731x5120x1536][2730x5120x1536][2730x5120x1536][2730x5120x1536][2730x5120x1536]',,tensorop,f32,128,256,64,4,4,1,1,1,1,4,4,1,1,128,256,16,100,110,289406976,515731619840,1782,0.41815,644.58,1.23336e+06
1,CUTLASS,grouped_gemm,cutlass3x_sm100_tensorop_gemm_grouped_bf16_bf16_f32_void_bf16_128x256x64_4x4x1_0_tnt_align8_stream_k_1sm,passed,success,grouped,,,,,bf16:row,bf16:column,void:row,bf16:row,1,0,invalid,invalid,heuristic,1,false,'[2731x5120x1536][2731x5120x1536][2731x5120x1536][2731x5120x1536][2731x5120x1536][2731x5120x1536][2731x5120x1536][2731x5120x1536][2730x5120x1536][2730x5120x1536][2730x5120x1536][2730x5120x1536]',,tensorop,f32,128,256,64,4,4,1,1,1,1,4,4,1,1,128,256,16,100,110,289406976,515731619840,1782,0.418147,644.585,1.23337e+06
1,CUTLASS,grouped_gemm,cutlass3x_sm100_tensorop_gemm_grouped_bf16_bf16_f32_f32_f32_128x128x64_0x0x1_0_tnt_align8_2sm_epi_tma,passed,success,grouped,,,,,bf16:row,bf16:column,f32:row,f32:row,1,0,invalid,invalid,heuristic,1,false,'[2731x5120x1536][2731x5120x1536][2731x5120x1536][2731x5120x1536][2731x5120x1536][2731x5120x1536][2731x5120x1536][2731x5120x1536][2730x5120x1536][2730x5120x1536][2730x5120x1536][2730x5120x1536]',,tensorop,f32,128,128,64,2,1,1,2,1,1,11,4,1,1,128,128,16,100,110,960495616,515731619840,536,0.425008,2104.74,1.21346e+06
1,CUTLASS,grouped_gemm,cutlass3x_sm100_tensorop_gemm_grouped_bf16_bf16_f32_f32_f32_128x128x64_0x0x1_0_tnt_align8_stream_k_2sm_epi_tma,passed,success,grouped,,,,,bf16:row,bf16:column,f32:row,f32:row,1,0,invalid,invalid,heuristic,1,false,'[2731x5120x1536][2731x5120x1536][2731x5120x1536][2731x5120x1536][2731x5120x1536][2731x5120x1536][2731x5120x1536][2731x5120x1536][2730x5120x1536][2730x5120x1536][2730x5120x1536][2730x5120x1536]',,tensorop,f32,128,128,64,2,1,1,2,1,1,11,4,1,1,128,128,16,100,110,960495616,515731619840,536,0.425309,2103.25,1.21261e+06
1,CUTLASS,grouped_gemm,cutlass3x_sm100_tensorop_gemm_grouped_bf16_bf16_f32_void_f32_128x128x64_0x0x1_0_tnt_align8_2sm_epi_tma,passed,success,grouped,,,,,bf16:row,bf16:column,void:row,f32:row,1,0,invalid,invalid,heuristic,1,false,'[2731x5120x1536][2731x5120x1536][2731x5120x1536][2731x5120x1536][2731x5120x1536][2731x5120x1536][2731x5120x1536][2731x5120x1536][2730x5120x1536][2730x5120x1536][2730x5120x1536][2730x5120x1536]',,tensorop,f32,128,128,64,2,1,1,2,1,1,11,4,1,1,128,128,16,100,110,289406976,515731619840,1782,0.43391,621.168,1.18857e+06
1,CUTLASS,grouped_gemm,cutlass3x_sm100_tensorop_gemm_grouped_bf16_bf16_f32_void_f32_128x128x64_0x0x1_0_tnt_align8_stream_k_2sm_epi_tma,passed,success,grouped,,,,,bf16:row,bf16:column,void:row,f32:row,1,0,invalid,invalid,heuristic,1,false,'[2731x5120x1536][2731x5120x1536][2731x5120x1536][2731x5120x1536][2731x5120x1536][2731x5120x1536][2731x5120x1536][2731x5120x1536][2730x5120x1536][2730x5120x1536][2730x5120x1536][2730x5120x1536]',,tensorop,f32,128,128,64,2,1,1,2,1,1,11,4,1,1,128,128,16,100,110,289406976,515731619840,1782,0.435555,618.822,1.18408e+06
1,CUTLASS,grouped_gemm,cutlass3x_sm100_tensorop_gemm_grouped_bf16_bf16_f32_f32_f32_128x128x64_2x1x1_0_tnt_align8_2sm_epi_tma,passed,success,grouped,,,,,bf16:row,bf16:column,f32:row,f32:row,1,0,invalid,invalid,heuristic,1,false,'[2731x5120x1536][2731x5120x1536][2731x5120x1536][2731x5120x1536][2731x5120x1536][2731x5120x1536][2731x5120x1536][2731x5120x1536][2730x5120x1536][2730x5120x1536][2730x5120x1536][2730x5120x1536]',,tensorop,f32,128,128,64,2,1,1,2,1,1,11,4,1,1,128,128,16,100,110,960495616,515731619840,536,0.423888,2110.3,1.21667e+06
1,CUTLASS,grouped_gemm,cutlass3x_sm100_tensorop_gemm_grouped_bf16_bf16_f32_f32_f32_128x128x64_2x1x1_0_tnt_align8_stream_k_2sm_epi_tma,passed,success,grouped,,,,,bf16:row,bf16:column,f32:row,f32:row,1,0,invalid,invalid,heuristic,1,false,'[2731x5120x1536][2731x5120x1536][2731x5120x1536][2731x5120x1536][2731x5120x1536][2731x5120x1536][2731x5120x1536][2731x5120x1536][2730x5120x1536][2730x5120x1536][2730x5120x1536][2730x5120x1536]',,tensorop,f32,128,128,64,2,1,1,2,1,1,11,4,1,1,128,128,16,100,110,960495616,515731619840,536,0.425421,2102.7,1.21229e+06
1,CUTLASS,grouped_gemm,cutlass3x_sm100_tensorop_gemm_grouped_bf16_bf16_f32_void_f32_128x128x64_2x1x1_0_tnt_align8_2sm_epi_tma,passed,success,grouped,,,,,bf16:row,bf16:column,void:row,f32:row,1,0,invalid,invalid,heuristic,1,false,'[2731x5120x1536][2731x5120x1536][2731x5120x1536][2731x5120x1536][2731x5120x1536][2731x5120x1536][2731x5120x1536][2731x5120x1536][2730x5120x1536][2730x5120x1536][2730x5120x1536][2730x5120x1536]',,tensorop,f32,128,128,64,2,1,1,2,1,1,11,4,1,1,128,128,16,100,110,289406976,515731619840,1782,0.435142,619.409,1.1852e+06
1,CUTLASS,grouped_gemm,cutlass3x_sm100_tensorop_gemm_grouped_bf16_bf16_f32_void_f32_128x128x64_2x1x1_0_tnt_align8_stream_k_2sm_epi_tma,passed,success,grouped,,,,,bf16:row,bf16:column,void:row,f32:row,1,0,invalid,invalid,heuristic,1,false,'[2731x5120x1536][2731x5120x1536][2731x5120x1536][2731x5120x1536][2731x5120x1536][2731x5120x1536][2731x5120x1536][2731x5120x1536][2730x5120x1536][2730x5120x1536][2730x5120x1536][2730x5120x1536]',,tensorop,f32,128,128,64,2,1,1,2,1,1,11,4,1,1,128,128,16,100,110,289406976,515731619840,1782,0.434326,620.573,1.18743e+06
1,CUTLASS,grouped_gemm,cutlass3x_sm100_tensorop_gemm_grouped_bf16_bf16_f32_f32_f32_128x128x64_2x2x1_0_tnt_align8_2sm_epi_tma,passed,success,grouped,,,,,bf16:row,bf16:column,f32:row,f32:row,1,0,invalid,invalid,heuristic,1,false,'[2731x5120x1536][2731x5120x1536][2731x5120x1536][2731x5120x1536][2731x5120x1536][2731x5120x1536][2731x5120x1536][2731x5120x1536][2730x5120x1536][2730x5120x1536][2730x5120x1536][2730x5120x1536]',,tensorop,f32,128,128,64,2,2,1,2,1,1,11,4,1,1,128,128,16,100,110,960495616,515731619840,536,0.423162,2113.92,1.21876e+06
1,CUTLASS,grouped_gemm,cutlass3x_sm100_tensorop_gemm_grouped_bf16_bf16_f32_f32_f32_128x128x64_2x2x1_0_tnt_align8_stream_k_2sm_epi_tma,passed,success,grouped,,,,,bf16:row,bf16:column,f32:row,f32:row,1,0,invalid,invalid,heuristic,1,false,'[2731x5120x1536][2731x5120x1536][2731x5120x1536][2731x5120x1536][2731x5120x1536][2731x5120x1536][2731x5120x1536][2731x5120x1536][2730x5120x1536][2730x5120x1536][2730x5120x1536][2730x5120x1536]',,tensorop,f32,128,128,64,2,2,1,2,1,1,11,4,1,1,128,128,16,100,110,960495616,515731619840,536,0.422237,2118.55,1.22143e+06
1,CUTLASS,grouped_gemm,cutlass3x_sm100_tensorop_gemm_grouped_bf16_bf16_f32_void_f32_128x128x64_2x2x1_0_tnt_align8_2sm_epi_tma,passed,success,grouped,,,,,bf16:row,bf16:column,void:row,f32:row,1,0,invalid,invalid,heuristic,1,false,'[2731x5120x1536][2731x5120x1536][2731x5120x1536][2731x5120x1536][2731x5120x1536][2731x5120x1536][2731x5120x1536][2731x5120x1536][2730x5120x1536][2730x5120x1536][2730x5120x1536][2730x5120x1536]',,tensorop,f32,128,128,64,2,2,1,2,1,1,11,4,1,1,128,128,16,100,110,289406976,515731619840,1782,0.439344,613.486,1.17387e+06
1,CUTLASS,grouped_gemm,cutlass3x_sm100_tensorop_gemm_grouped_bf16_bf16_f32_void_f32_128x128x64_2x2x1_0_tnt_align8_stream_k_2sm_epi_tma,passed,success,grouped,,,,,bf16:row,bf16:column,void:row,f32:row,1,0,invalid,invalid,heuristic,1,false,'[2731x5120x1536][2731x5120x1536][2731x5120x1536][2731x5120x1536][2731x5120x1536][2731x5120x1536][2731x5120x1536][2731x5120x1536][2730x5120x1536][2730x5120x1536][2730x5120x1536][2730x5120x1536]',,tensorop,f32,128,128,64,2,2,1,2,1,1,11,4,1,1,128,128,16,100,110,289406976,515731619840,1782,0.439142,613.767,1.17441e+06
1,CUTLASS,grouped_gemm,cutlass3x_sm100_tensorop_gemm_grouped_bf16_bf16_f32_f32_f32_128x128x64_4x1x1_0_tnt_align8_2sm_epi_tma,passed,success,grouped,,,,,bf16:row,bf16:column,f32:row,f32:row,1,0,invalid,invalid,heuristic,1,false,'[2731x5120x1536][2731x5120x1536][2731x5120x1536][2731x5120x1536][2731x5120x1536][2731x5120x1536][2731x5120x1536][2731x5120x1536][2730x5120x1536][2730x5120x1536][2730x5120x1536][2730x5120x1536]',,tensorop,f32,128,128,64,4,1,1,2,1,1,11,4,1,1,128,128,16,100,110,960495616,515731619840,536,0.418349,2138.24,1.23278e+06
1,CUTLASS,grouped_gemm,cutlass3x_sm100_tensorop_gemm_grouped_bf16_bf16_f32_f32_f32_128x128x64_4x1x1_0_tnt_align8_stream_k_2sm_epi_tma,passed,success,grouped,,,,,bf16:row,bf16:column,f32:row,f32:row,1,0,invalid,invalid,heuristic,1,false,'[2731x5120x1536][2731x5120x1536][2731x5120x1536][2731x5120x1536][2731x5120x1536][2731x5120x1536][2731x5120x1536][2731x5120x1536][2730x5120x1536][2730x5120x1536][2730x5120x1536][2730x5120x1536]',,tensorop,f32,128,128,64,4,1,1,2,1,1,11,4,1,1,128,128,16,100,110,960495616,515731619840,536,0.420189,2128.88,1.22738e+06
1,CUTLASS,grouped_gemm,cutlass3x_sm100_tensorop_gemm_grouped_bf16_bf16_f32_void_f32_128x128x64_4x1x1_0_tnt_align8_2sm_epi_tma,passed,success,grouped,,,,,bf16:row,bf16:column,void:row,f32:row,1,0,invalid,invalid,heuristic,1,false,'[2731x5120x1536][2731x5120x1536][2731x5120x1536][2731x5120x1536][2731x5120x1536][2731x5120x1536][2731x5120x1536][2731x5120x1536][2730x5120x1536][2730x5120x1536][2730x5120x1536][2730x5120x1536]',,tensorop,f32,128,128,64,4,1,1,2,1,1,11,4,1,1,128,128,16,100,110,289406976,515731619840,1782,0.439344,613.486,1.17387e+06
1,CUTLASS,grouped_gemm,cutlass3x_sm100_tensorop_gemm_grouped_bf16_bf16_f32_void_f32_128x128x64_4x1x1_0_tnt_align8_stream_k_2sm_epi_tma,passed,success,grouped,,,,,bf16:row,bf16:column,void:row,f32:row,1,0,invalid,invalid,heuristic,1,false,'[2731x5120x1536][2731x5120x1536][2731x5120x1536][2731x5120x1536][2731x5120x1536][2731x5120x1536][2731x5120x1536][2731x5120x1536][2730x5120x1536][2730x5120x1536][2730x5120x1536][2730x5120x1536]',,tensorop,f32,128,128,64,4,1,1,2,1,1,11,4,1,1,128,128,16,100,110,289406976,515731619840,1782,0.439859,612.767,1.17249e+06
1,CUTLASS,grouped_gemm,cutlass3x_sm100_tensorop_gemm_grouped_bf16_bf16_f32_f32_f32_128x128x64_2x4x1_0_tnt_align8_2sm_epi_tma,passed,success,grouped,,,,,bf16:row,bf16:column,f32:row,f32:row,1,0,invalid,invalid,heuristic,1,false,'[2731x5120x1536][2731x5120x1536][2731x5120x1536][2731x5120x1536][2731x5120x1536][2731x5120x1536][2731x5120x1536][2731x5120x1536][2730x5120x1536][2730x5120x1536][2730x5120x1536][2730x5120x1536]',,tensorop,f32,128,128,64,2,4,1,2,1,1,11,4,1,1,128,128,16,100,110,960495616,515731619840,536,0.496477,1801.76,1.03878e+06
1,CUTLASS,grouped_gemm,cutlass3x_sm100_tensorop_gemm_grouped_bf16_bf16_f32_f32_f32_128x128x64_2x4x1_0_tnt_align8_stream_k_2sm_epi_tma,passed,success,grouped,,,,,bf16:row,bf16:column,f32:row,f32:row,1,0,invalid,invalid,heuristic,1,false,'[2731x5120x1536][2731x5120x1536][2731x5120x1536][2731x5120x1536][2731x5120x1536][2731x5120x1536][2731x5120x1536][2731x5120x1536][2730x5120x1536][2730x5120x1536][2730x5120x1536][2730x5120x1536]',,tensorop,f32,128,128,64,2,4,1,2,1,1,11,4,1,1,128,128,16,100,110,960495616,515731619840,536,0.49577,1804.33,1.04026e+06
1,CUTLASS,grouped_gemm,cutlass3x_sm100_tensorop_gemm_grouped_bf16_bf16_f32_void_f32_128x128x64_2x4x1_0_tnt_align8_2sm_epi_tma,passed,success,grouped,,,,,bf16:row,bf16:column,void:row,f32:row,1,0,invalid,invalid,heuristic,1,false,'[2731x5120x1536][2731x5120x1536][2731x5120x1536][2731x5120x1536][2731x5120x1536][2731x5120x1536][2731x5120x1536][2731x5120x1536][2730x5120x1536][2730x5120x1536][2730x5120x1536][2730x5120x1536]',,tensorop,f32,128,128,64,2,4,1,2,1,1,11,4,1,1,128,128,16,100,110,289406976,515731619840,1782,0.51552,522.834,1.00041e+06
1,CUTLASS,grouped_gemm,cutlass3x_sm100_tensorop_gemm_grouped_bf16_bf16_f32_void_f32_128x128x64_2x4x1_0_tnt_align8_stream_k_2sm_epi_tma,passed,success,grouped,,,,,bf16:row,bf16:column,void:row,f32:row,1,0,invalid,invalid,heuristic,1,false,'[2731x5120x1536][2731x5120x1536][2731x5120x1536][2731x5120x1536][2731x5120x1536][2731x5120x1536][2731x5120x1536][2731x5120x1536][2730x5120x1536][2730x5120x1536][2730x5120x1536][2730x5120x1536]',,tensorop,f32,128,128,64,2,4,1,2,1,1,11,4,1,1,128,128,16,100,110,289406976,515731619840,1782,0.514675,523.692,1.00205e+06
1,CUTLASS,grouped_gemm,cutlass3x_sm100_tensorop_gemm_grouped_bf16_bf16_f32_f32_f32_128x128x64_4x2x1_0_tnt_align8_2sm_epi_tma,passed,success,grouped,,,,,bf16:row,bf16:column,f32:row,f32:row,1,0,invalid,invalid,heuristic,1,false,'[2731x5120x1536][2731x5120x1536][2731x5120x1536][2731x5120x1536][2731x5120x1536][2731x5120x1536][2731x5120x1536][2731x5120x1536][2730x5120x1536][2730x5120x1536][2730x5120x1536][2730x5120x1536]',,tensorop,f32,128,128,64,4,2,1,2,1,1,11,4,1,1,128,128,16,100,110,960495616,515731619840,536,0.476515,1877.24,1.0823e+06
1,CUTLASS,grouped_gemm,cutlass3x_sm100_tensorop_gemm_grouped_bf16_bf16_f32_f32_f32_128x128x64_4x2x1_0_tnt_align8_stream_k_2sm_epi_tma,passed,success,grouped,,,,,bf16:row,bf16:column,f32:row,f32:row,1,0,invalid,invalid,heuristic,1,false,'[2731x5120x1536][2731x5120x1536][2731x5120x1536][2731x5120x1536][2731x5120x1536][2731x5120x1536][2731x5120x1536][2731x5120x1536][2730x5120x1536][2730x5120x1536][2730x5120x1536][2730x5120x1536]',,tensorop,f32,128,128,64,4,2,1,2,1,1,11,4,1,1,128,128,16,100,110,960495616,515731619840,536,0.476106,1878.85,1.08323e+06
1,CUTLASS,grouped_gemm,cutlass3x_sm100_tensorop_gemm_grouped_bf16_bf16_f32_void_f32_128x128x64_4x2x1_0_tnt_align8_2sm_epi_tma,passed,success,grouped,,,,,bf16:row,bf16:column,void:row,f32:row,1,0,invalid,invalid,heuristic,1,false,'[2731x5120x1536][2731x5120x1536][2731x5120x1536][2731x5120x1536][2731x5120x1536][2731x5120x1536][2731x5120x1536][2731x5120x1536][2730x5120x1536][2730x5120x1536][2730x5120x1536][2730x5120x1536]',,tensorop,f32,128,128,64,4,2,1,2,1,1,11,4,1,1,128,128,16,100,110,289406976,515731619840,1782,0.515293,523.064,1.00085e+06
1,CUTLASS,grouped_gemm,cutlass3x_sm100_tensorop_gemm_grouped_bf16_bf16_f32_void_f32_128x128x64_4x2x1_0_tnt_align8_stream_k_2sm_epi_tma,passed,success,grouped,,,,,bf16:row,bf16:column,void:row,f32:row,1,0,invalid,invalid,heuristic,1,false,'[2731x5120x1536][2731x5120x1536][2731x5120x1536][2731x5120x1536][2731x5120x1536][2731x5120x1536][2731x5120x1536][2731x5120x1536][2730x5120x1536][2730x5120x1536][2730x5120x1536][2730x5120x1536]',,tensorop,f32,128,128,64,4,2,1,2,1,1,11,4,1,1,128,128,16,100,110,289406976,515731619840,1782,0.514298,524.076,1.00279e+06
1,CUTLASS,grouped_gemm,cutlass3x_sm100_tensorop_gemm_grouped_bf16_bf16_f32_f32_f32_128x128x64_4x4x1_0_tnt_align8_2sm_epi_tma,passed,success,grouped,,,,,bf16:row,bf16:column,f32:row,f32:row,1,0,invalid,invalid,heuristic,1,false,'[2731x5120x1536][2731x5120x1536][2731x5120x1536][2731x5120x1536][2731x5120x1536][2731x5120x1536][2731x5120x1536][2731x5120x1536][2730x5120x1536][2730x5120x1536][2730x5120x1536][2730x5120x1536]',,tensorop,f32,128,128,64,4,4,1,2,1,1,11,4,1,1,128,128,16,100,110,960495616,515731619840,536,0.502832,1778.99,1.02565e+06
1,CUTLASS,grouped_gemm,cutlass3x_sm100_tensorop_gemm_grouped_bf16_bf16_f32_f32_f32_128x128x64_4x4x1_0_tnt_align8_stream_k_2sm_epi_tma,passed,success,grouped,,,,,bf16:row,bf16:column,f32:row,f32:row,1,0,invalid,invalid,heuristic,1,false,'[2731x5120x1536][2731x5120x1536][2731x5120x1536][2731x5120x1536][2731x5120x1536][2731x5120x1536][2731x5120x1536][2731x5120x1536][2730x5120x1536][2730x5120x1536][2730x5120x1536][2730x5120x1536]',,tensorop,f32,128,128,64,4,4,1,2,1,1,11,4,1,1,128,128,16,100,110,960495616,515731619840,536,0.501904,1782.28,1.02755e+06
1,CUTLASS,grouped_gemm,cutlass3x_sm100_tensorop_gemm_grouped_bf16_bf16_f32_void_f32_128x128x64_4x4x1_0_tnt_align8_2sm_epi_tma,passed,success,grouped,,,,,bf16:row,bf16:column,void:row,f32:row,1,0,invalid,invalid,heuristic,1,false,'[2731x5120x1536][2731x5120x1536][2731x5120x1536][2731x5120x1536][2731x5120x1536][2731x5120x1536][2731x5120x1536][2731x5120x1536][2730x5120x1536][2730x5120x1536][2730x5120x1536][2730x5120x1536]',,tensorop,f32,128,128,64,4,4,1,2,1,1,11,4,1,1,128,128,16,100,110,289406976,515731619840,1782,0.549117,490.845,939202
1,CUTLASS,grouped_gemm,cutlass3x_sm100_tensorop_gemm_grouped_bf16_bf16_f32_void_f32_128x128x64_4x4x1_0_tnt_align8_stream_k_2sm_epi_tma,passed,success,grouped,,,,,bf16:row,bf16:column,void:row,f32:row,1,0,invalid,invalid,heuristic,1,false,'[2731x5120x1536][2731x5120x1536][2731x5120x1536][2731x5120x1536][2731x5120x1536][2731x5120x1536][2731x5120x1536][2731x5120x1536][2730x5120x1536][2730x5120x1536][2730x5120x1536][2730x5120x1536]',,tensorop,f32,128,128,64,4,4,1,2,1,1,11,4,1,1,128,128,16,100,110,289406976,515731619840,1782,0.549075,490.882,939273
1,CUTLASS,grouped_gemm,cutlass3x_sm100_tensorop_gemm_grouped_bf16_bf16_f32_bf16_bf16_128x128x64_0x0x1_0_tnt_align8_2sm_epi_tma,passed,success,grouped,,,,,bf16:row,bf16:column,bf16:row,bf16:row,1,0,invalid,invalid,heuristic,1,false,'[2731x5120x1536][2731x5120x1536][2731x5120x1536][2731x5120x1536][2731x5120x1536][2731x5120x1536][2731x5120x1536][2731x5120x1536][2730x5120x1536][2730x5120x1536][2730x5120x1536][2730x5120x1536]',,tensorop,f32,128,128,64,2,1,1,2,1,1,12,4,1,1,128,128,16,100,110,624951296,515731619840,825,0.423242,1375.17,1.21853e+06
1,CUTLASS,grouped_gemm,cutlass3x_sm100_tensorop_gemm_grouped_bf16_bf16_f32_bf16_bf16_128x128x64_0x0x1_0_tnt_align8_stream_k_2sm_epi_tma,passed,success,grouped,,,,,bf16:row,bf16:column,bf16:row,bf16:row,1,0,invalid,invalid,heuristic,1,false,'[2731x5120x1536][2731x5120x1536][2731x5120x1536][2731x5120x1536][2731x5120x1536][2731x5120x1536][2731x5120x1536][2731x5120x1536][2730x5120x1536][2730x5120x1536][2730x5120x1536][2730x5120x1536]',,tensorop,f32,128,128,64,2,1,1,2,1,1,12,4,1,1,128,128,16,100,110,624951296,515731619840,825,0.422448,1377.76,1.22082e+06
1,CUTLASS,grouped_gemm,cutlass3x_sm100_tensorop_gemm_grouped_bf16_bf16_f32_void_bf16_128x128x64_0x0x1_0_tnt_align8_2sm_epi_tma,passed,success,grouped,,,,,bf16:row,bf16:column,void:row,bf16:row,1,0,invalid,invalid,heuristic,1,false,'[2731x5120x1536][2731x5120x1536][2731x5120x1536][2731x5120x1536][2731x5120x1536][2731x5120x1536][2731x5120x1536][2731x5120x1536][2730x5120x1536][2730x5120x1536][2730x5120x1536][2730x5120x1536]',,tensorop,f32,128,128,64,2,1,1,2,1,1,12,4,1,1,128,128,16,100,110,289406976,515731619840,1782,0.423165,636.942,1.21875e+06
1,CUTLASS,grouped_gemm,cutlass3x_sm100_tensorop_gemm_grouped_bf16_bf16_f32_void_bf16_128x128x64_0x0x1_0_tnt_align8_stream_k_2sm_epi_tma,passed,success,grouped,,,,,bf16:row,bf16:column,void:row,bf16:row,1,0,invalid,invalid,heuristic,1,false,'[2731x5120x1536][2731x5120x1536][2731x5120x1536][2731x5120x1536][2731x5120x1536][2731x5120x1536][2731x5120x1536][2731x5120x1536][2730x5120x1536][2730x5120x1536][2730x5120x1536][2730x5120x1536]',,tensorop,f32,128,128,64,2,1,1,2,1,1,12,4,1,1,128,128,16,100,110,289406976,515731619840,1782,0.422758,637.554,1.21992e+06
1,CUTLASS,grouped_gemm,cutlass3x_sm100_tensorop_gemm_grouped_bf16_bf16_f32_bf16_bf16_128x128x64_2x1x1_0_tnt_align8_2sm_epi_tma,passed,success,grouped,,,,,bf16:row,bf16:column,bf16:row,bf16:row,1,0,invalid,invalid,heuristic,1,false,'[2731x5120x1536][2731x5120x1536][2731x5120x1536][2731x5120x1536][2731x5120x1536][2731x5120x1536][2731x5120x1536][2731x5120x1536][2730x5120x1536][2730x5120x1536][2730x5120x1536][2730x5120x1536]',,tensorop,f32,128,128,64,2,1,1,2,1,1,12,4,1,1,128,128,16,100,110,624951296,515731619840,825,0.422826,1376.53,1.21973e+06
1,CUTLASS,grouped_gemm,cutlass3x_sm100_tensorop_gemm_grouped_bf16_bf16_f32_bf16_bf16_128x128x64_2x1x1_0_tnt_align8_stream_k_2sm_epi_tma,passed,success,grouped,,,,,bf16:row,bf16:column,bf16:row,bf16:row,1,0,invalid,invalid,heuristic,1,false,'[2731x5120x1536][2731x5120x1536][2731x5120x1536][2731x5120x1536][2731x5120x1536][2731x5120x1536][2731x5120x1536][2731x5120x1536][2730x5120x1536][2730x5120x1536][2730x5120x1536][2730x5120x1536]',,tensorop,f32,128,128,64,2,1,1,2,1,1,12,4,1,1,128,128,16,100,110,624951296,515731619840,825,0.421834,1379.76,1.22259e+06
1,CUTLASS,grouped_gemm,cutlass3x_sm100_tensorop_gemm_grouped_bf16_bf16_f32_void_bf16_128x128x64_2x1x1_0_tnt_align8_2sm_epi_tma,passed,success,grouped,,,,,bf16:row,bf16:column,void:row,bf16:row,1,0,invalid,invalid,heuristic,1,false,'[2731x5120x1536][2731x5120x1536][2731x5120x1536][2731x5120x1536][2731x5120x1536][2731x5120x1536][2731x5120x1536][2731x5120x1536][2730x5120x1536][2730x5120x1536][2730x5120x1536][2730x5120x1536]',,tensorop,f32,128,128,64,2,1,1,2,1,1,12,4,1,1,128,128,16,100,110,289406976,515731619840,1782,0.420608,640.813,1.22616e+06
1,CUTLASS,grouped_gemm,cutlass3x_sm100_tensorop_gemm_grouped_bf16_bf16_f32_void_bf16_128x128x64_2x1x1_0_tnt_align8_stream_k_2sm_epi_tma,passed,success,grouped,,,,,bf16:row,bf16:column,void:row,bf16:row,1,0,invalid,invalid,heuristic,1,false,'[2731x5120x1536][2731x5120x1536][2731x5120x1536][2731x5120x1536][2731x5120x1536][2731x5120x1536][2731x5120x1536][2731x5120x1536][2730x5120x1536][2730x5120x1536][2730x5120x1536][2730x5120x1536]',,tensorop,f32,128,128,64,2,1,1,2,1,1,12,4,1,1,128,128,16,100,110,289406976,515731619840,1782,0.421632,639.257,1.22318e+06
1,CUTLASS,grouped_gemm,cutlass3x_sm100_tensorop_gemm_grouped_bf16_bf16_f32_bf16_bf16_128x128x64_2x2x1_0_tnt_align8_2sm_epi_tma,passed,success,grouped,,,,,bf16:row,bf16:column,bf16:row,bf16:row,1,0,invalid,invalid,heuristic,1,false,'[2731x5120x1536][2731x5120x1536][2731x5120x1536][2731x5120x1536][2731x5120x1536][2731x5120x1536][2731x5120x1536][2731x5120x1536][2730x5120x1536][2730x5120x1536][2730x5120x1536][2730x5120x1536]',,tensorop,f32,128,128,64,2,2,1,2,1,1,12,4,1,1,128,128,16,100,110,624951296,515731619840,825,0.361411,1610.44,1.42699e+06
1,CUTLASS,grouped_gemm,cutlass3x_sm100_tensorop_gemm_grouped_bf16_bf16_f32_bf16_bf16_128x128x64_2x2x1_0_tnt_align8_stream_k_2sm_epi_tma,passed,success,grouped,,,,,bf16:row,bf16:column,bf16:row,bf16:row,1,0,invalid,invalid,heuristic,1,false,'[2731x5120x1536][2731x5120x1536][2731x5120x1536][2731x5120x1536][2731x5120x1536][2731x5120x1536][2731x5120x1536][2731x5120x1536][2730x5120x1536][2730x5120x1536][2730x5120x1536][2730x5120x1536]',,tensorop,f32,128,128,64,2,2,1,2,1,1,12,4,1,1,128,128,16,100,110,624951296,515731619840,825,0.362237,1606.77,1.42374e+06
1,CUTLASS,grouped_gemm,cutlass3x_sm100_tensorop_gemm_grouped_bf16_bf16_f32_void_bf16_128x128x64_2x2x1_0_tnt_align8_2sm_epi_tma,passed,success,grouped,,,,,bf16:row,bf16:column,void:row,bf16:row,1,0,invalid,invalid,heuristic,1,false,'[2731x5120x1536][2731x5120x1536][2731x5120x1536][2731x5120x1536][2731x5120x1536][2731x5120x1536][2731x5120x1536][2731x5120x1536][2730x5120x1536][2730x5120x1536][2730x5120x1536][2730x5120x1536]',,tensorop,f32,128,128,64,2,2,1,2,1,1,12,4,1,1,128,128,16,100,110,289406976,515731619840,1782,0.369098,730.244,1.39728e+06
1,CUTLASS,grouped_gemm,cutlass3x_sm100_tensorop_gemm_grouped_bf16_bf16_f32_void_bf16_128x128x64_2x2x1_0_tnt_align8_stream_k_2sm_epi_tma,passed,success,grouped,,,,,bf16:row,bf16:column,void:row,bf16:row,1,0,invalid,invalid,heuristic,1,false,'[2731x5120x1536][2731x5120x1536][2731x5120x1536][2731x5120x1536][2731x5120x1536][2731x5120x1536][2731x5120x1536][2731x5120x1536][2730x5120x1536][2730x5120x1536][2730x5120x1536][2730x5120x1536]',,tensorop,f32,128,128,64,2,2,1,2,1,1,12,4,1,1,128,128,16,100,110,289406976,515731619840,1782,0.368579,731.271,1.39924e+06
1,CUTLASS,grouped_gemm,cutlass3x_sm100_tensorop_gemm_grouped_bf16_bf16_f32_bf16_bf16_128x128x64_4x1x1_0_tnt_align8_2sm_epi_tma,passed,success,grouped,,,,,bf16:row,bf16:column,bf16:row,bf16:row,1,0,invalid,invalid,heuristic,1,false,'[2731x5120x1536][2731x5120x1536][2731x5120x1536][2731x5120x1536][2731x5120x1536][2731x5120x1536][2731x5120x1536][2731x5120x1536][2730x5120x1536][2730x5120x1536][2730x5120x1536][2730x5120x1536]',,tensorop,f32,128,128,64,4,1,1,2,1,1,12,4,1,1,128,128,16,100,110,624951296,515731619840,825,0.370246,1572.01,1.39294e+06
1,CUTLASS,grouped_gemm,cutlass3x_sm100_tensorop_gemm_grouped_bf16_bf16_f32_bf16_bf16_128x128x64_4x1x1_0_tnt_align8_stream_k_2sm_epi_tma,passed,success,grouped,,,,,bf16:row,bf16:column,bf16:row,bf16:row,1,0,invalid,invalid,heuristic,1,false,'[2731x5120x1536][2731x5120x1536][2731x5120x1536][2731x5120x1536][2731x5120x1536][2731x5120x1536][2731x5120x1536][2731x5120x1536][2730x5120x1536][2730x5120x1536][2730x5120x1536][2730x5120x1536]',,tensorop,f32,128,128,64,4,1,1,2,1,1,12,4,1,1,128,128,16,100,110,624951296,515731619840,825,0.368074,1581.29,1.40116e+06
1,CUTLASS,grouped_gemm,cutlass3x_sm100_tensorop_gemm_grouped_bf16_bf16_f32_void_bf16_128x128x64_4x1x1_0_tnt_align8_2sm_epi_tma,passed,success,grouped,,,,,bf16:row,bf16:column,void:row,bf16:row,1,0,invalid,invalid,heuristic,1,false,'[2731x5120x1536][2731x5120x1536][2731x5120x1536][2731x5120x1536][2731x5120x1536][2731x5120x1536][2731x5120x1536][2731x5120x1536][2730x5120x1536][2730x5120x1536][2730x5120x1536][2730x5120x1536]',,tensorop,f32,128,128,64,4,1,1,2,1,1,12,4,1,1,128,128,16,100,110,289406976,515731619840,1782,0.380467,708.422,1.35552e+06
1,CUTLASS,grouped_gemm,cutlass3x_sm100_tensorop_gemm_grouped_bf16_bf16_f32_void_bf16_128x128x64_4x1x1_0_tnt_align8_stream_k_2sm_epi_tma,passed,success,grouped,,,,,bf16:row,bf16:column,void:row,bf16:row,1,0,invalid,invalid,heuristic,1,false,'[2731x5120x1536][2731x5120x1536][2731x5120x1536][2731x5120x1536][2731x5120x1536][2731x5120x1536][2731x5120x1536][2731x5120x1536][2730x5120x1536][2730x5120x1536][2730x5120x1536][2730x5120x1536]',,tensorop,f32,128,128,64,4,1,1,2,1,1,12,4,1,1,128,128,16,100,110,289406976,515731619840,1782,0.379542,710.148,1.35882e+06
1,CUTLASS,grouped_gemm,cutlass3x_sm100_tensorop_gemm_grouped_bf16_bf16_f32_bf16_bf16_128x128x64_2x4x1_0_tnt_align8_2sm_epi_tma,passed,success,grouped,,,,,bf16:row,bf16:column,bf16:row,bf16:row,1,0,invalid,invalid,heuristic,1,false,'[2731x5120x1536][2731x5120x1536][2731x5120x1536][2731x5120x1536][2731x5120x1536][2731x5120x1536][2731x5120x1536][2731x5120x1536][2730x5120x1536][2730x5120x1536][2730x5120x1536][2730x5120x1536]',,tensorop,f32,128,128,64,2,4,1,2,1,1,12,4,1,1,128,128,16,100,110,624951296,515731619840,825,0.419034,1388.98,1.23076e+06
1,CUTLASS,grouped_gemm,cutlass3x_sm100_tensorop_gemm_grouped_bf16_bf16_f32_bf16_bf16_128x128x64_2x4x1_0_tnt_align8_stream_k_2sm_epi_tma,passed,success,grouped,,,,,bf16:row,bf16:column,bf16:row,bf16:row,1,0,invalid,invalid,heuristic,1,false,'[2731x5120x1536][2731x5120x1536][2731x5120x1536][2731x5120x1536][2731x5120x1536][2731x5120x1536][2731x5120x1536][2731x5120x1536][2730x5120x1536][2730x5120x1536][2730x5120x1536][2730x5120x1536]',,tensorop,f32,128,128,64,2,4,1,2,1,1,12,4,1,1,128,128,16,100,110,624951296,515731619840,825,0.418966,1389.21,1.23096e+06
1,CUTLASS,grouped_gemm,cutlass3x_sm100_tensorop_gemm_grouped_bf16_bf16_f32_void_bf16_128x128x64_2x4x1_0_tnt_align8_2sm_epi_tma,passed,success,grouped,,,,,bf16:row,bf16:column,void:row,bf16:row,1,0,invalid,invalid,heuristic,1,false,'[2731x5120x1536][2731x5120x1536][2731x5120x1536][2731x5120x1536][2731x5120x1536][2731x5120x1536][2731x5120x1536][2731x5120x1536][2730x5120x1536][2730x5120x1536][2730x5120x1536][2730x5120x1536]',,tensorop,f32,128,128,64,2,4,1,2,1,1,12,4,1,1,128,128,16,100,110,289406976,515731619840,1782,0.429101,628.13,1.20189e+06
1,CUTLASS,grouped_gemm,cutlass3x_sm100_tensorop_gemm_grouped_bf16_bf16_f32_void_bf16_128x128x64_2x4x1_0_tnt_align8_stream_k_2sm_epi_tma,passed,success,grouped,,,,,bf16:row,bf16:column,void:row,bf16:row,1,0,invalid,invalid,heuristic,1,false,'[2731x5120x1536][2731x5120x1536][2731x5120x1536][2731x5120x1536][2731x5120x1536][2731x5120x1536][2731x5120x1536][2731x5120x1536][2730x5120x1536][2730x5120x1536][2730x5120x1536][2730x5120x1536]',,tensorop,f32,128,128,64,2,4,1,2,1,1,12,4,1,1,128,128,16,100,110,289406976,515731619840,1782,0.427546,630.415,1.20626e+06
1,CUTLASS,grouped_gemm,cutlass3x_sm100_tensorop_gemm_grouped_bf16_bf16_f32_bf16_bf16_128x128x64_4x2x1_0_tnt_align8_2sm_epi_tma,passed,success,grouped,,,,,bf16:row,bf16:column,bf16:row,bf16:row,1,0,invalid,invalid,heuristic,1,false,'[2731x5120x1536][2731x5120x1536][2731x5120x1536][2731x5120x1536][2731x5120x1536][2731x5120x1536][2731x5120x1536][2731x5120x1536][2730x5120x1536][2730x5120x1536][2730x5120x1536][2730x5120x1536]',,tensorop,f32,128,128,64,4,2,1,2,1,1,12,4,1,1,128,128,16,100,110,624951296,515731619840,825,0.42937,1355.55,1.20114e+06
1,CUTLASS,grouped_gemm,cutlass3x_sm100_tensorop_gemm_grouped_bf16_bf16_f32_bf16_bf16_128x128x64_4x2x1_0_tnt_align8_stream_k_2sm_epi_tma,passed,success,grouped,,,,,bf16:row,bf16:column,bf16:row,bf16:row,1,0,invalid,invalid,heuristic,1,false,'[2731x5120x1536][2731x5120x1536][2731x5120x1536][2731x5120x1536][2731x5120x1536][2731x5120x1536][2731x5120x1536][2731x5120x1536][2730x5120x1536][2730x5120x1536][2730x5120x1536][2730x5120x1536]',,tensorop,f32,128,128,64,4,2,1,2,1,1,12,4,1,1,128,128,16,100,110,624951296,515731619840,825,0.426291,1365.34,1.20981e+06
1,CUTLASS,grouped_gemm,cutlass3x_sm100_tensorop_gemm_grouped_bf16_bf16_f32_void_bf16_128x128x64_4x2x1_0_tnt_align8_2sm_epi_tma,passed,success,grouped,,,,,bf16:row,bf16:column,void:row,bf16:row,1,0,invalid,invalid,heuristic,1,false,'[2731x5120x1536][2731x5120x1536][2731x5120x1536][2731x5120x1536][2731x5120x1536][2731x5120x1536][2731x5120x1536][2731x5120x1536][2730x5120x1536][2730x5120x1536][2730x5120x1536][2730x5120x1536]',,tensorop,f32,128,128,64,4,2,1,2,1,1,12,4,1,1,128,128,16,100,110,289406976,515731619840,1782,0.440762,611.513,1.17009e+06
1,CUTLASS,grouped_gemm,cutlass3x_sm100_tensorop_gemm_grouped_bf16_bf16_f32_void_bf16_128x128x64_4x2x1_0_tnt_align8_stream_k_2sm_epi_tma,passed,success,grouped,,,,,bf16:row,bf16:column,void:row,bf16:row,1,0,invalid,invalid,heuristic,1,false,'[2731x5120x1536][2731x5120x1536][2731x5120x1536][2731x5120x1536][2731x5120x1536][2731x5120x1536][2731x5120x1536][2731x5120x1536][2730x5120x1536][2730x5120x1536][2730x5120x1536][2730x5120x1536]',,tensorop,f32,128,128,64,4,2,1,2,1,1,12,4,1,1,128,128,16,100,110,289406976,515731619840,1782,0.440979,611.211,1.16951e+06
1,CUTLASS,grouped_gemm,cutlass3x_sm100_tensorop_gemm_grouped_bf16_bf16_f32_bf16_bf16_128x128x64_4x4x1_0_tnt_align8_2sm_epi_tma,passed,success,grouped,,,,,bf16:row,bf16:column,bf16:row,bf16:row,1,0,invalid,invalid,heuristic,1,false,'[2731x5120x1536][2731x5120x1536][2731x5120x1536][2731x5120x1536][2731x5120x1536][2731x5120x1536][2731x5120x1536][2731x5120x1536][2730x5120x1536][2730x5120x1536][2730x5120x1536][2730x5120x1536]',,tensorop,f32,128,128,64,4,4,1,2,1,1,12,4,1,1,128,128,16,100,110,624951296,515731619840,825,0.423542,1374.2,1.21766e+06
1,CUTLASS,grouped_gemm,cutlass3x_sm100_tensorop_gemm_grouped_bf16_bf16_f32_bf16_bf16_128x128x64_4x4x1_0_tnt_align8_stream_k_2sm_epi_tma,passed,success,grouped,,,,,bf16:row,bf16:column,bf16:row,bf16:row,1,0,invalid,invalid,heuristic,1,false,'[2731x5120x1536][2731x5120x1536][2731x5120x1536][2731x5120x1536][2731x5120x1536][2731x5120x1536][2731x5120x1536][2731x5120x1536][2730x5120x1536][2730x5120x1536][2730x5120x1536][2730x5120x1536]',,tensorop,f32,128,128,64,4,4,1,2,1,1,12,4,1,1,128,128,16,100,110,624951296,515731619840,825,0.423824,1373.29,1.21685e+06
1,CUTLASS,grouped_gemm,cutlass3x_sm100_tensorop_gemm_grouped_bf16_bf16_f32_void_bf16_128x128x64_4x4x1_0_tnt_align8_2sm_epi_tma,passed,success,grouped,,,,,bf16:row,bf16:column,void:row,bf16:row,1,0,invalid,invalid,heuristic,1,false,'[2731x5120x1536][2731x5120x1536][2731x5120x1536][2731x5120x1536][2731x5120x1536][2731x5120x1536][2731x5120x1536][2731x5120x1536][2730x5120x1536][2730x5120x1536][2730x5120x1536][2730x5120x1536]',,tensorop,f32,128,128,64,4,4,1,2,1,1,12,4,1,1,128,128,16,100,110,289406976,515731619840,1782,0.458451,587.917,1.12494e+06
1,CUTLASS,grouped_gemm,cutlass3x_sm100_tensorop_gemm_grouped_bf16_bf16_f32_void_bf16_128x128x64_4x4x1_0_tnt_align8_stream_k_2sm_epi_tma,passed,success,grouped,,,,,bf16:row,bf16:column,void:row,bf16:row,1,0,invalid,invalid,heuristic,1,false,'[2731x5120x1536][2731x5120x1536][2731x5120x1536][2731x5120x1536][2731x5120x1536][2731x5120x1536][2731x5120x1536][2731x5120x1536][2730x5120x1536][2730x5120x1536][2730x5120x1536][2730x5120x1536]',,tensorop,f32,128,128,64,4,4,1,2,1,1,12,4,1,1,128,128,16,100,110,289406976,515731619840,1782,0.458682,587.622,1.12438e+06
1,CUTLASS,grouped_gemm,cutlass3x_sm100_tensorop_gemm_grouped_bf16_bf16_f32_f32_f32_128x256x64_0x0x1_0_tnt_align8_2sm_epi_tma,passed,success,grouped,,,,,bf16:row,bf16:column,f32:row,f32:row,1,0,invalid,invalid,heuristic,1,false,'[2731x5120x1536][2731x5120x1536][2731x5120x1536][2731x5120x1536][2731x5120x1536][2731x5120x1536][2731x5120x1536][2731x5120x1536][2730x5120x1536][2730x5120x1536][2730x5120x1536][2730x5120x1536]',,tensorop,f32,128,256,64,2,1,1,2,1,1,7,4,1,1,128,256,16,100,110,960495616,515731619840,536,0.362544,2467.37,1.42254e+06
1,CUTLASS,grouped_gemm,cutlass3x_sm100_tensorop_gemm_grouped_bf16_bf16_f32_f32_f32_128x256x64_0x0x1_0_tnt_align8_stream_k_2sm_epi_tma,passed,success,grouped,,,,,bf16:row,bf16:column,f32:row,f32:row,1,0,invalid,invalid,heuristic,1,false,'[2731x5120x1536][2731x5120x1536][2731x5120x1536][2731x5120x1536][2731x5120x1536][2731x5120x1536][2731x5120x1536][2731x5120x1536][2730x5120x1536][2730x5120x1536][2730x5120x1536][2730x5120x1536]',,tensorop,f32,128,256,64,2,1,1,2,1,1,7,4,1,1,128,256,16,100,110,960495616,515731619840,536,0.362195,2469.75,1.42391e+06
1,CUTLASS,grouped_gemm,cutlass3x_sm100_tensorop_gemm_grouped_bf16_bf16_f32_void_f32_128x256x64_0x0x1_0_tnt_align8_2sm_epi_tma,passed,success,grouped,,,,,bf16:row,bf16:column,void:row,f32:row,1,0,invalid,invalid,heuristic,1,false,'[2731x5120x1536][2731x5120x1536][2731x5120x1536][2731x5120x1536][2731x5120x1536][2731x5120x1536][2731x5120x1536][2731x5120x1536][2730x5120x1536][2730x5120x1536][2730x5120x1536][2730x5120x1536]',,tensorop,f32,128,256,64,2,1,1,2,1,1,7,4,1,1,128,256,16,100,110,289406976,515731619840,1782,0.370598,727.287,1.39162e+06
1,CUTLASS,grouped_gemm,cutlass3x_sm100_tensorop_gemm_grouped_bf16_bf16_f32_void_f32_128x256x64_0x0x1_0_tnt_align8_stream_k_2sm_epi_tma,passed,success,grouped,,,,,bf16:row,bf16:column,void:row,f32:row,1,0,invalid,invalid,heuristic,1,false,'[2731x5120x1536][2731x5120x1536][2731x5120x1536][2731x5120x1536][2731x5120x1536][2731x5120x1536][2731x5120x1536][2731x5120x1536][2730x5120x1536][2730x5120x1536][2730x5120x1536][2730x5120x1536]',,tensorop,f32,128,256,64,2,1,1,2,1,1,7,4,1,1,128,256,16,100,110,289406976,515731619840,1782,0.371315,725.883,1.38893e+06
1,CUTLASS,grouped_gemm,cutlass3x_sm100_tensorop_gemm_grouped_bf16_bf16_f32_f32_f32_128x256x64_2x1x1_0_tnt_align8_2sm_epi_tma,passed,success,grouped,,,,,bf16:row,bf16:column,f32:row,f32:row,1,0,invalid,invalid,heuristic,1,false,'[2731x5120x1536][2731x5120x1536][2731x5120x1536][2731x5120x1536][2731x5120x1536][2731x5120x1536][2731x5120x1536][2731x5120x1536][2730x5120x1536][2730x5120x1536][2730x5120x1536][2730x5120x1536]',,tensorop,f32,128,256,64,2,1,1,2,1,1,7,4,1,1,128,256,16,100,110,960495616,515731619840,536,0.362032,2470.86,1.42455e+06
1,CUTLASS,grouped_gemm,cutlass3x_sm100_tensorop_gemm_grouped_bf16_bf16_f32_f32_f32_128x256x64_2x1x1_0_tnt_align8_stream_k_2sm_epi_tma,passed,success,grouped,,,,,bf16:row,bf16:column,f32:row,f32:row,1,0,invalid,invalid,heuristic,1,false,'[2731x5120x1536][2731x5120x1536][2731x5120x1536][2731x5120x1536][2731x5120x1536][2731x5120x1536][2731x5120x1536][2731x5120x1536][2730x5120x1536][2730x5120x1536][2730x5120x1536][2730x5120x1536]',,tensorop,f32,128,256,64,2,1,1,2,1,1,7,4,1,1,128,256,16,100,110,960495616,515731619840,536,0.360906,2478.57,1.42899e+06
1,CUTLASS,grouped_gemm,cutlass3x_sm100_tensorop_gemm_grouped_bf16_bf16_f32_void_f32_128x256x64_2x1x1_0_tnt_align8_2sm_epi_tma,passed,success,grouped,,,,,bf16:row,bf16:column,void:row,f32:row,1,0,invalid,invalid,heuristic,1,false,'[2731x5120x1536][2731x5120x1536][2731x5120x1536][2731x5120x1536][2731x5120x1536][2731x5120x1536][2731x5120x1536][2731x5120x1536][2730x5120x1536][2730x5120x1536][2730x5120x1536][2730x5120x1536]',,tensorop,f32,128,256,64,2,1,1,2,1,1,7,4,1,1,128,256,16,100,110,289406976,515731619840,1782,0.370838,726.816,1.39072e+06
1,CUTLASS,grouped_gemm,cutlass3x_sm100_tensorop_gemm_grouped_bf16_bf16_f32_void_f32_128x256x64_2x1x1_0_tnt_align8_stream_k_2sm_epi_tma,passed,success,grouped,,,,,bf16:row,bf16:column,void:row,f32:row,1,0,invalid,invalid,heuristic,1,false,'[2731x5120x1536][2731x5120x1536][2731x5120x1536][2731x5120x1536][2731x5120x1536][2731x5120x1536][2731x5120x1536][2731x5120x1536][2730x5120x1536][2730x5120x1536][2730x5120x1536][2730x5120x1536]',,tensorop,f32,128,256,64,2,1,1,2,1,1,7,4,1,1,128,256,16,100,110,289406976,515731619840,1782,0.370931,726.634,1.39037e+06
1,CUTLASS,grouped_gemm,cutlass3x_sm100_tensorop_gemm_grouped_bf16_bf16_f32_f32_f32_128x256x64_2x2x1_0_tnt_align8_2sm_epi_tma,passed,success,grouped,,,,,bf16:row,bf16:column,f32:row,f32:row,1,0,invalid,invalid,heuristic,1,false,'[2731x5120x1536][2731x5120x1536][2731x5120x1536][2731x5120x1536][2731x5120x1536][2731x5120x1536][2731x5120x1536][2731x5120x1536][2730x5120x1536][2730x5120x1536][2730x5120x1536][2730x5120x1536]',,tensorop,f32,128,256,64,2,2,1,2,1,1,7,4,1,1,128,256,16,100,110,960495616,515731619840,536,0.374723,2387.18,1.3763e+06
1,CUTLASS,grouped_gemm,cutlass3x_sm100_tensorop_gemm_grouped_bf16_bf16_f32_f32_f32_128x256x64_2x2x1_0_tnt_align8_stream_k_2sm_epi_tma,passed,success,grouped,,,,,bf16:row,bf16:column,f32:row,f32:row,1,0,invalid,invalid,heuristic,1,false,'[2731x5120x1536][2731x5120x1536][2731x5120x1536][2731x5120x1536][2731x5120x1536][2731x5120x1536][2731x5120x1536][2731x5120x1536][2730x5120x1536][2730x5120x1536][2730x5120x1536][2730x5120x1536]',,tensorop,f32,128,256,64,2,2,1,2,1,1,7,4,1,1,128,256,16,100,110,960495616,515731619840,536,0.375203,2384.12,1.37454e+06
1,CUTLASS,grouped_gemm,cutlass3x_sm100_tensorop_gemm_grouped_bf16_bf16_f32_void_f32_128x256x64_2x2x1_0_tnt_align8_2sm_epi_tma,passed,success,grouped,,,,,bf16:row,bf16:column,void:row,f32:row,1,0,invalid,invalid,heuristic,1,false,'[2731x5120x1536][2731x5120x1536][2731x5120x1536][2731x5120x1536][2731x5120x1536][2731x5120x1536][2731x5120x1536][2731x5120x1536][2730x5120x1536][2730x5120x1536][2730x5120x1536][2730x5120x1536]',,tensorop,f32,128,256,64,2,2,1,2,1,1,7,4,1,1,128,256,16,100,110,289406976,515731619840,1782,0.389885,691.31,1.32278e+06
1,CUTLASS,grouped_gemm,cutlass3x_sm100_tensorop_gemm_grouped_bf16_bf16_f32_void_f32_128x256x64_2x2x1_0_tnt_align8_stream_k_2sm_epi_tma,passed,success,grouped,,,,,bf16:row,bf16:column,void:row,f32:row,1,0,invalid,invalid,heuristic,1,false,'[2731x5120x1536][2731x5120x1536][2731x5120x1536][2731x5120x1536][2731x5120x1536][2731x5120x1536][2731x5120x1536][2731x5120x1536][2730x5120x1536][2730x5120x1536][2730x5120x1536][2730x5120x1536]',,tensorop,f32,128,256,64,2,2,1,2,1,1,7,4,1,1,128,256,16,100,110,289406976,515731619840,1782,0.389677,691.679,1.32349e+06
1,CUTLASS,grouped_gemm,cutlass3x_sm100_tensorop_gemm_grouped_bf16_bf16_f32_f32_f32_128x256x64_4x1x1_0_tnt_align8_2sm_epi_tma,passed,success,grouped,,,,,bf16:row,bf16:column,f32:row,f32:row,1,0,invalid,invalid,heuristic,1,false,'[2731x5120x1536][2731x5120x1536][2731x5120x1536][2731x5120x1536][2731x5120x1536][2731x5120x1536][2731x5120x1536][2731x5120x1536][2730x5120x1536][2730x5120x1536][2730x5120x1536][2730x5120x1536]',,tensorop,f32,128,256,64,4,1,1,2,1,1,7,4,1,1,128,256,16,100,110,960495616,515731619840,536,0.361709,2473.07,1.42582e+06
1,CUTLASS,grouped_gemm,cutlass3x_sm100_tensorop_gemm_grouped_bf16_bf16_f32_f32_f32_128x256x64_4x1x1_0_tnt_align8_stream_k_2sm_epi_tma,passed,success,grouped,,,,,bf16:row,bf16:column,f32:row,f32:row,1,0,invalid,invalid,heuristic,1,false,'[2731x5120x1536][2731x5120x1536][2731x5120x1536][2731x5120x1536][2731x5120x1536][2731x5120x1536][2731x5120x1536][2731x5120x1536][2730x5120x1536][2730x5120x1536][2730x5120x1536][2730x5120x1536]',,tensorop,f32,128,256,64,4,1,1,2,1,1,7,4,1,1,128,256,16,100,110,960495616,515731619840,536,0.362547,2467.35,1.42252e+06
1,CUTLASS,grouped_gemm,cutlass3x_sm100_tensorop_gemm_grouped_bf16_bf16_f32_void_f32_128x256x64_4x1x1_0_tnt_align8_2sm_epi_tma,passed,success,grouped,,,,,bf16:row,bf16:column,void:row,f32:row,1,0,invalid,invalid,heuristic,1,false,'[2731x5120x1536][2731x5120x1536][2731x5120x1536][2731x5120x1536][2731x5120x1536][2731x5120x1536][2731x5120x1536][2731x5120x1536][2730x5120x1536][2730x5120x1536][2730x5120x1536][2730x5120x1536]',,tensorop,f32,128,256,64,4,1,1,2,1,1,7,4,1,1,128,256,16,100,110,289406976,515731619840,1782,0.379542,710.148,1.35882e+06
1,CUTLASS,grouped_gemm,cutlass3x_sm100_tensorop_gemm_grouped_bf16_bf16_f32_void_f32_128x256x64_4x1x1_0_tnt_align8_stream_k_2sm_epi_tma,passed,success,grouped,,,,,bf16:row,bf16:column,void:row,f32:row,1,0,invalid,invalid,heuristic,1,false,'[2731x5120x1536][2731x5120x1536][2731x5120x1536][2731x5120x1536][2731x5120x1536][2731x5120x1536][2731x5120x1536][2731x5120x1536][2730x5120x1536][2730x5120x1536][2730x5120x1536][2730x5120x1536]',,tensorop,f32,128,256,64,4,1,1,2,1,1,7,4,1,1,128,256,16,100,110,289406976,515731619840,1782,0.379539,710.154,1.35884e+06
1,CUTLASS,grouped_gemm,cutlass3x_sm100_tensorop_gemm_grouped_bf16_bf16_f32_f32_f32_128x256x64_2x4x1_0_tnt_align8_2sm_epi_tma,passed,success,grouped,,,,,bf16:row,bf16:column,f32:row,f32:row,1,0,invalid,invalid,heuristic,1,false,'[2731x5120x1536][2731x5120x1536][2731x5120x1536][2731x5120x1536][2731x5120x1536][2731x5120x1536][2731x5120x1536][2731x5120x1536][2730x5120x1536][2730x5120x1536][2730x5120x1536][2730x5120x1536]',,tensorop,f32,128,256,64,2,4,1,2,1,1,7,4,1,1,128,256,16,100,110,960495616,515731619840,536,0.444509,2012.4,1.16023e+06
1,CUTLASS,grouped_gemm,cutlass3x_sm100_tensorop_gemm_grouped_bf16_bf16_f32_f32_f32_128x256x64_2x4x1_0_tnt_align8_stream_k_2sm_epi_tma,passed,success,grouped,,,,,bf16:row,bf16:column,f32:row,f32:row,1,0,invalid,invalid,heuristic,1,false,'[2731x5120x1536][2731x5120x1536][2731x5120x1536][2731x5120x1536][2731x5120x1536][2731x5120x1536][2731x5120x1536][2731x5120x1536][2730x5120x1536][2730x5120x1536][2730x5120x1536][2730x5120x1536]',,tensorop,f32,128,256,64,2,4,1,2,1,1,7,4,1,1,128,256,16,100,110,960495616,515731619840,536,0.443894,2015.19,1.16183e+06
1,CUTLASS,grouped_gemm,cutlass3x_sm100_tensorop_gemm_grouped_bf16_bf16_f32_void_f32_128x256x64_2x4x1_0_tnt_align8_2sm_epi_tma,passed,success,grouped,,,,,bf16:row,bf16:column,void:row,f32:row,1,0,invalid,invalid,heuristic,1,false,'[2731x5120x1536][2731x5120x1536][2731x5120x1536][2731x5120x1536][2731x5120x1536][2731x5120x1536][2731x5120x1536][2731x5120x1536][2730x5120x1536][2730x5120x1536][2730x5120x1536][2730x5120x1536]',,tensorop,f32,128,256,64,2,4,1,2,1,1,7,4,1,1,128,256,16,100,110,289406976,515731619840,1782,0.462995,582.147,1.1139e+06
1,CUTLASS,grouped_gemm,cutlass3x_sm100_tensorop_gemm_grouped_bf16_bf16_f32_void_f32_128x256x64_2x4x1_0_tnt_align8_stream_k_2sm_epi_tma,passed,success,grouped,,,,,bf16:row,bf16:column,void:row,f32:row,1,0,invalid,invalid,heuristic,1,false,'[2731x5120x1536][2731x5120x1536][2731x5120x1536][2731x5120x1536][2731x5120x1536][2731x5120x1536][2731x5120x1536][2731x5120x1536][2730x5120x1536][2730x5120x1536][2730x5120x1536][2730x5120x1536]',,tensorop,f32,128,256,64,2,4,1,2,1,1,7,4,1,1,128,256,16,100,110,289406976,515731619840,1782,0.462653,582.578,1.11473e+06
1,CUTLASS,grouped_gemm,cutlass3x_sm100_tensorop_gemm_grouped_bf16_bf16_f32_f32_f32_128x256x64_4x2x1_0_tnt_align8_2sm_epi_tma,passed,success,grouped,,,,,bf16:row,bf16:column,f32:row,f32:row,1,0,invalid,invalid,heuristic,1,false,'[2731x5120x1536][2731x5120x1536][2731x5120x1536][2731x5120x1536][2731x5120x1536][2731x5120x1536][2731x5120x1536][2731x5120x1536][2730x5120x1536][2730x5120x1536][2730x5120x1536][2730x5120x1536]',,tensorop,f32,128,256,64,4,2,1,2,1,1,7,4,1,1,128,256,16,100,110,960495616,515731619840,536,0.415075,2155.11,1.2425e+06
1,CUTLASS,grouped_gemm,cutlass3x_sm100_tensorop_gemm_grouped_bf16_bf16_f32_f32_f32_128x256x64_4x2x1_0_tnt_align8_stream_k_2sm_epi_tma,passed,success,grouped,,,,,bf16:row,bf16:column,f32:row,f32:row,1,0,invalid,invalid,heuristic,1,false,'[2731x5120x1536][2731x5120x1536][2731x5120x1536][2731x5120x1536][2731x5120x1536][2731x5120x1536][2731x5120x1536][2731x5120x1536][2730x5120x1536][2730x5120x1536][2730x5120x1536][2730x5120x1536]',,tensorop,f32,128,256,64,4,2,1,2,1,1,7,4,1,1,128,256,16,100,110,960495616,515731619840,536,0.41608,2149.9,1.2395e+06
1,CUTLASS,grouped_gemm,cutlass3x_sm100_tensorop_gemm_grouped_bf16_bf16_f32_void_f32_128x256x64_4x2x1_0_tnt_align8_2sm_epi_tma,passed,success,grouped,,,,,bf16:row,bf16:column,void:row,f32:row,1,0,invalid,invalid,heuristic,1,false,'[2731x5120x1536][2731x5120x1536][2731x5120x1536][2731x5120x1536][2731x5120x1536][2731x5120x1536][2731x5120x1536][2731x5120x1536][2730x5120x1536][2730x5120x1536][2730x5120x1536][2730x5120x1536]',,tensorop,f32,128,256,64,4,2,1,2,1,1,7,4,1,1,128,256,16,100,110,289406976,515731619840,1782,0.441798,610.077,1.16735e+06
1,CUTLASS,grouped_gemm,cutlass3x_sm100_tensorop_gemm_grouped_bf16_bf16_f32_void_f32_128x256x64_4x2x1_0_tnt_align8_stream_k_2sm_epi_tma,passed,success,grouped,,,,,bf16:row,bf16:column,void:row,f32:row,1,0,invalid,invalid,heuristic,1,false,'[2731x5120x1536][2731x5120x1536][2731x5120x1536][2731x5120x1536][2731x5120x1536][2731x5120x1536][2731x5120x1536][2731x5120x1536][2730x5120x1536][2730x5120x1536][2730x5120x1536][2730x5120x1536]',,tensorop,f32,128,256,64,4,2,1,2,1,1,7,4,1,1,128,256,16,100,110,289406976,515731619840,1782,0.442163,609.574,1.16638e+06
1,CUTLASS,grouped_gemm,cutlass3x_sm100_tensorop_gemm_grouped_bf16_bf16_f32_f32_f32_128x256x64_4x4x1_0_tnt_align8_2sm_epi_tma,passed,success,grouped,,,,,bf16:row,bf16:column,f32:row,f32:row,1,0,invalid,invalid,heuristic,1,false,'[2731x5120x1536][2731x5120x1536][2731x5120x1536][2731x5120x1536][2731x5120x1536][2731x5120x1536][2731x5120x1536][2731x5120x1536][2730x5120x1536][2730x5120x1536][2730x5120x1536][2730x5120x1536]',,tensorop,f32,128,256,64,4,4,1,2,1,1,7,4,1,1,128,256,16,100,110,960495616,515731619840,536,0.43767,2043.85,1.17836e+06
1,CUTLASS,grouped_gemm,cutlass3x_sm100_tensorop_gemm_grouped_bf16_bf16_f32_f32_f32_128x256x64_4x4x1_0_tnt_align8_stream_k_2sm_epi_tma,passed,success,grouped,,,,,bf16:row,bf16:column,f32:row,f32:row,1,0,invalid,invalid,heuristic,1,false,'[2731x5120x1536][2731x5120x1536][2731x5120x1536][2731x5120x1536][2731x5120x1536][2731x5120x1536][2731x5120x1536][2731x5120x1536][2730x5120x1536][2730x5120x1536][2730x5120x1536][2730x5120x1536]',,tensorop,f32,128,256,64,4,4,1,2,1,1,7,4,1,1,128,256,16,100,110,960495616,515731619840,536,0.437082,2046.6,1.17994e+06
1,CUTLASS,grouped_gemm,cutlass3x_sm100_tensorop_gemm_grouped_bf16_bf16_f32_void_f32_128x256x64_4x4x1_0_tnt_align8_2sm_epi_tma,passed,success,grouped,,,,,bf16:row,bf16:column,void:row,f32:row,1,0,invalid,invalid,heuristic,1,false,'[2731x5120x1536][2731x5120x1536][2731x5120x1536][2731x5120x1536][2731x5120x1536][2731x5120x1536][2731x5120x1536][2731x5120x1536][2730x5120x1536][2730x5120x1536][2730x5120x1536][2730x5120x1536]',,tensorop,f32,128,256,64,4,4,1,2,1,1,7,4,1,1,128,256,16,100,110,289406976,515731619840,1782,0.470925,572.345,1.09515e+06
1,CUTLASS,grouped_gemm,cutlass3x_sm100_tensorop_gemm_grouped_bf16_bf16_f32_void_f32_128x256x64_4x4x1_0_tnt_align8_stream_k_2sm_epi_tma,passed,success,grouped,,,,,bf16:row,bf16:column,void:row,f32:row,1,0,invalid,invalid,heuristic,1,false,'[2731x5120x1536][2731x5120x1536][2731x5120x1536][2731x5120x1536][2731x5120x1536][2731x5120x1536][2731x5120x1536][2731x5120x1536][2730x5120x1536][2730x5120x1536][2730x5120x1536][2730x5120x1536]',,tensorop,f32,128,256,64,4,4,1,2,1,1,7,4,1,1,128,256,16,100,110,289406976,515731619840,1782,0.470877,572.403,1.09526e+06
1,CUTLASS,grouped_gemm,cutlass3x_sm100_tensorop_gemm_grouped_bf16_bf16_f32_bf16_bf16_128x256x64_0x0x1_0_tnt_align8_2sm_epi_tma,passed,success,grouped,,,,,bf16:row,bf16:column,bf16:row,bf16:row,1,0,invalid,invalid,heuristic,1,false,'[2731x5120x1536][2731x5120x1536][2731x5120x1536][2731x5120x1536][2731x5120x1536][2731x5120x1536][2731x5120x1536][2731x5120x1536][2730x5120x1536][2730x5120x1536][2730x5120x1536][2730x5120x1536]',,tensorop,f32,128,256,64,2,1,1,2,1,1,7,4,1,1,128,256,16,100,110,624951296,515731619840,825,0.330214,1762.59,1.56181e+06
1,CUTLASS,grouped_gemm,cutlass3x_sm100_tensorop_gemm_grouped_bf16_bf16_f32_bf16_bf16_128x256x64_0x0x1_0_tnt_align8_stream_k_2sm_epi_tma,passed,success,grouped,,,,,bf16:row,bf16:column,bf16:row,bf16:row,1,0,invalid,invalid,heuristic,1,false,'[2731x5120x1536][2731x5120x1536][2731x5120x1536][2731x5120x1536][2731x5120x1536][2731x5120x1536][2731x5120x1536][2731x5120x1536][2730x5120x1536][2730x5120x1536][2730x5120x1536][2730x5120x1536]',,tensorop,f32,128,256,64,2,1,1,2,1,1,7,4,1,1,128,256,16,100,110,624951296,515731619840,825,0.330346,1761.89,1.56119e+06
1,CUTLASS,grouped_gemm,cutlass3x_sm100_tensorop_gemm_grouped_bf16_bf16_f32_void_bf16_128x256x64_0x0x1_0_tnt_align8_2sm_epi_tma,passed,success,grouped,,,,,bf16:row,bf16:column,void:row,bf16:row,1,0,invalid,invalid,heuristic,1,false,'[2731x5120x1536][2731x5120x1536][2731x5120x1536][2731x5120x1536][2731x5120x1536][2731x5120x1536][2731x5120x1536][2731x5120x1536][2730x5120x1536][2730x5120x1536][2730x5120x1536][2730x5120x1536]',,tensorop,f32,128,256,64,2,1,1,2,1,1,8,4,1,1,128,256,16,100,110,289406976,515731619840,1782,0.329642,817.649,1.56452e+06
1,CUTLASS,grouped_gemm,cutlass3x_sm100_tensorop_gemm_grouped_bf16_bf16_f32_void_bf16_128x256x64_0x0x1_0_tnt_align8_stream_k_2sm_epi_tma,passed,success,grouped,,,,,bf16:row,bf16:column,void:row,bf16:row,1,0,invalid,invalid,heuristic,1,false,'[2731x5120x1536][2731x5120x1536][2731x5120x1536][2731x5120x1536][2731x5120x1536][2731x5120x1536][2731x5120x1536][2731x5120x1536][2730x5120x1536][2730x5120x1536][2730x5120x1536][2730x5120x1536]',,tensorop,f32,128,256,64,2,1,1,2,1,1,8,4,1,1,128,256,16,100,110,289406976,515731619840,1782,0.32913,818.921,1.56696e+06
1,CUTLASS,grouped_gemm,cutlass3x_sm100_tensorop_gemm_grouped_bf16_bf16_f32_bf16_bf16_128x256x64_2x1x1_0_tnt_align8_2sm_epi_tma,passed,success,grouped,,,,,bf16:row,bf16:column,bf16:row,bf16:row,1,0,invalid,invalid,heuristic,1,false,'[2731x5120x1536][2731x5120x1536][2731x5120x1536][2731x5120x1536][2731x5120x1536][2731x5120x1536][2731x5120x1536][2731x5120x1536][2730x5120x1536][2730x5120x1536][2730x5120x1536][2730x5120x1536]',,tensorop,f32,128,256,64,2,1,1,2,1,1,7,4,1,1,128,256,16,100,110,624951296,515731619840,825,0.328646,1771,1.56926e+06
1,CUTLASS,grouped_gemm,cutlass3x_sm100_tensorop_gemm_grouped_bf16_bf16_f32_bf16_bf16_128x256x64_2x1x1_0_tnt_align8_stream_k_2sm_epi_tma,passed,success,grouped,,,,,bf16:row,bf16:column,bf16:row,bf16:row,1,0,invalid,invalid,heuristic,1,false,'[2731x5120x1536][2731x5120x1536][2731x5120x1536][2731x5120x1536][2731x5120x1536][2731x5120x1536][2731x5120x1536][2731x5120x1536][2730x5120x1536][2730x5120x1536][2730x5120x1536][2730x5120x1536]',,tensorop,f32,128,256,64,2,1,1,2,1,1,7,4,1,1,128,256,16,100,110,624951296,515731619840,825,0.327491,1777.24,1.5748e+06
1,CUTLASS,grouped_gemm,cutlass3x_sm100_tensorop_gemm_grouped_bf16_bf16_f32_void_bf16_128x256x64_2x1x1_0_tnt_align8_2sm_epi_tma,passed,success,grouped,,,,,bf16:row,bf16:column,void:row,bf16:row,1,0,invalid,invalid,heuristic,1,false,'[2731x5120x1536][2731x5120x1536][2731x5120x1536][2731x5120x1536][2731x5120x1536][2731x5120x1536][2731x5120x1536][2731x5120x1536][2730x5120x1536][2730x5120x1536][2730x5120x1536][2730x5120x1536]',,tensorop,f32,128,256,64,2,1,1,2,1,1,8,4,1,1,128,256,16,100,110,289406976,515731619840,1782,0.32456,830.451,1.58902e+06
1,CUTLASS,grouped_gemm,cutlass3x_sm100_tensorop_gemm_grouped_bf16_bf16_f32_void_bf16_128x256x64_2x1x1_0_tnt_align8_stream_k_2sm_epi_tma,passed,success,grouped,,,,,bf16:row,bf16:column,void:row,bf16:row,1,0,invalid,invalid,heuristic,1,false,'[2731x5120x1536][2731x5120x1536][2731x5120x1536][2731x5120x1536][2731x5120x1536][2731x5120x1536][2731x5120x1536][2731x5120x1536][2730x5120x1536][2730x5120x1536][2730x5120x1536][2730x5120x1536]',,tensorop,f32,128,256,64,2,1,1,2,1,1,8,4,1,1,128,256,16,100,110,289406976,515731619840,1782,0.325654,827.66,1.58368e+06
1,CUTLASS,grouped_gemm,cutlass3x_sm100_tensorop_gemm_grouped_bf16_bf16_f32_bf16_bf16_128x256x64_2x2x1_0_tnt_align8_2sm_epi_tma,passed,success,grouped,,,,,bf16:row,bf16:column,bf16:row,bf16:row,1,0,invalid,invalid,heuristic,1,false,'[2731x5120x1536][2731x5120x1536][2731x5120x1536][2731x5120x1536][2731x5120x1536][2731x5120x1536][2731x5120x1536][2731x5120x1536][2730x5120x1536][2730x5120x1536][2730x5120x1536][2730x5120x1536]',,tensorop,f32,128,256,64,2,2,1,2,1,1,7,4,1,1,128,256,16,100,110,624951296,515731619840,825,0.331923,1753.51,1.55377e+06
1,CUTLASS,grouped_gemm,cutlass3x_sm100_tensorop_gemm_grouped_bf16_bf16_f32_bf16_bf16_128x256x64_2x2x1_0_tnt_align8_stream_k_2sm_epi_tma,passed,success,grouped,,,,,bf16:row,bf16:column,bf16:row,bf16:row,1,0,invalid,invalid,heuristic,1,false,'[2731x5120x1536][2731x5120x1536][2731x5120x1536][2731x5120x1536][2731x5120x1536][2731x5120x1536][2731x5120x1536][2731x5120x1536][2730x5120x1536][2730x5120x1536][2730x5120x1536][2730x5120x1536]',,tensorop,f32,128,256,64,2,2,1,2,1,1,7,4,1,1,128,256,16,100,110,624951296,515731619840,825,0.332323,1751.4,1.5519e+06
1,CUTLASS,grouped_gemm,cutlass3x_sm100_tensorop_gemm_grouped_bf16_bf16_f32_void_bf16_128x256x64_2x2x1_0_tnt_align8_2sm_epi_tma,passed,success,grouped,,,,,bf16:row,bf16:column,void:row,bf16:row,1,0,invalid,invalid,heuristic,1,false,'[2731x5120x1536][2731x5120x1536][2731x5120x1536][2731x5120x1536][2731x5120x1536][2731x5120x1536][2731x5120x1536][2731x5120x1536][2730x5120x1536][2730x5120x1536][2730x5120x1536][2730x5120x1536]',,tensorop,f32,128,256,64,2,2,1,2,1,1,8,4,1,1,128,256,16,100,110,289406976,515731619840,1782,0.320346,841.376,1.60992e+06
1,CUTLASS,grouped_gemm,cutlass3x_sm100_tensorop_gemm_grouped_bf16_bf16_f32_void_bf16_128x256x64_2x2x1_0_tnt_align8_stream_k_2sm_epi_tma,passed,success,grouped,,,,,bf16:row,bf16:column,void:row,bf16:row,1,0,invalid,invalid,heuristic,1,false,'[2731x5120x1536][2731x5120x1536][2731x5120x1536][2731x5120x1536][2731x5120x1536][2731x5120x1536][2731x5120x1536][2731x5120x1536][2730x5120x1536][2730x5120x1536][2730x5120x1536][2730x5120x1536]',,tensorop,f32,128,256,64,2,2,1,2,1,1,8,4,1,1,128,256,16,100,110,289406976,515731619840,1782,0.319942,842.437,1.61195e+06
1,CUTLASS,grouped_gemm,cutlass3x_sm100_tensorop_gemm_grouped_bf16_bf16_f32_bf16_bf16_128x256x64_4x1x1_0_tnt_align8_2sm_epi_tma,passed,success,grouped,,,,,bf16:row,bf16:column,bf16:row,bf16:row,1,0,invalid,invalid,heuristic,1,false,'[2731x5120x1536][2731x5120x1536][2731x5120x1536][2731x5120x1536][2731x5120x1536][2731x5120x1536][2731x5120x1536][2731x5120x1536][2730x5120x1536][2730x5120x1536][2730x5120x1536][2730x5120x1536]',,tensorop,f32,128,256,64,4,1,1,2,1,1,7,4,1,1,128,256,16,100,110,624951296,515731619840,825,0.323283,1800.38,1.59529e+06
1,CUTLASS,grouped_gemm,cutlass3x_sm100_tensorop_gemm_grouped_bf16_bf16_f32_bf16_bf16_128x256x64_4x1x1_0_tnt_align8_stream_k_2sm_epi_tma,passed,success,grouped,,,,,bf16:row,bf16:column,bf16:row,bf16:row,1,0,invalid,invalid,heuristic,1,false,'[2731x5120x1536][2731x5120x1536][2731x5120x1536][2731x5120x1536][2731x5120x1536][2731x5120x1536][2731x5120x1536][2731x5120x1536][2730x5120x1536][2730x5120x1536][2730x5120x1536][2730x5120x1536]',,tensorop,f32,128,256,64,4,1,1,2,1,1,7,4,1,1,128,256,16,100,110,624951296,515731619840,825,0.322192,1806.47,1.6007e+06
1,CUTLASS,grouped_gemm,cutlass3x_sm100_tensorop_gemm_grouped_bf16_bf16_f32_void_bf16_128x256x64_4x1x1_0_tnt_align8_2sm_epi_tma,passed,success,grouped,,,,,bf16:row,bf16:column,void:row,bf16:row,1,0,invalid,invalid,heuristic,1,false,'[2731x5120x1536][2731x5120x1536][2731x5120x1536][2731x5120x1536][2731x5120x1536][2731x5120x1536][2731x5120x1536][2731x5120x1536][2730x5120x1536][2730x5120x1536][2730x5120x1536][2730x5120x1536]',,tensorop,f32,128,256,64,4,1,1,2,1,1,8,4,1,1,128,256,16,100,110,289406976,515731619840,1782,0.314102,858.1,1.64192e+06
1,CUTLASS,grouped_gemm,cutlass3x_sm100_tensorop_gemm_grouped_bf16_bf16_f32_void_bf16_128x256x64_4x1x1_0_tnt_align8_stream_k_2sm_epi_tma,passed,success,grouped,,,,,bf16:row,bf16:column,void:row,bf16:row,1,0,invalid,invalid,heuristic,1,false,'[2731x5120x1536][2731x5120x1536][2731x5120x1536][2731x5120x1536][2731x5120x1536][2731x5120x1536][2731x5120x1536][2731x5120x1536][2730x5120x1536][2730x5120x1536][2730x5120x1536][2730x5120x1536]',,tensorop,f32,128,256,64,4,1,1,2,1,1,8,4,1,1,128,256,16,100,110,289406976,515731619840,1782,0.312573,862.299,1.64996e+06
1,CUTLASS,grouped_gemm,cutlass3x_sm100_tensorop_gemm_grouped_bf16_bf16_f32_bf16_bf16_128x256x64_2x4x1_0_tnt_align8_2sm_epi_tma,passed,success,grouped,,,,,bf16:row,bf16:column,bf16:row,bf16:row,1,0,invalid,invalid,heuristic,1,false,'[2731x5120x1536][2731x5120x1536][2731x5120x1536][2731x5120x1536][2731x5120x1536][2731x5120x1536][2731x5120x1536][2731x5120x1536][2730x5120x1536][2730x5120x1536][2730x5120x1536][2730x5120x1536]',,tensorop,f32,128,256,64,2,4,1,2,1,1,7,4,1,1,128,256,16,100,110,624951296,515731619840,825,0.388861,1496.76,1.32626e+06
1,CUTLASS,grouped_gemm,cutlass3x_sm100_tensorop_gemm_grouped_bf16_bf16_f32_bf16_bf16_128x256x64_2x4x1_0_tnt_align8_stream_k_2sm_epi_tma,passed,success,grouped,,,,,bf16:row,bf16:column,bf16:row,bf16:row,1,0,invalid,invalid,heuristic,1,false,'[2731x5120x1536][2731x5120x1536][2731x5120x1536][2731x5120x1536][2731x5120x1536][2731x5120x1536][2731x5120x1536][2731x5120x1536][2730x5120x1536][2730x5120x1536][2730x5120x1536][2730x5120x1536]',,tensorop,f32,128,256,64,2,4,1,2,1,1,7,4,1,1,128,256,16,100,110,624951296,515731619840,825,0.389853,1492.95,1.32289e+06
1,CUTLASS,grouped_gemm,cutlass3x_sm100_tensorop_gemm_grouped_bf16_bf16_f32_void_bf16_128x256x64_2x4x1_0_tnt_align8_2sm_epi_tma,passed,success,grouped,,,,,bf16:row,bf16:column,void:row,bf16:row,1,0,invalid,invalid,heuristic,1,false,'[2731x5120x1536][2731x5120x1536][2731x5120x1536][2731x5120x1536][2731x5120x1536][2731x5120x1536][2731x5120x1536][2731x5120x1536][2730x5120x1536][2730x5120x1536][2730x5120x1536][2730x5120x1536]',,tensorop,f32,128,256,64,2,4,1,2,1,1,8,4,1,1,128,256,16,100,110,289406976,515731619840,1782,0.366589,735.241,1.40684e+06
1,CUTLASS,grouped_gemm,cutlass3x_sm100_tensorop_gemm_grouped_bf16_bf16_f32_void_bf16_128x256x64_2x4x1_0_tnt_align8_stream_k_2sm_epi_tma,passed,success,grouped,,,,,bf16:row,bf16:column,void:row,bf16:row,1,0,invalid,invalid,heuristic,1,false,'[2731x5120x1536][2731x5120x1536][2731x5120x1536][2731x5120x1536][2731x5120x1536][2731x5120x1536][2731x5120x1536][2731x5120x1536][2730x5120x1536][2730x5120x1536][2730x5120x1536][2730x5120x1536]',,tensorop,f32,128,256,64,2,4,1,2,1,1,8,4,1,1,128,256,16,100,110,289406976,515731619840,1782,0.367062,734.293,1.40502e+06
1,CUTLASS,grouped_gemm,cutlass3x_sm100_tensorop_gemm_grouped_bf16_bf16_f32_bf16_bf16_128x256x64_4x2x1_0_tnt_align8_2sm_epi_tma,passed,success,grouped,,,,,bf16:row,bf16:column,bf16:row,bf16:row,1,0,invalid,invalid,heuristic,1,false,'[2731x5120x1536][2731x5120x1536][2731x5120x1536][2731x5120x1536][2731x5120x1536][2731x5120x1536][2731x5120x1536][2731x5120x1536][2730x5120x1536][2730x5120x1536][2730x5120x1536][2730x5120x1536]',,tensorop,f32,128,256,64,4,2,1,2,1,1,7,4,1,1,128,256,16,100,110,624951296,515731619840,825,0.375645,1549.42,1.37292e+06
1,CUTLASS,grouped_gemm,cutlass3x_sm100_tensorop_gemm_grouped_bf16_bf16_f32_bf16_bf16_128x256x64_4x2x1_0_tnt_align8_stream_k_2sm_epi_tma,passed,success,grouped,,,,,bf16:row,bf16:column,bf16:row,bf16:row,1,0,invalid,invalid,heuristic,1,false,'[2731x5120x1536][2731x5120x1536][2731x5120x1536][2731x5120x1536][2731x5120x1536][2731x5120x1536][2731x5120x1536][2731x5120x1536][2730x5120x1536][2730x5120x1536][2730x5120x1536][2730x5120x1536]',,tensorop,f32,128,256,64,4,2,1,2,1,1,7,4,1,1,128,256,16,100,110,624951296,515731619840,825,0.375645,1549.42,1.37292e+06
1,CUTLASS,grouped_gemm,cutlass3x_sm100_tensorop_gemm_grouped_bf16_bf16_f32_void_bf16_128x256x64_4x2x1_0_tnt_align8_2sm_epi_tma,passed,success,grouped,,,,,bf16:row,bf16:column,void:row,bf16:row,1,0,invalid,invalid,heuristic,1,false,'[2731x5120x1536][2731x5120x1536][2731x5120x1536][2731x5120x1536][2731x5120x1536][2731x5120x1536][2731x5120x1536][2731x5120x1536][2730x5120x1536][2730x5120x1536][2730x5120x1536][2730x5120x1536]',,tensorop,f32,128,256,64,4,2,1,2,1,1,8,4,1,1,128,256,16,100,110,289406976,515731619840,1782,0.353594,762.263,1.45854e+06
1,CUTLASS,grouped_gemm,cutlass3x_sm100_tensorop_gemm_grouped_bf16_bf16_f32_void_bf16_128x256x64_4x2x1_0_tnt_align8_stream_k_2sm_epi_tma,passed,success,grouped,,,,,bf16:row,bf16:column,void:row,bf16:row,1,0,invalid,invalid,heuristic,1,false,'[2731x5120x1536][2731x5120x1536][2731x5120x1536][2731x5120x1536][2731x5120x1536][2731x5120x1536][2731x5120x1536][2731x5120x1536][2730x5120x1536][2730x5120x1536][2730x5120x1536][2730x5120x1536]',,tensorop,f32,128,256,64,4,2,1,2,1,1,8,4,1,1,128,256,16,100,110,289406976,515731619840,1782,0.353635,762.173,1.45837e+06
1,CUTLASS,grouped_gemm,cutlass3x_sm100_tensorop_gemm_grouped_bf16_bf16_f32_bf16_bf16_128x256x64_4x4x1_0_tnt_align8_2sm_epi_tma,passed,success,grouped,,,,,bf16:row,bf16:column,bf16:row,bf16:row,1,0,invalid,invalid,heuristic,1,false,'[2731x5120x1536][2731x5120x1536][2731x5120x1536][2731x5120x1536][2731x5120x1536][2731x5120x1536][2731x5120x1536][2731x5120x1536][2730x5120x1536][2730x5120x1536][2730x5120x1536][2730x5120x1536]',,tensorop,f32,128,256,64,4,4,1,2,1,1,7,4,1,1,128,256,16,100,110,624951296,515731619840,825,0.401968,1447.95,1.28302e+06
1,CUTLASS,grouped_gemm,cutlass3x_sm100_tensorop_gemm_grouped_bf16_bf16_f32_bf16_bf16_128x256x64_4x4x1_0_tnt_align8_stream_k_2sm_epi_tma,passed,success,grouped,,,,,bf16:row,bf16:column,bf16:row,bf16:row,1,0,invalid,invalid,heuristic,1,false,'[2731x5120x1536][2731x5120x1536][2731x5120x1536][2731x5120x1536][2731x5120x1536][2731x5120x1536][2731x5120x1536][2731x5120x1536][2730x5120x1536][2730x5120x1536][2730x5120x1536][2730x5120x1536]',,tensorop,f32,128,256,64,4,4,1,2,1,1,7,4,1,1,128,256,16,100,110,624951296,515731619840,825,0.401869,1448.31,1.28333e+06
1,CUTLASS,grouped_gemm,cutlass3x_sm100_tensorop_gemm_grouped_bf16_bf16_f32_void_bf16_128x256x64_4x4x1_0_tnt_align8_2sm_epi_tma,passed,success,grouped,,,,,bf16:row,bf16:column,void:row,bf16:row,1,0,invalid,invalid,heuristic,1,false,'[2731x5120x1536][2731x5120x1536][2731x5120x1536][2731x5120x1536][2731x5120x1536][2731x5120x1536][2731x5120x1536][2731x5120x1536][2730x5120x1536][2730x5120x1536][2730x5120x1536][2730x5120x1536]',,tensorop,f32,128,256,64,4,4,1,2,1,1,8,4,1,1,128,256,16,100,110,289406976,515731619840,1782,0.373894,720.875,1.37935e+06
1,CUTLASS,grouped_gemm,cutlass3x_sm100_tensorop_gemm_grouped_bf16_bf16_f32_void_bf16_128x256x64_4x4x1_0_tnt_align8_stream_k_2sm_epi_tma,passed,success,grouped,,,,,bf16:row,bf16:column,void:row,bf16:row,1,0,invalid,invalid,heuristic,1,false,'[2731x5120x1536][2731x5120x1536][2731x5120x1536][2731x5120x1536][2731x5120x1536][2731x5120x1536][2731x5120x1536][2731x5120x1536][2730x5120x1536][2730x5120x1536][2730x5120x1536][2730x5120x1536]',,tensorop,f32,128,256,64,4,4,1,2,1,1,8,4,1,1,128,256,16,100,110,289406976,515731619840,1782,0.374074,720.53,1.37869e+06
1,CUTLASS,grouped_gemm,cutlass3x_sm100_tensorop_gemm_grouped_bf16_bf16_f32_f32_f32_256x128x64_0x0x1_0_tnt_align8_2sm_epi_tma,passed,success,grouped,,,,,bf16:row,bf16:column,f32:row,f32:row,1,0,invalid,invalid,heuristic,1,false,'[2731x5120x1536][2731x5120x1536][2731x5120x1536][2731x5120x1536][2731x5120x1536][2731x5120x1536][2731x5120x1536][2731x5120x1536][2730x5120x1536][2730x5120x1536][2730x5120x1536][2730x5120x1536]',,tensorop,f32,256,128,64,2,1,1,2,1,1,7,4,1,1,256,128,16,100,110,960495616,515731619840,536,0.36536,2448.36,1.41157e+06
1,CUTLASS,grouped_gemm,cutlass3x_sm100_tensorop_gemm_grouped_bf16_bf16_f32_f32_f32_256x128x64_0x0x1_0_tnt_align8_stream_k_2sm_epi_tma,passed,success,grouped,,,,,bf16:row,bf16:column,f32:row,f32:row,1,0,invalid,invalid,heuristic,1,false,'[2731x5120x1536][2731x5120x1536][2731x5120x1536][2731x5120x1536][2731x5120x1536][2731x5120x1536][2731x5120x1536][2731x5120x1536][2730x5120x1536][2730x5120x1536][2730x5120x1536][2730x5120x1536]',,tensorop,f32,256,128,64,2,1,1,2,1,1,7,4,1,1,256,128,16,100,110,960495616,515731619840,536,0.363814,2458.76,1.41757e+06
1,CUTLASS,grouped_gemm,cutlass3x_sm100_tensorop_gemm_grouped_bf16_bf16_f32_void_f32_256x128x64_0x0x1_0_tnt_align8_2sm_epi_tma,passed,success,grouped,,,,,bf16:row,bf16:column,void:row,f32:row,1,0,invalid,invalid,heuristic,1,false,'[2731x5120x1536][2731x5120x1536][2731x5120x1536][2731x5120x1536][2731x5120x1536][2731x5120x1536][2731x5120x1536][2731x5120x1536][2730x5120x1536][2730x5120x1536][2730x5120x1536][2730x5120x1536]',,tensorop,f32,256,128,64,2,1,1,2,1,1,7,4,1,1,256,128,16,100,110,289406976,515731619840,1782,0.377699,713.613,1.36546e+06
1,CUTLASS,grouped_gemm,cutlass3x_sm100_tensorop_gemm_grouped_bf16_bf16_f32_void_f32_256x128x64_0x0x1_0_tnt_align8_stream_k_2sm_epi_tma,passed,success,grouped,,,,,bf16:row,bf16:column,void:row,f32:row,1,0,invalid,invalid,heuristic,1,false,'[2731x5120x1536][2731x5120x1536][2731x5120x1536][2731x5120x1536][2731x5120x1536][2731x5120x1536][2731x5120x1536][2731x5120x1536][2730x5120x1536][2730x5120x1536][2730x5120x1536][2730x5120x1536]',,tensorop,f32,256,128,64,2,1,1,2,1,1,7,4,1,1,256,128,16,100,110,289406976,515731619840,1782,0.377018,714.904,1.36792e+06
1,CUTLASS,grouped_gemm,cutlass3x_sm100_tensorop_gemm_grouped_bf16_bf16_f32_f32_f32_256x128x64_2x1x1_0_tnt_align8_2sm_epi_tma,passed,success,grouped,,,,,bf16:row,bf16:column,f32:row,f32:row,1,0,invalid,invalid,heuristic,1,false,'[2731x5120x1536][2731x5120x1536][2731x5120x1536][2731x5120x1536][2731x5120x1536][2731x5120x1536][2731x5120x1536][2731x5120x1536][2730x5120x1536][2730x5120x1536][2730x5120x1536][2730x5120x1536]',,tensorop,f32,256,128,64,2,1,1,2,1,1,7,4,1,1,256,128,16,100,110,960495616,515731619840,536,0.363206,2462.87,1.41994e+06
1,CUTLASS,grouped_gemm,cutlass3x_sm100_tensorop_gemm_grouped_bf16_bf16_f32_f32_f32_256x128x64_2x1x1_0_tnt_align8_stream_k_2sm_epi_tma,passed,success,grouped,,,,,bf16:row,bf16:column,f32:row,f32:row,1,0,invalid,invalid,heuristic,1,false,'[2731x5120x1536][2731x5120x1536][2731x5120x1536][2731x5120x1536][2731x5120x1536][2731x5120x1536][2731x5120x1536][2731x5120x1536][2730x5120x1536][2730x5120x1536][2730x5120x1536][2730x5120x1536]',,tensorop,f32,256,128,64,2,1,1,2,1,1,7,4,1,1,256,128,16,100,110,960495616,515731619840,536,0.363661,2459.8,1.41817e+06
1,CUTLASS,grouped_gemm,cutlass3x_sm100_tensorop_gemm_grouped_bf16_bf16_f32_void_f32_256x128x64_2x1x1_0_tnt_align8_2sm_epi_tma,passed,success,grouped,,,,,bf16:row,bf16:column,void:row,f32:row,1,0,invalid,invalid,heuristic,1,false,'[2731x5120x1536][2731x5120x1536][2731x5120x1536][2731x5120x1536][2731x5120x1536][2731x5120x1536][2731x5120x1536][2731x5120x1536][2730x5120x1536][2730x5120x1536][2730x5120x1536][2730x5120x1536]',,tensorop,f32,256,128,64,2,1,1,2,1,1,7,4,1,1,256,128,16,100,110,289406976,515731619840,1782,0.376362,716.15,1.37031e+06
1,CUTLASS,grouped_gemm,cutlass3x_sm100_tensorop_gemm_grouped_bf16_bf16_f32_void_f32_256x128x64_2x1x1_0_tnt_align8_stream_k_2sm_epi_tma,passed,success,grouped,,,,,bf16:row,bf16:column,void:row,f32:row,1,0,invalid,invalid,heuristic,1,false,'[2731x5120x1536][2731x5120x1536][2731x5120x1536][2731x5120x1536][2731x5120x1536][2731x5120x1536][2731x5120x1536][2731x5120x1536][2730x5120x1536][2730x5120x1536][2730x5120x1536][2730x5120x1536]',,tensorop,f32,256,128,64,2,1,1,2,1,1,7,4,1,1,256,128,16,100,110,289406976,515731619840,1782,0.37615,716.552,1.37108e+06
1,CUTLASS,grouped_gemm,cutlass3x_sm100_tensorop_gemm_grouped_bf16_bf16_f32_f32_f32_256x128x64_2x2x1_0_tnt_align8_2sm_epi_tma,passed,success,grouped,,,,,bf16:row,bf16:column,f32:row,f32:row,1,0,invalid,invalid,heuristic,1,false,'[2731x5120x1536][2731x5120x1536][2731x5120x1536][2731x5120x1536][2731x5120x1536][2731x5120x1536][2731x5120x1536][2731x5120x1536][2730x5120x1536][2730x5120x1536][2730x5120x1536][2730x5120x1536]',,tensorop,f32,256,128,64,2,2,1,2,1,1,7,4,1,1,256,128,16,100,110,960495616,515731619840,536,0.36311,2463.52,1.42032e+06
1,CUTLASS,grouped_gemm,cutlass3x_sm100_tensorop_gemm_grouped_bf16_bf16_f32_f32_f32_256x128x64_2x2x1_0_tnt_align8_stream_k_2sm_epi_tma,passed,success,grouped,,,,,bf16:row,bf16:column,f32:row,f32:row,1,0,invalid,invalid,heuristic,1,false,'[2731x5120x1536][2731x5120x1536][2731x5120x1536][2731x5120x1536][2731x5120x1536][2731x5120x1536][2731x5120x1536][2731x5120x1536][2730x5120x1536][2730x5120x1536][2730x5120x1536][2730x5120x1536]',,tensorop,f32,256,128,64,2,2,1,2,1,1,7,4,1,1,256,128,16,100,110,960495616,515731619840,536,0.362643,2466.7,1.42215e+06
1,CUTLASS,grouped_gemm,cutlass3x_sm100_tensorop_gemm_grouped_bf16_bf16_f32_void_f32_256x128x64_2x2x1_0_tnt_align8_2sm_epi_tma,passed,success,grouped,,,,,bf16:row,bf16:column,void:row,f32:row,1,0,invalid,invalid,heuristic,1,false,'[2731x5120x1536][2731x5120x1536][2731x5120x1536][2731x5120x1536][2731x5120x1536][2731x5120x1536][2731x5120x1536][2731x5120x1536][2730x5120x1536][2730x5120x1536][2730x5120x1536][2730x5120x1536]',,tensorop,f32,256,128,64,2,2,1,2,1,1,7,4,1,1,256,128,16,100,110,289406976,515731619840,1782,0.382301,705.024,1.34902e+06
1,CUTLASS,grouped_gemm,cutlass3x_sm100_tensorop_gemm_grouped_bf16_bf16_f32_void_f32_256x128x64_2x2x1_0_tnt_align8_stream_k_2sm_epi_tma,passed,success,grouped,,,,,bf16:row,bf16:column,void:row,f32:row,1,0,invalid,invalid,heuristic,1,false,'[2731x5120x1536][2731x5120x1536][2731x5120x1536][2731x5120x1536][2731x5120x1536][2731x5120x1536][2731x5120x1536][2731x5120x1536][2730x5120x1536][2730x5120x1536][2730x5120x1536][2730x5120x1536]',,tensorop,f32,256,128,64,2,2,1,2,1,1,7,4,1,1,256,128,16,100,110,289406976,515731619840,1782,0.382598,704.476,1.34797e+06
1,CUTLASS,grouped_gemm,cutlass3x_sm100_tensorop_gemm_grouped_bf16_bf16_f32_f32_f32_256x128x64_4x1x1_0_tnt_align8_2sm_epi_tma,passed,success,grouped,,,,,bf16:row,bf16:column,f32:row,f32:row,1,0,invalid,invalid,heuristic,1,false,'[2731x5120x1536][2731x5120x1536][2731x5120x1536][2731x5120x1536][2731x5120x1536][2731x5120x1536][2731x5120x1536][2731x5120x1536][2730x5120x1536][2730x5120x1536][2730x5120x1536][2730x5120x1536]',,tensorop,f32,256,128,64,4,1,1,2,1,1,7,4,1,1,256,128,16,100,110,960495616,515731619840,536,0.421933,2120.08,1.22231e+06
1,CUTLASS,grouped_gemm,cutlass3x_sm100_tensorop_gemm_grouped_bf16_bf16_f32_f32_f32_256x128x64_4x1x1_0_tnt_align8_stream_k_2sm_epi_tma,passed,success,grouped,,,,,bf16:row,bf16:column,f32:row,f32:row,1,0,invalid,invalid,heuristic,1,false,'[2731x5120x1536][2731x5120x1536][2731x5120x1536][2731x5120x1536][2731x5120x1536][2731x5120x1536][2731x5120x1536][2731x5120x1536][2730x5120x1536][2730x5120x1536][2730x5120x1536][2730x5120x1536]',,tensorop,f32,256,128,64,4,1,1,2,1,1,7,4,1,1,256,128,16,100,110,960495616,515731619840,536,0.41799,2140.08,1.23384e+06
1,CUTLASS,grouped_gemm,cutlass3x_sm100_tensorop_gemm_grouped_bf16_bf16_f32_void_f32_256x128x64_4x1x1_0_tnt_align8_2sm_epi_tma,passed,success,grouped,,,,,bf16:row,bf16:column,void:row,f32:row,1,0,invalid,invalid,heuristic,1,false,'[2731x5120x1536][2731x5120x1536][2731x5120x1536][2731x5120x1536][2731x5120x1536][2731x5120x1536][2731x5120x1536][2731x5120x1536][2730x5120x1536][2730x5120x1536][2730x5120x1536][2730x5120x1536]',,tensorop,f32,256,128,64,4,1,1,2,1,1,7,4,1,1,256,128,16,100,110,289406976,515731619840,1782,0.441075,611.078,1.16926e+06
1,CUTLASS,grouped_gemm,cutlass3x_sm100_tensorop_gemm_grouped_bf16_bf16_f32_void_f32_256x128x64_4x1x1_0_tnt_align8_stream_k_2sm_epi_tma,passed,success,grouped,,,,,bf16:row,bf16:column,void:row,f32:row,1,0,invalid,invalid,heuristic,1,false,'[2731x5120x1536][2731x5120x1536][2731x5120x1536][2731x5120x1536][2731x5120x1536][2731x5120x1536][2731x5120x1536][2731x5120x1536][2730x5120x1536][2730x5120x1536][2730x5120x1536][2730x5120x1536]',,tensorop,f32,256,128,64,4,1,1,2,1,1,7,4,1,1,256,128,16,100,110,289406976,515731619840,1782,0.437322,616.323,1.1793e+06
1,CUTLASS,grouped_gemm,cutlass3x_sm100_tensorop_gemm_grouped_bf16_bf16_f32_f32_f32_256x128x64_2x4x1_0_tnt_align8_2sm_epi_tma,passed,success,grouped,,,,,bf16:row,bf16:column,f32:row,f32:row,1,0,invalid,invalid,heuristic,1,false,'[2731x5120x1536][2731x5120x1536][2731x5120x1536][2731x5120x1536][2731x5120x1536][2731x5120x1536][2731x5120x1536][2731x5120x1536][2730x5120x1536][2730x5120x1536][2730x5120x1536][2730x5120x1536]',,tensorop,f32,256,128,64,2,4,1,2,1,1,7,4,1,1,256,128,16,100,110,960495616,515731619840,536,0.413398,2163.85,1.24754e+06
1,CUTLASS,grouped_gemm,cutlass3x_sm100_tensorop_gemm_grouped_bf16_bf16_f32_f32_f32_256x128x64_2x4x1_0_tnt_align8_stream_k_2sm_epi_tma,passed,success,grouped,,,,,bf16:row,bf16:column,f32:row,f32:row,1,0,invalid,invalid,heuristic,1,false,'[2731x5120x1536][2731x5120x1536][2731x5120x1536][2731x5120x1536][2731x5120x1536][2731x5120x1536][2731x5120x1536][2731x5120x1536][2730x5120x1536][2730x5120x1536][2730x5120x1536][2730x5120x1536]',,tensorop,f32,256,128,64,2,4,1,2,1,1,7,4,1,1,256,128,16,100,110,960495616,515731619840,536,0.413635,2162.61,1.24683e+06
1,CUTLASS,grouped_gemm,cutlass3x_sm100_tensorop_gemm_grouped_bf16_bf16_f32_void_f32_256x128x64_2x4x1_0_tnt_align8_2sm_epi_tma,passed,success,grouped,,,,,bf16:row,bf16:column,void:row,f32:row,1,0,invalid,invalid,heuristic,1,false,'[2731x5120x1536][2731x5120x1536][2731x5120x1536][2731x5120x1536][2731x5120x1536][2731x5120x1536][2731x5120x1536][2731x5120x1536][2730x5120x1536][2730x5120x1536][2730x5120x1536][2730x5120x1536]',,tensorop,f32,256,128,64,2,4,1,2,1,1,7,4,1,1,256,128,16,100,110,289406976,515731619840,1782,0.445075,605.586,1.15875e+06
1,CUTLASS,grouped_gemm,cutlass3x_sm100_tensorop_gemm_grouped_bf16_bf16_f32_void_f32_256x128x64_2x4x1_0_tnt_align8_stream_k_2sm_epi_tma,passed,success,grouped,,,,,bf16:row,bf16:column,void:row,f32:row,1,0,invalid,invalid,heuristic,1,false,'[2731x5120x1536][2731x5120x1536][2731x5120x1536][2731x5120x1536][2731x5120x1536][2731x5120x1536][2731x5120x1536][2731x5120x1536][2730x5120x1536][2730x5120x1536][2730x5120x1536][2730x5120x1536]',,tensorop,f32,256,128,64,2,4,1,2,1,1,7,4,1,1,256,128,16,100,110,289406976,515731619840,1782,0.445062,605.603,1.15878e+06
1,CUTLASS,grouped_gemm,cutlass3x_sm100_tensorop_gemm_grouped_bf16_bf16_f32_f32_f32_256x128x64_4x2x1_0_tnt_align8_2sm_epi_tma,passed,success,grouped,,,,,bf16:row,bf16:column,f32:row,f32:row,1,0,invalid,invalid,heuristic,1,false,'[2731x5120x1536][2731x5120x1536][2731x5120x1536][2731x5120x1536][2731x5120x1536][2731x5120x1536][2731x5120x1536][2731x5120x1536][2730x5120x1536][2730x5120x1536][2730x5120x1536][2730x5120x1536]',,tensorop,f32,256,128,64,4,2,1,2,1,1,7,4,1,1,256,128,16,100,110,960495616,515731619840,536,0.444672,2011.67,1.1598e+06
1,CUTLASS,grouped_gemm,cutlass3x_sm100_tensorop_gemm_grouped_bf16_bf16_f32_f32_f32_256x128x64_4x2x1_0_tnt_align8_stream_k_2sm_epi_tma,passed,success,grouped,,,,,bf16:row,bf16:column,f32:row,f32:row,1,0,invalid,invalid,heuristic,1,false,'[2731x5120x1536][2731x5120x1536][2731x5120x1536][2731x5120x1536][2731x5120x1536][2731x5120x1536][2731x5120x1536][2731x5120x1536][2730x5120x1536][2730x5120x1536][2730x5120x1536][2730x5120x1536]',,tensorop,f32,256,128,64,4,2,1,2,1,1,7,4,1,1,256,128,16,100,110,960495616,515731619840,536,0.444874,2010.75,1.15928e+06
1,CUTLASS,grouped_gemm,cutlass3x_sm100_tensorop_gemm_grouped_bf16_bf16_f32_void_f32_256x128x64_4x2x1_0_tnt_align8_2sm_epi_tma,passed,success,grouped,,,,,bf16:row,bf16:column,void:row,f32:row,1,0,invalid,invalid,heuristic,1,false,'[2731x5120x1536][2731x5120x1536][2731x5120x1536][2731x5120x1536][2731x5120x1536][2731x5120x1536][2731x5120x1536][2731x5120x1536][2730x5120x1536][2730x5120x1536][2730x5120x1536][2730x5120x1536]',,tensorop,f32,256,128,64,4,2,1,2,1,1,7,4,1,1,256,128,16,100,110,289406976,515731619840,1782,0.475286,567.092,1.0851e+06
1,CUTLASS,grouped_gemm,cutlass3x_sm100_tensorop_gemm_grouped_bf16_bf16_f32_void_f32_256x128x64_4x2x1_0_tnt_align8_stream_k_2sm_epi_tma,passed,success,grouped,,,,,bf16:row,bf16:column,void:row,f32:row,1,0,invalid,invalid,heuristic,1,false,'[2731x5120x1536][2731x5120x1536][2731x5120x1536][2731x5120x1536][2731x5120x1536][2731x5120x1536][2731x5120x1536][2731x5120x1536][2730x5120x1536][2730x5120x1536][2730x5120x1536][2730x5120x1536]',,tensorop,f32,256,128,64,4,2,1,2,1,1,7,4,1,1,256,128,16,100,110,289406976,515731619840,1782,0.475389,566.97,1.08486e+06
1,CUTLASS,grouped_gemm,cutlass3x_sm100_tensorop_gemm_grouped_bf16_bf16_f32_f32_f32_256x128x64_4x4x1_0_tnt_align8_2sm_epi_tma,passed,success,grouped,,,,,bf16:row,bf16:column,f32:row,f32:row,1,0,invalid,invalid,heuristic,1,false,'[2731x5120x1536][2731x5120x1536][2731x5120x1536][2731x5120x1536][2731x5120x1536][2731x5120x1536][2731x5120x1536][2731x5120x1536][2730x5120x1536][2730x5120x1536][2730x5120x1536][2730x5120x1536]',,tensorop,f32,256,128,64,4,4,1,2,1,1,7,4,1,1,256,128,16,100,110,960495616,515731619840,536,0.45528,1964.79,1.13278e+06
1,CUTLASS,grouped_gemm,cutlass3x_sm100_tensorop_gemm_grouped_bf16_bf16_f32_f32_f32_256x128x64_4x4x1_0_tnt_align8_stream_k_2sm_epi_tma,passed,success,grouped,,,,,bf16:row,bf16:column,f32:row,f32:row,1,0,invalid,invalid,heuristic,1,false,'[2731x5120x1536][2731x5120x1536][2731x5120x1536][2731x5120x1536][2731x5120x1536][2731x5120x1536][2731x5120x1536][2731x5120x1536][2730x5120x1536][2730x5120x1536][2730x5120x1536][2730x5120x1536]',,tensorop,f32,256,128,64,4,4,1,2,1,1,7,4,1,1,256,128,16,100,110,960495616,515731619840,536,0.454707,1967.27,1.13421e+06
1,CUTLASS,grouped_gemm,cutlass3x_sm100_tensorop_gemm_grouped_bf16_bf16_f32_void_f32_256x128x64_4x4x1_0_tnt_align8_2sm_epi_tma,passed,success,grouped,,,,,bf16:row,bf16:column,void:row,f32:row,1,0,invalid,invalid,heuristic,1,false,'[2731x5120x1536][2731x5120x1536][2731x5120x1536][2731x5120x1536][2731x5120x1536][2731x5120x1536][2731x5120x1536][2731x5120x1536][2730x5120x1536][2730x5120x1536][2730x5120x1536][2730x5120x1536]',,tensorop,f32,256,128,64,4,4,1,2,1,1,7,4,1,1,256,128,16,100,110,289406976,515731619840,1782,0.496144,543.252,1.03948e+06
1,CUTLASS,grouped_gemm,cutlass3x_sm100_tensorop_gemm_grouped_bf16_bf16_f32_void_f32_256x128x64_4x4x1_0_tnt_align8_stream_k_2sm_epi_tma,passed,success,grouped,,,,,bf16:row,bf16:column,void:row,f32:row,1,0,invalid,invalid,heuristic,1,false,'[2731x5120x1536][2731x5120x1536][2731x5120x1536][2731x5120x1536][2731x5120x1536][2731x5120x1536][2731x5120x1536][2731x5120x1536][2730x5120x1536][2730x5120x1536][2730x5120x1536][2730x5120x1536]',,tensorop,f32,256,128,64,4,4,1,2,1,1,7,4,1,1,256,128,16,100,110,289406976,515731619840,1782,0.496787,542.549,1.03813e+06
1,CUTLASS,grouped_gemm,cutlass3x_sm100_tensorop_gemm_grouped_bf16_bf16_f32_bf16_bf16_256x128x64_0x0x1_0_tnt_align8_2sm_epi_tma,passed,success,grouped,,,,,bf16:row,bf16:column,bf16:row,bf16:row,1,0,invalid,invalid,heuristic,1,false,'[2731x5120x1536][2731x5120x1536][2731x5120x1536][2731x5120x1536][2731x5120x1536][2731x5120x1536][2731x5120x1536][2731x5120x1536][2730x5120x1536][2730x5120x1536][2730x5120x1536][2730x5120x1536]',,tensorop,f32,256,128,64,2,1,1,2,1,1,7,4,1,1,256,128,16,100,110,624951296,515731619840,825,0.340224,1710.73,1.51586e+06
1,CUTLASS,grouped_gemm,cutlass3x_sm100_tensorop_gemm_grouped_bf16_bf16_f32_bf16_bf16_256x128x64_0x0x1_0_tnt_align8_stream_k_2sm_epi_tma,passed,success,grouped,,,,,bf16:row,bf16:column,bf16:row,bf16:row,1,0,invalid,invalid,heuristic,1,false,'[2731x5120x1536][2731x5120x1536][2731x5120x1536][2731x5120x1536][2731x5120x1536][2731x5120x1536][2731x5120x1536][2731x5120x1536][2730x5120x1536][2730x5120x1536][2730x5120x1536][2730x5120x1536]',,tensorop,f32,256,128,64,2,1,1,2,1,1,7,4,1,1,256,128,16,100,110,624951296,515731619840,825,0.339062,1716.59,1.52105e+06
1,CUTLASS,grouped_gemm,cutlass3x_sm100_tensorop_gemm_grouped_bf16_bf16_f32_void_bf16_256x128x64_0x0x1_0_tnt_align8_2sm_epi_tma,passed,success,grouped,,,,,bf16:row,bf16:column,void:row,bf16:row,1,0,invalid,invalid,heuristic,1,false,'[2731x5120x1536][2731x5120x1536][2731x5120x1536][2731x5120x1536][2731x5120x1536][2731x5120x1536][2731x5120x1536][2731x5120x1536][2730x5120x1536][2730x5120x1536][2730x5120x1536][2730x5120x1536]',,tensorop,f32,256,128,64,2,1,1,2,1,1,8,4,1,1,256,128,16,100,110,289406976,515731619840,1782,0.343181,785.391,1.5028e+06
1,CUTLASS,grouped_gemm,cutlass3x_sm100_tensorop_gemm_grouped_bf16_bf16_f32_void_bf16_256x128x64_0x0x1_0_tnt_align8_stream_k_2sm_epi_tma,passed,success,grouped,,,,,bf16:row,bf16:column,void:row,bf16:row,1,0,invalid,invalid,heuristic,1,false,'[2731x5120x1536][2731x5120x1536][2731x5120x1536][2731x5120x1536][2731x5120x1536][2731x5120x1536][2731x5120x1536][2731x5120x1536][2730x5120x1536][2730x5120x1536][2730x5120x1536][2730x5120x1536]',,tensorop,f32,256,128,64,2,1,1,2,1,1,8,4,1,1,256,128,16,100,110,289406976,515731619840,1782,0.342474,787.013,1.5059e+06
1,CUTLASS,grouped_gemm,cutlass3x_sm100_tensorop_gemm_grouped_bf16_bf16_f32_bf16_bf16_256x128x64_2x1x1_0_tnt_align8_2sm_epi_tma,passed,success,grouped,,,,,bf16:row,bf16:column,bf16:row,bf16:row,1,0,invalid,invalid,heuristic,1,false,'[2731x5120x1536][2731x5120x1536][2731x5120x1536][2731x5120x1536][2731x5120x1536][2731x5120x1536][2731x5120x1536][2731x5120x1536][2730x5120x1536][2730x5120x1536][2730x5120x1536][2730x5120x1536]',,tensorop,f32,256,128,64,2,1,1,2,1,1,7,4,1,1,256,128,16,100,110,624951296,515731619840,825,0.339504,1714.36,1.51907e+06
1,CUTLASS,grouped_gemm,cutlass3x_sm100_tensorop_gemm_grouped_bf16_bf16_f32_bf16_bf16_256x128x64_2x1x1_0_tnt_align8_stream_k_2sm_epi_tma,passed,success,grouped,,,,,bf16:row,bf16:column,bf16:row,bf16:row,1,0,invalid,invalid,heuristic,1,false,'[2731x5120x1536][2731x5120x1536][2731x5120x1536][2731x5120x1536][2731x5120x1536][2731x5120x1536][2731x5120x1536][2731x5120x1536][2730x5120x1536][2730x5120x1536][2730x5120x1536][2730x5120x1536]',,tensorop,f32,256,128,64,2,1,1,2,1,1,7,4,1,1,256,128,16,100,110,624951296,515731619840,825,0.340592,1708.88,1.51422e+06
1,CUTLASS,grouped_gemm,cutlass3x_sm100_tensorop_gemm_grouped_bf16_bf16_f32_void_bf16_256x128x64_2x1x1_0_tnt_align8_2sm_epi_tma,passed,success,grouped,,,,,bf16:row,bf16:column,void:row,bf16:row,1,0,invalid,invalid,heuristic,1,false,'[2731x5120x1536][2731x5120x1536][2731x5120x1536][2731x5120x1536][2731x5120x1536][2731x5120x1536][2731x5120x1536][2731x5120x1536][2730x5120x1536][2730x5120x1536][2730x5120x1536][2730x5120x1536]',,tensorop,f32,256,128,64,2,1,1,2,1,1,8,4,1,1,256,128,16,100,110,289406976,515731619840,1782,0.338579,796.066,1.52322e+06
1,CUTLASS,grouped_gemm,cutlass3x_sm100_tensorop_gemm_grouped_bf16_bf16_f32_void_bf16_256x128x64_2x1x1_0_tnt_align8_stream_k_2sm_epi_tma,passed,success,grouped,,,,,bf16:row,bf16:column,void:row,bf16:row,1,0,invalid,invalid,heuristic,1,false,'[2731x5120x1536][2731x5120x1536][2731x5120x1536][2731x5120x1536][2731x5120x1536][2731x5120x1536][2731x5120x1536][2731x5120x1536][2730x5120x1536][2730x5120x1536][2730x5120x1536][2730x5120x1536]',,tensorop,f32,256,128,64,2,1,1,2,1,1,8,4,1,1,256,128,16,100,110,289406976,515731619840,1782,0.341242,789.855,1.51134e+06
1,CUTLASS,grouped_gemm,cutlass3x_sm100_tensorop_gemm_grouped_bf16_bf16_f32_bf16_bf16_256x128x64_2x2x1_0_tnt_align8_2sm_epi_tma,passed,success,grouped,,,,,bf16:row,bf16:column,bf16:row,bf16:row,1,0,invalid,invalid,heuristic,1,false,'[2731x5120x1536][2731x5120x1536][2731x5120x1536][2731x5120x1536][2731x5120x1536][2731x5120x1536][2731x5120x1536][2731x5120x1536][2730x5120x1536][2730x5120x1536][2730x5120x1536][2730x5120x1536]',,tensorop,f32,256,128,64,2,2,1,2,1,1,7,4,1,1,256,128,16,100,110,624951296,515731619840,825,0.322467,1804.93,1.59933e+06
1,CUTLASS,grouped_gemm,cutlass3x_sm100_tensorop_gemm_grouped_bf16_bf16_f32_bf16_bf16_256x128x64_2x2x1_0_tnt_align8_stream_k_2sm_epi_tma,passed,success,grouped,,,,,bf16:row,bf16:column,bf16:row,bf16:row,1,0,invalid,invalid,heuristic,1,false,'[2731x5120x1536][2731x5120x1536][2731x5120x1536][2731x5120x1536][2731x5120x1536][2731x5120x1536][2731x5120x1536][2731x5120x1536][2730x5120x1536][2730x5120x1536][2730x5120x1536][2730x5120x1536]',,tensorop,f32,256,128,64,2,2,1,2,1,1,7,4,1,1,256,128,16,100,110,624951296,515731619840,825,0.322186,1806.51,1.60073e+06
1,CUTLASS,grouped_gemm,cutlass3x_sm100_tensorop_gemm_grouped_bf16_bf16_f32_void_bf16_256x128x64_2x2x1_0_tnt_align8_2sm_epi_tma,passed,success,grouped,,,,,bf16:row,bf16:column,void:row,bf16:row,1,0,invalid,invalid,heuristic,1,false,'[2731x5120x1536][2731x5120x1536][2731x5120x1536][2731x5120x1536][2731x5120x1536][2731x5120x1536][2731x5120x1536][2731x5120x1536][2730x5120x1536][2730x5120x1536][2730x5120x1536][2730x5120x1536]',,tensorop,f32,256,128,64,2,2,1,2,1,1,8,4,1,1,256,128,16,100,110,289406976,515731619840,1782,0.311133,866.29,1.65759e+06
1,CUTLASS,grouped_gemm,cutlass3x_sm100_tensorop_gemm_grouped_bf16_bf16_f32_void_bf16_256x128x64_2x2x1_0_tnt_align8_stream_k_2sm_epi_tma,passed,success,grouped,,,,,bf16:row,bf16:column,void:row,bf16:row,1,0,invalid,invalid,heuristic,1,false,'[2731x5120x1536][2731x5120x1536][2731x5120x1536][2731x5120x1536][2731x5120x1536][2731x5120x1536][2731x5120x1536][2731x5120x1536][2730x5120x1536][2730x5120x1536][2730x5120x1536][2730x5120x1536]',,tensorop,f32,256,128,64,2,2,1,2,1,1,8,4,1,1,256,128,16,100,110,289406976,515731619840,1782,0.311008,866.638,1.65826e+06
1,CUTLASS,grouped_gemm,cutlass3x_sm100_tensorop_gemm_grouped_bf16_bf16_f32_bf16_bf16_256x128x64_4x1x1_0_tnt_align8_2sm_epi_tma,passed,success,grouped,,,,,bf16:row,bf16:column,bf16:row,bf16:row,1,0,invalid,invalid,heuristic,1,false,'[2731x5120x1536][2731x5120x1536][2731x5120x1536][2731x5120x1536][2731x5120x1536][2731x5120x1536][2731x5120x1536][2731x5120x1536][2730x5120x1536][2730x5120x1536][2730x5120x1536][2730x5120x1536]',,tensorop,f32,256,128,64,4,1,1,2,1,1,7,4,1,1,256,128,16,100,110,624951296,515731619840,825,0.391526,1486.57,1.31723e+06
1,CUTLASS,grouped_gemm,cutlass3x_sm100_tensorop_gemm_grouped_bf16_bf16_f32_bf16_bf16_256x128x64_4x1x1_0_tnt_align8_stream_k_2sm_epi_tma,passed,success,grouped,,,,,bf16:row,bf16:column,bf16:row,bf16:row,1,0,invalid,invalid,heuristic,1,false,'[2731x5120x1536][2731x5120x1536][2731x5120x1536][2731x5120x1536][2731x5120x1536][2731x5120x1536][2731x5120x1536][2731x5120x1536][2730x5120x1536][2730x5120x1536][2730x5120x1536][2730x5120x1536]',,tensorop,f32,256,128,64,4,1,1,2,1,1,7,4,1,1,256,128,16,100,110,624951296,515731619840,825,0.394186,1476.54,1.30835e+06
1,CUTLASS,grouped_gemm,cutlass3x_sm100_tensorop_gemm_grouped_bf16_bf16_f32_void_bf16_256x128x64_4x1x1_0_tnt_align8_2sm_epi_tma,passed,success,grouped,,,,,bf16:row,bf16:column,void:row,bf16:row,1,0,invalid,invalid,heuristic,1,false,'[2731x5120x1536][2731x5120x1536][2731x5120x1536][2731x5120x1536][2731x5120x1536][2731x5120x1536][2731x5120x1536][2731x5120x1536][2730x5120x1536][2730x5120x1536][2730x5120x1536][2730x5120x1536]',,tensorop,f32,256,128,64,4,1,1,2,1,1,8,4,1,1,256,128,16,100,110,289406976,515731619840,1782,0.398477,676.404,1.29426e+06
1,CUTLASS,grouped_gemm,cutlass3x_sm100_tensorop_gemm_grouped_bf16_bf16_f32_void_bf16_256x128x64_4x1x1_0_tnt_align8_stream_k_2sm_epi_tma,passed,success,grouped,,,,,bf16:row,bf16:column,void:row,bf16:row,1,0,invalid,invalid,heuristic,1,false,'[2731x5120x1536][2731x5120x1536][2731x5120x1536][2731x5120x1536][2731x5120x1536][2731x5120x1536][2731x5120x1536][2731x5120x1536][2730x5120x1536][2730x5120x1536][2730x5120x1536][2730x5120x1536]',,tensorop,f32,256,128,64,4,1,1,2,1,1,8,4,1,1,256,128,16,100,110,289406976,515731619840,1782,0.398576,676.236,1.29394e+06
1,CUTLASS,grouped_gemm,cutlass3x_sm100_tensorop_gemm_grouped_bf16_bf16_f32_bf16_bf16_256x128x64_2x4x1_0_tnt_align8_2sm_epi_tma,passed,success,grouped,,,,,bf16:row,bf16:column,bf16:row,bf16:row,1,0,invalid,invalid,heuristic,1,false,'[2731x5120x1536][2731x5120x1536][2731x5120x1536][2731x5120x1536][2731x5120x1536][2731x5120x1536][2731x5120x1536][2731x5120x1536][2730x5120x1536][2730x5120x1536][2730x5120x1536][2730x5120x1536]',,tensorop,f32,256,128,64,2,4,1,2,1,1,7,4,1,1,256,128,16,100,110,624951296,515731619840,825,0.375517,1549.95,1.37339e+06
1,CUTLASS,grouped_gemm,cutlass3x_sm100_tensorop_gemm_grouped_bf16_bf16_f32_bf16_bf16_256x128x64_2x4x1_0_tnt_align8_stream_k_2sm_epi_tma,passed,success,grouped,,,,,bf16:row,bf16:column,bf16:row,bf16:row,1,0,invalid,invalid,heuristic,1,false,'[2731x5120x1536][2731x5120x1536][2731x5120x1536][2731x5120x1536][2731x5120x1536][2731x5120x1536][2731x5120x1536][2731x5120x1536][2730x5120x1536][2730x5120x1536][2730x5120x1536][2730x5120x1536]',,tensorop,f32,256,128,64,2,4,1,2,1,1,7,4,1,1,256,128,16,100,110,624951296,515731619840,825,0.376058,1547.72,1.37142e+06
1,CUTLASS,grouped_gemm,cutlass3x_sm100_tensorop_gemm_grouped_bf16_bf16_f32_void_bf16_256x128x64_2x4x1_0_tnt_align8_2sm_epi_tma,passed,success,grouped,,,,,bf16:row,bf16:column,void:row,bf16:row,1,0,invalid,invalid,heuristic,1,false,'[2731x5120x1536][2731x5120x1536][2731x5120x1536][2731x5120x1536][2731x5120x1536][2731x5120x1536][2731x5120x1536][2731x5120x1536][2730x5120x1536][2730x5120x1536][2730x5120x1536][2730x5120x1536]',,tensorop,f32,256,128,64,2,4,1,2,1,1,8,4,1,1,256,128,16,100,110,289406976,515731619840,1782,0.358614,751.591,1.43812e+06
1,CUTLASS,grouped_gemm,cutlass3x_sm100_tensorop_gemm_grouped_bf16_bf16_f32_void_bf16_256x128x64_2x4x1_0_tnt_align8_stream_k_2sm_epi_tma,passed,success,grouped,,,,,bf16:row,bf16:column,void:row,bf16:row,1,0,invalid,invalid,heuristic,1,false,'[2731x5120x1536][2731x5120x1536][2731x5120x1536][2731x5120x1536][2731x5120x1536][2731x5120x1536][2731x5120x1536][2731x5120x1536][2730x5120x1536][2730x5120x1536][2730x5120x1536][2730x5120x1536]',,tensorop,f32,256,128,64,2,4,1,2,1,1,8,4,1,1,256,128,16,100,110,289406976,515731619840,1782,0.359165,750.439,1.43592e+06
1,CUTLASS,grouped_gemm,cutlass3x_sm100_tensorop_gemm_grouped_bf16_bf16_f32_bf16_bf16_256x128x64_4x2x1_0_tnt_align8_2sm_epi_tma,passed,success,grouped,,,,,bf16:row,bf16:column,bf16:row,bf16:row,1,0,invalid,invalid,heuristic,1,false,'[2731x5120x1536][2731x5120x1536][2731x5120x1536][2731x5120x1536][2731x5120x1536][2731x5120x1536][2731x5120x1536][2731x5120x1536][2730x5120x1536][2730x5120x1536][2730x5120x1536][2730x5120x1536]',,tensorop,f32,256,128,64,4,2,1,2,1,1,7,4,1,1,256,128,16,100,110,624951296,515731619840,825,0.409635,1420.85,1.259e+06
1,CUTLASS,grouped_gemm,cutlass3x_sm100_tensorop_gemm_grouped_bf16_bf16_f32_bf16_bf16_256x128x64_4x2x1_0_tnt_align8_stream_k_2sm_epi_tma,passed,success,grouped,,,,,bf16:row,bf16:column,bf16:row,bf16:row,1,0,invalid,invalid,heuristic,1,false,'[2731x5120x1536][2731x5120x1536][2731x5120x1536][2731x5120x1536][2731x5120x1536][2731x5120x1536][2731x5120x1536][2731x5120x1536][2730x5120x1536][2730x5120x1536][2730x5120x1536][2730x5120x1536]',,tensorop,f32,256,128,64,4,2,1,2,1,1,7,4,1,1,256,128,16,100,110,624951296,515731619840,825,0.409754,1420.44,1.25864e+06
1,CUTLASS,grouped_gemm,cutlass3x_sm100_tensorop_gemm_grouped_bf16_bf16_f32_void_bf16_256x128x64_4x2x1_0_tnt_align8_2sm_epi_tma,passed,success,grouped,,,,,bf16:row,bf16:column,void:row,bf16:row,1,0,invalid,invalid,heuristic,1,false,'[2731x5120x1536][2731x5120x1536][2731x5120x1536][2731x5120x1536][2731x5120x1536][2731x5120x1536][2731x5120x1536][2731x5120x1536][2730x5120x1536][2730x5120x1536][2730x5120x1536][2730x5120x1536]',,tensorop,f32,256,128,64,4,2,1,2,1,1,8,4,1,1,256,128,16,100,110,289406976,515731619840,1782,0.392954,685.911,1.31245e+06
1,CUTLASS,grouped_gemm,cutlass3x_sm100_tensorop_gemm_grouped_bf16_bf16_f32_void_bf16_256x128x64_4x2x1_0_tnt_align8_stream_k_2sm_epi_tma,passed,success,grouped,,,,,bf16:row,bf16:column,void:row,bf16:row,1,0,invalid,invalid,heuristic,1,false,'[2731x5120x1536][2731x5120x1536][2731x5120x1536][2731x5120x1536][2731x5120x1536][2731x5120x1536][2731x5120x1536][2731x5120x1536][2730x5120x1536][2730x5120x1536][2730x5120x1536][2730x5120x1536]',,tensorop,f32,256,128,64,4,2,1,2,1,1,8,4,1,1,256,128,16,100,110,289406976,515731619840,1782,0.393062,685.721,1.31209e+06
1,CUTLASS,grouped_gemm,cutlass3x_sm100_tensorop_gemm_grouped_bf16_bf16_f32_bf16_bf16_256x128x64_4x4x1_0_tnt_align8_2sm_epi_tma,passed,success,grouped,,,,,bf16:row,bf16:column,bf16:row,bf16:row,1,0,invalid,invalid,heuristic,1,false,'[2731x5120x1536][2731x5120x1536][2731x5120x1536][2731x5120x1536][2731x5120x1536][2731x5120x1536][2731x5120x1536][2731x5120x1536][2730x5120x1536][2730x5120x1536][2730x5120x1536][2730x5120x1536]',,tensorop,f32,256,128,64,4,4,1,2,1,1,7,4,1,1,256,128,16,100,110,624951296,515731619840,825,0.422957,1376.1,1.21935e+06
1,CUTLASS,grouped_gemm,cutlass3x_sm100_tensorop_gemm_grouped_bf16_bf16_f32_bf16_bf16_256x128x64_4x4x1_0_tnt_align8_stream_k_2sm_epi_tma,passed,success,grouped,,,,,bf16:row,bf16:column,bf16:row,bf16:row,1,0,invalid,invalid,heuristic,1,false,'[2731x5120x1536][2731x5120x1536][2731x5120x1536][2731x5120x1536][2731x5120x1536][2731x5120x1536][2731x5120x1536][2731x5120x1536][2730x5120x1536][2730x5120x1536][2730x5120x1536][2730x5120x1536]',,tensorop,f32,256,128,64,4,4,1,2,1,1,7,4,1,1,256,128,16,100,110,624951296,515731619840,825,0.42224,1378.44,1.22142e+06
1,CUTLASS,grouped_gemm,cutlass3x_sm100_tensorop_gemm_grouped_bf16_bf16_f32_void_bf16_256x128x64_4x4x1_0_tnt_align8_2sm_epi_tma,passed,success,grouped,,,,,bf16:row,bf16:column,void:row,bf16:row,1,0,invalid,invalid,heuristic,1,false,'[2731x5120x1536][2731x5120x1536][2731x5120x1536][2731x5120x1536][2731x5120x1536][2731x5120x1536][2731x5120x1536][2731x5120x1536][2730x5120x1536][2730x5120x1536][2730x5120x1536][2730x5120x1536]',,tensorop,f32,256,128,64,4,4,1,2,1,1,8,4,1,1,256,128,16,100,110,289406976,515731619840,1782,0.402067,670.364,1.2827e+06
1,CUTLASS,grouped_gemm,cutlass3x_sm100_tensorop_gemm_grouped_bf16_bf16_f32_void_bf16_256x128x64_4x4x1_0_tnt_align8_stream_k_2sm_epi_tma,passed,success,grouped,,,,,bf16:row,bf16:column,void:row,bf16:row,1,0,invalid,invalid,heuristic,1,false,'[2731x5120x1536][2731x5120x1536][2731x5120x1536][2731x5120x1536][2731x5120x1536][2731x5120x1536][2731x5120x1536][2731x5120x1536][2730x5120x1536][2730x5120x1536][2730x5120x1536][2730x5120x1536]',,tensorop,f32,256,128,64,4,4,1,2,1,1,8,4,1,1,256,128,16,100,110,289406976,515731619840,1782,0.401654,671.053,1.28402e+06
1,CUTLASS,grouped_gemm,cutlass3x_sm100_tensorop_gemm_grouped_bf16_bf16_f32_f32_f32_256x256x64_0x0x1_0_tnt_align8_2sm_epi_tma,passed,success,grouped,,,,,bf16:row,bf16:column,f32:row,f32:row,1,0,invalid,invalid,heuristic,1,false,'[2731x5120x1536][2731x5120x1536][2731x5120x1536][2731x5120x1536][2731x5120x1536][2731x5120x1536][2731x5120x1536][2731x5120x1536][2730x5120x1536][2730x5120x1536][2730x5120x1536][2730x5120x1536]',,tensorop,f32,256,256,64,2,1,1,2,1,1,4,4,1,1,256,256,16,100,110,960495616,515731619840,536,0.341219,2621.57,1.51144e+06
1,CUTLASS,grouped_gemm,cutlass3x_sm100_tensorop_gemm_grouped_bf16_bf16_f32_f32_f32_256x256x64_0x0x1_0_tnt_align8_stream_k_2sm_epi_tma,passed,success,grouped,,,,,bf16:row,bf16:column,f32:row,f32:row,1,0,invalid,invalid,heuristic,1,false,'[2731x5120x1536][2731x5120x1536][2731x5120x1536][2731x5120x1536][2731x5120x1536][2731x5120x1536][2731x5120x1536][2731x5120x1536][2730x5120x1536][2730x5120x1536][2730x5120x1536][2730x5120x1536]',,tensorop,f32,256,256,64,2,1,1,2,1,1,4,4,1,1,256,256,16,100,110,960495616,515731619840,536,0.342554,2611.36,1.50555e+06
1,CUTLASS,grouped_gemm,cutlass3x_sm100_tensorop_gemm_grouped_bf16_bf16_f32_void_f32_256x256x64_0x0x1_0_tnt_align8_2sm_epi_tma,passed,success,grouped,,,,,bf16:row,bf16:column,void:row,f32:row,1,0,invalid,invalid,heuristic,1,false,'[2731x5120x1536][2731x5120x1536][2731x5120x1536][2731x5120x1536][2731x5120x1536][2731x5120x1536][2731x5120x1536][2731x5120x1536][2730x5120x1536][2730x5120x1536][2730x5120x1536][2730x5120x1536]',,tensorop,f32,256,256,64,2,1,1,2,1,1,5,4,1,1,256,256,16,100,110,289406976,515731619840,1782,0.313805,858.914,1.64348e+06
1,CUTLASS,grouped_gemm,cutlass3x_sm100_tensorop_gemm_grouped_bf16_bf16_f32_void_f32_256x256x64_0x0x1_0_tnt_align8_stream_k_2sm_epi_tma,passed,success,grouped,,,,,bf16:row,bf16:column,void:row,f32:row,1,0,invalid,invalid,heuristic,1,false,'[2731x5120x1536][2731x5120x1536][2731x5120x1536][2731x5120x1536][2731x5120x1536][2731x5120x1536][2731x5120x1536][2731x5120x1536][2730x5120x1536][2730x5120x1536][2730x5120x1536][2730x5120x1536]',,tensorop,f32,256,256,64,2,1,1,2,1,1,5,4,1,1,256,256,16,100,110,289406976,515731619840,1782,0.314205,857.82,1.64139e+06
1,CUTLASS,grouped_gemm,cutlass3x_sm100_tensorop_gemm_grouped_bf16_bf16_f32_f32_f32_256x256x64_2x1x1_0_tnt_align8_2sm_epi_tma,passed,success,grouped,,,,,bf16:row,bf16:column,f32:row,f32:row,1,0,invalid,invalid,heuristic,1,false,'[2731x5120x1536][2731x5120x1536][2731x5120x1536][2731x5120x1536][2731x5120x1536][2731x5120x1536][2731x5120x1536][2731x5120x1536][2730x5120x1536][2730x5120x1536][2730x5120x1536][2730x5120x1536]',,tensorop,f32,256,256,64,2,1,1,2,1,1,4,4,1,1,256,256,16,100,110,960495616,515731619840,536,0.342368,2612.78,1.50637e+06
1,CUTLASS,grouped_gemm,cutlass3x_sm100_tensorop_gemm_grouped_bf16_bf16_f32_f32_f32_256x256x64_2x1x1_0_tnt_align8_stream_k_2sm_epi_tma,passed,success,grouped,,,,,bf16:row,bf16:column,f32:row,f32:row,1,0,invalid,invalid,heuristic,1,false,'[2731x5120x1536][2731x5120x1536][2731x5120x1536][2731x5120x1536][2731x5120x1536][2731x5120x1536][2731x5120x1536][2731x5120x1536][2730x5120x1536][2730x5120x1536][2730x5120x1536][2730x5120x1536]',,tensorop,f32,256,256,64,2,1,1,2,1,1,4,4,1,1,256,256,16,100,110,960495616,515731619840,536,0.341037,2622.98,1.51225e+06
1,CUTLASS,grouped_gemm,cutlass3x_sm100_tensorop_gemm_grouped_bf16_bf16_f32_void_f32_256x256x64_2x1x1_0_tnt_align8_2sm_epi_tma,passed,success,grouped,,,,,bf16:row,bf16:column,void:row,f32:row,1,0,invalid,invalid,heuristic,1,false,'[2731x5120x1536][2731x5120x1536][2731x5120x1536][2731x5120x1536][2731x5120x1536][2731x5120x1536][2731x5120x1536][2731x5120x1536][2730x5120x1536][2730x5120x1536][2730x5120x1536][2730x5120x1536]',,tensorop,f32,256,256,64,2,1,1,2,1,1,5,4,1,1,256,256,16,100,110,289406976,515731619840,1782,0.313898,858.66,1.64299e+06
1,CUTLASS,grouped_gemm,cutlass3x_sm100_tensorop_gemm_grouped_bf16_bf16_f32_void_f32_256x256x64_2x1x1_0_tnt_align8_stream_k_2sm_epi_tma,passed,success,grouped,,,,,bf16:row,bf16:column,void:row,f32:row,1,0,invalid,invalid,heuristic,1,false,'[2731x5120x1536][2731x5120x1536][2731x5120x1536][2731x5120x1536][2731x5120x1536][2731x5120x1536][2731x5120x1536][2731x5120x1536][2730x5120x1536][2730x5120x1536][2730x5120x1536][2730x5120x1536]',,tensorop,f32,256,256,64,2,1,1,2,1,1,5,4,1,1,256,256,16,100,110,289406976,515731619840,1782,0.313798,858.931,1.64351e+06
1,CUTLASS,grouped_gemm,cutlass3x_sm100_tensorop_gemm_grouped_bf16_bf16_f32_f32_f32_256x256x64_2x2x1_0_tnt_align8_2sm_epi_tma,passed,success,grouped,,,,,bf16:row,bf16:column,f32:row,f32:row,1,0,invalid,invalid,heuristic,1,false,'[2731x5120x1536][2731x5120x1536][2731x5120x1536][2731x5120x1536][2731x5120x1536][2731x5120x1536][2731x5120x1536][2731x5120x1536][2730x5120x1536][2730x5120x1536][2730x5120x1536][2730x5120x1536]',,tensorop,f32,256,256,64,2,2,1,2,1,1,4,4,1,1,256,256,16,100,110,960495616,515731619840,536,0.361312,2475.79,1.42739e+06
1,CUTLASS,grouped_gemm,cutlass3x_sm100_tensorop_gemm_grouped_bf16_bf16_f32_f32_f32_256x256x64_2x2x1_0_tnt_align8_stream_k_2sm_epi_tma,passed,success,grouped,,,,,bf16:row,bf16:column,f32:row,f32:row,1,0,invalid,invalid,heuristic,1,false,'[2731x5120x1536][2731x5120x1536][2731x5120x1536][2731x5120x1536][2731x5120x1536][2731x5120x1536][2731x5120x1536][2731x5120x1536][2730x5120x1536][2730x5120x1536][2730x5120x1536][2730x5120x1536]',,tensorop,f32,256,256,64,2,2,1,2,1,1,4,4,1,1,256,256,16,100,110,960495616,515731619840,536,0.361411,2475.11,1.42699e+06
1,CUTLASS,grouped_gemm,cutlass3x_sm100_tensorop_gemm_grouped_bf16_bf16_f32_void_f32_256x256x64_2x2x1_0_tnt_align8_2sm_epi_tma,passed,success,grouped,,,,,bf16:row,bf16:column,void:row,f32:row,1,0,invalid,invalid,heuristic,1,false,'[2731x5120x1536][2731x5120x1536][2731x5120x1536][2731x5120x1536][2731x5120x1536][2731x5120x1536][2731x5120x1536][2731x5120x1536][2730x5120x1536][2730x5120x1536][2730x5120x1536][2730x5120x1536]',,tensorop,f32,256,256,64,2,2,1,2,1,1,5,4,1,1,256,256,16,100,110,289406976,515731619840,1782,0.328342,820.885,1.57071e+06
1,CUTLASS,grouped_gemm,cutlass3x_sm100_tensorop_gemm_grouped_bf16_bf16_f32_void_f32_256x256x64_2x2x1_0_tnt_align8_stream_k_2sm_epi_tma,passed,success,grouped,,,,,bf16:row,bf16:column,void:row,f32:row,1,0,invalid,invalid,heuristic,1,false,'[2731x5120x1536][2731x5120x1536][2731x5120x1536][2731x5120x1536][2731x5120x1536][2731x5120x1536][2731x5120x1536][2731x5120x1536][2730x5120x1536][2730x5120x1536][2730x5120x1536][2730x5120x1536]',,tensorop,f32,256,256,64,2,2,1,2,1,1,5,4,1,1,256,256,16,100,110,289406976,515731619840,1782,0.32896,819.344,1.56776e+06
1,CUTLASS,grouped_gemm,cutlass3x_sm100_tensorop_gemm_grouped_bf16_bf16_f32_f32_f32_256x256x64_4x1x1_0_tnt_align8_2sm_epi_tma,passed,success,grouped,,,,,bf16:row,bf16:column,f32:row,f32:row,1,0,invalid,invalid,heuristic,1,false,'[2731x5120x1536][2731x5120x1536][2731x5120x1536][2731x5120x1536][2731x5120x1536][2731x5120x1536][2731x5120x1536][2731x5120x1536][2730x5120x1536][2730x5120x1536][2730x5120x1536][2730x5120x1536]',,tensorop,f32,256,256,64,4,1,1,2,1,1,4,4,1,1,256,256,16,100,110,960495616,515731619840,536,0.378205,2365.2,1.36363e+06
1,CUTLASS,grouped_gemm,cutlass3x_sm100_tensorop_gemm_grouped_bf16_bf16_f32_f32_f32_256x256x64_4x1x1_0_tnt_align8_stream_k_2sm_epi_tma,passed,success,grouped,,,,,bf16:row,bf16:column,f32:row,f32:row,1,0,invalid,invalid,heuristic,1,false,'[2731x5120x1536][2731x5120x1536][2731x5120x1536][2731x5120x1536][2731x5120x1536][2731x5120x1536][2731x5120x1536][2731x5120x1536][2730x5120x1536][2730x5120x1536][2730x5120x1536][2730x5120x1536]',,tensorop,f32,256,256,64,4,1,1,2,1,1,4,4,1,1,256,256,16,100,110,960495616,515731619840,536,0.378726,2361.95,1.36175e+06
1,CUTLASS,grouped_gemm,cutlass3x_sm100_tensorop_gemm_grouped_bf16_bf16_f32_void_f32_256x256x64_4x1x1_0_tnt_align8_2sm_epi_tma,passed,success,grouped,,,,,bf16:row,bf16:column,void:row,f32:row,1,0,invalid,invalid,heuristic,1,false,'[2731x5120x1536][2731x5120x1536][2731x5120x1536][2731x5120x1536][2731x5120x1536][2731x5120x1536][2731x5120x1536][2731x5120x1536][2730x5120x1536][2730x5120x1536][2730x5120x1536][2730x5120x1536]',,tensorop,f32,256,256,64,4,1,1,2,1,1,5,4,1,1,256,256,16,100,110,289406976,515731619840,1782,0.342269,787.484,1.5068e+06
1,CUTLASS,grouped_gemm,cutlass3x_sm100_tensorop_gemm_grouped_bf16_bf16_f32_void_f32_256x256x64_4x1x1_0_tnt_align8_stream_k_2sm_epi_tma,passed,success,grouped,,,,,bf16:row,bf16:column,void:row,f32:row,1,0,invalid,invalid,heuristic,1,false,'[2731x5120x1536][2731x5120x1536][2731x5120x1536][2731x5120x1536][2731x5120x1536][2731x5120x1536][2731x5120x1536][2731x5120x1536][2730x5120x1536][2730x5120x1536][2730x5120x1536][2730x5120x1536]',,tensorop,f32,256,256,64,4,1,1,2,1,1,5,4,1,1,256,256,16,100,110,289406976,515731619840,1782,0.342877,786.088,1.50413e+06
1,CUTLASS,grouped_gemm,cutlass3x_sm100_tensorop_gemm_grouped_bf16_bf16_f32_f32_f32_256x256x64_2x4x1_0_tnt_align8_2sm_epi_tma,passed,success,grouped,,,,,bf16:row,bf16:column,f32:row,f32:row,1,0,invalid,invalid,heuristic,1,false,'[2731x5120x1536][2731x5120x1536][2731x5120x1536][2731x5120x1536][2731x5120x1536][2731x5120x1536][2731x5120x1536][2731x5120x1536][2730x5120x1536][2730x5120x1536][2730x5120x1536][2730x5120x1536]',,tensorop,f32,256,256,64,2,4,1,2,1,1,4,4,1,1,256,256,16,100,110,960495616,515731619840,536,0.430531,2077.74,1.1979e+06
1,CUTLASS,grouped_gemm,cutlass3x_sm100_tensorop_gemm_grouped_bf16_bf16_f32_f32_f32_256x256x64_2x4x1_0_tnt_align8_stream_k_2sm_epi_tma,passed,success,grouped,,,,,bf16:row,bf16:column,f32:row,f32:row,1,0,invalid,invalid,heuristic,1,false,'[2731x5120x1536][2731x5120x1536][2731x5120x1536][2731x5120x1536][2731x5120x1536][2731x5120x1536][2731x5120x1536][2731x5120x1536][2730x5120x1536][2730x5120x1536][2730x5120x1536][2730x5120x1536]',,tensorop,f32,256,256,64,2,4,1,2,1,1,4,4,1,1,256,256,16,100,110,960495616,515731619840,536,0.430422,2078.26,1.1982e+06
1,CUTLASS,grouped_gemm,cutlass3x_sm100_tensorop_gemm_grouped_bf16_bf16_f32_void_f32_256x256x64_2x4x1_0_tnt_align8_2sm_epi_tma,passed,success,grouped,,,,,bf16:row,bf16:column,void:row,f32:row,1,0,invalid,invalid,heuristic,1,false,'[2731x5120x1536][2731x5120x1536][2731x5120x1536][2731x5120x1536][2731x5120x1536][2731x5120x1536][2731x5120x1536][2731x5120x1536][2730x5120x1536][2730x5120x1536][2730x5120x1536][2730x5120x1536]',,tensorop,f32,256,256,64,2,4,1,2,1,1,5,4,1,1,256,256,16,100,110,289406976,515731619840,1782,0.38599,698.285,1.33613e+06
1,CUTLASS,grouped_gemm,cutlass3x_sm100_tensorop_gemm_grouped_bf16_bf16_f32_void_f32_256x256x64_2x4x1_0_tnt_align8_stream_k_2sm_epi_tma,passed,success,grouped,,,,,bf16:row,bf16:column,void:row,f32:row,1,0,invalid,invalid,heuristic,1,false,'[2731x5120x1536][2731x5120x1536][2731x5120x1536][2731x5120x1536][2731x5120x1536][2731x5120x1536][2731x5120x1536][2731x5120x1536][2730x5120x1536][2730x5120x1536][2730x5120x1536][2730x5120x1536]',,tensorop,f32,256,256,64,2,4,1,2,1,1,5,4,1,1,256,256,16,100,110,289406976,515731619840,1782,0.385776,698.673,1.33687e+06
1,CUTLASS,grouped_gemm,cutlass3x_sm100_tensorop_gemm_grouped_bf16_bf16_f32_f32_f32_256x256x64_4x2x1_0_tnt_align8_2sm_epi_tma,passed,success,grouped,,,,,bf16:row,bf16:column,f32:row,f32:row,1,0,invalid,invalid,heuristic,1,false,'[2731x5120x1536][2731x5120x1536][2731x5120x1536][2731x5120x1536][2731x5120x1536][2731x5120x1536][2731x5120x1536][2731x5120x1536][2730x5120x1536][2730x5120x1536][2730x5120x1536][2730x5120x1536]',,tensorop,f32,256,256,64,4,2,1,2,1,1,4,4,1,1,256,256,16,100,110,960495616,515731619840,536,0.444426,2012.78,1.16045e+06
1,CUTLASS,grouped_gemm,cutlass3x_sm100_tensorop_gemm_grouped_bf16_bf16_f32_f32_f32_256x256x64_4x2x1_0_tnt_align8_stream_k_2sm_epi_tma,passed,success,grouped,,,,,bf16:row,bf16:column,f32:row,f32:row,1,0,invalid,invalid,heuristic,1,false,'[2731x5120x1536][2731x5120x1536][2731x5120x1536][2731x5120x1536][2731x5120x1536][2731x5120x1536][2731x5120x1536][2731x5120x1536][2730x5120x1536][2730x5120x1536][2730x5120x1536][2730x5120x1536]',,tensorop,f32,256,256,64,4,2,1,2,1,1,4,4,1,1,256,256,16,100,110,960495616,515731619840,536,0.443338,2017.72,1.16329e+06
1,CUTLASS,grouped_gemm,cutlass3x_sm100_tensorop_gemm_grouped_bf16_bf16_f32_void_f32_256x256x64_4x2x1_0_tnt_align8_2sm_epi_tma,passed,success,grouped,,,,,bf16:row,bf16:column,void:row,f32:row,1,0,invalid,invalid,heuristic,1,false,'[2731x5120x1536][2731x5120x1536][2731x5120x1536][2731x5120x1536][2731x5120x1536][2731x5120x1536][2731x5120x1536][2731x5120x1536][2730x5120x1536][2730x5120x1536][2730x5120x1536][2730x5120x1536]',,tensorop,f32,256,256,64,4,2,1,2,1,1,5,4,1,1,256,256,16,100,110,289406976,515731619840,1782,0.395206,682.001,1.30497e+06
1,CUTLASS,grouped_gemm,cutlass3x_sm100_tensorop_gemm_grouped_bf16_bf16_f32_void_f32_256x256x64_4x2x1_0_tnt_align8_stream_k_2sm_epi_tma,passed,success,grouped,,,,,bf16:row,bf16:column,void:row,f32:row,1,0,invalid,invalid,heuristic,1,false,'[2731x5120x1536][2731x5120x1536][2731x5120x1536][2731x5120x1536][2731x5120x1536][2731x5120x1536][2731x5120x1536][2731x5120x1536][2730x5120x1536][2730x5120x1536][2730x5120x1536][2730x5120x1536]',,tensorop,f32,256,256,64,4,2,1,2,1,1,5,4,1,1,256,256,16,100,110,289406976,515731619840,1782,0.39439,683.412,1.30767e+06
1,CUTLASS,grouped_gemm,cutlass3x_sm100_tensorop_gemm_grouped_bf16_bf16_f32_f32_f32_256x256x64_4x4x1_0_tnt_align8_2sm_epi_tma,passed,success,grouped,,,,,bf16:row,bf16:column,f32:row,f32:row,1,0,invalid,invalid,heuristic,1,false,'[2731x5120x1536][2731x5120x1536][2731x5120x1536][2731x5120x1536][2731x5120x1536][2731x5120x1536][2731x5120x1536][2731x5120x1536][2730x5120x1536][2730x5120x1536][2730x5120x1536][2730x5120x1536]',,tensorop,f32,256,256,64,4,4,1,2,1,1,4,4,1,1,256,256,16,100,110,960495616,515731619840,536,0.461258,1939.33,1.1181e+06
1,CUTLASS,grouped_gemm,cutlass3x_sm100_tensorop_gemm_grouped_bf16_bf16_f32_f32_f32_256x256x64_4x4x1_0_tnt_align8_stream_k_2sm_epi_tma,passed,success,grouped,,,,,bf16:row,bf16:column,f32:row,f32:row,1,0,invalid,invalid,heuristic,1,false,'[2731x5120x1536][2731x5120x1536][2731x5120x1536][2731x5120x1536][2731x5120x1536][2731x5120x1536][2731x5120x1536][2731x5120x1536][2730x5120x1536][2730x5120x1536][2730x5120x1536][2730x5120x1536]',,tensorop,f32,256,256,64,4,4,1,2,1,1,4,4,1,1,256,256,16,100,110,960495616,515731619840,536,0.460954,1940.61,1.11884e+06
1,CUTLASS,grouped_gemm,cutlass3x_sm100_tensorop_gemm_grouped_bf16_bf16_f32_void_f32_256x256x64_4x4x1_0_tnt_align8_2sm_epi_tma,passed,success,grouped,,,,,bf16:row,bf16:column,void:row,f32:row,1,0,invalid,invalid,heuristic,1,false,'[2731x5120x1536][2731x5120x1536][2731x5120x1536][2731x5120x1536][2731x5120x1536][2731x5120x1536][2731x5120x1536][2731x5120x1536][2730x5120x1536][2730x5120x1536][2730x5120x1536][2730x5120x1536]',,tensorop,f32,256,256,64,4,4,1,2,1,1,5,4,1,1,256,256,16,100,110,289406976,515731619840,1782,0.417222,646.013,1.23611e+06
1,CUTLASS,grouped_gemm,cutlass3x_sm100_tensorop_gemm_grouped_bf16_bf16_f32_void_f32_256x256x64_4x4x1_0_tnt_align8_stream_k_2sm_epi_tma,passed,success,grouped,,,,,bf16:row,bf16:column,void:row,f32:row,1,0,invalid,invalid,heuristic,1,false,'[2731x5120x1536][2731x5120x1536][2731x5120x1536][2731x5120x1536][2731x5120x1536][2731x5120x1536][2731x5120x1536][2731x5120x1536][2730x5120x1536][2730x5120x1536][2730x5120x1536][2730x5120x1536]',,tensorop,f32,256,256,64,4,4,1,2,1,1,5,4,1,1,256,256,16,100,110,289406976,515731619840,1782,0.416806,646.658,1.23734e+06
1,CUTLASS,grouped_gemm,cutlass3x_sm100_tensorop_gemm_grouped_bf16_bf16_f32_bf16_bf16_256x256x64_0x0x1_0_tnt_align8_2sm_epi_tma,passed,success,grouped,,,,,bf16:row,bf16:column,bf16:row,bf16:row,1,0,invalid,invalid,heuristic,1,false,'[2731x5120x1536][2731x5120x1536][2731x5120x1536][2731x5120x1536][2731x5120x1536][2731x5120x1536][2731x5120x1536][2731x5120x1536][2730x5120x1536][2730x5120x1536][2730x5120x1536][2730x5120x1536]',,tensorop,f32,256,256,64,2,1,1,2,1,1,4,4,1,1,256,256,16,100,110,624951296,515731619840,825,0.299261,1944.9,1.72335e+06
1,CUTLASS,grouped_gemm,cutlass3x_sm100_tensorop_gemm_grouped_bf16_bf16_f32_bf16_bf16_256x256x64_0x0x1_0_tnt_align8_stream_k_2sm_epi_tma,passed,success,grouped,,,,,bf16:row,bf16:column,bf16:row,bf16:row,1,0,invalid,invalid,heuristic,1,false,'[2731x5120x1536][2731x5120x1536][2731x5120x1536][2731x5120x1536][2731x5120x1536][2731x5120x1536][2731x5120x1536][2731x5120x1536][2730x5120x1536][2730x5120x1536][2730x5120x1536][2730x5120x1536]',,tensorop,f32,256,256,64,2,1,1,2,1,1,4,4,1,1,256,256,16,100,110,624951296,515731619840,825,0.299123,1945.79,1.72414e+06
1,CUTLASS,grouped_gemm,cutlass3x_sm100_tensorop_gemm_grouped_bf16_bf16_f32_void_bf16_256x256x64_0x0x1_0_tnt_align8_2sm_epi_tma,passed,success,grouped,,,,,bf16:row,bf16:column,void:row,bf16:row,1,0,invalid,invalid,heuristic,1,false,'[2731x5120x1536][2731x5120x1536][2731x5120x1536][2731x5120x1536][2731x5120x1536][2731x5120x1536][2731x5120x1536][2731x5120x1536][2730x5120x1536][2730x5120x1536][2730x5120x1536][2730x5120x1536]',,tensorop,f32,256,256,64,2,1,1,2,1,1,6,4,1,1,256,256,16,100,110,289406976,515731619840,1782,0.272432,989.352,1.89307e+06
1,CUTLASS,grouped_gemm,cutlass3x_sm100_tensorop_gemm_grouped_bf16_bf16_f32_void_bf16_256x256x64_0x0x1_0_tnt_align8_stream_k_2sm_epi_tma,passed,success,grouped,,,,,bf16:row,bf16:column,void:row,bf16:row,1,0,invalid,invalid,heuristic,1,false,'[2731x5120x1536][2731x5120x1536][2731x5120x1536][2731x5120x1536][2731x5120x1536][2731x5120x1536][2731x5120x1536][2731x5120x1536][2730x5120x1536][2730x5120x1536][2730x5120x1536][2730x5120x1536]',,tensorop,f32,256,256,64,2,1,1,2,1,1,6,4,1,1,256,256,16,100,110,289406976,515731619840,1782,0.272816,987.96,1.8904e+06
1,CUTLASS,grouped_gemm,cutlass3x_sm100_tensorop_gemm_grouped_bf16_bf16_f32_bf16_bf16_256x256x64_2x1x1_0_tnt_align8_2sm_epi_tma,passed,success,grouped,,,,,bf16:row,bf16:column,bf16:row,bf16:row,1,0,invalid,invalid,heuristic,1,false,'[2731x5120x1536][2731x5120x1536][2731x5120x1536][2731x5120x1536][2731x5120x1536][2731x5120x1536][2731x5120x1536][2731x5120x1536][2730x5120x1536][2730x5120x1536][2730x5120x1536][2730x5120x1536]',,tensorop,f32,256,256,64,2,1,1,2,1,1,4,4,1,1,256,256,16,100,110,624951296,515731619840,825,0.299146,1945.65,1.72402e+06
1,CUTLASS,grouped_gemm,cutlass3x_sm100_tensorop_gemm_grouped_bf16_bf16_f32_bf16_bf16_256x256x64_2x1x1_0_tnt_align8_stream_k_2sm_epi_tma,passed,success,grouped,,,,,bf16:row,bf16:column,bf16:row,bf16:row,1,0,invalid,invalid,heuristic,1,false,'[2731x5120x1536][2731x5120x1536][2731x5120x1536][2731x5120x1536][2731x5120x1536][2731x5120x1536][2731x5120x1536][2731x5120x1536][2730x5120x1536][2730x5120x1536][2730x5120x1536][2730x5120x1536]',,tensorop,f32,256,256,64,2,1,1,2,1,1,4,4,1,1,256,256,16,100,110,624951296,515731619840,825,0.298339,1950.9,1.72868e+06
1,CUTLASS,grouped_gemm,cutlass3x_sm100_tensorop_gemm_grouped_bf16_bf16_f32_void_bf16_256x256x64_2x1x1_0_tnt_align8_2sm_epi_tma,passed,success,grouped,,,,,bf16:row,bf16:column,void:row,bf16:row,1,0,invalid,invalid,heuristic,1,false,'[2731x5120x1536][2731x5120x1536][2731x5120x1536][2731x5120x1536][2731x5120x1536][2731x5120x1536][2731x5120x1536][2731x5120x1536][2730x5120x1536][2730x5120x1536][2730x5120x1536][2730x5120x1536]',,tensorop,f32,256,256,64,2,1,1,2,1,1,6,4,1,1,256,256,16,100,110,289406976,515731619840,1782,0.271299,993.483,1.90097e+06
1,CUTLASS,grouped_gemm,cutlass3x_sm100_tensorop_gemm_grouped_bf16_bf16_f32_void_bf16_256x256x64_2x1x1_0_tnt_align8_stream_k_2sm_epi_tma,passed,success,grouped,,,,,bf16:row,bf16:column,void:row,bf16:row,1,0,invalid,invalid,heuristic,1,false,'[2731x5120x1536][2731x5120x1536][2731x5120x1536][2731x5120x1536][2731x5120x1536][2731x5120x1536][2731x5120x1536][2731x5120x1536][2730x5120x1536][2730x5120x1536][2730x5120x1536][2730x5120x1536]',,tensorop,f32,256,256,64,2,1,1,2,1,1,6,4,1,1,256,256,16,100,110,289406976,515731619840,1782,0.272534,988.981,1.89235e+06
1,CUTLASS,grouped_gemm,cutlass3x_sm100_tensorop_gemm_grouped_bf16_bf16_f32_bf16_bf16_256x256x64_2x2x1_0_tnt_align8_2sm_epi_tma,passed,success,grouped,,,,,bf16:row,bf16:column,bf16:row,bf16:row,1,0,invalid,invalid,heuristic,1,false,'[2731x5120x1536][2731x5120x1536][2731x5120x1536][2731x5120x1536][2731x5120x1536][2731x5120x1536][2731x5120x1536][2731x5120x1536][2730x5120x1536][2730x5120x1536][2730x5120x1536][2730x5120x1536]',,tensorop,f32,256,256,64,2,2,1,2,1,1,4,4,1,1,256,256,16,100,110,624951296,515731619840,825,0.319734,1820.36,1.613e+06
1,CUTLASS,grouped_gemm,cutlass3x_sm100_tensorop_gemm_grouped_bf16_bf16_f32_bf16_bf16_256x256x64_2x2x1_0_tnt_align8_stream_k_2sm_epi_tma,passed,success,grouped,,,,,bf16:row,bf16:column,bf16:row,bf16:row,1,0,invalid,invalid,heuristic,1,false,'[2731x5120x1536][2731x5120x1536][2731x5120x1536][2731x5120x1536][2731x5120x1536][2731x5120x1536][2731x5120x1536][2731x5120x1536][2730x5120x1536][2730x5120x1536][2730x5120x1536][2730x5120x1536]',,tensorop,f32,256,256,64,2,2,1,2,1,1,4,4,1,1,256,256,16,100,110,624951296,515731619840,825,0.318822,1825.57,1.61761e+06
1,CUTLASS,grouped_gemm,cutlass3x_sm100_tensorop_gemm_grouped_bf16_bf16_f32_void_bf16_256x256x64_2x2x1_0_tnt_align8_2sm_epi_tma,passed,success,grouped,,,,,bf16:row,bf16:column,void:row,bf16:row,1,0,invalid,invalid,heuristic,1,false,'[2731x5120x1536][2731x5120x1536][2731x5120x1536][2731x5120x1536][2731x5120x1536][2731x5120x1536][2731x5120x1536][2731x5120x1536][2730x5120x1536][2730x5120x1536][2730x5120x1536][2730x5120x1536]',,tensorop,f32,256,256,64,2,2,1,2,1,1,6,4,1,1,256,256,16,100,110,289406976,515731619840,1782,0.27929,965.06,1.84658e+06
1,CUTLASS,grouped_gemm,cutlass3x_sm100_tensorop_gemm_grouped_bf16_bf16_f32_void_bf16_256x256x64_2x2x1_0_tnt_align8_stream_k_2sm_epi_tma,passed,success,grouped,,,,,bf16:row,bf16:column,void:row,bf16:row,1,0,invalid,invalid,heuristic,1,false,'[2731x5120x1536][2731x5120x1536][2731x5120x1536][2731x5120x1536][2731x5120x1536][2731x5120x1536][2731x5120x1536][2731x5120x1536][2730x5120x1536][2730x5120x1536][2730x5120x1536][2730x5120x1536]',,tensorop,f32,256,256,64,2,2,1,2,1,1,6,4,1,1,256,256,16,100,110,289406976,515731619840,1782,0.279475,964.419,1.84536e+06
1,CUTLASS,grouped_gemm,cutlass3x_sm100_tensorop_gemm_grouped_bf16_bf16_f32_bf16_bf16_256x256x64_4x1x1_0_tnt_align8_2sm_epi_tma,passed,success,grouped,,,,,bf16:row,bf16:column,bf16:row,bf16:row,1,0,invalid,invalid,heuristic,1,false,'[2731x5120x1536][2731x5120x1536][2731x5120x1536][2731x5120x1536][2731x5120x1536][2731x5120x1536][2731x5120x1536][2731x5120x1536][2730x5120x1536][2730x5120x1536][2730x5120x1536][2730x5120x1536]',,tensorop,f32,256,256,64,4,1,1,2,1,1,4,4,1,1,256,256,16,100,110,624951296,515731619840,825,0.334128,1741.94,1.54352e+06
1,CUTLASS,grouped_gemm,cutlass3x_sm100_tensorop_gemm_grouped_bf16_bf16_f32_bf16_bf16_256x256x64_4x1x1_0_tnt_align8_stream_k_2sm_epi_tma,passed,success,grouped,,,,,bf16:row,bf16:column,bf16:row,bf16:row,1,0,invalid,invalid,heuristic,1,false,'[2731x5120x1536][2731x5120x1536][2731x5120x1536][2731x5120x1536][2731x5120x1536][2731x5120x1536][2731x5120x1536][2731x5120x1536][2730x5120x1536][2730x5120x1536][2730x5120x1536][2730x5120x1536]',,tensorop,f32,256,256,64,4,1,1,2,1,1,4,4,1,1,256,256,16,100,110,624951296,515731619840,825,0.333158,1747.01,1.54801e+06
1,CUTLASS,grouped_gemm,cutlass3x_sm100_tensorop_gemm_grouped_bf16_bf16_f32_void_bf16_256x256x64_4x1x1_0_tnt_align8_2sm_epi_tma,passed,success,grouped,,,,,bf16:row,bf16:column,void:row,bf16:row,1,0,invalid,invalid,heuristic,1,false,'[2731x5120x1536][2731x5120x1536][2731x5120x1536][2731x5120x1536][2731x5120x1536][2731x5120x1536][2731x5120x1536][2731x5120x1536][2730x5120x1536][2730x5120x1536][2730x5120x1536][2730x5120x1536]',,tensorop,f32,256,256,64,4,1,1,2,1,1,6,4,1,1,256,256,16,100,110,289406976,515731619840,1782,0.299677,899.406,1.72096e+06
1,CUTLASS,grouped_gemm,cutlass3x_sm100_tensorop_gemm_grouped_bf16_bf16_f32_void_bf16_256x256x64_4x1x1_0_tnt_align8_stream_k_2sm_epi_tma,passed,success,grouped,,,,,bf16:row,bf16:column,void:row,bf16:row,1,0,invalid,invalid,heuristic,1,false,'[2731x5120x1536][2731x5120x1536][2731x5120x1536][2731x5120x1536][2731x5120x1536][2731x5120x1536][2731x5120x1536][2731x5120x1536][2730x5120x1536][2730x5120x1536][2730x5120x1536][2730x5120x1536]',,tensorop,f32,256,256,64,4,1,1,2,1,1,6,4,1,1,256,256,16,100,110,289406976,515731619840,1782,0.300186,897.882,1.71804e+06
1,CUTLASS,grouped_gemm,cutlass3x_sm100_tensorop_gemm_grouped_bf16_bf16_f32_bf16_bf16_256x256x64_2x4x1_0_tnt_align8_2sm_epi_tma,passed,success,grouped,,,,,bf16:row,bf16:column,bf16:row,bf16:row,1,0,invalid,invalid,heuristic,1,false,'[2731x5120x1536][2731x5120x1536][2731x5120x1536][2731x5120x1536][2731x5120x1536][2731x5120x1536][2731x5120x1536][2731x5120x1536][2730x5120x1536][2730x5120x1536][2730x5120x1536][2730x5120x1536]',,tensorop,f32,256,256,64,2,4,1,2,1,1,4,4,1,1,256,256,16,100,110,624951296,515731619840,825,0.378995,1535.72,1.36079e+06
1,CUTLASS,grouped_gemm,cutlass3x_sm100_tensorop_gemm_grouped_bf16_bf16_f32_bf16_bf16_256x256x64_2x4x1_0_tnt_align8_stream_k_2sm_epi_tma,passed,success,grouped,,,,,bf16:row,bf16:column,bf16:row,bf16:row,1,0,invalid,invalid,heuristic,1,false,'[2731x5120x1536][2731x5120x1536][2731x5120x1536][2731x5120x1536][2731x5120x1536][2731x5120x1536][2731x5120x1536][2731x5120x1536][2730x5120x1536][2730x5120x1536][2730x5120x1536][2730x5120x1536]',,tensorop,f32,256,256,64,2,4,1,2,1,1,4,4,1,1,256,256,16,100,110,624951296,515731619840,825,0.379619,1533.2,1.35855e+06
1,CUTLASS,grouped_gemm,cutlass3x_sm100_tensorop_gemm_grouped_bf16_bf16_f32_void_bf16_256x256x64_2x4x1_0_tnt_align8_2sm_epi_tma,passed,success,grouped,,,,,bf16:row,bf16:column,void:row,bf16:row,1,0,invalid,invalid,heuristic,1,false,'[2731x5120x1536][2731x5120x1536][2731x5120x1536][2731x5120x1536][2731x5120x1536][2731x5120x1536][2731x5120x1536][2731x5120x1536][2730x5120x1536][2730x5120x1536][2730x5120x1536][2730x5120x1536]',,tensorop,f32,256,256,64,2,4,1,2,1,1,6,4,1,1,256,256,16,100,110,289406976,515731619840,1782,0.309296,871.435,1.66744e+06
1,CUTLASS,grouped_gemm,cutlass3x_sm100_tensorop_gemm_grouped_bf16_bf16_f32_void_bf16_256x256x64_2x4x1_0_tnt_align8_stream_k_2sm_epi_tma,passed,success,grouped,,,,,bf16:row,bf16:column,void:row,bf16:row,1,0,invalid,invalid,heuristic,1,false,'[2731x5120x1536][2731x5120x1536][2731x5120x1536][2731x5120x1536][2731x5120x1536][2731x5120x1536][2731x5120x1536][2731x5120x1536][2730x5120x1536][2730x5120x1536][2730x5120x1536][2730x5120x1536]',,tensorop,f32,256,256,64,2,4,1,2,1,1,6,4,1,1,256,256,16,100,110,289406976,515731619840,1782,0.309395,871.155,1.6669e+06
1,CUTLASS,grouped_gemm,cutlass3x_sm100_tensorop_gemm_grouped_bf16_bf16_f32_bf16_bf16_256x256x64_4x2x1_0_tnt_align8_2sm_epi_tma,passed,success,grouped,,,,,bf16:row,bf16:column,bf16:row,bf16:row,1,0,invalid,invalid,heuristic,1,false,'[2731x5120x1536][2731x5120x1536][2731x5120x1536][2731x5120x1536][2731x5120x1536][2731x5120x1536][2731x5120x1536][2731x5120x1536][2730x5120x1536][2730x5120x1536][2730x5120x1536][2730x5120x1536]',,tensorop,f32,256,256,64,4,2,1,2,1,1,4,4,1,1,256,256,16,100,110,624951296,515731619840,825,0.396544,1467.76,1.30057e+06
1,CUTLASS,grouped_gemm,cutlass3x_sm100_tensorop_gemm_grouped_bf16_bf16_f32_bf16_bf16_256x256x64_4x2x1_0_tnt_align8_stream_k_2sm_epi_tma,passed,success,grouped,,,,,bf16:row,bf16:column,bf16:row,bf16:row,1,0,invalid,invalid,heuristic,1,false,'[2731x5120x1536][2731x5120x1536][2731x5120x1536][2731x5120x1536][2731x5120x1536][2731x5120x1536][2731x5120x1536][2731x5120x1536][2730x5120x1536][2730x5120x1536][2730x5120x1536][2730x5120x1536]',,tensorop,f32,256,256,64,4,2,1,2,1,1,4,4,1,1,256,256,16,100,110,624951296,515731619840,825,0.396643,1467.39,1.30024e+06
1,CUTLASS,grouped_gemm,cutlass3x_sm100_tensorop_gemm_grouped_bf16_bf16_f32_void_bf16_256x256x64_4x2x1_0_tnt_align8_2sm_epi_tma,passed,success,grouped,,,,,bf16:row,bf16:column,void:row,bf16:row,1,0,invalid,invalid,heuristic,1,false,'[2731x5120x1536][2731x5120x1536][2731x5120x1536][2731x5120x1536][2731x5120x1536][2731x5120x1536][2731x5120x1536][2731x5120x1536][2730x5120x1536][2730x5120x1536][2730x5120x1536][2730x5120x1536]',,tensorop,f32,256,256,64,4,2,1,2,1,1,6,4,1,1,256,256,16,100,110,289406976,515731619840,1782,0.334243,806.393,1.54298e+06
1,CUTLASS,grouped_gemm,cutlass3x_sm100_tensorop_gemm_grouped_bf16_bf16_f32_void_bf16_256x256x64_4x2x1_0_tnt_align8_stream_k_2sm_epi_tma,passed,success,grouped,,,,,bf16:row,bf16:column,void:row,bf16:row,1,0,invalid,invalid,heuristic,1,false,'[2731x5120x1536][2731x5120x1536][2731x5120x1536][2731x5120x1536][2731x5120x1536][2731x5120x1536][2731x5120x1536][2731x5120x1536][2730x5120x1536][2730x5120x1536][2730x5120x1536][2730x5120x1536]',,tensorop,f32,256,256,64,4,2,1,2,1,1,6,4,1,1,256,256,16,100,110,289406976,515731619840,1782,0.333869,807.297,1.54471e+06
1,CUTLASS,grouped_gemm,cutlass3x_sm100_tensorop_gemm_grouped_bf16_bf16_f32_bf16_bf16_256x256x64_4x4x1_0_tnt_align8_2sm_epi_tma,passed,success,grouped,,,,,bf16:row,bf16:column,bf16:row,bf16:row,1,0,invalid,invalid,heuristic,1,false,'[2731x5120x1536][2731x5120x1536][2731x5120x1536][2731x5120x1536][2731x5120x1536][2731x5120x1536][2731x5120x1536][2731x5120x1536][2730x5120x1536][2730x5120x1536][2730x5120x1536][2730x5120x1536]',,tensorop,f32,256,256,64,4,4,1,2,1,1,4,4,1,1,256,256,16,100,110,624951296,515731619840,825,0.417936,1392.63,1.234e+06
1,CUTLASS,grouped_gemm,cutlass3x_sm100_tensorop_gemm_grouped_bf16_bf16_f32_bf16_bf16_256x256x64_4x4x1_0_tnt_align8_stream_k_2sm_epi_tma,passed,success,grouped,,,,,bf16:row,bf16:column,bf16:row,bf16:row,1,0,invalid,invalid,heuristic,1,false,'[2731x5120x1536][2731x5120x1536][2731x5120x1536][2731x5120x1536][2731x5120x1536][2731x5120x1536][2731x5120x1536][2731x5120x1536][2730x5120x1536][2730x5120x1536][2730x5120x1536][2730x5120x1536]',,tensorop,f32,256,256,64,4,4,1,2,1,1,4,4,1,1,256,256,16,100,110,624951296,515731619840,825,0.418646,1390.27,1.2319e+06
1,CUTLASS,grouped_gemm,cutlass3x_sm100_tensorop_gemm_grouped_bf16_bf16_f32_void_bf16_256x256x64_4x4x1_0_tnt_align8_2sm_epi_tma,passed,success,grouped,,,,,bf16:row,bf16:column,void:row,bf16:row,1,0,invalid,invalid,heuristic,1,false,'[2731x5120x1536][2731x5120x1536][2731x5120x1536][2731x5120x1536][2731x5120x1536][2731x5120x1536][2731x5120x1536][2731x5120x1536][2730x5120x1536][2730x5120x1536][2730x5120x1536][2730x5120x1536]',,tensorop,f32,256,256,64,4,4,1,2,1,1,6,4,1,1,256,256,16,100,110,289406976,515731619840,1782,0.355786,757.566,1.44956e+06
1,CUTLASS,grouped_gemm,cutlass3x_sm100_tensorop_gemm_grouped_bf16_bf16_f32_void_bf16_256x256x64_4x4x1_0_tnt_align8_stream_k_2sm_epi_tma,passed,success,grouped,,,,,bf16:row,bf16:column,void:row,bf16:row,1,0,invalid,invalid,heuristic,1,false,'[2731x5120x1536][2731x5120x1536][2731x5120x1536][2731x5120x1536][2731x5120x1536][2731x5120x1536][2731x5120x1536][2731x5120x1536][2730x5120x1536][2730x5120x1536][2730x5120x1536][2730x5120x1536]',,tensorop,f32,256,256,64,4,4,1,2,1,1,6,4,1,1,256,256,16,100,110,289406976,515731619840,1782,0.355997,757.117,1.4487e+06
