Problem,Provider,OperationKind,Operation,Disposition,Status,gemm_kind,m,n,k,num_groups,A,B,C,D,alpha,beta,runtime_input_datatype_a,runtime_input_datatype_b,raster_order,swizzle_size,use_pdl,problem-sizes,problem-sizes-file,op_class,accum,cta_m,cta_n,cta_k,cluster_m,cluster_n,cluster_k,cluster_m_fallback,cluster_n_fallback,cluster_k_fallback,stages,warps_m,warps_n,warps_k,inst_m,inst_n,inst_k,min_cc,max_cc,Bytes,Flops,Flops/Byte,Runtime,GB/s,GFLOPs
1,CUTLASS,grouped_gemm,cutlass3x_sm100_tensorop_gemm_grouped_bf16_bf16_f32_f32_f32_64x128x64_0x0x1_0_tnt_align8_1sm,passed,success,grouped,,,,,bf16:row,bf16:column,f32:row,f32:row,1,0,invalid,invalid,heuristic,1,false,'[515x3072x5120][368x3072x5120][422x3072x5120][5460x3072x5120][342x3072x5120][344x3072x5120][375x3072x5120][4938x3072x5120][483x3072x5120][365x3072x5120][2069x3072x5120][2059x3072x5120][384x3072x5120][4808x3072x5120][342x3072x5120][760x3072x5120][343x3072x5120][342x3072x5120][1671x3072x5120][2410x3072x5120][545x3072x5120][2347x3072x5120][724x3072x5120][352x3072x5120]',,tensorop,f32,64,128,64,1,1,1,1,1,1,7,4,1,1,64,128,16,100,110,1493172224,1030993477632,690,1.15929,1199.55,889332
1,CUTLASS,grouped_gemm,cutlass3x_sm100_tensorop_gemm_grouped_bf16_bf16_f32_f32_f32_64x128x64_0x0x1_0_tnt_align8_stream_k_1sm,passed,success,grouped,,,,,bf16:row,bf16:column,f32:row,f32:row,1,0,invalid,invalid,heuristic,1,false,'[515x3072x5120][368x3072x5120][422x3072x5120][5460x3072x5120][342x3072x5120][344x3072x5120][375x3072x5120][4938x3072x5120][483x3072x5120][365x3072x5120][2069x3072x5120][2059x3072x5120][384x3072x5120][4808x3072x5120][342x3072x5120][760x3072x5120][343x3072x5120][342x3072x5120][1671x3072x5120][2410x3072x5120][545x3072x5120][2347x3072x5120][724x3072x5120][352x3072x5120]',,tensorop,f32,64,128,64,1,1,1,1,1,1,7,4,1,1,64,128,16,100,110,1493172224,1030993477632,690,1.14865,1210.66,897573
1,CUTLASS,grouped_gemm,cutlass3x_sm100_tensorop_gemm_grouped_bf16_bf16_f32_void_f32_64x128x64_0x0x1_0_tnt_align8_1sm,passed,success,grouped,,,,,bf16:row,bf16:column,void:row,f32:row,1,0,invalid,invalid,heuristic,1,false,'[515x3072x5120][368x3072x5120][422x3072x5120][5460x3072x5120][342x3072x5120][344x3072x5120][375x3072x5120][4938x3072x5120][483x3072x5120][365x3072x5120][2069x3072x5120][2059x3072x5120][384x3072x5120][4808x3072x5120][342x3072x5120][760x3072x5120][343x3072x5120][342x3072x5120][1671x3072x5120][2410x3072x5120][545x3072x5120][2347x3072x5120][724x3072x5120][352x3072x5120]',,tensorop,f32,64,128,64,1,1,1,1,1,1,7,4,1,1,64,128,16,100,110,1090519040,1030993477632,945,1.14864,884.195,897575
1,CUTLASS,grouped_gemm,cutlass3x_sm100_tensorop_gemm_grouped_bf16_bf16_f32_void_f32_64x128x64_0x0x1_0_tnt_align8_stream_k_1sm,passed,success,grouped,,,,,bf16:row,bf16:column,void:row,f32:row,1,0,invalid,invalid,heuristic,1,false,'[515x3072x5120][368x3072x5120][422x3072x5120][5460x3072x5120][342x3072x5120][344x3072x5120][375x3072x5120][4938x3072x5120][483x3072x5120][365x3072x5120][2069x3072x5120][2059x3072x5120][384x3072x5120][4808x3072x5120][342x3072x5120][760x3072x5120][343x3072x5120][342x3072x5120][1671x3072x5120][2410x3072x5120][545x3072x5120][2347x3072x5120][724x3072x5120][352x3072x5120]',,tensorop,f32,64,128,64,1,1,1,1,1,1,7,4,1,1,64,128,16,100,110,1090519040,1030993477632,945,1.16667,870.537,883710
1,CUTLASS,grouped_gemm,cutlass3x_sm100_tensorop_gemm_grouped_bf16_bf16_f32_f32_f32_64x128x64_1x1x1_0_tnt_align8_1sm,passed,success,grouped,,,,,bf16:row,bf16:column,f32:row,f32:row,1,0,invalid,invalid,heuristic,1,false,'[515x3072x5120][368x3072x5120][422x3072x5120][5460x3072x5120][342x3072x5120][344x3072x5120][375x3072x5120][4938x3072x5120][483x3072x5120][365x3072x5120][2069x3072x5120][2059x3072x5120][384x3072x5120][4808x3072x5120][342x3072x5120][760x3072x5120][343x3072x5120][342x3072x5120][1671x3072x5120][2410x3072x5120][545x3072x5120][2347x3072x5120][724x3072x5120][352x3072x5120]',,tensorop,f32,64,128,64,1,1,1,1,1,1,7,4,1,1,64,128,16,100,110,1493172224,1030993477632,690,1.1855,1173.02,869667
1,CUTLASS,grouped_gemm,cutlass3x_sm100_tensorop_gemm_grouped_bf16_bf16_f32_f32_f32_64x128x64_1x1x1_0_tnt_align8_stream_k_1sm,passed,success,grouped,,,,,bf16:row,bf16:column,f32:row,f32:row,1,0,invalid,invalid,heuristic,1,false,'[515x3072x5120][368x3072x5120][422x3072x5120][5460x3072x5120][342x3072x5120][344x3072x5120][375x3072x5120][4938x3072x5120][483x3072x5120][365x3072x5120][2069x3072x5120][2059x3072x5120][384x3072x5120][4808x3072x5120][342x3072x5120][760x3072x5120][343x3072x5120][342x3072x5120][1671x3072x5120][2410x3072x5120][545x3072x5120][2347x3072x5120][724x3072x5120][352x3072x5120]',,tensorop,f32,64,128,64,1,1,1,1,1,1,7,4,1,1,64,128,16,100,110,1493172224,1030993477632,690,1.184,1174.52,870774
1,CUTLASS,grouped_gemm,cutlass3x_sm100_tensorop_gemm_grouped_bf16_bf16_f32_void_f32_64x128x64_1x1x1_0_tnt_align8_1sm,passed,success,grouped,,,,,bf16:row,bf16:column,void:row,f32:row,1,0,invalid,invalid,heuristic,1,false,'[515x3072x5120][368x3072x5120][422x3072x5120][5460x3072x5120][342x3072x5120][344x3072x5120][375x3072x5120][4938x3072x5120][483x3072x5120][365x3072x5120][2069x3072x5120][2059x3072x5120][384x3072x5120][4808x3072x5120][342x3072x5120][760x3072x5120][343x3072x5120][342x3072x5120][1671x3072x5120][2410x3072x5120][545x3072x5120][2347x3072x5120][724x3072x5120][352x3072x5120]',,tensorop,f32,64,128,64,1,1,1,1,1,1,7,4,1,1,64,128,16,100,110,1090519040,1030993477632,945,1.18879,854.337,867265
1,CUTLASS,grouped_gemm,cutlass3x_sm100_tensorop_gemm_grouped_bf16_bf16_f32_void_f32_64x128x64_1x1x1_0_tnt_align8_stream_k_1sm,passed,success,grouped,,,,,bf16:row,bf16:column,void:row,f32:row,1,0,invalid,invalid,heuristic,1,false,'[515x3072x5120][368x3072x5120][422x3072x5120][5460x3072x5120][342x3072x5120][344x3072x5120][375x3072x5120][4938x3072x5120][483x3072x5120][365x3072x5120][2069x3072x5120][2059x3072x5120][384x3072x5120][4808x3072x5120][342x3072x5120][760x3072x5120][343x3072x5120][342x3072x5120][1671x3072x5120][2410x3072x5120][545x3072x5120][2347x3072x5120][724x3072x5120][352x3072x5120]',,tensorop,f32,64,128,64,1,1,1,1,1,1,7,4,1,1,64,128,16,100,110,1090519040,1030993477632,945,1.18857,854.491,867421
1,CUTLASS,grouped_gemm,cutlass3x_sm100_tensorop_gemm_grouped_bf16_bf16_f32_f32_f32_64x128x64_1x2x1_0_tnt_align8_1sm,passed,success,grouped,,,,,bf16:row,bf16:column,f32:row,f32:row,1,0,invalid,invalid,heuristic,1,false,'[515x3072x5120][368x3072x5120][422x3072x5120][5460x3072x5120][342x3072x5120][344x3072x5120][375x3072x5120][4938x3072x5120][483x3072x5120][365x3072x5120][2069x3072x5120][2059x3072x5120][384x3072x5120][4808x3072x5120][342x3072x5120][760x3072x5120][343x3072x5120][342x3072x5120][1671x3072x5120][2410x3072x5120][545x3072x5120][2347x3072x5120][724x3072x5120][352x3072x5120]',,tensorop,f32,64,128,64,1,2,1,1,1,1,7,4,1,1,64,128,16,100,110,1493172224,1030993477632,690,1.04164,1335.04,989784
1,CUTLASS,grouped_gemm,cutlass3x_sm100_tensorop_gemm_grouped_bf16_bf16_f32_f32_f32_64x128x64_1x2x1_0_tnt_align8_stream_k_1sm,passed,success,grouped,,,,,bf16:row,bf16:column,f32:row,f32:row,1,0,invalid,invalid,heuristic,1,false,'[515x3072x5120][368x3072x5120][422x3072x5120][5460x3072x5120][342x3072x5120][344x3072x5120][375x3072x5120][4938x3072x5120][483x3072x5120][365x3072x5120][2069x3072x5120][2059x3072x5120][384x3072x5120][4808x3072x5120][342x3072x5120][760x3072x5120][343x3072x5120][342x3072x5120][1671x3072x5120][2410x3072x5120][545x3072x5120][2347x3072x5120][724x3072x5120][352x3072x5120]',,tensorop,f32,64,128,64,1,2,1,1,1,1,7,4,1,1,64,128,16,100,110,1493172224,1030993477632,690,1.04225,1334.25,989200
1,CUTLASS,grouped_gemm,cutlass3x_sm100_tensorop_gemm_grouped_bf16_bf16_f32_void_f32_64x128x64_1x2x1_0_tnt_align8_1sm,passed,success,grouped,,,,,bf16:row,bf16:column,void:row,f32:row,1,0,invalid,invalid,heuristic,1,false,'[515x3072x5120][368x3072x5120][422x3072x5120][5460x3072x5120][342x3072x5120][344x3072x5120][375x3072x5120][4938x3072x5120][483x3072x5120][365x3072x5120][2069x3072x5120][2059x3072x5120][384x3072x5120][4808x3072x5120][342x3072x5120][760x3072x5120][343x3072x5120][342x3072x5120][1671x3072x5120][2410x3072x5120][545x3072x5120][2347x3072x5120][724x3072x5120][352x3072x5120]',,tensorop,f32,64,128,64,1,2,1,1,1,1,7,4,1,1,64,128,16,100,110,1090519040,1030993477632,945,1.05187,965.541,980151
1,CUTLASS,grouped_gemm,cutlass3x_sm100_tensorop_gemm_grouped_bf16_bf16_f32_void_f32_64x128x64_1x2x1_0_tnt_align8_stream_k_1sm,passed,success,grouped,,,,,bf16:row,bf16:column,void:row,f32:row,1,0,invalid,invalid,heuristic,1,false,'[515x3072x5120][368x3072x5120][422x3072x5120][5460x3072x5120][342x3072x5120][344x3072x5120][375x3072x5120][4938x3072x5120][483x3072x5120][365x3072x5120][2069x3072x5120][2059x3072x5120][384x3072x5120][4808x3072x5120][342x3072x5120][760x3072x5120][343x3072x5120][342x3072x5120][1671x3072x5120][2410x3072x5120][545x3072x5120][2347x3072x5120][724x3072x5120][352x3072x5120]',,tensorop,f32,64,128,64,1,2,1,1,1,1,7,4,1,1,64,128,16,100,110,1090519040,1030993477632,945,1.05187,965.546,980157
1,CUTLASS,grouped_gemm,cutlass3x_sm100_tensorop_gemm_grouped_bf16_bf16_f32_f32_f32_64x128x64_1x4x1_0_tnt_align8_1sm,passed,success,grouped,,,,,bf16:row,bf16:column,f32:row,f32:row,1,0,invalid,invalid,heuristic,1,false,'[515x3072x5120][368x3072x5120][422x3072x5120][5460x3072x5120][342x3072x5120][344x3072x5120][375x3072x5120][4938x3072x5120][483x3072x5120][365x3072x5120][2069x3072x5120][2059x3072x5120][384x3072x5120][4808x3072x5120][342x3072x5120][760x3072x5120][343x3072x5120][342x3072x5120][1671x3072x5120][2410x3072x5120][545x3072x5120][2347x3072x5120][724x3072x5120][352x3072x5120]',,tensorop,f32,64,128,64,1,4,1,1,1,1,7,4,1,1,64,128,16,100,110,1493172224,1030993477632,690,1.11106,1251.62,927940
1,CUTLASS,grouped_gemm,cutlass3x_sm100_tensorop_gemm_grouped_bf16_bf16_f32_f32_f32_64x128x64_1x4x1_0_tnt_align8_stream_k_1sm,passed,success,grouped,,,,,bf16:row,bf16:column,f32:row,f32:row,1,0,invalid,invalid,heuristic,1,false,'[515x3072x5120][368x3072x5120][422x3072x5120][5460x3072x5120][342x3072x5120][344x3072x5120][375x3072x5120][4938x3072x5120][483x3072x5120][365x3072x5120][2069x3072x5120][2059x3072x5120][384x3072x5120][4808x3072x5120][342x3072x5120][760x3072x5120][343x3072x5120][342x3072x5120][1671x3072x5120][2410x3072x5120][545x3072x5120][2347x3072x5120][724x3072x5120][352x3072x5120]',,tensorop,f32,64,128,64,1,4,1,1,1,1,7,4,1,1,64,128,16,100,110,1493172224,1030993477632,690,1.11085,1251.86,928111
1,CUTLASS,grouped_gemm,cutlass3x_sm100_tensorop_gemm_grouped_bf16_bf16_f32_void_f32_64x128x64_1x4x1_0_tnt_align8_1sm,passed,success,grouped,,,,,bf16:row,bf16:column,void:row,f32:row,1,0,invalid,invalid,heuristic,1,false,'[515x3072x5120][368x3072x5120][422x3072x5120][5460x3072x5120][342x3072x5120][344x3072x5120][375x3072x5120][4938x3072x5120][483x3072x5120][365x3072x5120][2069x3072x5120][2059x3072x5120][384x3072x5120][4808x3072x5120][342x3072x5120][760x3072x5120][343x3072x5120][342x3072x5120][1671x3072x5120][2410x3072x5120][545x3072x5120][2347x3072x5120][724x3072x5120][352x3072x5120]',,tensorop,f32,64,128,64,1,4,1,1,1,1,7,4,1,1,64,128,16,100,110,1090519040,1030993477632,945,1.1247,903.018,916682
1,CUTLASS,grouped_gemm,cutlass3x_sm100_tensorop_gemm_grouped_bf16_bf16_f32_void_f32_64x128x64_1x4x1_0_tnt_align8_stream_k_1sm,passed,success,grouped,,,,,bf16:row,bf16:column,void:row,f32:row,1,0,invalid,invalid,heuristic,1,false,'[515x3072x5120][368x3072x5120][422x3072x5120][5460x3072x5120][342x3072x5120][344x3072x5120][375x3072x5120][4938x3072x5120][483x3072x5120][365x3072x5120][2069x3072x5120][2059x3072x5120][384x3072x5120][4808x3072x5120][342x3072x5120][760x3072x5120][343x3072x5120][342x3072x5120][1671x3072x5120][2410x3072x5120][545x3072x5120][2347x3072x5120][724x3072x5120][352x3072x5120]',,tensorop,f32,64,128,64,1,4,1,1,1,1,7,4,1,1,64,128,16,100,110,1090519040,1030993477632,945,1.12518,902.63,916289
1,CUTLASS,grouped_gemm,cutlass3x_sm100_tensorop_gemm_grouped_bf16_bf16_f32_f32_f32_64x128x64_4x4x1_0_tnt_align8_1sm,passed,success,grouped,,,,,bf16:row,bf16:column,f32:row,f32:row,1,0,invalid,invalid,heuristic,1,false,'[515x3072x5120][368x3072x5120][422x3072x5120][5460x3072x5120][342x3072x5120][344x3072x5120][375x3072x5120][4938x3072x5120][483x3072x5120][365x3072x5120][2069x3072x5120][2059x3072x5120][384x3072x5120][4808x3072x5120][342x3072x5120][760x3072x5120][343x3072x5120][342x3072x5120][1671x3072x5120][2410x3072x5120][545x3072x5120][2347x3072x5120][724x3072x5120][352x3072x5120]',,tensorop,f32,64,128,64,4,4,1,1,1,1,7,4,1,1,64,128,16,100,110,1493172224,1030993477632,690,1.48829,934.377,692736
1,CUTLASS,grouped_gemm,cutlass3x_sm100_tensorop_gemm_grouped_bf16_bf16_f32_f32_f32_64x128x64_4x4x1_0_tnt_align8_stream_k_1sm,passed,success,grouped,,,,,bf16:row,bf16:column,f32:row,f32:row,1,0,invalid,invalid,heuristic,1,false,'[515x3072x5120][368x3072x5120][422x3072x5120][5460x3072x5120][342x3072x5120][344x3072x5120][375x3072x5120][4938x3072x5120][483x3072x5120][365x3072x5120][2069x3072x5120][2059x3072x5120][384x3072x5120][4808x3072x5120][342x3072x5120][760x3072x5120][343x3072x5120][342x3072x5120][1671x3072x5120][2410x3072x5120][545x3072x5120][2347x3072x5120][724x3072x5120][352x3072x5120]',,tensorop,f32,64,128,64,4,4,1,1,1,1,7,4,1,1,64,128,16,100,110,1493172224,1030993477632,690,1.48771,934.741,693006
1,CUTLASS,grouped_gemm,cutlass3x_sm100_tensorop_gemm_grouped_bf16_bf16_f32_void_f32_64x128x64_4x4x1_0_tnt_align8_1sm,passed,success,grouped,,,,,bf16:row,bf16:column,void:row,f32:row,1,0,invalid,invalid,heuristic,1,false,'[515x3072x5120][368x3072x5120][422x3072x5120][5460x3072x5120][342x3072x5120][344x3072x5120][375x3072x5120][4938x3072x5120][483x3072x5120][365x3072x5120][2069x3072x5120][2059x3072x5120][384x3072x5120][4808x3072x5120][342x3072x5120][760x3072x5120][343x3072x5120][342x3072x5120][1671x3072x5120][2410x3072x5120][545x3072x5120][2347x3072x5120][724x3072x5120][352x3072x5120]',,tensorop,f32,64,128,64,4,4,1,1,1,1,7,4,1,1,64,128,16,100,110,1090519040,1030993477632,945,1.52086,667.796,677901
1,CUTLASS,grouped_gemm,cutlass3x_sm100_tensorop_gemm_grouped_bf16_bf16_f32_void_f32_64x128x64_4x4x1_0_tnt_align8_stream_k_1sm,passed,success,grouped,,,,,bf16:row,bf16:column,void:row,f32:row,1,0,invalid,invalid,heuristic,1,false,'[515x3072x5120][368x3072x5120][422x3072x5120][5460x3072x5120][342x3072x5120][344x3072x5120][375x3072x5120][4938x3072x5120][483x3072x5120][365x3072x5120][2069x3072x5120][2059x3072x5120][384x3072x5120][4808x3072x5120][342x3072x5120][760x3072x5120][343x3072x5120][342x3072x5120][1671x3072x5120][2410x3072x5120][545x3072x5120][2347x3072x5120][724x3072x5120][352x3072x5120]',,tensorop,f32,64,128,64,4,4,1,1,1,1,7,4,1,1,64,128,16,100,110,1090519040,1030993477632,945,1.52107,667.705,677809
1,CUTLASS,grouped_gemm,cutlass3x_sm100_tensorop_gemm_grouped_bf16_bf16_f32_bf16_bf16_64x128x64_0x0x1_0_tnt_align8_1sm,passed,success,grouped,,,,,bf16:row,bf16:column,bf16:row,bf16:row,1,0,invalid,invalid,heuristic,1,false,'[515x3072x5120][368x3072x5120][422x3072x5120][5460x3072x5120][342x3072x5120][344x3072x5120][375x3072x5120][4938x3072x5120][483x3072x5120][365x3072x5120][2069x3072x5120][2059x3072x5120][384x3072x5120][4808x3072x5120][342x3072x5120][760x3072x5120][343x3072x5120][342x3072x5120][1671x3072x5120][2410x3072x5120][545x3072x5120][2347x3072x5120][724x3072x5120][352x3072x5120]',,tensorop,f32,64,128,64,1,1,1,1,1,1,8,4,1,1,64,128,16,100,110,1291845632,1030993477632,798,1.14106,1054.39,903538
1,CUTLASS,grouped_gemm,cutlass3x_sm100_tensorop_gemm_grouped_bf16_bf16_f32_bf16_bf16_64x128x64_0x0x1_0_tnt_align8_stream_k_1sm,passed,success,grouped,,,,,bf16:row,bf16:column,bf16:row,bf16:row,1,0,invalid,invalid,heuristic,1,false,'[515x3072x5120][368x3072x5120][422x3072x5120][5460x3072x5120][342x3072x5120][344x3072x5120][375x3072x5120][4938x3072x5120][483x3072x5120][365x3072x5120][2069x3072x5120][2059x3072x5120][384x3072x5120][4808x3072x5120][342x3072x5120][760x3072x5120][343x3072x5120][342x3072x5120][1671x3072x5120][2410x3072x5120][545x3072x5120][2347x3072x5120][724x3072x5120][352x3072x5120]',,tensorop,f32,64,128,64,1,1,1,1,1,1,8,4,1,1,64,128,16,100,110,1291845632,1030993477632,798,1.12939,1065.29,912875
1,CUTLASS,grouped_gemm,cutlass3x_sm100_tensorop_gemm_grouped_bf16_bf16_f32_void_bf16_64x128x64_0x0x1_0_tnt_align8_1sm,passed,success,grouped,,,,,bf16:row,bf16:column,void:row,bf16:row,1,0,invalid,invalid,heuristic,1,false,'[515x3072x5120][368x3072x5120][422x3072x5120][5460x3072x5120][342x3072x5120][344x3072x5120][375x3072x5120][4938x3072x5120][483x3072x5120][365x3072x5120][2069x3072x5120][2059x3072x5120][384x3072x5120][4808x3072x5120][342x3072x5120][760x3072x5120][343x3072x5120][342x3072x5120][1671x3072x5120][2410x3072x5120][545x3072x5120][2347x3072x5120][724x3072x5120][352x3072x5120]',,tensorop,f32,64,128,64,1,1,1,1,1,1,8,4,1,1,64,128,16,100,110,1090519040,1030993477632,945,1.12335,904.106,917787
1,CUTLASS,grouped_gemm,cutlass3x_sm100_tensorop_gemm_grouped_bf16_bf16_f32_void_bf16_64x128x64_0x0x1_0_tnt_align8_stream_k_1sm,passed,success,grouped,,,,,bf16:row,bf16:column,void:row,bf16:row,1,0,invalid,invalid,heuristic,1,false,'[515x3072x5120][368x3072x5120][422x3072x5120][5460x3072x5120][342x3072x5120][344x3072x5120][375x3072x5120][4938x3072x5120][483x3072x5120][365x3072x5120][2069x3072x5120][2059x3072x5120][384x3072x5120][4808x3072x5120][342x3072x5120][760x3072x5120][343x3072x5120][342x3072x5120][1671x3072x5120][2410x3072x5120][545x3072x5120][2347x3072x5120][724x3072x5120][352x3072x5120]',,tensorop,f32,64,128,64,1,1,1,1,1,1,8,4,1,1,64,128,16,100,110,1090519040,1030993477632,945,1.13963,891.189,904675
1,CUTLASS,grouped_gemm,cutlass3x_sm100_tensorop_gemm_grouped_bf16_bf16_f32_bf16_bf16_64x128x64_1x1x1_0_tnt_align8_1sm,passed,success,grouped,,,,,bf16:row,bf16:column,bf16:row,bf16:row,1,0,invalid,invalid,heuristic,1,false,'[515x3072x5120][368x3072x5120][422x3072x5120][5460x3072x5120][342x3072x5120][344x3072x5120][375x3072x5120][4938x3072x5120][483x3072x5120][365x3072x5120][2069x3072x5120][2059x3072x5120][384x3072x5120][4808x3072x5120][342x3072x5120][760x3072x5120][343x3072x5120][342x3072x5120][1671x3072x5120][2410x3072x5120][545x3072x5120][2347x3072x5120][724x3072x5120][352x3072x5120]',,tensorop,f32,64,128,64,1,1,1,1,1,1,8,4,1,1,64,128,16,100,110,1291845632,1030993477632,798,1.13697,1058.19,906791
1,CUTLASS,grouped_gemm,cutlass3x_sm100_tensorop_gemm_grouped_bf16_bf16_f32_bf16_bf16_64x128x64_1x1x1_0_tnt_align8_stream_k_1sm,passed,success,grouped,,,,,bf16:row,bf16:column,bf16:row,bf16:row,1,0,invalid,invalid,heuristic,1,false,'[515x3072x5120][368x3072x5120][422x3072x5120][5460x3072x5120][342x3072x5120][344x3072x5120][375x3072x5120][4938x3072x5120][483x3072x5120][365x3072x5120][2069x3072x5120][2059x3072x5120][384x3072x5120][4808x3072x5120][342x3072x5120][760x3072x5120][343x3072x5120][342x3072x5120][1671x3072x5120][2410x3072x5120][545x3072x5120][2347x3072x5120][724x3072x5120][352x3072x5120]',,tensorop,f32,64,128,64,1,1,1,1,1,1,8,4,1,1,64,128,16,100,110,1291845632,1030993477632,798,1.14864,1047.43,897578
1,CUTLASS,grouped_gemm,cutlass3x_sm100_tensorop_gemm_grouped_bf16_bf16_f32_void_bf16_64x128x64_1x1x1_0_tnt_align8_1sm,passed,success,grouped,,,,,bf16:row,bf16:column,void:row,bf16:row,1,0,invalid,invalid,heuristic,1,false,'[515x3072x5120][368x3072x5120][422x3072x5120][5460x3072x5120][342x3072x5120][344x3072x5120][375x3072x5120][4938x3072x5120][483x3072x5120][365x3072x5120][2069x3072x5120][2059x3072x5120][384x3072x5120][4808x3072x5120][342x3072x5120][760x3072x5120][343x3072x5120][342x3072x5120][1671x3072x5120][2410x3072x5120][545x3072x5120][2347x3072x5120][724x3072x5120][352x3072x5120]',,tensorop,f32,64,128,64,1,1,1,1,1,1,8,4,1,1,64,128,16,100,110,1090519040,1030993477632,945,1.13942,891.352,904840
1,CUTLASS,grouped_gemm,cutlass3x_sm100_tensorop_gemm_grouped_bf16_bf16_f32_void_bf16_64x128x64_1x1x1_0_tnt_align8_stream_k_1sm,passed,success,grouped,,,,,bf16:row,bf16:column,void:row,bf16:row,1,0,invalid,invalid,heuristic,1,false,'[515x3072x5120][368x3072x5120][422x3072x5120][5460x3072x5120][342x3072x5120][344x3072x5120][375x3072x5120][4938x3072x5120][483x3072x5120][365x3072x5120][2069x3072x5120][2059x3072x5120][384x3072x5120][4808x3072x5120][342x3072x5120][760x3072x5120][343x3072x5120][342x3072x5120][1671x3072x5120][2410x3072x5120][545x3072x5120][2347x3072x5120][724x3072x5120][352x3072x5120]',,tensorop,f32,64,128,64,1,1,1,1,1,1,8,4,1,1,64,128,16,100,110,1090519040,1030993477632,945,1.14229,889.112,902566
1,CUTLASS,grouped_gemm,cutlass3x_sm100_tensorop_gemm_grouped_bf16_bf16_f32_bf16_bf16_64x128x64_1x2x1_0_tnt_align8_1sm,passed,success,grouped,,,,,bf16:row,bf16:column,bf16:row,bf16:row,1,0,invalid,invalid,heuristic,1,false,'[515x3072x5120][368x3072x5120][422x3072x5120][5460x3072x5120][342x3072x5120][344x3072x5120][375x3072x5120][4938x3072x5120][483x3072x5120][365x3072x5120][2069x3072x5120][2059x3072x5120][384x3072x5120][4808x3072x5120][342x3072x5120][760x3072x5120][343x3072x5120][342x3072x5120][1671x3072x5120][2410x3072x5120][545x3072x5120][2347x3072x5120][724x3072x5120][352x3072x5120]',,tensorop,f32,64,128,64,1,2,1,1,1,1,8,4,1,1,64,128,16,100,110,1291845632,1030993477632,798,0.989846,1215.47,1.04157e+06
1,CUTLASS,grouped_gemm,cutlass3x_sm100_tensorop_gemm_grouped_bf16_bf16_f32_bf16_bf16_64x128x64_1x2x1_0_tnt_align8_stream_k_1sm,passed,success,grouped,,,,,bf16:row,bf16:column,bf16:row,bf16:row,1,0,invalid,invalid,heuristic,1,false,'[515x3072x5120][368x3072x5120][422x3072x5120][5460x3072x5120][342x3072x5120][344x3072x5120][375x3072x5120][4938x3072x5120][483x3072x5120][365x3072x5120][2069x3072x5120][2059x3072x5120][384x3072x5120][4808x3072x5120][342x3072x5120][760x3072x5120][343x3072x5120][342x3072x5120][1671x3072x5120][2410x3072x5120][545x3072x5120][2347x3072x5120][724x3072x5120][352x3072x5120]',,tensorop,f32,64,128,64,1,2,1,1,1,1,8,4,1,1,64,128,16,100,110,1291845632,1030993477632,798,0.9976,1206.02,1.03347e+06
1,CUTLASS,grouped_gemm,cutlass3x_sm100_tensorop_gemm_grouped_bf16_bf16_f32_void_bf16_64x128x64_1x2x1_0_tnt_align8_1sm,passed,success,grouped,,,,,bf16:row,bf16:column,void:row,bf16:row,1,0,invalid,invalid,heuristic,1,false,'[515x3072x5120][368x3072x5120][422x3072x5120][5460x3072x5120][342x3072x5120][344x3072x5120][375x3072x5120][4938x3072x5120][483x3072x5120][365x3072x5120][2069x3072x5120][2059x3072x5120][384x3072x5120][4808x3072x5120][342x3072x5120][760x3072x5120][343x3072x5120][342x3072x5120][1671x3072x5120][2410x3072x5120][545x3072x5120][2347x3072x5120][724x3072x5120][352x3072x5120]',,tensorop,f32,64,128,64,1,2,1,1,1,1,8,4,1,1,64,128,16,100,110,1090519040,1030993477632,945,1.00776,1007.8,1.02305e+06
1,CUTLASS,grouped_gemm,cutlass3x_sm100_tensorop_gemm_grouped_bf16_bf16_f32_void_bf16_64x128x64_1x2x1_0_tnt_align8_stream_k_1sm,passed,success,grouped,,,,,bf16:row,bf16:column,void:row,bf16:row,1,0,invalid,invalid,heuristic,1,false,'[515x3072x5120][368x3072x5120][422x3072x5120][5460x3072x5120][342x3072x5120][344x3072x5120][375x3072x5120][4938x3072x5120][483x3072x5120][365x3072x5120][2069x3072x5120][2059x3072x5120][384x3072x5120][4808x3072x5120][342x3072x5120][760x3072x5120][343x3072x5120][342x3072x5120][1671x3072x5120][2410x3072x5120][545x3072x5120][2347x3072x5120][724x3072x5120][352x3072x5120]',,tensorop,f32,64,128,64,1,2,1,1,1,1,8,4,1,1,64,128,16,100,110,1090519040,1030993477632,945,0.994941,1020.79,1.03624e+06
1,CUTLASS,grouped_gemm,cutlass3x_sm100_tensorop_gemm_grouped_bf16_bf16_f32_bf16_bf16_64x128x64_1x4x1_0_tnt_align8_1sm,passed,success,grouped,,,,,bf16:row,bf16:column,bf16:row,bf16:row,1,0,invalid,invalid,heuristic,1,false,'[515x3072x5120][368x3072x5120][422x3072x5120][5460x3072x5120][342x3072x5120][344x3072x5120][375x3072x5120][4938x3072x5120][483x3072x5120][365x3072x5120][2069x3072x5120][2059x3072x5120][384x3072x5120][4808x3072x5120][342x3072x5120][760x3072x5120][343x3072x5120][342x3072x5120][1671x3072x5120][2410x3072x5120][545x3072x5120][2347x3072x5120][724x3072x5120][352x3072x5120]',,tensorop,f32,64,128,64,1,4,1,1,1,1,8,4,1,1,64,128,16,100,110,1291845632,1030993477632,798,1.01419,1186.3,1.01657e+06
1,CUTLASS,grouped_gemm,cutlass3x_sm100_tensorop_gemm_grouped_bf16_bf16_f32_bf16_bf16_64x128x64_1x4x1_0_tnt_align8_stream_k_1sm,passed,success,grouped,,,,,bf16:row,bf16:column,bf16:row,bf16:row,1,0,invalid,invalid,heuristic,1,false,'[515x3072x5120][368x3072x5120][422x3072x5120][5460x3072x5120][342x3072x5120][344x3072x5120][375x3072x5120][4938x3072x5120][483x3072x5120][365x3072x5120][2069x3072x5120][2059x3072x5120][384x3072x5120][4808x3072x5120][342x3072x5120][760x3072x5120][343x3072x5120][342x3072x5120][1671x3072x5120][2410x3072x5120][545x3072x5120][2347x3072x5120][724x3072x5120][352x3072x5120]',,tensorop,f32,64,128,64,1,4,1,1,1,1,8,4,1,1,64,128,16,100,110,1291845632,1030993477632,798,1.01493,1185.42,1.01582e+06
1,CUTLASS,grouped_gemm,cutlass3x_sm100_tensorop_gemm_grouped_bf16_bf16_f32_void_bf16_64x128x64_1x4x1_0_tnt_align8_1sm,passed,success,grouped,,,,,bf16:row,bf16:column,void:row,bf16:row,1,0,invalid,invalid,heuristic,1,false,'[515x3072x5120][368x3072x5120][422x3072x5120][5460x3072x5120][342x3072x5120][344x3072x5120][375x3072x5120][4938x3072x5120][483x3072x5120][365x3072x5120][2069x3072x5120][2059x3072x5120][384x3072x5120][4808x3072x5120][342x3072x5120][760x3072x5120][343x3072x5120][342x3072x5120][1671x3072x5120][2410x3072x5120][545x3072x5120][2347x3072x5120][724x3072x5120][352x3072x5120]',,tensorop,f32,64,128,64,1,4,1,1,1,1,8,4,1,1,64,128,16,100,110,1090519040,1030993477632,945,1.02332,992.476,1.00749e+06
1,CUTLASS,grouped_gemm,cutlass3x_sm100_tensorop_gemm_grouped_bf16_bf16_f32_void_bf16_64x128x64_1x4x1_0_tnt_align8_stream_k_1sm,passed,success,grouped,,,,,bf16:row,bf16:column,void:row,bf16:row,1,0,invalid,invalid,heuristic,1,false,'[515x3072x5120][368x3072x5120][422x3072x5120][5460x3072x5120][342x3072x5120][344x3072x5120][375x3072x5120][4938x3072x5120][483x3072x5120][365x3072x5120][2069x3072x5120][2059x3072x5120][384x3072x5120][4808x3072x5120][342x3072x5120][760x3072x5120][343x3072x5120][342x3072x5120][1671x3072x5120][2410x3072x5120][545x3072x5120][2347x3072x5120][724x3072x5120][352x3072x5120]',,tensorop,f32,64,128,64,1,4,1,1,1,1,8,4,1,1,64,128,16,100,110,1090519040,1030993477632,945,1.02303,992.764,1.00779e+06
1,CUTLASS,grouped_gemm,cutlass3x_sm100_tensorop_gemm_grouped_bf16_bf16_f32_bf16_bf16_64x128x64_4x4x1_0_tnt_align8_1sm,passed,success,grouped,,,,,bf16:row,bf16:column,bf16:row,bf16:row,1,0,invalid,invalid,heuristic,1,false,'[515x3072x5120][368x3072x5120][422x3072x5120][5460x3072x5120][342x3072x5120][344x3072x5120][375x3072x5120][4938x3072x5120][483x3072x5120][365x3072x5120][2069x3072x5120][2059x3072x5120][384x3072x5120][4808x3072x5120][342x3072x5120][760x3072x5120][343x3072x5120][342x3072x5120][1671x3072x5120][2410x3072x5120][545x3072x5120][2347x3072x5120][724x3072x5120][352x3072x5120]',,tensorop,f32,64,128,64,4,4,1,1,1,1,8,4,1,1,64,128,16,100,110,1291845632,1030993477632,798,1.39145,864.656,740949
1,CUTLASS,grouped_gemm,cutlass3x_sm100_tensorop_gemm_grouped_bf16_bf16_f32_bf16_bf16_64x128x64_4x4x1_0_tnt_align8_stream_k_1sm,passed,success,grouped,,,,,bf16:row,bf16:column,bf16:row,bf16:row,1,0,invalid,invalid,heuristic,1,false,'[515x3072x5120][368x3072x5120][422x3072x5120][5460x3072x5120][342x3072x5120][344x3072x5120][375x3072x5120][4938x3072x5120][483x3072x5120][365x3072x5120][2069x3072x5120][2059x3072x5120][384x3072x5120][4808x3072x5120][342x3072x5120][760x3072x5120][343x3072x5120][342x3072x5120][1671x3072x5120][2410x3072x5120][545x3072x5120][2347x3072x5120][724x3072x5120][352x3072x5120]',,tensorop,f32,64,128,64,4,4,1,1,1,1,8,4,1,1,64,128,16,100,110,1291845632,1030993477632,798,1.39166,864.523,740835
1,CUTLASS,grouped_gemm,cutlass3x_sm100_tensorop_gemm_grouped_bf16_bf16_f32_void_bf16_64x128x64_4x4x1_0_tnt_align8_1sm,passed,success,grouped,,,,,bf16:row,bf16:column,void:row,bf16:row,1,0,invalid,invalid,heuristic,1,false,'[515x3072x5120][368x3072x5120][422x3072x5120][5460x3072x5120][342x3072x5120][344x3072x5120][375x3072x5120][4938x3072x5120][483x3072x5120][365x3072x5120][2069x3072x5120][2059x3072x5120][384x3072x5120][4808x3072x5120][342x3072x5120][760x3072x5120][343x3072x5120][342x3072x5120][1671x3072x5120][2410x3072x5120][545x3072x5120][2347x3072x5120][724x3072x5120][352x3072x5120]',,tensorop,f32,64,128,64,4,4,1,1,1,1,8,4,1,1,64,128,16,100,110,1090519040,1030993477632,945,1.40198,724.423,735385
1,CUTLASS,grouped_gemm,cutlass3x_sm100_tensorop_gemm_grouped_bf16_bf16_f32_void_bf16_64x128x64_4x4x1_0_tnt_align8_stream_k_1sm,passed,success,grouped,,,,,bf16:row,bf16:column,void:row,bf16:row,1,0,invalid,invalid,heuristic,1,false,'[515x3072x5120][368x3072x5120][422x3072x5120][5460x3072x5120][342x3072x5120][344x3072x5120][375x3072x5120][4938x3072x5120][483x3072x5120][365x3072x5120][2069x3072x5120][2059x3072x5120][384x3072x5120][4808x3072x5120][342x3072x5120][760x3072x5120][343x3072x5120][342x3072x5120][1671x3072x5120][2410x3072x5120][545x3072x5120][2347x3072x5120][724x3072x5120][352x3072x5120]',,tensorop,f32,64,128,64,4,4,1,1,1,1,8,4,1,1,64,128,16,100,110,1090519040,1030993477632,945,1.40242,724.197,735155
1,CUTLASS,grouped_gemm,cutlass3x_sm100_tensorop_gemm_grouped_bf16_bf16_f32_f32_f32_128x128x64_0x0x1_0_tnt_align8_1sm,passed,success,grouped,,,,,bf16:row,bf16:column,f32:row,f32:row,1,0,invalid,invalid,heuristic,1,false,'[515x3072x5120][368x3072x5120][422x3072x5120][5460x3072x5120][342x3072x5120][344x3072x5120][375x3072x5120][4938x3072x5120][483x3072x5120][365x3072x5120][2069x3072x5120][2059x3072x5120][384x3072x5120][4808x3072x5120][342x3072x5120][760x3072x5120][343x3072x5120][342x3072x5120][1671x3072x5120][2410x3072x5120][545x3072x5120][2347x3072x5120][724x3072x5120][352x3072x5120]',,tensorop,f32,128,128,64,1,1,1,1,1,1,5,4,1,1,128,128,16,100,110,1493172224,1030993477632,690,0.854342,1627.71,1.20677e+06
1,CUTLASS,grouped_gemm,cutlass3x_sm100_tensorop_gemm_grouped_bf16_bf16_f32_f32_f32_128x128x64_0x0x1_0_tnt_align8_stream_k_1sm,passed,success,grouped,,,,,bf16:row,bf16:column,f32:row,f32:row,1,0,invalid,invalid,heuristic,1,false,'[515x3072x5120][368x3072x5120][422x3072x5120][5460x3072x5120][342x3072x5120][344x3072x5120][375x3072x5120][4938x3072x5120][483x3072x5120][365x3072x5120][2069x3072x5120][2059x3072x5120][384x3072x5120][4808x3072x5120][342x3072x5120][760x3072x5120][343x3072x5120][342x3072x5120][1671x3072x5120][2410x3072x5120][545x3072x5120][2347x3072x5120][724x3072x5120][352x3072x5120]',,tensorop,f32,128,128,64,1,1,1,1,1,1,5,4,1,1,128,128,16,100,110,1493172224,1030993477632,690,0.854138,1628.1,1.20706e+06
1,CUTLASS,grouped_gemm,cutlass3x_sm100_tensorop_gemm_grouped_bf16_bf16_f32_void_f32_128x128x64_0x0x1_0_tnt_align8_1sm,passed,success,grouped,,,,,bf16:row,bf16:column,void:row,f32:row,1,0,invalid,invalid,heuristic,1,false,'[515x3072x5120][368x3072x5120][422x3072x5120][5460x3072x5120][342x3072x5120][344x3072x5120][375x3072x5120][4938x3072x5120][483x3072x5120][365x3072x5120][2069x3072x5120][2059x3072x5120][384x3072x5120][4808x3072x5120][342x3072x5120][760x3072x5120][343x3072x5120][342x3072x5120][1671x3072x5120][2410x3072x5120][545x3072x5120][2347x3072x5120][724x3072x5120][352x3072x5120]',,tensorop,f32,128,128,64,1,1,1,1,1,1,5,4,1,1,128,128,16,100,110,1090519040,1030993477632,945,0.858643,1182.83,1.20072e+06
1,CUTLASS,grouped_gemm,cutlass3x_sm100_tensorop_gemm_grouped_bf16_bf16_f32_void_f32_128x128x64_0x0x1_0_tnt_align8_stream_k_1sm,passed,success,grouped,,,,,bf16:row,bf16:column,void:row,f32:row,1,0,invalid,invalid,heuristic,1,false,'[515x3072x5120][368x3072x5120][422x3072x5120][5460x3072x5120][342x3072x5120][344x3072x5120][375x3072x5120][4938x3072x5120][483x3072x5120][365x3072x5120][2069x3072x5120][2059x3072x5120][384x3072x5120][4808x3072x5120][342x3072x5120][760x3072x5120][343x3072x5120][342x3072x5120][1671x3072x5120][2410x3072x5120][545x3072x5120][2347x3072x5120][724x3072x5120][352x3072x5120]',,tensorop,f32,128,128,64,1,1,1,1,1,1,5,4,1,1,128,128,16,100,110,1090519040,1030993477632,945,0.86031,1180.53,1.1984e+06
1,CUTLASS,grouped_gemm,cutlass3x_sm100_tensorop_gemm_grouped_bf16_bf16_f32_f32_f32_128x128x64_1x1x1_0_tnt_align8_1sm,passed,success,grouped,,,,,bf16:row,bf16:column,f32:row,f32:row,1,0,invalid,invalid,heuristic,1,false,'[515x3072x5120][368x3072x5120][422x3072x5120][5460x3072x5120][342x3072x5120][344x3072x5120][375x3072x5120][4938x3072x5120][483x3072x5120][365x3072x5120][2069x3072x5120][2059x3072x5120][384x3072x5120][4808x3072x5120][342x3072x5120][760x3072x5120][343x3072x5120][342x3072x5120][1671x3072x5120][2410x3072x5120][545x3072x5120][2347x3072x5120][724x3072x5120][352x3072x5120]',,tensorop,f32,128,128,64,1,1,1,1,1,1,5,4,1,1,128,128,16,100,110,1493172224,1030993477632,690,0.816659,1702.82,1.26245e+06
1,CUTLASS,grouped_gemm,cutlass3x_sm100_tensorop_gemm_grouped_bf16_bf16_f32_f32_f32_128x128x64_1x1x1_0_tnt_align8_stream_k_1sm,passed,success,grouped,,,,,bf16:row,bf16:column,f32:row,f32:row,1,0,invalid,invalid,heuristic,1,false,'[515x3072x5120][368x3072x5120][422x3072x5120][5460x3072x5120][342x3072x5120][344x3072x5120][375x3072x5120][4938x3072x5120][483x3072x5120][365x3072x5120][2069x3072x5120][2059x3072x5120][384x3072x5120][4808x3072x5120][342x3072x5120][760x3072x5120][343x3072x5120][342x3072x5120][1671x3072x5120][2410x3072x5120][545x3072x5120][2347x3072x5120][724x3072x5120][352x3072x5120]',,tensorop,f32,128,128,64,1,1,1,1,1,1,5,4,1,1,128,128,16,100,110,1493172224,1030993477632,690,0.825389,1684.81,1.2491e+06
1,CUTLASS,grouped_gemm,cutlass3x_sm100_tensorop_gemm_grouped_bf16_bf16_f32_void_f32_128x128x64_1x1x1_0_tnt_align8_1sm,passed,success,grouped,,,,,bf16:row,bf16:column,void:row,f32:row,1,0,invalid,invalid,heuristic,1,false,'[515x3072x5120][368x3072x5120][422x3072x5120][5460x3072x5120][342x3072x5120][344x3072x5120][375x3072x5120][4938x3072x5120][483x3072x5120][365x3072x5120][2069x3072x5120][2059x3072x5120][384x3072x5120][4808x3072x5120][342x3072x5120][760x3072x5120][343x3072x5120][342x3072x5120][1671x3072x5120][2410x3072x5120][545x3072x5120][2347x3072x5120][724x3072x5120][352x3072x5120]',,tensorop,f32,128,128,64,1,1,1,1,1,1,5,4,1,1,128,128,16,100,110,1090519040,1030993477632,945,0.831402,1221.58,1.24007e+06
1,CUTLASS,grouped_gemm,cutlass3x_sm100_tensorop_gemm_grouped_bf16_bf16_f32_void_f32_128x128x64_1x1x1_0_tnt_align8_stream_k_1sm,passed,success,grouped,,,,,bf16:row,bf16:column,void:row,f32:row,1,0,invalid,invalid,heuristic,1,false,'[515x3072x5120][368x3072x5120][422x3072x5120][5460x3072x5120][342x3072x5120][344x3072x5120][375x3072x5120][4938x3072x5120][483x3072x5120][365x3072x5120][2069x3072x5120][2059x3072x5120][384x3072x5120][4808x3072x5120][342x3072x5120][760x3072x5120][343x3072x5120][342x3072x5120][1671x3072x5120][2410x3072x5120][545x3072x5120][2347x3072x5120][724x3072x5120][352x3072x5120]',,tensorop,f32,128,128,64,1,1,1,1,1,1,5,4,1,1,128,128,16,100,110,1090519040,1030993477632,945,0.832451,1220.04,1.2385e+06
1,CUTLASS,grouped_gemm,cutlass3x_sm100_tensorop_gemm_grouped_bf16_bf16_f32_f32_f32_128x128x64_1x2x1_0_tnt_align8_1sm,passed,success,grouped,,,,,bf16:row,bf16:column,f32:row,f32:row,1,0,invalid,invalid,heuristic,1,false,'[515x3072x5120][368x3072x5120][422x3072x5120][5460x3072x5120][342x3072x5120][344x3072x5120][375x3072x5120][4938x3072x5120][483x3072x5120][365x3072x5120][2069x3072x5120][2059x3072x5120][384x3072x5120][4808x3072x5120][342x3072x5120][760x3072x5120][343x3072x5120][342x3072x5120][1671x3072x5120][2410x3072x5120][545x3072x5120][2347x3072x5120][724x3072x5120][352x3072x5120]',,tensorop,f32,128,128,64,1,2,1,1,1,1,5,4,1,1,128,128,16,100,110,1493172224,1030993477632,690,0.76249,1823.8,1.35214e+06
1,CUTLASS,grouped_gemm,cutlass3x_sm100_tensorop_gemm_grouped_bf16_bf16_f32_f32_f32_128x128x64_1x2x1_0_tnt_align8_stream_k_1sm,passed,success,grouped,,,,,bf16:row,bf16:column,f32:row,f32:row,1,0,invalid,invalid,heuristic,1,false,'[515x3072x5120][368x3072x5120][422x3072x5120][5460x3072x5120][342x3072x5120][344x3072x5120][375x3072x5120][4938x3072x5120][483x3072x5120][365x3072x5120][2069x3072x5120][2059x3072x5120][384x3072x5120][4808x3072x5120][342x3072x5120][760x3072x5120][343x3072x5120][342x3072x5120][1671x3072x5120][2410x3072x5120][545x3072x5120][2347x3072x5120][724x3072x5120][352x3072x5120]',,tensorop,f32,128,128,64,1,2,1,1,1,1,5,4,1,1,128,128,16,100,110,1493172224,1030993477632,690,0.764666,1818.61,1.34829e+06
1,CUTLASS,grouped_gemm,cutlass3x_sm100_tensorop_gemm_grouped_bf16_bf16_f32_void_f32_128x128x64_1x2x1_0_tnt_align8_1sm,passed,success,grouped,,,,,bf16:row,bf16:column,void:row,f32:row,1,0,invalid,invalid,heuristic,1,false,'[515x3072x5120][368x3072x5120][422x3072x5120][5460x3072x5120][342x3072x5120][344x3072x5120][375x3072x5120][4938x3072x5120][483x3072x5120][365x3072x5120][2069x3072x5120][2059x3072x5120][384x3072x5120][4808x3072x5120][342x3072x5120][760x3072x5120][343x3072x5120][342x3072x5120][1671x3072x5120][2410x3072x5120][545x3072x5120][2347x3072x5120][724x3072x5120][352x3072x5120]',,tensorop,f32,128,128,64,1,2,1,1,1,1,5,4,1,1,128,128,16,100,110,1090519040,1030993477632,945,0.768662,1321.29,1.34128e+06
1,CUTLASS,grouped_gemm,cutlass3x_sm100_tensorop_gemm_grouped_bf16_bf16_f32_void_f32_128x128x64_1x2x1_0_tnt_align8_stream_k_1sm,passed,success,grouped,,,,,bf16:row,bf16:column,void:row,f32:row,1,0,invalid,invalid,heuristic,1,false,'[515x3072x5120][368x3072x5120][422x3072x5120][5460x3072x5120][342x3072x5120][344x3072x5120][375x3072x5120][4938x3072x5120][483x3072x5120][365x3072x5120][2069x3072x5120][2059x3072x5120][384x3072x5120][4808x3072x5120][342x3072x5120][760x3072x5120][343x3072x5120][342x3072x5120][1671x3072x5120][2410x3072x5120][545x3072x5120][2347x3072x5120][724x3072x5120][352x3072x5120]',,tensorop,f32,128,128,64,1,2,1,1,1,1,5,4,1,1,128,128,16,100,110,1090519040,1030993477632,945,0.769456,1319.93,1.3399e+06
1,CUTLASS,grouped_gemm,cutlass3x_sm100_tensorop_gemm_grouped_bf16_bf16_f32_f32_f32_128x128x64_1x4x1_0_tnt_align8_1sm,passed,success,grouped,,,,,bf16:row,bf16:column,f32:row,f32:row,1,0,invalid,invalid,heuristic,1,false,'[515x3072x5120][368x3072x5120][422x3072x5120][5460x3072x5120][342x3072x5120][344x3072x5120][375x3072x5120][4938x3072x5120][483x3072x5120][365x3072x5120][2069x3072x5120][2059x3072x5120][384x3072x5120][4808x3072x5120][342x3072x5120][760x3072x5120][343x3072x5120][342x3072x5120][1671x3072x5120][2410x3072x5120][545x3072x5120][2347x3072x5120][724x3072x5120][352x3072x5120]',,tensorop,f32,128,128,64,1,4,1,1,1,1,5,4,1,1,128,128,16,100,110,1493172224,1030993477632,690,0.841027,1653.48,1.22587e+06
1,CUTLASS,grouped_gemm,cutlass3x_sm100_tensorop_gemm_grouped_bf16_bf16_f32_f32_f32_128x128x64_1x4x1_0_tnt_align8_stream_k_1sm,passed,success,grouped,,,,,bf16:row,bf16:column,f32:row,f32:row,1,0,invalid,invalid,heuristic,1,false,'[515x3072x5120][368x3072x5120][422x3072x5120][5460x3072x5120][342x3072x5120][344x3072x5120][375x3072x5120][4938x3072x5120][483x3072x5120][365x3072x5120][2069x3072x5120][2059x3072x5120][384x3072x5120][4808x3072x5120][342x3072x5120][760x3072x5120][343x3072x5120][342x3072x5120][1671x3072x5120][2410x3072x5120][545x3072x5120][2347x3072x5120][724x3072x5120][352x3072x5120]',,tensorop,f32,128,128,64,1,4,1,1,1,1,5,4,1,1,128,128,16,100,110,1493172224,1030993477632,690,0.841853,1651.86,1.22467e+06
1,CUTLASS,grouped_gemm,cutlass3x_sm100_tensorop_gemm_grouped_bf16_bf16_f32_void_f32_128x128x64_1x4x1_0_tnt_align8_1sm,passed,success,grouped,,,,,bf16:row,bf16:column,void:row,f32:row,1,0,invalid,invalid,heuristic,1,false,'[515x3072x5120][368x3072x5120][422x3072x5120][5460x3072x5120][342x3072x5120][344x3072x5120][375x3072x5120][4938x3072x5120][483x3072x5120][365x3072x5120][2069x3072x5120][2059x3072x5120][384x3072x5120][4808x3072x5120][342x3072x5120][760x3072x5120][343x3072x5120][342x3072x5120][1671x3072x5120][2410x3072x5120][545x3072x5120][2347x3072x5120][724x3072x5120][352x3072x5120]',,tensorop,f32,128,128,64,1,4,1,1,1,1,5,4,1,1,128,128,16,100,110,1090519040,1030993477632,945,0.852502,1191.35,1.20937e+06
1,CUTLASS,grouped_gemm,cutlass3x_sm100_tensorop_gemm_grouped_bf16_bf16_f32_void_f32_128x128x64_1x4x1_0_tnt_align8_stream_k_1sm,passed,success,grouped,,,,,bf16:row,bf16:column,void:row,f32:row,1,0,invalid,invalid,heuristic,1,false,'[515x3072x5120][368x3072x5120][422x3072x5120][5460x3072x5120][342x3072x5120][344x3072x5120][375x3072x5120][4938x3072x5120][483x3072x5120][365x3072x5120][2069x3072x5120][2059x3072x5120][384x3072x5120][4808x3072x5120][342x3072x5120][760x3072x5120][343x3072x5120][342x3072x5120][1671x3072x5120][2410x3072x5120][545x3072x5120][2347x3072x5120][724x3072x5120][352x3072x5120]',,tensorop,f32,128,128,64,1,4,1,1,1,1,5,4,1,1,128,128,16,100,110,1090519040,1030993477632,945,0.853139,1190.46,1.20847e+06
1,CUTLASS,grouped_gemm,cutlass3x_sm100_tensorop_gemm_grouped_bf16_bf16_f32_f32_f32_128x128x64_4x4x1_0_tnt_align8_1sm,passed,success,grouped,,,,,bf16:row,bf16:column,f32:row,f32:row,1,0,invalid,invalid,heuristic,1,false,'[515x3072x5120][368x3072x5120][422x3072x5120][5460x3072x5120][342x3072x5120][344x3072x5120][375x3072x5120][4938x3072x5120][483x3072x5120][365x3072x5120][2069x3072x5120][2059x3072x5120][384x3072x5120][4808x3072x5120][342x3072x5120][760x3072x5120][343x3072x5120][342x3072x5120][1671x3072x5120][2410x3072x5120][545x3072x5120][2347x3072x5120][724x3072x5120][352x3072x5120]',,tensorop,f32,128,128,64,4,4,1,1,1,1,5,4,1,1,128,128,16,100,110,1493172224,1030993477632,690,1.21984,1140.01,845190
1,CUTLASS,grouped_gemm,cutlass3x_sm100_tensorop_gemm_grouped_bf16_bf16_f32_f32_f32_128x128x64_4x4x1_0_tnt_align8_stream_k_1sm,passed,success,grouped,,,,,bf16:row,bf16:column,f32:row,f32:row,1,0,invalid,invalid,heuristic,1,false,'[515x3072x5120][368x3072x5120][422x3072x5120][5460x3072x5120][342x3072x5120][344x3072x5120][375x3072x5120][4938x3072x5120][483x3072x5120][365x3072x5120][2069x3072x5120][2059x3072x5120][384x3072x5120][4808x3072x5120][342x3072x5120][760x3072x5120][343x3072x5120][342x3072x5120][1671x3072x5120][2410x3072x5120][545x3072x5120][2347x3072x5120][724x3072x5120][352x3072x5120]',,tensorop,f32,128,128,64,4,4,1,1,1,1,5,4,1,1,128,128,16,100,110,1493172224,1030993477632,690,1.22237,1137.65,843440
1,CUTLASS,grouped_gemm,cutlass3x_sm100_tensorop_gemm_grouped_bf16_bf16_f32_void_f32_128x128x64_4x4x1_0_tnt_align8_1sm,passed,success,grouped,,,,,bf16:row,bf16:column,void:row,f32:row,1,0,invalid,invalid,heuristic,1,false,'[515x3072x5120][368x3072x5120][422x3072x5120][5460x3072x5120][342x3072x5120][344x3072x5120][375x3072x5120][4938x3072x5120][483x3072x5120][365x3072x5120][2069x3072x5120][2059x3072x5120][384x3072x5120][4808x3072x5120][342x3072x5120][760x3072x5120][343x3072x5120][342x3072x5120][1671x3072x5120][2410x3072x5120][545x3072x5120][2347x3072x5120][724x3072x5120][352x3072x5120]',,tensorop,f32,128,128,64,4,4,1,1,1,1,5,4,1,1,128,128,16,100,110,1090519040,1030993477632,945,1.2184,833.57,846184
1,CUTLASS,grouped_gemm,cutlass3x_sm100_tensorop_gemm_grouped_bf16_bf16_f32_void_f32_128x128x64_4x4x1_0_tnt_align8_stream_k_1sm,passed,success,grouped,,,,,bf16:row,bf16:column,void:row,f32:row,1,0,invalid,invalid,heuristic,1,false,'[515x3072x5120][368x3072x5120][422x3072x5120][5460x3072x5120][342x3072x5120][344x3072x5120][375x3072x5120][4938x3072x5120][483x3072x5120][365x3072x5120][2069x3072x5120][2059x3072x5120][384x3072x5120][4808x3072x5120][342x3072x5120][760x3072x5120][343x3072x5120][342x3072x5120][1671x3072x5120][2410x3072x5120][545x3072x5120][2347x3072x5120][724x3072x5120][352x3072x5120]',,tensorop,f32,128,128,64,4,4,1,1,1,1,5,4,1,1,128,128,16,100,110,1090519040,1030993477632,945,1.22155,831.422,844003
1,CUTLASS,grouped_gemm,cutlass3x_sm100_tensorop_gemm_grouped_bf16_bf16_f32_bf16_bf16_128x128x64_0x0x1_0_tnt_align8_1sm,passed,success,grouped,,,,,bf16:row,bf16:column,bf16:row,bf16:row,1,0,invalid,invalid,heuristic,1,false,'[515x3072x5120][368x3072x5120][422x3072x5120][5460x3072x5120][342x3072x5120][344x3072x5120][375x3072x5120][4938x3072x5120][483x3072x5120][365x3072x5120][2069x3072x5120][2059x3072x5120][384x3072x5120][4808x3072x5120][342x3072x5120][760x3072x5120][343x3072x5120][342x3072x5120][1671x3072x5120][2410x3072x5120][545x3072x5120][2347x3072x5120][724x3072x5120][352x3072x5120]',,tensorop,f32,128,128,64,1,1,1,1,1,1,5,4,1,1,128,128,16,100,110,1291845632,1030993477632,798,0.842592,1427.89,1.2236e+06
1,CUTLASS,grouped_gemm,cutlass3x_sm100_tensorop_gemm_grouped_bf16_bf16_f32_bf16_bf16_128x128x64_0x0x1_0_tnt_align8_stream_k_1sm,passed,success,grouped,,,,,bf16:row,bf16:column,bf16:row,bf16:row,1,0,invalid,invalid,heuristic,1,false,'[515x3072x5120][368x3072x5120][422x3072x5120][5460x3072x5120][342x3072x5120][344x3072x5120][375x3072x5120][4938x3072x5120][483x3072x5120][365x3072x5120][2069x3072x5120][2059x3072x5120][384x3072x5120][4808x3072x5120][342x3072x5120][760x3072x5120][343x3072x5120][342x3072x5120][1671x3072x5120][2410x3072x5120][545x3072x5120][2347x3072x5120][724x3072x5120][352x3072x5120]',,tensorop,f32,128,128,64,1,1,1,1,1,1,5,4,1,1,128,128,16,100,110,1291845632,1030993477632,798,0.860691,1397.86,1.19787e+06
1,CUTLASS,grouped_gemm,cutlass3x_sm100_tensorop_gemm_grouped_bf16_bf16_f32_void_bf16_128x128x64_0x0x1_0_tnt_align8_1sm,passed,success,grouped,,,,,bf16:row,bf16:column,void:row,bf16:row,1,0,invalid,invalid,heuristic,1,false,'[515x3072x5120][368x3072x5120][422x3072x5120][5460x3072x5120][342x3072x5120][344x3072x5120][375x3072x5120][4938x3072x5120][483x3072x5120][365x3072x5120][2069x3072x5120][2059x3072x5120][384x3072x5120][4808x3072x5120][342x3072x5120][760x3072x5120][343x3072x5120][342x3072x5120][1671x3072x5120][2410x3072x5120][545x3072x5120][2347x3072x5120][724x3072x5120][352x3072x5120]',,tensorop,f32,128,128,64,1,1,1,1,1,1,6,4,1,1,128,128,16,100,110,1090519040,1030993477632,945,0.823549,1233.23,1.25189e+06
1,CUTLASS,grouped_gemm,cutlass3x_sm100_tensorop_gemm_grouped_bf16_bf16_f32_void_bf16_128x128x64_0x0x1_0_tnt_align8_stream_k_1sm,passed,success,grouped,,,,,bf16:row,bf16:column,void:row,bf16:row,1,0,invalid,invalid,heuristic,1,false,'[515x3072x5120][368x3072x5120][422x3072x5120][5460x3072x5120][342x3072x5120][344x3072x5120][375x3072x5120][4938x3072x5120][483x3072x5120][365x3072x5120][2069x3072x5120][2059x3072x5120][384x3072x5120][4808x3072x5120][342x3072x5120][760x3072x5120][343x3072x5120][342x3072x5120][1671x3072x5120][2410x3072x5120][545x3072x5120][2347x3072x5120][724x3072x5120][352x3072x5120]',,tensorop,f32,128,128,64,1,1,1,1,1,1,6,4,1,1,128,128,16,100,110,1090519040,1030993477632,945,0.821366,1236.51,1.25522e+06
1,CUTLASS,grouped_gemm,cutlass3x_sm100_tensorop_gemm_grouped_bf16_bf16_f32_bf16_bf16_128x128x64_1x1x1_0_tnt_align8_1sm,passed,success,grouped,,,,,bf16:row,bf16:column,bf16:row,bf16:row,1,0,invalid,invalid,heuristic,1,false,'[515x3072x5120][368x3072x5120][422x3072x5120][5460x3072x5120][342x3072x5120][344x3072x5120][375x3072x5120][4938x3072x5120][483x3072x5120][365x3072x5120][2069x3072x5120][2059x3072x5120][384x3072x5120][4808x3072x5120][342x3072x5120][760x3072x5120][343x3072x5120][342x3072x5120][1671x3072x5120][2410x3072x5120][545x3072x5120][2347x3072x5120][724x3072x5120][352x3072x5120]',,tensorop,f32,128,128,64,1,1,1,1,1,1,5,4,1,1,128,128,16,100,110,1291845632,1030993477632,798,0.804707,1495.11,1.2812e+06
1,CUTLASS,grouped_gemm,cutlass3x_sm100_tensorop_gemm_grouped_bf16_bf16_f32_bf16_bf16_128x128x64_1x1x1_0_tnt_align8_stream_k_1sm,passed,success,grouped,,,,,bf16:row,bf16:column,bf16:row,bf16:row,1,0,invalid,invalid,heuristic,1,false,'[515x3072x5120][368x3072x5120][422x3072x5120][5460x3072x5120][342x3072x5120][344x3072x5120][375x3072x5120][4938x3072x5120][483x3072x5120][365x3072x5120][2069x3072x5120][2059x3072x5120][384x3072x5120][4808x3072x5120][342x3072x5120][760x3072x5120][343x3072x5120][342x3072x5120][1671x3072x5120][2410x3072x5120][545x3072x5120][2347x3072x5120][724x3072x5120][352x3072x5120]',,tensorop,f32,128,128,64,1,1,1,1,1,1,5,4,1,1,128,128,16,100,110,1291845632,1030993477632,798,0.816582,1473.37,1.26257e+06
1,CUTLASS,grouped_gemm,cutlass3x_sm100_tensorop_gemm_grouped_bf16_bf16_f32_void_bf16_128x128x64_1x1x1_0_tnt_align8_1sm,passed,success,grouped,,,,,bf16:row,bf16:column,void:row,bf16:row,1,0,invalid,invalid,heuristic,1,false,'[515x3072x5120][368x3072x5120][422x3072x5120][5460x3072x5120][342x3072x5120][344x3072x5120][375x3072x5120][4938x3072x5120][483x3072x5120][365x3072x5120][2069x3072x5120][2059x3072x5120][384x3072x5120][4808x3072x5120][342x3072x5120][760x3072x5120][343x3072x5120][342x3072x5120][1671x3072x5120][2410x3072x5120][545x3072x5120][2347x3072x5120][724x3072x5120][352x3072x5120]',,tensorop,f32,128,128,64,1,1,1,1,1,1,6,4,1,1,128,128,16,100,110,1090519040,1030993477632,945,0.831949,1220.78,1.23925e+06
1,CUTLASS,grouped_gemm,cutlass3x_sm100_tensorop_gemm_grouped_bf16_bf16_f32_void_bf16_128x128x64_1x1x1_0_tnt_align8_stream_k_1sm,passed,success,grouped,,,,,bf16:row,bf16:column,void:row,bf16:row,1,0,invalid,invalid,heuristic,1,false,'[515x3072x5120][368x3072x5120][422x3072x5120][5460x3072x5120][342x3072x5120][344x3072x5120][375x3072x5120][4938x3072x5120][483x3072x5120][365x3072x5120][2069x3072x5120][2059x3072x5120][384x3072x5120][4808x3072x5120][342x3072x5120][760x3072x5120][343x3072x5120][342x3072x5120][1671x3072x5120][2410x3072x5120][545x3072x5120][2347x3072x5120][724x3072x5120][352x3072x5120]',,tensorop,f32,128,128,64,1,1,1,1,1,1,6,4,1,1,128,128,16,100,110,1090519040,1030993477632,945,0.838368,1211.43,1.22976e+06
1,CUTLASS,grouped_gemm,cutlass3x_sm100_tensorop_gemm_grouped_bf16_bf16_f32_bf16_bf16_128x128x64_1x2x1_0_tnt_align8_1sm,passed,success,grouped,,,,,bf16:row,bf16:column,bf16:row,bf16:row,1,0,invalid,invalid,heuristic,1,false,'[515x3072x5120][368x3072x5120][422x3072x5120][5460x3072x5120][342x3072x5120][344x3072x5120][375x3072x5120][4938x3072x5120][483x3072x5120][365x3072x5120][2069x3072x5120][2059x3072x5120][384x3072x5120][4808x3072x5120][342x3072x5120][760x3072x5120][343x3072x5120][342x3072x5120][1671x3072x5120][2410x3072x5120][545x3072x5120][2347x3072x5120][724x3072x5120][352x3072x5120]',,tensorop,f32,128,128,64,1,2,1,1,1,1,5,4,1,1,128,128,16,100,110,1291845632,1030993477632,798,0.736688,1633.15,1.3995e+06
1,CUTLASS,grouped_gemm,cutlass3x_sm100_tensorop_gemm_grouped_bf16_bf16_f32_bf16_bf16_128x128x64_1x2x1_0_tnt_align8_stream_k_1sm,passed,success,grouped,,,,,bf16:row,bf16:column,bf16:row,bf16:row,1,0,invalid,invalid,heuristic,1,false,'[515x3072x5120][368x3072x5120][422x3072x5120][5460x3072x5120][342x3072x5120][344x3072x5120][375x3072x5120][4938x3072x5120][483x3072x5120][365x3072x5120][2069x3072x5120][2059x3072x5120][384x3072x5120][4808x3072x5120][342x3072x5120][760x3072x5120][343x3072x5120][342x3072x5120][1671x3072x5120][2410x3072x5120][545x3072x5120][2347x3072x5120][724x3072x5120][352x3072x5120]',,tensorop,f32,128,128,64,1,2,1,1,1,1,5,4,1,1,128,128,16,100,110,1291845632,1030993477632,798,0.736685,1633.16,1.3995e+06
1,CUTLASS,grouped_gemm,cutlass3x_sm100_tensorop_gemm_grouped_bf16_bf16_f32_void_bf16_128x128x64_1x2x1_0_tnt_align8_1sm,passed,success,grouped,,,,,bf16:row,bf16:column,void:row,bf16:row,1,0,invalid,invalid,heuristic,1,false,'[515x3072x5120][368x3072x5120][422x3072x5120][5460x3072x5120][342x3072x5120][344x3072x5120][375x3072x5120][4938x3072x5120][483x3072x5120][365x3072x5120][2069x3072x5120][2059x3072x5120][384x3072x5120][4808x3072x5120][342x3072x5120][760x3072x5120][343x3072x5120][342x3072x5120][1671x3072x5120][2410x3072x5120][545x3072x5120][2347x3072x5120][724x3072x5120][352x3072x5120]',,tensorop,f32,128,128,64,1,2,1,1,1,1,6,4,1,1,128,128,16,100,110,1090519040,1030993477632,945,0.700461,1449.94,1.47188e+06
1,CUTLASS,grouped_gemm,cutlass3x_sm100_tensorop_gemm_grouped_bf16_bf16_f32_void_bf16_128x128x64_1x2x1_0_tnt_align8_stream_k_1sm,passed,success,grouped,,,,,bf16:row,bf16:column,void:row,bf16:row,1,0,invalid,invalid,heuristic,1,false,'[515x3072x5120][368x3072x5120][422x3072x5120][5460x3072x5120][342x3072x5120][344x3072x5120][375x3072x5120][4938x3072x5120][483x3072x5120][365x3072x5120][2069x3072x5120][2059x3072x5120][384x3072x5120][4808x3072x5120][342x3072x5120][760x3072x5120][343x3072x5120][342x3072x5120][1671x3072x5120][2410x3072x5120][545x3072x5120][2347x3072x5120][724x3072x5120][352x3072x5120]',,tensorop,f32,128,128,64,1,2,1,1,1,1,6,4,1,1,128,128,16,100,110,1090519040,1030993477632,945,0.700845,1449.14,1.47107e+06
1,CUTLASS,grouped_gemm,cutlass3x_sm100_tensorop_gemm_grouped_bf16_bf16_f32_bf16_bf16_128x128x64_1x4x1_0_tnt_align8_1sm,passed,success,grouped,,,,,bf16:row,bf16:column,bf16:row,bf16:row,1,0,invalid,invalid,heuristic,1,false,'[515x3072x5120][368x3072x5120][422x3072x5120][5460x3072x5120][342x3072x5120][344x3072x5120][375x3072x5120][4938x3072x5120][483x3072x5120][365x3072x5120][2069x3072x5120][2059x3072x5120][384x3072x5120][4808x3072x5120][342x3072x5120][760x3072x5120][343x3072x5120][342x3072x5120][1671x3072x5120][2410x3072x5120][545x3072x5120][2347x3072x5120][724x3072x5120][352x3072x5120]',,tensorop,f32,128,128,64,1,4,1,1,1,1,5,4,1,1,128,128,16,100,110,1291845632,1030993477632,798,0.81065,1484.15,1.27181e+06
1,CUTLASS,grouped_gemm,cutlass3x_sm100_tensorop_gemm_grouped_bf16_bf16_f32_bf16_bf16_128x128x64_1x4x1_0_tnt_align8_stream_k_1sm,passed,success,grouped,,,,,bf16:row,bf16:column,bf16:row,bf16:row,1,0,invalid,invalid,heuristic,1,false,'[515x3072x5120][368x3072x5120][422x3072x5120][5460x3072x5120][342x3072x5120][344x3072x5120][375x3072x5120][4938x3072x5120][483x3072x5120][365x3072x5120][2069x3072x5120][2059x3072x5120][384x3072x5120][4808x3072x5120][342x3072x5120][760x3072x5120][343x3072x5120][342x3072x5120][1671x3072x5120][2410x3072x5120][545x3072x5120][2347x3072x5120][724x3072x5120][352x3072x5120]',,tensorop,f32,128,128,64,1,4,1,1,1,1,5,4,1,1,128,128,16,100,110,1291845632,1030993477632,798,0.810925,1483.65,1.27138e+06
1,CUTLASS,grouped_gemm,cutlass3x_sm100_tensorop_gemm_grouped_bf16_bf16_f32_void_bf16_128x128x64_1x4x1_0_tnt_align8_1sm,passed,success,grouped,,,,,bf16:row,bf16:column,void:row,bf16:row,1,0,invalid,invalid,heuristic,1,false,'[515x3072x5120][368x3072x5120][422x3072x5120][5460x3072x5120][342x3072x5120][344x3072x5120][375x3072x5120][4938x3072x5120][483x3072x5120][365x3072x5120][2069x3072x5120][2059x3072x5120][384x3072x5120][4808x3072x5120][342x3072x5120][760x3072x5120][343x3072x5120][342x3072x5120][1671x3072x5120][2410x3072x5120][545x3072x5120][2347x3072x5120][724x3072x5120][352x3072x5120]',,tensorop,f32,128,128,64,1,4,1,1,1,1,6,4,1,1,128,128,16,100,110,1090519040,1030993477632,945,0.731898,1387.66,1.40866e+06
1,CUTLASS,grouped_gemm,cutlass3x_sm100_tensorop_gemm_grouped_bf16_bf16_f32_void_bf16_128x128x64_1x4x1_0_tnt_align8_stream_k_1sm,passed,success,grouped,,,,,bf16:row,bf16:column,void:row,bf16:row,1,0,invalid,invalid,heuristic,1,false,'[515x3072x5120][368x3072x5120][422x3072x5120][5460x3072x5120][342x3072x5120][344x3072x5120][375x3072x5120][4938x3072x5120][483x3072x5120][365x3072x5120][2069x3072x5120][2059x3072x5120][384x3072x5120][4808x3072x5120][342x3072x5120][760x3072x5120][343x3072x5120][342x3072x5120][1671x3072x5120][2410x3072x5120][545x3072x5120][2347x3072x5120][724x3072x5120][352x3072x5120]',,tensorop,f32,128,128,64,1,4,1,1,1,1,6,4,1,1,128,128,16,100,110,1090519040,1030993477632,945,0.731565,1388.29,1.4093e+06
1,CUTLASS,grouped_gemm,cutlass3x_sm100_tensorop_gemm_grouped_bf16_bf16_f32_bf16_bf16_128x128x64_4x4x1_0_tnt_align8_1sm,passed,success,grouped,,,,,bf16:row,bf16:column,bf16:row,bf16:row,1,0,invalid,invalid,heuristic,1,false,'[515x3072x5120][368x3072x5120][422x3072x5120][5460x3072x5120][342x3072x5120][344x3072x5120][375x3072x5120][4938x3072x5120][483x3072x5120][365x3072x5120][2069x3072x5120][2059x3072x5120][384x3072x5120][4808x3072x5120][342x3072x5120][760x3072x5120][343x3072x5120][342x3072x5120][1671x3072x5120][2410x3072x5120][545x3072x5120][2347x3072x5120][724x3072x5120][352x3072x5120]',,tensorop,f32,128,128,64,4,4,1,1,1,1,5,4,1,1,128,128,16,100,110,1291845632,1030993477632,798,1.1681,1029.99,882627
1,CUTLASS,grouped_gemm,cutlass3x_sm100_tensorop_gemm_grouped_bf16_bf16_f32_bf16_bf16_128x128x64_4x4x1_0_tnt_align8_stream_k_1sm,passed,success,grouped,,,,,bf16:row,bf16:column,bf16:row,bf16:row,1,0,invalid,invalid,heuristic,1,false,'[515x3072x5120][368x3072x5120][422x3072x5120][5460x3072x5120][342x3072x5120][344x3072x5120][375x3072x5120][4938x3072x5120][483x3072x5120][365x3072x5120][2069x3072x5120][2059x3072x5120][384x3072x5120][4808x3072x5120][342x3072x5120][760x3072x5120][343x3072x5120][342x3072x5120][1671x3072x5120][2410x3072x5120][545x3072x5120][2347x3072x5120][724x3072x5120][352x3072x5120]',,tensorop,f32,128,128,64,4,4,1,1,1,1,5,4,1,1,128,128,16,100,110,1291845632,1030993477632,798,1.1638,1033.79,885889
1,CUTLASS,grouped_gemm,cutlass3x_sm100_tensorop_gemm_grouped_bf16_bf16_f32_void_bf16_128x128x64_4x4x1_0_tnt_align8_1sm,passed,success,grouped,,,,,bf16:row,bf16:column,void:row,bf16:row,1,0,invalid,invalid,heuristic,1,false,'[515x3072x5120][368x3072x5120][422x3072x5120][5460x3072x5120][342x3072x5120][344x3072x5120][375x3072x5120][4938x3072x5120][483x3072x5120][365x3072x5120][2069x3072x5120][2059x3072x5120][384x3072x5120][4808x3072x5120][342x3072x5120][760x3072x5120][343x3072x5120][342x3072x5120][1671x3072x5120][2410x3072x5120][545x3072x5120][2347x3072x5120][724x3072x5120][352x3072x5120]',,tensorop,f32,128,128,64,4,4,1,1,1,1,6,4,1,1,128,128,16,100,110,1090519040,1030993477632,945,0.968518,1048.64,1.06451e+06
1,CUTLASS,grouped_gemm,cutlass3x_sm100_tensorop_gemm_grouped_bf16_bf16_f32_void_bf16_128x128x64_4x4x1_0_tnt_align8_stream_k_1sm,passed,success,grouped,,,,,bf16:row,bf16:column,void:row,bf16:row,1,0,invalid,invalid,heuristic,1,false,'[515x3072x5120][368x3072x5120][422x3072x5120][5460x3072x5120][342x3072x5120][344x3072x5120][375x3072x5120][4938x3072x5120][483x3072x5120][365x3072x5120][2069x3072x5120][2059x3072x5120][384x3072x5120][4808x3072x5120][342x3072x5120][760x3072x5120][343x3072x5120][342x3072x5120][1671x3072x5120][2410x3072x5120][545x3072x5120][2347x3072x5120][724x3072x5120][352x3072x5120]',,tensorop,f32,128,128,64,4,4,1,1,1,1,6,4,1,1,128,128,16,100,110,1090519040,1030993477632,945,0.967594,1049.64,1.06552e+06
1,CUTLASS,grouped_gemm,cutlass3x_sm100_tensorop_gemm_grouped_bf16_bf16_f32_f32_f32_128x256x64_0x0x1_0_tnt_align8_1sm,passed,success,grouped,,,,,bf16:row,bf16:column,f32:row,f32:row,1,0,invalid,invalid,heuristic,1,false,'[515x3072x5120][368x3072x5120][422x3072x5120][5460x3072x5120][342x3072x5120][344x3072x5120][375x3072x5120][4938x3072x5120][483x3072x5120][365x3072x5120][2069x3072x5120][2059x3072x5120][384x3072x5120][4808x3072x5120][342x3072x5120][760x3072x5120][343x3072x5120][342x3072x5120][1671x3072x5120][2410x3072x5120][545x3072x5120][2347x3072x5120][724x3072x5120][352x3072x5120]',,tensorop,f32,128,256,64,1,1,1,1,1,1,3,4,1,1,128,256,16,100,110,1493172224,1030993477632,690,0.784643,1772.3,1.31396e+06
1,CUTLASS,grouped_gemm,cutlass3x_sm100_tensorop_gemm_grouped_bf16_bf16_f32_f32_f32_128x256x64_0x0x1_0_tnt_align8_stream_k_1sm,passed,success,grouped,,,,,bf16:row,bf16:column,f32:row,f32:row,1,0,invalid,invalid,heuristic,1,false,'[515x3072x5120][368x3072x5120][422x3072x5120][5460x3072x5120][342x3072x5120][344x3072x5120][375x3072x5120][4938x3072x5120][483x3072x5120][365x3072x5120][2069x3072x5120][2059x3072x5120][384x3072x5120][4808x3072x5120][342x3072x5120][760x3072x5120][343x3072x5120][342x3072x5120][1671x3072x5120][2410x3072x5120][545x3072x5120][2347x3072x5120][724x3072x5120][352x3072x5120]',,tensorop,f32,128,256,64,1,1,1,1,1,1,3,4,1,1,128,256,16,100,110,1493172224,1030993477632,690,0.786458,1768.21,1.31093e+06
1,CUTLASS,grouped_gemm,cutlass3x_sm100_tensorop_gemm_grouped_bf16_bf16_f32_void_f32_128x256x64_0x0x1_0_tnt_align8_1sm,passed,success,grouped,,,,,bf16:row,bf16:column,void:row,f32:row,1,0,invalid,invalid,heuristic,1,false,'[515x3072x5120][368x3072x5120][422x3072x5120][5460x3072x5120][342x3072x5120][344x3072x5120][375x3072x5120][4938x3072x5120][483x3072x5120][365x3072x5120][2069x3072x5120][2059x3072x5120][384x3072x5120][4808x3072x5120][342x3072x5120][760x3072x5120][343x3072x5120][342x3072x5120][1671x3072x5120][2410x3072x5120][545x3072x5120][2347x3072x5120][724x3072x5120][352x3072x5120]',,tensorop,f32,128,256,64,1,1,1,1,1,1,3,4,1,1,128,256,16,100,110,1090519040,1030993477632,945,0.787894,1289.04,1.30854e+06
1,CUTLASS,grouped_gemm,cutlass3x_sm100_tensorop_gemm_grouped_bf16_bf16_f32_void_f32_128x256x64_0x0x1_0_tnt_align8_stream_k_1sm,passed,success,grouped,,,,,bf16:row,bf16:column,void:row,f32:row,1,0,invalid,invalid,heuristic,1,false,'[515x3072x5120][368x3072x5120][422x3072x5120][5460x3072x5120][342x3072x5120][344x3072x5120][375x3072x5120][4938x3072x5120][483x3072x5120][365x3072x5120][2069x3072x5120][2059x3072x5120][384x3072x5120][4808x3072x5120][342x3072x5120][760x3072x5120][343x3072x5120][342x3072x5120][1671x3072x5120][2410x3072x5120][545x3072x5120][2347x3072x5120][724x3072x5120][352x3072x5120]',,tensorop,f32,128,256,64,1,1,1,1,1,1,3,4,1,1,128,256,16,100,110,1090519040,1030993477632,945,0.789318,1286.71,1.30618e+06
1,CUTLASS,grouped_gemm,cutlass3x_sm100_tensorop_gemm_grouped_bf16_bf16_f32_f32_f32_128x256x64_1x1x1_0_tnt_align8_1sm,passed,success,grouped,,,,,bf16:row,bf16:column,f32:row,f32:row,1,0,invalid,invalid,heuristic,1,false,'[515x3072x5120][368x3072x5120][422x3072x5120][5460x3072x5120][342x3072x5120][344x3072x5120][375x3072x5120][4938x3072x5120][483x3072x5120][365x3072x5120][2069x3072x5120][2059x3072x5120][384x3072x5120][4808x3072x5120][342x3072x5120][760x3072x5120][343x3072x5120][342x3072x5120][1671x3072x5120][2410x3072x5120][545x3072x5120][2347x3072x5120][724x3072x5120][352x3072x5120]',,tensorop,f32,128,256,64,1,1,1,1,1,1,3,4,1,1,128,256,16,100,110,1493172224,1030993477632,690,0.776134,1791.73,1.32837e+06
1,CUTLASS,grouped_gemm,cutlass3x_sm100_tensorop_gemm_grouped_bf16_bf16_f32_f32_f32_128x256x64_1x1x1_0_tnt_align8_stream_k_1sm,passed,success,grouped,,,,,bf16:row,bf16:column,f32:row,f32:row,1,0,invalid,invalid,heuristic,1,false,'[515x3072x5120][368x3072x5120][422x3072x5120][5460x3072x5120][342x3072x5120][344x3072x5120][375x3072x5120][4938x3072x5120][483x3072x5120][365x3072x5120][2069x3072x5120][2059x3072x5120][384x3072x5120][4808x3072x5120][342x3072x5120][760x3072x5120][343x3072x5120][342x3072x5120][1671x3072x5120][2410x3072x5120][545x3072x5120][2347x3072x5120][724x3072x5120][352x3072x5120]',,tensorop,f32,128,256,64,1,1,1,1,1,1,3,4,1,1,128,256,16,100,110,1493172224,1030993477632,690,0.7744,1795.75,1.33134e+06
1,CUTLASS,grouped_gemm,cutlass3x_sm100_tensorop_gemm_grouped_bf16_bf16_f32_void_f32_128x256x64_1x1x1_0_tnt_align8_1sm,passed,success,grouped,,,,,bf16:row,bf16:column,void:row,f32:row,1,0,invalid,invalid,heuristic,1,false,'[515x3072x5120][368x3072x5120][422x3072x5120][5460x3072x5120][342x3072x5120][344x3072x5120][375x3072x5120][4938x3072x5120][483x3072x5120][365x3072x5120][2069x3072x5120][2059x3072x5120][384x3072x5120][4808x3072x5120][342x3072x5120][760x3072x5120][343x3072x5120][342x3072x5120][1671x3072x5120][2410x3072x5120][545x3072x5120][2347x3072x5120][724x3072x5120][352x3072x5120]',,tensorop,f32,128,256,64,1,1,1,1,1,1,3,4,1,1,128,256,16,100,110,1090519040,1030993477632,945,0.776211,1308.44,1.32824e+06
1,CUTLASS,grouped_gemm,cutlass3x_sm100_tensorop_gemm_grouped_bf16_bf16_f32_void_f32_128x256x64_1x1x1_0_tnt_align8_stream_k_1sm,passed,success,grouped,,,,,bf16:row,bf16:column,void:row,f32:row,1,0,invalid,invalid,heuristic,1,false,'[515x3072x5120][368x3072x5120][422x3072x5120][5460x3072x5120][342x3072x5120][344x3072x5120][375x3072x5120][4938x3072x5120][483x3072x5120][365x3072x5120][2069x3072x5120][2059x3072x5120][384x3072x5120][4808x3072x5120][342x3072x5120][760x3072x5120][343x3072x5120][342x3072x5120][1671x3072x5120][2410x3072x5120][545x3072x5120][2347x3072x5120][724x3072x5120][352x3072x5120]',,tensorop,f32,128,256,64,1,1,1,1,1,1,3,4,1,1,128,256,16,100,110,1090519040,1030993477632,945,0.776822,1307.41,1.32719e+06
1,CUTLASS,grouped_gemm,cutlass3x_sm100_tensorop_gemm_grouped_bf16_bf16_f32_f32_f32_128x256x64_1x2x1_0_tnt_align8_1sm,passed,success,grouped,,,,,bf16:row,bf16:column,f32:row,f32:row,1,0,invalid,invalid,heuristic,1,false,'[515x3072x5120][368x3072x5120][422x3072x5120][5460x3072x5120][342x3072x5120][344x3072x5120][375x3072x5120][4938x3072x5120][483x3072x5120][365x3072x5120][2069x3072x5120][2059x3072x5120][384x3072x5120][4808x3072x5120][342x3072x5120][760x3072x5120][343x3072x5120][342x3072x5120][1671x3072x5120][2410x3072x5120][545x3072x5120][2347x3072x5120][724x3072x5120][352x3072x5120]',,tensorop,f32,128,256,64,1,2,1,1,1,1,3,4,1,1,128,256,16,100,110,1493172224,1030993477632,690,0.77655,1790.77,1.32766e+06
1,CUTLASS,grouped_gemm,cutlass3x_sm100_tensorop_gemm_grouped_bf16_bf16_f32_f32_f32_128x256x64_1x2x1_0_tnt_align8_stream_k_1sm,passed,success,grouped,,,,,bf16:row,bf16:column,f32:row,f32:row,1,0,invalid,invalid,heuristic,1,false,'[515x3072x5120][368x3072x5120][422x3072x5120][5460x3072x5120][342x3072x5120][344x3072x5120][375x3072x5120][4938x3072x5120][483x3072x5120][365x3072x5120][2069x3072x5120][2059x3072x5120][384x3072x5120][4808x3072x5120][342x3072x5120][760x3072x5120][343x3072x5120][342x3072x5120][1671x3072x5120][2410x3072x5120][545x3072x5120][2347x3072x5120][724x3072x5120][352x3072x5120]',,tensorop,f32,128,256,64,1,2,1,1,1,1,3,4,1,1,128,256,16,100,110,1493172224,1030993477632,690,0.776829,1790.13,1.32718e+06
1,CUTLASS,grouped_gemm,cutlass3x_sm100_tensorop_gemm_grouped_bf16_bf16_f32_void_f32_128x256x64_1x2x1_0_tnt_align8_1sm,passed,success,grouped,,,,,bf16:row,bf16:column,void:row,f32:row,1,0,invalid,invalid,heuristic,1,false,'[515x3072x5120][368x3072x5120][422x3072x5120][5460x3072x5120][342x3072x5120][344x3072x5120][375x3072x5120][4938x3072x5120][483x3072x5120][365x3072x5120][2069x3072x5120][2059x3072x5120][384x3072x5120][4808x3072x5120][342x3072x5120][760x3072x5120][343x3072x5120][342x3072x5120][1671x3072x5120][2410x3072x5120][545x3072x5120][2347x3072x5120][724x3072x5120][352x3072x5120]',,tensorop,f32,128,256,64,1,2,1,1,1,1,3,4,1,1,128,256,16,100,110,1090519040,1030993477632,945,0.78015,1301.83,1.32153e+06
1,CUTLASS,grouped_gemm,cutlass3x_sm100_tensorop_gemm_grouped_bf16_bf16_f32_void_f32_128x256x64_1x2x1_0_tnt_align8_stream_k_1sm,passed,success,grouped,,,,,bf16:row,bf16:column,void:row,f32:row,1,0,invalid,invalid,heuristic,1,false,'[515x3072x5120][368x3072x5120][422x3072x5120][5460x3072x5120][342x3072x5120][344x3072x5120][375x3072x5120][4938x3072x5120][483x3072x5120][365x3072x5120][2069x3072x5120][2059x3072x5120][384x3072x5120][4808x3072x5120][342x3072x5120][760x3072x5120][343x3072x5120][342x3072x5120][1671x3072x5120][2410x3072x5120][545x3072x5120][2347x3072x5120][724x3072x5120][352x3072x5120]',,tensorop,f32,128,256,64,1,2,1,1,1,1,3,4,1,1,128,256,16,100,110,1090519040,1030993477632,945,0.779075,1303.63,1.32336e+06
1,CUTLASS,grouped_gemm,cutlass3x_sm100_tensorop_gemm_grouped_bf16_bf16_f32_f32_f32_128x256x64_1x4x1_0_tnt_align8_1sm,passed,success,grouped,,,,,bf16:row,bf16:column,f32:row,f32:row,1,0,invalid,invalid,heuristic,1,false,'[515x3072x5120][368x3072x5120][422x3072x5120][5460x3072x5120][342x3072x5120][344x3072x5120][375x3072x5120][4938x3072x5120][483x3072x5120][365x3072x5120][2069x3072x5120][2059x3072x5120][384x3072x5120][4808x3072x5120][342x3072x5120][760x3072x5120][343x3072x5120][342x3072x5120][1671x3072x5120][2410x3072x5120][545x3072x5120][2347x3072x5120][724x3072x5120][352x3072x5120]',,tensorop,f32,128,256,64,1,4,1,1,1,1,3,4,1,1,128,256,16,100,110,1493172224,1030993477632,690,0.858771,1619.32,1.20054e+06
1,CUTLASS,grouped_gemm,cutlass3x_sm100_tensorop_gemm_grouped_bf16_bf16_f32_f32_f32_128x256x64_1x4x1_0_tnt_align8_stream_k_1sm,passed,success,grouped,,,,,bf16:row,bf16:column,f32:row,f32:row,1,0,invalid,invalid,heuristic,1,false,'[515x3072x5120][368x3072x5120][422x3072x5120][5460x3072x5120][342x3072x5120][344x3072x5120][375x3072x5120][4938x3072x5120][483x3072x5120][365x3072x5120][2069x3072x5120][2059x3072x5120][384x3072x5120][4808x3072x5120][342x3072x5120][760x3072x5120][343x3072x5120][342x3072x5120][1671x3072x5120][2410x3072x5120][545x3072x5120][2347x3072x5120][724x3072x5120][352x3072x5120]',,tensorop,f32,128,256,64,1,4,1,1,1,1,3,4,1,1,128,256,16,100,110,1493172224,1030993477632,690,0.86048,1616.1,1.19816e+06
1,CUTLASS,grouped_gemm,cutlass3x_sm100_tensorop_gemm_grouped_bf16_bf16_f32_void_f32_128x256x64_1x4x1_0_tnt_align8_1sm,passed,success,grouped,,,,,bf16:row,bf16:column,void:row,f32:row,1,0,invalid,invalid,heuristic,1,false,'[515x3072x5120][368x3072x5120][422x3072x5120][5460x3072x5120][342x3072x5120][344x3072x5120][375x3072x5120][4938x3072x5120][483x3072x5120][365x3072x5120][2069x3072x5120][2059x3072x5120][384x3072x5120][4808x3072x5120][342x3072x5120][760x3072x5120][343x3072x5120][342x3072x5120][1671x3072x5120][2410x3072x5120][545x3072x5120][2347x3072x5120][724x3072x5120][352x3072x5120]',,tensorop,f32,128,256,64,1,4,1,1,1,1,3,4,1,1,128,256,16,100,110,1090519040,1030993477632,945,0.859664,1181.42,1.1993e+06
1,CUTLASS,grouped_gemm,cutlass3x_sm100_tensorop_gemm_grouped_bf16_bf16_f32_void_f32_128x256x64_1x4x1_0_tnt_align8_stream_k_1sm,passed,success,grouped,,,,,bf16:row,bf16:column,void:row,f32:row,1,0,invalid,invalid,heuristic,1,false,'[515x3072x5120][368x3072x5120][422x3072x5120][5460x3072x5120][342x3072x5120][344x3072x5120][375x3072x5120][4938x3072x5120][483x3072x5120][365x3072x5120][2069x3072x5120][2059x3072x5120][384x3072x5120][4808x3072x5120][342x3072x5120][760x3072x5120][343x3072x5120][342x3072x5120][1671x3072x5120][2410x3072x5120][545x3072x5120][2347x3072x5120][724x3072x5120][352x3072x5120]',,tensorop,f32,128,256,64,1,4,1,1,1,1,3,4,1,1,128,256,16,100,110,1090519040,1030993477632,945,0.859059,1182.25,1.20014e+06
1,CUTLASS,grouped_gemm,cutlass3x_sm100_tensorop_gemm_grouped_bf16_bf16_f32_f32_f32_128x256x64_4x4x1_0_tnt_align8_1sm,passed,success,grouped,,,,,bf16:row,bf16:column,f32:row,f32:row,1,0,invalid,invalid,heuristic,1,false,'[515x3072x5120][368x3072x5120][422x3072x5120][5460x3072x5120][342x3072x5120][344x3072x5120][375x3072x5120][4938x3072x5120][483x3072x5120][365x3072x5120][2069x3072x5120][2059x3072x5120][384x3072x5120][4808x3072x5120][342x3072x5120][760x3072x5120][343x3072x5120][342x3072x5120][1671x3072x5120][2410x3072x5120][545x3072x5120][2347x3072x5120][724x3072x5120][352x3072x5120]',,tensorop,f32,128,256,64,4,4,1,1,1,1,3,4,1,1,128,256,16,100,110,1493172224,1030993477632,690,1.14693,1212.47,898912
1,CUTLASS,grouped_gemm,cutlass3x_sm100_tensorop_gemm_grouped_bf16_bf16_f32_f32_f32_128x256x64_4x4x1_0_tnt_align8_stream_k_1sm,passed,success,grouped,,,,,bf16:row,bf16:column,f32:row,f32:row,1,0,invalid,invalid,heuristic,1,false,'[515x3072x5120][368x3072x5120][422x3072x5120][5460x3072x5120][342x3072x5120][344x3072x5120][375x3072x5120][4938x3072x5120][483x3072x5120][365x3072x5120][2069x3072x5120][2059x3072x5120][384x3072x5120][4808x3072x5120][342x3072x5120][760x3072x5120][343x3072x5120][342x3072x5120][1671x3072x5120][2410x3072x5120][545x3072x5120][2347x3072x5120][724x3072x5120][352x3072x5120]',,tensorop,f32,128,256,64,4,4,1,1,1,1,3,4,1,1,128,256,16,100,110,1493172224,1030993477632,690,1.16584,1192.81,884333
1,CUTLASS,grouped_gemm,cutlass3x_sm100_tensorop_gemm_grouped_bf16_bf16_f32_void_f32_128x256x64_4x4x1_0_tnt_align8_1sm,passed,success,grouped,,,,,bf16:row,bf16:column,void:row,f32:row,1,0,invalid,invalid,heuristic,1,false,'[515x3072x5120][368x3072x5120][422x3072x5120][5460x3072x5120][342x3072x5120][344x3072x5120][375x3072x5120][4938x3072x5120][483x3072x5120][365x3072x5120][2069x3072x5120][2059x3072x5120][384x3072x5120][4808x3072x5120][342x3072x5120][760x3072x5120][343x3072x5120][342x3072x5120][1671x3072x5120][2410x3072x5120][545x3072x5120][2347x3072x5120][724x3072x5120][352x3072x5120]',,tensorop,f32,128,256,64,4,4,1,1,1,1,3,4,1,1,128,256,16,100,110,1090519040,1030993477632,945,1.14966,883.41,896778
1,CUTLASS,grouped_gemm,cutlass3x_sm100_tensorop_gemm_grouped_bf16_bf16_f32_void_f32_128x256x64_4x4x1_0_tnt_align8_stream_k_1sm,passed,success,grouped,,,,,bf16:row,bf16:column,void:row,f32:row,1,0,invalid,invalid,heuristic,1,false,'[515x3072x5120][368x3072x5120][422x3072x5120][5460x3072x5120][342x3072x5120][344x3072x5120][375x3072x5120][4938x3072x5120][483x3072x5120][365x3072x5120][2069x3072x5120][2059x3072x5120][384x3072x5120][4808x3072x5120][342x3072x5120][760x3072x5120][343x3072x5120][342x3072x5120][1671x3072x5120][2410x3072x5120][545x3072x5120][2347x3072x5120][724x3072x5120][352x3072x5120]',,tensorop,f32,128,256,64,4,4,1,1,1,1,3,4,1,1,128,256,16,100,110,1090519040,1030993477632,945,1.14844,884.356,897738
1,CUTLASS,grouped_gemm,cutlass3x_sm100_tensorop_gemm_grouped_bf16_bf16_f32_bf16_bf16_128x256x64_0x0x1_0_tnt_align8_1sm,passed,success,grouped,,,,,bf16:row,bf16:column,bf16:row,bf16:row,1,0,invalid,invalid,heuristic,1,false,'[515x3072x5120][368x3072x5120][422x3072x5120][5460x3072x5120][342x3072x5120][344x3072x5120][375x3072x5120][4938x3072x5120][483x3072x5120][365x3072x5120][2069x3072x5120][2059x3072x5120][384x3072x5120][4808x3072x5120][342x3072x5120][760x3072x5120][343x3072x5120][342x3072x5120][1671x3072x5120][2410x3072x5120][545x3072x5120][2347x3072x5120][724x3072x5120][352x3072x5120]',,tensorop,f32,128,256,64,1,1,1,1,1,1,3,4,1,1,128,256,16,100,110,1291845632,1030993477632,798,0.746723,1611.21,1.38069e+06
1,CUTLASS,grouped_gemm,cutlass3x_sm100_tensorop_gemm_grouped_bf16_bf16_f32_bf16_bf16_128x256x64_0x0x1_0_tnt_align8_stream_k_1sm,passed,success,grouped,,,,,bf16:row,bf16:column,bf16:row,bf16:row,1,0,invalid,invalid,heuristic,1,false,'[515x3072x5120][368x3072x5120][422x3072x5120][5460x3072x5120][342x3072x5120][344x3072x5120][375x3072x5120][4938x3072x5120][483x3072x5120][365x3072x5120][2069x3072x5120][2059x3072x5120][384x3072x5120][4808x3072x5120][342x3072x5120][760x3072x5120][343x3072x5120][342x3072x5120][1671x3072x5120][2410x3072x5120][545x3072x5120][2347x3072x5120][724x3072x5120][352x3072x5120]',,tensorop,f32,128,256,64,1,1,1,1,1,1,3,4,1,1,128,256,16,100,110,1291845632,1030993477632,798,0.74808,1608.28,1.37819e+06
1,CUTLASS,grouped_gemm,cutlass3x_sm100_tensorop_gemm_grouped_bf16_bf16_f32_void_bf16_128x256x64_0x0x1_0_tnt_align8_1sm,passed,success,grouped,,,,,bf16:row,bf16:column,void:row,bf16:row,1,0,invalid,invalid,heuristic,1,false,'[515x3072x5120][368x3072x5120][422x3072x5120][5460x3072x5120][342x3072x5120][344x3072x5120][375x3072x5120][4938x3072x5120][483x3072x5120][365x3072x5120][2069x3072x5120][2059x3072x5120][384x3072x5120][4808x3072x5120][342x3072x5120][760x3072x5120][343x3072x5120][342x3072x5120][1671x3072x5120][2410x3072x5120][545x3072x5120][2347x3072x5120][724x3072x5120][352x3072x5120]',,tensorop,f32,128,256,64,1,1,1,1,1,1,4,4,1,1,128,256,16,100,110,1090519040,1030993477632,945,0.668285,1519.75,1.54275e+06
1,CUTLASS,grouped_gemm,cutlass3x_sm100_tensorop_gemm_grouped_bf16_bf16_f32_void_bf16_128x256x64_0x0x1_0_tnt_align8_stream_k_1sm,passed,success,grouped,,,,,bf16:row,bf16:column,void:row,bf16:row,1,0,invalid,invalid,heuristic,1,false,'[515x3072x5120][368x3072x5120][422x3072x5120][5460x3072x5120][342x3072x5120][344x3072x5120][375x3072x5120][4938x3072x5120][483x3072x5120][365x3072x5120][2069x3072x5120][2059x3072x5120][384x3072x5120][4808x3072x5120][342x3072x5120][760x3072x5120][343x3072x5120][342x3072x5120][1671x3072x5120][2410x3072x5120][545x3072x5120][2347x3072x5120][724x3072x5120][352x3072x5120]',,tensorop,f32,128,256,64,1,1,1,1,1,1,4,4,1,1,128,256,16,100,110,1090519040,1030993477632,945,0.667974,1520.46,1.54346e+06
1,CUTLASS,grouped_gemm,cutlass3x_sm100_tensorop_gemm_grouped_bf16_bf16_f32_bf16_bf16_128x256x64_1x1x1_0_tnt_align8_1sm,passed,success,grouped,,,,,bf16:row,bf16:column,bf16:row,bf16:row,1,0,invalid,invalid,heuristic,1,false,'[515x3072x5120][368x3072x5120][422x3072x5120][5460x3072x5120][342x3072x5120][344x3072x5120][375x3072x5120][4938x3072x5120][483x3072x5120][365x3072x5120][2069x3072x5120][2059x3072x5120][384x3072x5120][4808x3072x5120][342x3072x5120][760x3072x5120][343x3072x5120][342x3072x5120][1671x3072x5120][2410x3072x5120][545x3072x5120][2347x3072x5120][724x3072x5120][352x3072x5120]',,tensorop,f32,128,256,64,1,1,1,1,1,1,3,4,1,1,128,256,16,100,110,1291845632,1030993477632,798,0.736275,1634.07,1.40028e+06
1,CUTLASS,grouped_gemm,cutlass3x_sm100_tensorop_gemm_grouped_bf16_bf16_f32_bf16_bf16_128x256x64_1x1x1_0_tnt_align8_stream_k_1sm,passed,success,grouped,,,,,bf16:row,bf16:column,bf16:row,bf16:row,1,0,invalid,invalid,heuristic,1,false,'[515x3072x5120][368x3072x5120][422x3072x5120][5460x3072x5120][342x3072x5120][344x3072x5120][375x3072x5120][4938x3072x5120][483x3072x5120][365x3072x5120][2069x3072x5120][2059x3072x5120][384x3072x5120][4808x3072x5120][342x3072x5120][760x3072x5120][343x3072x5120][342x3072x5120][1671x3072x5120][2410x3072x5120][545x3072x5120][2347x3072x5120][724x3072x5120][352x3072x5120]',,tensorop,f32,128,256,64,1,1,1,1,1,1,3,4,1,1,128,256,16,100,110,1291845632,1030993477632,798,0.737123,1632.19,1.39867e+06
1,CUTLASS,grouped_gemm,cutlass3x_sm100_tensorop_gemm_grouped_bf16_bf16_f32_void_bf16_128x256x64_1x1x1_0_tnt_align8_1sm,passed,success,grouped,,,,,bf16:row,bf16:column,void:row,bf16:row,1,0,invalid,invalid,heuristic,1,false,'[515x3072x5120][368x3072x5120][422x3072x5120][5460x3072x5120][342x3072x5120][344x3072x5120][375x3072x5120][4938x3072x5120][483x3072x5120][365x3072x5120][2069x3072x5120][2059x3072x5120][384x3072x5120][4808x3072x5120][342x3072x5120][760x3072x5120][343x3072x5120][342x3072x5120][1671x3072x5120][2410x3072x5120][545x3072x5120][2347x3072x5120][724x3072x5120][352x3072x5120]',,tensorop,f32,128,256,64,1,1,1,1,1,1,4,4,1,1,128,256,16,100,110,1090519040,1030993477632,945,0.656739,1546.47,1.56987e+06
1,CUTLASS,grouped_gemm,cutlass3x_sm100_tensorop_gemm_grouped_bf16_bf16_f32_void_bf16_128x256x64_1x1x1_0_tnt_align8_stream_k_1sm,passed,success,grouped,,,,,bf16:row,bf16:column,void:row,bf16:row,1,0,invalid,invalid,heuristic,1,false,'[515x3072x5120][368x3072x5120][422x3072x5120][5460x3072x5120][342x3072x5120][344x3072x5120][375x3072x5120][4938x3072x5120][483x3072x5120][365x3072x5120][2069x3072x5120][2059x3072x5120][384x3072x5120][4808x3072x5120][342x3072x5120][760x3072x5120][343x3072x5120][342x3072x5120][1671x3072x5120][2410x3072x5120][545x3072x5120][2347x3072x5120][724x3072x5120][352x3072x5120]',,tensorop,f32,128,256,64,1,1,1,1,1,1,4,4,1,1,128,256,16,100,110,1090519040,1030993477632,945,0.655485,1549.43,1.57287e+06
1,CUTLASS,grouped_gemm,cutlass3x_sm100_tensorop_gemm_grouped_bf16_bf16_f32_bf16_bf16_128x256x64_1x2x1_0_tnt_align8_1sm,passed,success,grouped,,,,,bf16:row,bf16:column,bf16:row,bf16:row,1,0,invalid,invalid,heuristic,1,false,'[515x3072x5120][368x3072x5120][422x3072x5120][5460x3072x5120][342x3072x5120][344x3072x5120][375x3072x5120][4938x3072x5120][483x3072x5120][365x3072x5120][2069x3072x5120][2059x3072x5120][384x3072x5120][4808x3072x5120][342x3072x5120][760x3072x5120][343x3072x5120][342x3072x5120][1671x3072x5120][2410x3072x5120][545x3072x5120][2347x3072x5120][724x3072x5120][352x3072x5120]',,tensorop,f32,128,256,64,1,2,1,1,1,1,3,4,1,1,128,256,16,100,110,1291845632,1030993477632,798,0.744262,1616.53,1.38526e+06
1,CUTLASS,grouped_gemm,cutlass3x_sm100_tensorop_gemm_grouped_bf16_bf16_f32_bf16_bf16_128x256x64_1x2x1_0_tnt_align8_stream_k_1sm,passed,success,grouped,,,,,bf16:row,bf16:column,bf16:row,bf16:row,1,0,invalid,invalid,heuristic,1,false,'[515x3072x5120][368x3072x5120][422x3072x5120][5460x3072x5120][342x3072x5120][344x3072x5120][375x3072x5120][4938x3072x5120][483x3072x5120][365x3072x5120][2069x3072x5120][2059x3072x5120][384x3072x5120][4808x3072x5120][342x3072x5120][760x3072x5120][343x3072x5120][342x3072x5120][1671x3072x5120][2410x3072x5120][545x3072x5120][2347x3072x5120][724x3072x5120][352x3072x5120]',,tensorop,f32,128,256,64,1,2,1,1,1,1,3,4,1,1,128,256,16,100,110,1291845632,1030993477632,798,0.737222,1631.97,1.39848e+06
1,CUTLASS,grouped_gemm,cutlass3x_sm100_tensorop_gemm_grouped_bf16_bf16_f32_void_bf16_128x256x64_1x2x1_0_tnt_align8_1sm,passed,success,grouped,,,,,bf16:row,bf16:column,void:row,bf16:row,1,0,invalid,invalid,heuristic,1,false,'[515x3072x5120][368x3072x5120][422x3072x5120][5460x3072x5120][342x3072x5120][344x3072x5120][375x3072x5120][4938x3072x5120][483x3072x5120][365x3072x5120][2069x3072x5120][2059x3072x5120][384x3072x5120][4808x3072x5120][342x3072x5120][760x3072x5120][343x3072x5120][342x3072x5120][1671x3072x5120][2410x3072x5120][545x3072x5120][2347x3072x5120][724x3072x5120][352x3072x5120]',,tensorop,f32,128,256,64,1,2,1,1,1,1,4,4,1,1,128,256,16,100,110,1090519040,1030993477632,945,0.656227,1547.67,1.57109e+06
1,CUTLASS,grouped_gemm,cutlass3x_sm100_tensorop_gemm_grouped_bf16_bf16_f32_void_bf16_128x256x64_1x2x1_0_tnt_align8_stream_k_1sm,passed,success,grouped,,,,,bf16:row,bf16:column,void:row,bf16:row,1,0,invalid,invalid,heuristic,1,false,'[515x3072x5120][368x3072x5120][422x3072x5120][5460x3072x5120][342x3072x5120][344x3072x5120][375x3072x5120][4938x3072x5120][483x3072x5120][365x3072x5120][2069x3072x5120][2059x3072x5120][384x3072x5120][4808x3072x5120][342x3072x5120][760x3072x5120][343x3072x5120][342x3072x5120][1671x3072x5120][2410x3072x5120][545x3072x5120][2347x3072x5120][724x3072x5120][352x3072x5120]',,tensorop,f32,128,256,64,1,2,1,1,1,1,4,4,1,1,128,256,16,100,110,1090519040,1030993477632,945,0.656509,1547.01,1.57042e+06
1,CUTLASS,grouped_gemm,cutlass3x_sm100_tensorop_gemm_grouped_bf16_bf16_f32_bf16_bf16_128x256x64_1x4x1_0_tnt_align8_1sm,passed,success,grouped,,,,,bf16:row,bf16:column,bf16:row,bf16:row,1,0,invalid,invalid,heuristic,1,false,'[515x3072x5120][368x3072x5120][422x3072x5120][5460x3072x5120][342x3072x5120][344x3072x5120][375x3072x5120][4938x3072x5120][483x3072x5120][365x3072x5120][2069x3072x5120][2059x3072x5120][384x3072x5120][4808x3072x5120][342x3072x5120][760x3072x5120][343x3072x5120][342x3072x5120][1671x3072x5120][2410x3072x5120][545x3072x5120][2347x3072x5120][724x3072x5120][352x3072x5120]',,tensorop,f32,128,256,64,1,4,1,1,1,1,3,4,1,1,128,256,16,100,110,1291845632,1030993477632,798,0.814202,1477.67,1.26626e+06
1,CUTLASS,grouped_gemm,cutlass3x_sm100_tensorop_gemm_grouped_bf16_bf16_f32_bf16_bf16_128x256x64_1x4x1_0_tnt_align8_stream_k_1sm,passed,success,grouped,,,,,bf16:row,bf16:column,bf16:row,bf16:row,1,0,invalid,invalid,heuristic,1,false,'[515x3072x5120][368x3072x5120][422x3072x5120][5460x3072x5120][342x3072x5120][344x3072x5120][375x3072x5120][4938x3072x5120][483x3072x5120][365x3072x5120][2069x3072x5120][2059x3072x5120][384x3072x5120][4808x3072x5120][342x3072x5120][760x3072x5120][343x3072x5120][342x3072x5120][1671x3072x5120][2410x3072x5120][545x3072x5120][2347x3072x5120][724x3072x5120][352x3072x5120]',,tensorop,f32,128,256,64,1,4,1,1,1,1,3,4,1,1,128,256,16,100,110,1291845632,1030993477632,798,0.813792,1478.42,1.2669e+06
1,CUTLASS,grouped_gemm,cutlass3x_sm100_tensorop_gemm_grouped_bf16_bf16_f32_void_bf16_128x256x64_1x4x1_0_tnt_align8_1sm,passed,success,grouped,,,,,bf16:row,bf16:column,void:row,bf16:row,1,0,invalid,invalid,heuristic,1,false,'[515x3072x5120][368x3072x5120][422x3072x5120][5460x3072x5120][342x3072x5120][344x3072x5120][375x3072x5120][4938x3072x5120][483x3072x5120][365x3072x5120][2069x3072x5120][2059x3072x5120][384x3072x5120][4808x3072x5120][342x3072x5120][760x3072x5120][343x3072x5120][342x3072x5120][1671x3072x5120][2410x3072x5120][545x3072x5120][2347x3072x5120][724x3072x5120][352x3072x5120]',,tensorop,f32,128,256,64,1,4,1,1,1,1,4,4,1,1,128,256,16,100,110,1090519040,1030993477632,945,0.692582,1466.43,1.48862e+06
1,CUTLASS,grouped_gemm,cutlass3x_sm100_tensorop_gemm_grouped_bf16_bf16_f32_void_bf16_128x256x64_1x4x1_0_tnt_align8_stream_k_1sm,passed,success,grouped,,,,,bf16:row,bf16:column,void:row,bf16:row,1,0,invalid,invalid,heuristic,1,false,'[515x3072x5120][368x3072x5120][422x3072x5120][5460x3072x5120][342x3072x5120][344x3072x5120][375x3072x5120][4938x3072x5120][483x3072x5120][365x3072x5120][2069x3072x5120][2059x3072x5120][384x3072x5120][4808x3072x5120][342x3072x5120][760x3072x5120][343x3072x5120][342x3072x5120][1671x3072x5120][2410x3072x5120][545x3072x5120][2347x3072x5120][724x3072x5120][352x3072x5120]',,tensorop,f32,128,256,64,1,4,1,1,1,1,4,4,1,1,128,256,16,100,110,1090519040,1030993477632,945,0.691834,1468.02,1.49023e+06
1,CUTLASS,grouped_gemm,cutlass3x_sm100_tensorop_gemm_grouped_bf16_bf16_f32_bf16_bf16_128x256x64_4x4x1_0_tnt_align8_1sm,passed,success,grouped,,,,,bf16:row,bf16:column,bf16:row,bf16:row,1,0,invalid,invalid,heuristic,1,false,'[515x3072x5120][368x3072x5120][422x3072x5120][5460x3072x5120][342x3072x5120][344x3072x5120][375x3072x5120][4938x3072x5120][483x3072x5120][365x3072x5120][2069x3072x5120][2059x3072x5120][384x3072x5120][4808x3072x5120][342x3072x5120][760x3072x5120][343x3072x5120][342x3072x5120][1671x3072x5120][2410x3072x5120][545x3072x5120][2347x3072x5120][724x3072x5120][352x3072x5120]',,tensorop,f32,128,256,64,4,4,1,1,1,1,3,4,1,1,128,256,16,100,110,1291845632,1030993477632,798,1.09857,1095.17,938484
1,CUTLASS,grouped_gemm,cutlass3x_sm100_tensorop_gemm_grouped_bf16_bf16_f32_bf16_bf16_128x256x64_4x4x1_0_tnt_align8_stream_k_1sm,passed,success,grouped,,,,,bf16:row,bf16:column,bf16:row,bf16:row,1,0,invalid,invalid,heuristic,1,false,'[515x3072x5120][368x3072x5120][422x3072x5120][5460x3072x5120][342x3072x5120][344x3072x5120][375x3072x5120][4938x3072x5120][483x3072x5120][365x3072x5120][2069x3072x5120][2059x3072x5120][384x3072x5120][4808x3072x5120][342x3072x5120][760x3072x5120][343x3072x5120][342x3072x5120][1671x3072x5120][2410x3072x5120][545x3072x5120][2347x3072x5120][724x3072x5120][352x3072x5120]',,tensorop,f32,128,256,64,4,4,1,1,1,1,3,4,1,1,128,256,16,100,110,1291845632,1030993477632,798,1.10853,1085.34,930056
1,CUTLASS,grouped_gemm,cutlass3x_sm100_tensorop_gemm_grouped_bf16_bf16_f32_void_bf16_128x256x64_4x4x1_0_tnt_align8_1sm,passed,success,grouped,,,,,bf16:row,bf16:column,void:row,bf16:row,1,0,invalid,invalid,heuristic,1,false,'[515x3072x5120][368x3072x5120][422x3072x5120][5460x3072x5120][342x3072x5120][344x3072x5120][375x3072x5120][4938x3072x5120][483x3072x5120][365x3072x5120][2069x3072x5120][2059x3072x5120][384x3072x5120][4808x3072x5120][342x3072x5120][760x3072x5120][343x3072x5120][342x3072x5120][1671x3072x5120][2410x3072x5120][545x3072x5120][2347x3072x5120][724x3072x5120][352x3072x5120]',,tensorop,f32,128,256,64,4,4,1,1,1,1,4,4,1,1,128,256,16,100,110,1090519040,1030993477632,945,0.879533,1154.73,1.17221e+06
1,CUTLASS,grouped_gemm,cutlass3x_sm100_tensorop_gemm_grouped_bf16_bf16_f32_void_bf16_128x256x64_4x4x1_0_tnt_align8_stream_k_1sm,passed,success,grouped,,,,,bf16:row,bf16:column,void:row,bf16:row,1,0,invalid,invalid,heuristic,1,false,'[515x3072x5120][368x3072x5120][422x3072x5120][5460x3072x5120][342x3072x5120][344x3072x5120][375x3072x5120][4938x3072x5120][483x3072x5120][365x3072x5120][2069x3072x5120][2059x3072x5120][384x3072x5120][4808x3072x5120][342x3072x5120][760x3072x5120][343x3072x5120][342x3072x5120][1671x3072x5120][2410x3072x5120][545x3072x5120][2347x3072x5120][724x3072x5120][352x3072x5120]',,tensorop,f32,128,256,64,4,4,1,1,1,1,4,4,1,1,128,256,16,100,110,1090519040,1030993477632,945,0.879328,1155,1.17248e+06
1,CUTLASS,grouped_gemm,cutlass3x_sm100_tensorop_gemm_grouped_bf16_bf16_f32_f32_f32_128x128x64_0x0x1_0_tnt_align8_2sm_epi_tma,passed,success,grouped,,,,,bf16:row,bf16:column,f32:row,f32:row,1,0,invalid,invalid,heuristic,1,false,'[515x3072x5120][368x3072x5120][422x3072x5120][5460x3072x5120][342x3072x5120][344x3072x5120][375x3072x5120][4938x3072x5120][483x3072x5120][365x3072x5120][2069x3072x5120][2059x3072x5120][384x3072x5120][4808x3072x5120][342x3072x5120][760x3072x5120][343x3072x5120][342x3072x5120][1671x3072x5120][2410x3072x5120][545x3072x5120][2347x3072x5120][724x3072x5120][352x3072x5120]',,tensorop,f32,128,128,64,2,1,1,2,1,1,11,4,1,1,128,128,16,100,110,1493172224,1030993477632,690,0.876256,1587.01,1.17659e+06
1,CUTLASS,grouped_gemm,cutlass3x_sm100_tensorop_gemm_grouped_bf16_bf16_f32_f32_f32_128x128x64_0x0x1_0_tnt_align8_stream_k_2sm_epi_tma,passed,success,grouped,,,,,bf16:row,bf16:column,f32:row,f32:row,1,0,invalid,invalid,heuristic,1,false,'[515x3072x5120][368x3072x5120][422x3072x5120][5460x3072x5120][342x3072x5120][344x3072x5120][375x3072x5120][4938x3072x5120][483x3072x5120][365x3072x5120][2069x3072x5120][2059x3072x5120][384x3072x5120][4808x3072x5120][342x3072x5120][760x3072x5120][343x3072x5120][342x3072x5120][1671x3072x5120][2410x3072x5120][545x3072x5120][2347x3072x5120][724x3072x5120][352x3072x5120]',,tensorop,f32,128,128,64,2,1,1,2,1,1,11,4,1,1,128,128,16,100,110,1493172224,1030993477632,690,0.870931,1596.71,1.18378e+06
1,CUTLASS,grouped_gemm,cutlass3x_sm100_tensorop_gemm_grouped_bf16_bf16_f32_void_f32_128x128x64_0x0x1_0_tnt_align8_2sm_epi_tma,passed,success,grouped,,,,,bf16:row,bf16:column,void:row,f32:row,1,0,invalid,invalid,heuristic,1,false,'[515x3072x5120][368x3072x5120][422x3072x5120][5460x3072x5120][342x3072x5120][344x3072x5120][375x3072x5120][4938x3072x5120][483x3072x5120][365x3072x5120][2069x3072x5120][2059x3072x5120][384x3072x5120][4808x3072x5120][342x3072x5120][760x3072x5120][343x3072x5120][342x3072x5120][1671x3072x5120][2410x3072x5120][545x3072x5120][2347x3072x5120][724x3072x5120][352x3072x5120]',,tensorop,f32,128,128,64,2,1,1,2,1,1,11,4,1,1,128,128,16,100,110,1090519040,1030993477632,945,0.878099,1156.62,1.17412e+06
1,CUTLASS,grouped_gemm,cutlass3x_sm100_tensorop_gemm_grouped_bf16_bf16_f32_void_f32_128x128x64_0x0x1_0_tnt_align8_stream_k_2sm_epi_tma,passed,success,grouped,,,,,bf16:row,bf16:column,void:row,f32:row,1,0,invalid,invalid,heuristic,1,false,'[515x3072x5120][368x3072x5120][422x3072x5120][5460x3072x5120][342x3072x5120][344x3072x5120][375x3072x5120][4938x3072x5120][483x3072x5120][365x3072x5120][2069x3072x5120][2059x3072x5120][384x3072x5120][4808x3072x5120][342x3072x5120][760x3072x5120][343x3072x5120][342x3072x5120][1671x3072x5120][2410x3072x5120][545x3072x5120][2347x3072x5120][724x3072x5120][352x3072x5120]',,tensorop,f32,128,128,64,2,1,1,2,1,1,11,4,1,1,128,128,16,100,110,1090519040,1030993477632,945,0.87567,1159.83,1.17738e+06
1,CUTLASS,grouped_gemm,cutlass3x_sm100_tensorop_gemm_grouped_bf16_bf16_f32_f32_f32_128x128x64_2x1x1_0_tnt_align8_2sm_epi_tma,passed,success,grouped,,,,,bf16:row,bf16:column,f32:row,f32:row,1,0,invalid,invalid,heuristic,1,false,'[515x3072x5120][368x3072x5120][422x3072x5120][5460x3072x5120][342x3072x5120][344x3072x5120][375x3072x5120][4938x3072x5120][483x3072x5120][365x3072x5120][2069x3072x5120][2059x3072x5120][384x3072x5120][4808x3072x5120][342x3072x5120][760x3072x5120][343x3072x5120][342x3072x5120][1671x3072x5120][2410x3072x5120][545x3072x5120][2347x3072x5120][724x3072x5120][352x3072x5120]',,tensorop,f32,128,128,64,2,1,1,2,1,1,11,4,1,1,128,128,16,100,110,1493172224,1030993477632,690,0.878099,1583.68,1.17412e+06
1,CUTLASS,grouped_gemm,cutlass3x_sm100_tensorop_gemm_grouped_bf16_bf16_f32_f32_f32_128x128x64_2x1x1_0_tnt_align8_stream_k_2sm_epi_tma,passed,success,grouped,,,,,bf16:row,bf16:column,f32:row,f32:row,1,0,invalid,invalid,heuristic,1,false,'[515x3072x5120][368x3072x5120][422x3072x5120][5460x3072x5120][342x3072x5120][344x3072x5120][375x3072x5120][4938x3072x5120][483x3072x5120][365x3072x5120][2069x3072x5120][2059x3072x5120][384x3072x5120][4808x3072x5120][342x3072x5120][760x3072x5120][343x3072x5120][342x3072x5120][1671x3072x5120][2410x3072x5120][545x3072x5120][2347x3072x5120][724x3072x5120][352x3072x5120]',,tensorop,f32,128,128,64,2,1,1,2,1,1,11,4,1,1,128,128,16,100,110,1493172224,1030993477632,690,0.879254,1581.6,1.17258e+06
1,CUTLASS,grouped_gemm,cutlass3x_sm100_tensorop_gemm_grouped_bf16_bf16_f32_void_f32_128x128x64_2x1x1_0_tnt_align8_2sm_epi_tma,passed,success,grouped,,,,,bf16:row,bf16:column,void:row,f32:row,1,0,invalid,invalid,heuristic,1,false,'[515x3072x5120][368x3072x5120][422x3072x5120][5460x3072x5120][342x3072x5120][344x3072x5120][375x3072x5120][4938x3072x5120][483x3072x5120][365x3072x5120][2069x3072x5120][2059x3072x5120][384x3072x5120][4808x3072x5120][342x3072x5120][760x3072x5120][343x3072x5120][342x3072x5120][1671x3072x5120][2410x3072x5120][545x3072x5120][2347x3072x5120][724x3072x5120][352x3072x5120]',,tensorop,f32,128,128,64,2,1,1,2,1,1,11,4,1,1,128,128,16,100,110,1090519040,1030993477632,945,0.885264,1147.26,1.16462e+06
1,CUTLASS,grouped_gemm,cutlass3x_sm100_tensorop_gemm_grouped_bf16_bf16_f32_void_f32_128x128x64_2x1x1_0_tnt_align8_stream_k_2sm_epi_tma,passed,success,grouped,,,,,bf16:row,bf16:column,void:row,f32:row,1,0,invalid,invalid,heuristic,1,false,'[515x3072x5120][368x3072x5120][422x3072x5120][5460x3072x5120][342x3072x5120][344x3072x5120][375x3072x5120][4938x3072x5120][483x3072x5120][365x3072x5120][2069x3072x5120][2059x3072x5120][384x3072x5120][4808x3072x5120][342x3072x5120][760x3072x5120][343x3072x5120][342x3072x5120][1671x3072x5120][2410x3072x5120][545x3072x5120][2347x3072x5120][724x3072x5120][352x3072x5120]',,tensorop,f32,128,128,64,2,1,1,2,1,1,11,4,1,1,128,128,16,100,110,1090519040,1030993477632,945,0.885475,1146.98,1.16434e+06
1,CUTLASS,grouped_gemm,cutlass3x_sm100_tensorop_gemm_grouped_bf16_bf16_f32_f32_f32_128x128x64_2x2x1_0_tnt_align8_2sm_epi_tma,passed,success,grouped,,,,,bf16:row,bf16:column,f32:row,f32:row,1,0,invalid,invalid,heuristic,1,false,'[515x3072x5120][368x3072x5120][422x3072x5120][5460x3072x5120][342x3072x5120][344x3072x5120][375x3072x5120][4938x3072x5120][483x3072x5120][365x3072x5120][2069x3072x5120][2059x3072x5120][384x3072x5120][4808x3072x5120][342x3072x5120][760x3072x5120][343x3072x5120][342x3072x5120][1671x3072x5120][2410x3072x5120][545x3072x5120][2347x3072x5120][724x3072x5120][352x3072x5120]',,tensorop,f32,128,128,64,2,2,1,2,1,1,11,4,1,1,128,128,16,100,110,1493172224,1030993477632,690,0.797923,1742.81,1.2921e+06
1,CUTLASS,grouped_gemm,cutlass3x_sm100_tensorop_gemm_grouped_bf16_bf16_f32_f32_f32_128x128x64_2x2x1_0_tnt_align8_stream_k_2sm_epi_tma,passed,success,grouped,,,,,bf16:row,bf16:column,f32:row,f32:row,1,0,invalid,invalid,heuristic,1,false,'[515x3072x5120][368x3072x5120][422x3072x5120][5460x3072x5120][342x3072x5120][344x3072x5120][375x3072x5120][4938x3072x5120][483x3072x5120][365x3072x5120][2069x3072x5120][2059x3072x5120][384x3072x5120][4808x3072x5120][342x3072x5120][760x3072x5120][343x3072x5120][342x3072x5120][1671x3072x5120][2410x3072x5120][545x3072x5120][2347x3072x5120][724x3072x5120][352x3072x5120]',,tensorop,f32,128,128,64,2,2,1,2,1,1,11,4,1,1,128,128,16,100,110,1493172224,1030993477632,690,0.798355,1741.86,1.2914e+06
1,CUTLASS,grouped_gemm,cutlass3x_sm100_tensorop_gemm_grouped_bf16_bf16_f32_void_f32_128x128x64_2x2x1_0_tnt_align8_2sm_epi_tma,passed,success,grouped,,,,,bf16:row,bf16:column,void:row,f32:row,1,0,invalid,invalid,heuristic,1,false,'[515x3072x5120][368x3072x5120][422x3072x5120][5460x3072x5120][342x3072x5120][344x3072x5120][375x3072x5120][4938x3072x5120][483x3072x5120][365x3072x5120][2069x3072x5120][2059x3072x5120][384x3072x5120][4808x3072x5120][342x3072x5120][760x3072x5120][343x3072x5120][342x3072x5120][1671x3072x5120][2410x3072x5120][545x3072x5120][2347x3072x5120][724x3072x5120][352x3072x5120]',,tensorop,f32,128,128,64,2,2,1,2,1,1,11,4,1,1,128,128,16,100,110,1090519040,1030993477632,945,0.806218,1259.74,1.2788e+06
1,CUTLASS,grouped_gemm,cutlass3x_sm100_tensorop_gemm_grouped_bf16_bf16_f32_void_f32_128x128x64_2x2x1_0_tnt_align8_stream_k_2sm_epi_tma,passed,success,grouped,,,,,bf16:row,bf16:column,void:row,f32:row,1,0,invalid,invalid,heuristic,1,false,'[515x3072x5120][368x3072x5120][422x3072x5120][5460x3072x5120][342x3072x5120][344x3072x5120][375x3072x5120][4938x3072x5120][483x3072x5120][365x3072x5120][2069x3072x5120][2059x3072x5120][384x3072x5120][4808x3072x5120][342x3072x5120][760x3072x5120][343x3072x5120][342x3072x5120][1671x3072x5120][2410x3072x5120][545x3072x5120][2347x3072x5120][724x3072x5120][352x3072x5120]',,tensorop,f32,128,128,64,2,2,1,2,1,1,11,4,1,1,128,128,16,100,110,1090519040,1030993477632,945,0.805805,1260.39,1.27946e+06
1,CUTLASS,grouped_gemm,cutlass3x_sm100_tensorop_gemm_grouped_bf16_bf16_f32_f32_f32_128x128x64_4x1x1_0_tnt_align8_2sm_epi_tma,passed,success,grouped,,,,,bf16:row,bf16:column,f32:row,f32:row,1,0,invalid,invalid,heuristic,1,false,'[515x3072x5120][368x3072x5120][422x3072x5120][5460x3072x5120][342x3072x5120][344x3072x5120][375x3072x5120][4938x3072x5120][483x3072x5120][365x3072x5120][2069x3072x5120][2059x3072x5120][384x3072x5120][4808x3072x5120][342x3072x5120][760x3072x5120][343x3072x5120][342x3072x5120][1671x3072x5120][2410x3072x5120][545x3072x5120][2347x3072x5120][724x3072x5120][352x3072x5120]',,tensorop,f32,128,128,64,4,1,1,2,1,1,11,4,1,1,128,128,16,100,110,1493172224,1030993477632,690,0.864406,1608.76,1.19272e+06
1,CUTLASS,grouped_gemm,cutlass3x_sm100_tensorop_gemm_grouped_bf16_bf16_f32_f32_f32_128x128x64_4x1x1_0_tnt_align8_stream_k_2sm_epi_tma,passed,success,grouped,,,,,bf16:row,bf16:column,f32:row,f32:row,1,0,invalid,invalid,heuristic,1,false,'[515x3072x5120][368x3072x5120][422x3072x5120][5460x3072x5120][342x3072x5120][344x3072x5120][375x3072x5120][4938x3072x5120][483x3072x5120][365x3072x5120][2069x3072x5120][2059x3072x5120][384x3072x5120][4808x3072x5120][342x3072x5120][760x3072x5120][343x3072x5120][342x3072x5120][1671x3072x5120][2410x3072x5120][545x3072x5120][2347x3072x5120][724x3072x5120][352x3072x5120]',,tensorop,f32,128,128,64,4,1,1,2,1,1,11,4,1,1,128,128,16,100,110,1493172224,1030993477632,690,0.855165,1626.15,1.20561e+06
1,CUTLASS,grouped_gemm,cutlass3x_sm100_tensorop_gemm_grouped_bf16_bf16_f32_void_f32_128x128x64_4x1x1_0_tnt_align8_2sm_epi_tma,passed,success,grouped,,,,,bf16:row,bf16:column,void:row,f32:row,1,0,invalid,invalid,heuristic,1,false,'[515x3072x5120][368x3072x5120][422x3072x5120][5460x3072x5120][342x3072x5120][344x3072x5120][375x3072x5120][4938x3072x5120][483x3072x5120][365x3072x5120][2069x3072x5120][2059x3072x5120][384x3072x5120][4808x3072x5120][342x3072x5120][760x3072x5120][343x3072x5120][342x3072x5120][1671x3072x5120][2410x3072x5120][545x3072x5120][2347x3072x5120][724x3072x5120][352x3072x5120]',,tensorop,f32,128,128,64,4,1,1,2,1,1,11,4,1,1,128,128,16,100,110,1090519040,1030993477632,945,0.870963,1166.09,1.18374e+06
1,CUTLASS,grouped_gemm,cutlass3x_sm100_tensorop_gemm_grouped_bf16_bf16_f32_void_f32_128x128x64_4x1x1_0_tnt_align8_stream_k_2sm_epi_tma,passed,success,grouped,,,,,bf16:row,bf16:column,void:row,f32:row,1,0,invalid,invalid,heuristic,1,false,'[515x3072x5120][368x3072x5120][422x3072x5120][5460x3072x5120][342x3072x5120][344x3072x5120][375x3072x5120][4938x3072x5120][483x3072x5120][365x3072x5120][2069x3072x5120][2059x3072x5120][384x3072x5120][4808x3072x5120][342x3072x5120][760x3072x5120][343x3072x5120][342x3072x5120][1671x3072x5120][2410x3072x5120][545x3072x5120][2347x3072x5120][724x3072x5120][352x3072x5120]',,tensorop,f32,128,128,64,4,1,1,2,1,1,11,4,1,1,128,128,16,100,110,1090519040,1030993477632,945,0.869626,1167.89,1.18556e+06
1,CUTLASS,grouped_gemm,cutlass3x_sm100_tensorop_gemm_grouped_bf16_bf16_f32_f32_f32_128x128x64_2x4x1_0_tnt_align8_2sm_epi_tma,passed,success,grouped,,,,,bf16:row,bf16:column,f32:row,f32:row,1,0,invalid,invalid,heuristic,1,false,'[515x3072x5120][368x3072x5120][422x3072x5120][5460x3072x5120][342x3072x5120][344x3072x5120][375x3072x5120][4938x3072x5120][483x3072x5120][365x3072x5120][2069x3072x5120][2059x3072x5120][384x3072x5120][4808x3072x5120][342x3072x5120][760x3072x5120][343x3072x5120][342x3072x5120][1671x3072x5120][2410x3072x5120][545x3072x5120][2347x3072x5120][724x3072x5120][352x3072x5120]',,tensorop,f32,128,128,64,2,4,1,2,1,1,11,4,1,1,128,128,16,100,110,1493172224,1030993477632,690,0.872189,1594.41,1.18208e+06
1,CUTLASS,grouped_gemm,cutlass3x_sm100_tensorop_gemm_grouped_bf16_bf16_f32_f32_f32_128x128x64_2x4x1_0_tnt_align8_stream_k_2sm_epi_tma,passed,success,grouped,,,,,bf16:row,bf16:column,f32:row,f32:row,1,0,invalid,invalid,heuristic,1,false,'[515x3072x5120][368x3072x5120][422x3072x5120][5460x3072x5120][342x3072x5120][344x3072x5120][375x3072x5120][4938x3072x5120][483x3072x5120][365x3072x5120][2069x3072x5120][2059x3072x5120][384x3072x5120][4808x3072x5120][342x3072x5120][760x3072x5120][343x3072x5120][342x3072x5120][1671x3072x5120][2410x3072x5120][545x3072x5120][2347x3072x5120][724x3072x5120][352x3072x5120]',,tensorop,f32,128,128,64,2,4,1,2,1,1,11,4,1,1,128,128,16,100,110,1493172224,1030993477632,690,0.87175,1595.21,1.18267e+06
1,CUTLASS,grouped_gemm,cutlass3x_sm100_tensorop_gemm_grouped_bf16_bf16_f32_void_f32_128x128x64_2x4x1_0_tnt_align8_2sm_epi_tma,passed,success,grouped,,,,,bf16:row,bf16:column,void:row,f32:row,1,0,invalid,invalid,heuristic,1,false,'[515x3072x5120][368x3072x5120][422x3072x5120][5460x3072x5120][342x3072x5120][344x3072x5120][375x3072x5120][4938x3072x5120][483x3072x5120][365x3072x5120][2069x3072x5120][2059x3072x5120][384x3072x5120][4808x3072x5120][342x3072x5120][760x3072x5120][343x3072x5120][342x3072x5120][1671x3072x5120][2410x3072x5120][545x3072x5120][2347x3072x5120][724x3072x5120][352x3072x5120]',,tensorop,f32,128,128,64,2,4,1,2,1,1,11,4,1,1,128,128,16,100,110,1090519040,1030993477632,945,0.88425,1148.57,1.16595e+06
1,CUTLASS,grouped_gemm,cutlass3x_sm100_tensorop_gemm_grouped_bf16_bf16_f32_void_f32_128x128x64_2x4x1_0_tnt_align8_stream_k_2sm_epi_tma,passed,success,grouped,,,,,bf16:row,bf16:column,void:row,f32:row,1,0,invalid,invalid,heuristic,1,false,'[515x3072x5120][368x3072x5120][422x3072x5120][5460x3072x5120][342x3072x5120][344x3072x5120][375x3072x5120][4938x3072x5120][483x3072x5120][365x3072x5120][2069x3072x5120][2059x3072x5120][384x3072x5120][4808x3072x5120][342x3072x5120][760x3072x5120][343x3072x5120][342x3072x5120][1671x3072x5120][2410x3072x5120][545x3072x5120][2347x3072x5120][724x3072x5120][352x3072x5120]',,tensorop,f32,128,128,64,2,4,1,2,1,1,11,4,1,1,128,128,16,100,110,1090519040,1030993477632,945,0.884653,1148.05,1.16542e+06
1,CUTLASS,grouped_gemm,cutlass3x_sm100_tensorop_gemm_grouped_bf16_bf16_f32_f32_f32_128x128x64_4x2x1_0_tnt_align8_2sm_epi_tma,passed,success,grouped,,,,,bf16:row,bf16:column,f32:row,f32:row,1,0,invalid,invalid,heuristic,1,false,'[515x3072x5120][368x3072x5120][422x3072x5120][5460x3072x5120][342x3072x5120][344x3072x5120][375x3072x5120][4938x3072x5120][483x3072x5120][365x3072x5120][2069x3072x5120][2059x3072x5120][384x3072x5120][4808x3072x5120][342x3072x5120][760x3072x5120][343x3072x5120][342x3072x5120][1671x3072x5120][2410x3072x5120][545x3072x5120][2347x3072x5120][724x3072x5120][352x3072x5120]',,tensorop,f32,128,128,64,4,2,1,2,1,1,11,4,1,1,128,128,16,100,110,1493172224,1030993477632,690,0.945274,1471.13,1.09068e+06
1,CUTLASS,grouped_gemm,cutlass3x_sm100_tensorop_gemm_grouped_bf16_bf16_f32_f32_f32_128x128x64_4x2x1_0_tnt_align8_stream_k_2sm_epi_tma,passed,success,grouped,,,,,bf16:row,bf16:column,f32:row,f32:row,1,0,invalid,invalid,heuristic,1,false,'[515x3072x5120][368x3072x5120][422x3072x5120][5460x3072x5120][342x3072x5120][344x3072x5120][375x3072x5120][4938x3072x5120][483x3072x5120][365x3072x5120][2069x3072x5120][2059x3072x5120][384x3072x5120][4808x3072x5120][342x3072x5120][760x3072x5120][343x3072x5120][342x3072x5120][1671x3072x5120][2410x3072x5120][545x3072x5120][2347x3072x5120][724x3072x5120][352x3072x5120]',,tensorop,f32,128,128,64,4,2,1,2,1,1,11,4,1,1,128,128,16,100,110,1493172224,1030993477632,690,0.911485,1525.67,1.13111e+06
1,CUTLASS,grouped_gemm,cutlass3x_sm100_tensorop_gemm_grouped_bf16_bf16_f32_void_f32_128x128x64_4x2x1_0_tnt_align8_2sm_epi_tma,passed,success,grouped,,,,,bf16:row,bf16:column,void:row,f32:row,1,0,invalid,invalid,heuristic,1,false,'[515x3072x5120][368x3072x5120][422x3072x5120][5460x3072x5120][342x3072x5120][344x3072x5120][375x3072x5120][4938x3072x5120][483x3072x5120][365x3072x5120][2069x3072x5120][2059x3072x5120][384x3072x5120][4808x3072x5120][342x3072x5120][760x3072x5120][343x3072x5120][342x3072x5120][1671x3072x5120][2410x3072x5120][545x3072x5120][2347x3072x5120][724x3072x5120][352x3072x5120]',,tensorop,f32,128,128,64,4,2,1,2,1,1,11,4,1,1,128,128,16,100,110,1090519040,1030993477632,945,0.930528,1091.45,1.10797e+06
1,CUTLASS,grouped_gemm,cutlass3x_sm100_tensorop_gemm_grouped_bf16_bf16_f32_void_f32_128x128x64_4x2x1_0_tnt_align8_stream_k_2sm_epi_tma,passed,success,grouped,,,,,bf16:row,bf16:column,void:row,f32:row,1,0,invalid,invalid,heuristic,1,false,'[515x3072x5120][368x3072x5120][422x3072x5120][5460x3072x5120][342x3072x5120][344x3072x5120][375x3072x5120][4938x3072x5120][483x3072x5120][365x3072x5120][2069x3072x5120][2059x3072x5120][384x3072x5120][4808x3072x5120][342x3072x5120][760x3072x5120][343x3072x5120][342x3072x5120][1671x3072x5120][2410x3072x5120][545x3072x5120][2347x3072x5120][724x3072x5120][352x3072x5120]',,tensorop,f32,128,128,64,4,2,1,2,1,1,11,4,1,1,128,128,16,100,110,1090519040,1030993477632,945,0.930861,1091.06,1.10757e+06
1,CUTLASS,grouped_gemm,cutlass3x_sm100_tensorop_gemm_grouped_bf16_bf16_f32_f32_f32_128x128x64_4x4x1_0_tnt_align8_2sm_epi_tma,passed,success,grouped,,,,,bf16:row,bf16:column,f32:row,f32:row,1,0,invalid,invalid,heuristic,1,false,'[515x3072x5120][368x3072x5120][422x3072x5120][5460x3072x5120][342x3072x5120][344x3072x5120][375x3072x5120][4938x3072x5120][483x3072x5120][365x3072x5120][2069x3072x5120][2059x3072x5120][384x3072x5120][4808x3072x5120][342x3072x5120][760x3072x5120][343x3072x5120][342x3072x5120][1671x3072x5120][2410x3072x5120][545x3072x5120][2347x3072x5120][724x3072x5120][352x3072x5120]',,tensorop,f32,128,128,64,4,4,1,2,1,1,11,4,1,1,128,128,16,100,110,1493172224,1030993477632,690,1.01828,1365.65,1.01248e+06
1,CUTLASS,grouped_gemm,cutlass3x_sm100_tensorop_gemm_grouped_bf16_bf16_f32_f32_f32_128x128x64_4x4x1_0_tnt_align8_stream_k_2sm_epi_tma,passed,success,grouped,,,,,bf16:row,bf16:column,f32:row,f32:row,1,0,invalid,invalid,heuristic,1,false,'[515x3072x5120][368x3072x5120][422x3072x5120][5460x3072x5120][342x3072x5120][344x3072x5120][375x3072x5120][4938x3072x5120][483x3072x5120][365x3072x5120][2069x3072x5120][2059x3072x5120][384x3072x5120][4808x3072x5120][342x3072x5120][760x3072x5120][343x3072x5120][342x3072x5120][1671x3072x5120][2410x3072x5120][545x3072x5120][2347x3072x5120][724x3072x5120][352x3072x5120]',,tensorop,f32,128,128,64,4,4,1,2,1,1,11,4,1,1,128,128,16,100,110,1493172224,1030993477632,690,0.992685,1400.87,1.03859e+06
1,CUTLASS,grouped_gemm,cutlass3x_sm100_tensorop_gemm_grouped_bf16_bf16_f32_void_f32_128x128x64_4x4x1_0_tnt_align8_2sm_epi_tma,passed,success,grouped,,,,,bf16:row,bf16:column,void:row,f32:row,1,0,invalid,invalid,heuristic,1,false,'[515x3072x5120][368x3072x5120][422x3072x5120][5460x3072x5120][342x3072x5120][344x3072x5120][375x3072x5120][4938x3072x5120][483x3072x5120][365x3072x5120][2069x3072x5120][2059x3072x5120][384x3072x5120][4808x3072x5120][342x3072x5120][760x3072x5120][343x3072x5120][342x3072x5120][1671x3072x5120][2410x3072x5120][545x3072x5120][2347x3072x5120][724x3072x5120][352x3072x5120]',,tensorop,f32,128,128,64,4,4,1,2,1,1,11,4,1,1,128,128,16,100,110,1090519040,1030993477632,945,1.00846,1007.11,1.02235e+06
1,CUTLASS,grouped_gemm,cutlass3x_sm100_tensorop_gemm_grouped_bf16_bf16_f32_void_f32_128x128x64_4x4x1_0_tnt_align8_stream_k_2sm_epi_tma,passed,success,grouped,,,,,bf16:row,bf16:column,void:row,f32:row,1,0,invalid,invalid,heuristic,1,false,'[515x3072x5120][368x3072x5120][422x3072x5120][5460x3072x5120][342x3072x5120][344x3072x5120][375x3072x5120][4938x3072x5120][483x3072x5120][365x3072x5120][2069x3072x5120][2059x3072x5120][384x3072x5120][4808x3072x5120][342x3072x5120][760x3072x5120][343x3072x5120][342x3072x5120][1671x3072x5120][2410x3072x5120][545x3072x5120][2347x3072x5120][724x3072x5120][352x3072x5120]',,tensorop,f32,128,128,64,4,4,1,2,1,1,11,4,1,1,128,128,16,100,110,1090519040,1030993477632,945,1.01033,1005.24,1.02045e+06
1,CUTLASS,grouped_gemm,cutlass3x_sm100_tensorop_gemm_grouped_bf16_bf16_f32_bf16_bf16_128x128x64_0x0x1_0_tnt_align8_2sm_epi_tma,passed,success,grouped,,,,,bf16:row,bf16:column,bf16:row,bf16:row,1,0,invalid,invalid,heuristic,1,false,'[515x3072x5120][368x3072x5120][422x3072x5120][5460x3072x5120][342x3072x5120][344x3072x5120][375x3072x5120][4938x3072x5120][483x3072x5120][365x3072x5120][2069x3072x5120][2059x3072x5120][384x3072x5120][4808x3072x5120][342x3072x5120][760x3072x5120][343x3072x5120][342x3072x5120][1671x3072x5120][2410x3072x5120][545x3072x5120][2347x3072x5120][724x3072x5120][352x3072x5120]',,tensorop,f32,128,128,64,2,1,1,2,1,1,12,4,1,1,128,128,16,100,110,1291845632,1030993477632,798,0.863562,1393.21,1.19389e+06
1,CUTLASS,grouped_gemm,cutlass3x_sm100_tensorop_gemm_grouped_bf16_bf16_f32_bf16_bf16_128x128x64_0x0x1_0_tnt_align8_stream_k_2sm_epi_tma,passed,success,grouped,,,,,bf16:row,bf16:column,bf16:row,bf16:row,1,0,invalid,invalid,heuristic,1,false,'[515x3072x5120][368x3072x5120][422x3072x5120][5460x3072x5120][342x3072x5120][344x3072x5120][375x3072x5120][4938x3072x5120][483x3072x5120][365x3072x5120][2069x3072x5120][2059x3072x5120][384x3072x5120][4808x3072x5120][342x3072x5120][760x3072x5120][343x3072x5120][342x3072x5120][1671x3072x5120][2410x3072x5120][545x3072x5120][2347x3072x5120][724x3072x5120][352x3072x5120]',,tensorop,f32,128,128,64,2,1,1,2,1,1,12,4,1,1,128,128,16,100,110,1291845632,1030993477632,798,0.865331,1390.36,1.19144e+06
1,CUTLASS,grouped_gemm,cutlass3x_sm100_tensorop_gemm_grouped_bf16_bf16_f32_void_bf16_128x128x64_0x0x1_0_tnt_align8_2sm_epi_tma,passed,success,grouped,,,,,bf16:row,bf16:column,void:row,bf16:row,1,0,invalid,invalid,heuristic,1,false,'[515x3072x5120][368x3072x5120][422x3072x5120][5460x3072x5120][342x3072x5120][344x3072x5120][375x3072x5120][4938x3072x5120][483x3072x5120][365x3072x5120][2069x3072x5120][2059x3072x5120][384x3072x5120][4808x3072x5120][342x3072x5120][760x3072x5120][343x3072x5120][342x3072x5120][1671x3072x5120][2410x3072x5120][545x3072x5120][2347x3072x5120][724x3072x5120][352x3072x5120]',,tensorop,f32,128,128,64,2,1,1,2,1,1,12,4,1,1,128,128,16,100,110,1090519040,1030993477632,945,0.871779,1165,1.18263e+06
1,CUTLASS,grouped_gemm,cutlass3x_sm100_tensorop_gemm_grouped_bf16_bf16_f32_void_bf16_128x128x64_0x0x1_0_tnt_align8_stream_k_2sm_epi_tma,passed,success,grouped,,,,,bf16:row,bf16:column,void:row,bf16:row,1,0,invalid,invalid,heuristic,1,false,'[515x3072x5120][368x3072x5120][422x3072x5120][5460x3072x5120][342x3072x5120][344x3072x5120][375x3072x5120][4938x3072x5120][483x3072x5120][365x3072x5120][2069x3072x5120][2059x3072x5120][384x3072x5120][4808x3072x5120][342x3072x5120][760x3072x5120][343x3072x5120][342x3072x5120][1671x3072x5120][2410x3072x5120][545x3072x5120][2347x3072x5120][724x3072x5120][352x3072x5120]',,tensorop,f32,128,128,64,2,1,1,2,1,1,12,4,1,1,128,128,16,100,110,1090519040,1030993477632,945,0.870931,1166.14,1.18378e+06
1,CUTLASS,grouped_gemm,cutlass3x_sm100_tensorop_gemm_grouped_bf16_bf16_f32_bf16_bf16_128x128x64_2x1x1_0_tnt_align8_2sm_epi_tma,passed,success,grouped,,,,,bf16:row,bf16:column,bf16:row,bf16:row,1,0,invalid,invalid,heuristic,1,false,'[515x3072x5120][368x3072x5120][422x3072x5120][5460x3072x5120][342x3072x5120][344x3072x5120][375x3072x5120][4938x3072x5120][483x3072x5120][365x3072x5120][2069x3072x5120][2059x3072x5120][384x3072x5120][4808x3072x5120][342x3072x5120][760x3072x5120][343x3072x5120][342x3072x5120][1671x3072x5120][2410x3072x5120][545x3072x5120][2347x3072x5120][724x3072x5120][352x3072x5120]',,tensorop,f32,128,128,64,2,1,1,2,1,1,12,4,1,1,128,128,16,100,110,1291845632,1030993477632,798,0.86704,1387.62,1.1891e+06
1,CUTLASS,grouped_gemm,cutlass3x_sm100_tensorop_gemm_grouped_bf16_bf16_f32_bf16_bf16_128x128x64_2x1x1_0_tnt_align8_stream_k_2sm_epi_tma,passed,success,grouped,,,,,bf16:row,bf16:column,bf16:row,bf16:row,1,0,invalid,invalid,heuristic,1,false,'[515x3072x5120][368x3072x5120][422x3072x5120][5460x3072x5120][342x3072x5120][344x3072x5120][375x3072x5120][4938x3072x5120][483x3072x5120][365x3072x5120][2069x3072x5120][2059x3072x5120][384x3072x5120][4808x3072x5120][342x3072x5120][760x3072x5120][343x3072x5120][342x3072x5120][1671x3072x5120][2410x3072x5120][545x3072x5120][2347x3072x5120][724x3072x5120][352x3072x5120]',,tensorop,f32,128,128,64,2,1,1,2,1,1,12,4,1,1,128,128,16,100,110,1291845632,1030993477632,798,0.86704,1387.62,1.1891e+06
1,CUTLASS,grouped_gemm,cutlass3x_sm100_tensorop_gemm_grouped_bf16_bf16_f32_void_bf16_128x128x64_2x1x1_0_tnt_align8_2sm_epi_tma,passed,success,grouped,,,,,bf16:row,bf16:column,void:row,bf16:row,1,0,invalid,invalid,heuristic,1,false,'[515x3072x5120][368x3072x5120][422x3072x5120][5460x3072x5120][342x3072x5120][344x3072x5120][375x3072x5120][4938x3072x5120][483x3072x5120][365x3072x5120][2069x3072x5120][2059x3072x5120][384x3072x5120][4808x3072x5120][342x3072x5120][760x3072x5120][343x3072x5120][342x3072x5120][1671x3072x5120][2410x3072x5120][545x3072x5120][2347x3072x5120][724x3072x5120][352x3072x5120]',,tensorop,f32,128,128,64,2,1,1,2,1,1,12,4,1,1,128,128,16,100,110,1090519040,1030993477632,945,0.865405,1173.58,1.19134e+06
1,CUTLASS,grouped_gemm,cutlass3x_sm100_tensorop_gemm_grouped_bf16_bf16_f32_void_bf16_128x128x64_2x1x1_0_tnt_align8_stream_k_2sm_epi_tma,passed,success,grouped,,,,,bf16:row,bf16:column,void:row,bf16:row,1,0,invalid,invalid,heuristic,1,false,'[515x3072x5120][368x3072x5120][422x3072x5120][5460x3072x5120][342x3072x5120][344x3072x5120][375x3072x5120][4938x3072x5120][483x3072x5120][365x3072x5120][2069x3072x5120][2059x3072x5120][384x3072x5120][4808x3072x5120][342x3072x5120][760x3072x5120][343x3072x5120][342x3072x5120][1671x3072x5120][2410x3072x5120][545x3072x5120][2347x3072x5120][724x3072x5120][352x3072x5120]',,tensorop,f32,128,128,64,2,1,1,2,1,1,12,4,1,1,128,128,16,100,110,1090519040,1030993477632,945,0.867888,1170.23,1.18793e+06
1,CUTLASS,grouped_gemm,cutlass3x_sm100_tensorop_gemm_grouped_bf16_bf16_f32_bf16_bf16_128x128x64_2x2x1_0_tnt_align8_2sm_epi_tma,passed,success,grouped,,,,,bf16:row,bf16:column,bf16:row,bf16:row,1,0,invalid,invalid,heuristic,1,false,'[515x3072x5120][368x3072x5120][422x3072x5120][5460x3072x5120][342x3072x5120][344x3072x5120][375x3072x5120][4938x3072x5120][483x3072x5120][365x3072x5120][2069x3072x5120][2059x3072x5120][384x3072x5120][4808x3072x5120][342x3072x5120][760x3072x5120][343x3072x5120][342x3072x5120][1671x3072x5120][2410x3072x5120][545x3072x5120][2347x3072x5120][724x3072x5120][352x3072x5120]',,tensorop,f32,128,128,64,2,2,1,2,1,1,12,4,1,1,128,128,16,100,110,1291845632,1030993477632,798,0.749379,1605.5,1.3758e+06
1,CUTLASS,grouped_gemm,cutlass3x_sm100_tensorop_gemm_grouped_bf16_bf16_f32_bf16_bf16_128x128x64_2x2x1_0_tnt_align8_stream_k_2sm_epi_tma,passed,success,grouped,,,,,bf16:row,bf16:column,bf16:row,bf16:row,1,0,invalid,invalid,heuristic,1,false,'[515x3072x5120][368x3072x5120][422x3072x5120][5460x3072x5120][342x3072x5120][344x3072x5120][375x3072x5120][4938x3072x5120][483x3072x5120][365x3072x5120][2069x3072x5120][2059x3072x5120][384x3072x5120][4808x3072x5120][342x3072x5120][760x3072x5120][343x3072x5120][342x3072x5120][1671x3072x5120][2410x3072x5120][545x3072x5120][2347x3072x5120][724x3072x5120][352x3072x5120]',,tensorop,f32,128,128,64,2,2,1,2,1,1,12,4,1,1,128,128,16,100,110,1291845632,1030993477632,798,0.748765,1606.81,1.37693e+06
1,CUTLASS,grouped_gemm,cutlass3x_sm100_tensorop_gemm_grouped_bf16_bf16_f32_void_bf16_128x128x64_2x2x1_0_tnt_align8_2sm_epi_tma,passed,success,grouped,,,,,bf16:row,bf16:column,void:row,bf16:row,1,0,invalid,invalid,heuristic,1,false,'[515x3072x5120][368x3072x5120][422x3072x5120][5460x3072x5120][342x3072x5120][344x3072x5120][375x3072x5120][4938x3072x5120][483x3072x5120][365x3072x5120][2069x3072x5120][2059x3072x5120][384x3072x5120][4808x3072x5120][342x3072x5120][760x3072x5120][343x3072x5120][342x3072x5120][1671x3072x5120][2410x3072x5120][545x3072x5120][2347x3072x5120][724x3072x5120][352x3072x5120]',,tensorop,f32,128,128,64,2,2,1,2,1,1,12,4,1,1,128,128,16,100,110,1090519040,1030993477632,945,0.751562,1351.35,1.3718e+06
1,CUTLASS,grouped_gemm,cutlass3x_sm100_tensorop_gemm_grouped_bf16_bf16_f32_void_bf16_128x128x64_2x2x1_0_tnt_align8_stream_k_2sm_epi_tma,passed,success,grouped,,,,,bf16:row,bf16:column,void:row,bf16:row,1,0,invalid,invalid,heuristic,1,false,'[515x3072x5120][368x3072x5120][422x3072x5120][5460x3072x5120][342x3072x5120][344x3072x5120][375x3072x5120][4938x3072x5120][483x3072x5120][365x3072x5120][2069x3072x5120][2059x3072x5120][384x3072x5120][4808x3072x5120][342x3072x5120][760x3072x5120][343x3072x5120][342x3072x5120][1671x3072x5120][2410x3072x5120][545x3072x5120][2347x3072x5120][724x3072x5120][352x3072x5120]',,tensorop,f32,128,128,64,2,2,1,2,1,1,12,4,1,1,128,128,16,100,110,1090519040,1030993477632,945,0.751232,1351.95,1.3724e+06
1,CUTLASS,grouped_gemm,cutlass3x_sm100_tensorop_gemm_grouped_bf16_bf16_f32_bf16_bf16_128x128x64_4x1x1_0_tnt_align8_2sm_epi_tma,passed,success,grouped,,,,,bf16:row,bf16:column,bf16:row,bf16:row,1,0,invalid,invalid,heuristic,1,false,'[515x3072x5120][368x3072x5120][422x3072x5120][5460x3072x5120][342x3072x5120][344x3072x5120][375x3072x5120][4938x3072x5120][483x3072x5120][365x3072x5120][2069x3072x5120][2059x3072x5120][384x3072x5120][4808x3072x5120][342x3072x5120][760x3072x5120][343x3072x5120][342x3072x5120][1671x3072x5120][2410x3072x5120][545x3072x5120][2347x3072x5120][724x3072x5120][352x3072x5120]',,tensorop,f32,128,128,64,4,1,1,2,1,1,12,4,1,1,128,128,16,100,110,1291845632,1030993477632,798,0.842058,1428.79,1.22437e+06
1,CUTLASS,grouped_gemm,cutlass3x_sm100_tensorop_gemm_grouped_bf16_bf16_f32_bf16_bf16_128x128x64_4x1x1_0_tnt_align8_stream_k_2sm_epi_tma,passed,success,grouped,,,,,bf16:row,bf16:column,bf16:row,bf16:row,1,0,invalid,invalid,heuristic,1,false,'[515x3072x5120][368x3072x5120][422x3072x5120][5460x3072x5120][342x3072x5120][344x3072x5120][375x3072x5120][4938x3072x5120][483x3072x5120][365x3072x5120][2069x3072x5120][2059x3072x5120][384x3072x5120][4808x3072x5120][342x3072x5120][760x3072x5120][343x3072x5120][342x3072x5120][1671x3072x5120][2410x3072x5120][545x3072x5120][2347x3072x5120][724x3072x5120][352x3072x5120]',,tensorop,f32,128,128,64,4,1,1,2,1,1,12,4,1,1,128,128,16,100,110,1291845632,1030993477632,798,0.840829,1430.88,1.22616e+06
1,CUTLASS,grouped_gemm,cutlass3x_sm100_tensorop_gemm_grouped_bf16_bf16_f32_void_bf16_128x128x64_4x1x1_0_tnt_align8_2sm_epi_tma,passed,success,grouped,,,,,bf16:row,bf16:column,void:row,bf16:row,1,0,invalid,invalid,heuristic,1,false,'[515x3072x5120][368x3072x5120][422x3072x5120][5460x3072x5120][342x3072x5120][344x3072x5120][375x3072x5120][4938x3072x5120][483x3072x5120][365x3072x5120][2069x3072x5120][2059x3072x5120][384x3072x5120][4808x3072x5120][342x3072x5120][760x3072x5120][343x3072x5120][342x3072x5120][1671x3072x5120][2410x3072x5120][545x3072x5120][2347x3072x5120][724x3072x5120][352x3072x5120]',,tensorop,f32,128,128,64,4,1,1,2,1,1,12,4,1,1,128,128,16,100,110,1090519040,1030993477632,945,0.84513,1201.74,1.21992e+06
1,CUTLASS,grouped_gemm,cutlass3x_sm100_tensorop_gemm_grouped_bf16_bf16_f32_void_bf16_128x128x64_4x1x1_0_tnt_align8_stream_k_2sm_epi_tma,passed,success,grouped,,,,,bf16:row,bf16:column,void:row,bf16:row,1,0,invalid,invalid,heuristic,1,false,'[515x3072x5120][368x3072x5120][422x3072x5120][5460x3072x5120][342x3072x5120][344x3072x5120][375x3072x5120][4938x3072x5120][483x3072x5120][365x3072x5120][2069x3072x5120][2059x3072x5120][384x3072x5120][4808x3072x5120][342x3072x5120][760x3072x5120][343x3072x5120][342x3072x5120][1671x3072x5120][2410x3072x5120][545x3072x5120][2347x3072x5120][724x3072x5120][352x3072x5120]',,tensorop,f32,128,128,64,4,1,1,2,1,1,12,4,1,1,128,128,16,100,110,1090519040,1030993477632,945,0.847587,1198.25,1.21639e+06
1,CUTLASS,grouped_gemm,cutlass3x_sm100_tensorop_gemm_grouped_bf16_bf16_f32_bf16_bf16_128x128x64_2x4x1_0_tnt_align8_2sm_epi_tma,passed,success,grouped,,,,,bf16:row,bf16:column,bf16:row,bf16:row,1,0,invalid,invalid,heuristic,1,false,'[515x3072x5120][368x3072x5120][422x3072x5120][5460x3072x5120][342x3072x5120][344x3072x5120][375x3072x5120][4938x3072x5120][483x3072x5120][365x3072x5120][2069x3072x5120][2059x3072x5120][384x3072x5120][4808x3072x5120][342x3072x5120][760x3072x5120][343x3072x5120][342x3072x5120][1671x3072x5120][2410x3072x5120][545x3072x5120][2347x3072x5120][724x3072x5120][352x3072x5120]',,tensorop,f32,128,128,64,2,4,1,2,1,1,12,4,1,1,128,128,16,100,110,1291845632,1030993477632,798,0.801811,1500.51,1.28583e+06
1,CUTLASS,grouped_gemm,cutlass3x_sm100_tensorop_gemm_grouped_bf16_bf16_f32_bf16_bf16_128x128x64_2x4x1_0_tnt_align8_stream_k_2sm_epi_tma,passed,success,grouped,,,,,bf16:row,bf16:column,bf16:row,bf16:row,1,0,invalid,invalid,heuristic,1,false,'[515x3072x5120][368x3072x5120][422x3072x5120][5460x3072x5120][342x3072x5120][344x3072x5120][375x3072x5120][4938x3072x5120][483x3072x5120][365x3072x5120][2069x3072x5120][2059x3072x5120][384x3072x5120][4808x3072x5120][342x3072x5120][760x3072x5120][343x3072x5120][342x3072x5120][1671x3072x5120][2410x3072x5120][545x3072x5120][2347x3072x5120][724x3072x5120][352x3072x5120]',,tensorop,f32,128,128,64,2,4,1,2,1,1,12,4,1,1,128,128,16,100,110,1291845632,1030993477632,798,0.8012,1501.65,1.28681e+06
1,CUTLASS,grouped_gemm,cutlass3x_sm100_tensorop_gemm_grouped_bf16_bf16_f32_void_bf16_128x128x64_2x4x1_0_tnt_align8_2sm_epi_tma,passed,success,grouped,,,,,bf16:row,bf16:column,void:row,bf16:row,1,0,invalid,invalid,heuristic,1,false,'[515x3072x5120][368x3072x5120][422x3072x5120][5460x3072x5120][342x3072x5120][344x3072x5120][375x3072x5120][4938x3072x5120][483x3072x5120][365x3072x5120][2069x3072x5120][2059x3072x5120][384x3072x5120][4808x3072x5120][342x3072x5120][760x3072x5120][343x3072x5120][342x3072x5120][1671x3072x5120][2410x3072x5120][545x3072x5120][2347x3072x5120][724x3072x5120][352x3072x5120]',,tensorop,f32,128,128,64,2,4,1,2,1,1,12,4,1,1,128,128,16,100,110,1090519040,1030993477632,945,0.807571,1257.63,1.27666e+06
1,CUTLASS,grouped_gemm,cutlass3x_sm100_tensorop_gemm_grouped_bf16_bf16_f32_void_bf16_128x128x64_2x4x1_0_tnt_align8_stream_k_2sm_epi_tma,passed,success,grouped,,,,,bf16:row,bf16:column,void:row,bf16:row,1,0,invalid,invalid,heuristic,1,false,'[515x3072x5120][368x3072x5120][422x3072x5120][5460x3072x5120][342x3072x5120][344x3072x5120][375x3072x5120][4938x3072x5120][483x3072x5120][365x3072x5120][2069x3072x5120][2059x3072x5120][384x3072x5120][4808x3072x5120][342x3072x5120][760x3072x5120][343x3072x5120][342x3072x5120][1671x3072x5120][2410x3072x5120][545x3072x5120][2347x3072x5120][724x3072x5120][352x3072x5120]',,tensorop,f32,128,128,64,2,4,1,2,1,1,12,4,1,1,128,128,16,100,110,1090519040,1030993477632,945,0.807363,1257.95,1.27699e+06
1,CUTLASS,grouped_gemm,cutlass3x_sm100_tensorop_gemm_grouped_bf16_bf16_f32_bf16_bf16_128x128x64_4x2x1_0_tnt_align8_2sm_epi_tma,passed,success,grouped,,,,,bf16:row,bf16:column,bf16:row,bf16:row,1,0,invalid,invalid,heuristic,1,false,'[515x3072x5120][368x3072x5120][422x3072x5120][5460x3072x5120][342x3072x5120][344x3072x5120][375x3072x5120][4938x3072x5120][483x3072x5120][365x3072x5120][2069x3072x5120][2059x3072x5120][384x3072x5120][4808x3072x5120][342x3072x5120][760x3072x5120][343x3072x5120][342x3072x5120][1671x3072x5120][2410x3072x5120][545x3072x5120][2347x3072x5120][724x3072x5120][352x3072x5120]',,tensorop,f32,128,128,64,4,2,1,2,1,1,12,4,1,1,128,128,16,100,110,1291845632,1030993477632,798,0.856592,1404.55,1.2036e+06
1,CUTLASS,grouped_gemm,cutlass3x_sm100_tensorop_gemm_grouped_bf16_bf16_f32_bf16_bf16_128x128x64_4x2x1_0_tnt_align8_stream_k_2sm_epi_tma,passed,success,grouped,,,,,bf16:row,bf16:column,bf16:row,bf16:row,1,0,invalid,invalid,heuristic,1,false,'[515x3072x5120][368x3072x5120][422x3072x5120][5460x3072x5120][342x3072x5120][344x3072x5120][375x3072x5120][4938x3072x5120][483x3072x5120][365x3072x5120][2069x3072x5120][2059x3072x5120][384x3072x5120][4808x3072x5120][342x3072x5120][760x3072x5120][343x3072x5120][342x3072x5120][1671x3072x5120][2410x3072x5120][545x3072x5120][2347x3072x5120][724x3072x5120][352x3072x5120]',,tensorop,f32,128,128,64,4,2,1,2,1,1,12,4,1,1,128,128,16,100,110,1291845632,1030993477632,798,0.857216,1403.53,1.20272e+06
1,CUTLASS,grouped_gemm,cutlass3x_sm100_tensorop_gemm_grouped_bf16_bf16_f32_void_bf16_128x128x64_4x2x1_0_tnt_align8_2sm_epi_tma,passed,success,grouped,,,,,bf16:row,bf16:column,void:row,bf16:row,1,0,invalid,invalid,heuristic,1,false,'[515x3072x5120][368x3072x5120][422x3072x5120][5460x3072x5120][342x3072x5120][344x3072x5120][375x3072x5120][4938x3072x5120][483x3072x5120][365x3072x5120][2069x3072x5120][2059x3072x5120][384x3072x5120][4808x3072x5120][342x3072x5120][760x3072x5120][343x3072x5120][342x3072x5120][1671x3072x5120][2410x3072x5120][545x3072x5120][2347x3072x5120][724x3072x5120][352x3072x5120]',,tensorop,f32,128,128,64,4,2,1,2,1,1,12,4,1,1,128,128,16,100,110,1090519040,1030993477632,945,0.866627,1171.93,1.18966e+06
1,CUTLASS,grouped_gemm,cutlass3x_sm100_tensorop_gemm_grouped_bf16_bf16_f32_void_bf16_128x128x64_4x2x1_0_tnt_align8_stream_k_2sm_epi_tma,passed,success,grouped,,,,,bf16:row,bf16:column,void:row,bf16:row,1,0,invalid,invalid,heuristic,1,false,'[515x3072x5120][368x3072x5120][422x3072x5120][5460x3072x5120][342x3072x5120][344x3072x5120][375x3072x5120][4938x3072x5120][483x3072x5120][365x3072x5120][2069x3072x5120][2059x3072x5120][384x3072x5120][4808x3072x5120][342x3072x5120][760x3072x5120][343x3072x5120][342x3072x5120][1671x3072x5120][2410x3072x5120][545x3072x5120][2347x3072x5120][724x3072x5120][352x3072x5120]',,tensorop,f32,128,128,64,4,2,1,2,1,1,12,4,1,1,128,128,16,100,110,1090519040,1030993477632,945,0.866426,1172.2,1.18994e+06
1,CUTLASS,grouped_gemm,cutlass3x_sm100_tensorop_gemm_grouped_bf16_bf16_f32_bf16_bf16_128x128x64_4x4x1_0_tnt_align8_2sm_epi_tma,passed,success,grouped,,,,,bf16:row,bf16:column,bf16:row,bf16:row,1,0,invalid,invalid,heuristic,1,false,'[515x3072x5120][368x3072x5120][422x3072x5120][5460x3072x5120][342x3072x5120][344x3072x5120][375x3072x5120][4938x3072x5120][483x3072x5120][365x3072x5120][2069x3072x5120][2059x3072x5120][384x3072x5120][4808x3072x5120][342x3072x5120][760x3072x5120][343x3072x5120][342x3072x5120][1671x3072x5120][2410x3072x5120][545x3072x5120][2347x3072x5120][724x3072x5120][352x3072x5120]',,tensorop,f32,128,128,64,4,4,1,2,1,1,12,4,1,1,128,128,16,100,110,1291845632,1030993477632,798,0.888336,1354.36,1.16059e+06
1,CUTLASS,grouped_gemm,cutlass3x_sm100_tensorop_gemm_grouped_bf16_bf16_f32_bf16_bf16_128x128x64_4x4x1_0_tnt_align8_stream_k_2sm_epi_tma,passed,success,grouped,,,,,bf16:row,bf16:column,bf16:row,bf16:row,1,0,invalid,invalid,heuristic,1,false,'[515x3072x5120][368x3072x5120][422x3072x5120][5460x3072x5120][342x3072x5120][344x3072x5120][375x3072x5120][4938x3072x5120][483x3072x5120][365x3072x5120][2069x3072x5120][2059x3072x5120][384x3072x5120][4808x3072x5120][342x3072x5120][760x3072x5120][343x3072x5120][342x3072x5120][1671x3072x5120][2410x3072x5120][545x3072x5120][2347x3072x5120][724x3072x5120][352x3072x5120]',,tensorop,f32,128,128,64,4,4,1,2,1,1,12,4,1,1,128,128,16,100,110,1291845632,1030993477632,798,0.887315,1355.92,1.16192e+06
1,CUTLASS,grouped_gemm,cutlass3x_sm100_tensorop_gemm_grouped_bf16_bf16_f32_void_bf16_128x128x64_4x4x1_0_tnt_align8_2sm_epi_tma,passed,success,grouped,,,,,bf16:row,bf16:column,void:row,bf16:row,1,0,invalid,invalid,heuristic,1,false,'[515x3072x5120][368x3072x5120][422x3072x5120][5460x3072x5120][342x3072x5120][344x3072x5120][375x3072x5120][4938x3072x5120][483x3072x5120][365x3072x5120][2069x3072x5120][2059x3072x5120][384x3072x5120][4808x3072x5120][342x3072x5120][760x3072x5120][343x3072x5120][342x3072x5120][1671x3072x5120][2410x3072x5120][545x3072x5120][2347x3072x5120][724x3072x5120][352x3072x5120]',,tensorop,f32,128,128,64,4,4,1,2,1,1,12,4,1,1,128,128,16,100,110,1090519040,1030993477632,945,0.894893,1134.91,1.15209e+06
1,CUTLASS,grouped_gemm,cutlass3x_sm100_tensorop_gemm_grouped_bf16_bf16_f32_void_bf16_128x128x64_4x4x1_0_tnt_align8_stream_k_2sm_epi_tma,passed,success,grouped,,,,,bf16:row,bf16:column,void:row,bf16:row,1,0,invalid,invalid,heuristic,1,false,'[515x3072x5120][368x3072x5120][422x3072x5120][5460x3072x5120][342x3072x5120][344x3072x5120][375x3072x5120][4938x3072x5120][483x3072x5120][365x3072x5120][2069x3072x5120][2059x3072x5120][384x3072x5120][4808x3072x5120][342x3072x5120][760x3072x5120][343x3072x5120][342x3072x5120][1671x3072x5120][2410x3072x5120][545x3072x5120][2347x3072x5120][724x3072x5120][352x3072x5120]',,tensorop,f32,128,128,64,4,4,1,2,1,1,12,4,1,1,128,128,16,100,110,1090519040,1030993477632,945,0.894106,1135.91,1.1531e+06
1,CUTLASS,grouped_gemm,cutlass3x_sm100_tensorop_gemm_grouped_bf16_bf16_f32_f32_f32_128x256x64_0x0x1_0_tnt_align8_2sm_epi_tma,passed,success,grouped,,,,,bf16:row,bf16:column,f32:row,f32:row,1,0,invalid,invalid,heuristic,1,false,'[515x3072x5120][368x3072x5120][422x3072x5120][5460x3072x5120][342x3072x5120][344x3072x5120][375x3072x5120][4938x3072x5120][483x3072x5120][365x3072x5120][2069x3072x5120][2059x3072x5120][384x3072x5120][4808x3072x5120][342x3072x5120][760x3072x5120][343x3072x5120][342x3072x5120][1671x3072x5120][2410x3072x5120][545x3072x5120][2347x3072x5120][724x3072x5120][352x3072x5120]',,tensorop,f32,128,256,64,2,1,1,2,1,1,7,4,1,1,128,256,16,100,110,1493172224,1030993477632,690,0.700877,1984.12,1.47101e+06
1,CUTLASS,grouped_gemm,cutlass3x_sm100_tensorop_gemm_grouped_bf16_bf16_f32_f32_f32_128x256x64_0x0x1_0_tnt_align8_stream_k_2sm_epi_tma,passed,success,grouped,,,,,bf16:row,bf16:column,f32:row,f32:row,1,0,invalid,invalid,heuristic,1,false,'[515x3072x5120][368x3072x5120][422x3072x5120][5460x3072x5120][342x3072x5120][344x3072x5120][375x3072x5120][4938x3072x5120][483x3072x5120][365x3072x5120][2069x3072x5120][2059x3072x5120][384x3072x5120][4808x3072x5120][342x3072x5120][760x3072x5120][343x3072x5120][342x3072x5120][1671x3072x5120][2410x3072x5120][545x3072x5120][2347x3072x5120][724x3072x5120][352x3072x5120]',,tensorop,f32,128,256,64,2,1,1,2,1,1,7,4,1,1,128,256,16,100,110,1493172224,1030993477632,690,0.700362,1985.58,1.47209e+06
1,CUTLASS,grouped_gemm,cutlass3x_sm100_tensorop_gemm_grouped_bf16_bf16_f32_void_f32_128x256x64_0x0x1_0_tnt_align8_2sm_epi_tma,passed,success,grouped,,,,,bf16:row,bf16:column,void:row,f32:row,1,0,invalid,invalid,heuristic,1,false,'[515x3072x5120][368x3072x5120][422x3072x5120][5460x3072x5120][342x3072x5120][344x3072x5120][375x3072x5120][4938x3072x5120][483x3072x5120][365x3072x5120][2069x3072x5120][2059x3072x5120][384x3072x5120][4808x3072x5120][342x3072x5120][760x3072x5120][343x3072x5120][342x3072x5120][1671x3072x5120][2410x3072x5120][545x3072x5120][2347x3072x5120][724x3072x5120][352x3072x5120]',,tensorop,f32,128,256,64,2,1,1,2,1,1,7,4,1,1,128,256,16,100,110,1090519040,1030993477632,945,0.701254,1448.3,1.47021e+06
1,CUTLASS,grouped_gemm,cutlass3x_sm100_tensorop_gemm_grouped_bf16_bf16_f32_void_f32_128x256x64_0x0x1_0_tnt_align8_stream_k_2sm_epi_tma,passed,success,grouped,,,,,bf16:row,bf16:column,void:row,f32:row,1,0,invalid,invalid,heuristic,1,false,'[515x3072x5120][368x3072x5120][422x3072x5120][5460x3072x5120][342x3072x5120][344x3072x5120][375x3072x5120][4938x3072x5120][483x3072x5120][365x3072x5120][2069x3072x5120][2059x3072x5120][384x3072x5120][4808x3072x5120][342x3072x5120][760x3072x5120][343x3072x5120][342x3072x5120][1671x3072x5120][2410x3072x5120][545x3072x5120][2347x3072x5120][724x3072x5120][352x3072x5120]',,tensorop,f32,128,256,64,2,1,1,2,1,1,7,4,1,1,128,256,16,100,110,1090519040,1030993477632,945,0.700771,1449.3,1.47123e+06
1,CUTLASS,grouped_gemm,cutlass3x_sm100_tensorop_gemm_grouped_bf16_bf16_f32_f32_f32_128x256x64_2x1x1_0_tnt_align8_2sm_epi_tma,passed,success,grouped,,,,,bf16:row,bf16:column,f32:row,f32:row,1,0,invalid,invalid,heuristic,1,false,'[515x3072x5120][368x3072x5120][422x3072x5120][5460x3072x5120][342x3072x5120][344x3072x5120][375x3072x5120][4938x3072x5120][483x3072x5120][365x3072x5120][2069x3072x5120][2059x3072x5120][384x3072x5120][4808x3072x5120][342x3072x5120][760x3072x5120][343x3072x5120][342x3072x5120][1671x3072x5120][2410x3072x5120][545x3072x5120][2347x3072x5120][724x3072x5120][352x3072x5120]',,tensorop,f32,128,256,64,2,1,1,2,1,1,7,4,1,1,128,256,16,100,110,1493172224,1030993477632,690,0.700435,1985.37,1.47193e+06
1,CUTLASS,grouped_gemm,cutlass3x_sm100_tensorop_gemm_grouped_bf16_bf16_f32_f32_f32_128x256x64_2x1x1_0_tnt_align8_stream_k_2sm_epi_tma,passed,success,grouped,,,,,bf16:row,bf16:column,f32:row,f32:row,1,0,invalid,invalid,heuristic,1,false,'[515x3072x5120][368x3072x5120][422x3072x5120][5460x3072x5120][342x3072x5120][344x3072x5120][375x3072x5120][4938x3072x5120][483x3072x5120][365x3072x5120][2069x3072x5120][2059x3072x5120][384x3072x5120][4808x3072x5120][342x3072x5120][760x3072x5120][343x3072x5120][342x3072x5120][1671x3072x5120][2410x3072x5120][545x3072x5120][2347x3072x5120][724x3072x5120][352x3072x5120]',,tensorop,f32,128,256,64,2,1,1,2,1,1,7,4,1,1,128,256,16,100,110,1493172224,1030993477632,690,0.69944,1988.2,1.47403e+06
1,CUTLASS,grouped_gemm,cutlass3x_sm100_tensorop_gemm_grouped_bf16_bf16_f32_void_f32_128x256x64_2x1x1_0_tnt_align8_2sm_epi_tma,passed,success,grouped,,,,,bf16:row,bf16:column,void:row,f32:row,1,0,invalid,invalid,heuristic,1,false,'[515x3072x5120][368x3072x5120][422x3072x5120][5460x3072x5120][342x3072x5120][344x3072x5120][375x3072x5120][4938x3072x5120][483x3072x5120][365x3072x5120][2069x3072x5120][2059x3072x5120][384x3072x5120][4808x3072x5120][342x3072x5120][760x3072x5120][343x3072x5120][342x3072x5120][1671x3072x5120][2410x3072x5120][545x3072x5120][2347x3072x5120][724x3072x5120][352x3072x5120]',,tensorop,f32,128,256,64,2,1,1,2,1,1,7,4,1,1,128,256,16,100,110,1090519040,1030993477632,945,0.701082,1448.65,1.47058e+06
1,CUTLASS,grouped_gemm,cutlass3x_sm100_tensorop_gemm_grouped_bf16_bf16_f32_void_f32_128x256x64_2x1x1_0_tnt_align8_stream_k_2sm_epi_tma,passed,success,grouped,,,,,bf16:row,bf16:column,void:row,f32:row,1,0,invalid,invalid,heuristic,1,false,'[515x3072x5120][368x3072x5120][422x3072x5120][5460x3072x5120][342x3072x5120][344x3072x5120][375x3072x5120][4938x3072x5120][483x3072x5120][365x3072x5120][2069x3072x5120][2059x3072x5120][384x3072x5120][4808x3072x5120][342x3072x5120][760x3072x5120][343x3072x5120][342x3072x5120][1671x3072x5120][2410x3072x5120][545x3072x5120][2347x3072x5120][724x3072x5120][352x3072x5120]',,tensorop,f32,128,256,64,2,1,1,2,1,1,7,4,1,1,128,256,16,100,110,1090519040,1030993477632,945,0.701696,1447.39,1.46929e+06
1,CUTLASS,grouped_gemm,cutlass3x_sm100_tensorop_gemm_grouped_bf16_bf16_f32_f32_f32_128x256x64_2x2x1_0_tnt_align8_2sm_epi_tma,passed,success,grouped,,,,,bf16:row,bf16:column,f32:row,f32:row,1,0,invalid,invalid,heuristic,1,false,'[515x3072x5120][368x3072x5120][422x3072x5120][5460x3072x5120][342x3072x5120][344x3072x5120][375x3072x5120][4938x3072x5120][483x3072x5120][365x3072x5120][2069x3072x5120][2059x3072x5120][384x3072x5120][4808x3072x5120][342x3072x5120][760x3072x5120][343x3072x5120][342x3072x5120][1671x3072x5120][2410x3072x5120][545x3072x5120][2347x3072x5120][724x3072x5120][352x3072x5120]',,tensorop,f32,128,256,64,2,2,1,2,1,1,7,4,1,1,128,256,16,100,110,1493172224,1030993477632,690,0.718662,1935.02,1.4346e+06
1,CUTLASS,grouped_gemm,cutlass3x_sm100_tensorop_gemm_grouped_bf16_bf16_f32_f32_f32_128x256x64_2x2x1_0_tnt_align8_stream_k_2sm_epi_tma,passed,success,grouped,,,,,bf16:row,bf16:column,f32:row,f32:row,1,0,invalid,invalid,heuristic,1,false,'[515x3072x5120][368x3072x5120][422x3072x5120][5460x3072x5120][342x3072x5120][344x3072x5120][375x3072x5120][4938x3072x5120][483x3072x5120][365x3072x5120][2069x3072x5120][2059x3072x5120][384x3072x5120][4808x3072x5120][342x3072x5120][760x3072x5120][343x3072x5120][342x3072x5120][1671x3072x5120][2410x3072x5120][545x3072x5120][2347x3072x5120][724x3072x5120][352x3072x5120]',,tensorop,f32,128,256,64,2,2,1,2,1,1,7,4,1,1,128,256,16,100,110,1493172224,1030993477632,690,0.718458,1935.57,1.43501e+06
1,CUTLASS,grouped_gemm,cutlass3x_sm100_tensorop_gemm_grouped_bf16_bf16_f32_void_f32_128x256x64_2x2x1_0_tnt_align8_2sm_epi_tma,passed,success,grouped,,,,,bf16:row,bf16:column,void:row,f32:row,1,0,invalid,invalid,heuristic,1,false,'[515x3072x5120][368x3072x5120][422x3072x5120][5460x3072x5120][342x3072x5120][344x3072x5120][375x3072x5120][4938x3072x5120][483x3072x5120][365x3072x5120][2069x3072x5120][2059x3072x5120][384x3072x5120][4808x3072x5120][342x3072x5120][760x3072x5120][343x3072x5120][342x3072x5120][1671x3072x5120][2410x3072x5120][545x3072x5120][2347x3072x5120][724x3072x5120][352x3072x5120]',,tensorop,f32,128,256,64,2,2,1,2,1,1,7,4,1,1,128,256,16,100,110,1090519040,1030993477632,945,0.721939,1406.8,1.42809e+06
1,CUTLASS,grouped_gemm,cutlass3x_sm100_tensorop_gemm_grouped_bf16_bf16_f32_void_f32_128x256x64_2x2x1_0_tnt_align8_stream_k_2sm_epi_tma,passed,success,grouped,,,,,bf16:row,bf16:column,void:row,f32:row,1,0,invalid,invalid,heuristic,1,false,'[515x3072x5120][368x3072x5120][422x3072x5120][5460x3072x5120][342x3072x5120][344x3072x5120][375x3072x5120][4938x3072x5120][483x3072x5120][365x3072x5120][2069x3072x5120][2059x3072x5120][384x3072x5120][4808x3072x5120][342x3072x5120][760x3072x5120][343x3072x5120][342x3072x5120][1671x3072x5120][2410x3072x5120][545x3072x5120][2347x3072x5120][724x3072x5120][352x3072x5120]',,tensorop,f32,128,256,64,2,2,1,2,1,1,7,4,1,1,128,256,16,100,110,1090519040,1030993477632,945,0.72153,1407.6,1.4289e+06
1,CUTLASS,grouped_gemm,cutlass3x_sm100_tensorop_gemm_grouped_bf16_bf16_f32_f32_f32_128x256x64_4x1x1_0_tnt_align8_2sm_epi_tma,passed,success,grouped,,,,,bf16:row,bf16:column,f32:row,f32:row,1,0,invalid,invalid,heuristic,1,false,'[515x3072x5120][368x3072x5120][422x3072x5120][5460x3072x5120][342x3072x5120][344x3072x5120][375x3072x5120][4938x3072x5120][483x3072x5120][365x3072x5120][2069x3072x5120][2059x3072x5120][384x3072x5120][4808x3072x5120][342x3072x5120][760x3072x5120][343x3072x5120][342x3072x5120][1671x3072x5120][2410x3072x5120][545x3072x5120][2347x3072x5120][724x3072x5120][352x3072x5120]',,tensorop,f32,128,256,64,4,1,1,2,1,1,7,4,1,1,128,256,16,100,110,1493172224,1030993477632,690,0.722966,1923.5,1.42606e+06
1,CUTLASS,grouped_gemm,cutlass3x_sm100_tensorop_gemm_grouped_bf16_bf16_f32_f32_f32_128x256x64_4x1x1_0_tnt_align8_stream_k_2sm_epi_tma,passed,success,grouped,,,,,bf16:row,bf16:column,f32:row,f32:row,1,0,invalid,invalid,heuristic,1,false,'[515x3072x5120][368x3072x5120][422x3072x5120][5460x3072x5120][342x3072x5120][344x3072x5120][375x3072x5120][4938x3072x5120][483x3072x5120][365x3072x5120][2069x3072x5120][2059x3072x5120][384x3072x5120][4808x3072x5120][342x3072x5120][760x3072x5120][343x3072x5120][342x3072x5120][1671x3072x5120][2410x3072x5120][545x3072x5120][2347x3072x5120][724x3072x5120][352x3072x5120]',,tensorop,f32,128,256,64,4,1,1,2,1,1,7,4,1,1,128,256,16,100,110,1493172224,1030993477632,690,0.723094,1923.16,1.42581e+06
1,CUTLASS,grouped_gemm,cutlass3x_sm100_tensorop_gemm_grouped_bf16_bf16_f32_void_f32_128x256x64_4x1x1_0_tnt_align8_2sm_epi_tma,passed,success,grouped,,,,,bf16:row,bf16:column,void:row,f32:row,1,0,invalid,invalid,heuristic,1,false,'[515x3072x5120][368x3072x5120][422x3072x5120][5460x3072x5120][342x3072x5120][344x3072x5120][375x3072x5120][4938x3072x5120][483x3072x5120][365x3072x5120][2069x3072x5120][2059x3072x5120][384x3072x5120][4808x3072x5120][342x3072x5120][760x3072x5120][343x3072x5120][342x3072x5120][1671x3072x5120][2410x3072x5120][545x3072x5120][2347x3072x5120][724x3072x5120][352x3072x5120]',,tensorop,f32,128,256,64,4,1,1,2,1,1,7,4,1,1,128,256,16,100,110,1090519040,1030993477632,945,0.729104,1392.98,1.41406e+06
1,CUTLASS,grouped_gemm,cutlass3x_sm100_tensorop_gemm_grouped_bf16_bf16_f32_void_f32_128x256x64_4x1x1_0_tnt_align8_stream_k_2sm_epi_tma,passed,success,grouped,,,,,bf16:row,bf16:column,void:row,f32:row,1,0,invalid,invalid,heuristic,1,false,'[515x3072x5120][368x3072x5120][422x3072x5120][5460x3072x5120][342x3072x5120][344x3072x5120][375x3072x5120][4938x3072x5120][483x3072x5120][365x3072x5120][2069x3072x5120][2059x3072x5120][384x3072x5120][4808x3072x5120][342x3072x5120][760x3072x5120][343x3072x5120][342x3072x5120][1671x3072x5120][2410x3072x5120][545x3072x5120][2347x3072x5120][724x3072x5120][352x3072x5120]',,tensorop,f32,128,256,64,4,1,1,2,1,1,7,4,1,1,128,256,16,100,110,1090519040,1030993477632,945,0.728899,1393.37,1.41445e+06
1,CUTLASS,grouped_gemm,cutlass3x_sm100_tensorop_gemm_grouped_bf16_bf16_f32_f32_f32_128x256x64_2x4x1_0_tnt_align8_2sm_epi_tma,passed,success,grouped,,,,,bf16:row,bf16:column,f32:row,f32:row,1,0,invalid,invalid,heuristic,1,false,'[515x3072x5120][368x3072x5120][422x3072x5120][5460x3072x5120][342x3072x5120][344x3072x5120][375x3072x5120][4938x3072x5120][483x3072x5120][365x3072x5120][2069x3072x5120][2059x3072x5120][384x3072x5120][4808x3072x5120][342x3072x5120][760x3072x5120][343x3072x5120][342x3072x5120][1671x3072x5120][2410x3072x5120][545x3072x5120][2347x3072x5120][724x3072x5120][352x3072x5120]',,tensorop,f32,128,256,64,2,4,1,2,1,1,7,4,1,1,128,256,16,100,110,1493172224,1030993477632,690,0.832429,1670.56,1.23854e+06
1,CUTLASS,grouped_gemm,cutlass3x_sm100_tensorop_gemm_grouped_bf16_bf16_f32_f32_f32_128x256x64_2x4x1_0_tnt_align8_stream_k_2sm_epi_tma,passed,success,grouped,,,,,bf16:row,bf16:column,f32:row,f32:row,1,0,invalid,invalid,heuristic,1,false,'[515x3072x5120][368x3072x5120][422x3072x5120][5460x3072x5120][342x3072x5120][344x3072x5120][375x3072x5120][4938x3072x5120][483x3072x5120][365x3072x5120][2069x3072x5120][2059x3072x5120][384x3072x5120][4808x3072x5120][342x3072x5120][760x3072x5120][343x3072x5120][342x3072x5120][1671x3072x5120][2410x3072x5120][545x3072x5120][2347x3072x5120][724x3072x5120][352x3072x5120]',,tensorop,f32,128,256,64,2,4,1,2,1,1,7,4,1,1,128,256,16,100,110,1493172224,1030993477632,690,0.832224,1670.97,1.23884e+06
1,CUTLASS,grouped_gemm,cutlass3x_sm100_tensorop_gemm_grouped_bf16_bf16_f32_void_f32_128x256x64_2x4x1_0_tnt_align8_2sm_epi_tma,passed,success,grouped,,,,,bf16:row,bf16:column,void:row,f32:row,1,0,invalid,invalid,heuristic,1,false,'[515x3072x5120][368x3072x5120][422x3072x5120][5460x3072x5120][342x3072x5120][344x3072x5120][375x3072x5120][4938x3072x5120][483x3072x5120][365x3072x5120][2069x3072x5120][2059x3072x5120][384x3072x5120][4808x3072x5120][342x3072x5120][760x3072x5120][343x3072x5120][342x3072x5120][1671x3072x5120][2410x3072x5120][545x3072x5120][2347x3072x5120][724x3072x5120][352x3072x5120]',,tensorop,f32,128,256,64,2,4,1,2,1,1,7,4,1,1,128,256,16,100,110,1090519040,1030993477632,945,0.840858,1207.84,1.22612e+06
1,CUTLASS,grouped_gemm,cutlass3x_sm100_tensorop_gemm_grouped_bf16_bf16_f32_void_f32_128x256x64_2x4x1_0_tnt_align8_stream_k_2sm_epi_tma,passed,success,grouped,,,,,bf16:row,bf16:column,void:row,f32:row,1,0,invalid,invalid,heuristic,1,false,'[515x3072x5120][368x3072x5120][422x3072x5120][5460x3072x5120][342x3072x5120][344x3072x5120][375x3072x5120][4938x3072x5120][483x3072x5120][365x3072x5120][2069x3072x5120][2059x3072x5120][384x3072x5120][4808x3072x5120][342x3072x5120][760x3072x5120][343x3072x5120][342x3072x5120][1671x3072x5120][2410x3072x5120][545x3072x5120][2347x3072x5120][724x3072x5120][352x3072x5120]',,tensorop,f32,128,256,64,2,4,1,2,1,1,7,4,1,1,128,256,16,100,110,1090519040,1030993477632,945,0.843898,1203.49,1.2217e+06
1,CUTLASS,grouped_gemm,cutlass3x_sm100_tensorop_gemm_grouped_bf16_bf16_f32_f32_f32_128x256x64_4x2x1_0_tnt_align8_2sm_epi_tma,passed,success,grouped,,,,,bf16:row,bf16:column,f32:row,f32:row,1,0,invalid,invalid,heuristic,1,false,'[515x3072x5120][368x3072x5120][422x3072x5120][5460x3072x5120][342x3072x5120][344x3072x5120][375x3072x5120][4938x3072x5120][483x3072x5120][365x3072x5120][2069x3072x5120][2059x3072x5120][384x3072x5120][4808x3072x5120][342x3072x5120][760x3072x5120][343x3072x5120][342x3072x5120][1671x3072x5120][2410x3072x5120][545x3072x5120][2347x3072x5120][724x3072x5120][352x3072x5120]',,tensorop,f32,128,256,64,4,2,1,2,1,1,7,4,1,1,128,256,16,100,110,1493172224,1030993477632,690,0.788502,1763.63,1.30753e+06
1,CUTLASS,grouped_gemm,cutlass3x_sm100_tensorop_gemm_grouped_bf16_bf16_f32_f32_f32_128x256x64_4x2x1_0_tnt_align8_stream_k_2sm_epi_tma,passed,success,grouped,,,,,bf16:row,bf16:column,f32:row,f32:row,1,0,invalid,invalid,heuristic,1,false,'[515x3072x5120][368x3072x5120][422x3072x5120][5460x3072x5120][342x3072x5120][344x3072x5120][375x3072x5120][4938x3072x5120][483x3072x5120][365x3072x5120][2069x3072x5120][2059x3072x5120][384x3072x5120][4808x3072x5120][342x3072x5120][760x3072x5120][343x3072x5120][342x3072x5120][1671x3072x5120][2410x3072x5120][545x3072x5120][2347x3072x5120][724x3072x5120][352x3072x5120]',,tensorop,f32,128,256,64,4,2,1,2,1,1,7,4,1,1,128,256,16,100,110,1493172224,1030993477632,690,0.789117,1762.25,1.30652e+06
1,CUTLASS,grouped_gemm,cutlass3x_sm100_tensorop_gemm_grouped_bf16_bf16_f32_void_f32_128x256x64_4x2x1_0_tnt_align8_2sm_epi_tma,passed,success,grouped,,,,,bf16:row,bf16:column,void:row,f32:row,1,0,invalid,invalid,heuristic,1,false,'[515x3072x5120][368x3072x5120][422x3072x5120][5460x3072x5120][342x3072x5120][344x3072x5120][375x3072x5120][4938x3072x5120][483x3072x5120][365x3072x5120][2069x3072x5120][2059x3072x5120][384x3072x5120][4808x3072x5120][342x3072x5120][760x3072x5120][343x3072x5120][342x3072x5120][1671x3072x5120][2410x3072x5120][545x3072x5120][2347x3072x5120][724x3072x5120][352x3072x5120]',,tensorop,f32,128,256,64,4,2,1,2,1,1,7,4,1,1,128,256,16,100,110,1090519040,1030993477632,945,0.801939,1266.46,1.28563e+06
1,CUTLASS,grouped_gemm,cutlass3x_sm100_tensorop_gemm_grouped_bf16_bf16_f32_void_f32_128x256x64_4x2x1_0_tnt_align8_stream_k_2sm_epi_tma,passed,success,grouped,,,,,bf16:row,bf16:column,void:row,f32:row,1,0,invalid,invalid,heuristic,1,false,'[515x3072x5120][368x3072x5120][422x3072x5120][5460x3072x5120][342x3072x5120][344x3072x5120][375x3072x5120][4938x3072x5120][483x3072x5120][365x3072x5120][2069x3072x5120][2059x3072x5120][384x3072x5120][4808x3072x5120][342x3072x5120][760x3072x5120][343x3072x5120][342x3072x5120][1671x3072x5120][2410x3072x5120][545x3072x5120][2347x3072x5120][724x3072x5120][352x3072x5120]',,tensorop,f32,128,256,64,4,2,1,2,1,1,7,4,1,1,128,256,16,100,110,1090519040,1030993477632,945,0.802627,1265.38,1.28452e+06
1,CUTLASS,grouped_gemm,cutlass3x_sm100_tensorop_gemm_grouped_bf16_bf16_f32_f32_f32_128x256x64_4x4x1_0_tnt_align8_2sm_epi_tma,passed,success,grouped,,,,,bf16:row,bf16:column,f32:row,f32:row,1,0,invalid,invalid,heuristic,1,false,'[515x3072x5120][368x3072x5120][422x3072x5120][5460x3072x5120][342x3072x5120][344x3072x5120][375x3072x5120][4938x3072x5120][483x3072x5120][365x3072x5120][2069x3072x5120][2059x3072x5120][384x3072x5120][4808x3072x5120][342x3072x5120][760x3072x5120][343x3072x5120][342x3072x5120][1671x3072x5120][2410x3072x5120][545x3072x5120][2347x3072x5120][724x3072x5120][352x3072x5120]',,tensorop,f32,128,256,64,4,4,1,2,1,1,7,4,1,1,128,256,16,100,110,1493172224,1030993477632,690,0.851888,1632.4,1.21025e+06
1,CUTLASS,grouped_gemm,cutlass3x_sm100_tensorop_gemm_grouped_bf16_bf16_f32_f32_f32_128x256x64_4x4x1_0_tnt_align8_stream_k_2sm_epi_tma,passed,success,grouped,,,,,bf16:row,bf16:column,f32:row,f32:row,1,0,invalid,invalid,heuristic,1,false,'[515x3072x5120][368x3072x5120][422x3072x5120][5460x3072x5120][342x3072x5120][344x3072x5120][375x3072x5120][4938x3072x5120][483x3072x5120][365x3072x5120][2069x3072x5120][2059x3072x5120][384x3072x5120][4808x3072x5120][342x3072x5120][760x3072x5120][343x3072x5120][342x3072x5120][1671x3072x5120][2410x3072x5120][545x3072x5120][2347x3072x5120][724x3072x5120][352x3072x5120]',,tensorop,f32,128,256,64,4,4,1,2,1,1,7,4,1,1,128,256,16,100,110,1493172224,1030993477632,690,0.849427,1637.13,1.21375e+06
1,CUTLASS,grouped_gemm,cutlass3x_sm100_tensorop_gemm_grouped_bf16_bf16_f32_void_f32_128x256x64_4x4x1_0_tnt_align8_2sm_epi_tma,passed,success,grouped,,,,,bf16:row,bf16:column,void:row,f32:row,1,0,invalid,invalid,heuristic,1,false,'[515x3072x5120][368x3072x5120][422x3072x5120][5460x3072x5120][342x3072x5120][344x3072x5120][375x3072x5120][4938x3072x5120][483x3072x5120][365x3072x5120][2069x3072x5120][2059x3072x5120][384x3072x5120][4808x3072x5120][342x3072x5120][760x3072x5120][343x3072x5120][342x3072x5120][1671x3072x5120][2410x3072x5120][545x3072x5120][2347x3072x5120][724x3072x5120][352x3072x5120]',,tensorop,f32,128,256,64,4,4,1,2,1,1,7,4,1,1,128,256,16,100,110,1090519040,1030993477632,945,0.862048,1178.15,1.19598e+06
1,CUTLASS,grouped_gemm,cutlass3x_sm100_tensorop_gemm_grouped_bf16_bf16_f32_void_f32_128x256x64_4x4x1_0_tnt_align8_stream_k_2sm_epi_tma,passed,success,grouped,,,,,bf16:row,bf16:column,void:row,f32:row,1,0,invalid,invalid,heuristic,1,false,'[515x3072x5120][368x3072x5120][422x3072x5120][5460x3072x5120][342x3072x5120][344x3072x5120][375x3072x5120][4938x3072x5120][483x3072x5120][365x3072x5120][2069x3072x5120][2059x3072x5120][384x3072x5120][4808x3072x5120][342x3072x5120][760x3072x5120][343x3072x5120][342x3072x5120][1671x3072x5120][2410x3072x5120][545x3072x5120][2347x3072x5120][724x3072x5120][352x3072x5120]',,tensorop,f32,128,256,64,4,4,1,2,1,1,7,4,1,1,128,256,16,100,110,1090519040,1030993477632,945,0.862125,1178.05,1.19587e+06
1,CUTLASS,grouped_gemm,cutlass3x_sm100_tensorop_gemm_grouped_bf16_bf16_f32_bf16_bf16_128x256x64_0x0x1_0_tnt_align8_2sm_epi_tma,passed,success,grouped,,,,,bf16:row,bf16:column,bf16:row,bf16:row,1,0,invalid,invalid,heuristic,1,false,'[515x3072x5120][368x3072x5120][422x3072x5120][5460x3072x5120][342x3072x5120][344x3072x5120][375x3072x5120][4938x3072x5120][483x3072x5120][365x3072x5120][2069x3072x5120][2059x3072x5120][384x3072x5120][4808x3072x5120][342x3072x5120][760x3072x5120][343x3072x5120][342x3072x5120][1671x3072x5120][2410x3072x5120][545x3072x5120][2347x3072x5120][724x3072x5120][352x3072x5120]',,tensorop,f32,128,256,64,2,1,1,2,1,1,7,4,1,1,128,256,16,100,110,1291845632,1030993477632,798,0.677187,1776.65,1.52246e+06
1,CUTLASS,grouped_gemm,cutlass3x_sm100_tensorop_gemm_grouped_bf16_bf16_f32_bf16_bf16_128x256x64_0x0x1_0_tnt_align8_stream_k_2sm_epi_tma,passed,success,grouped,,,,,bf16:row,bf16:column,bf16:row,bf16:row,1,0,invalid,invalid,heuristic,1,false,'[515x3072x5120][368x3072x5120][422x3072x5120][5460x3072x5120][342x3072x5120][344x3072x5120][375x3072x5120][4938x3072x5120][483x3072x5120][365x3072x5120][2069x3072x5120][2059x3072x5120][384x3072x5120][4808x3072x5120][342x3072x5120][760x3072x5120][343x3072x5120][342x3072x5120][1671x3072x5120][2410x3072x5120][545x3072x5120][2347x3072x5120][724x3072x5120][352x3072x5120]',,tensorop,f32,128,256,64,2,1,1,2,1,1,7,4,1,1,128,256,16,100,110,1291845632,1030993477632,798,0.676915,1777.36,1.52308e+06
1,CUTLASS,grouped_gemm,cutlass3x_sm100_tensorop_gemm_grouped_bf16_bf16_f32_void_bf16_128x256x64_0x0x1_0_tnt_align8_2sm_epi_tma,passed,success,grouped,,,,,bf16:row,bf16:column,void:row,bf16:row,1,0,invalid,invalid,heuristic,1,false,'[515x3072x5120][368x3072x5120][422x3072x5120][5460x3072x5120][342x3072x5120][344x3072x5120][375x3072x5120][4938x3072x5120][483x3072x5120][365x3072x5120][2069x3072x5120][2059x3072x5120][384x3072x5120][4808x3072x5120][342x3072x5120][760x3072x5120][343x3072x5120][342x3072x5120][1671x3072x5120][2410x3072x5120][545x3072x5120][2347x3072x5120][724x3072x5120][352x3072x5120]',,tensorop,f32,128,256,64,2,1,1,2,1,1,8,4,1,1,128,256,16,100,110,1090519040,1030993477632,945,0.671386,1512.73,1.53562e+06
1,CUTLASS,grouped_gemm,cutlass3x_sm100_tensorop_gemm_grouped_bf16_bf16_f32_void_bf16_128x256x64_0x0x1_0_tnt_align8_stream_k_2sm_epi_tma,passed,success,grouped,,,,,bf16:row,bf16:column,void:row,bf16:row,1,0,invalid,invalid,heuristic,1,false,'[515x3072x5120][368x3072x5120][422x3072x5120][5460x3072x5120][342x3072x5120][344x3072x5120][375x3072x5120][4938x3072x5120][483x3072x5120][365x3072x5120][2069x3072x5120][2059x3072x5120][384x3072x5120][4808x3072x5120][342x3072x5120][760x3072x5120][343x3072x5120][342x3072x5120][1671x3072x5120][2410x3072x5120][545x3072x5120][2347x3072x5120][724x3072x5120][352x3072x5120]',,tensorop,f32,128,256,64,2,1,1,2,1,1,8,4,1,1,128,256,16,100,110,1090519040,1030993477632,945,0.671664,1512.1,1.53498e+06
1,CUTLASS,grouped_gemm,cutlass3x_sm100_tensorop_gemm_grouped_bf16_bf16_f32_bf16_bf16_128x256x64_2x1x1_0_tnt_align8_2sm_epi_tma,passed,success,grouped,,,,,bf16:row,bf16:column,bf16:row,bf16:row,1,0,invalid,invalid,heuristic,1,false,'[515x3072x5120][368x3072x5120][422x3072x5120][5460x3072x5120][342x3072x5120][344x3072x5120][375x3072x5120][4938x3072x5120][483x3072x5120][365x3072x5120][2069x3072x5120][2059x3072x5120][384x3072x5120][4808x3072x5120][342x3072x5120][760x3072x5120][343x3072x5120][342x3072x5120][1671x3072x5120][2410x3072x5120][545x3072x5120][2347x3072x5120][724x3072x5120][352x3072x5120]',,tensorop,f32,128,256,64,2,1,1,2,1,1,7,4,1,1,128,256,16,100,110,1291845632,1030993477632,798,0.675686,1780.6,1.52585e+06
1,CUTLASS,grouped_gemm,cutlass3x_sm100_tensorop_gemm_grouped_bf16_bf16_f32_bf16_bf16_128x256x64_2x1x1_0_tnt_align8_stream_k_2sm_epi_tma,passed,success,grouped,,,,,bf16:row,bf16:column,bf16:row,bf16:row,1,0,invalid,invalid,heuristic,1,false,'[515x3072x5120][368x3072x5120][422x3072x5120][5460x3072x5120][342x3072x5120][344x3072x5120][375x3072x5120][4938x3072x5120][483x3072x5120][365x3072x5120][2069x3072x5120][2059x3072x5120][384x3072x5120][4808x3072x5120][342x3072x5120][760x3072x5120][343x3072x5120][342x3072x5120][1671x3072x5120][2410x3072x5120][545x3072x5120][2347x3072x5120][724x3072x5120][352x3072x5120]',,tensorop,f32,128,256,64,2,1,1,2,1,1,7,4,1,1,128,256,16,100,110,1291845632,1030993477632,798,0.677837,1774.95,1.52101e+06
1,CUTLASS,grouped_gemm,cutlass3x_sm100_tensorop_gemm_grouped_bf16_bf16_f32_void_bf16_128x256x64_2x1x1_0_tnt_align8_2sm_epi_tma,passed,success,grouped,,,,,bf16:row,bf16:column,void:row,bf16:row,1,0,invalid,invalid,heuristic,1,false,'[515x3072x5120][368x3072x5120][422x3072x5120][5460x3072x5120][342x3072x5120][344x3072x5120][375x3072x5120][4938x3072x5120][483x3072x5120][365x3072x5120][2069x3072x5120][2059x3072x5120][384x3072x5120][4808x3072x5120][342x3072x5120][760x3072x5120][343x3072x5120][342x3072x5120][1671x3072x5120][2410x3072x5120][545x3072x5120][2347x3072x5120][724x3072x5120][352x3072x5120]',,tensorop,f32,128,256,64,2,1,1,2,1,1,8,4,1,1,128,256,16,100,110,1090519040,1030993477632,945,0.673094,1508.89,1.53172e+06
1,CUTLASS,grouped_gemm,cutlass3x_sm100_tensorop_gemm_grouped_bf16_bf16_f32_void_bf16_128x256x64_2x1x1_0_tnt_align8_stream_k_2sm_epi_tma,passed,success,grouped,,,,,bf16:row,bf16:column,void:row,bf16:row,1,0,invalid,invalid,heuristic,1,false,'[515x3072x5120][368x3072x5120][422x3072x5120][5460x3072x5120][342x3072x5120][344x3072x5120][375x3072x5120][4938x3072x5120][483x3072x5120][365x3072x5120][2069x3072x5120][2059x3072x5120][384x3072x5120][4808x3072x5120][342x3072x5120][760x3072x5120][343x3072x5120][342x3072x5120][1671x3072x5120][2410x3072x5120][545x3072x5120][2347x3072x5120][724x3072x5120][352x3072x5120]',,tensorop,f32,128,256,64,2,1,1,2,1,1,8,4,1,1,128,256,16,100,110,1090519040,1030993477632,945,0.670845,1513.95,1.53686e+06
1,CUTLASS,grouped_gemm,cutlass3x_sm100_tensorop_gemm_grouped_bf16_bf16_f32_bf16_bf16_128x256x64_2x2x1_0_tnt_align8_2sm_epi_tma,passed,success,grouped,,,,,bf16:row,bf16:column,bf16:row,bf16:row,1,0,invalid,invalid,heuristic,1,false,'[515x3072x5120][368x3072x5120][422x3072x5120][5460x3072x5120][342x3072x5120][344x3072x5120][375x3072x5120][4938x3072x5120][483x3072x5120][365x3072x5120][2069x3072x5120][2059x3072x5120][384x3072x5120][4808x3072x5120][342x3072x5120][760x3072x5120][343x3072x5120][342x3072x5120][1671x3072x5120][2410x3072x5120][545x3072x5120][2347x3072x5120][724x3072x5120][352x3072x5120]',,tensorop,f32,128,256,64,2,2,1,2,1,1,7,4,1,1,128,256,16,100,110,1291845632,1030993477632,798,0.690605,1742.13,1.49288e+06
1,CUTLASS,grouped_gemm,cutlass3x_sm100_tensorop_gemm_grouped_bf16_bf16_f32_bf16_bf16_128x256x64_2x2x1_0_tnt_align8_stream_k_2sm_epi_tma,passed,success,grouped,,,,,bf16:row,bf16:column,bf16:row,bf16:row,1,0,invalid,invalid,heuristic,1,false,'[515x3072x5120][368x3072x5120][422x3072x5120][5460x3072x5120][342x3072x5120][344x3072x5120][375x3072x5120][4938x3072x5120][483x3072x5120][365x3072x5120][2069x3072x5120][2059x3072x5120][384x3072x5120][4808x3072x5120][342x3072x5120][760x3072x5120][343x3072x5120][342x3072x5120][1671x3072x5120][2410x3072x5120][545x3072x5120][2347x3072x5120][724x3072x5120][352x3072x5120]',,tensorop,f32,128,256,64,2,2,1,2,1,1,7,4,1,1,128,256,16,100,110,1291845632,1030993477632,798,0.691354,1740.25,1.49127e+06
1,CUTLASS,grouped_gemm,cutlass3x_sm100_tensorop_gemm_grouped_bf16_bf16_f32_void_bf16_128x256x64_2x2x1_0_tnt_align8_2sm_epi_tma,passed,success,grouped,,,,,bf16:row,bf16:column,void:row,bf16:row,1,0,invalid,invalid,heuristic,1,false,'[515x3072x5120][368x3072x5120][422x3072x5120][5460x3072x5120][342x3072x5120][344x3072x5120][375x3072x5120][4938x3072x5120][483x3072x5120][365x3072x5120][2069x3072x5120][2059x3072x5120][384x3072x5120][4808x3072x5120][342x3072x5120][760x3072x5120][343x3072x5120][342x3072x5120][1671x3072x5120][2410x3072x5120][545x3072x5120][2347x3072x5120][724x3072x5120][352x3072x5120]',,tensorop,f32,128,256,64,2,2,1,2,1,1,8,4,1,1,128,256,16,100,110,1090519040,1030993477632,945,0.676269,1501.81,1.52453e+06
1,CUTLASS,grouped_gemm,cutlass3x_sm100_tensorop_gemm_grouped_bf16_bf16_f32_void_bf16_128x256x64_2x2x1_0_tnt_align8_stream_k_2sm_epi_tma,passed,success,grouped,,,,,bf16:row,bf16:column,void:row,bf16:row,1,0,invalid,invalid,heuristic,1,false,'[515x3072x5120][368x3072x5120][422x3072x5120][5460x3072x5120][342x3072x5120][344x3072x5120][375x3072x5120][4938x3072x5120][483x3072x5120][365x3072x5120][2069x3072x5120][2059x3072x5120][384x3072x5120][4808x3072x5120][342x3072x5120][760x3072x5120][343x3072x5120][342x3072x5120][1671x3072x5120][2410x3072x5120][545x3072x5120][2347x3072x5120][724x3072x5120][352x3072x5120]',,tensorop,f32,128,256,64,2,2,1,2,1,1,8,4,1,1,128,256,16,100,110,1090519040,1030993477632,945,0.674147,1506.53,1.52933e+06
1,CUTLASS,grouped_gemm,cutlass3x_sm100_tensorop_gemm_grouped_bf16_bf16_f32_bf16_bf16_128x256x64_4x1x1_0_tnt_align8_2sm_epi_tma,passed,success,grouped,,,,,bf16:row,bf16:column,bf16:row,bf16:row,1,0,invalid,invalid,heuristic,1,false,'[515x3072x5120][368x3072x5120][422x3072x5120][5460x3072x5120][342x3072x5120][344x3072x5120][375x3072x5120][4938x3072x5120][483x3072x5120][365x3072x5120][2069x3072x5120][2059x3072x5120][384x3072x5120][4808x3072x5120][342x3072x5120][760x3072x5120][343x3072x5120][342x3072x5120][1671x3072x5120][2410x3072x5120][545x3072x5120][2347x3072x5120][724x3072x5120][352x3072x5120]',,tensorop,f32,128,256,64,4,1,1,2,1,1,7,4,1,1,128,256,16,100,110,1291845632,1030993477632,798,0.699821,1719.19,1.47322e+06
1,CUTLASS,grouped_gemm,cutlass3x_sm100_tensorop_gemm_grouped_bf16_bf16_f32_bf16_bf16_128x256x64_4x1x1_0_tnt_align8_stream_k_2sm_epi_tma,passed,success,grouped,,,,,bf16:row,bf16:column,bf16:row,bf16:row,1,0,invalid,invalid,heuristic,1,false,'[515x3072x5120][368x3072x5120][422x3072x5120][5460x3072x5120][342x3072x5120][344x3072x5120][375x3072x5120][4938x3072x5120][483x3072x5120][365x3072x5120][2069x3072x5120][2059x3072x5120][384x3072x5120][4808x3072x5120][342x3072x5120][760x3072x5120][343x3072x5120][342x3072x5120][1671x3072x5120][2410x3072x5120][545x3072x5120][2347x3072x5120][724x3072x5120][352x3072x5120]',,tensorop,f32,128,256,64,4,1,1,2,1,1,7,4,1,1,128,256,16,100,110,1291845632,1030993477632,798,0.701078,1716.11,1.47058e+06
1,CUTLASS,grouped_gemm,cutlass3x_sm100_tensorop_gemm_grouped_bf16_bf16_f32_void_bf16_128x256x64_4x1x1_0_tnt_align8_2sm_epi_tma,passed,success,grouped,,,,,bf16:row,bf16:column,void:row,bf16:row,1,0,invalid,invalid,heuristic,1,false,'[515x3072x5120][368x3072x5120][422x3072x5120][5460x3072x5120][342x3072x5120][344x3072x5120][375x3072x5120][4938x3072x5120][483x3072x5120][365x3072x5120][2069x3072x5120][2059x3072x5120][384x3072x5120][4808x3072x5120][342x3072x5120][760x3072x5120][343x3072x5120][342x3072x5120][1671x3072x5120][2410x3072x5120][545x3072x5120][2347x3072x5120][724x3072x5120][352x3072x5120]',,tensorop,f32,128,256,64,4,1,1,2,1,1,8,4,1,1,128,256,16,100,110,1090519040,1030993477632,945,0.682746,1487.56,1.51007e+06
1,CUTLASS,grouped_gemm,cutlass3x_sm100_tensorop_gemm_grouped_bf16_bf16_f32_void_bf16_128x256x64_4x1x1_0_tnt_align8_stream_k_2sm_epi_tma,passed,success,grouped,,,,,bf16:row,bf16:column,void:row,bf16:row,1,0,invalid,invalid,heuristic,1,false,'[515x3072x5120][368x3072x5120][422x3072x5120][5460x3072x5120][342x3072x5120][344x3072x5120][375x3072x5120][4938x3072x5120][483x3072x5120][365x3072x5120][2069x3072x5120][2059x3072x5120][384x3072x5120][4808x3072x5120][342x3072x5120][760x3072x5120][343x3072x5120][342x3072x5120][1671x3072x5120][2410x3072x5120][545x3072x5120][2347x3072x5120][724x3072x5120][352x3072x5120]',,tensorop,f32,128,256,64,4,1,1,2,1,1,8,4,1,1,128,256,16,100,110,1090519040,1030993477632,945,0.682442,1488.22,1.51074e+06
1,CUTLASS,grouped_gemm,cutlass3x_sm100_tensorop_gemm_grouped_bf16_bf16_f32_bf16_bf16_128x256x64_2x4x1_0_tnt_align8_2sm_epi_tma,passed,success,grouped,,,,,bf16:row,bf16:column,bf16:row,bf16:row,1,0,invalid,invalid,heuristic,1,false,'[515x3072x5120][368x3072x5120][422x3072x5120][5460x3072x5120][342x3072x5120][344x3072x5120][375x3072x5120][4938x3072x5120][483x3072x5120][365x3072x5120][2069x3072x5120][2059x3072x5120][384x3072x5120][4808x3072x5120][342x3072x5120][760x3072x5120][343x3072x5120][342x3072x5120][1671x3072x5120][2410x3072x5120][545x3072x5120][2347x3072x5120][724x3072x5120][352x3072x5120]',,tensorop,f32,128,256,64,2,4,1,2,1,1,7,4,1,1,128,256,16,100,110,1291845632,1030993477632,798,0.80297,1498.34,1.28398e+06
1,CUTLASS,grouped_gemm,cutlass3x_sm100_tensorop_gemm_grouped_bf16_bf16_f32_bf16_bf16_128x256x64_2x4x1_0_tnt_align8_stream_k_2sm_epi_tma,passed,success,grouped,,,,,bf16:row,bf16:column,bf16:row,bf16:row,1,0,invalid,invalid,heuristic,1,false,'[515x3072x5120][368x3072x5120][422x3072x5120][5460x3072x5120][342x3072x5120][344x3072x5120][375x3072x5120][4938x3072x5120][483x3072x5120][365x3072x5120][2069x3072x5120][2059x3072x5120][384x3072x5120][4808x3072x5120][342x3072x5120][760x3072x5120][343x3072x5120][342x3072x5120][1671x3072x5120][2410x3072x5120][545x3072x5120][2347x3072x5120][724x3072x5120][352x3072x5120]',,tensorop,f32,128,256,64,2,4,1,2,1,1,7,4,1,1,128,256,16,100,110,1291845632,1030993477632,798,0.805702,1493.26,1.27962e+06
1,CUTLASS,grouped_gemm,cutlass3x_sm100_tensorop_gemm_grouped_bf16_bf16_f32_void_bf16_128x256x64_2x4x1_0_tnt_align8_2sm_epi_tma,passed,success,grouped,,,,,bf16:row,bf16:column,void:row,bf16:row,1,0,invalid,invalid,heuristic,1,false,'[515x3072x5120][368x3072x5120][422x3072x5120][5460x3072x5120][342x3072x5120][344x3072x5120][375x3072x5120][4938x3072x5120][483x3072x5120][365x3072x5120][2069x3072x5120][2059x3072x5120][384x3072x5120][4808x3072x5120][342x3072x5120][760x3072x5120][343x3072x5120][342x3072x5120][1671x3072x5120][2410x3072x5120][545x3072x5120][2347x3072x5120][724x3072x5120][352x3072x5120]',,tensorop,f32,128,256,64,2,4,1,2,1,1,8,4,1,1,128,256,16,100,110,1090519040,1030993477632,945,0.72153,1407.6,1.4289e+06
1,CUTLASS,grouped_gemm,cutlass3x_sm100_tensorop_gemm_grouped_bf16_bf16_f32_void_bf16_128x256x64_2x4x1_0_tnt_align8_stream_k_2sm_epi_tma,passed,success,grouped,,,,,bf16:row,bf16:column,void:row,bf16:row,1,0,invalid,invalid,heuristic,1,false,'[515x3072x5120][368x3072x5120][422x3072x5120][5460x3072x5120][342x3072x5120][344x3072x5120][375x3072x5120][4938x3072x5120][483x3072x5120][365x3072x5120][2069x3072x5120][2059x3072x5120][384x3072x5120][4808x3072x5120][342x3072x5120][760x3072x5120][343x3072x5120][342x3072x5120][1671x3072x5120][2410x3072x5120][545x3072x5120][2347x3072x5120][724x3072x5120][352x3072x5120]',,tensorop,f32,128,256,64,2,4,1,2,1,1,8,4,1,1,128,256,16,100,110,1090519040,1030993477632,945,0.721734,1407.2,1.42849e+06
1,CUTLASS,grouped_gemm,cutlass3x_sm100_tensorop_gemm_grouped_bf16_bf16_f32_bf16_bf16_128x256x64_4x2x1_0_tnt_align8_2sm_epi_tma,passed,success,grouped,,,,,bf16:row,bf16:column,bf16:row,bf16:row,1,0,invalid,invalid,heuristic,1,false,'[515x3072x5120][368x3072x5120][422x3072x5120][5460x3072x5120][342x3072x5120][344x3072x5120][375x3072x5120][4938x3072x5120][483x3072x5120][365x3072x5120][2069x3072x5120][2059x3072x5120][384x3072x5120][4808x3072x5120][342x3072x5120][760x3072x5120][343x3072x5120][342x3072x5120][1671x3072x5120][2410x3072x5120][545x3072x5120][2347x3072x5120][724x3072x5120][352x3072x5120]',,tensorop,f32,128,256,64,4,2,1,2,1,1,7,4,1,1,128,256,16,100,110,1291845632,1030993477632,798,0.76457,1573.6,1.34846e+06
1,CUTLASS,grouped_gemm,cutlass3x_sm100_tensorop_gemm_grouped_bf16_bf16_f32_bf16_bf16_128x256x64_4x2x1_0_tnt_align8_stream_k_2sm_epi_tma,passed,success,grouped,,,,,bf16:row,bf16:column,bf16:row,bf16:row,1,0,invalid,invalid,heuristic,1,false,'[515x3072x5120][368x3072x5120][422x3072x5120][5460x3072x5120][342x3072x5120][344x3072x5120][375x3072x5120][4938x3072x5120][483x3072x5120][365x3072x5120][2069x3072x5120][2059x3072x5120][384x3072x5120][4808x3072x5120][342x3072x5120][760x3072x5120][343x3072x5120][342x3072x5120][1671x3072x5120][2410x3072x5120][545x3072x5120][2347x3072x5120][724x3072x5120][352x3072x5120]',,tensorop,f32,128,256,64,4,2,1,2,1,1,7,4,1,1,128,256,16,100,110,1291845632,1030993477632,798,0.763926,1574.92,1.3496e+06
1,CUTLASS,grouped_gemm,cutlass3x_sm100_tensorop_gemm_grouped_bf16_bf16_f32_void_bf16_128x256x64_4x2x1_0_tnt_align8_2sm_epi_tma,passed,success,grouped,,,,,bf16:row,bf16:column,void:row,bf16:row,1,0,invalid,invalid,heuristic,1,false,'[515x3072x5120][368x3072x5120][422x3072x5120][5460x3072x5120][342x3072x5120][344x3072x5120][375x3072x5120][4938x3072x5120][483x3072x5120][365x3072x5120][2069x3072x5120][2059x3072x5120][384x3072x5120][4808x3072x5120][342x3072x5120][760x3072x5120][343x3072x5120][342x3072x5120][1671x3072x5120][2410x3072x5120][545x3072x5120][2347x3072x5120][724x3072x5120][352x3072x5120]',,tensorop,f32,128,256,64,4,2,1,2,1,1,8,4,1,1,128,256,16,100,110,1090519040,1030993477632,945,0.72473,1401.38,1.42259e+06
1,CUTLASS,grouped_gemm,cutlass3x_sm100_tensorop_gemm_grouped_bf16_bf16_f32_void_bf16_128x256x64_4x2x1_0_tnt_align8_stream_k_2sm_epi_tma,passed,success,grouped,,,,,bf16:row,bf16:column,void:row,bf16:row,1,0,invalid,invalid,heuristic,1,false,'[515x3072x5120][368x3072x5120][422x3072x5120][5460x3072x5120][342x3072x5120][344x3072x5120][375x3072x5120][4938x3072x5120][483x3072x5120][365x3072x5120][2069x3072x5120][2059x3072x5120][384x3072x5120][4808x3072x5120][342x3072x5120][760x3072x5120][343x3072x5120][342x3072x5120][1671x3072x5120][2410x3072x5120][545x3072x5120][2347x3072x5120][724x3072x5120][352x3072x5120]',,tensorop,f32,128,256,64,4,2,1,2,1,1,8,4,1,1,128,256,16,100,110,1090519040,1030993477632,945,0.725011,1400.84,1.42204e+06
1,CUTLASS,grouped_gemm,cutlass3x_sm100_tensorop_gemm_grouped_bf16_bf16_f32_bf16_bf16_128x256x64_4x4x1_0_tnt_align8_2sm_epi_tma,passed,success,grouped,,,,,bf16:row,bf16:column,bf16:row,bf16:row,1,0,invalid,invalid,heuristic,1,false,'[515x3072x5120][368x3072x5120][422x3072x5120][5460x3072x5120][342x3072x5120][344x3072x5120][375x3072x5120][4938x3072x5120][483x3072x5120][365x3072x5120][2069x3072x5120][2059x3072x5120][384x3072x5120][4808x3072x5120][342x3072x5120][760x3072x5120][343x3072x5120][342x3072x5120][1671x3072x5120][2410x3072x5120][545x3072x5120][2347x3072x5120][724x3072x5120][352x3072x5120]',,tensorop,f32,128,256,64,4,4,1,2,1,1,7,4,1,1,128,256,16,100,110,1291845632,1030993477632,798,0.820346,1466.61,1.25678e+06
1,CUTLASS,grouped_gemm,cutlass3x_sm100_tensorop_gemm_grouped_bf16_bf16_f32_bf16_bf16_128x256x64_4x4x1_0_tnt_align8_stream_k_2sm_epi_tma,passed,success,grouped,,,,,bf16:row,bf16:column,bf16:row,bf16:row,1,0,invalid,invalid,heuristic,1,false,'[515x3072x5120][368x3072x5120][422x3072x5120][5460x3072x5120][342x3072x5120][344x3072x5120][375x3072x5120][4938x3072x5120][483x3072x5120][365x3072x5120][2069x3072x5120][2059x3072x5120][384x3072x5120][4808x3072x5120][342x3072x5120][760x3072x5120][343x3072x5120][342x3072x5120][1671x3072x5120][2410x3072x5120][545x3072x5120][2347x3072x5120][724x3072x5120][352x3072x5120]',,tensorop,f32,128,256,64,4,4,1,2,1,1,7,4,1,1,128,256,16,100,110,1291845632,1030993477632,798,0.822598,1462.59,1.25334e+06
1,CUTLASS,grouped_gemm,cutlass3x_sm100_tensorop_gemm_grouped_bf16_bf16_f32_void_bf16_128x256x64_4x4x1_0_tnt_align8_2sm_epi_tma,passed,success,grouped,,,,,bf16:row,bf16:column,void:row,bf16:row,1,0,invalid,invalid,heuristic,1,false,'[515x3072x5120][368x3072x5120][422x3072x5120][5460x3072x5120][342x3072x5120][344x3072x5120][375x3072x5120][4938x3072x5120][483x3072x5120][365x3072x5120][2069x3072x5120][2059x3072x5120][384x3072x5120][4808x3072x5120][342x3072x5120][760x3072x5120][343x3072x5120][342x3072x5120][1671x3072x5120][2410x3072x5120][545x3072x5120][2347x3072x5120][724x3072x5120][352x3072x5120]',,tensorop,f32,128,256,64,4,4,1,2,1,1,8,4,1,1,128,256,16,100,110,1090519040,1030993477632,945,0.76679,1324.51,1.34456e+06
1,CUTLASS,grouped_gemm,cutlass3x_sm100_tensorop_gemm_grouped_bf16_bf16_f32_void_bf16_128x256x64_4x4x1_0_tnt_align8_stream_k_2sm_epi_tma,passed,success,grouped,,,,,bf16:row,bf16:column,void:row,bf16:row,1,0,invalid,invalid,heuristic,1,false,'[515x3072x5120][368x3072x5120][422x3072x5120][5460x3072x5120][342x3072x5120][344x3072x5120][375x3072x5120][4938x3072x5120][483x3072x5120][365x3072x5120][2069x3072x5120][2059x3072x5120][384x3072x5120][4808x3072x5120][342x3072x5120][760x3072x5120][343x3072x5120][342x3072x5120][1671x3072x5120][2410x3072x5120][545x3072x5120][2347x3072x5120][724x3072x5120][352x3072x5120]',,tensorop,f32,128,256,64,4,4,1,2,1,1,8,4,1,1,128,256,16,100,110,1090519040,1030993477632,945,0.767405,1323.45,1.34348e+06
1,CUTLASS,grouped_gemm,cutlass3x_sm100_tensorop_gemm_grouped_bf16_bf16_f32_f32_f32_256x128x64_0x0x1_0_tnt_align8_2sm_epi_tma,passed,success,grouped,,,,,bf16:row,bf16:column,f32:row,f32:row,1,0,invalid,invalid,heuristic,1,false,'[515x3072x5120][368x3072x5120][422x3072x5120][5460x3072x5120][342x3072x5120][344x3072x5120][375x3072x5120][4938x3072x5120][483x3072x5120][365x3072x5120][2069x3072x5120][2059x3072x5120][384x3072x5120][4808x3072x5120][342x3072x5120][760x3072x5120][343x3072x5120][342x3072x5120][1671x3072x5120][2410x3072x5120][545x3072x5120][2347x3072x5120][724x3072x5120][352x3072x5120]',,tensorop,f32,256,128,64,2,1,1,2,1,1,7,4,1,1,256,128,16,100,110,1493172224,1030993477632,690,0.80785,1721.39,1.27622e+06
1,CUTLASS,grouped_gemm,cutlass3x_sm100_tensorop_gemm_grouped_bf16_bf16_f32_f32_f32_256x128x64_0x0x1_0_tnt_align8_stream_k_2sm_epi_tma,passed,success,grouped,,,,,bf16:row,bf16:column,f32:row,f32:row,1,0,invalid,invalid,heuristic,1,false,'[515x3072x5120][368x3072x5120][422x3072x5120][5460x3072x5120][342x3072x5120][344x3072x5120][375x3072x5120][4938x3072x5120][483x3072x5120][365x3072x5120][2069x3072x5120][2059x3072x5120][384x3072x5120][4808x3072x5120][342x3072x5120][760x3072x5120][343x3072x5120][342x3072x5120][1671x3072x5120][2410x3072x5120][545x3072x5120][2347x3072x5120][724x3072x5120][352x3072x5120]',,tensorop,f32,256,128,64,2,1,1,2,1,1,7,4,1,1,256,128,16,100,110,1493172224,1030993477632,690,0.834685,1666.05,1.23519e+06
1,CUTLASS,grouped_gemm,cutlass3x_sm100_tensorop_gemm_grouped_bf16_bf16_f32_void_f32_256x128x64_0x0x1_0_tnt_align8_2sm_epi_tma,passed,success,grouped,,,,,bf16:row,bf16:column,void:row,f32:row,1,0,invalid,invalid,heuristic,1,false,'[515x3072x5120][368x3072x5120][422x3072x5120][5460x3072x5120][342x3072x5120][344x3072x5120][375x3072x5120][4938x3072x5120][483x3072x5120][365x3072x5120][2069x3072x5120][2059x3072x5120][384x3072x5120][4808x3072x5120][342x3072x5120][760x3072x5120][343x3072x5120][342x3072x5120][1671x3072x5120][2410x3072x5120][545x3072x5120][2347x3072x5120][724x3072x5120][352x3072x5120]',,tensorop,f32,256,128,64,2,1,1,2,1,1,7,4,1,1,256,128,16,100,110,1090519040,1030993477632,945,0.813309,1248.76,1.26765e+06
1,CUTLASS,grouped_gemm,cutlass3x_sm100_tensorop_gemm_grouped_bf16_bf16_f32_void_f32_256x128x64_0x0x1_0_tnt_align8_stream_k_2sm_epi_tma,passed,success,grouped,,,,,bf16:row,bf16:column,void:row,f32:row,1,0,invalid,invalid,heuristic,1,false,'[515x3072x5120][368x3072x5120][422x3072x5120][5460x3072x5120][342x3072x5120][344x3072x5120][375x3072x5120][4938x3072x5120][483x3072x5120][365x3072x5120][2069x3072x5120][2059x3072x5120][384x3072x5120][4808x3072x5120][342x3072x5120][760x3072x5120][343x3072x5120][342x3072x5120][1671x3072x5120][2410x3072x5120][545x3072x5120][2347x3072x5120][724x3072x5120][352x3072x5120]',,tensorop,f32,256,128,64,2,1,1,2,1,1,7,4,1,1,256,128,16,100,110,1090519040,1030993477632,945,0.812083,1250.64,1.26957e+06
1,CUTLASS,grouped_gemm,cutlass3x_sm100_tensorop_gemm_grouped_bf16_bf16_f32_f32_f32_256x128x64_2x1x1_0_tnt_align8_2sm_epi_tma,passed,success,grouped,,,,,bf16:row,bf16:column,f32:row,f32:row,1,0,invalid,invalid,heuristic,1,false,'[515x3072x5120][368x3072x5120][422x3072x5120][5460x3072x5120][342x3072x5120][344x3072x5120][375x3072x5120][4938x3072x5120][483x3072x5120][365x3072x5120][2069x3072x5120][2059x3072x5120][384x3072x5120][4808x3072x5120][342x3072x5120][760x3072x5120][343x3072x5120][342x3072x5120][1671x3072x5120][2410x3072x5120][545x3072x5120][2347x3072x5120][724x3072x5120][352x3072x5120]',,tensorop,f32,256,128,64,2,1,1,2,1,1,7,4,1,1,256,128,16,100,110,1493172224,1030993477632,690,0.835709,1664.01,1.23368e+06
1,CUTLASS,grouped_gemm,cutlass3x_sm100_tensorop_gemm_grouped_bf16_bf16_f32_f32_f32_256x128x64_2x1x1_0_tnt_align8_stream_k_2sm_epi_tma,passed,success,grouped,,,,,bf16:row,bf16:column,f32:row,f32:row,1,0,invalid,invalid,heuristic,1,false,'[515x3072x5120][368x3072x5120][422x3072x5120][5460x3072x5120][342x3072x5120][344x3072x5120][375x3072x5120][4938x3072x5120][483x3072x5120][365x3072x5120][2069x3072x5120][2059x3072x5120][384x3072x5120][4808x3072x5120][342x3072x5120][760x3072x5120][343x3072x5120][342x3072x5120][1671x3072x5120][2410x3072x5120][545x3072x5120][2347x3072x5120][724x3072x5120][352x3072x5120]',,tensorop,f32,256,128,64,2,1,1,2,1,1,7,4,1,1,256,128,16,100,110,1493172224,1030993477632,690,0.804682,1728.17,1.28124e+06
1,CUTLASS,grouped_gemm,cutlass3x_sm100_tensorop_gemm_grouped_bf16_bf16_f32_void_f32_256x128x64_2x1x1_0_tnt_align8_2sm_epi_tma,passed,success,grouped,,,,,bf16:row,bf16:column,void:row,f32:row,1,0,invalid,invalid,heuristic,1,false,'[515x3072x5120][368x3072x5120][422x3072x5120][5460x3072x5120][342x3072x5120][344x3072x5120][375x3072x5120][4938x3072x5120][483x3072x5120][365x3072x5120][2069x3072x5120][2059x3072x5120][384x3072x5120][4808x3072x5120][342x3072x5120][760x3072x5120][343x3072x5120][342x3072x5120][1671x3072x5120][2410x3072x5120][545x3072x5120][2347x3072x5120][724x3072x5120][352x3072x5120]',,tensorop,f32,256,128,64,2,1,1,2,1,1,7,4,1,1,256,128,16,100,110,1090519040,1030993477632,945,0.801606,1266.99,1.28616e+06
1,CUTLASS,grouped_gemm,cutlass3x_sm100_tensorop_gemm_grouped_bf16_bf16_f32_void_f32_256x128x64_2x1x1_0_tnt_align8_stream_k_2sm_epi_tma,passed,success,grouped,,,,,bf16:row,bf16:column,void:row,f32:row,1,0,invalid,invalid,heuristic,1,false,'[515x3072x5120][368x3072x5120][422x3072x5120][5460x3072x5120][342x3072x5120][344x3072x5120][375x3072x5120][4938x3072x5120][483x3072x5120][365x3072x5120][2069x3072x5120][2059x3072x5120][384x3072x5120][4808x3072x5120][342x3072x5120][760x3072x5120][343x3072x5120][342x3072x5120][1671x3072x5120][2410x3072x5120][545x3072x5120][2347x3072x5120][724x3072x5120][352x3072x5120]',,tensorop,f32,256,128,64,2,1,1,2,1,1,7,4,1,1,256,128,16,100,110,1090519040,1030993477632,945,0.801738,1266.78,1.28595e+06
1,CUTLASS,grouped_gemm,cutlass3x_sm100_tensorop_gemm_grouped_bf16_bf16_f32_f32_f32_256x128x64_2x2x1_0_tnt_align8_2sm_epi_tma,passed,success,grouped,,,,,bf16:row,bf16:column,f32:row,f32:row,1,0,invalid,invalid,heuristic,1,false,'[515x3072x5120][368x3072x5120][422x3072x5120][5460x3072x5120][342x3072x5120][344x3072x5120][375x3072x5120][4938x3072x5120][483x3072x5120][365x3072x5120][2069x3072x5120][2059x3072x5120][384x3072x5120][4808x3072x5120][342x3072x5120][760x3072x5120][343x3072x5120][342x3072x5120][1671x3072x5120][2410x3072x5120][545x3072x5120][2347x3072x5120][724x3072x5120][352x3072x5120]',,tensorop,f32,256,128,64,2,2,1,2,1,1,7,4,1,1,256,128,16,100,110,1493172224,1030993477632,690,0.725216,1917.53,1.42164e+06
1,CUTLASS,grouped_gemm,cutlass3x_sm100_tensorop_gemm_grouped_bf16_bf16_f32_f32_f32_256x128x64_2x2x1_0_tnt_align8_stream_k_2sm_epi_tma,passed,success,grouped,,,,,bf16:row,bf16:column,f32:row,f32:row,1,0,invalid,invalid,heuristic,1,false,'[515x3072x5120][368x3072x5120][422x3072x5120][5460x3072x5120][342x3072x5120][344x3072x5120][375x3072x5120][4938x3072x5120][483x3072x5120][365x3072x5120][2069x3072x5120][2059x3072x5120][384x3072x5120][4808x3072x5120][342x3072x5120][760x3072x5120][343x3072x5120][342x3072x5120][1671x3072x5120][2410x3072x5120][545x3072x5120][2347x3072x5120][724x3072x5120][352x3072x5120]',,tensorop,f32,256,128,64,2,2,1,2,1,1,7,4,1,1,256,128,16,100,110,1493172224,1030993477632,690,0.725622,1916.46,1.42084e+06
1,CUTLASS,grouped_gemm,cutlass3x_sm100_tensorop_gemm_grouped_bf16_bf16_f32_void_f32_256x128x64_2x2x1_0_tnt_align8_2sm_epi_tma,passed,success,grouped,,,,,bf16:row,bf16:column,void:row,f32:row,1,0,invalid,invalid,heuristic,1,false,'[515x3072x5120][368x3072x5120][422x3072x5120][5460x3072x5120][342x3072x5120][344x3072x5120][375x3072x5120][4938x3072x5120][483x3072x5120][365x3072x5120][2069x3072x5120][2059x3072x5120][384x3072x5120][4808x3072x5120][342x3072x5120][760x3072x5120][343x3072x5120][342x3072x5120][1671x3072x5120][2410x3072x5120][545x3072x5120][2347x3072x5120][724x3072x5120][352x3072x5120]',,tensorop,f32,256,128,64,2,2,1,2,1,1,7,4,1,1,256,128,16,100,110,1090519040,1030993477632,945,0.734224,1383.26,1.40419e+06
1,CUTLASS,grouped_gemm,cutlass3x_sm100_tensorop_gemm_grouped_bf16_bf16_f32_void_f32_256x128x64_2x2x1_0_tnt_align8_stream_k_2sm_epi_tma,passed,success,grouped,,,,,bf16:row,bf16:column,void:row,f32:row,1,0,invalid,invalid,heuristic,1,false,'[515x3072x5120][368x3072x5120][422x3072x5120][5460x3072x5120][342x3072x5120][344x3072x5120][375x3072x5120][4938x3072x5120][483x3072x5120][365x3072x5120][2069x3072x5120][2059x3072x5120][384x3072x5120][4808x3072x5120][342x3072x5120][760x3072x5120][343x3072x5120][342x3072x5120][1671x3072x5120][2410x3072x5120][545x3072x5120][2347x3072x5120][724x3072x5120][352x3072x5120]',,tensorop,f32,256,128,64,2,2,1,2,1,1,7,4,1,1,256,128,16,100,110,1090519040,1030993477632,945,0.735174,1381.47,1.40238e+06
1,CUTLASS,grouped_gemm,cutlass3x_sm100_tensorop_gemm_grouped_bf16_bf16_f32_f32_f32_256x128x64_4x1x1_0_tnt_align8_2sm_epi_tma,passed,success,grouped,,,,,bf16:row,bf16:column,f32:row,f32:row,1,0,invalid,invalid,heuristic,1,false,'[515x3072x5120][368x3072x5120][422x3072x5120][5460x3072x5120][342x3072x5120][344x3072x5120][375x3072x5120][4938x3072x5120][483x3072x5120][365x3072x5120][2069x3072x5120][2059x3072x5120][384x3072x5120][4808x3072x5120][342x3072x5120][760x3072x5120][343x3072x5120][342x3072x5120][1671x3072x5120][2410x3072x5120][545x3072x5120][2347x3072x5120][724x3072x5120][352x3072x5120]',,tensorop,f32,256,128,64,4,1,1,2,1,1,7,4,1,1,256,128,16,100,110,1493172224,1030993477632,690,0.889184,1563.93,1.15948e+06
1,CUTLASS,grouped_gemm,cutlass3x_sm100_tensorop_gemm_grouped_bf16_bf16_f32_f32_f32_256x128x64_4x1x1_0_tnt_align8_stream_k_2sm_epi_tma,passed,success,grouped,,,,,bf16:row,bf16:column,f32:row,f32:row,1,0,invalid,invalid,heuristic,1,false,'[515x3072x5120][368x3072x5120][422x3072x5120][5460x3072x5120][342x3072x5120][344x3072x5120][375x3072x5120][4938x3072x5120][483x3072x5120][365x3072x5120][2069x3072x5120][2059x3072x5120][384x3072x5120][4808x3072x5120][342x3072x5120][760x3072x5120][343x3072x5120][342x3072x5120][1671x3072x5120][2410x3072x5120][545x3072x5120][2347x3072x5120][724x3072x5120][352x3072x5120]',,tensorop,f32,256,128,64,4,1,1,2,1,1,7,4,1,1,256,128,16,100,110,1493172224,1030993477632,690,0.872358,1594.1,1.18185e+06
1,CUTLASS,grouped_gemm,cutlass3x_sm100_tensorop_gemm_grouped_bf16_bf16_f32_void_f32_256x128x64_4x1x1_0_tnt_align8_2sm_epi_tma,passed,success,grouped,,,,,bf16:row,bf16:column,void:row,f32:row,1,0,invalid,invalid,heuristic,1,false,'[515x3072x5120][368x3072x5120][422x3072x5120][5460x3072x5120][342x3072x5120][344x3072x5120][375x3072x5120][4938x3072x5120][483x3072x5120][365x3072x5120][2069x3072x5120][2059x3072x5120][384x3072x5120][4808x3072x5120][342x3072x5120][760x3072x5120][343x3072x5120][342x3072x5120][1671x3072x5120][2410x3072x5120][545x3072x5120][2347x3072x5120][724x3072x5120][352x3072x5120]',,tensorop,f32,256,128,64,4,1,1,2,1,1,7,4,1,1,256,128,16,100,110,1090519040,1030993477632,945,0.876662,1158.51,1.17604e+06
1,CUTLASS,grouped_gemm,cutlass3x_sm100_tensorop_gemm_grouped_bf16_bf16_f32_void_f32_256x128x64_4x1x1_0_tnt_align8_stream_k_2sm_epi_tma,passed,success,grouped,,,,,bf16:row,bf16:column,void:row,f32:row,1,0,invalid,invalid,heuristic,1,false,'[515x3072x5120][368x3072x5120][422x3072x5120][5460x3072x5120][342x3072x5120][344x3072x5120][375x3072x5120][4938x3072x5120][483x3072x5120][365x3072x5120][2069x3072x5120][2059x3072x5120][384x3072x5120][4808x3072x5120][342x3072x5120][760x3072x5120][343x3072x5120][342x3072x5120][1671x3072x5120][2410x3072x5120][545x3072x5120][2347x3072x5120][724x3072x5120][352x3072x5120]',,tensorop,f32,256,128,64,4,1,1,2,1,1,7,4,1,1,256,128,16,100,110,1090519040,1030993477632,945,0.877485,1157.43,1.17494e+06
1,CUTLASS,grouped_gemm,cutlass3x_sm100_tensorop_gemm_grouped_bf16_bf16_f32_f32_f32_256x128x64_2x4x1_0_tnt_align8_2sm_epi_tma,passed,success,grouped,,,,,bf16:row,bf16:column,f32:row,f32:row,1,0,invalid,invalid,heuristic,1,false,'[515x3072x5120][368x3072x5120][422x3072x5120][5460x3072x5120][342x3072x5120][344x3072x5120][375x3072x5120][4938x3072x5120][483x3072x5120][365x3072x5120][2069x3072x5120][2059x3072x5120][384x3072x5120][4808x3072x5120][342x3072x5120][760x3072x5120][343x3072x5120][342x3072x5120][1671x3072x5120][2410x3072x5120][545x3072x5120][2347x3072x5120][724x3072x5120][352x3072x5120]',,tensorop,f32,256,128,64,2,4,1,2,1,1,7,4,1,1,256,128,16,100,110,1493172224,1030993477632,690,0.785629,1770.08,1.31232e+06
1,CUTLASS,grouped_gemm,cutlass3x_sm100_tensorop_gemm_grouped_bf16_bf16_f32_f32_f32_256x128x64_2x4x1_0_tnt_align8_stream_k_2sm_epi_tma,passed,success,grouped,,,,,bf16:row,bf16:column,f32:row,f32:row,1,0,invalid,invalid,heuristic,1,false,'[515x3072x5120][368x3072x5120][422x3072x5120][5460x3072x5120][342x3072x5120][344x3072x5120][375x3072x5120][4938x3072x5120][483x3072x5120][365x3072x5120][2069x3072x5120][2059x3072x5120][384x3072x5120][4808x3072x5120][342x3072x5120][760x3072x5120][343x3072x5120][342x3072x5120][1671x3072x5120][2410x3072x5120][545x3072x5120][2347x3072x5120][724x3072x5120][352x3072x5120]',,tensorop,f32,256,128,64,2,4,1,2,1,1,7,4,1,1,256,128,16,100,110,1493172224,1030993477632,690,0.78584,1769.6,1.31196e+06
1,CUTLASS,grouped_gemm,cutlass3x_sm100_tensorop_gemm_grouped_bf16_bf16_f32_void_f32_256x128x64_2x4x1_0_tnt_align8_2sm_epi_tma,passed,success,grouped,,,,,bf16:row,bf16:column,void:row,f32:row,1,0,invalid,invalid,heuristic,1,false,'[515x3072x5120][368x3072x5120][422x3072x5120][5460x3072x5120][342x3072x5120][344x3072x5120][375x3072x5120][4938x3072x5120][483x3072x5120][365x3072x5120][2069x3072x5120][2059x3072x5120][384x3072x5120][4808x3072x5120][342x3072x5120][760x3072x5120][343x3072x5120][342x3072x5120][1671x3072x5120][2410x3072x5120][545x3072x5120][2347x3072x5120][724x3072x5120][352x3072x5120]',,tensorop,f32,256,128,64,2,4,1,2,1,1,7,4,1,1,256,128,16,100,110,1090519040,1030993477632,945,0.802557,1265.49,1.28464e+06
1,CUTLASS,grouped_gemm,cutlass3x_sm100_tensorop_gemm_grouped_bf16_bf16_f32_void_f32_256x128x64_2x4x1_0_tnt_align8_stream_k_2sm_epi_tma,passed,success,grouped,,,,,bf16:row,bf16:column,void:row,f32:row,1,0,invalid,invalid,heuristic,1,false,'[515x3072x5120][368x3072x5120][422x3072x5120][5460x3072x5120][342x3072x5120][344x3072x5120][375x3072x5120][4938x3072x5120][483x3072x5120][365x3072x5120][2069x3072x5120][2059x3072x5120][384x3072x5120][4808x3072x5120][342x3072x5120][760x3072x5120][343x3072x5120][342x3072x5120][1671x3072x5120][2410x3072x5120][545x3072x5120][2347x3072x5120][724x3072x5120][352x3072x5120]',,tensorop,f32,256,128,64,2,4,1,2,1,1,7,4,1,1,256,128,16,100,110,1090519040,1030993477632,945,0.802019,1266.33,1.2855e+06
1,CUTLASS,grouped_gemm,cutlass3x_sm100_tensorop_gemm_grouped_bf16_bf16_f32_f32_f32_256x128x64_4x2x1_0_tnt_align8_2sm_epi_tma,passed,success,grouped,,,,,bf16:row,bf16:column,f32:row,f32:row,1,0,invalid,invalid,heuristic,1,false,'[515x3072x5120][368x3072x5120][422x3072x5120][5460x3072x5120][342x3072x5120][344x3072x5120][375x3072x5120][4938x3072x5120][483x3072x5120][365x3072x5120][2069x3072x5120][2059x3072x5120][384x3072x5120][4808x3072x5120][342x3072x5120][760x3072x5120][343x3072x5120][342x3072x5120][1671x3072x5120][2410x3072x5120][545x3072x5120][2347x3072x5120][724x3072x5120][352x3072x5120]',,tensorop,f32,256,128,64,4,2,1,2,1,1,7,4,1,1,256,128,16,100,110,1493172224,1030993477632,690,0.879738,1580.73,1.17193e+06
1,CUTLASS,grouped_gemm,cutlass3x_sm100_tensorop_gemm_grouped_bf16_bf16_f32_f32_f32_256x128x64_4x2x1_0_tnt_align8_stream_k_2sm_epi_tma,passed,success,grouped,,,,,bf16:row,bf16:column,f32:row,f32:row,1,0,invalid,invalid,heuristic,1,false,'[515x3072x5120][368x3072x5120][422x3072x5120][5460x3072x5120][342x3072x5120][344x3072x5120][375x3072x5120][4938x3072x5120][483x3072x5120][365x3072x5120][2069x3072x5120][2059x3072x5120][384x3072x5120][4808x3072x5120][342x3072x5120][760x3072x5120][343x3072x5120][342x3072x5120][1671x3072x5120][2410x3072x5120][545x3072x5120][2347x3072x5120][724x3072x5120][352x3072x5120]',,tensorop,f32,256,128,64,4,2,1,2,1,1,7,4,1,1,256,128,16,100,110,1493172224,1030993477632,690,0.884253,1572.66,1.16595e+06
1,CUTLASS,grouped_gemm,cutlass3x_sm100_tensorop_gemm_grouped_bf16_bf16_f32_void_f32_256x128x64_4x2x1_0_tnt_align8_2sm_epi_tma,passed,success,grouped,,,,,bf16:row,bf16:column,void:row,f32:row,1,0,invalid,invalid,heuristic,1,false,'[515x3072x5120][368x3072x5120][422x3072x5120][5460x3072x5120][342x3072x5120][344x3072x5120][375x3072x5120][4938x3072x5120][483x3072x5120][365x3072x5120][2069x3072x5120][2059x3072x5120][384x3072x5120][4808x3072x5120][342x3072x5120][760x3072x5120][343x3072x5120][342x3072x5120][1671x3072x5120][2410x3072x5120][545x3072x5120][2347x3072x5120][724x3072x5120][352x3072x5120]',,tensorop,f32,256,128,64,4,2,1,2,1,1,7,4,1,1,256,128,16,100,110,1090519040,1030993477632,945,0.893459,1136.73,1.15393e+06
1,CUTLASS,grouped_gemm,cutlass3x_sm100_tensorop_gemm_grouped_bf16_bf16_f32_void_f32_256x128x64_4x2x1_0_tnt_align8_stream_k_2sm_epi_tma,passed,success,grouped,,,,,bf16:row,bf16:column,void:row,f32:row,1,0,invalid,invalid,heuristic,1,false,'[515x3072x5120][368x3072x5120][422x3072x5120][5460x3072x5120][342x3072x5120][344x3072x5120][375x3072x5120][4938x3072x5120][483x3072x5120][365x3072x5120][2069x3072x5120][2059x3072x5120][384x3072x5120][4808x3072x5120][342x3072x5120][760x3072x5120][343x3072x5120][342x3072x5120][1671x3072x5120][2410x3072x5120][545x3072x5120][2347x3072x5120][724x3072x5120][352x3072x5120]',,tensorop,f32,256,128,64,4,2,1,2,1,1,7,4,1,1,256,128,16,100,110,1090519040,1030993477632,945,0.892438,1138.03,1.15525e+06
1,CUTLASS,grouped_gemm,cutlass3x_sm100_tensorop_gemm_grouped_bf16_bf16_f32_f32_f32_256x128x64_4x4x1_0_tnt_align8_2sm_epi_tma,passed,success,grouped,,,,,bf16:row,bf16:column,f32:row,f32:row,1,0,invalid,invalid,heuristic,1,false,'[515x3072x5120][368x3072x5120][422x3072x5120][5460x3072x5120][342x3072x5120][344x3072x5120][375x3072x5120][4938x3072x5120][483x3072x5120][365x3072x5120][2069x3072x5120][2059x3072x5120][384x3072x5120][4808x3072x5120][342x3072x5120][760x3072x5120][343x3072x5120][342x3072x5120][1671x3072x5120][2410x3072x5120][545x3072x5120][2347x3072x5120][724x3072x5120][352x3072x5120]',,tensorop,f32,256,128,64,4,4,1,2,1,1,7,4,1,1,256,128,16,100,110,1493172224,1030993477632,690,0.897146,1550.06,1.14919e+06
1,CUTLASS,grouped_gemm,cutlass3x_sm100_tensorop_gemm_grouped_bf16_bf16_f32_f32_f32_256x128x64_4x4x1_0_tnt_align8_stream_k_2sm_epi_tma,passed,success,grouped,,,,,bf16:row,bf16:column,f32:row,f32:row,1,0,invalid,invalid,heuristic,1,false,'[515x3072x5120][368x3072x5120][422x3072x5120][5460x3072x5120][342x3072x5120][344x3072x5120][375x3072x5120][4938x3072x5120][483x3072x5120][365x3072x5120][2069x3072x5120][2059x3072x5120][384x3072x5120][4808x3072x5120][342x3072x5120][760x3072x5120][343x3072x5120][342x3072x5120][1671x3072x5120][2410x3072x5120][545x3072x5120][2347x3072x5120][724x3072x5120][352x3072x5120]',,tensorop,f32,256,128,64,4,4,1,2,1,1,7,4,1,1,256,128,16,100,110,1493172224,1030993477632,690,0.901238,1543.02,1.14397e+06
1,CUTLASS,grouped_gemm,cutlass3x_sm100_tensorop_gemm_grouped_bf16_bf16_f32_void_f32_256x128x64_4x4x1_0_tnt_align8_2sm_epi_tma,passed,success,grouped,,,,,bf16:row,bf16:column,void:row,f32:row,1,0,invalid,invalid,heuristic,1,false,'[515x3072x5120][368x3072x5120][422x3072x5120][5460x3072x5120][342x3072x5120][344x3072x5120][375x3072x5120][4938x3072x5120][483x3072x5120][365x3072x5120][2069x3072x5120][2059x3072x5120][384x3072x5120][4808x3072x5120][342x3072x5120][760x3072x5120][343x3072x5120][342x3072x5120][1671x3072x5120][2410x3072x5120][545x3072x5120][2347x3072x5120][724x3072x5120][352x3072x5120]',,tensorop,f32,256,128,64,4,4,1,2,1,1,7,4,1,1,256,128,16,100,110,1090519040,1030993477632,945,0.908205,1118.28,1.1352e+06
1,CUTLASS,grouped_gemm,cutlass3x_sm100_tensorop_gemm_grouped_bf16_bf16_f32_void_f32_256x128x64_4x4x1_0_tnt_align8_stream_k_2sm_epi_tma,passed,success,grouped,,,,,bf16:row,bf16:column,void:row,f32:row,1,0,invalid,invalid,heuristic,1,false,'[515x3072x5120][368x3072x5120][422x3072x5120][5460x3072x5120][342x3072x5120][344x3072x5120][375x3072x5120][4938x3072x5120][483x3072x5120][365x3072x5120][2069x3072x5120][2059x3072x5120][384x3072x5120][4808x3072x5120][342x3072x5120][760x3072x5120][343x3072x5120][342x3072x5120][1671x3072x5120][2410x3072x5120][545x3072x5120][2347x3072x5120][724x3072x5120][352x3072x5120]',,tensorop,f32,256,128,64,4,4,1,2,1,1,7,4,1,1,256,128,16,100,110,1090519040,1030993477632,945,0.908538,1117.87,1.13478e+06
1,CUTLASS,grouped_gemm,cutlass3x_sm100_tensorop_gemm_grouped_bf16_bf16_f32_bf16_bf16_256x128x64_0x0x1_0_tnt_align8_2sm_epi_tma,passed,success,grouped,,,,,bf16:row,bf16:column,bf16:row,bf16:row,1,0,invalid,invalid,heuristic,1,false,'[515x3072x5120][368x3072x5120][422x3072x5120][5460x3072x5120][342x3072x5120][344x3072x5120][375x3072x5120][4938x3072x5120][483x3072x5120][365x3072x5120][2069x3072x5120][2059x3072x5120][384x3072x5120][4808x3072x5120][342x3072x5120][760x3072x5120][343x3072x5120][342x3072x5120][1671x3072x5120][2410x3072x5120][545x3072x5120][2347x3072x5120][724x3072x5120][352x3072x5120]',,tensorop,f32,256,128,64,2,1,1,2,1,1,7,4,1,1,256,128,16,100,110,1291845632,1030993477632,798,0.799766,1504.35,1.28912e+06
1,CUTLASS,grouped_gemm,cutlass3x_sm100_tensorop_gemm_grouped_bf16_bf16_f32_bf16_bf16_256x128x64_0x0x1_0_tnt_align8_stream_k_2sm_epi_tma,passed,success,grouped,,,,,bf16:row,bf16:column,bf16:row,bf16:row,1,0,invalid,invalid,heuristic,1,false,'[515x3072x5120][368x3072x5120][422x3072x5120][5460x3072x5120][342x3072x5120][344x3072x5120][375x3072x5120][4938x3072x5120][483x3072x5120][365x3072x5120][2069x3072x5120][2059x3072x5120][384x3072x5120][4808x3072x5120][342x3072x5120][760x3072x5120][343x3072x5120][342x3072x5120][1671x3072x5120][2410x3072x5120][545x3072x5120][2347x3072x5120][724x3072x5120][352x3072x5120]',,tensorop,f32,256,128,64,2,1,1,2,1,1,7,4,1,1,256,128,16,100,110,1291845632,1030993477632,798,0.833994,1442.61,1.23621e+06
1,CUTLASS,grouped_gemm,cutlass3x_sm100_tensorop_gemm_grouped_bf16_bf16_f32_void_bf16_256x128x64_0x0x1_0_tnt_align8_2sm_epi_tma,passed,success,grouped,,,,,bf16:row,bf16:column,void:row,bf16:row,1,0,invalid,invalid,heuristic,1,false,'[515x3072x5120][368x3072x5120][422x3072x5120][5460x3072x5120][342x3072x5120][344x3072x5120][375x3072x5120][4938x3072x5120][483x3072x5120][365x3072x5120][2069x3072x5120][2059x3072x5120][384x3072x5120][4808x3072x5120][342x3072x5120][760x3072x5120][343x3072x5120][342x3072x5120][1671x3072x5120][2410x3072x5120][545x3072x5120][2347x3072x5120][724x3072x5120][352x3072x5120]',,tensorop,f32,256,128,64,2,1,1,2,1,1,8,4,1,1,256,128,16,100,110,1090519040,1030993477632,945,0.796486,1275.13,1.29443e+06
1,CUTLASS,grouped_gemm,cutlass3x_sm100_tensorop_gemm_grouped_bf16_bf16_f32_void_bf16_256x128x64_0x0x1_0_tnt_align8_stream_k_2sm_epi_tma,passed,success,grouped,,,,,bf16:row,bf16:column,void:row,bf16:row,1,0,invalid,invalid,heuristic,1,false,'[515x3072x5120][368x3072x5120][422x3072x5120][5460x3072x5120][342x3072x5120][344x3072x5120][375x3072x5120][4938x3072x5120][483x3072x5120][365x3072x5120][2069x3072x5120][2059x3072x5120][384x3072x5120][4808x3072x5120][342x3072x5120][760x3072x5120][343x3072x5120][342x3072x5120][1671x3072x5120][2410x3072x5120][545x3072x5120][2347x3072x5120][724x3072x5120][352x3072x5120]',,tensorop,f32,256,128,64,2,1,1,2,1,1,8,4,1,1,256,128,16,100,110,1090519040,1030993477632,945,0.797846,1272.96,1.29222e+06
1,CUTLASS,grouped_gemm,cutlass3x_sm100_tensorop_gemm_grouped_bf16_bf16_f32_bf16_bf16_256x128x64_2x1x1_0_tnt_align8_2sm_epi_tma,passed,success,grouped,,,,,bf16:row,bf16:column,bf16:row,bf16:row,1,0,invalid,invalid,heuristic,1,false,'[515x3072x5120][368x3072x5120][422x3072x5120][5460x3072x5120][342x3072x5120][344x3072x5120][375x3072x5120][4938x3072x5120][483x3072x5120][365x3072x5120][2069x3072x5120][2059x3072x5120][384x3072x5120][4808x3072x5120][342x3072x5120][760x3072x5120][343x3072x5120][342x3072x5120][1671x3072x5120][2410x3072x5120][545x3072x5120][2347x3072x5120][724x3072x5120][352x3072x5120]',,tensorop,f32,256,128,64,2,1,1,2,1,1,7,4,1,1,256,128,16,100,110,1291845632,1030993477632,798,0.831821,1446.38,1.23944e+06
1,CUTLASS,grouped_gemm,cutlass3x_sm100_tensorop_gemm_grouped_bf16_bf16_f32_bf16_bf16_256x128x64_2x1x1_0_tnt_align8_stream_k_2sm_epi_tma,passed,success,grouped,,,,,bf16:row,bf16:column,bf16:row,bf16:row,1,0,invalid,invalid,heuristic,1,false,'[515x3072x5120][368x3072x5120][422x3072x5120][5460x3072x5120][342x3072x5120][344x3072x5120][375x3072x5120][4938x3072x5120][483x3072x5120][365x3072x5120][2069x3072x5120][2059x3072x5120][384x3072x5120][4808x3072x5120][342x3072x5120][760x3072x5120][343x3072x5120][342x3072x5120][1671x3072x5120][2410x3072x5120][545x3072x5120][2347x3072x5120][724x3072x5120][352x3072x5120]',,tensorop,f32,256,128,64,2,1,1,2,1,1,7,4,1,1,256,128,16,100,110,1291845632,1030993477632,798,0.78768,1527.43,1.3089e+06
1,CUTLASS,grouped_gemm,cutlass3x_sm100_tensorop_gemm_grouped_bf16_bf16_f32_void_bf16_256x128x64_2x1x1_0_tnt_align8_2sm_epi_tma,passed,success,grouped,,,,,bf16:row,bf16:column,void:row,bf16:row,1,0,invalid,invalid,heuristic,1,false,'[515x3072x5120][368x3072x5120][422x3072x5120][5460x3072x5120][342x3072x5120][344x3072x5120][375x3072x5120][4938x3072x5120][483x3072x5120][365x3072x5120][2069x3072x5120][2059x3072x5120][384x3072x5120][4808x3072x5120][342x3072x5120][760x3072x5120][343x3072x5120][342x3072x5120][1671x3072x5120][2410x3072x5120][545x3072x5120][2347x3072x5120][724x3072x5120][352x3072x5120]',,tensorop,f32,256,128,64,2,1,1,2,1,1,8,4,1,1,256,128,16,100,110,1090519040,1030993477632,945,0.812563,1249.9,1.26882e+06
1,CUTLASS,grouped_gemm,cutlass3x_sm100_tensorop_gemm_grouped_bf16_bf16_f32_void_bf16_256x128x64_2x1x1_0_tnt_align8_stream_k_2sm_epi_tma,passed,success,grouped,,,,,bf16:row,bf16:column,void:row,bf16:row,1,0,invalid,invalid,heuristic,1,false,'[515x3072x5120][368x3072x5120][422x3072x5120][5460x3072x5120][342x3072x5120][344x3072x5120][375x3072x5120][4938x3072x5120][483x3072x5120][365x3072x5120][2069x3072x5120][2059x3072x5120][384x3072x5120][4808x3072x5120][342x3072x5120][760x3072x5120][343x3072x5120][342x3072x5120][1671x3072x5120][2410x3072x5120][545x3072x5120][2347x3072x5120][724x3072x5120][352x3072x5120]',,tensorop,f32,256,128,64,2,1,1,2,1,1,8,4,1,1,256,128,16,100,110,1090519040,1030993477632,945,0.813178,1248.96,1.26786e+06
1,CUTLASS,grouped_gemm,cutlass3x_sm100_tensorop_gemm_grouped_bf16_bf16_f32_bf16_bf16_256x128x64_2x2x1_0_tnt_align8_2sm_epi_tma,passed,success,grouped,,,,,bf16:row,bf16:column,bf16:row,bf16:row,1,0,invalid,invalid,heuristic,1,false,'[515x3072x5120][368x3072x5120][422x3072x5120][5460x3072x5120][342x3072x5120][344x3072x5120][375x3072x5120][4938x3072x5120][483x3072x5120][365x3072x5120][2069x3072x5120][2059x3072x5120][384x3072x5120][4808x3072x5120][342x3072x5120][760x3072x5120][343x3072x5120][342x3072x5120][1671x3072x5120][2410x3072x5120][545x3072x5120][2347x3072x5120][724x3072x5120][352x3072x5120]',,tensorop,f32,256,128,64,2,2,1,2,1,1,7,4,1,1,256,128,16,100,110,1291845632,1030993477632,798,0.702208,1713.35,1.46822e+06
1,CUTLASS,grouped_gemm,cutlass3x_sm100_tensorop_gemm_grouped_bf16_bf16_f32_bf16_bf16_256x128x64_2x2x1_0_tnt_align8_stream_k_2sm_epi_tma,passed,success,grouped,,,,,bf16:row,bf16:column,bf16:row,bf16:row,1,0,invalid,invalid,heuristic,1,false,'[515x3072x5120][368x3072x5120][422x3072x5120][5460x3072x5120][342x3072x5120][344x3072x5120][375x3072x5120][4938x3072x5120][483x3072x5120][365x3072x5120][2069x3072x5120][2059x3072x5120][384x3072x5120][4808x3072x5120][342x3072x5120][760x3072x5120][343x3072x5120][342x3072x5120][1671x3072x5120][2410x3072x5120][545x3072x5120][2347x3072x5120][724x3072x5120][352x3072x5120]',,tensorop,f32,256,128,64,2,2,1,2,1,1,7,4,1,1,256,128,16,100,110,1291845632,1030993477632,798,0.701382,1715.36,1.46994e+06
1,CUTLASS,grouped_gemm,cutlass3x_sm100_tensorop_gemm_grouped_bf16_bf16_f32_void_bf16_256x128x64_2x2x1_0_tnt_align8_2sm_epi_tma,passed,success,grouped,,,,,bf16:row,bf16:column,void:row,bf16:row,1,0,invalid,invalid,heuristic,1,false,'[515x3072x5120][368x3072x5120][422x3072x5120][5460x3072x5120][342x3072x5120][344x3072x5120][375x3072x5120][4938x3072x5120][483x3072x5120][365x3072x5120][2069x3072x5120][2059x3072x5120][384x3072x5120][4808x3072x5120][342x3072x5120][760x3072x5120][343x3072x5120][342x3072x5120][1671x3072x5120][2410x3072x5120][545x3072x5120][2347x3072x5120][724x3072x5120][352x3072x5120]',,tensorop,f32,256,128,64,2,2,1,2,1,1,8,4,1,1,256,128,16,100,110,1090519040,1030993477632,945,0.679373,1494.95,1.51757e+06
1,CUTLASS,grouped_gemm,cutlass3x_sm100_tensorop_gemm_grouped_bf16_bf16_f32_void_bf16_256x128x64_2x2x1_0_tnt_align8_stream_k_2sm_epi_tma,passed,success,grouped,,,,,bf16:row,bf16:column,void:row,bf16:row,1,0,invalid,invalid,heuristic,1,false,'[515x3072x5120][368x3072x5120][422x3072x5120][5460x3072x5120][342x3072x5120][344x3072x5120][375x3072x5120][4938x3072x5120][483x3072x5120][365x3072x5120][2069x3072x5120][2059x3072x5120][384x3072x5120][4808x3072x5120][342x3072x5120][760x3072x5120][343x3072x5120][342x3072x5120][1671x3072x5120][2410x3072x5120][545x3072x5120][2347x3072x5120][724x3072x5120][352x3072x5120]',,tensorop,f32,256,128,64,2,2,1,2,1,1,8,4,1,1,256,128,16,100,110,1090519040,1030993477632,945,0.679034,1495.69,1.51832e+06
1,CUTLASS,grouped_gemm,cutlass3x_sm100_tensorop_gemm_grouped_bf16_bf16_f32_bf16_bf16_256x128x64_4x1x1_0_tnt_align8_2sm_epi_tma,passed,success,grouped,,,,,bf16:row,bf16:column,bf16:row,bf16:row,1,0,invalid,invalid,heuristic,1,false,'[515x3072x5120][368x3072x5120][422x3072x5120][5460x3072x5120][342x3072x5120][344x3072x5120][375x3072x5120][4938x3072x5120][483x3072x5120][365x3072x5120][2069x3072x5120][2059x3072x5120][384x3072x5120][4808x3072x5120][342x3072x5120][760x3072x5120][343x3072x5120][342x3072x5120][1671x3072x5120][2410x3072x5120][545x3072x5120][2347x3072x5120][724x3072x5120][352x3072x5120]',,tensorop,f32,256,128,64,4,1,1,2,1,1,7,4,1,1,256,128,16,100,110,1291845632,1030993477632,798,0.841677,1429.44,1.22493e+06
1,CUTLASS,grouped_gemm,cutlass3x_sm100_tensorop_gemm_grouped_bf16_bf16_f32_bf16_bf16_256x128x64_4x1x1_0_tnt_align8_stream_k_2sm_epi_tma,passed,success,grouped,,,,,bf16:row,bf16:column,bf16:row,bf16:row,1,0,invalid,invalid,heuristic,1,false,'[515x3072x5120][368x3072x5120][422x3072x5120][5460x3072x5120][342x3072x5120][344x3072x5120][375x3072x5120][4938x3072x5120][483x3072x5120][365x3072x5120][2069x3072x5120][2059x3072x5120][384x3072x5120][4808x3072x5120][342x3072x5120][760x3072x5120][343x3072x5120][342x3072x5120][1671x3072x5120][2410x3072x5120][545x3072x5120][2347x3072x5120][724x3072x5120][352x3072x5120]',,tensorop,f32,256,128,64,4,1,1,2,1,1,7,4,1,1,256,128,16,100,110,1291845632,1030993477632,798,0.851504,1412.94,1.21079e+06
1,CUTLASS,grouped_gemm,cutlass3x_sm100_tensorop_gemm_grouped_bf16_bf16_f32_void_bf16_256x128x64_4x1x1_0_tnt_align8_2sm_epi_tma,passed,success,grouped,,,,,bf16:row,bf16:column,void:row,bf16:row,1,0,invalid,invalid,heuristic,1,false,'[515x3072x5120][368x3072x5120][422x3072x5120][5460x3072x5120][342x3072x5120][344x3072x5120][375x3072x5120][4938x3072x5120][483x3072x5120][365x3072x5120][2069x3072x5120][2059x3072x5120][384x3072x5120][4808x3072x5120][342x3072x5120][760x3072x5120][343x3072x5120][342x3072x5120][1671x3072x5120][2410x3072x5120][545x3072x5120][2347x3072x5120][724x3072x5120][352x3072x5120]',,tensorop,f32,256,128,64,4,1,1,2,1,1,8,4,1,1,256,128,16,100,110,1090519040,1030993477632,945,0.831843,1220.93,1.23941e+06
1,CUTLASS,grouped_gemm,cutlass3x_sm100_tensorop_gemm_grouped_bf16_bf16_f32_void_bf16_256x128x64_4x1x1_0_tnt_align8_stream_k_2sm_epi_tma,passed,success,grouped,,,,,bf16:row,bf16:column,void:row,bf16:row,1,0,invalid,invalid,heuristic,1,false,'[515x3072x5120][368x3072x5120][422x3072x5120][5460x3072x5120][342x3072x5120][344x3072x5120][375x3072x5120][4938x3072x5120][483x3072x5120][365x3072x5120][2069x3072x5120][2059x3072x5120][384x3072x5120][4808x3072x5120][342x3072x5120][760x3072x5120][343x3072x5120][342x3072x5120][1671x3072x5120][2410x3072x5120][545x3072x5120][2347x3072x5120][724x3072x5120][352x3072x5120]',,tensorop,f32,256,128,64,4,1,1,2,1,1,8,4,1,1,256,128,16,100,110,1090519040,1030993477632,945,0.82887,1225.31,1.24385e+06
1,CUTLASS,grouped_gemm,cutlass3x_sm100_tensorop_gemm_grouped_bf16_bf16_f32_bf16_bf16_256x128x64_2x4x1_0_tnt_align8_2sm_epi_tma,passed,success,grouped,,,,,bf16:row,bf16:column,bf16:row,bf16:row,1,0,invalid,invalid,heuristic,1,false,'[515x3072x5120][368x3072x5120][422x3072x5120][5460x3072x5120][342x3072x5120][344x3072x5120][375x3072x5120][4938x3072x5120][483x3072x5120][365x3072x5120][2069x3072x5120][2059x3072x5120][384x3072x5120][4808x3072x5120][342x3072x5120][760x3072x5120][343x3072x5120][342x3072x5120][1671x3072x5120][2410x3072x5120][545x3072x5120][2347x3072x5120][724x3072x5120][352x3072x5120]',,tensorop,f32,256,128,64,2,4,1,2,1,1,7,4,1,1,256,128,16,100,110,1291845632,1030993477632,798,0.763309,1576.2,1.35069e+06
1,CUTLASS,grouped_gemm,cutlass3x_sm100_tensorop_gemm_grouped_bf16_bf16_f32_bf16_bf16_256x128x64_2x4x1_0_tnt_align8_stream_k_2sm_epi_tma,passed,success,grouped,,,,,bf16:row,bf16:column,bf16:row,bf16:row,1,0,invalid,invalid,heuristic,1,false,'[515x3072x5120][368x3072x5120][422x3072x5120][5460x3072x5120][342x3072x5120][344x3072x5120][375x3072x5120][4938x3072x5120][483x3072x5120][365x3072x5120][2069x3072x5120][2059x3072x5120][384x3072x5120][4808x3072x5120][342x3072x5120][760x3072x5120][343x3072x5120][342x3072x5120][1671x3072x5120][2410x3072x5120][545x3072x5120][2347x3072x5120][724x3072x5120][352x3072x5120]',,tensorop,f32,256,128,64,2,4,1,2,1,1,7,4,1,1,256,128,16,100,110,1291845632,1030993477632,798,0.762282,1578.32,1.35251e+06
1,CUTLASS,grouped_gemm,cutlass3x_sm100_tensorop_gemm_grouped_bf16_bf16_f32_void_bf16_256x128x64_2x4x1_0_tnt_align8_2sm_epi_tma,passed,success,grouped,,,,,bf16:row,bf16:column,void:row,bf16:row,1,0,invalid,invalid,heuristic,1,false,'[515x3072x5120][368x3072x5120][422x3072x5120][5460x3072x5120][342x3072x5120][344x3072x5120][375x3072x5120][4938x3072x5120][483x3072x5120][365x3072x5120][2069x3072x5120][2059x3072x5120][384x3072x5120][4808x3072x5120][342x3072x5120][760x3072x5120][343x3072x5120][342x3072x5120][1671x3072x5120][2410x3072x5120][545x3072x5120][2347x3072x5120][724x3072x5120][352x3072x5120]',,tensorop,f32,256,128,64,2,4,1,2,1,1,8,4,1,1,256,128,16,100,110,1090519040,1030993477632,945,0.720125,1410.35,1.43169e+06
1,CUTLASS,grouped_gemm,cutlass3x_sm100_tensorop_gemm_grouped_bf16_bf16_f32_void_bf16_256x128x64_2x4x1_0_tnt_align8_stream_k_2sm_epi_tma,passed,success,grouped,,,,,bf16:row,bf16:column,void:row,bf16:row,1,0,invalid,invalid,heuristic,1,false,'[515x3072x5120][368x3072x5120][422x3072x5120][5460x3072x5120][342x3072x5120][344x3072x5120][375x3072x5120][4938x3072x5120][483x3072x5120][365x3072x5120][2069x3072x5120][2059x3072x5120][384x3072x5120][4808x3072x5120][342x3072x5120][760x3072x5120][343x3072x5120][342x3072x5120][1671x3072x5120][2410x3072x5120][545x3072x5120][2347x3072x5120][724x3072x5120][352x3072x5120]',,tensorop,f32,256,128,64,2,4,1,2,1,1,8,4,1,1,256,128,16,100,110,1090519040,1030993477632,945,0.719693,1411.19,1.43255e+06
1,CUTLASS,grouped_gemm,cutlass3x_sm100_tensorop_gemm_grouped_bf16_bf16_f32_bf16_bf16_256x128x64_4x2x1_0_tnt_align8_2sm_epi_tma,passed,success,grouped,,,,,bf16:row,bf16:column,bf16:row,bf16:row,1,0,invalid,invalid,heuristic,1,false,'[515x3072x5120][368x3072x5120][422x3072x5120][5460x3072x5120][342x3072x5120][344x3072x5120][375x3072x5120][4938x3072x5120][483x3072x5120][365x3072x5120][2069x3072x5120][2059x3072x5120][384x3072x5120][4808x3072x5120][342x3072x5120][760x3072x5120][343x3072x5120][342x3072x5120][1671x3072x5120][2410x3072x5120][545x3072x5120][2347x3072x5120][724x3072x5120][352x3072x5120]',,tensorop,f32,256,128,64,4,2,1,2,1,1,7,4,1,1,256,128,16,100,110,1291845632,1030993477632,798,0.850042,1415.37,1.21287e+06
1,CUTLASS,grouped_gemm,cutlass3x_sm100_tensorop_gemm_grouped_bf16_bf16_f32_bf16_bf16_256x128x64_4x2x1_0_tnt_align8_stream_k_2sm_epi_tma,passed,success,grouped,,,,,bf16:row,bf16:column,bf16:row,bf16:row,1,0,invalid,invalid,heuristic,1,false,'[515x3072x5120][368x3072x5120][422x3072x5120][5460x3072x5120][342x3072x5120][344x3072x5120][375x3072x5120][4938x3072x5120][483x3072x5120][365x3072x5120][2069x3072x5120][2059x3072x5120][384x3072x5120][4808x3072x5120][342x3072x5120][760x3072x5120][343x3072x5120][342x3072x5120][1671x3072x5120][2410x3072x5120][545x3072x5120][2347x3072x5120][724x3072x5120][352x3072x5120]',,tensorop,f32,256,128,64,4,2,1,2,1,1,7,4,1,1,256,128,16,100,110,1291845632,1030993477632,798,0.844029,1425.45,1.22151e+06
1,CUTLASS,grouped_gemm,cutlass3x_sm100_tensorop_gemm_grouped_bf16_bf16_f32_void_bf16_256x128x64_4x2x1_0_tnt_align8_2sm_epi_tma,passed,success,grouped,,,,,bf16:row,bf16:column,void:row,bf16:row,1,0,invalid,invalid,heuristic,1,false,'[515x3072x5120][368x3072x5120][422x3072x5120][5460x3072x5120][342x3072x5120][344x3072x5120][375x3072x5120][4938x3072x5120][483x3072x5120][365x3072x5120][2069x3072x5120][2059x3072x5120][384x3072x5120][4808x3072x5120][342x3072x5120][760x3072x5120][343x3072x5120][342x3072x5120][1671x3072x5120][2410x3072x5120][545x3072x5120][2347x3072x5120][724x3072x5120][352x3072x5120]',,tensorop,f32,256,128,64,4,2,1,2,1,1,8,4,1,1,256,128,16,100,110,1090519040,1030993477632,945,0.798333,1272.18,1.29143e+06
1,CUTLASS,grouped_gemm,cutlass3x_sm100_tensorop_gemm_grouped_bf16_bf16_f32_void_bf16_256x128x64_4x2x1_0_tnt_align8_stream_k_2sm_epi_tma,passed,success,grouped,,,,,bf16:row,bf16:column,void:row,bf16:row,1,0,invalid,invalid,heuristic,1,false,'[515x3072x5120][368x3072x5120][422x3072x5120][5460x3072x5120][342x3072x5120][344x3072x5120][375x3072x5120][4938x3072x5120][483x3072x5120][365x3072x5120][2069x3072x5120][2059x3072x5120][384x3072x5120][4808x3072x5120][342x3072x5120][760x3072x5120][343x3072x5120][342x3072x5120][1671x3072x5120][2410x3072x5120][545x3072x5120][2347x3072x5120][724x3072x5120][352x3072x5120]',,tensorop,f32,256,128,64,4,2,1,2,1,1,8,4,1,1,256,128,16,100,110,1090519040,1030993477632,945,0.798128,1272.51,1.29176e+06
1,CUTLASS,grouped_gemm,cutlass3x_sm100_tensorop_gemm_grouped_bf16_bf16_f32_bf16_bf16_256x128x64_4x4x1_0_tnt_align8_2sm_epi_tma,passed,success,grouped,,,,,bf16:row,bf16:column,bf16:row,bf16:row,1,0,invalid,invalid,heuristic,1,false,'[515x3072x5120][368x3072x5120][422x3072x5120][5460x3072x5120][342x3072x5120][344x3072x5120][375x3072x5120][4938x3072x5120][483x3072x5120][365x3072x5120][2069x3072x5120][2059x3072x5120][384x3072x5120][4808x3072x5120][342x3072x5120][760x3072x5120][343x3072x5120][342x3072x5120][1671x3072x5120][2410x3072x5120][545x3072x5120][2347x3072x5120][724x3072x5120][352x3072x5120]',,tensorop,f32,256,128,64,4,4,1,2,1,1,7,4,1,1,256,128,16,100,110,1291845632,1030993477632,798,0.867866,1386.3,1.18796e+06
1,CUTLASS,grouped_gemm,cutlass3x_sm100_tensorop_gemm_grouped_bf16_bf16_f32_bf16_bf16_256x128x64_4x4x1_0_tnt_align8_stream_k_2sm_epi_tma,passed,success,grouped,,,,,bf16:row,bf16:column,bf16:row,bf16:row,1,0,invalid,invalid,heuristic,1,false,'[515x3072x5120][368x3072x5120][422x3072x5120][5460x3072x5120][342x3072x5120][344x3072x5120][375x3072x5120][4938x3072x5120][483x3072x5120][365x3072x5120][2069x3072x5120][2059x3072x5120][384x3072x5120][4808x3072x5120][342x3072x5120][760x3072x5120][343x3072x5120][342x3072x5120][1671x3072x5120][2410x3072x5120][545x3072x5120][2347x3072x5120][724x3072x5120][352x3072x5120]',,tensorop,f32,256,128,64,4,4,1,2,1,1,7,4,1,1,256,128,16,100,110,1291845632,1030993477632,798,0.867654,1386.64,1.18825e+06
1,CUTLASS,grouped_gemm,cutlass3x_sm100_tensorop_gemm_grouped_bf16_bf16_f32_void_bf16_256x128x64_4x4x1_0_tnt_align8_2sm_epi_tma,passed,success,grouped,,,,,bf16:row,bf16:column,void:row,bf16:row,1,0,invalid,invalid,heuristic,1,false,'[515x3072x5120][368x3072x5120][422x3072x5120][5460x3072x5120][342x3072x5120][344x3072x5120][375x3072x5120][4938x3072x5120][483x3072x5120][365x3072x5120][2069x3072x5120][2059x3072x5120][384x3072x5120][4808x3072x5120][342x3072x5120][760x3072x5120][343x3072x5120][342x3072x5120][1671x3072x5120][2410x3072x5120][545x3072x5120][2347x3072x5120][724x3072x5120][352x3072x5120]',,tensorop,f32,256,128,64,4,4,1,2,1,1,8,4,1,1,256,128,16,100,110,1090519040,1030993477632,945,0.813616,1248.29,1.26717e+06
1,CUTLASS,grouped_gemm,cutlass3x_sm100_tensorop_gemm_grouped_bf16_bf16_f32_void_bf16_256x128x64_4x4x1_0_tnt_align8_stream_k_2sm_epi_tma,passed,success,grouped,,,,,bf16:row,bf16:column,void:row,bf16:row,1,0,invalid,invalid,heuristic,1,false,'[515x3072x5120][368x3072x5120][422x3072x5120][5460x3072x5120][342x3072x5120][344x3072x5120][375x3072x5120][4938x3072x5120][483x3072x5120][365x3072x5120][2069x3072x5120][2059x3072x5120][384x3072x5120][4808x3072x5120][342x3072x5120][760x3072x5120][343x3072x5120][342x3072x5120][1671x3072x5120][2410x3072x5120][545x3072x5120][2347x3072x5120][724x3072x5120][352x3072x5120]',,tensorop,f32,256,128,64,4,4,1,2,1,1,8,4,1,1,256,128,16,100,110,1090519040,1030993477632,945,0.813206,1248.91,1.26781e+06
1,CUTLASS,grouped_gemm,cutlass3x_sm100_tensorop_gemm_grouped_bf16_bf16_f32_f32_f32_256x256x64_0x0x1_0_tnt_align8_2sm_epi_tma,passed,success,grouped,,,,,bf16:row,bf16:column,f32:row,f32:row,1,0,invalid,invalid,heuristic,1,false,'[515x3072x5120][368x3072x5120][422x3072x5120][5460x3072x5120][342x3072x5120][344x3072x5120][375x3072x5120][4938x3072x5120][483x3072x5120][365x3072x5120][2069x3072x5120][2059x3072x5120][384x3072x5120][4808x3072x5120][342x3072x5120][760x3072x5120][343x3072x5120][342x3072x5120][1671x3072x5120][2410x3072x5120][545x3072x5120][2347x3072x5120][724x3072x5120][352x3072x5120]',,tensorop,f32,256,256,64,2,1,1,2,1,1,4,4,1,1,256,256,16,100,110,1493172224,1030993477632,690,0.709446,1960.16,1.45324e+06
1,CUTLASS,grouped_gemm,cutlass3x_sm100_tensorop_gemm_grouped_bf16_bf16_f32_f32_f32_256x256x64_0x0x1_0_tnt_align8_stream_k_2sm_epi_tma,passed,success,grouped,,,,,bf16:row,bf16:column,f32:row,f32:row,1,0,invalid,invalid,heuristic,1,false,'[515x3072x5120][368x3072x5120][422x3072x5120][5460x3072x5120][342x3072x5120][344x3072x5120][375x3072x5120][4938x3072x5120][483x3072x5120][365x3072x5120][2069x3072x5120][2059x3072x5120][384x3072x5120][4808x3072x5120][342x3072x5120][760x3072x5120][343x3072x5120][342x3072x5120][1671x3072x5120][2410x3072x5120][545x3072x5120][2347x3072x5120][724x3072x5120][352x3072x5120]',,tensorop,f32,256,256,64,2,1,1,2,1,1,4,4,1,1,256,256,16,100,110,1493172224,1030993477632,690,0.708451,1962.91,1.45528e+06
1,CUTLASS,grouped_gemm,cutlass3x_sm100_tensorop_gemm_grouped_bf16_bf16_f32_void_f32_256x256x64_0x0x1_0_tnt_align8_2sm_epi_tma,passed,success,grouped,,,,,bf16:row,bf16:column,void:row,f32:row,1,0,invalid,invalid,heuristic,1,false,'[515x3072x5120][368x3072x5120][422x3072x5120][5460x3072x5120][342x3072x5120][344x3072x5120][375x3072x5120][4938x3072x5120][483x3072x5120][365x3072x5120][2069x3072x5120][2059x3072x5120][384x3072x5120][4808x3072x5120][342x3072x5120][760x3072x5120][343x3072x5120][342x3072x5120][1671x3072x5120][2410x3072x5120][545x3072x5120][2347x3072x5120][724x3072x5120][352x3072x5120]',,tensorop,f32,256,256,64,2,1,1,2,1,1,5,4,1,1,256,256,16,100,110,1090519040,1030993477632,945,0.669814,1516.28,1.53922e+06
1,CUTLASS,grouped_gemm,cutlass3x_sm100_tensorop_gemm_grouped_bf16_bf16_f32_void_f32_256x256x64_0x0x1_0_tnt_align8_stream_k_2sm_epi_tma,passed,success,grouped,,,,,bf16:row,bf16:column,void:row,f32:row,1,0,invalid,invalid,heuristic,1,false,'[515x3072x5120][368x3072x5120][422x3072x5120][5460x3072x5120][342x3072x5120][344x3072x5120][375x3072x5120][4938x3072x5120][483x3072x5120][365x3072x5120][2069x3072x5120][2059x3072x5120][384x3072x5120][4808x3072x5120][342x3072x5120][760x3072x5120][343x3072x5120][342x3072x5120][1671x3072x5120][2410x3072x5120][545x3072x5120][2347x3072x5120][724x3072x5120][352x3072x5120]',,tensorop,f32,256,256,64,2,1,1,2,1,1,5,4,1,1,256,256,16,100,110,1090519040,1030993477632,945,0.670022,1515.81,1.53874e+06
1,CUTLASS,grouped_gemm,cutlass3x_sm100_tensorop_gemm_grouped_bf16_bf16_f32_f32_f32_256x256x64_2x1x1_0_tnt_align8_2sm_epi_tma,passed,success,grouped,,,,,bf16:row,bf16:column,f32:row,f32:row,1,0,invalid,invalid,heuristic,1,false,'[515x3072x5120][368x3072x5120][422x3072x5120][5460x3072x5120][342x3072x5120][344x3072x5120][375x3072x5120][4938x3072x5120][483x3072x5120][365x3072x5120][2069x3072x5120][2059x3072x5120][384x3072x5120][4808x3072x5120][342x3072x5120][760x3072x5120][343x3072x5120][342x3072x5120][1671x3072x5120][2410x3072x5120][545x3072x5120][2347x3072x5120][724x3072x5120][352x3072x5120]',,tensorop,f32,256,256,64,2,1,1,2,1,1,4,4,1,1,256,256,16,100,110,1493172224,1030993477632,690,0.709037,1961.29,1.45408e+06
1,CUTLASS,grouped_gemm,cutlass3x_sm100_tensorop_gemm_grouped_bf16_bf16_f32_f32_f32_256x256x64_2x1x1_0_tnt_align8_stream_k_2sm_epi_tma,passed,success,grouped,,,,,bf16:row,bf16:column,f32:row,f32:row,1,0,invalid,invalid,heuristic,1,false,'[515x3072x5120][368x3072x5120][422x3072x5120][5460x3072x5120][342x3072x5120][344x3072x5120][375x3072x5120][4938x3072x5120][483x3072x5120][365x3072x5120][2069x3072x5120][2059x3072x5120][384x3072x5120][4808x3072x5120][342x3072x5120][760x3072x5120][343x3072x5120][342x3072x5120][1671x3072x5120][2410x3072x5120][545x3072x5120][2347x3072x5120][724x3072x5120][352x3072x5120]',,tensorop,f32,256,256,64,2,1,1,2,1,1,4,4,1,1,256,256,16,100,110,1493172224,1030993477632,690,0.707805,1964.7,1.45661e+06
1,CUTLASS,grouped_gemm,cutlass3x_sm100_tensorop_gemm_grouped_bf16_bf16_f32_void_f32_256x256x64_2x1x1_0_tnt_align8_2sm_epi_tma,passed,success,grouped,,,,,bf16:row,bf16:column,void:row,f32:row,1,0,invalid,invalid,heuristic,1,false,'[515x3072x5120][368x3072x5120][422x3072x5120][5460x3072x5120][342x3072x5120][344x3072x5120][375x3072x5120][4938x3072x5120][483x3072x5120][365x3072x5120][2069x3072x5120][2059x3072x5120][384x3072x5120][4808x3072x5120][342x3072x5120][760x3072x5120][343x3072x5120][342x3072x5120][1671x3072x5120][2410x3072x5120][545x3072x5120][2347x3072x5120][724x3072x5120][352x3072x5120]',,tensorop,f32,256,256,64,2,1,1,2,1,1,5,4,1,1,256,256,16,100,110,1090519040,1030993477632,945,0.669306,1517.43,1.54039e+06
1,CUTLASS,grouped_gemm,cutlass3x_sm100_tensorop_gemm_grouped_bf16_bf16_f32_void_f32_256x256x64_2x1x1_0_tnt_align8_stream_k_2sm_epi_tma,passed,success,grouped,,,,,bf16:row,bf16:column,void:row,f32:row,1,0,invalid,invalid,heuristic,1,false,'[515x3072x5120][368x3072x5120][422x3072x5120][5460x3072x5120][342x3072x5120][344x3072x5120][375x3072x5120][4938x3072x5120][483x3072x5120][365x3072x5120][2069x3072x5120][2059x3072x5120][384x3072x5120][4808x3072x5120][342x3072x5120][760x3072x5120][343x3072x5120][342x3072x5120][1671x3072x5120][2410x3072x5120][545x3072x5120][2347x3072x5120][724x3072x5120][352x3072x5120]',,tensorop,f32,256,256,64,2,1,1,2,1,1,5,4,1,1,256,256,16,100,110,1090519040,1030993477632,945,0.669613,1516.73,1.53969e+06
1,CUTLASS,grouped_gemm,cutlass3x_sm100_tensorop_gemm_grouped_bf16_bf16_f32_f32_f32_256x256x64_2x2x1_0_tnt_align8_2sm_epi_tma,passed,success,grouped,,,,,bf16:row,bf16:column,f32:row,f32:row,1,0,invalid,invalid,heuristic,1,false,'[515x3072x5120][368x3072x5120][422x3072x5120][5460x3072x5120][342x3072x5120][344x3072x5120][375x3072x5120][4938x3072x5120][483x3072x5120][365x3072x5120][2069x3072x5120][2059x3072x5120][384x3072x5120][4808x3072x5120][342x3072x5120][760x3072x5120][343x3072x5120][342x3072x5120][1671x3072x5120][2410x3072x5120][545x3072x5120][2347x3072x5120][724x3072x5120][352x3072x5120]',,tensorop,f32,256,256,64,2,2,1,2,1,1,4,4,1,1,256,256,16,100,110,1493172224,1030993477632,690,0.727075,1912.63,1.418e+06
1,CUTLASS,grouped_gemm,cutlass3x_sm100_tensorop_gemm_grouped_bf16_bf16_f32_f32_f32_256x256x64_2x2x1_0_tnt_align8_stream_k_2sm_epi_tma,passed,success,grouped,,,,,bf16:row,bf16:column,f32:row,f32:row,1,0,invalid,invalid,heuristic,1,false,'[515x3072x5120][368x3072x5120][422x3072x5120][5460x3072x5120][342x3072x5120][344x3072x5120][375x3072x5120][4938x3072x5120][483x3072x5120][365x3072x5120][2069x3072x5120][2059x3072x5120][384x3072x5120][4808x3072x5120][342x3072x5120][760x3072x5120][343x3072x5120][342x3072x5120][1671x3072x5120][2410x3072x5120][545x3072x5120][2347x3072x5120][724x3072x5120][352x3072x5120]',,tensorop,f32,256,256,64,2,2,1,2,1,1,4,4,1,1,256,256,16,100,110,1493172224,1030993477632,690,0.724195,1920.24,1.42364e+06
1,CUTLASS,grouped_gemm,cutlass3x_sm100_tensorop_gemm_grouped_bf16_bf16_f32_void_f32_256x256x64_2x2x1_0_tnt_align8_2sm_epi_tma,passed,success,grouped,,,,,bf16:row,bf16:column,void:row,f32:row,1,0,invalid,invalid,heuristic,1,false,'[515x3072x5120][368x3072x5120][422x3072x5120][5460x3072x5120][342x3072x5120][344x3072x5120][375x3072x5120][4938x3072x5120][483x3072x5120][365x3072x5120][2069x3072x5120][2059x3072x5120][384x3072x5120][4808x3072x5120][342x3072x5120][760x3072x5120][343x3072x5120][342x3072x5120][1671x3072x5120][2410x3072x5120][545x3072x5120][2347x3072x5120][724x3072x5120][352x3072x5120]',,tensorop,f32,256,256,64,2,2,1,2,1,1,5,4,1,1,256,256,16,100,110,1090519040,1030993477632,945,0.670947,1513.72,1.53662e+06
1,CUTLASS,grouped_gemm,cutlass3x_sm100_tensorop_gemm_grouped_bf16_bf16_f32_void_f32_256x256x64_2x2x1_0_tnt_align8_stream_k_2sm_epi_tma,passed,success,grouped,,,,,bf16:row,bf16:column,void:row,f32:row,1,0,invalid,invalid,heuristic,1,false,'[515x3072x5120][368x3072x5120][422x3072x5120][5460x3072x5120][342x3072x5120][344x3072x5120][375x3072x5120][4938x3072x5120][483x3072x5120][365x3072x5120][2069x3072x5120][2059x3072x5120][384x3072x5120][4808x3072x5120][342x3072x5120][760x3072x5120][343x3072x5120][342x3072x5120][1671x3072x5120][2410x3072x5120][545x3072x5120][2347x3072x5120][724x3072x5120][352x3072x5120]',,tensorop,f32,256,256,64,2,2,1,2,1,1,5,4,1,1,256,256,16,100,110,1090519040,1030993477632,945,0.671872,1511.63,1.53451e+06
1,CUTLASS,grouped_gemm,cutlass3x_sm100_tensorop_gemm_grouped_bf16_bf16_f32_f32_f32_256x256x64_4x1x1_0_tnt_align8_2sm_epi_tma,passed,success,grouped,,,,,bf16:row,bf16:column,f32:row,f32:row,1,0,invalid,invalid,heuristic,1,false,'[515x3072x5120][368x3072x5120][422x3072x5120][5460x3072x5120][342x3072x5120][344x3072x5120][375x3072x5120][4938x3072x5120][483x3072x5120][365x3072x5120][2069x3072x5120][2059x3072x5120][384x3072x5120][4808x3072x5120][342x3072x5120][760x3072x5120][343x3072x5120][342x3072x5120][1671x3072x5120][2410x3072x5120][545x3072x5120][2347x3072x5120][724x3072x5120][352x3072x5120]',,tensorop,f32,256,256,64,4,1,1,2,1,1,4,4,1,1,256,256,16,100,110,1493172224,1030993477632,690,0.735251,1891.36,1.40223e+06
1,CUTLASS,grouped_gemm,cutlass3x_sm100_tensorop_gemm_grouped_bf16_bf16_f32_f32_f32_256x256x64_4x1x1_0_tnt_align8_stream_k_2sm_epi_tma,passed,success,grouped,,,,,bf16:row,bf16:column,f32:row,f32:row,1,0,invalid,invalid,heuristic,1,false,'[515x3072x5120][368x3072x5120][422x3072x5120][5460x3072x5120][342x3072x5120][344x3072x5120][375x3072x5120][4938x3072x5120][483x3072x5120][365x3072x5120][2069x3072x5120][2059x3072x5120][384x3072x5120][4808x3072x5120][342x3072x5120][760x3072x5120][343x3072x5120][342x3072x5120][1671x3072x5120][2410x3072x5120][545x3072x5120][2347x3072x5120][724x3072x5120][352x3072x5120]',,tensorop,f32,256,256,64,4,1,1,2,1,1,4,4,1,1,256,256,16,100,110,1493172224,1030993477632,690,0.735254,1891.35,1.40223e+06
1,CUTLASS,grouped_gemm,cutlass3x_sm100_tensorop_gemm_grouped_bf16_bf16_f32_void_f32_256x256x64_4x1x1_0_tnt_align8_2sm_epi_tma,passed,success,grouped,,,,,bf16:row,bf16:column,void:row,f32:row,1,0,invalid,invalid,heuristic,1,false,'[515x3072x5120][368x3072x5120][422x3072x5120][5460x3072x5120][342x3072x5120][344x3072x5120][375x3072x5120][4938x3072x5120][483x3072x5120][365x3072x5120][2069x3072x5120][2059x3072x5120][384x3072x5120][4808x3072x5120][342x3072x5120][760x3072x5120][343x3072x5120][342x3072x5120][1671x3072x5120][2410x3072x5120][545x3072x5120][2347x3072x5120][724x3072x5120][352x3072x5120]',,tensorop,f32,256,256,64,4,1,1,2,1,1,5,4,1,1,256,256,16,100,110,1090519040,1030993477632,945,0.681901,1489.4,1.51194e+06
1,CUTLASS,grouped_gemm,cutlass3x_sm100_tensorop_gemm_grouped_bf16_bf16_f32_void_f32_256x256x64_4x1x1_0_tnt_align8_stream_k_2sm_epi_tma,passed,success,grouped,,,,,bf16:row,bf16:column,void:row,f32:row,1,0,invalid,invalid,heuristic,1,false,'[515x3072x5120][368x3072x5120][422x3072x5120][5460x3072x5120][342x3072x5120][344x3072x5120][375x3072x5120][4938x3072x5120][483x3072x5120][365x3072x5120][2069x3072x5120][2059x3072x5120][384x3072x5120][4808x3072x5120][342x3072x5120][760x3072x5120][343x3072x5120][342x3072x5120][1671x3072x5120][2410x3072x5120][545x3072x5120][2347x3072x5120][724x3072x5120][352x3072x5120]',,tensorop,f32,256,256,64,4,1,1,2,1,1,5,4,1,1,256,256,16,100,110,1090519040,1030993477632,945,0.682006,1489.17,1.51171e+06
1,CUTLASS,grouped_gemm,cutlass3x_sm100_tensorop_gemm_grouped_bf16_bf16_f32_f32_f32_256x256x64_2x4x1_0_tnt_align8_2sm_epi_tma,passed,success,grouped,,,,,bf16:row,bf16:column,f32:row,f32:row,1,0,invalid,invalid,heuristic,1,false,'[515x3072x5120][368x3072x5120][422x3072x5120][5460x3072x5120][342x3072x5120][344x3072x5120][375x3072x5120][4938x3072x5120][483x3072x5120][365x3072x5120][2069x3072x5120][2059x3072x5120][384x3072x5120][4808x3072x5120][342x3072x5120][760x3072x5120][343x3072x5120][342x3072x5120][1671x3072x5120][2410x3072x5120][545x3072x5120][2347x3072x5120][724x3072x5120][352x3072x5120]',,tensorop,f32,256,256,64,2,4,1,2,1,1,4,4,1,1,256,256,16,100,110,1493172224,1030993477632,690,0.845126,1645.46,1.21993e+06
1,CUTLASS,grouped_gemm,cutlass3x_sm100_tensorop_gemm_grouped_bf16_bf16_f32_f32_f32_256x256x64_2x4x1_0_tnt_align8_stream_k_2sm_epi_tma,passed,success,grouped,,,,,bf16:row,bf16:column,f32:row,f32:row,1,0,invalid,invalid,heuristic,1,false,'[515x3072x5120][368x3072x5120][422x3072x5120][5460x3072x5120][342x3072x5120][344x3072x5120][375x3072x5120][4938x3072x5120][483x3072x5120][365x3072x5120][2069x3072x5120][2059x3072x5120][384x3072x5120][4808x3072x5120][342x3072x5120][760x3072x5120][343x3072x5120][342x3072x5120][1671x3072x5120][2410x3072x5120][545x3072x5120][2347x3072x5120][724x3072x5120][352x3072x5120]',,tensorop,f32,256,256,64,2,4,1,2,1,1,4,4,1,1,256,256,16,100,110,1493172224,1030993477632,690,0.842592,1650.41,1.2236e+06
1,CUTLASS,grouped_gemm,cutlass3x_sm100_tensorop_gemm_grouped_bf16_bf16_f32_void_f32_256x256x64_2x4x1_0_tnt_align8_2sm_epi_tma,passed,success,grouped,,,,,bf16:row,bf16:column,void:row,f32:row,1,0,invalid,invalid,heuristic,1,false,'[515x3072x5120][368x3072x5120][422x3072x5120][5460x3072x5120][342x3072x5120][344x3072x5120][375x3072x5120][4938x3072x5120][483x3072x5120][365x3072x5120][2069x3072x5120][2059x3072x5120][384x3072x5120][4808x3072x5120][342x3072x5120][760x3072x5120][343x3072x5120][342x3072x5120][1671x3072x5120][2410x3072x5120][545x3072x5120][2347x3072x5120][724x3072x5120][352x3072x5120]',,tensorop,f32,256,256,64,2,4,1,2,1,1,5,4,1,1,256,256,16,100,110,1090519040,1030993477632,945,0.730131,1391.02,1.41207e+06
1,CUTLASS,grouped_gemm,cutlass3x_sm100_tensorop_gemm_grouped_bf16_bf16_f32_void_f32_256x256x64_2x4x1_0_tnt_align8_stream_k_2sm_epi_tma,passed,success,grouped,,,,,bf16:row,bf16:column,void:row,f32:row,1,0,invalid,invalid,heuristic,1,false,'[515x3072x5120][368x3072x5120][422x3072x5120][5460x3072x5120][342x3072x5120][344x3072x5120][375x3072x5120][4938x3072x5120][483x3072x5120][365x3072x5120][2069x3072x5120][2059x3072x5120][384x3072x5120][4808x3072x5120][342x3072x5120][760x3072x5120][343x3072x5120][342x3072x5120][1671x3072x5120][2410x3072x5120][545x3072x5120][2347x3072x5120][724x3072x5120][352x3072x5120]',,tensorop,f32,256,256,64,2,4,1,2,1,1,5,4,1,1,256,256,16,100,110,1090519040,1030993477632,945,0.728931,1393.31,1.41439e+06
1,CUTLASS,grouped_gemm,cutlass3x_sm100_tensorop_gemm_grouped_bf16_bf16_f32_f32_f32_256x256x64_4x2x1_0_tnt_align8_2sm_epi_tma,passed,success,grouped,,,,,bf16:row,bf16:column,f32:row,f32:row,1,0,invalid,invalid,heuristic,1,false,'[515x3072x5120][368x3072x5120][422x3072x5120][5460x3072x5120][342x3072x5120][344x3072x5120][375x3072x5120][4938x3072x5120][483x3072x5120][365x3072x5120][2069x3072x5120][2059x3072x5120][384x3072x5120][4808x3072x5120][342x3072x5120][760x3072x5120][343x3072x5120][342x3072x5120][1671x3072x5120][2410x3072x5120][545x3072x5120][2347x3072x5120][724x3072x5120][352x3072x5120]',,tensorop,f32,256,256,64,4,2,1,2,1,1,4,4,1,1,256,256,16,100,110,1493172224,1030993477632,690,0.852707,1630.84,1.20908e+06
1,CUTLASS,grouped_gemm,cutlass3x_sm100_tensorop_gemm_grouped_bf16_bf16_f32_f32_f32_256x256x64_4x2x1_0_tnt_align8_stream_k_2sm_epi_tma,passed,success,grouped,,,,,bf16:row,bf16:column,f32:row,f32:row,1,0,invalid,invalid,heuristic,1,false,'[515x3072x5120][368x3072x5120][422x3072x5120][5460x3072x5120][342x3072x5120][344x3072x5120][375x3072x5120][4938x3072x5120][483x3072x5120][365x3072x5120][2069x3072x5120][2059x3072x5120][384x3072x5120][4808x3072x5120][342x3072x5120][760x3072x5120][343x3072x5120][342x3072x5120][1671x3072x5120][2410x3072x5120][545x3072x5120][2347x3072x5120][724x3072x5120][352x3072x5120]',,tensorop,f32,256,256,64,4,2,1,2,1,1,4,4,1,1,256,256,16,100,110,1493172224,1030993477632,690,0.852093,1632.01,1.20995e+06
1,CUTLASS,grouped_gemm,cutlass3x_sm100_tensorop_gemm_grouped_bf16_bf16_f32_void_f32_256x256x64_4x2x1_0_tnt_align8_2sm_epi_tma,passed,success,grouped,,,,,bf16:row,bf16:column,void:row,f32:row,1,0,invalid,invalid,heuristic,1,false,'[515x3072x5120][368x3072x5120][422x3072x5120][5460x3072x5120][342x3072x5120][344x3072x5120][375x3072x5120][4938x3072x5120][483x3072x5120][365x3072x5120][2069x3072x5120][2059x3072x5120][384x3072x5120][4808x3072x5120][342x3072x5120][760x3072x5120][343x3072x5120][342x3072x5120][1671x3072x5120][2410x3072x5120][545x3072x5120][2347x3072x5120][724x3072x5120][352x3072x5120]',,tensorop,f32,256,256,64,4,2,1,2,1,1,5,4,1,1,256,256,16,100,110,1090519040,1030993477632,945,0.740986,1370.64,1.39138e+06
1,CUTLASS,grouped_gemm,cutlass3x_sm100_tensorop_gemm_grouped_bf16_bf16_f32_void_f32_256x256x64_4x2x1_0_tnt_align8_stream_k_2sm_epi_tma,passed,success,grouped,,,,,bf16:row,bf16:column,void:row,f32:row,1,0,invalid,invalid,heuristic,1,false,'[515x3072x5120][368x3072x5120][422x3072x5120][5460x3072x5120][342x3072x5120][344x3072x5120][375x3072x5120][4938x3072x5120][483x3072x5120][365x3072x5120][2069x3072x5120][2059x3072x5120][384x3072x5120][4808x3072x5120][342x3072x5120][760x3072x5120][343x3072x5120][342x3072x5120][1671x3072x5120][2410x3072x5120][545x3072x5120][2347x3072x5120][724x3072x5120][352x3072x5120]',,tensorop,f32,256,256,64,4,2,1,2,1,1,5,4,1,1,256,256,16,100,110,1090519040,1030993477632,945,0.740368,1371.78,1.39254e+06
1,CUTLASS,grouped_gemm,cutlass3x_sm100_tensorop_gemm_grouped_bf16_bf16_f32_f32_f32_256x256x64_4x4x1_0_tnt_align8_2sm_epi_tma,passed,success,grouped,,,,,bf16:row,bf16:column,f32:row,f32:row,1,0,invalid,invalid,heuristic,1,false,'[515x3072x5120][368x3072x5120][422x3072x5120][5460x3072x5120][342x3072x5120][344x3072x5120][375x3072x5120][4938x3072x5120][483x3072x5120][365x3072x5120][2069x3072x5120][2059x3072x5120][384x3072x5120][4808x3072x5120][342x3072x5120][760x3072x5120][343x3072x5120][342x3072x5120][1671x3072x5120][2410x3072x5120][545x3072x5120][2347x3072x5120][724x3072x5120][352x3072x5120]',,tensorop,f32,256,256,64,4,4,1,2,1,1,4,4,1,1,256,256,16,100,110,1493172224,1030993477632,690,0.92889,1497.08,1.10992e+06
1,CUTLASS,grouped_gemm,cutlass3x_sm100_tensorop_gemm_grouped_bf16_bf16_f32_f32_f32_256x256x64_4x4x1_0_tnt_align8_stream_k_2sm_epi_tma,passed,success,grouped,,,,,bf16:row,bf16:column,f32:row,f32:row,1,0,invalid,invalid,heuristic,1,false,'[515x3072x5120][368x3072x5120][422x3072x5120][5460x3072x5120][342x3072x5120][344x3072x5120][375x3072x5120][4938x3072x5120][483x3072x5120][365x3072x5120][2069x3072x5120][2059x3072x5120][384x3072x5120][4808x3072x5120][342x3072x5120][760x3072x5120][343x3072x5120][342x3072x5120][1671x3072x5120][2410x3072x5120][545x3072x5120][2347x3072x5120][724x3072x5120][352x3072x5120]',,tensorop,f32,256,256,64,4,4,1,2,1,1,4,4,1,1,256,256,16,100,110,1493172224,1030993477632,690,0.938925,1481.08,1.09806e+06
1,CUTLASS,grouped_gemm,cutlass3x_sm100_tensorop_gemm_grouped_bf16_bf16_f32_void_f32_256x256x64_4x4x1_0_tnt_align8_2sm_epi_tma,passed,success,grouped,,,,,bf16:row,bf16:column,void:row,f32:row,1,0,invalid,invalid,heuristic,1,false,'[515x3072x5120][368x3072x5120][422x3072x5120][5460x3072x5120][342x3072x5120][344x3072x5120][375x3072x5120][4938x3072x5120][483x3072x5120][365x3072x5120][2069x3072x5120][2059x3072x5120][384x3072x5120][4808x3072x5120][342x3072x5120][760x3072x5120][343x3072x5120][342x3072x5120][1671x3072x5120][2410x3072x5120][545x3072x5120][2347x3072x5120][724x3072x5120][352x3072x5120]',,tensorop,f32,256,256,64,4,4,1,2,1,1,5,4,1,1,256,256,16,100,110,1090519040,1030993477632,945,0.808262,1256.55,1.27557e+06
1,CUTLASS,grouped_gemm,cutlass3x_sm100_tensorop_gemm_grouped_bf16_bf16_f32_void_f32_256x256x64_4x4x1_0_tnt_align8_stream_k_2sm_epi_tma,passed,success,grouped,,,,,bf16:row,bf16:column,void:row,f32:row,1,0,invalid,invalid,heuristic,1,false,'[515x3072x5120][368x3072x5120][422x3072x5120][5460x3072x5120][342x3072x5120][344x3072x5120][375x3072x5120][4938x3072x5120][483x3072x5120][365x3072x5120][2069x3072x5120][2059x3072x5120][384x3072x5120][4808x3072x5120][342x3072x5120][760x3072x5120][343x3072x5120][342x3072x5120][1671x3072x5120][2410x3072x5120][545x3072x5120][2347x3072x5120][724x3072x5120][352x3072x5120]',,tensorop,f32,256,256,64,4,4,1,2,1,1,5,4,1,1,256,256,16,100,110,1090519040,1030993477632,945,0.808467,1256.24,1.27524e+06
1,CUTLASS,grouped_gemm,cutlass3x_sm100_tensorop_gemm_grouped_bf16_bf16_f32_bf16_bf16_256x256x64_0x0x1_0_tnt_align8_2sm_epi_tma,passed,success,grouped,,,,,bf16:row,bf16:column,bf16:row,bf16:row,1,0,invalid,invalid,heuristic,1,false,'[515x3072x5120][368x3072x5120][422x3072x5120][5460x3072x5120][342x3072x5120][344x3072x5120][375x3072x5120][4938x3072x5120][483x3072x5120][365x3072x5120][2069x3072x5120][2059x3072x5120][384x3072x5120][4808x3072x5120][342x3072x5120][760x3072x5120][343x3072x5120][342x3072x5120][1671x3072x5120][2410x3072x5120][545x3072x5120][2347x3072x5120][724x3072x5120][352x3072x5120]',,tensorop,f32,256,256,64,2,1,1,2,1,1,4,4,1,1,256,256,16,100,110,1291845632,1030993477632,798,0.677018,1777.1,1.52285e+06
1,CUTLASS,grouped_gemm,cutlass3x_sm100_tensorop_gemm_grouped_bf16_bf16_f32_bf16_bf16_256x256x64_0x0x1_0_tnt_align8_stream_k_2sm_epi_tma,passed,success,grouped,,,,,bf16:row,bf16:column,bf16:row,bf16:row,1,0,invalid,invalid,heuristic,1,false,'[515x3072x5120][368x3072x5120][422x3072x5120][5460x3072x5120][342x3072x5120][344x3072x5120][375x3072x5120][4938x3072x5120][483x3072x5120][365x3072x5120][2069x3072x5120][2059x3072x5120][384x3072x5120][4808x3072x5120][342x3072x5120][760x3072x5120][343x3072x5120][342x3072x5120][1671x3072x5120][2410x3072x5120][545x3072x5120][2347x3072x5120][724x3072x5120][352x3072x5120]',,tensorop,f32,256,256,64,2,1,1,2,1,1,4,4,1,1,256,256,16,100,110,1291845632,1030993477632,798,0.677629,1775.49,1.52147e+06
1,CUTLASS,grouped_gemm,cutlass3x_sm100_tensorop_gemm_grouped_bf16_bf16_f32_void_bf16_256x256x64_0x0x1_0_tnt_align8_2sm_epi_tma,passed,success,grouped,,,,,bf16:row,bf16:column,void:row,bf16:row,1,0,invalid,invalid,heuristic,1,false,'[515x3072x5120][368x3072x5120][422x3072x5120][5460x3072x5120][342x3072x5120][344x3072x5120][375x3072x5120][4938x3072x5120][483x3072x5120][365x3072x5120][2069x3072x5120][2059x3072x5120][384x3072x5120][4808x3072x5120][342x3072x5120][760x3072x5120][343x3072x5120][342x3072x5120][1671x3072x5120][2410x3072x5120][545x3072x5120][2347x3072x5120][724x3072x5120][352x3072x5120]',,tensorop,f32,256,256,64,2,1,1,2,1,1,6,4,1,1,256,256,16,100,110,1090519040,1030993477632,945,0.647904,1567.55,1.59128e+06
1,CUTLASS,grouped_gemm,cutlass3x_sm100_tensorop_gemm_grouped_bf16_bf16_f32_void_bf16_256x256x64_0x0x1_0_tnt_align8_stream_k_2sm_epi_tma,passed,success,grouped,,,,,bf16:row,bf16:column,void:row,bf16:row,1,0,invalid,invalid,heuristic,1,false,'[515x3072x5120][368x3072x5120][422x3072x5120][5460x3072x5120][342x3072x5120][344x3072x5120][375x3072x5120][4938x3072x5120][483x3072x5120][365x3072x5120][2069x3072x5120][2059x3072x5120][384x3072x5120][4808x3072x5120][342x3072x5120][760x3072x5120][343x3072x5120][342x3072x5120][1671x3072x5120][2410x3072x5120][545x3072x5120][2347x3072x5120][724x3072x5120][352x3072x5120]',,tensorop,f32,256,256,64,2,1,1,2,1,1,6,4,1,1,256,256,16,100,110,1090519040,1030993477632,945,0.647418,1568.73,1.59247e+06
1,CUTLASS,grouped_gemm,cutlass3x_sm100_tensorop_gemm_grouped_bf16_bf16_f32_bf16_bf16_256x256x64_2x1x1_0_tnt_align8_2sm_epi_tma,passed,success,grouped,,,,,bf16:row,bf16:column,bf16:row,bf16:row,1,0,invalid,invalid,heuristic,1,false,'[515x3072x5120][368x3072x5120][422x3072x5120][5460x3072x5120][342x3072x5120][344x3072x5120][375x3072x5120][4938x3072x5120][483x3072x5120][365x3072x5120][2069x3072x5120][2059x3072x5120][384x3072x5120][4808x3072x5120][342x3072x5120][760x3072x5120][343x3072x5120][342x3072x5120][1671x3072x5120][2410x3072x5120][545x3072x5120][2347x3072x5120][724x3072x5120][352x3072x5120]',,tensorop,f32,256,256,64,2,1,1,2,1,1,4,4,1,1,256,256,16,100,110,1291845632,1030993477632,798,0.67617,1779.32,1.52476e+06
1,CUTLASS,grouped_gemm,cutlass3x_sm100_tensorop_gemm_grouped_bf16_bf16_f32_bf16_bf16_256x256x64_2x1x1_0_tnt_align8_stream_k_2sm_epi_tma,passed,success,grouped,,,,,bf16:row,bf16:column,bf16:row,bf16:row,1,0,invalid,invalid,heuristic,1,false,'[515x3072x5120][368x3072x5120][422x3072x5120][5460x3072x5120][342x3072x5120][344x3072x5120][375x3072x5120][4938x3072x5120][483x3072x5120][365x3072x5120][2069x3072x5120][2059x3072x5120][384x3072x5120][4808x3072x5120][342x3072x5120][760x3072x5120][343x3072x5120][342x3072x5120][1671x3072x5120][2410x3072x5120][545x3072x5120][2347x3072x5120][724x3072x5120][352x3072x5120]',,tensorop,f32,256,256,64,2,1,1,2,1,1,4,4,1,1,256,256,16,100,110,1291845632,1030993477632,798,0.676576,1778.26,1.52384e+06
1,CUTLASS,grouped_gemm,cutlass3x_sm100_tensorop_gemm_grouped_bf16_bf16_f32_void_bf16_256x256x64_2x1x1_0_tnt_align8_2sm_epi_tma,passed,success,grouped,,,,,bf16:row,bf16:column,void:row,bf16:row,1,0,invalid,invalid,heuristic,1,false,'[515x3072x5120][368x3072x5120][422x3072x5120][5460x3072x5120][342x3072x5120][344x3072x5120][375x3072x5120][4938x3072x5120][483x3072x5120][365x3072x5120][2069x3072x5120][2059x3072x5120][384x3072x5120][4808x3072x5120][342x3072x5120][760x3072x5120][343x3072x5120][342x3072x5120][1671x3072x5120][2410x3072x5120][545x3072x5120][2347x3072x5120][724x3072x5120][352x3072x5120]',,tensorop,f32,256,256,64,2,1,1,2,1,1,6,4,1,1,256,256,16,100,110,1090519040,1030993477632,945,0.654147,1552.59,1.57609e+06
1,CUTLASS,grouped_gemm,cutlass3x_sm100_tensorop_gemm_grouped_bf16_bf16_f32_void_bf16_256x256x64_2x1x1_0_tnt_align8_stream_k_2sm_epi_tma,passed,success,grouped,,,,,bf16:row,bf16:column,void:row,bf16:row,1,0,invalid,invalid,heuristic,1,false,'[515x3072x5120][368x3072x5120][422x3072x5120][5460x3072x5120][342x3072x5120][344x3072x5120][375x3072x5120][4938x3072x5120][483x3072x5120][365x3072x5120][2069x3072x5120][2059x3072x5120][384x3072x5120][4808x3072x5120][342x3072x5120][760x3072x5120][343x3072x5120][342x3072x5120][1671x3072x5120][2410x3072x5120][545x3072x5120][2347x3072x5120][724x3072x5120][352x3072x5120]',,tensorop,f32,256,256,64,2,1,1,2,1,1,6,4,1,1,256,256,16,100,110,1090519040,1030993477632,945,0.65264,1556.18,1.57973e+06
1,CUTLASS,grouped_gemm,cutlass3x_sm100_tensorop_gemm_grouped_bf16_bf16_f32_bf16_bf16_256x256x64_2x2x1_0_tnt_align8_2sm_epi_tma,passed,success,grouped,,,,,bf16:row,bf16:column,bf16:row,bf16:row,1,0,invalid,invalid,heuristic,1,false,'[515x3072x5120][368x3072x5120][422x3072x5120][5460x3072x5120][342x3072x5120][344x3072x5120][375x3072x5120][4938x3072x5120][483x3072x5120][365x3072x5120][2069x3072x5120][2059x3072x5120][384x3072x5120][4808x3072x5120][342x3072x5120][760x3072x5120][343x3072x5120][342x3072x5120][1671x3072x5120][2410x3072x5120][545x3072x5120][2347x3072x5120][724x3072x5120][352x3072x5120]',,tensorop,f32,256,256,64,2,2,1,2,1,1,4,4,1,1,256,256,16,100,110,1291845632,1030993477632,798,0.692547,1737.25,1.4887e+06
1,CUTLASS,grouped_gemm,cutlass3x_sm100_tensorop_gemm_grouped_bf16_bf16_f32_bf16_bf16_256x256x64_2x2x1_0_tnt_align8_stream_k_2sm_epi_tma,passed,success,grouped,,,,,bf16:row,bf16:column,bf16:row,bf16:row,1,0,invalid,invalid,heuristic,1,false,'[515x3072x5120][368x3072x5120][422x3072x5120][5460x3072x5120][342x3072x5120][344x3072x5120][375x3072x5120][4938x3072x5120][483x3072x5120][365x3072x5120][2069x3072x5120][2059x3072x5120][384x3072x5120][4808x3072x5120][342x3072x5120][760x3072x5120][343x3072x5120][342x3072x5120][1671x3072x5120][2410x3072x5120][545x3072x5120][2347x3072x5120][724x3072x5120][352x3072x5120]',,tensorop,f32,256,256,64,2,2,1,2,1,1,4,4,1,1,256,256,16,100,110,1291845632,1030993477632,798,0.692346,1737.75,1.48913e+06
1,CUTLASS,grouped_gemm,cutlass3x_sm100_tensorop_gemm_grouped_bf16_bf16_f32_void_bf16_256x256x64_2x2x1_0_tnt_align8_2sm_epi_tma,passed,success,grouped,,,,,bf16:row,bf16:column,void:row,bf16:row,1,0,invalid,invalid,heuristic,1,false,'[515x3072x5120][368x3072x5120][422x3072x5120][5460x3072x5120][342x3072x5120][344x3072x5120][375x3072x5120][4938x3072x5120][483x3072x5120][365x3072x5120][2069x3072x5120][2059x3072x5120][384x3072x5120][4808x3072x5120][342x3072x5120][760x3072x5120][343x3072x5120][342x3072x5120][1671x3072x5120][2410x3072x5120][545x3072x5120][2347x3072x5120][724x3072x5120][352x3072x5120]',,tensorop,f32,256,256,64,2,2,1,2,1,1,6,4,1,1,256,256,16,100,110,1090519040,1030993477632,945,0.64176,1582.56,1.60651e+06
1,CUTLASS,grouped_gemm,cutlass3x_sm100_tensorop_gemm_grouped_bf16_bf16_f32_void_bf16_256x256x64_2x2x1_0_tnt_align8_stream_k_2sm_epi_tma,passed,success,grouped,,,,,bf16:row,bf16:column,void:row,bf16:row,1,0,invalid,invalid,heuristic,1,false,'[515x3072x5120][368x3072x5120][422x3072x5120][5460x3072x5120][342x3072x5120][344x3072x5120][375x3072x5120][4938x3072x5120][483x3072x5120][365x3072x5120][2069x3072x5120][2059x3072x5120][384x3072x5120][4808x3072x5120][342x3072x5120][760x3072x5120][343x3072x5120][342x3072x5120][1671x3072x5120][2410x3072x5120][545x3072x5120][2347x3072x5120][724x3072x5120][352x3072x5120]',,tensorop,f32,256,256,64,2,2,1,2,1,1,6,4,1,1,256,256,16,100,110,1090519040,1030993477632,945,0.641382,1583.49,1.60746e+06
1,CUTLASS,grouped_gemm,cutlass3x_sm100_tensorop_gemm_grouped_bf16_bf16_f32_bf16_bf16_256x256x64_4x1x1_0_tnt_align8_2sm_epi_tma,passed,success,grouped,,,,,bf16:row,bf16:column,bf16:row,bf16:row,1,0,invalid,invalid,heuristic,1,false,'[515x3072x5120][368x3072x5120][422x3072x5120][5460x3072x5120][342x3072x5120][344x3072x5120][375x3072x5120][4938x3072x5120][483x3072x5120][365x3072x5120][2069x3072x5120][2059x3072x5120][384x3072x5120][4808x3072x5120][342x3072x5120][760x3072x5120][343x3072x5120][342x3072x5120][1671x3072x5120][2410x3072x5120][545x3072x5120][2347x3072x5120][724x3072x5120][352x3072x5120]',,tensorop,f32,256,256,64,4,1,1,2,1,1,4,4,1,1,256,256,16,100,110,1291845632,1030993477632,798,0.705562,1705.2,1.46124e+06
1,CUTLASS,grouped_gemm,cutlass3x_sm100_tensorop_gemm_grouped_bf16_bf16_f32_bf16_bf16_256x256x64_4x1x1_0_tnt_align8_stream_k_2sm_epi_tma,passed,success,grouped,,,,,bf16:row,bf16:column,bf16:row,bf16:row,1,0,invalid,invalid,heuristic,1,false,'[515x3072x5120][368x3072x5120][422x3072x5120][5460x3072x5120][342x3072x5120][344x3072x5120][375x3072x5120][4938x3072x5120][483x3072x5120][365x3072x5120][2069x3072x5120][2059x3072x5120][384x3072x5120][4808x3072x5120][342x3072x5120][760x3072x5120][343x3072x5120][342x3072x5120][1671x3072x5120][2410x3072x5120][545x3072x5120][2347x3072x5120][724x3072x5120][352x3072x5120]',,tensorop,f32,256,256,64,4,1,1,2,1,1,4,4,1,1,256,256,16,100,110,1291845632,1030993477632,798,0.702694,1712.16,1.4672e+06
1,CUTLASS,grouped_gemm,cutlass3x_sm100_tensorop_gemm_grouped_bf16_bf16_f32_void_bf16_256x256x64_4x1x1_0_tnt_align8_2sm_epi_tma,passed,success,grouped,,,,,bf16:row,bf16:column,void:row,bf16:row,1,0,invalid,invalid,heuristic,1,false,'[515x3072x5120][368x3072x5120][422x3072x5120][5460x3072x5120][342x3072x5120][344x3072x5120][375x3072x5120][4938x3072x5120][483x3072x5120][365x3072x5120][2069x3072x5120][2059x3072x5120][384x3072x5120][4808x3072x5120][342x3072x5120][760x3072x5120][343x3072x5120][342x3072x5120][1671x3072x5120][2410x3072x5120][545x3072x5120][2347x3072x5120][724x3072x5120][352x3072x5120]',,tensorop,f32,256,256,64,4,1,1,2,1,1,6,4,1,1,256,256,16,100,110,1090519040,1030993477632,945,0.651725,1558.36,1.58195e+06
1,CUTLASS,grouped_gemm,cutlass3x_sm100_tensorop_gemm_grouped_bf16_bf16_f32_void_bf16_256x256x64_4x1x1_0_tnt_align8_stream_k_2sm_epi_tma,passed,success,grouped,,,,,bf16:row,bf16:column,void:row,bf16:row,1,0,invalid,invalid,heuristic,1,false,'[515x3072x5120][368x3072x5120][422x3072x5120][5460x3072x5120][342x3072x5120][344x3072x5120][375x3072x5120][4938x3072x5120][483x3072x5120][365x3072x5120][2069x3072x5120][2059x3072x5120][384x3072x5120][4808x3072x5120][342x3072x5120][760x3072x5120][343x3072x5120][342x3072x5120][1671x3072x5120][2410x3072x5120][545x3072x5120][2347x3072x5120][724x3072x5120][352x3072x5120]',,tensorop,f32,256,256,64,4,1,1,2,1,1,6,4,1,1,256,256,16,100,110,1090519040,1030993477632,945,0.650563,1561.15,1.58477e+06
1,CUTLASS,grouped_gemm,cutlass3x_sm100_tensorop_gemm_grouped_bf16_bf16_f32_bf16_bf16_256x256x64_2x4x1_0_tnt_align8_2sm_epi_tma,passed,success,grouped,,,,,bf16:row,bf16:column,bf16:row,bf16:row,1,0,invalid,invalid,heuristic,1,false,'[515x3072x5120][368x3072x5120][422x3072x5120][5460x3072x5120][342x3072x5120][344x3072x5120][375x3072x5120][4938x3072x5120][483x3072x5120][365x3072x5120][2069x3072x5120][2059x3072x5120][384x3072x5120][4808x3072x5120][342x3072x5120][760x3072x5120][343x3072x5120][342x3072x5120][1671x3072x5120][2410x3072x5120][545x3072x5120][2347x3072x5120][724x3072x5120][352x3072x5120]',,tensorop,f32,256,256,64,2,4,1,2,1,1,4,4,1,1,256,256,16,100,110,1291845632,1030993477632,798,0.819043,1468.94,1.25878e+06
1,CUTLASS,grouped_gemm,cutlass3x_sm100_tensorop_gemm_grouped_bf16_bf16_f32_bf16_bf16_256x256x64_2x4x1_0_tnt_align8_stream_k_2sm_epi_tma,passed,success,grouped,,,,,bf16:row,bf16:column,bf16:row,bf16:row,1,0,invalid,invalid,heuristic,1,false,'[515x3072x5120][368x3072x5120][422x3072x5120][5460x3072x5120][342x3072x5120][344x3072x5120][375x3072x5120][4938x3072x5120][483x3072x5120][365x3072x5120][2069x3072x5120][2059x3072x5120][384x3072x5120][4808x3072x5120][342x3072x5120][760x3072x5120][343x3072x5120][342x3072x5120][1671x3072x5120][2410x3072x5120][545x3072x5120][2347x3072x5120][724x3072x5120][352x3072x5120]',,tensorop,f32,256,256,64,2,4,1,2,1,1,4,4,1,1,256,256,16,100,110,1291845632,1030993477632,798,0.812563,1480.65,1.26882e+06
1,CUTLASS,grouped_gemm,cutlass3x_sm100_tensorop_gemm_grouped_bf16_bf16_f32_void_bf16_256x256x64_2x4x1_0_tnt_align8_2sm_epi_tma,passed,success,grouped,,,,,bf16:row,bf16:column,void:row,bf16:row,1,0,invalid,invalid,heuristic,1,false,'[515x3072x5120][368x3072x5120][422x3072x5120][5460x3072x5120][342x3072x5120][344x3072x5120][375x3072x5120][4938x3072x5120][483x3072x5120][365x3072x5120][2069x3072x5120][2059x3072x5120][384x3072x5120][4808x3072x5120][342x3072x5120][760x3072x5120][343x3072x5120][342x3072x5120][1671x3072x5120][2410x3072x5120][545x3072x5120][2347x3072x5120][724x3072x5120][352x3072x5120]',,tensorop,f32,256,256,64,2,4,1,2,1,1,6,4,1,1,256,256,16,100,110,1090519040,1030993477632,945,0.678621,1496.6,1.51925e+06
1,CUTLASS,grouped_gemm,cutlass3x_sm100_tensorop_gemm_grouped_bf16_bf16_f32_void_bf16_256x256x64_2x4x1_0_tnt_align8_stream_k_2sm_epi_tma,passed,success,grouped,,,,,bf16:row,bf16:column,void:row,bf16:row,1,0,invalid,invalid,heuristic,1,false,'[515x3072x5120][368x3072x5120][422x3072x5120][5460x3072x5120][342x3072x5120][344x3072x5120][375x3072x5120][4938x3072x5120][483x3072x5120][365x3072x5120][2069x3072x5120][2059x3072x5120][384x3072x5120][4808x3072x5120][342x3072x5120][760x3072x5120][343x3072x5120][342x3072x5120][1671x3072x5120][2410x3072x5120][545x3072x5120][2347x3072x5120][724x3072x5120][352x3072x5120]',,tensorop,f32,256,256,64,2,4,1,2,1,1,6,4,1,1,256,256,16,100,110,1090519040,1030993477632,945,0.679674,1494.28,1.5169e+06
1,CUTLASS,grouped_gemm,cutlass3x_sm100_tensorop_gemm_grouped_bf16_bf16_f32_bf16_bf16_256x256x64_4x2x1_0_tnt_align8_2sm_epi_tma,passed,success,grouped,,,,,bf16:row,bf16:column,bf16:row,bf16:row,1,0,invalid,invalid,heuristic,1,false,'[515x3072x5120][368x3072x5120][422x3072x5120][5460x3072x5120][342x3072x5120][344x3072x5120][375x3072x5120][4938x3072x5120][483x3072x5120][365x3072x5120][2069x3072x5120][2059x3072x5120][384x3072x5120][4808x3072x5120][342x3072x5120][760x3072x5120][343x3072x5120][342x3072x5120][1671x3072x5120][2410x3072x5120][545x3072x5120][2347x3072x5120][724x3072x5120][352x3072x5120]',,tensorop,f32,256,256,64,4,2,1,2,1,1,4,4,1,1,256,256,16,100,110,1291845632,1030993477632,798,0.815664,1475.03,1.26399e+06
1,CUTLASS,grouped_gemm,cutlass3x_sm100_tensorop_gemm_grouped_bf16_bf16_f32_bf16_bf16_256x256x64_4x2x1_0_tnt_align8_stream_k_2sm_epi_tma,passed,success,grouped,,,,,bf16:row,bf16:column,bf16:row,bf16:row,1,0,invalid,invalid,heuristic,1,false,'[515x3072x5120][368x3072x5120][422x3072x5120][5460x3072x5120][342x3072x5120][344x3072x5120][375x3072x5120][4938x3072x5120][483x3072x5120][365x3072x5120][2069x3072x5120][2059x3072x5120][384x3072x5120][4808x3072x5120][342x3072x5120][760x3072x5120][343x3072x5120][342x3072x5120][1671x3072x5120][2410x3072x5120][545x3072x5120][2347x3072x5120][724x3072x5120][352x3072x5120]',,tensorop,f32,256,256,64,4,2,1,2,1,1,4,4,1,1,256,256,16,100,110,1291845632,1030993477632,798,0.813997,1478.05,1.26658e+06
1,CUTLASS,grouped_gemm,cutlass3x_sm100_tensorop_gemm_grouped_bf16_bf16_f32_void_bf16_256x256x64_4x2x1_0_tnt_align8_2sm_epi_tma,passed,success,grouped,,,,,bf16:row,bf16:column,void:row,bf16:row,1,0,invalid,invalid,heuristic,1,false,'[515x3072x5120][368x3072x5120][422x3072x5120][5460x3072x5120][342x3072x5120][344x3072x5120][375x3072x5120][4938x3072x5120][483x3072x5120][365x3072x5120][2069x3072x5120][2059x3072x5120][384x3072x5120][4808x3072x5120][342x3072x5120][760x3072x5120][343x3072x5120][342x3072x5120][1671x3072x5120][2410x3072x5120][545x3072x5120][2347x3072x5120][724x3072x5120][352x3072x5120]',,tensorop,f32,256,256,64,4,2,1,2,1,1,6,4,1,1,256,256,16,100,110,1090519040,1030993477632,945,0.689485,1473.02,1.49531e+06
1,CUTLASS,grouped_gemm,cutlass3x_sm100_tensorop_gemm_grouped_bf16_bf16_f32_void_bf16_256x256x64_4x2x1_0_tnt_align8_stream_k_2sm_epi_tma,passed,success,grouped,,,,,bf16:row,bf16:column,void:row,bf16:row,1,0,invalid,invalid,heuristic,1,false,'[515x3072x5120][368x3072x5120][422x3072x5120][5460x3072x5120][342x3072x5120][344x3072x5120][375x3072x5120][4938x3072x5120][483x3072x5120][365x3072x5120][2069x3072x5120][2059x3072x5120][384x3072x5120][4808x3072x5120][342x3072x5120][760x3072x5120][343x3072x5120][342x3072x5120][1671x3072x5120][2410x3072x5120][545x3072x5120][2347x3072x5120][724x3072x5120][352x3072x5120]',,tensorop,f32,256,256,64,4,2,1,2,1,1,6,4,1,1,256,256,16,100,110,1090519040,1030993477632,945,0.690838,1470.13,1.49238e+06
1,CUTLASS,grouped_gemm,cutlass3x_sm100_tensorop_gemm_grouped_bf16_bf16_f32_bf16_bf16_256x256x64_4x4x1_0_tnt_align8_2sm_epi_tma,passed,success,grouped,,,,,bf16:row,bf16:column,bf16:row,bf16:row,1,0,invalid,invalid,heuristic,1,false,'[515x3072x5120][368x3072x5120][422x3072x5120][5460x3072x5120][342x3072x5120][344x3072x5120][375x3072x5120][4938x3072x5120][483x3072x5120][365x3072x5120][2069x3072x5120][2059x3072x5120][384x3072x5120][4808x3072x5120][342x3072x5120][760x3072x5120][343x3072x5120][342x3072x5120][1671x3072x5120][2410x3072x5120][545x3072x5120][2347x3072x5120][724x3072x5120][352x3072x5120]',,tensorop,f32,256,256,64,4,4,1,2,1,1,4,4,1,1,256,256,16,100,110,1291845632,1030993477632,798,0.886083,1357.8,1.16354e+06
1,CUTLASS,grouped_gemm,cutlass3x_sm100_tensorop_gemm_grouped_bf16_bf16_f32_bf16_bf16_256x256x64_4x4x1_0_tnt_align8_stream_k_2sm_epi_tma,passed,success,grouped,,,,,bf16:row,bf16:column,bf16:row,bf16:row,1,0,invalid,invalid,heuristic,1,false,'[515x3072x5120][368x3072x5120][422x3072x5120][5460x3072x5120][342x3072x5120][344x3072x5120][375x3072x5120][4938x3072x5120][483x3072x5120][365x3072x5120][2069x3072x5120][2059x3072x5120][384x3072x5120][4808x3072x5120][342x3072x5120][760x3072x5120][343x3072x5120][342x3072x5120][1671x3072x5120][2410x3072x5120][545x3072x5120][2347x3072x5120][724x3072x5120][352x3072x5120]',,tensorop,f32,256,256,64,4,4,1,2,1,1,4,4,1,1,256,256,16,100,110,1291845632,1030993477632,798,0.886621,1356.98,1.16283e+06
1,CUTLASS,grouped_gemm,cutlass3x_sm100_tensorop_gemm_grouped_bf16_bf16_f32_void_bf16_256x256x64_4x4x1_0_tnt_align8_2sm_epi_tma,passed,success,grouped,,,,,bf16:row,bf16:column,void:row,bf16:row,1,0,invalid,invalid,heuristic,1,false,'[515x3072x5120][368x3072x5120][422x3072x5120][5460x3072x5120][342x3072x5120][344x3072x5120][375x3072x5120][4938x3072x5120][483x3072x5120][365x3072x5120][2069x3072x5120][2059x3072x5120][384x3072x5120][4808x3072x5120][342x3072x5120][760x3072x5120][343x3072x5120][342x3072x5120][1671x3072x5120][2410x3072x5120][545x3072x5120][2347x3072x5120][724x3072x5120][352x3072x5120]',,tensorop,f32,256,256,64,4,4,1,2,1,1,6,4,1,1,256,256,16,100,110,1090519040,1030993477632,945,0.733818,1384.03,1.40497e+06
1,CUTLASS,grouped_gemm,cutlass3x_sm100_tensorop_gemm_grouped_bf16_bf16_f32_void_bf16_256x256x64_4x4x1_0_tnt_align8_stream_k_2sm_epi_tma,passed,success,grouped,,,,,bf16:row,bf16:column,void:row,bf16:row,1,0,invalid,invalid,heuristic,1,false,'[515x3072x5120][368x3072x5120][422x3072x5120][5460x3072x5120][342x3072x5120][344x3072x5120][375x3072x5120][4938x3072x5120][483x3072x5120][365x3072x5120][2069x3072x5120][2059x3072x5120][384x3072x5120][4808x3072x5120][342x3072x5120][760x3072x5120][343x3072x5120][342x3072x5120][1671x3072x5120][2410x3072x5120][545x3072x5120][2347x3072x5120][724x3072x5120][352x3072x5120]',,tensorop,f32,256,256,64,4,4,1,2,1,1,6,4,1,1,256,256,16,100,110,1090519040,1030993477632,945,0.733642,1384.36,1.40531e+06
