Problem,Provider,OperationKind,Operation,Disposition,Status,gemm_kind,m,n,k,num_groups,A,B,C,D,alpha,beta,runtime_input_datatype_a,runtime_input_datatype_b,raster_order,swizzle_size,use_pdl,problem-sizes,problem-sizes-file,op_class,accum,cta_m,cta_n,cta_k,cluster_m,cluster_n,cluster_k,cluster_m_fallback,cluster_n_fallback,cluster_k_fallback,stages,warps_m,warps_n,warps_k,inst_m,inst_n,inst_k,min_cc,max_cc,Bytes,Flops,Flops/Byte,Runtime,GB/s,GFLOPs
1,CUTLASS,grouped_gemm,cutlass3x_sm100_tensorop_gemm_grouped_bf16_bf16_f32_f32_f32_64x128x64_0x0x1_0_tnt_align8_1sm,passed,success,grouped,,,,,bf16:row,bf16:column,f32:row,f32:row,1,0,invalid,invalid,heuristic,1,false,'[2731x4096x7168][2731x4096x7168][2731x4096x7168][2731x4096x7168][2731x4096x7168][2731x4096x7168][2731x4096x7168][2731x4096x7168][2730x4096x7168][2730x4096x7168][2730x4096x7168][2730x4096x7168]',,tensorop,f32,64,128,64,1,1,1,1,1,1,7,4,1,1,64,128,16,100,110,1711276032,1924413784064,1124,1.9746,807.126,974585
1,CUTLASS,grouped_gemm,cutlass3x_sm100_tensorop_gemm_grouped_bf16_bf16_f32_f32_f32_64x128x64_0x0x1_0_tnt_align8_stream_k_1sm,passed,success,grouped,,,,,bf16:row,bf16:column,f32:row,f32:row,1,0,invalid,invalid,heuristic,1,false,'[2731x4096x7168][2731x4096x7168][2731x4096x7168][2731x4096x7168][2731x4096x7168][2731x4096x7168][2731x4096x7168][2731x4096x7168][2730x4096x7168][2730x4096x7168][2730x4096x7168][2730x4096x7168]',,tensorop,f32,64,128,64,1,1,1,1,1,1,7,4,1,1,64,128,16,100,110,1711276032,1924413784064,1124,1.96866,809.56,977523
1,CUTLASS,grouped_gemm,cutlass3x_sm100_tensorop_gemm_grouped_bf16_bf16_f32_void_f32_64x128x64_0x0x1_0_tnt_align8_1sm,passed,success,grouped,,,,,bf16:row,bf16:column,void:row,f32:row,1,0,invalid,invalid,heuristic,1,false,'[2731x4096x7168][2731x4096x7168][2731x4096x7168][2731x4096x7168][2731x4096x7168][2731x4096x7168][2731x4096x7168][2731x4096x7168][2730x4096x7168][2730x4096x7168][2730x4096x7168][2730x4096x7168]',,tensorop,f32,64,128,64,1,1,1,1,1,1,7,4,1,1,64,128,16,100,110,1174405120,1924413784064,1638,1.98118,552.069,971345
1,CUTLASS,grouped_gemm,cutlass3x_sm100_tensorop_gemm_grouped_bf16_bf16_f32_void_f32_64x128x64_0x0x1_0_tnt_align8_stream_k_1sm,passed,success,grouped,,,,,bf16:row,bf16:column,void:row,f32:row,1,0,invalid,invalid,heuristic,1,false,'[2731x4096x7168][2731x4096x7168][2731x4096x7168][2731x4096x7168][2731x4096x7168][2731x4096x7168][2731x4096x7168][2731x4096x7168][2730x4096x7168][2730x4096x7168][2730x4096x7168][2730x4096x7168]',,tensorop,f32,64,128,64,1,1,1,1,1,1,7,4,1,1,64,128,16,100,110,1174405120,1924413784064,1638,1.98279,551.623,970560
1,CUTLASS,grouped_gemm,cutlass3x_sm100_tensorop_gemm_grouped_bf16_bf16_f32_f32_f32_64x128x64_1x1x1_0_tnt_align8_1sm,passed,success,grouped,,,,,bf16:row,bf16:column,f32:row,f32:row,1,0,invalid,invalid,heuristic,1,false,'[2731x4096x7168][2731x4096x7168][2731x4096x7168][2731x4096x7168][2731x4096x7168][2731x4096x7168][2731x4096x7168][2731x4096x7168][2730x4096x7168][2730x4096x7168][2730x4096x7168][2730x4096x7168]',,tensorop,f32,64,128,64,1,1,1,1,1,1,7,4,1,1,64,128,16,100,110,1711276032,1924413784064,1124,2.09597,760.388,918150
1,CUTLASS,grouped_gemm,cutlass3x_sm100_tensorop_gemm_grouped_bf16_bf16_f32_f32_f32_64x128x64_1x1x1_0_tnt_align8_stream_k_1sm,passed,success,grouped,,,,,bf16:row,bf16:column,f32:row,f32:row,1,0,invalid,invalid,heuristic,1,false,'[2731x4096x7168][2731x4096x7168][2731x4096x7168][2731x4096x7168][2731x4096x7168][2731x4096x7168][2731x4096x7168][2731x4096x7168][2730x4096x7168][2730x4096x7168][2730x4096x7168][2730x4096x7168]',,tensorop,f32,64,128,64,1,1,1,1,1,1,7,4,1,1,64,128,16,100,110,1711276032,1924413784064,1124,2.10765,756.175,913062
1,CUTLASS,grouped_gemm,cutlass3x_sm100_tensorop_gemm_grouped_bf16_bf16_f32_void_f32_64x128x64_1x1x1_0_tnt_align8_1sm,passed,success,grouped,,,,,bf16:row,bf16:column,void:row,f32:row,1,0,invalid,invalid,heuristic,1,false,'[2731x4096x7168][2731x4096x7168][2731x4096x7168][2731x4096x7168][2731x4096x7168][2731x4096x7168][2731x4096x7168][2731x4096x7168][2730x4096x7168][2730x4096x7168][2730x4096x7168][2730x4096x7168]',,tensorop,f32,64,128,64,1,1,1,1,1,1,7,4,1,1,64,128,16,100,110,1174405120,1924413784064,1638,2.14059,510.958,899011
1,CUTLASS,grouped_gemm,cutlass3x_sm100_tensorop_gemm_grouped_bf16_bf16_f32_void_f32_64x128x64_1x1x1_0_tnt_align8_stream_k_1sm,passed,success,grouped,,,,,bf16:row,bf16:column,void:row,f32:row,1,0,invalid,invalid,heuristic,1,false,'[2731x4096x7168][2731x4096x7168][2731x4096x7168][2731x4096x7168][2731x4096x7168][2731x4096x7168][2731x4096x7168][2731x4096x7168][2730x4096x7168][2730x4096x7168][2730x4096x7168][2730x4096x7168]',,tensorop,f32,64,128,64,1,1,1,1,1,1,7,4,1,1,64,128,16,100,110,1174405120,1924413784064,1638,2.1327,512.847,902335
1,CUTLASS,grouped_gemm,cutlass3x_sm100_tensorop_gemm_grouped_bf16_bf16_f32_f32_f32_64x128x64_1x2x1_0_tnt_align8_1sm,passed,success,grouped,,,,,bf16:row,bf16:column,f32:row,f32:row,1,0,invalid,invalid,heuristic,1,false,'[2731x4096x7168][2731x4096x7168][2731x4096x7168][2731x4096x7168][2731x4096x7168][2731x4096x7168][2731x4096x7168][2731x4096x7168][2730x4096x7168][2730x4096x7168][2730x4096x7168][2730x4096x7168]',,tensorop,f32,64,128,64,1,2,1,1,1,1,7,4,1,1,64,128,16,100,110,1711276032,1924413784064,1124,1.96763,809.984,978035
1,CUTLASS,grouped_gemm,cutlass3x_sm100_tensorop_gemm_grouped_bf16_bf16_f32_f32_f32_64x128x64_1x2x1_0_tnt_align8_stream_k_1sm,passed,success,grouped,,,,,bf16:row,bf16:column,f32:row,f32:row,1,0,invalid,invalid,heuristic,1,false,'[2731x4096x7168][2731x4096x7168][2731x4096x7168][2731x4096x7168][2731x4096x7168][2731x4096x7168][2731x4096x7168][2731x4096x7168][2730x4096x7168][2730x4096x7168][2730x4096x7168][2730x4096x7168]',,tensorop,f32,64,128,64,1,2,1,1,1,1,7,4,1,1,64,128,16,100,110,1711276032,1924413784064,1124,1.97094,808.624,976394
1,CUTLASS,grouped_gemm,cutlass3x_sm100_tensorop_gemm_grouped_bf16_bf16_f32_void_f32_64x128x64_1x2x1_0_tnt_align8_1sm,passed,success,grouped,,,,,bf16:row,bf16:column,void:row,f32:row,1,0,invalid,invalid,heuristic,1,false,'[2731x4096x7168][2731x4096x7168][2731x4096x7168][2731x4096x7168][2731x4096x7168][2731x4096x7168][2731x4096x7168][2731x4096x7168][2730x4096x7168][2730x4096x7168][2730x4096x7168][2730x4096x7168]',,tensorop,f32,64,128,64,1,2,1,1,1,1,7,4,1,1,64,128,16,100,110,1174405120,1924413784064,1638,1.98832,550.088,967859
1,CUTLASS,grouped_gemm,cutlass3x_sm100_tensorop_gemm_grouped_bf16_bf16_f32_void_f32_64x128x64_1x2x1_0_tnt_align8_stream_k_1sm,passed,success,grouped,,,,,bf16:row,bf16:column,void:row,f32:row,1,0,invalid,invalid,heuristic,1,false,'[2731x4096x7168][2731x4096x7168][2731x4096x7168][2731x4096x7168][2731x4096x7168][2731x4096x7168][2731x4096x7168][2731x4096x7168][2730x4096x7168][2730x4096x7168][2730x4096x7168][2730x4096x7168]',,tensorop,f32,64,128,64,1,2,1,1,1,1,7,4,1,1,64,128,16,100,110,1174405120,1924413784064,1638,1.98525,550.939,969357
1,CUTLASS,grouped_gemm,cutlass3x_sm100_tensorop_gemm_grouped_bf16_bf16_f32_f32_f32_64x128x64_1x4x1_0_tnt_align8_1sm,passed,success,grouped,,,,,bf16:row,bf16:column,f32:row,f32:row,1,0,invalid,invalid,heuristic,1,false,'[2731x4096x7168][2731x4096x7168][2731x4096x7168][2731x4096x7168][2731x4096x7168][2731x4096x7168][2731x4096x7168][2731x4096x7168][2730x4096x7168][2730x4096x7168][2730x4096x7168][2730x4096x7168]',,tensorop,f32,64,128,64,1,4,1,1,1,1,7,4,1,1,64,128,16,100,110,1711276032,1924413784064,1124,2.15667,738.988,892310
1,CUTLASS,grouped_gemm,cutlass3x_sm100_tensorop_gemm_grouped_bf16_bf16_f32_f32_f32_64x128x64_1x4x1_0_tnt_align8_stream_k_1sm,passed,success,grouped,,,,,bf16:row,bf16:column,f32:row,f32:row,1,0,invalid,invalid,heuristic,1,false,'[2731x4096x7168][2731x4096x7168][2731x4096x7168][2731x4096x7168][2731x4096x7168][2731x4096x7168][2731x4096x7168][2731x4096x7168][2730x4096x7168][2730x4096x7168][2730x4096x7168][2730x4096x7168]',,tensorop,f32,64,128,64,1,4,1,1,1,1,7,4,1,1,64,128,16,100,110,1711276032,1924413784064,1124,2.15748,738.707,891971
1,CUTLASS,grouped_gemm,cutlass3x_sm100_tensorop_gemm_grouped_bf16_bf16_f32_void_f32_64x128x64_1x4x1_0_tnt_align8_1sm,passed,success,grouped,,,,,bf16:row,bf16:column,void:row,f32:row,1,0,invalid,invalid,heuristic,1,false,'[2731x4096x7168][2731x4096x7168][2731x4096x7168][2731x4096x7168][2731x4096x7168][2731x4096x7168][2731x4096x7168][2731x4096x7168][2730x4096x7168][2730x4096x7168][2730x4096x7168][2730x4096x7168]',,tensorop,f32,64,128,64,1,4,1,1,1,1,7,4,1,1,64,128,16,100,110,1174405120,1924413784064,1638,2.18266,501.11,881684
1,CUTLASS,grouped_gemm,cutlass3x_sm100_tensorop_gemm_grouped_bf16_bf16_f32_void_f32_64x128x64_1x4x1_0_tnt_align8_stream_k_1sm,passed,success,grouped,,,,,bf16:row,bf16:column,void:row,f32:row,1,0,invalid,invalid,heuristic,1,false,'[2731x4096x7168][2731x4096x7168][2731x4096x7168][2731x4096x7168][2731x4096x7168][2731x4096x7168][2731x4096x7168][2731x4096x7168][2730x4096x7168][2730x4096x7168][2730x4096x7168][2730x4096x7168]',,tensorop,f32,64,128,64,1,4,1,1,1,1,7,4,1,1,64,128,16,100,110,1174405120,1924413784064,1638,2.18423,500.748,881048
1,CUTLASS,grouped_gemm,cutlass3x_sm100_tensorop_gemm_grouped_bf16_bf16_f32_f32_f32_64x128x64_4x4x1_0_tnt_align8_1sm,passed,success,grouped,,,,,bf16:row,bf16:column,f32:row,f32:row,1,0,invalid,invalid,heuristic,1,false,'[2731x4096x7168][2731x4096x7168][2731x4096x7168][2731x4096x7168][2731x4096x7168][2731x4096x7168][2731x4096x7168][2731x4096x7168][2730x4096x7168][2730x4096x7168][2730x4096x7168][2730x4096x7168]',,tensorop,f32,64,128,64,4,4,1,1,1,1,7,4,1,1,64,128,16,100,110,1711276032,1924413784064,1124,2.7333,583.086,704062
1,CUTLASS,grouped_gemm,cutlass3x_sm100_tensorop_gemm_grouped_bf16_bf16_f32_f32_f32_64x128x64_4x4x1_0_tnt_align8_stream_k_1sm,passed,success,grouped,,,,,bf16:row,bf16:column,f32:row,f32:row,1,0,invalid,invalid,heuristic,1,false,'[2731x4096x7168][2731x4096x7168][2731x4096x7168][2731x4096x7168][2731x4096x7168][2731x4096x7168][2731x4096x7168][2731x4096x7168][2730x4096x7168][2730x4096x7168][2730x4096x7168][2730x4096x7168]',,tensorop,f32,64,128,64,4,4,1,1,1,1,7,4,1,1,64,128,16,100,110,1711276032,1924413784064,1124,2.73472,582.784,703698
1,CUTLASS,grouped_gemm,cutlass3x_sm100_tensorop_gemm_grouped_bf16_bf16_f32_void_f32_64x128x64_4x4x1_0_tnt_align8_1sm,passed,success,grouped,,,,,bf16:row,bf16:column,void:row,f32:row,1,0,invalid,invalid,heuristic,1,false,'[2731x4096x7168][2731x4096x7168][2731x4096x7168][2731x4096x7168][2731x4096x7168][2731x4096x7168][2731x4096x7168][2731x4096x7168][2730x4096x7168][2730x4096x7168][2730x4096x7168][2730x4096x7168]',,tensorop,f32,64,128,64,4,4,1,1,1,1,7,4,1,1,64,128,16,100,110,1174405120,1924413784064,1638,2.77908,393.566,692465
1,CUTLASS,grouped_gemm,cutlass3x_sm100_tensorop_gemm_grouped_bf16_bf16_f32_void_f32_64x128x64_4x4x1_0_tnt_align8_stream_k_1sm,passed,success,grouped,,,,,bf16:row,bf16:column,void:row,f32:row,1,0,invalid,invalid,heuristic,1,false,'[2731x4096x7168][2731x4096x7168][2731x4096x7168][2731x4096x7168][2731x4096x7168][2731x4096x7168][2731x4096x7168][2731x4096x7168][2730x4096x7168][2730x4096x7168][2730x4096x7168][2730x4096x7168]',,tensorop,f32,64,128,64,4,4,1,1,1,1,7,4,1,1,64,128,16,100,110,1174405120,1924413784064,1638,2.77905,393.569,692471
1,CUTLASS,grouped_gemm,cutlass3x_sm100_tensorop_gemm_grouped_bf16_bf16_f32_bf16_bf16_64x128x64_0x0x1_0_tnt_align8_1sm,passed,success,grouped,,,,,bf16:row,bf16:column,bf16:row,bf16:row,1,0,invalid,invalid,heuristic,1,false,'[2731x4096x7168][2731x4096x7168][2731x4096x7168][2731x4096x7168][2731x4096x7168][2731x4096x7168][2731x4096x7168][2731x4096x7168][2730x4096x7168][2730x4096x7168][2730x4096x7168][2730x4096x7168]',,tensorop,f32,64,128,64,1,1,1,1,1,1,8,4,1,1,64,128,16,100,110,1442840576,1924413784064,1333,1.89544,708.937,1.01528e+06
1,CUTLASS,grouped_gemm,cutlass3x_sm100_tensorop_gemm_grouped_bf16_bf16_f32_bf16_bf16_64x128x64_0x0x1_0_tnt_align8_stream_k_1sm,passed,success,grouped,,,,,bf16:row,bf16:column,bf16:row,bf16:row,1,0,invalid,invalid,heuristic,1,false,'[2731x4096x7168][2731x4096x7168][2731x4096x7168][2731x4096x7168][2731x4096x7168][2731x4096x7168][2731x4096x7168][2731x4096x7168][2730x4096x7168][2730x4096x7168][2730x4096x7168][2730x4096x7168]',,tensorop,f32,64,128,64,1,1,1,1,1,1,8,4,1,1,64,128,16,100,110,1442840576,1924413784064,1333,1.92309,698.745,1.00069e+06
1,CUTLASS,grouped_gemm,cutlass3x_sm100_tensorop_gemm_grouped_bf16_bf16_f32_void_bf16_64x128x64_0x0x1_0_tnt_align8_1sm,passed,success,grouped,,,,,bf16:row,bf16:column,void:row,bf16:row,1,0,invalid,invalid,heuristic,1,false,'[2731x4096x7168][2731x4096x7168][2731x4096x7168][2731x4096x7168][2731x4096x7168][2731x4096x7168][2731x4096x7168][2731x4096x7168][2730x4096x7168][2730x4096x7168][2730x4096x7168][2730x4096x7168]',,tensorop,f32,64,128,64,1,1,1,1,1,1,8,4,1,1,64,128,16,100,110,1174405120,1924413784064,1638,1.91736,570.445,1.00368e+06
1,CUTLASS,grouped_gemm,cutlass3x_sm100_tensorop_gemm_grouped_bf16_bf16_f32_void_bf16_64x128x64_0x0x1_0_tnt_align8_stream_k_1sm,passed,success,grouped,,,,,bf16:row,bf16:column,void:row,bf16:row,1,0,invalid,invalid,heuristic,1,false,'[2731x4096x7168][2731x4096x7168][2731x4096x7168][2731x4096x7168][2731x4096x7168][2731x4096x7168][2731x4096x7168][2731x4096x7168][2730x4096x7168][2730x4096x7168][2730x4096x7168][2730x4096x7168]',,tensorop,f32,64,128,64,1,1,1,1,1,1,8,4,1,1,64,128,16,100,110,1174405120,1924413784064,1638,1.90425,574.374,1.01059e+06
1,CUTLASS,grouped_gemm,cutlass3x_sm100_tensorop_gemm_grouped_bf16_bf16_f32_bf16_bf16_64x128x64_1x1x1_0_tnt_align8_1sm,passed,success,grouped,,,,,bf16:row,bf16:column,bf16:row,bf16:row,1,0,invalid,invalid,heuristic,1,false,'[2731x4096x7168][2731x4096x7168][2731x4096x7168][2731x4096x7168][2731x4096x7168][2731x4096x7168][2731x4096x7168][2731x4096x7168][2730x4096x7168][2730x4096x7168][2730x4096x7168][2730x4096x7168]',,tensorop,f32,64,128,64,1,1,1,1,1,1,8,4,1,1,64,128,16,100,110,1442840576,1924413784064,1333,2.01999,665.226,952685
1,CUTLASS,grouped_gemm,cutlass3x_sm100_tensorop_gemm_grouped_bf16_bf16_f32_bf16_bf16_64x128x64_1x1x1_0_tnt_align8_stream_k_1sm,passed,success,grouped,,,,,bf16:row,bf16:column,bf16:row,bf16:row,1,0,invalid,invalid,heuristic,1,false,'[2731x4096x7168][2731x4096x7168][2731x4096x7168][2731x4096x7168][2731x4096x7168][2731x4096x7168][2731x4096x7168][2731x4096x7168][2730x4096x7168][2730x4096x7168][2730x4096x7168][2730x4096x7168]',,tensorop,f32,64,128,64,1,1,1,1,1,1,8,4,1,1,64,128,16,100,110,1442840576,1924413784064,1333,2.01262,667.662,956173
1,CUTLASS,grouped_gemm,cutlass3x_sm100_tensorop_gemm_grouped_bf16_bf16_f32_void_bf16_64x128x64_1x1x1_0_tnt_align8_1sm,passed,success,grouped,,,,,bf16:row,bf16:column,void:row,bf16:row,1,0,invalid,invalid,heuristic,1,false,'[2731x4096x7168][2731x4096x7168][2731x4096x7168][2731x4096x7168][2731x4096x7168][2731x4096x7168][2731x4096x7168][2731x4096x7168][2730x4096x7168][2730x4096x7168][2730x4096x7168][2730x4096x7168]',,tensorop,f32,64,128,64,1,1,1,1,1,1,8,4,1,1,64,128,16,100,110,1174405120,1924413784064,1638,2.01024,544.09,957307
1,CUTLASS,grouped_gemm,cutlass3x_sm100_tensorop_gemm_grouped_bf16_bf16_f32_void_bf16_64x128x64_1x1x1_0_tnt_align8_stream_k_1sm,passed,success,grouped,,,,,bf16:row,bf16:column,void:row,bf16:row,1,0,invalid,invalid,heuristic,1,false,'[2731x4096x7168][2731x4096x7168][2731x4096x7168][2731x4096x7168][2731x4096x7168][2731x4096x7168][2731x4096x7168][2731x4096x7168][2730x4096x7168][2730x4096x7168][2730x4096x7168][2730x4096x7168]',,tensorop,f32,64,128,64,1,1,1,1,1,1,8,4,1,1,64,128,16,100,110,1174405120,1924413784064,1638,2.01351,543.206,955751
1,CUTLASS,grouped_gemm,cutlass3x_sm100_tensorop_gemm_grouped_bf16_bf16_f32_bf16_bf16_64x128x64_1x2x1_0_tnt_align8_1sm,passed,success,grouped,,,,,bf16:row,bf16:column,bf16:row,bf16:row,1,0,invalid,invalid,heuristic,1,false,'[2731x4096x7168][2731x4096x7168][2731x4096x7168][2731x4096x7168][2731x4096x7168][2731x4096x7168][2731x4096x7168][2731x4096x7168][2730x4096x7168][2730x4096x7168][2730x4096x7168][2730x4096x7168]',,tensorop,f32,64,128,64,1,2,1,1,1,1,8,4,1,1,64,128,16,100,110,1442840576,1924413784064,1333,1.7641,761.722,1.09088e+06
1,CUTLASS,grouped_gemm,cutlass3x_sm100_tensorop_gemm_grouped_bf16_bf16_f32_bf16_bf16_64x128x64_1x2x1_0_tnt_align8_stream_k_1sm,passed,success,grouped,,,,,bf16:row,bf16:column,bf16:row,bf16:row,1,0,invalid,invalid,heuristic,1,false,'[2731x4096x7168][2731x4096x7168][2731x4096x7168][2731x4096x7168][2731x4096x7168][2731x4096x7168][2731x4096x7168][2731x4096x7168][2730x4096x7168][2730x4096x7168][2730x4096x7168][2730x4096x7168]',,tensorop,f32,64,128,64,1,2,1,1,1,1,8,4,1,1,64,128,16,100,110,1442840576,1924413784064,1333,1.76512,761.281,1.09025e+06
1,CUTLASS,grouped_gemm,cutlass3x_sm100_tensorop_gemm_grouped_bf16_bf16_f32_void_bf16_64x128x64_1x2x1_0_tnt_align8_1sm,passed,success,grouped,,,,,bf16:row,bf16:column,void:row,bf16:row,1,0,invalid,invalid,heuristic,1,false,'[2731x4096x7168][2731x4096x7168][2731x4096x7168][2731x4096x7168][2731x4096x7168][2731x4096x7168][2731x4096x7168][2731x4096x7168][2730x4096x7168][2730x4096x7168][2730x4096x7168][2730x4096x7168]',,tensorop,f32,64,128,64,1,2,1,1,1,1,8,4,1,1,64,128,16,100,110,1174405120,1924413784064,1638,1.78035,614.347,1.08092e+06
1,CUTLASS,grouped_gemm,cutlass3x_sm100_tensorop_gemm_grouped_bf16_bf16_f32_void_bf16_64x128x64_1x2x1_0_tnt_align8_stream_k_1sm,passed,success,grouped,,,,,bf16:row,bf16:column,void:row,bf16:row,1,0,invalid,invalid,heuristic,1,false,'[2731x4096x7168][2731x4096x7168][2731x4096x7168][2731x4096x7168][2731x4096x7168][2731x4096x7168][2731x4096x7168][2731x4096x7168][2730x4096x7168][2730x4096x7168][2730x4096x7168][2730x4096x7168]',,tensorop,f32,64,128,64,1,2,1,1,1,1,8,4,1,1,64,128,16,100,110,1174405120,1924413784064,1638,1.78014,614.418,1.08105e+06
1,CUTLASS,grouped_gemm,cutlass3x_sm100_tensorop_gemm_grouped_bf16_bf16_f32_bf16_bf16_64x128x64_1x4x1_0_tnt_align8_1sm,passed,success,grouped,,,,,bf16:row,bf16:column,bf16:row,bf16:row,1,0,invalid,invalid,heuristic,1,false,'[2731x4096x7168][2731x4096x7168][2731x4096x7168][2731x4096x7168][2731x4096x7168][2731x4096x7168][2731x4096x7168][2731x4096x7168][2730x4096x7168][2730x4096x7168][2730x4096x7168][2730x4096x7168]',,tensorop,f32,64,128,64,1,4,1,1,1,1,8,4,1,1,64,128,16,100,110,1442840576,1924413784064,1333,1.91162,702.937,1.00669e+06
1,CUTLASS,grouped_gemm,cutlass3x_sm100_tensorop_gemm_grouped_bf16_bf16_f32_bf16_bf16_64x128x64_1x4x1_0_tnt_align8_stream_k_1sm,passed,success,grouped,,,,,bf16:row,bf16:column,bf16:row,bf16:row,1,0,invalid,invalid,heuristic,1,false,'[2731x4096x7168][2731x4096x7168][2731x4096x7168][2731x4096x7168][2731x4096x7168][2731x4096x7168][2731x4096x7168][2731x4096x7168][2730x4096x7168][2730x4096x7168][2730x4096x7168][2730x4096x7168]',,tensorop,f32,64,128,64,1,4,1,1,1,1,8,4,1,1,64,128,16,100,110,1442840576,1924413784064,1333,1.91103,703.155,1.007e+06
1,CUTLASS,grouped_gemm,cutlass3x_sm100_tensorop_gemm_grouped_bf16_bf16_f32_void_bf16_64x128x64_1x4x1_0_tnt_align8_1sm,passed,success,grouped,,,,,bf16:row,bf16:column,void:row,bf16:row,1,0,invalid,invalid,heuristic,1,false,'[2731x4096x7168][2731x4096x7168][2731x4096x7168][2731x4096x7168][2731x4096x7168][2731x4096x7168][2731x4096x7168][2731x4096x7168][2730x4096x7168][2730x4096x7168][2730x4096x7168][2730x4096x7168]',,tensorop,f32,64,128,64,1,4,1,1,1,1,8,4,1,1,64,128,16,100,110,1174405120,1924413784064,1638,1.91995,569.677,1.00233e+06
1,CUTLASS,grouped_gemm,cutlass3x_sm100_tensorop_gemm_grouped_bf16_bf16_f32_void_bf16_64x128x64_1x4x1_0_tnt_align8_stream_k_1sm,passed,success,grouped,,,,,bf16:row,bf16:column,void:row,bf16:row,1,0,invalid,invalid,heuristic,1,false,'[2731x4096x7168][2731x4096x7168][2731x4096x7168][2731x4096x7168][2731x4096x7168][2731x4096x7168][2731x4096x7168][2731x4096x7168][2730x4096x7168][2730x4096x7168][2730x4096x7168][2730x4096x7168]',,tensorop,f32,64,128,64,1,4,1,1,1,1,8,4,1,1,64,128,16,100,110,1174405120,1924413784064,1638,1.91367,571.546,1.00561e+06
1,CUTLASS,grouped_gemm,cutlass3x_sm100_tensorop_gemm_grouped_bf16_bf16_f32_bf16_bf16_64x128x64_4x4x1_0_tnt_align8_1sm,passed,success,grouped,,,,,bf16:row,bf16:column,bf16:row,bf16:row,1,0,invalid,invalid,heuristic,1,false,'[2731x4096x7168][2731x4096x7168][2731x4096x7168][2731x4096x7168][2731x4096x7168][2731x4096x7168][2731x4096x7168][2731x4096x7168][2730x4096x7168][2730x4096x7168][2730x4096x7168][2730x4096x7168]',,tensorop,f32,64,128,64,4,4,1,1,1,1,8,4,1,1,64,128,16,100,110,1442840576,1924413784064,1333,2.44318,549.999,787666
1,CUTLASS,grouped_gemm,cutlass3x_sm100_tensorop_gemm_grouped_bf16_bf16_f32_bf16_bf16_64x128x64_4x4x1_0_tnt_align8_stream_k_1sm,passed,success,grouped,,,,,bf16:row,bf16:column,bf16:row,bf16:row,1,0,invalid,invalid,heuristic,1,false,'[2731x4096x7168][2731x4096x7168][2731x4096x7168][2731x4096x7168][2731x4096x7168][2731x4096x7168][2731x4096x7168][2731x4096x7168][2730x4096x7168][2730x4096x7168][2730x4096x7168][2730x4096x7168]',,tensorop,f32,64,128,64,4,4,1,1,1,1,8,4,1,1,64,128,16,100,110,1442840576,1924413784064,1333,2.44506,549.578,787063
1,CUTLASS,grouped_gemm,cutlass3x_sm100_tensorop_gemm_grouped_bf16_bf16_f32_void_bf16_64x128x64_4x4x1_0_tnt_align8_1sm,passed,success,grouped,,,,,bf16:row,bf16:column,void:row,bf16:row,1,0,invalid,invalid,heuristic,1,false,'[2731x4096x7168][2731x4096x7168][2731x4096x7168][2731x4096x7168][2731x4096x7168][2731x4096x7168][2731x4096x7168][2731x4096x7168][2730x4096x7168][2730x4096x7168][2730x4096x7168][2730x4096x7168]',,tensorop,f32,64,128,64,4,4,1,1,1,1,8,4,1,1,64,128,16,100,110,1174405120,1924413784064,1638,2.46797,443.178,779755
1,CUTLASS,grouped_gemm,cutlass3x_sm100_tensorop_gemm_grouped_bf16_bf16_f32_void_bf16_64x128x64_4x4x1_0_tnt_align8_stream_k_1sm,passed,success,grouped,,,,,bf16:row,bf16:column,void:row,bf16:row,1,0,invalid,invalid,heuristic,1,false,'[2731x4096x7168][2731x4096x7168][2731x4096x7168][2731x4096x7168][2731x4096x7168][2731x4096x7168][2731x4096x7168][2731x4096x7168][2730x4096x7168][2730x4096x7168][2730x4096x7168][2730x4096x7168]',,tensorop,f32,64,128,64,4,4,1,1,1,1,8,4,1,1,64,128,16,100,110,1174405120,1924413784064,1638,2.4694,442.922,779306
1,CUTLASS,grouped_gemm,cutlass3x_sm100_tensorop_gemm_grouped_bf16_bf16_f32_f32_f32_128x128x64_0x0x1_0_tnt_align8_1sm,passed,success,grouped,,,,,bf16:row,bf16:column,f32:row,f32:row,1,0,invalid,invalid,heuristic,1,false,'[2731x4096x7168][2731x4096x7168][2731x4096x7168][2731x4096x7168][2731x4096x7168][2731x4096x7168][2731x4096x7168][2731x4096x7168][2730x4096x7168][2730x4096x7168][2730x4096x7168][2730x4096x7168]',,tensorop,f32,128,128,64,1,1,1,1,1,1,5,4,1,1,128,128,16,100,110,1711276032,1924413784064,1124,1.51492,1052.03,1.2703e+06
1,CUTLASS,grouped_gemm,cutlass3x_sm100_tensorop_gemm_grouped_bf16_bf16_f32_f32_f32_128x128x64_0x0x1_0_tnt_align8_stream_k_1sm,passed,success,grouped,,,,,bf16:row,bf16:column,f32:row,f32:row,1,0,invalid,invalid,heuristic,1,false,'[2731x4096x7168][2731x4096x7168][2731x4096x7168][2731x4096x7168][2731x4096x7168][2731x4096x7168][2731x4096x7168][2731x4096x7168][2730x4096x7168][2730x4096x7168][2730x4096x7168][2730x4096x7168]',,tensorop,f32,128,128,64,1,1,1,1,1,1,5,4,1,1,128,128,16,100,110,1711276032,1924413784064,1124,1.51751,1050.24,1.26814e+06
1,CUTLASS,grouped_gemm,cutlass3x_sm100_tensorop_gemm_grouped_bf16_bf16_f32_void_f32_128x128x64_0x0x1_0_tnt_align8_1sm,passed,success,grouped,,,,,bf16:row,bf16:column,void:row,f32:row,1,0,invalid,invalid,heuristic,1,false,'[2731x4096x7168][2731x4096x7168][2731x4096x7168][2731x4096x7168][2731x4096x7168][2731x4096x7168][2731x4096x7168][2731x4096x7168][2730x4096x7168][2730x4096x7168][2730x4096x7168][2730x4096x7168]',,tensorop,f32,128,128,64,1,1,1,1,1,1,5,4,1,1,128,128,16,100,110,1174405120,1924413784064,1638,1.57124,696.104,1.22477e+06
1,CUTLASS,grouped_gemm,cutlass3x_sm100_tensorop_gemm_grouped_bf16_bf16_f32_void_f32_128x128x64_0x0x1_0_tnt_align8_stream_k_1sm,passed,success,grouped,,,,,bf16:row,bf16:column,void:row,f32:row,1,0,invalid,invalid,heuristic,1,false,'[2731x4096x7168][2731x4096x7168][2731x4096x7168][2731x4096x7168][2731x4096x7168][2731x4096x7168][2731x4096x7168][2731x4096x7168][2730x4096x7168][2730x4096x7168][2730x4096x7168][2730x4096x7168]',,tensorop,f32,128,128,64,1,1,1,1,1,1,5,4,1,1,128,128,16,100,110,1174405120,1924413784064,1638,1.54578,707.573,1.24495e+06
1,CUTLASS,grouped_gemm,cutlass3x_sm100_tensorop_gemm_grouped_bf16_bf16_f32_f32_f32_128x128x64_1x1x1_0_tnt_align8_1sm,passed,success,grouped,,,,,bf16:row,bf16:column,f32:row,f32:row,1,0,invalid,invalid,heuristic,1,false,'[2731x4096x7168][2731x4096x7168][2731x4096x7168][2731x4096x7168][2731x4096x7168][2731x4096x7168][2731x4096x7168][2731x4096x7168][2730x4096x7168][2730x4096x7168][2730x4096x7168][2730x4096x7168]',,tensorop,f32,128,128,64,1,1,1,1,1,1,5,4,1,1,128,128,16,100,110,1711276032,1924413784064,1124,1.54852,1029.21,1.24275e+06
1,CUTLASS,grouped_gemm,cutlass3x_sm100_tensorop_gemm_grouped_bf16_bf16_f32_f32_f32_128x128x64_1x1x1_0_tnt_align8_stream_k_1sm,passed,success,grouped,,,,,bf16:row,bf16:column,f32:row,f32:row,1,0,invalid,invalid,heuristic,1,false,'[2731x4096x7168][2731x4096x7168][2731x4096x7168][2731x4096x7168][2731x4096x7168][2731x4096x7168][2731x4096x7168][2731x4096x7168][2730x4096x7168][2730x4096x7168][2730x4096x7168][2730x4096x7168]',,tensorop,f32,128,128,64,1,1,1,1,1,1,5,4,1,1,128,128,16,100,110,1711276032,1924413784064,1124,1.54731,1030.01,1.24371e+06
1,CUTLASS,grouped_gemm,cutlass3x_sm100_tensorop_gemm_grouped_bf16_bf16_f32_void_f32_128x128x64_1x1x1_0_tnt_align8_1sm,passed,success,grouped,,,,,bf16:row,bf16:column,void:row,f32:row,1,0,invalid,invalid,heuristic,1,false,'[2731x4096x7168][2731x4096x7168][2731x4096x7168][2731x4096x7168][2731x4096x7168][2731x4096x7168][2731x4096x7168][2731x4096x7168][2730x4096x7168][2730x4096x7168][2730x4096x7168][2730x4096x7168]',,tensorop,f32,128,128,64,1,1,1,1,1,1,5,4,1,1,128,128,16,100,110,1174405120,1924413784064,1638,1.55507,703.347,1.23751e+06
1,CUTLASS,grouped_gemm,cutlass3x_sm100_tensorop_gemm_grouped_bf16_bf16_f32_void_f32_128x128x64_1x1x1_0_tnt_align8_stream_k_1sm,passed,success,grouped,,,,,bf16:row,bf16:column,void:row,f32:row,1,0,invalid,invalid,heuristic,1,false,'[2731x4096x7168][2731x4096x7168][2731x4096x7168][2731x4096x7168][2731x4096x7168][2731x4096x7168][2731x4096x7168][2731x4096x7168][2730x4096x7168][2730x4096x7168][2730x4096x7168][2730x4096x7168]',,tensorop,f32,128,128,64,1,1,1,1,1,1,5,4,1,1,128,128,16,100,110,1174405120,1924413784064,1638,1.54831,706.417,1.24291e+06
1,CUTLASS,grouped_gemm,cutlass3x_sm100_tensorop_gemm_grouped_bf16_bf16_f32_f32_f32_128x128x64_1x2x1_0_tnt_align8_1sm,passed,success,grouped,,,,,bf16:row,bf16:column,f32:row,f32:row,1,0,invalid,invalid,heuristic,1,false,'[2731x4096x7168][2731x4096x7168][2731x4096x7168][2731x4096x7168][2731x4096x7168][2731x4096x7168][2731x4096x7168][2731x4096x7168][2730x4096x7168][2730x4096x7168][2730x4096x7168][2730x4096x7168]',,tensorop,f32,128,128,64,1,2,1,1,1,1,5,4,1,1,128,128,16,100,110,1711276032,1924413784064,1124,1.48666,1072.03,1.29445e+06
1,CUTLASS,grouped_gemm,cutlass3x_sm100_tensorop_gemm_grouped_bf16_bf16_f32_f32_f32_128x128x64_1x2x1_0_tnt_align8_stream_k_1sm,passed,success,grouped,,,,,bf16:row,bf16:column,f32:row,f32:row,1,0,invalid,invalid,heuristic,1,false,'[2731x4096x7168][2731x4096x7168][2731x4096x7168][2731x4096x7168][2731x4096x7168][2731x4096x7168][2731x4096x7168][2731x4096x7168][2730x4096x7168][2730x4096x7168][2730x4096x7168][2730x4096x7168]',,tensorop,f32,128,128,64,1,2,1,1,1,1,5,4,1,1,128,128,16,100,110,1711276032,1924413784064,1124,1.48884,1070.47,1.29256e+06
1,CUTLASS,grouped_gemm,cutlass3x_sm100_tensorop_gemm_grouped_bf16_bf16_f32_void_f32_128x128x64_1x2x1_0_tnt_align8_1sm,passed,success,grouped,,,,,bf16:row,bf16:column,void:row,f32:row,1,0,invalid,invalid,heuristic,1,false,'[2731x4096x7168][2731x4096x7168][2731x4096x7168][2731x4096x7168][2731x4096x7168][2731x4096x7168][2731x4096x7168][2731x4096x7168][2730x4096x7168][2730x4096x7168][2730x4096x7168][2730x4096x7168]',,tensorop,f32,128,128,64,1,2,1,1,1,1,5,4,1,1,128,128,16,100,110,1174405120,1924413784064,1638,1.49875,729.777,1.28402e+06
1,CUTLASS,grouped_gemm,cutlass3x_sm100_tensorop_gemm_grouped_bf16_bf16_f32_void_f32_128x128x64_1x2x1_0_tnt_align8_stream_k_1sm,passed,success,grouped,,,,,bf16:row,bf16:column,void:row,f32:row,1,0,invalid,invalid,heuristic,1,false,'[2731x4096x7168][2731x4096x7168][2731x4096x7168][2731x4096x7168][2731x4096x7168][2731x4096x7168][2731x4096x7168][2731x4096x7168][2730x4096x7168][2730x4096x7168][2730x4096x7168][2730x4096x7168]',,tensorop,f32,128,128,64,1,2,1,1,1,1,5,4,1,1,128,128,16,100,110,1174405120,1924413784064,1638,1.49812,730.079,1.28455e+06
1,CUTLASS,grouped_gemm,cutlass3x_sm100_tensorop_gemm_grouped_bf16_bf16_f32_f32_f32_128x128x64_1x4x1_0_tnt_align8_1sm,passed,success,grouped,,,,,bf16:row,bf16:column,f32:row,f32:row,1,0,invalid,invalid,heuristic,1,false,'[2731x4096x7168][2731x4096x7168][2731x4096x7168][2731x4096x7168][2731x4096x7168][2731x4096x7168][2731x4096x7168][2731x4096x7168][2730x4096x7168][2730x4096x7168][2730x4096x7168][2730x4096x7168]',,tensorop,f32,128,128,64,1,4,1,1,1,1,5,4,1,1,128,128,16,100,110,1711276032,1924413784064,1124,1.58151,1007.74,1.21682e+06
1,CUTLASS,grouped_gemm,cutlass3x_sm100_tensorop_gemm_grouped_bf16_bf16_f32_f32_f32_128x128x64_1x4x1_0_tnt_align8_stream_k_1sm,passed,success,grouped,,,,,bf16:row,bf16:column,f32:row,f32:row,1,0,invalid,invalid,heuristic,1,false,'[2731x4096x7168][2731x4096x7168][2731x4096x7168][2731x4096x7168][2731x4096x7168][2731x4096x7168][2731x4096x7168][2731x4096x7168][2730x4096x7168][2730x4096x7168][2730x4096x7168][2730x4096x7168]',,tensorop,f32,128,128,64,1,4,1,1,1,1,5,4,1,1,128,128,16,100,110,1711276032,1924413784064,1124,1.58148,1007.76,1.21684e+06
1,CUTLASS,grouped_gemm,cutlass3x_sm100_tensorop_gemm_grouped_bf16_bf16_f32_void_f32_128x128x64_1x4x1_0_tnt_align8_1sm,passed,success,grouped,,,,,bf16:row,bf16:column,void:row,f32:row,1,0,invalid,invalid,heuristic,1,false,'[2731x4096x7168][2731x4096x7168][2731x4096x7168][2731x4096x7168][2731x4096x7168][2731x4096x7168][2731x4096x7168][2731x4096x7168][2730x4096x7168][2730x4096x7168][2730x4096x7168][2730x4096x7168]',,tensorop,f32,128,128,64,1,4,1,1,1,1,5,4,1,1,128,128,16,100,110,1174405120,1924413784064,1638,1.59521,685.648,1.20637e+06
1,CUTLASS,grouped_gemm,cutlass3x_sm100_tensorop_gemm_grouped_bf16_bf16_f32_void_f32_128x128x64_1x4x1_0_tnt_align8_stream_k_1sm,passed,success,grouped,,,,,bf16:row,bf16:column,void:row,f32:row,1,0,invalid,invalid,heuristic,1,false,'[2731x4096x7168][2731x4096x7168][2731x4096x7168][2731x4096x7168][2731x4096x7168][2731x4096x7168][2731x4096x7168][2731x4096x7168][2730x4096x7168][2730x4096x7168][2730x4096x7168][2730x4096x7168]',,tensorop,f32,128,128,64,1,4,1,1,1,1,5,4,1,1,128,128,16,100,110,1174405120,1924413784064,1638,1.59418,686.088,1.20715e+06
1,CUTLASS,grouped_gemm,cutlass3x_sm100_tensorop_gemm_grouped_bf16_bf16_f32_f32_f32_128x128x64_4x4x1_0_tnt_align8_1sm,passed,success,grouped,,,,,bf16:row,bf16:column,f32:row,f32:row,1,0,invalid,invalid,heuristic,1,false,'[2731x4096x7168][2731x4096x7168][2731x4096x7168][2731x4096x7168][2731x4096x7168][2731x4096x7168][2731x4096x7168][2731x4096x7168][2730x4096x7168][2730x4096x7168][2730x4096x7168][2730x4096x7168]',,tensorop,f32,128,128,64,4,4,1,1,1,1,5,4,1,1,128,128,16,100,110,1711276032,1924413784064,1124,2.22384,716.666,865356
1,CUTLASS,grouped_gemm,cutlass3x_sm100_tensorop_gemm_grouped_bf16_bf16_f32_f32_f32_128x128x64_4x4x1_0_tnt_align8_stream_k_1sm,passed,success,grouped,,,,,bf16:row,bf16:column,f32:row,f32:row,1,0,invalid,invalid,heuristic,1,false,'[2731x4096x7168][2731x4096x7168][2731x4096x7168][2731x4096x7168][2731x4096x7168][2731x4096x7168][2731x4096x7168][2731x4096x7168][2730x4096x7168][2730x4096x7168][2730x4096x7168][2730x4096x7168]',,tensorop,f32,128,128,64,4,4,1,1,1,1,5,4,1,1,128,128,16,100,110,1711276032,1924413784064,1124,2.22404,716.601,865278
1,CUTLASS,grouped_gemm,cutlass3x_sm100_tensorop_gemm_grouped_bf16_bf16_f32_void_f32_128x128x64_4x4x1_0_tnt_align8_1sm,passed,success,grouped,,,,,bf16:row,bf16:column,void:row,f32:row,1,0,invalid,invalid,heuristic,1,false,'[2731x4096x7168][2731x4096x7168][2731x4096x7168][2731x4096x7168][2731x4096x7168][2731x4096x7168][2731x4096x7168][2731x4096x7168][2730x4096x7168][2730x4096x7168][2730x4096x7168][2730x4096x7168]',,tensorop,f32,128,128,64,4,4,1,1,1,1,5,4,1,1,128,128,16,100,110,1174405120,1924413784064,1638,2.23001,490.468,862961
1,CUTLASS,grouped_gemm,cutlass3x_sm100_tensorop_gemm_grouped_bf16_bf16_f32_void_f32_128x128x64_4x4x1_0_tnt_align8_stream_k_1sm,passed,success,grouped,,,,,bf16:row,bf16:column,void:row,f32:row,1,0,invalid,invalid,heuristic,1,false,'[2731x4096x7168][2731x4096x7168][2731x4096x7168][2731x4096x7168][2731x4096x7168][2731x4096x7168][2731x4096x7168][2731x4096x7168][2730x4096x7168][2730x4096x7168][2730x4096x7168][2730x4096x7168]',,tensorop,f32,128,128,64,4,4,1,1,1,1,5,4,1,1,128,128,16,100,110,1174405120,1924413784064,1638,2.22773,490.971,863846
1,CUTLASS,grouped_gemm,cutlass3x_sm100_tensorop_gemm_grouped_bf16_bf16_f32_bf16_bf16_128x128x64_0x0x1_0_tnt_align8_1sm,passed,success,grouped,,,,,bf16:row,bf16:column,bf16:row,bf16:row,1,0,invalid,invalid,heuristic,1,false,'[2731x4096x7168][2731x4096x7168][2731x4096x7168][2731x4096x7168][2731x4096x7168][2731x4096x7168][2731x4096x7168][2731x4096x7168][2730x4096x7168][2730x4096x7168][2730x4096x7168][2730x4096x7168]',,tensorop,f32,128,128,64,1,1,1,1,1,1,5,4,1,1,128,128,16,100,110,1442840576,1924413784064,1333,1.51615,886.289,1.26927e+06
1,CUTLASS,grouped_gemm,cutlass3x_sm100_tensorop_gemm_grouped_bf16_bf16_f32_bf16_bf16_128x128x64_0x0x1_0_tnt_align8_stream_k_1sm,passed,success,grouped,,,,,bf16:row,bf16:column,bf16:row,bf16:row,1,0,invalid,invalid,heuristic,1,false,'[2731x4096x7168][2731x4096x7168][2731x4096x7168][2731x4096x7168][2731x4096x7168][2731x4096x7168][2731x4096x7168][2731x4096x7168][2730x4096x7168][2730x4096x7168][2730x4096x7168][2730x4096x7168]',,tensorop,f32,128,128,64,1,1,1,1,1,1,5,4,1,1,128,128,16,100,110,1442840576,1924413784064,1333,1.48236,906.493,1.29821e+06
1,CUTLASS,grouped_gemm,cutlass3x_sm100_tensorop_gemm_grouped_bf16_bf16_f32_void_bf16_128x128x64_0x0x1_0_tnt_align8_1sm,passed,success,grouped,,,,,bf16:row,bf16:column,void:row,bf16:row,1,0,invalid,invalid,heuristic,1,false,'[2731x4096x7168][2731x4096x7168][2731x4096x7168][2731x4096x7168][2731x4096x7168][2731x4096x7168][2731x4096x7168][2731x4096x7168][2730x4096x7168][2730x4096x7168][2730x4096x7168][2730x4096x7168]',,tensorop,f32,128,128,64,1,1,1,1,1,1,6,4,1,1,128,128,16,100,110,1174405120,1924413784064,1638,1.49793,730.175,1.28472e+06
1,CUTLASS,grouped_gemm,cutlass3x_sm100_tensorop_gemm_grouped_bf16_bf16_f32_void_bf16_128x128x64_0x0x1_0_tnt_align8_stream_k_1sm,passed,success,grouped,,,,,bf16:row,bf16:column,void:row,bf16:row,1,0,invalid,invalid,heuristic,1,false,'[2731x4096x7168][2731x4096x7168][2731x4096x7168][2731x4096x7168][2731x4096x7168][2731x4096x7168][2731x4096x7168][2731x4096x7168][2730x4096x7168][2730x4096x7168][2730x4096x7168][2730x4096x7168]',,tensorop,f32,128,128,64,1,1,1,1,1,1,6,4,1,1,128,128,16,100,110,1174405120,1924413784064,1638,1.49629,730.974,1.28612e+06
1,CUTLASS,grouped_gemm,cutlass3x_sm100_tensorop_gemm_grouped_bf16_bf16_f32_bf16_bf16_128x128x64_1x1x1_0_tnt_align8_1sm,passed,success,grouped,,,,,bf16:row,bf16:column,bf16:row,bf16:row,1,0,invalid,invalid,heuristic,1,false,'[2731x4096x7168][2731x4096x7168][2731x4096x7168][2731x4096x7168][2731x4096x7168][2731x4096x7168][2731x4096x7168][2731x4096x7168][2730x4096x7168][2730x4096x7168][2730x4096x7168][2730x4096x7168]',,tensorop,f32,128,128,64,1,1,1,1,1,1,5,4,1,1,128,128,16,100,110,1442840576,1924413784064,1333,1.54093,872.036,1.24886e+06
1,CUTLASS,grouped_gemm,cutlass3x_sm100_tensorop_gemm_grouped_bf16_bf16_f32_bf16_bf16_128x128x64_1x1x1_0_tnt_align8_stream_k_1sm,passed,success,grouped,,,,,bf16:row,bf16:column,bf16:row,bf16:row,1,0,invalid,invalid,heuristic,1,false,'[2731x4096x7168][2731x4096x7168][2731x4096x7168][2731x4096x7168][2731x4096x7168][2731x4096x7168][2731x4096x7168][2731x4096x7168][2730x4096x7168][2730x4096x7168][2730x4096x7168][2730x4096x7168]',,tensorop,f32,128,128,64,1,1,1,1,1,1,5,4,1,1,128,128,16,100,110,1442840576,1924413784064,1333,1.52947,878.573,1.25822e+06
1,CUTLASS,grouped_gemm,cutlass3x_sm100_tensorop_gemm_grouped_bf16_bf16_f32_void_bf16_128x128x64_1x1x1_0_tnt_align8_1sm,passed,success,grouped,,,,,bf16:row,bf16:column,void:row,bf16:row,1,0,invalid,invalid,heuristic,1,false,'[2731x4096x7168][2731x4096x7168][2731x4096x7168][2731x4096x7168][2731x4096x7168][2731x4096x7168][2731x4096x7168][2731x4096x7168][2730x4096x7168][2730x4096x7168][2730x4096x7168][2730x4096x7168]',,tensorop,f32,128,128,64,1,1,1,1,1,1,6,4,1,1,128,128,16,100,110,1174405120,1924413784064,1638,1.46058,748.845,1.31757e+06
1,CUTLASS,grouped_gemm,cutlass3x_sm100_tensorop_gemm_grouped_bf16_bf16_f32_void_bf16_128x128x64_1x1x1_0_tnt_align8_stream_k_1sm,passed,success,grouped,,,,,bf16:row,bf16:column,void:row,bf16:row,1,0,invalid,invalid,heuristic,1,false,'[2731x4096x7168][2731x4096x7168][2731x4096x7168][2731x4096x7168][2731x4096x7168][2731x4096x7168][2731x4096x7168][2731x4096x7168][2730x4096x7168][2730x4096x7168][2730x4096x7168][2730x4096x7168]',,tensorop,f32,128,128,64,1,1,1,1,1,1,6,4,1,1,128,128,16,100,110,1174405120,1924413784064,1638,1.46191,748.165,1.31637e+06
1,CUTLASS,grouped_gemm,cutlass3x_sm100_tensorop_gemm_grouped_bf16_bf16_f32_bf16_bf16_128x128x64_1x2x1_0_tnt_align8_1sm,passed,success,grouped,,,,,bf16:row,bf16:column,bf16:row,bf16:row,1,0,invalid,invalid,heuristic,1,false,'[2731x4096x7168][2731x4096x7168][2731x4096x7168][2731x4096x7168][2731x4096x7168][2731x4096x7168][2731x4096x7168][2731x4096x7168][2730x4096x7168][2730x4096x7168][2730x4096x7168][2730x4096x7168]',,tensorop,f32,128,128,64,1,2,1,1,1,1,5,4,1,1,128,128,16,100,110,1442840576,1924413784064,1333,1.4372,934.976,1.339e+06
1,CUTLASS,grouped_gemm,cutlass3x_sm100_tensorop_gemm_grouped_bf16_bf16_f32_bf16_bf16_128x128x64_1x2x1_0_tnt_align8_stream_k_1sm,passed,success,grouped,,,,,bf16:row,bf16:column,bf16:row,bf16:row,1,0,invalid,invalid,heuristic,1,false,'[2731x4096x7168][2731x4096x7168][2731x4096x7168][2731x4096x7168][2731x4096x7168][2731x4096x7168][2731x4096x7168][2731x4096x7168][2730x4096x7168][2730x4096x7168][2730x4096x7168][2730x4096x7168]',,tensorop,f32,128,128,64,1,2,1,1,1,1,5,4,1,1,128,128,16,100,110,1442840576,1924413784064,1333,1.44048,932.847,1.33595e+06
1,CUTLASS,grouped_gemm,cutlass3x_sm100_tensorop_gemm_grouped_bf16_bf16_f32_void_bf16_128x128x64_1x2x1_0_tnt_align8_1sm,passed,success,grouped,,,,,bf16:row,bf16:column,void:row,bf16:row,1,0,invalid,invalid,heuristic,1,false,'[2731x4096x7168][2731x4096x7168][2731x4096x7168][2731x4096x7168][2731x4096x7168][2731x4096x7168][2731x4096x7168][2731x4096x7168][2730x4096x7168][2730x4096x7168][2730x4096x7168][2730x4096x7168]',,tensorop,f32,128,128,64,1,2,1,1,1,1,6,4,1,1,128,128,16,100,110,1174405120,1924413784064,1638,1.27779,855.969,1.50605e+06
1,CUTLASS,grouped_gemm,cutlass3x_sm100_tensorop_gemm_grouped_bf16_bf16_f32_void_bf16_128x128x64_1x2x1_0_tnt_align8_stream_k_1sm,passed,success,grouped,,,,,bf16:row,bf16:column,void:row,bf16:row,1,0,invalid,invalid,heuristic,1,false,'[2731x4096x7168][2731x4096x7168][2731x4096x7168][2731x4096x7168][2731x4096x7168][2731x4096x7168][2731x4096x7168][2731x4096x7168][2730x4096x7168][2730x4096x7168][2730x4096x7168][2730x4096x7168]',,tensorop,f32,128,128,64,1,2,1,1,1,1,6,4,1,1,128,128,16,100,110,1174405120,1924413784064,1638,1.27644,856.879,1.50765e+06
1,CUTLASS,grouped_gemm,cutlass3x_sm100_tensorop_gemm_grouped_bf16_bf16_f32_bf16_bf16_128x128x64_1x4x1_0_tnt_align8_1sm,passed,success,grouped,,,,,bf16:row,bf16:column,bf16:row,bf16:row,1,0,invalid,invalid,heuristic,1,false,'[2731x4096x7168][2731x4096x7168][2731x4096x7168][2731x4096x7168][2731x4096x7168][2731x4096x7168][2731x4096x7168][2731x4096x7168][2730x4096x7168][2730x4096x7168][2730x4096x7168][2730x4096x7168]',,tensorop,f32,128,128,64,1,4,1,1,1,1,5,4,1,1,128,128,16,100,110,1442840576,1924413784064,1333,1.53635,874.637,1.25259e+06
1,CUTLASS,grouped_gemm,cutlass3x_sm100_tensorop_gemm_grouped_bf16_bf16_f32_bf16_bf16_128x128x64_1x4x1_0_tnt_align8_stream_k_1sm,passed,success,grouped,,,,,bf16:row,bf16:column,bf16:row,bf16:row,1,0,invalid,invalid,heuristic,1,false,'[2731x4096x7168][2731x4096x7168][2731x4096x7168][2731x4096x7168][2731x4096x7168][2731x4096x7168][2731x4096x7168][2731x4096x7168][2730x4096x7168][2730x4096x7168][2730x4096x7168][2730x4096x7168]',,tensorop,f32,128,128,64,1,4,1,1,1,1,5,4,1,1,128,128,16,100,110,1442840576,1924413784064,1333,1.53479,875.527,1.25386e+06
1,CUTLASS,grouped_gemm,cutlass3x_sm100_tensorop_gemm_grouped_bf16_bf16_f32_void_bf16_128x128x64_1x4x1_0_tnt_align8_1sm,passed,success,grouped,,,,,bf16:row,bf16:column,void:row,bf16:row,1,0,invalid,invalid,heuristic,1,false,'[2731x4096x7168][2731x4096x7168][2731x4096x7168][2731x4096x7168][2731x4096x7168][2731x4096x7168][2731x4096x7168][2731x4096x7168][2730x4096x7168][2730x4096x7168][2730x4096x7168][2730x4096x7168]',,tensorop,f32,128,128,64,1,4,1,1,1,1,6,4,1,1,128,128,16,100,110,1174405120,1924413784064,1638,1.33529,819.113,1.4412e+06
1,CUTLASS,grouped_gemm,cutlass3x_sm100_tensorop_gemm_grouped_bf16_bf16_f32_void_bf16_128x128x64_1x4x1_0_tnt_align8_stream_k_1sm,passed,success,grouped,,,,,bf16:row,bf16:column,void:row,bf16:row,1,0,invalid,invalid,heuristic,1,false,'[2731x4096x7168][2731x4096x7168][2731x4096x7168][2731x4096x7168][2731x4096x7168][2731x4096x7168][2731x4096x7168][2731x4096x7168][2730x4096x7168][2730x4096x7168][2730x4096x7168][2730x4096x7168]',,tensorop,f32,128,128,64,1,4,1,1,1,1,6,4,1,1,128,128,16,100,110,1174405120,1924413784064,1638,1.33511,819.221,1.44139e+06
1,CUTLASS,grouped_gemm,cutlass3x_sm100_tensorop_gemm_grouped_bf16_bf16_f32_bf16_bf16_128x128x64_4x4x1_0_tnt_align8_1sm,passed,success,grouped,,,,,bf16:row,bf16:column,bf16:row,bf16:row,1,0,invalid,invalid,heuristic,1,false,'[2731x4096x7168][2731x4096x7168][2731x4096x7168][2731x4096x7168][2731x4096x7168][2731x4096x7168][2731x4096x7168][2731x4096x7168][2730x4096x7168][2730x4096x7168][2730x4096x7168][2730x4096x7168]',,tensorop,f32,128,128,64,4,4,1,1,1,1,5,4,1,1,128,128,16,100,110,1442840576,1924413784064,1333,2.15126,624.633,894550
1,CUTLASS,grouped_gemm,cutlass3x_sm100_tensorop_gemm_grouped_bf16_bf16_f32_bf16_bf16_128x128x64_4x4x1_0_tnt_align8_stream_k_1sm,passed,success,grouped,,,,,bf16:row,bf16:column,bf16:row,bf16:row,1,0,invalid,invalid,heuristic,1,false,'[2731x4096x7168][2731x4096x7168][2731x4096x7168][2731x4096x7168][2731x4096x7168][2731x4096x7168][2731x4096x7168][2731x4096x7168][2730x4096x7168][2730x4096x7168][2730x4096x7168][2730x4096x7168]',,tensorop,f32,128,128,64,4,4,1,1,1,1,5,4,1,1,128,128,16,100,110,1442840576,1924413784064,1333,2.14458,626.579,897337
1,CUTLASS,grouped_gemm,cutlass3x_sm100_tensorop_gemm_grouped_bf16_bf16_f32_void_bf16_128x128x64_4x4x1_0_tnt_align8_1sm,passed,success,grouped,,,,,bf16:row,bf16:column,void:row,bf16:row,1,0,invalid,invalid,heuristic,1,false,'[2731x4096x7168][2731x4096x7168][2731x4096x7168][2731x4096x7168][2731x4096x7168][2731x4096x7168][2731x4096x7168][2731x4096x7168][2730x4096x7168][2730x4096x7168][2730x4096x7168][2730x4096x7168]',,tensorop,f32,128,128,64,4,4,1,1,1,1,6,4,1,1,128,128,16,100,110,1174405120,1924413784064,1638,1.85881,588.413,1.03529e+06
1,CUTLASS,grouped_gemm,cutlass3x_sm100_tensorop_gemm_grouped_bf16_bf16_f32_void_bf16_128x128x64_4x4x1_0_tnt_align8_stream_k_1sm,passed,success,grouped,,,,,bf16:row,bf16:column,void:row,bf16:row,1,0,invalid,invalid,heuristic,1,false,'[2731x4096x7168][2731x4096x7168][2731x4096x7168][2731x4096x7168][2731x4096x7168][2731x4096x7168][2731x4096x7168][2731x4096x7168][2730x4096x7168][2730x4096x7168][2730x4096x7168][2730x4096x7168]',,tensorop,f32,128,128,64,4,4,1,1,1,1,6,4,1,1,128,128,16,100,110,1174405120,1924413784064,1638,1.85452,589.777,1.03769e+06
1,CUTLASS,grouped_gemm,cutlass3x_sm100_tensorop_gemm_grouped_bf16_bf16_f32_f32_f32_128x256x64_0x0x1_0_tnt_align8_1sm,passed,success,grouped,,,,,bf16:row,bf16:column,f32:row,f32:row,1,0,invalid,invalid,heuristic,1,false,'[2731x4096x7168][2731x4096x7168][2731x4096x7168][2731x4096x7168][2731x4096x7168][2731x4096x7168][2731x4096x7168][2731x4096x7168][2730x4096x7168][2730x4096x7168][2730x4096x7168][2730x4096x7168]',,tensorop,f32,128,256,64,1,1,1,1,1,1,3,4,1,1,128,256,16,100,110,1711276032,1924413784064,1124,1.41816,1123.82,1.35698e+06
1,CUTLASS,grouped_gemm,cutlass3x_sm100_tensorop_gemm_grouped_bf16_bf16_f32_f32_f32_128x256x64_0x0x1_0_tnt_align8_stream_k_1sm,passed,success,grouped,,,,,bf16:row,bf16:column,f32:row,f32:row,1,0,invalid,invalid,heuristic,1,false,'[2731x4096x7168][2731x4096x7168][2731x4096x7168][2731x4096x7168][2731x4096x7168][2731x4096x7168][2731x4096x7168][2731x4096x7168][2730x4096x7168][2730x4096x7168][2730x4096x7168][2730x4096x7168]',,tensorop,f32,128,256,64,1,1,1,1,1,1,3,4,1,1,128,256,16,100,110,1711276032,1924413784064,1124,1.41737,1124.44,1.35774e+06
1,CUTLASS,grouped_gemm,cutlass3x_sm100_tensorop_gemm_grouped_bf16_bf16_f32_void_f32_128x256x64_0x0x1_0_tnt_align8_1sm,passed,success,grouped,,,,,bf16:row,bf16:column,void:row,f32:row,1,0,invalid,invalid,heuristic,1,false,'[2731x4096x7168][2731x4096x7168][2731x4096x7168][2731x4096x7168][2731x4096x7168][2731x4096x7168][2731x4096x7168][2731x4096x7168][2730x4096x7168][2730x4096x7168][2730x4096x7168][2730x4096x7168]',,tensorop,f32,128,256,64,1,1,1,1,1,1,3,4,1,1,128,256,16,100,110,1174405120,1924413784064,1638,1.42382,768.181,1.35159e+06
1,CUTLASS,grouped_gemm,cutlass3x_sm100_tensorop_gemm_grouped_bf16_bf16_f32_void_f32_128x256x64_0x0x1_0_tnt_align8_stream_k_1sm,passed,success,grouped,,,,,bf16:row,bf16:column,void:row,f32:row,1,0,invalid,invalid,heuristic,1,false,'[2731x4096x7168][2731x4096x7168][2731x4096x7168][2731x4096x7168][2731x4096x7168][2731x4096x7168][2731x4096x7168][2731x4096x7168][2730x4096x7168][2730x4096x7168][2730x4096x7168][2730x4096x7168]',,tensorop,f32,128,256,64,1,1,1,1,1,1,3,4,1,1,128,256,16,100,110,1174405120,1924413784064,1638,1.42326,768.482,1.35212e+06
1,CUTLASS,grouped_gemm,cutlass3x_sm100_tensorop_gemm_grouped_bf16_bf16_f32_f32_f32_128x256x64_1x1x1_0_tnt_align8_1sm,passed,success,grouped,,,,,bf16:row,bf16:column,f32:row,f32:row,1,0,invalid,invalid,heuristic,1,false,'[2731x4096x7168][2731x4096x7168][2731x4096x7168][2731x4096x7168][2731x4096x7168][2731x4096x7168][2731x4096x7168][2731x4096x7168][2730x4096x7168][2730x4096x7168][2730x4096x7168][2730x4096x7168]',,tensorop,f32,128,256,64,1,1,1,1,1,1,3,4,1,1,128,256,16,100,110,1711276032,1924413784064,1124,1.41153,1129.1,1.36336e+06
1,CUTLASS,grouped_gemm,cutlass3x_sm100_tensorop_gemm_grouped_bf16_bf16_f32_f32_f32_128x256x64_1x1x1_0_tnt_align8_stream_k_1sm,passed,success,grouped,,,,,bf16:row,bf16:column,f32:row,f32:row,1,0,invalid,invalid,heuristic,1,false,'[2731x4096x7168][2731x4096x7168][2731x4096x7168][2731x4096x7168][2731x4096x7168][2731x4096x7168][2731x4096x7168][2731x4096x7168][2730x4096x7168][2730x4096x7168][2730x4096x7168][2730x4096x7168]',,tensorop,f32,128,256,64,1,1,1,1,1,1,3,4,1,1,128,256,16,100,110,1711276032,1924413784064,1124,1.41184,1128.85,1.36306e+06
1,CUTLASS,grouped_gemm,cutlass3x_sm100_tensorop_gemm_grouped_bf16_bf16_f32_void_f32_128x256x64_1x1x1_0_tnt_align8_1sm,passed,success,grouped,,,,,bf16:row,bf16:column,void:row,f32:row,1,0,invalid,invalid,heuristic,1,false,'[2731x4096x7168][2731x4096x7168][2731x4096x7168][2731x4096x7168][2731x4096x7168][2731x4096x7168][2731x4096x7168][2731x4096x7168][2730x4096x7168][2730x4096x7168][2730x4096x7168][2730x4096x7168]',,tensorop,f32,128,256,64,1,1,1,1,1,1,3,4,1,1,128,256,16,100,110,1174405120,1924413784064,1638,1.41713,771.805,1.35796e+06
1,CUTLASS,grouped_gemm,cutlass3x_sm100_tensorop_gemm_grouped_bf16_bf16_f32_void_f32_128x256x64_1x1x1_0_tnt_align8_stream_k_1sm,passed,success,grouped,,,,,bf16:row,bf16:column,void:row,f32:row,1,0,invalid,invalid,heuristic,1,false,'[2731x4096x7168][2731x4096x7168][2731x4096x7168][2731x4096x7168][2731x4096x7168][2731x4096x7168][2731x4096x7168][2731x4096x7168][2730x4096x7168][2730x4096x7168][2730x4096x7168][2730x4096x7168]',,tensorop,f32,128,256,64,1,1,1,1,1,1,3,4,1,1,128,256,16,100,110,1174405120,1924413784064,1638,1.41816,771.248,1.35698e+06
1,CUTLASS,grouped_gemm,cutlass3x_sm100_tensorop_gemm_grouped_bf16_bf16_f32_f32_f32_128x256x64_1x2x1_0_tnt_align8_1sm,passed,success,grouped,,,,,bf16:row,bf16:column,f32:row,f32:row,1,0,invalid,invalid,heuristic,1,false,'[2731x4096x7168][2731x4096x7168][2731x4096x7168][2731x4096x7168][2731x4096x7168][2731x4096x7168][2731x4096x7168][2731x4096x7168][2730x4096x7168][2730x4096x7168][2730x4096x7168][2730x4096x7168]',,tensorop,f32,128,256,64,1,2,1,1,1,1,3,4,1,1,128,256,16,100,110,1711276032,1924413784064,1124,1.45451,1095.73,1.32307e+06
1,CUTLASS,grouped_gemm,cutlass3x_sm100_tensorop_gemm_grouped_bf16_bf16_f32_f32_f32_128x256x64_1x2x1_0_tnt_align8_stream_k_1sm,passed,success,grouped,,,,,bf16:row,bf16:column,f32:row,f32:row,1,0,invalid,invalid,heuristic,1,false,'[2731x4096x7168][2731x4096x7168][2731x4096x7168][2731x4096x7168][2731x4096x7168][2731x4096x7168][2731x4096x7168][2731x4096x7168][2730x4096x7168][2730x4096x7168][2730x4096x7168][2730x4096x7168]',,tensorop,f32,128,256,64,1,2,1,1,1,1,3,4,1,1,128,256,16,100,110,1711276032,1924413784064,1124,1.45349,1096.5,1.324e+06
1,CUTLASS,grouped_gemm,cutlass3x_sm100_tensorop_gemm_grouped_bf16_bf16_f32_void_f32_128x256x64_1x2x1_0_tnt_align8_1sm,passed,success,grouped,,,,,bf16:row,bf16:column,void:row,f32:row,1,0,invalid,invalid,heuristic,1,false,'[2731x4096x7168][2731x4096x7168][2731x4096x7168][2731x4096x7168][2731x4096x7168][2731x4096x7168][2731x4096x7168][2731x4096x7168][2730x4096x7168][2730x4096x7168][2730x4096x7168][2730x4096x7168]',,tensorop,f32,128,256,64,1,2,1,1,1,1,3,4,1,1,128,256,16,100,110,1174405120,1924413784064,1638,1.4582,750.071,1.31972e+06
1,CUTLASS,grouped_gemm,cutlass3x_sm100_tensorop_gemm_grouped_bf16_bf16_f32_void_f32_128x256x64_1x2x1_0_tnt_align8_stream_k_1sm,passed,success,grouped,,,,,bf16:row,bf16:column,void:row,f32:row,1,0,invalid,invalid,heuristic,1,false,'[2731x4096x7168][2731x4096x7168][2731x4096x7168][2731x4096x7168][2731x4096x7168][2731x4096x7168][2731x4096x7168][2731x4096x7168][2730x4096x7168][2730x4096x7168][2730x4096x7168][2730x4096x7168]',,tensorop,f32,128,256,64,1,2,1,1,1,1,3,4,1,1,128,256,16,100,110,1174405120,1924413784064,1638,1.45532,751.55,1.32233e+06
1,CUTLASS,grouped_gemm,cutlass3x_sm100_tensorop_gemm_grouped_bf16_bf16_f32_f32_f32_128x256x64_1x4x1_0_tnt_align8_1sm,passed,success,grouped,,,,,bf16:row,bf16:column,f32:row,f32:row,1,0,invalid,invalid,heuristic,1,false,'[2731x4096x7168][2731x4096x7168][2731x4096x7168][2731x4096x7168][2731x4096x7168][2731x4096x7168][2731x4096x7168][2731x4096x7168][2730x4096x7168][2730x4096x7168][2730x4096x7168][2730x4096x7168]',,tensorop,f32,128,256,64,1,4,1,1,1,1,3,4,1,1,128,256,16,100,110,1711276032,1924413784064,1124,1.54195,1033.59,1.24804e+06
1,CUTLASS,grouped_gemm,cutlass3x_sm100_tensorop_gemm_grouped_bf16_bf16_f32_f32_f32_128x256x64_1x4x1_0_tnt_align8_stream_k_1sm,passed,success,grouped,,,,,bf16:row,bf16:column,f32:row,f32:row,1,0,invalid,invalid,heuristic,1,false,'[2731x4096x7168][2731x4096x7168][2731x4096x7168][2731x4096x7168][2731x4096x7168][2731x4096x7168][2731x4096x7168][2731x4096x7168][2730x4096x7168][2730x4096x7168][2730x4096x7168][2730x4096x7168]',,tensorop,f32,128,256,64,1,4,1,1,1,1,3,4,1,1,128,256,16,100,110,1711276032,1924413784064,1124,1.54195,1033.59,1.24804e+06
1,CUTLASS,grouped_gemm,cutlass3x_sm100_tensorop_gemm_grouped_bf16_bf16_f32_void_f32_128x256x64_1x4x1_0_tnt_align8_1sm,passed,success,grouped,,,,,bf16:row,bf16:column,void:row,f32:row,1,0,invalid,invalid,heuristic,1,false,'[2731x4096x7168][2731x4096x7168][2731x4096x7168][2731x4096x7168][2731x4096x7168][2731x4096x7168][2731x4096x7168][2731x4096x7168][2730x4096x7168][2730x4096x7168][2730x4096x7168][2730x4096x7168]',,tensorop,f32,128,256,64,1,4,1,1,1,1,3,4,1,1,128,256,16,100,110,1174405120,1924413784064,1638,1.54585,707.54,1.24489e+06
1,CUTLASS,grouped_gemm,cutlass3x_sm100_tensorop_gemm_grouped_bf16_bf16_f32_void_f32_128x256x64_1x4x1_0_tnt_align8_stream_k_1sm,passed,success,grouped,,,,,bf16:row,bf16:column,void:row,f32:row,1,0,invalid,invalid,heuristic,1,false,'[2731x4096x7168][2731x4096x7168][2731x4096x7168][2731x4096x7168][2731x4096x7168][2731x4096x7168][2731x4096x7168][2731x4096x7168][2730x4096x7168][2730x4096x7168][2730x4096x7168][2730x4096x7168]',,tensorop,f32,128,256,64,1,4,1,1,1,1,3,4,1,1,128,256,16,100,110,1174405120,1924413784064,1638,1.54605,707.446,1.24473e+06
1,CUTLASS,grouped_gemm,cutlass3x_sm100_tensorop_gemm_grouped_bf16_bf16_f32_f32_f32_128x256x64_4x4x1_0_tnt_align8_1sm,passed,success,grouped,,,,,bf16:row,bf16:column,f32:row,f32:row,1,0,invalid,invalid,heuristic,1,false,'[2731x4096x7168][2731x4096x7168][2731x4096x7168][2731x4096x7168][2731x4096x7168][2731x4096x7168][2731x4096x7168][2731x4096x7168][2730x4096x7168][2730x4096x7168][2730x4096x7168][2730x4096x7168]',,tensorop,f32,128,256,64,4,4,1,1,1,1,3,4,1,1,128,256,16,100,110,1711276032,1924413784064,1124,2.09011,762.521,920726
1,CUTLASS,grouped_gemm,cutlass3x_sm100_tensorop_gemm_grouped_bf16_bf16_f32_f32_f32_128x256x64_4x4x1_0_tnt_align8_stream_k_1sm,passed,success,grouped,,,,,bf16:row,bf16:column,f32:row,f32:row,1,0,invalid,invalid,heuristic,1,false,'[2731x4096x7168][2731x4096x7168][2731x4096x7168][2731x4096x7168][2731x4096x7168][2731x4096x7168][2731x4096x7168][2731x4096x7168][2730x4096x7168][2730x4096x7168][2730x4096x7168][2730x4096x7168]',,tensorop,f32,128,256,64,4,4,1,1,1,1,3,4,1,1,128,256,16,100,110,1711276032,1924413784064,1124,2.08888,762.97,921267
1,CUTLASS,grouped_gemm,cutlass3x_sm100_tensorop_gemm_grouped_bf16_bf16_f32_void_f32_128x256x64_4x4x1_0_tnt_align8_1sm,passed,success,grouped,,,,,bf16:row,bf16:column,void:row,f32:row,1,0,invalid,invalid,heuristic,1,false,'[2731x4096x7168][2731x4096x7168][2731x4096x7168][2731x4096x7168][2731x4096x7168][2731x4096x7168][2731x4096x7168][2731x4096x7168][2730x4096x7168][2730x4096x7168][2730x4096x7168][2730x4096x7168]',,tensorop,f32,128,256,64,4,4,1,1,1,1,3,4,1,1,128,256,16,100,110,1174405120,1924413784064,1638,2.09666,521.662,917846
1,CUTLASS,grouped_gemm,cutlass3x_sm100_tensorop_gemm_grouped_bf16_bf16_f32_void_f32_128x256x64_4x4x1_0_tnt_align8_stream_k_1sm,passed,success,grouped,,,,,bf16:row,bf16:column,void:row,f32:row,1,0,invalid,invalid,heuristic,1,false,'[2731x4096x7168][2731x4096x7168][2731x4096x7168][2731x4096x7168][2731x4096x7168][2731x4096x7168][2731x4096x7168][2731x4096x7168][2730x4096x7168][2730x4096x7168][2730x4096x7168][2730x4096x7168]',,tensorop,f32,128,256,64,4,4,1,1,1,1,3,4,1,1,128,256,16,100,110,1174405120,1924413784064,1638,2.09546,521.962,918373
1,CUTLASS,grouped_gemm,cutlass3x_sm100_tensorop_gemm_grouped_bf16_bf16_f32_bf16_bf16_128x256x64_0x0x1_0_tnt_align8_1sm,passed,success,grouped,,,,,bf16:row,bf16:column,bf16:row,bf16:row,1,0,invalid,invalid,heuristic,1,false,'[2731x4096x7168][2731x4096x7168][2731x4096x7168][2731x4096x7168][2731x4096x7168][2731x4096x7168][2731x4096x7168][2731x4096x7168][2730x4096x7168][2730x4096x7168][2730x4096x7168][2730x4096x7168]',,tensorop,f32,128,256,64,1,1,1,1,1,1,3,4,1,1,128,256,16,100,110,1442840576,1924413784064,1333,1.36747,982.655,1.40728e+06
1,CUTLASS,grouped_gemm,cutlass3x_sm100_tensorop_gemm_grouped_bf16_bf16_f32_bf16_bf16_128x256x64_0x0x1_0_tnt_align8_stream_k_1sm,passed,success,grouped,,,,,bf16:row,bf16:column,bf16:row,bf16:row,1,0,invalid,invalid,heuristic,1,false,'[2731x4096x7168][2731x4096x7168][2731x4096x7168][2731x4096x7168][2731x4096x7168][2731x4096x7168][2731x4096x7168][2731x4096x7168][2730x4096x7168][2730x4096x7168][2730x4096x7168][2730x4096x7168]',,tensorop,f32,128,256,64,1,1,1,1,1,1,3,4,1,1,128,256,16,100,110,1442840576,1924413784064,1333,1.36821,982.119,1.40651e+06
1,CUTLASS,grouped_gemm,cutlass3x_sm100_tensorop_gemm_grouped_bf16_bf16_f32_void_bf16_128x256x64_0x0x1_0_tnt_align8_1sm,passed,success,grouped,,,,,bf16:row,bf16:column,void:row,bf16:row,1,0,invalid,invalid,heuristic,1,false,'[2731x4096x7168][2731x4096x7168][2731x4096x7168][2731x4096x7168][2731x4096x7168][2731x4096x7168][2731x4096x7168][2731x4096x7168][2730x4096x7168][2730x4096x7168][2730x4096x7168][2730x4096x7168]',,tensorop,f32,128,256,64,1,1,1,1,1,1,4,4,1,1,128,256,16,100,110,1174405120,1924413784064,1638,1.14516,955.108,1.68048e+06
1,CUTLASS,grouped_gemm,cutlass3x_sm100_tensorop_gemm_grouped_bf16_bf16_f32_void_bf16_128x256x64_0x0x1_0_tnt_align8_stream_k_1sm,passed,success,grouped,,,,,bf16:row,bf16:column,void:row,bf16:row,1,0,invalid,invalid,heuristic,1,false,'[2731x4096x7168][2731x4096x7168][2731x4096x7168][2731x4096x7168][2731x4096x7168][2731x4096x7168][2731x4096x7168][2731x4096x7168][2730x4096x7168][2730x4096x7168][2730x4096x7168][2730x4096x7168]',,tensorop,f32,128,256,64,1,1,1,1,1,1,4,4,1,1,128,256,16,100,110,1174405120,1924413784064,1638,1.14416,955.939,1.68194e+06
1,CUTLASS,grouped_gemm,cutlass3x_sm100_tensorop_gemm_grouped_bf16_bf16_f32_bf16_bf16_128x256x64_1x1x1_0_tnt_align8_1sm,passed,success,grouped,,,,,bf16:row,bf16:column,bf16:row,bf16:row,1,0,invalid,invalid,heuristic,1,false,'[2731x4096x7168][2731x4096x7168][2731x4096x7168][2731x4096x7168][2731x4096x7168][2731x4096x7168][2731x4096x7168][2731x4096x7168][2730x4096x7168][2730x4096x7168][2730x4096x7168][2730x4096x7168]',,tensorop,f32,128,256,64,1,1,1,1,1,1,3,4,1,1,128,256,16,100,110,1442840576,1924413784064,1333,1.3634,985.586,1.41148e+06
1,CUTLASS,grouped_gemm,cutlass3x_sm100_tensorop_gemm_grouped_bf16_bf16_f32_bf16_bf16_128x256x64_1x1x1_0_tnt_align8_stream_k_1sm,passed,success,grouped,,,,,bf16:row,bf16:column,bf16:row,bf16:row,1,0,invalid,invalid,heuristic,1,false,'[2731x4096x7168][2731x4096x7168][2731x4096x7168][2731x4096x7168][2731x4096x7168][2731x4096x7168][2731x4096x7168][2731x4096x7168][2730x4096x7168][2730x4096x7168][2730x4096x7168][2730x4096x7168]',,tensorop,f32,128,256,64,1,1,1,1,1,1,3,4,1,1,128,256,16,100,110,1442840576,1924413784064,1333,1.36071,987.533,1.41427e+06
1,CUTLASS,grouped_gemm,cutlass3x_sm100_tensorop_gemm_grouped_bf16_bf16_f32_void_bf16_128x256x64_1x1x1_0_tnt_align8_1sm,passed,success,grouped,,,,,bf16:row,bf16:column,void:row,bf16:row,1,0,invalid,invalid,heuristic,1,false,'[2731x4096x7168][2731x4096x7168][2731x4096x7168][2731x4096x7168][2731x4096x7168][2731x4096x7168][2731x4096x7168][2731x4096x7168][2730x4096x7168][2730x4096x7168][2730x4096x7168][2730x4096x7168]',,tensorop,f32,128,256,64,1,1,1,1,1,1,4,4,1,1,128,256,16,100,110,1174405120,1924413784064,1638,1.14311,956.817,1.68348e+06
1,CUTLASS,grouped_gemm,cutlass3x_sm100_tensorop_gemm_grouped_bf16_bf16_f32_void_bf16_128x256x64_1x1x1_0_tnt_align8_stream_k_1sm,passed,success,grouped,,,,,bf16:row,bf16:column,void:row,bf16:row,1,0,invalid,invalid,heuristic,1,false,'[2731x4096x7168][2731x4096x7168][2731x4096x7168][2731x4096x7168][2731x4096x7168][2731x4096x7168][2731x4096x7168][2731x4096x7168][2730x4096x7168][2730x4096x7168][2730x4096x7168][2730x4096x7168]',,tensorop,f32,128,256,64,1,1,1,1,1,1,4,4,1,1,128,256,16,100,110,1174405120,1924413784064,1638,1.1384,960.781,1.69046e+06
1,CUTLASS,grouped_gemm,cutlass3x_sm100_tensorop_gemm_grouped_bf16_bf16_f32_bf16_bf16_128x256x64_1x2x1_0_tnt_align8_1sm,passed,success,grouped,,,,,bf16:row,bf16:column,bf16:row,bf16:row,1,0,invalid,invalid,heuristic,1,false,'[2731x4096x7168][2731x4096x7168][2731x4096x7168][2731x4096x7168][2731x4096x7168][2731x4096x7168][2731x4096x7168][2731x4096x7168][2730x4096x7168][2730x4096x7168][2730x4096x7168][2730x4096x7168]',,tensorop,f32,128,256,64,1,2,1,1,1,1,3,4,1,1,128,256,16,100,110,1442840576,1924413784064,1333,1.4071,954.98,1.36765e+06
1,CUTLASS,grouped_gemm,cutlass3x_sm100_tensorop_gemm_grouped_bf16_bf16_f32_bf16_bf16_128x256x64_1x2x1_0_tnt_align8_stream_k_1sm,passed,success,grouped,,,,,bf16:row,bf16:column,bf16:row,bf16:row,1,0,invalid,invalid,heuristic,1,false,'[2731x4096x7168][2731x4096x7168][2731x4096x7168][2731x4096x7168][2731x4096x7168][2731x4096x7168][2731x4096x7168][2731x4096x7168][2730x4096x7168][2730x4096x7168][2730x4096x7168][2730x4096x7168]',,tensorop,f32,128,256,64,1,2,1,1,1,1,3,4,1,1,128,256,16,100,110,1442840576,1924413784064,1333,1.40484,956.514,1.36984e+06
1,CUTLASS,grouped_gemm,cutlass3x_sm100_tensorop_gemm_grouped_bf16_bf16_f32_void_bf16_128x256x64_1x2x1_0_tnt_align8_1sm,passed,success,grouped,,,,,bf16:row,bf16:column,void:row,bf16:row,1,0,invalid,invalid,heuristic,1,false,'[2731x4096x7168][2731x4096x7168][2731x4096x7168][2731x4096x7168][2731x4096x7168][2731x4096x7168][2731x4096x7168][2731x4096x7168][2730x4096x7168][2730x4096x7168][2730x4096x7168][2730x4096x7168]',,tensorop,f32,128,256,64,1,2,1,1,1,1,4,4,1,1,128,256,16,100,110,1174405120,1924413784064,1638,1.14516,955.108,1.68048e+06
1,CUTLASS,grouped_gemm,cutlass3x_sm100_tensorop_gemm_grouped_bf16_bf16_f32_void_bf16_128x256x64_1x2x1_0_tnt_align8_stream_k_1sm,passed,success,grouped,,,,,bf16:row,bf16:column,void:row,bf16:row,1,0,invalid,invalid,heuristic,1,false,'[2731x4096x7168][2731x4096x7168][2731x4096x7168][2731x4096x7168][2731x4096x7168][2731x4096x7168][2731x4096x7168][2731x4096x7168][2730x4096x7168][2730x4096x7168][2730x4096x7168][2730x4096x7168]',,tensorop,f32,128,256,64,1,2,1,1,1,1,4,4,1,1,128,256,16,100,110,1174405120,1924413784064,1638,1.14631,954.148,1.67879e+06
1,CUTLASS,grouped_gemm,cutlass3x_sm100_tensorop_gemm_grouped_bf16_bf16_f32_bf16_bf16_128x256x64_1x4x1_0_tnt_align8_1sm,passed,success,grouped,,,,,bf16:row,bf16:column,bf16:row,bf16:row,1,0,invalid,invalid,heuristic,1,false,'[2731x4096x7168][2731x4096x7168][2731x4096x7168][2731x4096x7168][2731x4096x7168][2731x4096x7168][2731x4096x7168][2731x4096x7168][2730x4096x7168][2730x4096x7168][2730x4096x7168][2730x4096x7168]',,tensorop,f32,128,256,64,1,4,1,1,1,1,3,4,1,1,128,256,16,100,110,1442840576,1924413784064,1333,1.48769,903.248,1.29356e+06
1,CUTLASS,grouped_gemm,cutlass3x_sm100_tensorop_gemm_grouped_bf16_bf16_f32_bf16_bf16_128x256x64_1x4x1_0_tnt_align8_stream_k_1sm,passed,success,grouped,,,,,bf16:row,bf16:column,bf16:row,bf16:row,1,0,invalid,invalid,heuristic,1,false,'[2731x4096x7168][2731x4096x7168][2731x4096x7168][2731x4096x7168][2731x4096x7168][2731x4096x7168][2731x4096x7168][2731x4096x7168][2730x4096x7168][2730x4096x7168][2730x4096x7168][2730x4096x7168]',,tensorop,f32,128,256,64,1,4,1,1,1,1,3,4,1,1,128,256,16,100,110,1442840576,1924413784064,1333,1.48769,903.248,1.29356e+06
1,CUTLASS,grouped_gemm,cutlass3x_sm100_tensorop_gemm_grouped_bf16_bf16_f32_void_bf16_128x256x64_1x4x1_0_tnt_align8_1sm,passed,success,grouped,,,,,bf16:row,bf16:column,void:row,bf16:row,1,0,invalid,invalid,heuristic,1,false,'[2731x4096x7168][2731x4096x7168][2731x4096x7168][2731x4096x7168][2731x4096x7168][2731x4096x7168][2731x4096x7168][2731x4096x7168][2730x4096x7168][2730x4096x7168][2730x4096x7168][2730x4096x7168]',,tensorop,f32,128,256,64,1,4,1,1,1,1,4,4,1,1,128,256,16,100,110,1174405120,1924413784064,1638,1.1794,927.382,1.6317e+06
1,CUTLASS,grouped_gemm,cutlass3x_sm100_tensorop_gemm_grouped_bf16_bf16_f32_void_bf16_128x256x64_1x4x1_0_tnt_align8_stream_k_1sm,passed,success,grouped,,,,,bf16:row,bf16:column,void:row,bf16:row,1,0,invalid,invalid,heuristic,1,false,'[2731x4096x7168][2731x4096x7168][2731x4096x7168][2731x4096x7168][2731x4096x7168][2731x4096x7168][2731x4096x7168][2731x4096x7168][2730x4096x7168][2730x4096x7168][2730x4096x7168][2730x4096x7168]',,tensorop,f32,128,256,64,1,4,1,1,1,1,4,4,1,1,128,256,16,100,110,1174405120,1924413784064,1638,1.17977,927.085,1.63117e+06
1,CUTLASS,grouped_gemm,cutlass3x_sm100_tensorop_gemm_grouped_bf16_bf16_f32_bf16_bf16_128x256x64_4x4x1_0_tnt_align8_1sm,passed,success,grouped,,,,,bf16:row,bf16:column,bf16:row,bf16:row,1,0,invalid,invalid,heuristic,1,false,'[2731x4096x7168][2731x4096x7168][2731x4096x7168][2731x4096x7168][2731x4096x7168][2731x4096x7168][2731x4096x7168][2731x4096x7168][2730x4096x7168][2730x4096x7168][2730x4096x7168][2730x4096x7168]',,tensorop,f32,128,256,64,4,4,1,1,1,1,3,4,1,1,128,256,16,100,110,1442840576,1924413784064,1333,2.03247,661.14,946833
1,CUTLASS,grouped_gemm,cutlass3x_sm100_tensorop_gemm_grouped_bf16_bf16_f32_bf16_bf16_128x256x64_4x4x1_0_tnt_align8_stream_k_1sm,passed,success,grouped,,,,,bf16:row,bf16:column,bf16:row,bf16:row,1,0,invalid,invalid,heuristic,1,false,'[2731x4096x7168][2731x4096x7168][2731x4096x7168][2731x4096x7168][2731x4096x7168][2731x4096x7168][2731x4096x7168][2731x4096x7168][2730x4096x7168][2730x4096x7168][2730x4096x7168][2730x4096x7168]',,tensorop,f32,128,256,64,4,4,1,1,1,1,3,4,1,1,128,256,16,100,110,1442840576,1924413784064,1333,2.03276,661.047,946699
1,CUTLASS,grouped_gemm,cutlass3x_sm100_tensorop_gemm_grouped_bf16_bf16_f32_void_bf16_128x256x64_4x4x1_0_tnt_align8_1sm,passed,success,grouped,,,,,bf16:row,bf16:column,void:row,bf16:row,1,0,invalid,invalid,heuristic,1,false,'[2731x4096x7168][2731x4096x7168][2731x4096x7168][2731x4096x7168][2731x4096x7168][2731x4096x7168][2731x4096x7168][2731x4096x7168][2730x4096x7168][2730x4096x7168][2730x4096x7168][2730x4096x7168]',,tensorop,f32,128,256,64,4,4,1,1,1,1,4,4,1,1,128,256,16,100,110,1174405120,1924413784064,1638,1.58354,690.701,1.21526e+06
1,CUTLASS,grouped_gemm,cutlass3x_sm100_tensorop_gemm_grouped_bf16_bf16_f32_void_bf16_128x256x64_4x4x1_0_tnt_align8_stream_k_1sm,passed,success,grouped,,,,,bf16:row,bf16:column,void:row,bf16:row,1,0,invalid,invalid,heuristic,1,false,'[2731x4096x7168][2731x4096x7168][2731x4096x7168][2731x4096x7168][2731x4096x7168][2731x4096x7168][2731x4096x7168][2731x4096x7168][2730x4096x7168][2730x4096x7168][2730x4096x7168][2730x4096x7168]',,tensorop,f32,128,256,64,4,4,1,1,1,1,4,4,1,1,128,256,16,100,110,1174405120,1924413784064,1638,1.58346,690.736,1.21533e+06
1,CUTLASS,grouped_gemm,cutlass3x_sm100_tensorop_gemm_grouped_bf16_bf16_f32_f32_f32_128x128x64_0x0x1_0_tnt_align8_2sm_epi_tma,passed,success,grouped,,,,,bf16:row,bf16:column,f32:row,f32:row,1,0,invalid,invalid,heuristic,1,false,'[2731x4096x7168][2731x4096x7168][2731x4096x7168][2731x4096x7168][2731x4096x7168][2731x4096x7168][2731x4096x7168][2731x4096x7168][2730x4096x7168][2730x4096x7168][2730x4096x7168][2730x4096x7168]',,tensorop,f32,128,128,64,2,1,1,2,1,1,11,4,1,1,128,128,16,100,110,1711276032,1924413784064,1124,1.59021,1002.23,1.21016e+06
1,CUTLASS,grouped_gemm,cutlass3x_sm100_tensorop_gemm_grouped_bf16_bf16_f32_f32_f32_128x128x64_0x0x1_0_tnt_align8_stream_k_2sm_epi_tma,passed,success,grouped,,,,,bf16:row,bf16:column,f32:row,f32:row,1,0,invalid,invalid,heuristic,1,false,'[2731x4096x7168][2731x4096x7168][2731x4096x7168][2731x4096x7168][2731x4096x7168][2731x4096x7168][2731x4096x7168][2731x4096x7168][2730x4096x7168][2730x4096x7168][2730x4096x7168][2730x4096x7168]',,tensorop,f32,128,128,64,2,1,1,2,1,1,11,4,1,1,128,128,16,100,110,1711276032,1924413784064,1124,1.59152,1001.4,1.20917e+06
1,CUTLASS,grouped_gemm,cutlass3x_sm100_tensorop_gemm_grouped_bf16_bf16_f32_void_f32_128x128x64_0x0x1_0_tnt_align8_2sm_epi_tma,passed,success,grouped,,,,,bf16:row,bf16:column,void:row,f32:row,1,0,invalid,invalid,heuristic,1,false,'[2731x4096x7168][2731x4096x7168][2731x4096x7168][2731x4096x7168][2731x4096x7168][2731x4096x7168][2731x4096x7168][2731x4096x7168][2730x4096x7168][2730x4096x7168][2730x4096x7168][2730x4096x7168]',,tensorop,f32,128,128,64,2,1,1,2,1,1,11,4,1,1,128,128,16,100,110,1174405120,1924413784064,1638,1.59861,684.186,1.2038e+06
1,CUTLASS,grouped_gemm,cutlass3x_sm100_tensorop_gemm_grouped_bf16_bf16_f32_void_f32_128x128x64_0x0x1_0_tnt_align8_stream_k_2sm_epi_tma,passed,success,grouped,,,,,bf16:row,bf16:column,void:row,f32:row,1,0,invalid,invalid,heuristic,1,false,'[2731x4096x7168][2731x4096x7168][2731x4096x7168][2731x4096x7168][2731x4096x7168][2731x4096x7168][2731x4096x7168][2731x4096x7168][2730x4096x7168][2730x4096x7168][2730x4096x7168][2730x4096x7168]',,tensorop,f32,128,128,64,2,1,1,2,1,1,11,4,1,1,128,128,16,100,110,1174405120,1924413784064,1638,1.59787,684.506,1.20436e+06
1,CUTLASS,grouped_gemm,cutlass3x_sm100_tensorop_gemm_grouped_bf16_bf16_f32_f32_f32_128x128x64_2x1x1_0_tnt_align8_2sm_epi_tma,passed,success,grouped,,,,,bf16:row,bf16:column,f32:row,f32:row,1,0,invalid,invalid,heuristic,1,false,'[2731x4096x7168][2731x4096x7168][2731x4096x7168][2731x4096x7168][2731x4096x7168][2731x4096x7168][2731x4096x7168][2731x4096x7168][2730x4096x7168][2730x4096x7168][2730x4096x7168][2730x4096x7168]',,tensorop,f32,128,128,64,2,1,1,2,1,1,11,4,1,1,128,128,16,100,110,1711276032,1924413784064,1124,1.59308,1000.42,1.20798e+06
1,CUTLASS,grouped_gemm,cutlass3x_sm100_tensorop_gemm_grouped_bf16_bf16_f32_f32_f32_128x128x64_2x1x1_0_tnt_align8_stream_k_2sm_epi_tma,passed,success,grouped,,,,,bf16:row,bf16:column,f32:row,f32:row,1,0,invalid,invalid,heuristic,1,false,'[2731x4096x7168][2731x4096x7168][2731x4096x7168][2731x4096x7168][2731x4096x7168][2731x4096x7168][2731x4096x7168][2731x4096x7168][2730x4096x7168][2730x4096x7168][2730x4096x7168][2730x4096x7168]',,tensorop,f32,128,128,64,2,1,1,2,1,1,11,4,1,1,128,128,16,100,110,1711276032,1924413784064,1124,1.59992,996.146,1.20282e+06
1,CUTLASS,grouped_gemm,cutlass3x_sm100_tensorop_gemm_grouped_bf16_bf16_f32_void_f32_128x128x64_2x1x1_0_tnt_align8_2sm_epi_tma,passed,success,grouped,,,,,bf16:row,bf16:column,void:row,f32:row,1,0,invalid,invalid,heuristic,1,false,'[2731x4096x7168][2731x4096x7168][2731x4096x7168][2731x4096x7168][2731x4096x7168][2731x4096x7168][2731x4096x7168][2731x4096x7168][2730x4096x7168][2730x4096x7168][2730x4096x7168][2730x4096x7168]',,tensorop,f32,128,128,64,2,1,1,2,1,1,11,4,1,1,128,128,16,100,110,1174405120,1924413784064,1638,1.59472,685.856,1.20674e+06
1,CUTLASS,grouped_gemm,cutlass3x_sm100_tensorop_gemm_grouped_bf16_bf16_f32_void_f32_128x128x64_2x1x1_0_tnt_align8_stream_k_2sm_epi_tma,passed,success,grouped,,,,,bf16:row,bf16:column,void:row,f32:row,1,0,invalid,invalid,heuristic,1,false,'[2731x4096x7168][2731x4096x7168][2731x4096x7168][2731x4096x7168][2731x4096x7168][2731x4096x7168][2731x4096x7168][2731x4096x7168][2730x4096x7168][2730x4096x7168][2730x4096x7168][2730x4096x7168]',,tensorop,f32,128,128,64,2,1,1,2,1,1,11,4,1,1,128,128,16,100,110,1174405120,1924413784064,1638,1.58886,688.386,1.21119e+06
1,CUTLASS,grouped_gemm,cutlass3x_sm100_tensorop_gemm_grouped_bf16_bf16_f32_f32_f32_128x128x64_2x2x1_0_tnt_align8_2sm_epi_tma,passed,success,grouped,,,,,bf16:row,bf16:column,f32:row,f32:row,1,0,invalid,invalid,heuristic,1,false,'[2731x4096x7168][2731x4096x7168][2731x4096x7168][2731x4096x7168][2731x4096x7168][2731x4096x7168][2731x4096x7168][2731x4096x7168][2730x4096x7168][2730x4096x7168][2730x4096x7168][2730x4096x7168]',,tensorop,f32,128,128,64,2,2,1,2,1,1,11,4,1,1,128,128,16,100,110,1711276032,1924413784064,1124,1.42758,1116.4,1.34802e+06
1,CUTLASS,grouped_gemm,cutlass3x_sm100_tensorop_gemm_grouped_bf16_bf16_f32_f32_f32_128x128x64_2x2x1_0_tnt_align8_stream_k_2sm_epi_tma,passed,success,grouped,,,,,bf16:row,bf16:column,f32:row,f32:row,1,0,invalid,invalid,heuristic,1,false,'[2731x4096x7168][2731x4096x7168][2731x4096x7168][2731x4096x7168][2731x4096x7168][2731x4096x7168][2731x4096x7168][2731x4096x7168][2730x4096x7168][2730x4096x7168][2730x4096x7168][2730x4096x7168]',,tensorop,f32,128,128,64,2,2,1,2,1,1,11,4,1,1,128,128,16,100,110,1711276032,1924413784064,1124,1.42778,1116.24,1.34783e+06
1,CUTLASS,grouped_gemm,cutlass3x_sm100_tensorop_gemm_grouped_bf16_bf16_f32_void_f32_128x128x64_2x2x1_0_tnt_align8_2sm_epi_tma,passed,success,grouped,,,,,bf16:row,bf16:column,void:row,f32:row,1,0,invalid,invalid,heuristic,1,false,'[2731x4096x7168][2731x4096x7168][2731x4096x7168][2731x4096x7168][2731x4096x7168][2731x4096x7168][2731x4096x7168][2731x4096x7168][2730x4096x7168][2730x4096x7168][2730x4096x7168][2730x4096x7168]',,tensorop,f32,128,128,64,2,2,1,2,1,1,11,4,1,1,128,128,16,100,110,1174405120,1924413784064,1638,1.44376,757.571,1.33292e+06
1,CUTLASS,grouped_gemm,cutlass3x_sm100_tensorop_gemm_grouped_bf16_bf16_f32_void_f32_128x128x64_2x2x1_0_tnt_align8_stream_k_2sm_epi_tma,passed,success,grouped,,,,,bf16:row,bf16:column,void:row,f32:row,1,0,invalid,invalid,heuristic,1,false,'[2731x4096x7168][2731x4096x7168][2731x4096x7168][2731x4096x7168][2731x4096x7168][2731x4096x7168][2731x4096x7168][2731x4096x7168][2730x4096x7168][2730x4096x7168][2730x4096x7168][2730x4096x7168]',,tensorop,f32,128,128,64,2,2,1,2,1,1,11,4,1,1,128,128,16,100,110,1174405120,1924413784064,1638,1.44519,756.819,1.3316e+06
1,CUTLASS,grouped_gemm,cutlass3x_sm100_tensorop_gemm_grouped_bf16_bf16_f32_f32_f32_128x128x64_4x1x1_0_tnt_align8_2sm_epi_tma,passed,success,grouped,,,,,bf16:row,bf16:column,f32:row,f32:row,1,0,invalid,invalid,heuristic,1,false,'[2731x4096x7168][2731x4096x7168][2731x4096x7168][2731x4096x7168][2731x4096x7168][2731x4096x7168][2731x4096x7168][2731x4096x7168][2730x4096x7168][2730x4096x7168][2730x4096x7168][2730x4096x7168]',,tensorop,f32,128,128,64,4,1,1,2,1,1,11,4,1,1,128,128,16,100,110,1711276032,1924413784064,1124,1.46355,1088.96,1.3149e+06
1,CUTLASS,grouped_gemm,cutlass3x_sm100_tensorop_gemm_grouped_bf16_bf16_f32_f32_f32_128x128x64_4x1x1_0_tnt_align8_stream_k_2sm_epi_tma,passed,success,grouped,,,,,bf16:row,bf16:column,f32:row,f32:row,1,0,invalid,invalid,heuristic,1,false,'[2731x4096x7168][2731x4096x7168][2731x4096x7168][2731x4096x7168][2731x4096x7168][2731x4096x7168][2731x4096x7168][2731x4096x7168][2730x4096x7168][2730x4096x7168][2730x4096x7168][2730x4096x7168]',,tensorop,f32,128,128,64,4,1,1,2,1,1,11,4,1,1,128,128,16,100,110,1711276032,1924413784064,1124,1.46393,1088.68,1.31455e+06
1,CUTLASS,grouped_gemm,cutlass3x_sm100_tensorop_gemm_grouped_bf16_bf16_f32_void_f32_128x128x64_4x1x1_0_tnt_align8_2sm_epi_tma,passed,success,grouped,,,,,bf16:row,bf16:column,void:row,f32:row,1,0,invalid,invalid,heuristic,1,false,'[2731x4096x7168][2731x4096x7168][2731x4096x7168][2731x4096x7168][2731x4096x7168][2731x4096x7168][2731x4096x7168][2731x4096x7168][2730x4096x7168][2730x4096x7168][2730x4096x7168][2730x4096x7168]',,tensorop,f32,128,128,64,4,1,1,2,1,1,11,4,1,1,128,128,16,100,110,1174405120,1924413784064,1638,1.47929,739.374,1.3009e+06
1,CUTLASS,grouped_gemm,cutlass3x_sm100_tensorop_gemm_grouped_bf16_bf16_f32_void_f32_128x128x64_4x1x1_0_tnt_align8_stream_k_2sm_epi_tma,passed,success,grouped,,,,,bf16:row,bf16:column,void:row,f32:row,1,0,invalid,invalid,heuristic,1,false,'[2731x4096x7168][2731x4096x7168][2731x4096x7168][2731x4096x7168][2731x4096x7168][2731x4096x7168][2731x4096x7168][2731x4096x7168][2730x4096x7168][2730x4096x7168][2730x4096x7168][2730x4096x7168]',,tensorop,f32,128,128,64,4,1,1,2,1,1,11,4,1,1,128,128,16,100,110,1174405120,1924413784064,1638,1.47962,739.209,1.30061e+06
1,CUTLASS,grouped_gemm,cutlass3x_sm100_tensorop_gemm_grouped_bf16_bf16_f32_f32_f32_128x128x64_2x4x1_0_tnt_align8_2sm_epi_tma,passed,success,grouped,,,,,bf16:row,bf16:column,f32:row,f32:row,1,0,invalid,invalid,heuristic,1,false,'[2731x4096x7168][2731x4096x7168][2731x4096x7168][2731x4096x7168][2731x4096x7168][2731x4096x7168][2731x4096x7168][2731x4096x7168][2730x4096x7168][2730x4096x7168][2730x4096x7168][2730x4096x7168]',,tensorop,f32,128,128,64,2,4,1,2,1,1,11,4,1,1,128,128,16,100,110,1711276032,1924413784064,1124,1.67162,953.415,1.15123e+06
1,CUTLASS,grouped_gemm,cutlass3x_sm100_tensorop_gemm_grouped_bf16_bf16_f32_f32_f32_128x128x64_2x4x1_0_tnt_align8_stream_k_2sm_epi_tma,passed,success,grouped,,,,,bf16:row,bf16:column,f32:row,f32:row,1,0,invalid,invalid,heuristic,1,false,'[2731x4096x7168][2731x4096x7168][2731x4096x7168][2731x4096x7168][2731x4096x7168][2731x4096x7168][2731x4096x7168][2731x4096x7168][2730x4096x7168][2730x4096x7168][2730x4096x7168][2730x4096x7168]',,tensorop,f32,128,128,64,2,4,1,2,1,1,11,4,1,1,128,128,16,100,110,1711276032,1924413784064,1124,1.68419,946.299,1.14263e+06
1,CUTLASS,grouped_gemm,cutlass3x_sm100_tensorop_gemm_grouped_bf16_bf16_f32_void_f32_128x128x64_2x4x1_0_tnt_align8_2sm_epi_tma,passed,success,grouped,,,,,bf16:row,bf16:column,void:row,f32:row,1,0,invalid,invalid,heuristic,1,false,'[2731x4096x7168][2731x4096x7168][2731x4096x7168][2731x4096x7168][2731x4096x7168][2731x4096x7168][2731x4096x7168][2731x4096x7168][2730x4096x7168][2730x4096x7168][2730x4096x7168][2730x4096x7168]',,tensorop,f32,128,128,64,2,4,1,2,1,1,11,4,1,1,128,128,16,100,110,1174405120,1924413784064,1638,1.70488,641.542,1.12877e+06
1,CUTLASS,grouped_gemm,cutlass3x_sm100_tensorop_gemm_grouped_bf16_bf16_f32_void_f32_128x128x64_2x4x1_0_tnt_align8_stream_k_2sm_epi_tma,passed,success,grouped,,,,,bf16:row,bf16:column,void:row,f32:row,1,0,invalid,invalid,heuristic,1,false,'[2731x4096x7168][2731x4096x7168][2731x4096x7168][2731x4096x7168][2731x4096x7168][2731x4096x7168][2731x4096x7168][2731x4096x7168][2730x4096x7168][2730x4096x7168][2730x4096x7168][2730x4096x7168]',,tensorop,f32,128,128,64,2,4,1,2,1,1,11,4,1,1,128,128,16,100,110,1174405120,1924413784064,1638,1.70183,642.69,1.13079e+06
1,CUTLASS,grouped_gemm,cutlass3x_sm100_tensorop_gemm_grouped_bf16_bf16_f32_f32_f32_128x128x64_4x2x1_0_tnt_align8_2sm_epi_tma,passed,success,grouped,,,,,bf16:row,bf16:column,f32:row,f32:row,1,0,invalid,invalid,heuristic,1,false,'[2731x4096x7168][2731x4096x7168][2731x4096x7168][2731x4096x7168][2731x4096x7168][2731x4096x7168][2731x4096x7168][2731x4096x7168][2730x4096x7168][2730x4096x7168][2730x4096x7168][2730x4096x7168]',,tensorop,f32,128,128,64,4,2,1,2,1,1,11,4,1,1,128,128,16,100,110,1711276032,1924413784064,1124,1.68767,944.347,1.14028e+06
1,CUTLASS,grouped_gemm,cutlass3x_sm100_tensorop_gemm_grouped_bf16_bf16_f32_f32_f32_128x128x64_4x2x1_0_tnt_align8_stream_k_2sm_epi_tma,passed,success,grouped,,,,,bf16:row,bf16:column,f32:row,f32:row,1,0,invalid,invalid,heuristic,1,false,'[2731x4096x7168][2731x4096x7168][2731x4096x7168][2731x4096x7168][2731x4096x7168][2731x4096x7168][2731x4096x7168][2731x4096x7168][2730x4096x7168][2730x4096x7168][2730x4096x7168][2730x4096x7168]',,tensorop,f32,128,128,64,4,2,1,2,1,1,11,4,1,1,128,128,16,100,110,1711276032,1924413784064,1124,1.69569,939.883,1.13489e+06
1,CUTLASS,grouped_gemm,cutlass3x_sm100_tensorop_gemm_grouped_bf16_bf16_f32_void_f32_128x128x64_4x2x1_0_tnt_align8_2sm_epi_tma,passed,success,grouped,,,,,bf16:row,bf16:column,void:row,f32:row,1,0,invalid,invalid,heuristic,1,false,'[2731x4096x7168][2731x4096x7168][2731x4096x7168][2731x4096x7168][2731x4096x7168][2731x4096x7168][2731x4096x7168][2731x4096x7168][2730x4096x7168][2730x4096x7168][2730x4096x7168][2730x4096x7168]',,tensorop,f32,128,128,64,4,2,1,2,1,1,11,4,1,1,128,128,16,100,110,1174405120,1924413784064,1638,1.7399,628.629,1.10605e+06
1,CUTLASS,grouped_gemm,cutlass3x_sm100_tensorop_gemm_grouped_bf16_bf16_f32_void_f32_128x128x64_4x2x1_0_tnt_align8_stream_k_2sm_epi_tma,passed,success,grouped,,,,,bf16:row,bf16:column,void:row,f32:row,1,0,invalid,invalid,heuristic,1,false,'[2731x4096x7168][2731x4096x7168][2731x4096x7168][2731x4096x7168][2731x4096x7168][2731x4096x7168][2731x4096x7168][2731x4096x7168][2730x4096x7168][2730x4096x7168][2730x4096x7168][2730x4096x7168]',,tensorop,f32,128,128,64,4,2,1,2,1,1,11,4,1,1,128,128,16,100,110,1174405120,1924413784064,1638,1.73928,628.851,1.10644e+06
1,CUTLASS,grouped_gemm,cutlass3x_sm100_tensorop_gemm_grouped_bf16_bf16_f32_f32_f32_128x128x64_4x4x1_0_tnt_align8_2sm_epi_tma,passed,success,grouped,,,,,bf16:row,bf16:column,f32:row,f32:row,1,0,invalid,invalid,heuristic,1,false,'[2731x4096x7168][2731x4096x7168][2731x4096x7168][2731x4096x7168][2731x4096x7168][2731x4096x7168][2731x4096x7168][2731x4096x7168][2730x4096x7168][2730x4096x7168][2730x4096x7168][2730x4096x7168]',,tensorop,f32,128,128,64,4,4,1,2,1,1,11,4,1,1,128,128,16,100,110,1711276032,1924413784064,1124,1.7953,887.737,1.07192e+06
1,CUTLASS,grouped_gemm,cutlass3x_sm100_tensorop_gemm_grouped_bf16_bf16_f32_f32_f32_128x128x64_4x4x1_0_tnt_align8_stream_k_2sm_epi_tma,passed,success,grouped,,,,,bf16:row,bf16:column,f32:row,f32:row,1,0,invalid,invalid,heuristic,1,false,'[2731x4096x7168][2731x4096x7168][2731x4096x7168][2731x4096x7168][2731x4096x7168][2731x4096x7168][2731x4096x7168][2731x4096x7168][2730x4096x7168][2730x4096x7168][2730x4096x7168][2730x4096x7168]',,tensorop,f32,128,128,64,4,4,1,2,1,1,11,4,1,1,128,128,16,100,110,1711276032,1924413784064,1124,1.79816,886.321,1.07021e+06
1,CUTLASS,grouped_gemm,cutlass3x_sm100_tensorop_gemm_grouped_bf16_bf16_f32_void_f32_128x128x64_4x4x1_0_tnt_align8_2sm_epi_tma,passed,success,grouped,,,,,bf16:row,bf16:column,void:row,f32:row,1,0,invalid,invalid,heuristic,1,false,'[2731x4096x7168][2731x4096x7168][2731x4096x7168][2731x4096x7168][2731x4096x7168][2731x4096x7168][2731x4096x7168][2731x4096x7168][2730x4096x7168][2730x4096x7168][2730x4096x7168][2730x4096x7168]',,tensorop,f32,128,128,64,4,4,1,2,1,1,11,4,1,1,128,128,16,100,110,1174405120,1924413784064,1638,1.83871,594.845,1.04661e+06
1,CUTLASS,grouped_gemm,cutlass3x_sm100_tensorop_gemm_grouped_bf16_bf16_f32_void_f32_128x128x64_4x4x1_0_tnt_align8_stream_k_2sm_epi_tma,passed,success,grouped,,,,,bf16:row,bf16:column,void:row,f32:row,1,0,invalid,invalid,heuristic,1,false,'[2731x4096x7168][2731x4096x7168][2731x4096x7168][2731x4096x7168][2731x4096x7168][2731x4096x7168][2731x4096x7168][2731x4096x7168][2730x4096x7168][2730x4096x7168][2730x4096x7168][2730x4096x7168]',,tensorop,f32,128,128,64,4,4,1,2,1,1,11,4,1,1,128,128,16,100,110,1174405120,1924413784064,1638,1.83748,595.243,1.04731e+06
1,CUTLASS,grouped_gemm,cutlass3x_sm100_tensorop_gemm_grouped_bf16_bf16_f32_bf16_bf16_128x128x64_0x0x1_0_tnt_align8_2sm_epi_tma,passed,success,grouped,,,,,bf16:row,bf16:column,bf16:row,bf16:row,1,0,invalid,invalid,heuristic,1,false,'[2731x4096x7168][2731x4096x7168][2731x4096x7168][2731x4096x7168][2731x4096x7168][2731x4096x7168][2731x4096x7168][2731x4096x7168][2730x4096x7168][2730x4096x7168][2730x4096x7168][2730x4096x7168]',,tensorop,f32,128,128,64,2,1,1,2,1,1,12,4,1,1,128,128,16,100,110,1442840576,1924413784064,1333,1.59923,840.249,1.20334e+06
1,CUTLASS,grouped_gemm,cutlass3x_sm100_tensorop_gemm_grouped_bf16_bf16_f32_bf16_bf16_128x128x64_0x0x1_0_tnt_align8_stream_k_2sm_epi_tma,passed,success,grouped,,,,,bf16:row,bf16:column,bf16:row,bf16:row,1,0,invalid,invalid,heuristic,1,false,'[2731x4096x7168][2731x4096x7168][2731x4096x7168][2731x4096x7168][2731x4096x7168][2731x4096x7168][2731x4096x7168][2731x4096x7168][2730x4096x7168][2730x4096x7168][2730x4096x7168][2730x4096x7168]',,tensorop,f32,128,128,64,2,1,1,2,1,1,12,4,1,1,128,128,16,100,110,1442840576,1924413784064,1333,1.58108,849.896,1.21716e+06
1,CUTLASS,grouped_gemm,cutlass3x_sm100_tensorop_gemm_grouped_bf16_bf16_f32_void_bf16_128x128x64_0x0x1_0_tnt_align8_2sm_epi_tma,passed,success,grouped,,,,,bf16:row,bf16:column,void:row,bf16:row,1,0,invalid,invalid,heuristic,1,false,'[2731x4096x7168][2731x4096x7168][2731x4096x7168][2731x4096x7168][2731x4096x7168][2731x4096x7168][2731x4096x7168][2731x4096x7168][2730x4096x7168][2730x4096x7168][2730x4096x7168][2730x4096x7168]',,tensorop,f32,128,128,64,2,1,1,2,1,1,12,4,1,1,128,128,16,100,110,1174405120,1924413784064,1638,1.57391,694.927,1.2227e+06
1,CUTLASS,grouped_gemm,cutlass3x_sm100_tensorop_gemm_grouped_bf16_bf16_f32_void_bf16_128x128x64_0x0x1_0_tnt_align8_stream_k_2sm_epi_tma,passed,success,grouped,,,,,bf16:row,bf16:column,void:row,bf16:row,1,0,invalid,invalid,heuristic,1,false,'[2731x4096x7168][2731x4096x7168][2731x4096x7168][2731x4096x7168][2731x4096x7168][2731x4096x7168][2731x4096x7168][2731x4096x7168][2730x4096x7168][2730x4096x7168][2730x4096x7168][2730x4096x7168]',,tensorop,f32,128,128,64,2,1,1,2,1,1,12,4,1,1,128,128,16,100,110,1174405120,1924413784064,1638,1.57014,696.592,1.22563e+06
1,CUTLASS,grouped_gemm,cutlass3x_sm100_tensorop_gemm_grouped_bf16_bf16_f32_bf16_bf16_128x128x64_2x1x1_0_tnt_align8_2sm_epi_tma,passed,success,grouped,,,,,bf16:row,bf16:column,bf16:row,bf16:row,1,0,invalid,invalid,heuristic,1,false,'[2731x4096x7168][2731x4096x7168][2731x4096x7168][2731x4096x7168][2731x4096x7168][2731x4096x7168][2731x4096x7168][2731x4096x7168][2730x4096x7168][2730x4096x7168][2730x4096x7168][2730x4096x7168]',,tensorop,f32,128,128,64,2,1,1,2,1,1,12,4,1,1,128,128,16,100,110,1442840576,1924413784064,1333,1.58292,848.908,1.21574e+06
1,CUTLASS,grouped_gemm,cutlass3x_sm100_tensorop_gemm_grouped_bf16_bf16_f32_bf16_bf16_128x128x64_2x1x1_0_tnt_align8_stream_k_2sm_epi_tma,passed,success,grouped,,,,,bf16:row,bf16:column,bf16:row,bf16:row,1,0,invalid,invalid,heuristic,1,false,'[2731x4096x7168][2731x4096x7168][2731x4096x7168][2731x4096x7168][2731x4096x7168][2731x4096x7168][2731x4096x7168][2731x4096x7168][2730x4096x7168][2730x4096x7168][2730x4096x7168][2730x4096x7168]',,tensorop,f32,128,128,64,2,1,1,2,1,1,12,4,1,1,128,128,16,100,110,1442840576,1924413784064,1333,1.59623,841.829,1.2056e+06
1,CUTLASS,grouped_gemm,cutlass3x_sm100_tensorop_gemm_grouped_bf16_bf16_f32_void_bf16_128x128x64_2x1x1_0_tnt_align8_2sm_epi_tma,passed,success,grouped,,,,,bf16:row,bf16:column,void:row,bf16:row,1,0,invalid,invalid,heuristic,1,false,'[2731x4096x7168][2731x4096x7168][2731x4096x7168][2731x4096x7168][2731x4096x7168][2731x4096x7168][2731x4096x7168][2731x4096x7168][2730x4096x7168][2730x4096x7168][2730x4096x7168][2730x4096x7168]',,tensorop,f32,128,128,64,2,1,1,2,1,1,12,4,1,1,128,128,16,100,110,1174405120,1924413784064,1638,1.58919,688.242,1.21094e+06
1,CUTLASS,grouped_gemm,cutlass3x_sm100_tensorop_gemm_grouped_bf16_bf16_f32_void_bf16_128x128x64_2x1x1_0_tnt_align8_stream_k_2sm_epi_tma,passed,success,grouped,,,,,bf16:row,bf16:column,void:row,bf16:row,1,0,invalid,invalid,heuristic,1,false,'[2731x4096x7168][2731x4096x7168][2731x4096x7168][2731x4096x7168][2731x4096x7168][2731x4096x7168][2731x4096x7168][2731x4096x7168][2730x4096x7168][2730x4096x7168][2730x4096x7168][2730x4096x7168]',,tensorop,f32,128,128,64,2,1,1,2,1,1,12,4,1,1,128,128,16,100,110,1174405120,1924413784064,1638,1.58231,691.237,1.21621e+06
1,CUTLASS,grouped_gemm,cutlass3x_sm100_tensorop_gemm_grouped_bf16_bf16_f32_bf16_bf16_128x128x64_2x2x1_0_tnt_align8_2sm_epi_tma,passed,success,grouped,,,,,bf16:row,bf16:column,bf16:row,bf16:row,1,0,invalid,invalid,heuristic,1,false,'[2731x4096x7168][2731x4096x7168][2731x4096x7168][2731x4096x7168][2731x4096x7168][2731x4096x7168][2731x4096x7168][2731x4096x7168][2730x4096x7168][2730x4096x7168][2730x4096x7168][2730x4096x7168]',,tensorop,f32,128,128,64,2,2,1,2,1,1,12,4,1,1,128,128,16,100,110,1442840576,1924413784064,1333,1.31832,1019.29,1.45975e+06
1,CUTLASS,grouped_gemm,cutlass3x_sm100_tensorop_gemm_grouped_bf16_bf16_f32_bf16_bf16_128x128x64_2x2x1_0_tnt_align8_stream_k_2sm_epi_tma,passed,success,grouped,,,,,bf16:row,bf16:column,bf16:row,bf16:row,1,0,invalid,invalid,heuristic,1,false,'[2731x4096x7168][2731x4096x7168][2731x4096x7168][2731x4096x7168][2731x4096x7168][2731x4096x7168][2731x4096x7168][2731x4096x7168][2730x4096x7168][2730x4096x7168][2730x4096x7168][2730x4096x7168]',,tensorop,f32,128,128,64,2,2,1,2,1,1,12,4,1,1,128,128,16,100,110,1442840576,1924413784064,1333,1.31722,1020.14,1.46097e+06
1,CUTLASS,grouped_gemm,cutlass3x_sm100_tensorop_gemm_grouped_bf16_bf16_f32_void_bf16_128x128x64_2x2x1_0_tnt_align8_2sm_epi_tma,passed,success,grouped,,,,,bf16:row,bf16:column,void:row,bf16:row,1,0,invalid,invalid,heuristic,1,false,'[2731x4096x7168][2731x4096x7168][2731x4096x7168][2731x4096x7168][2731x4096x7168][2731x4096x7168][2731x4096x7168][2731x4096x7168][2730x4096x7168][2730x4096x7168][2730x4096x7168][2730x4096x7168]',,tensorop,f32,128,128,64,2,2,1,2,1,1,12,4,1,1,128,128,16,100,110,1174405120,1924413784064,1638,1.32183,827.453,1.45587e+06
1,CUTLASS,grouped_gemm,cutlass3x_sm100_tensorop_gemm_grouped_bf16_bf16_f32_void_bf16_128x128x64_2x2x1_0_tnt_align8_stream_k_2sm_epi_tma,passed,success,grouped,,,,,bf16:row,bf16:column,void:row,bf16:row,1,0,invalid,invalid,heuristic,1,false,'[2731x4096x7168][2731x4096x7168][2731x4096x7168][2731x4096x7168][2731x4096x7168][2731x4096x7168][2731x4096x7168][2731x4096x7168][2730x4096x7168][2730x4096x7168][2730x4096x7168][2730x4096x7168]',,tensorop,f32,128,128,64,2,2,1,2,1,1,12,4,1,1,128,128,16,100,110,1174405120,1924413784064,1638,1.31968,828.801,1.45825e+06
1,CUTLASS,grouped_gemm,cutlass3x_sm100_tensorop_gemm_grouped_bf16_bf16_f32_bf16_bf16_128x128x64_4x1x1_0_tnt_align8_2sm_epi_tma,passed,success,grouped,,,,,bf16:row,bf16:column,bf16:row,bf16:row,1,0,invalid,invalid,heuristic,1,false,'[2731x4096x7168][2731x4096x7168][2731x4096x7168][2731x4096x7168][2731x4096x7168][2731x4096x7168][2731x4096x7168][2731x4096x7168][2730x4096x7168][2730x4096x7168][2730x4096x7168][2730x4096x7168]',,tensorop,f32,128,128,64,4,1,1,2,1,1,12,4,1,1,128,128,16,100,110,1442840576,1924413784064,1333,1.39061,966.302,1.38386e+06
1,CUTLASS,grouped_gemm,cutlass3x_sm100_tensorop_gemm_grouped_bf16_bf16_f32_bf16_bf16_128x128x64_4x1x1_0_tnt_align8_stream_k_2sm_epi_tma,passed,success,grouped,,,,,bf16:row,bf16:column,bf16:row,bf16:row,1,0,invalid,invalid,heuristic,1,false,'[2731x4096x7168][2731x4096x7168][2731x4096x7168][2731x4096x7168][2731x4096x7168][2731x4096x7168][2731x4096x7168][2731x4096x7168][2730x4096x7168][2730x4096x7168][2730x4096x7168][2730x4096x7168]',,tensorop,f32,128,128,64,4,1,1,2,1,1,12,4,1,1,128,128,16,100,110,1442840576,1924413784064,1333,1.39074,966.211,1.38373e+06
1,CUTLASS,grouped_gemm,cutlass3x_sm100_tensorop_gemm_grouped_bf16_bf16_f32_void_bf16_128x128x64_4x1x1_0_tnt_align8_2sm_epi_tma,passed,success,grouped,,,,,bf16:row,bf16:column,void:row,bf16:row,1,0,invalid,invalid,heuristic,1,false,'[2731x4096x7168][2731x4096x7168][2731x4096x7168][2731x4096x7168][2731x4096x7168][2731x4096x7168][2731x4096x7168][2731x4096x7168][2730x4096x7168][2730x4096x7168][2730x4096x7168][2730x4096x7168]',,tensorop,f32,128,128,64,4,1,1,2,1,1,12,4,1,1,128,128,16,100,110,1174405120,1924413784064,1638,1.39829,782.203,1.37626e+06
1,CUTLASS,grouped_gemm,cutlass3x_sm100_tensorop_gemm_grouped_bf16_bf16_f32_void_bf16_128x128x64_4x1x1_0_tnt_align8_stream_k_2sm_epi_tma,passed,success,grouped,,,,,bf16:row,bf16:column,void:row,bf16:row,1,0,invalid,invalid,heuristic,1,false,'[2731x4096x7168][2731x4096x7168][2731x4096x7168][2731x4096x7168][2731x4096x7168][2731x4096x7168][2731x4096x7168][2731x4096x7168][2730x4096x7168][2730x4096x7168][2730x4096x7168][2730x4096x7168]',,tensorop,f32,128,128,64,4,1,1,2,1,1,12,4,1,1,128,128,16,100,110,1174405120,1924413784064,1638,1.4031,779.523,1.37154e+06
1,CUTLASS,grouped_gemm,cutlass3x_sm100_tensorop_gemm_grouped_bf16_bf16_f32_bf16_bf16_128x128x64_2x4x1_0_tnt_align8_2sm_epi_tma,passed,success,grouped,,,,,bf16:row,bf16:column,bf16:row,bf16:row,1,0,invalid,invalid,heuristic,1,false,'[2731x4096x7168][2731x4096x7168][2731x4096x7168][2731x4096x7168][2731x4096x7168][2731x4096x7168][2731x4096x7168][2731x4096x7168][2730x4096x7168][2730x4096x7168][2730x4096x7168][2730x4096x7168]',,tensorop,f32,128,128,64,2,4,1,2,1,1,12,4,1,1,128,128,16,100,110,1442840576,1924413784064,1333,1.5169,885.855,1.26865e+06
1,CUTLASS,grouped_gemm,cutlass3x_sm100_tensorop_gemm_grouped_bf16_bf16_f32_bf16_bf16_128x128x64_2x4x1_0_tnt_align8_stream_k_2sm_epi_tma,passed,success,grouped,,,,,bf16:row,bf16:column,bf16:row,bf16:row,1,0,invalid,invalid,heuristic,1,false,'[2731x4096x7168][2731x4096x7168][2731x4096x7168][2731x4096x7168][2731x4096x7168][2731x4096x7168][2731x4096x7168][2731x4096x7168][2730x4096x7168][2730x4096x7168][2730x4096x7168][2730x4096x7168]',,tensorop,f32,128,128,64,2,4,1,2,1,1,12,4,1,1,128,128,16,100,110,1442840576,1924413784064,1333,1.5253,880.977,1.26167e+06
1,CUTLASS,grouped_gemm,cutlass3x_sm100_tensorop_gemm_grouped_bf16_bf16_f32_void_bf16_128x128x64_2x4x1_0_tnt_align8_2sm_epi_tma,passed,success,grouped,,,,,bf16:row,bf16:column,void:row,bf16:row,1,0,invalid,invalid,heuristic,1,false,'[2731x4096x7168][2731x4096x7168][2731x4096x7168][2731x4096x7168][2731x4096x7168][2731x4096x7168][2731x4096x7168][2731x4096x7168][2730x4096x7168][2730x4096x7168][2730x4096x7168][2730x4096x7168]',,tensorop,f32,128,128,64,2,4,1,2,1,1,12,4,1,1,128,128,16,100,110,1174405120,1924413784064,1638,1.52782,715.887,1.25958e+06
1,CUTLASS,grouped_gemm,cutlass3x_sm100_tensorop_gemm_grouped_bf16_bf16_f32_void_bf16_128x128x64_2x4x1_0_tnt_align8_stream_k_2sm_epi_tma,passed,success,grouped,,,,,bf16:row,bf16:column,void:row,bf16:row,1,0,invalid,invalid,heuristic,1,false,'[2731x4096x7168][2731x4096x7168][2731x4096x7168][2731x4096x7168][2731x4096x7168][2731x4096x7168][2731x4096x7168][2731x4096x7168][2730x4096x7168][2730x4096x7168][2730x4096x7168][2730x4096x7168]',,tensorop,f32,128,128,64,2,4,1,2,1,1,12,4,1,1,128,128,16,100,110,1174405120,1924413784064,1638,1.52816,715.732,1.2593e+06
1,CUTLASS,grouped_gemm,cutlass3x_sm100_tensorop_gemm_grouped_bf16_bf16_f32_bf16_bf16_128x128x64_4x2x1_0_tnt_align8_2sm_epi_tma,passed,success,grouped,,,,,bf16:row,bf16:column,bf16:row,bf16:row,1,0,invalid,invalid,heuristic,1,false,'[2731x4096x7168][2731x4096x7168][2731x4096x7168][2731x4096x7168][2731x4096x7168][2731x4096x7168][2731x4096x7168][2731x4096x7168][2730x4096x7168][2730x4096x7168][2730x4096x7168][2730x4096x7168]',,tensorop,f32,128,128,64,4,2,1,2,1,1,12,4,1,1,128,128,16,100,110,1442840576,1924413784064,1333,1.54278,870.992,1.24737e+06
1,CUTLASS,grouped_gemm,cutlass3x_sm100_tensorop_gemm_grouped_bf16_bf16_f32_bf16_bf16_128x128x64_4x2x1_0_tnt_align8_stream_k_2sm_epi_tma,passed,success,grouped,,,,,bf16:row,bf16:column,bf16:row,bf16:row,1,0,invalid,invalid,heuristic,1,false,'[2731x4096x7168][2731x4096x7168][2731x4096x7168][2731x4096x7168][2731x4096x7168][2731x4096x7168][2731x4096x7168][2731x4096x7168][2730x4096x7168][2730x4096x7168][2730x4096x7168][2730x4096x7168]',,tensorop,f32,128,128,64,4,2,1,2,1,1,12,4,1,1,128,128,16,100,110,1442840576,1924413784064,1333,1.53523,875.279,1.25351e+06
1,CUTLASS,grouped_gemm,cutlass3x_sm100_tensorop_gemm_grouped_bf16_bf16_f32_void_bf16_128x128x64_4x2x1_0_tnt_align8_2sm_epi_tma,passed,success,grouped,,,,,bf16:row,bf16:column,void:row,bf16:row,1,0,invalid,invalid,heuristic,1,false,'[2731x4096x7168][2731x4096x7168][2731x4096x7168][2731x4096x7168][2731x4096x7168][2731x4096x7168][2731x4096x7168][2731x4096x7168][2730x4096x7168][2730x4096x7168][2730x4096x7168][2730x4096x7168]',,tensorop,f32,128,128,64,4,2,1,2,1,1,12,4,1,1,128,128,16,100,110,1174405120,1924413784064,1638,1.55038,705.472,1.24125e+06
1,CUTLASS,grouped_gemm,cutlass3x_sm100_tensorop_gemm_grouped_bf16_bf16_f32_void_bf16_128x128x64_4x2x1_0_tnt_align8_stream_k_2sm_epi_tma,passed,success,grouped,,,,,bf16:row,bf16:column,void:row,bf16:row,1,0,invalid,invalid,heuristic,1,false,'[2731x4096x7168][2731x4096x7168][2731x4096x7168][2731x4096x7168][2731x4096x7168][2731x4096x7168][2731x4096x7168][2731x4096x7168][2730x4096x7168][2730x4096x7168][2730x4096x7168][2730x4096x7168]',,tensorop,f32,128,128,64,4,2,1,2,1,1,12,4,1,1,128,128,16,100,110,1174405120,1924413784064,1638,1.5526,704.461,1.23947e+06
1,CUTLASS,grouped_gemm,cutlass3x_sm100_tensorop_gemm_grouped_bf16_bf16_f32_bf16_bf16_128x128x64_4x4x1_0_tnt_align8_2sm_epi_tma,passed,success,grouped,,,,,bf16:row,bf16:column,bf16:row,bf16:row,1,0,invalid,invalid,heuristic,1,false,'[2731x4096x7168][2731x4096x7168][2731x4096x7168][2731x4096x7168][2731x4096x7168][2731x4096x7168][2731x4096x7168][2731x4096x7168][2730x4096x7168][2730x4096x7168][2730x4096x7168][2730x4096x7168]',,tensorop,f32,128,128,64,4,4,1,2,1,1,12,4,1,1,128,128,16,100,110,1442840576,1924413784064,1333,1.63668,821.023,1.1758e+06
1,CUTLASS,grouped_gemm,cutlass3x_sm100_tensorop_gemm_grouped_bf16_bf16_f32_bf16_bf16_128x128x64_4x4x1_0_tnt_align8_stream_k_2sm_epi_tma,passed,success,grouped,,,,,bf16:row,bf16:column,bf16:row,bf16:row,1,0,invalid,invalid,heuristic,1,false,'[2731x4096x7168][2731x4096x7168][2731x4096x7168][2731x4096x7168][2731x4096x7168][2731x4096x7168][2731x4096x7168][2731x4096x7168][2730x4096x7168][2730x4096x7168][2730x4096x7168][2730x4096x7168]',,tensorop,f32,128,128,64,4,4,1,2,1,1,12,4,1,1,128,128,16,100,110,1442840576,1924413784064,1333,1.63852,820.099,1.17448e+06
1,CUTLASS,grouped_gemm,cutlass3x_sm100_tensorop_gemm_grouped_bf16_bf16_f32_void_bf16_128x128x64_4x4x1_0_tnt_align8_2sm_epi_tma,passed,success,grouped,,,,,bf16:row,bf16:column,void:row,bf16:row,1,0,invalid,invalid,heuristic,1,false,'[2731x4096x7168][2731x4096x7168][2731x4096x7168][2731x4096x7168][2731x4096x7168][2731x4096x7168][2731x4096x7168][2731x4096x7168][2730x4096x7168][2730x4096x7168][2730x4096x7168][2730x4096x7168]',,tensorop,f32,128,128,64,4,4,1,2,1,1,12,4,1,1,128,128,16,100,110,1174405120,1924413784064,1638,1.65204,662.061,1.16487e+06
1,CUTLASS,grouped_gemm,cutlass3x_sm100_tensorop_gemm_grouped_bf16_bf16_f32_void_bf16_128x128x64_4x4x1_0_tnt_align8_stream_k_2sm_epi_tma,passed,success,grouped,,,,,bf16:row,bf16:column,void:row,bf16:row,1,0,invalid,invalid,heuristic,1,false,'[2731x4096x7168][2731x4096x7168][2731x4096x7168][2731x4096x7168][2731x4096x7168][2731x4096x7168][2731x4096x7168][2731x4096x7168][2730x4096x7168][2730x4096x7168][2730x4096x7168][2730x4096x7168]',,tensorop,f32,128,128,64,4,4,1,2,1,1,12,4,1,1,128,128,16,100,110,1174405120,1924413784064,1638,1.65122,662.388,1.16545e+06
1,CUTLASS,grouped_gemm,cutlass3x_sm100_tensorop_gemm_grouped_bf16_bf16_f32_f32_f32_128x256x64_0x0x1_0_tnt_align8_2sm_epi_tma,passed,success,grouped,,,,,bf16:row,bf16:column,f32:row,f32:row,1,0,invalid,invalid,heuristic,1,false,'[2731x4096x7168][2731x4096x7168][2731x4096x7168][2731x4096x7168][2731x4096x7168][2731x4096x7168][2731x4096x7168][2731x4096x7168][2730x4096x7168][2730x4096x7168][2730x4096x7168][2730x4096x7168]',,tensorop,f32,128,256,64,2,1,1,2,1,1,7,4,1,1,128,256,16,100,110,1711276032,1924413784064,1124,1.23541,1290.06,1.55772e+06
1,CUTLASS,grouped_gemm,cutlass3x_sm100_tensorop_gemm_grouped_bf16_bf16_f32_f32_f32_128x256x64_0x0x1_0_tnt_align8_stream_k_2sm_epi_tma,passed,success,grouped,,,,,bf16:row,bf16:column,f32:row,f32:row,1,0,invalid,invalid,heuristic,1,false,'[2731x4096x7168][2731x4096x7168][2731x4096x7168][2731x4096x7168][2731x4096x7168][2731x4096x7168][2731x4096x7168][2731x4096x7168][2730x4096x7168][2730x4096x7168][2730x4096x7168][2730x4096x7168]',,tensorop,f32,128,256,64,2,1,1,2,1,1,7,4,1,1,128,256,16,100,110,1711276032,1924413784064,1124,1.23281,1292.78,1.56099e+06
1,CUTLASS,grouped_gemm,cutlass3x_sm100_tensorop_gemm_grouped_bf16_bf16_f32_void_f32_128x256x64_0x0x1_0_tnt_align8_2sm_epi_tma,passed,success,grouped,,,,,bf16:row,bf16:column,void:row,f32:row,1,0,invalid,invalid,heuristic,1,false,'[2731x4096x7168][2731x4096x7168][2731x4096x7168][2731x4096x7168][2731x4096x7168][2731x4096x7168][2731x4096x7168][2731x4096x7168][2730x4096x7168][2730x4096x7168][2730x4096x7168][2730x4096x7168]',,tensorop,f32,128,256,64,2,1,1,2,1,1,7,4,1,1,128,256,16,100,110,1174405120,1924413784064,1638,1.24346,879.6,1.54763e+06
1,CUTLASS,grouped_gemm,cutlass3x_sm100_tensorop_gemm_grouped_bf16_bf16_f32_void_f32_128x256x64_0x0x1_0_tnt_align8_stream_k_2sm_epi_tma,passed,success,grouped,,,,,bf16:row,bf16:column,void:row,f32:row,1,0,invalid,invalid,heuristic,1,false,'[2731x4096x7168][2731x4096x7168][2731x4096x7168][2731x4096x7168][2731x4096x7168][2731x4096x7168][2731x4096x7168][2731x4096x7168][2730x4096x7168][2730x4096x7168][2730x4096x7168][2730x4096x7168]',,tensorop,f32,128,256,64,2,1,1,2,1,1,7,4,1,1,128,256,16,100,110,1174405120,1924413784064,1638,1.23773,883.676,1.5548e+06
1,CUTLASS,grouped_gemm,cutlass3x_sm100_tensorop_gemm_grouped_bf16_bf16_f32_f32_f32_128x256x64_2x1x1_0_tnt_align8_2sm_epi_tma,passed,success,grouped,,,,,bf16:row,bf16:column,f32:row,f32:row,1,0,invalid,invalid,heuristic,1,false,'[2731x4096x7168][2731x4096x7168][2731x4096x7168][2731x4096x7168][2731x4096x7168][2731x4096x7168][2731x4096x7168][2731x4096x7168][2730x4096x7168][2730x4096x7168][2730x4096x7168][2730x4096x7168]',,tensorop,f32,128,256,64,2,1,1,2,1,1,7,4,1,1,128,256,16,100,110,1711276032,1924413784064,1124,1.23629,1289.13,1.5566e+06
1,CUTLASS,grouped_gemm,cutlass3x_sm100_tensorop_gemm_grouped_bf16_bf16_f32_f32_f32_128x256x64_2x1x1_0_tnt_align8_stream_k_2sm_epi_tma,passed,success,grouped,,,,,bf16:row,bf16:column,f32:row,f32:row,1,0,invalid,invalid,heuristic,1,false,'[2731x4096x7168][2731x4096x7168][2731x4096x7168][2731x4096x7168][2731x4096x7168][2731x4096x7168][2731x4096x7168][2731x4096x7168][2730x4096x7168][2730x4096x7168][2730x4096x7168][2730x4096x7168]',,tensorop,f32,128,256,64,2,1,1,2,1,1,7,4,1,1,128,256,16,100,110,1711276032,1924413784064,1124,1.2236,1302.51,1.57275e+06
1,CUTLASS,grouped_gemm,cutlass3x_sm100_tensorop_gemm_grouped_bf16_bf16_f32_void_f32_128x256x64_2x1x1_0_tnt_align8_2sm_epi_tma,passed,success,grouped,,,,,bf16:row,bf16:column,void:row,f32:row,1,0,invalid,invalid,heuristic,1,false,'[2731x4096x7168][2731x4096x7168][2731x4096x7168][2731x4096x7168][2731x4096x7168][2731x4096x7168][2731x4096x7168][2731x4096x7168][2730x4096x7168][2730x4096x7168][2730x4096x7168][2730x4096x7168]',,tensorop,f32,128,256,64,2,1,1,2,1,1,7,4,1,1,128,256,16,100,110,1174405120,1924413784064,1638,1.2356,885.195,1.55747e+06
1,CUTLASS,grouped_gemm,cutlass3x_sm100_tensorop_gemm_grouped_bf16_bf16_f32_void_f32_128x256x64_2x1x1_0_tnt_align8_stream_k_2sm_epi_tma,passed,success,grouped,,,,,bf16:row,bf16:column,void:row,f32:row,1,0,invalid,invalid,heuristic,1,false,'[2731x4096x7168][2731x4096x7168][2731x4096x7168][2731x4096x7168][2731x4096x7168][2731x4096x7168][2731x4096x7168][2731x4096x7168][2730x4096x7168][2730x4096x7168][2730x4096x7168][2730x4096x7168]',,tensorop,f32,128,256,64,2,1,1,2,1,1,7,4,1,1,128,256,16,100,110,1174405120,1924413784064,1638,1.23076,888.677,1.5636e+06
1,CUTLASS,grouped_gemm,cutlass3x_sm100_tensorop_gemm_grouped_bf16_bf16_f32_f32_f32_128x256x64_2x2x1_0_tnt_align8_2sm_epi_tma,passed,success,grouped,,,,,bf16:row,bf16:column,f32:row,f32:row,1,0,invalid,invalid,heuristic,1,false,'[2731x4096x7168][2731x4096x7168][2731x4096x7168][2731x4096x7168][2731x4096x7168][2731x4096x7168][2731x4096x7168][2731x4096x7168][2730x4096x7168][2730x4096x7168][2730x4096x7168][2730x4096x7168]',,tensorop,f32,128,256,64,2,2,1,2,1,1,7,4,1,1,128,256,16,100,110,1711276032,1924413784064,1124,1.24961,1275.4,1.54002e+06
1,CUTLASS,grouped_gemm,cutlass3x_sm100_tensorop_gemm_grouped_bf16_bf16_f32_f32_f32_128x256x64_2x2x1_0_tnt_align8_stream_k_2sm_epi_tma,passed,success,grouped,,,,,bf16:row,bf16:column,f32:row,f32:row,1,0,invalid,invalid,heuristic,1,false,'[2731x4096x7168][2731x4096x7168][2731x4096x7168][2731x4096x7168][2731x4096x7168][2731x4096x7168][2731x4096x7168][2731x4096x7168][2730x4096x7168][2730x4096x7168][2730x4096x7168][2730x4096x7168]',,tensorop,f32,128,256,64,2,2,1,2,1,1,7,4,1,1,128,256,16,100,110,1711276032,1924413784064,1124,1.24984,1275.16,1.53972e+06
1,CUTLASS,grouped_gemm,cutlass3x_sm100_tensorop_gemm_grouped_bf16_bf16_f32_void_f32_128x256x64_2x2x1_0_tnt_align8_2sm_epi_tma,passed,success,grouped,,,,,bf16:row,bf16:column,void:row,f32:row,1,0,invalid,invalid,heuristic,1,false,'[2731x4096x7168][2731x4096x7168][2731x4096x7168][2731x4096x7168][2731x4096x7168][2731x4096x7168][2731x4096x7168][2731x4096x7168][2730x4096x7168][2730x4096x7168][2730x4096x7168][2730x4096x7168]',,tensorop,f32,128,256,64,2,2,1,2,1,1,7,4,1,1,128,256,16,100,110,1174405120,1924413784064,1638,1.26141,867.087,1.52561e+06
1,CUTLASS,grouped_gemm,cutlass3x_sm100_tensorop_gemm_grouped_bf16_bf16_f32_void_f32_128x256x64_2x2x1_0_tnt_align8_stream_k_2sm_epi_tma,passed,success,grouped,,,,,bf16:row,bf16:column,void:row,f32:row,1,0,invalid,invalid,heuristic,1,false,'[2731x4096x7168][2731x4096x7168][2731x4096x7168][2731x4096x7168][2731x4096x7168][2731x4096x7168][2731x4096x7168][2731x4096x7168][2730x4096x7168][2730x4096x7168][2730x4096x7168][2730x4096x7168]',,tensorop,f32,128,256,64,2,2,1,2,1,1,7,4,1,1,128,256,16,100,110,1174405120,1924413784064,1638,1.26029,867.857,1.52696e+06
1,CUTLASS,grouped_gemm,cutlass3x_sm100_tensorop_gemm_grouped_bf16_bf16_f32_f32_f32_128x256x64_4x1x1_0_tnt_align8_2sm_epi_tma,passed,success,grouped,,,,,bf16:row,bf16:column,f32:row,f32:row,1,0,invalid,invalid,heuristic,1,false,'[2731x4096x7168][2731x4096x7168][2731x4096x7168][2731x4096x7168][2731x4096x7168][2731x4096x7168][2731x4096x7168][2731x4096x7168][2730x4096x7168][2730x4096x7168][2730x4096x7168][2730x4096x7168]',,tensorop,f32,128,256,64,4,1,1,2,1,1,7,4,1,1,128,256,16,100,110,1711276032,1924413784064,1124,1.25002,1274.98,1.53951e+06
1,CUTLASS,grouped_gemm,cutlass3x_sm100_tensorop_gemm_grouped_bf16_bf16_f32_f32_f32_128x256x64_4x1x1_0_tnt_align8_stream_k_2sm_epi_tma,passed,success,grouped,,,,,bf16:row,bf16:column,f32:row,f32:row,1,0,invalid,invalid,heuristic,1,false,'[2731x4096x7168][2731x4096x7168][2731x4096x7168][2731x4096x7168][2731x4096x7168][2731x4096x7168][2731x4096x7168][2731x4096x7168][2730x4096x7168][2730x4096x7168][2730x4096x7168][2730x4096x7168]',,tensorop,f32,128,256,64,4,1,1,2,1,1,7,4,1,1,128,256,16,100,110,1711276032,1924413784064,1124,1.25145,1273.52,1.53775e+06
1,CUTLASS,grouped_gemm,cutlass3x_sm100_tensorop_gemm_grouped_bf16_bf16_f32_void_f32_128x256x64_4x1x1_0_tnt_align8_2sm_epi_tma,passed,success,grouped,,,,,bf16:row,bf16:column,void:row,f32:row,1,0,invalid,invalid,heuristic,1,false,'[2731x4096x7168][2731x4096x7168][2731x4096x7168][2731x4096x7168][2731x4096x7168][2731x4096x7168][2731x4096x7168][2731x4096x7168][2730x4096x7168][2730x4096x7168][2730x4096x7168][2730x4096x7168]',,tensorop,f32,128,256,64,4,1,1,2,1,1,7,4,1,1,128,256,16,100,110,1174405120,1924413784064,1638,1.26182,866.803,1.52511e+06
1,CUTLASS,grouped_gemm,cutlass3x_sm100_tensorop_gemm_grouped_bf16_bf16_f32_void_f32_128x256x64_4x1x1_0_tnt_align8_stream_k_2sm_epi_tma,passed,success,grouped,,,,,bf16:row,bf16:column,void:row,f32:row,1,0,invalid,invalid,heuristic,1,false,'[2731x4096x7168][2731x4096x7168][2731x4096x7168][2731x4096x7168][2731x4096x7168][2731x4096x7168][2731x4096x7168][2731x4096x7168][2730x4096x7168][2730x4096x7168][2730x4096x7168][2730x4096x7168]',,tensorop,f32,128,256,64,4,1,1,2,1,1,7,4,1,1,128,256,16,100,110,1174405120,1924413784064,1638,1.26293,866.043,1.52377e+06
1,CUTLASS,grouped_gemm,cutlass3x_sm100_tensorop_gemm_grouped_bf16_bf16_f32_f32_f32_128x256x64_2x4x1_0_tnt_align8_2sm_epi_tma,passed,success,grouped,,,,,bf16:row,bf16:column,f32:row,f32:row,1,0,invalid,invalid,heuristic,1,false,'[2731x4096x7168][2731x4096x7168][2731x4096x7168][2731x4096x7168][2731x4096x7168][2731x4096x7168][2731x4096x7168][2731x4096x7168][2730x4096x7168][2730x4096x7168][2730x4096x7168][2730x4096x7168]',,tensorop,f32,128,256,64,2,4,1,2,1,1,7,4,1,1,128,256,16,100,110,1711276032,1924413784064,1124,1.49281,1067.62,1.28912e+06
1,CUTLASS,grouped_gemm,cutlass3x_sm100_tensorop_gemm_grouped_bf16_bf16_f32_f32_f32_128x256x64_2x4x1_0_tnt_align8_stream_k_2sm_epi_tma,passed,success,grouped,,,,,bf16:row,bf16:column,f32:row,f32:row,1,0,invalid,invalid,heuristic,1,false,'[2731x4096x7168][2731x4096x7168][2731x4096x7168][2731x4096x7168][2731x4096x7168][2731x4096x7168][2731x4096x7168][2731x4096x7168][2730x4096x7168][2730x4096x7168][2730x4096x7168][2730x4096x7168]',,tensorop,f32,128,256,64,2,4,1,2,1,1,7,4,1,1,128,256,16,100,110,1711276032,1924413784064,1124,1.49322,1067.33,1.28877e+06
1,CUTLASS,grouped_gemm,cutlass3x_sm100_tensorop_gemm_grouped_bf16_bf16_f32_void_f32_128x256x64_2x4x1_0_tnt_align8_2sm_epi_tma,passed,success,grouped,,,,,bf16:row,bf16:column,void:row,f32:row,1,0,invalid,invalid,heuristic,1,false,'[2731x4096x7168][2731x4096x7168][2731x4096x7168][2731x4096x7168][2731x4096x7168][2731x4096x7168][2731x4096x7168][2731x4096x7168][2730x4096x7168][2730x4096x7168][2730x4096x7168][2730x4096x7168]',,tensorop,f32,128,256,64,2,4,1,2,1,1,7,4,1,1,128,256,16,100,110,1174405120,1924413784064,1638,1.50735,725.613,1.27669e+06
1,CUTLASS,grouped_gemm,cutlass3x_sm100_tensorop_gemm_grouped_bf16_bf16_f32_void_f32_128x256x64_2x4x1_0_tnt_align8_stream_k_2sm_epi_tma,passed,success,grouped,,,,,bf16:row,bf16:column,void:row,f32:row,1,0,invalid,invalid,heuristic,1,false,'[2731x4096x7168][2731x4096x7168][2731x4096x7168][2731x4096x7168][2731x4096x7168][2731x4096x7168][2731x4096x7168][2731x4096x7168][2730x4096x7168][2730x4096x7168][2730x4096x7168][2730x4096x7168]',,tensorop,f32,128,256,64,2,4,1,2,1,1,7,4,1,1,128,256,16,100,110,1174405120,1924413784064,1638,1.50571,726.402,1.27808e+06
1,CUTLASS,grouped_gemm,cutlass3x_sm100_tensorop_gemm_grouped_bf16_bf16_f32_f32_f32_128x256x64_4x2x1_0_tnt_align8_2sm_epi_tma,passed,success,grouped,,,,,bf16:row,bf16:column,f32:row,f32:row,1,0,invalid,invalid,heuristic,1,false,'[2731x4096x7168][2731x4096x7168][2731x4096x7168][2731x4096x7168][2731x4096x7168][2731x4096x7168][2731x4096x7168][2731x4096x7168][2730x4096x7168][2730x4096x7168][2730x4096x7168][2730x4096x7168]',,tensorop,f32,128,256,64,4,2,1,2,1,1,7,4,1,1,128,256,16,100,110,1711276032,1924413784064,1124,1.44949,1099.52,1.32765e+06
1,CUTLASS,grouped_gemm,cutlass3x_sm100_tensorop_gemm_grouped_bf16_bf16_f32_f32_f32_128x256x64_4x2x1_0_tnt_align8_stream_k_2sm_epi_tma,passed,success,grouped,,,,,bf16:row,bf16:column,f32:row,f32:row,1,0,invalid,invalid,heuristic,1,false,'[2731x4096x7168][2731x4096x7168][2731x4096x7168][2731x4096x7168][2731x4096x7168][2731x4096x7168][2731x4096x7168][2731x4096x7168][2730x4096x7168][2730x4096x7168][2730x4096x7168][2730x4096x7168]',,tensorop,f32,128,256,64,4,2,1,2,1,1,7,4,1,1,128,256,16,100,110,1711276032,1924413784064,1124,1.46844,1085.34,1.31052e+06
1,CUTLASS,grouped_gemm,cutlass3x_sm100_tensorop_gemm_grouped_bf16_bf16_f32_void_f32_128x256x64_4x2x1_0_tnt_align8_2sm_epi_tma,passed,success,grouped,,,,,bf16:row,bf16:column,void:row,f32:row,1,0,invalid,invalid,heuristic,1,false,'[2731x4096x7168][2731x4096x7168][2731x4096x7168][2731x4096x7168][2731x4096x7168][2731x4096x7168][2731x4096x7168][2731x4096x7168][2730x4096x7168][2730x4096x7168][2730x4096x7168][2730x4096x7168]',,tensorop,f32,128,256,64,4,2,1,2,1,1,7,4,1,1,128,256,16,100,110,1174405120,1924413784064,1638,1.47396,742.046,1.3056e+06
1,CUTLASS,grouped_gemm,cutlass3x_sm100_tensorop_gemm_grouped_bf16_bf16_f32_void_f32_128x256x64_4x2x1_0_tnt_align8_stream_k_2sm_epi_tma,passed,success,grouped,,,,,bf16:row,bf16:column,void:row,f32:row,1,0,invalid,invalid,heuristic,1,false,'[2731x4096x7168][2731x4096x7168][2731x4096x7168][2731x4096x7168][2731x4096x7168][2731x4096x7168][2731x4096x7168][2731x4096x7168][2730x4096x7168][2730x4096x7168][2730x4096x7168][2730x4096x7168]',,tensorop,f32,128,256,64,4,2,1,2,1,1,7,4,1,1,128,256,16,100,110,1174405120,1924413784064,1638,1.47601,741.017,1.30379e+06
1,CUTLASS,grouped_gemm,cutlass3x_sm100_tensorop_gemm_grouped_bf16_bf16_f32_f32_f32_128x256x64_4x4x1_0_tnt_align8_2sm_epi_tma,passed,success,grouped,,,,,bf16:row,bf16:column,f32:row,f32:row,1,0,invalid,invalid,heuristic,1,false,'[2731x4096x7168][2731x4096x7168][2731x4096x7168][2731x4096x7168][2731x4096x7168][2731x4096x7168][2731x4096x7168][2731x4096x7168][2730x4096x7168][2730x4096x7168][2730x4096x7168][2730x4096x7168]',,tensorop,f32,128,256,64,4,4,1,2,1,1,7,4,1,1,128,256,16,100,110,1711276032,1924413784064,1124,1.5524,1026.63,1.23964e+06
1,CUTLASS,grouped_gemm,cutlass3x_sm100_tensorop_gemm_grouped_bf16_bf16_f32_f32_f32_128x256x64_4x4x1_0_tnt_align8_stream_k_2sm_epi_tma,passed,success,grouped,,,,,bf16:row,bf16:column,f32:row,f32:row,1,0,invalid,invalid,heuristic,1,false,'[2731x4096x7168][2731x4096x7168][2731x4096x7168][2731x4096x7168][2731x4096x7168][2731x4096x7168][2731x4096x7168][2731x4096x7168][2730x4096x7168][2730x4096x7168][2730x4096x7168][2730x4096x7168]',,tensorop,f32,128,256,64,4,4,1,2,1,1,7,4,1,1,128,256,16,100,110,1711276032,1924413784064,1124,1.55151,1027.22,1.24035e+06
1,CUTLASS,grouped_gemm,cutlass3x_sm100_tensorop_gemm_grouped_bf16_bf16_f32_void_f32_128x256x64_4x4x1_0_tnt_align8_2sm_epi_tma,passed,success,grouped,,,,,bf16:row,bf16:column,void:row,f32:row,1,0,invalid,invalid,heuristic,1,false,'[2731x4096x7168][2731x4096x7168][2731x4096x7168][2731x4096x7168][2731x4096x7168][2731x4096x7168][2731x4096x7168][2731x4096x7168][2730x4096x7168][2730x4096x7168][2730x4096x7168][2730x4096x7168]',,tensorop,f32,128,256,64,4,4,1,2,1,1,7,4,1,1,128,256,16,100,110,1174405120,1924413784064,1638,1.5639,699.373,1.23052e+06
1,CUTLASS,grouped_gemm,cutlass3x_sm100_tensorop_gemm_grouped_bf16_bf16_f32_void_f32_128x256x64_4x4x1_0_tnt_align8_stream_k_2sm_epi_tma,passed,success,grouped,,,,,bf16:row,bf16:column,void:row,f32:row,1,0,invalid,invalid,heuristic,1,false,'[2731x4096x7168][2731x4096x7168][2731x4096x7168][2731x4096x7168][2731x4096x7168][2731x4096x7168][2731x4096x7168][2731x4096x7168][2730x4096x7168][2730x4096x7168][2730x4096x7168][2730x4096x7168]',,tensorop,f32,128,256,64,4,4,1,2,1,1,7,4,1,1,128,256,16,100,110,1174405120,1924413784064,1638,1.56175,700.336,1.23222e+06
1,CUTLASS,grouped_gemm,cutlass3x_sm100_tensorop_gemm_grouped_bf16_bf16_f32_bf16_bf16_128x256x64_0x0x1_0_tnt_align8_2sm_epi_tma,passed,success,grouped,,,,,bf16:row,bf16:column,bf16:row,bf16:row,1,0,invalid,invalid,heuristic,1,false,'[2731x4096x7168][2731x4096x7168][2731x4096x7168][2731x4096x7168][2731x4096x7168][2731x4096x7168][2731x4096x7168][2731x4096x7168][2730x4096x7168][2730x4096x7168][2730x4096x7168][2730x4096x7168]',,tensorop,f32,128,256,64,2,1,1,2,1,1,7,4,1,1,128,256,16,100,110,1442840576,1924413784064,1333,1.18285,1136.03,1.62693e+06
1,CUTLASS,grouped_gemm,cutlass3x_sm100_tensorop_gemm_grouped_bf16_bf16_f32_bf16_bf16_128x256x64_0x0x1_0_tnt_align8_stream_k_2sm_epi_tma,passed,success,grouped,,,,,bf16:row,bf16:column,bf16:row,bf16:row,1,0,invalid,invalid,heuristic,1,false,'[2731x4096x7168][2731x4096x7168][2731x4096x7168][2731x4096x7168][2731x4096x7168][2731x4096x7168][2731x4096x7168][2731x4096x7168][2730x4096x7168][2730x4096x7168][2730x4096x7168][2730x4096x7168]',,tensorop,f32,128,256,64,2,1,1,2,1,1,7,4,1,1,128,256,16,100,110,1442840576,1924413784064,1333,1.1855,1133.48,1.62329e+06
1,CUTLASS,grouped_gemm,cutlass3x_sm100_tensorop_gemm_grouped_bf16_bf16_f32_void_bf16_128x256x64_0x0x1_0_tnt_align8_2sm_epi_tma,passed,success,grouped,,,,,bf16:row,bf16:column,void:row,bf16:row,1,0,invalid,invalid,heuristic,1,false,'[2731x4096x7168][2731x4096x7168][2731x4096x7168][2731x4096x7168][2731x4096x7168][2731x4096x7168][2731x4096x7168][2731x4096x7168][2730x4096x7168][2730x4096x7168][2730x4096x7168][2730x4096x7168]',,tensorop,f32,128,256,64,2,1,1,2,1,1,8,4,1,1,128,256,16,100,110,1174405120,1924413784064,1638,1.12376,973.298,1.71248e+06
1,CUTLASS,grouped_gemm,cutlass3x_sm100_tensorop_gemm_grouped_bf16_bf16_f32_void_bf16_128x256x64_0x0x1_0_tnt_align8_stream_k_2sm_epi_tma,passed,success,grouped,,,,,bf16:row,bf16:column,void:row,bf16:row,1,0,invalid,invalid,heuristic,1,false,'[2731x4096x7168][2731x4096x7168][2731x4096x7168][2731x4096x7168][2731x4096x7168][2731x4096x7168][2731x4096x7168][2731x4096x7168][2730x4096x7168][2730x4096x7168][2730x4096x7168][2730x4096x7168]',,tensorop,f32,128,256,64,2,1,1,2,1,1,8,4,1,1,128,256,16,100,110,1174405120,1924413784064,1638,1.13013,967.808,1.70282e+06
1,CUTLASS,grouped_gemm,cutlass3x_sm100_tensorop_gemm_grouped_bf16_bf16_f32_bf16_bf16_128x256x64_2x1x1_0_tnt_align8_2sm_epi_tma,passed,success,grouped,,,,,bf16:row,bf16:column,bf16:row,bf16:row,1,0,invalid,invalid,heuristic,1,false,'[2731x4096x7168][2731x4096x7168][2731x4096x7168][2731x4096x7168][2731x4096x7168][2731x4096x7168][2731x4096x7168][2731x4096x7168][2730x4096x7168][2730x4096x7168][2730x4096x7168][2730x4096x7168]',,tensorop,f32,128,256,64,2,1,1,2,1,1,7,4,1,1,128,256,16,100,110,1442840576,1924413784064,1333,1.18471,1134.24,1.62437e+06
1,CUTLASS,grouped_gemm,cutlass3x_sm100_tensorop_gemm_grouped_bf16_bf16_f32_bf16_bf16_128x256x64_2x1x1_0_tnt_align8_stream_k_2sm_epi_tma,passed,success,grouped,,,,,bf16:row,bf16:column,bf16:row,bf16:row,1,0,invalid,invalid,heuristic,1,false,'[2731x4096x7168][2731x4096x7168][2731x4096x7168][2731x4096x7168][2731x4096x7168][2731x4096x7168][2731x4096x7168][2731x4096x7168][2730x4096x7168][2730x4096x7168][2730x4096x7168][2730x4096x7168]',,tensorop,f32,128,256,64,2,1,1,2,1,1,7,4,1,1,128,256,16,100,110,1442840576,1924413784064,1333,1.18593,1133.08,1.62271e+06
1,CUTLASS,grouped_gemm,cutlass3x_sm100_tensorop_gemm_grouped_bf16_bf16_f32_void_bf16_128x256x64_2x1x1_0_tnt_align8_2sm_epi_tma,passed,success,grouped,,,,,bf16:row,bf16:column,void:row,bf16:row,1,0,invalid,invalid,heuristic,1,false,'[2731x4096x7168][2731x4096x7168][2731x4096x7168][2731x4096x7168][2731x4096x7168][2731x4096x7168][2731x4096x7168][2731x4096x7168][2730x4096x7168][2730x4096x7168][2730x4096x7168][2730x4096x7168]',,tensorop,f32,128,256,64,2,1,1,2,1,1,8,4,1,1,128,256,16,100,110,1174405120,1924413784064,1638,1.13758,961.47,1.69167e+06
1,CUTLASS,grouped_gemm,cutlass3x_sm100_tensorop_gemm_grouped_bf16_bf16_f32_void_bf16_128x256x64_2x1x1_0_tnt_align8_stream_k_2sm_epi_tma,passed,success,grouped,,,,,bf16:row,bf16:column,void:row,bf16:row,1,0,invalid,invalid,heuristic,1,false,'[2731x4096x7168][2731x4096x7168][2731x4096x7168][2731x4096x7168][2731x4096x7168][2731x4096x7168][2731x4096x7168][2731x4096x7168][2730x4096x7168][2730x4096x7168][2730x4096x7168][2730x4096x7168]',,tensorop,f32,128,256,64,2,1,1,2,1,1,8,4,1,1,128,256,16,100,110,1174405120,1924413784064,1638,1.13126,966.842,1.70112e+06
1,CUTLASS,grouped_gemm,cutlass3x_sm100_tensorop_gemm_grouped_bf16_bf16_f32_bf16_bf16_128x256x64_2x2x1_0_tnt_align8_2sm_epi_tma,passed,success,grouped,,,,,bf16:row,bf16:column,bf16:row,bf16:row,1,0,invalid,invalid,heuristic,1,false,'[2731x4096x7168][2731x4096x7168][2731x4096x7168][2731x4096x7168][2731x4096x7168][2731x4096x7168][2731x4096x7168][2731x4096x7168][2730x4096x7168][2730x4096x7168][2730x4096x7168][2730x4096x7168]',,tensorop,f32,128,256,64,2,2,1,2,1,1,7,4,1,1,128,256,16,100,110,1442840576,1924413784064,1333,1.2111,1109.52,1.58897e+06
1,CUTLASS,grouped_gemm,cutlass3x_sm100_tensorop_gemm_grouped_bf16_bf16_f32_bf16_bf16_128x256x64_2x2x1_0_tnt_align8_stream_k_2sm_epi_tma,passed,success,grouped,,,,,bf16:row,bf16:column,bf16:row,bf16:row,1,0,invalid,invalid,heuristic,1,false,'[2731x4096x7168][2731x4096x7168][2731x4096x7168][2731x4096x7168][2731x4096x7168][2731x4096x7168][2731x4096x7168][2731x4096x7168][2730x4096x7168][2730x4096x7168][2730x4096x7168][2730x4096x7168]',,tensorop,f32,128,256,64,2,2,1,2,1,1,7,4,1,1,128,256,16,100,110,1442840576,1924413784064,1333,1.21155,1109.12,1.5884e+06
1,CUTLASS,grouped_gemm,cutlass3x_sm100_tensorop_gemm_grouped_bf16_bf16_f32_void_bf16_128x256x64_2x2x1_0_tnt_align8_2sm_epi_tma,passed,success,grouped,,,,,bf16:row,bf16:column,void:row,bf16:row,1,0,invalid,invalid,heuristic,1,false,'[2731x4096x7168][2731x4096x7168][2731x4096x7168][2731x4096x7168][2731x4096x7168][2731x4096x7168][2731x4096x7168][2731x4096x7168][2730x4096x7168][2730x4096x7168][2730x4096x7168][2730x4096x7168]',,tensorop,f32,128,256,64,2,2,1,2,1,1,8,4,1,1,128,256,16,100,110,1174405120,1924413784064,1638,1.14413,955.963,1.68198e+06
1,CUTLASS,grouped_gemm,cutlass3x_sm100_tensorop_gemm_grouped_bf16_bf16_f32_void_bf16_128x256x64_2x2x1_0_tnt_align8_stream_k_2sm_epi_tma,passed,success,grouped,,,,,bf16:row,bf16:column,void:row,bf16:row,1,0,invalid,invalid,heuristic,1,false,'[2731x4096x7168][2731x4096x7168][2731x4096x7168][2731x4096x7168][2731x4096x7168][2731x4096x7168][2731x4096x7168][2731x4096x7168][2730x4096x7168][2730x4096x7168][2730x4096x7168][2730x4096x7168]',,tensorop,f32,128,256,64,2,2,1,2,1,1,8,4,1,1,128,256,16,100,110,1174405120,1924413784064,1638,1.14434,955.792,1.68168e+06
1,CUTLASS,grouped_gemm,cutlass3x_sm100_tensorop_gemm_grouped_bf16_bf16_f32_bf16_bf16_128x256x64_4x1x1_0_tnt_align8_2sm_epi_tma,passed,success,grouped,,,,,bf16:row,bf16:column,bf16:row,bf16:row,1,0,invalid,invalid,heuristic,1,false,'[2731x4096x7168][2731x4096x7168][2731x4096x7168][2731x4096x7168][2731x4096x7168][2731x4096x7168][2731x4096x7168][2731x4096x7168][2730x4096x7168][2730x4096x7168][2730x4096x7168][2730x4096x7168]',,tensorop,f32,128,256,64,4,1,1,2,1,1,7,4,1,1,128,256,16,100,110,1442840576,1924413784064,1333,1.21212,1108.59,1.58764e+06
1,CUTLASS,grouped_gemm,cutlass3x_sm100_tensorop_gemm_grouped_bf16_bf16_f32_bf16_bf16_128x256x64_4x1x1_0_tnt_align8_stream_k_2sm_epi_tma,passed,success,grouped,,,,,bf16:row,bf16:column,bf16:row,bf16:row,1,0,invalid,invalid,heuristic,1,false,'[2731x4096x7168][2731x4096x7168][2731x4096x7168][2731x4096x7168][2731x4096x7168][2731x4096x7168][2731x4096x7168][2731x4096x7168][2730x4096x7168][2730x4096x7168][2730x4096x7168][2730x4096x7168]',,tensorop,f32,128,256,64,4,1,1,2,1,1,7,4,1,1,128,256,16,100,110,1442840576,1924413784064,1333,1.21111,1109.52,1.58897e+06
1,CUTLASS,grouped_gemm,cutlass3x_sm100_tensorop_gemm_grouped_bf16_bf16_f32_void_bf16_128x256x64_4x1x1_0_tnt_align8_2sm_epi_tma,passed,success,grouped,,,,,bf16:row,bf16:column,void:row,bf16:row,1,0,invalid,invalid,heuristic,1,false,'[2731x4096x7168][2731x4096x7168][2731x4096x7168][2731x4096x7168][2731x4096x7168][2731x4096x7168][2731x4096x7168][2731x4096x7168][2730x4096x7168][2730x4096x7168][2730x4096x7168][2730x4096x7168]',,tensorop,f32,128,256,64,4,1,1,2,1,1,8,4,1,1,128,256,16,100,110,1174405120,1924413784064,1638,1.14048,959.023,1.68737e+06
1,CUTLASS,grouped_gemm,cutlass3x_sm100_tensorop_gemm_grouped_bf16_bf16_f32_void_bf16_128x256x64_4x1x1_0_tnt_align8_stream_k_2sm_epi_tma,passed,success,grouped,,,,,bf16:row,bf16:column,void:row,bf16:row,1,0,invalid,invalid,heuristic,1,false,'[2731x4096x7168][2731x4096x7168][2731x4096x7168][2731x4096x7168][2731x4096x7168][2731x4096x7168][2731x4096x7168][2731x4096x7168][2730x4096x7168][2730x4096x7168][2730x4096x7168][2730x4096x7168]',,tensorop,f32,128,256,64,4,1,1,2,1,1,8,4,1,1,128,256,16,100,110,1174405120,1924413784064,1638,1.14294,956.964,1.68374e+06
1,CUTLASS,grouped_gemm,cutlass3x_sm100_tensorop_gemm_grouped_bf16_bf16_f32_bf16_bf16_128x256x64_2x4x1_0_tnt_align8_2sm_epi_tma,passed,success,grouped,,,,,bf16:row,bf16:column,bf16:row,bf16:row,1,0,invalid,invalid,heuristic,1,false,'[2731x4096x7168][2731x4096x7168][2731x4096x7168][2731x4096x7168][2731x4096x7168][2731x4096x7168][2731x4096x7168][2731x4096x7168][2730x4096x7168][2730x4096x7168][2730x4096x7168][2730x4096x7168]',,tensorop,f32,128,256,64,2,4,1,2,1,1,7,4,1,1,128,256,16,100,110,1442840576,1924413784064,1333,1.42922,940.201,1.34648e+06
1,CUTLASS,grouped_gemm,cutlass3x_sm100_tensorop_gemm_grouped_bf16_bf16_f32_bf16_bf16_128x256x64_2x4x1_0_tnt_align8_stream_k_2sm_epi_tma,passed,success,grouped,,,,,bf16:row,bf16:column,bf16:row,bf16:row,1,0,invalid,invalid,heuristic,1,false,'[2731x4096x7168][2731x4096x7168][2731x4096x7168][2731x4096x7168][2731x4096x7168][2731x4096x7168][2731x4096x7168][2731x4096x7168][2730x4096x7168][2730x4096x7168][2730x4096x7168][2730x4096x7168]',,tensorop,f32,128,256,64,2,4,1,2,1,1,7,4,1,1,128,256,16,100,110,1442840576,1924413784064,1333,1.4284,940.74,1.34725e+06
1,CUTLASS,grouped_gemm,cutlass3x_sm100_tensorop_gemm_grouped_bf16_bf16_f32_void_bf16_128x256x64_2x4x1_0_tnt_align8_2sm_epi_tma,passed,success,grouped,,,,,bf16:row,bf16:column,void:row,bf16:row,1,0,invalid,invalid,heuristic,1,false,'[2731x4096x7168][2731x4096x7168][2731x4096x7168][2731x4096x7168][2731x4096x7168][2731x4096x7168][2731x4096x7168][2731x4096x7168][2730x4096x7168][2730x4096x7168][2730x4096x7168][2730x4096x7168]',,tensorop,f32,128,256,64,2,4,1,2,1,1,8,4,1,1,128,256,16,100,110,1174405120,1924413784064,1638,1.31128,834.111,1.46759e+06
1,CUTLASS,grouped_gemm,cutlass3x_sm100_tensorop_gemm_grouped_bf16_bf16_f32_void_bf16_128x256x64_2x4x1_0_tnt_align8_stream_k_2sm_epi_tma,passed,success,grouped,,,,,bf16:row,bf16:column,void:row,bf16:row,1,0,invalid,invalid,heuristic,1,false,'[2731x4096x7168][2731x4096x7168][2731x4096x7168][2731x4096x7168][2731x4096x7168][2731x4096x7168][2731x4096x7168][2731x4096x7168][2730x4096x7168][2730x4096x7168][2730x4096x7168][2730x4096x7168]',,tensorop,f32,128,256,64,2,4,1,2,1,1,8,4,1,1,128,256,16,100,110,1174405120,1924413784064,1638,1.31026,834.761,1.46873e+06
1,CUTLASS,grouped_gemm,cutlass3x_sm100_tensorop_gemm_grouped_bf16_bf16_f32_bf16_bf16_128x256x64_4x2x1_0_tnt_align8_2sm_epi_tma,passed,success,grouped,,,,,bf16:row,bf16:column,bf16:row,bf16:row,1,0,invalid,invalid,heuristic,1,false,'[2731x4096x7168][2731x4096x7168][2731x4096x7168][2731x4096x7168][2731x4096x7168][2731x4096x7168][2731x4096x7168][2731x4096x7168][2730x4096x7168][2730x4096x7168][2730x4096x7168][2730x4096x7168]',,tensorop,f32,128,256,64,4,2,1,2,1,1,7,4,1,1,128,256,16,100,110,1442840576,1924413784064,1333,1.38447,970.59,1.39e+06
1,CUTLASS,grouped_gemm,cutlass3x_sm100_tensorop_gemm_grouped_bf16_bf16_f32_bf16_bf16_128x256x64_4x2x1_0_tnt_align8_stream_k_2sm_epi_tma,passed,success,grouped,,,,,bf16:row,bf16:column,bf16:row,bf16:row,1,0,invalid,invalid,heuristic,1,false,'[2731x4096x7168][2731x4096x7168][2731x4096x7168][2731x4096x7168][2731x4096x7168][2731x4096x7168][2731x4096x7168][2731x4096x7168][2730x4096x7168][2730x4096x7168][2730x4096x7168][2730x4096x7168]',,tensorop,f32,128,256,64,4,2,1,2,1,1,7,4,1,1,128,256,16,100,110,1442840576,1924413784064,1333,1.38754,968.441,1.38693e+06
1,CUTLASS,grouped_gemm,cutlass3x_sm100_tensorop_gemm_grouped_bf16_bf16_f32_void_bf16_128x256x64_4x2x1_0_tnt_align8_2sm_epi_tma,passed,success,grouped,,,,,bf16:row,bf16:column,void:row,bf16:row,1,0,invalid,invalid,heuristic,1,false,'[2731x4096x7168][2731x4096x7168][2731x4096x7168][2731x4096x7168][2731x4096x7168][2731x4096x7168][2731x4096x7168][2731x4096x7168][2730x4096x7168][2730x4096x7168][2730x4096x7168][2730x4096x7168]',,tensorop,f32,128,256,64,4,2,1,2,1,1,8,4,1,1,128,256,16,100,110,1174405120,1924413784064,1638,1.25473,871.704,1.53373e+06
1,CUTLASS,grouped_gemm,cutlass3x_sm100_tensorop_gemm_grouped_bf16_bf16_f32_void_bf16_128x256x64_4x2x1_0_tnt_align8_stream_k_2sm_epi_tma,passed,success,grouped,,,,,bf16:row,bf16:column,void:row,bf16:row,1,0,invalid,invalid,heuristic,1,false,'[2731x4096x7168][2731x4096x7168][2731x4096x7168][2731x4096x7168][2731x4096x7168][2731x4096x7168][2731x4096x7168][2731x4096x7168][2730x4096x7168][2730x4096x7168][2730x4096x7168][2730x4096x7168]',,tensorop,f32,128,256,64,4,2,1,2,1,1,8,4,1,1,128,256,16,100,110,1174405120,1924413784064,1638,1.25281,873.04,1.53608e+06
1,CUTLASS,grouped_gemm,cutlass3x_sm100_tensorop_gemm_grouped_bf16_bf16_f32_bf16_bf16_128x256x64_4x4x1_0_tnt_align8_2sm_epi_tma,passed,success,grouped,,,,,bf16:row,bf16:column,bf16:row,bf16:row,1,0,invalid,invalid,heuristic,1,false,'[2731x4096x7168][2731x4096x7168][2731x4096x7168][2731x4096x7168][2731x4096x7168][2731x4096x7168][2731x4096x7168][2731x4096x7168][2730x4096x7168][2730x4096x7168][2730x4096x7168][2730x4096x7168]',,tensorop,f32,128,256,64,4,4,1,2,1,1,7,4,1,1,128,256,16,100,110,1442840576,1924413784064,1333,1.49608,898.183,1.28631e+06
1,CUTLASS,grouped_gemm,cutlass3x_sm100_tensorop_gemm_grouped_bf16_bf16_f32_bf16_bf16_128x256x64_4x4x1_0_tnt_align8_stream_k_2sm_epi_tma,passed,success,grouped,,,,,bf16:row,bf16:column,bf16:row,bf16:row,1,0,invalid,invalid,heuristic,1,false,'[2731x4096x7168][2731x4096x7168][2731x4096x7168][2731x4096x7168][2731x4096x7168][2731x4096x7168][2731x4096x7168][2731x4096x7168][2730x4096x7168][2730x4096x7168][2730x4096x7168][2730x4096x7168]',,tensorop,f32,128,256,64,4,4,1,2,1,1,7,4,1,1,128,256,16,100,110,1442840576,1924413784064,1333,1.49406,899.393,1.28804e+06
1,CUTLASS,grouped_gemm,cutlass3x_sm100_tensorop_gemm_grouped_bf16_bf16_f32_void_bf16_128x256x64_4x4x1_0_tnt_align8_2sm_epi_tma,passed,success,grouped,,,,,bf16:row,bf16:column,void:row,bf16:row,1,0,invalid,invalid,heuristic,1,false,'[2731x4096x7168][2731x4096x7168][2731x4096x7168][2731x4096x7168][2731x4096x7168][2731x4096x7168][2731x4096x7168][2731x4096x7168][2730x4096x7168][2730x4096x7168][2730x4096x7168][2730x4096x7168]',,tensorop,f32,128,256,64,4,4,1,2,1,1,8,4,1,1,128,256,16,100,110,1174405120,1924413784064,1638,1.35746,805.731,1.41766e+06
1,CUTLASS,grouped_gemm,cutlass3x_sm100_tensorop_gemm_grouped_bf16_bf16_f32_void_bf16_128x256x64_4x4x1_0_tnt_align8_stream_k_2sm_epi_tma,passed,success,grouped,,,,,bf16:row,bf16:column,void:row,bf16:row,1,0,invalid,invalid,heuristic,1,false,'[2731x4096x7168][2731x4096x7168][2731x4096x7168][2731x4096x7168][2731x4096x7168][2731x4096x7168][2731x4096x7168][2731x4096x7168][2730x4096x7168][2730x4096x7168][2730x4096x7168][2730x4096x7168]',,tensorop,f32,128,256,64,4,4,1,2,1,1,8,4,1,1,128,256,16,100,110,1174405120,1924413784064,1638,1.35825,805.264,1.41683e+06
1,CUTLASS,grouped_gemm,cutlass3x_sm100_tensorop_gemm_grouped_bf16_bf16_f32_f32_f32_256x128x64_0x0x1_0_tnt_align8_2sm_epi_tma,passed,success,grouped,,,,,bf16:row,bf16:column,f32:row,f32:row,1,0,invalid,invalid,heuristic,1,false,'[2731x4096x7168][2731x4096x7168][2731x4096x7168][2731x4096x7168][2731x4096x7168][2731x4096x7168][2731x4096x7168][2731x4096x7168][2730x4096x7168][2730x4096x7168][2730x4096x7168][2730x4096x7168]',,tensorop,f32,256,128,64,2,1,1,2,1,1,7,4,1,1,256,128,16,100,110,1711276032,1924413784064,1124,1.23589,1289.56,1.55711e+06
1,CUTLASS,grouped_gemm,cutlass3x_sm100_tensorop_gemm_grouped_bf16_bf16_f32_f32_f32_256x128x64_0x0x1_0_tnt_align8_stream_k_2sm_epi_tma,passed,success,grouped,,,,,bf16:row,bf16:column,f32:row,f32:row,1,0,invalid,invalid,heuristic,1,false,'[2731x4096x7168][2731x4096x7168][2731x4096x7168][2731x4096x7168][2731x4096x7168][2731x4096x7168][2731x4096x7168][2731x4096x7168][2730x4096x7168][2730x4096x7168][2730x4096x7168][2730x4096x7168]',,tensorop,f32,256,128,64,2,1,1,2,1,1,7,4,1,1,256,128,16,100,110,1711276032,1924413784064,1124,1.23253,1293.07,1.56135e+06
1,CUTLASS,grouped_gemm,cutlass3x_sm100_tensorop_gemm_grouped_bf16_bf16_f32_void_f32_256x128x64_0x0x1_0_tnt_align8_2sm_epi_tma,passed,success,grouped,,,,,bf16:row,bf16:column,void:row,f32:row,1,0,invalid,invalid,heuristic,1,false,'[2731x4096x7168][2731x4096x7168][2731x4096x7168][2731x4096x7168][2731x4096x7168][2731x4096x7168][2731x4096x7168][2731x4096x7168][2730x4096x7168][2730x4096x7168][2730x4096x7168][2730x4096x7168]',,tensorop,f32,256,128,64,2,1,1,2,1,1,7,4,1,1,256,128,16,100,110,1174405120,1924413784064,1638,1.24264,880.18,1.54865e+06
1,CUTLASS,grouped_gemm,cutlass3x_sm100_tensorop_gemm_grouped_bf16_bf16_f32_void_f32_256x128x64_0x0x1_0_tnt_align8_stream_k_2sm_epi_tma,passed,success,grouped,,,,,bf16:row,bf16:column,void:row,f32:row,1,0,invalid,invalid,heuristic,1,false,'[2731x4096x7168][2731x4096x7168][2731x4096x7168][2731x4096x7168][2731x4096x7168][2731x4096x7168][2731x4096x7168][2731x4096x7168][2730x4096x7168][2730x4096x7168][2730x4096x7168][2730x4096x7168]',,tensorop,f32,256,128,64,2,1,1,2,1,1,7,4,1,1,256,128,16,100,110,1174405120,1924413784064,1638,1.23991,882.118,1.55205e+06
1,CUTLASS,grouped_gemm,cutlass3x_sm100_tensorop_gemm_grouped_bf16_bf16_f32_f32_f32_256x128x64_2x1x1_0_tnt_align8_2sm_epi_tma,passed,success,grouped,,,,,bf16:row,bf16:column,f32:row,f32:row,1,0,invalid,invalid,heuristic,1,false,'[2731x4096x7168][2731x4096x7168][2731x4096x7168][2731x4096x7168][2731x4096x7168][2731x4096x7168][2731x4096x7168][2731x4096x7168][2730x4096x7168][2730x4096x7168][2730x4096x7168][2730x4096x7168]',,tensorop,f32,256,128,64,2,1,1,2,1,1,7,4,1,1,256,128,16,100,110,1711276032,1924413784064,1124,1.23343,1292.13,1.56022e+06
1,CUTLASS,grouped_gemm,cutlass3x_sm100_tensorop_gemm_grouped_bf16_bf16_f32_f32_f32_256x128x64_2x1x1_0_tnt_align8_stream_k_2sm_epi_tma,passed,success,grouped,,,,,bf16:row,bf16:column,f32:row,f32:row,1,0,invalid,invalid,heuristic,1,false,'[2731x4096x7168][2731x4096x7168][2731x4096x7168][2731x4096x7168][2731x4096x7168][2731x4096x7168][2731x4096x7168][2731x4096x7168][2730x4096x7168][2730x4096x7168][2730x4096x7168][2730x4096x7168]',,tensorop,f32,256,128,64,2,1,1,2,1,1,7,4,1,1,256,128,16,100,110,1711276032,1924413784064,1124,1.23261,1292.99,1.56125e+06
1,CUTLASS,grouped_gemm,cutlass3x_sm100_tensorop_gemm_grouped_bf16_bf16_f32_void_f32_256x128x64_2x1x1_0_tnt_align8_2sm_epi_tma,passed,success,grouped,,,,,bf16:row,bf16:column,void:row,f32:row,1,0,invalid,invalid,heuristic,1,false,'[2731x4096x7168][2731x4096x7168][2731x4096x7168][2731x4096x7168][2731x4096x7168][2731x4096x7168][2731x4096x7168][2731x4096x7168][2730x4096x7168][2730x4096x7168][2730x4096x7168][2730x4096x7168]',,tensorop,f32,256,128,64,2,1,1,2,1,1,7,4,1,1,256,128,16,100,110,1174405120,1924413784064,1638,1.23719,884.06,1.55547e+06
1,CUTLASS,grouped_gemm,cutlass3x_sm100_tensorop_gemm_grouped_bf16_bf16_f32_void_f32_256x128x64_2x1x1_0_tnt_align8_stream_k_2sm_epi_tma,passed,success,grouped,,,,,bf16:row,bf16:column,void:row,f32:row,1,0,invalid,invalid,heuristic,1,false,'[2731x4096x7168][2731x4096x7168][2731x4096x7168][2731x4096x7168][2731x4096x7168][2731x4096x7168][2731x4096x7168][2731x4096x7168][2730x4096x7168][2730x4096x7168][2730x4096x7168][2730x4096x7168]',,tensorop,f32,256,128,64,2,1,1,2,1,1,7,4,1,1,256,128,16,100,110,1174405120,1924413784064,1638,1.24019,881.922,1.55171e+06
1,CUTLASS,grouped_gemm,cutlass3x_sm100_tensorop_gemm_grouped_bf16_bf16_f32_f32_f32_256x128x64_2x2x1_0_tnt_align8_2sm_epi_tma,passed,success,grouped,,,,,bf16:row,bf16:column,f32:row,f32:row,1,0,invalid,invalid,heuristic,1,false,'[2731x4096x7168][2731x4096x7168][2731x4096x7168][2731x4096x7168][2731x4096x7168][2731x4096x7168][2731x4096x7168][2731x4096x7168][2730x4096x7168][2730x4096x7168][2730x4096x7168][2730x4096x7168]',,tensorop,f32,256,128,64,2,2,1,2,1,1,7,4,1,1,256,128,16,100,110,1711276032,1924413784064,1124,1.23998,1285.31,1.55197e+06
1,CUTLASS,grouped_gemm,cutlass3x_sm100_tensorop_gemm_grouped_bf16_bf16_f32_f32_f32_256x128x64_2x2x1_0_tnt_align8_stream_k_2sm_epi_tma,passed,success,grouped,,,,,bf16:row,bf16:column,f32:row,f32:row,1,0,invalid,invalid,heuristic,1,false,'[2731x4096x7168][2731x4096x7168][2731x4096x7168][2731x4096x7168][2731x4096x7168][2731x4096x7168][2731x4096x7168][2731x4096x7168][2730x4096x7168][2730x4096x7168][2730x4096x7168][2730x4096x7168]',,tensorop,f32,256,128,64,2,2,1,2,1,1,7,4,1,1,256,128,16,100,110,1711276032,1924413784064,1124,1.24244,1282.76,1.5489e+06
1,CUTLASS,grouped_gemm,cutlass3x_sm100_tensorop_gemm_grouped_bf16_bf16_f32_void_f32_256x128x64_2x2x1_0_tnt_align8_2sm_epi_tma,passed,success,grouped,,,,,bf16:row,bf16:column,void:row,f32:row,1,0,invalid,invalid,heuristic,1,false,'[2731x4096x7168][2731x4096x7168][2731x4096x7168][2731x4096x7168][2731x4096x7168][2731x4096x7168][2731x4096x7168][2731x4096x7168][2730x4096x7168][2730x4096x7168][2730x4096x7168][2730x4096x7168]',,tensorop,f32,256,128,64,2,2,1,2,1,1,7,4,1,1,256,128,16,100,110,1174405120,1924413784064,1638,1.2522,873.466,1.53683e+06
1,CUTLASS,grouped_gemm,cutlass3x_sm100_tensorop_gemm_grouped_bf16_bf16_f32_void_f32_256x128x64_2x2x1_0_tnt_align8_stream_k_2sm_epi_tma,passed,success,grouped,,,,,bf16:row,bf16:column,void:row,f32:row,1,0,invalid,invalid,heuristic,1,false,'[2731x4096x7168][2731x4096x7168][2731x4096x7168][2731x4096x7168][2731x4096x7168][2731x4096x7168][2731x4096x7168][2731x4096x7168][2730x4096x7168][2730x4096x7168][2730x4096x7168][2730x4096x7168]',,tensorop,f32,256,128,64,2,2,1,2,1,1,7,4,1,1,256,128,16,100,110,1174405120,1924413784064,1638,1.25289,872.984,1.53598e+06
1,CUTLASS,grouped_gemm,cutlass3x_sm100_tensorop_gemm_grouped_bf16_bf16_f32_f32_f32_256x128x64_4x1x1_0_tnt_align8_2sm_epi_tma,passed,success,grouped,,,,,bf16:row,bf16:column,f32:row,f32:row,1,0,invalid,invalid,heuristic,1,false,'[2731x4096x7168][2731x4096x7168][2731x4096x7168][2731x4096x7168][2731x4096x7168][2731x4096x7168][2731x4096x7168][2731x4096x7168][2730x4096x7168][2730x4096x7168][2730x4096x7168][2730x4096x7168]',,tensorop,f32,256,128,64,4,1,1,2,1,1,7,4,1,1,256,128,16,100,110,1711276032,1924413784064,1124,1.44761,1100.95,1.32937e+06
1,CUTLASS,grouped_gemm,cutlass3x_sm100_tensorop_gemm_grouped_bf16_bf16_f32_f32_f32_256x128x64_4x1x1_0_tnt_align8_stream_k_2sm_epi_tma,passed,success,grouped,,,,,bf16:row,bf16:column,f32:row,f32:row,1,0,invalid,invalid,heuristic,1,false,'[2731x4096x7168][2731x4096x7168][2731x4096x7168][2731x4096x7168][2731x4096x7168][2731x4096x7168][2731x4096x7168][2731x4096x7168][2730x4096x7168][2730x4096x7168][2730x4096x7168][2730x4096x7168]',,tensorop,f32,256,128,64,4,1,1,2,1,1,7,4,1,1,256,128,16,100,110,1711276032,1924413784064,1124,1.46744,1086.08,1.31141e+06
1,CUTLASS,grouped_gemm,cutlass3x_sm100_tensorop_gemm_grouped_bf16_bf16_f32_void_f32_256x128x64_4x1x1_0_tnt_align8_2sm_epi_tma,passed,success,grouped,,,,,bf16:row,bf16:column,void:row,f32:row,1,0,invalid,invalid,heuristic,1,false,'[2731x4096x7168][2731x4096x7168][2731x4096x7168][2731x4096x7168][2731x4096x7168][2731x4096x7168][2731x4096x7168][2731x4096x7168][2730x4096x7168][2730x4096x7168][2730x4096x7168][2730x4096x7168]',,tensorop,f32,256,128,64,4,1,1,2,1,1,7,4,1,1,256,128,16,100,110,1174405120,1924413784064,1638,1.43815,760.524,1.33811e+06
1,CUTLASS,grouped_gemm,cutlass3x_sm100_tensorop_gemm_grouped_bf16_bf16_f32_void_f32_256x128x64_4x1x1_0_tnt_align8_stream_k_2sm_epi_tma,passed,success,grouped,,,,,bf16:row,bf16:column,void:row,f32:row,1,0,invalid,invalid,heuristic,1,false,'[2731x4096x7168][2731x4096x7168][2731x4096x7168][2731x4096x7168][2731x4096x7168][2731x4096x7168][2731x4096x7168][2731x4096x7168][2730x4096x7168][2730x4096x7168][2730x4096x7168][2730x4096x7168]',,tensorop,f32,256,128,64,4,1,1,2,1,1,7,4,1,1,256,128,16,100,110,1174405120,1924413784064,1638,1.43416,762.642,1.34184e+06
1,CUTLASS,grouped_gemm,cutlass3x_sm100_tensorop_gemm_grouped_bf16_bf16_f32_f32_f32_256x128x64_2x4x1_0_tnt_align8_2sm_epi_tma,passed,success,grouped,,,,,bf16:row,bf16:column,f32:row,f32:row,1,0,invalid,invalid,heuristic,1,false,'[2731x4096x7168][2731x4096x7168][2731x4096x7168][2731x4096x7168][2731x4096x7168][2731x4096x7168][2731x4096x7168][2731x4096x7168][2730x4096x7168][2730x4096x7168][2730x4096x7168][2730x4096x7168]',,tensorop,f32,256,128,64,2,4,1,2,1,1,7,4,1,1,256,128,16,100,110,1711276032,1924413784064,1124,1.42963,1114.8,1.3461e+06
1,CUTLASS,grouped_gemm,cutlass3x_sm100_tensorop_gemm_grouped_bf16_bf16_f32_f32_f32_256x128x64_2x4x1_0_tnt_align8_stream_k_2sm_epi_tma,passed,success,grouped,,,,,bf16:row,bf16:column,f32:row,f32:row,1,0,invalid,invalid,heuristic,1,false,'[2731x4096x7168][2731x4096x7168][2731x4096x7168][2731x4096x7168][2731x4096x7168][2731x4096x7168][2731x4096x7168][2731x4096x7168][2730x4096x7168][2730x4096x7168][2730x4096x7168][2730x4096x7168]',,tensorop,f32,256,128,64,2,4,1,2,1,1,7,4,1,1,256,128,16,100,110,1711276032,1924413784064,1124,1.43495,1110.66,1.3411e+06
1,CUTLASS,grouped_gemm,cutlass3x_sm100_tensorop_gemm_grouped_bf16_bf16_f32_void_f32_256x128x64_2x4x1_0_tnt_align8_2sm_epi_tma,passed,success,grouped,,,,,bf16:row,bf16:column,void:row,f32:row,1,0,invalid,invalid,heuristic,1,false,'[2731x4096x7168][2731x4096x7168][2731x4096x7168][2731x4096x7168][2731x4096x7168][2731x4096x7168][2731x4096x7168][2731x4096x7168][2730x4096x7168][2730x4096x7168][2730x4096x7168][2730x4096x7168]',,tensorop,f32,256,128,64,2,4,1,2,1,1,7,4,1,1,256,128,16,100,110,1174405120,1924413784064,1638,1.47315,742.459,1.30633e+06
1,CUTLASS,grouped_gemm,cutlass3x_sm100_tensorop_gemm_grouped_bf16_bf16_f32_void_f32_256x128x64_2x4x1_0_tnt_align8_stream_k_2sm_epi_tma,passed,success,grouped,,,,,bf16:row,bf16:column,void:row,f32:row,1,0,invalid,invalid,heuristic,1,false,'[2731x4096x7168][2731x4096x7168][2731x4096x7168][2731x4096x7168][2731x4096x7168][2731x4096x7168][2731x4096x7168][2731x4096x7168][2730x4096x7168][2730x4096x7168][2730x4096x7168][2730x4096x7168]',,tensorop,f32,256,128,64,2,4,1,2,1,1,7,4,1,1,256,128,16,100,110,1174405120,1924413784064,1638,1.47061,743.738,1.30858e+06
1,CUTLASS,grouped_gemm,cutlass3x_sm100_tensorop_gemm_grouped_bf16_bf16_f32_f32_f32_256x128x64_4x2x1_0_tnt_align8_2sm_epi_tma,passed,success,grouped,,,,,bf16:row,bf16:column,f32:row,f32:row,1,0,invalid,invalid,heuristic,1,false,'[2731x4096x7168][2731x4096x7168][2731x4096x7168][2731x4096x7168][2731x4096x7168][2731x4096x7168][2731x4096x7168][2731x4096x7168][2730x4096x7168][2730x4096x7168][2730x4096x7168][2730x4096x7168]',,tensorop,f32,256,128,64,4,2,1,2,1,1,7,4,1,1,256,128,16,100,110,1711276032,1924413784064,1124,1.57739,1010.37,1.22e+06
1,CUTLASS,grouped_gemm,cutlass3x_sm100_tensorop_gemm_grouped_bf16_bf16_f32_f32_f32_256x128x64_4x2x1_0_tnt_align8_stream_k_2sm_epi_tma,passed,success,grouped,,,,,bf16:row,bf16:column,f32:row,f32:row,1,0,invalid,invalid,heuristic,1,false,'[2731x4096x7168][2731x4096x7168][2731x4096x7168][2731x4096x7168][2731x4096x7168][2731x4096x7168][2731x4096x7168][2731x4096x7168][2730x4096x7168][2730x4096x7168][2730x4096x7168][2730x4096x7168]',,tensorop,f32,256,128,64,4,2,1,2,1,1,7,4,1,1,256,128,16,100,110,1711276032,1924413784064,1124,1.5764,1011.01,1.22077e+06
1,CUTLASS,grouped_gemm,cutlass3x_sm100_tensorop_gemm_grouped_bf16_bf16_f32_void_f32_256x128x64_4x2x1_0_tnt_align8_2sm_epi_tma,passed,success,grouped,,,,,bf16:row,bf16:column,void:row,f32:row,1,0,invalid,invalid,heuristic,1,false,'[2731x4096x7168][2731x4096x7168][2731x4096x7168][2731x4096x7168][2731x4096x7168][2731x4096x7168][2731x4096x7168][2731x4096x7168][2730x4096x7168][2730x4096x7168][2730x4096x7168][2730x4096x7168]',,tensorop,f32,256,128,64,4,2,1,2,1,1,7,4,1,1,256,128,16,100,110,1174405120,1924413784064,1638,1.5948,685.823,1.20668e+06
1,CUTLASS,grouped_gemm,cutlass3x_sm100_tensorop_gemm_grouped_bf16_bf16_f32_void_f32_256x128x64_4x2x1_0_tnt_align8_stream_k_2sm_epi_tma,passed,success,grouped,,,,,bf16:row,bf16:column,void:row,f32:row,1,0,invalid,invalid,heuristic,1,false,'[2731x4096x7168][2731x4096x7168][2731x4096x7168][2731x4096x7168][2731x4096x7168][2731x4096x7168][2731x4096x7168][2731x4096x7168][2730x4096x7168][2730x4096x7168][2730x4096x7168][2730x4096x7168]',,tensorop,f32,256,128,64,4,2,1,2,1,1,7,4,1,1,256,128,16,100,110,1174405120,1924413784064,1638,1.59257,686.782,1.20837e+06
1,CUTLASS,grouped_gemm,cutlass3x_sm100_tensorop_gemm_grouped_bf16_bf16_f32_f32_f32_256x128x64_4x4x1_0_tnt_align8_2sm_epi_tma,passed,success,grouped,,,,,bf16:row,bf16:column,f32:row,f32:row,1,0,invalid,invalid,heuristic,1,false,'[2731x4096x7168][2731x4096x7168][2731x4096x7168][2731x4096x7168][2731x4096x7168][2731x4096x7168][2731x4096x7168][2731x4096x7168][2730x4096x7168][2730x4096x7168][2730x4096x7168][2730x4096x7168]',,tensorop,f32,256,128,64,4,4,1,2,1,1,7,4,1,1,256,128,16,100,110,1711276032,1924413784064,1124,1.68644,945.035,1.14111e+06
1,CUTLASS,grouped_gemm,cutlass3x_sm100_tensorop_gemm_grouped_bf16_bf16_f32_f32_f32_256x128x64_4x4x1_0_tnt_align8_stream_k_2sm_epi_tma,passed,success,grouped,,,,,bf16:row,bf16:column,f32:row,f32:row,1,0,invalid,invalid,heuristic,1,false,'[2731x4096x7168][2731x4096x7168][2731x4096x7168][2731x4096x7168][2731x4096x7168][2731x4096x7168][2731x4096x7168][2731x4096x7168][2730x4096x7168][2730x4096x7168][2730x4096x7168][2730x4096x7168]',,tensorop,f32,256,128,64,4,4,1,2,1,1,7,4,1,1,256,128,16,100,110,1711276032,1924413784064,1124,1.68788,944.233,1.14014e+06
1,CUTLASS,grouped_gemm,cutlass3x_sm100_tensorop_gemm_grouped_bf16_bf16_f32_void_f32_256x128x64_4x4x1_0_tnt_align8_2sm_epi_tma,passed,success,grouped,,,,,bf16:row,bf16:column,void:row,f32:row,1,0,invalid,invalid,heuristic,1,false,'[2731x4096x7168][2731x4096x7168][2731x4096x7168][2731x4096x7168][2731x4096x7168][2731x4096x7168][2731x4096x7168][2731x4096x7168][2730x4096x7168][2730x4096x7168][2730x4096x7168][2730x4096x7168]',,tensorop,f32,256,128,64,4,4,1,2,1,1,7,4,1,1,256,128,16,100,110,1174405120,1924413784064,1638,1.7018,642.7,1.13081e+06
1,CUTLASS,grouped_gemm,cutlass3x_sm100_tensorop_gemm_grouped_bf16_bf16_f32_void_f32_256x128x64_4x4x1_0_tnt_align8_stream_k_2sm_epi_tma,passed,success,grouped,,,,,bf16:row,bf16:column,void:row,f32:row,1,0,invalid,invalid,heuristic,1,false,'[2731x4096x7168][2731x4096x7168][2731x4096x7168][2731x4096x7168][2731x4096x7168][2731x4096x7168][2731x4096x7168][2731x4096x7168][2730x4096x7168][2730x4096x7168][2730x4096x7168][2730x4096x7168]',,tensorop,f32,256,128,64,4,4,1,2,1,1,7,4,1,1,256,128,16,100,110,1174405120,1924413784064,1638,1.70308,642.217,1.12996e+06
1,CUTLASS,grouped_gemm,cutlass3x_sm100_tensorop_gemm_grouped_bf16_bf16_f32_bf16_bf16_256x128x64_0x0x1_0_tnt_align8_2sm_epi_tma,passed,success,grouped,,,,,bf16:row,bf16:column,bf16:row,bf16:row,1,0,invalid,invalid,heuristic,1,false,'[2731x4096x7168][2731x4096x7168][2731x4096x7168][2731x4096x7168][2731x4096x7168][2731x4096x7168][2731x4096x7168][2731x4096x7168][2730x4096x7168][2730x4096x7168][2730x4096x7168][2730x4096x7168]',,tensorop,f32,256,128,64,2,1,1,2,1,1,7,4,1,1,256,128,16,100,110,1442840576,1924413784064,1333,1.22954,1092.89,1.56515e+06
1,CUTLASS,grouped_gemm,cutlass3x_sm100_tensorop_gemm_grouped_bf16_bf16_f32_bf16_bf16_256x128x64_0x0x1_0_tnt_align8_stream_k_2sm_epi_tma,passed,success,grouped,,,,,bf16:row,bf16:column,bf16:row,bf16:row,1,0,invalid,invalid,heuristic,1,false,'[2731x4096x7168][2731x4096x7168][2731x4096x7168][2731x4096x7168][2731x4096x7168][2731x4096x7168][2731x4096x7168][2731x4096x7168][2730x4096x7168][2730x4096x7168][2730x4096x7168][2730x4096x7168]',,tensorop,f32,256,128,64,2,1,1,2,1,1,7,4,1,1,256,128,16,100,110,1442840576,1924413784064,1333,1.23055,1091.99,1.56386e+06
1,CUTLASS,grouped_gemm,cutlass3x_sm100_tensorop_gemm_grouped_bf16_bf16_f32_void_bf16_256x128x64_0x0x1_0_tnt_align8_2sm_epi_tma,passed,success,grouped,,,,,bf16:row,bf16:column,void:row,bf16:row,1,0,invalid,invalid,heuristic,1,false,'[2731x4096x7168][2731x4096x7168][2731x4096x7168][2731x4096x7168][2731x4096x7168][2731x4096x7168][2731x4096x7168][2731x4096x7168][2730x4096x7168][2730x4096x7168][2730x4096x7168][2730x4096x7168]',,tensorop,f32,256,128,64,2,1,1,2,1,1,8,4,1,1,256,128,16,100,110,1174405120,1924413784064,1638,1.21008,903.866,1.59032e+06
1,CUTLASS,grouped_gemm,cutlass3x_sm100_tensorop_gemm_grouped_bf16_bf16_f32_void_bf16_256x128x64_0x0x1_0_tnt_align8_stream_k_2sm_epi_tma,passed,success,grouped,,,,,bf16:row,bf16:column,void:row,bf16:row,1,0,invalid,invalid,heuristic,1,false,'[2731x4096x7168][2731x4096x7168][2731x4096x7168][2731x4096x7168][2731x4096x7168][2731x4096x7168][2731x4096x7168][2731x4096x7168][2730x4096x7168][2730x4096x7168][2730x4096x7168][2730x4096x7168]',,tensorop,f32,256,128,64,2,1,1,2,1,1,8,4,1,1,256,128,16,100,110,1174405120,1924413784064,1638,1.20865,904.938,1.59221e+06
1,CUTLASS,grouped_gemm,cutlass3x_sm100_tensorop_gemm_grouped_bf16_bf16_f32_bf16_bf16_256x128x64_2x1x1_0_tnt_align8_2sm_epi_tma,passed,success,grouped,,,,,bf16:row,bf16:column,bf16:row,bf16:row,1,0,invalid,invalid,heuristic,1,false,'[2731x4096x7168][2731x4096x7168][2731x4096x7168][2731x4096x7168][2731x4096x7168][2731x4096x7168][2731x4096x7168][2731x4096x7168][2730x4096x7168][2730x4096x7168][2730x4096x7168][2730x4096x7168]',,tensorop,f32,256,128,64,2,1,1,2,1,1,7,4,1,1,256,128,16,100,110,1442840576,1924413784064,1333,1.22012,1101.33,1.57724e+06
1,CUTLASS,grouped_gemm,cutlass3x_sm100_tensorop_gemm_grouped_bf16_bf16_f32_bf16_bf16_256x128x64_2x1x1_0_tnt_align8_stream_k_2sm_epi_tma,passed,success,grouped,,,,,bf16:row,bf16:column,bf16:row,bf16:row,1,0,invalid,invalid,heuristic,1,false,'[2731x4096x7168][2731x4096x7168][2731x4096x7168][2731x4096x7168][2731x4096x7168][2731x4096x7168][2731x4096x7168][2731x4096x7168][2730x4096x7168][2730x4096x7168][2730x4096x7168][2730x4096x7168]',,tensorop,f32,256,128,64,2,1,1,2,1,1,7,4,1,1,256,128,16,100,110,1442840576,1924413784064,1333,1.22134,1100.22,1.57565e+06
1,CUTLASS,grouped_gemm,cutlass3x_sm100_tensorop_gemm_grouped_bf16_bf16_f32_void_bf16_256x128x64_2x1x1_0_tnt_align8_2sm_epi_tma,passed,success,grouped,,,,,bf16:row,bf16:column,void:row,bf16:row,1,0,invalid,invalid,heuristic,1,false,'[2731x4096x7168][2731x4096x7168][2731x4096x7168][2731x4096x7168][2731x4096x7168][2731x4096x7168][2731x4096x7168][2731x4096x7168][2730x4096x7168][2730x4096x7168][2730x4096x7168][2730x4096x7168]',,tensorop,f32,256,128,64,2,1,1,2,1,1,8,4,1,1,256,128,16,100,110,1174405120,1924413784064,1638,1.21595,899.506,1.58265e+06
1,CUTLASS,grouped_gemm,cutlass3x_sm100_tensorop_gemm_grouped_bf16_bf16_f32_void_bf16_256x128x64_2x1x1_0_tnt_align8_stream_k_2sm_epi_tma,passed,success,grouped,,,,,bf16:row,bf16:column,void:row,bf16:row,1,0,invalid,invalid,heuristic,1,false,'[2731x4096x7168][2731x4096x7168][2731x4096x7168][2731x4096x7168][2731x4096x7168][2731x4096x7168][2731x4096x7168][2731x4096x7168][2730x4096x7168][2730x4096x7168][2730x4096x7168][2730x4096x7168]',,tensorop,f32,256,128,64,2,1,1,2,1,1,8,4,1,1,256,128,16,100,110,1174405120,1924413784064,1638,1.21213,902.339,1.58763e+06
1,CUTLASS,grouped_gemm,cutlass3x_sm100_tensorop_gemm_grouped_bf16_bf16_f32_bf16_bf16_256x128x64_2x2x1_0_tnt_align8_2sm_epi_tma,passed,success,grouped,,,,,bf16:row,bf16:column,bf16:row,bf16:row,1,0,invalid,invalid,heuristic,1,false,'[2731x4096x7168][2731x4096x7168][2731x4096x7168][2731x4096x7168][2731x4096x7168][2731x4096x7168][2731x4096x7168][2731x4096x7168][2730x4096x7168][2730x4096x7168][2730x4096x7168][2730x4096x7168]',,tensorop,f32,256,128,64,2,2,1,2,1,1,7,4,1,1,256,128,16,100,110,1442840576,1924413784064,1333,1.19697,1122.63,1.60774e+06
1,CUTLASS,grouped_gemm,cutlass3x_sm100_tensorop_gemm_grouped_bf16_bf16_f32_bf16_bf16_256x128x64_2x2x1_0_tnt_align8_stream_k_2sm_epi_tma,passed,success,grouped,,,,,bf16:row,bf16:column,bf16:row,bf16:row,1,0,invalid,invalid,heuristic,1,false,'[2731x4096x7168][2731x4096x7168][2731x4096x7168][2731x4096x7168][2731x4096x7168][2731x4096x7168][2731x4096x7168][2731x4096x7168][2730x4096x7168][2730x4096x7168][2730x4096x7168][2730x4096x7168]',,tensorop,f32,256,128,64,2,2,1,2,1,1,7,4,1,1,256,128,16,100,110,1442840576,1924413784064,1333,1.19779,1121.86,1.60663e+06
1,CUTLASS,grouped_gemm,cutlass3x_sm100_tensorop_gemm_grouped_bf16_bf16_f32_void_bf16_256x128x64_2x2x1_0_tnt_align8_2sm_epi_tma,passed,success,grouped,,,,,bf16:row,bf16:column,void:row,bf16:row,1,0,invalid,invalid,heuristic,1,false,'[2731x4096x7168][2731x4096x7168][2731x4096x7168][2731x4096x7168][2731x4096x7168][2731x4096x7168][2731x4096x7168][2731x4096x7168][2730x4096x7168][2730x4096x7168][2730x4096x7168][2730x4096x7168]',,tensorop,f32,256,128,64,2,2,1,2,1,1,8,4,1,1,256,128,16,100,110,1174405120,1924413784064,1638,1.12724,970.289,1.70719e+06
1,CUTLASS,grouped_gemm,cutlass3x_sm100_tensorop_gemm_grouped_bf16_bf16_f32_void_bf16_256x128x64_2x2x1_0_tnt_align8_stream_k_2sm_epi_tma,passed,success,grouped,,,,,bf16:row,bf16:column,void:row,bf16:row,1,0,invalid,invalid,heuristic,1,false,'[2731x4096x7168][2731x4096x7168][2731x4096x7168][2731x4096x7168][2731x4096x7168][2731x4096x7168][2731x4096x7168][2731x4096x7168][2730x4096x7168][2730x4096x7168][2730x4096x7168][2730x4096x7168]',,tensorop,f32,256,128,64,2,2,1,2,1,1,8,4,1,1,256,128,16,100,110,1174405120,1924413784064,1638,1.12745,970.113,1.70688e+06
1,CUTLASS,grouped_gemm,cutlass3x_sm100_tensorop_gemm_grouped_bf16_bf16_f32_bf16_bf16_256x128x64_4x1x1_0_tnt_align8_2sm_epi_tma,passed,success,grouped,,,,,bf16:row,bf16:column,bf16:row,bf16:row,1,0,invalid,invalid,heuristic,1,false,'[2731x4096x7168][2731x4096x7168][2731x4096x7168][2731x4096x7168][2731x4096x7168][2731x4096x7168][2731x4096x7168][2731x4096x7168][2730x4096x7168][2730x4096x7168][2730x4096x7168][2730x4096x7168]',,tensorop,f32,256,128,64,4,1,1,2,1,1,7,4,1,1,256,128,16,100,110,1442840576,1924413784064,1333,1.43516,936.31,1.34091e+06
1,CUTLASS,grouped_gemm,cutlass3x_sm100_tensorop_gemm_grouped_bf16_bf16_f32_bf16_bf16_256x128x64_4x1x1_0_tnt_align8_stream_k_2sm_epi_tma,passed,success,grouped,,,,,bf16:row,bf16:column,bf16:row,bf16:row,1,0,invalid,invalid,heuristic,1,false,'[2731x4096x7168][2731x4096x7168][2731x4096x7168][2731x4096x7168][2731x4096x7168][2731x4096x7168][2731x4096x7168][2731x4096x7168][2730x4096x7168][2730x4096x7168][2730x4096x7168][2730x4096x7168]',,tensorop,f32,256,128,64,4,1,1,2,1,1,7,4,1,1,256,128,16,100,110,1442840576,1924413784064,1333,1.4542,924.047,1.32335e+06
1,CUTLASS,grouped_gemm,cutlass3x_sm100_tensorop_gemm_grouped_bf16_bf16_f32_void_bf16_256x128x64_4x1x1_0_tnt_align8_2sm_epi_tma,passed,success,grouped,,,,,bf16:row,bf16:column,void:row,bf16:row,1,0,invalid,invalid,heuristic,1,false,'[2731x4096x7168][2731x4096x7168][2731x4096x7168][2731x4096x7168][2731x4096x7168][2731x4096x7168][2731x4096x7168][2731x4096x7168][2730x4096x7168][2730x4096x7168][2730x4096x7168][2730x4096x7168]',,tensorop,f32,256,128,64,4,1,1,2,1,1,8,4,1,1,256,128,16,100,110,1174405120,1924413784064,1638,1.43375,762.859,1.34222e+06
1,CUTLASS,grouped_gemm,cutlass3x_sm100_tensorop_gemm_grouped_bf16_bf16_f32_void_bf16_256x128x64_4x1x1_0_tnt_align8_stream_k_2sm_epi_tma,passed,success,grouped,,,,,bf16:row,bf16:column,void:row,bf16:row,1,0,invalid,invalid,heuristic,1,false,'[2731x4096x7168][2731x4096x7168][2731x4096x7168][2731x4096x7168][2731x4096x7168][2731x4096x7168][2731x4096x7168][2731x4096x7168][2730x4096x7168][2730x4096x7168][2730x4096x7168][2730x4096x7168]',,tensorop,f32,256,128,64,4,1,1,2,1,1,8,4,1,1,256,128,16,100,110,1174405120,1924413784064,1638,1.43454,762.441,1.34149e+06
1,CUTLASS,grouped_gemm,cutlass3x_sm100_tensorop_gemm_grouped_bf16_bf16_f32_bf16_bf16_256x128x64_2x4x1_0_tnt_align8_2sm_epi_tma,passed,success,grouped,,,,,bf16:row,bf16:column,bf16:row,bf16:row,1,0,invalid,invalid,heuristic,1,false,'[2731x4096x7168][2731x4096x7168][2731x4096x7168][2731x4096x7168][2731x4096x7168][2731x4096x7168][2731x4096x7168][2731x4096x7168][2730x4096x7168][2730x4096x7168][2730x4096x7168][2730x4096x7168]',,tensorop,f32,256,128,64,2,4,1,2,1,1,7,4,1,1,256,128,16,100,110,1442840576,1924413784064,1333,1.36911,981.479,1.4056e+06
1,CUTLASS,grouped_gemm,cutlass3x_sm100_tensorop_gemm_grouped_bf16_bf16_f32_bf16_bf16_256x128x64_2x4x1_0_tnt_align8_stream_k_2sm_epi_tma,passed,success,grouped,,,,,bf16:row,bf16:column,bf16:row,bf16:row,1,0,invalid,invalid,heuristic,1,false,'[2731x4096x7168][2731x4096x7168][2731x4096x7168][2731x4096x7168][2731x4096x7168][2731x4096x7168][2731x4096x7168][2731x4096x7168][2730x4096x7168][2730x4096x7168][2730x4096x7168][2730x4096x7168]',,tensorop,f32,256,128,64,2,4,1,2,1,1,7,4,1,1,256,128,16,100,110,1442840576,1924413784064,1333,1.37681,975.986,1.39773e+06
1,CUTLASS,grouped_gemm,cutlass3x_sm100_tensorop_gemm_grouped_bf16_bf16_f32_void_bf16_256x128x64_2x4x1_0_tnt_align8_2sm_epi_tma,passed,success,grouped,,,,,bf16:row,bf16:column,void:row,bf16:row,1,0,invalid,invalid,heuristic,1,false,'[2731x4096x7168][2731x4096x7168][2731x4096x7168][2731x4096x7168][2731x4096x7168][2731x4096x7168][2731x4096x7168][2731x4096x7168][2730x4096x7168][2730x4096x7168][2730x4096x7168][2730x4096x7168]',,tensorop,f32,256,128,64,2,4,1,2,1,1,8,4,1,1,256,128,16,100,110,1174405120,1924413784064,1638,1.25288,872.989,1.53599e+06
1,CUTLASS,grouped_gemm,cutlass3x_sm100_tensorop_gemm_grouped_bf16_bf16_f32_void_bf16_256x128x64_2x4x1_0_tnt_align8_stream_k_2sm_epi_tma,passed,success,grouped,,,,,bf16:row,bf16:column,void:row,bf16:row,1,0,invalid,invalid,heuristic,1,false,'[2731x4096x7168][2731x4096x7168][2731x4096x7168][2731x4096x7168][2731x4096x7168][2731x4096x7168][2731x4096x7168][2731x4096x7168][2730x4096x7168][2730x4096x7168][2730x4096x7168][2730x4096x7168]',,tensorop,f32,256,128,64,2,4,1,2,1,1,8,4,1,1,256,128,16,100,110,1174405120,1924413784064,1638,1.25309,872.841,1.53573e+06
1,CUTLASS,grouped_gemm,cutlass3x_sm100_tensorop_gemm_grouped_bf16_bf16_f32_bf16_bf16_256x128x64_4x2x1_0_tnt_align8_2sm_epi_tma,passed,success,grouped,,,,,bf16:row,bf16:column,bf16:row,bf16:row,1,0,invalid,invalid,heuristic,1,false,'[2731x4096x7168][2731x4096x7168][2731x4096x7168][2731x4096x7168][2731x4096x7168][2731x4096x7168][2731x4096x7168][2731x4096x7168][2730x4096x7168][2730x4096x7168][2730x4096x7168][2730x4096x7168]',,tensorop,f32,256,128,64,4,2,1,2,1,1,7,4,1,1,256,128,16,100,110,1442840576,1924413784064,1333,1.53254,876.814,1.2557e+06
1,CUTLASS,grouped_gemm,cutlass3x_sm100_tensorop_gemm_grouped_bf16_bf16_f32_bf16_bf16_256x128x64_4x2x1_0_tnt_align8_stream_k_2sm_epi_tma,passed,success,grouped,,,,,bf16:row,bf16:column,bf16:row,bf16:row,1,0,invalid,invalid,heuristic,1,false,'[2731x4096x7168][2731x4096x7168][2731x4096x7168][2731x4096x7168][2731x4096x7168][2731x4096x7168][2731x4096x7168][2731x4096x7168][2730x4096x7168][2730x4096x7168][2730x4096x7168][2730x4096x7168]',,tensorop,f32,256,128,64,4,2,1,2,1,1,7,4,1,1,256,128,16,100,110,1442840576,1924413784064,1333,1.5338,876.095,1.25467e+06
1,CUTLASS,grouped_gemm,cutlass3x_sm100_tensorop_gemm_grouped_bf16_bf16_f32_void_bf16_256x128x64_4x2x1_0_tnt_align8_2sm_epi_tma,passed,success,grouped,,,,,bf16:row,bf16:column,void:row,bf16:row,1,0,invalid,invalid,heuristic,1,false,'[2731x4096x7168][2731x4096x7168][2731x4096x7168][2731x4096x7168][2731x4096x7168][2731x4096x7168][2731x4096x7168][2731x4096x7168][2730x4096x7168][2730x4096x7168][2730x4096x7168][2730x4096x7168]',,tensorop,f32,256,128,64,4,2,1,2,1,1,8,4,1,1,256,128,16,100,110,1174405120,1924413784064,1638,1.39327,785.022,1.38122e+06
1,CUTLASS,grouped_gemm,cutlass3x_sm100_tensorop_gemm_grouped_bf16_bf16_f32_void_bf16_256x128x64_4x2x1_0_tnt_align8_stream_k_2sm_epi_tma,passed,success,grouped,,,,,bf16:row,bf16:column,void:row,bf16:row,1,0,invalid,invalid,heuristic,1,false,'[2731x4096x7168][2731x4096x7168][2731x4096x7168][2731x4096x7168][2731x4096x7168][2731x4096x7168][2731x4096x7168][2731x4096x7168][2730x4096x7168][2730x4096x7168][2730x4096x7168][2730x4096x7168]',,tensorop,f32,256,128,64,4,2,1,2,1,1,8,4,1,1,256,128,16,100,110,1174405120,1924413784064,1638,1.39348,784.906,1.38101e+06
1,CUTLASS,grouped_gemm,cutlass3x_sm100_tensorop_gemm_grouped_bf16_bf16_f32_bf16_bf16_256x128x64_4x4x1_0_tnt_align8_2sm_epi_tma,passed,success,grouped,,,,,bf16:row,bf16:column,bf16:row,bf16:row,1,0,invalid,invalid,heuristic,1,false,'[2731x4096x7168][2731x4096x7168][2731x4096x7168][2731x4096x7168][2731x4096x7168][2731x4096x7168][2731x4096x7168][2731x4096x7168][2730x4096x7168][2730x4096x7168][2730x4096x7168][2730x4096x7168]',,tensorop,f32,256,128,64,4,4,1,2,1,1,7,4,1,1,256,128,16,100,110,1442840576,1924413784064,1333,1.6207,829.115,1.18739e+06
1,CUTLASS,grouped_gemm,cutlass3x_sm100_tensorop_gemm_grouped_bf16_bf16_f32_bf16_bf16_256x128x64_4x4x1_0_tnt_align8_stream_k_2sm_epi_tma,passed,success,grouped,,,,,bf16:row,bf16:column,bf16:row,bf16:row,1,0,invalid,invalid,heuristic,1,false,'[2731x4096x7168][2731x4096x7168][2731x4096x7168][2731x4096x7168][2731x4096x7168][2731x4096x7168][2731x4096x7168][2731x4096x7168][2730x4096x7168][2730x4096x7168][2730x4096x7168][2730x4096x7168]',,tensorop,f32,256,128,64,4,4,1,2,1,1,7,4,1,1,256,128,16,100,110,1442840576,1924413784064,1333,1.61948,829.744,1.18829e+06
1,CUTLASS,grouped_gemm,cutlass3x_sm100_tensorop_gemm_grouped_bf16_bf16_f32_void_bf16_256x128x64_4x4x1_0_tnt_align8_2sm_epi_tma,passed,success,grouped,,,,,bf16:row,bf16:column,void:row,bf16:row,1,0,invalid,invalid,heuristic,1,false,'[2731x4096x7168][2731x4096x7168][2731x4096x7168][2731x4096x7168][2731x4096x7168][2731x4096x7168][2731x4096x7168][2731x4096x7168][2730x4096x7168][2730x4096x7168][2730x4096x7168][2730x4096x7168]',,tensorop,f32,256,128,64,4,4,1,2,1,1,8,4,1,1,256,128,16,100,110,1174405120,1924413784064,1638,1.4711,743.492,1.30815e+06
1,CUTLASS,grouped_gemm,cutlass3x_sm100_tensorop_gemm_grouped_bf16_bf16_f32_void_bf16_256x128x64_4x4x1_0_tnt_align8_stream_k_2sm_epi_tma,passed,success,grouped,,,,,bf16:row,bf16:column,void:row,bf16:row,1,0,invalid,invalid,heuristic,1,false,'[2731x4096x7168][2731x4096x7168][2731x4096x7168][2731x4096x7168][2731x4096x7168][2731x4096x7168][2731x4096x7168][2731x4096x7168][2730x4096x7168][2730x4096x7168][2730x4096x7168][2730x4096x7168]',,tensorop,f32,256,128,64,4,4,1,2,1,1,8,4,1,1,256,128,16,100,110,1174405120,1924413784064,1638,1.4715,743.287,1.30779e+06
1,CUTLASS,grouped_gemm,cutlass3x_sm100_tensorop_gemm_grouped_bf16_bf16_f32_f32_f32_256x256x64_0x0x1_0_tnt_align8_2sm_epi_tma,passed,success,grouped,,,,,bf16:row,bf16:column,f32:row,f32:row,1,0,invalid,invalid,heuristic,1,false,'[2731x4096x7168][2731x4096x7168][2731x4096x7168][2731x4096x7168][2731x4096x7168][2731x4096x7168][2731x4096x7168][2731x4096x7168][2730x4096x7168][2730x4096x7168][2730x4096x7168][2730x4096x7168]',,tensorop,f32,256,256,64,2,1,1,2,1,1,4,4,1,1,256,256,16,100,110,1711276032,1924413784064,1124,1.18755,1342.05,1.62049e+06
1,CUTLASS,grouped_gemm,cutlass3x_sm100_tensorop_gemm_grouped_bf16_bf16_f32_f32_f32_256x256x64_0x0x1_0_tnt_align8_stream_k_2sm_epi_tma,passed,success,grouped,,,,,bf16:row,bf16:column,f32:row,f32:row,1,0,invalid,invalid,heuristic,1,false,'[2731x4096x7168][2731x4096x7168][2731x4096x7168][2731x4096x7168][2731x4096x7168][2731x4096x7168][2731x4096x7168][2731x4096x7168][2730x4096x7168][2730x4096x7168][2730x4096x7168][2730x4096x7168]',,tensorop,f32,256,256,64,2,1,1,2,1,1,4,4,1,1,256,256,16,100,110,1711276032,1924413784064,1124,1.18755,1342.05,1.62049e+06
1,CUTLASS,grouped_gemm,cutlass3x_sm100_tensorop_gemm_grouped_bf16_bf16_f32_void_f32_256x256x64_0x0x1_0_tnt_align8_2sm_epi_tma,passed,success,grouped,,,,,bf16:row,bf16:column,void:row,f32:row,1,0,invalid,invalid,heuristic,1,false,'[2731x4096x7168][2731x4096x7168][2731x4096x7168][2731x4096x7168][2731x4096x7168][2731x4096x7168][2731x4096x7168][2731x4096x7168][2730x4096x7168][2730x4096x7168][2730x4096x7168][2730x4096x7168]',,tensorop,f32,256,256,64,2,1,1,2,1,1,5,4,1,1,256,256,16,100,110,1174405120,1924413784064,1638,1.06071,1031.15,1.81427e+06
1,CUTLASS,grouped_gemm,cutlass3x_sm100_tensorop_gemm_grouped_bf16_bf16_f32_void_f32_256x256x64_0x0x1_0_tnt_align8_stream_k_2sm_epi_tma,passed,success,grouped,,,,,bf16:row,bf16:column,void:row,f32:row,1,0,invalid,invalid,heuristic,1,false,'[2731x4096x7168][2731x4096x7168][2731x4096x7168][2731x4096x7168][2731x4096x7168][2731x4096x7168][2731x4096x7168][2731x4096x7168][2730x4096x7168][2730x4096x7168][2730x4096x7168][2730x4096x7168]',,tensorop,f32,256,256,64,2,1,1,2,1,1,5,4,1,1,256,256,16,100,110,1174405120,1924413784064,1638,1.05965,1032.18,1.81608e+06
1,CUTLASS,grouped_gemm,cutlass3x_sm100_tensorop_gemm_grouped_bf16_bf16_f32_f32_f32_256x256x64_2x1x1_0_tnt_align8_2sm_epi_tma,passed,success,grouped,,,,,bf16:row,bf16:column,f32:row,f32:row,1,0,invalid,invalid,heuristic,1,false,'[2731x4096x7168][2731x4096x7168][2731x4096x7168][2731x4096x7168][2731x4096x7168][2731x4096x7168][2731x4096x7168][2731x4096x7168][2730x4096x7168][2730x4096x7168][2730x4096x7168][2730x4096x7168]',,tensorop,f32,256,256,64,2,1,1,2,1,1,4,4,1,1,256,256,16,100,110,1711276032,1924413784064,1124,1.18738,1342.25,1.62073e+06
1,CUTLASS,grouped_gemm,cutlass3x_sm100_tensorop_gemm_grouped_bf16_bf16_f32_f32_f32_256x256x64_2x1x1_0_tnt_align8_stream_k_2sm_epi_tma,passed,success,grouped,,,,,bf16:row,bf16:column,f32:row,f32:row,1,0,invalid,invalid,heuristic,1,false,'[2731x4096x7168][2731x4096x7168][2731x4096x7168][2731x4096x7168][2731x4096x7168][2731x4096x7168][2731x4096x7168][2731x4096x7168][2730x4096x7168][2730x4096x7168][2730x4096x7168][2730x4096x7168]',,tensorop,f32,256,256,64,2,1,1,2,1,1,4,4,1,1,256,256,16,100,110,1711276032,1924413784064,1124,1.18468,1345.3,1.62441e+06
1,CUTLASS,grouped_gemm,cutlass3x_sm100_tensorop_gemm_grouped_bf16_bf16_f32_void_f32_256x256x64_2x1x1_0_tnt_align8_2sm_epi_tma,passed,success,grouped,,,,,bf16:row,bf16:column,void:row,f32:row,1,0,invalid,invalid,heuristic,1,false,'[2731x4096x7168][2731x4096x7168][2731x4096x7168][2731x4096x7168][2731x4096x7168][2731x4096x7168][2731x4096x7168][2731x4096x7168][2730x4096x7168][2730x4096x7168][2730x4096x7168][2730x4096x7168]',,tensorop,f32,256,256,64,2,1,1,2,1,1,5,4,1,1,256,256,16,100,110,1174405120,1924413784064,1638,1.05699,1034.78,1.82065e+06
1,CUTLASS,grouped_gemm,cutlass3x_sm100_tensorop_gemm_grouped_bf16_bf16_f32_void_f32_256x256x64_2x1x1_0_tnt_align8_stream_k_2sm_epi_tma,passed,success,grouped,,,,,bf16:row,bf16:column,void:row,f32:row,1,0,invalid,invalid,heuristic,1,false,'[2731x4096x7168][2731x4096x7168][2731x4096x7168][2731x4096x7168][2731x4096x7168][2731x4096x7168][2731x4096x7168][2731x4096x7168][2730x4096x7168][2730x4096x7168][2730x4096x7168][2730x4096x7168]',,tensorop,f32,256,256,64,2,1,1,2,1,1,5,4,1,1,256,256,16,100,110,1174405120,1924413784064,1638,1.06314,1028.8,1.81013e+06
1,CUTLASS,grouped_gemm,cutlass3x_sm100_tensorop_gemm_grouped_bf16_bf16_f32_f32_f32_256x256x64_2x2x1_0_tnt_align8_2sm_epi_tma,passed,success,grouped,,,,,bf16:row,bf16:column,f32:row,f32:row,1,0,invalid,invalid,heuristic,1,false,'[2731x4096x7168][2731x4096x7168][2731x4096x7168][2731x4096x7168][2731x4096x7168][2731x4096x7168][2731x4096x7168][2731x4096x7168][2730x4096x7168][2730x4096x7168][2730x4096x7168][2730x4096x7168]',,tensorop,f32,256,256,64,2,2,1,2,1,1,4,4,1,1,256,256,16,100,110,1711276032,1924413784064,1124,1.24789,1277.15,1.54213e+06
1,CUTLASS,grouped_gemm,cutlass3x_sm100_tensorop_gemm_grouped_bf16_bf16_f32_f32_f32_256x256x64_2x2x1_0_tnt_align8_stream_k_2sm_epi_tma,passed,success,grouped,,,,,bf16:row,bf16:column,f32:row,f32:row,1,0,invalid,invalid,heuristic,1,false,'[2731x4096x7168][2731x4096x7168][2731x4096x7168][2731x4096x7168][2731x4096x7168][2731x4096x7168][2731x4096x7168][2731x4096x7168][2730x4096x7168][2730x4096x7168][2730x4096x7168][2730x4096x7168]',,tensorop,f32,256,256,64,2,2,1,2,1,1,4,4,1,1,256,256,16,100,110,1711276032,1924413784064,1124,1.24749,1277.57,1.54263e+06
1,CUTLASS,grouped_gemm,cutlass3x_sm100_tensorop_gemm_grouped_bf16_bf16_f32_void_f32_256x256x64_2x2x1_0_tnt_align8_2sm_epi_tma,passed,success,grouped,,,,,bf16:row,bf16:column,void:row,f32:row,1,0,invalid,invalid,heuristic,1,false,'[2731x4096x7168][2731x4096x7168][2731x4096x7168][2731x4096x7168][2731x4096x7168][2731x4096x7168][2731x4096x7168][2731x4096x7168][2730x4096x7168][2730x4096x7168][2730x4096x7168][2730x4096x7168]',,tensorop,f32,256,256,64,2,2,1,2,1,1,5,4,1,1,256,256,16,100,110,1174405120,1924413784064,1638,1.09836,995.798,1.75207e+06
1,CUTLASS,grouped_gemm,cutlass3x_sm100_tensorop_gemm_grouped_bf16_bf16_f32_void_f32_256x256x64_2x2x1_0_tnt_align8_stream_k_2sm_epi_tma,passed,success,grouped,,,,,bf16:row,bf16:column,void:row,f32:row,1,0,invalid,invalid,heuristic,1,false,'[2731x4096x7168][2731x4096x7168][2731x4096x7168][2731x4096x7168][2731x4096x7168][2731x4096x7168][2731x4096x7168][2731x4096x7168][2730x4096x7168][2730x4096x7168][2730x4096x7168][2730x4096x7168]',,tensorop,f32,256,256,64,2,2,1,2,1,1,5,4,1,1,256,256,16,100,110,1174405120,1924413784064,1638,1.09819,995.961,1.75236e+06
1,CUTLASS,grouped_gemm,cutlass3x_sm100_tensorop_gemm_grouped_bf16_bf16_f32_f32_f32_256x256x64_4x1x1_0_tnt_align8_2sm_epi_tma,passed,success,grouped,,,,,bf16:row,bf16:column,f32:row,f32:row,1,0,invalid,invalid,heuristic,1,false,'[2731x4096x7168][2731x4096x7168][2731x4096x7168][2731x4096x7168][2731x4096x7168][2731x4096x7168][2731x4096x7168][2731x4096x7168][2730x4096x7168][2730x4096x7168][2730x4096x7168][2730x4096x7168]',,tensorop,f32,256,256,64,4,1,1,2,1,1,4,4,1,1,256,256,16,100,110,1711276032,1924413784064,1124,1.32582,1202.09,1.45149e+06
1,CUTLASS,grouped_gemm,cutlass3x_sm100_tensorop_gemm_grouped_bf16_bf16_f32_f32_f32_256x256x64_4x1x1_0_tnt_align8_stream_k_2sm_epi_tma,passed,success,grouped,,,,,bf16:row,bf16:column,f32:row,f32:row,1,0,invalid,invalid,heuristic,1,false,'[2731x4096x7168][2731x4096x7168][2731x4096x7168][2731x4096x7168][2731x4096x7168][2731x4096x7168][2731x4096x7168][2731x4096x7168][2730x4096x7168][2730x4096x7168][2730x4096x7168][2730x4096x7168]',,tensorop,f32,256,256,64,4,1,1,2,1,1,4,4,1,1,256,256,16,100,110,1711276032,1924413784064,1124,1.32541,1202.46,1.45194e+06
1,CUTLASS,grouped_gemm,cutlass3x_sm100_tensorop_gemm_grouped_bf16_bf16_f32_void_f32_256x256x64_4x1x1_0_tnt_align8_2sm_epi_tma,passed,success,grouped,,,,,bf16:row,bf16:column,void:row,f32:row,1,0,invalid,invalid,heuristic,1,false,'[2731x4096x7168][2731x4096x7168][2731x4096x7168][2731x4096x7168][2731x4096x7168][2731x4096x7168][2731x4096x7168][2731x4096x7168][2730x4096x7168][2730x4096x7168][2730x4096x7168][2730x4096x7168]',,tensorop,f32,256,256,64,4,1,1,2,1,1,5,4,1,1,256,256,16,100,110,1174405120,1924413784064,1638,1.14577,954.596,1.67958e+06
1,CUTLASS,grouped_gemm,cutlass3x_sm100_tensorop_gemm_grouped_bf16_bf16_f32_void_f32_256x256x64_4x1x1_0_tnt_align8_stream_k_2sm_epi_tma,passed,success,grouped,,,,,bf16:row,bf16:column,void:row,f32:row,1,0,invalid,invalid,heuristic,1,false,'[2731x4096x7168][2731x4096x7168][2731x4096x7168][2731x4096x7168][2731x4096x7168][2731x4096x7168][2731x4096x7168][2731x4096x7168][2730x4096x7168][2730x4096x7168][2730x4096x7168][2730x4096x7168]',,tensorop,f32,256,256,64,4,1,1,2,1,1,5,4,1,1,256,256,16,100,110,1174405120,1924413784064,1638,1.14539,954.919,1.68014e+06
1,CUTLASS,grouped_gemm,cutlass3x_sm100_tensorop_gemm_grouped_bf16_bf16_f32_f32_f32_256x256x64_2x4x1_0_tnt_align8_2sm_epi_tma,passed,success,grouped,,,,,bf16:row,bf16:column,f32:row,f32:row,1,0,invalid,invalid,heuristic,1,false,'[2731x4096x7168][2731x4096x7168][2731x4096x7168][2731x4096x7168][2731x4096x7168][2731x4096x7168][2731x4096x7168][2731x4096x7168][2730x4096x7168][2730x4096x7168][2730x4096x7168][2730x4096x7168]',,tensorop,f32,256,256,64,2,4,1,2,1,1,4,4,1,1,256,256,16,100,110,1711276032,1924413784064,1124,1.45533,1095.11,1.32232e+06
1,CUTLASS,grouped_gemm,cutlass3x_sm100_tensorop_gemm_grouped_bf16_bf16_f32_f32_f32_256x256x64_2x4x1_0_tnt_align8_stream_k_2sm_epi_tma,passed,success,grouped,,,,,bf16:row,bf16:column,f32:row,f32:row,1,0,invalid,invalid,heuristic,1,false,'[2731x4096x7168][2731x4096x7168][2731x4096x7168][2731x4096x7168][2731x4096x7168][2731x4096x7168][2731x4096x7168][2731x4096x7168][2730x4096x7168][2730x4096x7168][2730x4096x7168][2730x4096x7168]',,tensorop,f32,256,256,64,2,4,1,2,1,1,4,4,1,1,256,256,16,100,110,1711276032,1924413784064,1124,1.45471,1095.58,1.32288e+06
1,CUTLASS,grouped_gemm,cutlass3x_sm100_tensorop_gemm_grouped_bf16_bf16_f32_void_f32_256x256x64_2x4x1_0_tnt_align8_2sm_epi_tma,passed,success,grouped,,,,,bf16:row,bf16:column,void:row,f32:row,1,0,invalid,invalid,heuristic,1,false,'[2731x4096x7168][2731x4096x7168][2731x4096x7168][2731x4096x7168][2731x4096x7168][2731x4096x7168][2731x4096x7168][2731x4096x7168][2730x4096x7168][2730x4096x7168][2730x4096x7168][2730x4096x7168]',,tensorop,f32,256,256,64,2,4,1,2,1,1,5,4,1,1,256,256,16,100,110,1174405120,1924413784064,1638,1.25015,874.897,1.53935e+06
1,CUTLASS,grouped_gemm,cutlass3x_sm100_tensorop_gemm_grouped_bf16_bf16_f32_void_f32_256x256x64_2x4x1_0_tnt_align8_stream_k_2sm_epi_tma,passed,success,grouped,,,,,bf16:row,bf16:column,void:row,f32:row,1,0,invalid,invalid,heuristic,1,false,'[2731x4096x7168][2731x4096x7168][2731x4096x7168][2731x4096x7168][2731x4096x7168][2731x4096x7168][2731x4096x7168][2731x4096x7168][2730x4096x7168][2730x4096x7168][2730x4096x7168][2730x4096x7168]',,tensorop,f32,256,256,64,2,4,1,2,1,1,5,4,1,1,256,256,16,100,110,1174405120,1924413784064,1638,1.25022,874.848,1.53926e+06
1,CUTLASS,grouped_gemm,cutlass3x_sm100_tensorop_gemm_grouped_bf16_bf16_f32_f32_f32_256x256x64_4x2x1_0_tnt_align8_2sm_epi_tma,passed,success,grouped,,,,,bf16:row,bf16:column,f32:row,f32:row,1,0,invalid,invalid,heuristic,1,false,'[2731x4096x7168][2731x4096x7168][2731x4096x7168][2731x4096x7168][2731x4096x7168][2731x4096x7168][2731x4096x7168][2731x4096x7168][2730x4096x7168][2730x4096x7168][2730x4096x7168][2730x4096x7168]',,tensorop,f32,256,256,64,4,2,1,2,1,1,4,4,1,1,256,256,16,100,110,1711276032,1924413784064,1124,1.57534,1011.69,1.22159e+06
1,CUTLASS,grouped_gemm,cutlass3x_sm100_tensorop_gemm_grouped_bf16_bf16_f32_f32_f32_256x256x64_4x2x1_0_tnt_align8_stream_k_2sm_epi_tma,passed,success,grouped,,,,,bf16:row,bf16:column,f32:row,f32:row,1,0,invalid,invalid,heuristic,1,false,'[2731x4096x7168][2731x4096x7168][2731x4096x7168][2731x4096x7168][2731x4096x7168][2731x4096x7168][2731x4096x7168][2731x4096x7168][2730x4096x7168][2730x4096x7168][2730x4096x7168][2730x4096x7168]',,tensorop,f32,256,256,64,4,2,1,2,1,1,4,4,1,1,256,256,16,100,110,1711276032,1924413784064,1124,1.57473,1012.08,1.22206e+06
1,CUTLASS,grouped_gemm,cutlass3x_sm100_tensorop_gemm_grouped_bf16_bf16_f32_void_f32_256x256x64_4x2x1_0_tnt_align8_2sm_epi_tma,passed,success,grouped,,,,,bf16:row,bf16:column,void:row,f32:row,1,0,invalid,invalid,heuristic,1,false,'[2731x4096x7168][2731x4096x7168][2731x4096x7168][2731x4096x7168][2731x4096x7168][2731x4096x7168][2731x4096x7168][2731x4096x7168][2730x4096x7168][2730x4096x7168][2730x4096x7168][2730x4096x7168]',,tensorop,f32,256,256,64,4,2,1,2,1,1,5,4,1,1,256,256,16,100,110,1174405120,1924413784064,1638,1.33101,821.742,1.44582e+06
1,CUTLASS,grouped_gemm,cutlass3x_sm100_tensorop_gemm_grouped_bf16_bf16_f32_void_f32_256x256x64_4x2x1_0_tnt_align8_stream_k_2sm_epi_tma,passed,success,grouped,,,,,bf16:row,bf16:column,void:row,f32:row,1,0,invalid,invalid,heuristic,1,false,'[2731x4096x7168][2731x4096x7168][2731x4096x7168][2731x4096x7168][2731x4096x7168][2731x4096x7168][2731x4096x7168][2731x4096x7168][2730x4096x7168][2730x4096x7168][2730x4096x7168][2730x4096x7168]',,tensorop,f32,256,256,64,4,2,1,2,1,1,5,4,1,1,256,256,16,100,110,1174405120,1924413784064,1638,1.33135,821.536,1.44546e+06
1,CUTLASS,grouped_gemm,cutlass3x_sm100_tensorop_gemm_grouped_bf16_bf16_f32_f32_f32_256x256x64_4x4x1_0_tnt_align8_2sm_epi_tma,passed,success,grouped,,,,,bf16:row,bf16:column,f32:row,f32:row,1,0,invalid,invalid,heuristic,1,false,'[2731x4096x7168][2731x4096x7168][2731x4096x7168][2731x4096x7168][2731x4096x7168][2731x4096x7168][2731x4096x7168][2731x4096x7168][2730x4096x7168][2730x4096x7168][2730x4096x7168][2730x4096x7168]',,tensorop,f32,256,256,64,4,4,1,2,1,1,4,4,1,1,256,256,16,100,110,1711276032,1924413784064,1124,1.67702,950.348,1.14752e+06
1,CUTLASS,grouped_gemm,cutlass3x_sm100_tensorop_gemm_grouped_bf16_bf16_f32_f32_f32_256x256x64_4x4x1_0_tnt_align8_stream_k_2sm_epi_tma,passed,success,grouped,,,,,bf16:row,bf16:column,f32:row,f32:row,1,0,invalid,invalid,heuristic,1,false,'[2731x4096x7168][2731x4096x7168][2731x4096x7168][2731x4096x7168][2731x4096x7168][2731x4096x7168][2731x4096x7168][2731x4096x7168][2730x4096x7168][2730x4096x7168][2730x4096x7168][2730x4096x7168]',,tensorop,f32,256,256,64,4,4,1,2,1,1,4,4,1,1,256,256,16,100,110,1711276032,1924413784064,1124,1.67702,950.344,1.14752e+06
1,CUTLASS,grouped_gemm,cutlass3x_sm100_tensorop_gemm_grouped_bf16_bf16_f32_void_f32_256x256x64_4x4x1_0_tnt_align8_2sm_epi_tma,passed,success,grouped,,,,,bf16:row,bf16:column,void:row,f32:row,1,0,invalid,invalid,heuristic,1,false,'[2731x4096x7168][2731x4096x7168][2731x4096x7168][2731x4096x7168][2731x4096x7168][2731x4096x7168][2731x4096x7168][2731x4096x7168][2730x4096x7168][2730x4096x7168][2730x4096x7168][2730x4096x7168]',,tensorop,f32,256,256,64,4,4,1,2,1,1,5,4,1,1,256,256,16,100,110,1174405120,1924413784064,1638,1.42123,769.579,1.35405e+06
1,CUTLASS,grouped_gemm,cutlass3x_sm100_tensorop_gemm_grouped_bf16_bf16_f32_void_f32_256x256x64_4x4x1_0_tnt_align8_stream_k_2sm_epi_tma,passed,success,grouped,,,,,bf16:row,bf16:column,void:row,f32:row,1,0,invalid,invalid,heuristic,1,false,'[2731x4096x7168][2731x4096x7168][2731x4096x7168][2731x4096x7168][2731x4096x7168][2731x4096x7168][2731x4096x7168][2731x4096x7168][2730x4096x7168][2730x4096x7168][2730x4096x7168][2730x4096x7168]',,tensorop,f32,256,256,64,4,4,1,2,1,1,5,4,1,1,256,256,16,100,110,1174405120,1924413784064,1638,1.42095,769.73,1.35431e+06
1,CUTLASS,grouped_gemm,cutlass3x_sm100_tensorop_gemm_grouped_bf16_bf16_f32_bf16_bf16_256x256x64_0x0x1_0_tnt_align8_2sm_epi_tma,passed,success,grouped,,,,,bf16:row,bf16:column,bf16:row,bf16:row,1,0,invalid,invalid,heuristic,1,false,'[2731x4096x7168][2731x4096x7168][2731x4096x7168][2731x4096x7168][2731x4096x7168][2731x4096x7168][2731x4096x7168][2731x4096x7168][2730x4096x7168][2730x4096x7168][2730x4096x7168][2730x4096x7168]',,tensorop,f32,256,256,64,2,1,1,2,1,1,4,4,1,1,256,256,16,100,110,1442840576,1924413784064,1333,1.14905,1169.44,1.67479e+06
1,CUTLASS,grouped_gemm,cutlass3x_sm100_tensorop_gemm_grouped_bf16_bf16_f32_bf16_bf16_256x256x64_0x0x1_0_tnt_align8_stream_k_2sm_epi_tma,passed,success,grouped,,,,,bf16:row,bf16:column,bf16:row,bf16:row,1,0,invalid,invalid,heuristic,1,false,'[2731x4096x7168][2731x4096x7168][2731x4096x7168][2731x4096x7168][2731x4096x7168][2731x4096x7168][2731x4096x7168][2731x4096x7168][2730x4096x7168][2730x4096x7168][2730x4096x7168][2730x4096x7168]',,tensorop,f32,256,256,64,2,1,1,2,1,1,4,4,1,1,256,256,16,100,110,1442840576,1924413784064,1333,1.15072,1167.75,1.67236e+06
1,CUTLASS,grouped_gemm,cutlass3x_sm100_tensorop_gemm_grouped_bf16_bf16_f32_void_bf16_256x256x64_0x0x1_0_tnt_align8_2sm_epi_tma,passed,success,grouped,,,,,bf16:row,bf16:column,void:row,bf16:row,1,0,invalid,invalid,heuristic,1,false,'[2731x4096x7168][2731x4096x7168][2731x4096x7168][2731x4096x7168][2731x4096x7168][2731x4096x7168][2731x4096x7168][2731x4096x7168][2730x4096x7168][2730x4096x7168][2730x4096x7168][2730x4096x7168]',,tensorop,f32,256,256,64,2,1,1,2,1,1,6,4,1,1,256,256,16,100,110,1174405120,1924413784064,1638,1.00641,1086.79,1.91216e+06
1,CUTLASS,grouped_gemm,cutlass3x_sm100_tensorop_gemm_grouped_bf16_bf16_f32_void_bf16_256x256x64_0x0x1_0_tnt_align8_stream_k_2sm_epi_tma,passed,success,grouped,,,,,bf16:row,bf16:column,void:row,bf16:row,1,0,invalid,invalid,heuristic,1,false,'[2731x4096x7168][2731x4096x7168][2731x4096x7168][2731x4096x7168][2731x4096x7168][2731x4096x7168][2731x4096x7168][2731x4096x7168][2730x4096x7168][2730x4096x7168][2730x4096x7168][2730x4096x7168]',,tensorop,f32,256,256,64,2,1,1,2,1,1,6,4,1,1,256,256,16,100,110,1174405120,1924413784064,1638,1.006,1087.23,1.91294e+06
1,CUTLASS,grouped_gemm,cutlass3x_sm100_tensorop_gemm_grouped_bf16_bf16_f32_bf16_bf16_256x256x64_2x1x1_0_tnt_align8_2sm_epi_tma,passed,success,grouped,,,,,bf16:row,bf16:column,bf16:row,bf16:row,1,0,invalid,invalid,heuristic,1,false,'[2731x4096x7168][2731x4096x7168][2731x4096x7168][2731x4096x7168][2731x4096x7168][2731x4096x7168][2731x4096x7168][2731x4096x7168][2730x4096x7168][2730x4096x7168][2730x4096x7168][2730x4096x7168]',,tensorop,f32,256,256,64,2,1,1,2,1,1,4,4,1,1,256,256,16,100,110,1442840576,1924413784064,1333,1.15112,1167.34,1.67177e+06
1,CUTLASS,grouped_gemm,cutlass3x_sm100_tensorop_gemm_grouped_bf16_bf16_f32_bf16_bf16_256x256x64_2x1x1_0_tnt_align8_stream_k_2sm_epi_tma,passed,success,grouped,,,,,bf16:row,bf16:column,bf16:row,bf16:row,1,0,invalid,invalid,heuristic,1,false,'[2731x4096x7168][2731x4096x7168][2731x4096x7168][2731x4096x7168][2731x4096x7168][2731x4096x7168][2731x4096x7168][2731x4096x7168][2730x4096x7168][2730x4096x7168][2730x4096x7168][2730x4096x7168]',,tensorop,f32,256,256,64,2,1,1,2,1,1,4,4,1,1,256,256,16,100,110,1442840576,1924413784064,1333,1.14939,1169.1,1.6743e+06
1,CUTLASS,grouped_gemm,cutlass3x_sm100_tensorop_gemm_grouped_bf16_bf16_f32_void_bf16_256x256x64_2x1x1_0_tnt_align8_2sm_epi_tma,passed,success,grouped,,,,,bf16:row,bf16:column,void:row,bf16:row,1,0,invalid,invalid,heuristic,1,false,'[2731x4096x7168][2731x4096x7168][2731x4096x7168][2731x4096x7168][2731x4096x7168][2731x4096x7168][2731x4096x7168][2731x4096x7168][2730x4096x7168][2730x4096x7168][2730x4096x7168][2730x4096x7168]',,tensorop,f32,256,256,64,2,1,1,2,1,1,6,4,1,1,256,256,16,100,110,1174405120,1924413784064,1638,1.00295,1090.53,1.91875e+06
1,CUTLASS,grouped_gemm,cutlass3x_sm100_tensorop_gemm_grouped_bf16_bf16_f32_void_bf16_256x256x64_2x1x1_0_tnt_align8_stream_k_2sm_epi_tma,passed,success,grouped,,,,,bf16:row,bf16:column,void:row,bf16:row,1,0,invalid,invalid,heuristic,1,false,'[2731x4096x7168][2731x4096x7168][2731x4096x7168][2731x4096x7168][2731x4096x7168][2731x4096x7168][2731x4096x7168][2731x4096x7168][2730x4096x7168][2730x4096x7168][2730x4096x7168][2730x4096x7168]',,tensorop,f32,256,256,64,2,1,1,2,1,1,6,4,1,1,256,256,16,100,110,1174405120,1924413784064,1638,1.00702,1086.12,1.911e+06
1,CUTLASS,grouped_gemm,cutlass3x_sm100_tensorop_gemm_grouped_bf16_bf16_f32_bf16_bf16_256x256x64_2x2x1_0_tnt_align8_2sm_epi_tma,passed,success,grouped,,,,,bf16:row,bf16:column,bf16:row,bf16:row,1,0,invalid,invalid,heuristic,1,false,'[2731x4096x7168][2731x4096x7168][2731x4096x7168][2731x4096x7168][2731x4096x7168][2731x4096x7168][2731x4096x7168][2731x4096x7168][2730x4096x7168][2730x4096x7168][2730x4096x7168][2730x4096x7168]',,tensorop,f32,256,256,64,2,2,1,2,1,1,4,4,1,1,256,256,16,100,110,1442840576,1924413784064,1333,1.19678,1122.8,1.60799e+06
1,CUTLASS,grouped_gemm,cutlass3x_sm100_tensorop_gemm_grouped_bf16_bf16_f32_bf16_bf16_256x256x64_2x2x1_0_tnt_align8_stream_k_2sm_epi_tma,passed,success,grouped,,,,,bf16:row,bf16:column,bf16:row,bf16:row,1,0,invalid,invalid,heuristic,1,false,'[2731x4096x7168][2731x4096x7168][2731x4096x7168][2731x4096x7168][2731x4096x7168][2731x4096x7168][2731x4096x7168][2731x4096x7168][2730x4096x7168][2730x4096x7168][2730x4096x7168][2730x4096x7168]',,tensorop,f32,256,256,64,2,2,1,2,1,1,4,4,1,1,256,256,16,100,110,1442840576,1924413784064,1333,1.19718,1122.43,1.60746e+06
1,CUTLASS,grouped_gemm,cutlass3x_sm100_tensorop_gemm_grouped_bf16_bf16_f32_void_bf16_256x256x64_2x2x1_0_tnt_align8_2sm_epi_tma,passed,success,grouped,,,,,bf16:row,bf16:column,void:row,bf16:row,1,0,invalid,invalid,heuristic,1,false,'[2731x4096x7168][2731x4096x7168][2731x4096x7168][2731x4096x7168][2731x4096x7168][2731x4096x7168][2731x4096x7168][2731x4096x7168][2730x4096x7168][2730x4096x7168][2730x4096x7168][2730x4096x7168]',,tensorop,f32,256,256,64,2,2,1,2,1,1,6,4,1,1,256,256,16,100,110,1174405120,1924413784064,1638,1.01931,1073.03,1.88797e+06
1,CUTLASS,grouped_gemm,cutlass3x_sm100_tensorop_gemm_grouped_bf16_bf16_f32_void_bf16_256x256x64_2x2x1_0_tnt_align8_stream_k_2sm_epi_tma,passed,success,grouped,,,,,bf16:row,bf16:column,void:row,bf16:row,1,0,invalid,invalid,heuristic,1,false,'[2731x4096x7168][2731x4096x7168][2731x4096x7168][2731x4096x7168][2731x4096x7168][2731x4096x7168][2731x4096x7168][2731x4096x7168][2730x4096x7168][2730x4096x7168][2730x4096x7168][2730x4096x7168]',,tensorop,f32,256,256,64,2,2,1,2,1,1,6,4,1,1,256,256,16,100,110,1174405120,1924413784064,1638,1.02136,1070.88,1.88417e+06
1,CUTLASS,grouped_gemm,cutlass3x_sm100_tensorop_gemm_grouped_bf16_bf16_f32_bf16_bf16_256x256x64_4x1x1_0_tnt_align8_2sm_epi_tma,passed,success,grouped,,,,,bf16:row,bf16:column,bf16:row,bf16:row,1,0,invalid,invalid,heuristic,1,false,'[2731x4096x7168][2731x4096x7168][2731x4096x7168][2731x4096x7168][2731x4096x7168][2731x4096x7168][2731x4096x7168][2731x4096x7168][2730x4096x7168][2730x4096x7168][2730x4096x7168][2730x4096x7168]',,tensorop,f32,256,256,64,4,1,1,2,1,1,4,4,1,1,256,256,16,100,110,1442840576,1924413784064,1333,1.28156,1048.53,1.50162e+06
1,CUTLASS,grouped_gemm,cutlass3x_sm100_tensorop_gemm_grouped_bf16_bf16_f32_bf16_bf16_256x256x64_4x1x1_0_tnt_align8_stream_k_2sm_epi_tma,passed,success,grouped,,,,,bf16:row,bf16:column,bf16:row,bf16:row,1,0,invalid,invalid,heuristic,1,false,'[2731x4096x7168][2731x4096x7168][2731x4096x7168][2731x4096x7168][2731x4096x7168][2731x4096x7168][2731x4096x7168][2731x4096x7168][2730x4096x7168][2730x4096x7168][2730x4096x7168][2730x4096x7168]',,tensorop,f32,256,256,64,4,1,1,2,1,1,4,4,1,1,256,256,16,100,110,1442840576,1924413784064,1333,1.28156,1048.53,1.50162e+06
1,CUTLASS,grouped_gemm,cutlass3x_sm100_tensorop_gemm_grouped_bf16_bf16_f32_void_bf16_256x256x64_4x1x1_0_tnt_align8_2sm_epi_tma,passed,success,grouped,,,,,bf16:row,bf16:column,void:row,bf16:row,1,0,invalid,invalid,heuristic,1,false,'[2731x4096x7168][2731x4096x7168][2731x4096x7168][2731x4096x7168][2731x4096x7168][2731x4096x7168][2731x4096x7168][2731x4096x7168][2730x4096x7168][2730x4096x7168][2730x4096x7168][2730x4096x7168]',,tensorop,f32,256,256,64,4,1,1,2,1,1,6,4,1,1,256,256,16,100,110,1174405120,1924413784064,1638,1.08853,1004.8,1.7679e+06
1,CUTLASS,grouped_gemm,cutlass3x_sm100_tensorop_gemm_grouped_bf16_bf16_f32_void_bf16_256x256x64_4x1x1_0_tnt_align8_stream_k_2sm_epi_tma,passed,success,grouped,,,,,bf16:row,bf16:column,void:row,bf16:row,1,0,invalid,invalid,heuristic,1,false,'[2731x4096x7168][2731x4096x7168][2731x4096x7168][2731x4096x7168][2731x4096x7168][2731x4096x7168][2731x4096x7168][2731x4096x7168][2730x4096x7168][2730x4096x7168][2730x4096x7168][2730x4096x7168]',,tensorop,f32,256,256,64,4,1,1,2,1,1,6,4,1,1,256,256,16,100,110,1174405120,1924413784064,1638,1.08996,1003.47,1.76557e+06
1,CUTLASS,grouped_gemm,cutlass3x_sm100_tensorop_gemm_grouped_bf16_bf16_f32_bf16_bf16_256x256x64_2x4x1_0_tnt_align8_2sm_epi_tma,passed,success,grouped,,,,,bf16:row,bf16:column,bf16:row,bf16:row,1,0,invalid,invalid,heuristic,1,false,'[2731x4096x7168][2731x4096x7168][2731x4096x7168][2731x4096x7168][2731x4096x7168][2731x4096x7168][2731x4096x7168][2731x4096x7168][2730x4096x7168][2730x4096x7168][2730x4096x7168][2730x4096x7168]',,tensorop,f32,256,256,64,2,4,1,2,1,1,4,4,1,1,256,256,16,100,110,1442840576,1924413784064,1333,1.39696,961.908,1.37757e+06
1,CUTLASS,grouped_gemm,cutlass3x_sm100_tensorop_gemm_grouped_bf16_bf16_f32_bf16_bf16_256x256x64_2x4x1_0_tnt_align8_stream_k_2sm_epi_tma,passed,success,grouped,,,,,bf16:row,bf16:column,bf16:row,bf16:row,1,0,invalid,invalid,heuristic,1,false,'[2731x4096x7168][2731x4096x7168][2731x4096x7168][2731x4096x7168][2731x4096x7168][2731x4096x7168][2731x4096x7168][2731x4096x7168][2730x4096x7168][2730x4096x7168][2730x4096x7168][2730x4096x7168]',,tensorop,f32,256,256,64,2,4,1,2,1,1,4,4,1,1,256,256,16,100,110,1442840576,1924413784064,1333,1.39707,961.837,1.37747e+06
1,CUTLASS,grouped_gemm,cutlass3x_sm100_tensorop_gemm_grouped_bf16_bf16_f32_void_bf16_256x256x64_2x4x1_0_tnt_align8_2sm_epi_tma,passed,success,grouped,,,,,bf16:row,bf16:column,void:row,bf16:row,1,0,invalid,invalid,heuristic,1,false,'[2731x4096x7168][2731x4096x7168][2731x4096x7168][2731x4096x7168][2731x4096x7168][2731x4096x7168][2731x4096x7168][2731x4096x7168][2730x4096x7168][2730x4096x7168][2730x4096x7168][2730x4096x7168]',,tensorop,f32,256,256,64,2,4,1,2,1,1,6,4,1,1,256,256,16,100,110,1174405120,1924413784064,1638,1.12314,973.83,1.71342e+06
1,CUTLASS,grouped_gemm,cutlass3x_sm100_tensorop_gemm_grouped_bf16_bf16_f32_void_bf16_256x256x64_2x4x1_0_tnt_align8_stream_k_2sm_epi_tma,passed,success,grouped,,,,,bf16:row,bf16:column,void:row,bf16:row,1,0,invalid,invalid,heuristic,1,false,'[2731x4096x7168][2731x4096x7168][2731x4096x7168][2731x4096x7168][2731x4096x7168][2731x4096x7168][2731x4096x7168][2731x4096x7168][2730x4096x7168][2730x4096x7168][2730x4096x7168][2730x4096x7168]',,tensorop,f32,256,256,64,2,4,1,2,1,1,6,4,1,1,256,256,16,100,110,1174405120,1924413784064,1638,1.12716,970.358,1.70731e+06
1,CUTLASS,grouped_gemm,cutlass3x_sm100_tensorop_gemm_grouped_bf16_bf16_f32_bf16_bf16_256x256x64_4x2x1_0_tnt_align8_2sm_epi_tma,passed,success,grouped,,,,,bf16:row,bf16:column,bf16:row,bf16:row,1,0,invalid,invalid,heuristic,1,false,'[2731x4096x7168][2731x4096x7168][2731x4096x7168][2731x4096x7168][2731x4096x7168][2731x4096x7168][2731x4096x7168][2731x4096x7168][2730x4096x7168][2730x4096x7168][2730x4096x7168][2730x4096x7168]',,tensorop,f32,256,256,64,4,2,1,2,1,1,4,4,1,1,256,256,16,100,110,1442840576,1924413784064,1333,1.52127,883.306,1.265e+06
1,CUTLASS,grouped_gemm,cutlass3x_sm100_tensorop_gemm_grouped_bf16_bf16_f32_bf16_bf16_256x256x64_4x2x1_0_tnt_align8_stream_k_2sm_epi_tma,passed,success,grouped,,,,,bf16:row,bf16:column,bf16:row,bf16:row,1,0,invalid,invalid,heuristic,1,false,'[2731x4096x7168][2731x4096x7168][2731x4096x7168][2731x4096x7168][2731x4096x7168][2731x4096x7168][2731x4096x7168][2731x4096x7168][2730x4096x7168][2730x4096x7168][2730x4096x7168][2730x4096x7168]',,tensorop,f32,256,256,64,4,2,1,2,1,1,4,4,1,1,256,256,16,100,110,1442840576,1924413784064,1333,1.52365,881.926,1.26303e+06
1,CUTLASS,grouped_gemm,cutlass3x_sm100_tensorop_gemm_grouped_bf16_bf16_f32_void_bf16_256x256x64_4x2x1_0_tnt_align8_2sm_epi_tma,passed,success,grouped,,,,,bf16:row,bf16:column,void:row,bf16:row,1,0,invalid,invalid,heuristic,1,false,'[2731x4096x7168][2731x4096x7168][2731x4096x7168][2731x4096x7168][2731x4096x7168][2731x4096x7168][2731x4096x7168][2731x4096x7168][2730x4096x7168][2730x4096x7168][2730x4096x7168][2730x4096x7168]',,tensorop,f32,256,256,64,4,2,1,2,1,1,6,4,1,1,256,256,16,100,110,1174405120,1924413784064,1638,1.18509,922.927,1.62386e+06
1,CUTLASS,grouped_gemm,cutlass3x_sm100_tensorop_gemm_grouped_bf16_bf16_f32_void_bf16_256x256x64_4x2x1_0_tnt_align8_stream_k_2sm_epi_tma,passed,success,grouped,,,,,bf16:row,bf16:column,void:row,bf16:row,1,0,invalid,invalid,heuristic,1,false,'[2731x4096x7168][2731x4096x7168][2731x4096x7168][2731x4096x7168][2731x4096x7168][2731x4096x7168][2731x4096x7168][2731x4096x7168][2730x4096x7168][2730x4096x7168][2730x4096x7168][2730x4096x7168]',,tensorop,f32,256,256,64,4,2,1,2,1,1,6,4,1,1,256,256,16,100,110,1174405120,1924413784064,1638,1.18489,923.084,1.62413e+06
1,CUTLASS,grouped_gemm,cutlass3x_sm100_tensorop_gemm_grouped_bf16_bf16_f32_bf16_bf16_256x256x64_4x4x1_0_tnt_align8_2sm_epi_tma,passed,success,grouped,,,,,bf16:row,bf16:column,bf16:row,bf16:row,1,0,invalid,invalid,heuristic,1,false,'[2731x4096x7168][2731x4096x7168][2731x4096x7168][2731x4096x7168][2731x4096x7168][2731x4096x7168][2731x4096x7168][2731x4096x7168][2730x4096x7168][2730x4096x7168][2730x4096x7168][2730x4096x7168]',,tensorop,f32,256,256,64,4,4,1,2,1,1,4,4,1,1,256,256,16,100,110,1442840576,1924413784064,1333,1.61991,829.52,1.18797e+06
1,CUTLASS,grouped_gemm,cutlass3x_sm100_tensorop_gemm_grouped_bf16_bf16_f32_bf16_bf16_256x256x64_4x4x1_0_tnt_align8_stream_k_2sm_epi_tma,passed,success,grouped,,,,,bf16:row,bf16:column,bf16:row,bf16:row,1,0,invalid,invalid,heuristic,1,false,'[2731x4096x7168][2731x4096x7168][2731x4096x7168][2731x4096x7168][2731x4096x7168][2731x4096x7168][2731x4096x7168][2731x4096x7168][2730x4096x7168][2730x4096x7168][2730x4096x7168][2730x4096x7168]',,tensorop,f32,256,256,64,4,4,1,2,1,1,4,4,1,1,256,256,16,100,110,1442840576,1924413784064,1333,1.6194,829.784,1.18835e+06
1,CUTLASS,grouped_gemm,cutlass3x_sm100_tensorop_gemm_grouped_bf16_bf16_f32_void_bf16_256x256x64_4x4x1_0_tnt_align8_2sm_epi_tma,passed,success,grouped,,,,,bf16:row,bf16:column,void:row,bf16:row,1,0,invalid,invalid,heuristic,1,false,'[2731x4096x7168][2731x4096x7168][2731x4096x7168][2731x4096x7168][2731x4096x7168][2731x4096x7168][2731x4096x7168][2731x4096x7168][2730x4096x7168][2730x4096x7168][2730x4096x7168][2730x4096x7168]',,tensorop,f32,256,256,64,4,4,1,2,1,1,6,4,1,1,256,256,16,100,110,1174405120,1924413784064,1638,1.27524,857.683,1.50906e+06
1,CUTLASS,grouped_gemm,cutlass3x_sm100_tensorop_gemm_grouped_bf16_bf16_f32_void_bf16_256x256x64_4x4x1_0_tnt_align8_stream_k_2sm_epi_tma,passed,success,grouped,,,,,bf16:row,bf16:column,void:row,bf16:row,1,0,invalid,invalid,heuristic,1,false,'[2731x4096x7168][2731x4096x7168][2731x4096x7168][2731x4096x7168][2731x4096x7168][2731x4096x7168][2731x4096x7168][2731x4096x7168][2730x4096x7168][2730x4096x7168][2730x4096x7168][2730x4096x7168]',,tensorop,f32,256,256,64,4,4,1,2,1,1,6,4,1,1,256,256,16,100,110,1174405120,1924413784064,1638,1.2748,857.98,1.50958e+06
