Problem,Provider,OperationKind,Operation,Disposition,Status,gemm_kind,m,n,k,A,B,C,D,alpha,beta,split_k_mode,split_k_slices,batch_count,raster_order,runtime_input_datatype_a,runtime_input_datatype_b,use_pdl,enable_sm90_mixed_dtype_shuffle_test,swizzle_size,op_class,accum,cta_m,cta_n,cta_k,cluster_m,cluster_n,cluster_k,cluster_m_fallback,cluster_n_fallback,cluster_k_fallback,stages,warps_m,warps_n,warps_k,inst_m,inst_n,inst_k,min_cc,max_cc,Bytes,Flops,Flops/Byte,Runtime,GB/s,GFLOPs,mfu
1,CUTLASS,gemm,cutlass3x_sm100_tensorop_gemm_bf16_bf16_f32_void_bf16_256x256x64_4x1x1_0_tnt_align8_2sm,passed,success,universal,4096,5120,7168,bf16:row,bf16:column,void:row,bf16:row,1,0,serial,1,1,heuristic,invalid,invalid,False,False,8,tensorop,f32,256,256,64,4,1,1,2,1,1,6,4,1,1,256,256,16,100,110,132120576,300689653760,2275,0.17799,691.312,1689360.0,0.675744
1,CUTLASS,gemm,cutlass3x_sm100_tensorop_gemm_bf16_bf16_f32_void_bf16_256x256x64_2x2x1_0_tnt_align8_stream_k_2sm,passed,success,universal,4096,5120,7168,bf16:row,bf16:column,void:row,bf16:row,1,0,serial,1,1,heuristic,invalid,invalid,False,False,8,tensorop,f32,256,256,64,2,2,1,2,1,1,6,4,1,1,256,256,16,100,110,132120576,300689653760,2275,0.17976,684.506,1672730.0,0.669092
1,CUTLASS,gemm,cutlass3x_sm100_tensorop_gemm_bf16_bf16_f32_void_bf16_256x256x64_2x2x1_0_tnt_align8_2sm,passed,success,universal,4096,5120,7168,bf16:row,bf16:column,void:row,bf16:row,1,0,serial,1,1,heuristic,invalid,invalid,False,False,8,tensorop,f32,256,256,64,2,2,1,2,1,1,6,4,1,1,256,256,16,100,110,132120576,300689653760,2275,0.18055,681.51,1665410.0,0.666164
1,CUTLASS,gemm,cutlass3x_sm100_tensorop_gemm_bf16_bf16_f32_bf16_bf16_256x128x64_2x2x1_0_tnt_align8_2sm,passed,success,universal,4096,5120,7168,bf16:row,bf16:column,bf16:row,bf16:row,1,0,serial,1,1,heuristic,invalid,invalid,False,False,8,tensorop,f32,256,128,64,2,2,1,2,1,1,8,4,1,1,256,128,16,100,110,174063616,300689653760,1727,0.183242,884.676,1640950.0,0.65638
1,CUTLASS,gemm,cutlass3x_sm100_tensorop_gemm_bf16_bf16_f32_void_bf16_256x128x64_2x2x1_0_tnt_align8_2sm,passed,success,universal,4096,5120,7168,bf16:row,bf16:column,void:row,bf16:row,1,0,serial,1,1,heuristic,invalid,invalid,False,False,8,tensorop,f32,256,128,64,2,2,1,2,1,1,8,4,1,1,256,128,16,100,110,132120576,300689653760,2275,0.183626,670.097,1637510.0,0.655004
1,CUTLASS,gemm,cutlass3x_sm100_tensorop_gemm_bf16_bf16_f32_void_f32_256x256x64_4x1x1_0_tnt_align8_2sm,passed,success,universal,4096,5120,7168,bf16:row,bf16:column,void:row,f32:row,1,0,serial,1,1,heuristic,invalid,invalid,False,False,8,tensorop,f32,256,256,64,4,1,1,2,1,1,6,4,1,1,256,256,16,100,110,132120576,300689653760,2275,0.184032,668.617,1633900.0,0.65356
1,CUTLASS,gemm,cutlass3x_sm100_tensorop_gemm_bf16_bf16_f32_bf16_bf16_256x256x64_2x2x1_0_tnt_align8_stream_k_2sm,passed,success,universal,4096,5120,7168,bf16:row,bf16:column,bf16:row,bf16:row,1,0,serial,1,1,heuristic,invalid,invalid,False,False,8,tensorop,f32,256,256,64,2,2,1,2,1,1,5,4,1,1,256,256,16,100,110,174063616,300689653760,1727,0.184061,880.738,1633640.0,0.653456
1,CUTLASS,gemm,cutlass3x_sm100_tensorop_gemm_bf16_bf16_f32_bf16_bf16_128x256x64_4x1x1_0_tnt_align8_2sm_epi_tma,passed,success,universal,4096,5120,7168,bf16:row,bf16:column,bf16:row,bf16:row,1,0,serial,1,1,heuristic,invalid,invalid,False,False,8,tensorop,f32,128,256,64,4,1,1,2,1,1,8,4,1,1,128,256,16,100,110,174063616,300689653760,1727,0.184128,880.417,1633050.0,0.65322
1,CUTLASS,gemm,cutlass3x_sm100_tensorop_gemm_bf16_bf16_f32_bf16_bf16_256x256x64_2x2x1_0_tnt_align8_2sm,passed,success,universal,4096,5120,7168,bf16:row,bf16:column,bf16:row,bf16:row,1,0,serial,1,1,heuristic,invalid,invalid,False,False,8,tensorop,f32,256,256,64,2,2,1,2,1,1,5,4,1,1,256,256,16,100,110,174063616,300689653760,1727,0.184134,880.386,1632990.0,0.653196
1,CUTLASS,gemm,cutlass3x_sm100_tensorop_gemm_bf16_bf16_f32_bf16_bf16_256x256x64_4x1x1_0_tnt_align8_2sm,passed,success,universal,4096,5120,7168,bf16:row,bf16:column,bf16:row,bf16:row,1,0,serial,1,1,heuristic,invalid,invalid,False,False,8,tensorop,f32,256,256,64,4,1,1,2,1,1,5,4,1,1,256,256,16,100,110,174063616,300689653760,1727,0.184346,879.377,1631120.0,0.652448
1,CUTLASS,gemm,cutlass3x_sm100_tensorop_gemm_bf16_bf16_f32_void_bf16_128x256x64_4x1x1_0_tnt_align8_2sm_epi_tma,passed,success,universal,4096,5120,7168,bf16:row,bf16:column,void:row,bf16:row,1,0,serial,1,1,heuristic,invalid,invalid,False,False,8,tensorop,f32,128,256,64,4,1,1,2,1,1,8,4,1,1,128,256,16,100,110,132120576,300689653760,2275,0.184848,665.665,1626690.0,0.650676
1,CUTLASS,gemm,cutlass3x_sm100_tensorop_gemm_bf16_bf16_f32_void_f32_256x256x64_2x2x1_0_tnt_align8_2sm,passed,success,universal,4096,5120,7168,bf16:row,bf16:column,void:row,f32:row,1,0,serial,1,1,heuristic,invalid,invalid,False,False,8,tensorop,f32,256,256,64,2,2,1,2,1,1,6,4,1,1,256,256,16,100,110,132120576,300689653760,2275,0.184851,665.654,1626660.0,0.650664
1,CUTLASS,gemm,cutlass3x_sm100_tensorop_gemm_bf16_bf16_f32_void_f32_256x256x64_2x2x1_0_tnt_align8_stream_k_2sm,passed,success,universal,4096,5120,7168,bf16:row,bf16:column,void:row,f32:row,1,0,serial,1,1,heuristic,invalid,invalid,False,False,8,tensorop,f32,256,256,64,2,2,1,2,1,1,6,4,1,1,256,256,16,100,110,132120576,300689653760,2275,0.184957,665.274,1625730.0,0.650292
1,CUTLASS,gemm,cutlass3x_sm100_tensorop_gemm_bf16_bf16_f32_void_bf16_256x256x64_2x1x1_0_tnt_align8_2sm,passed,success,universal,4096,5120,7168,bf16:row,bf16:column,void:row,bf16:row,1,0,serial,1,1,heuristic,invalid,invalid,False,False,8,tensorop,f32,256,256,64,2,1,1,2,1,1,6,4,1,1,256,256,16,100,110,132120576,300689653760,2275,0.185158,664.549,1623960.0,0.649584
1,CUTLASS,gemm,cutlass3x_sm100_tensorop_gemm_bf16_bf16_f32_void_bf16_256x256x64_0x0x1_0_tnt_align8_2sm,passed,success,universal,4096,5120,7168,bf16:row,bf16:column,void:row,bf16:row,1,0,serial,1,1,heuristic,invalid,invalid,False,False,8,tensorop,f32,256,256,64,2,1,1,2,1,1,6,4,1,1,256,256,16,100,110,132120576,300689653760,2275,0.186077,661.269,1615940.0,0.646376
1,CUTLASS,gemm,cutlass3x_sm100_tensorop_gemm_bf16_bf16_f32_void_bf16_256x128x64_4x1x1_0_tnt_align8_2sm,passed,success,universal,4096,5120,7168,bf16:row,bf16:column,void:row,bf16:row,1,0,serial,1,1,heuristic,invalid,invalid,False,False,8,tensorop,f32,256,128,64,4,1,1,2,1,1,8,4,1,1,256,128,16,100,110,132120576,300689653760,2275,0.187645,655.744,1602440.0,0.640976
1,CUTLASS,gemm,cutlass3x_sm100_tensorop_gemm_bf16_bf16_f32_bf16_bf16_256x128x64_4x1x1_0_tnt_align8_2sm,passed,success,universal,4096,5120,7168,bf16:row,bf16:column,bf16:row,bf16:row,1,0,serial,1,1,heuristic,invalid,invalid,False,False,8,tensorop,f32,256,128,64,4,1,1,2,1,1,8,4,1,1,256,128,16,100,110,174063616,300689653760,1727,0.187926,862.622,1600040.0,0.640016
1,CUTLASS,gemm,cutlass3x_sm100_tensorop_gemm_bf16_bf16_f32_f32_f32_256x128x64_2x2x1_0_tnt_align8_2sm,passed,success,universal,4096,5120,7168,bf16:row,bf16:column,f32:row,f32:row,1,0,serial,1,1,heuristic,invalid,invalid,False,False,8,tensorop,f32,256,128,64,2,2,1,2,1,1,8,4,1,1,256,128,16,100,110,216006656,300689653760,1392,0.188742,1065.85,1593120.0,0.637248
1,CUTLASS,gemm,cutlass3x_sm100_tensorop_gemm_bf16_bf16_f32_void_bf16_256x128x64_0x0x1_0_tnt_align8_2sm,passed,success,universal,4096,5120,7168,bf16:row,bf16:column,void:row,bf16:row,1,0,serial,1,1,heuristic,invalid,invalid,False,False,8,tensorop,f32,256,128,64,2,1,1,2,1,1,8,4,1,1,256,128,16,100,110,132120576,300689653760,2275,0.189277,650.09,1588620.0,0.635448
1,CUTLASS,gemm,cutlass3x_sm100_tensorop_gemm_bf16_bf16_f32_f32_f32_128x256x64_4x1x1_0_tnt_align8_2sm_epi_tma,passed,success,universal,4096,5120,7168,bf16:row,bf16:column,f32:row,f32:row,1,0,serial,1,1,heuristic,invalid,invalid,False,False,8,tensorop,f32,128,256,64,4,1,1,2,1,1,8,4,1,1,128,256,16,100,110,216006656,300689653760,1392,0.189283,1062.81,1588570.0,0.635428
1,CUTLASS,gemm,cutlass3x_sm100_tensorop_gemm_bf16_bf16_f32_f32_f32_256x256x64_2x2x1_0_tnt_align8_2sm,passed,success,universal,4096,5120,7168,bf16:row,bf16:column,f32:row,f32:row,1,0,serial,1,1,heuristic,invalid,invalid,False,False,8,tensorop,f32,256,256,64,2,2,1,2,1,1,5,4,1,1,256,256,16,100,110,216006656,300689653760,1392,0.189462,1061.8,1587070.0,0.634828
1,CUTLASS,gemm,cutlass3x_sm100_tensorop_gemm_bf16_bf16_f32_bf16_bf16_256x256x64_2x1x1_0_tnt_align8_2sm,passed,success,universal,4096,5120,7168,bf16:row,bf16:column,bf16:row,bf16:row,1,0,serial,1,1,heuristic,invalid,invalid,False,False,8,tensorop,f32,256,256,64,2,1,1,2,1,1,5,4,1,1,256,256,16,100,110,174063616,300689653760,1727,0.189462,855.628,1587070.0,0.634828
1,CUTLASS,gemm,cutlass3x_sm100_tensorop_gemm_bf16_bf16_f32_bf16_bf16_256x128x64_2x1x1_0_tnt_align8_2sm,passed,success,universal,4096,5120,7168,bf16:row,bf16:column,bf16:row,bf16:row,1,0,serial,1,1,heuristic,invalid,invalid,False,False,8,tensorop,f32,256,128,64,2,1,1,2,1,1,8,4,1,1,256,128,16,100,110,174063616,300689653760,1727,0.189587,855.065,1586020.0,0.634408
1,CUTLASS,gemm,cutlass3x_sm100_tensorop_gemm_bf16_bf16_f32_void_f32_256x128x64_2x2x1_0_tnt_align8_2sm,passed,success,universal,4096,5120,7168,bf16:row,bf16:column,void:row,f32:row,1,0,serial,1,1,heuristic,invalid,invalid,False,False,8,tensorop,f32,256,128,64,2,2,1,2,1,1,8,4,1,1,256,128,16,100,110,132120576,300689653760,2275,0.189763,648.423,1584550.0,0.63382
1,CUTLASS,gemm,cutlass3x_sm100_tensorop_gemm_bf16_bf16_f32_bf16_bf16_256x128x64_0x0x1_0_tnt_align8_2sm,passed,success,universal,4096,5120,7168,bf16:row,bf16:column,bf16:row,bf16:row,1,0,serial,1,1,heuristic,invalid,invalid,False,False,8,tensorop,f32,256,128,64,2,1,1,2,1,1,8,4,1,1,256,128,16,100,110,174063616,300689653760,1727,0.189866,853.811,1583700.0,0.63348
1,CUTLASS,gemm,cutlass3x_sm100_tensorop_gemm_bf16_bf16_f32_f32_f32_256x256x64_2x2x1_0_tnt_align8_stream_k_2sm,passed,success,universal,4096,5120,7168,bf16:row,bf16:column,f32:row,f32:row,1,0,serial,1,1,heuristic,invalid,invalid,False,False,8,tensorop,f32,256,256,64,2,2,1,2,1,1,5,4,1,1,256,256,16,100,110,216006656,300689653760,1392,0.189869,1059.53,1583670.0,0.633468
1,CUTLASS,gemm,cutlass3x_sm100_tensorop_gemm_bf16_bf16_f32_void_bf16_256x128x64_2x1x1_0_tnt_align8_2sm,passed,success,universal,4096,5120,7168,bf16:row,bf16:column,void:row,bf16:row,1,0,serial,1,1,heuristic,invalid,invalid,False,False,8,tensorop,f32,256,128,64,2,1,1,2,1,1,8,4,1,1,256,128,16,100,110,132120576,300689653760,2275,0.189968,647.724,1582840.0,0.633136
1,CUTLASS,gemm,cutlass3x_sm100_tensorop_gemm_bf16_bf16_f32_f32_f32_256x256x64_4x1x1_0_tnt_align8_2sm,passed,success,universal,4096,5120,7168,bf16:row,bf16:column,f32:row,f32:row,1,0,serial,1,1,heuristic,invalid,invalid,False,False,8,tensorop,f32,256,256,64,4,1,1,2,1,1,5,4,1,1,256,256,16,100,110,216006656,300689653760,1392,0.190003,1058.78,1582550.0,0.63302
1,CUTLASS,gemm,cutlass3x_sm100_tensorop_gemm_bf16_bf16_f32_bf16_bf16_256x256x64_0x0x1_0_tnt_align8_2sm,passed,success,universal,4096,5120,7168,bf16:row,bf16:column,bf16:row,bf16:row,1,0,serial,1,1,heuristic,invalid,invalid,False,False,8,tensorop,f32,256,256,64,2,1,1,2,1,1,5,4,1,1,256,256,16,100,110,174063616,300689653760,1727,0.190486,851.029,1578540.0,0.631416
1,CUTLASS,gemm,cutlass3x_sm100_tensorop_gemm_bf16_bf16_f32_void_f32_128x256x64_4x1x1_0_tnt_align8_2sm_epi_tma,passed,success,universal,4096,5120,7168,bf16:row,bf16:column,void:row,f32:row,1,0,serial,1,1,heuristic,invalid,invalid,False,False,8,tensorop,f32,128,256,64,4,1,1,2,1,1,8,4,1,1,128,256,16,100,110,132120576,300689653760,2275,0.190509,645.886,1578350.0,0.63134
1,CUTLASS,gemm,cutlass3x_sm100_tensorop_gemm_bf16_bf16_f32_void_f32_256x256x64_2x1x1_0_tnt_align8_2sm,passed,success,universal,4096,5120,7168,bf16:row,bf16:column,void:row,f32:row,1,0,serial,1,1,heuristic,invalid,invalid,False,False,8,tensorop,f32,256,256,64,2,1,1,2,1,1,6,4,1,1,256,256,16,100,110,132120576,300689653760,2275,0.190787,644.943,1576050.0,0.63042
1,CUTLASS,gemm,cutlass3x_sm100_tensorop_gemm_bf16_bf16_f32_void_bf16_256x128x64_2x1x1_0_tnt_align8_stream_k_2sm,passed,success,universal,4096,5120,7168,bf16:row,bf16:column,void:row,bf16:row,1,0,serial,1,1,heuristic,invalid,invalid,False,False,8,tensorop,f32,256,128,64,2,1,1,2,1,1,8,4,1,1,256,128,16,100,110,132120576,300689653760,2275,0.191715,641.821,1568420.0,0.627368
1,CUTLASS,gemm,cutlass3x_sm100_tensorop_gemm_bf16_bf16_f32_void_f32_256x256x64_0x0x1_0_tnt_align8_2sm,passed,success,universal,4096,5120,7168,bf16:row,bf16:column,void:row,f32:row,1,0,serial,1,1,heuristic,invalid,invalid,False,False,8,tensorop,f32,256,256,64,2,1,1,2,1,1,6,4,1,1,256,256,16,100,110,132120576,300689653760,2275,0.192224,640.122,1564270.0,0.625708
1,CUTLASS,gemm,cutlass3x_sm100_tensorop_gemm_bf16_bf16_f32_void_bf16_256x256x64_4x4x1_0_tnt_align8_stream_k_2sm,passed,success,universal,4096,5120,7168,bf16:row,bf16:column,void:row,bf16:row,1,0,serial,1,1,heuristic,invalid,invalid,False,False,8,tensorop,f32,256,256,64,4,4,1,2,1,1,6,4,1,1,256,256,16,100,110,132120576,300689653760,2275,0.192531,639.101,1561770.0,0.624708
1,CUTLASS,gemm,cutlass3x_sm100_tensorop_gemm_bf16_bf16_f32_void_bf16_256x128x64_0x0x1_0_tnt_align8_stream_k_2sm,passed,success,universal,4096,5120,7168,bf16:row,bf16:column,void:row,bf16:row,1,0,serial,1,1,heuristic,invalid,invalid,False,False,8,tensorop,f32,256,128,64,2,1,1,2,1,1,8,4,1,1,256,128,16,100,110,132120576,300689653760,2275,0.192739,638.411,1560090.0,0.624036
1,CUTLASS,gemm,cutlass3x_sm100_tensorop_gemm_bf16_bf16_f32_f32_f32_256x128x64_4x1x1_0_tnt_align8_2sm,passed,success,universal,4096,5120,7168,bf16:row,bf16:column,f32:row,f32:row,1,0,serial,1,1,heuristic,invalid,invalid,False,False,8,tensorop,f32,256,128,64,4,1,1,2,1,1,8,4,1,1,256,128,16,100,110,216006656,300689653760,1392,0.192938,1042.68,1558480.0,0.623392
1,CUTLASS,gemm,cutlass3x_sm100_tensorop_gemm_bf16_bf16_f32_bf16_bf16_128x256x64_2x2x1_0_tnt_align8_2sm_epi_tma,passed,success,universal,4096,5120,7168,bf16:row,bf16:column,bf16:row,bf16:row,1,0,serial,1,1,heuristic,invalid,invalid,False,False,8,tensorop,f32,128,256,64,2,2,1,2,1,1,8,4,1,1,128,256,16,100,110,174063616,300689653760,1727,0.192938,840.217,1558480.0,0.623392
1,CUTLASS,gemm,cutlass3x_sm100_tensorop_gemm_bf16_bf16_f32_void_bf16_128x256x64_2x2x1_0_tnt_align8_2sm_epi_tma,passed,success,universal,4096,5120,7168,bf16:row,bf16:column,void:row,bf16:row,1,0,serial,1,1,heuristic,invalid,invalid,False,False,8,tensorop,f32,128,256,64,2,2,1,2,1,1,8,4,1,1,128,256,16,100,110,132120576,300689653760,2275,0.193277,636.636,1555750.0,0.6223
1,CUTLASS,gemm,cutlass3x_sm100_tensorop_gemm_bf16_bf16_f32_void_f32_256x128x64_4x1x1_0_tnt_align8_2sm,passed,success,universal,4096,5120,7168,bf16:row,bf16:column,void:row,f32:row,1,0,serial,1,1,heuristic,invalid,invalid,False,False,8,tensorop,f32,256,128,64,4,1,1,2,1,1,8,4,1,1,256,128,16,100,110,132120576,300689653760,2275,0.19345,636.067,1554360.0,0.621744
1,CUTLASS,gemm,cutlass3x_sm100_tensorop_gemm_bf16_bf16_f32_bf16_bf16_256x128x64_2x1x1_0_tnt_align8_stream_k_2sm,passed,success,universal,4096,5120,7168,bf16:row,bf16:column,bf16:row,bf16:row,1,0,serial,1,1,heuristic,invalid,invalid,False,False,8,tensorop,f32,256,128,64,2,1,1,2,1,1,8,4,1,1,256,128,16,100,110,174063616,300689653760,1727,0.194378,833.992,1546940.0,0.618776
1,CUTLASS,gemm,cutlass3x_sm100_tensorop_gemm_bf16_bf16_f32_bf16_bf16_256x128x64_0x0x1_0_tnt_align8_stream_k_2sm,passed,success,universal,4096,5120,7168,bf16:row,bf16:column,bf16:row,bf16:row,1,0,serial,1,1,heuristic,invalid,invalid,False,False,8,tensorop,f32,256,128,64,2,1,1,2,1,1,8,4,1,1,256,128,16,100,110,174063616,300689653760,1727,0.19448,833.553,1546120.0,0.618448
1,CUTLASS,gemm,cutlass3x_sm100_tensorop_gemm_bf16_bf16_f32_f32_f32_256x128x64_2x1x1_0_tnt_align8_2sm,passed,success,universal,4096,5120,7168,bf16:row,bf16:column,f32:row,f32:row,1,0,serial,1,1,heuristic,invalid,invalid,False,False,8,tensorop,f32,256,128,64,2,1,1,2,1,1,8,4,1,1,256,128,16,100,110,216006656,300689653760,1392,0.194608,1033.73,1545100.0,0.61804
1,CUTLASS,gemm,cutlass3x_sm100_tensorop_gemm_bf16_bf16_f32_void_bf16_128x256x64_0x0x1_0_tnt_align8_2sm_epi_tma,passed,success,universal,4096,5120,7168,bf16:row,bf16:column,void:row,bf16:row,1,0,serial,1,1,heuristic,invalid,invalid,False,False,8,tensorop,f32,128,256,64,2,1,1,2,1,1,8,4,1,1,128,256,16,100,110,132120576,300689653760,2275,0.194886,631.377,1542900.0,0.61716
1,CUTLASS,gemm,cutlass3x_sm100_tensorop_gemm_bf16_bf16_f32_bf16_bf16_128x256x64_2x1x1_0_tnt_align8_2sm_epi_tma,passed,success,universal,4096,5120,7168,bf16:row,bf16:column,bf16:row,bf16:row,1,0,serial,1,1,heuristic,invalid,invalid,False,False,8,tensorop,f32,128,256,64,2,1,1,2,1,1,8,4,1,1,128,256,16,100,110,174063616,300689653760,1727,0.195197,830.492,1540440.0,0.616176
1,CUTLASS,gemm,cutlass3x_sm100_tensorop_gemm_bf16_bf16_f32_bf16_bf16_128x256x64_0x0x1_0_tnt_align8_2sm_epi_tma,passed,success,universal,4096,5120,7168,bf16:row,bf16:column,bf16:row,bf16:row,1,0,serial,1,1,heuristic,invalid,invalid,False,False,8,tensorop,f32,128,256,64,2,1,1,2,1,1,8,4,1,1,128,256,16,100,110,174063616,300689653760,1727,0.195296,830.07,1539660.0,0.615864
1,CUTLASS,gemm,cutlass3x_sm100_tensorop_gemm_bf16_bf16_f32_f32_f32_256x128x64_0x0x1_0_tnt_align8_2sm,passed,success,universal,4096,5120,7168,bf16:row,bf16:column,f32:row,f32:row,1,0,serial,1,1,heuristic,invalid,invalid,False,False,8,tensorop,f32,256,128,64,2,1,1,2,1,1,8,4,1,1,256,128,16,100,110,216006656,300689653760,1392,0.195322,1029.95,1539460.0,0.615784
1,CUTLASS,gemm,cutlass3x_sm100_tensorop_gemm_bf16_bf16_f32_void_bf16_128x256x64_2x1x1_0_tnt_align8_2sm_epi_tma,passed,success,universal,4096,5120,7168,bf16:row,bf16:column,void:row,bf16:row,1,0,serial,1,1,heuristic,invalid,invalid,False,False,8,tensorop,f32,128,256,64,2,1,1,2,1,1,8,4,1,1,128,256,16,100,110,132120576,300689653760,2275,0.195398,629.723,1538850.0,0.61554
1,CUTLASS,gemm,cutlass3x_sm100_tensorop_gemm_bf16_bf16_f32_void_f32_256x128x64_2x1x1_0_tnt_align8_2sm,passed,success,universal,4096,5120,7168,bf16:row,bf16:column,void:row,f32:row,1,0,serial,1,1,heuristic,invalid,invalid,False,False,8,tensorop,f32,256,128,64,2,1,1,2,1,1,8,4,1,1,256,128,16,100,110,132120576,300689653760,2275,0.195805,628.416,1535660.0,0.614264
1,CUTLASS,gemm,cutlass3x_sm100_tensorop_gemm_bf16_bf16_f32_f32_f32_256x256x64_0x0x1_0_tnt_align8_2sm,passed,success,universal,4096,5120,7168,bf16:row,bf16:column,f32:row,f32:row,1,0,serial,1,1,heuristic,invalid,invalid,False,False,8,tensorop,f32,256,256,64,2,1,1,2,1,1,5,4,1,1,256,256,16,100,110,216006656,300689653760,1392,0.19591,1026.86,1534830.0,0.613932
1,CUTLASS,gemm,cutlass3x_sm100_tensorop_gemm_bf16_bf16_f32_f32_f32_256x256x64_2x1x1_0_tnt_align8_2sm,passed,success,universal,4096,5120,7168,bf16:row,bf16:column,f32:row,f32:row,1,0,serial,1,1,heuristic,invalid,invalid,False,False,8,tensorop,f32,256,256,64,2,1,1,2,1,1,5,4,1,1,256,256,16,100,110,216006656,300689653760,1392,0.196045,1026.15,1533780.0,0.613512
1,CUTLASS,gemm,cutlass3x_sm100_tensorop_gemm_bf16_bf16_f32_void_bf16_256x256x64_4x4x1_0_tnt_align8_2sm,passed,success,universal,4096,5120,7168,bf16:row,bf16:column,void:row,bf16:row,1,0,serial,1,1,heuristic,invalid,invalid,False,False,8,tensorop,f32,256,256,64,4,4,1,2,1,1,6,4,1,1,256,256,16,100,110,132120576,300689653760,2275,0.196218,627.094,1532430.0,0.612972
1,CUTLASS,gemm,cutlass3x_sm100_tensorop_gemm_bf16_bf16_f32_void_bf16_256x128x64_4x1x1_0_tnt_align8_stream_k_2sm,passed,success,universal,4096,5120,7168,bf16:row,bf16:column,void:row,bf16:row,1,0,serial,1,1,heuristic,invalid,invalid,False,False,8,tensorop,f32,256,128,64,4,1,1,2,1,1,8,4,1,1,256,128,16,100,110,132120576,300689653760,2275,0.196218,627.094,1532430.0,0.612972
1,CUTLASS,gemm,cutlass3x_sm100_tensorop_gemm_bf16_bf16_f32_bf16_bf16_256x128x64_2x4x1_0_tnt_align8_2sm,passed,success,universal,4096,5120,7168,bf16:row,bf16:column,bf16:row,bf16:row,1,0,serial,1,1,heuristic,invalid,invalid,False,False,8,tensorop,f32,256,128,64,2,4,1,2,1,1,8,4,1,1,256,128,16,100,110,174063616,300689653760,1727,0.196454,825.176,1530580.0,0.612232
1,CUTLASS,gemm,cutlass3x_sm100_tensorop_gemm_bf16_bf16_f32_void_bf16_256x256x64_2x1x1_0_tnt_align8_stream_k_2sm,passed,success,universal,4096,5120,7168,bf16:row,bf16:column,void:row,bf16:row,1,0,serial,1,1,heuristic,invalid,invalid,False,False,8,tensorop,f32,256,256,64,2,1,1,2,1,1,6,4,1,1,256,256,16,100,110,132120576,300689653760,2275,0.19663,625.777,1529210.0,0.611684
1,CUTLASS,gemm,cutlass3x_sm100_tensorop_gemm_bf16_bf16_f32_void_bf16_256x128x64_2x4x1_0_tnt_align8_2sm,passed,success,universal,4096,5120,7168,bf16:row,bf16:column,void:row,bf16:row,1,0,serial,1,1,heuristic,invalid,invalid,False,False,8,tensorop,f32,256,128,64,2,4,1,2,1,1,8,4,1,1,256,128,16,100,110,132120576,300689653760,2275,0.196733,625.452,1528420.0,0.611368
1,CUTLASS,gemm,cutlass3x_sm100_tensorop_gemm_bf16_bf16_f32_bf16_bf16_128x256x64_4x2x1_0_tnt_align8_2sm_epi_tma,passed,success,universal,4096,5120,7168,bf16:row,bf16:column,bf16:row,bf16:row,1,0,serial,1,1,heuristic,invalid,invalid,False,False,8,tensorop,f32,128,256,64,4,2,1,2,1,1,8,4,1,1,128,256,16,100,110,174063616,300689653760,1727,0.19704,822.723,1526030.0,0.610412
1,CUTLASS,gemm,cutlass3x_sm100_tensorop_gemm_bf16_bf16_f32_void_f32_256x128x64_2x1x1_0_tnt_align8_stream_k_2sm,passed,success,universal,4096,5120,7168,bf16:row,bf16:column,void:row,f32:row,1,0,serial,1,1,heuristic,invalid,invalid,False,False,8,tensorop,f32,256,128,64,2,1,1,2,1,1,8,4,1,1,256,128,16,100,110,132120576,300689653760,2275,0.197069,624.385,1525810.0,0.610324
1,CUTLASS,gemm,cutlass3x_sm100_tensorop_gemm_bf16_bf16_f32_void_f32_256x128x64_0x0x1_0_tnt_align8_2sm,passed,success,universal,4096,5120,7168,bf16:row,bf16:column,void:row,f32:row,1,0,serial,1,1,heuristic,invalid,invalid,False,False,8,tensorop,f32,256,128,64,2,1,1,2,1,1,8,4,1,1,256,128,16,100,110,132120576,300689653760,2275,0.197347,623.505,1523660.0,0.609464
1,CUTLASS,gemm,cutlass3x_sm100_tensorop_gemm_bf16_bf16_f32_bf16_bf16_256x128x64_4x1x1_0_tnt_align8_stream_k_2sm,passed,success,universal,4096,5120,7168,bf16:row,bf16:column,bf16:row,bf16:row,1,0,serial,1,1,heuristic,invalid,invalid,False,False,8,tensorop,f32,256,128,64,4,1,1,2,1,1,8,4,1,1,256,128,16,100,110,174063616,300689653760,1727,0.19745,821.016,1522870.0,0.609148
1,CUTLASS,gemm,cutlass3x_sm100_tensorop_gemm_bf16_bf16_f32_f32_f32_256x128x64_2x1x1_0_tnt_align8_stream_k_2sm,passed,success,universal,4096,5120,7168,bf16:row,bf16:column,f32:row,f32:row,1,0,serial,1,1,heuristic,invalid,invalid,False,False,8,tensorop,f32,256,128,64,2,1,1,2,1,1,8,4,1,1,256,128,16,100,110,216006656,300689653760,1392,0.197757,1017.27,1520500.0,0.6082
1,CUTLASS,gemm,cutlass3x_sm100_tensorop_gemm_bf16_bf16_f32_void_bf16_128x256x64_4x2x1_0_tnt_align8_2sm_epi_tma,passed,success,universal,4096,5120,7168,bf16:row,bf16:column,void:row,bf16:row,1,0,serial,1,1,heuristic,invalid,invalid,False,False,8,tensorop,f32,128,256,64,4,2,1,2,1,1,8,4,1,1,128,256,16,100,110,132120576,300689653760,2275,0.197955,621.589,1518980.0,0.607592
1,CUTLASS,gemm,cutlass3x_sm100_tensorop_gemm_bf16_bf16_f32_void_bf16_256x256x64_0x0x1_0_tnt_align8_stream_k_2sm,passed,success,universal,4096,5120,7168,bf16:row,bf16:column,void:row,bf16:row,1,0,serial,1,1,heuristic,invalid,invalid,False,False,8,tensorop,f32,256,256,64,2,1,1,2,1,1,6,4,1,1,256,256,16,100,110,132120576,300689653760,2275,0.198096,621.148,1517900.0,0.60716
1,CUTLASS,gemm,cutlass3x_sm100_tensorop_gemm_bf16_bf16_f32_void_f32_256x128x64_0x0x1_0_tnt_align8_stream_k_2sm,passed,success,universal,4096,5120,7168,bf16:row,bf16:column,void:row,f32:row,1,0,serial,1,1,heuristic,invalid,invalid,False,False,8,tensorop,f32,256,128,64,2,1,1,2,1,1,8,4,1,1,256,128,16,100,110,132120576,300689653760,2275,0.198269,620.606,1516580.0,0.606632
1,CUTLASS,gemm,cutlass3x_sm100_tensorop_gemm_bf16_bf16_f32_f32_f32_256x128x64_0x0x1_0_tnt_align8_stream_k_2sm,passed,success,universal,4096,5120,7168,bf16:row,bf16:column,f32:row,f32:row,1,0,serial,1,1,heuristic,invalid,invalid,False,False,8,tensorop,f32,256,128,64,2,1,1,2,1,1,8,4,1,1,256,128,16,100,110,216006656,300689653760,1392,0.19919,1009.95,1509560.0,0.603824
1,CUTLASS,gemm,cutlass3x_sm100_tensorop_gemm_bf16_bf16_f32_void_f32_256x256x64_4x4x1_0_tnt_align8_stream_k_2sm,passed,success,universal,4096,5120,7168,bf16:row,bf16:column,void:row,f32:row,1,0,serial,1,1,heuristic,invalid,invalid,False,False,8,tensorop,f32,256,256,64,4,4,1,2,1,1,6,4,1,1,256,256,16,100,110,132120576,300689653760,2275,0.199728,616.072,1505500.0,0.6022
1,CUTLASS,gemm,cutlass3x_sm100_tensorop_gemm_bf16_bf16_f32_bf16_bf16_256x128x64_4x2x1_0_tnt_align8_2sm,passed,success,universal,4096,5120,7168,bf16:row,bf16:column,bf16:row,bf16:row,1,0,serial,1,1,heuristic,invalid,invalid,False,False,8,tensorop,f32,256,128,64,4,2,1,2,1,1,8,4,1,1,256,128,16,100,110,174063616,300689653760,1727,0.199802,811.352,1504940.0,0.601976
1,CUTLASS,gemm,cutlass3x_sm100_tensorop_gemm_bf16_bf16_f32_f32_f32_128x256x64_2x2x1_0_tnt_align8_2sm_epi_tma,passed,success,universal,4096,5120,7168,bf16:row,bf16:column,f32:row,f32:row,1,0,serial,1,1,heuristic,invalid,invalid,False,False,8,tensorop,f32,128,256,64,2,2,1,2,1,1,8,4,1,1,128,256,16,100,110,216006656,300689653760,1392,0.200032,1005.7,1503210.0,0.601284
1,CUTLASS,gemm,cutlass3x_sm100_tensorop_gemm_bf16_bf16_f32_void_bf16_256x128x64_4x2x1_0_tnt_align8_2sm,passed,success,universal,4096,5120,7168,bf16:row,bf16:column,void:row,bf16:row,1,0,serial,1,1,heuristic,invalid,invalid,False,False,8,tensorop,f32,256,128,64,4,2,1,2,1,1,8,4,1,1,256,128,16,100,110,132120576,300689653760,2275,0.200109,614.9,1502630.0,0.601052
1,CUTLASS,gemm,cutlass3x_sm100_tensorop_gemm_bf16_bf16_f32_bf16_bf16_256x256x64_2x1x1_0_tnt_align8_stream_k_2sm,passed,success,universal,4096,5120,7168,bf16:row,bf16:column,bf16:row,bf16:row,1,0,serial,1,1,heuristic,invalid,invalid,False,False,8,tensorop,f32,256,256,64,2,1,1,2,1,1,5,4,1,1,256,256,16,100,110,174063616,300689653760,1727,0.20032,809.252,1501050.0,0.60042
1,CUTLASS,gemm,cutlass3x_sm100_tensorop_gemm_bf16_bf16_f32_void_bf16_256x256x64_2x4x1_0_tnt_align8_stream_k_2sm,passed,success,universal,4096,5120,7168,bf16:row,bf16:column,void:row,bf16:row,1,0,serial,1,1,heuristic,invalid,invalid,False,False,8,tensorop,f32,256,256,64,2,4,1,2,1,1,6,4,1,1,256,256,16,100,110,132120576,300689653760,2275,0.200522,613.634,1499540.0,0.599816
1,CUTLASS,gemm,cutlass3x_sm100_tensorop_gemm_bf16_bf16_f32_void_bf16_256x256x64_4x2x1_0_tnt_align8_2sm,passed,success,universal,4096,5120,7168,bf16:row,bf16:column,void:row,bf16:row,1,0,serial,1,1,heuristic,invalid,invalid,False,False,8,tensorop,f32,256,256,64,4,2,1,2,1,1,6,4,1,1,256,256,16,100,110,132120576,300689653760,2275,0.20065,613.243,1498580.0,0.599432
1,CUTLASS,gemm,cutlass3x_sm100_tensorop_gemm_bf16_bf16_f32_void_f32_128x256x64_2x2x1_0_tnt_align8_2sm_epi_tma,passed,success,universal,4096,5120,7168,bf16:row,bf16:column,void:row,f32:row,1,0,serial,1,1,heuristic,invalid,invalid,False,False,8,tensorop,f32,128,256,64,2,2,1,2,1,1,8,4,1,1,128,256,16,100,110,132120576,300689653760,2275,0.201027,612.091,1495770.0,0.598308
1,CUTLASS,gemm,cutlass3x_sm100_tensorop_gemm_bf16_bf16_f32_bf16_bf16_256x256x64_0x0x1_0_tnt_align8_stream_k_2sm,passed,success,universal,4096,5120,7168,bf16:row,bf16:column,bf16:row,bf16:row,1,0,serial,1,1,heuristic,invalid,invalid,False,False,8,tensorop,f32,256,256,64,2,1,1,2,1,1,5,4,1,1,256,256,16,100,110,174063616,300689653760,1727,0.201267,805.444,1493980.0,0.597592
1,CUTLASS,gemm,cutlass3x_sm100_tensorop_gemm_bf16_bf16_f32_f32_f32_128x256x64_2x1x1_0_tnt_align8_2sm_epi_tma,passed,success,universal,4096,5120,7168,bf16:row,bf16:column,f32:row,f32:row,1,0,serial,1,1,heuristic,invalid,invalid,False,False,8,tensorop,f32,128,256,64,2,1,1,2,1,1,8,4,1,1,128,256,16,100,110,216006656,300689653760,1392,0.201334,999.193,1493480.0,0.597392
1,CUTLASS,gemm,cutlass3x_sm100_tensorop_gemm_bf16_bf16_f32_void_f32_256x256x64_2x1x1_0_tnt_align8_stream_k_2sm,passed,success,universal,4096,5120,7168,bf16:row,bf16:column,void:row,f32:row,1,0,serial,1,1,heuristic,invalid,invalid,False,False,8,tensorop,f32,256,256,64,2,1,1,2,1,1,6,4,1,1,256,256,16,100,110,132120576,300689653760,2275,0.201546,610.516,1491920.0,0.596768
1,CUTLASS,gemm,cutlass3x_sm100_tensorop_gemm_bf16_bf16_f32_void_bf16_256x256x64_4x2x1_0_tnt_align8_stream_k_2sm,passed,success,universal,4096,5120,7168,bf16:row,bf16:column,void:row,bf16:row,1,0,serial,1,1,heuristic,invalid,invalid,False,False,8,tensorop,f32,256,256,64,4,2,1,2,1,1,6,4,1,1,256,256,16,100,110,132120576,300689653760,2275,0.201645,610.216,1491180.0,0.596472
1,CUTLASS,gemm,cutlass3x_sm100_tensorop_gemm_bf16_bf16_f32_bf16_bf16_256x256x64_4x4x1_0_tnt_align8_stream_k_2sm,passed,success,universal,4096,5120,7168,bf16:row,bf16:column,bf16:row,bf16:row,1,0,serial,1,1,heuristic,invalid,invalid,False,False,8,tensorop,f32,256,256,64,4,4,1,2,1,1,5,4,1,1,256,256,16,100,110,174063616,300689653760,1727,0.202058,802.293,1488140.0,0.595256
1,CUTLASS,gemm,cutlass3x_sm100_tensorop_gemm_bf16_bf16_f32_f32_f32_128x256x64_0x0x1_0_tnt_align8_2sm_epi_tma,passed,success,universal,4096,5120,7168,bf16:row,bf16:column,f32:row,f32:row,1,0,serial,1,1,heuristic,invalid,invalid,False,False,8,tensorop,f32,128,256,64,2,1,1,2,1,1,8,4,1,1,128,256,16,100,110,216006656,300689653760,1392,0.202157,995.128,1487410.0,0.594964
1,CUTLASS,gemm,cutlass3x_sm100_tensorop_gemm_bf16_bf16_f32_void_f32_128x256x64_2x1x1_0_tnt_align8_2sm_epi_tma,passed,success,universal,4096,5120,7168,bf16:row,bf16:column,void:row,f32:row,1,0,serial,1,1,heuristic,invalid,invalid,False,False,8,tensorop,f32,128,256,64,2,1,1,2,1,1,8,4,1,1,128,256,16,100,110,132120576,300689653760,2275,0.202355,608.074,1485950.0,0.59438
1,CUTLASS,gemm,cutlass3x_sm100_tensorop_gemm_bf16_bf16_f32_void_f32_256x256x64_0x0x1_0_tnt_align8_stream_k_2sm,passed,success,universal,4096,5120,7168,bf16:row,bf16:column,void:row,f32:row,1,0,serial,1,1,heuristic,invalid,invalid,False,False,8,tensorop,f32,256,256,64,2,1,1,2,1,1,6,4,1,1,256,256,16,100,110,132120576,300689653760,2275,0.202365,608.045,1485880.0,0.594352
1,CUTLASS,gemm,cutlass3x_sm100_tensorop_gemm_bf16_bf16_f32_void_f32_128x256x64_0x0x1_0_tnt_align8_2sm_epi_tma,passed,success,universal,4096,5120,7168,bf16:row,bf16:column,void:row,f32:row,1,0,serial,1,1,heuristic,invalid,invalid,False,False,8,tensorop,f32,128,256,64,2,1,1,2,1,1,8,4,1,1,128,256,16,100,110,132120576,300689653760,2275,0.202493,607.66,1484940.0,0.593976
1,CUTLASS,gemm,cutlass3x_sm100_tensorop_gemm_bf16_bf16_f32_f32_f32_256x128x64_2x4x1_0_tnt_align8_2sm,passed,success,universal,4096,5120,7168,bf16:row,bf16:column,f32:row,f32:row,1,0,serial,1,1,heuristic,invalid,invalid,False,False,8,tensorop,f32,256,128,64,2,4,1,2,1,1,8,4,1,1,256,128,16,100,110,216006656,300689653760,1392,0.202566,993.116,1484400.0,0.59376
1,CUTLASS,gemm,cutlass3x_sm100_tensorop_gemm_bf16_bf16_f32_f32_f32_256x256x64_2x1x1_0_tnt_align8_stream_k_2sm,passed,success,universal,4096,5120,7168,bf16:row,bf16:column,f32:row,f32:row,1,0,serial,1,1,heuristic,invalid,invalid,False,False,8,tensorop,f32,256,256,64,2,1,1,2,1,1,5,4,1,1,256,256,16,100,110,216006656,300689653760,1392,0.202771,992.113,1482900.0,0.59316
1,CUTLASS,gemm,cutlass3x_sm100_tensorop_gemm_bf16_bf16_f32_f32_f32_256x128x64_4x1x1_0_tnt_align8_stream_k_2sm,passed,success,universal,4096,5120,7168,bf16:row,bf16:column,f32:row,f32:row,1,0,serial,1,1,heuristic,invalid,invalid,False,False,8,tensorop,f32,256,128,64,4,1,1,2,1,1,8,4,1,1,256,128,16,100,110,216006656,300689653760,1392,0.202874,991.612,1482150.0,0.59286
1,CUTLASS,gemm,cutlass3x_sm100_tensorop_gemm_bf16_bf16_f32_void_bf16_128x256x64_1x4x1_0_tnt_align8_stream_k_1sm,passed,success,universal,4096,5120,7168,bf16:row,bf16:column,void:row,bf16:row,1,0,serial,1,1,heuristic,invalid,invalid,False,False,8,tensorop,f32,128,256,64,1,4,1,1,1,1,4,4,1,1,128,256,16,100,110,132120576,300689653760,2275,0.202976,606.214,1481410.0,0.592564
1,CUTLASS,gemm,cutlass3x_sm100_tensorop_gemm_bf16_bf16_f32_void_f32_256x256x64_4x4x1_0_tnt_align8_2sm,passed,success,universal,4096,5120,7168,bf16:row,bf16:column,void:row,f32:row,1,0,serial,1,1,heuristic,invalid,invalid,False,False,8,tensorop,f32,256,256,64,4,4,1,2,1,1,6,4,1,1,256,256,16,100,110,132120576,300689653760,2275,0.203002,606.137,1481220.0,0.592488
1,CUTLASS,gemm,cutlass3x_sm100_tensorop_gemm_bf16_bf16_f32_void_f32_256x128x64_4x1x1_0_tnt_align8_stream_k_2sm,passed,success,universal,4096,5120,7168,bf16:row,bf16:column,void:row,f32:row,1,0,serial,1,1,heuristic,invalid,invalid,False,False,8,tensorop,f32,256,128,64,4,1,1,2,1,1,8,4,1,1,256,128,16,100,110,132120576,300689653760,2275,0.203078,605.908,1480660.0,0.592264
1,CUTLASS,gemm,cutlass3x_sm100_tensorop_gemm_bf16_bf16_f32_f32_f32_128x256x64_4x2x1_0_tnt_align8_2sm_epi_tma,passed,success,universal,4096,5120,7168,bf16:row,bf16:column,f32:row,f32:row,1,0,serial,1,1,heuristic,invalid,invalid,False,False,8,tensorop,f32,128,256,64,4,2,1,2,1,1,8,4,1,1,128,256,16,100,110,216006656,300689653760,1392,0.203411,988.991,1478240.0,0.591296
1,CUTLASS,gemm,cutlass3x_sm100_tensorop_gemm_bf16_bf16_f32_f32_f32_256x256x64_0x0x1_0_tnt_align8_stream_k_2sm,passed,success,universal,4096,5120,7168,bf16:row,bf16:column,f32:row,f32:row,1,0,serial,1,1,heuristic,invalid,invalid,False,False,8,tensorop,f32,256,256,64,2,1,1,2,1,1,5,4,1,1,256,256,16,100,110,216006656,300689653760,1392,0.203491,988.602,1477650.0,0.59106
1,CUTLASS,gemm,cutlass3x_sm100_tensorop_gemm_bf16_bf16_f32_void_bf16_128x256x64_1x2x1_0_tnt_align8_stream_k_1sm,passed,success,universal,4096,5120,7168,bf16:row,bf16:column,void:row,bf16:row,1,0,serial,1,1,heuristic,invalid,invalid,False,False,8,tensorop,f32,128,256,64,1,2,1,1,1,1,4,4,1,1,128,256,16,100,110,132120576,300689653760,2275,0.204,603.171,1473970.0,0.589588
1,CUTLASS,gemm,cutlass3x_sm100_tensorop_gemm_bf16_bf16_f32_f32_f32_256x128x64_4x2x1_0_tnt_align8_2sm,passed,success,universal,4096,5120,7168,bf16:row,bf16:column,f32:row,f32:row,1,0,serial,1,1,heuristic,invalid,invalid,False,False,8,tensorop,f32,256,128,64,4,2,1,2,1,1,8,4,1,1,256,128,16,100,110,216006656,300689653760,1392,0.20472,982.668,1468780.0,0.587512
1,CUTLASS,gemm,cutlass3x_sm100_tensorop_gemm_bf16_bf16_f32_void_f32_256x128x64_2x4x1_0_tnt_align8_2sm,passed,success,universal,4096,5120,7168,bf16:row,bf16:column,void:row,f32:row,1,0,serial,1,1,heuristic,invalid,invalid,False,False,8,tensorop,f32,256,128,64,2,4,1,2,1,1,8,4,1,1,256,128,16,100,110,132120576,300689653760,2275,0.205261,599.466,1464920.0,0.585968
1,CUTLASS,gemm,cutlass3x_sm100_tensorop_gemm_bf16_bf16_f32_void_bf16_256x256x64_2x4x1_0_tnt_align8_2sm,passed,success,universal,4096,5120,7168,bf16:row,bf16:column,void:row,bf16:row,1,0,serial,1,1,heuristic,invalid,invalid,False,False,8,tensorop,f32,256,256,64,2,4,1,2,1,1,6,4,1,1,256,256,16,100,110,132120576,300689653760,2275,0.205638,598.365,1462230.0,0.584892
1,CUTLASS,gemm,cutlass3x_sm100_tensorop_gemm_bf16_bf16_f32_void_f32_256x256x64_2x4x1_0_tnt_align8_stream_k_2sm,passed,success,universal,4096,5120,7168,bf16:row,bf16:column,void:row,f32:row,1,0,serial,1,1,heuristic,invalid,invalid,False,False,8,tensorop,f32,256,256,64,2,4,1,2,1,1,6,4,1,1,256,256,16,100,110,132120576,300689653760,2275,0.206691,595.317,1454780.0,0.581912
1,CUTLASS,gemm,cutlass3x_sm100_tensorop_gemm_bf16_bf16_f32_bf16_bf16_256x256x64_2x4x1_0_tnt_align8_stream_k_2sm,passed,success,universal,4096,5120,7168,bf16:row,bf16:column,bf16:row,bf16:row,1,0,serial,1,1,heuristic,invalid,invalid,False,False,8,tensorop,f32,256,256,64,2,4,1,2,1,1,5,4,1,1,256,256,16,100,110,174063616,300689653760,1727,0.206896,783.531,1453340.0,0.581336
1,CUTLASS,gemm,cutlass3x_sm100_tensorop_gemm_bf16_bf16_f32_void_bf16_128x128x64_2x1x1_0_tnt_align8_stream_k_2sm_epi_tma,passed,success,universal,4096,5120,7168,bf16:row,bf16:column,void:row,bf16:row,1,0,serial,1,1,heuristic,invalid,invalid,False,False,8,tensorop,f32,128,128,64,2,1,1,2,1,1,13,4,1,1,128,128,16,100,110,132120576,300689653760,2275,0.207277,593.636,1450670.0,0.580268
1,CUTLASS,gemm,cutlass3x_sm100_tensorop_gemm_bf16_bf16_f32_void_f32_128x256x64_4x2x1_0_tnt_align8_2sm_epi_tma,passed,success,universal,4096,5120,7168,bf16:row,bf16:column,void:row,f32:row,1,0,serial,1,1,heuristic,invalid,invalid,False,False,8,tensorop,f32,128,256,64,4,2,1,2,1,1,8,4,1,1,128,256,16,100,110,132120576,300689653760,2275,0.20728,593.626,1450640.0,0.580256
1,CUTLASS,gemm,cutlass3x_sm100_tensorop_gemm_bf16_bf16_f32_bf16_bf16_128x128x64_4x1x1_0_tnt_align8_stream_k_2sm_epi_tma,passed,success,universal,4096,5120,7168,bf16:row,bf16:column,bf16:row,bf16:row,1,0,serial,1,1,heuristic,invalid,invalid,False,False,8,tensorop,f32,128,128,64,4,1,1,2,1,1,13,4,1,1,128,128,16,100,110,174063616,300689653760,1727,0.207482,781.319,1449240.0,0.579696
1,CUTLASS,gemm,cutlass3x_sm100_tensorop_gemm_bf16_bf16_f32_void_f32_256x128x64_4x2x1_0_tnt_align8_2sm,passed,success,universal,4096,5120,7168,bf16:row,bf16:column,void:row,f32:row,1,0,serial,1,1,heuristic,invalid,invalid,False,False,8,tensorop,f32,256,128,64,4,2,1,2,1,1,8,4,1,1,256,128,16,100,110,132120576,300689653760,2275,0.207917,591.808,1446200.0,0.57848
1,CUTLASS,gemm,cutlass3x_sm100_tensorop_gemm_bf16_bf16_f32_void_bf16_128x128x64_4x1x1_0_tnt_align8_stream_k_2sm_epi_tma,passed,success,universal,4096,5120,7168,bf16:row,bf16:column,void:row,bf16:row,1,0,serial,1,1,heuristic,invalid,invalid,False,False,8,tensorop,f32,128,128,64,4,1,1,2,1,1,13,4,1,1,128,128,16,100,110,132120576,300689653760,2275,0.207994,591.59,1445670.0,0.578268
1,CUTLASS,gemm,cutlass3x_sm100_tensorop_gemm_bf16_bf16_f32_bf16_bf16_256x256x64_4x4x1_0_tnt_align8_2sm,passed,success,universal,4096,5120,7168,bf16:row,bf16:column,bf16:row,bf16:row,1,0,serial,1,1,heuristic,invalid,invalid,False,False,8,tensorop,f32,256,256,64,4,4,1,2,1,1,5,4,1,1,256,256,16,100,110,174063616,300689653760,1727,0.208125,778.905,1444760.0,0.577904
1,CUTLASS,gemm,cutlass3x_sm100_tensorop_gemm_bf16_bf16_f32_void_f32_256x256x64_4x2x1_0_tnt_align8_stream_k_2sm,passed,success,universal,4096,5120,7168,bf16:row,bf16:column,void:row,f32:row,1,0,serial,1,1,heuristic,invalid,invalid,False,False,8,tensorop,f32,256,256,64,4,2,1,2,1,1,6,4,1,1,256,256,16,100,110,132120576,300689653760,2275,0.208301,590.717,1443540.0,0.577416
1,CUTLASS,gemm,cutlass3x_sm100_tensorop_gemm_bf16_bf16_f32_bf16_bf16_128x128x64_2x1x1_0_tnt_align8_stream_k_2sm_epi_tma,passed,success,universal,4096,5120,7168,bf16:row,bf16:column,bf16:row,bf16:row,1,0,serial,1,1,heuristic,invalid,invalid,False,False,8,tensorop,f32,128,128,64,2,1,1,2,1,1,13,4,1,1,128,128,16,100,110,174063616,300689653760,1727,0.208362,778.019,1443110.0,0.577244
1,CUTLASS,gemm,cutlass3x_sm100_tensorop_gemm_bf16_bf16_f32_void_bf16_128x128x64_2x2x1_0_tnt_align8_2sm_epi_tma,passed,success,universal,4096,5120,7168,bf16:row,bf16:column,void:row,bf16:row,1,0,serial,1,1,heuristic,invalid,invalid,False,False,8,tensorop,f32,128,128,64,2,2,1,2,1,1,13,4,1,1,128,128,16,100,110,132120576,300689653760,2275,0.208506,590.137,1442120.0,0.576848
1,CUTLASS,gemm,cutlass3x_sm100_tensorop_gemm_bf16_bf16_f32_void_bf16_128x128x64_0x0x1_0_tnt_align8_stream_k_2sm_epi_tma,passed,success,universal,4096,5120,7168,bf16:row,bf16:column,void:row,bf16:row,1,0,serial,1,1,heuristic,invalid,invalid,False,False,8,tensorop,f32,128,128,64,2,1,1,2,1,1,13,4,1,1,128,128,16,100,110,132120576,300689653760,2275,0.208611,589.838,1441390.0,0.576556
1,CUTLASS,gemm,cutlass3x_sm100_tensorop_gemm_bf16_bf16_f32_void_f32_256x256x64_4x2x1_0_tnt_align8_2sm,passed,success,universal,4096,5120,7168,bf16:row,bf16:column,void:row,f32:row,1,0,serial,1,1,heuristic,invalid,invalid,False,False,8,tensorop,f32,256,256,64,4,2,1,2,1,1,6,4,1,1,256,256,16,100,110,132120576,300689653760,2275,0.208643,589.748,1441170.0,0.576468
1,CUTLASS,gemm,cutlass3x_sm100_tensorop_gemm_bf16_bf16_f32_bf16_bf16_256x256x64_4x2x1_0_tnt_align8_stream_k_2sm,passed,success,universal,4096,5120,7168,bf16:row,bf16:column,bf16:row,bf16:row,1,0,serial,1,1,heuristic,invalid,invalid,False,False,8,tensorop,f32,256,256,64,4,2,1,2,1,1,5,4,1,1,256,256,16,100,110,174063616,300689653760,1727,0.20912,775.198,1437880.0,0.575152
1,CUTLASS,gemm,cutlass3x_sm100_tensorop_gemm_bf16_bf16_f32_void_bf16_128x128x64_4x1x1_0_tnt_align8_2sm_epi_tma,passed,success,universal,4096,5120,7168,bf16:row,bf16:column,void:row,bf16:row,1,0,serial,1,1,heuristic,invalid,invalid,False,False,8,tensorop,f32,128,128,64,4,1,1,2,1,1,13,4,1,1,128,128,16,100,110,132120576,300689653760,2275,0.209146,588.331,1437700.0,0.57508
1,CUTLASS,gemm,cutlass3x_sm100_tensorop_gemm_bf16_bf16_f32_bf16_bf16_128x128x64_4x1x1_0_tnt_align8_2sm_epi_tma,passed,success,universal,4096,5120,7168,bf16:row,bf16:column,bf16:row,bf16:row,1,0,serial,1,1,heuristic,invalid,invalid,False,False,8,tensorop,f32,128,128,64,4,1,1,2,1,1,13,4,1,1,128,128,16,100,110,174063616,300689653760,1727,0.209229,774.795,1437130.0,0.574852
1,CUTLASS,gemm,cutlass3x_sm100_tensorop_gemm_bf16_bf16_f32_bf16_bf16_128x128x64_2x2x1_0_tnt_align8_2sm_epi_tma,passed,success,universal,4096,5120,7168,bf16:row,bf16:column,bf16:row,bf16:row,1,0,serial,1,1,heuristic,invalid,invalid,False,False,8,tensorop,f32,128,128,64,2,2,1,2,1,1,13,4,1,1,128,128,16,100,110,174063616,300689653760,1727,0.209325,774.439,1436470.0,0.574588
1,CUTLASS,gemm,cutlass3x_sm100_tensorop_gemm_bf16_bf16_f32_void_bf16_128x256x64_1x4x1_0_tnt_align8_1sm,passed,success,universal,4096,5120,7168,bf16:row,bf16:column,void:row,bf16:row,1,0,serial,1,1,heuristic,invalid,invalid,False,False,8,tensorop,f32,128,256,64,1,4,1,1,1,1,4,4,1,1,128,256,16,100,110,132120576,300689653760,2275,0.209325,587.828,1436470.0,0.574588
1,CUTLASS,gemm,cutlass3x_sm100_tensorop_gemm_bf16_bf16_f32_bf16_bf16_128x128x64_1x1x1_0_tnt_align8_1sm,passed,success,universal,4096,5120,7168,bf16:row,bf16:column,bf16:row,bf16:row,1,0,serial,1,1,heuristic,invalid,invalid,False,False,8,tensorop,f32,128,128,64,1,1,1,1,1,1,6,4,1,1,128,128,16,100,110,174063616,300689653760,1727,0.209357,774.321,1436250.0,0.5745
1,CUTLASS,gemm,cutlass3x_sm100_tensorop_gemm_bf16_bf16_f32_bf16_bf16_256x256x64_4x2x1_0_tnt_align8_2sm,passed,success,universal,4096,5120,7168,bf16:row,bf16:column,bf16:row,bf16:row,1,0,serial,1,1,heuristic,invalid,invalid,False,False,8,tensorop,f32,256,256,64,4,2,1,2,1,1,5,4,1,1,256,256,16,100,110,174063616,300689653760,1727,0.209635,773.293,1434350.0,0.57374
1,CUTLASS,gemm,cutlass3x_sm100_tensorop_gemm_bf16_bf16_f32_f32_f32_256x256x64_4x4x1_0_tnt_align8_stream_k_2sm,passed,success,universal,4096,5120,7168,bf16:row,bf16:column,f32:row,f32:row,1,0,serial,1,1,heuristic,invalid,invalid,False,False,8,tensorop,f32,256,256,64,4,4,1,2,1,1,5,4,1,1,256,256,16,100,110,216006656,300689653760,1392,0.20983,958.736,1433010.0,0.573204
1,CUTLASS,gemm,cutlass3x_sm100_tensorop_gemm_bf16_bf16_f32_bf16_bf16_128x128x64_0x0x1_0_tnt_align8_stream_k_2sm_epi_tma,passed,success,universal,4096,5120,7168,bf16:row,bf16:column,bf16:row,bf16:row,1,0,serial,1,1,heuristic,invalid,invalid,False,False,8,tensorop,f32,128,128,64,2,1,1,2,1,1,13,4,1,1,128,128,16,100,110,174063616,300689653760,1727,0.209942,772.161,1432250.0,0.5729
1,CUTLASS,gemm,cutlass3x_sm100_tensorop_gemm_bf16_bf16_f32_void_f32_256x256x64_2x4x1_0_tnt_align8_2sm,passed,success,universal,4096,5120,7168,bf16:row,bf16:column,void:row,f32:row,1,0,serial,1,1,heuristic,invalid,invalid,False,False,8,tensorop,f32,256,256,64,2,4,1,2,1,1,6,4,1,1,256,256,16,100,110,132120576,300689653760,2275,0.210042,585.821,1431570.0,0.572628
1,CUTLASS,gemm,cutlass3x_sm100_tensorop_gemm_bf16_bf16_f32_void_bf16_128x128x64_1x1x1_0_tnt_align8_1sm,passed,success,universal,4096,5120,7168,bf16:row,bf16:column,void:row,bf16:row,1,0,serial,1,1,heuristic,invalid,invalid,False,False,8,tensorop,f32,128,128,64,1,1,1,1,1,1,6,4,1,1,128,128,16,100,110,132120576,300689653760,2275,0.210144,585.536,1430870.0,0.572348
1,CUTLASS,gemm,cutlass3x_sm100_tensorop_gemm_bf16_bf16_f32_void_bf16_128x128x64_2x1x1_0_tnt_align8_2sm_epi_tma,passed,success,universal,4096,5120,7168,bf16:row,bf16:column,void:row,bf16:row,1,0,serial,1,1,heuristic,invalid,invalid,False,False,8,tensorop,f32,128,128,64,2,1,1,2,1,1,13,4,1,1,128,128,16,100,110,132120576,300689653760,2275,0.210173,585.456,1430680.0,0.572272
1,CUTLASS,gemm,cutlass3x_sm100_tensorop_gemm_bf16_bf16_f32_bf16_bf16_128x128x64_1x2x1_0_tnt_align8_1sm,passed,success,universal,4096,5120,7168,bf16:row,bf16:column,bf16:row,bf16:row,1,0,serial,1,1,heuristic,invalid,invalid,False,False,8,tensorop,f32,128,128,64,1,2,1,1,1,1,6,4,1,1,128,128,16,100,110,174063616,300689653760,1727,0.21025,771.033,1430160.0,0.572064
1,CUTLASS,gemm,cutlass3x_sm100_tensorop_gemm_bf16_bf16_f32_void_bf16_128x256x64_1x2x1_0_tnt_align8_1sm,passed,success,universal,4096,5120,7168,bf16:row,bf16:column,void:row,bf16:row,1,0,serial,1,1,heuristic,invalid,invalid,False,False,8,tensorop,f32,128,256,64,1,2,1,1,1,1,4,4,1,1,128,256,16,100,110,132120576,300689653760,2275,0.210378,584.886,1429290.0,0.571716
1,CUTLASS,gemm,cutlass3x_sm100_tensorop_gemm_bf16_bf16_f32_bf16_bf16_128x128x64_1x1x1_0_tnt_align8_stream_k_1sm,passed,success,universal,4096,5120,7168,bf16:row,bf16:column,bf16:row,bf16:row,1,0,serial,1,1,heuristic,invalid,invalid,False,False,8,tensorop,f32,128,128,64,1,1,1,1,1,1,6,4,1,1,128,128,16,100,110,174063616,300689653760,1727,0.210458,770.271,1428740.0,0.571496
1,CUTLASS,gemm,cutlass3x_sm100_tensorop_gemm_bf16_bf16_f32_bf16_bf16_128x128x64_1x4x1_0_tnt_align8_1sm,passed,success,universal,4096,5120,7168,bf16:row,bf16:column,bf16:row,bf16:row,1,0,serial,1,1,heuristic,invalid,invalid,False,False,8,tensorop,f32,128,128,64,1,4,1,1,1,1,6,4,1,1,128,128,16,100,110,174063616,300689653760,1727,0.210582,769.814,1427900.0,0.57116
1,CUTLASS,gemm,cutlass3x_sm100_tensorop_gemm_bf16_bf16_f32_bf16_bf16_128x128x64_2x1x1_0_tnt_align8_2sm_epi_tma,passed,success,universal,4096,5120,7168,bf16:row,bf16:column,bf16:row,bf16:row,1,0,serial,1,1,heuristic,invalid,invalid,False,False,8,tensorop,f32,128,128,64,2,1,1,2,1,1,13,4,1,1,128,128,16,100,110,174063616,300689653760,1727,0.210659,769.534,1427370.0,0.570948
1,CUTLASS,gemm,cutlass3x_sm100_tensorop_gemm_bf16_bf16_f32_void_bf16_128x128x64_1x1x1_0_tnt_align8_stream_k_1sm,passed,success,universal,4096,5120,7168,bf16:row,bf16:column,void:row,bf16:row,1,0,serial,1,1,heuristic,invalid,invalid,False,False,8,tensorop,f32,128,128,64,1,1,1,1,1,1,6,4,1,1,128,128,16,100,110,132120576,300689653760,2275,0.210762,583.82,1426680.0,0.570672
1,CUTLASS,gemm,cutlass3x_sm100_tensorop_gemm_bf16_bf16_f32_void_bf16_128x256x64_1x1x1_0_tnt_align8_1sm,passed,success,universal,4096,5120,7168,bf16:row,bf16:column,void:row,bf16:row,1,0,serial,1,1,heuristic,invalid,invalid,False,False,8,tensorop,f32,128,256,64,1,1,1,1,1,1,4,4,1,1,128,256,16,100,110,132120576,300689653760,2275,0.210784,583.758,1426530.0,0.570612
1,CUTLASS,gemm,cutlass3x_sm100_tensorop_gemm_bf16_bf16_f32_bf16_bf16_128x128x64_0x0x1_0_tnt_align8_2sm_epi_tma,passed,success,universal,4096,5120,7168,bf16:row,bf16:column,bf16:row,bf16:row,1,0,serial,1,1,heuristic,invalid,invalid,False,False,8,tensorop,f32,128,128,64,2,1,1,2,1,1,13,4,1,1,128,128,16,100,110,174063616,300689653760,1727,0.211069,768.04,1424600.0,0.56984
1,CUTLASS,gemm,cutlass3x_sm100_tensorop_gemm_bf16_bf16_f32_void_bf16_128x128x64_1x4x1_0_tnt_align8_1sm,passed,success,universal,4096,5120,7168,bf16:row,bf16:column,void:row,bf16:row,1,0,serial,1,1,heuristic,invalid,invalid,False,False,8,tensorop,f32,128,128,64,1,4,1,1,1,1,6,4,1,1,128,128,16,100,110,132120576,300689653760,2275,0.21127,582.414,1423250.0,0.5693
1,CUTLASS,gemm,cutlass3x_sm100_tensorop_gemm_bf16_bf16_f32_void_bf16_128x128x64_0x0x1_0_tnt_align8_2sm_epi_tma,passed,success,universal,4096,5120,7168,bf16:row,bf16:column,void:row,bf16:row,1,0,serial,1,1,heuristic,invalid,invalid,False,False,8,tensorop,f32,128,128,64,2,1,1,2,1,1,13,4,1,1,128,128,16,100,110,132120576,300689653760,2275,0.211274,582.405,1423220.0,0.569288
1,CUTLASS,gemm,cutlass3x_sm100_tensorop_gemm_bf16_bf16_f32_void_bf16_128x128x64_1x2x1_0_tnt_align8_1sm,passed,success,universal,4096,5120,7168,bf16:row,bf16:column,void:row,bf16:row,1,0,serial,1,1,heuristic,invalid,invalid,False,False,8,tensorop,f32,128,128,64,1,2,1,1,1,1,6,4,1,1,128,128,16,100,110,132120576,300689653760,2275,0.211302,582.326,1423030.0,0.569212
1,CUTLASS,gemm,cutlass3x_sm100_tensorop_gemm_bf16_bf16_f32_bf16_bf16_128x128x64_0x0x1_0_tnt_align8_1sm,passed,success,universal,4096,5120,7168,bf16:row,bf16:column,bf16:row,bf16:row,1,0,serial,1,1,heuristic,invalid,invalid,False,False,8,tensorop,f32,128,128,64,1,1,1,1,1,1,6,4,1,1,128,128,16,100,110,174063616,300689653760,1727,0.211472,766.576,1421890.0,0.568756
1,CUTLASS,gemm,cutlass3x_sm100_tensorop_gemm_bf16_bf16_f32_void_bf16_128x128x64_0x0x1_0_tnt_align8_1sm,passed,success,universal,4096,5120,7168,bf16:row,bf16:column,void:row,bf16:row,1,0,serial,1,1,heuristic,invalid,invalid,False,False,8,tensorop,f32,128,128,64,1,1,1,1,1,1,6,4,1,1,128,128,16,100,110,132120576,300689653760,2275,0.211578,581.569,1421180.0,0.568472
1,CUTLASS,gemm,cutlass3x_sm100_tensorop_gemm_bf16_bf16_f32_bf16_bf16_256x256x64_2x4x1_0_tnt_align8_2sm,passed,success,universal,4096,5120,7168,bf16:row,bf16:column,bf16:row,bf16:row,1,0,serial,1,1,heuristic,invalid,invalid,False,False,8,tensorop,f32,256,256,64,2,4,1,2,1,1,5,4,1,1,256,256,16,100,110,174063616,300689653760,1727,0.211683,765.811,1420470.0,0.568188
1,CUTLASS,gemm,cutlass3x_sm100_tensorop_gemm_bf16_bf16_f32_bf16_bf16_256x128x64_4x4x1_0_tnt_align8_2sm,passed,success,universal,4096,5120,7168,bf16:row,bf16:column,bf16:row,bf16:row,1,0,serial,1,1,heuristic,invalid,invalid,False,False,8,tensorop,f32,256,128,64,4,4,1,2,1,1,8,4,1,1,256,128,16,100,110,174063616,300689653760,1727,0.212294,763.606,1416380.0,0.566552
1,CUTLASS,gemm,cutlass3x_sm100_tensorop_gemm_bf16_bf16_f32_void_bf16_128x256x64_0x0x1_0_tnt_align8_1sm,passed,success,universal,4096,5120,7168,bf16:row,bf16:column,void:row,bf16:row,1,0,serial,1,1,heuristic,invalid,invalid,False,False,8,tensorop,f32,128,256,64,1,1,1,1,1,1,4,4,1,1,128,256,16,100,110,132120576,300689653760,2275,0.212605,578.759,1414310.0,0.565724
1,CUTLASS,gemm,cutlass3x_sm100_tensorop_gemm_bf16_bf16_f32_void_bf16_256x128x64_4x4x1_0_tnt_align8_2sm,passed,success,universal,4096,5120,7168,bf16:row,bf16:column,void:row,bf16:row,1,0,serial,1,1,heuristic,invalid,invalid,False,False,8,tensorop,f32,256,128,64,4,4,1,2,1,1,8,4,1,1,256,128,16,100,110,132120576,300689653760,2275,0.213014,577.646,1411590.0,0.564636
1,CUTLASS,gemm,cutlass3x_sm100_tensorop_gemm_bf16_bf16_f32_f32_f32_256x256x64_2x4x1_0_tnt_align8_stream_k_2sm,passed,success,universal,4096,5120,7168,bf16:row,bf16:column,f32:row,f32:row,1,0,serial,1,1,heuristic,invalid,invalid,False,False,8,tensorop,f32,256,256,64,2,4,1,2,1,1,5,4,1,1,256,256,16,100,110,216006656,300689653760,1392,0.21424,939.002,1403520.0,0.561408
1,CUTLASS,gemm,cutlass3x_sm100_tensorop_gemm_bf16_bf16_f32_f32_f32_128x128x64_1x1x1_0_tnt_align8_1sm,passed,success,universal,4096,5120,7168,bf16:row,bf16:column,f32:row,f32:row,1,0,serial,1,1,heuristic,invalid,invalid,False,False,8,tensorop,f32,128,128,64,1,1,1,1,1,1,6,4,1,1,128,128,16,100,110,216006656,300689653760,1392,0.214752,936.764,1400170.0,0.560068
1,CUTLASS,gemm,cutlass3x_sm100_tensorop_gemm_bf16_bf16_f32_void_f32_128x128x64_1x1x1_0_tnt_align8_stream_k_1sm,passed,success,universal,4096,5120,7168,bf16:row,bf16:column,void:row,f32:row,1,0,serial,1,1,heuristic,invalid,invalid,False,False,8,tensorop,f32,128,128,64,1,1,1,1,1,1,6,4,1,1,128,128,16,100,110,132120576,300689653760,2275,0.215162,571.881,1397510.0,0.559004
1,CUTLASS,gemm,cutlass3x_sm100_tensorop_gemm_bf16_bf16_f32_void_bf16_128x128x64_0x0x1_0_tnt_align8_stream_k_1sm,passed,success,universal,4096,5120,7168,bf16:row,bf16:column,void:row,bf16:row,1,0,serial,1,1,heuristic,invalid,invalid,False,False,8,tensorop,f32,128,128,64,1,1,1,1,1,1,6,4,1,1,128,128,16,100,110,132120576,300689653760,2275,0.215168,571.864,1397460.0,0.558984
1,CUTLASS,gemm,cutlass3x_sm100_tensorop_gemm_bf16_bf16_f32_void_bf16_256x128x64_2x2x1_0_tnt_align8_stream_k_2sm,passed,success,universal,4096,5120,7168,bf16:row,bf16:column,void:row,bf16:row,1,0,serial,1,1,heuristic,invalid,invalid,False,False,8,tensorop,f32,256,128,64,2,2,1,2,1,1,8,4,1,1,256,128,16,100,110,132120576,300689653760,2275,0.21519,571.805,1397320.0,0.558928
1,CUTLASS,gemm,cutlass3x_sm100_tensorop_gemm_bf16_bf16_f32_void_f32_128x256x64_1x4x1_0_tnt_align8_stream_k_1sm,passed,success,universal,4096,5120,7168,bf16:row,bf16:column,void:row,f32:row,1,0,serial,1,1,heuristic,invalid,invalid,False,False,8,tensorop,f32,128,256,64,1,4,1,1,1,1,4,4,1,1,128,256,16,100,110,132120576,300689653760,2275,0.215466,571.074,1395530.0,0.558212
1,CUTLASS,gemm,cutlass3x_sm100_tensorop_gemm_bf16_bf16_f32_void_bf16_128x256x64_4x1x1_0_tnt_align8_stream_k_2sm_epi_tma,passed,success,universal,4096,5120,7168,bf16:row,bf16:column,void:row,bf16:row,1,0,serial,1,1,heuristic,invalid,invalid,False,False,8,tensorop,f32,128,256,64,4,1,1,2,1,1,8,4,1,1,128,256,16,100,110,132120576,300689653760,2275,0.215574,570.786,1394830.0,0.557932
1,CUTLASS,gemm,cutlass3x_sm100_tensorop_gemm_bf16_bf16_f32_void_bf16_128x256x64_1x1x1_0_tnt_align8_stream_k_1sm,passed,success,universal,4096,5120,7168,bf16:row,bf16:column,void:row,bf16:row,1,0,serial,1,1,heuristic,invalid,invalid,False,False,8,tensorop,f32,128,256,64,1,1,1,1,1,1,4,4,1,1,128,256,16,100,110,132120576,300689653760,2275,0.215578,570.778,1394810.0,0.557924
1,CUTLASS,gemm,cutlass3x_sm100_tensorop_gemm_bf16_bf16_f32_void_f32_128x256x64_1x2x1_0_tnt_align8_stream_k_1sm,passed,success,universal,4096,5120,7168,bf16:row,bf16:column,void:row,f32:row,1,0,serial,1,1,heuristic,invalid,invalid,False,False,8,tensorop,f32,128,256,64,1,2,1,1,1,1,4,4,1,1,128,256,16,100,110,132120576,300689653760,2275,0.215702,570.447,1394000.0,0.5576
1,CUTLASS,gemm,cutlass3x_sm100_tensorop_gemm_bf16_bf16_f32_bf16_bf16_256x128x64_2x2x1_0_tnt_align8_stream_k_2sm,passed,success,universal,4096,5120,7168,bf16:row,bf16:column,bf16:row,bf16:row,1,0,serial,1,1,heuristic,invalid,invalid,False,False,8,tensorop,f32,256,128,64,2,2,1,2,1,1,8,4,1,1,256,128,16,100,110,174063616,300689653760,1727,0.215776,751.286,1393530.0,0.557412
1,CUTLASS,gemm,cutlass3x_sm100_tensorop_gemm_bf16_bf16_f32_bf16_bf16_128x256x64_4x1x1_0_tnt_align8_stream_k_2sm_epi_tma,passed,success,universal,4096,5120,7168,bf16:row,bf16:column,bf16:row,bf16:row,1,0,serial,1,1,heuristic,invalid,invalid,False,False,8,tensorop,f32,128,256,64,4,1,1,2,1,1,8,4,1,1,128,256,16,100,110,174063616,300689653760,1727,0.216086,750.206,1391530.0,0.556612
1,CUTLASS,gemm,cutlass3x_sm100_tensorop_gemm_bf16_bf16_f32_void_f32_128x128x64_1x1x1_0_tnt_align8_1sm,passed,success,universal,4096,5120,7168,bf16:row,bf16:column,void:row,f32:row,1,0,serial,1,1,heuristic,invalid,invalid,False,False,8,tensorop,f32,128,128,64,1,1,1,1,1,1,6,4,1,1,128,128,16,100,110,132120576,300689653760,2275,0.216288,568.903,1390230.0,0.556092
1,CUTLASS,gemm,cutlass3x_sm100_tensorop_gemm_bf16_bf16_f32_f32_f32_128x128x64_2x2x1_0_tnt_align8_2sm_epi_tma,passed,success,universal,4096,5120,7168,bf16:row,bf16:column,f32:row,f32:row,1,0,serial,1,1,heuristic,invalid,invalid,False,False,8,tensorop,f32,128,128,64,2,2,1,2,1,1,12,4,1,1,128,128,16,100,110,216006656,300689653760,1392,0.216291,930.097,1390210.0,0.556084
1,CUTLASS,gemm,cutlass3x_sm100_tensorop_gemm_bf16_bf16_f32_f32_f32_128x128x64_1x1x1_0_tnt_align8_stream_k_1sm,passed,success,universal,4096,5120,7168,bf16:row,bf16:column,f32:row,f32:row,1,0,serial,1,1,heuristic,invalid,invalid,False,False,8,tensorop,f32,128,128,64,1,1,1,1,1,1,6,4,1,1,128,128,16,100,110,216006656,300689653760,1392,0.216301,930.056,1390150.0,0.55606
1,CUTLASS,gemm,cutlass3x_sm100_tensorop_gemm_bf16_bf16_f32_bf16_bf16_128x128x64_0x0x1_0_tnt_align8_stream_k_1sm,passed,success,universal,4096,5120,7168,bf16:row,bf16:column,bf16:row,bf16:row,1,0,serial,1,1,heuristic,invalid,invalid,False,False,8,tensorop,f32,128,128,64,1,1,1,1,1,1,6,4,1,1,128,128,16,100,110,174063616,300689653760,1727,0.216595,748.444,1388260.0,0.555304
1,CUTLASS,gemm,cutlass3x_sm100_tensorop_gemm_bf16_bf16_f32_void_bf16_128x256x64_2x1x1_0_tnt_align8_stream_k_2sm_epi_tma,passed,success,universal,4096,5120,7168,bf16:row,bf16:column,void:row,bf16:row,1,0,serial,1,1,heuristic,invalid,invalid,False,False,8,tensorop,f32,128,256,64,2,1,1,2,1,1,8,4,1,1,128,256,16,100,110,132120576,300689653760,2275,0.216829,567.484,1386760.0,0.554704
1,CUTLASS,gemm,cutlass3x_sm100_tensorop_gemm_bf16_bf16_f32_f32_f32_128x128x64_0x0x1_0_tnt_align8_1sm,passed,success,universal,4096,5120,7168,bf16:row,bf16:column,f32:row,f32:row,1,0,serial,1,1,heuristic,invalid,invalid,False,False,8,tensorop,f32,128,128,64,1,1,1,1,1,1,6,4,1,1,128,128,16,100,110,216006656,300689653760,1392,0.216906,927.463,1386270.0,0.554508
1,CUTLASS,gemm,cutlass3x_sm100_tensorop_gemm_bf16_bf16_f32_f32_f32_256x256x64_4x2x1_0_tnt_align8_2sm,passed,success,universal,4096,5120,7168,bf16:row,bf16:column,f32:row,f32:row,1,0,serial,1,1,heuristic,invalid,invalid,False,False,8,tensorop,f32,256,256,64,4,2,1,2,1,1,5,4,1,1,256,256,16,100,110,216006656,300689653760,1392,0.216931,927.353,1386110.0,0.554444
1,CUTLASS,gemm,cutlass3x_sm100_tensorop_gemm_bf16_bf16_f32_f32_f32_256x256x64_4x2x1_0_tnt_align8_stream_k_2sm,passed,success,universal,4096,5120,7168,bf16:row,bf16:column,f32:row,f32:row,1,0,serial,1,1,heuristic,invalid,invalid,False,False,8,tensorop,f32,256,256,64,4,2,1,2,1,1,5,4,1,1,256,256,16,100,110,216006656,300689653760,1392,0.21711,926.588,1384960.0,0.553984
1,CUTLASS,gemm,cutlass3x_sm100_tensorop_gemm_bf16_bf16_f32_f32_f32_256x256x64_4x4x1_0_tnt_align8_2sm,passed,success,universal,4096,5120,7168,bf16:row,bf16:column,f32:row,f32:row,1,0,serial,1,1,heuristic,invalid,invalid,False,False,8,tensorop,f32,256,256,64,4,4,1,2,1,1,5,4,1,1,256,256,16,100,110,216006656,300689653760,1392,0.21721,926.165,1384330.0,0.553732
1,CUTLASS,gemm,cutlass3x_sm100_tensorop_gemm_bf16_bf16_f32_void_f32_128x128x64_2x1x1_0_tnt_align8_stream_k_2sm_epi_tma,passed,success,universal,4096,5120,7168,bf16:row,bf16:column,void:row,f32:row,1,0,serial,1,1,heuristic,invalid,invalid,False,False,8,tensorop,f32,128,128,64,2,1,1,2,1,1,12,4,1,1,128,128,16,100,110,132120576,300689653760,2275,0.217443,565.881,1382840.0,0.553136
1,CUTLASS,gemm,cutlass3x_sm100_tensorop_gemm_bf16_bf16_f32_void_bf16_128x256x64_0x0x1_0_tnt_align8_stream_k_2sm_epi_tma,passed,success,universal,4096,5120,7168,bf16:row,bf16:column,void:row,bf16:row,1,0,serial,1,1,heuristic,invalid,invalid,False,False,8,tensorop,f32,128,256,64,2,1,1,2,1,1,8,4,1,1,128,256,16,100,110,132120576,300689653760,2275,0.217654,565.331,1381500.0,0.5526
1,CUTLASS,gemm,cutlass3x_sm100_tensorop_gemm_bf16_bf16_f32_f32_f32_128x128x64_4x1x1_0_tnt_align8_2sm_epi_tma,passed,success,universal,4096,5120,7168,bf16:row,bf16:column,f32:row,f32:row,1,0,serial,1,1,heuristic,invalid,invalid,False,False,8,tensorop,f32,128,128,64,4,1,1,2,1,1,12,4,1,1,128,128,16,100,110,216006656,300689653760,1392,0.217722,923.987,1381070.0,0.552428
1,CUTLASS,gemm,cutlass3x_sm100_tensorop_gemm_bf16_bf16_f32_void_f32_128x128x64_2x2x1_0_tnt_align8_2sm_epi_tma,passed,success,universal,4096,5120,7168,bf16:row,bf16:column,void:row,f32:row,1,0,serial,1,1,heuristic,invalid,invalid,False,False,8,tensorop,f32,128,128,64,2,2,1,2,1,1,12,4,1,1,128,128,16,100,110,132120576,300689653760,2275,0.217827,564.883,1380400.0,0.55216
1,CUTLASS,gemm,cutlass3x_sm100_tensorop_gemm_bf16_bf16_f32_void_f32_128x128x64_2x1x1_0_tnt_align8_2sm_epi_tma,passed,success,universal,4096,5120,7168,bf16:row,bf16:column,void:row,f32:row,1,0,serial,1,1,heuristic,invalid,invalid,False,False,8,tensorop,f32,128,128,64,2,1,1,2,1,1,12,4,1,1,128,128,16,100,110,132120576,300689653760,2275,0.218029,564.361,1379130.0,0.551652
1,CUTLASS,gemm,cutlass3x_sm100_tensorop_gemm_bf16_bf16_f32_void_f32_128x128x64_0x0x1_0_tnt_align8_1sm,passed,success,universal,4096,5120,7168,bf16:row,bf16:column,void:row,f32:row,1,0,serial,1,1,heuristic,invalid,invalid,False,False,8,tensorop,f32,128,128,64,1,1,1,1,1,1,6,4,1,1,128,128,16,100,110,132120576,300689653760,2275,0.218131,564.096,1378480.0,0.551392
1,CUTLASS,gemm,cutlass3x_sm100_tensorop_gemm_bf16_bf16_f32_void_f32_128x128x64_4x1x1_0_tnt_align8_2sm_epi_tma,passed,success,universal,4096,5120,7168,bf16:row,bf16:column,void:row,f32:row,1,0,serial,1,1,heuristic,invalid,invalid,False,False,8,tensorop,f32,128,128,64,4,1,1,2,1,1,12,4,1,1,128,128,16,100,110,132120576,300689653760,2275,0.218163,564.013,1378280.0,0.551312
1,CUTLASS,gemm,cutlass3x_sm100_tensorop_gemm_bf16_bf16_f32_f32_f32_128x128x64_2x1x1_0_tnt_align8_stream_k_2sm_epi_tma,passed,success,universal,4096,5120,7168,bf16:row,bf16:column,f32:row,f32:row,1,0,serial,1,1,heuristic,invalid,invalid,False,False,8,tensorop,f32,128,128,64,2,1,1,2,1,1,12,4,1,1,128,128,16,100,110,216006656,300689653760,1392,0.218262,921.697,1377650.0,0.55106
1,CUTLASS,gemm,cutlass3x_sm100_tensorop_gemm_bf16_bf16_f32_void_bf16_128x128x64_2x4x1_0_tnt_align8_stream_k_2sm_epi_tma,passed,success,universal,4096,5120,7168,bf16:row,bf16:column,void:row,bf16:row,1,0,serial,1,1,heuristic,invalid,invalid,False,False,8,tensorop,f32,128,128,64,2,4,1,2,1,1,13,4,1,1,128,128,16,100,110,132120576,300689653760,2275,0.218339,563.558,1377170.0,0.550868
1,CUTLASS,gemm,cutlass3x_sm100_tensorop_gemm_bf16_bf16_f32_f32_f32_128x128x64_2x1x1_0_tnt_align8_2sm_epi_tma,passed,success,universal,4096,5120,7168,bf16:row,bf16:column,f32:row,f32:row,1,0,serial,1,1,heuristic,invalid,invalid,False,False,8,tensorop,f32,128,128,64,2,1,1,2,1,1,12,4,1,1,128,128,16,100,110,216006656,300689653760,1392,0.218362,921.279,1377030.0,0.550812
1,CUTLASS,gemm,cutlass3x_sm100_tensorop_gemm_bf16_bf16_f32_f32_f32_128x128x64_4x1x1_0_tnt_align8_stream_k_2sm_epi_tma,passed,success,universal,4096,5120,7168,bf16:row,bf16:column,f32:row,f32:row,1,0,serial,1,1,heuristic,invalid,invalid,False,False,8,tensorop,f32,128,128,64,4,1,1,2,1,1,12,4,1,1,128,128,16,100,110,216006656,300689653760,1392,0.218438,920.955,1376540.0,0.550616
1,CUTLASS,gemm,cutlass3x_sm100_tensorop_gemm_bf16_bf16_f32_f32_f32_128x128x64_1x2x1_0_tnt_align8_1sm,passed,success,universal,4096,5120,7168,bf16:row,bf16:column,f32:row,f32:row,1,0,serial,1,1,heuristic,invalid,invalid,False,False,8,tensorop,f32,128,128,64,1,2,1,1,1,1,6,4,1,1,128,128,16,100,110,216006656,300689653760,1392,0.218445,920.928,1376500.0,0.5506
1,CUTLASS,gemm,cutlass3x_sm100_tensorop_gemm_bf16_bf16_f32_bf16_bf16_128x256x64_2x1x1_0_tnt_align8_stream_k_2sm_epi_tma,passed,success,universal,4096,5120,7168,bf16:row,bf16:column,bf16:row,bf16:row,1,0,serial,1,1,heuristic,invalid,invalid,False,False,8,tensorop,f32,128,256,64,2,1,1,2,1,1,8,4,1,1,128,256,16,100,110,174063616,300689653760,1727,0.218467,742.031,1376360.0,0.550544
1,CUTLASS,gemm,cutlass3x_sm100_tensorop_gemm_bf16_bf16_f32_void_f32_128x128x64_0x0x1_0_tnt_align8_stream_k_2sm_epi_tma,passed,success,universal,4096,5120,7168,bf16:row,bf16:column,void:row,f32:row,1,0,serial,1,1,heuristic,invalid,invalid,False,False,8,tensorop,f32,128,128,64,2,1,1,2,1,1,12,4,1,1,128,128,16,100,110,132120576,300689653760,2275,0.218541,563.038,1375900.0,0.55036
1,CUTLASS,gemm,cutlass3x_sm100_tensorop_gemm_bf16_bf16_f32_void_f32_128x128x64_0x0x1_0_tnt_align8_2sm_epi_tma,passed,success,universal,4096,5120,7168,bf16:row,bf16:column,void:row,f32:row,1,0,serial,1,1,heuristic,invalid,invalid,False,False,8,tensorop,f32,128,128,64,2,1,1,2,1,1,12,4,1,1,128,128,16,100,110,132120576,300689653760,2275,0.218573,562.956,1375700.0,0.55028
1,CUTLASS,gemm,cutlass3x_sm100_tensorop_gemm_bf16_bf16_f32_f32_f32_128x128x64_1x4x1_0_tnt_align8_1sm,passed,success,universal,4096,5120,7168,bf16:row,bf16:column,f32:row,f32:row,1,0,serial,1,1,heuristic,invalid,invalid,False,False,8,tensorop,f32,128,128,64,1,4,1,1,1,1,6,4,1,1,128,128,16,100,110,216006656,300689653760,1392,0.218589,920.321,1375590.0,0.550236
1,CUTLASS,gemm,cutlass3x_sm100_tensorop_gemm_bf16_bf16_f32_f32_f32_128x128x64_0x0x1_0_tnt_align8_stream_k_2sm_epi_tma,passed,success,universal,4096,5120,7168,bf16:row,bf16:column,f32:row,f32:row,1,0,serial,1,1,heuristic,invalid,invalid,False,False,8,tensorop,f32,128,128,64,2,1,1,2,1,1,12,4,1,1,128,128,16,100,110,216006656,300689653760,1392,0.218643,920.092,1375250.0,0.5501
1,CUTLASS,gemm,cutlass3x_sm100_tensorop_gemm_bf16_bf16_f32_bf16_bf16_128x256x64_0x0x1_0_tnt_align8_stream_k_2sm_epi_tma,passed,success,universal,4096,5120,7168,bf16:row,bf16:column,bf16:row,bf16:row,1,0,serial,1,1,heuristic,invalid,invalid,False,False,8,tensorop,f32,128,256,64,2,1,1,2,1,1,8,4,1,1,128,256,16,100,110,174063616,300689653760,1727,0.21865,741.412,1375210.0,0.550084
1,CUTLASS,gemm,cutlass3x_sm100_tensorop_gemm_bf16_bf16_f32_f32_f32_128x128x64_0x0x1_0_tnt_align8_2sm_epi_tma,passed,success,universal,4096,5120,7168,bf16:row,bf16:column,f32:row,f32:row,1,0,serial,1,1,heuristic,invalid,invalid,False,False,8,tensorop,f32,128,128,64,2,1,1,2,1,1,12,4,1,1,128,128,16,100,110,216006656,300689653760,1392,0.218672,919.971,1375070.0,0.550028
1,CUTLASS,gemm,cutlass3x_sm100_tensorop_gemm_bf16_bf16_f32_bf16_bf16_128x128x64_2x4x1_0_tnt_align8_stream_k_2sm_epi_tma,passed,success,universal,4096,5120,7168,bf16:row,bf16:column,bf16:row,bf16:row,1,0,serial,1,1,heuristic,invalid,invalid,False,False,8,tensorop,f32,128,128,64,2,4,1,2,1,1,13,4,1,1,128,128,16,100,110,174063616,300689653760,1727,0.218749,741.075,1374590.0,0.549836
1,CUTLASS,gemm,cutlass3x_sm100_tensorop_gemm_bf16_bf16_f32_void_f32_128x128x64_1x2x1_0_tnt_align8_1sm,passed,success,universal,4096,5120,7168,bf16:row,bf16:column,void:row,f32:row,1,0,serial,1,1,heuristic,invalid,invalid,False,False,8,tensorop,f32,128,128,64,1,2,1,1,1,1,6,4,1,1,128,128,16,100,110,132120576,300689653760,2275,0.21936,560.936,1370760.0,0.548304
1,CUTLASS,gemm,cutlass3x_sm100_tensorop_gemm_bf16_bf16_f32_void_f32_128x256x64_1x4x1_0_tnt_align8_1sm,passed,success,universal,4096,5120,7168,bf16:row,bf16:column,void:row,f32:row,1,0,serial,1,1,heuristic,invalid,invalid,False,False,8,tensorop,f32,128,256,64,1,4,1,1,1,1,4,4,1,1,128,256,16,100,110,132120576,300689653760,2275,0.219459,560.682,1370140.0,0.548056
1,CUTLASS,gemm,cutlass3x_sm100_tensorop_gemm_bf16_bf16_f32_void_f32_128x256x64_1x2x1_0_tnt_align8_1sm,passed,success,universal,4096,5120,7168,bf16:row,bf16:column,void:row,f32:row,1,0,serial,1,1,heuristic,invalid,invalid,False,False,8,tensorop,f32,128,256,64,1,2,1,1,1,1,4,4,1,1,128,256,16,100,110,132120576,300689653760,2275,0.219795,559.825,1368040.0,0.547216
1,CUTLASS,gemm,cutlass3x_sm100_tensorop_gemm_bf16_bf16_f32_f32_f32_256x128x64_2x2x1_0_tnt_align8_stream_k_2sm,passed,success,universal,4096,5120,7168,bf16:row,bf16:column,f32:row,f32:row,1,0,serial,1,1,heuristic,invalid,invalid,False,False,8,tensorop,f32,256,128,64,2,2,1,2,1,1,8,4,1,1,256,128,16,100,110,216006656,300689653760,1392,0.219997,914.431,1366790.0,0.546716
1,CUTLASS,gemm,cutlass3x_sm100_tensorop_gemm_bf16_bf16_f32_f32_f32_128x128x64_0x0x1_0_tnt_align8_stream_k_1sm,passed,success,universal,4096,5120,7168,bf16:row,bf16:column,f32:row,f32:row,1,0,serial,1,1,heuristic,invalid,invalid,False,False,8,tensorop,f32,128,128,64,1,1,1,1,1,1,6,4,1,1,128,128,16,100,110,216006656,300689653760,1392,0.22001,914.378,1366710.0,0.546684
1,CUTLASS,gemm,cutlass3x_sm100_tensorop_gemm_bf16_bf16_f32_f32_f32_256x256x64_2x4x1_0_tnt_align8_2sm,passed,success,universal,4096,5120,7168,bf16:row,bf16:column,f32:row,f32:row,1,0,serial,1,1,heuristic,invalid,invalid,False,False,8,tensorop,f32,256,256,64,2,4,1,2,1,1,5,4,1,1,256,256,16,100,110,216006656,300689653760,1392,0.220106,913.979,1366120.0,0.546448
1,CUTLASS,gemm,cutlass3x_sm100_tensorop_gemm_bf16_bf16_f32_f32_f32_256x128x64_4x4x1_0_tnt_align8_2sm,passed,success,universal,4096,5120,7168,bf16:row,bf16:column,f32:row,f32:row,1,0,serial,1,1,heuristic,invalid,invalid,False,False,8,tensorop,f32,256,128,64,4,4,1,2,1,1,8,4,1,1,256,128,16,100,110,216006656,300689653760,1392,0.220179,913.673,1365660.0,0.546264
1,CUTLASS,gemm,cutlass3x_sm100_tensorop_gemm_bf16_bf16_f32_void_f32_128x128x64_0x0x1_0_tnt_align8_stream_k_1sm,passed,success,universal,4096,5120,7168,bf16:row,bf16:column,void:row,f32:row,1,0,serial,1,1,heuristic,invalid,invalid,False,False,8,tensorop,f32,128,128,64,1,1,1,1,1,1,6,4,1,1,128,128,16,100,110,132120576,300689653760,2275,0.220186,558.833,1365620.0,0.546248
1,CUTLASS,gemm,cutlass3x_sm100_tensorop_gemm_bf16_bf16_f32_void_f32_128x128x64_1x4x1_0_tnt_align8_1sm,passed,success,universal,4096,5120,7168,bf16:row,bf16:column,void:row,f32:row,1,0,serial,1,1,heuristic,invalid,invalid,False,False,8,tensorop,f32,128,128,64,1,4,1,1,1,1,6,4,1,1,128,128,16,100,110,132120576,300689653760,2275,0.22049,558.062,1363740.0,0.545496
1,CUTLASS,gemm,cutlass3x_sm100_tensorop_gemm_bf16_bf16_f32_void_f32_256x128x64_2x2x1_0_tnt_align8_stream_k_2sm,passed,success,universal,4096,5120,7168,bf16:row,bf16:column,void:row,f32:row,1,0,serial,1,1,heuristic,invalid,invalid,False,False,8,tensorop,f32,256,128,64,2,2,1,2,1,1,8,4,1,1,256,128,16,100,110,132120576,300689653760,2275,0.220518,557.989,1363560.0,0.545424
1,CUTLASS,gemm,cutlass3x_sm100_tensorop_gemm_bf16_bf16_f32_void_f32_128x128x64_4x1x1_0_tnt_align8_stream_k_2sm_epi_tma,passed,success,universal,4096,5120,7168,bf16:row,bf16:column,void:row,f32:row,1,0,serial,1,1,heuristic,invalid,invalid,False,False,8,tensorop,f32,128,128,64,4,1,1,2,1,1,12,4,1,1,128,128,16,100,110,132120576,300689653760,2275,0.220586,557.819,1363140.0,0.545256
1,CUTLASS,gemm,cutlass3x_sm100_tensorop_gemm_bf16_bf16_f32_f32_f32_128x256x64_4x1x1_0_tnt_align8_stream_k_2sm_epi_tma,passed,success,universal,4096,5120,7168,bf16:row,bf16:column,f32:row,f32:row,1,0,serial,1,1,heuristic,invalid,invalid,False,False,8,tensorop,f32,128,256,64,4,1,1,2,1,1,8,4,1,1,128,256,16,100,110,216006656,300689653760,1392,0.221235,909.312,1359140.0,0.543656
1,CUTLASS,gemm,cutlass3x_sm100_tensorop_gemm_bf16_bf16_f32_bf16_bf16_128x128x64_4x2x1_0_tnt_align8_2sm_epi_tma,passed,success,universal,4096,5120,7168,bf16:row,bf16:column,bf16:row,bf16:row,1,0,serial,1,1,heuristic,invalid,invalid,False,False,8,tensorop,f32,128,128,64,4,2,1,2,1,1,13,4,1,1,128,128,16,100,110,174063616,300689653760,1727,0.221306,732.514,1358710.0,0.543484
1,CUTLASS,gemm,cutlass3x_sm100_tensorop_gemm_bf16_bf16_f32_void_f32_128x256x64_4x1x1_0_tnt_align8_stream_k_2sm_epi_tma,passed,success,universal,4096,5120,7168,bf16:row,bf16:column,void:row,f32:row,1,0,serial,1,1,heuristic,invalid,invalid,False,False,8,tensorop,f32,128,256,64,4,1,1,2,1,1,8,4,1,1,128,256,16,100,110,132120576,300689653760,2275,0.221411,555.739,1358060.0,0.543224
1,CUTLASS,gemm,cutlass3x_sm100_tensorop_gemm_bf16_bf16_f32_void_f32_128x256x64_1x1x1_0_tnt_align8_1sm,passed,success,universal,4096,5120,7168,bf16:row,bf16:column,void:row,f32:row,1,0,serial,1,1,heuristic,invalid,invalid,False,False,8,tensorop,f32,128,256,64,1,1,1,1,1,1,4,4,1,1,128,256,16,100,110,132120576,300689653760,2275,0.22151,555.49,1357450.0,0.54298
1,CUTLASS,gemm,cutlass3x_sm100_tensorop_gemm_bf16_bf16_f32_void_f32_128x256x64_2x1x1_0_tnt_align8_stream_k_2sm_epi_tma,passed,success,universal,4096,5120,7168,bf16:row,bf16:column,void:row,f32:row,1,0,serial,1,1,heuristic,invalid,invalid,False,False,8,tensorop,f32,128,256,64,2,1,1,2,1,1,8,4,1,1,128,256,16,100,110,132120576,300689653760,2275,0.221821,554.713,1355550.0,0.54222
1,CUTLASS,gemm,cutlass3x_sm100_tensorop_gemm_bf16_bf16_f32_void_f32_128x256x64_0x0x1_0_tnt_align8_stream_k_2sm_epi_tma,passed,success,universal,4096,5120,7168,bf16:row,bf16:column,void:row,f32:row,1,0,serial,1,1,heuristic,invalid,invalid,False,False,8,tensorop,f32,128,256,64,2,1,1,2,1,1,8,4,1,1,128,256,16,100,110,132120576,300689653760,2275,0.222234,553.683,1353030.0,0.541212
1,CUTLASS,gemm,cutlass3x_sm100_tensorop_gemm_bf16_bf16_f32_void_bf16_128x128x64_4x2x1_0_tnt_align8_2sm_epi_tma,passed,success,universal,4096,5120,7168,bf16:row,bf16:column,void:row,bf16:row,1,0,serial,1,1,heuristic,invalid,invalid,False,False,8,tensorop,f32,128,128,64,4,2,1,2,1,1,13,4,1,1,128,128,16,100,110,132120576,300689653760,2275,0.222432,553.189,1351830.0,0.540732
1,CUTLASS,gemm,cutlass3x_sm100_tensorop_gemm_bf16_bf16_f32_void_f32_128x256x64_1x1x1_0_tnt_align8_stream_k_1sm,passed,success,universal,4096,5120,7168,bf16:row,bf16:column,void:row,f32:row,1,0,serial,1,1,heuristic,invalid,invalid,False,False,8,tensorop,f32,128,256,64,1,1,1,1,1,1,4,4,1,1,128,256,16,100,110,132120576,300689653760,2275,0.222432,553.189,1351830.0,0.540732
1,CUTLASS,gemm,cutlass3x_sm100_tensorop_gemm_bf16_bf16_f32_void_f32_256x128x64_4x4x1_0_tnt_align8_2sm,passed,success,universal,4096,5120,7168,bf16:row,bf16:column,void:row,f32:row,1,0,serial,1,1,heuristic,invalid,invalid,False,False,8,tensorop,f32,256,128,64,4,4,1,2,1,1,8,4,1,1,256,128,16,100,110,132120576,300689653760,2275,0.222531,552.942,1351220.0,0.540488
1,CUTLASS,gemm,cutlass3x_sm100_tensorop_gemm_bf16_bf16_f32_void_bf16_128x128x64_2x4x1_0_tnt_align8_2sm_epi_tma,passed,success,universal,4096,5120,7168,bf16:row,bf16:column,void:row,bf16:row,1,0,serial,1,1,heuristic,invalid,invalid,False,False,8,tensorop,f32,128,128,64,2,4,1,2,1,1,13,4,1,1,128,128,16,100,110,132120576,300689653760,2275,0.222944,551.918,1348720.0,0.539488
1,CUTLASS,gemm,cutlass3x_sm100_tensorop_gemm_bf16_bf16_f32_void_f32_128x256x64_0x0x1_0_tnt_align8_1sm,passed,success,universal,4096,5120,7168,bf16:row,bf16:column,void:row,f32:row,1,0,serial,1,1,heuristic,invalid,invalid,False,False,8,tensorop,f32,128,256,64,1,1,1,1,1,1,4,4,1,1,128,256,16,100,110,132120576,300689653760,2275,0.222947,551.91,1348700.0,0.53948
1,CUTLASS,gemm,cutlass3x_sm100_tensorop_gemm_bf16_bf16_f32_bf16_bf16_128x128x64_2x4x1_0_tnt_align8_2sm_epi_tma,passed,success,universal,4096,5120,7168,bf16:row,bf16:column,bf16:row,bf16:row,1,0,serial,1,1,heuristic,invalid,invalid,False,False,8,tensorop,f32,128,128,64,2,4,1,2,1,1,13,4,1,1,128,128,16,100,110,174063616,300689653760,1727,0.223046,726.797,1348100.0,0.53924
1,CUTLASS,gemm,cutlass3x_sm100_tensorop_gemm_bf16_bf16_f32_f32_f32_128x256x64_0x0x1_0_tnt_align8_stream_k_2sm_epi_tma,passed,success,universal,4096,5120,7168,bf16:row,bf16:column,f32:row,f32:row,1,0,serial,1,1,heuristic,invalid,invalid,False,False,8,tensorop,f32,128,256,64,2,1,1,2,1,1,8,4,1,1,128,256,16,100,110,216006656,300689653760,1392,0.22305,901.915,1348080.0,0.539232
1,CUTLASS,gemm,cutlass3x_sm100_tensorop_gemm_bf16_bf16_f32_f32_f32_128x256x64_2x1x1_0_tnt_align8_stream_k_2sm_epi_tma,passed,success,universal,4096,5120,7168,bf16:row,bf16:column,f32:row,f32:row,1,0,serial,1,1,heuristic,invalid,invalid,False,False,8,tensorop,f32,128,256,64,2,1,1,2,1,1,8,4,1,1,128,256,16,100,110,216006656,300689653760,1392,0.223254,901.088,1346850.0,0.53874
1,CUTLASS,gemm,cutlass3x_sm100_tensorop_gemm_bf16_bf16_f32_void_bf16_128x256x64_0x0x1_0_tnt_align8_stream_k_1sm,passed,success,universal,4096,5120,7168,bf16:row,bf16:column,void:row,bf16:row,1,0,serial,1,1,heuristic,invalid,invalid,False,False,8,tensorop,f32,128,256,64,1,1,1,1,1,1,4,4,1,1,128,256,16,100,110,132120576,300689653760,2275,0.224378,548.392,1340110.0,0.536044
1,CUTLASS,gemm,cutlass3x_sm100_tensorop_gemm_bf16_bf16_f32_bf16_bf16_128x128x64_4x4x1_0_tnt_align8_2sm_epi_tma,passed,success,universal,4096,5120,7168,bf16:row,bf16:column,bf16:row,bf16:row,1,0,serial,1,1,heuristic,invalid,invalid,False,False,8,tensorop,f32,128,128,64,4,4,1,2,1,1,13,4,1,1,128,128,16,100,110,174063616,300689653760,1727,0.224406,722.392,1339930.0,0.535972
1,CUTLASS,gemm,cutlass3x_sm100_tensorop_gemm_bf16_bf16_f32_bf16_bf16_128x256x64_4x4x1_0_tnt_align8_2sm_epi_tma,passed,success,universal,4096,5120,7168,bf16:row,bf16:column,bf16:row,bf16:row,1,0,serial,1,1,heuristic,invalid,invalid,False,False,8,tensorop,f32,128,256,64,4,4,1,2,1,1,8,4,1,1,128,256,16,100,110,174063616,300689653760,1727,0.22448,722.155,1339490.0,0.535796
1,CUTLASS,gemm,cutlass3x_sm100_tensorop_gemm_bf16_bf16_f32_void_bf16_256x256x64_4x1x1_0_tnt_align8_stream_k_2sm,passed,success,universal,4096,5120,7168,bf16:row,bf16:column,void:row,bf16:row,1,0,serial,1,1,heuristic,invalid,invalid,False,False,8,tensorop,f32,256,256,64,4,1,1,2,1,1,6,4,1,1,256,256,16,100,110,132120576,300689653760,2275,0.225613,545.39,1332770.0,0.533108
1,CUTLASS,gemm,cutlass3x_sm100_tensorop_gemm_bf16_bf16_f32_void_bf16_128x256x64_4x4x1_0_tnt_align8_2sm_epi_tma,passed,success,universal,4096,5120,7168,bf16:row,bf16:column,void:row,bf16:row,1,0,serial,1,1,heuristic,invalid,invalid,False,False,8,tensorop,f32,128,256,64,4,4,1,2,1,1,8,4,1,1,128,256,16,100,110,132120576,300689653760,2275,0.225914,544.663,1330990.0,0.532396
1,CUTLASS,gemm,cutlass3x_sm100_tensorop_gemm_bf16_bf16_f32_void_bf16_128x128x64_4x4x1_0_tnt_align8_2sm_epi_tma,passed,success,universal,4096,5120,7168,bf16:row,bf16:column,void:row,bf16:row,1,0,serial,1,1,heuristic,invalid,invalid,False,False,8,tensorop,f32,128,128,64,4,4,1,2,1,1,13,4,1,1,128,128,16,100,110,132120576,300689653760,2275,0.226838,542.443,1325570.0,0.530228
1,CUTLASS,gemm,cutlass3x_sm100_tensorop_gemm_bf16_bf16_f32_void_bf16_128x256x64_2x4x1_0_tnt_align8_2sm_epi_tma,passed,success,universal,4096,5120,7168,bf16:row,bf16:column,void:row,bf16:row,1,0,serial,1,1,heuristic,invalid,invalid,False,False,8,tensorop,f32,128,256,64,2,4,1,2,1,1,8,4,1,1,128,256,16,100,110,132120576,300689653760,2275,0.230115,534.719,1306690.0,0.522676
1,CUTLASS,gemm,cutlass3x_sm100_tensorop_gemm_bf16_bf16_f32_void_f32_256x256x64_4x1x1_0_tnt_align8_stream_k_2sm,passed,success,universal,4096,5120,7168,bf16:row,bf16:column,void:row,f32:row,1,0,serial,1,1,heuristic,invalid,invalid,False,False,8,tensorop,f32,256,256,64,4,1,1,2,1,1,6,4,1,1,256,256,16,100,110,132120576,300689653760,2275,0.230144,534.652,1306530.0,0.522612
1,CUTLASS,gemm,cutlass3x_sm100_tensorop_gemm_bf16_bf16_f32_bf16_bf16_128x256x64_2x4x1_0_tnt_align8_2sm_epi_tma,passed,success,universal,4096,5120,7168,bf16:row,bf16:column,bf16:row,bf16:row,1,0,serial,1,1,heuristic,invalid,invalid,False,False,8,tensorop,f32,128,256,64,2,4,1,2,1,1,8,4,1,1,128,256,16,100,110,174063616,300689653760,1727,0.230317,703.854,1305550.0,0.52222
1,CUTLASS,gemm,cutlass3x_sm100_tensorop_gemm_bf16_bf16_f32_bf16_bf16_256x256x64_4x1x1_0_tnt_align8_stream_k_2sm,passed,success,universal,4096,5120,7168,bf16:row,bf16:column,bf16:row,bf16:row,1,0,serial,1,1,heuristic,invalid,invalid,False,False,8,tensorop,f32,256,256,64,4,1,1,2,1,1,5,4,1,1,256,256,16,100,110,174063616,300689653760,1727,0.230525,703.219,1304370.0,0.521748
1,CUTLASS,gemm,cutlass3x_sm100_tensorop_gemm_bf16_bf16_f32_void_f32_128x256x64_0x0x1_0_tnt_align8_stream_k_1sm,passed,success,universal,4096,5120,7168,bf16:row,bf16:column,void:row,f32:row,1,0,serial,1,1,heuristic,invalid,invalid,False,False,8,tensorop,f32,128,256,64,1,1,1,1,1,1,4,4,1,1,128,256,16,100,110,132120576,300689653760,2275,0.231168,532.283,1300740.0,0.520296
1,CUTLASS,gemm,cutlass3x_sm100_tensorop_gemm_bf16_bf16_f32_void_bf16_128x256x64_4x4x1_0_tnt_align8_stream_k_1sm,passed,success,universal,4096,5120,7168,bf16:row,bf16:column,void:row,bf16:row,1,0,serial,1,1,heuristic,invalid,invalid,False,False,8,tensorop,f32,128,256,64,4,4,1,1,1,1,4,4,1,1,128,256,16,100,110,132120576,300689653760,2275,0.231238,532.121,1300340.0,0.520136
1,CUTLASS,gemm,cutlass3x_sm100_tensorop_gemm_bf16_bf16_f32_void_bf16_128x128x64_1x2x1_0_tnt_align8_stream_k_1sm,passed,success,universal,4096,5120,7168,bf16:row,bf16:column,void:row,bf16:row,1,0,serial,1,1,heuristic,invalid,invalid,False,False,8,tensorop,f32,128,128,64,1,2,1,1,1,1,6,4,1,1,128,128,16,100,110,132120576,300689653760,2275,0.231446,531.643,1299180.0,0.519672
1,CUTLASS,gemm,cutlass3x_sm100_tensorop_gemm_bf16_bf16_f32_bf16_bf16_128x128x64_1x2x1_0_tnt_align8_stream_k_1sm,passed,success,universal,4096,5120,7168,bf16:row,bf16:column,bf16:row,bf16:row,1,0,serial,1,1,heuristic,invalid,invalid,False,False,8,tensorop,f32,128,128,64,1,2,1,1,1,1,6,4,1,1,128,128,16,100,110,174063616,300689653760,1727,0.232269,697.939,1294580.0,0.517832
1,CUTLASS,gemm,cutlass3x_sm100_tensorop_gemm_bf16_bf16_f32_bf16_bf16_128x128x64_4x4x1_0_tnt_align8_stream_k_2sm_epi_tma,passed,success,universal,4096,5120,7168,bf16:row,bf16:column,bf16:row,bf16:row,1,0,serial,1,1,heuristic,invalid,invalid,False,False,8,tensorop,f32,128,128,64,4,4,1,2,1,1,13,4,1,1,128,128,16,100,110,174063616,300689653760,1727,0.232288,697.881,1294470.0,0.517788
1,CUTLASS,gemm,cutlass3x_sm100_tensorop_gemm_bf16_bf16_f32_void_bf16_128x128x64_4x4x1_0_tnt_align8_stream_k_2sm_epi_tma,passed,success,universal,4096,5120,7168,bf16:row,bf16:column,void:row,bf16:row,1,0,serial,1,1,heuristic,invalid,invalid,False,False,8,tensorop,f32,128,128,64,4,4,1,2,1,1,13,4,1,1,128,128,16,100,110,132120576,300689653760,2275,0.233491,526.987,1287800.0,0.51512
1,CUTLASS,gemm,cutlass3x_sm100_tensorop_gemm_bf16_bf16_f32_f32_f32_128x128x64_2x4x1_0_tnt_align8_2sm_epi_tma,passed,success,universal,4096,5120,7168,bf16:row,bf16:column,f32:row,f32:row,1,0,serial,1,1,heuristic,invalid,invalid,False,False,8,tensorop,f32,128,128,64,2,4,1,2,1,1,12,4,1,1,128,128,16,100,110,216006656,300689653760,1392,0.234109,859.309,1284400.0,0.51376
1,CUTLASS,gemm,cutlass3x_sm100_tensorop_gemm_bf16_bf16_f32_f32_f32_128x128x64_4x2x1_0_tnt_align8_2sm_epi_tma,passed,success,universal,4096,5120,7168,bf16:row,bf16:column,f32:row,f32:row,1,0,serial,1,1,heuristic,invalid,invalid,False,False,8,tensorop,f32,128,128,64,4,2,1,2,1,1,12,4,1,1,128,128,16,100,110,216006656,300689653760,1392,0.234925,856.325,1279940.0,0.511976
1,CUTLASS,gemm,cutlass3x_sm100_tensorop_gemm_bf16_bf16_f32_f32_f32_256x256x64_4x1x1_0_tnt_align8_stream_k_2sm,passed,success,universal,4096,5120,7168,bf16:row,bf16:column,f32:row,f32:row,1,0,serial,1,1,heuristic,invalid,invalid,False,False,8,tensorop,f32,256,256,64,4,1,1,2,1,1,5,4,1,1,256,256,16,100,110,216006656,300689653760,1392,0.23503,855.94,1279370.0,0.511748
1,CUTLASS,gemm,cutlass3x_sm100_tensorop_gemm_bf16_bf16_f32_void_f32_128x128x64_2x4x1_0_tnt_align8_2sm_epi_tma,passed,success,universal,4096,5120,7168,bf16:row,bf16:column,void:row,f32:row,1,0,serial,1,1,heuristic,invalid,invalid,False,False,8,tensorop,f32,128,128,64,2,4,1,2,1,1,12,4,1,1,128,128,16,100,110,132120576,300689653760,2275,0.235366,522.789,1277540.0,0.511016
1,CUTLASS,gemm,cutlass3x_sm100_tensorop_gemm_bf16_bf16_f32_void_f32_128x128x64_1x2x1_0_tnt_align8_stream_k_1sm,passed,success,universal,4096,5120,7168,bf16:row,bf16:column,void:row,f32:row,1,0,serial,1,1,heuristic,invalid,invalid,False,False,8,tensorop,f32,128,128,64,1,2,1,1,1,1,6,4,1,1,128,128,16,100,110,132120576,300689653760,2275,0.236458,520.376,1271640.0,0.508656
1,CUTLASS,gemm,cutlass3x_sm100_tensorop_gemm_bf16_bf16_f32_f32_f32_128x128x64_1x2x1_0_tnt_align8_stream_k_1sm,passed,success,universal,4096,5120,7168,bf16:row,bf16:column,f32:row,f32:row,1,0,serial,1,1,heuristic,invalid,invalid,False,False,8,tensorop,f32,128,128,64,1,2,1,1,1,1,6,4,1,1,128,128,16,100,110,216006656,300689653760,1392,0.237174,848.202,1267800.0,0.50712
1,CUTLASS,gemm,cutlass3x_sm100_tensorop_gemm_bf16_bf16_f32_f32_f32_128x256x64_4x4x1_0_tnt_align8_2sm_epi_tma,passed,success,universal,4096,5120,7168,bf16:row,bf16:column,f32:row,f32:row,1,0,serial,1,1,heuristic,invalid,invalid,False,False,8,tensorop,f32,128,256,64,4,4,1,2,1,1,8,4,1,1,128,256,16,100,110,216006656,300689653760,1392,0.23728,847.825,1267240.0,0.506896
1,CUTLASS,gemm,cutlass3x_sm100_tensorop_gemm_bf16_bf16_f32_void_f32_128x128x64_4x2x1_0_tnt_align8_2sm_epi_tma,passed,success,universal,4096,5120,7168,bf16:row,bf16:column,void:row,f32:row,1,0,serial,1,1,heuristic,invalid,invalid,False,False,8,tensorop,f32,128,128,64,4,2,1,2,1,1,12,4,1,1,128,128,16,100,110,132120576,300689653760,2275,0.237584,517.909,1265610.0,0.506244
1,CUTLASS,gemm,cutlass3x_sm100_tensorop_gemm_bf16_bf16_f32_void_bf16_128x256x64_4x4x1_0_tnt_align8_1sm,passed,success,universal,4096,5120,7168,bf16:row,bf16:column,void:row,bf16:row,1,0,serial,1,1,heuristic,invalid,invalid,False,False,8,tensorop,f32,128,256,64,4,4,1,1,1,1,4,4,1,1,128,256,16,100,110,132120576,300689653760,2275,0.23872,515.444,1259590.0,0.503836
1,CUTLASS,gemm,cutlass3x_sm100_tensorop_gemm_bf16_bf16_f32_void_bf16_256x128x64_4x2x1_0_tnt_align8_stream_k_2sm,passed,success,universal,4096,5120,7168,bf16:row,bf16:column,void:row,bf16:row,1,0,serial,1,1,heuristic,invalid,invalid,False,False,8,tensorop,f32,256,128,64,4,2,1,2,1,1,8,4,1,1,256,128,16,100,110,132120576,300689653760,2275,0.239021,514.796,1258010.0,0.503204
1,CUTLASS,gemm,cutlass3x_sm100_tensorop_gemm_bf16_bf16_f32_f32_f32_128x256x64_2x4x1_0_tnt_align8_2sm_epi_tma,passed,success,universal,4096,5120,7168,bf16:row,bf16:column,f32:row,f32:row,1,0,serial,1,1,heuristic,invalid,invalid,False,False,8,tensorop,f32,128,256,64,2,4,1,2,1,1,8,4,1,1,128,256,16,100,110,216006656,300689653760,1392,0.239328,840.57,1256390.0,0.502556
1,CUTLASS,gemm,cutlass3x_sm100_tensorop_gemm_bf16_bf16_f32_void_f32_128x256x64_4x4x1_0_tnt_align8_2sm_epi_tma,passed,success,universal,4096,5120,7168,bf16:row,bf16:column,void:row,f32:row,1,0,serial,1,1,heuristic,invalid,invalid,False,False,8,tensorop,f32,128,256,64,4,4,1,2,1,1,8,4,1,1,128,256,16,100,110,132120576,300689653760,2275,0.239328,514.135,1256390.0,0.502556
1,CUTLASS,gemm,cutlass3x_sm100_tensorop_gemm_bf16_bf16_f32_f32_f32_128x128x64_2x4x1_0_tnt_align8_stream_k_2sm_epi_tma,passed,success,universal,4096,5120,7168,bf16:row,bf16:column,f32:row,f32:row,1,0,serial,1,1,heuristic,invalid,invalid,False,False,8,tensorop,f32,128,128,64,2,4,1,2,1,1,12,4,1,1,128,128,16,100,110,216006656,300689653760,1392,0.239328,840.57,1256390.0,0.502556
1,CUTLASS,gemm,cutlass3x_sm100_tensorop_gemm_bf16_bf16_f32_void_f32_128x256x64_2x4x1_0_tnt_align8_2sm_epi_tma,passed,success,universal,4096,5120,7168,bf16:row,bf16:column,void:row,f32:row,1,0,serial,1,1,heuristic,invalid,invalid,False,False,8,tensorop,f32,128,256,64,2,4,1,2,1,1,8,4,1,1,128,256,16,100,110,132120576,300689653760,2275,0.241482,509.55,1245190.0,0.498076
1,CUTLASS,gemm,cutlass3x_sm100_tensorop_gemm_bf16_bf16_f32_bf16_bf16_256x128x64_4x2x1_0_tnt_align8_stream_k_2sm,passed,success,universal,4096,5120,7168,bf16:row,bf16:column,bf16:row,bf16:row,1,0,serial,1,1,heuristic,invalid,invalid,False,False,8,tensorop,f32,256,128,64,4,2,1,2,1,1,8,4,1,1,256,128,16,100,110,174063616,300689653760,1727,0.241686,670.743,1244130.0,0.497652
1,CUTLASS,gemm,cutlass3x_sm100_tensorop_gemm_bf16_bf16_f32_bf16_bf16_128x128x64_2x2x1_0_tnt_align8_stream_k_2sm_epi_tma,passed,success,universal,4096,5120,7168,bf16:row,bf16:column,bf16:row,bf16:row,1,0,serial,1,1,heuristic,invalid,invalid,False,False,8,tensorop,f32,128,128,64,2,2,1,2,1,1,13,4,1,1,128,128,16,100,110,174063616,300689653760,1727,0.242714,667.904,1238870.0,0.495548
1,CUTLASS,gemm,cutlass3x_sm100_tensorop_gemm_bf16_bf16_f32_void_f32_128x256x64_4x4x1_0_tnt_align8_stream_k_1sm,passed,success,universal,4096,5120,7168,bf16:row,bf16:column,void:row,f32:row,1,0,serial,1,1,heuristic,invalid,invalid,False,False,8,tensorop,f32,128,256,64,4,4,1,1,1,1,4,4,1,1,128,256,16,100,110,132120576,300689653760,2275,0.24281,506.763,1238380.0,0.495352
1,CUTLASS,gemm,cutlass3x_sm100_tensorop_gemm_bf16_bf16_f32_void_bf16_128x128x64_2x2x1_0_tnt_align8_stream_k_2sm_epi_tma,passed,success,universal,4096,5120,7168,bf16:row,bf16:column,void:row,bf16:row,1,0,serial,1,1,heuristic,invalid,invalid,False,False,8,tensorop,f32,128,128,64,2,2,1,2,1,1,13,4,1,1,128,128,16,100,110,132120576,300689653760,2275,0.242918,506.536,1237820.0,0.495128
1,CUTLASS,gemm,cutlass3x_sm100_tensorop_gemm_bf16_bf16_f32_void_f32_128x128x64_2x4x1_0_tnt_align8_stream_k_2sm_epi_tma,passed,success,universal,4096,5120,7168,bf16:row,bf16:column,void:row,f32:row,1,0,serial,1,1,heuristic,invalid,invalid,False,False,8,tensorop,f32,128,128,64,2,4,1,2,1,1,12,4,1,1,128,128,16,100,110,132120576,300689653760,2275,0.243014,506.336,1237330.0,0.494932
1,CUTLASS,gemm,cutlass3x_sm100_tensorop_gemm_bf16_bf16_f32_f32_f32_128x128x64_4x4x1_0_tnt_align8_2sm_epi_tma,passed,success,universal,4096,5120,7168,bf16:row,bf16:column,f32:row,f32:row,1,0,serial,1,1,heuristic,invalid,invalid,False,False,8,tensorop,f32,128,128,64,4,4,1,2,1,1,12,4,1,1,128,128,16,100,110,216006656,300689653760,1392,0.243661,825.623,1234050.0,0.49362
1,CUTLASS,gemm,cutlass3x_sm100_tensorop_gemm_bf16_bf16_f32_void_f32_256x128x64_4x2x1_0_tnt_align8_stream_k_2sm,passed,success,universal,4096,5120,7168,bf16:row,bf16:column,void:row,f32:row,1,0,serial,1,1,heuristic,invalid,invalid,False,False,8,tensorop,f32,256,128,64,4,2,1,2,1,1,8,4,1,1,256,128,16,100,110,132120576,300689653760,2275,0.24609,500.008,1221870.0,0.488748
1,CUTLASS,gemm,cutlass3x_sm100_tensorop_gemm_bf16_bf16_f32_f32_f32_256x128x64_4x2x1_0_tnt_align8_stream_k_2sm,passed,success,universal,4096,5120,7168,bf16:row,bf16:column,f32:row,f32:row,1,0,serial,1,1,heuristic,invalid,invalid,False,False,8,tensorop,f32,256,128,64,4,2,1,2,1,1,8,4,1,1,256,128,16,100,110,216006656,300689653760,1392,0.246291,816.805,1220870.0,0.488348
1,CUTLASS,gemm,cutlass3x_sm100_tensorop_gemm_bf16_bf16_f32_bf16_bf16_128x256x64_1x2x1_0_tnt_align8_stream_k_1sm,passed,success,universal,4096,5120,7168,bf16:row,bf16:column,bf16:row,bf16:row,1,0,serial,1,1,heuristic,invalid,invalid,False,False,8,tensorop,f32,128,256,64,1,2,1,1,1,1,3,4,1,1,128,256,16,100,110,174063616,300689653760,1727,0.247315,655.477,1215820.0,0.486328
1,CUTLASS,gemm,cutlass3x_sm100_tensorop_gemm_bf16_bf16_f32_void_f32_128x128x64_4x4x1_0_tnt_align8_2sm_epi_tma,passed,success,universal,4096,5120,7168,bf16:row,bf16:column,void:row,f32:row,1,0,serial,1,1,heuristic,invalid,invalid,False,False,8,tensorop,f32,128,128,64,4,4,1,2,1,1,12,4,1,1,128,128,16,100,110,132120576,300689653760,2275,0.248547,495.064,1209790.0,0.483916
1,CUTLASS,gemm,cutlass3x_sm100_tensorop_gemm_bf16_bf16_f32_bf16_bf16_128x256x64_0x0x1_0_tnt_align8_stream_k_1sm,passed,success,universal,4096,5120,7168,bf16:row,bf16:column,bf16:row,bf16:row,1,0,serial,1,1,heuristic,invalid,invalid,False,False,8,tensorop,f32,128,256,64,1,1,1,1,1,1,3,4,1,1,128,256,16,100,110,174063616,300689653760,1727,0.248986,651.079,1207660.0,0.483064
1,CUTLASS,gemm,cutlass3x_sm100_tensorop_gemm_bf16_bf16_f32_void_f32_128x128x64_2x2x1_0_tnt_align8_stream_k_2sm_epi_tma,passed,success,universal,4096,5120,7168,bf16:row,bf16:column,void:row,f32:row,1,0,serial,1,1,heuristic,invalid,invalid,False,False,8,tensorop,f32,128,128,64,2,2,1,2,1,1,12,4,1,1,128,128,16,100,110,132120576,300689653760,2275,0.249677,492.825,1204320.0,0.481728
1,CUTLASS,gemm,cutlass3x_sm100_tensorop_gemm_bf16_bf16_f32_void_f32_128x256x64_4x4x1_0_tnt_align8_1sm,passed,success,universal,4096,5120,7168,bf16:row,bf16:column,void:row,f32:row,1,0,serial,1,1,heuristic,invalid,invalid,False,False,8,tensorop,f32,128,256,64,4,4,1,1,1,1,4,4,1,1,128,256,16,100,110,132120576,300689653760,2275,0.25103,490.167,1197820.0,0.479128
1,CUTLASS,gemm,cutlass3x_sm100_tensorop_gemm_bf16_bf16_f32_f32_f32_128x128x64_2x2x1_0_tnt_align8_stream_k_2sm_epi_tma,passed,success,universal,4096,5120,7168,bf16:row,bf16:column,f32:row,f32:row,1,0,serial,1,1,heuristic,invalid,invalid,False,False,8,tensorop,f32,128,128,64,2,2,1,2,1,1,12,4,1,1,128,128,16,100,110,216006656,300689653760,1392,0.251315,800.476,1196460.0,0.478584
1,CUTLASS,gemm,cutlass3x_sm100_tensorop_gemm_bf16_bf16_f32_bf16_bf16_128x256x64_1x4x1_0_tnt_align8_stream_k_1sm,passed,success,universal,4096,5120,7168,bf16:row,bf16:column,bf16:row,bf16:row,1,0,serial,1,1,heuristic,invalid,invalid,False,False,8,tensorop,f32,128,256,64,1,4,1,1,1,1,3,4,1,1,128,256,16,100,110,174063616,300689653760,1727,0.252128,642.965,1192610.0,0.477044
1,CUTLASS,gemm,cutlass3x_sm100_tensorop_gemm_bf16_bf16_f32_bf16_bf16_128x256x64_1x2x1_0_tnt_align8_1sm,passed,success,universal,4096,5120,7168,bf16:row,bf16:column,bf16:row,bf16:row,1,0,serial,1,1,heuristic,invalid,invalid,False,False,8,tensorop,f32,128,256,64,1,2,1,1,1,1,3,4,1,1,128,256,16,100,110,174063616,300689653760,1727,0.252538,641.922,1190670.0,0.476268
1,CUTLASS,gemm,cutlass3x_sm100_tensorop_gemm_bf16_bf16_f32_bf16_bf16_128x256x64_1x1x1_0_tnt_align8_1sm,passed,success,universal,4096,5120,7168,bf16:row,bf16:column,bf16:row,bf16:row,1,0,serial,1,1,heuristic,invalid,invalid,False,False,8,tensorop,f32,128,256,64,1,1,1,1,1,1,3,4,1,1,128,256,16,100,110,174063616,300689653760,1727,0.252746,641.393,1189690.0,0.475876
1,CUTLASS,gemm,cutlass3x_sm100_tensorop_gemm_bf16_bf16_f32_bf16_bf16_128x256x64_0x0x1_0_tnt_align8_1sm,passed,success,universal,4096,5120,7168,bf16:row,bf16:column,bf16:row,bf16:row,1,0,serial,1,1,heuristic,invalid,invalid,False,False,8,tensorop,f32,128,256,64,1,1,1,1,1,1,3,4,1,1,128,256,16,100,110,174063616,300689653760,1727,0.254074,638.041,1183470.0,0.473388
1,CUTLASS,gemm,cutlass3x_sm100_tensorop_gemm_bf16_bf16_f32_bf16_bf16_128x256x64_1x1x1_0_tnt_align8_stream_k_1sm,passed,success,universal,4096,5120,7168,bf16:row,bf16:column,bf16:row,bf16:row,1,0,serial,1,1,heuristic,invalid,invalid,False,False,8,tensorop,f32,128,256,64,1,1,1,1,1,1,3,4,1,1,128,256,16,100,110,174063616,300689653760,1727,0.255408,634.708,1177290.0,0.470916
1,CUTLASS,gemm,cutlass3x_sm100_tensorop_gemm_bf16_bf16_f32_f32_f32_128x256x64_0x0x1_0_tnt_align8_stream_k_1sm,passed,success,universal,4096,5120,7168,bf16:row,bf16:column,f32:row,f32:row,1,0,serial,1,1,heuristic,invalid,invalid,False,False,8,tensorop,f32,128,256,64,1,1,1,1,1,1,3,4,1,1,128,256,16,100,110,216006656,300689653760,1392,0.25544,787.55,1177140.0,0.470856
1,CUTLASS,gemm,cutlass3x_sm100_tensorop_gemm_bf16_bf16_f32_bf16_bf16_128x256x64_1x4x1_0_tnt_align8_1sm,passed,success,universal,4096,5120,7168,bf16:row,bf16:column,bf16:row,bf16:row,1,0,serial,1,1,heuristic,invalid,invalid,False,False,8,tensorop,f32,128,256,64,1,4,1,1,1,1,3,4,1,1,128,256,16,100,110,174063616,300689653760,1727,0.256122,632.939,1174010.0,0.469604
1,CUTLASS,gemm,cutlass3x_sm100_tensorop_gemm_bf16_bf16_f32_f32_f32_128x256x64_1x2x1_0_tnt_align8_stream_k_1sm,passed,success,universal,4096,5120,7168,bf16:row,bf16:column,f32:row,f32:row,1,0,serial,1,1,heuristic,invalid,invalid,False,False,8,tensorop,f32,128,256,64,1,2,1,1,1,1,3,4,1,1,128,256,16,100,110,216006656,300689653760,1392,0.257888,780.075,1165970.0,0.466388
1,CUTLASS,gemm,cutlass3x_sm100_tensorop_gemm_bf16_bf16_f32_f32_f32_128x128x64_4x4x1_0_tnt_align8_stream_k_2sm_epi_tma,passed,success,universal,4096,5120,7168,bf16:row,bf16:column,f32:row,f32:row,1,0,serial,1,1,heuristic,invalid,invalid,False,False,8,tensorop,f32,128,128,64,4,4,1,2,1,1,12,4,1,1,128,128,16,100,110,216006656,300689653760,1392,0.257965,779.842,1165620.0,0.466248
1,CUTLASS,gemm,cutlass3x_sm100_tensorop_gemm_bf16_bf16_f32_bf16_bf16_128x128x64_4x4x1_0_tnt_align8_1sm,passed,success,universal,4096,5120,7168,bf16:row,bf16:column,bf16:row,bf16:row,1,0,serial,1,1,heuristic,invalid,invalid,False,False,8,tensorop,f32,128,128,64,4,4,1,1,1,1,6,4,1,1,128,128,16,100,110,174063616,300689653760,1727,0.258275,627.661,1164220.0,0.465688
1,CUTLASS,gemm,cutlass3x_sm100_tensorop_gemm_bf16_bf16_f32_void_bf16_128x128x64_4x4x1_0_tnt_align8_1sm,passed,success,universal,4096,5120,7168,bf16:row,bf16:column,void:row,bf16:row,1,0,serial,1,1,heuristic,invalid,invalid,False,False,8,tensorop,f32,128,128,64,4,4,1,1,1,1,6,4,1,1,128,128,16,100,110,132120576,300689653760,2275,0.258579,475.858,1162850.0,0.46514
1,CUTLASS,gemm,cutlass3x_sm100_tensorop_gemm_bf16_bf16_f32_void_bf16_128x128x64_4x2x1_0_tnt_align8_stream_k_2sm_epi_tma,passed,success,universal,4096,5120,7168,bf16:row,bf16:column,void:row,bf16:row,1,0,serial,1,1,heuristic,invalid,invalid,False,False,8,tensorop,f32,128,128,64,4,2,1,2,1,1,13,4,1,1,128,128,16,100,110,132120576,300689653760,2275,0.260451,472.437,1154500.0,0.4618
1,CUTLASS,gemm,cutlass3x_sm100_tensorop_gemm_bf16_bf16_f32_f32_f32_128x256x64_1x2x1_0_tnt_align8_1sm,passed,success,universal,4096,5120,7168,bf16:row,bf16:column,f32:row,f32:row,1,0,serial,1,1,heuristic,invalid,invalid,False,False,8,tensorop,f32,128,256,64,1,2,1,1,1,1,3,4,1,1,128,256,16,100,110,216006656,300689653760,1392,0.261888,768.16,1148160.0,0.459264
1,CUTLASS,gemm,cutlass3x_sm100_tensorop_gemm_bf16_bf16_f32_f32_f32_128x256x64_1x1x1_0_tnt_align8_1sm,passed,success,universal,4096,5120,7168,bf16:row,bf16:column,f32:row,f32:row,1,0,serial,1,1,heuristic,invalid,invalid,False,False,8,tensorop,f32,128,256,64,1,1,1,1,1,1,3,4,1,1,128,256,16,100,110,216006656,300689653760,1392,0.262166,767.344,1146940.0,0.458776
1,CUTLASS,gemm,cutlass3x_sm100_tensorop_gemm_bf16_bf16_f32_f32_f32_128x256x64_1x1x1_0_tnt_align8_stream_k_1sm,passed,success,universal,4096,5120,7168,bf16:row,bf16:column,f32:row,f32:row,1,0,serial,1,1,heuristic,invalid,invalid,False,False,8,tensorop,f32,128,256,64,1,1,1,1,1,1,3,4,1,1,128,256,16,100,110,216006656,300689653760,1392,0.26247,766.456,1145610.0,0.458244
1,CUTLASS,gemm,cutlass3x_sm100_tensorop_gemm_bf16_bf16_f32_f32_f32_128x256x64_1x4x1_0_tnt_align8_stream_k_1sm,passed,success,universal,4096,5120,7168,bf16:row,bf16:column,f32:row,f32:row,1,0,serial,1,1,heuristic,invalid,invalid,False,False,8,tensorop,f32,128,256,64,1,4,1,1,1,1,3,4,1,1,128,256,16,100,110,216006656,300689653760,1392,0.262982,764.963,1143380.0,0.457352
1,CUTLASS,gemm,cutlass3x_sm100_tensorop_gemm_bf16_bf16_f32_f32_f32_128x256x64_0x0x1_0_tnt_align8_1sm,passed,success,universal,4096,5120,7168,bf16:row,bf16:column,f32:row,f32:row,1,0,serial,1,1,heuristic,invalid,invalid,False,False,8,tensorop,f32,128,256,64,1,1,1,1,1,1,3,4,1,1,128,256,16,100,110,216006656,300689653760,1392,0.263494,763.477,1141160.0,0.456464
1,CUTLASS,gemm,cutlass3x_sm100_tensorop_gemm_bf16_bf16_f32_void_f32_128x128x64_4x4x1_0_tnt_align8_stream_k_2sm_epi_tma,passed,success,universal,4096,5120,7168,bf16:row,bf16:column,void:row,f32:row,1,0,serial,1,1,heuristic,invalid,invalid,False,False,8,tensorop,f32,128,128,64,4,4,1,2,1,1,12,4,1,1,128,128,16,100,110,132120576,300689653760,2275,0.263802,466.437,1139830.0,0.455932
1,CUTLASS,gemm,cutlass3x_sm100_tensorop_gemm_bf16_bf16_f32_f32_f32_128x256x64_1x4x1_0_tnt_align8_1sm,passed,success,universal,4096,5120,7168,bf16:row,bf16:column,f32:row,f32:row,1,0,serial,1,1,heuristic,invalid,invalid,False,False,8,tensorop,f32,128,256,64,1,4,1,1,1,1,3,4,1,1,128,256,16,100,110,216006656,300689653760,1392,0.265235,758.466,1133670.0,0.453468
1,CUTLASS,gemm,cutlass3x_sm100_tensorop_gemm_bf16_bf16_f32_bf16_bf16_128x128x64_4x2x1_0_tnt_align8_stream_k_2sm_epi_tma,passed,success,universal,4096,5120,7168,bf16:row,bf16:column,bf16:row,bf16:row,1,0,serial,1,1,heuristic,invalid,invalid,False,False,8,tensorop,f32,128,128,64,4,2,1,2,1,1,13,4,1,1,128,128,16,100,110,174063616,300689653760,1727,0.265984,609.47,1130480.0,0.452192
1,CUTLASS,gemm,cutlass3x_sm100_tensorop_gemm_bf16_bf16_f32_f32_f32_128x128x64_4x4x1_0_tnt_align8_1sm,passed,success,universal,4096,5120,7168,bf16:row,bf16:column,f32:row,f32:row,1,0,serial,1,1,heuristic,invalid,invalid,False,False,8,tensorop,f32,128,128,64,4,4,1,1,1,1,6,4,1,1,128,128,16,100,110,216006656,300689653760,1392,0.268512,749.21,1119840.0,0.447936
1,CUTLASS,gemm,cutlass3x_sm100_tensorop_gemm_bf16_bf16_f32_void_bf16_128x256x64_2x2x1_0_tnt_align8_stream_k_2sm_epi_tma,passed,success,universal,4096,5120,7168,bf16:row,bf16:column,void:row,bf16:row,1,0,serial,1,1,heuristic,invalid,invalid,False,False,8,tensorop,f32,128,256,64,2,2,1,2,1,1,8,4,1,1,128,256,16,100,110,132120576,300689653760,2275,0.269334,456.855,1116420.0,0.446568
1,CUTLASS,gemm,cutlass3x_sm100_tensorop_gemm_bf16_bf16_f32_void_f32_128x128x64_4x4x1_0_tnt_align8_1sm,passed,success,universal,4096,5120,7168,bf16:row,bf16:column,void:row,f32:row,1,0,serial,1,1,heuristic,invalid,invalid,False,False,8,tensorop,f32,128,128,64,4,4,1,1,1,1,6,4,1,1,128,128,16,100,110,132120576,300689653760,2275,0.270054,455.637,1113440.0,0.445376
1,CUTLASS,gemm,cutlass3x_sm100_tensorop_gemm_bf16_bf16_f32_bf16_bf16_128x256x64_2x2x1_0_tnt_align8_stream_k_2sm_epi_tma,passed,success,universal,4096,5120,7168,bf16:row,bf16:column,bf16:row,bf16:row,1,0,serial,1,1,heuristic,invalid,invalid,False,False,8,tensorop,f32,128,256,64,2,2,1,2,1,1,8,4,1,1,128,256,16,100,110,174063616,300689653760,1727,0.271104,597.96,1109130.0,0.443652
1,CUTLASS,gemm,cutlass3x_sm100_tensorop_gemm_bf16_bf16_f32_void_f32_128x256x64_2x2x1_0_tnt_align8_stream_k_2sm_epi_tma,passed,success,universal,4096,5120,7168,bf16:row,bf16:column,void:row,f32:row,1,0,serial,1,1,heuristic,invalid,invalid,False,False,8,tensorop,f32,128,256,64,2,2,1,2,1,1,8,4,1,1,128,256,16,100,110,132120576,300689653760,2275,0.274896,447.612,1093830.0,0.437532
1,CUTLASS,gemm,cutlass3x_sm100_tensorop_gemm_bf16_bf16_f32_void_f32_128x128x64_4x2x1_0_tnt_align8_stream_k_2sm_epi_tma,passed,success,universal,4096,5120,7168,bf16:row,bf16:column,void:row,f32:row,1,0,serial,1,1,heuristic,invalid,invalid,False,False,8,tensorop,f32,128,128,64,4,2,1,2,1,1,12,4,1,1,128,128,16,100,110,132120576,300689653760,2275,0.275402,446.791,1091820.0,0.436728
1,CUTLASS,gemm,cutlass3x_sm100_tensorop_gemm_bf16_bf16_f32_f32_f32_128x128x64_4x2x1_0_tnt_align8_stream_k_2sm_epi_tma,passed,success,universal,4096,5120,7168,bf16:row,bf16:column,f32:row,f32:row,1,0,serial,1,1,heuristic,invalid,invalid,False,False,8,tensorop,f32,128,128,64,4,2,1,2,1,1,12,4,1,1,128,128,16,100,110,216006656,300689653760,1392,0.275501,730.204,1091430.0,0.436572
1,CUTLASS,gemm,cutlass3x_sm100_tensorop_gemm_bf16_bf16_f32_bf16_bf16_64x128x64_0x0x1_0_tnt_align8_stream_k_1sm,passed,success,universal,4096,5120,7168,bf16:row,bf16:column,bf16:row,bf16:row,1,0,serial,1,1,heuristic,invalid,invalid,False,False,8,tensorop,f32,64,128,64,1,1,1,1,1,1,8,4,1,1,64,128,16,100,110,174063616,300689653760,1727,0.277216,584.776,1084680.0,0.433872
1,CUTLASS,gemm,cutlass3x_sm100_tensorop_gemm_bf16_bf16_f32_bf16_bf16_64x128x64_1x1x1_0_tnt_align8_stream_k_1sm,passed,success,universal,4096,5120,7168,bf16:row,bf16:column,bf16:row,bf16:row,1,0,serial,1,1,heuristic,invalid,invalid,False,False,8,tensorop,f32,64,128,64,1,1,1,1,1,1,8,4,1,1,64,128,16,100,110,174063616,300689653760,1727,0.277523,584.129,1083480.0,0.433392
1,CUTLASS,gemm,cutlass3x_sm100_tensorop_gemm_bf16_bf16_f32_f32_f32_128x256x64_2x2x1_0_tnt_align8_stream_k_2sm_epi_tma,passed,success,universal,4096,5120,7168,bf16:row,bf16:column,f32:row,f32:row,1,0,serial,1,1,heuristic,invalid,invalid,False,False,8,tensorop,f32,128,256,64,2,2,1,2,1,1,8,4,1,1,128,256,16,100,110,216006656,300689653760,1392,0.277526,724.875,1083460.0,0.433384
1,CUTLASS,gemm,cutlass3x_sm100_tensorop_gemm_bf16_bf16_f32_void_bf16_64x128x64_1x1x1_0_tnt_align8_stream_k_1sm,passed,success,universal,4096,5120,7168,bf16:row,bf16:column,void:row,bf16:row,1,0,serial,1,1,heuristic,invalid,invalid,False,False,8,tensorop,f32,64,128,64,1,1,1,1,1,1,8,4,1,1,64,128,16,100,110,132120576,300689653760,2275,0.277933,442.722,1081880.0,0.432752
1,CUTLASS,gemm,cutlass3x_sm100_tensorop_gemm_bf16_bf16_f32_void_bf16_64x128x64_0x0x1_0_tnt_align8_stream_k_1sm,passed,success,universal,4096,5120,7168,bf16:row,bf16:column,void:row,bf16:row,1,0,serial,1,1,heuristic,invalid,invalid,False,False,8,tensorop,f32,64,128,64,1,1,1,1,1,1,8,4,1,1,64,128,16,100,110,132120576,300689653760,2275,0.279264,440.611,1076720.0,0.430688
1,CUTLASS,gemm,cutlass3x_sm100_tensorop_gemm_bf16_bf16_f32_f32_f32_64x128x64_0x0x1_0_tnt_align8_stream_k_1sm,passed,success,universal,4096,5120,7168,bf16:row,bf16:column,f32:row,f32:row,1,0,serial,1,1,heuristic,invalid,invalid,False,False,8,tensorop,f32,64,128,64,1,1,1,1,1,1,8,4,1,1,64,128,16,100,110,216006656,300689653760,1392,0.28441,707.332,1057240.0,0.422896
1,CUTLASS,gemm,cutlass3x_sm100_tensorop_gemm_bf16_bf16_f32_f32_f32_64x128x64_1x1x1_0_tnt_align8_stream_k_1sm,passed,success,universal,4096,5120,7168,bf16:row,bf16:column,f32:row,f32:row,1,0,serial,1,1,heuristic,invalid,invalid,False,False,8,tensorop,f32,64,128,64,1,1,1,1,1,1,8,4,1,1,64,128,16,100,110,216006656,300689653760,1392,0.28479,706.386,1055830.0,0.422332
1,CUTLASS,gemm,cutlass3x_sm100_tensorop_gemm_bf16_bf16_f32_void_f32_64x128x64_1x1x1_0_tnt_align8_stream_k_1sm,passed,success,universal,4096,5120,7168,bf16:row,bf16:column,void:row,f32:row,1,0,serial,1,1,heuristic,invalid,invalid,False,False,8,tensorop,f32,64,128,64,1,1,1,1,1,1,8,4,1,1,64,128,16,100,110,132120576,300689653760,2275,0.286227,429.892,1050530.0,0.420212
1,CUTLASS,gemm,cutlass3x_sm100_tensorop_gemm_bf16_bf16_f32_void_f32_64x128x64_0x0x1_0_tnt_align8_stream_k_1sm,passed,success,universal,4096,5120,7168,bf16:row,bf16:column,void:row,f32:row,1,0,serial,1,1,heuristic,invalid,invalid,False,False,8,tensorop,f32,64,128,64,1,1,1,1,1,1,8,4,1,1,64,128,16,100,110,132120576,300689653760,2275,0.287354,428.207,1046410.0,0.418564
1,CUTLASS,gemm,cutlass3x_sm100_tensorop_gemm_bf16_bf16_f32_void_bf16_64x128x64_1x1x1_0_tnt_align8_1sm,passed,success,universal,4096,5120,7168,bf16:row,bf16:column,void:row,bf16:row,1,0,serial,1,1,heuristic,invalid,invalid,False,False,8,tensorop,f32,64,128,64,1,1,1,1,1,1,8,4,1,1,64,128,16,100,110,132120576,300689653760,2275,0.287379,428.169,1046320.0,0.418528
1,CUTLASS,gemm,cutlass3x_sm100_tensorop_gemm_bf16_bf16_f32_bf16_bf16_64x128x64_1x1x1_0_tnt_align8_1sm,passed,success,universal,4096,5120,7168,bf16:row,bf16:column,bf16:row,bf16:row,1,0,serial,1,1,heuristic,invalid,invalid,False,False,8,tensorop,f32,64,128,64,1,1,1,1,1,1,8,4,1,1,64,128,16,100,110,174063616,300689653760,1727,0.288381,562.137,1042680.0,0.417072
1,CUTLASS,gemm,cutlass3x_sm100_tensorop_gemm_bf16_bf16_f32_void_bf16_64x128x64_1x2x1_0_tnt_align8_1sm,passed,success,universal,4096,5120,7168,bf16:row,bf16:column,void:row,bf16:row,1,0,serial,1,1,heuristic,invalid,invalid,False,False,8,tensorop,f32,64,128,64,1,2,1,1,1,1,8,4,1,1,64,128,16,100,110,132120576,300689653760,2275,0.288586,426.379,1041940.0,0.416776
1,CUTLASS,gemm,cutlass3x_sm100_tensorop_gemm_bf16_bf16_f32_bf16_bf16_64x128x64_1x2x1_0_tnt_align8_1sm,passed,success,universal,4096,5120,7168,bf16:row,bf16:column,bf16:row,bf16:row,1,0,serial,1,1,heuristic,invalid,invalid,False,False,8,tensorop,f32,64,128,64,1,2,1,1,1,1,8,4,1,1,64,128,16,100,110,174063616,300689653760,1727,0.288918,561.091,1040740.0,0.416296
1,CUTLASS,gemm,cutlass3x_sm100_tensorop_gemm_bf16_bf16_f32_bf16_bf16_64x128x64_1x4x1_0_tnt_align8_stream_k_1sm,passed,success,universal,4096,5120,7168,bf16:row,bf16:column,bf16:row,bf16:row,1,0,serial,1,1,heuristic,invalid,invalid,False,False,8,tensorop,f32,64,128,64,1,4,1,1,1,1,8,4,1,1,64,128,16,100,110,174063616,300689653760,1727,0.291037,557.006,1033170.0,0.413268
1,CUTLASS,gemm,cutlass3x_sm100_tensorop_gemm_bf16_bf16_f32_void_bf16_64x128x64_0x0x1_0_tnt_align8_1sm,passed,success,universal,4096,5120,7168,bf16:row,bf16:column,void:row,bf16:row,1,0,serial,1,1,heuristic,invalid,invalid,False,False,8,tensorop,f32,64,128,64,1,1,1,1,1,1,8,4,1,1,64,128,16,100,110,132120576,300689653760,2275,0.292294,420.969,1028720.0,0.411488
1,CUTLASS,gemm,cutlass3x_sm100_tensorop_gemm_bf16_bf16_f32_bf16_bf16_64x128x64_0x0x1_0_tnt_align8_1sm,passed,success,universal,4096,5120,7168,bf16:row,bf16:column,bf16:row,bf16:row,1,0,serial,1,1,heuristic,invalid,invalid,False,False,8,tensorop,f32,64,128,64,1,1,1,1,1,1,8,4,1,1,64,128,16,100,110,174063616,300689653760,1727,0.292986,553.301,1026290.0,0.410516
1,CUTLASS,gemm,cutlass3x_sm100_tensorop_gemm_bf16_bf16_f32_void_bf16_64x128x64_1x4x1_0_tnt_align8_stream_k_1sm,passed,success,universal,4096,5120,7168,bf16:row,bf16:column,void:row,bf16:row,1,0,serial,1,1,heuristic,invalid,invalid,False,False,8,tensorop,f32,64,128,64,1,4,1,1,1,1,8,4,1,1,64,128,16,100,110,132120576,300689653760,2275,0.29319,419.682,1025580.0,0.410232
1,CUTLASS,gemm,cutlass3x_sm100_tensorop_gemm_bf16_bf16_f32_f32_f32_64x128x64_1x1x1_0_tnt_align8_1sm,passed,success,universal,4096,5120,7168,bf16:row,bf16:column,f32:row,f32:row,1,0,serial,1,1,heuristic,invalid,invalid,False,False,8,tensorop,f32,64,128,64,1,1,1,1,1,1,8,4,1,1,64,128,16,100,110,216006656,300689653760,1392,0.29383,684.653,1023340.0,0.409336
1,CUTLASS,gemm,cutlass3x_sm100_tensorop_gemm_bf16_bf16_f32_f32_f32_64x128x64_1x2x1_0_tnt_align8_1sm,passed,success,universal,4096,5120,7168,bf16:row,bf16:column,f32:row,f32:row,1,0,serial,1,1,heuristic,invalid,invalid,False,False,8,tensorop,f32,64,128,64,1,2,1,1,1,1,8,4,1,1,64,128,16,100,110,216006656,300689653760,1392,0.294038,684.169,1022620.0,0.409048
1,CUTLASS,gemm,cutlass3x_sm100_tensorop_gemm_bf16_bf16_f32_void_f32_64x128x64_1x2x1_0_tnt_align8_1sm,passed,success,universal,4096,5120,7168,bf16:row,bf16:column,void:row,f32:row,1,0,serial,1,1,heuristic,invalid,invalid,False,False,8,tensorop,f32,64,128,64,1,2,1,1,1,1,8,4,1,1,64,128,16,100,110,132120576,300689653760,2275,0.294726,417.495,1020230.0,0.408092
1,CUTLASS,gemm,cutlass3x_sm100_tensorop_gemm_bf16_bf16_f32_void_f32_64x128x64_1x1x1_0_tnt_align8_1sm,passed,success,universal,4096,5120,7168,bf16:row,bf16:column,void:row,f32:row,1,0,serial,1,1,heuristic,invalid,invalid,False,False,8,tensorop,f32,64,128,64,1,1,1,1,1,1,8,4,1,1,64,128,16,100,110,132120576,300689653760,2275,0.295747,416.054,1016710.0,0.406684
1,CUTLASS,gemm,cutlass3x_sm100_tensorop_gemm_bf16_bf16_f32_bf16_bf16_128x256x64_4x4x1_0_tnt_align8_stream_k_1sm,passed,success,universal,4096,5120,7168,bf16:row,bf16:column,bf16:row,bf16:row,1,0,serial,1,1,heuristic,invalid,invalid,False,False,8,tensorop,f32,128,256,64,4,4,1,1,1,1,3,4,1,1,128,256,16,100,110,174063616,300689653760,1727,0.296368,546.987,1014580.0,0.405832
1,CUTLASS,gemm,cutlass3x_sm100_tensorop_gemm_bf16_bf16_f32_f32_f32_64x128x64_1x4x1_0_tnt_align8_stream_k_1sm,passed,success,universal,4096,5120,7168,bf16:row,bf16:column,f32:row,f32:row,1,0,serial,1,1,heuristic,invalid,invalid,False,False,8,tensorop,f32,64,128,64,1,4,1,1,1,1,8,4,1,1,64,128,16,100,110,216006656,300689653760,1392,0.297491,676.228,1010750.0,0.4043
1,CUTLASS,gemm,cutlass3x_sm100_tensorop_gemm_bf16_bf16_f32_f32_f32_64x128x64_0x0x1_0_tnt_align8_1sm,passed,success,universal,4096,5120,7168,bf16:row,bf16:column,f32:row,f32:row,1,0,serial,1,1,heuristic,invalid,invalid,False,False,8,tensorop,f32,64,128,64,1,1,1,1,1,1,8,4,1,1,64,128,16,100,110,216006656,300689653760,1392,0.298512,673.916,1007300.0,0.40292
1,CUTLASS,gemm,cutlass3x_sm100_tensorop_gemm_bf16_bf16_f32_void_f32_64x128x64_0x0x1_0_tnt_align8_1sm,passed,success,universal,4096,5120,7168,bf16:row,bf16:column,void:row,f32:row,1,0,serial,1,1,heuristic,invalid,invalid,False,False,8,tensorop,f32,64,128,64,1,1,1,1,1,1,8,4,1,1,64,128,16,100,110,132120576,300689653760,2275,0.298928,411.627,1005890.0,0.402356
1,CUTLASS,gemm,cutlass3x_sm100_tensorop_gemm_bf16_bf16_f32_bf16_bf16_64x128x64_1x4x1_0_tnt_align8_1sm,passed,success,universal,4096,5120,7168,bf16:row,bf16:column,bf16:row,bf16:row,1,0,serial,1,1,heuristic,invalid,invalid,False,False,8,tensorop,f32,64,128,64,1,4,1,1,1,1,8,4,1,1,64,128,16,100,110,174063616,300689653760,1727,0.300973,538.618,999059.0,0.3996236
1,CUTLASS,gemm,cutlass3x_sm100_tensorop_gemm_bf16_bf16_f32_void_f32_64x128x64_1x4x1_0_tnt_align8_stream_k_1sm,passed,success,universal,4096,5120,7168,bf16:row,bf16:column,void:row,f32:row,1,0,serial,1,1,heuristic,invalid,invalid,False,False,8,tensorop,f32,64,128,64,1,4,1,1,1,1,8,4,1,1,64,128,16,100,110,132120576,300689653760,2275,0.301894,407.582,996009.0,0.3984036
1,CUTLASS,gemm,cutlass3x_sm100_tensorop_gemm_bf16_bf16_f32_void_bf16_64x128x64_1x4x1_0_tnt_align8_1sm,passed,success,universal,4096,5120,7168,bf16:row,bf16:column,void:row,bf16:row,1,0,serial,1,1,heuristic,invalid,invalid,False,False,8,tensorop,f32,64,128,64,1,4,1,1,1,1,8,4,1,1,64,128,16,100,110,132120576,300689653760,2275,0.302438,406.849,994218.0,0.3976872
1,CUTLASS,gemm,cutlass3x_sm100_tensorop_gemm_bf16_bf16_f32_bf16_bf16_128x256x64_4x4x1_0_tnt_align8_1sm,passed,success,universal,4096,5120,7168,bf16:row,bf16:column,bf16:row,bf16:row,1,0,serial,1,1,heuristic,invalid,invalid,False,False,8,tensorop,f32,128,256,64,4,4,1,1,1,1,3,4,1,1,128,256,16,100,110,174063616,300689653760,1727,0.305504,530.629,984241.0,0.3936964
1,CUTLASS,gemm,cutlass3x_sm100_tensorop_gemm_bf16_bf16_f32_f32_f32_128x256x64_4x4x1_0_tnt_align8_stream_k_1sm,passed,success,universal,4096,5120,7168,bf16:row,bf16:column,f32:row,f32:row,1,0,serial,1,1,heuristic,invalid,invalid,False,False,8,tensorop,f32,128,256,64,4,4,1,1,1,1,3,4,1,1,128,256,16,100,110,216006656,300689653760,1392,0.305891,657.658,982995.0,0.393198
1,CUTLASS,gemm,cutlass3x_sm100_tensorop_gemm_bf16_bf16_f32_f32_f32_64x128x64_1x4x1_0_tnt_align8_1sm,passed,success,universal,4096,5120,7168,bf16:row,bf16:column,f32:row,f32:row,1,0,serial,1,1,heuristic,invalid,invalid,False,False,8,tensorop,f32,64,128,64,1,4,1,1,1,1,8,4,1,1,64,128,16,100,110,216006656,300689653760,1392,0.308378,652.356,975070.0,0.390028
1,CUTLASS,gemm,cutlass3x_sm100_tensorop_gemm_bf16_bf16_f32_void_bf16_128x256x64_2x4x1_0_tnt_align8_stream_k_2sm_epi_tma,passed,success,universal,4096,5120,7168,bf16:row,bf16:column,void:row,bf16:row,1,0,serial,1,1,heuristic,invalid,invalid,False,False,8,tensorop,f32,128,256,64,2,4,1,2,1,1,8,4,1,1,128,256,16,100,110,132120576,300689653760,2275,0.309062,398.13,972909.0,0.3891636
1,CUTLASS,gemm,cutlass3x_sm100_tensorop_gemm_bf16_bf16_f32_void_bf16_256x128x64_2x4x1_0_tnt_align8_stream_k_2sm,passed,success,universal,4096,5120,7168,bf16:row,bf16:column,void:row,bf16:row,1,0,serial,1,1,heuristic,invalid,invalid,False,False,8,tensorop,f32,256,128,64,2,4,1,2,1,1,8,4,1,1,256,128,16,100,110,132120576,300689653760,2275,0.309072,398.117,972879.0,0.3891516
1,CUTLASS,gemm,cutlass3x_sm100_tensorop_gemm_bf16_bf16_f32_void_bf16_128x256x64_4x2x1_0_tnt_align8_stream_k_2sm_epi_tma,passed,success,universal,4096,5120,7168,bf16:row,bf16:column,void:row,bf16:row,1,0,serial,1,1,heuristic,invalid,invalid,False,False,8,tensorop,f32,128,256,64,4,2,1,2,1,1,8,4,1,1,128,256,16,100,110,132120576,300689653760,2275,0.309197,397.956,972486.0,0.3889944
1,CUTLASS,gemm,cutlass3x_sm100_tensorop_gemm_bf16_bf16_f32_void_f32_64x128x64_1x4x1_0_tnt_align8_1sm,passed,success,universal,4096,5120,7168,bf16:row,bf16:column,void:row,f32:row,1,0,serial,1,1,heuristic,invalid,invalid,False,False,8,tensorop,f32,64,128,64,1,4,1,1,1,1,8,4,1,1,64,128,16,100,110,132120576,300689653760,2275,0.310086,396.815,969696.0,0.3878784
1,CUTLASS,gemm,cutlass3x_sm100_tensorop_gemm_bf16_bf16_f32_bf16_bf16_128x256x64_4x2x1_0_tnt_align8_stream_k_2sm_epi_tma,passed,success,universal,4096,5120,7168,bf16:row,bf16:column,bf16:row,bf16:row,1,0,serial,1,1,heuristic,invalid,invalid,False,False,8,tensorop,f32,128,256,64,4,2,1,2,1,1,8,4,1,1,128,256,16,100,110,174063616,300689653760,1727,0.311318,520.719,965859.0,0.3863436
1,CUTLASS,gemm,cutlass3x_sm100_tensorop_gemm_bf16_bf16_f32_bf16_bf16_128x256x64_2x4x1_0_tnt_align8_stream_k_2sm_epi_tma,passed,success,universal,4096,5120,7168,bf16:row,bf16:column,bf16:row,bf16:row,1,0,serial,1,1,heuristic,invalid,invalid,False,False,8,tensorop,f32,128,256,64,2,4,1,2,1,1,8,4,1,1,128,256,16,100,110,174063616,300689653760,1727,0.31145,520.5,965452.0,0.3861808
1,CUTLASS,gemm,cutlass3x_sm100_tensorop_gemm_bf16_bf16_f32_bf16_bf16_256x128x64_2x4x1_0_tnt_align8_stream_k_2sm,passed,success,universal,4096,5120,7168,bf16:row,bf16:column,bf16:row,bf16:row,1,0,serial,1,1,heuristic,invalid,invalid,False,False,8,tensorop,f32,256,128,64,2,4,1,2,1,1,8,4,1,1,256,128,16,100,110,174063616,300689653760,1727,0.311827,519.869,964283.0,0.3857132
1,CUTLASS,gemm,cutlass3x_sm100_tensorop_gemm_bf16_bf16_f32_void_bf16_128x128x64_1x4x1_0_tnt_align8_stream_k_1sm,passed,success,universal,4096,5120,7168,bf16:row,bf16:column,void:row,bf16:row,1,0,serial,1,1,heuristic,invalid,invalid,False,False,8,tensorop,f32,128,128,64,1,4,1,1,1,1,6,4,1,1,128,128,16,100,110,132120576,300689653760,2275,0.314803,390.869,955167.0,0.3820668
1,CUTLASS,gemm,cutlass3x_sm100_tensorop_gemm_bf16_bf16_f32_f32_f32_128x256x64_4x4x1_0_tnt_align8_1sm,passed,success,universal,4096,5120,7168,bf16:row,bf16:column,f32:row,f32:row,1,0,serial,1,1,heuristic,invalid,invalid,False,False,8,tensorop,f32,128,256,64,4,4,1,1,1,1,3,4,1,1,128,256,16,100,110,216006656,300689653760,1392,0.315238,638.158,953848.0,0.3815392
1,CUTLASS,gemm,cutlass3x_sm100_tensorop_gemm_bf16_bf16_f32_f32_f32_128x256x64_4x2x1_0_tnt_align8_stream_k_2sm_epi_tma,passed,success,universal,4096,5120,7168,bf16:row,bf16:column,f32:row,f32:row,1,0,serial,1,1,heuristic,invalid,invalid,False,False,8,tensorop,f32,128,256,64,4,2,1,2,1,1,8,4,1,1,128,256,16,100,110,216006656,300689653760,1392,0.316438,635.738,950231.0,0.3800924
1,CUTLASS,gemm,cutlass3x_sm100_tensorop_gemm_bf16_bf16_f32_void_f32_128x256x64_2x4x1_0_tnt_align8_stream_k_2sm_epi_tma,passed,success,universal,4096,5120,7168,bf16:row,bf16:column,void:row,f32:row,1,0,serial,1,1,heuristic,invalid,invalid,False,False,8,tensorop,f32,128,256,64,2,4,1,2,1,1,8,4,1,1,128,256,16,100,110,132120576,300689653760,2275,0.316646,388.594,949607.0,0.3798428
1,CUTLASS,gemm,cutlass3x_sm100_tensorop_gemm_bf16_bf16_f32_f32_f32_128x256x64_2x4x1_0_tnt_align8_stream_k_2sm_epi_tma,passed,success,universal,4096,5120,7168,bf16:row,bf16:column,f32:row,f32:row,1,0,serial,1,1,heuristic,invalid,invalid,False,False,8,tensorop,f32,128,256,64,2,4,1,2,1,1,8,4,1,1,128,256,16,100,110,216006656,300689653760,1392,0.317258,634.096,947778.0,0.3791112
1,CUTLASS,gemm,cutlass3x_sm100_tensorop_gemm_bf16_bf16_f32_void_f32_128x256x64_4x2x1_0_tnt_align8_stream_k_2sm_epi_tma,passed,success,universal,4096,5120,7168,bf16:row,bf16:column,void:row,f32:row,1,0,serial,1,1,heuristic,invalid,invalid,False,False,8,tensorop,f32,128,256,64,4,2,1,2,1,1,8,4,1,1,128,256,16,100,110,132120576,300689653760,2275,0.317459,387.599,947176.0,0.3788704
1,CUTLASS,gemm,cutlass3x_sm100_tensorop_gemm_bf16_bf16_f32_f32_f32_256x128x64_2x4x1_0_tnt_align8_stream_k_2sm,passed,success,universal,4096,5120,7168,bf16:row,bf16:column,f32:row,f32:row,1,0,serial,1,1,heuristic,invalid,invalid,False,False,8,tensorop,f32,256,128,64,2,4,1,2,1,1,8,4,1,1,256,128,16,100,110,216006656,300689653760,1392,0.317565,633.483,946861.0,0.3787444
1,CUTLASS,gemm,cutlass3x_sm100_tensorop_gemm_bf16_bf16_f32_bf16_bf16_128x128x64_1x4x1_0_tnt_align8_stream_k_1sm,passed,success,universal,4096,5120,7168,bf16:row,bf16:column,bf16:row,bf16:row,1,0,serial,1,1,heuristic,invalid,invalid,False,False,8,tensorop,f32,128,128,64,1,4,1,1,1,1,6,4,1,1,128,128,16,100,110,174063616,300689653760,1727,0.31849,508.994,944111.0,0.3776444
1,CUTLASS,gemm,cutlass3x_sm100_tensorop_gemm_bf16_bf16_f32_void_f32_256x128x64_2x4x1_0_tnt_align8_stream_k_2sm,passed,success,universal,4096,5120,7168,bf16:row,bf16:column,void:row,f32:row,1,0,serial,1,1,heuristic,invalid,invalid,False,False,8,tensorop,f32,256,128,64,2,4,1,2,1,1,8,4,1,1,256,128,16,100,110,132120576,300689653760,2275,0.31961,384.991,940803.0,0.3763212
1,CUTLASS,gemm,cutlass3x_sm100_tensorop_gemm_bf16_bf16_f32_void_bf16_128x256x64_4x4x1_0_tnt_align8_stream_k_2sm_epi_tma,passed,success,universal,4096,5120,7168,bf16:row,bf16:column,void:row,bf16:row,1,0,serial,1,1,heuristic,invalid,invalid,False,False,8,tensorop,f32,128,256,64,4,4,1,2,1,1,8,4,1,1,128,256,16,100,110,132120576,300689653760,2275,0.323299,380.598,930066.0,0.3720264
1,CUTLASS,gemm,cutlass3x_sm100_tensorop_gemm_bf16_bf16_f32_void_bf16_256x128x64_4x4x1_0_tnt_align8_stream_k_2sm,passed,success,universal,4096,5120,7168,bf16:row,bf16:column,void:row,bf16:row,1,0,serial,1,1,heuristic,invalid,invalid,False,False,8,tensorop,f32,256,128,64,4,4,1,2,1,1,8,4,1,1,256,128,16,100,110,132120576,300689653760,2275,0.323533,380.323,929395.0,0.371758
1,CUTLASS,gemm,cutlass3x_sm100_tensorop_gemm_bf16_bf16_f32_f32_f32_128x128x64_1x4x1_0_tnt_align8_stream_k_1sm,passed,success,universal,4096,5120,7168,bf16:row,bf16:column,f32:row,f32:row,1,0,serial,1,1,heuristic,invalid,invalid,False,False,8,tensorop,f32,128,128,64,1,4,1,1,1,1,6,4,1,1,128,128,16,100,110,216006656,300689653760,1392,0.32415,620.613,927624.0,0.3710496
1,CUTLASS,gemm,cutlass3x_sm100_tensorop_gemm_bf16_bf16_f32_void_f32_128x128x64_1x4x1_0_tnt_align8_stream_k_1sm,passed,success,universal,4096,5120,7168,bf16:row,bf16:column,void:row,f32:row,1,0,serial,1,1,heuristic,invalid,invalid,False,False,8,tensorop,f32,128,128,64,1,4,1,1,1,1,6,4,1,1,128,128,16,100,110,132120576,300689653760,2275,0.325347,378.202,924212.0,0.3696848
1,CUTLASS,gemm,cutlass3x_sm100_tensorop_gemm_bf16_bf16_f32_bf16_bf16_256x128x64_4x4x1_0_tnt_align8_stream_k_2sm,passed,success,universal,4096,5120,7168,bf16:row,bf16:column,bf16:row,bf16:row,1,0,serial,1,1,heuristic,invalid,invalid,False,False,8,tensorop,f32,256,128,64,4,4,1,2,1,1,8,4,1,1,256,128,16,100,110,174063616,300689653760,1727,0.325478,498.065,923839.0,0.3695356
1,CUTLASS,gemm,cutlass3x_sm100_tensorop_gemm_bf16_bf16_f32_bf16_bf16_128x256x64_4x4x1_0_tnt_align8_stream_k_2sm_epi_tma,passed,success,universal,4096,5120,7168,bf16:row,bf16:column,bf16:row,bf16:row,1,0,serial,1,1,heuristic,invalid,invalid,False,False,8,tensorop,f32,128,256,64,4,4,1,2,1,1,8,4,1,1,128,256,16,100,110,174063616,300689653760,1727,0.325555,497.947,923621.0,0.3694484
1,CUTLASS,gemm,cutlass3x_sm100_tensorop_gemm_bf16_bf16_f32_f32_f32_256x128x64_4x4x1_0_tnt_align8_stream_k_2sm,passed,success,universal,4096,5120,7168,bf16:row,bf16:column,f32:row,f32:row,1,0,serial,1,1,heuristic,invalid,invalid,False,False,8,tensorop,f32,256,128,64,4,4,1,2,1,1,8,4,1,1,256,128,16,100,110,216006656,300689653760,1392,0.332547,604.942,904201.0,0.3616804
1,CUTLASS,gemm,cutlass3x_sm100_tensorop_gemm_bf16_bf16_f32_f32_f32_128x256x64_4x4x1_0_tnt_align8_stream_k_2sm_epi_tma,passed,success,universal,4096,5120,7168,bf16:row,bf16:column,f32:row,f32:row,1,0,serial,1,1,heuristic,invalid,invalid,False,False,8,tensorop,f32,128,256,64,4,4,1,2,1,1,8,4,1,1,128,256,16,100,110,216006656,300689653760,1392,0.332848,604.396,903384.0,0.3613536
1,CUTLASS,gemm,cutlass3x_sm100_tensorop_gemm_bf16_bf16_f32_void_f32_128x256x64_4x4x1_0_tnt_align8_stream_k_2sm_epi_tma,passed,success,universal,4096,5120,7168,bf16:row,bf16:column,void:row,f32:row,1,0,serial,1,1,heuristic,invalid,invalid,False,False,8,tensorop,f32,128,256,64,4,4,1,2,1,1,8,4,1,1,128,256,16,100,110,132120576,300689653760,2275,0.333539,368.913,901512.0,0.3606048
1,CUTLASS,gemm,cutlass3x_sm100_tensorop_gemm_bf16_bf16_f32_void_f32_256x128x64_4x4x1_0_tnt_align8_stream_k_2sm,passed,success,universal,4096,5120,7168,bf16:row,bf16:column,void:row,f32:row,1,0,serial,1,1,heuristic,invalid,invalid,False,False,8,tensorop,f32,256,128,64,4,4,1,2,1,1,8,4,1,1,256,128,16,100,110,132120576,300689653760,2275,0.334362,368.005,899295.0,0.359718
1,CUTLASS,gemm,cutlass3x_sm100_tensorop_gemm_bf16_bf16_f32_void_bf16_64x128x64_1x2x1_0_tnt_align8_stream_k_1sm,passed,success,universal,4096,5120,7168,bf16:row,bf16:column,void:row,bf16:row,1,0,serial,1,1,heuristic,invalid,invalid,False,False,8,tensorop,f32,64,128,64,1,2,1,1,1,1,8,4,1,1,64,128,16,100,110,132120576,300689653760,2275,0.34439,357.289,873107.0,0.3492428
1,CUTLASS,gemm,cutlass3x_sm100_tensorop_gemm_bf16_bf16_f32_bf16_bf16_64x128x64_1x2x1_0_tnt_align8_stream_k_1sm,passed,success,universal,4096,5120,7168,bf16:row,bf16:column,bf16:row,bf16:row,1,0,serial,1,1,heuristic,invalid,invalid,False,False,8,tensorop,f32,64,128,64,1,2,1,1,1,1,8,4,1,1,64,128,16,100,110,174063616,300689653760,1727,0.345731,468.888,869721.0,0.3478884
1,CUTLASS,gemm,cutlass3x_sm100_tensorop_gemm_bf16_bf16_f32_void_f32_64x128x64_1x2x1_0_tnt_align8_stream_k_1sm,passed,success,universal,4096,5120,7168,bf16:row,bf16:column,void:row,f32:row,1,0,serial,1,1,heuristic,invalid,invalid,False,False,8,tensorop,f32,64,128,64,1,2,1,1,1,1,8,4,1,1,64,128,16,100,110,132120576,300689653760,2275,0.349206,352.361,861066.0,0.3444264
1,CUTLASS,gemm,cutlass3x_sm100_tensorop_gemm_bf16_bf16_f32_f32_f32_64x128x64_1x2x1_0_tnt_align8_stream_k_1sm,passed,success,universal,4096,5120,7168,bf16:row,bf16:column,f32:row,f32:row,1,0,serial,1,1,heuristic,invalid,invalid,False,False,8,tensorop,f32,64,128,64,1,2,1,1,1,1,8,4,1,1,64,128,16,100,110,216006656,300689653760,1392,0.349546,575.524,860230.0,0.344092
1,CUTLASS,gemm,cutlass3x_sm100_tensorop_gemm_bf16_bf16_f32_bf16_bf16_64x128x64_4x4x1_0_tnt_align8_1sm,passed,success,universal,4096,5120,7168,bf16:row,bf16:column,bf16:row,bf16:row,1,0,serial,1,1,heuristic,invalid,invalid,False,False,8,tensorop,f32,64,128,64,4,4,1,1,1,1,8,4,1,1,64,128,16,100,110,174063616,300689653760,1727,0.363232,446.297,827817.0,0.3311268
1,CUTLASS,gemm,cutlass3x_sm100_tensorop_gemm_bf16_bf16_f32_void_bf16_64x128x64_4x4x1_0_tnt_align8_1sm,passed,success,universal,4096,5120,7168,bf16:row,bf16:column,void:row,bf16:row,1,0,serial,1,1,heuristic,invalid,invalid,False,False,8,tensorop,f32,64,128,64,4,4,1,1,1,1,8,4,1,1,64,128,16,100,110,132120576,300689653760,2275,0.367229,335.069,818807.0,0.3275228
1,CUTLASS,gemm,cutlass3x_sm100_tensorop_gemm_bf16_bf16_f32_f32_f32_64x128x64_4x4x1_0_tnt_align8_1sm,passed,success,universal,4096,5120,7168,bf16:row,bf16:column,f32:row,f32:row,1,0,serial,1,1,heuristic,invalid,invalid,False,False,8,tensorop,f32,64,128,64,4,4,1,1,1,1,8,4,1,1,64,128,16,100,110,216006656,300689653760,1392,0.368355,546.136,816304.0,0.3265216
1,CUTLASS,gemm,cutlass3x_sm100_tensorop_gemm_bf16_bf16_f32_bf16_bf16_64x128x64_4x4x1_0_tnt_align8_stream_k_1sm,passed,success,universal,4096,5120,7168,bf16:row,bf16:column,bf16:row,bf16:row,1,0,serial,1,1,heuristic,invalid,invalid,False,False,8,tensorop,f32,64,128,64,4,4,1,1,1,1,8,4,1,1,64,128,16,100,110,174063616,300689653760,1727,0.368765,439.601,815397.0,0.3261588
1,CUTLASS,gemm,cutlass3x_sm100_tensorop_gemm_bf16_bf16_f32_void_bf16_64x128x64_4x4x1_0_tnt_align8_stream_k_1sm,passed,success,universal,4096,5120,7168,bf16:row,bf16:column,void:row,bf16:row,1,0,serial,1,1,heuristic,invalid,invalid,False,False,8,tensorop,f32,64,128,64,4,4,1,1,1,1,8,4,1,1,64,128,16,100,110,132120576,300689653760,2275,0.371936,330.828,808445.0,0.323378
1,CUTLASS,gemm,cutlass3x_sm100_tensorop_gemm_bf16_bf16_f32_void_bf16_128x128x64_4x4x1_0_tnt_align8_stream_k_1sm,passed,success,universal,4096,5120,7168,bf16:row,bf16:column,void:row,bf16:row,1,0,serial,1,1,heuristic,invalid,invalid,False,False,8,tensorop,f32,128,128,64,4,4,1,1,1,1,6,4,1,1,128,128,16,100,110,132120576,300689653760,2275,0.375008,328.118,801822.0,0.3207288
1,CUTLASS,gemm,cutlass3x_sm100_tensorop_gemm_bf16_bf16_f32_f32_f32_64x128x64_4x4x1_0_tnt_align8_stream_k_1sm,passed,success,universal,4096,5120,7168,bf16:row,bf16:column,f32:row,f32:row,1,0,serial,1,1,heuristic,invalid,invalid,False,False,8,tensorop,f32,64,128,64,4,4,1,1,1,1,8,4,1,1,64,128,16,100,110,216006656,300689653760,1392,0.376749,533.968,798117.0,0.3192468
1,CUTLASS,gemm,cutlass3x_sm100_tensorop_gemm_bf16_bf16_f32_bf16_bf16_128x128x64_4x4x1_0_tnt_align8_stream_k_1sm,passed,success,universal,4096,5120,7168,bf16:row,bf16:column,bf16:row,bf16:row,1,0,serial,1,1,heuristic,invalid,invalid,False,False,8,tensorop,f32,128,128,64,4,4,1,1,1,1,6,4,1,1,128,128,16,100,110,174063616,300689653760,1727,0.379005,427.724,793366.0,0.3173464
1,CUTLASS,gemm,cutlass3x_sm100_tensorop_gemm_bf16_bf16_f32_void_f32_64x128x64_4x4x1_0_tnt_align8_1sm,passed,success,universal,4096,5120,7168,bf16:row,bf16:column,void:row,f32:row,1,0,serial,1,1,heuristic,invalid,invalid,False,False,8,tensorop,f32,64,128,64,4,4,1,1,1,1,8,4,1,1,64,128,16,100,110,132120576,300689653760,2275,0.379542,324.198,792243.0,0.3168972
1,CUTLASS,gemm,cutlass3x_sm100_tensorop_gemm_bf16_bf16_f32_void_f32_64x128x64_4x4x1_0_tnt_align8_stream_k_1sm,passed,success,universal,4096,5120,7168,bf16:row,bf16:column,void:row,f32:row,1,0,serial,1,1,heuristic,invalid,invalid,False,False,8,tensorop,f32,64,128,64,4,4,1,1,1,1,8,4,1,1,64,128,16,100,110,132120576,300689653760,2275,0.386678,318.215,777622.0,0.3110488
1,CUTLASS,gemm,cutlass3x_sm100_tensorop_gemm_bf16_bf16_f32_f32_f32_128x128x64_4x4x1_0_tnt_align8_stream_k_1sm,passed,success,universal,4096,5120,7168,bf16:row,bf16:column,f32:row,f32:row,1,0,serial,1,1,heuristic,invalid,invalid,False,False,8,tensorop,f32,128,128,64,4,4,1,1,1,1,6,4,1,1,128,128,16,100,110,216006656,300689653760,1392,0.387299,519.422,776376.0,0.3105504
1,CUTLASS,gemm,cutlass3x_sm100_tensorop_gemm_bf16_bf16_f32_void_f32_128x128x64_4x4x1_0_tnt_align8_stream_k_1sm,passed,success,universal,4096,5120,7168,bf16:row,bf16:column,void:row,f32:row,1,0,serial,1,1,heuristic,invalid,invalid,False,False,8,tensorop,f32,128,128,64,4,4,1,1,1,1,6,4,1,1,128,128,16,100,110,132120576,300689653760,2275,0.388528,316.7,773920.0,0.309568
1,CUTLASS,gemm,cutlass3x_sm100_tensorop_gemm_bf16_bf16_f32_void_bf16_128x128x64_1x1x1_0_tnn_align2_cpasync_1sm_epi_nosmem,passed,success,universal,4096,5120,7168,bf16:row,bf16:column,void:column,bf16:column,1,0,serial,1,1,heuristic,invalid,invalid,False,False,8,tensorop,f32,128,128,64,1,1,1,1,1,1,7,4,1,1,128,128,16,100,110,132120576,300689653760,2275,0.813386,151.277,369677.0,0.1478708
1,CUTLASS,gemm,cutlass3x_sm100_tensorop_gemm_bf16_bf16_f32_void_f32_128x128x64_1x1x1_0_tnn_align2_cpasync_1sm_epi_nosmem,passed,success,universal,4096,5120,7168,bf16:row,bf16:column,void:column,f32:column,1,0,serial,1,1,heuristic,invalid,invalid,False,False,8,tensorop,f32,128,128,64,1,1,1,1,1,1,7,4,1,1,128,128,16,100,110,132120576,300689653760,2275,0.820554,149.956,366447.0,0.1465788
1,CUTLASS,gemm,cutlass3x_sm100_tensorop_gemm_bf16_bf16_f32_bf16_bf16_128x128x64_1x1x1_0_tnn_align4_cpasync_1sm_epi_nosmem,passed,success,universal,4096,5120,7168,bf16:row,bf16:column,bf16:column,bf16:column,1,0,serial,1,1,heuristic,invalid,invalid,False,False,8,tensorop,f32,128,128,64,1,1,1,1,1,1,7,4,1,1,128,128,16,100,110,174063616,300689653760,1727,0.857005,189.158,350861.0,0.1403444
1,CUTLASS,gemm,cutlass3x_sm100_tensorop_gemm_bf16_bf16_f32_bf16_bf16_64x128x64_1x1x1_0_tnn_align4_cpasync_1sm_epi_nosmem,passed,success,universal,4096,5120,7168,bf16:row,bf16:column,bf16:column,bf16:column,1,0,serial,1,1,heuristic,invalid,invalid,False,False,8,tensorop,f32,64,128,64,1,1,1,1,1,1,9,4,1,1,64,128,16,100,110,174063616,300689653760,1727,0.883779,183.427,340232.0,0.1360928
1,CUTLASS,gemm,cutlass3x_sm100_tensorop_gemm_bf16_bf16_f32_void_bf16_64x128x64_1x1x1_0_tnn_align4_cpasync_1sm_epi_nosmem,passed,success,universal,4096,5120,7168,bf16:row,bf16:column,void:column,bf16:column,1,0,serial,1,1,heuristic,invalid,invalid,False,False,8,tensorop,f32,64,128,64,1,1,1,1,1,1,9,4,1,1,64,128,16,100,110,132120576,300689653760,2275,0.885267,138.994,339660.0,0.135864
1,CUTLASS,gemm,cutlass3x_sm100_tensorop_gemm_bf16_bf16_f32_void_f32_128x256x64_1x1x1_0_tnn_align4_cpasync_1sm_epi_nosmem,passed,success,universal,4096,5120,7168,bf16:row,bf16:column,void:column,f32:column,1,0,serial,1,1,heuristic,invalid,invalid,False,False,8,tensorop,f32,128,256,64,1,1,1,1,1,1,4,4,1,1,128,256,16,100,110,132120576,300689653760,2275,0.894074,137.625,336314.0,0.1345256
1,CUTLASS,gemm,cutlass3x_sm100_tensorop_gemm_bf16_bf16_f32_void_f32_64x128x64_1x1x1_0_tnn_align4_cpasync_1sm_epi_nosmem,passed,success,universal,4096,5120,7168,bf16:row,bf16:column,void:column,f32:column,1,0,serial,1,1,heuristic,invalid,invalid,False,False,8,tensorop,f32,64,128,64,1,1,1,1,1,1,9,4,1,1,64,128,16,100,110,132120576,300689653760,2275,0.902061,136.406,333336.0,0.1333344
1,CUTLASS,gemm,cutlass3x_sm100_tensorop_gemm_bf16_bf16_f32_void_bf16_128x256x64_1x1x1_0_tnn_align4_cpasync_1sm_epi_nosmem,passed,success,universal,4096,5120,7168,bf16:row,bf16:column,void:column,bf16:column,1,0,serial,1,1,heuristic,invalid,invalid,False,False,8,tensorop,f32,128,256,64,1,1,1,1,1,1,4,4,1,1,128,256,16,100,110,132120576,300689653760,2275,0.904755,136.0,332344.0,0.1329376
1,CUTLASS,gemm,cutlass3x_sm100_tensorop_gemm_bf16_bf16_f32_bf16_bf16_128x256x64_1x1x1_0_tnn_align4_cpasync_1sm_epi_nosmem,passed,success,universal,4096,5120,7168,bf16:row,bf16:column,bf16:column,bf16:column,1,0,serial,1,1,heuristic,invalid,invalid,False,False,8,tensorop,f32,128,256,64,1,1,1,1,1,1,4,4,1,1,128,256,16,100,110,174063616,300689653760,1727,0.91264,177.627,329472.0,0.1317888
1,CUTLASS,gemm,cutlass3x_sm100_tensorop_gemm_bf16_bf16_f32_f32_f32_64x128x64_1x1x1_0_tnn_align4_cpasync_1sm_epi_nosmem,passed,success,universal,4096,5120,7168,bf16:row,bf16:column,f32:column,f32:column,1,0,serial,1,1,heuristic,invalid,invalid,False,False,8,tensorop,f32,64,128,64,1,1,1,1,1,1,9,4,1,1,64,128,16,100,110,216006656,300689653760,1392,0.912845,220.379,329398.0,0.1317592
1,CUTLASS,gemm,cutlass3x_sm100_tensorop_gemm_bf16_bf16_f32_f32_f32_128x256x64_1x1x1_0_tnn_align4_cpasync_1sm_epi_nosmem,passed,success,universal,4096,5120,7168,bf16:row,bf16:column,f32:column,f32:column,1,0,serial,1,1,heuristic,invalid,invalid,False,False,8,tensorop,f32,128,256,64,1,1,1,1,1,1,4,4,1,1,128,256,16,100,110,216006656,300689653760,1392,0.945072,212.864,318166.0,0.1272664
1,CUTLASS,gemm,cutlass3x_sm100_tensorop_gemm_bf16_bf16_f32_f32_f32_128x128x64_1x1x1_0_tnn_align4_cpasync_1sm_epi_nosmem,passed,success,universal,4096,5120,7168,bf16:row,bf16:column,f32:column,f32:column,1,0,serial,1,1,heuristic,invalid,invalid,False,False,8,tensorop,f32,128,128,64,1,1,1,1,1,1,7,4,1,1,128,128,16,100,110,216006656,300689653760,1392,0.977866,205.725,307496.0,0.1229984
1,CUTLASS,gemm,cutlass3x_sm100_tensorop_gemm_bf16_bf16_f32_void_bf16_128x128x64_1x1x1_0_tnn_align4_cpasync_1sm_epi_nosmem,passed,success,universal,4096,5120,7168,bf16:row,bf16:column,void:column,bf16:column,1,0,serial,1,1,heuristic,invalid,invalid,False,False,8,tensorop,f32,128,128,64,1,1,1,1,1,1,7,4,1,1,128,128,16,100,110,132120576,300689653760,2275,0.978762,125.717,307214.0,0.1228856
1,CUTLASS,gemm,cutlass3x_sm100_tensorop_gemm_bf16_bf16_f32_void_f32_128x128x64_1x1x1_0_tnn_align4_cpasync_1sm_epi_nosmem,passed,success,universal,4096,5120,7168,bf16:row,bf16:column,void:column,f32:column,1,0,serial,1,1,heuristic,invalid,invalid,False,False,8,tensorop,f32,128,128,64,1,1,1,1,1,1,7,4,1,1,128,128,16,100,110,132120576,300689653760,2275,1.01194,121.596,297143.0,0.1188572
1,CUTLASS,gemm,cutlass3x_sm100_tensorop_gemm_bf16_bf16_f32_void_f32_128x256x64_1x1x1_0_tnn_align2_cpasync_1sm_epi_nosmem,passed,success,universal,4096,5120,7168,bf16:row,bf16:column,void:column,f32:column,1,0,serial,1,1,heuristic,invalid,invalid,False,False,8,tensorop,f32,128,256,64,1,1,1,1,1,1,4,4,1,1,128,256,16,100,110,132120576,300689653760,2275,1.58742,77.5139,189421.0,0.0757684
1,CUTLASS,gemm,cutlass3x_sm100_tensorop_gemm_bf16_bf16_f32_void_bf16_128x256x64_1x1x1_0_tnn_align2_cpasync_1sm_epi_nosmem,passed,success,universal,4096,5120,7168,bf16:row,bf16:column,void:column,bf16:column,1,0,serial,1,1,heuristic,invalid,invalid,False,False,8,tensorop,f32,128,256,64,1,1,1,1,1,1,4,4,1,1,128,256,16,100,110,132120576,300689653760,2275,1.58787,77.492,189367.0,0.0757468
1,CUTLASS,gemm,cutlass3x_sm100_tensorop_gemm_bf16_bf16_f32_f32_f32_128x256x64_1x1x1_0_tnn_align2_cpasync_1sm_epi_nosmem,passed,success,universal,4096,5120,7168,bf16:row,bf16:column,f32:column,f32:column,1,0,serial,1,1,heuristic,invalid,invalid,False,False,8,tensorop,f32,128,256,64,1,1,1,1,1,1,4,4,1,1,128,256,16,100,110,216006656,300689653760,1392,1.62227,124.006,185351.0,0.0741404
1,CUTLASS,gemm,cutlass3x_sm100_tensorop_gemm_bf16_bf16_f32_bf16_bf16_128x256x64_1x1x1_0_tnn_align2_cpasync_1sm_epi_nosmem,passed,success,universal,4096,5120,7168,bf16:row,bf16:column,bf16:column,bf16:column,1,0,serial,1,1,heuristic,invalid,invalid,False,False,8,tensorop,f32,128,256,64,1,1,1,1,1,1,4,4,1,1,128,256,16,100,110,174063616,300689653760,1727,2.09052,77.5452,143835.0,0.057534
1,CUTLASS,gemm,cutlass3x_sm100_tensorop_gemm_bf16_bf16_f32_bf16_bf16_128x128x64_1x1x1_0_tnn_align2_cpasync_1sm_epi_nosmem,passed,success,universal,4096,5120,7168,bf16:row,bf16:column,bf16:column,bf16:column,1,0,serial,1,1,heuristic,invalid,invalid,False,False,8,tensorop,f32,128,128,64,1,1,1,1,1,1,7,4,1,1,128,128,16,100,110,174063616,300689653760,1727,2.50014,64.84,120269.0,0.0481076
1,CUTLASS,gemm,cutlass3x_sm100_tensorop_gemm_bf16_bf16_f32_f32_f32_128x128x64_1x1x1_0_tnn_align2_cpasync_1sm_epi_nosmem,passed,success,universal,4096,5120,7168,bf16:row,bf16:column,f32:column,f32:column,1,0,serial,1,1,heuristic,invalid,invalid,False,False,8,tensorop,f32,128,128,64,1,1,1,1,1,1,7,4,1,1,128,128,16,100,110,216006656,300689653760,1392,2.61839,76.8305,114838.0,0.0459352
1,CUTLASS,gemm,cutlass3x_sm100_tensorop_gemm_bf16_bf16_f32_void_bf16_64x128x64_1x1x1_0_tnn_align2_cpasync_1sm_epi_nosmem,passed,success,universal,4096,5120,7168,bf16:row,bf16:column,void:column,bf16:column,1,0,serial,1,1,heuristic,invalid,invalid,False,False,8,tensorop,f32,64,128,64,1,1,1,1,1,1,9,4,1,1,64,128,16,100,110,132120576,300689653760,2275,2.89015,42.5745,104039.0,0.0416156
1,CUTLASS,gemm,cutlass3x_sm100_tensorop_gemm_bf16_bf16_f32_bf16_bf16_64x128x64_1x1x1_0_tnn_align2_cpasync_1sm_epi_nosmem,passed,success,universal,4096,5120,7168,bf16:row,bf16:column,bf16:column,bf16:column,1,0,serial,1,1,heuristic,invalid,invalid,False,False,8,tensorop,f32,64,128,64,1,1,1,1,1,1,9,4,1,1,64,128,16,100,110,174063616,300689653760,1727,2.90644,55.776,103456.0,0.0413824
1,CUTLASS,gemm,cutlass3x_sm100_tensorop_gemm_bf16_bf16_f32_f32_f32_64x128x64_1x1x1_0_tnn_align2_cpasync_1sm_epi_nosmem,passed,success,universal,4096,5120,7168,bf16:row,bf16:column,f32:column,f32:column,1,0,serial,1,1,heuristic,invalid,invalid,False,False,8,tensorop,f32,64,128,64,1,1,1,1,1,1,9,4,1,1,64,128,16,100,110,216006656,300689653760,1392,2.94801,68.2398,101997.0,0.0407988
1,CUTLASS,gemm,cutlass3x_sm100_tensorop_gemm_bf16_bf16_f32_void_f32_64x128x64_1x1x1_0_tnn_align2_cpasync_1sm_epi_nosmem,passed,success,universal,4096,5120,7168,bf16:row,bf16:column,void:column,f32:column,1,0,serial,1,1,heuristic,invalid,invalid,False,False,8,tensorop,f32,64,128,64,1,1,1,1,1,1,9,4,1,1,64,128,16,100,110,132120576,300689653760,2275,2.94957,41.7168,101943.0,0.0407772
