Problem,Provider,OperationKind,Operation,Disposition,Status,gemm_kind,m,n,k,A,B,C,D,alpha,beta,split_k_mode,split_k_slices,batch_count,raster_order,runtime_input_datatype_a,runtime_input_datatype_b,use_pdl,enable_sm90_mixed_dtype_shuffle_test,swizzle_size,op_class,accum,cta_m,cta_n,cta_k,cluster_m,cluster_n,cluster_k,cluster_m_fallback,cluster_n_fallback,cluster_k_fallback,stages,warps_m,warps_n,warps_k,inst_m,inst_n,inst_k,min_cc,max_cc,Bytes,Flops,Flops/Byte,Runtime,GB/s,GFLOPs,mfu
1,CUTLASS,gemm,cutlass3x_sm100_tensorop_gemm_bf16_bf16_f32_void_bf16_256x256x64_4x1x1_0_tnt_align8_2sm,passed,success,universal,5120,7168,4096,bf16:row,bf16:column,void:row,bf16:row,1,0,serial,1,1,heuristic,invalid,invalid,False,False,8,tensorop,f32,256,256,64,4,1,1,2,1,1,6,4,1,1,256,256,16,100,110,100663296,300721111040,2987,0.170515,549.804,1763600.0,0.70544
1,CUTLASS,gemm,cutlass3x_sm100_tensorop_gemm_bf16_bf16_f32_void_bf16_256x256x64_2x1x1_0_tnt_align8_2sm,passed,success,universal,5120,7168,4096,bf16:row,bf16:column,void:row,bf16:row,1,0,serial,1,1,heuristic,invalid,invalid,False,False,8,tensorop,f32,256,256,64,2,1,1,2,1,1,6,4,1,1,256,256,16,100,110,100663296,300721111040,2987,0.171981,545.119,1748570.0,0.699428
1,CUTLASS,gemm,cutlass3x_sm100_tensorop_gemm_bf16_bf16_f32_void_bf16_256x256x64_0x0x1_0_tnt_align8_2sm,passed,success,universal,5120,7168,4096,bf16:row,bf16:column,void:row,bf16:row,1,0,serial,1,1,heuristic,invalid,invalid,False,False,8,tensorop,f32,256,256,64,2,1,1,2,1,1,6,4,1,1,256,256,16,100,110,100663296,300721111040,2987,0.172074,544.825,1747630.0,0.699052
1,CUTLASS,gemm,cutlass3x_sm100_tensorop_gemm_bf16_bf16_f32_bf16_bf16_256x256x64_4x1x1_0_tnt_align8_2sm,passed,success,universal,5120,7168,4096,bf16:row,bf16:column,bf16:row,bf16:row,1,0,serial,1,1,heuristic,invalid,invalid,False,False,8,tensorop,f32,256,256,64,4,1,1,2,1,1,5,4,1,1,256,256,16,100,110,174063616,300721111040,1727,0.172461,939.978,1743710.0,0.697484
1,CUTLASS,gemm,cutlass3x_sm100_tensorop_gemm_bf16_bf16_f32_void_bf16_256x256x64_2x2x1_0_tnt_align8_2sm,passed,success,universal,5120,7168,4096,bf16:row,bf16:column,void:row,bf16:row,1,0,serial,1,1,heuristic,invalid,invalid,False,False,8,tensorop,f32,256,256,64,2,2,1,2,1,1,6,4,1,1,256,256,16,100,110,100663296,300721111040,2987,0.172666,542.957,1741640.0,0.696656
1,CUTLASS,gemm,cutlass3x_sm100_tensorop_gemm_bf16_bf16_f32_bf16_bf16_256x256x64_2x2x1_0_tnt_align8_2sm,passed,success,universal,5120,7168,4096,bf16:row,bf16:column,bf16:row,bf16:row,1,0,serial,1,1,heuristic,invalid,invalid,False,False,8,tensorop,f32,256,256,64,2,2,1,2,1,1,5,4,1,1,256,256,16,100,110,174063616,300721111040,1727,0.173891,932.246,1729360.0,0.691744
1,CUTLASS,gemm,cutlass3x_sm100_tensorop_gemm_bf16_bf16_f32_bf16_bf16_256x256x64_2x1x1_0_tnt_align8_2sm,passed,success,universal,5120,7168,4096,bf16:row,bf16:column,bf16:row,bf16:row,1,0,serial,1,1,heuristic,invalid,invalid,False,False,8,tensorop,f32,256,256,64,2,1,1,2,1,1,5,4,1,1,256,256,16,100,110,174063616,300721111040,1727,0.174746,927.688,1720910.0,0.688364
1,CUTLASS,gemm,cutlass3x_sm100_tensorop_gemm_bf16_bf16_f32_bf16_bf16_256x256x64_0x0x1_0_tnt_align8_2sm,passed,success,universal,5120,7168,4096,bf16:row,bf16:column,bf16:row,bf16:row,1,0,serial,1,1,heuristic,invalid,invalid,False,False,8,tensorop,f32,256,256,64,2,1,1,2,1,1,5,4,1,1,256,256,16,100,110,174063616,300721111040,1727,0.175126,925.671,1717170.0,0.686868
1,CUTLASS,gemm,cutlass3x_sm100_tensorop_gemm_bf16_bf16_f32_void_f32_256x256x64_4x1x1_0_tnt_align8_2sm,passed,success,universal,5120,7168,4096,bf16:row,bf16:column,void:row,f32:row,1,0,serial,1,1,heuristic,invalid,invalid,False,False,8,tensorop,f32,256,256,64,4,1,1,2,1,1,6,4,1,1,256,256,16,100,110,100663296,300721111040,2987,0.178813,524.291,1681760.0,0.672704
1,CUTLASS,gemm,cutlass3x_sm100_tensorop_gemm_bf16_bf16_f32_void_bf16_256x128x64_2x1x1_0_tnt_align8_stream_k_2sm,passed,success,universal,5120,7168,4096,bf16:row,bf16:column,void:row,bf16:row,1,0,serial,1,1,heuristic,invalid,invalid,False,False,8,tensorop,f32,256,128,64,2,1,1,2,1,1,8,4,1,1,256,128,16,100,110,100663296,300721111040,2987,0.180141,520.426,1669370.0,0.667748
1,CUTLASS,gemm,cutlass3x_sm100_tensorop_gemm_bf16_bf16_f32_void_bf16_128x256x64_2x1x1_0_tnt_align8_stream_k_2sm_epi_tma,passed,success,universal,5120,7168,4096,bf16:row,bf16:column,void:row,bf16:row,1,0,serial,1,1,heuristic,invalid,invalid,False,False,8,tensorop,f32,128,256,64,2,1,1,2,1,1,8,4,1,1,128,256,16,100,110,100663296,300721111040,2987,0.180387,519.715,1667090.0,0.666836
1,CUTLASS,gemm,cutlass3x_sm100_tensorop_gemm_bf16_bf16_f32_bf16_bf16_128x256x64_2x1x1_0_tnt_align8_stream_k_2sm_epi_tma,passed,success,universal,5120,7168,4096,bf16:row,bf16:column,bf16:row,bf16:row,1,0,serial,1,1,heuristic,invalid,invalid,False,False,8,tensorop,f32,128,256,64,2,1,1,2,1,1,8,4,1,1,128,256,16,100,110,174063616,300721111040,1727,0.181059,895.339,1660900.0,0.66436
1,CUTLASS,gemm,cutlass3x_sm100_tensorop_gemm_bf16_bf16_f32_f32_f32_256x256x64_4x1x1_0_tnt_align8_2sm,passed,success,universal,5120,7168,4096,bf16:row,bf16:column,f32:row,f32:row,1,0,serial,1,1,heuristic,invalid,invalid,False,False,8,tensorop,f32,256,256,64,4,1,1,2,1,1,5,4,1,1,256,256,16,100,110,247463936,300721111040,1215,0.181402,1270.49,1657760.0,0.663104
1,CUTLASS,gemm,cutlass3x_sm100_tensorop_gemm_bf16_bf16_f32_void_f32_256x256x64_0x0x1_0_tnt_align8_2sm,passed,success,universal,5120,7168,4096,bf16:row,bf16:column,void:row,f32:row,1,0,serial,1,1,heuristic,invalid,invalid,False,False,8,tensorop,f32,256,256,64,2,1,1,2,1,1,6,4,1,1,256,256,16,100,110,100663296,300721111040,2987,0.181472,516.609,1657120.0,0.662848
1,CUTLASS,gemm,cutlass3x_sm100_tensorop_gemm_bf16_bf16_f32_bf16_bf16_128x256x64_0x0x1_0_tnt_align8_stream_k_2sm_epi_tma,passed,success,universal,5120,7168,4096,bf16:row,bf16:column,bf16:row,bf16:row,1,0,serial,1,1,heuristic,invalid,invalid,False,False,8,tensorop,f32,128,256,64,2,1,1,2,1,1,8,4,1,1,128,256,16,100,110,174063616,300721111040,1727,0.181472,893.302,1657120.0,0.662848
1,CUTLASS,gemm,cutlass3x_sm100_tensorop_gemm_bf16_bf16_f32_void_bf16_128x256x64_0x0x1_0_tnt_align8_stream_k_2sm_epi_tma,passed,success,universal,5120,7168,4096,bf16:row,bf16:column,void:row,bf16:row,1,0,serial,1,1,heuristic,invalid,invalid,False,False,8,tensorop,f32,128,256,64,2,1,1,2,1,1,8,4,1,1,128,256,16,100,110,100663296,300721111040,2987,0.181475,516.6,1657090.0,0.662836
1,CUTLASS,gemm,cutlass3x_sm100_tensorop_gemm_bf16_bf16_f32_bf16_bf16_256x128x64_2x1x1_0_tnt_align8_stream_k_2sm,passed,success,universal,5120,7168,4096,bf16:row,bf16:column,bf16:row,bf16:row,1,0,serial,1,1,heuristic,invalid,invalid,False,False,8,tensorop,f32,256,128,64,2,1,1,2,1,1,8,4,1,1,256,128,16,100,110,174063616,300721111040,1727,0.181574,892.799,1656190.0,0.662476
1,CUTLASS,gemm,cutlass3x_sm100_tensorop_gemm_bf16_bf16_f32_void_f32_256x256x64_2x1x1_0_tnt_align8_2sm,passed,success,universal,5120,7168,4096,bf16:row,bf16:column,void:row,f32:row,1,0,serial,1,1,heuristic,invalid,invalid,False,False,8,tensorop,f32,256,256,64,2,1,1,2,1,1,6,4,1,1,256,256,16,100,110,100663296,300721111040,2987,0.1816,516.244,1655950.0,0.66238
1,CUTLASS,gemm,cutlass3x_sm100_tensorop_gemm_bf16_bf16_f32_void_bf16_256x128x64_0x0x1_0_tnt_align8_stream_k_2sm,passed,success,universal,5120,7168,4096,bf16:row,bf16:column,void:row,bf16:row,1,0,serial,1,1,heuristic,invalid,invalid,False,False,8,tensorop,f32,256,128,64,2,1,1,2,1,1,8,4,1,1,256,128,16,100,110,100663296,300721111040,2987,0.181674,516.035,1655280.0,0.662112
1,CUTLASS,gemm,cutlass3x_sm100_tensorop_gemm_bf16_bf16_f32_void_f32_256x256x64_2x2x1_0_tnt_align8_2sm,passed,success,universal,5120,7168,4096,bf16:row,bf16:column,void:row,f32:row,1,0,serial,1,1,heuristic,invalid,invalid,False,False,8,tensorop,f32,256,256,64,2,2,1,2,1,1,6,4,1,1,256,256,16,100,110,100663296,300721111040,2987,0.181779,515.736,1654320.0,0.661728
1,CUTLASS,gemm,cutlass3x_sm100_tensorop_gemm_bf16_bf16_f32_bf16_bf16_256x128x64_0x0x1_0_tnt_align8_stream_k_2sm,passed,success,universal,5120,7168,4096,bf16:row,bf16:column,bf16:row,bf16:row,1,0,serial,1,1,heuristic,invalid,invalid,False,False,8,tensorop,f32,256,128,64,2,1,1,2,1,1,8,4,1,1,256,128,16,100,110,174063616,300721111040,1727,0.181987,890.773,1652430.0,0.660972
1,CUTLASS,gemm,cutlass3x_sm100_tensorop_gemm_bf16_bf16_f32_bf16_bf16_256x128x64_2x1x1_0_tnt_align8_2sm,passed,success,universal,5120,7168,4096,bf16:row,bf16:column,bf16:row,bf16:row,1,0,serial,1,1,heuristic,invalid,invalid,False,False,8,tensorop,f32,256,128,64,2,1,1,2,1,1,8,4,1,1,256,128,16,100,110,174063616,300721111040,1727,0.182829,886.673,1644820.0,0.657928
1,CUTLASS,gemm,cutlass3x_sm100_tensorop_gemm_bf16_bf16_f32_void_bf16_256x256x64_4x4x1_0_tnt_align8_2sm,passed,success,universal,5120,7168,4096,bf16:row,bf16:column,void:row,bf16:row,1,0,serial,1,1,heuristic,invalid,invalid,False,False,8,tensorop,f32,256,256,64,4,4,1,2,1,1,6,4,1,1,256,256,16,100,110,100663296,300721111040,2987,0.182906,512.559,1644130.0,0.657652
1,CUTLASS,gemm,cutlass3x_sm100_tensorop_gemm_bf16_bf16_f32_bf16_bf16_256x128x64_2x2x1_0_tnt_align8_2sm,passed,success,universal,5120,7168,4096,bf16:row,bf16:column,bf16:row,bf16:row,1,0,serial,1,1,heuristic,invalid,invalid,False,False,8,tensorop,f32,256,128,64,2,2,1,2,1,1,8,4,1,1,256,128,16,100,110,174063616,300721111040,1727,0.18321,884.83,1641400.0,0.65656
1,CUTLASS,gemm,cutlass3x_sm100_tensorop_gemm_bf16_bf16_f32_void_bf16_256x128x64_2x1x1_0_tnt_align8_2sm,passed,success,universal,5120,7168,4096,bf16:row,bf16:column,void:row,bf16:row,1,0,serial,1,1,heuristic,invalid,invalid,False,False,8,tensorop,f32,256,128,64,2,1,1,2,1,1,8,4,1,1,256,128,16,100,110,100663296,300721111040,2987,0.183216,511.691,1641350.0,0.65654
1,CUTLASS,gemm,cutlass3x_sm100_tensorop_gemm_bf16_bf16_f32_bf16_bf16_256x128x64_0x0x1_0_tnt_align8_2sm,passed,success,universal,5120,7168,4096,bf16:row,bf16:column,bf16:row,bf16:row,1,0,serial,1,1,heuristic,invalid,invalid,False,False,8,tensorop,f32,256,128,64,2,1,1,2,1,1,8,4,1,1,256,128,16,100,110,174063616,300721111040,1727,0.183341,884.197,1640230.0,0.656092
1,CUTLASS,gemm,cutlass3x_sm100_tensorop_gemm_bf16_bf16_f32_void_bf16_256x128x64_0x0x1_0_tnt_align8_2sm,passed,success,universal,5120,7168,4096,bf16:row,bf16:column,void:row,bf16:row,1,0,serial,1,1,heuristic,invalid,invalid,False,False,8,tensorop,f32,256,128,64,2,1,1,2,1,1,8,4,1,1,256,128,16,100,110,100663296,300721111040,2987,0.183418,511.129,1639540.0,0.655816
1,CUTLASS,gemm,cutlass3x_sm100_tensorop_gemm_bf16_bf16_f32_void_bf16_128x256x64_2x2x1_0_tnt_align8_stream_k_2sm_epi_tma,passed,success,universal,5120,7168,4096,bf16:row,bf16:column,void:row,bf16:row,1,0,serial,1,1,heuristic,invalid,invalid,False,False,8,tensorop,f32,128,256,64,2,2,1,2,1,1,8,4,1,1,128,256,16,100,110,100663296,300721111040,2987,0.183542,510.781,1638430.0,0.655372
1,CUTLASS,gemm,cutlass3x_sm100_tensorop_gemm_bf16_bf16_f32_bf16_bf16_128x256x64_2x2x1_0_tnt_align8_stream_k_2sm_epi_tma,passed,success,universal,5120,7168,4096,bf16:row,bf16:column,bf16:row,bf16:row,1,0,serial,1,1,heuristic,invalid,invalid,False,False,8,tensorop,f32,128,256,64,2,2,1,2,1,1,8,4,1,1,128,256,16,100,110,174063616,300721111040,1727,0.183546,883.21,1638400.0,0.65536
1,CUTLASS,gemm,cutlass3x_sm100_tensorop_gemm_bf16_bf16_f32_bf16_bf16_128x256x64_4x1x1_0_tnt_align8_2sm_epi_tma,passed,success,universal,5120,7168,4096,bf16:row,bf16:column,bf16:row,bf16:row,1,0,serial,1,1,heuristic,invalid,invalid,False,False,8,tensorop,f32,128,256,64,4,1,1,2,1,1,8,4,1,1,128,256,16,100,110,174063616,300721111040,1727,0.183754,882.211,1636550.0,0.65462
1,CUTLASS,gemm,cutlass3x_sm100_tensorop_gemm_bf16_bf16_f32_void_bf16_256x128x64_2x2x1_0_tnt_align8_2sm,passed,success,universal,5120,7168,4096,bf16:row,bf16:column,void:row,bf16:row,1,0,serial,1,1,heuristic,invalid,invalid,False,False,8,tensorop,f32,256,128,64,2,2,1,2,1,1,8,4,1,1,256,128,16,100,110,100663296,300721111040,2987,0.18393,509.706,1634980.0,0.653992
1,CUTLASS,gemm,cutlass3x_sm100_tensorop_gemm_bf16_bf16_f32_f32_f32_256x256x64_2x1x1_0_tnt_align8_2sm,passed,success,universal,5120,7168,4096,bf16:row,bf16:column,f32:row,f32:row,1,0,serial,1,1,heuristic,invalid,invalid,False,False,8,tensorop,f32,256,256,64,2,1,1,2,1,1,5,4,1,1,256,256,16,100,110,247463936,300721111040,1215,0.184032,1252.33,1634070.0,0.653628
1,CUTLASS,gemm,cutlass3x_sm100_tensorop_gemm_bf16_bf16_f32_bf16_bf16_256x128x64_4x1x1_0_tnt_align8_stream_k_2sm,passed,success,universal,5120,7168,4096,bf16:row,bf16:column,bf16:row,bf16:row,1,0,serial,1,1,heuristic,invalid,invalid,False,False,8,tensorop,f32,256,128,64,4,1,1,2,1,1,8,4,1,1,256,128,16,100,110,174063616,300721111040,1727,0.184234,879.912,1632280.0,0.652912
1,CUTLASS,gemm,cutlass3x_sm100_tensorop_gemm_bf16_bf16_f32_f32_f32_256x256x64_0x0x1_0_tnt_align8_2sm,passed,success,universal,5120,7168,4096,bf16:row,bf16:column,f32:row,f32:row,1,0,serial,1,1,heuristic,invalid,invalid,False,False,8,tensorop,f32,256,256,64,2,1,1,2,1,1,5,4,1,1,256,256,16,100,110,247463936,300721111040,1215,0.184237,1250.94,1632250.0,0.6529
1,CUTLASS,gemm,cutlass3x_sm100_tensorop_gemm_bf16_bf16_f32_void_bf16_256x128x64_4x1x1_0_tnt_align8_stream_k_2sm,passed,success,universal,5120,7168,4096,bf16:row,bf16:column,void:row,bf16:row,1,0,serial,1,1,heuristic,invalid,invalid,False,False,8,tensorop,f32,256,128,64,4,1,1,2,1,1,8,4,1,1,256,128,16,100,110,100663296,300721111040,2987,0.184336,508.582,1631370.0,0.652548
1,CUTLASS,gemm,cutlass3x_sm100_tensorop_gemm_bf16_bf16_f32_f32_f32_256x256x64_2x2x1_0_tnt_align8_2sm,passed,success,universal,5120,7168,4096,bf16:row,bf16:column,f32:row,f32:row,1,0,serial,1,1,heuristic,invalid,invalid,False,False,8,tensorop,f32,256,256,64,2,2,1,2,1,1,5,4,1,1,256,256,16,100,110,247463936,300721111040,1215,0.184541,1248.88,1629560.0,0.651824
1,CUTLASS,gemm,cutlass3x_sm100_tensorop_gemm_bf16_bf16_f32_void_bf16_128x256x64_4x1x1_0_tnt_align8_2sm_epi_tma,passed,success,universal,5120,7168,4096,bf16:row,bf16:column,void:row,bf16:row,1,0,serial,1,1,heuristic,invalid,invalid,False,False,8,tensorop,f32,128,256,64,4,1,1,2,1,1,8,4,1,1,128,256,16,100,110,100663296,300721111040,2987,0.184675,507.648,1628380.0,0.651352
1,CUTLASS,gemm,cutlass3x_sm100_tensorop_gemm_bf16_bf16_f32_void_bf16_256x128x64_4x1x1_0_tnt_align8_2sm,passed,success,universal,5120,7168,4096,bf16:row,bf16:column,void:row,bf16:row,1,0,serial,1,1,heuristic,invalid,invalid,False,False,8,tensorop,f32,256,128,64,4,1,1,2,1,1,8,4,1,1,256,128,16,100,110,100663296,300721111040,2987,0.184957,506.875,1625900.0,0.65036
1,CUTLASS,gemm,cutlass3x_sm100_tensorop_gemm_bf16_bf16_f32_bf16_bf16_256x128x64_4x1x1_0_tnt_align8_2sm,passed,success,universal,5120,7168,4096,bf16:row,bf16:column,bf16:row,bf16:row,1,0,serial,1,1,heuristic,invalid,invalid,False,False,8,tensorop,f32,256,128,64,4,1,1,2,1,1,8,4,1,1,256,128,16,100,110,174063616,300721111040,1727,0.185162,875.502,1624100.0,0.64964
1,CUTLASS,gemm,cutlass3x_sm100_tensorop_gemm_bf16_bf16_f32_void_bf16_256x256x64_4x2x1_0_tnt_align8_2sm,passed,success,universal,5120,7168,4096,bf16:row,bf16:column,void:row,bf16:row,1,0,serial,1,1,heuristic,invalid,invalid,False,False,8,tensorop,f32,256,256,64,4,2,1,2,1,1,6,4,1,1,256,256,16,100,110,100663296,300721111040,2987,0.185978,504.093,1616970.0,0.646788
1,CUTLASS,gemm,cutlass3x_sm100_tensorop_gemm_bf16_bf16_f32_bf16_bf16_256x256x64_4x4x1_0_tnt_align8_2sm,passed,success,universal,5120,7168,4096,bf16:row,bf16:column,bf16:row,bf16:row,1,0,serial,1,1,heuristic,invalid,invalid,False,False,8,tensorop,f32,256,256,64,4,4,1,2,1,1,5,4,1,1,256,256,16,100,110,174063616,300721111040,1727,0.189254,856.569,1588980.0,0.635592
1,CUTLASS,gemm,cutlass3x_sm100_tensorop_gemm_bf16_bf16_f32_void_f32_128x256x64_2x1x1_0_tnt_align8_stream_k_2sm_epi_tma,passed,success,universal,5120,7168,4096,bf16:row,bf16:column,void:row,f32:row,1,0,serial,1,1,heuristic,invalid,invalid,False,False,8,tensorop,f32,128,256,64,2,1,1,2,1,1,8,4,1,1,128,256,16,100,110,100663296,300721111040,2987,0.189971,493.496,1582980.0,0.633192
1,CUTLASS,gemm,cutlass3x_sm100_tensorop_gemm_bf16_bf16_f32_f32_f32_128x256x64_0x0x1_0_tnt_align8_stream_k_2sm_epi_tma,passed,success,universal,5120,7168,4096,bf16:row,bf16:column,f32:row,f32:row,1,0,serial,1,1,heuristic,invalid,invalid,False,False,8,tensorop,f32,128,256,64,2,1,1,2,1,1,8,4,1,1,128,256,16,100,110,247463936,300721111040,1215,0.190202,1211.71,1581070.0,0.632428
1,CUTLASS,gemm,cutlass3x_sm100_tensorop_gemm_bf16_bf16_f32_f32_f32_128x256x64_2x1x1_0_tnt_align8_stream_k_2sm_epi_tma,passed,success,universal,5120,7168,4096,bf16:row,bf16:column,f32:row,f32:row,1,0,serial,1,1,heuristic,invalid,invalid,False,False,8,tensorop,f32,128,256,64,2,1,1,2,1,1,8,4,1,1,128,256,16,100,110,247463936,300721111040,1215,0.190205,1211.69,1581040.0,0.632416
1,CUTLASS,gemm,cutlass3x_sm100_tensorop_gemm_bf16_bf16_f32_bf16_bf16_256x256x64_4x2x1_0_tnt_align8_2sm,passed,success,universal,5120,7168,4096,bf16:row,bf16:column,bf16:row,bf16:row,1,0,serial,1,1,heuristic,invalid,invalid,False,False,8,tensorop,f32,256,256,64,4,2,1,2,1,1,5,4,1,1,256,256,16,100,110,174063616,300721111040,1727,0.190406,851.386,1579360.0,0.631744
1,CUTLASS,gemm,cutlass3x_sm100_tensorop_gemm_bf16_bf16_f32_void_bf16_128x256x64_2x1x1_0_tnt_align8_2sm_epi_tma,passed,success,universal,5120,7168,4096,bf16:row,bf16:column,void:row,bf16:row,1,0,serial,1,1,heuristic,invalid,invalid,False,False,8,tensorop,f32,128,256,64,2,1,1,2,1,1,8,4,1,1,128,256,16,100,110,100663296,300721111040,2987,0.190486,492.161,1578700.0,0.63148
1,CUTLASS,gemm,cutlass3x_sm100_tensorop_gemm_bf16_bf16_f32_bf16_bf16_128x256x64_2x1x1_0_tnt_align8_2sm_epi_tma,passed,success,universal,5120,7168,4096,bf16:row,bf16:column,bf16:row,bf16:row,1,0,serial,1,1,heuristic,invalid,invalid,False,False,8,tensorop,f32,128,256,64,2,1,1,2,1,1,8,4,1,1,128,256,16,100,110,174063616,300721111040,1727,0.190893,849.217,1575340.0,0.630136
1,CUTLASS,gemm,cutlass3x_sm100_tensorop_gemm_bf16_bf16_f32_void_bf16_128x256x64_1x1x1_0_tnt_align8_1sm,passed,success,universal,5120,7168,4096,bf16:row,bf16:column,void:row,bf16:row,1,0,serial,1,1,heuristic,invalid,invalid,False,False,8,tensorop,f32,128,256,64,1,1,1,1,1,1,4,4,1,1,128,256,16,100,110,100663296,300721111040,2987,0.190893,491.113,1575340.0,0.630136
1,CUTLASS,gemm,cutlass3x_sm100_tensorop_gemm_bf16_bf16_f32_void_bf16_128x256x64_0x0x1_0_tnt_align8_2sm_epi_tma,passed,success,universal,5120,7168,4096,bf16:row,bf16:column,void:row,bf16:row,1,0,serial,1,1,heuristic,invalid,invalid,False,False,8,tensorop,f32,128,256,64,2,1,1,2,1,1,8,4,1,1,128,256,16,100,110,100663296,300721111040,2987,0.191098,490.587,1573650.0,0.62946
1,CUTLASS,gemm,cutlass3x_sm100_tensorop_gemm_bf16_bf16_f32_void_bf16_128x256x64_2x2x1_0_tnt_align8_2sm_epi_tma,passed,success,universal,5120,7168,4096,bf16:row,bf16:column,void:row,bf16:row,1,0,serial,1,1,heuristic,invalid,invalid,False,False,8,tensorop,f32,128,256,64,2,2,1,2,1,1,8,4,1,1,128,256,16,100,110,100663296,300721111040,2987,0.191098,490.587,1573650.0,0.62946
1,CUTLASS,gemm,cutlass3x_sm100_tensorop_gemm_bf16_bf16_f32_f32_f32_128x256x64_4x1x1_0_tnt_align8_2sm_epi_tma,passed,success,universal,5120,7168,4096,bf16:row,bf16:column,f32:row,f32:row,1,0,serial,1,1,heuristic,invalid,invalid,False,False,8,tensorop,f32,128,256,64,4,1,1,2,1,1,8,4,1,1,128,256,16,100,110,247463936,300721111040,1215,0.191101,1206.01,1573630.0,0.629452
1,CUTLASS,gemm,cutlass3x_sm100_tensorop_gemm_bf16_bf16_f32_void_f32_128x256x64_0x0x1_0_tnt_align8_stream_k_2sm_epi_tma,passed,success,universal,5120,7168,4096,bf16:row,bf16:column,void:row,f32:row,1,0,serial,1,1,heuristic,invalid,invalid,False,False,8,tensorop,f32,128,256,64,2,1,1,2,1,1,8,4,1,1,128,256,16,100,110,100663296,300721111040,2987,0.191126,490.513,1573410.0,0.629364
1,CUTLASS,gemm,cutlass3x_sm100_tensorop_gemm_bf16_bf16_f32_bf16_bf16_128x256x64_0x0x1_0_tnt_align8_2sm_epi_tma,passed,success,universal,5120,7168,4096,bf16:row,bf16:column,bf16:row,bf16:row,1,0,serial,1,1,heuristic,invalid,invalid,False,False,8,tensorop,f32,128,256,64,2,1,1,2,1,1,8,4,1,1,128,256,16,100,110,174063616,300721111040,1727,0.1912,847.852,1572810.0,0.629124
1,CUTLASS,gemm,cutlass3x_sm100_tensorop_gemm_bf16_bf16_f32_f32_f32_256x128x64_2x2x1_0_tnt_align8_2sm,passed,success,universal,5120,7168,4096,bf16:row,bf16:column,f32:row,f32:row,1,0,serial,1,1,heuristic,invalid,invalid,False,False,8,tensorop,f32,256,128,64,2,2,1,2,1,1,8,4,1,1,256,128,16,100,110,247463936,300721111040,1215,0.191405,1204.09,1571130.0,0.628452
1,CUTLASS,gemm,cutlass3x_sm100_tensorop_gemm_bf16_bf16_f32_void_bf16_256x256x64_2x4x1_0_tnt_align8_2sm,passed,success,universal,5120,7168,4096,bf16:row,bf16:column,void:row,bf16:row,1,0,serial,1,1,heuristic,invalid,invalid,False,False,8,tensorop,f32,256,256,64,2,4,1,2,1,1,6,4,1,1,256,256,16,100,110,100663296,300721111040,2987,0.19151,489.53,1570260.0,0.628104
1,CUTLASS,gemm,cutlass3x_sm100_tensorop_gemm_bf16_bf16_f32_bf16_bf16_128x256x64_2x2x1_0_tnt_align8_2sm_epi_tma,passed,success,universal,5120,7168,4096,bf16:row,bf16:column,bf16:row,bf16:row,1,0,serial,1,1,heuristic,invalid,invalid,False,False,8,tensorop,f32,128,256,64,2,2,1,2,1,1,8,4,1,1,128,256,16,100,110,174063616,300721111040,1727,0.19161,846.04,1569450.0,0.62778
1,CUTLASS,gemm,cutlass3x_sm100_tensorop_gemm_bf16_bf16_f32_f32_f32_256x128x64_2x1x1_0_tnt_align8_stream_k_2sm,passed,success,universal,5120,7168,4096,bf16:row,bf16:column,f32:row,f32:row,1,0,serial,1,1,heuristic,invalid,invalid,False,False,8,tensorop,f32,256,128,64,2,1,1,2,1,1,8,4,1,1,256,128,16,100,110,247463936,300721111040,1215,0.191709,1202.18,1568630.0,0.627452
1,CUTLASS,gemm,cutlass3x_sm100_tensorop_gemm_bf16_bf16_f32_void_f32_256x128x64_2x1x1_0_tnt_align8_stream_k_2sm,passed,success,universal,5120,7168,4096,bf16:row,bf16:column,void:row,f32:row,1,0,serial,1,1,heuristic,invalid,invalid,False,False,8,tensorop,f32,256,128,64,2,1,1,2,1,1,8,4,1,1,256,128,16,100,110,100663296,300721111040,2987,0.191709,489.023,1568630.0,0.627452
1,CUTLASS,gemm,cutlass3x_sm100_tensorop_gemm_bf16_bf16_f32_f32_f32_256x128x64_0x0x1_0_tnt_align8_stream_k_2sm,passed,success,universal,5120,7168,4096,bf16:row,bf16:column,f32:row,f32:row,1,0,serial,1,1,heuristic,invalid,invalid,False,False,8,tensorop,f32,256,128,64,2,1,1,2,1,1,8,4,1,1,256,128,16,100,110,247463936,300721111040,1215,0.191814,1201.52,1567770.0,0.627108
1,CUTLASS,gemm,cutlass3x_sm100_tensorop_gemm_bf16_bf16_f32_f32_f32_128x256x64_2x2x1_0_tnt_align8_stream_k_2sm_epi_tma,passed,success,universal,5120,7168,4096,bf16:row,bf16:column,f32:row,f32:row,1,0,serial,1,1,heuristic,invalid,invalid,False,False,8,tensorop,f32,128,256,64,2,2,1,2,1,1,8,4,1,1,128,256,16,100,110,247463936,300721111040,1215,0.191946,1200.7,1566700.0,0.62668
1,CUTLASS,gemm,cutlass3x_sm100_tensorop_gemm_bf16_bf16_f32_void_f32_256x256x64_4x4x1_0_tnt_align8_2sm,passed,success,universal,5120,7168,4096,bf16:row,bf16:column,void:row,f32:row,1,0,serial,1,1,heuristic,invalid,invalid,False,False,8,tensorop,f32,256,256,64,4,4,1,2,1,1,6,4,1,1,256,256,16,100,110,100663296,300721111040,2987,0.192022,488.224,1566070.0,0.626428
1,CUTLASS,gemm,cutlass3x_sm100_tensorop_gemm_bf16_bf16_f32_void_bf16_256x128x64_2x4x1_0_tnt_align8_2sm,passed,success,universal,5120,7168,4096,bf16:row,bf16:column,void:row,bf16:row,1,0,serial,1,1,heuristic,invalid,invalid,False,False,8,tensorop,f32,256,128,64,2,4,1,2,1,1,8,4,1,1,256,128,16,100,110,100663296,300721111040,2987,0.192131,487.948,1565190.0,0.626076
1,CUTLASS,gemm,cutlass3x_sm100_tensorop_gemm_bf16_bf16_f32_void_f32_256x128x64_0x0x1_0_tnt_align8_stream_k_2sm,passed,success,universal,5120,7168,4096,bf16:row,bf16:column,void:row,f32:row,1,0,serial,1,1,heuristic,invalid,invalid,False,False,8,tensorop,f32,256,128,64,2,1,1,2,1,1,8,4,1,1,256,128,16,100,110,100663296,300721111040,2987,0.192253,487.639,1564200.0,0.62568
1,CUTLASS,gemm,cutlass3x_sm100_tensorop_gemm_bf16_bf16_f32_bf16_bf16_256x128x64_2x4x1_0_tnt_align8_2sm,passed,success,universal,5120,7168,4096,bf16:row,bf16:column,bf16:row,bf16:row,1,0,serial,1,1,heuristic,invalid,invalid,False,False,8,tensorop,f32,256,128,64,2,4,1,2,1,1,8,4,1,1,256,128,16,100,110,174063616,300721111040,1727,0.192326,842.887,1563600.0,0.62544
1,CUTLASS,gemm,cutlass3x_sm100_tensorop_gemm_bf16_bf16_f32_void_f32_128x256x64_2x2x1_0_tnt_align8_stream_k_2sm_epi_tma,passed,success,universal,5120,7168,4096,bf16:row,bf16:column,void:row,f32:row,1,0,serial,1,1,heuristic,invalid,invalid,False,False,8,tensorop,f32,128,256,64,2,2,1,2,1,1,8,4,1,1,128,256,16,100,110,100663296,300721111040,2987,0.193171,485.321,1556760.0,0.622704
1,CUTLASS,gemm,cutlass3x_sm100_tensorop_gemm_bf16_bf16_f32_void_bf16_128x256x64_1x2x1_0_tnt_align8_1sm,passed,success,universal,5120,7168,4096,bf16:row,bf16:column,void:row,bf16:row,1,0,serial,1,1,heuristic,invalid,invalid,False,False,8,tensorop,f32,128,256,64,1,2,1,1,1,1,4,4,1,1,128,256,16,100,110,100663296,300721111040,2987,0.193245,485.136,1556170.0,0.622468
1,CUTLASS,gemm,cutlass3x_sm100_tensorop_gemm_bf16_bf16_f32_bf16_bf16_256x128x64_4x2x1_0_tnt_align8_stream_k_2sm,passed,success,universal,5120,7168,4096,bf16:row,bf16:column,bf16:row,bf16:row,1,0,serial,1,1,heuristic,invalid,invalid,False,False,8,tensorop,f32,256,128,64,4,2,1,2,1,1,8,4,1,1,256,128,16,100,110,174063616,300721111040,1727,0.193453,837.979,1554490.0,0.621796
1,CUTLASS,gemm,cutlass3x_sm100_tensorop_gemm_bf16_bf16_f32_void_bf16_128x128x64_1x2x1_0_tnt_align8_stream_k_1sm,passed,success,universal,5120,7168,4096,bf16:row,bf16:column,void:row,bf16:row,1,0,serial,1,1,heuristic,invalid,invalid,False,False,8,tensorop,f32,128,128,64,1,2,1,1,1,1,6,4,1,1,128,128,16,100,110,100663296,300721111040,2987,0.193552,484.366,1553700.0,0.62148
1,CUTLASS,gemm,cutlass3x_sm100_tensorop_gemm_bf16_bf16_f32_f32_f32_256x128x64_4x1x1_0_tnt_align8_stream_k_2sm,passed,success,universal,5120,7168,4096,bf16:row,bf16:column,f32:row,f32:row,1,0,serial,1,1,heuristic,invalid,invalid,False,False,8,tensorop,f32,256,128,64,4,1,1,2,1,1,8,4,1,1,256,128,16,100,110,247463936,300721111040,1215,0.193587,1190.52,1553410.0,0.621364
1,CUTLASS,gemm,cutlass3x_sm100_tensorop_gemm_bf16_bf16_f32_bf16_bf16_128x256x64_4x2x1_0_tnt_align8_2sm_epi_tma,passed,success,universal,5120,7168,4096,bf16:row,bf16:column,bf16:row,bf16:row,1,0,serial,1,1,heuristic,invalid,invalid,False,False,8,tensorop,f32,128,256,64,4,2,1,2,1,1,8,4,1,1,128,256,16,100,110,174063616,300721111040,1727,0.193661,837.079,1552820.0,0.621128
1,CUTLASS,gemm,cutlass3x_sm100_tensorop_gemm_bf16_bf16_f32_void_f32_256x128x64_2x2x1_0_tnt_align8_2sm,passed,success,universal,5120,7168,4096,bf16:row,bf16:column,void:row,f32:row,1,0,serial,1,1,heuristic,invalid,invalid,False,False,8,tensorop,f32,256,128,64,2,2,1,2,1,1,8,4,1,1,256,128,16,100,110,100663296,300721111040,2987,0.193965,483.335,1550390.0,0.620156
1,CUTLASS,gemm,cutlass3x_sm100_tensorop_gemm_bf16_bf16_f32_void_f32_128x256x64_4x1x1_0_tnt_align8_2sm_epi_tma,passed,success,universal,5120,7168,4096,bf16:row,bf16:column,void:row,f32:row,1,0,serial,1,1,heuristic,invalid,invalid,False,False,8,tensorop,f32,128,256,64,4,1,1,2,1,1,8,4,1,1,128,256,16,100,110,100663296,300721111040,2987,0.193965,483.335,1550390.0,0.620156
1,CUTLASS,gemm,cutlass3x_sm100_tensorop_gemm_bf16_bf16_f32_void_bf16_256x128x64_4x2x1_0_tnt_align8_stream_k_2sm,passed,success,universal,5120,7168,4096,bf16:row,bf16:column,void:row,bf16:row,1,0,serial,1,1,heuristic,invalid,invalid,False,False,8,tensorop,f32,256,128,64,4,2,1,2,1,1,8,4,1,1,256,128,16,100,110,100663296,300721111040,2987,0.194096,483.008,1549340.0,0.619736
1,CUTLASS,gemm,cutlass3x_sm100_tensorop_gemm_bf16_bf16_f32_bf16_bf16_128x128x64_1x2x1_0_tnt_align8_stream_k_1sm,passed,success,universal,5120,7168,4096,bf16:row,bf16:column,bf16:row,bf16:row,1,0,serial,1,1,heuristic,invalid,invalid,False,False,8,tensorop,f32,128,128,64,1,2,1,1,1,1,6,4,1,1,128,128,16,100,110,174063616,300721111040,1727,0.194173,834.872,1548730.0,0.619492
1,CUTLASS,gemm,cutlass3x_sm100_tensorop_gemm_bf16_bf16_f32_bf16_bf16_256x128x64_4x2x1_0_tnt_align8_2sm,passed,success,universal,5120,7168,4096,bf16:row,bf16:column,bf16:row,bf16:row,1,0,serial,1,1,heuristic,invalid,invalid,False,False,8,tensorop,f32,256,128,64,4,2,1,2,1,1,8,4,1,1,256,128,16,100,110,174063616,300721111040,1727,0.194275,834.432,1547910.0,0.619164
1,CUTLASS,gemm,cutlass3x_sm100_tensorop_gemm_bf16_bf16_f32_void_bf16_128x256x64_0x0x1_0_tnt_align8_1sm,passed,success,universal,5120,7168,4096,bf16:row,bf16:column,void:row,bf16:row,1,0,serial,1,1,heuristic,invalid,invalid,False,False,8,tensorop,f32,128,256,64,1,1,1,1,1,1,4,4,1,1,128,256,16,100,110,100663296,300721111040,2987,0.194419,482.205,1546770.0,0.618708
1,CUTLASS,gemm,cutlass3x_sm100_tensorop_gemm_bf16_bf16_f32_f32_f32_256x128x64_0x0x1_0_tnt_align8_2sm,passed,success,universal,5120,7168,4096,bf16:row,bf16:column,f32:row,f32:row,1,0,serial,1,1,heuristic,invalid,invalid,False,False,8,tensorop,f32,256,128,64,2,1,1,2,1,1,8,4,1,1,256,128,16,100,110,247463936,300721111040,1215,0.194483,1185.03,1546260.0,0.618504
1,CUTLASS,gemm,cutlass3x_sm100_tensorop_gemm_bf16_bf16_f32_f32_f32_256x128x64_2x1x1_0_tnt_align8_2sm,passed,success,universal,5120,7168,4096,bf16:row,bf16:column,f32:row,f32:row,1,0,serial,1,1,heuristic,invalid,invalid,False,False,8,tensorop,f32,256,128,64,2,1,1,2,1,1,8,4,1,1,256,128,16,100,110,247463936,300721111040,1215,0.194502,1184.91,1546100.0,0.61844
1,CUTLASS,gemm,cutlass3x_sm100_tensorop_gemm_bf16_bf16_f32_f32_f32_256x128x64_4x1x1_0_tnt_align8_2sm,passed,success,universal,5120,7168,4096,bf16:row,bf16:column,f32:row,f32:row,1,0,serial,1,1,heuristic,invalid,invalid,False,False,8,tensorop,f32,256,128,64,4,1,1,2,1,1,8,4,1,1,256,128,16,100,110,247463936,300721111040,1215,0.194883,1182.6,1543080.0,0.617232
1,CUTLASS,gemm,cutlass3x_sm100_tensorop_gemm_bf16_bf16_f32_void_bf16_256x128x64_4x2x1_0_tnt_align8_2sm,passed,success,universal,5120,7168,4096,bf16:row,bf16:column,void:row,bf16:row,1,0,serial,1,1,heuristic,invalid,invalid,False,False,8,tensorop,f32,256,128,64,4,2,1,2,1,1,8,4,1,1,256,128,16,100,110,100663296,300721111040,2987,0.195194,480.292,1540630.0,0.616252
1,CUTLASS,gemm,cutlass3x_sm100_tensorop_gemm_bf16_bf16_f32_void_f32_256x128x64_2x1x1_0_tnt_align8_2sm,passed,success,universal,5120,7168,4096,bf16:row,bf16:column,void:row,f32:row,1,0,serial,1,1,heuristic,invalid,invalid,False,False,8,tensorop,f32,256,128,64,2,1,1,2,1,1,8,4,1,1,256,128,16,100,110,100663296,300721111040,2987,0.195296,480.041,1539820.0,0.615928
1,CUTLASS,gemm,cutlass3x_sm100_tensorop_gemm_bf16_bf16_f32_void_f32_256x128x64_0x0x1_0_tnt_align8_2sm,passed,success,universal,5120,7168,4096,bf16:row,bf16:column,void:row,f32:row,1,0,serial,1,1,heuristic,invalid,invalid,False,False,8,tensorop,f32,256,128,64,2,1,1,2,1,1,8,4,1,1,256,128,16,100,110,100663296,300721111040,2987,0.195424,479.726,1538810.0,0.615524
1,CUTLASS,gemm,cutlass3x_sm100_tensorop_gemm_bf16_bf16_f32_void_bf16_128x256x64_4x2x1_0_tnt_align8_2sm_epi_tma,passed,success,universal,5120,7168,4096,bf16:row,bf16:column,void:row,bf16:row,1,0,serial,1,1,heuristic,invalid,invalid,False,False,8,tensorop,f32,128,256,64,4,2,1,2,1,1,8,4,1,1,128,256,16,100,110,100663296,300721111040,2987,0.195635,479.208,1537150.0,0.61486
1,CUTLASS,gemm,cutlass3x_sm100_tensorop_gemm_bf16_bf16_f32_void_f32_256x256x64_4x2x1_0_tnt_align8_2sm,passed,success,universal,5120,7168,4096,bf16:row,bf16:column,void:row,f32:row,1,0,serial,1,1,heuristic,invalid,invalid,False,False,8,tensorop,f32,256,256,64,4,2,1,2,1,1,6,4,1,1,256,256,16,100,110,100663296,300721111040,2987,0.195747,478.934,1536270.0,0.614508
1,CUTLASS,gemm,cutlass3x_sm100_tensorop_gemm_bf16_bf16_f32_void_f32_256x128x64_4x1x1_0_tnt_align8_stream_k_2sm,passed,success,universal,5120,7168,4096,bf16:row,bf16:column,void:row,f32:row,1,0,serial,1,1,heuristic,invalid,invalid,False,False,8,tensorop,f32,256,128,64,4,1,1,2,1,1,8,4,1,1,256,128,16,100,110,100663296,300721111040,2987,0.196042,478.215,1533970.0,0.613588
1,CUTLASS,gemm,cutlass3x_sm100_tensorop_gemm_bf16_bf16_f32_void_bf16_128x256x64_1x4x1_0_tnt_align8_1sm,passed,success,universal,5120,7168,4096,bf16:row,bf16:column,void:row,bf16:row,1,0,serial,1,1,heuristic,invalid,invalid,False,False,8,tensorop,f32,128,256,64,1,4,1,1,1,1,4,4,1,1,128,256,16,100,110,100663296,300721111040,2987,0.19632,477.537,1531790.0,0.612716
1,CUTLASS,gemm,cutlass3x_sm100_tensorop_gemm_bf16_bf16_f32_void_bf16_128x128x64_1x4x1_0_tnt_align8_stream_k_1sm,passed,success,universal,5120,7168,4096,bf16:row,bf16:column,void:row,bf16:row,1,0,serial,1,1,heuristic,invalid,invalid,False,False,8,tensorop,f32,128,128,64,1,4,1,1,1,1,6,4,1,1,128,128,16,100,110,100663296,300721111040,2987,0.196858,476.233,1527610.0,0.611044
1,CUTLASS,gemm,cutlass3x_sm100_tensorop_gemm_bf16_bf16_f32_bf16_bf16_128x128x64_1x4x1_0_tnt_align8_stream_k_1sm,passed,success,universal,5120,7168,4096,bf16:row,bf16:column,bf16:row,bf16:row,1,0,serial,1,1,heuristic,invalid,invalid,False,False,8,tensorop,f32,128,128,64,1,4,1,1,1,1,6,4,1,1,128,128,16,100,110,174063616,300721111040,1727,0.196931,823.178,1527040.0,0.610816
1,CUTLASS,gemm,cutlass3x_sm100_tensorop_gemm_bf16_bf16_f32_bf16_bf16_128x256x64_2x4x1_0_tnt_align8_stream_k_2sm_epi_tma,passed,success,universal,5120,7168,4096,bf16:row,bf16:column,bf16:row,bf16:row,1,0,serial,1,1,heuristic,invalid,invalid,False,False,8,tensorop,f32,128,256,64,2,4,1,2,1,1,8,4,1,1,128,256,16,100,110,174063616,300721111040,1727,0.197136,822.323,1525450.0,0.61018
1,CUTLASS,gemm,cutlass3x_sm100_tensorop_gemm_bf16_bf16_f32_void_f32_256x128x64_4x1x1_0_tnt_align8_2sm,passed,success,universal,5120,7168,4096,bf16:row,bf16:column,void:row,f32:row,1,0,serial,1,1,heuristic,invalid,invalid,False,False,8,tensorop,f32,256,128,64,4,1,1,2,1,1,8,4,1,1,256,128,16,100,110,100663296,300721111040,2987,0.197139,475.552,1525430.0,0.610172
1,CUTLASS,gemm,cutlass3x_sm100_tensorop_gemm_bf16_bf16_f32_void_bf16_128x256x64_2x4x1_0_tnt_align8_stream_k_2sm_epi_tma,passed,success,universal,5120,7168,4096,bf16:row,bf16:column,void:row,bf16:row,1,0,serial,1,1,heuristic,invalid,invalid,False,False,8,tensorop,f32,128,256,64,2,4,1,2,1,1,8,4,1,1,128,256,16,100,110,100663296,300721111040,2987,0.197344,475.059,1523840.0,0.609536
1,CUTLASS,gemm,cutlass3x_sm100_tensorop_gemm_bf16_bf16_f32_bf16_bf16_256x128x64_4x4x1_0_tnt_align8_2sm,passed,success,universal,5120,7168,4096,bf16:row,bf16:column,bf16:row,bf16:row,1,0,serial,1,1,heuristic,invalid,invalid,False,False,8,tensorop,f32,256,128,64,4,4,1,2,1,1,8,4,1,1,256,128,16,100,110,174063616,300721111040,1727,0.198368,817.215,1515980.0,0.606392
1,CUTLASS,gemm,cutlass3x_sm100_tensorop_gemm_bf16_bf16_f32_void_bf16_128x128x64_1x1x1_0_tnt_align8_stream_k_1sm,passed,success,universal,5120,7168,4096,bf16:row,bf16:column,void:row,bf16:row,1,0,serial,1,1,heuristic,invalid,invalid,False,False,8,tensorop,f32,128,128,64,1,1,1,1,1,1,6,4,1,1,128,128,16,100,110,100663296,300721111040,2987,0.198573,472.119,1514410.0,0.605764
1,CUTLASS,gemm,cutlass3x_sm100_tensorop_gemm_bf16_bf16_f32_bf16_bf16_256x256x64_2x4x1_0_tnt_align8_2sm,passed,success,universal,5120,7168,4096,bf16:row,bf16:column,bf16:row,bf16:row,1,0,serial,1,1,heuristic,invalid,invalid,False,False,8,tensorop,f32,256,256,64,2,4,1,2,1,1,5,4,1,1,256,256,16,100,110,174063616,300721111040,1727,0.198675,815.952,1513630.0,0.605452
1,CUTLASS,gemm,cutlass3x_sm100_tensorop_gemm_bf16_bf16_f32_void_bf16_128x128x64_0x0x1_0_tnt_align8_stream_k_1sm,passed,success,universal,5120,7168,4096,bf16:row,bf16:column,void:row,bf16:row,1,0,serial,1,1,heuristic,invalid,invalid,False,False,8,tensorop,f32,128,128,64,1,1,1,1,1,1,6,4,1,1,128,128,16,100,110,100663296,300721111040,2987,0.19888,471.39,1512070.0,0.604828
1,CUTLASS,gemm,cutlass3x_sm100_tensorop_gemm_bf16_bf16_f32_bf16_bf16_128x128x64_0x0x1_0_tnt_align8_stream_k_1sm,passed,success,universal,5120,7168,4096,bf16:row,bf16:column,bf16:row,bf16:row,1,0,serial,1,1,heuristic,invalid,invalid,False,False,8,tensorop,f32,128,128,64,1,1,1,1,1,1,6,4,1,1,128,128,16,100,110,174063616,300721111040,1727,0.199085,814.273,1510520.0,0.604208
1,CUTLASS,gemm,cutlass3x_sm100_tensorop_gemm_bf16_bf16_f32_bf16_bf16_128x128x64_1x1x1_0_tnt_align8_stream_k_1sm,passed,success,universal,5120,7168,4096,bf16:row,bf16:column,bf16:row,bf16:row,1,0,serial,1,1,heuristic,invalid,invalid,False,False,8,tensorop,f32,128,128,64,1,1,1,1,1,1,6,4,1,1,128,128,16,100,110,174063616,300721111040,1727,0.199088,814.26,1510490.0,0.604196
1,CUTLASS,gemm,cutlass3x_sm100_tensorop_gemm_bf16_bf16_f32_f32_f32_128x256x64_0x0x1_0_tnt_align8_2sm_epi_tma,passed,success,universal,5120,7168,4096,bf16:row,bf16:column,f32:row,f32:row,1,0,serial,1,1,heuristic,invalid,invalid,False,False,8,tensorop,f32,128,256,64,2,1,1,2,1,1,8,4,1,1,128,256,16,100,110,247463936,300721111040,1215,0.199389,1155.88,1508210.0,0.603284
1,CUTLASS,gemm,cutlass3x_sm100_tensorop_gemm_bf16_bf16_f32_f32_f32_128x256x64_2x1x1_0_tnt_align8_2sm_epi_tma,passed,success,universal,5120,7168,4096,bf16:row,bf16:column,f32:row,f32:row,1,0,serial,1,1,heuristic,invalid,invalid,False,False,8,tensorop,f32,128,256,64,2,1,1,2,1,1,8,4,1,1,128,256,16,100,110,247463936,300721111040,1215,0.199389,1155.88,1508210.0,0.603284
1,CUTLASS,gemm,cutlass3x_sm100_tensorop_gemm_bf16_bf16_f32_f32_f32_256x256x64_4x4x1_0_tnt_align8_2sm,passed,success,universal,5120,7168,4096,bf16:row,bf16:column,f32:row,f32:row,1,0,serial,1,1,heuristic,invalid,invalid,False,False,8,tensorop,f32,256,256,64,4,4,1,2,1,1,5,4,1,1,256,256,16,100,110,247463936,300721111040,1215,0.1996,1154.65,1506620.0,0.602648
1,CUTLASS,gemm,cutlass3x_sm100_tensorop_gemm_bf16_bf16_f32_void_f32_128x256x64_2x1x1_0_tnt_align8_2sm_epi_tma,passed,success,universal,5120,7168,4096,bf16:row,bf16:column,void:row,f32:row,1,0,serial,1,1,heuristic,invalid,invalid,False,False,8,tensorop,f32,128,256,64,2,1,1,2,1,1,8,4,1,1,128,256,16,100,110,100663296,300721111040,2987,0.2,468.75,1503610.0,0.601444
1,CUTLASS,gemm,cutlass3x_sm100_tensorop_gemm_bf16_bf16_f32_void_f32_128x256x64_2x2x1_0_tnt_align8_2sm_epi_tma,passed,success,universal,5120,7168,4096,bf16:row,bf16:column,void:row,f32:row,1,0,serial,1,1,heuristic,invalid,invalid,False,False,8,tensorop,f32,128,256,64,2,2,1,2,1,1,8,4,1,1,128,256,16,100,110,100663296,300721111040,2987,0.20024,468.188,1501800.0,0.60072
1,CUTLASS,gemm,cutlass3x_sm100_tensorop_gemm_bf16_bf16_f32_f32_f32_128x256x64_2x2x1_0_tnt_align8_2sm_epi_tma,passed,success,universal,5120,7168,4096,bf16:row,bf16:column,f32:row,f32:row,1,0,serial,1,1,heuristic,invalid,invalid,False,False,8,tensorop,f32,128,256,64,2,2,1,2,1,1,8,4,1,1,128,256,16,100,110,247463936,300721111040,1215,0.20024,1150.96,1501800.0,0.60072
1,CUTLASS,gemm,cutlass3x_sm100_tensorop_gemm_bf16_bf16_f32_f32_f32_256x128x64_2x4x1_0_tnt_align8_2sm,passed,success,universal,5120,7168,4096,bf16:row,bf16:column,f32:row,f32:row,1,0,serial,1,1,heuristic,invalid,invalid,False,False,8,tensorop,f32,256,128,64,2,4,1,2,1,1,8,4,1,1,256,128,16,100,110,247463936,300721111040,1215,0.200416,1149.95,1500480.0,0.600192
1,CUTLASS,gemm,cutlass3x_sm100_tensorop_gemm_bf16_bf16_f32_bf16_bf16_256x128x64_4x4x1_0_tnt_align8_stream_k_2sm,passed,success,universal,5120,7168,4096,bf16:row,bf16:column,bf16:row,bf16:row,1,0,serial,1,1,heuristic,invalid,invalid,False,False,8,tensorop,f32,256,128,64,4,4,1,2,1,1,8,4,1,1,256,128,16,100,110,174063616,300721111040,1727,0.200518,808.451,1499720.0,0.599888
1,CUTLASS,gemm,cutlass3x_sm100_tensorop_gemm_bf16_bf16_f32_bf16_bf16_128x256x64_4x4x1_0_tnt_align8_2sm_epi_tma,passed,success,universal,5120,7168,4096,bf16:row,bf16:column,bf16:row,bf16:row,1,0,serial,1,1,heuristic,invalid,invalid,False,False,8,tensorop,f32,128,256,64,4,4,1,2,1,1,8,4,1,1,128,256,16,100,110,174063616,300721111040,1727,0.200627,808.013,1498900.0,0.59956
1,CUTLASS,gemm,cutlass3x_sm100_tensorop_gemm_bf16_bf16_f32_void_bf16_256x128x64_4x4x1_0_tnt_align8_2sm,passed,success,universal,5120,7168,4096,bf16:row,bf16:column,void:row,bf16:row,1,0,serial,1,1,heuristic,invalid,invalid,False,False,8,tensorop,f32,256,128,64,4,4,1,2,1,1,8,4,1,1,256,128,16,100,110,100663296,300721111040,2987,0.201133,466.11,1495140.0,0.598056
1,CUTLASS,gemm,cutlass3x_sm100_tensorop_gemm_bf16_bf16_f32_f32_f32_256x256x64_4x2x1_0_tnt_align8_2sm,passed,success,universal,5120,7168,4096,bf16:row,bf16:column,f32:row,f32:row,1,0,serial,1,1,heuristic,invalid,invalid,False,False,8,tensorop,f32,256,256,64,4,2,1,2,1,1,5,4,1,1,256,256,16,100,110,247463936,300721111040,1215,0.20185,1141.78,1489830.0,0.595932
1,CUTLASS,gemm,cutlass3x_sm100_tensorop_gemm_bf16_bf16_f32_f32_f32_256x128x64_4x2x1_0_tnt_align8_2sm,passed,success,universal,5120,7168,4096,bf16:row,bf16:column,f32:row,f32:row,1,0,serial,1,1,heuristic,invalid,invalid,False,False,8,tensorop,f32,256,128,64,4,2,1,2,1,1,8,4,1,1,256,128,16,100,110,247463936,300721111040,1215,0.201853,1141.77,1489800.0,0.59592
1,CUTLASS,gemm,cutlass3x_sm100_tensorop_gemm_bf16_bf16_f32_void_bf16_256x128x64_4x4x1_0_tnt_align8_stream_k_2sm,passed,success,universal,5120,7168,4096,bf16:row,bf16:column,void:row,bf16:row,1,0,serial,1,1,heuristic,invalid,invalid,False,False,8,tensorop,f32,256,128,64,4,4,1,2,1,1,8,4,1,1,256,128,16,100,110,100663296,300721111040,2987,0.202054,463.984,1488320.0,0.595328
1,CUTLASS,gemm,cutlass3x_sm100_tensorop_gemm_bf16_bf16_f32_f32_f32_128x256x64_4x2x1_0_tnt_align8_2sm_epi_tma,passed,success,universal,5120,7168,4096,bf16:row,bf16:column,f32:row,f32:row,1,0,serial,1,1,heuristic,invalid,invalid,False,False,8,tensorop,f32,128,256,64,4,2,1,2,1,1,8,4,1,1,128,256,16,100,110,247463936,300721111040,1215,0.202595,1137.58,1484340.0,0.593736
1,CUTLASS,gemm,cutlass3x_sm100_tensorop_gemm_bf16_bf16_f32_bf16_bf16_128x256x64_2x4x1_0_tnt_align8_2sm_epi_tma,passed,success,universal,5120,7168,4096,bf16:row,bf16:column,bf16:row,bf16:row,1,0,serial,1,1,heuristic,invalid,invalid,False,False,8,tensorop,f32,128,256,64,2,4,1,2,1,1,8,4,1,1,128,256,16,100,110,174063616,300721111040,1727,0.202672,799.861,1483780.0,0.593512
1,CUTLASS,gemm,cutlass3x_sm100_tensorop_gemm_bf16_bf16_f32_void_bf16_128x256x64_4x4x1_0_tnt_align8_2sm_epi_tma,passed,success,universal,5120,7168,4096,bf16:row,bf16:column,void:row,bf16:row,1,0,serial,1,1,heuristic,invalid,invalid,False,False,8,tensorop,f32,128,256,64,4,4,1,2,1,1,8,4,1,1,128,256,16,100,110,100663296,300721111040,2987,0.202797,462.285,1482870.0,0.593148
1,CUTLASS,gemm,cutlass3x_sm100_tensorop_gemm_bf16_bf16_f32_void_bf16_128x128x64_2x2x1_0_tnt_align8_stream_k_2sm_epi_tma,passed,success,universal,5120,7168,4096,bf16:row,bf16:column,void:row,bf16:row,1,0,serial,1,1,heuristic,invalid,invalid,False,False,8,tensorop,f32,128,128,64,2,2,1,2,1,1,13,4,1,1,128,128,16,100,110,100663296,300721111040,2987,0.202973,461.885,1481580.0,0.592632
1,CUTLASS,gemm,cutlass3x_sm100_tensorop_gemm_bf16_bf16_f32_f32_f32_256x128x64_4x2x1_0_tnt_align8_stream_k_2sm,passed,success,universal,5120,7168,4096,bf16:row,bf16:column,f32:row,f32:row,1,0,serial,1,1,heuristic,invalid,invalid,False,False,8,tensorop,f32,256,128,64,4,2,1,2,1,1,8,4,1,1,256,128,16,100,110,247463936,300721111040,1215,0.203005,1135.29,1481350.0,0.59254
1,CUTLASS,gemm,cutlass3x_sm100_tensorop_gemm_bf16_bf16_f32_bf16_bf16_128x128x64_2x2x1_0_tnt_align8_stream_k_2sm_epi_tma,passed,success,universal,5120,7168,4096,bf16:row,bf16:column,bf16:row,bf16:row,1,0,serial,1,1,heuristic,invalid,invalid,False,False,8,tensorop,f32,128,128,64,2,2,1,2,1,1,13,4,1,1,128,128,16,100,110,174063616,300721111040,1727,0.203382,797.067,1478600.0,0.59144
1,CUTLASS,gemm,cutlass3x_sm100_tensorop_gemm_bf16_bf16_f32_bf16_bf16_128x128x64_1x4x1_0_tnt_align8_1sm,passed,success,universal,5120,7168,4096,bf16:row,bf16:column,bf16:row,bf16:row,1,0,serial,1,1,heuristic,invalid,invalid,False,False,8,tensorop,f32,128,128,64,1,4,1,1,1,1,6,4,1,1,128,128,16,100,110,174063616,300721111040,1727,0.203616,796.152,1476900.0,0.59076
1,CUTLASS,gemm,cutlass3x_sm100_tensorop_gemm_bf16_bf16_f32_bf16_bf16_128x128x64_1x2x1_0_tnt_align8_1sm,passed,success,universal,5120,7168,4096,bf16:row,bf16:column,bf16:row,bf16:row,1,0,serial,1,1,heuristic,invalid,invalid,False,False,8,tensorop,f32,128,128,64,1,2,1,1,1,1,6,4,1,1,128,128,16,100,110,174063616,300721111040,1727,0.203616,796.152,1476900.0,0.59076
1,CUTLASS,gemm,cutlass3x_sm100_tensorop_gemm_bf16_bf16_f32_void_f32_256x256x64_2x4x1_0_tnt_align8_2sm,passed,success,universal,5120,7168,4096,bf16:row,bf16:column,void:row,f32:row,1,0,serial,1,1,heuristic,invalid,invalid,False,False,8,tensorop,f32,256,256,64,2,4,1,2,1,1,6,4,1,1,256,256,16,100,110,100663296,300721111040,2987,0.203693,460.252,1476350.0,0.59054
1,CUTLASS,gemm,cutlass3x_sm100_tensorop_gemm_bf16_bf16_f32_void_bf16_128x128x64_4x1x1_0_tnt_align8_2sm_epi_tma,passed,success,universal,5120,7168,4096,bf16:row,bf16:column,void:row,bf16:row,1,0,serial,1,1,heuristic,invalid,invalid,False,False,8,tensorop,f32,128,128,64,4,1,1,2,1,1,13,4,1,1,128,128,16,100,110,100663296,300721111040,2987,0.203693,460.252,1476350.0,0.59054
1,CUTLASS,gemm,cutlass3x_sm100_tensorop_gemm_bf16_bf16_f32_bf16_bf16_128x128x64_1x1x1_0_tnt_align8_1sm,passed,success,universal,5120,7168,4096,bf16:row,bf16:column,bf16:row,bf16:row,1,0,serial,1,1,heuristic,invalid,invalid,False,False,8,tensorop,f32,128,128,64,1,1,1,1,1,1,6,4,1,1,128,128,16,100,110,174063616,300721111040,1727,0.203722,795.74,1476140.0,0.590456
1,CUTLASS,gemm,cutlass3x_sm100_tensorop_gemm_bf16_bf16_f32_void_bf16_128x256x64_2x4x1_0_tnt_align8_2sm_epi_tma,passed,success,universal,5120,7168,4096,bf16:row,bf16:column,void:row,bf16:row,1,0,serial,1,1,heuristic,invalid,invalid,False,False,8,tensorop,f32,128,256,64,2,4,1,2,1,1,8,4,1,1,128,256,16,100,110,100663296,300721111040,2987,0.203997,459.566,1474150.0,0.58966
1,CUTLASS,gemm,cutlass3x_sm100_tensorop_gemm_bf16_bf16_f32_void_f32_128x256x64_0x0x1_0_tnt_align8_2sm_epi_tma,passed,success,universal,5120,7168,4096,bf16:row,bf16:column,void:row,f32:row,1,0,serial,1,1,heuristic,invalid,invalid,False,False,8,tensorop,f32,128,256,64,2,1,1,2,1,1,8,4,1,1,128,256,16,100,110,100663296,300721111040,2987,0.204099,459.335,1473410.0,0.589364
1,CUTLASS,gemm,cutlass3x_sm100_tensorop_gemm_bf16_bf16_f32_f32_f32_128x128x64_1x2x1_0_tnt_align8_stream_k_1sm,passed,success,universal,5120,7168,4096,bf16:row,bf16:column,f32:row,f32:row,1,0,serial,1,1,heuristic,invalid,invalid,False,False,8,tensorop,f32,128,128,64,1,2,1,1,1,1,6,4,1,1,128,128,16,100,110,247463936,300721111040,1215,0.204102,1129.18,1473380.0,0.589352
1,CUTLASS,gemm,cutlass3x_sm100_tensorop_gemm_bf16_bf16_f32_void_bf16_128x128x64_1x2x1_0_tnt_align8_1sm,passed,success,universal,5120,7168,4096,bf16:row,bf16:column,void:row,bf16:row,1,0,serial,1,1,heuristic,invalid,invalid,False,False,8,tensorop,f32,128,128,64,1,2,1,1,1,1,6,4,1,1,128,128,16,100,110,100663296,300721111040,2987,0.204102,459.328,1473380.0,0.589352
1,CUTLASS,gemm,cutlass3x_sm100_tensorop_gemm_bf16_bf16_f32_bf16_bf16_128x128x64_4x1x1_0_tnt_align8_2sm_epi_tma,passed,success,universal,5120,7168,4096,bf16:row,bf16:column,bf16:row,bf16:row,1,0,serial,1,1,heuristic,invalid,invalid,False,False,8,tensorop,f32,128,128,64,4,1,1,2,1,1,13,4,1,1,128,128,16,100,110,174063616,300721111040,1727,0.204234,793.745,1472440.0,0.588976
1,CUTLASS,gemm,cutlass3x_sm100_tensorop_gemm_bf16_bf16_f32_void_f32_128x256x64_1x1x1_0_tnt_align8_1sm,passed,success,universal,5120,7168,4096,bf16:row,bf16:column,void:row,f32:row,1,0,serial,1,1,heuristic,invalid,invalid,False,False,8,tensorop,f32,128,256,64,1,1,1,1,1,1,4,4,1,1,128,256,16,100,110,100663296,300721111040,2987,0.204237,459.026,1472410.0,0.588964
1,CUTLASS,gemm,cutlass3x_sm100_tensorop_gemm_bf16_bf16_f32_void_bf16_128x128x64_1x4x1_0_tnt_align8_1sm,passed,success,universal,5120,7168,4096,bf16:row,bf16:column,void:row,bf16:row,1,0,serial,1,1,heuristic,invalid,invalid,False,False,8,tensorop,f32,128,128,64,1,4,1,1,1,1,6,4,1,1,128,128,16,100,110,100663296,300721111040,2987,0.20433,458.817,1471750.0,0.5887
1,CUTLASS,gemm,cutlass3x_sm100_tensorop_gemm_bf16_bf16_f32_void_bf16_128x128x64_1x1x1_0_tnt_align8_1sm,passed,success,universal,5120,7168,4096,bf16:row,bf16:column,void:row,bf16:row,1,0,serial,1,1,heuristic,invalid,invalid,False,False,8,tensorop,f32,128,128,64,1,1,1,1,1,1,6,4,1,1,128,128,16,100,110,100663296,300721111040,2987,0.204336,458.803,1471700.0,0.58868
1,CUTLASS,gemm,cutlass3x_sm100_tensorop_gemm_bf16_bf16_f32_void_f32_128x128x64_1x2x1_0_tnt_align8_stream_k_1sm,passed,success,universal,5120,7168,4096,bf16:row,bf16:column,void:row,f32:row,1,0,serial,1,1,heuristic,invalid,invalid,False,False,8,tensorop,f32,128,128,64,1,2,1,1,1,1,6,4,1,1,128,128,16,100,110,100663296,300721111040,2987,0.204512,458.408,1470430.0,0.588172
1,CUTLASS,gemm,cutlass3x_sm100_tensorop_gemm_bf16_bf16_f32_bf16_bf16_128x128x64_0x0x1_0_tnt_align8_1sm,passed,success,universal,5120,7168,4096,bf16:row,bf16:column,bf16:row,bf16:row,1,0,serial,1,1,heuristic,invalid,invalid,False,False,8,tensorop,f32,128,128,64,1,1,1,1,1,1,6,4,1,1,128,128,16,100,110,174063616,300721111040,1727,0.204544,792.54,1470200.0,0.58808
1,CUTLASS,gemm,cutlass3x_sm100_tensorop_gemm_bf16_bf16_f32_void_bf16_128x128x64_0x0x1_0_tnt_align8_1sm,passed,success,universal,5120,7168,4096,bf16:row,bf16:column,void:row,bf16:row,1,0,serial,1,1,heuristic,invalid,invalid,False,False,8,tensorop,f32,128,128,64,1,1,1,1,1,1,6,4,1,1,128,128,16,100,110,100663296,300721111040,2987,0.205229,456.807,1465300.0,0.58612
1,CUTLASS,gemm,cutlass3x_sm100_tensorop_gemm_bf16_bf16_f32_void_f32_256x128x64_2x4x1_0_tnt_align8_2sm,passed,success,universal,5120,7168,4096,bf16:row,bf16:column,void:row,f32:row,1,0,serial,1,1,heuristic,invalid,invalid,False,False,8,tensorop,f32,256,128,64,2,4,1,2,1,1,8,4,1,1,256,128,16,100,110,100663296,300721111040,2987,0.205741,455.67,1461650.0,0.58466
1,CUTLASS,gemm,cutlass3x_sm100_tensorop_gemm_bf16_bf16_f32_void_f32_128x256x64_4x2x1_0_tnt_align8_2sm_epi_tma,passed,success,universal,5120,7168,4096,bf16:row,bf16:column,void:row,f32:row,1,0,serial,1,1,heuristic,invalid,invalid,False,False,8,tensorop,f32,128,256,64,4,2,1,2,1,1,8,4,1,1,128,256,16,100,110,100663296,300721111040,2987,0.206765,453.414,1454410.0,0.581764
1,CUTLASS,gemm,cutlass3x_sm100_tensorop_gemm_bf16_bf16_f32_void_bf16_128x128x64_0x0x1_0_tnt_align8_2sm_epi_tma,passed,success,universal,5120,7168,4096,bf16:row,bf16:column,void:row,bf16:row,1,0,serial,1,1,heuristic,invalid,invalid,False,False,8,tensorop,f32,128,128,64,2,1,1,2,1,1,13,4,1,1,128,128,16,100,110,100663296,300721111040,2987,0.206867,453.189,1453690.0,0.581476
1,CUTLASS,gemm,cutlass3x_sm100_tensorop_gemm_bf16_bf16_f32_void_bf16_128x128x64_2x1x1_0_tnt_align8_2sm_epi_tma,passed,success,universal,5120,7168,4096,bf16:row,bf16:column,void:row,bf16:row,1,0,serial,1,1,heuristic,invalid,invalid,False,False,8,tensorop,f32,128,128,64,2,1,1,2,1,1,13,4,1,1,128,128,16,100,110,100663296,300721111040,2987,0.206973,452.958,1452950.0,0.58118
1,CUTLASS,gemm,cutlass3x_sm100_tensorop_gemm_bf16_bf16_f32_f32_f32_128x128x64_1x4x1_0_tnt_align8_stream_k_1sm,passed,success,universal,5120,7168,4096,bf16:row,bf16:column,f32:row,f32:row,1,0,serial,1,1,heuristic,invalid,invalid,False,False,8,tensorop,f32,128,128,64,1,4,1,1,1,1,6,4,1,1,128,128,16,100,110,247463936,300721111040,1215,0.206995,1113.4,1452790.0,0.581116
1,CUTLASS,gemm,cutlass3x_sm100_tensorop_gemm_bf16_bf16_f32_void_f32_128x256x64_0x0x1_0_tnt_align8_1sm,passed,success,universal,5120,7168,4096,bf16:row,bf16:column,void:row,f32:row,1,0,serial,1,1,heuristic,invalid,invalid,False,False,8,tensorop,f32,128,256,64,1,1,1,1,1,1,4,4,1,1,128,256,16,100,110,100663296,300721111040,2987,0.207178,452.51,1451510.0,0.580604
1,CUTLASS,gemm,cutlass3x_sm100_tensorop_gemm_bf16_bf16_f32_void_bf16_128x256x64_1x2x1_0_tnt_align8_stream_k_1sm,passed,success,universal,5120,7168,4096,bf16:row,bf16:column,void:row,bf16:row,1,0,serial,1,1,heuristic,invalid,invalid,False,False,8,tensorop,f32,128,256,64,1,2,1,1,1,1,4,4,1,1,128,256,16,100,110,100663296,300721111040,2987,0.207379,452.07,1450100.0,0.58004
1,CUTLASS,gemm,cutlass3x_sm100_tensorop_gemm_bf16_bf16_f32_void_bf16_128x256x64_1x1x1_0_tnt_align8_stream_k_1sm,passed,success,universal,5120,7168,4096,bf16:row,bf16:column,void:row,bf16:row,1,0,serial,1,1,heuristic,invalid,invalid,False,False,8,tensorop,f32,128,256,64,1,1,1,1,1,1,4,4,1,1,128,256,16,100,110,100663296,300721111040,2987,0.207488,451.833,1449340.0,0.579736
1,CUTLASS,gemm,cutlass3x_sm100_tensorop_gemm_bf16_bf16_f32_void_f32_128x128x64_1x4x1_0_tnt_align8_stream_k_1sm,passed,success,universal,5120,7168,4096,bf16:row,bf16:column,void:row,f32:row,1,0,serial,1,1,heuristic,invalid,invalid,False,False,8,tensorop,f32,128,128,64,1,4,1,1,1,1,6,4,1,1,128,128,16,100,110,100663296,300721111040,2987,0.207613,451.562,1448470.0,0.579388
1,CUTLASS,gemm,cutlass3x_sm100_tensorop_gemm_bf16_bf16_f32_bf16_bf16_128x128x64_2x1x1_0_tnt_align8_2sm_epi_tma,passed,success,universal,5120,7168,4096,bf16:row,bf16:column,bf16:row,bf16:row,1,0,serial,1,1,heuristic,invalid,invalid,False,False,8,tensorop,f32,128,128,64,2,1,1,2,1,1,13,4,1,1,128,128,16,100,110,174063616,300721111040,1727,0.207891,779.78,1446530.0,0.578612
1,CUTLASS,gemm,cutlass3x_sm100_tensorop_gemm_bf16_bf16_f32_bf16_bf16_128x128x64_0x0x1_0_tnt_align8_2sm_epi_tma,passed,success,universal,5120,7168,4096,bf16:row,bf16:column,bf16:row,bf16:row,1,0,serial,1,1,heuristic,invalid,invalid,False,False,8,tensorop,f32,128,128,64,2,1,1,2,1,1,13,4,1,1,128,128,16,100,110,174063616,300721111040,1727,0.208301,778.247,1443690.0,0.577476
1,CUTLASS,gemm,cutlass3x_sm100_tensorop_gemm_bf16_bf16_f32_void_f32_256x128x64_4x2x1_0_tnt_align8_stream_k_2sm,passed,success,universal,5120,7168,4096,bf16:row,bf16:column,void:row,f32:row,1,0,serial,1,1,heuristic,invalid,invalid,False,False,8,tensorop,f32,256,128,64,4,2,1,2,1,1,8,4,1,1,256,128,16,100,110,100663296,300721111040,2987,0.208714,449.18,1440830.0,0.576332
1,CUTLASS,gemm,cutlass3x_sm100_tensorop_gemm_bf16_bf16_f32_void_f32_256x128x64_4x2x1_0_tnt_align8_2sm,passed,success,universal,5120,7168,4096,bf16:row,bf16:column,void:row,f32:row,1,0,serial,1,1,heuristic,invalid,invalid,False,False,8,tensorop,f32,256,128,64,4,2,1,2,1,1,8,4,1,1,256,128,16,100,110,100663296,300721111040,2987,0.208816,448.96,1440120.0,0.576048
1,CUTLASS,gemm,cutlass3x_sm100_tensorop_gemm_bf16_bf16_f32_f32_f32_128x256x64_2x4x1_0_tnt_align8_stream_k_2sm_epi_tma,passed,success,universal,5120,7168,4096,bf16:row,bf16:column,f32:row,f32:row,1,0,serial,1,1,heuristic,invalid,invalid,False,False,8,tensorop,f32,128,256,64,2,4,1,2,1,1,8,4,1,1,128,256,16,100,110,247463936,300721111040,1215,0.208915,1103.17,1439440.0,0.575776
1,CUTLASS,gemm,cutlass3x_sm100_tensorop_gemm_bf16_bf16_f32_f32_f32_256x128x64_4x4x1_0_tnt_align8_2sm,passed,success,universal,5120,7168,4096,bf16:row,bf16:column,f32:row,f32:row,1,0,serial,1,1,heuristic,invalid,invalid,False,False,8,tensorop,f32,256,128,64,4,4,1,2,1,1,8,4,1,1,256,128,16,100,110,247463936,300721111040,1215,0.20953,1099.93,1435220.0,0.574088
1,CUTLASS,gemm,cutlass3x_sm100_tensorop_gemm_bf16_bf16_f32_f32_f32_128x128x64_0x0x1_0_tnt_align8_stream_k_1sm,passed,success,universal,5120,7168,4096,bf16:row,bf16:column,f32:row,f32:row,1,0,serial,1,1,heuristic,invalid,invalid,False,False,8,tensorop,f32,128,128,64,1,1,1,1,1,1,6,4,1,1,128,128,16,100,110,247463936,300721111040,1215,0.209734,1098.86,1433820.0,0.573528
1,CUTLASS,gemm,cutlass3x_sm100_tensorop_gemm_bf16_bf16_f32_void_f32_128x128x64_1x1x1_0_tnt_align8_stream_k_1sm,passed,success,universal,5120,7168,4096,bf16:row,bf16:column,void:row,f32:row,1,0,serial,1,1,heuristic,invalid,invalid,False,False,8,tensorop,f32,128,128,64,1,1,1,1,1,1,6,4,1,1,128,128,16,100,110,100663296,300721111040,2987,0.209936,446.565,1432440.0,0.572976
1,CUTLASS,gemm,cutlass3x_sm100_tensorop_gemm_bf16_bf16_f32_f32_f32_128x128x64_1x1x1_0_tnt_align8_stream_k_1sm,passed,success,universal,5120,7168,4096,bf16:row,bf16:column,f32:row,f32:row,1,0,serial,1,1,heuristic,invalid,invalid,False,False,8,tensorop,f32,128,128,64,1,1,1,1,1,1,6,4,1,1,128,128,16,100,110,247463936,300721111040,1215,0.209939,1097.79,1432420.0,0.572968
1,CUTLASS,gemm,cutlass3x_sm100_tensorop_gemm_bf16_bf16_f32_void_f32_128x128x64_0x0x1_0_tnt_align8_stream_k_1sm,passed,success,universal,5120,7168,4096,bf16:row,bf16:column,void:row,f32:row,1,0,serial,1,1,heuristic,invalid,invalid,False,False,8,tensorop,f32,128,128,64,1,1,1,1,1,1,6,4,1,1,128,128,16,100,110,100663296,300721111040,2987,0.210352,445.682,1429610.0,0.571844
1,CUTLASS,gemm,cutlass3x_sm100_tensorop_gemm_bf16_bf16_f32_f32_f32_128x256x64_4x4x1_0_tnt_align8_2sm_epi_tma,passed,success,universal,5120,7168,4096,bf16:row,bf16:column,f32:row,f32:row,1,0,serial,1,1,heuristic,invalid,invalid,False,False,8,tensorop,f32,128,256,64,4,4,1,2,1,1,8,4,1,1,128,256,16,100,110,247463936,300721111040,1215,0.210554,1094.58,1428240.0,0.571296
1,CUTLASS,gemm,cutlass3x_sm100_tensorop_gemm_bf16_bf16_f32_void_bf16_128x256x64_4x4x1_0_tnt_align8_1sm,passed,success,universal,5120,7168,4096,bf16:row,bf16:column,void:row,bf16:row,1,0,serial,1,1,heuristic,invalid,invalid,False,False,8,tensorop,f32,128,256,64,4,4,1,1,1,1,4,4,1,1,128,256,16,100,110,100663296,300721111040,2987,0.210758,444.822,1426850.0,0.57074
1,CUTLASS,gemm,cutlass3x_sm100_tensorop_gemm_bf16_bf16_f32_bf16_bf16_128x128x64_2x2x1_0_tnt_align8_2sm_epi_tma,passed,success,universal,5120,7168,4096,bf16:row,bf16:column,bf16:row,bf16:row,1,0,serial,1,1,heuristic,invalid,invalid,False,False,8,tensorop,f32,128,128,64,2,2,1,2,1,1,13,4,1,1,128,128,16,100,110,174063616,300721111040,1727,0.210861,768.798,1426160.0,0.570464
1,CUTLASS,gemm,cutlass3x_sm100_tensorop_gemm_bf16_bf16_f32_f32_f32_256x128x64_4x4x1_0_tnt_align8_stream_k_2sm,passed,success,universal,5120,7168,4096,bf16:row,bf16:column,f32:row,f32:row,1,0,serial,1,1,heuristic,invalid,invalid,False,False,8,tensorop,f32,256,128,64,4,4,1,2,1,1,8,4,1,1,256,128,16,100,110,247463936,300721111040,1215,0.210963,1092.46,1425470.0,0.570188
1,CUTLASS,gemm,cutlass3x_sm100_tensorop_gemm_bf16_bf16_f32_void_bf16_128x128x64_2x2x1_0_tnt_align8_2sm_epi_tma,passed,success,universal,5120,7168,4096,bf16:row,bf16:column,void:row,bf16:row,1,0,serial,1,1,heuristic,invalid,invalid,False,False,8,tensorop,f32,128,128,64,2,2,1,2,1,1,13,4,1,1,128,128,16,100,110,100663296,300721111040,2987,0.211501,443.261,1421840.0,0.568736
1,CUTLASS,gemm,cutlass3x_sm100_tensorop_gemm_bf16_bf16_f32_void_f32_128x256x64_1x2x1_0_tnt_align8_1sm,passed,success,universal,5120,7168,4096,bf16:row,bf16:column,void:row,f32:row,1,0,serial,1,1,heuristic,invalid,invalid,False,False,8,tensorop,f32,128,256,64,1,2,1,1,1,1,4,4,1,1,128,256,16,100,110,100663296,300721111040,2987,0.211578,443.1,1421330.0,0.568532
1,CUTLASS,gemm,cutlass3x_sm100_tensorop_gemm_bf16_bf16_f32_f32_f32_128x128x64_1x2x1_0_tnt_align8_1sm,passed,success,universal,5120,7168,4096,bf16:row,bf16:column,f32:row,f32:row,1,0,serial,1,1,heuristic,invalid,invalid,False,False,8,tensorop,f32,128,128,64,1,2,1,1,1,1,6,4,1,1,128,128,16,100,110,247463936,300721111040,1215,0.212493,1084.6,1415210.0,0.566084
1,CUTLASS,gemm,cutlass3x_sm100_tensorop_gemm_bf16_bf16_f32_void_f32_128x256x64_2x4x1_0_tnt_align8_stream_k_2sm_epi_tma,passed,success,universal,5120,7168,4096,bf16:row,bf16:column,void:row,f32:row,1,0,serial,1,1,heuristic,invalid,invalid,False,False,8,tensorop,f32,128,256,64,2,4,1,2,1,1,8,4,1,1,128,256,16,100,110,100663296,300721111040,2987,0.212528,441.118,1414970.0,0.565988
1,CUTLASS,gemm,cutlass3x_sm100_tensorop_gemm_bf16_bf16_f32_void_f32_128x128x64_1x2x1_0_tnt_align8_1sm,passed,success,universal,5120,7168,4096,bf16:row,bf16:column,void:row,f32:row,1,0,serial,1,1,heuristic,invalid,invalid,False,False,8,tensorop,f32,128,128,64,1,2,1,1,1,1,6,4,1,1,128,128,16,100,110,100663296,300721111040,2987,0.213421,439.273,1409050.0,0.56362
1,CUTLASS,gemm,cutlass3x_sm100_tensorop_gemm_bf16_bf16_f32_bf16_bf16_128x128x64_2x4x1_0_tnt_align8_stream_k_2sm_epi_tma,passed,success,universal,5120,7168,4096,bf16:row,bf16:column,bf16:row,bf16:row,1,0,serial,1,1,heuristic,invalid,invalid,False,False,8,tensorop,f32,128,128,64,2,4,1,2,1,1,13,4,1,1,128,128,16,100,110,174063616,300721111040,1727,0.213622,758.859,1407720.0,0.563088
1,CUTLASS,gemm,cutlass3x_sm100_tensorop_gemm_bf16_bf16_f32_void_f32_128x256x64_1x4x1_0_tnt_align8_1sm,passed,success,universal,5120,7168,4096,bf16:row,bf16:column,void:row,f32:row,1,0,serial,1,1,heuristic,invalid,invalid,False,False,8,tensorop,f32,128,256,64,1,4,1,1,1,1,4,4,1,1,128,256,16,100,110,100663296,300721111040,2987,0.213651,438.799,1407530.0,0.563012
1,CUTLASS,gemm,cutlass3x_sm100_tensorop_gemm_bf16_bf16_f32_void_bf16_128x128x64_2x4x1_0_tnt_align8_stream_k_2sm_epi_tma,passed,success,universal,5120,7168,4096,bf16:row,bf16:column,void:row,bf16:row,1,0,serial,1,1,heuristic,invalid,invalid,False,False,8,tensorop,f32,128,128,64,2,4,1,2,1,1,13,4,1,1,128,128,16,100,110,100663296,300721111040,2987,0.213731,438.635,1407010.0,0.562804
1,CUTLASS,gemm,cutlass3x_sm100_tensorop_gemm_bf16_bf16_f32_f32_f32_128x128x64_1x4x1_0_tnt_align8_1sm,passed,success,universal,5120,7168,4096,bf16:row,bf16:column,f32:row,f32:row,1,0,serial,1,1,heuristic,invalid,invalid,False,False,8,tensorop,f32,128,128,64,1,4,1,1,1,1,6,4,1,1,128,128,16,100,110,247463936,300721111040,1215,0.214032,1076.8,1405030.0,0.562012
1,CUTLASS,gemm,cutlass3x_sm100_tensorop_gemm_bf16_bf16_f32_f32_f32_256x256x64_2x4x1_0_tnt_align8_2sm,passed,success,universal,5120,7168,4096,bf16:row,bf16:column,f32:row,f32:row,1,0,serial,1,1,heuristic,invalid,invalid,False,False,8,tensorop,f32,256,256,64,2,4,1,2,1,1,5,4,1,1,256,256,16,100,110,247463936,300721111040,1215,0.214272,1075.59,1403460.0,0.561384
1,CUTLASS,gemm,cutlass3x_sm100_tensorop_gemm_bf16_bf16_f32_void_f32_128x128x64_2x2x1_0_tnt_align8_stream_k_2sm_epi_tma,passed,success,universal,5120,7168,4096,bf16:row,bf16:column,void:row,f32:row,1,0,serial,1,1,heuristic,invalid,invalid,False,False,8,tensorop,f32,128,128,64,2,2,1,2,1,1,12,4,1,1,128,128,16,100,110,100663296,300721111040,2987,0.214442,437.182,1402340.0,0.560936
1,CUTLASS,gemm,cutlass3x_sm100_tensorop_gemm_bf16_bf16_f32_f32_f32_128x128x64_2x2x1_0_tnt_align8_stream_k_2sm_epi_tma,passed,success,universal,5120,7168,4096,bf16:row,bf16:column,f32:row,f32:row,1,0,serial,1,1,heuristic,invalid,invalid,False,False,8,tensorop,f32,128,128,64,2,2,1,2,1,1,12,4,1,1,128,128,16,100,110,247463936,300721111040,1215,0.214547,1074.21,1401650.0,0.56066
1,CUTLASS,gemm,cutlass3x_sm100_tensorop_gemm_bf16_bf16_f32_f32_f32_128x128x64_1x1x1_0_tnt_align8_1sm,passed,success,universal,5120,7168,4096,bf16:row,bf16:column,f32:row,f32:row,1,0,serial,1,1,heuristic,invalid,invalid,False,False,8,tensorop,f32,128,128,64,1,1,1,1,1,1,6,4,1,1,128,128,16,100,110,247463936,300721111040,1215,0.21496,1072.15,1398960.0,0.559584
1,CUTLASS,gemm,cutlass3x_sm100_tensorop_gemm_bf16_bf16_f32_f32_f32_128x128x64_0x0x1_0_tnt_align8_1sm,passed,success,universal,5120,7168,4096,bf16:row,bf16:column,f32:row,f32:row,1,0,serial,1,1,heuristic,invalid,invalid,False,False,8,tensorop,f32,128,128,64,1,1,1,1,1,1,6,4,1,1,128,128,16,100,110,247463936,300721111040,1215,0.215808,1067.93,1393470.0,0.557388
1,CUTLASS,gemm,cutlass3x_sm100_tensorop_gemm_bf16_bf16_f32_void_f32_256x128x64_4x4x1_0_tnt_align8_stream_k_2sm,passed,success,universal,5120,7168,4096,bf16:row,bf16:column,void:row,f32:row,1,0,serial,1,1,heuristic,invalid,invalid,False,False,8,tensorop,f32,256,128,64,4,4,1,2,1,1,8,4,1,1,256,128,16,100,110,100663296,300721111040,2987,0.216109,433.809,1391530.0,0.556612
1,CUTLASS,gemm,cutlass3x_sm100_tensorop_gemm_bf16_bf16_f32_void_f32_256x128x64_4x4x1_0_tnt_align8_2sm,passed,success,universal,5120,7168,4096,bf16:row,bf16:column,void:row,f32:row,1,0,serial,1,1,heuristic,invalid,invalid,False,False,8,tensorop,f32,256,128,64,4,4,1,2,1,1,8,4,1,1,256,128,16,100,110,100663296,300721111040,2987,0.216109,433.809,1391530.0,0.556612
1,CUTLASS,gemm,cutlass3x_sm100_tensorop_gemm_bf16_bf16_f32_bf16_bf16_128x256x64_1x1x1_0_tnt_align8_1sm,passed,success,universal,5120,7168,4096,bf16:row,bf16:column,bf16:row,bf16:row,1,0,serial,1,1,heuristic,invalid,invalid,False,False,8,tensorop,f32,128,256,64,1,1,1,1,1,1,3,4,1,1,128,256,16,100,110,174063616,300721111040,1727,0.216186,749.862,1391030.0,0.556412
1,CUTLASS,gemm,cutlass3x_sm100_tensorop_gemm_bf16_bf16_f32_void_f32_128x128x64_1x4x1_0_tnt_align8_1sm,passed,success,universal,5120,7168,4096,bf16:row,bf16:column,void:row,f32:row,1,0,serial,1,1,heuristic,invalid,invalid,False,False,8,tensorop,f32,128,128,64,1,4,1,1,1,1,6,4,1,1,128,128,16,100,110,100663296,300721111040,2987,0.216291,433.443,1390350.0,0.55614
1,CUTLASS,gemm,cutlass3x_sm100_tensorop_gemm_bf16_bf16_f32_void_f32_128x128x64_1x1x1_0_tnt_align8_1sm,passed,success,universal,5120,7168,4096,bf16:row,bf16:column,void:row,f32:row,1,0,serial,1,1,heuristic,invalid,invalid,False,False,8,tensorop,f32,128,128,64,1,1,1,1,1,1,6,4,1,1,128,128,16,100,110,100663296,300721111040,2987,0.216403,433.219,1389630.0,0.555852
1,CUTLASS,gemm,cutlass3x_sm100_tensorop_gemm_bf16_bf16_f32_void_bf16_128x256x64_0x0x1_0_tnt_align8_stream_k_1sm,passed,success,universal,5120,7168,4096,bf16:row,bf16:column,void:row,bf16:row,1,0,serial,1,1,heuristic,invalid,invalid,False,False,8,tensorop,f32,128,256,64,1,1,1,1,1,1,4,4,1,1,128,256,16,100,110,100663296,300721111040,2987,0.216422,433.181,1389510.0,0.555804
1,CUTLASS,gemm,cutlass3x_sm100_tensorop_gemm_bf16_bf16_f32_f32_f32_128x256x64_2x4x1_0_tnt_align8_2sm_epi_tma,passed,success,universal,5120,7168,4096,bf16:row,bf16:column,f32:row,f32:row,1,0,serial,1,1,heuristic,invalid,invalid,False,False,8,tensorop,f32,128,256,64,2,4,1,2,1,1,8,4,1,1,128,256,16,100,110,247463936,300721111040,1215,0.216928,1062.42,1386270.0,0.554508
1,CUTLASS,gemm,cutlass3x_sm100_tensorop_gemm_bf16_bf16_f32_void_f32_128x128x64_0x0x1_0_tnt_align8_1sm,passed,success,universal,5120,7168,4096,bf16:row,bf16:column,void:row,f32:row,1,0,serial,1,1,heuristic,invalid,invalid,False,False,8,tensorop,f32,128,128,64,1,1,1,1,1,1,6,4,1,1,128,128,16,100,110,100663296,300721111040,2987,0.217107,431.814,1385130.0,0.554052
1,CUTLASS,gemm,cutlass3x_sm100_tensorop_gemm_bf16_bf16_f32_void_f32_128x256x64_4x4x1_0_tnt_align8_2sm_epi_tma,passed,success,universal,5120,7168,4096,bf16:row,bf16:column,void:row,f32:row,1,0,serial,1,1,heuristic,invalid,invalid,False,False,8,tensorop,f32,128,256,64,4,4,1,2,1,1,8,4,1,1,128,256,16,100,110,100663296,300721111040,2987,0.217619,430.798,1381870.0,0.552748
1,CUTLASS,gemm,cutlass3x_sm100_tensorop_gemm_bf16_bf16_f32_bf16_bf16_128x128x64_2x4x1_0_tnt_align8_2sm_epi_tma,passed,success,universal,5120,7168,4096,bf16:row,bf16:column,bf16:row,bf16:row,1,0,serial,1,1,heuristic,invalid,invalid,False,False,8,tensorop,f32,128,128,64,2,4,1,2,1,1,13,4,1,1,128,128,16,100,110,174063616,300721111040,1727,0.21785,744.134,1380410.0,0.552164
1,CUTLASS,gemm,cutlass3x_sm100_tensorop_gemm_bf16_bf16_f32_void_bf16_128x128x64_2x4x1_0_tnt_align8_2sm_epi_tma,passed,success,universal,5120,7168,4096,bf16:row,bf16:column,void:row,bf16:row,1,0,serial,1,1,heuristic,invalid,invalid,False,False,8,tensorop,f32,128,128,64,2,4,1,2,1,1,13,4,1,1,128,128,16,100,110,100663296,300721111040,2987,0.217926,430.191,1379920.0,0.551968
1,CUTLASS,gemm,cutlass3x_sm100_tensorop_gemm_bf16_bf16_f32_void_f32_128x128x64_4x1x1_0_tnt_align8_2sm_epi_tma,passed,success,universal,5120,7168,4096,bf16:row,bf16:column,void:row,f32:row,1,0,serial,1,1,heuristic,invalid,invalid,False,False,8,tensorop,f32,128,128,64,4,1,1,2,1,1,12,4,1,1,128,128,16,100,110,100663296,300721111040,2987,0.218339,429.378,1377310.0,0.550924
1,CUTLASS,gemm,cutlass3x_sm100_tensorop_gemm_bf16_bf16_f32_f32_f32_128x128x64_4x1x1_0_tnt_align8_2sm_epi_tma,passed,success,universal,5120,7168,4096,bf16:row,bf16:column,f32:row,f32:row,1,0,serial,1,1,heuristic,invalid,invalid,False,False,8,tensorop,f32,128,128,64,4,1,1,2,1,1,12,4,1,1,128,128,16,100,110,247463936,300721111040,1215,0.218442,1055.06,1376670.0,0.550668
1,CUTLASS,gemm,cutlass3x_sm100_tensorop_gemm_bf16_bf16_f32_void_bf16_256x256x64_2x1x1_0_tnt_align8_stream_k_2sm,passed,success,universal,5120,7168,4096,bf16:row,bf16:column,void:row,bf16:row,1,0,serial,1,1,heuristic,invalid,invalid,False,False,8,tensorop,f32,256,256,64,2,1,1,2,1,1,6,4,1,1,256,256,16,100,110,100663296,300721111040,2987,0.218646,428.774,1375380.0,0.550152
1,CUTLASS,gemm,cutlass3x_sm100_tensorop_gemm_bf16_bf16_f32_void_bf16_256x256x64_0x0x1_0_tnt_align8_stream_k_2sm,passed,success,universal,5120,7168,4096,bf16:row,bf16:column,void:row,bf16:row,1,0,serial,1,1,heuristic,invalid,invalid,False,False,8,tensorop,f32,256,256,64,2,1,1,2,1,1,6,4,1,1,256,256,16,100,110,100663296,300721111040,2987,0.218778,428.517,1374550.0,0.54982
1,CUTLASS,gemm,cutlass3x_sm100_tensorop_gemm_bf16_bf16_f32_void_f32_128x256x64_2x4x1_0_tnt_align8_2sm_epi_tma,passed,success,universal,5120,7168,4096,bf16:row,bf16:column,void:row,f32:row,1,0,serial,1,1,heuristic,invalid,invalid,False,False,8,tensorop,f32,128,256,64,2,4,1,2,1,1,8,4,1,1,128,256,16,100,110,100663296,300721111040,2987,0.219773,426.577,1368330.0,0.547332
1,CUTLASS,gemm,cutlass3x_sm100_tensorop_gemm_bf16_bf16_f32_void_f32_128x256x64_1x1x1_0_tnt_align8_stream_k_1sm,passed,success,universal,5120,7168,4096,bf16:row,bf16:column,void:row,f32:row,1,0,serial,1,1,heuristic,invalid,invalid,False,False,8,tensorop,f32,128,256,64,1,1,1,1,1,1,4,4,1,1,128,256,16,100,110,100663296,300721111040,2987,0.220083,425.975,1366400.0,0.54656
1,CUTLASS,gemm,cutlass3x_sm100_tensorop_gemm_bf16_bf16_f32_void_bf16_128x256x64_1x4x1_0_tnt_align8_stream_k_1sm,passed,success,universal,5120,7168,4096,bf16:row,bf16:column,void:row,bf16:row,1,0,serial,1,1,heuristic,invalid,invalid,False,False,8,tensorop,f32,128,256,64,1,4,1,1,1,1,4,4,1,1,128,256,16,100,110,100663296,300721111040,2987,0.220112,425.92,1366220.0,0.546488
1,CUTLASS,gemm,cutlass3x_sm100_tensorop_gemm_bf16_bf16_f32_bf16_bf16_128x128x64_4x2x1_0_tnt_align8_2sm_epi_tma,passed,success,universal,5120,7168,4096,bf16:row,bf16:column,bf16:row,bf16:row,1,0,serial,1,1,heuristic,invalid,invalid,False,False,8,tensorop,f32,128,128,64,4,2,1,2,1,1,13,4,1,1,128,128,16,100,110,174063616,300721111040,1727,0.220384,735.577,1364530.0,0.545812
1,CUTLASS,gemm,cutlass3x_sm100_tensorop_gemm_bf16_bf16_f32_void_f32_128x128x64_0x0x1_0_tnt_align8_2sm_epi_tma,passed,success,universal,5120,7168,4096,bf16:row,bf16:column,void:row,f32:row,1,0,serial,1,1,heuristic,invalid,invalid,False,False,8,tensorop,f32,128,128,64,2,1,1,2,1,1,12,4,1,1,128,128,16,100,110,100663296,300721111040,2987,0.22079,424.611,1362020.0,0.544808
1,CUTLASS,gemm,cutlass3x_sm100_tensorop_gemm_bf16_bf16_f32_void_f32_128x256x64_1x2x1_0_tnt_align8_stream_k_1sm,passed,success,universal,5120,7168,4096,bf16:row,bf16:column,void:row,f32:row,1,0,serial,1,1,heuristic,invalid,invalid,False,False,8,tensorop,f32,128,256,64,1,2,1,1,1,1,4,4,1,1,128,256,16,100,110,100663296,300721111040,2987,0.221206,423.812,1359460.0,0.543784
1,CUTLASS,gemm,cutlass3x_sm100_tensorop_gemm_bf16_bf16_f32_bf16_bf16_128x256x64_0x0x1_0_tnt_align8_1sm,passed,success,universal,5120,7168,4096,bf16:row,bf16:column,bf16:row,bf16:row,1,0,serial,1,1,heuristic,invalid,invalid,False,False,8,tensorop,f32,128,256,64,1,1,1,1,1,1,3,4,1,1,128,256,16,100,110,174063616,300721111040,1727,0.221306,732.514,1358850.0,0.54354
1,CUTLASS,gemm,cutlass3x_sm100_tensorop_gemm_bf16_bf16_f32_void_f32_128x128x64_2x1x1_0_tnt_align8_2sm_epi_tma,passed,success,universal,5120,7168,4096,bf16:row,bf16:column,void:row,f32:row,1,0,serial,1,1,heuristic,invalid,invalid,False,False,8,tensorop,f32,128,128,64,2,1,1,2,1,1,12,4,1,1,128,128,16,100,110,100663296,300721111040,2987,0.221411,423.42,1358200.0,0.54328
1,CUTLASS,gemm,cutlass3x_sm100_tensorop_gemm_bf16_bf16_f32_f32_f32_128x128x64_0x0x1_0_tnt_align8_2sm_epi_tma,passed,success,universal,5120,7168,4096,bf16:row,bf16:column,f32:row,f32:row,1,0,serial,1,1,heuristic,invalid,invalid,False,False,8,tensorop,f32,128,128,64,2,1,1,2,1,1,12,4,1,1,128,128,16,100,110,247463936,300721111040,1215,0.22161,1039.98,1356990.0,0.542796
1,CUTLASS,gemm,cutlass3x_sm100_tensorop_gemm_bf16_bf16_f32_f32_f32_128x128x64_2x1x1_0_tnt_align8_2sm_epi_tma,passed,success,universal,5120,7168,4096,bf16:row,bf16:column,f32:row,f32:row,1,0,serial,1,1,heuristic,invalid,invalid,False,False,8,tensorop,f32,128,128,64,2,1,1,2,1,1,12,4,1,1,128,128,16,100,110,247463936,300721111040,1215,0.221709,1039.51,1356380.0,0.542552
1,CUTLASS,gemm,cutlass3x_sm100_tensorop_gemm_bf16_bf16_f32_void_bf16_128x128x64_4x2x1_0_tnt_align8_2sm_epi_tma,passed,success,universal,5120,7168,4096,bf16:row,bf16:column,void:row,bf16:row,1,0,serial,1,1,heuristic,invalid,invalid,False,False,8,tensorop,f32,128,128,64,4,2,1,2,1,1,13,4,1,1,128,128,16,100,110,100663296,300721111040,2987,0.222227,421.866,1353210.0,0.541284
1,CUTLASS,gemm,cutlass3x_sm100_tensorop_gemm_bf16_bf16_f32_f32_f32_128x128x64_2x2x1_0_tnt_align8_2sm_epi_tma,passed,success,universal,5120,7168,4096,bf16:row,bf16:column,f32:row,f32:row,1,0,serial,1,1,heuristic,invalid,invalid,False,False,8,tensorop,f32,128,128,64,2,2,1,2,1,1,12,4,1,1,128,128,16,100,110,247463936,300721111040,1215,0.222838,1034.24,1349500.0,0.5398
1,CUTLASS,gemm,cutlass3x_sm100_tensorop_gemm_bf16_bf16_f32_void_bf16_128x128x64_0x0x1_0_tnt_align8_stream_k_2sm_epi_tma,passed,success,universal,5120,7168,4096,bf16:row,bf16:column,void:row,bf16:row,1,0,serial,1,1,heuristic,invalid,invalid,False,False,8,tensorop,f32,128,128,64,2,1,1,2,1,1,13,4,1,1,128,128,16,100,110,100663296,300721111040,2987,0.222845,420.696,1349460.0,0.539784
1,CUTLASS,gemm,cutlass3x_sm100_tensorop_gemm_bf16_bf16_f32_bf16_bf16_256x256x64_0x0x1_0_tnt_align8_stream_k_2sm,passed,success,universal,5120,7168,4096,bf16:row,bf16:column,bf16:row,bf16:row,1,0,serial,1,1,heuristic,invalid,invalid,False,False,8,tensorop,f32,256,256,64,2,1,1,2,1,1,5,4,1,1,256,256,16,100,110,174063616,300721111040,1727,0.223152,726.453,1347610.0,0.539044
1,CUTLASS,gemm,cutlass3x_sm100_tensorop_gemm_bf16_bf16_f32_void_f32_128x128x64_2x2x1_0_tnt_align8_2sm_epi_tma,passed,success,universal,5120,7168,4096,bf16:row,bf16:column,void:row,f32:row,1,0,serial,1,1,heuristic,invalid,invalid,False,False,8,tensorop,f32,128,128,64,2,2,1,2,1,1,12,4,1,1,128,128,16,100,110,100663296,300721111040,2987,0.22335,419.744,1346410.0,0.538564
1,CUTLASS,gemm,cutlass3x_sm100_tensorop_gemm_bf16_bf16_f32_void_bf16_128x128x64_2x1x1_0_tnt_align8_stream_k_2sm_epi_tma,passed,success,universal,5120,7168,4096,bf16:row,bf16:column,void:row,bf16:row,1,0,serial,1,1,heuristic,invalid,invalid,False,False,8,tensorop,f32,128,128,64,2,1,1,2,1,1,13,4,1,1,128,128,16,100,110,100663296,300721111040,2987,0.223386,419.678,1346200.0,0.53848
1,CUTLASS,gemm,cutlass3x_sm100_tensorop_gemm_bf16_bf16_f32_bf16_bf16_256x256x64_2x1x1_0_tnt_align8_stream_k_2sm,passed,success,universal,5120,7168,4096,bf16:row,bf16:column,bf16:row,bf16:row,1,0,serial,1,1,heuristic,invalid,invalid,False,False,8,tensorop,f32,256,256,64,2,1,1,2,1,1,5,4,1,1,256,256,16,100,110,174063616,300721111040,1727,0.223766,724.458,1343910.0,0.537564
1,CUTLASS,gemm,cutlass3x_sm100_tensorop_gemm_bf16_bf16_f32_void_f32_256x256x64_2x1x1_0_tnt_align8_stream_k_2sm,passed,success,universal,5120,7168,4096,bf16:row,bf16:column,void:row,f32:row,1,0,serial,1,1,heuristic,invalid,invalid,False,False,8,tensorop,f32,256,256,64,2,1,1,2,1,1,6,4,1,1,256,256,16,100,110,100663296,300721111040,2987,0.224307,417.954,1340670.0,0.536268
1,CUTLASS,gemm,cutlass3x_sm100_tensorop_gemm_bf16_bf16_f32_void_bf16_256x256x64_2x2x1_0_tnt_align8_stream_k_2sm,passed,success,universal,5120,7168,4096,bf16:row,bf16:column,void:row,bf16:row,1,0,serial,1,1,heuristic,invalid,invalid,False,False,8,tensorop,f32,256,256,64,2,2,1,2,1,1,6,4,1,1,256,256,16,100,110,100663296,300721111040,2987,0.224998,416.67,1336550.0,0.53462
1,CUTLASS,gemm,cutlass3x_sm100_tensorop_gemm_bf16_bf16_f32_bf16_bf16_128x128x64_2x1x1_0_tnt_align8_stream_k_2sm_epi_tma,passed,success,universal,5120,7168,4096,bf16:row,bf16:column,bf16:row,bf16:row,1,0,serial,1,1,heuristic,invalid,invalid,False,False,8,tensorop,f32,128,128,64,2,1,1,2,1,1,13,4,1,1,128,128,16,100,110,174063616,300721111040,1727,0.2252,719.846,1335350.0,0.53414
1,CUTLASS,gemm,cutlass3x_sm100_tensorop_gemm_bf16_bf16_f32_void_f32_256x256x64_0x0x1_0_tnt_align8_stream_k_2sm,passed,success,universal,5120,7168,4096,bf16:row,bf16:column,void:row,f32:row,1,0,serial,1,1,heuristic,invalid,invalid,False,False,8,tensorop,f32,256,256,64,2,1,1,2,1,1,6,4,1,1,256,256,16,100,110,100663296,300721111040,2987,0.225331,416.054,1334570.0,0.533828
1,CUTLASS,gemm,cutlass3x_sm100_tensorop_gemm_bf16_bf16_f32_bf16_bf16_128x256x64_1x2x1_0_tnt_align8_1sm,passed,success,universal,5120,7168,4096,bf16:row,bf16:column,bf16:row,bf16:row,1,0,serial,1,1,heuristic,invalid,invalid,False,False,8,tensorop,f32,128,256,64,1,2,1,1,1,1,3,4,1,1,128,256,16,100,110,174063616,300721111040,1727,0.225504,718.876,1333550.0,0.53342
1,CUTLASS,gemm,cutlass3x_sm100_tensorop_gemm_bf16_bf16_f32_bf16_bf16_128x128x64_0x0x1_0_tnt_align8_stream_k_2sm_epi_tma,passed,success,universal,5120,7168,4096,bf16:row,bf16:column,bf16:row,bf16:row,1,0,serial,1,1,heuristic,invalid,invalid,False,False,8,tensorop,f32,128,128,64,2,1,1,2,1,1,13,4,1,1,128,128,16,100,110,174063616,300721111040,1727,0.225811,717.898,1331740.0,0.532696
1,CUTLASS,gemm,cutlass3x_sm100_tensorop_gemm_bf16_bf16_f32_f32_f32_256x256x64_2x1x1_0_tnt_align8_stream_k_2sm,passed,success,universal,5120,7168,4096,bf16:row,bf16:column,f32:row,f32:row,1,0,serial,1,1,heuristic,invalid,invalid,False,False,8,tensorop,f32,256,256,64,2,1,1,2,1,1,5,4,1,1,256,256,16,100,110,247463936,300721111040,1215,0.22592,1020.13,1331100.0,0.53244
1,CUTLASS,gemm,cutlass3x_sm100_tensorop_gemm_bf16_bf16_f32_f32_f32_256x256x64_0x0x1_0_tnt_align8_stream_k_2sm,passed,success,universal,5120,7168,4096,bf16:row,bf16:column,f32:row,f32:row,1,0,serial,1,1,heuristic,invalid,invalid,False,False,8,tensorop,f32,256,256,64,2,1,1,2,1,1,5,4,1,1,256,256,16,100,110,247463936,300721111040,1215,0.22633,1018.29,1328690.0,0.531476
1,CUTLASS,gemm,cutlass3x_sm100_tensorop_gemm_bf16_bf16_f32_void_f32_128x256x64_0x0x1_0_tnt_align8_stream_k_1sm,passed,success,universal,5120,7168,4096,bf16:row,bf16:column,void:row,f32:row,1,0,serial,1,1,heuristic,invalid,invalid,False,False,8,tensorop,f32,128,256,64,1,1,1,1,1,1,4,4,1,1,128,256,16,100,110,100663296,300721111040,2987,0.227456,412.168,1322110.0,0.528844
1,CUTLASS,gemm,cutlass3x_sm100_tensorop_gemm_bf16_bf16_f32_void_f32_128x256x64_4x4x1_0_tnt_align8_1sm,passed,success,universal,5120,7168,4096,bf16:row,bf16:column,void:row,f32:row,1,0,serial,1,1,heuristic,invalid,invalid,False,False,8,tensorop,f32,128,256,64,4,4,1,1,1,1,4,4,1,1,128,256,16,100,110,100663296,300721111040,2987,0.228602,410.102,1315480.0,0.526192
1,CUTLASS,gemm,cutlass3x_sm100_tensorop_gemm_bf16_bf16_f32_void_f32_256x256x64_2x2x1_0_tnt_align8_stream_k_2sm,passed,success,universal,5120,7168,4096,bf16:row,bf16:column,void:row,f32:row,1,0,serial,1,1,heuristic,invalid,invalid,False,False,8,tensorop,f32,256,256,64,2,2,1,2,1,1,6,4,1,1,256,256,16,100,110,100663296,300721111040,2987,0.2296,408.319,1309760.0,0.523904
1,CUTLASS,gemm,cutlass3x_sm100_tensorop_gemm_bf16_bf16_f32_bf16_bf16_128x128x64_4x4x1_0_tnt_align8_2sm_epi_tma,passed,success,universal,5120,7168,4096,bf16:row,bf16:column,bf16:row,bf16:row,1,0,serial,1,1,heuristic,invalid,invalid,False,False,8,tensorop,f32,128,128,64,4,4,1,2,1,1,13,4,1,1,128,128,16,100,110,174063616,300721111040,1727,0.229603,706.041,1309740.0,0.523896
1,CUTLASS,gemm,cutlass3x_sm100_tensorop_gemm_bf16_bf16_f32_void_bf16_128x128x64_4x4x1_0_tnt_align8_2sm_epi_tma,passed,success,universal,5120,7168,4096,bf16:row,bf16:column,void:row,bf16:row,1,0,serial,1,1,heuristic,invalid,invalid,False,False,8,tensorop,f32,128,128,64,4,4,1,2,1,1,13,4,1,1,128,128,16,100,110,100663296,300721111040,2987,0.229939,407.716,1307830.0,0.523132
1,CUTLASS,gemm,cutlass3x_sm100_tensorop_gemm_bf16_bf16_f32_bf16_bf16_256x256x64_2x2x1_0_tnt_align8_stream_k_2sm,passed,success,universal,5120,7168,4096,bf16:row,bf16:column,bf16:row,bf16:row,1,0,serial,1,1,heuristic,invalid,invalid,False,False,8,tensorop,f32,256,256,64,2,2,1,2,1,1,5,4,1,1,256,256,16,100,110,174063616,300721111040,1727,0.23096,701.894,1302050.0,0.52082
1,CUTLASS,gemm,cutlass3x_sm100_tensorop_gemm_bf16_bf16_f32_f32_f32_128x128x64_2x4x1_0_tnt_align8_stream_k_2sm_epi_tma,passed,success,universal,5120,7168,4096,bf16:row,bf16:column,f32:row,f32:row,1,0,serial,1,1,heuristic,invalid,invalid,False,False,8,tensorop,f32,128,128,64,2,4,1,2,1,1,12,4,1,1,128,128,16,100,110,247463936,300721111040,1215,0.231651,994.896,1298160.0,0.519264
1,CUTLASS,gemm,cutlass3x_sm100_tensorop_gemm_bf16_bf16_f32_bf16_bf16_128x256x64_1x2x1_0_tnt_align8_stream_k_1sm,passed,success,universal,5120,7168,4096,bf16:row,bf16:column,bf16:row,bf16:row,1,0,serial,1,1,heuristic,invalid,invalid,False,False,8,tensorop,f32,128,256,64,1,2,1,1,1,1,3,4,1,1,128,256,16,100,110,174063616,300721111040,1727,0.231856,699.181,1297020.0,0.518808
1,CUTLASS,gemm,cutlass3x_sm100_tensorop_gemm_bf16_bf16_f32_f32_f32_128x128x64_2x4x1_0_tnt_align8_2sm_epi_tma,passed,success,universal,5120,7168,4096,bf16:row,bf16:column,f32:row,f32:row,1,0,serial,1,1,heuristic,invalid,invalid,False,False,8,tensorop,f32,128,128,64,2,4,1,2,1,1,12,4,1,1,128,128,16,100,110,247463936,300721111040,1215,0.232061,993.14,1295870.0,0.518348
1,CUTLASS,gemm,cutlass3x_sm100_tensorop_gemm_bf16_bf16_f32_void_f32_128x256x64_1x4x1_0_tnt_align8_stream_k_1sm,passed,success,universal,5120,7168,4096,bf16:row,bf16:column,void:row,f32:row,1,0,serial,1,1,heuristic,invalid,invalid,False,False,8,tensorop,f32,128,256,64,1,4,1,1,1,1,4,4,1,1,128,256,16,100,110,100663296,300721111040,2987,0.232573,403.1,1293020.0,0.517208
1,CUTLASS,gemm,cutlass3x_sm100_tensorop_gemm_bf16_bf16_f32_bf16_bf16_128x256x64_1x4x1_0_tnt_align8_1sm,passed,success,universal,5120,7168,4096,bf16:row,bf16:column,bf16:row,bf16:row,1,0,serial,1,1,heuristic,invalid,invalid,False,False,8,tensorop,f32,128,256,64,1,4,1,1,1,1,3,4,1,1,128,256,16,100,110,174063616,300721111040,1727,0.232778,696.413,1291880.0,0.516752
1,CUTLASS,gemm,cutlass3x_sm100_tensorop_gemm_bf16_bf16_f32_bf16_bf16_128x256x64_0x0x1_0_tnt_align8_stream_k_1sm,passed,success,universal,5120,7168,4096,bf16:row,bf16:column,bf16:row,bf16:row,1,0,serial,1,1,heuristic,invalid,invalid,False,False,8,tensorop,f32,128,256,64,1,1,1,1,1,1,3,4,1,1,128,256,16,100,110,174063616,300721111040,1727,0.23288,696.107,1291310.0,0.516524
1,CUTLASS,gemm,cutlass3x_sm100_tensorop_gemm_bf16_bf16_f32_void_f32_128x128x64_2x1x1_0_tnt_align8_stream_k_2sm_epi_tma,passed,success,universal,5120,7168,4096,bf16:row,bf16:column,void:row,f32:row,1,0,serial,1,1,heuristic,invalid,invalid,False,False,8,tensorop,f32,128,128,64,2,1,1,2,1,1,12,4,1,1,128,128,16,100,110,100663296,300721111040,2987,0.233392,401.685,1288480.0,0.515392
1,CUTLASS,gemm,cutlass3x_sm100_tensorop_gemm_bf16_bf16_f32_void_f32_128x128x64_0x0x1_0_tnt_align8_stream_k_2sm_epi_tma,passed,success,universal,5120,7168,4096,bf16:row,bf16:column,void:row,f32:row,1,0,serial,1,1,heuristic,invalid,invalid,False,False,8,tensorop,f32,128,128,64,2,1,1,2,1,1,12,4,1,1,128,128,16,100,110,100663296,300721111040,2987,0.23352,401.465,1287770.0,0.515108
1,CUTLASS,gemm,cutlass3x_sm100_tensorop_gemm_bf16_bf16_f32_void_f32_128x128x64_2x4x1_0_tnt_align8_2sm_epi_tma,passed,success,universal,5120,7168,4096,bf16:row,bf16:column,void:row,f32:row,1,0,serial,1,1,heuristic,invalid,invalid,False,False,8,tensorop,f32,128,128,64,2,4,1,2,1,1,12,4,1,1,128,128,16,100,110,100663296,300721111040,2987,0.234,400.641,1285130.0,0.514052
1,CUTLASS,gemm,cutlass3x_sm100_tensorop_gemm_bf16_bf16_f32_bf16_bf16_128x256x64_1x1x1_0_tnt_align8_stream_k_1sm,passed,success,universal,5120,7168,4096,bf16:row,bf16:column,bf16:row,bf16:row,1,0,serial,1,1,heuristic,invalid,invalid,False,False,8,tensorop,f32,128,256,64,1,1,1,1,1,1,3,4,1,1,128,256,16,100,110,174063616,300721111040,1727,0.234109,692.453,1284540.0,0.513816
1,CUTLASS,gemm,cutlass3x_sm100_tensorop_gemm_bf16_bf16_f32_f32_f32_256x256x64_2x2x1_0_tnt_align8_stream_k_2sm,passed,success,universal,5120,7168,4096,bf16:row,bf16:column,f32:row,f32:row,1,0,serial,1,1,heuristic,invalid,invalid,False,False,8,tensorop,f32,256,256,64,2,2,1,2,1,1,5,4,1,1,256,256,16,100,110,247463936,300721111040,1215,0.234237,983.914,1283830.0,0.513532
1,CUTLASS,gemm,cutlass3x_sm100_tensorop_gemm_bf16_bf16_f32_f32_f32_128x128x64_2x1x1_0_tnt_align8_stream_k_2sm_epi_tma,passed,success,universal,5120,7168,4096,bf16:row,bf16:column,f32:row,f32:row,1,0,serial,1,1,heuristic,invalid,invalid,False,False,8,tensorop,f32,128,128,64,2,1,1,2,1,1,12,4,1,1,128,128,16,100,110,247463936,300721111040,1215,0.234416,983.161,1282850.0,0.51314
1,CUTLASS,gemm,cutlass3x_sm100_tensorop_gemm_bf16_bf16_f32_bf16_bf16_128x128x64_4x4x1_0_tnt_align8_1sm,passed,success,universal,5120,7168,4096,bf16:row,bf16:column,bf16:row,bf16:row,1,0,serial,1,1,heuristic,invalid,invalid,False,False,8,tensorop,f32,128,128,64,4,4,1,1,1,1,6,4,1,1,128,128,16,100,110,174063616,300721111040,1727,0.234717,690.659,1281210.0,0.512484
1,CUTLASS,gemm,cutlass3x_sm100_tensorop_gemm_bf16_bf16_f32_f32_f32_128x128x64_4x2x1_0_tnt_align8_2sm_epi_tma,passed,success,universal,5120,7168,4096,bf16:row,bf16:column,f32:row,f32:row,1,0,serial,1,1,heuristic,invalid,invalid,False,False,8,tensorop,f32,128,128,64,4,2,1,2,1,1,12,4,1,1,128,128,16,100,110,247463936,300721111040,1215,0.235232,979.751,1278400.0,0.51136
1,CUTLASS,gemm,cutlass3x_sm100_tensorop_gemm_bf16_bf16_f32_f32_f32_128x128x64_0x0x1_0_tnt_align8_stream_k_2sm_epi_tma,passed,success,universal,5120,7168,4096,bf16:row,bf16:column,f32:row,f32:row,1,0,serial,1,1,heuristic,invalid,invalid,False,False,8,tensorop,f32,128,128,64,2,1,1,2,1,1,12,4,1,1,128,128,16,100,110,247463936,300721111040,1215,0.235539,978.473,1276730.0,0.510692
1,CUTLASS,gemm,cutlass3x_sm100_tensorop_gemm_bf16_bf16_f32_f32_f32_128x256x64_1x1x1_0_tnt_align8_1sm,passed,success,universal,5120,7168,4096,bf16:row,bf16:column,f32:row,f32:row,1,0,serial,1,1,heuristic,invalid,invalid,False,False,8,tensorop,f32,128,256,64,1,1,1,1,1,1,3,4,1,1,128,256,16,100,110,247463936,300721111040,1215,0.236995,972.462,1268890.0,0.507556
1,CUTLASS,gemm,cutlass3x_sm100_tensorop_gemm_bf16_bf16_f32_void_f32_128x128x64_2x4x1_0_tnt_align8_stream_k_2sm_epi_tma,passed,success,universal,5120,7168,4096,bf16:row,bf16:column,void:row,f32:row,1,0,serial,1,1,heuristic,invalid,invalid,False,False,8,tensorop,f32,128,128,64,2,4,1,2,1,1,12,4,1,1,128,128,16,100,110,100663296,300721111040,2987,0.237283,395.097,1267350.0,0.50694
1,CUTLASS,gemm,cutlass3x_sm100_tensorop_gemm_bf16_bf16_f32_bf16_bf16_128x128x64_4x4x1_0_tnt_align8_stream_k_1sm,passed,success,universal,5120,7168,4096,bf16:row,bf16:column,bf16:row,bf16:row,1,0,serial,1,1,heuristic,invalid,invalid,False,False,8,tensorop,f32,128,128,64,4,4,1,1,1,1,6,4,1,1,128,128,16,100,110,174063616,300721111040,1727,0.237795,681.718,1264620.0,0.505848
1,CUTLASS,gemm,cutlass3x_sm100_tensorop_gemm_bf16_bf16_f32_void_bf16_128x128x64_4x4x1_0_tnt_align8_1sm,passed,success,universal,5120,7168,4096,bf16:row,bf16:column,void:row,bf16:row,1,0,serial,1,1,heuristic,invalid,invalid,False,False,8,tensorop,f32,128,128,64,4,4,1,1,1,1,6,4,1,1,128,128,16,100,110,100663296,300721111040,2987,0.237923,394.035,1263940.0,0.505576
1,CUTLASS,gemm,cutlass3x_sm100_tensorop_gemm_bf16_bf16_f32_void_bf16_128x128x64_4x4x1_0_tnt_align8_stream_k_1sm,passed,success,universal,5120,7168,4096,bf16:row,bf16:column,void:row,bf16:row,1,0,serial,1,1,heuristic,invalid,invalid,False,False,8,tensorop,f32,128,128,64,4,4,1,1,1,1,6,4,1,1,128,128,16,100,110,100663296,300721111040,2987,0.238845,392.514,1259060.0,0.503624
1,CUTLASS,gemm,cutlass3x_sm100_tensorop_gemm_bf16_bf16_f32_bf16_bf16_256x128x64_2x2x1_0_tnt_align8_stream_k_2sm,passed,success,universal,5120,7168,4096,bf16:row,bf16:column,bf16:row,bf16:row,1,0,serial,1,1,heuristic,invalid,invalid,False,False,8,tensorop,f32,256,128,64,2,2,1,2,1,1,8,4,1,1,256,128,16,100,110,174063616,300721111040,1727,0.240051,675.312,1252740.0,0.501096
1,CUTLASS,gemm,cutlass3x_sm100_tensorop_gemm_bf16_bf16_f32_void_bf16_256x128x64_2x2x1_0_tnt_align8_stream_k_2sm,passed,success,universal,5120,7168,4096,bf16:row,bf16:column,void:row,bf16:row,1,0,serial,1,1,heuristic,invalid,invalid,False,False,8,tensorop,f32,256,128,64,2,2,1,2,1,1,8,4,1,1,256,128,16,100,110,100663296,300721111040,2987,0.240355,390.048,1251150.0,0.50046
1,CUTLASS,gemm,cutlass3x_sm100_tensorop_gemm_bf16_bf16_f32_f32_f32_128x256x64_0x0x1_0_tnt_align8_1sm,passed,success,universal,5120,7168,4096,bf16:row,bf16:column,f32:row,f32:row,1,0,serial,1,1,heuristic,invalid,invalid,False,False,8,tensorop,f32,128,256,64,1,1,1,1,1,1,3,4,1,1,128,256,16,100,110,247463936,300721111040,1215,0.24079,957.134,1248890.0,0.499556
1,CUTLASS,gemm,cutlass3x_sm100_tensorop_gemm_bf16_bf16_f32_void_f32_128x128x64_4x2x1_0_tnt_align8_2sm_epi_tma,passed,success,universal,5120,7168,4096,bf16:row,bf16:column,void:row,f32:row,1,0,serial,1,1,heuristic,invalid,invalid,False,False,8,tensorop,f32,128,128,64,4,2,1,2,1,1,12,4,1,1,128,128,16,100,110,100663296,300721111040,2987,0.241376,388.398,1245860.0,0.498344
1,CUTLASS,gemm,cutlass3x_sm100_tensorop_gemm_bf16_bf16_f32_f32_f32_128x256x64_1x2x1_0_tnt_align8_stream_k_1sm,passed,success,universal,5120,7168,4096,bf16:row,bf16:column,f32:row,f32:row,1,0,serial,1,1,heuristic,invalid,invalid,False,False,8,tensorop,f32,128,256,64,1,2,1,1,1,1,3,4,1,1,128,256,16,100,110,247463936,300721111040,1215,0.242093,951.985,1242170.0,0.496868
1,CUTLASS,gemm,cutlass3x_sm100_tensorop_gemm_bf16_bf16_f32_f32_f32_128x256x64_1x2x1_0_tnt_align8_1sm,passed,success,universal,5120,7168,4096,bf16:row,bf16:column,f32:row,f32:row,1,0,serial,1,1,heuristic,invalid,invalid,False,False,8,tensorop,f32,128,256,64,1,2,1,1,1,1,3,4,1,1,128,256,16,100,110,247463936,300721111040,1215,0.243862,945.077,1233160.0,0.493264
1,CUTLASS,gemm,cutlass3x_sm100_tensorop_gemm_bf16_bf16_f32_void_bf16_128x256x64_4x1x1_0_tnt_align8_stream_k_2sm_epi_tma,passed,success,universal,5120,7168,4096,bf16:row,bf16:column,void:row,bf16:row,1,0,serial,1,1,heuristic,invalid,invalid,False,False,8,tensorop,f32,128,256,64,4,1,1,2,1,1,8,4,1,1,128,256,16,100,110,100663296,300721111040,2987,0.244144,383.995,1231740.0,0.492696
1,CUTLASS,gemm,cutlass3x_sm100_tensorop_gemm_bf16_bf16_f32_bf16_bf16_128x256x64_4x1x1_0_tnt_align8_stream_k_2sm_epi_tma,passed,success,universal,5120,7168,4096,bf16:row,bf16:column,bf16:row,bf16:row,1,0,serial,1,1,heuristic,invalid,invalid,False,False,8,tensorop,f32,128,256,64,4,1,1,2,1,1,8,4,1,1,128,256,16,100,110,174063616,300721111040,1727,0.24415,663.973,1231700.0,0.49268
1,CUTLASS,gemm,cutlass3x_sm100_tensorop_gemm_bf16_bf16_f32_f32_f32_128x256x64_0x0x1_0_tnt_align8_stream_k_1sm,passed,success,universal,5120,7168,4096,bf16:row,bf16:column,f32:row,f32:row,1,0,serial,1,1,heuristic,invalid,invalid,False,False,8,tensorop,f32,128,256,64,1,1,1,1,1,1,3,4,1,1,128,256,16,100,110,247463936,300721111040,1215,0.244787,941.507,1228500.0,0.4914
1,CUTLASS,gemm,cutlass3x_sm100_tensorop_gemm_bf16_bf16_f32_f32_f32_128x256x64_1x1x1_0_tnt_align8_stream_k_1sm,passed,success,universal,5120,7168,4096,bf16:row,bf16:column,f32:row,f32:row,1,0,serial,1,1,heuristic,invalid,invalid,False,False,8,tensorop,f32,128,256,64,1,1,1,1,1,1,3,4,1,1,128,256,16,100,110,247463936,300721111040,1215,0.245472,938.88,1225070.0,0.490028
1,CUTLASS,gemm,cutlass3x_sm100_tensorop_gemm_bf16_bf16_f32_f32_f32_256x128x64_2x2x1_0_tnt_align8_stream_k_2sm,passed,success,universal,5120,7168,4096,bf16:row,bf16:column,f32:row,f32:row,1,0,serial,1,1,heuristic,invalid,invalid,False,False,8,tensorop,f32,256,128,64,2,2,1,2,1,1,8,4,1,1,256,128,16,100,110,247463936,300721111040,1215,0.247117,932.631,1216920.0,0.486768
1,CUTLASS,gemm,cutlass3x_sm100_tensorop_gemm_bf16_bf16_f32_void_bf16_128x128x64_4x1x1_0_tnt_align8_stream_k_2sm_epi_tma,passed,success,universal,5120,7168,4096,bf16:row,bf16:column,void:row,bf16:row,1,0,serial,1,1,heuristic,invalid,invalid,False,False,8,tensorop,f32,128,128,64,4,1,1,2,1,1,13,4,1,1,128,128,16,100,110,100663296,300721111040,2987,0.247648,378.562,1214310.0,0.485724
1,CUTLASS,gemm,cutlass3x_sm100_tensorop_gemm_bf16_bf16_f32_f32_f32_128x128x64_4x4x1_0_tnt_align8_1sm,passed,success,universal,5120,7168,4096,bf16:row,bf16:column,f32:row,f32:row,1,0,serial,1,1,heuristic,invalid,invalid,False,False,8,tensorop,f32,128,128,64,4,4,1,1,1,1,6,4,1,1,128,128,16,100,110,247463936,300721111040,1215,0.248032,929.19,1212430.0,0.484972
1,CUTLASS,gemm,cutlass3x_sm100_tensorop_gemm_bf16_bf16_f32_void_f32_256x128x64_2x2x1_0_tnt_align8_stream_k_2sm,passed,success,universal,5120,7168,4096,bf16:row,bf16:column,void:row,f32:row,1,0,serial,1,1,heuristic,invalid,invalid,False,False,8,tensorop,f32,256,128,64,2,2,1,2,1,1,8,4,1,1,256,128,16,100,110,100663296,300721111040,2987,0.249574,375.639,1204940.0,0.481976
1,CUTLASS,gemm,cutlass3x_sm100_tensorop_gemm_bf16_bf16_f32_void_bf16_256x256x64_2x4x1_0_tnt_align8_stream_k_2sm,passed,success,universal,5120,7168,4096,bf16:row,bf16:column,void:row,bf16:row,1,0,serial,1,1,heuristic,invalid,invalid,False,False,8,tensorop,f32,256,256,64,2,4,1,2,1,1,6,4,1,1,256,256,16,100,110,100663296,300721111040,2987,0.250416,374.377,1200890.0,0.480356
1,CUTLASS,gemm,cutlass3x_sm100_tensorop_gemm_bf16_bf16_f32_bf16_bf16_128x128x64_4x1x1_0_tnt_align8_stream_k_2sm_epi_tma,passed,success,universal,5120,7168,4096,bf16:row,bf16:column,bf16:row,bf16:row,1,0,serial,1,1,heuristic,invalid,invalid,False,False,8,tensorop,f32,128,128,64,4,1,1,2,1,1,13,4,1,1,128,128,16,100,110,174063616,300721111040,1727,0.250598,646.889,1200010.0,0.480004
1,CUTLASS,gemm,cutlass3x_sm100_tensorop_gemm_bf16_bf16_f32_f32_f32_128x128x64_4x4x1_0_tnt_align8_stream_k_1sm,passed,success,universal,5120,7168,4096,bf16:row,bf16:column,f32:row,f32:row,1,0,serial,1,1,heuristic,invalid,invalid,False,False,8,tensorop,f32,128,128,64,4,4,1,1,1,1,6,4,1,1,128,128,16,100,110,247463936,300721111040,1215,0.251818,915.221,1194200.0,0.47768
1,CUTLASS,gemm,cutlass3x_sm100_tensorop_gemm_bf16_bf16_f32_f32_f32_128x256x64_1x4x1_0_tnt_align8_1sm,passed,success,universal,5120,7168,4096,bf16:row,bf16:column,f32:row,f32:row,1,0,serial,1,1,heuristic,invalid,invalid,False,False,8,tensorop,f32,128,256,64,1,4,1,1,1,1,3,4,1,1,128,256,16,100,110,247463936,300721111040,1215,0.251821,915.209,1194190.0,0.477676
1,CUTLASS,gemm,cutlass3x_sm100_tensorop_gemm_bf16_bf16_f32_f32_f32_128x128x64_4x4x1_0_tnt_align8_2sm_epi_tma,passed,success,universal,5120,7168,4096,bf16:row,bf16:column,f32:row,f32:row,1,0,serial,1,1,heuristic,invalid,invalid,False,False,8,tensorop,f32,128,128,64,4,4,1,2,1,1,12,4,1,1,128,128,16,100,110,247463936,300721111040,1215,0.252362,913.248,1191630.0,0.476652
1,CUTLASS,gemm,cutlass3x_sm100_tensorop_gemm_bf16_bf16_f32_f32_f32_128x256x64_4x1x1_0_tnt_align8_stream_k_2sm_epi_tma,passed,success,universal,5120,7168,4096,bf16:row,bf16:column,f32:row,f32:row,1,0,serial,1,1,heuristic,invalid,invalid,False,False,8,tensorop,f32,128,256,64,4,1,1,2,1,1,8,4,1,1,128,256,16,100,110,247463936,300721111040,1215,0.253459,909.293,1186470.0,0.474588
1,CUTLASS,gemm,cutlass3x_sm100_tensorop_gemm_bf16_bf16_f32_void_f32_128x256x64_4x1x1_0_tnt_align8_stream_k_2sm_epi_tma,passed,success,universal,5120,7168,4096,bf16:row,bf16:column,void:row,f32:row,1,0,serial,1,1,heuristic,invalid,invalid,False,False,8,tensorop,f32,128,256,64,4,1,1,2,1,1,8,4,1,1,128,256,16,100,110,100663296,300721111040,2987,0.253594,369.686,1185840.0,0.474336
1,CUTLASS,gemm,cutlass3x_sm100_tensorop_gemm_bf16_bf16_f32_void_f32_256x256x64_2x4x1_0_tnt_align8_stream_k_2sm,passed,success,universal,5120,7168,4096,bf16:row,bf16:column,void:row,f32:row,1,0,serial,1,1,heuristic,invalid,invalid,False,False,8,tensorop,f32,256,256,64,2,4,1,2,1,1,6,4,1,1,256,256,16,100,110,100663296,300721111040,2987,0.254512,368.352,1181560.0,0.472624
1,CUTLASS,gemm,cutlass3x_sm100_tensorop_gemm_bf16_bf16_f32_void_f32_128x128x64_4x4x1_0_tnt_align8_1sm,passed,success,universal,5120,7168,4096,bf16:row,bf16:column,void:row,f32:row,1,0,serial,1,1,heuristic,invalid,invalid,False,False,8,tensorop,f32,128,128,64,4,4,1,1,1,1,6,4,1,1,128,128,16,100,110,100663296,300721111040,2987,0.255098,367.506,1178850.0,0.47154
1,CUTLASS,gemm,cutlass3x_sm100_tensorop_gemm_bf16_bf16_f32_bf16_bf16_128x256x64_1x4x1_0_tnt_align8_stream_k_1sm,passed,success,universal,5120,7168,4096,bf16:row,bf16:column,bf16:row,bf16:row,1,0,serial,1,1,heuristic,invalid,invalid,False,False,8,tensorop,f32,128,256,64,1,4,1,1,1,1,3,4,1,1,128,256,16,100,110,174063616,300721111040,1727,0.255507,634.461,1176960.0,0.470784
1,CUTLASS,gemm,cutlass3x_sm100_tensorop_gemm_bf16_bf16_f32_void_f32_128x128x64_4x4x1_0_tnt_align8_stream_k_1sm,passed,success,universal,5120,7168,4096,bf16:row,bf16:column,void:row,f32:row,1,0,serial,1,1,heuristic,invalid,invalid,False,False,8,tensorop,f32,128,128,64,4,4,1,1,1,1,6,4,1,1,128,128,16,100,110,100663296,300721111040,2987,0.25584,366.44,1175430.0,0.470172
1,CUTLASS,gemm,cutlass3x_sm100_tensorop_gemm_bf16_bf16_f32_bf16_bf16_256x256x64_2x4x1_0_tnt_align8_stream_k_2sm,passed,success,universal,5120,7168,4096,bf16:row,bf16:column,bf16:row,bf16:row,1,0,serial,1,1,heuristic,invalid,invalid,False,False,8,tensorop,f32,256,256,64,2,4,1,2,1,1,5,4,1,1,256,256,16,100,110,174063616,300721111040,1727,0.256739,631.417,1171310.0,0.468524
1,CUTLASS,gemm,cutlass3x_sm100_tensorop_gemm_bf16_bf16_f32_void_f32_128x128x64_4x4x1_0_tnt_align8_2sm_epi_tma,passed,success,universal,5120,7168,4096,bf16:row,bf16:column,void:row,f32:row,1,0,serial,1,1,heuristic,invalid,invalid,False,False,8,tensorop,f32,128,128,64,4,4,1,2,1,1,12,4,1,1,128,128,16,100,110,100663296,300721111040,2987,0.258912,362.092,1161480.0,0.464592
1,CUTLASS,gemm,cutlass3x_sm100_tensorop_gemm_bf16_bf16_f32_void_f32_128x128x64_4x1x1_0_tnt_align8_stream_k_2sm_epi_tma,passed,success,universal,5120,7168,4096,bf16:row,bf16:column,void:row,f32:row,1,0,serial,1,1,heuristic,invalid,invalid,False,False,8,tensorop,f32,128,128,64,4,1,1,2,1,1,12,4,1,1,128,128,16,100,110,100663296,300721111040,2987,0.260528,359.846,1154280.0,0.461712
1,CUTLASS,gemm,cutlass3x_sm100_tensorop_gemm_bf16_bf16_f32_f32_f32_128x128x64_4x1x1_0_tnt_align8_stream_k_2sm_epi_tma,passed,success,universal,5120,7168,4096,bf16:row,bf16:column,f32:row,f32:row,1,0,serial,1,1,heuristic,invalid,invalid,False,False,8,tensorop,f32,128,128,64,4,1,1,2,1,1,12,4,1,1,128,128,16,100,110,247463936,300721111040,1215,0.262096,879.33,1147370.0,0.458948
1,CUTLASS,gemm,cutlass3x_sm100_tensorop_gemm_bf16_bf16_f32_f32_f32_256x256x64_2x4x1_0_tnt_align8_stream_k_2sm,passed,success,universal,5120,7168,4096,bf16:row,bf16:column,f32:row,f32:row,1,0,serial,1,1,heuristic,invalid,invalid,False,False,8,tensorop,f32,256,256,64,2,4,1,2,1,1,5,4,1,1,256,256,16,100,110,247463936,300721111040,1215,0.262602,877.637,1145160.0,0.458064
1,CUTLASS,gemm,cutlass3x_sm100_tensorop_gemm_bf16_bf16_f32_void_bf16_256x128x64_2x4x1_0_tnt_align8_stream_k_2sm,passed,success,universal,5120,7168,4096,bf16:row,bf16:column,void:row,bf16:row,1,0,serial,1,1,heuristic,invalid,invalid,False,False,8,tensorop,f32,256,128,64,2,4,1,2,1,1,8,4,1,1,256,128,16,100,110,100663296,300721111040,2987,0.26319,356.206,1142600.0,0.45704
1,CUTLASS,gemm,cutlass3x_sm100_tensorop_gemm_bf16_bf16_f32_bf16_bf16_256x128x64_2x4x1_0_tnt_align8_stream_k_2sm,passed,success,universal,5120,7168,4096,bf16:row,bf16:column,bf16:row,bf16:row,1,0,serial,1,1,heuristic,invalid,invalid,False,False,8,tensorop,f32,256,128,64,2,4,1,2,1,1,8,4,1,1,256,128,16,100,110,174063616,300721111040,1727,0.265261,611.132,1133680.0,0.453472
1,CUTLASS,gemm,cutlass3x_sm100_tensorop_gemm_bf16_bf16_f32_bf16_bf16_128x256x64_4x4x1_0_tnt_align8_1sm,passed,success,universal,5120,7168,4096,bf16:row,bf16:column,bf16:row,bf16:row,1,0,serial,1,1,heuristic,invalid,invalid,False,False,8,tensorop,f32,128,256,64,4,4,1,1,1,1,3,4,1,1,128,256,16,100,110,174063616,300721111040,1727,0.26751,605.993,1124150.0,0.44966
1,CUTLASS,gemm,cutlass3x_sm100_tensorop_gemm_bf16_bf16_f32_void_bf16_128x256x64_4x2x1_0_tnt_align8_stream_k_2sm_epi_tma,passed,success,universal,5120,7168,4096,bf16:row,bf16:column,void:row,bf16:row,1,0,serial,1,1,heuristic,invalid,invalid,False,False,8,tensorop,f32,128,256,64,4,2,1,2,1,1,8,4,1,1,128,256,16,100,110,100663296,300721111040,2987,0.26793,349.905,1122390.0,0.448956
1,CUTLASS,gemm,cutlass3x_sm100_tensorop_gemm_bf16_bf16_f32_bf16_bf16_128x256x64_4x2x1_0_tnt_align8_stream_k_2sm_epi_tma,passed,success,universal,5120,7168,4096,bf16:row,bf16:column,bf16:row,bf16:row,1,0,serial,1,1,heuristic,invalid,invalid,False,False,8,tensorop,f32,128,256,64,4,2,1,2,1,1,8,4,1,1,128,256,16,100,110,174063616,300721111040,1727,0.268749,603.2,1118970.0,0.447588
1,CUTLASS,gemm,cutlass3x_sm100_tensorop_gemm_bf16_bf16_f32_f32_f32_128x256x64_1x4x1_0_tnt_align8_stream_k_1sm,passed,success,universal,5120,7168,4096,bf16:row,bf16:column,f32:row,f32:row,1,0,serial,1,1,heuristic,invalid,invalid,False,False,8,tensorop,f32,128,256,64,1,4,1,1,1,1,3,4,1,1,128,256,16,100,110,247463936,300721111040,1215,0.269741,854.408,1114850.0,0.44594
1,CUTLASS,gemm,cutlass3x_sm100_tensorop_gemm_bf16_bf16_f32_f32_f32_256x128x64_2x4x1_0_tnt_align8_stream_k_2sm,passed,success,universal,5120,7168,4096,bf16:row,bf16:column,f32:row,f32:row,1,0,serial,1,1,heuristic,invalid,invalid,False,False,8,tensorop,f32,256,128,64,2,4,1,2,1,1,8,4,1,1,256,128,16,100,110,247463936,300721111040,1215,0.271482,848.93,1107700.0,0.44308
1,CUTLASS,gemm,cutlass3x_sm100_tensorop_gemm_bf16_bf16_f32_void_f32_256x128x64_2x4x1_0_tnt_align8_stream_k_2sm,passed,success,universal,5120,7168,4096,bf16:row,bf16:column,void:row,f32:row,1,0,serial,1,1,heuristic,invalid,invalid,False,False,8,tensorop,f32,256,128,64,2,4,1,2,1,1,8,4,1,1,256,128,16,100,110,100663296,300721111040,2987,0.275274,340.57,1092440.0,0.436976
1,CUTLASS,gemm,cutlass3x_sm100_tensorop_gemm_bf16_bf16_f32_f32_f32_128x256x64_4x2x1_0_tnt_align8_stream_k_2sm_epi_tma,passed,success,universal,5120,7168,4096,bf16:row,bf16:column,f32:row,f32:row,1,0,serial,1,1,heuristic,invalid,invalid,False,False,8,tensorop,f32,128,256,64,4,2,1,2,1,1,8,4,1,1,128,256,16,100,110,247463936,300721111040,1215,0.275814,835.594,1090300.0,0.43612
1,CUTLASS,gemm,cutlass3x_sm100_tensorop_gemm_bf16_bf16_f32_bf16_bf16_64x128x64_1x2x1_0_tnt_align8_stream_k_1sm,passed,success,universal,5120,7168,4096,bf16:row,bf16:column,bf16:row,bf16:row,1,0,serial,1,1,heuristic,invalid,invalid,False,False,8,tensorop,f32,64,128,64,1,2,1,1,1,1,8,4,1,1,64,128,16,100,110,174063616,300721111040,1727,0.27735,584.493,1084260.0,0.433704
1,CUTLASS,gemm,cutlass3x_sm100_tensorop_gemm_bf16_bf16_f32_void_f32_128x256x64_4x2x1_0_tnt_align8_stream_k_2sm_epi_tma,passed,success,universal,5120,7168,4096,bf16:row,bf16:column,void:row,f32:row,1,0,serial,1,1,heuristic,invalid,invalid,False,False,8,tensorop,f32,128,256,64,4,2,1,2,1,1,8,4,1,1,128,256,16,100,110,100663296,300721111040,2987,0.278346,336.811,1080390.0,0.432156
1,CUTLASS,gemm,cutlass3x_sm100_tensorop_gemm_bf16_bf16_f32_void_bf16_64x128x64_1x2x1_0_tnt_align8_stream_k_1sm,passed,success,universal,5120,7168,4096,bf16:row,bf16:column,void:row,bf16:row,1,0,serial,1,1,heuristic,invalid,invalid,False,False,8,tensorop,f32,64,128,64,1,2,1,1,1,1,8,4,1,1,64,128,16,100,110,100663296,300721111040,2987,0.279498,335.423,1075930.0,0.430372
1,CUTLASS,gemm,cutlass3x_sm100_tensorop_gemm_bf16_bf16_f32_bf16_bf16_128x256x64_4x4x1_0_tnt_align8_stream_k_2sm_epi_tma,passed,success,universal,5120,7168,4096,bf16:row,bf16:column,bf16:row,bf16:row,1,0,serial,1,1,heuristic,invalid,invalid,False,False,8,tensorop,f32,128,256,64,4,4,1,2,1,1,8,4,1,1,128,256,16,100,110,174063616,300721111040,1727,0.281318,576.249,1068970.0,0.427588
1,CUTLASS,gemm,cutlass3x_sm100_tensorop_gemm_bf16_bf16_f32_void_bf16_128x256x64_4x4x1_0_tnt_align8_stream_k_2sm_epi_tma,passed,success,universal,5120,7168,4096,bf16:row,bf16:column,void:row,bf16:row,1,0,serial,1,1,heuristic,invalid,invalid,False,False,8,tensorop,f32,128,256,64,4,4,1,2,1,1,8,4,1,1,128,256,16,100,110,100663296,300721111040,2987,0.281827,332.651,1067040.0,0.426816
1,CUTLASS,gemm,cutlass3x_sm100_tensorop_gemm_bf16_bf16_f32_bf16_bf16_64x128x64_1x2x1_0_tnt_align8_1sm,passed,success,universal,5120,7168,4096,bf16:row,bf16:column,bf16:row,bf16:row,1,0,serial,1,1,heuristic,invalid,invalid,False,False,8,tensorop,f32,64,128,64,1,2,1,1,1,1,8,4,1,1,64,128,16,100,110,174063616,300721111040,1727,0.282541,573.756,1064350.0,0.42574
1,CUTLASS,gemm,cutlass3x_sm100_tensorop_gemm_bf16_bf16_f32_bf16_bf16_64x128x64_1x1x1_0_tnt_align8_1sm,passed,success,universal,5120,7168,4096,bf16:row,bf16:column,bf16:row,bf16:row,1,0,serial,1,1,heuristic,invalid,invalid,False,False,8,tensorop,f32,64,128,64,1,1,1,1,1,1,8,4,1,1,64,128,16,100,110,174063616,300721111040,1727,0.282848,573.132,1063190.0,0.425276
1,CUTLASS,gemm,cutlass3x_sm100_tensorop_gemm_bf16_bf16_f32_f32_f32_64x128x64_1x2x1_0_tnt_align8_stream_k_1sm,passed,success,universal,5120,7168,4096,bf16:row,bf16:column,f32:row,f32:row,1,0,serial,1,1,heuristic,invalid,invalid,False,False,8,tensorop,f32,64,128,64,1,2,1,1,1,1,8,4,1,1,64,128,16,100,110,247463936,300721111040,1215,0.283286,813.554,1061540.0,0.424616
1,CUTLASS,gemm,cutlass3x_sm100_tensorop_gemm_bf16_bf16_f32_void_bf16_64x128x64_1x2x1_0_tnt_align8_1sm,passed,success,universal,5120,7168,4096,bf16:row,bf16:column,void:row,bf16:row,1,0,serial,1,1,heuristic,invalid,invalid,False,False,8,tensorop,f32,64,128,64,1,2,1,1,1,1,8,4,1,1,64,128,16,100,110,100663296,300721111040,2987,0.283667,330.493,1060120.0,0.424048
1,CUTLASS,gemm,cutlass3x_sm100_tensorop_gemm_bf16_bf16_f32_f32_f32_128x256x64_4x4x1_0_tnt_align8_1sm,passed,success,universal,5120,7168,4096,bf16:row,bf16:column,f32:row,f32:row,1,0,serial,1,1,heuristic,invalid,invalid,False,False,8,tensorop,f32,128,256,64,4,4,1,1,1,1,3,4,1,1,128,256,16,100,110,247463936,300721111040,1215,0.283805,812.068,1059610.0,0.423844
1,CUTLASS,gemm,cutlass3x_sm100_tensorop_gemm_bf16_bf16_f32_void_bf16_64x128x64_1x1x1_0_tnt_align8_1sm,passed,success,universal,5120,7168,4096,bf16:row,bf16:column,void:row,bf16:row,1,0,serial,1,1,heuristic,invalid,invalid,False,False,8,tensorop,f32,64,128,64,1,1,1,1,1,1,8,4,1,1,64,128,16,100,110,100663296,300721111040,2987,0.284278,329.782,1057840.0,0.423136
1,CUTLASS,gemm,cutlass3x_sm100_tensorop_gemm_bf16_bf16_f32_void_bf16_256x256x64_4x1x1_0_tnt_align8_stream_k_2sm,passed,success,universal,5120,7168,4096,bf16:row,bf16:column,void:row,bf16:row,1,0,serial,1,1,heuristic,invalid,invalid,False,False,8,tensorop,f32,256,256,64,4,1,1,2,1,1,6,4,1,1,256,256,16,100,110,100663296,300721111040,2987,0.285232,328.68,1054300.0,0.42172
1,CUTLASS,gemm,cutlass3x_sm100_tensorop_gemm_bf16_bf16_f32_bf16_bf16_64x128x64_0x0x1_0_tnt_align8_1sm,passed,success,universal,5120,7168,4096,bf16:row,bf16:column,bf16:row,bf16:row,1,0,serial,1,1,heuristic,invalid,invalid,False,False,8,tensorop,f32,64,128,64,1,1,1,1,1,1,8,4,1,1,64,128,16,100,110,174063616,300721111040,1727,0.285578,567.654,1053030.0,0.421212
1,CUTLASS,gemm,cutlass3x_sm100_tensorop_gemm_bf16_bf16_f32_void_bf16_64x128x64_0x0x1_0_tnt_align8_1sm,passed,success,universal,5120,7168,4096,bf16:row,bf16:column,void:row,bf16:row,1,0,serial,1,1,heuristic,invalid,invalid,False,False,8,tensorop,f32,64,128,64,1,1,1,1,1,1,8,4,1,1,64,128,16,100,110,100663296,300721111040,2987,0.286534,327.186,1049510.0,0.419804
1,CUTLASS,gemm,cutlass3x_sm100_tensorop_gemm_bf16_bf16_f32_void_f32_64x128x64_1x2x1_0_tnt_align8_stream_k_1sm,passed,success,universal,5120,7168,4096,bf16:row,bf16:column,void:row,f32:row,1,0,serial,1,1,heuristic,invalid,invalid,False,False,8,tensorop,f32,64,128,64,1,2,1,1,1,1,8,4,1,1,64,128,16,100,110,100663296,300721111040,2987,0.287664,325.901,1045390.0,0.418156
1,CUTLASS,gemm,cutlass3x_sm100_tensorop_gemm_bf16_bf16_f32_void_bf16_64x128x64_1x1x1_0_tnt_align8_stream_k_1sm,passed,success,universal,5120,7168,4096,bf16:row,bf16:column,void:row,bf16:row,1,0,serial,1,1,heuristic,invalid,invalid,False,False,8,tensorop,f32,64,128,64,1,1,1,1,1,1,8,4,1,1,64,128,16,100,110,100663296,300721111040,2987,0.290048,323.222,1036800.0,0.41472
1,CUTLASS,gemm,cutlass3x_sm100_tensorop_gemm_bf16_bf16_f32_bf16_bf16_64x128x64_1x4x1_0_tnt_align8_stream_k_1sm,passed,success,universal,5120,7168,4096,bf16:row,bf16:column,bf16:row,bf16:row,1,0,serial,1,1,heuristic,invalid,invalid,False,False,8,tensorop,f32,64,128,64,1,4,1,1,1,1,8,4,1,1,64,128,16,100,110,174063616,300721111040,1727,0.290765,557.527,1034240.0,0.413696
1,CUTLASS,gemm,cutlass3x_sm100_tensorop_gemm_bf16_bf16_f32_f32_f32_128x256x64_4x4x1_0_tnt_align8_stream_k_2sm_epi_tma,passed,success,universal,5120,7168,4096,bf16:row,bf16:column,f32:row,f32:row,1,0,serial,1,1,heuristic,invalid,invalid,False,False,8,tensorop,f32,128,256,64,4,4,1,2,1,1,8,4,1,1,128,256,16,100,110,247463936,300721111040,1215,0.291347,791.045,1032170.0,0.412868
1,CUTLASS,gemm,cutlass3x_sm100_tensorop_gemm_bf16_bf16_f32_void_f32_256x256x64_4x1x1_0_tnt_align8_stream_k_2sm,passed,success,universal,5120,7168,4096,bf16:row,bf16:column,void:row,f32:row,1,0,serial,1,1,heuristic,invalid,invalid,False,False,8,tensorop,f32,256,256,64,4,1,1,2,1,1,6,4,1,1,256,256,16,100,110,100663296,300721111040,2987,0.291789,321.294,1030610.0,0.412244
1,CUTLASS,gemm,cutlass3x_sm100_tensorop_gemm_bf16_bf16_f32_bf16_bf16_64x128x64_1x4x1_0_tnt_align8_1sm,passed,success,universal,5120,7168,4096,bf16:row,bf16:column,bf16:row,bf16:row,1,0,serial,1,1,heuristic,invalid,invalid,False,False,8,tensorop,f32,64,128,64,1,4,1,1,1,1,8,4,1,1,64,128,16,100,110,174063616,300721111040,1727,0.292272,554.652,1028910.0,0.411564
1,CUTLASS,gemm,cutlass3x_sm100_tensorop_gemm_bf16_bf16_f32_void_bf16_64x128x64_1x4x1_0_tnt_align8_stream_k_1sm,passed,success,universal,5120,7168,4096,bf16:row,bf16:column,void:row,bf16:row,1,0,serial,1,1,heuristic,invalid,invalid,False,False,8,tensorop,f32,64,128,64,1,4,1,1,1,1,8,4,1,1,64,128,16,100,110,100663296,300721111040,2987,0.292509,320.503,1028080.0,0.411232
1,CUTLASS,gemm,cutlass3x_sm100_tensorop_gemm_bf16_bf16_f32_void_f32_128x256x64_4x4x1_0_tnt_align8_stream_k_2sm_epi_tma,passed,success,universal,5120,7168,4096,bf16:row,bf16:column,void:row,f32:row,1,0,serial,1,1,heuristic,invalid,invalid,False,False,8,tensorop,f32,128,256,64,4,4,1,2,1,1,8,4,1,1,128,256,16,100,110,100663296,300721111040,2987,0.293197,319.751,1025660.0,0.410264
1,CUTLASS,gemm,cutlass3x_sm100_tensorop_gemm_bf16_bf16_f32_f32_f32_64x128x64_1x2x1_0_tnt_align8_1sm,passed,success,universal,5120,7168,4096,bf16:row,bf16:column,f32:row,f32:row,1,0,serial,1,1,heuristic,invalid,invalid,False,False,8,tensorop,f32,64,128,64,1,2,1,1,1,1,8,4,1,1,64,128,16,100,110,247463936,300721111040,1215,0.2936,784.975,1024250.0,0.4097
1,CUTLASS,gemm,cutlass3x_sm100_tensorop_gemm_bf16_bf16_f32_void_bf16_64x128x64_1x4x1_0_tnt_align8_1sm,passed,success,universal,5120,7168,4096,bf16:row,bf16:column,void:row,bf16:row,1,0,serial,1,1,heuristic,invalid,invalid,False,False,8,tensorop,f32,64,128,64,1,4,1,1,1,1,8,4,1,1,64,128,16,100,110,100663296,300721111040,2987,0.29391,318.975,1023170.0,0.409268
1,CUTLASS,gemm,cutlass3x_sm100_tensorop_gemm_bf16_bf16_f32_bf16_bf16_256x256x64_4x1x1_0_tnt_align8_stream_k_2sm,passed,success,universal,5120,7168,4096,bf16:row,bf16:column,bf16:row,bf16:row,1,0,serial,1,1,heuristic,invalid,invalid,False,False,8,tensorop,f32,256,256,64,4,1,1,2,1,1,5,4,1,1,256,256,16,100,110,174063616,300721111040,1727,0.294528,550.404,1021030.0,0.408412
1,CUTLASS,gemm,cutlass3x_sm100_tensorop_gemm_bf16_bf16_f32_bf16_bf16_64x128x64_1x1x1_0_tnt_align8_stream_k_1sm,passed,success,universal,5120,7168,4096,bf16:row,bf16:column,bf16:row,bf16:row,1,0,serial,1,1,heuristic,invalid,invalid,False,False,8,tensorop,f32,64,128,64,1,1,1,1,1,1,8,4,1,1,64,128,16,100,110,174063616,300721111040,1727,0.294554,550.356,1020940.0,0.408376
1,CUTLASS,gemm,cutlass3x_sm100_tensorop_gemm_bf16_bf16_f32_bf16_bf16_64x128x64_0x0x1_0_tnt_align8_stream_k_1sm,passed,success,universal,5120,7168,4096,bf16:row,bf16:column,bf16:row,bf16:row,1,0,serial,1,1,heuristic,invalid,invalid,False,False,8,tensorop,f32,64,128,64,1,1,1,1,1,1,8,4,1,1,64,128,16,100,110,174063616,300721111040,1727,0.295478,548.634,1017740.0,0.407096
1,CUTLASS,gemm,cutlass3x_sm100_tensorop_gemm_bf16_bf16_f32_void_f32_64x128x64_1x2x1_0_tnt_align8_1sm,passed,success,universal,5120,7168,4096,bf16:row,bf16:column,void:row,f32:row,1,0,serial,1,1,heuristic,invalid,invalid,False,False,8,tensorop,f32,64,128,64,1,2,1,1,1,1,8,4,1,1,64,128,16,100,110,100663296,300721111040,2987,0.296291,316.412,1014950.0,0.40598
1,CUTLASS,gemm,cutlass3x_sm100_tensorop_gemm_bf16_bf16_f32_f32_f32_64x128x64_1x1x1_0_tnt_align8_1sm,passed,success,universal,5120,7168,4096,bf16:row,bf16:column,f32:row,f32:row,1,0,serial,1,1,heuristic,invalid,invalid,False,False,8,tensorop,f32,64,128,64,1,1,1,1,1,1,8,4,1,1,64,128,16,100,110,247463936,300721111040,1215,0.297699,774.167,1010150.0,0.40406
1,CUTLASS,gemm,cutlass3x_sm100_tensorop_gemm_bf16_bf16_f32_f32_f32_64x128x64_1x4x1_0_tnt_align8_stream_k_1sm,passed,success,universal,5120,7168,4096,bf16:row,bf16:column,f32:row,f32:row,1,0,serial,1,1,heuristic,invalid,invalid,False,False,8,tensorop,f32,64,128,64,1,4,1,1,1,1,8,4,1,1,64,128,16,100,110,247463936,300721111040,1215,0.297901,773.643,1009470.0,0.403788
1,CUTLASS,gemm,cutlass3x_sm100_tensorop_gemm_bf16_bf16_f32_void_bf16_64x128x64_0x0x1_0_tnt_align8_stream_k_1sm,passed,success,universal,5120,7168,4096,bf16:row,bf16:column,void:row,bf16:row,1,0,serial,1,1,heuristic,invalid,invalid,False,False,8,tensorop,f32,64,128,64,1,1,1,1,1,1,8,4,1,1,64,128,16,100,110,100663296,300721111040,2987,0.298314,314.267,1008070.0,0.403228
1,CUTLASS,gemm,cutlass3x_sm100_tensorop_gemm_bf16_bf16_f32_f32_f32_256x256x64_4x1x1_0_tnt_align8_stream_k_2sm,passed,success,universal,5120,7168,4096,bf16:row,bf16:column,f32:row,f32:row,1,0,serial,1,1,heuristic,invalid,invalid,False,False,8,tensorop,f32,256,256,64,4,1,1,2,1,1,5,4,1,1,256,256,16,100,110,247463936,300721111040,1215,0.298416,772.307,1007720.0,0.403088
1,CUTLASS,gemm,cutlass3x_sm100_tensorop_gemm_bf16_bf16_f32_f32_f32_64x128x64_0x0x1_0_tnt_align8_1sm,passed,success,universal,5120,7168,4096,bf16:row,bf16:column,f32:row,f32:row,1,0,serial,1,1,heuristic,invalid,invalid,False,False,8,tensorop,f32,64,128,64,1,1,1,1,1,1,8,4,1,1,64,128,16,100,110,247463936,300721111040,1215,0.29895,770.926,1005920.0,0.402368
1,CUTLASS,gemm,cutlass3x_sm100_tensorop_gemm_bf16_bf16_f32_void_f32_64x128x64_1x1x1_0_tnt_align8_1sm,passed,success,universal,5120,7168,4096,bf16:row,bf16:column,void:row,f32:row,1,0,serial,1,1,heuristic,invalid,invalid,False,False,8,tensorop,f32,64,128,64,1,1,1,1,1,1,8,4,1,1,64,128,16,100,110,100663296,300721111040,2987,0.299366,313.161,1004530.0,0.401812
1,CUTLASS,gemm,cutlass3x_sm100_tensorop_gemm_bf16_bf16_f32_f32_f32_64x128x64_1x4x1_0_tnt_align8_1sm,passed,success,universal,5120,7168,4096,bf16:row,bf16:column,f32:row,f32:row,1,0,serial,1,1,heuristic,invalid,invalid,False,False,8,tensorop,f32,64,128,64,1,4,1,1,1,1,8,4,1,1,64,128,16,100,110,247463936,300721111040,1215,0.30128,764.965,998145.0,0.399258
1,CUTLASS,gemm,cutlass3x_sm100_tensorop_gemm_bf16_bf16_f32_void_bf16_128x128x64_4x2x1_0_tnt_align8_stream_k_2sm_epi_tma,passed,success,universal,5120,7168,4096,bf16:row,bf16:column,void:row,bf16:row,1,0,serial,1,1,heuristic,invalid,invalid,False,False,8,tensorop,f32,128,128,64,4,2,1,2,1,1,13,4,1,1,128,128,16,100,110,100663296,300721111040,2987,0.302102,310.325,995428.0,0.3981712
1,CUTLASS,gemm,cutlass3x_sm100_tensorop_gemm_bf16_bf16_f32_void_f32_64x128x64_1x4x1_0_tnt_align8_stream_k_1sm,passed,success,universal,5120,7168,4096,bf16:row,bf16:column,void:row,f32:row,1,0,serial,1,1,heuristic,invalid,invalid,False,False,8,tensorop,f32,64,128,64,1,4,1,1,1,1,8,4,1,1,64,128,16,100,110,100663296,300721111040,2987,0.303837,308.554,989746.0,0.3958984
1,CUTLASS,gemm,cutlass3x_sm100_tensorop_gemm_bf16_bf16_f32_void_f32_64x128x64_1x1x1_0_tnt_align8_stream_k_1sm,passed,success,universal,5120,7168,4096,bf16:row,bf16:column,void:row,f32:row,1,0,serial,1,1,heuristic,invalid,invalid,False,False,8,tensorop,f32,64,128,64,1,1,1,1,1,1,8,4,1,1,64,128,16,100,110,100663296,300721111040,2987,0.30497,307.408,986069.0,0.3944276
1,CUTLASS,gemm,cutlass3x_sm100_tensorop_gemm_bf16_bf16_f32_void_f32_64x128x64_0x0x1_0_tnt_align8_1sm,passed,success,universal,5120,7168,4096,bf16:row,bf16:column,void:row,f32:row,1,0,serial,1,1,heuristic,invalid,invalid,False,False,8,tensorop,f32,64,128,64,1,1,1,1,1,1,8,4,1,1,64,128,16,100,110,100663296,300721111040,2987,0.305069,307.308,985748.0,0.3942992
1,CUTLASS,gemm,cutlass3x_sm100_tensorop_gemm_bf16_bf16_f32_f32_f32_64x128x64_1x1x1_0_tnt_align8_stream_k_1sm,passed,success,universal,5120,7168,4096,bf16:row,bf16:column,f32:row,f32:row,1,0,serial,1,1,heuristic,invalid,invalid,False,False,8,tensorop,f32,64,128,64,1,1,1,1,1,1,8,4,1,1,64,128,16,100,110,247463936,300721111040,1215,0.305197,755.148,985335.0,0.394134
1,CUTLASS,gemm,cutlass3x_sm100_tensorop_gemm_bf16_bf16_f32_void_f32_64x128x64_1x4x1_0_tnt_align8_1sm,passed,success,universal,5120,7168,4096,bf16:row,bf16:column,void:row,f32:row,1,0,serial,1,1,heuristic,invalid,invalid,False,False,8,tensorop,f32,64,128,64,1,4,1,1,1,1,8,4,1,1,64,128,16,100,110,100663296,300721111040,2987,0.305274,307.102,985087.0,0.3940348
1,CUTLASS,gemm,cutlass3x_sm100_tensorop_gemm_bf16_bf16_f32_f32_f32_64x128x64_0x0x1_0_tnt_align8_stream_k_1sm,passed,success,universal,5120,7168,4096,bf16:row,bf16:column,f32:row,f32:row,1,0,serial,1,1,heuristic,invalid,invalid,False,False,8,tensorop,f32,64,128,64,1,1,1,1,1,1,8,4,1,1,64,128,16,100,110,247463936,300721111040,1215,0.305917,753.371,983016.0,0.3932064
1,CUTLASS,gemm,cutlass3x_sm100_tensorop_gemm_bf16_bf16_f32_void_bf16_128x128x64_4x4x1_0_tnt_align8_stream_k_2sm_epi_tma,passed,success,universal,5120,7168,4096,bf16:row,bf16:column,void:row,bf16:row,1,0,serial,1,1,heuristic,invalid,invalid,False,False,8,tensorop,f32,128,128,64,4,4,1,2,1,1,13,4,1,1,128,128,16,100,110,100663296,300721111040,2987,0.309475,302.932,971713.0,0.3886852
1,CUTLASS,gemm,cutlass3x_sm100_tensorop_gemm_bf16_bf16_f32_void_f32_64x128x64_0x0x1_0_tnt_align8_stream_k_1sm,passed,success,universal,5120,7168,4096,bf16:row,bf16:column,void:row,f32:row,1,0,serial,1,1,heuristic,invalid,invalid,False,False,8,tensorop,f32,64,128,64,1,1,1,1,1,1,8,4,1,1,64,128,16,100,110,100663296,300721111040,2987,0.31009,302.332,969788.0,0.3879152
1,CUTLASS,gemm,cutlass3x_sm100_tensorop_gemm_bf16_bf16_f32_bf16_bf16_128x128x64_4x2x1_0_tnt_align8_stream_k_2sm_epi_tma,passed,success,universal,5120,7168,4096,bf16:row,bf16:column,bf16:row,bf16:row,1,0,serial,1,1,heuristic,invalid,invalid,False,False,8,tensorop,f32,128,128,64,4,2,1,2,1,1,13,4,1,1,128,128,16,100,110,174063616,300721111040,1727,0.312166,519.304,963336.0,0.3853344
1,CUTLASS,gemm,cutlass3x_sm100_tensorop_gemm_bf16_bf16_f32_bf16_bf16_128x128x64_4x4x1_0_tnt_align8_stream_k_2sm_epi_tma,passed,success,universal,5120,7168,4096,bf16:row,bf16:column,bf16:row,bf16:row,1,0,serial,1,1,heuristic,invalid,invalid,False,False,8,tensorop,f32,128,128,64,4,4,1,2,1,1,13,4,1,1,128,128,16,100,110,174063616,300721111040,1727,0.316742,511.802,949419.0,0.3797676
1,CUTLASS,gemm,cutlass3x_sm100_tensorop_gemm_bf16_bf16_f32_void_f32_128x128x64_4x2x1_0_tnt_align8_stream_k_2sm_epi_tma,passed,success,universal,5120,7168,4096,bf16:row,bf16:column,void:row,f32:row,1,0,serial,1,1,heuristic,invalid,invalid,False,False,8,tensorop,f32,128,128,64,4,2,1,2,1,1,12,4,1,1,128,128,16,100,110,100663296,300721111040,2987,0.324662,288.761,926258.0,0.3705032
1,CUTLASS,gemm,cutlass3x_sm100_tensorop_gemm_bf16_bf16_f32_void_bf16_256x256x64_4x2x1_0_tnt_align8_stream_k_2sm,passed,success,universal,5120,7168,4096,bf16:row,bf16:column,void:row,bf16:row,1,0,serial,1,1,heuristic,invalid,invalid,False,False,8,tensorop,f32,256,256,64,4,2,1,2,1,1,6,4,1,1,256,256,16,100,110,100663296,300721111040,2987,0.324733,288.699,926057.0,0.3704228
1,CUTLASS,gemm,cutlass3x_sm100_tensorop_gemm_bf16_bf16_f32_f32_f32_128x128x64_4x2x1_0_tnt_align8_stream_k_2sm_epi_tma,passed,success,universal,5120,7168,4096,bf16:row,bf16:column,f32:row,f32:row,1,0,serial,1,1,heuristic,invalid,invalid,False,False,8,tensorop,f32,128,128,64,4,2,1,2,1,1,12,4,1,1,128,128,16,100,110,247463936,300721111040,1215,0.326269,706.377,921697.0,0.3686788
1,CUTLASS,gemm,cutlass3x_sm100_tensorop_gemm_bf16_bf16_f32_void_f32_256x256x64_4x2x1_0_tnt_align8_stream_k_2sm,passed,success,universal,5120,7168,4096,bf16:row,bf16:column,void:row,f32:row,1,0,serial,1,1,heuristic,invalid,invalid,False,False,8,tensorop,f32,256,256,64,4,2,1,2,1,1,6,4,1,1,256,256,16,100,110,100663296,300721111040,2987,0.330467,283.689,909988.0,0.3639952
1,CUTLASS,gemm,cutlass3x_sm100_tensorop_gemm_bf16_bf16_f32_void_f32_128x128x64_4x4x1_0_tnt_align8_stream_k_2sm_epi_tma,passed,success,universal,5120,7168,4096,bf16:row,bf16:column,void:row,f32:row,1,0,serial,1,1,heuristic,invalid,invalid,False,False,8,tensorop,f32,128,128,64,4,4,1,2,1,1,12,4,1,1,128,128,16,100,110,100663296,300721111040,2987,0.334259,280.471,899664.0,0.3598656
1,CUTLASS,gemm,cutlass3x_sm100_tensorop_gemm_bf16_bf16_f32_bf16_bf16_256x256x64_4x2x1_0_tnt_align8_stream_k_2sm,passed,success,universal,5120,7168,4096,bf16:row,bf16:column,bf16:row,bf16:row,1,0,serial,1,1,heuristic,invalid,invalid,False,False,8,tensorop,f32,256,256,64,4,2,1,2,1,1,5,4,1,1,256,256,16,100,110,174063616,300721111040,1727,0.334358,484.837,899397.0,0.3597588
1,CUTLASS,gemm,cutlass3x_sm100_tensorop_gemm_bf16_bf16_f32_f32_f32_128x128x64_4x4x1_0_tnt_align8_stream_k_2sm_epi_tma,passed,success,universal,5120,7168,4096,bf16:row,bf16:column,f32:row,f32:row,1,0,serial,1,1,heuristic,invalid,invalid,False,False,8,tensorop,f32,128,128,64,4,4,1,2,1,1,12,4,1,1,128,128,16,100,110,247463936,300721111040,1215,0.334669,688.647,898563.0,0.3594252
1,CUTLASS,gemm,cutlass3x_sm100_tensorop_gemm_bf16_bf16_f32_f32_f32_256x256x64_4x2x1_0_tnt_align8_stream_k_2sm,passed,success,universal,5120,7168,4096,bf16:row,bf16:column,f32:row,f32:row,1,0,serial,1,1,heuristic,invalid,invalid,False,False,8,tensorop,f32,256,256,64,4,2,1,2,1,1,5,4,1,1,256,256,16,100,110,247463936,300721111040,1215,0.339885,678.079,884774.0,0.3539096
1,CUTLASS,gemm,cutlass3x_sm100_tensorop_gemm_bf16_bf16_f32_void_bf16_256x256x64_4x4x1_0_tnt_align8_stream_k_2sm,passed,success,universal,5120,7168,4096,bf16:row,bf16:column,void:row,bf16:row,1,0,serial,1,1,heuristic,invalid,invalid,False,False,8,tensorop,f32,256,256,64,4,4,1,2,1,1,6,4,1,1,256,256,16,100,110,100663296,300721111040,2987,0.340429,275.388,883360.0,0.353344
1,CUTLASS,gemm,cutlass3x_sm100_tensorop_gemm_bf16_bf16_f32_void_f32_256x256x64_4x4x1_0_tnt_align8_stream_k_2sm,passed,success,universal,5120,7168,4096,bf16:row,bf16:column,void:row,f32:row,1,0,serial,1,1,heuristic,invalid,invalid,False,False,8,tensorop,f32,256,256,64,4,4,1,2,1,1,6,4,1,1,256,256,16,100,110,100663296,300721111040,2987,0.346234,270.771,868550.0,0.34742
1,CUTLASS,gemm,cutlass3x_sm100_tensorop_gemm_bf16_bf16_f32_bf16_bf16_256x256x64_4x4x1_0_tnt_align8_stream_k_2sm,passed,success,universal,5120,7168,4096,bf16:row,bf16:column,bf16:row,bf16:row,1,0,serial,1,1,heuristic,invalid,invalid,False,False,8,tensorop,f32,256,256,64,4,4,1,2,1,1,5,4,1,1,256,256,16,100,110,174063616,300721111040,1727,0.351562,461.112,855387.0,0.3421548
1,CUTLASS,gemm,cutlass3x_sm100_tensorop_gemm_bf16_bf16_f32_f32_f32_256x256x64_4x4x1_0_tnt_align8_stream_k_2sm,passed,success,universal,5120,7168,4096,bf16:row,bf16:column,f32:row,f32:row,1,0,serial,1,1,heuristic,invalid,invalid,False,False,8,tensorop,f32,256,256,64,4,4,1,2,1,1,5,4,1,1,256,256,16,100,110,247463936,300721111040,1215,0.358624,642.647,838541.0,0.3354164
1,CUTLASS,gemm,cutlass3x_sm100_tensorop_gemm_bf16_bf16_f32_bf16_bf16_64x128x64_4x4x1_0_tnt_align8_1sm,passed,success,universal,5120,7168,4096,bf16:row,bf16:column,bf16:row,bf16:row,1,0,serial,1,1,heuristic,invalid,invalid,False,False,8,tensorop,f32,64,128,64,4,4,1,1,1,1,8,4,1,1,64,128,16,100,110,174063616,300721111040,1727,0.36569,443.298,822340.0,0.328936
1,CUTLASS,gemm,cutlass3x_sm100_tensorop_gemm_bf16_bf16_f32_void_bf16_64x128x64_4x4x1_0_tnt_align8_1sm,passed,success,universal,5120,7168,4096,bf16:row,bf16:column,void:row,bf16:row,1,0,serial,1,1,heuristic,invalid,invalid,False,False,8,tensorop,f32,64,128,64,4,4,1,1,1,1,8,4,1,1,64,128,16,100,110,100663296,300721111040,2987,0.371114,252.618,810321.0,0.3241284
1,CUTLASS,gemm,cutlass3x_sm100_tensorop_gemm_bf16_bf16_f32_f32_f32_64x128x64_4x4x1_0_tnt_align8_1sm,passed,success,universal,5120,7168,4096,bf16:row,bf16:column,f32:row,f32:row,1,0,serial,1,1,heuristic,invalid,invalid,False,False,8,tensorop,f32,64,128,64,4,4,1,1,1,1,8,4,1,1,64,128,16,100,110,247463936,300721111040,1215,0.372038,619.476,808307.0,0.3233228
1,CUTLASS,gemm,cutlass3x_sm100_tensorop_gemm_bf16_bf16_f32_void_bf16_128x256x64_4x4x1_0_tnt_align8_stream_k_1sm,passed,success,universal,5120,7168,4096,bf16:row,bf16:column,void:row,bf16:row,1,0,serial,1,1,heuristic,invalid,invalid,False,False,8,tensorop,f32,128,256,64,4,4,1,1,1,1,4,4,1,1,128,256,16,100,110,100663296,300721111040,2987,0.375859,249.429,800090.0,0.320036
1,CUTLASS,gemm,cutlass3x_sm100_tensorop_gemm_bf16_bf16_f32_void_f32_128x256x64_4x4x1_0_tnt_align8_stream_k_1sm,passed,success,universal,5120,7168,4096,bf16:row,bf16:column,void:row,f32:row,1,0,serial,1,1,heuristic,invalid,invalid,False,False,8,tensorop,f32,128,256,64,4,4,1,1,1,1,4,4,1,1,128,256,16,100,110,100663296,300721111040,2987,0.389962,240.408,771156.0,0.3084624
1,CUTLASS,gemm,cutlass3x_sm100_tensorop_gemm_bf16_bf16_f32_void_f32_64x128x64_4x4x1_0_tnt_align8_1sm,passed,success,universal,5120,7168,4096,bf16:row,bf16:column,void:row,f32:row,1,0,serial,1,1,heuristic,invalid,invalid,False,False,8,tensorop,f32,64,128,64,4,4,1,1,1,1,8,4,1,1,64,128,16,100,110,100663296,300721111040,2987,0.390678,239.967,769741.0,0.3078964
1,CUTLASS,gemm,cutlass3x_sm100_tensorop_gemm_bf16_bf16_f32_bf16_bf16_128x256x64_4x4x1_0_tnt_align8_stream_k_1sm,passed,success,universal,5120,7168,4096,bf16:row,bf16:column,bf16:row,bf16:row,1,0,serial,1,1,heuristic,invalid,invalid,False,False,8,tensorop,f32,128,256,64,4,4,1,1,1,1,3,4,1,1,128,256,16,100,110,174063616,300721111040,1727,0.442006,366.758,680355.0,0.272142
1,CUTLASS,gemm,cutlass3x_sm100_tensorop_gemm_bf16_bf16_f32_f32_f32_128x256x64_4x4x1_0_tnt_align8_stream_k_1sm,passed,success,universal,5120,7168,4096,bf16:row,bf16:column,f32:row,f32:row,1,0,serial,1,1,heuristic,invalid,invalid,False,False,8,tensorop,f32,128,256,64,4,4,1,1,1,1,3,4,1,1,128,256,16,100,110,247463936,300721111040,1215,0.457443,503.819,657396.0,0.2629584
1,CUTLASS,gemm,cutlass3x_sm100_tensorop_gemm_bf16_bf16_f32_void_bf16_64x128x64_4x4x1_0_tnt_align8_stream_k_1sm,passed,success,universal,5120,7168,4096,bf16:row,bf16:column,void:row,bf16:row,1,0,serial,1,1,heuristic,invalid,invalid,False,False,8,tensorop,f32,64,128,64,4,4,1,1,1,1,8,4,1,1,64,128,16,100,110,100663296,300721111040,2987,0.51663,181.464,582082.0,0.2328328
1,CUTLASS,gemm,cutlass3x_sm100_tensorop_gemm_bf16_bf16_f32_bf16_bf16_64x128x64_4x4x1_0_tnt_align8_stream_k_1sm,passed,success,universal,5120,7168,4096,bf16:row,bf16:column,bf16:row,bf16:row,1,0,serial,1,1,heuristic,invalid,invalid,False,False,8,tensorop,f32,64,128,64,4,4,1,1,1,1,8,4,1,1,64,128,16,100,110,174063616,300721111040,1727,0.520522,311.436,577730.0,0.231092
1,CUTLASS,gemm,cutlass3x_sm100_tensorop_gemm_bf16_bf16_f32_void_f32_64x128x64_4x4x1_0_tnt_align8_stream_k_1sm,passed,success,universal,5120,7168,4096,bf16:row,bf16:column,void:row,f32:row,1,0,serial,1,1,heuristic,invalid,invalid,False,False,8,tensorop,f32,64,128,64,4,4,1,1,1,1,8,4,1,1,64,128,16,100,110,100663296,300721111040,2987,0.522979,179.261,575015.0,0.230006
1,CUTLASS,gemm,cutlass3x_sm100_tensorop_gemm_bf16_bf16_f32_f32_f32_64x128x64_4x4x1_0_tnt_align8_stream_k_1sm,passed,success,universal,5120,7168,4096,bf16:row,bf16:column,f32:row,f32:row,1,0,serial,1,1,heuristic,invalid,invalid,False,False,8,tensorop,f32,64,128,64,4,4,1,1,1,1,8,4,1,1,64,128,16,100,110,247463936,300721111040,1215,0.523901,439.909,574004.0,0.2296016
1,CUTLASS,gemm,cutlass3x_sm100_tensorop_gemm_bf16_bf16_f32_bf16_bf16_128x128x64_1x1x1_0_tnn_align4_cpasync_1sm_epi_nosmem,passed,success,universal,5120,7168,4096,bf16:row,bf16:column,bf16:column,bf16:column,1,0,serial,1,1,heuristic,invalid,invalid,False,False,8,tensorop,f32,128,128,64,1,1,1,1,1,1,7,4,1,1,128,128,16,100,110,174063616,300721111040,1727,0.719478,225.315,417971.0,0.1671884
1,CUTLASS,gemm,cutlass3x_sm100_tensorop_gemm_bf16_bf16_f32_void_bf16_64x128x64_1x1x1_0_tnn_align4_cpasync_1sm_epi_nosmem,passed,success,universal,5120,7168,4096,bf16:row,bf16:column,void:column,bf16:column,1,0,serial,1,1,heuristic,invalid,invalid,False,False,8,tensorop,f32,64,128,64,1,1,1,1,1,1,9,4,1,1,64,128,16,100,110,100663296,300721111040,2987,0.733613,127.792,409918.0,0.1639672
1,CUTLASS,gemm,cutlass3x_sm100_tensorop_gemm_bf16_bf16_f32_bf16_bf16_64x128x64_1x1x1_0_tnn_align4_cpasync_1sm_epi_nosmem,passed,success,universal,5120,7168,4096,bf16:row,bf16:column,bf16:column,bf16:column,1,0,serial,1,1,heuristic,invalid,invalid,False,False,8,tensorop,f32,64,128,64,1,1,1,1,1,1,9,4,1,1,64,128,16,100,110,174063616,300721111040,1727,0.745901,217.334,403165.0,0.161266
1,CUTLASS,gemm,cutlass3x_sm100_tensorop_gemm_bf16_bf16_f32_bf16_bf16_128x256x64_1x1x1_0_tnn_align4_cpasync_1sm_epi_nosmem,passed,success,universal,5120,7168,4096,bf16:row,bf16:column,bf16:column,bf16:column,1,0,serial,1,1,heuristic,invalid,invalid,False,False,8,tensorop,f32,128,256,64,1,1,1,1,1,1,4,4,1,1,128,256,16,100,110,174063616,300721111040,1727,0.765155,211.865,393020.0,0.157208
1,CUTLASS,gemm,cutlass3x_sm100_tensorop_gemm_bf16_bf16_f32_void_bf16_128x256x64_1x1x1_0_tnn_align4_cpasync_1sm_epi_nosmem,passed,success,universal,5120,7168,4096,bf16:row,bf16:column,void:column,bf16:column,1,0,serial,1,1,heuristic,invalid,invalid,False,False,8,tensorop,f32,128,256,64,1,1,1,1,1,1,4,4,1,1,128,256,16,100,110,100663296,300721111040,2987,0.76815,122.046,391487.0,0.1565948
1,CUTLASS,gemm,cutlass3x_sm100_tensorop_gemm_bf16_bf16_f32_void_f32_128x256x64_1x1x1_0_tnn_align4_cpasync_1sm_epi_nosmem,passed,success,universal,5120,7168,4096,bf16:row,bf16:column,void:column,f32:column,1,0,serial,1,1,heuristic,invalid,invalid,False,False,8,tensorop,f32,128,256,64,1,1,1,1,1,1,4,4,1,1,128,256,16,100,110,100663296,300721111040,2987,0.775014,120.965,388020.0,0.155208
1,CUTLASS,gemm,cutlass3x_sm100_tensorop_gemm_bf16_bf16_f32_void_f32_128x128x64_1x1x1_0_tnn_align2_cpasync_1sm_epi_nosmem,passed,success,universal,5120,7168,4096,bf16:row,bf16:column,void:column,f32:column,1,0,serial,1,1,heuristic,invalid,invalid,False,False,8,tensorop,f32,128,128,64,1,1,1,1,1,1,7,4,1,1,128,128,16,100,110,100663296,300721111040,2987,0.776621,120.715,387217.0,0.1548868
1,CUTLASS,gemm,cutlass3x_sm100_tensorop_gemm_bf16_bf16_f32_void_bf16_128x128x64_1x1x1_0_tnn_align2_cpasync_1sm_epi_nosmem,passed,success,universal,5120,7168,4096,bf16:row,bf16:column,void:column,bf16:column,1,0,serial,1,1,heuristic,invalid,invalid,False,False,8,tensorop,f32,128,128,64,1,1,1,1,1,1,7,4,1,1,128,128,16,100,110,100663296,300721111040,2987,0.784323,119.53,383415.0,0.153366
1,CUTLASS,gemm,cutlass3x_sm100_tensorop_gemm_bf16_bf16_f32_f32_f32_64x128x64_1x1x1_0_tnn_align4_cpasync_1sm_epi_nosmem,passed,success,universal,5120,7168,4096,bf16:row,bf16:column,f32:column,f32:column,1,0,serial,1,1,heuristic,invalid,invalid,False,False,8,tensorop,f32,64,128,64,1,1,1,1,1,1,9,4,1,1,64,128,16,100,110,247463936,300721111040,1215,0.802426,287.215,374765.0,0.149906
1,CUTLASS,gemm,cutlass3x_sm100_tensorop_gemm_bf16_bf16_f32_f32_f32_128x256x64_1x1x1_0_tnn_align4_cpasync_1sm_epi_nosmem,passed,success,universal,5120,7168,4096,bf16:row,bf16:column,f32:column,f32:column,1,0,serial,1,1,heuristic,invalid,invalid,False,False,8,tensorop,f32,128,256,64,1,1,1,1,1,1,4,4,1,1,128,256,16,100,110,247463936,300721111040,1215,0.805706,286.046,373239.0,0.1492956
1,CUTLASS,gemm,cutlass3x_sm100_tensorop_gemm_bf16_bf16_f32_void_f32_64x128x64_1x1x1_0_tnn_align4_cpasync_1sm_epi_nosmem,passed,success,universal,5120,7168,4096,bf16:row,bf16:column,void:column,f32:column,1,0,serial,1,1,heuristic,invalid,invalid,False,False,8,tensorop,f32,64,128,64,1,1,1,1,1,1,9,4,1,1,64,128,16,100,110,100663296,300721111040,2987,0.807059,116.162,372613.0,0.1490452
1,CUTLASS,gemm,cutlass3x_sm100_tensorop_gemm_bf16_bf16_f32_void_bf16_128x128x64_1x1x1_0_tnn_align4_cpasync_1sm_epi_nosmem,passed,success,universal,5120,7168,4096,bf16:row,bf16:column,void:column,bf16:column,1,0,serial,1,1,heuristic,invalid,invalid,False,False,8,tensorop,f32,128,128,64,1,1,1,1,1,1,7,4,1,1,128,128,16,100,110,100663296,300721111040,2987,0.822394,113.997,365666.0,0.1462664
1,CUTLASS,gemm,cutlass3x_sm100_tensorop_gemm_bf16_bf16_f32_f32_f32_128x128x64_1x1x1_0_tnn_align4_cpasync_1sm_epi_nosmem,passed,success,universal,5120,7168,4096,bf16:row,bf16:column,f32:column,f32:column,1,0,serial,1,1,heuristic,invalid,invalid,False,False,8,tensorop,f32,128,128,64,1,1,1,1,1,1,7,4,1,1,128,128,16,100,110,247463936,300721111040,1215,0.852502,270.344,352751.0,0.1411004
1,CUTLASS,gemm,cutlass3x_sm100_tensorop_gemm_bf16_bf16_f32_void_f32_128x128x64_1x1x1_0_tnn_align4_cpasync_1sm_epi_nosmem,passed,success,universal,5120,7168,4096,bf16:row,bf16:column,void:column,f32:column,1,0,serial,1,1,heuristic,invalid,invalid,False,False,8,tensorop,f32,128,128,64,1,1,1,1,1,1,7,4,1,1,128,128,16,100,110,100663296,300721111040,2987,0.881994,106.293,340956.0,0.1363824
1,CUTLASS,gemm,cutlass3x_sm100_tensorop_gemm_bf16_bf16_f32_void_bf16_128x256x64_1x1x1_0_tnn_align2_cpasync_1sm_epi_nosmem,passed,success,universal,5120,7168,4096,bf16:row,bf16:column,void:column,bf16:column,1,0,serial,1,1,heuristic,invalid,invalid,False,False,8,tensorop,f32,128,256,64,1,1,1,1,1,1,4,4,1,1,128,256,16,100,110,100663296,300721111040,2987,1.28698,72.8448,233664.0,0.0934656
1,CUTLASS,gemm,cutlass3x_sm100_tensorop_gemm_bf16_bf16_f32_void_f32_128x256x64_1x1x1_0_tnn_align2_cpasync_1sm_epi_nosmem,passed,success,universal,5120,7168,4096,bf16:row,bf16:column,void:column,f32:column,1,0,serial,1,1,heuristic,invalid,invalid,False,False,8,tensorop,f32,128,256,64,1,1,1,1,1,1,4,4,1,1,128,256,16,100,110,100663296,300721111040,2987,1.31893,71.0803,228004.0,0.0912016
1,CUTLASS,gemm,cutlass3x_sm100_tensorop_gemm_bf16_bf16_f32_f32_f32_128x256x64_1x1x1_0_tnn_align2_cpasync_1sm_epi_nosmem,passed,success,universal,5120,7168,4096,bf16:row,bf16:column,f32:column,f32:column,1,0,serial,1,1,heuristic,invalid,invalid,False,False,8,tensorop,f32,128,256,64,1,1,1,1,1,1,4,4,1,1,128,256,16,100,110,247463936,300721111040,1215,1.33552,172.569,225172.0,0.0900688
1,CUTLASS,gemm,cutlass3x_sm100_tensorop_gemm_bf16_bf16_f32_bf16_bf16_128x256x64_1x1x1_0_tnn_align2_cpasync_1sm_epi_nosmem,passed,success,universal,5120,7168,4096,bf16:row,bf16:column,bf16:column,bf16:column,1,0,serial,1,1,heuristic,invalid,invalid,False,False,8,tensorop,f32,128,256,64,1,1,1,1,1,1,4,4,1,1,128,256,16,100,110,174063616,300721111040,1727,1.71942,94.2816,174897.0,0.0699588
1,CUTLASS,gemm,cutlass3x_sm100_tensorop_gemm_bf16_bf16_f32_bf16_bf16_128x128x64_1x1x1_0_tnn_align2_cpasync_1sm_epi_nosmem,passed,success,universal,5120,7168,4096,bf16:row,bf16:column,bf16:column,bf16:column,1,0,serial,1,1,heuristic,invalid,invalid,False,False,8,tensorop,f32,128,128,64,1,1,1,1,1,1,7,4,1,1,128,128,16,100,110,174063616,300721111040,1727,2.1226,76.3732,141676.0,0.0566704
1,CUTLASS,gemm,cutlass3x_sm100_tensorop_gemm_bf16_bf16_f32_f32_f32_128x128x64_1x1x1_0_tnn_align2_cpasync_1sm_epi_nosmem,passed,success,universal,5120,7168,4096,bf16:row,bf16:column,f32:column,f32:column,1,0,serial,1,1,heuristic,invalid,invalid,False,False,8,tensorop,f32,128,128,64,1,1,1,1,1,1,7,4,1,1,128,128,16,100,110,247463936,300721111040,1215,2.27719,101.207,132058.0,0.0528232
1,CUTLASS,gemm,cutlass3x_sm100_tensorop_gemm_bf16_bf16_f32_void_bf16_64x128x64_1x1x1_0_tnn_align2_cpasync_1sm_epi_nosmem,passed,success,universal,5120,7168,4096,bf16:row,bf16:column,void:column,bf16:column,1,0,serial,1,1,heuristic,invalid,invalid,False,False,8,tensorop,f32,64,128,64,1,1,1,1,1,1,9,4,1,1,64,128,16,100,110,100663296,300721111040,2987,2.6777,35.0114,112306.0,0.0449224
1,CUTLASS,gemm,cutlass3x_sm100_tensorop_gemm_bf16_bf16_f32_bf16_bf16_64x128x64_1x1x1_0_tnn_align2_cpasync_1sm_epi_nosmem,passed,success,universal,5120,7168,4096,bf16:row,bf16:column,bf16:column,bf16:column,1,0,serial,1,1,heuristic,invalid,invalid,False,False,8,tensorop,f32,64,128,64,1,1,1,1,1,1,9,4,1,1,64,128,16,100,110,174063616,300721111040,1727,2.69416,60.1706,111619.0,0.0446476
1,CUTLASS,gemm,cutlass3x_sm100_tensorop_gemm_bf16_bf16_f32_void_f32_64x128x64_1x1x1_0_tnn_align2_cpasync_1sm_epi_nosmem,passed,success,universal,5120,7168,4096,bf16:row,bf16:column,void:column,f32:column,1,0,serial,1,1,heuristic,invalid,invalid,False,False,8,tensorop,f32,64,128,64,1,1,1,1,1,1,9,4,1,1,64,128,16,100,110,100663296,300721111040,2987,2.80755,33.3921,107112.0,0.0428448
1,CUTLASS,gemm,cutlass3x_sm100_tensorop_gemm_bf16_bf16_f32_f32_f32_64x128x64_1x1x1_0_tnn_align2_cpasync_1sm_epi_nosmem,passed,success,universal,5120,7168,4096,bf16:row,bf16:column,f32:column,f32:column,1,0,serial,1,1,heuristic,invalid,invalid,False,False,8,tensorop,f32,64,128,64,1,1,1,1,1,1,9,4,1,1,64,128,16,100,110,247463936,300721111040,1215,2.80786,82.08,107100.0,0.04284
