Problem,Provider,OperationKind,Operation,Disposition,Status,gemm_kind,m,n,k,A,B,C,D,alpha,beta,split_k_mode,split_k_slices,batch_count,raster_order,runtime_input_datatype_a,runtime_input_datatype_b,use_pdl,enable_sm90_mixed_dtype_shuffle_test,swizzle_size,op_class,accum,cta_m,cta_n,cta_k,cluster_m,cluster_n,cluster_k,cluster_m_fallback,cluster_n_fallback,cluster_k_fallback,stages,warps_m,warps_n,warps_k,inst_m,inst_n,inst_k,min_cc,max_cc,Bytes,Flops,Flops/Byte,Runtime,GB/s,GFLOPs,mfu
1,CUTLASS,gemm,cutlass3x_sm100_tensorop_gemm_bf16_bf16_f32_void_bf16_256x256x64_2x1x1_0_tnt_align8_2sm,passed,success,universal,4096,7168,9216,bf16:row,bf16:column,void:row,bf16:row,1,0,serial,1,1,heuristic,invalid,invalid,False,False,8,tensorop,f32,256,256,64,2,1,1,2,1,1,6,4,1,1,256,256,16,100,110,207618048,541224599552,2606,0.307322,629.176,1761100.0,0.70444
1,CUTLASS,gemm,cutlass3x_sm100_tensorop_gemm_bf16_bf16_f32_void_bf16_256x256x64_0x0x1_0_tnt_align8_2sm,passed,success,universal,4096,7168,9216,bf16:row,bf16:column,void:row,bf16:row,1,0,serial,1,1,heuristic,invalid,invalid,False,False,8,tensorop,f32,256,256,64,2,1,1,2,1,1,6,4,1,1,256,256,16,100,110,207618048,541224599552,2606,0.308339,627.1,1755290.0,0.702116
1,CUTLASS,gemm,cutlass3x_sm100_tensorop_gemm_bf16_bf16_f32_void_bf16_256x256x64_2x1x1_0_tnt_align8_stream_k_2sm,passed,success,universal,4096,7168,9216,bf16:row,bf16:column,void:row,bf16:row,1,0,serial,1,1,heuristic,invalid,invalid,False,False,8,tensorop,f32,256,256,64,2,1,1,2,1,1,6,4,1,1,256,256,16,100,110,207618048,541224599552,2606,0.308656,626.456,1753490.0,0.701396
1,CUTLASS,gemm,cutlass3x_sm100_tensorop_gemm_bf16_bf16_f32_bf16_bf16_256x256x64_2x1x1_0_tnt_align8_stream_k_2sm,passed,success,universal,4096,7168,9216,bf16:row,bf16:column,bf16:row,bf16:row,1,0,serial,1,1,heuristic,invalid,invalid,False,False,8,tensorop,f32,256,256,64,2,1,1,2,1,1,5,4,1,1,256,256,16,100,110,266338304,541224599552,2032,0.30896,802.845,1751760.0,0.700704
1,CUTLASS,gemm,cutlass3x_sm100_tensorop_gemm_bf16_bf16_f32_bf16_bf16_256x256x64_2x1x1_0_tnt_align8_2sm,passed,success,universal,4096,7168,9216,bf16:row,bf16:column,bf16:row,bf16:row,1,0,serial,1,1,heuristic,invalid,invalid,False,False,8,tensorop,f32,256,256,64,2,1,1,2,1,1,5,4,1,1,256,256,16,100,110,266338304,541224599552,2032,0.30911,802.454,1750910.0,0.700364
1,CUTLASS,gemm,cutlass3x_sm100_tensorop_gemm_bf16_bf16_f32_void_bf16_256x256x64_0x0x1_0_tnt_align8_stream_k_2sm,passed,success,universal,4096,7168,9216,bf16:row,bf16:column,void:row,bf16:row,1,0,serial,1,1,heuristic,invalid,invalid,False,False,8,tensorop,f32,256,256,64,2,1,1,2,1,1,6,4,1,1,256,256,16,100,110,207618048,541224599552,2606,0.30937,625.011,1749440.0,0.699776
1,CUTLASS,gemm,cutlass3x_sm100_tensorop_gemm_bf16_bf16_f32_bf16_bf16_256x256x64_0x0x1_0_tnt_align8_2sm,passed,success,universal,4096,7168,9216,bf16:row,bf16:column,bf16:row,bf16:row,1,0,serial,1,1,heuristic,invalid,invalid,False,False,8,tensorop,f32,256,256,64,2,1,1,2,1,1,5,4,1,1,256,256,16,100,110,266338304,541224599552,2032,0.309984,800.193,1745980.0,0.698392
1,CUTLASS,gemm,cutlass3x_sm100_tensorop_gemm_bf16_bf16_f32_bf16_bf16_256x256x64_0x0x1_0_tnt_align8_stream_k_2sm,passed,success,universal,4096,7168,9216,bf16:row,bf16:column,bf16:row,bf16:row,1,0,serial,1,1,heuristic,invalid,invalid,False,False,8,tensorop,f32,256,256,64,2,1,1,2,1,1,5,4,1,1,256,256,16,100,110,266338304,541224599552,2032,0.310083,799.937,1745420.0,0.698168
1,CUTLASS,gemm,cutlass3x_sm100_tensorop_gemm_bf16_bf16_f32_void_f32_256x256x64_2x1x1_0_tnt_align8_2sm,passed,success,universal,4096,7168,9216,bf16:row,bf16:column,void:row,f32:row,1,0,serial,1,1,heuristic,invalid,invalid,False,False,8,tensorop,f32,256,256,64,2,1,1,2,1,1,6,4,1,1,256,256,16,100,110,207618048,541224599552,2606,0.311526,620.684,1737330.0,0.694932
1,CUTLASS,gemm,cutlass3x_sm100_tensorop_gemm_bf16_bf16_f32_f32_f32_256x256x64_2x1x1_0_tnt_align8_stream_k_2sm,passed,success,universal,4096,7168,9216,bf16:row,bf16:column,f32:row,f32:row,1,0,serial,1,1,heuristic,invalid,invalid,False,False,8,tensorop,f32,256,256,64,2,1,1,2,1,1,5,4,1,1,256,256,16,100,110,325058560,541224599552,1665,0.312544,968.614,1731670.0,0.692668
1,CUTLASS,gemm,cutlass3x_sm100_tensorop_gemm_bf16_bf16_f32_void_f32_256x256x64_0x0x1_0_tnt_align8_2sm,passed,success,universal,4096,7168,9216,bf16:row,bf16:column,void:row,f32:row,1,0,serial,1,1,heuristic,invalid,invalid,False,False,8,tensorop,f32,256,256,64,2,1,1,2,1,1,6,4,1,1,256,256,16,100,110,207618048,541224599552,2606,0.313264,617.241,1727690.0,0.691076
1,CUTLASS,gemm,cutlass3x_sm100_tensorop_gemm_bf16_bf16_f32_f32_f32_256x256x64_2x1x1_0_tnt_align8_2sm,passed,success,universal,4096,7168,9216,bf16:row,bf16:column,f32:row,f32:row,1,0,serial,1,1,heuristic,invalid,invalid,False,False,8,tensorop,f32,256,256,64,2,1,1,2,1,1,5,4,1,1,256,256,16,100,110,325058560,541224599552,1665,0.313597,965.362,1725860.0,0.690344
1,CUTLASS,gemm,cutlass3x_sm100_tensorop_gemm_bf16_bf16_f32_void_f32_256x256x64_0x0x1_0_tnt_align8_stream_k_2sm,passed,success,universal,4096,7168,9216,bf16:row,bf16:column,void:row,f32:row,1,0,serial,1,1,heuristic,invalid,invalid,False,False,8,tensorop,f32,256,256,64,2,1,1,2,1,1,6,4,1,1,256,256,16,100,110,207618048,541224599552,2606,0.313664,616.454,1725490.0,0.690196
1,CUTLASS,gemm,cutlass3x_sm100_tensorop_gemm_bf16_bf16_f32_f32_f32_256x256x64_0x0x1_0_tnt_align8_stream_k_2sm,passed,success,universal,4096,7168,9216,bf16:row,bf16:column,f32:row,f32:row,1,0,serial,1,1,heuristic,invalid,invalid,False,False,8,tensorop,f32,256,256,64,2,1,1,2,1,1,5,4,1,1,256,256,16,100,110,325058560,541224599552,1665,0.313798,964.742,1724750.0,0.6899
1,CUTLASS,gemm,cutlass3x_sm100_tensorop_gemm_bf16_bf16_f32_void_f32_256x256x64_2x1x1_0_tnt_align8_stream_k_2sm,passed,success,universal,4096,7168,9216,bf16:row,bf16:column,void:row,f32:row,1,0,serial,1,1,heuristic,invalid,invalid,False,False,8,tensorop,f32,256,256,64,2,1,1,2,1,1,6,4,1,1,256,256,16,100,110,207618048,541224599552,2606,0.313875,616.039,1724330.0,0.689732
1,CUTLASS,gemm,cutlass3x_sm100_tensorop_gemm_bf16_bf16_f32_f32_f32_256x256x64_0x0x1_0_tnt_align8_2sm,passed,success,universal,4096,7168,9216,bf16:row,bf16:column,f32:row,f32:row,1,0,serial,1,1,heuristic,invalid,invalid,False,False,8,tensorop,f32,256,256,64,2,1,1,2,1,1,5,4,1,1,256,256,16,100,110,325058560,541224599552,1665,0.314698,961.985,1719820.0,0.687928
1,CUTLASS,gemm,cutlass3x_sm100_tensorop_gemm_bf16_bf16_f32_void_bf16_128x256x64_1x2x1_0_tnt_align8_stream_k_1sm,passed,success,universal,4096,7168,9216,bf16:row,bf16:column,void:row,bf16:row,1,0,serial,1,1,heuristic,invalid,invalid,False,False,8,tensorop,f32,128,256,64,1,2,1,1,1,1,4,4,1,1,128,256,16,100,110,207618048,541224599552,2606,0.32535,594.311,1663510.0,0.665404
1,CUTLASS,gemm,cutlass3x_sm100_tensorop_gemm_bf16_bf16_f32_void_bf16_256x256x64_4x1x1_0_tnt_align8_2sm,passed,success,universal,4096,7168,9216,bf16:row,bf16:column,void:row,bf16:row,1,0,serial,1,1,heuristic,invalid,invalid,False,False,8,tensorop,f32,256,256,64,4,1,1,2,1,1,6,4,1,1,256,256,16,100,110,207618048,541224599552,2606,0.327904,589.683,1650560.0,0.660224
1,CUTLASS,gemm,cutlass3x_sm100_tensorop_gemm_bf16_bf16_f32_void_bf16_128x256x64_1x1x1_0_tnt_align8_stream_k_1sm,passed,success,universal,4096,7168,9216,bf16:row,bf16:column,void:row,bf16:row,1,0,serial,1,1,heuristic,invalid,invalid,False,False,8,tensorop,f32,128,256,64,1,1,1,1,1,1,4,4,1,1,128,256,16,100,110,207618048,541224599552,2606,0.328858,587.973,1645770.0,0.658308
1,CUTLASS,gemm,cutlass3x_sm100_tensorop_gemm_bf16_bf16_f32_void_bf16_256x256x64_2x2x1_0_tnt_align8_stream_k_2sm,passed,success,universal,4096,7168,9216,bf16:row,bf16:column,void:row,bf16:row,1,0,serial,1,1,heuristic,invalid,invalid,False,False,8,tensorop,f32,256,256,64,2,2,1,2,1,1,6,4,1,1,256,256,16,100,110,207618048,541224599552,2606,0.329466,586.888,1642730.0,0.657092
1,CUTLASS,gemm,cutlass3x_sm100_tensorop_gemm_bf16_bf16_f32_void_bf16_256x256x64_4x1x1_0_tnt_align8_stream_k_2sm,passed,success,universal,4096,7168,9216,bf16:row,bf16:column,void:row,bf16:row,1,0,serial,1,1,heuristic,invalid,invalid,False,False,8,tensorop,f32,256,256,64,4,1,1,2,1,1,6,4,1,1,256,256,16,100,110,207618048,541224599552,2606,0.330154,585.665,1639310.0,0.655724
1,CUTLASS,gemm,cutlass3x_sm100_tensorop_gemm_bf16_bf16_f32_void_bf16_256x256x64_4x4x1_0_tnt_align8_stream_k_2sm,passed,success,universal,4096,7168,9216,bf16:row,bf16:column,void:row,bf16:row,1,0,serial,1,1,heuristic,invalid,invalid,False,False,8,tensorop,f32,256,256,64,4,4,1,2,1,1,6,4,1,1,256,256,16,100,110,207618048,541224599552,2606,0.331926,582.537,1630560.0,0.652224
1,CUTLASS,gemm,cutlass3x_sm100_tensorop_gemm_bf16_bf16_f32_void_bf16_256x256x64_2x2x1_0_tnt_align8_2sm,passed,success,universal,4096,7168,9216,bf16:row,bf16:column,void:row,bf16:row,1,0,serial,1,1,heuristic,invalid,invalid,False,False,8,tensorop,f32,256,256,64,2,2,1,2,1,1,6,4,1,1,256,256,16,100,110,207618048,541224599552,2606,0.333754,579.348,1621630.0,0.648652
1,CUTLASS,gemm,cutlass3x_sm100_tensorop_gemm_bf16_bf16_f32_void_bf16_128x256x64_0x0x1_0_tnt_align8_stream_k_1sm,passed,success,universal,4096,7168,9216,bf16:row,bf16:column,void:row,bf16:row,1,0,serial,1,1,heuristic,invalid,invalid,False,False,8,tensorop,f32,128,256,64,1,1,1,1,1,1,4,4,1,1,128,256,16,100,110,207618048,541224599552,2606,0.33377,579.32,1621550.0,0.64862
1,CUTLASS,gemm,cutlass3x_sm100_tensorop_gemm_bf16_bf16_f32_bf16_bf16_256x256x64_4x1x1_0_tnt_align8_2sm,passed,success,universal,4096,7168,9216,bf16:row,bf16:column,bf16:row,bf16:row,1,0,serial,1,1,heuristic,invalid,invalid,False,False,8,tensorop,f32,256,256,64,4,1,1,2,1,1,5,4,1,1,256,256,16,100,110,266338304,541224599552,2032,0.335072,740.279,1615250.0,0.6461
1,CUTLASS,gemm,cutlass3x_sm100_tensorop_gemm_bf16_bf16_f32_void_f32_256x256x64_4x1x1_0_tnt_align8_2sm,passed,success,universal,4096,7168,9216,bf16:row,bf16:column,void:row,f32:row,1,0,serial,1,1,heuristic,invalid,invalid,False,False,8,tensorop,f32,256,256,64,4,1,1,2,1,1,6,4,1,1,256,256,16,100,110,207618048,541224599552,2606,0.335382,576.534,1613750.0,0.6455
1,CUTLASS,gemm,cutlass3x_sm100_tensorop_gemm_bf16_bf16_f32_bf16_bf16_256x256x64_2x2x1_0_tnt_align8_stream_k_2sm,passed,success,universal,4096,7168,9216,bf16:row,bf16:column,bf16:row,bf16:row,1,0,serial,1,1,heuristic,invalid,invalid,False,False,8,tensorop,f32,256,256,64,2,2,1,2,1,1,5,4,1,1,256,256,16,100,110,266338304,541224599552,2032,0.33551,739.312,1613140.0,0.645256
1,CUTLASS,gemm,cutlass3x_sm100_tensorop_gemm_bf16_bf16_f32_bf16_bf16_256x256x64_4x1x1_0_tnt_align8_stream_k_2sm,passed,success,universal,4096,7168,9216,bf16:row,bf16:column,bf16:row,bf16:row,1,0,serial,1,1,heuristic,invalid,invalid,False,False,8,tensorop,f32,256,256,64,4,1,1,2,1,1,5,4,1,1,256,256,16,100,110,266338304,541224599552,2032,0.335923,738.404,1611160.0,0.644464
1,CUTLASS,gemm,cutlass3x_sm100_tensorop_gemm_bf16_bf16_f32_void_f32_128x256x64_1x2x1_0_tnt_align8_stream_k_1sm,passed,success,universal,4096,7168,9216,bf16:row,bf16:column,void:row,f32:row,1,0,serial,1,1,heuristic,invalid,invalid,False,False,8,tensorop,f32,128,256,64,1,2,1,1,1,1,4,4,1,1,128,256,16,100,110,207618048,541224599552,2606,0.336918,573.906,1606400.0,0.64256
1,CUTLASS,gemm,cutlass3x_sm100_tensorop_gemm_bf16_bf16_f32_void_f32_256x256x64_4x1x1_0_tnt_align8_stream_k_2sm,passed,success,universal,4096,7168,9216,bf16:row,bf16:column,void:row,f32:row,1,0,serial,1,1,heuristic,invalid,invalid,False,False,8,tensorop,f32,256,256,64,4,1,1,2,1,1,6,4,1,1,256,256,16,100,110,207618048,541224599552,2606,0.337117,573.568,1605450.0,0.64218
1,CUTLASS,gemm,cutlass3x_sm100_tensorop_gemm_bf16_bf16_f32_void_f32_256x256x64_2x2x1_0_tnt_align8_stream_k_2sm,passed,success,universal,4096,7168,9216,bf16:row,bf16:column,void:row,f32:row,1,0,serial,1,1,heuristic,invalid,invalid,False,False,8,tensorop,f32,256,256,64,2,2,1,2,1,1,6,4,1,1,256,256,16,100,110,207618048,541224599552,2606,0.337123,573.557,1605420.0,0.642168
1,CUTLASS,gemm,cutlass3x_sm100_tensorop_gemm_bf16_bf16_f32_void_bf16_256x128x64_0x0x1_0_tnt_align8_2sm,passed,success,universal,4096,7168,9216,bf16:row,bf16:column,void:row,bf16:row,1,0,serial,1,1,heuristic,invalid,invalid,False,False,8,tensorop,f32,256,128,64,2,1,1,2,1,1,8,4,1,1,256,128,16,100,110,207618048,541224599552,2606,0.337629,572.698,1603020.0,0.641208
1,CUTLASS,gemm,cutlass3x_sm100_tensorop_gemm_bf16_bf16_f32_bf16_bf16_256x128x64_2x1x1_0_tnt_align8_2sm,passed,success,universal,4096,7168,9216,bf16:row,bf16:column,bf16:row,bf16:row,1,0,serial,1,1,heuristic,invalid,invalid,False,False,8,tensorop,f32,256,128,64,2,1,1,2,1,1,8,4,1,1,256,128,16,100,110,266338304,541224599552,2032,0.33784,734.214,1602010.0,0.640804
1,CUTLASS,gemm,cutlass3x_sm100_tensorop_gemm_bf16_bf16_f32_void_bf16_256x128x64_2x2x1_0_tnt_align8_2sm,passed,success,universal,4096,7168,9216,bf16:row,bf16:column,void:row,bf16:row,1,0,serial,1,1,heuristic,invalid,invalid,False,False,8,tensorop,f32,256,128,64,2,2,1,2,1,1,8,4,1,1,256,128,16,100,110,207618048,541224599552,2606,0.338758,570.788,1597670.0,0.639068
1,CUTLASS,gemm,cutlass3x_sm100_tensorop_gemm_bf16_bf16_f32_void_bf16_256x128x64_2x1x1_0_tnt_align8_2sm,passed,success,universal,4096,7168,9216,bf16:row,bf16:column,void:row,bf16:row,1,0,serial,1,1,heuristic,invalid,invalid,False,False,8,tensorop,f32,256,128,64,2,1,1,2,1,1,8,4,1,1,256,128,16,100,110,207618048,541224599552,2606,0.338768,570.772,1597630.0,0.639052
1,CUTLASS,gemm,cutlass3x_sm100_tensorop_gemm_bf16_bf16_f32_bf16_bf16_256x128x64_2x2x1_0_tnt_align8_2sm,passed,success,universal,4096,7168,9216,bf16:row,bf16:column,bf16:row,bf16:row,1,0,serial,1,1,heuristic,invalid,invalid,False,False,8,tensorop,f32,256,128,64,2,2,1,2,1,1,8,4,1,1,256,128,16,100,110,266338304,541224599552,2032,0.338858,732.009,1597200.0,0.63888
1,CUTLASS,gemm,cutlass3x_sm100_tensorop_gemm_bf16_bf16_f32_void_f32_256x256x64_4x4x1_0_tnt_align8_stream_k_2sm,passed,success,universal,4096,7168,9216,bf16:row,bf16:column,void:row,f32:row,1,0,serial,1,1,heuristic,invalid,invalid,False,False,8,tensorop,f32,256,256,64,4,4,1,2,1,1,6,4,1,1,256,256,16,100,110,207618048,541224599552,2606,0.339069,570.266,1596210.0,0.638484
1,CUTLASS,gemm,cutlass3x_sm100_tensorop_gemm_bf16_bf16_f32_bf16_bf16_256x128x64_0x0x1_0_tnt_align8_2sm,passed,success,universal,4096,7168,9216,bf16:row,bf16:column,bf16:row,bf16:row,1,0,serial,1,1,heuristic,invalid,invalid,False,False,8,tensorop,f32,256,128,64,2,1,1,2,1,1,8,4,1,1,256,128,16,100,110,266338304,541224599552,2032,0.339187,731.298,1595650.0,0.63826
1,CUTLASS,gemm,cutlass3x_sm100_tensorop_gemm_bf16_bf16_f32_void_f32_128x256x64_1x1x1_0_tnt_align8_stream_k_1sm,passed,success,universal,4096,7168,9216,bf16:row,bf16:column,void:row,f32:row,1,0,serial,1,1,heuristic,invalid,invalid,False,False,8,tensorop,f32,128,256,64,1,1,1,1,1,1,4,4,1,1,128,256,16,100,110,207618048,541224599552,2606,0.339478,569.578,1594280.0,0.637712
1,CUTLASS,gemm,cutlass3x_sm100_tensorop_gemm_bf16_bf16_f32_bf16_bf16_128x256x64_4x1x1_0_tnt_align8_2sm_epi_tma,passed,success,universal,4096,7168,9216,bf16:row,bf16:column,bf16:row,bf16:row,1,0,serial,1,1,heuristic,invalid,invalid,False,False,8,tensorop,f32,128,256,64,4,1,1,2,1,1,8,4,1,1,128,256,16,100,110,266338304,541224599552,2032,0.34009,729.357,1591420.0,0.636568
1,CUTLASS,gemm,cutlass3x_sm100_tensorop_gemm_bf16_bf16_f32_void_f32_256x256x64_2x2x1_0_tnt_align8_2sm,passed,success,universal,4096,7168,9216,bf16:row,bf16:column,void:row,f32:row,1,0,serial,1,1,heuristic,invalid,invalid,False,False,8,tensorop,f32,256,256,64,2,2,1,2,1,1,6,4,1,1,256,256,16,100,110,207618048,541224599552,2606,0.340426,567.993,1589850.0,0.63594
1,CUTLASS,gemm,cutlass3x_sm100_tensorop_gemm_bf16_bf16_f32_void_bf16_128x256x64_1x1x1_0_tnt_align8_1sm,passed,success,universal,4096,7168,9216,bf16:row,bf16:column,void:row,bf16:row,1,0,serial,1,1,heuristic,invalid,invalid,False,False,8,tensorop,f32,128,256,64,1,1,1,1,1,1,4,4,1,1,128,256,16,100,110,207618048,541224599552,2606,0.340499,567.87,1589500.0,0.6358
1,CUTLASS,gemm,cutlass3x_sm100_tensorop_gemm_bf16_bf16_f32_bf16_bf16_256x256x64_2x2x1_0_tnt_align8_2sm,passed,success,universal,4096,7168,9216,bf16:row,bf16:column,bf16:row,bf16:row,1,0,serial,1,1,heuristic,invalid,invalid,False,False,8,tensorop,f32,256,256,64,2,2,1,2,1,1,5,4,1,1,256,256,16,100,110,266338304,541224599552,2032,0.341008,727.393,1587130.0,0.634852
1,CUTLASS,gemm,cutlass3x_sm100_tensorop_gemm_bf16_bf16_f32_void_bf16_128x256x64_4x1x1_0_tnt_align8_2sm_epi_tma,passed,success,universal,4096,7168,9216,bf16:row,bf16:column,void:row,bf16:row,1,0,serial,1,1,heuristic,invalid,invalid,False,False,8,tensorop,f32,128,256,64,4,1,1,2,1,1,8,4,1,1,128,256,16,100,110,207618048,541224599552,2606,0.341213,566.683,1586180.0,0.634472
1,CUTLASS,gemm,cutlass3x_sm100_tensorop_gemm_bf16_bf16_f32_f32_f32_256x256x64_2x2x1_0_tnt_align8_stream_k_2sm,passed,success,universal,4096,7168,9216,bf16:row,bf16:column,f32:row,f32:row,1,0,serial,1,1,heuristic,invalid,invalid,False,False,8,tensorop,f32,256,256,64,2,2,1,2,1,1,5,4,1,1,256,256,16,100,110,325058560,541224599552,1665,0.341725,885.901,1583800.0,0.63352
1,CUTLASS,gemm,cutlass3x_sm100_tensorop_gemm_bf16_bf16_f32_void_bf16_128x256x64_1x2x1_0_tnt_align8_1sm,passed,success,universal,4096,7168,9216,bf16:row,bf16:column,void:row,bf16:row,1,0,serial,1,1,heuristic,invalid,invalid,False,False,8,tensorop,f32,128,256,64,1,2,1,1,1,1,4,4,1,1,128,256,16,100,110,207618048,541224599552,2606,0.342342,564.813,1580950.0,0.63238
1,CUTLASS,gemm,cutlass3x_sm100_tensorop_gemm_bf16_bf16_f32_f32_f32_256x256x64_4x1x1_0_tnt_align8_stream_k_2sm,passed,success,universal,4096,7168,9216,bf16:row,bf16:column,f32:row,f32:row,1,0,serial,1,1,heuristic,invalid,invalid,False,False,8,tensorop,f32,256,256,64,4,1,1,2,1,1,5,4,1,1,256,256,16,100,110,325058560,541224599552,1665,0.34265,883.51,1579530.0,0.631812
1,CUTLASS,gemm,cutlass3x_sm100_tensorop_gemm_bf16_bf16_f32_f32_f32_256x256x64_4x1x1_0_tnt_align8_2sm,passed,success,universal,4096,7168,9216,bf16:row,bf16:column,f32:row,f32:row,1,0,serial,1,1,heuristic,invalid,invalid,False,False,8,tensorop,f32,256,256,64,4,1,1,2,1,1,5,4,1,1,256,256,16,100,110,325058560,541224599552,1665,0.342752,883.246,1579060.0,0.631624
1,CUTLASS,gemm,cutlass3x_sm100_tensorop_gemm_bf16_bf16_f32_void_bf16_128x256x64_0x0x1_0_tnt_align8_1sm,passed,success,universal,4096,7168,9216,bf16:row,bf16:column,void:row,bf16:row,1,0,serial,1,1,heuristic,invalid,invalid,False,False,8,tensorop,f32,128,256,64,1,1,1,1,1,1,4,4,1,1,128,256,16,100,110,207618048,541224599552,2606,0.343981,562.123,1573420.0,0.629368
1,CUTLASS,gemm,cutlass3x_sm100_tensorop_gemm_bf16_bf16_f32_void_bf16_256x256x64_4x4x1_0_tnt_align8_2sm,passed,success,universal,4096,7168,9216,bf16:row,bf16:column,void:row,bf16:row,1,0,serial,1,1,heuristic,invalid,invalid,False,False,8,tensorop,f32,256,256,64,4,4,1,2,1,1,6,4,1,1,256,256,16,100,110,207618048,541224599552,2606,0.344387,561.459,1571560.0,0.628624
1,CUTLASS,gemm,cutlass3x_sm100_tensorop_gemm_bf16_bf16_f32_void_f32_128x256x64_0x0x1_0_tnt_align8_stream_k_1sm,passed,success,universal,4096,7168,9216,bf16:row,bf16:column,void:row,f32:row,1,0,serial,1,1,heuristic,invalid,invalid,False,False,8,tensorop,f32,128,256,64,1,1,1,1,1,1,4,4,1,1,128,256,16,100,110,207618048,541224599552,2606,0.344394,561.449,1571530.0,0.628612
1,CUTLASS,gemm,cutlass3x_sm100_tensorop_gemm_bf16_bf16_f32_void_bf16_256x256x64_2x4x1_0_tnt_align8_stream_k_2sm,passed,success,universal,4096,7168,9216,bf16:row,bf16:column,void:row,bf16:row,1,0,serial,1,1,heuristic,invalid,invalid,False,False,8,tensorop,f32,256,256,64,2,4,1,2,1,1,6,4,1,1,256,256,16,100,110,207618048,541224599552,2606,0.345213,560.116,1567800.0,0.62712
1,CUTLASS,gemm,cutlass3x_sm100_tensorop_gemm_bf16_bf16_f32_void_bf16_256x256x64_4x2x1_0_tnt_align8_2sm,passed,success,universal,4096,7168,9216,bf16:row,bf16:column,void:row,bf16:row,1,0,serial,1,1,heuristic,invalid,invalid,False,False,8,tensorop,f32,256,256,64,4,2,1,2,1,1,6,4,1,1,256,256,16,100,110,207618048,541224599552,2606,0.345824,559.127,1565030.0,0.626012
1,CUTLASS,gemm,cutlass3x_sm100_tensorop_gemm_bf16_bf16_f32_void_bf16_256x256x64_4x2x1_0_tnt_align8_stream_k_2sm,passed,success,universal,4096,7168,9216,bf16:row,bf16:column,void:row,bf16:row,1,0,serial,1,1,heuristic,invalid,invalid,False,False,8,tensorop,f32,256,256,64,4,2,1,2,1,1,6,4,1,1,256,256,16,100,110,207618048,541224599552,2606,0.34593,558.956,1564550.0,0.62582
1,CUTLASS,gemm,cutlass3x_sm100_tensorop_gemm_bf16_bf16_f32_bf16_bf16_256x256x64_4x4x1_0_tnt_align8_stream_k_2sm,passed,success,universal,4096,7168,9216,bf16:row,bf16:column,bf16:row,bf16:row,1,0,serial,1,1,heuristic,invalid,invalid,False,False,8,tensorop,f32,256,256,64,4,4,1,2,1,1,5,4,1,1,256,256,16,100,110,266338304,541224599552,2032,0.346541,715.78,1561790.0,0.624716
1,CUTLASS,gemm,cutlass3x_sm100_tensorop_gemm_bf16_bf16_f32_void_bf16_256x128x64_4x1x1_0_tnt_align8_2sm,passed,success,universal,4096,7168,9216,bf16:row,bf16:column,void:row,bf16:row,1,0,serial,1,1,heuristic,invalid,invalid,False,False,8,tensorop,f32,256,128,64,4,1,1,2,1,1,8,4,1,1,256,128,16,100,110,207618048,541224599552,2606,0.34695,557.311,1559950.0,0.62398
1,CUTLASS,gemm,cutlass3x_sm100_tensorop_gemm_bf16_bf16_f32_f32_f32_256x128x64_2x1x1_0_tnt_align8_2sm,passed,success,universal,4096,7168,9216,bf16:row,bf16:column,f32:row,f32:row,1,0,serial,1,1,heuristic,invalid,invalid,False,False,8,tensorop,f32,256,128,64,2,1,1,2,1,1,8,4,1,1,256,128,16,100,110,325058560,541224599552,1665,0.348406,868.912,1553430.0,0.621372
1,CUTLASS,gemm,cutlass3x_sm100_tensorop_gemm_bf16_bf16_f32_f32_f32_256x128x64_0x0x1_0_tnt_align8_2sm,passed,success,universal,4096,7168,9216,bf16:row,bf16:column,f32:row,f32:row,1,0,serial,1,1,heuristic,invalid,invalid,False,False,8,tensorop,f32,256,128,64,2,1,1,2,1,1,8,4,1,1,256,128,16,100,110,325058560,541224599552,1665,0.348416,868.888,1553390.0,0.621356
1,CUTLASS,gemm,cutlass3x_sm100_tensorop_gemm_bf16_bf16_f32_bf16_bf16_256x128x64_4x1x1_0_tnt_align8_2sm,passed,success,universal,4096,7168,9216,bf16:row,bf16:column,bf16:row,bf16:row,1,0,serial,1,1,heuristic,invalid,invalid,False,False,8,tensorop,f32,256,128,64,4,1,1,2,1,1,8,4,1,1,256,128,16,100,110,266338304,541224599552,2032,0.348995,710.746,1550810.0,0.620324
1,CUTLASS,gemm,cutlass3x_sm100_tensorop_gemm_bf16_bf16_f32_f32_f32_256x256x64_2x2x1_0_tnt_align8_2sm,passed,success,universal,4096,7168,9216,bf16:row,bf16:column,f32:row,f32:row,1,0,serial,1,1,heuristic,invalid,invalid,False,False,8,tensorop,f32,256,256,64,2,2,1,2,1,1,5,4,1,1,256,256,16,100,110,325058560,541224599552,1665,0.349309,866.667,1549420.0,0.619768
1,CUTLASS,gemm,cutlass3x_sm100_tensorop_gemm_bf16_bf16_f32_void_f32_256x128x64_2x1x1_0_tnt_align8_2sm,passed,success,universal,4096,7168,9216,bf16:row,bf16:column,void:row,f32:row,1,0,serial,1,1,heuristic,invalid,invalid,False,False,8,tensorop,f32,256,128,64,2,1,1,2,1,1,8,4,1,1,256,128,16,100,110,207618048,541224599552,2606,0.349613,553.067,1548070.0,0.619228
1,CUTLASS,gemm,cutlass3x_sm100_tensorop_gemm_bf16_bf16_f32_f32_f32_256x128x64_2x2x1_0_tnt_align8_2sm,passed,success,universal,4096,7168,9216,bf16:row,bf16:column,f32:row,f32:row,1,0,serial,1,1,heuristic,invalid,invalid,False,False,8,tensorop,f32,256,128,64,2,2,1,2,1,1,8,4,1,1,256,128,16,100,110,325058560,541224599552,1665,0.349613,865.913,1548070.0,0.619228
1,CUTLASS,gemm,cutlass3x_sm100_tensorop_gemm_bf16_bf16_f32_void_f32_256x128x64_2x2x1_0_tnt_align8_2sm,passed,success,universal,4096,7168,9216,bf16:row,bf16:column,void:row,f32:row,1,0,serial,1,1,heuristic,invalid,invalid,False,False,8,tensorop,f32,256,128,64,2,2,1,2,1,1,8,4,1,1,256,128,16,100,110,207618048,541224599552,2606,0.349946,552.541,1546600.0,0.61864
1,CUTLASS,gemm,cutlass3x_sm100_tensorop_gemm_bf16_bf16_f32_void_f32_128x256x64_1x1x1_0_tnt_align8_1sm,passed,success,universal,4096,7168,9216,bf16:row,bf16:column,void:row,f32:row,1,0,serial,1,1,heuristic,invalid,invalid,False,False,8,tensorop,f32,128,256,64,1,1,1,1,1,1,4,4,1,1,128,256,16,100,110,207618048,541224599552,2606,0.350022,552.42,1546260.0,0.618504
1,CUTLASS,gemm,cutlass3x_sm100_tensorop_gemm_bf16_bf16_f32_void_f32_256x128x64_0x0x1_0_tnt_align8_2sm,passed,success,universal,4096,7168,9216,bf16:row,bf16:column,void:row,f32:row,1,0,serial,1,1,heuristic,invalid,invalid,False,False,8,tensorop,f32,256,128,64,2,1,1,2,1,1,8,4,1,1,256,128,16,100,110,207618048,541224599552,2606,0.350534,551.613,1544000.0,0.6176
1,CUTLASS,gemm,cutlass3x_sm100_tensorop_gemm_bf16_bf16_f32_void_f32_256x256x64_4x4x1_0_tnt_align8_2sm,passed,success,universal,4096,7168,9216,bf16:row,bf16:column,void:row,f32:row,1,0,serial,1,1,heuristic,invalid,invalid,False,False,8,tensorop,f32,256,256,64,4,4,1,2,1,1,6,4,1,1,256,256,16,100,110,207618048,541224599552,2606,0.351891,549.486,1538050.0,0.61522
1,CUTLASS,gemm,cutlass3x_sm100_tensorop_gemm_bf16_bf16_f32_void_f32_256x256x64_4x2x1_0_tnt_align8_2sm,passed,success,universal,4096,7168,9216,bf16:row,bf16:column,void:row,f32:row,1,0,serial,1,1,heuristic,invalid,invalid,False,False,8,tensorop,f32,256,256,64,4,2,1,2,1,1,6,4,1,1,256,256,16,100,110,207618048,541224599552,2606,0.351968,549.366,1537710.0,0.615084
1,CUTLASS,gemm,cutlass3x_sm100_tensorop_gemm_bf16_bf16_f32_void_f32_256x256x64_2x4x1_0_tnt_align8_stream_k_2sm,passed,success,universal,4096,7168,9216,bf16:row,bf16:column,void:row,f32:row,1,0,serial,1,1,heuristic,invalid,invalid,False,False,8,tensorop,f32,256,256,64,2,4,1,2,1,1,6,4,1,1,256,256,16,100,110,207618048,541224599552,2606,0.35207,549.207,1537260.0,0.614904
1,CUTLASS,gemm,cutlass3x_sm100_tensorop_gemm_bf16_bf16_f32_void_f32_256x256x64_4x2x1_0_tnt_align8_stream_k_2sm,passed,success,universal,4096,7168,9216,bf16:row,bf16:column,void:row,f32:row,1,0,serial,1,1,heuristic,invalid,invalid,False,False,8,tensorop,f32,256,256,64,4,2,1,2,1,1,6,4,1,1,256,256,16,100,110,207618048,541224599552,2606,0.352099,549.162,1537140.0,0.614856
1,CUTLASS,gemm,cutlass3x_sm100_tensorop_gemm_bf16_bf16_f32_f32_f32_128x256x64_4x1x1_0_tnt_align8_2sm_epi_tma,passed,success,universal,4096,7168,9216,bf16:row,bf16:column,f32:row,f32:row,1,0,serial,1,1,heuristic,invalid,invalid,False,False,8,tensorop,f32,128,256,64,4,1,1,2,1,1,8,4,1,1,128,256,16,100,110,325058560,541224599552,1665,0.352173,859.619,1536820.0,0.614728
1,CUTLASS,gemm,cutlass3x_sm100_tensorop_gemm_bf16_bf16_f32_void_bf16_128x256x64_2x1x1_0_tnt_align8_2sm_epi_tma,passed,success,universal,4096,7168,9216,bf16:row,bf16:column,void:row,bf16:row,1,0,serial,1,1,heuristic,invalid,invalid,False,False,8,tensorop,f32,128,256,64,2,1,1,2,1,1,8,4,1,1,128,256,16,100,110,207618048,541224599552,2606,0.35248,548.568,1535480.0,0.614192
1,CUTLASS,gemm,cutlass3x_sm100_tensorop_gemm_bf16_bf16_f32_bf16_bf16_128x256x64_2x1x1_0_tnt_align8_2sm_epi_tma,passed,success,universal,4096,7168,9216,bf16:row,bf16:column,bf16:row,bf16:row,1,0,serial,1,1,heuristic,invalid,invalid,False,False,8,tensorop,f32,128,256,64,2,1,1,2,1,1,8,4,1,1,128,256,16,100,110,266338304,541224599552,2032,0.352922,702.838,1533550.0,0.61342
1,CUTLASS,gemm,cutlass3x_sm100_tensorop_gemm_bf16_bf16_f32_void_f32_128x256x64_1x2x1_0_tnt_align8_1sm,passed,success,universal,4096,7168,9216,bf16:row,bf16:column,void:row,f32:row,1,0,serial,1,1,heuristic,invalid,invalid,False,False,8,tensorop,f32,128,256,64,1,2,1,1,1,1,4,4,1,1,128,256,16,100,110,207618048,541224599552,2606,0.352992,547.773,1533250.0,0.6133
1,CUTLASS,gemm,cutlass3x_sm100_tensorop_gemm_bf16_bf16_f32_void_f32_128x256x64_4x1x1_0_tnt_align8_2sm_epi_tma,passed,success,universal,4096,7168,9216,bf16:row,bf16:column,void:row,f32:row,1,0,serial,1,1,heuristic,invalid,invalid,False,False,8,tensorop,f32,128,256,64,4,1,1,2,1,1,8,4,1,1,128,256,16,100,110,207618048,541224599552,2606,0.353197,547.455,1532360.0,0.612944
1,CUTLASS,gemm,cutlass3x_sm100_tensorop_gemm_bf16_bf16_f32_bf16_bf16_128x256x64_0x0x1_0_tnt_align8_2sm_epi_tma,passed,success,universal,4096,7168,9216,bf16:row,bf16:column,bf16:row,bf16:row,1,0,serial,1,1,heuristic,invalid,invalid,False,False,8,tensorop,f32,128,256,64,2,1,1,2,1,1,8,4,1,1,128,256,16,100,110,266338304,541224599552,2032,0.353507,701.674,1531010.0,0.612404
1,CUTLASS,gemm,cutlass3x_sm100_tensorop_gemm_bf16_bf16_f32_void_f32_128x256x64_0x0x1_0_tnt_align8_1sm,passed,success,universal,4096,7168,9216,bf16:row,bf16:column,void:row,f32:row,1,0,serial,1,1,heuristic,invalid,invalid,False,False,8,tensorop,f32,128,256,64,1,1,1,1,1,1,4,4,1,1,128,256,16,100,110,207618048,541224599552,2606,0.353606,546.821,1530580.0,0.612232
1,CUTLASS,gemm,cutlass3x_sm100_tensorop_gemm_bf16_bf16_f32_void_bf16_128x256x64_0x0x1_0_tnt_align8_2sm_epi_tma,passed,success,universal,4096,7168,9216,bf16:row,bf16:column,void:row,bf16:row,1,0,serial,1,1,heuristic,invalid,invalid,False,False,8,tensorop,f32,128,256,64,2,1,1,2,1,1,8,4,1,1,128,256,16,100,110,207618048,541224599552,2606,0.353914,546.346,1529260.0,0.611704
1,CUTLASS,gemm,cutlass3x_sm100_tensorop_gemm_bf16_bf16_f32_bf16_bf16_256x128x64_4x2x1_0_tnt_align8_2sm,passed,success,universal,4096,7168,9216,bf16:row,bf16:column,bf16:row,bf16:row,1,0,serial,1,1,heuristic,invalid,invalid,False,False,8,tensorop,f32,256,128,64,4,2,1,2,1,1,8,4,1,1,256,128,16,100,110,266338304,541224599552,2032,0.354726,699.262,1525750.0,0.6103
1,CUTLASS,gemm,cutlass3x_sm100_tensorop_gemm_bf16_bf16_f32_bf16_bf16_256x256x64_2x4x1_0_tnt_align8_stream_k_2sm,passed,success,universal,4096,7168,9216,bf16:row,bf16:column,bf16:row,bf16:row,1,0,serial,1,1,heuristic,invalid,invalid,False,False,8,tensorop,f32,256,256,64,2,4,1,2,1,1,5,4,1,1,256,256,16,100,110,266338304,541224599552,2032,0.354938,698.846,1524840.0,0.609936
1,CUTLASS,gemm,cutlass3x_sm100_tensorop_gemm_bf16_bf16_f32_bf16_bf16_256x256x64_4x2x1_0_tnt_align8_stream_k_2sm,passed,success,universal,4096,7168,9216,bf16:row,bf16:column,bf16:row,bf16:row,1,0,serial,1,1,heuristic,invalid,invalid,False,False,8,tensorop,f32,256,256,64,4,2,1,2,1,1,5,4,1,1,256,256,16,100,110,266338304,541224599552,2032,0.355453,697.834,1522630.0,0.609052
1,CUTLASS,gemm,cutlass3x_sm100_tensorop_gemm_bf16_bf16_f32_bf16_bf16_256x256x64_4x2x1_0_tnt_align8_2sm,passed,success,universal,4096,7168,9216,bf16:row,bf16:column,bf16:row,bf16:row,1,0,serial,1,1,heuristic,invalid,invalid,False,False,8,tensorop,f32,256,256,64,4,2,1,2,1,1,5,4,1,1,256,256,16,100,110,266338304,541224599552,2032,0.356298,696.179,1519020.0,0.607608
1,CUTLASS,gemm,cutlass3x_sm100_tensorop_gemm_bf16_bf16_f32_void_bf16_256x128x64_4x2x1_0_tnt_align8_2sm,passed,success,universal,4096,7168,9216,bf16:row,bf16:column,void:row,bf16:row,1,0,serial,1,1,heuristic,invalid,invalid,False,False,8,tensorop,f32,256,128,64,4,2,1,2,1,1,8,4,1,1,256,128,16,100,110,207618048,541224599552,2606,0.356883,541.8,1516530.0,0.606612
1,CUTLASS,gemm,cutlass3x_sm100_tensorop_gemm_bf16_bf16_f32_void_bf16_256x128x64_2x1x1_0_tnt_align8_stream_k_2sm,passed,success,universal,4096,7168,9216,bf16:row,bf16:column,void:row,bf16:row,1,0,serial,1,1,heuristic,invalid,invalid,False,False,8,tensorop,f32,256,128,64,2,1,1,2,1,1,8,4,1,1,256,128,16,100,110,207618048,541224599552,2606,0.356886,541.795,1516520.0,0.606608
1,CUTLASS,gemm,cutlass3x_sm100_tensorop_gemm_bf16_bf16_f32_f32_f32_256x128x64_4x1x1_0_tnt_align8_2sm,passed,success,universal,4096,7168,9216,bf16:row,bf16:column,f32:row,f32:row,1,0,serial,1,1,heuristic,invalid,invalid,False,False,8,tensorop,f32,256,128,64,4,1,1,2,1,1,8,4,1,1,256,128,16,100,110,325058560,541224599552,1665,0.357427,846.982,1514220.0,0.605688
1,CUTLASS,gemm,cutlass3x_sm100_tensorop_gemm_bf16_bf16_f32_void_bf16_256x256x64_2x4x1_0_tnt_align8_2sm,passed,success,universal,4096,7168,9216,bf16:row,bf16:column,void:row,bf16:row,1,0,serial,1,1,heuristic,invalid,invalid,False,False,8,tensorop,f32,256,256,64,2,4,1,2,1,1,6,4,1,1,256,256,16,100,110,207618048,541224599552,2606,0.358042,540.047,1511620.0,0.604648
1,CUTLASS,gemm,cutlass3x_sm100_tensorop_gemm_bf16_bf16_f32_bf16_bf16_256x128x64_0x0x1_0_tnt_align8_stream_k_2sm,passed,success,universal,4096,7168,9216,bf16:row,bf16:column,bf16:row,bf16:row,1,0,serial,1,1,heuristic,invalid,invalid,False,False,8,tensorop,f32,256,128,64,2,1,1,2,1,1,8,4,1,1,256,128,16,100,110,266338304,541224599552,2032,0.358211,692.46,1510910.0,0.604364
1,CUTLASS,gemm,cutlass3x_sm100_tensorop_gemm_bf16_bf16_f32_void_f32_256x128x64_4x1x1_0_tnt_align8_2sm,passed,success,universal,4096,7168,9216,bf16:row,bf16:column,void:row,f32:row,1,0,serial,1,1,heuristic,invalid,invalid,False,False,8,tensorop,f32,256,128,64,4,1,1,2,1,1,8,4,1,1,256,128,16,100,110,207618048,541224599552,2606,0.358416,539.483,1510050.0,0.60402
1,CUTLASS,gemm,cutlass3x_sm100_tensorop_gemm_bf16_bf16_f32_void_bf16_256x128x64_0x0x1_0_tnt_align8_stream_k_2sm,passed,success,universal,4096,7168,9216,bf16:row,bf16:column,void:row,bf16:row,1,0,serial,1,1,heuristic,invalid,invalid,False,False,8,tensorop,f32,256,128,64,2,1,1,2,1,1,8,4,1,1,256,128,16,100,110,207618048,541224599552,2606,0.358547,539.286,1509490.0,0.603796
1,CUTLASS,gemm,cutlass3x_sm100_tensorop_gemm_bf16_bf16_f32_bf16_bf16_256x128x64_2x1x1_0_tnt_align8_stream_k_2sm,passed,success,universal,4096,7168,9216,bf16:row,bf16:column,bf16:row,bf16:row,1,0,serial,1,1,heuristic,invalid,invalid,False,False,8,tensorop,f32,256,128,64,2,1,1,2,1,1,8,4,1,1,256,128,16,100,110,266338304,541224599552,2032,0.359267,690.424,1506470.0,0.602588
1,CUTLASS,gemm,cutlass3x_sm100_tensorop_gemm_bf16_bf16_f32_f32_f32_256x256x64_4x4x1_0_tnt_align8_stream_k_2sm,passed,success,universal,4096,7168,9216,bf16:row,bf16:column,f32:row,f32:row,1,0,serial,1,1,heuristic,invalid,invalid,False,False,8,tensorop,f32,256,256,64,4,4,1,2,1,1,5,4,1,1,256,256,16,100,110,325058560,541224599552,1665,0.359648,841.752,1504870.0,0.601948
1,CUTLASS,gemm,cutlass3x_sm100_tensorop_gemm_bf16_bf16_f32_f32_f32_128x256x64_2x1x1_0_tnt_align8_2sm_epi_tma,passed,success,universal,4096,7168,9216,bf16:row,bf16:column,f32:row,f32:row,1,0,serial,1,1,heuristic,invalid,invalid,False,False,8,tensorop,f32,128,256,64,2,1,1,2,1,1,8,4,1,1,128,256,16,100,110,325058560,541224599552,1665,0.3608,839.064,1500070.0,0.600028
1,CUTLASS,gemm,cutlass3x_sm100_tensorop_gemm_bf16_bf16_f32_f32_f32_128x256x64_0x0x1_0_tnt_align8_2sm_epi_tma,passed,success,universal,4096,7168,9216,bf16:row,bf16:column,f32:row,f32:row,1,0,serial,1,1,heuristic,invalid,invalid,False,False,8,tensorop,f32,128,256,64,2,1,1,2,1,1,8,4,1,1,128,256,16,100,110,325058560,541224599552,1665,0.360902,838.826,1499640.0,0.599856
1,CUTLASS,gemm,cutlass3x_sm100_tensorop_gemm_bf16_bf16_f32_void_f32_128x256x64_2x1x1_0_tnt_align8_2sm_epi_tma,passed,success,universal,4096,7168,9216,bf16:row,bf16:column,void:row,f32:row,1,0,serial,1,1,heuristic,invalid,invalid,False,False,8,tensorop,f32,128,256,64,2,1,1,2,1,1,8,4,1,1,128,256,16,100,110,207618048,541224599552,2606,0.361898,534.293,1495520.0,0.598208
1,CUTLASS,gemm,cutlass3x_sm100_tensorop_gemm_bf16_bf16_f32_void_f32_128x256x64_0x0x1_0_tnt_align8_2sm_epi_tma,passed,success,universal,4096,7168,9216,bf16:row,bf16:column,void:row,f32:row,1,0,serial,1,1,heuristic,invalid,invalid,False,False,8,tensorop,f32,128,256,64,2,1,1,2,1,1,8,4,1,1,128,256,16,100,110,207618048,541224599552,2606,0.361926,534.251,1495400.0,0.59816
1,CUTLASS,gemm,cutlass3x_sm100_tensorop_gemm_bf16_bf16_f32_f32_f32_256x256x64_2x4x1_0_tnt_align8_stream_k_2sm,passed,success,universal,4096,7168,9216,bf16:row,bf16:column,f32:row,f32:row,1,0,serial,1,1,heuristic,invalid,invalid,False,False,8,tensorop,f32,256,256,64,2,4,1,2,1,1,5,4,1,1,256,256,16,100,110,325058560,541224599552,1665,0.363773,832.207,1487810.0,0.595124
1,CUTLASS,gemm,cutlass3x_sm100_tensorop_gemm_bf16_bf16_f32_f32_f32_256x256x64_4x2x1_0_tnt_align8_2sm,passed,success,universal,4096,7168,9216,bf16:row,bf16:column,f32:row,f32:row,1,0,serial,1,1,heuristic,invalid,invalid,False,False,8,tensorop,f32,256,256,64,4,2,1,2,1,1,5,4,1,1,256,256,16,100,110,325058560,541224599552,1665,0.364666,830.17,1484170.0,0.593668
1,CUTLASS,gemm,cutlass3x_sm100_tensorop_gemm_bf16_bf16_f32_f32_f32_256x128x64_0x0x1_0_tnt_align8_stream_k_2sm,passed,success,universal,4096,7168,9216,bf16:row,bf16:column,f32:row,f32:row,1,0,serial,1,1,heuristic,invalid,invalid,False,False,8,tensorop,f32,256,128,64,2,1,1,2,1,1,8,4,1,1,256,128,16,100,110,325058560,541224599552,1665,0.36487,829.704,1483330.0,0.593332
1,CUTLASS,gemm,cutlass3x_sm100_tensorop_gemm_bf16_bf16_f32_void_f32_256x128x64_2x1x1_0_tnt_align8_stream_k_2sm,passed,success,universal,4096,7168,9216,bf16:row,bf16:column,void:row,f32:row,1,0,serial,1,1,heuristic,invalid,invalid,False,False,8,tensorop,f32,256,128,64,2,1,1,2,1,1,8,4,1,1,256,128,16,100,110,207618048,541224599552,2606,0.365075,529.643,1482500.0,0.593
1,CUTLASS,gemm,cutlass3x_sm100_tensorop_gemm_bf16_bf16_f32_f32_f32_256x256x64_4x2x1_0_tnt_align8_stream_k_2sm,passed,success,universal,4096,7168,9216,bf16:row,bf16:column,f32:row,f32:row,1,0,serial,1,1,heuristic,invalid,invalid,False,False,8,tensorop,f32,256,256,64,4,2,1,2,1,1,5,4,1,1,256,256,16,100,110,325058560,541224599552,1665,0.365514,828.244,1480720.0,0.592288
1,CUTLASS,gemm,cutlass3x_sm100_tensorop_gemm_bf16_bf16_f32_void_bf16_128x256x64_4x1x1_0_tnt_align8_stream_k_2sm_epi_tma,passed,success,universal,4096,7168,9216,bf16:row,bf16:column,void:row,bf16:row,1,0,serial,1,1,heuristic,invalid,invalid,False,False,8,tensorop,f32,128,256,64,4,1,1,2,1,1,8,4,1,1,128,256,16,100,110,207618048,541224599552,2606,0.36552,528.998,1480700.0,0.59228
1,CUTLASS,gemm,cutlass3x_sm100_tensorop_gemm_bf16_bf16_f32_void_bf16_256x128x64_2x2x1_0_tnt_align8_stream_k_2sm,passed,success,universal,4096,7168,9216,bf16:row,bf16:column,void:row,bf16:row,1,0,serial,1,1,heuristic,invalid,invalid,False,False,8,tensorop,f32,256,128,64,2,2,1,2,1,1,8,4,1,1,256,128,16,100,110,207618048,541224599552,2606,0.36569,528.753,1480010.0,0.592004
1,CUTLASS,gemm,cutlass3x_sm100_tensorop_gemm_bf16_bf16_f32_f32_f32_256x128x64_2x1x1_0_tnt_align8_stream_k_2sm,passed,success,universal,4096,7168,9216,bf16:row,bf16:column,f32:row,f32:row,1,0,serial,1,1,heuristic,invalid,invalid,False,False,8,tensorop,f32,256,128,64,2,1,1,2,1,1,8,4,1,1,256,128,16,100,110,325058560,541224599552,1665,0.365792,827.613,1479600.0,0.59184
1,CUTLASS,gemm,cutlass3x_sm100_tensorop_gemm_bf16_bf16_f32_void_f32_256x128x64_0x0x1_0_tnt_align8_stream_k_2sm,passed,success,universal,4096,7168,9216,bf16:row,bf16:column,void:row,f32:row,1,0,serial,1,1,heuristic,invalid,invalid,False,False,8,tensorop,f32,256,128,64,2,1,1,2,1,1,8,4,1,1,256,128,16,100,110,207618048,541224599552,2606,0.366202,528.013,1477940.0,0.591176
1,CUTLASS,gemm,cutlass3x_sm100_tensorop_gemm_bf16_bf16_f32_bf16_bf16_128x256x64_4x1x1_0_tnt_align8_stream_k_2sm_epi_tma,passed,success,universal,4096,7168,9216,bf16:row,bf16:column,bf16:row,bf16:row,1,0,serial,1,1,heuristic,invalid,invalid,False,False,8,tensorop,f32,128,256,64,4,1,1,2,1,1,8,4,1,1,128,256,16,100,110,266338304,541224599552,2032,0.366413,676.96,1477090.0,0.590836
1,CUTLASS,gemm,cutlass3x_sm100_tensorop_gemm_bf16_bf16_f32_bf16_bf16_256x128x64_2x2x1_0_tnt_align8_stream_k_2sm,passed,success,universal,4096,7168,9216,bf16:row,bf16:column,bf16:row,bf16:row,1,0,serial,1,1,heuristic,invalid,invalid,False,False,8,tensorop,f32,256,128,64,2,2,1,2,1,1,8,4,1,1,256,128,16,100,110,266338304,541224599552,2032,0.366816,676.216,1475470.0,0.590188
1,CUTLASS,gemm,cutlass3x_sm100_tensorop_gemm_bf16_bf16_f32_f32_f32_256x128x64_4x2x1_0_tnt_align8_2sm,passed,success,universal,4096,7168,9216,bf16:row,bf16:column,f32:row,f32:row,1,0,serial,1,1,heuristic,invalid,invalid,False,False,8,tensorop,f32,256,128,64,4,2,1,2,1,1,8,4,1,1,256,128,16,100,110,325058560,541224599552,1665,0.367024,824.835,1474630.0,0.589852
1,CUTLASS,gemm,cutlass3x_sm100_tensorop_gemm_bf16_bf16_f32_void_f32_256x256x64_2x4x1_0_tnt_align8_2sm,passed,success,universal,4096,7168,9216,bf16:row,bf16:column,void:row,f32:row,1,0,serial,1,1,heuristic,invalid,invalid,False,False,8,tensorop,f32,256,256,64,2,4,1,2,1,1,6,4,1,1,256,256,16,100,110,207618048,541224599552,2606,0.367226,526.541,1473820.0,0.589528
1,CUTLASS,gemm,cutlass3x_sm100_tensorop_gemm_bf16_bf16_f32_void_bf16_256x128x64_4x1x1_0_tnt_align8_stream_k_2sm,passed,success,universal,4096,7168,9216,bf16:row,bf16:column,void:row,bf16:row,1,0,serial,1,1,heuristic,invalid,invalid,False,False,8,tensorop,f32,256,128,64,4,1,1,2,1,1,8,4,1,1,256,128,16,100,110,207618048,541224599552,2606,0.367843,525.657,1471350.0,0.58854
1,CUTLASS,gemm,cutlass3x_sm100_tensorop_gemm_bf16_bf16_f32_bf16_bf16_256x256x64_4x4x1_0_tnt_align8_2sm,passed,success,universal,4096,7168,9216,bf16:row,bf16:column,bf16:row,bf16:row,1,0,serial,1,1,heuristic,invalid,invalid,False,False,8,tensorop,f32,256,256,64,4,4,1,2,1,1,5,4,1,1,256,256,16,100,110,266338304,541224599552,2032,0.368688,672.783,1467970.0,0.587188
1,CUTLASS,gemm,cutlass3x_sm100_tensorop_gemm_bf16_bf16_f32_bf16_bf16_256x128x64_4x1x1_0_tnt_align8_stream_k_2sm,passed,success,universal,4096,7168,9216,bf16:row,bf16:column,bf16:row,bf16:row,1,0,serial,1,1,heuristic,invalid,invalid,False,False,8,tensorop,f32,256,128,64,4,1,1,2,1,1,8,4,1,1,256,128,16,100,110,266338304,541224599552,2032,0.368787,672.602,1467580.0,0.587032
1,CUTLASS,gemm,cutlass3x_sm100_tensorop_gemm_bf16_bf16_f32_void_f32_256x128x64_4x2x1_0_tnt_align8_2sm,passed,success,universal,4096,7168,9216,bf16:row,bf16:column,void:row,f32:row,1,0,serial,1,1,heuristic,invalid,invalid,False,False,8,tensorop,f32,256,128,64,4,2,1,2,1,1,8,4,1,1,256,128,16,100,110,207618048,541224599552,2606,0.369174,523.762,1466040.0,0.586416
1,CUTLASS,gemm,cutlass3x_sm100_tensorop_gemm_bf16_bf16_f32_bf16_bf16_128x128x64_1x1x1_0_tnt_align8_1sm,passed,success,universal,4096,7168,9216,bf16:row,bf16:column,bf16:row,bf16:row,1,0,serial,1,1,heuristic,invalid,invalid,False,False,8,tensorop,f32,128,128,64,1,1,1,1,1,1,6,4,1,1,128,128,16,100,110,266338304,541224599552,2032,0.369376,671.529,1465240.0,0.586096
1,CUTLASS,gemm,cutlass3x_sm100_tensorop_gemm_bf16_bf16_f32_void_bf16_128x128x64_1x1x1_0_tnt_align8_1sm,passed,success,universal,4096,7168,9216,bf16:row,bf16:column,void:row,bf16:row,1,0,serial,1,1,heuristic,invalid,invalid,False,False,8,tensorop,f32,128,128,64,1,1,1,1,1,1,6,4,1,1,128,128,16,100,110,207618048,541224599552,2606,0.369888,522.751,1463210.0,0.585284
1,CUTLASS,gemm,cutlass3x_sm100_tensorop_gemm_bf16_bf16_f32_void_bf16_128x256x64_1x4x1_0_tnt_align8_stream_k_1sm,passed,success,universal,4096,7168,9216,bf16:row,bf16:column,void:row,bf16:row,1,0,serial,1,1,heuristic,invalid,invalid,False,False,8,tensorop,f32,128,256,64,1,4,1,1,1,1,4,4,1,1,128,256,16,100,110,207618048,541224599552,2606,0.370195,522.317,1462000.0,0.5848
1,CUTLASS,gemm,cutlass3x_sm100_tensorop_gemm_bf16_bf16_f32_bf16_bf16_128x128x64_0x0x1_0_tnt_align8_1sm,passed,success,universal,4096,7168,9216,bf16:row,bf16:column,bf16:row,bf16:row,1,0,serial,1,1,heuristic,invalid,invalid,False,False,8,tensorop,f32,128,128,64,1,1,1,1,1,1,6,4,1,1,128,128,16,100,110,266338304,541224599552,2032,0.370707,669.118,1459980.0,0.583992
1,CUTLASS,gemm,cutlass3x_sm100_tensorop_gemm_bf16_bf16_f32_void_bf16_128x128x64_0x0x1_0_tnt_align8_1sm,passed,success,universal,4096,7168,9216,bf16:row,bf16:column,void:row,bf16:row,1,0,serial,1,1,heuristic,invalid,invalid,False,False,8,tensorop,f32,128,128,64,1,1,1,1,1,1,6,4,1,1,128,128,16,100,110,207618048,541224599552,2606,0.371117,521.02,1458370.0,0.583348
1,CUTLASS,gemm,cutlass3x_sm100_tensorop_gemm_bf16_bf16_f32_void_bf16_128x256x64_2x1x1_0_tnt_align8_stream_k_2sm_epi_tma,passed,success,universal,4096,7168,9216,bf16:row,bf16:column,void:row,bf16:row,1,0,serial,1,1,heuristic,invalid,invalid,False,False,8,tensorop,f32,128,256,64,2,1,1,2,1,1,8,4,1,1,128,256,16,100,110,207618048,541224599552,2606,0.372346,519.301,1453550.0,0.58142
1,CUTLASS,gemm,cutlass3x_sm100_tensorop_gemm_bf16_bf16_f32_bf16_bf16_128x128x64_4x1x1_0_tnt_align8_2sm_epi_tma,passed,success,universal,4096,7168,9216,bf16:row,bf16:column,bf16:row,bf16:row,1,0,serial,1,1,heuristic,invalid,invalid,False,False,8,tensorop,f32,128,128,64,4,1,1,2,1,1,13,4,1,1,128,128,16,100,110,266338304,541224599552,2032,0.372963,665.071,1451150.0,0.58046
1,CUTLASS,gemm,cutlass3x_sm100_tensorop_gemm_bf16_bf16_f32_bf16_bf16_256x256x64_2x4x1_0_tnt_align8_2sm,passed,success,universal,4096,7168,9216,bf16:row,bf16:column,bf16:row,bf16:row,1,0,serial,1,1,heuristic,invalid,invalid,False,False,8,tensorop,f32,256,256,64,2,4,1,2,1,1,5,4,1,1,256,256,16,100,110,266338304,541224599552,2032,0.373392,664.307,1449480.0,0.579792
1,CUTLASS,gemm,cutlass3x_sm100_tensorop_gemm_bf16_bf16_f32_void_bf16_128x128x64_4x1x1_0_tnt_align8_2sm_epi_tma,passed,success,universal,4096,7168,9216,bf16:row,bf16:column,void:row,bf16:row,1,0,serial,1,1,heuristic,invalid,invalid,False,False,8,tensorop,f32,128,128,64,4,1,1,2,1,1,13,4,1,1,128,128,16,100,110,207618048,541224599552,2606,0.373472,517.735,1449170.0,0.579668
1,CUTLASS,gemm,cutlass3x_sm100_tensorop_gemm_bf16_bf16_f32_void_bf16_128x256x64_0x0x1_0_tnt_align8_stream_k_2sm_epi_tma,passed,success,universal,4096,7168,9216,bf16:row,bf16:column,void:row,bf16:row,1,0,serial,1,1,heuristic,invalid,invalid,False,False,8,tensorop,f32,128,256,64,2,1,1,2,1,1,8,4,1,1,128,256,16,100,110,207618048,541224599552,2606,0.373475,517.73,1449160.0,0.579664
1,CUTLASS,gemm,cutlass3x_sm100_tensorop_gemm_bf16_bf16_f32_bf16_bf16_128x128x64_2x2x1_0_tnt_align8_2sm_epi_tma,passed,success,universal,4096,7168,9216,bf16:row,bf16:column,bf16:row,bf16:row,1,0,serial,1,1,heuristic,invalid,invalid,False,False,8,tensorop,f32,128,128,64,2,2,1,2,1,1,13,4,1,1,128,128,16,100,110,266338304,541224599552,2032,0.373578,663.977,1448760.0,0.579504
1,CUTLASS,gemm,cutlass3x_sm100_tensorop_gemm_bf16_bf16_f32_void_bf16_128x128x64_2x2x1_0_tnt_align8_2sm_epi_tma,passed,success,universal,4096,7168,9216,bf16:row,bf16:column,void:row,bf16:row,1,0,serial,1,1,heuristic,invalid,invalid,False,False,8,tensorop,f32,128,128,64,2,2,1,2,1,1,13,4,1,1,128,128,16,100,110,207618048,541224599552,2606,0.373779,517.309,1447980.0,0.579192
1,CUTLASS,gemm,cutlass3x_sm100_tensorop_gemm_bf16_bf16_f32_bf16_bf16_128x256x64_2x1x1_0_tnt_align8_stream_k_2sm_epi_tma,passed,success,universal,4096,7168,9216,bf16:row,bf16:column,bf16:row,bf16:row,1,0,serial,1,1,heuristic,invalid,invalid,False,False,8,tensorop,f32,128,256,64,2,1,1,2,1,1,8,4,1,1,128,256,16,100,110,266338304,541224599552,2032,0.374634,662.105,1444680.0,0.577872
1,CUTLASS,gemm,cutlass3x_sm100_tensorop_gemm_bf16_bf16_f32_f32_f32_128x256x64_4x1x1_0_tnt_align8_stream_k_2sm_epi_tma,passed,success,universal,4096,7168,9216,bf16:row,bf16:column,f32:row,f32:row,1,0,serial,1,1,heuristic,invalid,invalid,False,False,8,tensorop,f32,128,256,64,4,1,1,2,1,1,8,4,1,1,128,256,16,100,110,325058560,541224599552,1665,0.375011,807.268,1443220.0,0.577288
1,CUTLASS,gemm,cutlass3x_sm100_tensorop_gemm_bf16_bf16_f32_f32_f32_256x128x64_2x2x1_0_tnt_align8_stream_k_2sm,passed,success,universal,4096,7168,9216,bf16:row,bf16:column,f32:row,f32:row,1,0,serial,1,1,heuristic,invalid,invalid,False,False,8,tensorop,f32,256,128,64,2,2,1,2,1,1,8,4,1,1,256,128,16,100,110,325058560,541224599552,1665,0.375114,807.047,1442830.0,0.577132
1,CUTLASS,gemm,cutlass3x_sm100_tensorop_gemm_bf16_bf16_f32_void_f32_128x256x64_4x1x1_0_tnt_align8_stream_k_2sm_epi_tma,passed,success,universal,4096,7168,9216,bf16:row,bf16:column,void:row,f32:row,1,0,serial,1,1,heuristic,invalid,invalid,False,False,8,tensorop,f32,128,256,64,4,1,1,2,1,1,8,4,1,1,128,256,16,100,110,207618048,541224599552,2606,0.375318,515.188,1442040.0,0.576816
1,CUTLASS,gemm,cutlass3x_sm100_tensorop_gemm_bf16_bf16_f32_void_bf16_128x128x64_0x0x1_0_tnt_align8_2sm_epi_tma,passed,success,universal,4096,7168,9216,bf16:row,bf16:column,void:row,bf16:row,1,0,serial,1,1,heuristic,invalid,invalid,False,False,8,tensorop,f32,128,128,64,2,1,1,2,1,1,13,4,1,1,128,128,16,100,110,207618048,541224599552,2606,0.375418,515.051,1441660.0,0.576664
1,CUTLASS,gemm,cutlass3x_sm100_tensorop_gemm_bf16_bf16_f32_void_f32_256x128x64_2x2x1_0_tnt_align8_stream_k_2sm,passed,success,universal,4096,7168,9216,bf16:row,bf16:column,void:row,f32:row,1,0,serial,1,1,heuristic,invalid,invalid,False,False,8,tensorop,f32,256,128,64,2,2,1,2,1,1,8,4,1,1,256,128,16,100,110,207618048,541224599552,2606,0.375626,514.766,1440860.0,0.576344
1,CUTLASS,gemm,cutlass3x_sm100_tensorop_gemm_bf16_bf16_f32_bf16_bf16_128x128x64_2x1x1_0_tnt_align8_2sm_epi_tma,passed,success,universal,4096,7168,9216,bf16:row,bf16:column,bf16:row,bf16:row,1,0,serial,1,1,heuristic,invalid,invalid,False,False,8,tensorop,f32,128,128,64,2,1,1,2,1,1,13,4,1,1,128,128,16,100,110,266338304,541224599552,2032,0.37593,659.823,1439700.0,0.57588
1,CUTLASS,gemm,cutlass3x_sm100_tensorop_gemm_bf16_bf16_f32_bf16_bf16_128x256x64_0x0x1_0_tnt_align8_stream_k_2sm_epi_tma,passed,success,universal,4096,7168,9216,bf16:row,bf16:column,bf16:row,bf16:row,1,0,serial,1,1,heuristic,invalid,invalid,False,False,8,tensorop,f32,128,256,64,2,1,1,2,1,1,8,4,1,1,128,256,16,100,110,266338304,541224599552,2032,0.37624,659.278,1438510.0,0.575404
1,CUTLASS,gemm,cutlass3x_sm100_tensorop_gemm_bf16_bf16_f32_bf16_bf16_128x128x64_1x2x1_0_tnt_align8_1sm,passed,success,universal,4096,7168,9216,bf16:row,bf16:column,bf16:row,bf16:row,1,0,serial,1,1,heuristic,invalid,invalid,False,False,8,tensorop,f32,128,128,64,1,2,1,1,1,1,6,4,1,1,128,128,16,100,110,266338304,541224599552,2032,0.376445,658.92,1437730.0,0.575092
1,CUTLASS,gemm,cutlass3x_sm100_tensorop_gemm_bf16_bf16_f32_void_bf16_128x128x64_2x1x1_0_tnt_align8_2sm_epi_tma,passed,success,universal,4096,7168,9216,bf16:row,bf16:column,void:row,bf16:row,1,0,serial,1,1,heuristic,invalid,invalid,False,False,8,tensorop,f32,128,128,64,2,1,1,2,1,1,13,4,1,1,128,128,16,100,110,207618048,541224599552,2606,0.376541,513.515,1437360.0,0.574944
1,CUTLASS,gemm,cutlass3x_sm100_tensorop_gemm_bf16_bf16_f32_void_bf16_128x128x64_1x2x1_0_tnt_align8_1sm,passed,success,universal,4096,7168,9216,bf16:row,bf16:column,void:row,bf16:row,1,0,serial,1,1,heuristic,invalid,invalid,False,False,8,tensorop,f32,128,128,64,1,2,1,1,1,1,6,4,1,1,128,128,16,100,110,207618048,541224599552,2606,0.376877,513.057,1436080.0,0.574432
1,CUTLASS,gemm,cutlass3x_sm100_tensorop_gemm_bf16_bf16_f32_f32_f32_256x128x64_4x1x1_0_tnt_align8_stream_k_2sm,passed,success,universal,4096,7168,9216,bf16:row,bf16:column,f32:row,f32:row,1,0,serial,1,1,heuristic,invalid,invalid,False,False,8,tensorop,f32,256,128,64,4,1,1,2,1,1,8,4,1,1,256,128,16,100,110,325058560,541224599552,1665,0.376954,803.108,1435790.0,0.574316
1,CUTLASS,gemm,cutlass3x_sm100_tensorop_gemm_bf16_bf16_f32_bf16_bf16_128x128x64_0x0x1_0_tnt_align8_2sm_epi_tma,passed,success,universal,4096,7168,9216,bf16:row,bf16:column,bf16:row,bf16:row,1,0,serial,1,1,heuristic,invalid,invalid,False,False,8,tensorop,f32,128,128,64,2,1,1,2,1,1,13,4,1,1,128,128,16,100,110,266338304,541224599552,2032,0.377187,657.623,1434900.0,0.57396
1,CUTLASS,gemm,cutlass3x_sm100_tensorop_gemm_bf16_bf16_f32_bf16_bf16_256x128x64_4x4x1_0_tnt_align8_2sm,passed,success,universal,4096,7168,9216,bf16:row,bf16:column,bf16:row,bf16:row,1,0,serial,1,1,heuristic,invalid,invalid,False,False,8,tensorop,f32,256,128,64,4,4,1,2,1,1,8,4,1,1,256,128,16,100,110,266338304,541224599552,2032,0.377594,656.915,1433350.0,0.57334
1,CUTLASS,gemm,cutlass3x_sm100_tensorop_gemm_bf16_bf16_f32_void_bf16_128x256x64_2x2x1_0_tnt_align8_stream_k_2sm_epi_tma,passed,success,universal,4096,7168,9216,bf16:row,bf16:column,void:row,bf16:row,1,0,serial,1,1,heuristic,invalid,invalid,False,False,8,tensorop,f32,128,256,64,2,2,1,2,1,1,8,4,1,1,128,256,16,100,110,207618048,541224599552,2606,0.377901,511.667,1432190.0,0.572876
1,CUTLASS,gemm,cutlass3x_sm100_tensorop_gemm_bf16_bf16_f32_f32_f32_128x128x64_1x1x1_0_tnt_align8_1sm,passed,success,universal,4096,7168,9216,bf16:row,bf16:column,f32:row,f32:row,1,0,serial,1,1,heuristic,invalid,invalid,False,False,8,tensorop,f32,128,128,64,1,1,1,1,1,1,6,4,1,1,128,128,16,100,110,325058560,541224599552,1665,0.378595,799.625,1429560.0,0.571824
1,CUTLASS,gemm,cutlass3x_sm100_tensorop_gemm_bf16_bf16_f32_void_bf16_256x128x64_4x4x1_0_tnt_align8_2sm,passed,success,universal,4096,7168,9216,bf16:row,bf16:column,void:row,bf16:row,1,0,serial,1,1,heuristic,invalid,invalid,False,False,8,tensorop,f32,256,128,64,4,4,1,2,1,1,8,4,1,1,256,128,16,100,110,207618048,541224599552,2606,0.378794,510.461,1428810.0,0.571524
1,CUTLASS,gemm,cutlass3x_sm100_tensorop_gemm_bf16_bf16_f32_void_f32_256x128x64_4x1x1_0_tnt_align8_stream_k_2sm,passed,success,universal,4096,7168,9216,bf16:row,bf16:column,void:row,f32:row,1,0,serial,1,1,heuristic,invalid,invalid,False,False,8,tensorop,f32,256,128,64,4,1,1,2,1,1,8,4,1,1,256,128,16,100,110,207618048,541224599552,2606,0.379024,510.151,1427940.0,0.571176
1,CUTLASS,gemm,cutlass3x_sm100_tensorop_gemm_bf16_bf16_f32_void_f32_128x128x64_1x1x1_0_tnt_align8_1sm,passed,success,universal,4096,7168,9216,bf16:row,bf16:column,void:row,f32:row,1,0,serial,1,1,heuristic,invalid,invalid,False,False,8,tensorop,f32,128,128,64,1,1,1,1,1,1,6,4,1,1,128,128,16,100,110,207618048,541224599552,2606,0.379344,509.72,1426740.0,0.570696
1,CUTLASS,gemm,cutlass3x_sm100_tensorop_gemm_bf16_bf16_f32_bf16_bf16_128x256x64_2x2x1_0_tnt_align8_stream_k_2sm_epi_tma,passed,success,universal,4096,7168,9216,bf16:row,bf16:column,bf16:row,bf16:row,1,0,serial,1,1,heuristic,invalid,invalid,False,False,8,tensorop,f32,128,256,64,2,2,1,2,1,1,8,4,1,1,128,256,16,100,110,266338304,541224599552,2032,0.379517,653.586,1426090.0,0.570436
1,CUTLASS,gemm,cutlass3x_sm100_tensorop_gemm_bf16_bf16_f32_f32_f32_256x256x64_4x4x1_0_tnt_align8_2sm,passed,success,universal,4096,7168,9216,bf16:row,bf16:column,f32:row,f32:row,1,0,serial,1,1,heuristic,invalid,invalid,False,False,8,tensorop,f32,256,256,64,4,4,1,2,1,1,5,4,1,1,256,256,16,100,110,325058560,541224599552,1665,0.379923,796.83,1424560.0,0.569824
1,CUTLASS,gemm,cutlass3x_sm100_tensorop_gemm_bf16_bf16_f32_bf16_bf16_128x256x64_0x0x1_0_tnt_align8_stream_k_1sm,passed,success,universal,4096,7168,9216,bf16:row,bf16:column,bf16:row,bf16:row,1,0,serial,1,1,heuristic,invalid,invalid,False,False,8,tensorop,f32,128,256,64,1,1,1,1,1,1,3,4,1,1,128,256,16,100,110,266338304,541224599552,2032,0.38023,652.359,1423410.0,0.569364
1,CUTLASS,gemm,cutlass3x_sm100_tensorop_gemm_bf16_bf16_f32_void_bf16_128x256x64_2x2x1_0_tnt_align8_2sm_epi_tma,passed,success,universal,4096,7168,9216,bf16:row,bf16:column,void:row,bf16:row,1,0,serial,1,1,heuristic,invalid,invalid,False,False,8,tensorop,f32,128,256,64,2,2,1,2,1,1,8,4,1,1,128,256,16,100,110,207618048,541224599552,2606,0.38064,507.985,1421880.0,0.568752
1,CUTLASS,gemm,cutlass3x_sm100_tensorop_gemm_bf16_bf16_f32_void_bf16_128x128x64_2x2x1_0_tnt_align8_stream_k_2sm_epi_tma,passed,success,universal,4096,7168,9216,bf16:row,bf16:column,void:row,bf16:row,1,0,serial,1,1,heuristic,invalid,invalid,False,False,8,tensorop,f32,128,128,64,2,2,1,2,1,1,13,4,1,1,128,128,16,100,110,207618048,541224599552,2606,0.380947,507.575,1420730.0,0.568292
1,CUTLASS,gemm,cutlass3x_sm100_tensorop_gemm_bf16_bf16_f32_bf16_bf16_128x256x64_2x2x1_0_tnt_align8_2sm_epi_tma,passed,success,universal,4096,7168,9216,bf16:row,bf16:column,bf16:row,bf16:row,1,0,serial,1,1,heuristic,invalid,invalid,False,False,8,tensorop,f32,128,256,64,2,2,1,2,1,1,8,4,1,1,128,256,16,100,110,266338304,541224599552,2032,0.380976,651.083,1420630.0,0.568252
1,CUTLASS,gemm,cutlass3x_sm100_tensorop_gemm_bf16_bf16_f32_f32_f32_128x128x64_0x0x1_0_tnt_align8_1sm,passed,success,universal,4096,7168,9216,bf16:row,bf16:column,f32:row,f32:row,1,0,serial,1,1,heuristic,invalid,invalid,False,False,8,tensorop,f32,128,128,64,1,1,1,1,1,1,6,4,1,1,128,128,16,100,110,325058560,541224599552,1665,0.381488,793.562,1418720.0,0.567488
1,CUTLASS,gemm,cutlass3x_sm100_tensorop_gemm_bf16_bf16_f32_void_f32_128x128x64_0x0x1_0_tnt_align8_1sm,passed,success,universal,4096,7168,9216,bf16:row,bf16:column,void:row,f32:row,1,0,serial,1,1,heuristic,invalid,invalid,False,False,8,tensorop,f32,128,128,64,1,1,1,1,1,1,6,4,1,1,128,128,16,100,110,207618048,541224599552,2606,0.382077,506.075,1416530.0,0.566612
1,CUTLASS,gemm,cutlass3x_sm100_tensorop_gemm_bf16_bf16_f32_void_f32_128x256x64_0x0x1_0_tnt_align8_stream_k_2sm_epi_tma,passed,success,universal,4096,7168,9216,bf16:row,bf16:column,void:row,f32:row,1,0,serial,1,1,heuristic,invalid,invalid,False,False,8,tensorop,f32,128,256,64,2,1,1,2,1,1,8,4,1,1,128,256,16,100,110,207618048,541224599552,2606,0.382112,506.028,1416400.0,0.56656
1,CUTLASS,gemm,cutlass3x_sm100_tensorop_gemm_bf16_bf16_f32_void_f32_128x256x64_2x1x1_0_tnt_align8_stream_k_2sm_epi_tma,passed,success,universal,4096,7168,9216,bf16:row,bf16:column,void:row,f32:row,1,0,serial,1,1,heuristic,invalid,invalid,False,False,8,tensorop,f32,128,256,64,2,1,1,2,1,1,8,4,1,1,128,256,16,100,110,207618048,541224599552,2606,0.382176,505.943,1416170.0,0.566468
1,CUTLASS,gemm,cutlass3x_sm100_tensorop_gemm_bf16_bf16_f32_bf16_bf16_128x256x64_1x1x1_0_tnt_align8_stream_k_1sm,passed,success,universal,4096,7168,9216,bf16:row,bf16:column,bf16:row,bf16:row,1,0,serial,1,1,heuristic,invalid,invalid,False,False,8,tensorop,f32,128,256,64,1,1,1,1,1,1,3,4,1,1,128,256,16,100,110,266338304,541224599552,2032,0.382282,648.859,1415770.0,0.566308
1,CUTLASS,gemm,cutlass3x_sm100_tensorop_gemm_bf16_bf16_f32_bf16_bf16_128x256x64_1x2x1_0_tnt_align8_stream_k_1sm,passed,success,universal,4096,7168,9216,bf16:row,bf16:column,bf16:row,bf16:row,1,0,serial,1,1,heuristic,invalid,invalid,False,False,8,tensorop,f32,128,256,64,1,2,1,1,1,1,3,4,1,1,128,256,16,100,110,266338304,541224599552,2032,0.382819,647.948,1413790.0,0.565516
1,CUTLASS,gemm,cutlass3x_sm100_tensorop_gemm_bf16_bf16_f32_bf16_bf16_128x128x64_2x2x1_0_tnt_align8_stream_k_2sm_epi_tma,passed,success,universal,4096,7168,9216,bf16:row,bf16:column,bf16:row,bf16:row,1,0,serial,1,1,heuristic,invalid,invalid,False,False,8,tensorop,f32,128,128,64,2,2,1,2,1,1,13,4,1,1,128,128,16,100,110,266338304,541224599552,2032,0.382922,647.775,1413410.0,0.565364
1,CUTLASS,gemm,cutlass3x_sm100_tensorop_gemm_bf16_bf16_f32_f32_f32_128x256x64_2x1x1_0_tnt_align8_stream_k_2sm_epi_tma,passed,success,universal,4096,7168,9216,bf16:row,bf16:column,f32:row,f32:row,1,0,serial,1,1,heuristic,invalid,invalid,False,False,8,tensorop,f32,128,256,64,2,1,1,2,1,1,8,4,1,1,128,256,16,100,110,325058560,541224599552,1665,0.3832,790.017,1412380.0,0.564952
1,CUTLASS,gemm,cutlass3x_sm100_tensorop_gemm_bf16_bf16_f32_f32_f32_128x256x64_0x0x1_0_tnt_align8_stream_k_2sm_epi_tma,passed,success,universal,4096,7168,9216,bf16:row,bf16:column,f32:row,f32:row,1,0,serial,1,1,heuristic,invalid,invalid,False,False,8,tensorop,f32,128,256,64,2,1,1,2,1,1,8,4,1,1,128,256,16,100,110,325058560,541224599552,1665,0.383818,788.745,1410110.0,0.564044
1,CUTLASS,gemm,cutlass3x_sm100_tensorop_gemm_bf16_bf16_f32_f32_f32_256x256x64_2x4x1_0_tnt_align8_2sm,passed,success,universal,4096,7168,9216,bf16:row,bf16:column,f32:row,f32:row,1,0,serial,1,1,heuristic,invalid,invalid,False,False,8,tensorop,f32,256,256,64,2,4,1,2,1,1,5,4,1,1,256,256,16,100,110,325058560,541224599552,1665,0.384534,787.275,1407480.0,0.562992
1,CUTLASS,gemm,cutlass3x_sm100_tensorop_gemm_bf16_bf16_f32_void_f32_128x256x64_1x4x1_0_tnt_align8_stream_k_1sm,passed,success,universal,4096,7168,9216,bf16:row,bf16:column,void:row,f32:row,1,0,serial,1,1,heuristic,invalid,invalid,False,False,8,tensorop,f32,128,256,64,1,4,1,1,1,1,4,4,1,1,128,256,16,100,110,207618048,541224599552,2606,0.384662,502.673,1407010.0,0.562804
1,CUTLASS,gemm,cutlass3x_sm100_tensorop_gemm_bf16_bf16_f32_f32_f32_128x128x64_4x1x1_0_tnt_align8_2sm_epi_tma,passed,success,universal,4096,7168,9216,bf16:row,bf16:column,f32:row,f32:row,1,0,serial,1,1,heuristic,invalid,invalid,False,False,8,tensorop,f32,128,128,64,4,1,1,2,1,1,12,4,1,1,128,128,16,100,110,325058560,541224599552,1665,0.384733,786.869,1406750.0,0.5627
1,CUTLASS,gemm,cutlass3x_sm100_tensorop_gemm_bf16_bf16_f32_void_f32_128x128x64_4x1x1_0_tnt_align8_2sm_epi_tma,passed,success,universal,4096,7168,9216,bf16:row,bf16:column,void:row,f32:row,1,0,serial,1,1,heuristic,invalid,invalid,False,False,8,tensorop,f32,128,128,64,4,1,1,2,1,1,12,4,1,1,128,128,16,100,110,207618048,541224599552,2606,0.384966,502.276,1405900.0,0.56236
1,CUTLASS,gemm,cutlass3x_sm100_tensorop_gemm_bf16_bf16_f32_void_f32_128x256x64_2x2x1_0_tnt_align8_stream_k_2sm_epi_tma,passed,success,universal,4096,7168,9216,bf16:row,bf16:column,void:row,f32:row,1,0,serial,1,1,heuristic,invalid,invalid,False,False,8,tensorop,f32,128,256,64,2,2,1,2,1,1,8,4,1,1,128,256,16,100,110,207618048,541224599552,2606,0.385043,502.176,1405620.0,0.562248
1,CUTLASS,gemm,cutlass3x_sm100_tensorop_gemm_bf16_bf16_f32_void_f32_128x128x64_2x1x1_0_tnt_align8_2sm_epi_tma,passed,success,universal,4096,7168,9216,bf16:row,bf16:column,void:row,f32:row,1,0,serial,1,1,heuristic,invalid,invalid,False,False,8,tensorop,f32,128,128,64,2,1,1,2,1,1,12,4,1,1,128,128,16,100,110,207618048,541224599552,2606,0.385584,501.471,1403650.0,0.56146
1,CUTLASS,gemm,cutlass3x_sm100_tensorop_gemm_bf16_bf16_f32_f32_f32_128x128x64_2x1x1_0_tnt_align8_2sm_epi_tma,passed,success,universal,4096,7168,9216,bf16:row,bf16:column,f32:row,f32:row,1,0,serial,1,1,heuristic,invalid,invalid,False,False,8,tensorop,f32,128,128,64,2,1,1,2,1,1,12,4,1,1,128,128,16,100,110,325058560,541224599552,1665,0.385658,784.982,1403380.0,0.561352
1,CUTLASS,gemm,cutlass3x_sm100_tensorop_gemm_bf16_bf16_f32_bf16_bf16_128x256x64_1x2x1_0_tnt_align8_1sm,passed,success,universal,4096,7168,9216,bf16:row,bf16:column,bf16:row,bf16:row,1,0,serial,1,1,heuristic,invalid,invalid,False,False,8,tensorop,f32,128,256,64,1,2,1,1,1,1,3,4,1,1,128,256,16,100,110,266338304,541224599552,2032,0.385664,643.168,1403360.0,0.561344
1,CUTLASS,gemm,cutlass3x_sm100_tensorop_gemm_bf16_bf16_f32_bf16_bf16_128x256x64_1x1x1_0_tnt_align8_1sm,passed,success,universal,4096,7168,9216,bf16:row,bf16:column,bf16:row,bf16:row,1,0,serial,1,1,heuristic,invalid,invalid,False,False,8,tensorop,f32,128,256,64,1,1,1,1,1,1,3,4,1,1,128,256,16,100,110,266338304,541224599552,2032,0.385962,642.672,1402280.0,0.560912
1,CUTLASS,gemm,cutlass3x_sm100_tensorop_gemm_bf16_bf16_f32_f32_f32_128x256x64_2x2x1_0_tnt_align8_stream_k_2sm_epi_tma,passed,success,universal,4096,7168,9216,bf16:row,bf16:column,f32:row,f32:row,1,0,serial,1,1,heuristic,invalid,invalid,False,False,8,tensorop,f32,128,256,64,2,2,1,2,1,1,8,4,1,1,128,256,16,100,110,325058560,541224599552,1665,0.386,784.286,1402140.0,0.560856
1,CUTLASS,gemm,cutlass3x_sm100_tensorop_gemm_bf16_bf16_f32_void_f32_128x128x64_0x0x1_0_tnt_align8_2sm_epi_tma,passed,success,universal,4096,7168,9216,bf16:row,bf16:column,void:row,f32:row,1,0,serial,1,1,heuristic,invalid,invalid,False,False,8,tensorop,f32,128,128,64,2,1,1,2,1,1,12,4,1,1,128,128,16,100,110,207618048,541224599552,2606,0.386371,500.45,1400790.0,0.560316
1,CUTLASS,gemm,cutlass3x_sm100_tensorop_gemm_bf16_bf16_f32_bf16_bf16_128x256x64_0x0x1_0_tnt_align8_1sm,passed,success,universal,4096,7168,9216,bf16:row,bf16:column,bf16:row,bf16:row,1,0,serial,1,1,heuristic,invalid,invalid,False,False,8,tensorop,f32,128,256,64,1,1,1,1,1,1,3,4,1,1,128,256,16,100,110,266338304,541224599552,2032,0.386579,641.646,1400040.0,0.560016
1,CUTLASS,gemm,cutlass3x_sm100_tensorop_gemm_bf16_bf16_f32_f32_f32_128x128x64_1x2x1_0_tnt_align8_1sm,passed,success,universal,4096,7168,9216,bf16:row,bf16:column,f32:row,f32:row,1,0,serial,1,1,heuristic,invalid,invalid,False,False,8,tensorop,f32,128,128,64,1,2,1,1,1,1,6,4,1,1,128,128,16,100,110,325058560,541224599552,1665,0.386816,782.631,1399180.0,0.559672
1,CUTLASS,gemm,cutlass3x_sm100_tensorop_gemm_bf16_bf16_f32_void_bf16_128x128x64_0x0x1_0_tnt_align8_stream_k_1sm,passed,success,universal,4096,7168,9216,bf16:row,bf16:column,void:row,bf16:row,1,0,serial,1,1,heuristic,invalid,invalid,False,False,8,tensorop,f32,128,128,64,1,1,1,1,1,1,6,4,1,1,128,128,16,100,110,207618048,541224599552,2606,0.387501,498.991,1396710.0,0.558684
1,CUTLASS,gemm,cutlass3x_sm100_tensorop_gemm_bf16_bf16_f32_f32_f32_128x128x64_2x2x1_0_tnt_align8_2sm_epi_tma,passed,success,universal,4096,7168,9216,bf16:row,bf16:column,f32:row,f32:row,1,0,serial,1,1,heuristic,invalid,invalid,False,False,8,tensorop,f32,128,128,64,2,2,1,2,1,1,12,4,1,1,128,128,16,100,110,325058560,541224599552,1665,0.387706,780.836,1395970.0,0.558388
1,CUTLASS,gemm,cutlass3x_sm100_tensorop_gemm_bf16_bf16_f32_f32_f32_128x128x64_0x0x1_0_tnt_align8_2sm_epi_tma,passed,success,universal,4096,7168,9216,bf16:row,bf16:column,f32:row,f32:row,1,0,serial,1,1,heuristic,invalid,invalid,False,False,8,tensorop,f32,128,128,64,2,1,1,2,1,1,12,4,1,1,128,128,16,100,110,325058560,541224599552,1665,0.387811,780.623,1395590.0,0.558236
1,CUTLASS,gemm,cutlass3x_sm100_tensorop_gemm_bf16_bf16_f32_f32_f32_128x256x64_2x2x1_0_tnt_align8_2sm_epi_tma,passed,success,universal,4096,7168,9216,bf16:row,bf16:column,f32:row,f32:row,1,0,serial,1,1,heuristic,invalid,invalid,False,False,8,tensorop,f32,128,256,64,2,2,1,2,1,1,8,4,1,1,128,256,16,100,110,325058560,541224599552,1665,0.387904,780.436,1395250.0,0.5581
1,CUTLASS,gemm,cutlass3x_sm100_tensorop_gemm_bf16_bf16_f32_bf16_bf16_128x128x64_0x0x1_0_tnt_align8_stream_k_1sm,passed,success,universal,4096,7168,9216,bf16:row,bf16:column,bf16:row,bf16:row,1,0,serial,1,1,heuristic,invalid,invalid,False,False,8,tensorop,f32,128,128,64,1,1,1,1,1,1,6,4,1,1,128,128,16,100,110,266338304,541224599552,2032,0.38791,639.444,1395230.0,0.558092
1,CUTLASS,gemm,cutlass3x_sm100_tensorop_gemm_bf16_bf16_f32_void_f32_128x128x64_1x2x1_0_tnt_align8_1sm,passed,success,universal,4096,7168,9216,bf16:row,bf16:column,void:row,f32:row,1,0,serial,1,1,heuristic,invalid,invalid,False,False,8,tensorop,f32,128,128,64,1,2,1,1,1,1,6,4,1,1,128,128,16,100,110,207618048,541224599552,2606,0.388528,497.672,1393010.0,0.557204
1,CUTLASS,gemm,cutlass3x_sm100_tensorop_gemm_bf16_bf16_f32_void_f32_128x128x64_2x2x1_0_tnt_align8_2sm_epi_tma,passed,success,universal,4096,7168,9216,bf16:row,bf16:column,void:row,f32:row,1,0,serial,1,1,heuristic,invalid,invalid,False,False,8,tensorop,f32,128,128,64,2,2,1,2,1,1,12,4,1,1,128,128,16,100,110,207618048,541224599552,2606,0.388653,497.512,1392570.0,0.557028
1,CUTLASS,gemm,cutlass3x_sm100_tensorop_gemm_bf16_bf16_f32_bf16_bf16_128x128x64_1x1x1_0_tnt_align8_stream_k_1sm,passed,success,universal,4096,7168,9216,bf16:row,bf16:column,bf16:row,bf16:row,1,0,serial,1,1,heuristic,invalid,invalid,False,False,8,tensorop,f32,128,128,64,1,1,1,1,1,1,6,4,1,1,128,128,16,100,110,266338304,541224599552,2032,0.388659,638.212,1392540.0,0.557016
1,CUTLASS,gemm,cutlass3x_sm100_tensorop_gemm_bf16_bf16_f32_void_bf16_128x128x64_1x1x1_0_tnt_align8_stream_k_1sm,passed,success,universal,4096,7168,9216,bf16:row,bf16:column,void:row,bf16:row,1,0,serial,1,1,heuristic,invalid,invalid,False,False,8,tensorop,f32,128,128,64,1,1,1,1,1,1,6,4,1,1,128,128,16,100,110,207618048,541224599552,2606,0.388867,497.238,1391800.0,0.55672
1,CUTLASS,gemm,cutlass3x_sm100_tensorop_gemm_bf16_bf16_f32_void_bf16_128x256x64_1x4x1_0_tnt_align8_1sm,passed,success,universal,4096,7168,9216,bf16:row,bf16:column,void:row,bf16:row,1,0,serial,1,1,heuristic,invalid,invalid,False,False,8,tensorop,f32,128,256,64,1,4,1,1,1,1,4,4,1,1,128,256,16,100,110,207618048,541224599552,2606,0.389344,496.629,1390090.0,0.556036
1,CUTLASS,gemm,cutlass3x_sm100_tensorop_gemm_bf16_bf16_f32_f32_f32_256x128x64_4x4x1_0_tnt_align8_2sm,passed,success,universal,4096,7168,9216,bf16:row,bf16:column,f32:row,f32:row,1,0,serial,1,1,heuristic,invalid,invalid,False,False,8,tensorop,f32,256,128,64,4,4,1,2,1,1,8,4,1,1,256,128,16,100,110,325058560,541224599552,1665,0.389856,776.529,1388270.0,0.555308
1,CUTLASS,gemm,cutlass3x_sm100_tensorop_gemm_bf16_bf16_f32_void_f32_128x256x64_2x2x1_0_tnt_align8_2sm_epi_tma,passed,success,universal,4096,7168,9216,bf16:row,bf16:column,void:row,f32:row,1,0,serial,1,1,heuristic,invalid,invalid,False,False,8,tensorop,f32,128,256,64,2,2,1,2,1,1,8,4,1,1,128,256,16,100,110,207618048,541224599552,2606,0.390262,495.46,1386820.0,0.554728
1,CUTLASS,gemm,cutlass3x_sm100_tensorop_gemm_bf16_bf16_f32_f32_f32_128x256x64_0x0x1_0_tnt_align8_stream_k_1sm,passed,success,universal,4096,7168,9216,bf16:row,bf16:column,f32:row,f32:row,1,0,serial,1,1,heuristic,invalid,invalid,False,False,8,tensorop,f32,128,256,64,1,1,1,1,1,1,3,4,1,1,128,256,16,100,110,325058560,541224599552,1665,0.391622,773.026,1382010.0,0.552804
1,CUTLASS,gemm,cutlass3x_sm100_tensorop_gemm_bf16_bf16_f32_f32_f32_128x256x64_1x1x1_0_tnt_align8_stream_k_1sm,passed,success,universal,4096,7168,9216,bf16:row,bf16:column,f32:row,f32:row,1,0,serial,1,1,heuristic,invalid,invalid,False,False,8,tensorop,f32,128,256,64,1,1,1,1,1,1,3,4,1,1,128,256,16,100,110,325058560,541224599552,1665,0.392826,770.658,1377770.0,0.551108
1,CUTLASS,gemm,cutlass3x_sm100_tensorop_gemm_bf16_bf16_f32_bf16_bf16_128x128x64_4x2x1_0_tnt_align8_2sm_epi_tma,passed,success,universal,4096,7168,9216,bf16:row,bf16:column,bf16:row,bf16:row,1,0,serial,1,1,heuristic,invalid,invalid,False,False,8,tensorop,f32,128,128,64,4,2,1,2,1,1,13,4,1,1,128,128,16,100,110,266338304,541224599552,2032,0.393264,630.739,1376240.0,0.550496
1,CUTLASS,gemm,cutlass3x_sm100_tensorop_gemm_bf16_bf16_f32_void_bf16_128x128x64_4x2x1_0_tnt_align8_2sm_epi_tma,passed,success,universal,4096,7168,9216,bf16:row,bf16:column,void:row,bf16:row,1,0,serial,1,1,heuristic,invalid,invalid,False,False,8,tensorop,f32,128,128,64,4,2,1,2,1,1,13,4,1,1,128,128,16,100,110,207618048,541224599552,2606,0.394182,490.533,1373030.0,0.549212
1,CUTLASS,gemm,cutlass3x_sm100_tensorop_gemm_bf16_bf16_f32_void_f32_256x128x64_4x4x1_0_tnt_align8_2sm,passed,success,universal,4096,7168,9216,bf16:row,bf16:column,void:row,f32:row,1,0,serial,1,1,heuristic,invalid,invalid,False,False,8,tensorop,f32,256,128,64,4,4,1,2,1,1,8,4,1,1,256,128,16,100,110,207618048,541224599552,2606,0.394182,490.533,1373030.0,0.549212
1,CUTLASS,gemm,cutlass3x_sm100_tensorop_gemm_bf16_bf16_f32_f32_f32_128x256x64_1x2x1_0_tnt_align8_stream_k_1sm,passed,success,universal,4096,7168,9216,bf16:row,bf16:column,f32:row,f32:row,1,0,serial,1,1,heuristic,invalid,invalid,False,False,8,tensorop,f32,128,256,64,1,2,1,1,1,1,3,4,1,1,128,256,16,100,110,325058560,541224599552,1665,0.39552,765.409,1368390.0,0.547356
1,CUTLASS,gemm,cutlass3x_sm100_tensorop_gemm_bf16_bf16_f32_f32_f32_128x256x64_1x1x1_0_tnt_align8_1sm,passed,success,universal,4096,7168,9216,bf16:row,bf16:column,f32:row,f32:row,1,0,serial,1,1,heuristic,invalid,invalid,False,False,8,tensorop,f32,128,256,64,1,1,1,1,1,1,3,4,1,1,128,256,16,100,110,325058560,541224599552,1665,0.397024,762.509,1363200.0,0.54528
1,CUTLASS,gemm,cutlass3x_sm100_tensorop_gemm_bf16_bf16_f32_f32_f32_128x256x64_1x2x1_0_tnt_align8_1sm,passed,success,universal,4096,7168,9216,bf16:row,bf16:column,f32:row,f32:row,1,0,serial,1,1,heuristic,invalid,invalid,False,False,8,tensorop,f32,128,256,64,1,2,1,1,1,1,3,4,1,1,128,256,16,100,110,325058560,541224599552,1665,0.397168,762.233,1362710.0,0.545084
1,CUTLASS,gemm,cutlass3x_sm100_tensorop_gemm_bf16_bf16_f32_f32_f32_128x256x64_0x0x1_0_tnt_align8_1sm,passed,success,universal,4096,7168,9216,bf16:row,bf16:column,f32:row,f32:row,1,0,serial,1,1,heuristic,invalid,invalid,False,False,8,tensorop,f32,128,256,64,1,1,1,1,1,1,3,4,1,1,128,256,16,100,110,325058560,541224599552,1665,0.398051,760.541,1359690.0,0.543876
1,CUTLASS,gemm,cutlass3x_sm100_tensorop_gemm_bf16_bf16_f32_void_f32_128x128x64_1x1x1_0_tnt_align8_stream_k_1sm,passed,success,universal,4096,7168,9216,bf16:row,bf16:column,void:row,f32:row,1,0,serial,1,1,heuristic,invalid,invalid,False,False,8,tensorop,f32,128,128,64,1,1,1,1,1,1,6,4,1,1,128,128,16,100,110,207618048,541224599552,2606,0.398768,484.892,1357240.0,0.542896
1,CUTLASS,gemm,cutlass3x_sm100_tensorop_gemm_bf16_bf16_f32_void_bf16_128x128x64_1x2x1_0_tnt_align8_stream_k_1sm,passed,success,universal,4096,7168,9216,bf16:row,bf16:column,void:row,bf16:row,1,0,serial,1,1,heuristic,invalid,invalid,False,False,8,tensorop,f32,128,128,64,1,2,1,1,1,1,6,4,1,1,128,128,16,100,110,207618048,541224599552,2606,0.39879,484.865,1357170.0,0.542868
1,CUTLASS,gemm,cutlass3x_sm100_tensorop_gemm_bf16_bf16_f32_void_f32_128x128x64_0x0x1_0_tnt_align8_stream_k_1sm,passed,success,universal,4096,7168,9216,bf16:row,bf16:column,void:row,f32:row,1,0,serial,1,1,heuristic,invalid,invalid,False,False,8,tensorop,f32,128,128,64,1,1,1,1,1,1,6,4,1,1,128,128,16,100,110,207618048,541224599552,2606,0.399098,484.491,1356120.0,0.542448
1,CUTLASS,gemm,cutlass3x_sm100_tensorop_gemm_bf16_bf16_f32_f32_f32_128x128x64_0x0x1_0_tnt_align8_stream_k_1sm,passed,success,universal,4096,7168,9216,bf16:row,bf16:column,f32:row,f32:row,1,0,serial,1,1,heuristic,invalid,invalid,False,False,8,tensorop,f32,128,128,64,1,1,1,1,1,1,6,4,1,1,128,128,16,100,110,325058560,541224599552,1665,0.399174,758.401,1355860.0,0.542344
1,CUTLASS,gemm,cutlass3x_sm100_tensorop_gemm_bf16_bf16_f32_f32_f32_128x128x64_1x1x1_0_tnt_align8_stream_k_1sm,passed,success,universal,4096,7168,9216,bf16:row,bf16:column,f32:row,f32:row,1,0,serial,1,1,heuristic,invalid,invalid,False,False,8,tensorop,f32,128,128,64,1,1,1,1,1,1,6,4,1,1,128,128,16,100,110,325058560,541224599552,1665,0.399478,757.824,1354830.0,0.541932
1,CUTLASS,gemm,cutlass3x_sm100_tensorop_gemm_bf16_bf16_f32_bf16_bf16_128x128x64_1x2x1_0_tnt_align8_stream_k_1sm,passed,success,universal,4096,7168,9216,bf16:row,bf16:column,bf16:row,bf16:row,1,0,serial,1,1,heuristic,invalid,invalid,False,False,8,tensorop,f32,128,128,64,1,2,1,1,1,1,6,4,1,1,128,128,16,100,110,266338304,541224599552,2032,0.400432,619.448,1351600.0,0.54064
1,CUTLASS,gemm,cutlass3x_sm100_tensorop_gemm_bf16_bf16_f32_f32_f32_128x128x64_2x2x1_0_tnt_align8_stream_k_2sm_epi_tma,passed,success,universal,4096,7168,9216,bf16:row,bf16:column,f32:row,f32:row,1,0,serial,1,1,heuristic,invalid,invalid,False,False,8,tensorop,f32,128,128,64,2,2,1,2,1,1,12,4,1,1,128,128,16,100,110,325058560,541224599552,1665,0.400845,755.241,1350210.0,0.540084
1,CUTLASS,gemm,cutlass3x_sm100_tensorop_gemm_bf16_bf16_f32_void_bf16_128x256x64_4x4x1_0_tnt_align8_stream_k_1sm,passed,success,universal,4096,7168,9216,bf16:row,bf16:column,void:row,bf16:row,1,0,serial,1,1,heuristic,invalid,invalid,False,False,8,tensorop,f32,128,256,64,4,4,1,1,1,1,4,4,1,1,128,256,16,100,110,207618048,541224599552,2606,0.401837,481.189,1346880.0,0.538752
1,CUTLASS,gemm,cutlass3x_sm100_tensorop_gemm_bf16_bf16_f32_void_f32_128x256x64_1x4x1_0_tnt_align8_1sm,passed,success,universal,4096,7168,9216,bf16:row,bf16:column,void:row,f32:row,1,0,serial,1,1,heuristic,invalid,invalid,False,False,8,tensorop,f32,128,256,64,1,4,1,1,1,1,4,4,1,1,128,256,16,100,110,207618048,541224599552,2606,0.40248,480.42,1344720.0,0.537888
1,CUTLASS,gemm,cutlass3x_sm100_tensorop_gemm_bf16_bf16_f32_void_f32_128x128x64_2x2x1_0_tnt_align8_stream_k_2sm_epi_tma,passed,success,universal,4096,7168,9216,bf16:row,bf16:column,void:row,f32:row,1,0,serial,1,1,heuristic,invalid,invalid,False,False,8,tensorop,f32,128,128,64,2,2,1,2,1,1,12,4,1,1,128,128,16,100,110,207618048,541224599552,2606,0.40409,478.506,1339370.0,0.535748
1,CUTLASS,gemm,cutlass3x_sm100_tensorop_gemm_bf16_bf16_f32_void_bf16_256x128x64_2x4x1_0_tnt_align8_2sm,passed,success,universal,4096,7168,9216,bf16:row,bf16:column,void:row,bf16:row,1,0,serial,1,1,heuristic,invalid,invalid,False,False,8,tensorop,f32,256,128,64,2,4,1,2,1,1,8,4,1,1,256,128,16,100,110,207618048,541224599552,2606,0.404323,478.23,1338590.0,0.535436
1,CUTLASS,gemm,cutlass3x_sm100_tensorop_gemm_bf16_bf16_f32_bf16_bf16_256x128x64_2x4x1_0_tnt_align8_2sm,passed,success,universal,4096,7168,9216,bf16:row,bf16:column,bf16:row,bf16:row,1,0,serial,1,1,heuristic,invalid,invalid,False,False,8,tensorop,f32,256,128,64,2,4,1,2,1,1,8,4,1,1,256,128,16,100,110,266338304,541224599552,2032,0.404502,613.215,1338000.0,0.5352
1,CUTLASS,gemm,cutlass3x_sm100_tensorop_gemm_bf16_bf16_f32_void_bf16_128x256x64_4x2x1_0_tnt_align8_stream_k_2sm_epi_tma,passed,success,universal,4096,7168,9216,bf16:row,bf16:column,void:row,bf16:row,1,0,serial,1,1,heuristic,invalid,invalid,False,False,8,tensorop,f32,128,256,64,4,2,1,2,1,1,8,4,1,1,128,256,16,100,110,207618048,541224599552,2606,0.40481,477.655,1336990.0,0.534796
1,CUTLASS,gemm,cutlass3x_sm100_tensorop_gemm_bf16_bf16_f32_void_bf16_128x128x64_4x2x1_0_tnt_align8_stream_k_2sm_epi_tma,passed,success,universal,4096,7168,9216,bf16:row,bf16:column,void:row,bf16:row,1,0,serial,1,1,heuristic,invalid,invalid,False,False,8,tensorop,f32,128,128,64,4,2,1,2,1,1,13,4,1,1,128,128,16,100,110,207618048,541224599552,2606,0.405117,477.293,1335970.0,0.534388
1,CUTLASS,gemm,cutlass3x_sm100_tensorop_gemm_bf16_bf16_f32_bf16_bf16_128x128x64_4x2x1_0_tnt_align8_stream_k_2sm_epi_tma,passed,success,universal,4096,7168,9216,bf16:row,bf16:column,bf16:row,bf16:row,1,0,serial,1,1,heuristic,invalid,invalid,False,False,8,tensorop,f32,128,128,64,4,2,1,2,1,1,13,4,1,1,128,128,16,100,110,266338304,541224599552,2032,0.405443,611.792,1334900.0,0.53396
1,CUTLASS,gemm,cutlass3x_sm100_tensorop_gemm_bf16_bf16_f32_void_bf16_128x256x64_4x2x1_0_tnt_align8_2sm_epi_tma,passed,success,universal,4096,7168,9216,bf16:row,bf16:column,void:row,bf16:row,1,0,serial,1,1,heuristic,invalid,invalid,False,False,8,tensorop,f32,128,256,64,4,2,1,2,1,1,8,4,1,1,128,256,16,100,110,207618048,541224599552,2606,0.405722,476.581,1333980.0,0.533592
1,CUTLASS,gemm,cutlass3x_sm100_tensorop_gemm_bf16_bf16_f32_void_bf16_256x128x64_4x2x1_0_tnt_align8_stream_k_2sm,passed,success,universal,4096,7168,9216,bf16:row,bf16:column,void:row,bf16:row,1,0,serial,1,1,heuristic,invalid,invalid,False,False,8,tensorop,f32,256,128,64,4,2,1,2,1,1,8,4,1,1,256,128,16,100,110,207618048,541224599552,2606,0.405933,476.333,1333290.0,0.533316
1,CUTLASS,gemm,cutlass3x_sm100_tensorop_gemm_bf16_bf16_f32_bf16_bf16_128x256x64_4x2x1_0_tnt_align8_2sm_epi_tma,passed,success,universal,4096,7168,9216,bf16:row,bf16:column,bf16:row,bf16:row,1,0,serial,1,1,heuristic,invalid,invalid,False,False,8,tensorop,f32,128,256,64,4,2,1,2,1,1,8,4,1,1,128,256,16,100,110,266338304,541224599552,2032,0.406448,610.28,1331600.0,0.53264
1,CUTLASS,gemm,cutlass3x_sm100_tensorop_gemm_bf16_bf16_f32_void_f32_128x128x64_1x2x1_0_tnt_align8_stream_k_1sm,passed,success,universal,4096,7168,9216,bf16:row,bf16:column,void:row,f32:row,1,0,serial,1,1,heuristic,invalid,invalid,False,False,8,tensorop,f32,128,128,64,1,2,1,1,1,1,6,4,1,1,128,128,16,100,110,207618048,541224599552,2606,0.40696,475.131,1329920.0,0.531968
1,CUTLASS,gemm,cutlass3x_sm100_tensorop_gemm_bf16_bf16_f32_bf16_bf16_128x256x64_4x2x1_0_tnt_align8_stream_k_2sm_epi_tma,passed,success,universal,4096,7168,9216,bf16:row,bf16:column,bf16:row,bf16:row,1,0,serial,1,1,heuristic,invalid,invalid,False,False,8,tensorop,f32,128,256,64,4,2,1,2,1,1,8,4,1,1,128,256,16,100,110,266338304,541224599552,2032,0.407987,607.977,1326570.0,0.530628
1,CUTLASS,gemm,cutlass3x_sm100_tensorop_gemm_bf16_bf16_f32_f32_f32_128x128x64_1x2x1_0_tnt_align8_stream_k_1sm,passed,success,universal,4096,7168,9216,bf16:row,bf16:column,f32:row,f32:row,1,0,serial,1,1,heuristic,invalid,invalid,False,False,8,tensorop,f32,128,128,64,1,2,1,1,1,1,6,4,1,1,128,128,16,100,110,325058560,541224599552,1665,0.40952,739.242,1321610.0,0.528644
1,CUTLASS,gemm,cutlass3x_sm100_tensorop_gemm_bf16_bf16_f32_bf16_bf16_256x128x64_4x2x1_0_tnt_align8_stream_k_2sm,passed,success,universal,4096,7168,9216,bf16:row,bf16:column,bf16:row,bf16:row,1,0,serial,1,1,heuristic,invalid,invalid,False,False,8,tensorop,f32,256,128,64,4,2,1,2,1,1,8,4,1,1,256,128,16,100,110,266338304,541224599552,2032,0.410442,604.341,1318640.0,0.527456
1,CUTLASS,gemm,cutlass3x_sm100_tensorop_gemm_bf16_bf16_f32_bf16_bf16_128x128x64_2x4x1_0_tnt_align8_stream_k_2sm_epi_tma,passed,success,universal,4096,7168,9216,bf16:row,bf16:column,bf16:row,bf16:row,1,0,serial,1,1,heuristic,invalid,invalid,False,False,8,tensorop,f32,128,128,64,2,4,1,2,1,1,13,4,1,1,128,128,16,100,110,266338304,541224599552,2032,0.412998,600.6,1310480.0,0.524192
1,CUTLASS,gemm,cutlass3x_sm100_tensorop_gemm_bf16_bf16_f32_f32_f32_256x128x64_2x4x1_0_tnt_align8_2sm,passed,success,universal,4096,7168,9216,bf16:row,bf16:column,f32:row,f32:row,1,0,serial,1,1,heuristic,invalid,invalid,False,False,8,tensorop,f32,256,128,64,2,4,1,2,1,1,8,4,1,1,256,128,16,100,110,325058560,541224599552,1665,0.413408,732.29,1309180.0,0.523672
1,CUTLASS,gemm,cutlass3x_sm100_tensorop_gemm_bf16_bf16_f32_f32_f32_128x128x64_4x2x1_0_tnt_align8_2sm_epi_tma,passed,success,universal,4096,7168,9216,bf16:row,bf16:column,f32:row,f32:row,1,0,serial,1,1,heuristic,invalid,invalid,False,False,8,tensorop,f32,128,128,64,4,2,1,2,1,1,12,4,1,1,128,128,16,100,110,325058560,541224599552,1665,0.413846,731.514,1307790.0,0.523116
1,CUTLASS,gemm,cutlass3x_sm100_tensorop_gemm_bf16_bf16_f32_void_bf16_128x128x64_2x4x1_0_tnt_align8_stream_k_2sm_epi_tma,passed,success,universal,4096,7168,9216,bf16:row,bf16:column,void:row,bf16:row,1,0,serial,1,1,heuristic,invalid,invalid,False,False,8,tensorop,f32,128,128,64,2,4,1,2,1,1,13,4,1,1,128,128,16,100,110,207618048,541224599552,2606,0.414051,466.994,1307140.0,0.522856
1,CUTLASS,gemm,cutlass3x_sm100_tensorop_gemm_bf16_bf16_f32_f32_f32_128x256x64_4x2x1_0_tnt_align8_2sm_epi_tma,passed,success,universal,4096,7168,9216,bf16:row,bf16:column,f32:row,f32:row,1,0,serial,1,1,heuristic,invalid,invalid,False,False,8,tensorop,f32,128,256,64,4,2,1,2,1,1,8,4,1,1,128,256,16,100,110,325058560,541224599552,1665,0.415277,728.994,1303290.0,0.521316
1,CUTLASS,gemm,cutlass3x_sm100_tensorop_gemm_bf16_bf16_f32_void_f32_256x128x64_2x4x1_0_tnt_align8_2sm,passed,success,universal,4096,7168,9216,bf16:row,bf16:column,void:row,f32:row,1,0,serial,1,1,heuristic,invalid,invalid,False,False,8,tensorop,f32,256,128,64,2,4,1,2,1,1,8,4,1,1,256,128,16,100,110,207618048,541224599552,2606,0.415894,464.924,1301350.0,0.52054
1,CUTLASS,gemm,cutlass3x_sm100_tensorop_gemm_bf16_bf16_f32_void_bf16_256x128x64_2x4x1_0_tnt_align8_stream_k_2sm,passed,success,universal,4096,7168,9216,bf16:row,bf16:column,void:row,bf16:row,1,0,serial,1,1,heuristic,invalid,invalid,False,False,8,tensorop,f32,256,128,64,2,4,1,2,1,1,8,4,1,1,256,128,16,100,110,207618048,541224599552,2606,0.416176,464.61,1300470.0,0.520188
1,CUTLASS,gemm,cutlass3x_sm100_tensorop_gemm_bf16_bf16_f32_bf16_bf16_128x128x64_1x4x1_0_tnt_align8_1sm,passed,success,universal,4096,7168,9216,bf16:row,bf16:column,bf16:row,bf16:row,1,0,serial,1,1,heuristic,invalid,invalid,False,False,8,tensorop,f32,128,128,64,1,4,1,1,1,1,6,4,1,1,128,128,16,100,110,266338304,541224599552,2032,0.416989,594.853,1297940.0,0.519176
1,CUTLASS,gemm,cutlass3x_sm100_tensorop_gemm_bf16_bf16_f32_void_bf16_128x128x64_1x4x1_0_tnt_align8_1sm,passed,success,universal,4096,7168,9216,bf16:row,bf16:column,void:row,bf16:row,1,0,serial,1,1,heuristic,invalid,invalid,False,False,8,tensorop,f32,128,128,64,1,4,1,1,1,1,6,4,1,1,128,128,16,100,110,207618048,541224599552,2606,0.417088,463.594,1297630.0,0.519052
1,CUTLASS,gemm,cutlass3x_sm100_tensorop_gemm_bf16_bf16_f32_void_f32_128x256x64_4x2x1_0_tnt_align8_2sm_epi_tma,passed,success,universal,4096,7168,9216,bf16:row,bf16:column,void:row,f32:row,1,0,serial,1,1,heuristic,invalid,invalid,False,False,8,tensorop,f32,128,256,64,4,2,1,2,1,1,8,4,1,1,128,256,16,100,110,207618048,541224599552,2606,0.41761,463.015,1296010.0,0.518404
1,CUTLASS,gemm,cutlass3x_sm100_tensorop_gemm_bf16_bf16_f32_f32_f32_256x128x64_4x2x1_0_tnt_align8_stream_k_2sm,passed,success,universal,4096,7168,9216,bf16:row,bf16:column,f32:row,f32:row,1,0,serial,1,1,heuristic,invalid,invalid,False,False,8,tensorop,f32,256,128,64,4,2,1,2,1,1,8,4,1,1,256,128,16,100,110,325058560,541224599552,1665,0.417741,724.694,1295600.0,0.51824
1,CUTLASS,gemm,cutlass3x_sm100_tensorop_gemm_bf16_bf16_f32_void_f32_128x256x64_4x4x1_0_tnt_align8_stream_k_1sm,passed,success,universal,4096,7168,9216,bf16:row,bf16:column,void:row,f32:row,1,0,serial,1,1,heuristic,invalid,invalid,False,False,8,tensorop,f32,128,256,64,4,4,1,1,1,1,4,4,1,1,128,256,16,100,110,207618048,541224599552,2606,0.417811,462.791,1295380.0,0.518152
1,CUTLASS,gemm,cutlass3x_sm100_tensorop_gemm_bf16_bf16_f32_void_f32_128x128x64_4x2x1_0_tnt_align8_2sm_epi_tma,passed,success,universal,4096,7168,9216,bf16:row,bf16:column,void:row,f32:row,1,0,serial,1,1,heuristic,invalid,invalid,False,False,8,tensorop,f32,128,128,64,4,2,1,2,1,1,12,4,1,1,128,128,16,100,110,207618048,541224599552,2606,0.417917,462.674,1295050.0,0.51802
1,CUTLASS,gemm,cutlass3x_sm100_tensorop_gemm_bf16_bf16_f32_void_f32_256x128x64_4x2x1_0_tnt_align8_stream_k_2sm,passed,success,universal,4096,7168,9216,bf16:row,bf16:column,void:row,f32:row,1,0,serial,1,1,heuristic,invalid,invalid,False,False,8,tensorop,f32,256,128,64,4,2,1,2,1,1,8,4,1,1,256,128,16,100,110,207618048,541224599552,2606,0.417946,462.642,1294960.0,0.517984
1,CUTLASS,gemm,cutlass3x_sm100_tensorop_gemm_bf16_bf16_f32_f32_f32_128x256x64_4x2x1_0_tnt_align8_stream_k_2sm_epi_tma,passed,success,universal,4096,7168,9216,bf16:row,bf16:column,f32:row,f32:row,1,0,serial,1,1,heuristic,invalid,invalid,False,False,8,tensorop,f32,128,256,64,4,2,1,2,1,1,8,4,1,1,128,256,16,100,110,325058560,541224599552,1665,0.418323,723.685,1293800.0,0.51752
1,CUTLASS,gemm,cutlass3x_sm100_tensorop_gemm_bf16_bf16_f32_void_f32_128x256x64_4x2x1_0_tnt_align8_stream_k_2sm_epi_tma,passed,success,universal,4096,7168,9216,bf16:row,bf16:column,void:row,f32:row,1,0,serial,1,1,heuristic,invalid,invalid,False,False,8,tensorop,f32,128,256,64,4,2,1,2,1,1,8,4,1,1,128,256,16,100,110,207618048,541224599552,2606,0.418874,461.617,1292100.0,0.51684
1,CUTLASS,gemm,cutlass3x_sm100_tensorop_gemm_bf16_bf16_f32_bf16_bf16_256x128x64_2x4x1_0_tnt_align8_stream_k_2sm,passed,success,universal,4096,7168,9216,bf16:row,bf16:column,bf16:row,bf16:row,1,0,serial,1,1,heuristic,invalid,invalid,False,False,8,tensorop,f32,256,128,64,2,4,1,2,1,1,8,4,1,1,256,128,16,100,110,266338304,541224599552,2032,0.419043,591.936,1291570.0,0.516628
1,CUTLASS,gemm,cutlass3x_sm100_tensorop_gemm_bf16_bf16_f32_void_bf16_128x256x64_2x4x1_0_tnt_align8_stream_k_2sm_epi_tma,passed,success,universal,4096,7168,9216,bf16:row,bf16:column,void:row,bf16:row,1,0,serial,1,1,heuristic,invalid,invalid,False,False,8,tensorop,f32,128,256,64,2,4,1,2,1,1,8,4,1,1,128,256,16,100,110,207618048,541224599552,2606,0.420166,460.197,1288120.0,0.515248
1,CUTLASS,gemm,cutlass3x_sm100_tensorop_gemm_bf16_bf16_f32_void_bf16_128x128x64_2x1x1_0_tnt_align8_stream_k_2sm_epi_tma,passed,success,universal,4096,7168,9216,bf16:row,bf16:column,void:row,bf16:row,1,0,serial,1,1,heuristic,invalid,invalid,False,False,8,tensorop,f32,128,128,64,2,1,1,2,1,1,13,4,1,1,128,128,16,100,110,207618048,541224599552,2606,0.421187,459.082,1285000.0,0.514
1,CUTLASS,gemm,cutlass3x_sm100_tensorop_gemm_bf16_bf16_f32_void_bf16_128x256x64_4x4x1_0_tnt_align8_stream_k_2sm_epi_tma,passed,success,universal,4096,7168,9216,bf16:row,bf16:column,void:row,bf16:row,1,0,serial,1,1,heuristic,invalid,invalid,False,False,8,tensorop,f32,128,256,64,4,4,1,2,1,1,8,4,1,1,128,256,16,100,110,207618048,541224599552,2606,0.421293,458.967,1284680.0,0.513872
1,CUTLASS,gemm,cutlass3x_sm100_tensorop_gemm_bf16_bf16_f32_void_bf16_128x128x64_4x1x1_0_tnt_align8_stream_k_2sm_epi_tma,passed,success,universal,4096,7168,9216,bf16:row,bf16:column,void:row,bf16:row,1,0,serial,1,1,heuristic,invalid,invalid,False,False,8,tensorop,f32,128,128,64,4,1,1,2,1,1,13,4,1,1,128,128,16,100,110,207618048,541224599552,2606,0.421395,458.855,1284360.0,0.513744
1,CUTLASS,gemm,cutlass3x_sm100_tensorop_gemm_bf16_bf16_f32_bf16_bf16_128x128x64_4x1x1_0_tnt_align8_stream_k_2sm_epi_tma,passed,success,universal,4096,7168,9216,bf16:row,bf16:column,bf16:row,bf16:row,1,0,serial,1,1,heuristic,invalid,invalid,False,False,8,tensorop,f32,128,128,64,4,1,1,2,1,1,13,4,1,1,128,128,16,100,110,266338304,541224599552,2032,0.4216,588.346,1283740.0,0.513496
1,CUTLASS,gemm,cutlass3x_sm100_tensorop_gemm_bf16_bf16_f32_void_bf16_128x256x64_4x4x1_0_tnt_align8_1sm,passed,success,universal,4096,7168,9216,bf16:row,bf16:column,void:row,bf16:row,1,0,serial,1,1,heuristic,invalid,invalid,False,False,8,tensorop,f32,128,256,64,4,4,1,1,1,1,4,4,1,1,128,256,16,100,110,207618048,541224599552,2606,0.421622,458.608,1283670.0,0.513468
1,CUTLASS,gemm,cutlass3x_sm100_tensorop_gemm_bf16_bf16_f32_bf16_bf16_128x128x64_2x1x1_0_tnt_align8_stream_k_2sm_epi_tma,passed,success,universal,4096,7168,9216,bf16:row,bf16:column,bf16:row,bf16:row,1,0,serial,1,1,heuristic,invalid,invalid,False,False,8,tensorop,f32,128,128,64,2,1,1,2,1,1,13,4,1,1,128,128,16,100,110,266338304,541224599552,2032,0.421904,587.923,1282810.0,0.513124
1,CUTLASS,gemm,cutlass3x_sm100_tensorop_gemm_bf16_bf16_f32_void_bf16_128x128x64_0x0x1_0_tnt_align8_stream_k_2sm_epi_tma,passed,success,universal,4096,7168,9216,bf16:row,bf16:column,void:row,bf16:row,1,0,serial,1,1,heuristic,invalid,invalid,False,False,8,tensorop,f32,128,128,64,2,1,1,2,1,1,13,4,1,1,128,128,16,100,110,207618048,541224599552,2606,0.421907,458.298,1282800.0,0.51312
1,CUTLASS,gemm,cutlass3x_sm100_tensorop_gemm_bf16_bf16_f32_bf16_bf16_128x128x64_0x0x1_0_tnt_align8_stream_k_2sm_epi_tma,passed,success,universal,4096,7168,9216,bf16:row,bf16:column,bf16:row,bf16:row,1,0,serial,1,1,heuristic,invalid,invalid,False,False,8,tensorop,f32,128,128,64,2,1,1,2,1,1,13,4,1,1,128,128,16,100,110,266338304,541224599552,2032,0.423168,586.166,1278980.0,0.511592
1,CUTLASS,gemm,cutlass3x_sm100_tensorop_gemm_bf16_bf16_f32_bf16_bf16_128x256x64_2x4x1_0_tnt_align8_stream_k_2sm_epi_tma,passed,success,universal,4096,7168,9216,bf16:row,bf16:column,bf16:row,bf16:row,1,0,serial,1,1,heuristic,invalid,invalid,False,False,8,tensorop,f32,128,256,64,2,4,1,2,1,1,8,4,1,1,128,256,16,100,110,266338304,541224599552,2032,0.423853,585.219,1276920.0,0.510768
1,CUTLASS,gemm,cutlass3x_sm100_tensorop_gemm_bf16_bf16_f32_bf16_bf16_128x256x64_4x4x1_0_tnt_align8_stream_k_2sm_epi_tma,passed,success,universal,4096,7168,9216,bf16:row,bf16:column,bf16:row,bf16:row,1,0,serial,1,1,heuristic,invalid,invalid,False,False,8,tensorop,f32,128,256,64,4,4,1,2,1,1,8,4,1,1,128,256,16,100,110,266338304,541224599552,2032,0.42601,582.257,1270450.0,0.50818
1,CUTLASS,gemm,cutlass3x_sm100_tensorop_gemm_bf16_bf16_f32_f32_f32_128x128x64_1x4x1_0_tnt_align8_1sm,passed,success,universal,4096,7168,9216,bf16:row,bf16:column,f32:row,f32:row,1,0,serial,1,1,heuristic,invalid,invalid,False,False,8,tensorop,f32,128,128,64,1,4,1,1,1,1,6,4,1,1,128,128,16,100,110,325058560,541224599552,1665,0.427542,708.08,1265900.0,0.50636
1,CUTLASS,gemm,cutlass3x_sm100_tensorop_gemm_bf16_bf16_f32_void_bf16_256x128x64_4x4x1_0_tnt_align8_stream_k_2sm,passed,success,universal,4096,7168,9216,bf16:row,bf16:column,void:row,bf16:row,1,0,serial,1,1,heuristic,invalid,invalid,False,False,8,tensorop,f32,256,128,64,4,4,1,2,1,1,8,4,1,1,256,128,16,100,110,207618048,541224599552,2606,0.42871,451.026,1262450.0,0.50498
1,CUTLASS,gemm,cutlass3x_sm100_tensorop_gemm_bf16_bf16_f32_void_f32_128x128x64_1x4x1_0_tnt_align8_1sm,passed,success,universal,4096,7168,9216,bf16:row,bf16:column,void:row,f32:row,1,0,serial,1,1,heuristic,invalid,invalid,False,False,8,tensorop,f32,128,128,64,1,4,1,1,1,1,6,4,1,1,128,128,16,100,110,207618048,541224599552,2606,0.43031,449.349,1257750.0,0.5031
1,CUTLASS,gemm,cutlass3x_sm100_tensorop_gemm_bf16_bf16_f32_void_f32_128x256x64_2x4x1_0_tnt_align8_stream_k_2sm_epi_tma,passed,success,universal,4096,7168,9216,bf16:row,bf16:column,void:row,f32:row,1,0,serial,1,1,heuristic,invalid,invalid,False,False,8,tensorop,f32,128,256,64,2,4,1,2,1,1,8,4,1,1,128,256,16,100,110,207618048,541224599552,2606,0.43041,449.245,1257460.0,0.502984
1,CUTLASS,gemm,cutlass3x_sm100_tensorop_gemm_bf16_bf16_f32_f32_f32_256x128x64_2x4x1_0_tnt_align8_stream_k_2sm,passed,success,universal,4096,7168,9216,bf16:row,bf16:column,f32:row,f32:row,1,0,serial,1,1,heuristic,invalid,invalid,False,False,8,tensorop,f32,256,128,64,2,4,1,2,1,1,8,4,1,1,256,128,16,100,110,325058560,541224599552,1665,0.431123,702.199,1255380.0,0.502152
1,CUTLASS,gemm,cutlass3x_sm100_tensorop_gemm_bf16_bf16_f32_void_f32_256x128x64_2x4x1_0_tnt_align8_stream_k_2sm,passed,success,universal,4096,7168,9216,bf16:row,bf16:column,void:row,f32:row,1,0,serial,1,1,heuristic,invalid,invalid,False,False,8,tensorop,f32,256,128,64,2,4,1,2,1,1,8,4,1,1,256,128,16,100,110,207618048,541224599552,2606,0.431126,448.498,1255370.0,0.502148
1,CUTLASS,gemm,cutlass3x_sm100_tensorop_gemm_bf16_bf16_f32_void_bf16_128x128x64_1x4x1_0_tnt_align8_stream_k_1sm,passed,success,universal,4096,7168,9216,bf16:row,bf16:column,void:row,bf16:row,1,0,serial,1,1,heuristic,invalid,invalid,False,False,8,tensorop,f32,128,128,64,1,4,1,1,1,1,6,4,1,1,128,128,16,100,110,207618048,541224599552,2606,0.432048,447.541,1252700.0,0.50108
1,CUTLASS,gemm,cutlass3x_sm100_tensorop_gemm_bf16_bf16_f32_f32_f32_128x256x64_2x4x1_0_tnt_align8_stream_k_2sm_epi_tma,passed,success,universal,4096,7168,9216,bf16:row,bf16:column,f32:row,f32:row,1,0,serial,1,1,heuristic,invalid,invalid,False,False,8,tensorop,f32,128,256,64,2,4,1,2,1,1,8,4,1,1,128,256,16,100,110,325058560,541224599552,1665,0.432454,700.038,1251520.0,0.500608
1,CUTLASS,gemm,cutlass3x_sm100_tensorop_gemm_bf16_bf16_f32_bf16_bf16_256x128x64_4x4x1_0_tnt_align8_stream_k_2sm,passed,success,universal,4096,7168,9216,bf16:row,bf16:column,bf16:row,bf16:row,1,0,serial,1,1,heuristic,invalid,invalid,False,False,8,tensorop,f32,256,128,64,4,4,1,2,1,1,8,4,1,1,256,128,16,100,110,266338304,541224599552,2032,0.434099,571.406,1246780.0,0.498712
1,CUTLASS,gemm,cutlass3x_sm100_tensorop_gemm_bf16_bf16_f32_f32_f32_128x256x64_4x4x1_0_tnt_align8_stream_k_2sm_epi_tma,passed,success,universal,4096,7168,9216,bf16:row,bf16:column,f32:row,f32:row,1,0,serial,1,1,heuristic,invalid,invalid,False,False,8,tensorop,f32,128,256,64,4,4,1,2,1,1,8,4,1,1,128,256,16,100,110,325058560,541224599552,1665,0.43433,697.015,1246110.0,0.498444
1,CUTLASS,gemm,cutlass3x_sm100_tensorop_gemm_bf16_bf16_f32_bf16_bf16_128x128x64_1x4x1_0_tnt_align8_stream_k_1sm,passed,success,universal,4096,7168,9216,bf16:row,bf16:column,bf16:row,bf16:row,1,0,serial,1,1,heuristic,invalid,invalid,False,False,8,tensorop,f32,128,128,64,1,4,1,1,1,1,6,4,1,1,128,128,16,100,110,266338304,541224599552,2032,0.434707,570.607,1245030.0,0.498012
1,CUTLASS,gemm,cutlass3x_sm100_tensorop_gemm_bf16_bf16_f32_void_f32_128x256x64_4x4x1_0_tnt_align8_stream_k_2sm_epi_tma,passed,success,universal,4096,7168,9216,bf16:row,bf16:column,void:row,f32:row,1,0,serial,1,1,heuristic,invalid,invalid,False,False,8,tensorop,f32,128,256,64,4,4,1,2,1,1,8,4,1,1,128,256,16,100,110,207618048,541224599552,2606,0.436141,443.342,1240940.0,0.496376
1,CUTLASS,gemm,cutlass3x_sm100_tensorop_gemm_bf16_bf16_f32_void_f32_128x256x64_4x4x1_0_tnt_align8_1sm,passed,success,universal,4096,7168,9216,bf16:row,bf16:column,void:row,f32:row,1,0,serial,1,1,heuristic,invalid,invalid,False,False,8,tensorop,f32,128,256,64,4,4,1,1,1,1,4,4,1,1,128,256,16,100,110,207618048,541224599552,2606,0.437472,441.993,1237160.0,0.494864
1,CUTLASS,gemm,cutlass3x_sm100_tensorop_gemm_bf16_bf16_f32_f32_f32_128x128x64_4x2x1_0_tnt_align8_stream_k_2sm_epi_tma,passed,success,universal,4096,7168,9216,bf16:row,bf16:column,f32:row,f32:row,1,0,serial,1,1,heuristic,invalid,invalid,False,False,8,tensorop,f32,128,128,64,4,2,1,2,1,1,12,4,1,1,128,128,16,100,110,325058560,541224599552,1665,0.43809,691.033,1235420.0,0.494168
1,CUTLASS,gemm,cutlass3x_sm100_tensorop_gemm_bf16_bf16_f32_bf16_bf16_128x128x64_4x4x1_0_tnt_align8_stream_k_2sm_epi_tma,passed,success,universal,4096,7168,9216,bf16:row,bf16:column,bf16:row,bf16:row,1,0,serial,1,1,heuristic,invalid,invalid,False,False,8,tensorop,f32,128,128,64,4,4,1,2,1,1,13,4,1,1,128,128,16,100,110,266338304,541224599552,2032,0.438906,565.149,1233120.0,0.493248
1,CUTLASS,gemm,cutlass3x_sm100_tensorop_gemm_bf16_bf16_f32_void_f32_128x128x64_2x1x1_0_tnt_align8_stream_k_2sm_epi_tma,passed,success,universal,4096,7168,9216,bf16:row,bf16:column,void:row,f32:row,1,0,serial,1,1,heuristic,invalid,invalid,False,False,8,tensorop,f32,128,128,64,2,1,1,2,1,1,12,4,1,1,128,128,16,100,110,207618048,541224599552,2606,0.439725,439.728,1230830.0,0.492332
1,CUTLASS,gemm,cutlass3x_sm100_tensorop_gemm_bf16_bf16_f32_void_f32_128x128x64_0x0x1_0_tnt_align8_stream_k_2sm_epi_tma,passed,success,universal,4096,7168,9216,bf16:row,bf16:column,void:row,f32:row,1,0,serial,1,1,heuristic,invalid,invalid,False,False,8,tensorop,f32,128,128,64,2,1,1,2,1,1,12,4,1,1,128,128,16,100,110,207618048,541224599552,2606,0.440032,439.421,1229970.0,0.491988
1,CUTLASS,gemm,cutlass3x_sm100_tensorop_gemm_bf16_bf16_f32_f32_f32_128x128x64_2x1x1_0_tnt_align8_stream_k_2sm_epi_tma,passed,success,universal,4096,7168,9216,bf16:row,bf16:column,f32:row,f32:row,1,0,serial,1,1,heuristic,invalid,invalid,False,False,8,tensorop,f32,128,128,64,2,1,1,2,1,1,12,4,1,1,128,128,16,100,110,325058560,541224599552,1665,0.44016,687.783,1229610.0,0.491844
1,CUTLASS,gemm,cutlass3x_sm100_tensorop_gemm_bf16_bf16_f32_f32_f32_128x128x64_0x0x1_0_tnt_align8_stream_k_2sm_epi_tma,passed,success,universal,4096,7168,9216,bf16:row,bf16:column,f32:row,f32:row,1,0,serial,1,1,heuristic,invalid,invalid,False,False,8,tensorop,f32,128,128,64,2,1,1,2,1,1,12,4,1,1,128,128,16,100,110,325058560,541224599552,1665,0.440445,687.338,1228810.0,0.491524
1,CUTLASS,gemm,cutlass3x_sm100_tensorop_gemm_bf16_bf16_f32_void_bf16_128x128x64_4x4x1_0_tnt_align8_stream_k_2sm_epi_tma,passed,success,universal,4096,7168,9216,bf16:row,bf16:column,void:row,bf16:row,1,0,serial,1,1,heuristic,invalid,invalid,False,False,8,tensorop,f32,128,128,64,4,4,1,2,1,1,13,4,1,1,128,128,16,100,110,207618048,541224599552,2606,0.441363,438.096,1226260.0,0.490504
1,CUTLASS,gemm,cutlass3x_sm100_tensorop_gemm_bf16_bf16_f32_f32_f32_128x128x64_1x4x1_0_tnt_align8_stream_k_1sm,passed,success,universal,4096,7168,9216,bf16:row,bf16:column,f32:row,f32:row,1,0,serial,1,1,heuristic,invalid,invalid,False,False,8,tensorop,f32,128,128,64,1,4,1,1,1,1,6,4,1,1,128,128,16,100,110,325058560,541224599552,1665,0.442186,684.632,1223980.0,0.489592
1,CUTLASS,gemm,cutlass3x_sm100_tensorop_gemm_bf16_bf16_f32_void_f32_128x128x64_4x2x1_0_tnt_align8_stream_k_2sm_epi_tma,passed,success,universal,4096,7168,9216,bf16:row,bf16:column,void:row,f32:row,1,0,serial,1,1,heuristic,invalid,invalid,False,False,8,tensorop,f32,128,128,64,4,2,1,2,1,1,12,4,1,1,128,128,16,100,110,207618048,541224599552,2606,0.442413,437.056,1223350.0,0.48934
1,CUTLASS,gemm,cutlass3x_sm100_tensorop_gemm_bf16_bf16_f32_f32_f32_128x128x64_4x1x1_0_tnt_align8_stream_k_2sm_epi_tma,passed,success,universal,4096,7168,9216,bf16:row,bf16:column,f32:row,f32:row,1,0,serial,1,1,heuristic,invalid,invalid,False,False,8,tensorop,f32,128,128,64,4,1,1,2,1,1,12,4,1,1,128,128,16,100,110,325058560,541224599552,1665,0.443952,681.908,1219110.0,0.487644
1,CUTLASS,gemm,cutlass3x_sm100_tensorop_gemm_bf16_bf16_f32_f32_f32_256x128x64_4x4x1_0_tnt_align8_stream_k_2sm,passed,success,universal,4096,7168,9216,bf16:row,bf16:column,f32:row,f32:row,1,0,serial,1,1,heuristic,invalid,invalid,False,False,8,tensorop,f32,256,128,64,4,4,1,2,1,1,8,4,1,1,256,128,16,100,110,325058560,541224599552,1665,0.444336,681.319,1218050.0,0.48722
1,CUTLASS,gemm,cutlass3x_sm100_tensorop_gemm_bf16_bf16_f32_void_f32_128x128x64_1x4x1_0_tnt_align8_stream_k_1sm,passed,success,universal,4096,7168,9216,bf16:row,bf16:column,void:row,f32:row,1,0,serial,1,1,heuristic,invalid,invalid,False,False,8,tensorop,f32,128,128,64,1,4,1,1,1,1,6,4,1,1,128,128,16,100,110,207618048,541224599552,2606,0.445078,434.439,1216020.0,0.486408
1,CUTLASS,gemm,cutlass3x_sm100_tensorop_gemm_bf16_bf16_f32_void_bf16_128x256x64_2x4x1_0_tnt_align8_2sm_epi_tma,passed,success,universal,4096,7168,9216,bf16:row,bf16:column,void:row,bf16:row,1,0,serial,1,1,heuristic,invalid,invalid,False,False,8,tensorop,f32,128,256,64,2,4,1,2,1,1,8,4,1,1,128,256,16,100,110,207618048,541224599552,2606,0.445597,433.934,1214610.0,0.485844
1,CUTLASS,gemm,cutlass3x_sm100_tensorop_gemm_bf16_bf16_f32_bf16_bf16_128x256x64_2x4x1_0_tnt_align8_2sm_epi_tma,passed,success,universal,4096,7168,9216,bf16:row,bf16:column,bf16:row,bf16:row,1,0,serial,1,1,heuristic,invalid,invalid,False,False,8,tensorop,f32,128,256,64,2,4,1,2,1,1,8,4,1,1,128,256,16,100,110,266338304,541224599552,2032,0.445971,556.195,1213590.0,0.485436
1,CUTLASS,gemm,cutlass3x_sm100_tensorop_gemm_bf16_bf16_f32_void_f32_128x128x64_4x1x1_0_tnt_align8_stream_k_2sm_epi_tma,passed,success,universal,4096,7168,9216,bf16:row,bf16:column,void:row,f32:row,1,0,serial,1,1,heuristic,invalid,invalid,False,False,8,tensorop,f32,128,128,64,4,1,1,2,1,1,12,4,1,1,128,128,16,100,110,207618048,541224599552,2606,0.445974,433.566,1213580.0,0.485432
1,CUTLASS,gemm,cutlass3x_sm100_tensorop_gemm_bf16_bf16_f32_f32_f32_128x128x64_2x4x1_0_tnt_align8_stream_k_2sm_epi_tma,passed,success,universal,4096,7168,9216,bf16:row,bf16:column,f32:row,f32:row,1,0,serial,1,1,heuristic,invalid,invalid,False,False,8,tensorop,f32,128,128,64,2,4,1,2,1,1,12,4,1,1,128,128,16,100,110,325058560,541224599552,1665,0.446173,678.514,1213040.0,0.485216
1,CUTLASS,gemm,cutlass3x_sm100_tensorop_gemm_bf16_bf16_f32_void_f32_256x128x64_4x4x1_0_tnt_align8_stream_k_2sm,passed,success,universal,4096,7168,9216,bf16:row,bf16:column,void:row,f32:row,1,0,serial,1,1,heuristic,invalid,invalid,False,False,8,tensorop,f32,256,128,64,4,4,1,2,1,1,8,4,1,1,256,128,16,100,110,207618048,541224599552,2606,0.447546,432.044,1209320.0,0.483728
1,CUTLASS,gemm,cutlass3x_sm100_tensorop_gemm_bf16_bf16_f32_bf16_bf16_128x128x64_2x4x1_0_tnt_align8_2sm_epi_tma,passed,success,universal,4096,7168,9216,bf16:row,bf16:column,bf16:row,bf16:row,1,0,serial,1,1,heuristic,invalid,invalid,False,False,8,tensorop,f32,128,128,64,2,4,1,2,1,1,13,4,1,1,128,128,16,100,110,266338304,541224599552,2032,0.44856,552.985,1206580.0,0.482632
1,CUTLASS,gemm,cutlass3x_sm100_tensorop_gemm_bf16_bf16_f32_void_bf16_128x128x64_2x4x1_0_tnt_align8_2sm_epi_tma,passed,success,universal,4096,7168,9216,bf16:row,bf16:column,void:row,bf16:row,1,0,serial,1,1,heuristic,invalid,invalid,False,False,8,tensorop,f32,128,128,64,2,4,1,2,1,1,13,4,1,1,128,128,16,100,110,207618048,541224599552,2606,0.449379,430.281,1204380.0,0.481752
1,CUTLASS,gemm,cutlass3x_sm100_tensorop_gemm_bf16_bf16_f32_void_f32_128x128x64_2x4x1_0_tnt_align8_stream_k_2sm_epi_tma,passed,success,universal,4096,7168,9216,bf16:row,bf16:column,void:row,f32:row,1,0,serial,1,1,heuristic,invalid,invalid,False,False,8,tensorop,f32,128,128,64,2,4,1,2,1,1,12,4,1,1,128,128,16,100,110,207618048,541224599552,2606,0.450803,428.922,1200580.0,0.480232
1,CUTLASS,gemm,cutlass3x_sm100_tensorop_gemm_bf16_bf16_f32_bf16_bf16_128x256x64_1x4x1_0_tnt_align8_stream_k_1sm,passed,success,universal,4096,7168,9216,bf16:row,bf16:column,bf16:row,bf16:row,1,0,serial,1,1,heuristic,invalid,invalid,False,False,8,tensorop,f32,128,256,64,1,4,1,1,1,1,3,4,1,1,128,256,16,100,110,266338304,541224599552,2032,0.451939,548.85,1197560.0,0.479024
1,CUTLASS,gemm,cutlass3x_sm100_tensorop_gemm_bf16_bf16_f32_f32_f32_128x256x64_2x4x1_0_tnt_align8_2sm_epi_tma,passed,success,universal,4096,7168,9216,bf16:row,bf16:column,f32:row,f32:row,1,0,serial,1,1,heuristic,invalid,invalid,False,False,8,tensorop,f32,128,256,64,2,4,1,2,1,1,8,4,1,1,128,256,16,100,110,325058560,541224599552,1665,0.45529,664.927,1188750.0,0.4755
1,CUTLASS,gemm,cutlass3x_sm100_tensorop_gemm_bf16_bf16_f32_void_f32_128x256x64_2x4x1_0_tnt_align8_2sm_epi_tma,passed,success,universal,4096,7168,9216,bf16:row,bf16:column,void:row,f32:row,1,0,serial,1,1,heuristic,invalid,invalid,False,False,8,tensorop,f32,128,256,64,2,4,1,2,1,1,8,4,1,1,128,256,16,100,110,207618048,541224599552,2606,0.45737,422.764,1183340.0,0.473336
1,CUTLASS,gemm,cutlass3x_sm100_tensorop_gemm_bf16_bf16_f32_bf16_bf16_128x256x64_4x4x1_0_tnt_align8_2sm_epi_tma,passed,success,universal,4096,7168,9216,bf16:row,bf16:column,bf16:row,bf16:row,1,0,serial,1,1,heuristic,invalid,invalid,False,False,8,tensorop,f32,128,256,64,4,4,1,2,1,1,8,4,1,1,128,256,16,100,110,266338304,541224599552,2032,0.462669,536.122,1169790.0,0.467916
1,CUTLASS,gemm,cutlass3x_sm100_tensorop_gemm_bf16_bf16_f32_void_bf16_128x256x64_4x4x1_0_tnt_align8_2sm_epi_tma,passed,success,universal,4096,7168,9216,bf16:row,bf16:column,void:row,bf16:row,1,0,serial,1,1,heuristic,invalid,invalid,False,False,8,tensorop,f32,128,256,64,4,4,1,2,1,1,8,4,1,1,128,256,16,100,110,207618048,541224599552,2606,0.463104,417.529,1168690.0,0.467476
1,CUTLASS,gemm,cutlass3x_sm100_tensorop_gemm_bf16_bf16_f32_bf16_bf16_128x256x64_1x4x1_0_tnt_align8_1sm,passed,success,universal,4096,7168,9216,bf16:row,bf16:column,bf16:row,bf16:row,1,0,serial,1,1,heuristic,invalid,invalid,False,False,8,tensorop,f32,128,256,64,1,4,1,1,1,1,3,4,1,1,128,256,16,100,110,266338304,541224599552,2032,0.466246,532.008,1160810.0,0.464324
1,CUTLASS,gemm,cutlass3x_sm100_tensorop_gemm_bf16_bf16_f32_f32_f32_128x256x64_1x4x1_0_tnt_align8_stream_k_1sm,passed,success,universal,4096,7168,9216,bf16:row,bf16:column,f32:row,f32:row,1,0,serial,1,1,heuristic,invalid,invalid,False,False,8,tensorop,f32,128,256,64,1,4,1,1,1,1,3,4,1,1,128,256,16,100,110,325058560,541224599552,1665,0.466554,648.874,1160050.0,0.46402
1,CUTLASS,gemm,cutlass3x_sm100_tensorop_gemm_bf16_bf16_f32_bf16_bf16_128x128x64_4x4x1_0_tnt_align8_2sm_epi_tma,passed,success,universal,4096,7168,9216,bf16:row,bf16:column,bf16:row,bf16:row,1,0,serial,1,1,heuristic,invalid,invalid,False,False,8,tensorop,f32,128,128,64,4,4,1,2,1,1,13,4,1,1,128,128,16,100,110,266338304,541224599552,2032,0.469245,528.609,1153390.0,0.461356
1,CUTLASS,gemm,cutlass3x_sm100_tensorop_gemm_bf16_bf16_f32_void_bf16_128x128x64_4x4x1_0_tnt_align8_2sm_epi_tma,passed,success,universal,4096,7168,9216,bf16:row,bf16:column,void:row,bf16:row,1,0,serial,1,1,heuristic,invalid,invalid,False,False,8,tensorop,f32,128,128,64,4,4,1,2,1,1,13,4,1,1,128,128,16,100,110,207618048,541224599552,2606,0.470445,411.014,1150450.0,0.46018
1,CUTLASS,gemm,cutlass3x_sm100_tensorop_gemm_bf16_bf16_f32_void_bf16_128x128x64_4x4x1_0_tnt_align8_1sm,passed,success,universal,4096,7168,9216,bf16:row,bf16:column,void:row,bf16:row,1,0,serial,1,1,heuristic,invalid,invalid,False,False,8,tensorop,f32,128,128,64,4,4,1,1,1,1,6,4,1,1,128,128,16,100,110,207618048,541224599552,2606,0.470544,410.927,1150210.0,0.460084
1,CUTLASS,gemm,cutlass3x_sm100_tensorop_gemm_bf16_bf16_f32_bf16_bf16_128x128x64_4x4x1_0_tnt_align8_1sm,passed,success,universal,4096,7168,9216,bf16:row,bf16:column,bf16:row,bf16:row,1,0,serial,1,1,heuristic,invalid,invalid,False,False,8,tensorop,f32,128,128,64,4,4,1,1,1,1,6,4,1,1,128,128,16,100,110,266338304,541224599552,2032,0.47137,526.226,1148200.0,0.45928
1,CUTLASS,gemm,cutlass3x_sm100_tensorop_gemm_bf16_bf16_f32_f32_f32_128x256x64_4x4x1_0_tnt_align8_2sm_epi_tma,passed,success,universal,4096,7168,9216,bf16:row,bf16:column,f32:row,f32:row,1,0,serial,1,1,heuristic,invalid,invalid,False,False,8,tensorop,f32,128,256,64,4,4,1,2,1,1,8,4,1,1,128,256,16,100,110,325058560,541224599552,1665,0.473107,639.885,1143980.0,0.457592
1,CUTLASS,gemm,cutlass3x_sm100_tensorop_gemm_bf16_bf16_f32_void_f32_128x256x64_4x4x1_0_tnt_align8_2sm_epi_tma,passed,success,universal,4096,7168,9216,bf16:row,bf16:column,void:row,f32:row,1,0,serial,1,1,heuristic,invalid,invalid,False,False,8,tensorop,f32,128,256,64,4,4,1,2,1,1,8,4,1,1,128,256,16,100,110,207618048,541224599552,2606,0.476179,406.064,1136600.0,0.45464
1,CUTLASS,gemm,cutlass3x_sm100_tensorop_gemm_bf16_bf16_f32_f32_f32_128x256x64_1x4x1_0_tnt_align8_1sm,passed,success,universal,4096,7168,9216,bf16:row,bf16:column,f32:row,f32:row,1,0,serial,1,1,heuristic,invalid,invalid,False,False,8,tensorop,f32,128,256,64,1,4,1,1,1,1,3,4,1,1,128,256,16,100,110,325058560,541224599552,1665,0.478944,632.087,1130040.0,0.452016
1,CUTLASS,gemm,cutlass3x_sm100_tensorop_gemm_bf16_bf16_f32_f32_f32_128x128x64_4x4x1_0_tnt_align8_stream_k_2sm_epi_tma,passed,success,universal,4096,7168,9216,bf16:row,bf16:column,f32:row,f32:row,1,0,serial,1,1,heuristic,invalid,invalid,False,False,8,tensorop,f32,128,128,64,4,4,1,2,1,1,12,4,1,1,128,128,16,100,110,325058560,541224599552,1665,0.480784,629.668,1125710.0,0.450284
1,CUTLASS,gemm,cutlass3x_sm100_tensorop_gemm_bf16_bf16_f32_f32_f32_128x128x64_2x4x1_0_tnt_align8_2sm_epi_tma,passed,success,universal,4096,7168,9216,bf16:row,bf16:column,f32:row,f32:row,1,0,serial,1,1,heuristic,invalid,invalid,False,False,8,tensorop,f32,128,128,64,2,4,1,2,1,1,12,4,1,1,128,128,16,100,110,325058560,541224599552,1665,0.481741,628.418,1123480.0,0.449392
1,CUTLASS,gemm,cutlass3x_sm100_tensorop_gemm_bf16_bf16_f32_f32_f32_128x128x64_4x4x1_0_tnt_align8_1sm,passed,success,universal,4096,7168,9216,bf16:row,bf16:column,f32:row,f32:row,1,0,serial,1,1,heuristic,invalid,invalid,False,False,8,tensorop,f32,128,128,64,4,4,1,1,1,1,6,4,1,1,128,128,16,100,110,325058560,541224599552,1665,0.483987,625.501,1118260.0,0.447304
1,CUTLASS,gemm,cutlass3x_sm100_tensorop_gemm_bf16_bf16_f32_void_f32_128x128x64_4x4x1_0_tnt_align8_1sm,passed,success,universal,4096,7168,9216,bf16:row,bf16:column,void:row,f32:row,1,0,serial,1,1,heuristic,invalid,invalid,False,False,8,tensorop,f32,128,128,64,4,4,1,1,1,1,6,4,1,1,128,128,16,100,110,207618048,541224599552,2606,0.486317,397.6,1112910.0,0.445164
1,CUTLASS,gemm,cutlass3x_sm100_tensorop_gemm_bf16_bf16_f32_void_f32_128x128x64_2x4x1_0_tnt_align8_2sm_epi_tma,passed,success,universal,4096,7168,9216,bf16:row,bf16:column,void:row,f32:row,1,0,serial,1,1,heuristic,invalid,invalid,False,False,8,tensorop,f32,128,128,64,2,4,1,2,1,1,12,4,1,1,128,128,16,100,110,207618048,541224599552,2606,0.487341,396.764,1110570.0,0.444228
1,CUTLASS,gemm,cutlass3x_sm100_tensorop_gemm_bf16_bf16_f32_void_f32_128x128x64_4x4x1_0_tnt_align8_stream_k_2sm_epi_tma,passed,success,universal,4096,7168,9216,bf16:row,bf16:column,void:row,f32:row,1,0,serial,1,1,heuristic,invalid,invalid,False,False,8,tensorop,f32,128,128,64,4,4,1,2,1,1,12,4,1,1,128,128,16,100,110,207618048,541224599552,2606,0.488573,395.764,1107770.0,0.443108
1,CUTLASS,gemm,cutlass3x_sm100_tensorop_gemm_bf16_bf16_f32_f32_f32_128x128x64_4x4x1_0_tnt_align8_2sm_epi_tma,passed,success,universal,4096,7168,9216,bf16:row,bf16:column,f32:row,f32:row,1,0,serial,1,1,heuristic,invalid,invalid,False,False,8,tensorop,f32,128,128,64,4,4,1,2,1,1,12,4,1,1,128,128,16,100,110,325058560,541224599552,1665,0.510176,593.392,1060860.0,0.424344
1,CUTLASS,gemm,cutlass3x_sm100_tensorop_gemm_bf16_bf16_f32_bf16_bf16_64x128x64_1x2x1_0_tnt_align8_stream_k_1sm,passed,success,universal,4096,7168,9216,bf16:row,bf16:column,bf16:row,bf16:row,1,0,serial,1,1,heuristic,invalid,invalid,False,False,8,tensorop,f32,64,128,64,1,2,1,1,1,1,8,4,1,1,64,128,16,100,110,266338304,541224599552,2032,0.512326,484.158,1056410.0,0.422564
1,CUTLASS,gemm,cutlass3x_sm100_tensorop_gemm_bf16_bf16_f32_void_bf16_64x128x64_1x2x1_0_tnt_align8_stream_k_1sm,passed,success,universal,4096,7168,9216,bf16:row,bf16:column,void:row,bf16:row,1,0,serial,1,1,heuristic,invalid,invalid,False,False,8,tensorop,f32,64,128,64,1,2,1,1,1,1,8,4,1,1,64,128,16,100,110,207618048,541224599552,2606,0.512941,376.962,1055140.0,0.422056
1,CUTLASS,gemm,cutlass3x_sm100_tensorop_gemm_bf16_bf16_f32_bf16_bf16_128x256x64_4x4x1_0_tnt_align8_stream_k_1sm,passed,success,universal,4096,7168,9216,bf16:row,bf16:column,bf16:row,bf16:row,1,0,serial,1,1,heuristic,invalid,invalid,False,False,8,tensorop,f32,128,256,64,4,4,1,1,1,1,3,4,1,1,128,256,16,100,110,266338304,541224599552,2032,0.515091,481.559,1050740.0,0.420296
1,CUTLASS,gemm,cutlass3x_sm100_tensorop_gemm_bf16_bf16_f32_void_f32_128x128x64_4x4x1_0_tnt_align8_2sm_epi_tma,passed,success,universal,4096,7168,9216,bf16:row,bf16:column,void:row,f32:row,1,0,serial,1,1,heuristic,invalid,invalid,False,False,8,tensorop,f32,128,128,64,4,4,1,2,1,1,12,4,1,1,128,128,16,100,110,207618048,541224599552,2606,0.516829,374.127,1047200.0,0.41888
1,CUTLASS,gemm,cutlass3x_sm100_tensorop_gemm_bf16_bf16_f32_void_bf16_64x128x64_1x1x1_0_tnt_align8_1sm,passed,success,universal,4096,7168,9216,bf16:row,bf16:column,void:row,bf16:row,1,0,serial,1,1,heuristic,invalid,invalid,False,False,8,tensorop,f32,64,128,64,1,1,1,1,1,1,8,4,1,1,64,128,16,100,110,207618048,541224599552,2606,0.520314,371.621,1040190.0,0.416076
1,CUTLASS,gemm,cutlass3x_sm100_tensorop_gemm_bf16_bf16_f32_bf16_bf16_64x128x64_1x1x1_0_tnt_align8_1sm,passed,success,universal,4096,7168,9216,bf16:row,bf16:column,bf16:row,bf16:row,1,0,serial,1,1,heuristic,invalid,invalid,False,False,8,tensorop,f32,64,128,64,1,1,1,1,1,1,8,4,1,1,64,128,16,100,110,266338304,541224599552,2032,0.520419,476.629,1039980.0,0.415992
1,CUTLASS,gemm,cutlass3x_sm100_tensorop_gemm_bf16_bf16_f32_void_bf16_128x128x64_4x4x1_0_tnt_align8_stream_k_1sm,passed,success,universal,4096,7168,9216,bf16:row,bf16:column,void:row,bf16:row,1,0,serial,1,1,heuristic,invalid,invalid,False,False,8,tensorop,f32,128,128,64,4,4,1,1,1,1,6,4,1,1,128,128,16,100,110,207618048,541224599552,2606,0.521744,370.602,1037340.0,0.414936
1,CUTLASS,gemm,cutlass3x_sm100_tensorop_gemm_bf16_bf16_f32_f32_f32_64x128x64_1x2x1_0_tnt_align8_stream_k_1sm,passed,success,universal,4096,7168,9216,bf16:row,bf16:column,f32:row,f32:row,1,0,serial,1,1,heuristic,invalid,invalid,False,False,8,tensorop,f32,64,128,64,1,2,1,1,1,1,8,4,1,1,64,128,16,100,110,325058560,541224599552,1665,0.521744,580.235,1037340.0,0.414936
1,CUTLASS,gemm,cutlass3x_sm100_tensorop_gemm_bf16_bf16_f32_void_bf16_64x128x64_0x0x1_0_tnt_align8_1sm,passed,success,universal,4096,7168,9216,bf16:row,bf16:column,void:row,bf16:row,1,0,serial,1,1,heuristic,invalid,invalid,False,False,8,tensorop,f32,64,128,64,1,1,1,1,1,1,8,4,1,1,64,128,16,100,110,207618048,541224599552,2606,0.523722,369.203,1033420.0,0.413368
1,CUTLASS,gemm,cutlass3x_sm100_tensorop_gemm_bf16_bf16_f32_bf16_bf16_64x128x64_0x0x1_0_tnt_align8_1sm,passed,success,universal,4096,7168,9216,bf16:row,bf16:column,bf16:row,bf16:row,1,0,serial,1,1,heuristic,invalid,invalid,False,False,8,tensorop,f32,64,128,64,1,1,1,1,1,1,8,4,1,1,64,128,16,100,110,266338304,541224599552,2032,0.525056,472.42,1030790.0,0.412316
1,CUTLASS,gemm,cutlass3x_sm100_tensorop_gemm_bf16_bf16_f32_void_f32_64x128x64_1x2x1_0_tnt_align8_stream_k_1sm,passed,success,universal,4096,7168,9216,bf16:row,bf16:column,void:row,f32:row,1,0,serial,1,1,heuristic,invalid,invalid,False,False,8,tensorop,f32,64,128,64,1,2,1,1,1,1,8,4,1,1,64,128,16,100,110,207618048,541224599552,2606,0.526797,367.047,1027390.0,0.410956
1,CUTLASS,gemm,cutlass3x_sm100_tensorop_gemm_bf16_bf16_f32_f32_f32_128x256x64_4x4x1_0_tnt_align8_stream_k_1sm,passed,success,universal,4096,7168,9216,bf16:row,bf16:column,f32:row,f32:row,1,0,serial,1,1,heuristic,invalid,invalid,False,False,8,tensorop,f32,128,256,64,4,4,1,1,1,1,3,4,1,1,128,256,16,100,110,325058560,541224599552,1665,0.528403,572.923,1024260.0,0.409704
1,CUTLASS,gemm,cutlass3x_sm100_tensorop_gemm_bf16_bf16_f32_f32_f32_64x128x64_1x1x1_0_tnt_align8_1sm,passed,success,universal,4096,7168,9216,bf16:row,bf16:column,f32:row,f32:row,1,0,serial,1,1,heuristic,invalid,invalid,False,False,8,tensorop,f32,64,128,64,1,1,1,1,1,1,8,4,1,1,64,128,16,100,110,325058560,541224599552,1665,0.528912,572.372,1023280.0,0.409312
1,CUTLASS,gemm,cutlass3x_sm100_tensorop_gemm_bf16_bf16_f32_bf16_bf16_128x128x64_4x4x1_0_tnt_align8_stream_k_1sm,passed,success,universal,4096,7168,9216,bf16:row,bf16:column,bf16:row,bf16:row,1,0,serial,1,1,heuristic,invalid,invalid,False,False,8,tensorop,f32,128,128,64,4,4,1,1,1,1,6,4,1,1,128,128,16,100,110,266338304,541224599552,2032,0.529846,468.149,1021470.0,0.408588
1,CUTLASS,gemm,cutlass3x_sm100_tensorop_gemm_bf16_bf16_f32_void_f32_64x128x64_1x1x1_0_tnt_align8_1sm,passed,success,universal,4096,7168,9216,bf16:row,bf16:column,void:row,f32:row,1,0,serial,1,1,heuristic,invalid,invalid,False,False,8,tensorop,f32,64,128,64,1,1,1,1,1,1,8,4,1,1,64,128,16,100,110,207618048,541224599552,2606,0.530038,364.803,1021100.0,0.40844
1,CUTLASS,gemm,cutlass3x_sm100_tensorop_gemm_bf16_bf16_f32_bf16_bf16_64x128x64_1x2x1_0_tnt_align8_1sm,passed,success,universal,4096,7168,9216,bf16:row,bf16:column,bf16:row,bf16:row,1,0,serial,1,1,heuristic,invalid,invalid,False,False,8,tensorop,f32,64,128,64,1,2,1,1,1,1,8,4,1,1,64,128,16,100,110,266338304,541224599552,2032,0.530554,467.525,1020110.0,0.408044
1,CUTLASS,gemm,cutlass3x_sm100_tensorop_gemm_bf16_bf16_f32_bf16_bf16_64x128x64_1x4x1_0_tnt_align8_stream_k_1sm,passed,success,universal,4096,7168,9216,bf16:row,bf16:column,bf16:row,bf16:row,1,0,serial,1,1,heuristic,invalid,invalid,False,False,8,tensorop,f32,64,128,64,1,4,1,1,1,1,8,4,1,1,64,128,16,100,110,266338304,541224599552,2032,0.531296,466.871,1018690.0,0.407476
1,CUTLASS,gemm,cutlass3x_sm100_tensorop_gemm_bf16_bf16_f32_f32_f32_64x128x64_0x0x1_0_tnt_align8_1sm,passed,success,universal,4096,7168,9216,bf16:row,bf16:column,f32:row,f32:row,1,0,serial,1,1,heuristic,invalid,invalid,False,False,8,tensorop,f32,64,128,64,1,1,1,1,1,1,8,4,1,1,64,128,16,100,110,325058560,541224599552,1665,0.531808,569.255,1017710.0,0.407084
1,CUTLASS,gemm,cutlass3x_sm100_tensorop_gemm_bf16_bf16_f32_void_bf16_64x128x64_1x2x1_0_tnt_align8_1sm,passed,success,universal,4096,7168,9216,bf16:row,bf16:column,void:row,bf16:row,1,0,serial,1,1,heuristic,invalid,invalid,False,False,8,tensorop,f32,64,128,64,1,2,1,1,1,1,8,4,1,1,64,128,16,100,110,207618048,541224599552,2606,0.533213,362.631,1015030.0,0.406012
1,CUTLASS,gemm,cutlass3x_sm100_tensorop_gemm_bf16_bf16_f32_void_f32_64x128x64_0x0x1_0_tnt_align8_1sm,passed,success,universal,4096,7168,9216,bf16:row,bf16:column,void:row,f32:row,1,0,serial,1,1,heuristic,invalid,invalid,False,False,8,tensorop,f32,64,128,64,1,1,1,1,1,1,8,4,1,1,64,128,16,100,110,207618048,541224599552,2606,0.533622,362.352,1014250.0,0.4057
1,CUTLASS,gemm,cutlass3x_sm100_tensorop_gemm_bf16_bf16_f32_void_bf16_64x128x64_1x4x1_0_tnt_align8_stream_k_1sm,passed,success,universal,4096,7168,9216,bf16:row,bf16:column,void:row,bf16:row,1,0,serial,1,1,heuristic,invalid,invalid,False,False,8,tensorop,f32,64,128,64,1,4,1,1,1,1,8,4,1,1,64,128,16,100,110,207618048,541224599552,2606,0.534006,362.092,1013520.0,0.405408
1,CUTLASS,gemm,cutlass3x_sm100_tensorop_gemm_bf16_bf16_f32_bf16_bf16_128x256x64_4x4x1_0_tnt_align8_1sm,passed,success,universal,4096,7168,9216,bf16:row,bf16:column,bf16:row,bf16:row,1,0,serial,1,1,heuristic,invalid,invalid,False,False,8,tensorop,f32,128,256,64,4,4,1,1,1,1,3,4,1,1,128,256,16,100,110,266338304,541224599552,2032,0.535808,462.94,1010110.0,0.404044
1,CUTLASS,gemm,cutlass3x_sm100_tensorop_gemm_bf16_bf16_f32_f32_f32_64x128x64_1x4x1_0_tnt_align8_stream_k_1sm,passed,success,universal,4096,7168,9216,bf16:row,bf16:column,f32:row,f32:row,1,0,serial,1,1,heuristic,invalid,invalid,False,False,8,tensorop,f32,64,128,64,1,4,1,1,1,1,8,4,1,1,64,128,16,100,110,325058560,541224599552,1665,0.539389,561.254,1003400.0,0.40136
1,CUTLASS,gemm,cutlass3x_sm100_tensorop_gemm_bf16_bf16_f32_f32_f32_128x128x64_4x4x1_0_tnt_align8_stream_k_1sm,passed,success,universal,4096,7168,9216,bf16:row,bf16:column,f32:row,f32:row,1,0,serial,1,1,heuristic,invalid,invalid,False,False,8,tensorop,f32,128,128,64,4,4,1,1,1,1,6,4,1,1,128,128,16,100,110,325058560,541224599552,1665,0.54151,559.056,999472.0,0.3997888
1,CUTLASS,gemm,cutlass3x_sm100_tensorop_gemm_bf16_bf16_f32_bf16_bf16_64x128x64_0x0x1_0_tnt_align8_stream_k_1sm,passed,success,universal,4096,7168,9216,bf16:row,bf16:column,bf16:row,bf16:row,1,0,serial,1,1,heuristic,invalid,invalid,False,False,8,tensorop,f32,64,128,64,1,1,1,1,1,1,8,4,1,1,64,128,16,100,110,266338304,541224599552,2032,0.541715,457.892,999094.0,0.3996376
1,CUTLASS,gemm,cutlass3x_sm100_tensorop_gemm_bf16_bf16_f32_bf16_bf16_64x128x64_1x1x1_0_tnt_align8_stream_k_1sm,passed,success,universal,4096,7168,9216,bf16:row,bf16:column,bf16:row,bf16:row,1,0,serial,1,1,heuristic,invalid,invalid,False,False,8,tensorop,f32,64,128,64,1,1,1,1,1,1,8,4,1,1,64,128,16,100,110,266338304,541224599552,2032,0.542227,457.459,998151.0,0.3992604
1,CUTLASS,gemm,cutlass3x_sm100_tensorop_gemm_bf16_bf16_f32_f32_f32_64x128x64_1x2x1_0_tnt_align8_1sm,passed,success,universal,4096,7168,9216,bf16:row,bf16:column,f32:row,f32:row,1,0,serial,1,1,heuristic,invalid,invalid,False,False,8,tensorop,f32,64,128,64,1,2,1,1,1,1,8,4,1,1,64,128,16,100,110,325058560,541224599552,1665,0.543149,557.369,996457.0,0.3985828
1,CUTLASS,gemm,cutlass3x_sm100_tensorop_gemm_bf16_bf16_f32_void_f32_128x128x64_4x4x1_0_tnt_align8_stream_k_1sm,passed,success,universal,4096,7168,9216,bf16:row,bf16:column,void:row,f32:row,1,0,serial,1,1,heuristic,invalid,invalid,False,False,8,tensorop,f32,128,128,64,4,4,1,1,1,1,6,4,1,1,128,128,16,100,110,207618048,541224599552,2606,0.544106,355.371,994705.0,0.397882
1,CUTLASS,gemm,cutlass3x_sm100_tensorop_gemm_bf16_bf16_f32_void_f32_64x128x64_1x2x1_0_tnt_align8_1sm,passed,success,universal,4096,7168,9216,bf16:row,bf16:column,void:row,f32:row,1,0,serial,1,1,heuristic,invalid,invalid,False,False,8,tensorop,f32,64,128,64,1,2,1,1,1,1,8,4,1,1,64,128,16,100,110,207618048,541224599552,2606,0.544787,354.926,993461.0,0.3973844
1,CUTLASS,gemm,cutlass3x_sm100_tensorop_gemm_bf16_bf16_f32_void_bf16_64x128x64_1x1x1_0_tnt_align8_stream_k_1sm,passed,success,universal,4096,7168,9216,bf16:row,bf16:column,void:row,bf16:row,1,0,serial,1,1,heuristic,invalid,invalid,False,False,8,tensorop,f32,64,128,64,1,1,1,1,1,1,8,4,1,1,64,128,16,100,110,207618048,541224599552,2606,0.544787,354.926,993461.0,0.3973844
1,CUTLASS,gemm,cutlass3x_sm100_tensorop_gemm_bf16_bf16_f32_void_f32_64x128x64_1x4x1_0_tnt_align8_stream_k_1sm,passed,success,universal,4096,7168,9216,bf16:row,bf16:column,void:row,f32:row,1,0,serial,1,1,heuristic,invalid,invalid,False,False,8,tensorop,f32,64,128,64,1,4,1,1,1,1,8,4,1,1,64,128,16,100,110,207618048,541224599552,2606,0.545398,354.529,992347.0,0.3969388
1,CUTLASS,gemm,cutlass3x_sm100_tensorop_gemm_bf16_bf16_f32_void_bf16_64x128x64_0x0x1_0_tnt_align8_stream_k_1sm,passed,success,universal,4096,7168,9216,bf16:row,bf16:column,void:row,bf16:row,1,0,serial,1,1,heuristic,invalid,invalid,False,False,8,tensorop,f32,64,128,64,1,1,1,1,1,1,8,4,1,1,64,128,16,100,110,207618048,541224599552,2606,0.545811,354.261,991597.0,0.3966388
1,CUTLASS,gemm,cutlass3x_sm100_tensorop_gemm_bf16_bf16_f32_f32_f32_128x256x64_4x4x1_0_tnt_align8_1sm,passed,success,universal,4096,7168,9216,bf16:row,bf16:column,f32:row,f32:row,1,0,serial,1,1,heuristic,invalid,invalid,False,False,8,tensorop,f32,128,256,64,4,4,1,1,1,1,3,4,1,1,128,256,16,100,110,325058560,541224599552,1665,0.548883,551.546,986047.0,0.3944188
1,CUTLASS,gemm,cutlass3x_sm100_tensorop_gemm_bf16_bf16_f32_f32_f32_64x128x64_1x1x1_0_tnt_align8_stream_k_1sm,passed,success,universal,4096,7168,9216,bf16:row,bf16:column,f32:row,f32:row,1,0,serial,1,1,heuristic,invalid,invalid,False,False,8,tensorop,f32,64,128,64,1,1,1,1,1,1,8,4,1,1,64,128,16,100,110,325058560,541224599552,1665,0.553699,546.749,977470.0,0.390988
1,CUTLASS,gemm,cutlass3x_sm100_tensorop_gemm_bf16_bf16_f32_f32_f32_64x128x64_0x0x1_0_tnt_align8_stream_k_1sm,passed,success,universal,4096,7168,9216,bf16:row,bf16:column,f32:row,f32:row,1,0,serial,1,1,heuristic,invalid,invalid,False,False,8,tensorop,f32,64,128,64,1,1,1,1,1,1,8,4,1,1,64,128,16,100,110,325058560,541224599552,1665,0.554525,545.935,976015.0,0.390406
1,CUTLASS,gemm,cutlass3x_sm100_tensorop_gemm_bf16_bf16_f32_void_f32_64x128x64_1x1x1_0_tnt_align8_stream_k_1sm,passed,success,universal,4096,7168,9216,bf16:row,bf16:column,void:row,f32:row,1,0,serial,1,1,heuristic,invalid,invalid,False,False,8,tensorop,f32,64,128,64,1,1,1,1,1,1,8,4,1,1,64,128,16,100,110,207618048,541224599552,2606,0.556563,347.417,972441.0,0.3889764
1,CUTLASS,gemm,cutlass3x_sm100_tensorop_gemm_bf16_bf16_f32_void_f32_64x128x64_0x0x1_0_tnt_align8_stream_k_1sm,passed,success,universal,4096,7168,9216,bf16:row,bf16:column,void:row,f32:row,1,0,serial,1,1,heuristic,invalid,invalid,False,False,8,tensorop,f32,64,128,64,1,1,1,1,1,1,8,4,1,1,64,128,16,100,110,207618048,541224599552,2606,0.558614,346.141,968870.0,0.387548
1,CUTLASS,gemm,cutlass3x_sm100_tensorop_gemm_bf16_bf16_f32_bf16_bf16_64x128x64_1x4x1_0_tnt_align8_1sm,passed,success,universal,4096,7168,9216,bf16:row,bf16:column,bf16:row,bf16:row,1,0,serial,1,1,heuristic,invalid,invalid,False,False,8,tensorop,f32,64,128,64,1,4,1,1,1,1,8,4,1,1,64,128,16,100,110,266338304,541224599552,2032,0.602234,411.878,898695.0,0.359478
1,CUTLASS,gemm,cutlass3x_sm100_tensorop_gemm_bf16_bf16_f32_void_bf16_64x128x64_1x4x1_0_tnt_align8_1sm,passed,success,universal,4096,7168,9216,bf16:row,bf16:column,void:row,bf16:row,1,0,serial,1,1,heuristic,invalid,invalid,False,False,8,tensorop,f32,64,128,64,1,4,1,1,1,1,8,4,1,1,64,128,16,100,110,207618048,541224599552,2606,0.602234,321.07,898695.0,0.359478
1,CUTLASS,gemm,cutlass3x_sm100_tensorop_gemm_bf16_bf16_f32_f32_f32_64x128x64_1x4x1_0_tnt_align8_1sm,passed,success,universal,4096,7168,9216,bf16:row,bf16:column,f32:row,f32:row,1,0,serial,1,1,heuristic,invalid,invalid,False,False,8,tensorop,f32,64,128,64,1,4,1,1,1,1,8,4,1,1,64,128,16,100,110,325058560,541224599552,1665,0.612371,494.364,883818.0,0.3535272
1,CUTLASS,gemm,cutlass3x_sm100_tensorop_gemm_bf16_bf16_f32_void_f32_64x128x64_1x4x1_0_tnt_align8_1sm,passed,success,universal,4096,7168,9216,bf16:row,bf16:column,void:row,f32:row,1,0,serial,1,1,heuristic,invalid,invalid,False,False,8,tensorop,f32,64,128,64,1,4,1,1,1,1,8,4,1,1,64,128,16,100,110,207618048,541224599552,2606,0.614726,314.545,880432.0,0.3521728
1,CUTLASS,gemm,cutlass3x_sm100_tensorop_gemm_bf16_bf16_f32_bf16_bf16_64x128x64_4x4x1_0_tnt_align8_stream_k_1sm,passed,success,universal,4096,7168,9216,bf16:row,bf16:column,bf16:row,bf16:row,1,0,serial,1,1,heuristic,invalid,invalid,False,False,8,tensorop,f32,64,128,64,4,4,1,1,1,1,8,4,1,1,64,128,16,100,110,266338304,541224599552,2032,0.676064,366.899,800552.0,0.3202208
1,CUTLASS,gemm,cutlass3x_sm100_tensorop_gemm_bf16_bf16_f32_void_bf16_64x128x64_4x4x1_0_tnt_align8_stream_k_1sm,passed,success,universal,4096,7168,9216,bf16:row,bf16:column,void:row,bf16:row,1,0,serial,1,1,heuristic,invalid,invalid,False,False,8,tensorop,f32,64,128,64,4,4,1,1,1,1,8,4,1,1,64,128,16,100,110,207618048,541224599552,2606,0.679469,284.574,796541.0,0.3186164
1,CUTLASS,gemm,cutlass3x_sm100_tensorop_gemm_bf16_bf16_f32_f32_f32_64x128x64_4x4x1_0_tnt_align8_stream_k_1sm,passed,success,universal,4096,7168,9216,bf16:row,bf16:column,f32:row,f32:row,1,0,serial,1,1,heuristic,invalid,invalid,False,False,8,tensorop,f32,64,128,64,4,4,1,1,1,1,8,4,1,1,64,128,16,100,110,325058560,541224599552,1665,0.694525,435.887,779273.0,0.3117092
1,CUTLASS,gemm,cutlass3x_sm100_tensorop_gemm_bf16_bf16_f32_void_f32_64x128x64_4x4x1_0_tnt_align8_stream_k_1sm,passed,success,universal,4096,7168,9216,bf16:row,bf16:column,void:row,f32:row,1,0,serial,1,1,heuristic,invalid,invalid,False,False,8,tensorop,f32,64,128,64,4,4,1,1,1,1,8,4,1,1,64,128,16,100,110,207618048,541224599552,2606,0.706989,273.497,765535.0,0.306214
1,CUTLASS,gemm,cutlass3x_sm100_tensorop_gemm_bf16_bf16_f32_bf16_bf16_64x128x64_4x4x1_0_tnt_align8_1sm,passed,success,universal,4096,7168,9216,bf16:row,bf16:column,bf16:row,bf16:row,1,0,serial,1,1,heuristic,invalid,invalid,False,False,8,tensorop,f32,64,128,64,4,4,1,1,1,1,8,4,1,1,64,128,16,100,110,266338304,541224599552,2032,0.708218,350.241,764207.0,0.3056828
1,CUTLASS,gemm,cutlass3x_sm100_tensorop_gemm_bf16_bf16_f32_void_bf16_64x128x64_4x4x1_0_tnt_align8_1sm,passed,success,universal,4096,7168,9216,bf16:row,bf16:column,void:row,bf16:row,1,0,serial,1,1,heuristic,invalid,invalid,False,False,8,tensorop,f32,64,128,64,4,4,1,1,1,1,8,4,1,1,64,128,16,100,110,207618048,541224599552,2606,0.713546,270.984,758500.0,0.3034
1,CUTLASS,gemm,cutlass3x_sm100_tensorop_gemm_bf16_bf16_f32_f32_f32_64x128x64_4x4x1_0_tnt_align8_1sm,passed,success,universal,4096,7168,9216,bf16:row,bf16:column,f32:row,f32:row,1,0,serial,1,1,heuristic,invalid,invalid,False,False,8,tensorop,f32,64,128,64,4,4,1,1,1,1,8,4,1,1,64,128,16,100,110,325058560,541224599552,1665,0.721555,419.558,750081.0,0.3000324
1,CUTLASS,gemm,cutlass3x_sm100_tensorop_gemm_bf16_bf16_f32_void_f32_64x128x64_4x4x1_0_tnt_align8_1sm,passed,success,universal,4096,7168,9216,bf16:row,bf16:column,void:row,f32:row,1,0,serial,1,1,heuristic,invalid,invalid,False,False,8,tensorop,f32,64,128,64,4,4,1,1,1,1,8,4,1,1,64,128,16,100,110,207618048,541224599552,2606,0.733952,263.45,737411.0,0.2949644
1,CUTLASS,gemm,cutlass3x_sm100_tensorop_gemm_bf16_bf16_f32_void_bf16_128x128x64_1x1x1_0_tnn_align2_cpasync_1sm_epi_nosmem,passed,success,universal,4096,7168,9216,bf16:row,bf16:column,void:column,bf16:column,1,0,serial,1,1,heuristic,invalid,invalid,False,False,8,tensorop,f32,128,128,64,1,1,1,1,1,1,7,4,1,1,128,128,16,100,110,207618048,541224599552,2606,1.39422,138.686,388191.0,0.1552764
1,CUTLASS,gemm,cutlass3x_sm100_tensorop_gemm_bf16_bf16_f32_void_bf16_128x256x64_1x1x1_0_tnn_align4_cpasync_1sm_epi_nosmem,passed,success,universal,4096,7168,9216,bf16:row,bf16:column,void:column,bf16:column,1,0,serial,1,1,heuristic,invalid,invalid,False,False,8,tensorop,f32,128,256,64,1,1,1,1,1,1,4,4,1,1,128,256,16,100,110,207618048,541224599552,2606,1.39921,138.192,386806.0,0.1547224
1,CUTLASS,gemm,cutlass3x_sm100_tensorop_gemm_bf16_bf16_f32_bf16_bf16_128x256x64_1x1x1_0_tnn_align4_cpasync_1sm_epi_nosmem,passed,success,universal,4096,7168,9216,bf16:row,bf16:column,bf16:column,bf16:column,1,0,serial,1,1,heuristic,invalid,invalid,False,False,8,tensorop,f32,128,256,64,1,1,1,1,1,1,4,4,1,1,128,256,16,100,110,266338304,541224599552,2032,1.40303,176.794,385754.0,0.1543016
1,CUTLASS,gemm,cutlass3x_sm100_tensorop_gemm_bf16_bf16_f32_void_f32_128x128x64_1x1x1_0_tnn_align2_cpasync_1sm_epi_nosmem,passed,success,universal,4096,7168,9216,bf16:row,bf16:column,void:column,f32:column,1,0,serial,1,1,heuristic,invalid,invalid,False,False,8,tensorop,f32,128,128,64,1,1,1,1,1,1,7,4,1,1,128,128,16,100,110,207618048,541224599552,2606,1.40935,137.198,384024.0,0.1536096
1,CUTLASS,gemm,cutlass3x_sm100_tensorop_gemm_bf16_bf16_f32_void_f32_128x256x64_1x1x1_0_tnn_align4_cpasync_1sm_epi_nosmem,passed,success,universal,4096,7168,9216,bf16:row,bf16:column,void:column,f32:column,1,0,serial,1,1,heuristic,invalid,invalid,False,False,8,tensorop,f32,128,256,64,1,1,1,1,1,1,4,4,1,1,128,256,16,100,110,207618048,541224599552,2606,1.46434,132.045,369603.0,0.1478412
1,CUTLASS,gemm,cutlass3x_sm100_tensorop_gemm_bf16_bf16_f32_f32_f32_128x256x64_1x1x1_0_tnn_align4_cpasync_1sm_epi_nosmem,passed,success,universal,4096,7168,9216,bf16:row,bf16:column,f32:column,f32:column,1,0,serial,1,1,heuristic,invalid,invalid,False,False,8,tensorop,f32,128,256,64,1,1,1,1,1,1,4,4,1,1,128,256,16,100,110,325058560,541224599552,1665,1.47601,205.103,366681.0,0.1466724
1,CUTLASS,gemm,cutlass3x_sm100_tensorop_gemm_bf16_bf16_f32_bf16_bf16_128x128x64_1x1x1_0_tnn_align4_cpasync_1sm_epi_nosmem,passed,success,universal,4096,7168,9216,bf16:row,bf16:column,bf16:column,bf16:column,1,0,serial,1,1,heuristic,invalid,invalid,False,False,8,tensorop,f32,128,128,64,1,1,1,1,1,1,7,4,1,1,128,128,16,100,110,266338304,541224599552,2032,1.53451,161.646,352702.0,0.1410808
1,CUTLASS,gemm,cutlass3x_sm100_tensorop_gemm_bf16_bf16_f32_void_bf16_64x128x64_1x1x1_0_tnn_align4_cpasync_1sm_epi_nosmem,passed,success,universal,4096,7168,9216,bf16:row,bf16:column,void:column,bf16:column,1,0,serial,1,1,heuristic,invalid,invalid,False,False,8,tensorop,f32,64,128,64,1,1,1,1,1,1,9,4,1,1,64,128,16,100,110,207618048,541224599552,2606,1.63988,117.911,330039.0,0.1320156
1,CUTLASS,gemm,cutlass3x_sm100_tensorop_gemm_bf16_bf16_f32_bf16_bf16_64x128x64_1x1x1_0_tnn_align4_cpasync_1sm_epi_nosmem,passed,success,universal,4096,7168,9216,bf16:row,bf16:column,bf16:column,bf16:column,1,0,serial,1,1,heuristic,invalid,invalid,False,False,8,tensorop,f32,64,128,64,1,1,1,1,1,1,9,4,1,1,64,128,16,100,110,266338304,541224599552,2032,1.64507,150.782,328998.0,0.1315992
1,CUTLASS,gemm,cutlass3x_sm100_tensorop_gemm_bf16_bf16_f32_void_f32_64x128x64_1x1x1_0_tnn_align4_cpasync_1sm_epi_nosmem,passed,success,universal,4096,7168,9216,bf16:row,bf16:column,void:column,f32:column,1,0,serial,1,1,heuristic,invalid,invalid,False,False,8,tensorop,f32,64,128,64,1,1,1,1,1,1,9,4,1,1,64,128,16,100,110,207618048,541224599552,2606,1.65243,117.015,327533.0,0.1310132
1,CUTLASS,gemm,cutlass3x_sm100_tensorop_gemm_bf16_bf16_f32_f32_f32_64x128x64_1x1x1_0_tnn_align4_cpasync_1sm_epi_nosmem,passed,success,universal,4096,7168,9216,bf16:row,bf16:column,f32:column,f32:column,1,0,serial,1,1,heuristic,invalid,invalid,False,False,8,tensorop,f32,64,128,64,1,1,1,1,1,1,9,4,1,1,64,128,16,100,110,325058560,541224599552,1665,1.66331,182.008,325391.0,0.1301564
1,CUTLASS,gemm,cutlass3x_sm100_tensorop_gemm_bf16_bf16_f32_f32_f32_128x128x64_1x1x1_0_tnn_align4_cpasync_1sm_epi_nosmem,passed,success,universal,4096,7168,9216,bf16:row,bf16:column,f32:column,f32:column,1,0,serial,1,1,heuristic,invalid,invalid,False,False,8,tensorop,f32,128,128,64,1,1,1,1,1,1,7,4,1,1,128,128,16,100,110,325058560,541224599552,1665,1.73171,174.818,312538.0,0.1250152
1,CUTLASS,gemm,cutlass3x_sm100_tensorop_gemm_bf16_bf16_f32_void_bf16_128x128x64_1x1x1_0_tnn_align4_cpasync_1sm_epi_nosmem,passed,success,universal,4096,7168,9216,bf16:row,bf16:column,void:column,bf16:column,1,0,serial,1,1,heuristic,invalid,invalid,False,False,8,tensorop,f32,128,128,64,1,1,1,1,1,1,7,4,1,1,128,128,16,100,110,207618048,541224599552,2606,1.77328,109.041,305211.0,0.1220844
1,CUTLASS,gemm,cutlass3x_sm100_tensorop_gemm_bf16_bf16_f32_void_f32_128x128x64_1x1x1_0_tnn_align4_cpasync_1sm_epi_nosmem,passed,success,universal,4096,7168,9216,bf16:row,bf16:column,void:column,f32:column,1,0,serial,1,1,heuristic,invalid,invalid,False,False,8,tensorop,f32,128,128,64,1,1,1,1,1,1,7,4,1,1,128,128,16,100,110,207618048,541224599552,2606,1.79389,107.787,301704.0,0.1206816
1,CUTLASS,gemm,cutlass3x_sm100_tensorop_gemm_bf16_bf16_f32_void_bf16_128x256x64_1x1x1_0_tnn_align2_cpasync_1sm_epi_nosmem,passed,success,universal,4096,7168,9216,bf16:row,bf16:column,void:column,bf16:column,1,0,serial,1,1,heuristic,invalid,invalid,False,False,8,tensorop,f32,128,256,64,1,1,1,1,1,1,4,4,1,1,128,256,16,100,110,207618048,541224599552,2606,2.63723,73.3192,205225.0,0.08209
1,CUTLASS,gemm,cutlass3x_sm100_tensorop_gemm_bf16_bf16_f32_void_f32_128x256x64_1x1x1_0_tnn_align2_cpasync_1sm_epi_nosmem,passed,success,universal,4096,7168,9216,bf16:row,bf16:column,void:column,f32:column,1,0,serial,1,1,heuristic,invalid,invalid,False,False,8,tensorop,f32,128,256,64,1,1,1,1,1,1,4,4,1,1,128,256,16,100,110,207618048,541224599552,2606,2.72058,71.0728,198937.0,0.0795748
1,CUTLASS,gemm,cutlass3x_sm100_tensorop_gemm_bf16_bf16_f32_f32_f32_128x256x64_1x1x1_0_tnn_align2_cpasync_1sm_epi_nosmem,passed,success,universal,4096,7168,9216,bf16:row,bf16:column,f32:column,f32:column,1,0,serial,1,1,heuristic,invalid,invalid,False,False,8,tensorop,f32,128,256,64,1,1,1,1,1,1,4,4,1,1,128,256,16,100,110,325058560,541224599552,1665,2.7255,111.075,198578.0,0.0794312
1,CUTLASS,gemm,cutlass3x_sm100_tensorop_gemm_bf16_bf16_f32_bf16_bf16_128x256x64_1x1x1_0_tnn_align2_cpasync_1sm_epi_nosmem,passed,success,universal,4096,7168,9216,bf16:row,bf16:column,bf16:column,bf16:column,1,0,serial,1,1,heuristic,invalid,invalid,False,False,8,tensorop,f32,128,256,64,1,1,1,1,1,1,4,4,1,1,128,256,16,100,110,266338304,541224599552,2032,3.39018,73.1664,159645.0,0.063858
1,CUTLASS,gemm,cutlass3x_sm100_tensorop_gemm_bf16_bf16_f32_bf16_bf16_128x128x64_1x1x1_0_tnn_align2_cpasync_1sm_epi_nosmem,passed,success,universal,4096,7168,9216,bf16:row,bf16:column,bf16:column,bf16:column,1,0,serial,1,1,heuristic,invalid,invalid,False,False,8,tensorop,f32,128,128,64,1,1,1,1,1,1,7,4,1,1,128,128,16,100,110,266338304,541224599552,2032,4.62881,53.5877,116925.0,0.04677
1,CUTLASS,gemm,cutlass3x_sm100_tensorop_gemm_bf16_bf16_f32_f32_f32_128x128x64_1x1x1_0_tnn_align2_cpasync_1sm_epi_nosmem,passed,success,universal,4096,7168,9216,bf16:row,bf16:column,f32:column,f32:column,1,0,serial,1,1,heuristic,invalid,invalid,False,False,8,tensorop,f32,128,128,64,1,1,1,1,1,1,7,4,1,1,128,128,16,100,110,325058560,541224599552,1665,4.86064,62.2828,111348.0,0.0445392
1,CUTLASS,gemm,cutlass3x_sm100_tensorop_gemm_bf16_bf16_f32_void_bf16_64x128x64_1x1x1_0_tnn_align2_cpasync_1sm_epi_nosmem,passed,success,universal,4096,7168,9216,bf16:row,bf16:column,void:column,bf16:column,1,0,serial,1,1,heuristic,invalid,invalid,False,False,8,tensorop,f32,64,128,64,1,1,1,1,1,1,9,4,1,1,64,128,16,100,110,207618048,541224599552,2606,5.41565,35.7038,99937.1,0.039974840000000005
1,CUTLASS,gemm,cutlass3x_sm100_tensorop_gemm_bf16_bf16_f32_bf16_bf16_64x128x64_1x1x1_0_tnn_align2_cpasync_1sm_epi_nosmem,passed,success,universal,4096,7168,9216,bf16:row,bf16:column,bf16:column,bf16:column,1,0,serial,1,1,heuristic,invalid,invalid,False,False,8,tensorop,f32,64,128,64,1,1,1,1,1,1,9,4,1,1,64,128,16,100,110,266338304,541224599552,2032,5.43923,45.6033,99503.9,0.03980156
1,CUTLASS,gemm,cutlass3x_sm100_tensorop_gemm_bf16_bf16_f32_f32_f32_64x128x64_1x1x1_0_tnn_align2_cpasync_1sm_epi_nosmem,passed,success,universal,4096,7168,9216,bf16:row,bf16:column,f32:column,f32:column,1,0,serial,1,1,heuristic,invalid,invalid,False,False,8,tensorop,f32,64,128,64,1,1,1,1,1,1,9,4,1,1,64,128,16,100,110,325058560,541224599552,1665,5.47873,55.2563,98786.6,0.039514640000000004
1,CUTLASS,gemm,cutlass3x_sm100_tensorop_gemm_bf16_bf16_f32_void_f32_64x128x64_1x1x1_0_tnn_align2_cpasync_1sm_epi_nosmem,passed,success,universal,4096,7168,9216,bf16:row,bf16:column,void:column,f32:column,1,0,serial,1,1,heuristic,invalid,invalid,False,False,8,tensorop,f32,64,128,64,1,1,1,1,1,1,9,4,1,1,64,128,16,100,110,207618048,541224599552,2606,5.50456,35.1271,98323.0,0.0393292
