Problem,Provider,OperationKind,Operation,Disposition,Status,gemm_kind,m,n,k,A,B,C,D,alpha,beta,split_k_mode,split_k_slices,batch_count,raster_order,runtime_input_datatype_a,runtime_input_datatype_b,use_pdl,enable_sm90_mixed_dtype_shuffle_test,swizzle_size,op_class,accum,cta_m,cta_n,cta_k,cluster_m,cluster_n,cluster_k,cluster_m_fallback,cluster_n_fallback,cluster_k_fallback,stages,warps_m,warps_n,warps_k,inst_m,inst_n,inst_k,min_cc,max_cc,Bytes,Flops,Flops/Byte,Runtime,GB/s,GFLOPs
1,CUTLASS,gemm,cutlass3x_sm100_tensorop_gemm_bf16_bf16_f32_f32_f32_64x128x64_0x0x1_0_tnt_align8_1sm,passed,success,universal,8192,7168,5120,bf16:row,bf16:column,f32:row,f32:row,1,0,serial,1,1,heuristic,invalid,invalid,false,false,1,tensorop,f32,64,128,64,1,1,1,1,1,1,8,4,1,1,64,128,16,100,110,392167424,601412861952,1533,0.659581,553.737,911811
1,CUTLASS,gemm,cutlass3x_sm100_tensorop_gemm_bf16_bf16_f32_f32_f32_64x128x64_0x0x1_0_tnt_align8_stream_k_1sm,passed,success,universal,8192,7168,5120,bf16:row,bf16:column,f32:row,f32:row,1,0,serial,1,1,heuristic,invalid,invalid,false,false,1,tensorop,f32,64,128,64,1,1,1,1,1,1,8,4,1,1,64,128,16,100,110,392167424,601412861952,1533,0.666336,548.123,902567
1,CUTLASS,gemm,cutlass3x_sm100_tensorop_gemm_bf16_bf16_f32_void_f32_64x128x64_0x0x1_0_tnt_align8_1sm,passed,success,universal,8192,7168,5120,bf16:row,bf16:column,void:row,f32:row,1,0,serial,1,1,heuristic,invalid,invalid,false,false,1,tensorop,f32,64,128,64,1,1,1,1,1,1,8,4,1,1,64,128,16,100,110,157286400,601412861952,3823,0.660426,221.803,910644
1,CUTLASS,gemm,cutlass3x_sm100_tensorop_gemm_bf16_bf16_f32_void_f32_64x128x64_0x0x1_0_tnt_align8_stream_k_1sm,passed,success,universal,8192,7168,5120,bf16:row,bf16:column,void:row,f32:row,1,0,serial,1,1,heuristic,invalid,invalid,false,false,1,tensorop,f32,64,128,64,1,1,1,1,1,1,8,4,1,1,64,128,16,100,110,157286400,601412861952,3823,0.67177,218.057,895267
1,CUTLASS,gemm,cutlass3x_sm100_tensorop_gemm_bf16_bf16_f32_f32_f32_64x128x64_1x1x1_0_tnt_align8_1sm,passed,success,universal,8192,7168,5120,bf16:row,bf16:column,f32:row,f32:row,1,0,serial,1,1,heuristic,invalid,invalid,false,false,1,tensorop,f32,64,128,64,1,1,1,1,1,1,8,4,1,1,64,128,16,100,110,392167424,601412861952,1533,0.661318,552.282,909415
1,CUTLASS,gemm,cutlass3x_sm100_tensorop_gemm_bf16_bf16_f32_f32_f32_64x128x64_1x1x1_0_tnt_align8_stream_k_1sm,passed,success,universal,8192,7168,5120,bf16:row,bf16:column,f32:row,f32:row,1,0,serial,1,1,heuristic,invalid,invalid,false,false,1,tensorop,f32,64,128,64,1,1,1,1,1,1,8,4,1,1,64,128,16,100,110,392167424,601412861952,1533,0.670845,544.439,896501
1,CUTLASS,gemm,cutlass3x_sm100_tensorop_gemm_bf16_bf16_f32_void_f32_64x128x64_1x1x1_0_tnt_align8_1sm,passed,success,universal,8192,7168,5120,bf16:row,bf16:column,void:row,f32:row,1,0,serial,1,1,heuristic,invalid,invalid,false,false,1,tensorop,f32,64,128,64,1,1,1,1,1,1,8,4,1,1,64,128,16,100,110,157286400,601412861952,3823,0.664288,220.513,905350
1,CUTLASS,gemm,cutlass3x_sm100_tensorop_gemm_bf16_bf16_f32_void_f32_64x128x64_1x1x1_0_tnt_align8_stream_k_1sm,passed,success,universal,8192,7168,5120,bf16:row,bf16:column,void:row,f32:row,1,0,serial,1,1,heuristic,invalid,invalid,false,false,1,tensorop,f32,64,128,64,1,1,1,1,1,1,8,4,1,1,64,128,16,100,110,157286400,601412861952,3823,0.667056,219.598,901593
1,CUTLASS,gemm,cutlass3x_sm100_tensorop_gemm_bf16_bf16_f32_f32_f32_64x128x64_1x2x1_0_tnt_align8_1sm,passed,success,universal,8192,7168,5120,bf16:row,bf16:column,f32:row,f32:row,1,0,serial,1,1,heuristic,invalid,invalid,false,false,1,tensorop,f32,64,128,64,1,2,1,1,1,1,8,4,1,1,64,128,16,100,110,392167424,601412861952,1533,0.660531,552.94,910499
1,CUTLASS,gemm,cutlass3x_sm100_tensorop_gemm_bf16_bf16_f32_f32_f32_64x128x64_1x2x1_0_tnt_align8_stream_k_1sm,passed,success,universal,8192,7168,5120,bf16:row,bf16:column,f32:row,f32:row,1,0,serial,1,1,heuristic,invalid,invalid,false,false,1,tensorop,f32,64,128,64,1,2,1,1,1,1,8,4,1,1,64,128,16,100,110,392167424,601412861952,1533,0.661114,552.453,909697
1,CUTLASS,gemm,cutlass3x_sm100_tensorop_gemm_bf16_bf16_f32_void_f32_64x128x64_1x2x1_0_tnt_align8_1sm,passed,success,universal,8192,7168,5120,bf16:row,bf16:column,void:row,f32:row,1,0,serial,1,1,heuristic,invalid,invalid,false,false,1,tensorop,f32,64,128,64,1,2,1,1,1,1,8,4,1,1,64,128,16,100,110,157286400,601412861952,3823,0.660298,221.846,910821
1,CUTLASS,gemm,cutlass3x_sm100_tensorop_gemm_bf16_bf16_f32_void_f32_64x128x64_1x2x1_0_tnt_align8_stream_k_1sm,passed,success,universal,8192,7168,5120,bf16:row,bf16:column,void:row,f32:row,1,0,serial,1,1,heuristic,invalid,invalid,false,false,1,tensorop,f32,64,128,64,1,2,1,1,1,1,8,4,1,1,64,128,16,100,110,157286400,601412861952,3823,0.662317,221.17,908044
1,CUTLASS,gemm,cutlass3x_sm100_tensorop_gemm_bf16_bf16_f32_f32_f32_64x128x64_1x4x1_0_tnt_align8_1sm,passed,success,universal,8192,7168,5120,bf16:row,bf16:column,f32:row,f32:row,1,0,serial,1,1,heuristic,invalid,invalid,false,false,1,tensorop,f32,64,128,64,1,4,1,1,1,1,8,4,1,1,64,128,16,100,110,392167424,601412861952,1533,0.674835,541.22,891200
1,CUTLASS,gemm,cutlass3x_sm100_tensorop_gemm_bf16_bf16_f32_f32_f32_64x128x64_1x4x1_0_tnt_align8_stream_k_1sm,passed,success,universal,8192,7168,5120,bf16:row,bf16:column,f32:row,f32:row,1,0,serial,1,1,heuristic,invalid,invalid,false,false,1,tensorop,f32,64,128,64,1,4,1,1,1,1,8,4,1,1,64,128,16,100,110,392167424,601412861952,1533,0.692486,527.425,868483
1,CUTLASS,gemm,cutlass3x_sm100_tensorop_gemm_bf16_bf16_f32_void_f32_64x128x64_1x4x1_0_tnt_align8_1sm,passed,success,universal,8192,7168,5120,bf16:row,bf16:column,void:row,f32:row,1,0,serial,1,1,heuristic,invalid,invalid,false,false,1,tensorop,f32,64,128,64,1,4,1,1,1,1,8,4,1,1,64,128,16,100,110,157286400,601412861952,3823,0.675482,216.859,890347
1,CUTLASS,gemm,cutlass3x_sm100_tensorop_gemm_bf16_bf16_f32_void_f32_64x128x64_1x4x1_0_tnt_align8_stream_k_1sm,passed,success,universal,8192,7168,5120,bf16:row,bf16:column,void:row,f32:row,1,0,serial,1,1,heuristic,invalid,invalid,false,false,1,tensorop,f32,64,128,64,1,4,1,1,1,1,8,4,1,1,64,128,16,100,110,157286400,601412861952,3823,0.686102,213.502,876564
1,CUTLASS,gemm,cutlass3x_sm100_tensorop_gemm_bf16_bf16_f32_f32_f32_64x128x64_4x4x1_0_tnt_align8_1sm,passed,success,universal,8192,7168,5120,bf16:row,bf16:column,f32:row,f32:row,1,0,serial,1,1,heuristic,invalid,invalid,false,false,1,tensorop,f32,64,128,64,4,4,1,1,1,1,8,4,1,1,64,128,16,100,110,392167424,601412861952,1533,0.744262,490.733,808066
1,CUTLASS,gemm,cutlass3x_sm100_tensorop_gemm_bf16_bf16_f32_f32_f32_64x128x64_4x4x1_0_tnt_align8_stream_k_1sm,passed,success,universal,8192,7168,5120,bf16:row,bf16:column,f32:row,f32:row,1,0,serial,1,1,heuristic,invalid,invalid,false,false,1,tensorop,f32,64,128,64,4,4,1,1,1,1,8,4,1,1,64,128,16,100,110,392167424,601412861952,1533,0.782973,466.471,768115
1,CUTLASS,gemm,cutlass3x_sm100_tensorop_gemm_bf16_bf16_f32_void_f32_64x128x64_4x4x1_0_tnt_align8_1sm,passed,success,universal,8192,7168,5120,bf16:row,bf16:column,void:row,f32:row,1,0,serial,1,1,heuristic,invalid,invalid,false,false,1,tensorop,f32,64,128,64,4,4,1,1,1,1,8,4,1,1,64,128,16,100,110,157286400,601412861952,3823,0.776211,188.717,774806
1,CUTLASS,gemm,cutlass3x_sm100_tensorop_gemm_bf16_bf16_f32_void_f32_64x128x64_4x4x1_0_tnt_align8_stream_k_1sm,passed,success,universal,8192,7168,5120,bf16:row,bf16:column,void:row,f32:row,1,0,serial,1,1,heuristic,invalid,invalid,false,false,1,tensorop,f32,64,128,64,4,4,1,1,1,1,8,4,1,1,64,128,16,100,110,157286400,601412861952,3823,0.778058,188.269,772967
1,CUTLASS,gemm,cutlass3x_sm100_tensorop_gemm_bf16_bf16_f32_bf16_bf16_64x128x64_0x0x1_0_tnt_align8_1sm,passed,success,universal,8192,7168,5120,bf16:row,bf16:column,bf16:row,bf16:row,1,0,serial,1,1,heuristic,invalid,invalid,false,false,1,tensorop,f32,64,128,64,1,1,1,1,1,1,8,4,1,1,64,128,16,100,110,274726912,601412861952,2189,0.632035,404.818,951550
1,CUTLASS,gemm,cutlass3x_sm100_tensorop_gemm_bf16_bf16_f32_bf16_bf16_64x128x64_0x0x1_0_tnt_align8_stream_k_1sm,passed,success,universal,8192,7168,5120,bf16:row,bf16:column,bf16:row,bf16:row,1,0,serial,1,1,heuristic,invalid,invalid,false,false,1,tensorop,f32,64,128,64,1,1,1,1,1,1,8,4,1,1,64,128,16,100,110,274726912,601412861952,2189,0.642918,397.966,935442
1,CUTLASS,gemm,cutlass3x_sm100_tensorop_gemm_bf16_bf16_f32_void_bf16_64x128x64_0x0x1_0_tnt_align8_1sm,passed,success,universal,8192,7168,5120,bf16:row,bf16:column,void:row,bf16:row,1,0,serial,1,1,heuristic,invalid,invalid,false,false,1,tensorop,f32,64,128,64,1,1,1,1,1,1,8,4,1,1,64,128,16,100,110,157286400,601412861952,3823,0.63367,231.168,949094
1,CUTLASS,gemm,cutlass3x_sm100_tensorop_gemm_bf16_bf16_f32_void_bf16_64x128x64_0x0x1_0_tnt_align8_stream_k_1sm,passed,success,universal,8192,7168,5120,bf16:row,bf16:column,void:row,bf16:row,1,0,serial,1,1,heuristic,invalid,invalid,false,false,1,tensorop,f32,64,128,64,1,1,1,1,1,1,8,4,1,1,64,128,16,100,110,157286400,601412861952,3823,0.640534,228.691,938924
1,CUTLASS,gemm,cutlass3x_sm100_tensorop_gemm_bf16_bf16_f32_bf16_bf16_64x128x64_1x1x1_0_tnt_align8_1sm,passed,success,universal,8192,7168,5120,bf16:row,bf16:column,bf16:row,bf16:row,1,0,serial,1,1,heuristic,invalid,invalid,false,false,1,tensorop,f32,64,128,64,1,1,1,1,1,1,8,4,1,1,64,128,16,100,110,274726912,601412861952,2189,0.63769,401.229,943112
1,CUTLASS,gemm,cutlass3x_sm100_tensorop_gemm_bf16_bf16_f32_bf16_bf16_64x128x64_1x1x1_0_tnt_align8_stream_k_1sm,passed,success,universal,8192,7168,5120,bf16:row,bf16:column,bf16:row,bf16:row,1,0,serial,1,1,heuristic,invalid,invalid,false,false,1,tensorop,f32,64,128,64,1,1,1,1,1,1,8,4,1,1,64,128,16,100,110,274726912,601412861952,2189,0.642406,398.283,936188
1,CUTLASS,gemm,cutlass3x_sm100_tensorop_gemm_bf16_bf16_f32_void_bf16_64x128x64_1x1x1_0_tnt_align8_1sm,passed,success,universal,8192,7168,5120,bf16:row,bf16:column,void:row,bf16:row,1,0,serial,1,1,heuristic,invalid,invalid,false,false,1,tensorop,f32,64,128,64,1,1,1,1,1,1,8,4,1,1,64,128,16,100,110,157286400,601412861952,3823,0.636435,230.164,944971
1,CUTLASS,gemm,cutlass3x_sm100_tensorop_gemm_bf16_bf16_f32_void_bf16_64x128x64_1x1x1_0_tnt_align8_stream_k_1sm,passed,success,universal,8192,7168,5120,bf16:row,bf16:column,void:row,bf16:row,1,0,serial,1,1,heuristic,invalid,invalid,false,false,1,tensorop,f32,64,128,64,1,1,1,1,1,1,8,4,1,1,64,128,16,100,110,157286400,601412861952,3823,0.636154,230.266,945389
1,CUTLASS,gemm,cutlass3x_sm100_tensorop_gemm_bf16_bf16_f32_bf16_bf16_64x128x64_1x2x1_0_tnt_align8_1sm,passed,success,universal,8192,7168,5120,bf16:row,bf16:column,bf16:row,bf16:row,1,0,serial,1,1,heuristic,invalid,invalid,false,false,1,tensorop,f32,64,128,64,1,2,1,1,1,1,8,4,1,1,64,128,16,100,110,274726912,601412861952,2189,0.631648,405.066,952133
1,CUTLASS,gemm,cutlass3x_sm100_tensorop_gemm_bf16_bf16_f32_bf16_bf16_64x128x64_1x2x1_0_tnt_align8_stream_k_1sm,passed,success,universal,8192,7168,5120,bf16:row,bf16:column,bf16:row,bf16:row,1,0,serial,1,1,heuristic,invalid,invalid,false,false,1,tensorop,f32,64,128,64,1,2,1,1,1,1,8,4,1,1,64,128,16,100,110,274726912,601412861952,2189,0.637379,401.424,943571
1,CUTLASS,gemm,cutlass3x_sm100_tensorop_gemm_bf16_bf16_f32_void_bf16_64x128x64_1x2x1_0_tnt_align8_1sm,passed,success,universal,8192,7168,5120,bf16:row,bf16:column,void:row,bf16:row,1,0,serial,1,1,heuristic,invalid,invalid,false,false,1,tensorop,f32,64,128,64,1,2,1,1,1,1,8,4,1,1,64,128,16,100,110,157286400,601412861952,3823,0.633389,231.271,949516
1,CUTLASS,gemm,cutlass3x_sm100_tensorop_gemm_bf16_bf16_f32_void_bf16_64x128x64_1x2x1_0_tnt_align8_stream_k_1sm,passed,success,universal,8192,7168,5120,bf16:row,bf16:column,void:row,bf16:row,1,0,serial,1,1,heuristic,invalid,invalid,false,false,1,tensorop,f32,64,128,64,1,2,1,1,1,1,8,4,1,1,64,128,16,100,110,157286400,601412861952,3823,0.633162,231.354,949857
1,CUTLASS,gemm,cutlass3x_sm100_tensorop_gemm_bf16_bf16_f32_bf16_bf16_64x128x64_1x4x1_0_tnt_align8_1sm,passed,success,universal,8192,7168,5120,bf16:row,bf16:column,bf16:row,bf16:row,1,0,serial,1,1,heuristic,invalid,invalid,false,false,1,tensorop,f32,64,128,64,1,4,1,1,1,1,8,4,1,1,64,128,16,100,110,274726912,601412861952,2189,0.641862,398.62,936981
1,CUTLASS,gemm,cutlass3x_sm100_tensorop_gemm_bf16_bf16_f32_bf16_bf16_64x128x64_1x4x1_0_tnt_align8_stream_k_1sm,passed,success,universal,8192,7168,5120,bf16:row,bf16:column,bf16:row,bf16:row,1,0,serial,1,1,heuristic,invalid,invalid,false,false,1,tensorop,f32,64,128,64,1,4,1,1,1,1,8,4,1,1,64,128,16,100,110,274726912,601412861952,2189,0.660192,387.553,910967
1,CUTLASS,gemm,cutlass3x_sm100_tensorop_gemm_bf16_bf16_f32_void_bf16_64x128x64_1x4x1_0_tnt_align8_1sm,passed,success,universal,8192,7168,5120,bf16:row,bf16:column,void:row,bf16:row,1,0,serial,1,1,heuristic,invalid,invalid,false,false,1,tensorop,f32,64,128,64,1,4,1,1,1,1,8,4,1,1,64,128,16,100,110,157286400,601412861952,3823,0.642989,227.818,935340
1,CUTLASS,gemm,cutlass3x_sm100_tensorop_gemm_bf16_bf16_f32_void_bf16_64x128x64_1x4x1_0_tnt_align8_stream_k_1sm,passed,success,universal,8192,7168,5120,bf16:row,bf16:column,void:row,bf16:row,1,0,serial,1,1,heuristic,invalid,invalid,false,false,1,tensorop,f32,64,128,64,1,4,1,1,1,1,8,4,1,1,64,128,16,100,110,157286400,601412861952,3823,0.655178,223.58,917939
1,CUTLASS,gemm,cutlass3x_sm100_tensorop_gemm_bf16_bf16_f32_bf16_bf16_64x128x64_4x4x1_0_tnt_align8_1sm,passed,success,universal,8192,7168,5120,bf16:row,bf16:column,bf16:row,bf16:row,1,0,serial,1,1,heuristic,invalid,invalid,false,false,1,tensorop,f32,64,128,64,4,4,1,1,1,1,8,4,1,1,64,128,16,100,110,274726912,601412861952,2189,0.718595,356.055,836929
1,CUTLASS,gemm,cutlass3x_sm100_tensorop_gemm_bf16_bf16_f32_bf16_bf16_64x128x64_4x4x1_0_tnt_align8_stream_k_1sm,passed,success,universal,8192,7168,5120,bf16:row,bf16:column,bf16:row,bf16:row,1,0,serial,1,1,heuristic,invalid,invalid,false,false,1,tensorop,f32,64,128,64,4,4,1,1,1,1,8,4,1,1,64,128,16,100,110,274726912,601412861952,2189,0.759011,337.096,792364
1,CUTLASS,gemm,cutlass3x_sm100_tensorop_gemm_bf16_bf16_f32_void_bf16_64x128x64_4x4x1_0_tnt_align8_1sm,passed,success,universal,8192,7168,5120,bf16:row,bf16:column,void:row,bf16:row,1,0,serial,1,1,heuristic,invalid,invalid,false,false,1,tensorop,f32,64,128,64,4,4,1,1,1,1,8,4,1,1,64,128,16,100,110,157286400,601412861952,3823,0.737098,198.731,815920
1,CUTLASS,gemm,cutlass3x_sm100_tensorop_gemm_bf16_bf16_f32_void_bf16_64x128x64_4x4x1_0_tnt_align8_stream_k_1sm,passed,success,universal,8192,7168,5120,bf16:row,bf16:column,void:row,bf16:row,1,0,serial,1,1,heuristic,invalid,invalid,false,false,1,tensorop,f32,64,128,64,4,4,1,1,1,1,8,4,1,1,64,128,16,100,110,157286400,601412861952,3823,0.75921,192.943,792157
1,CUTLASS,gemm,cutlass3x_sm100_tensorop_gemm_bf16_bf16_f32_f32_f32_128x128x64_0x0x1_0_tnt_align8_1sm,passed,success,universal,8192,7168,5120,bf16:row,bf16:column,f32:row,f32:row,1,0,serial,1,1,heuristic,invalid,invalid,false,false,1,tensorop,f32,128,128,64,1,1,1,1,1,1,6,4,1,1,128,128,16,100,110,392167424,601412861952,1533,0.484886,753.237,1.24032e+06
1,CUTLASS,gemm,cutlass3x_sm100_tensorop_gemm_bf16_bf16_f32_f32_f32_128x128x64_0x0x1_0_tnt_align8_stream_k_1sm,passed,success,universal,8192,7168,5120,bf16:row,bf16:column,f32:row,f32:row,1,0,serial,1,1,heuristic,invalid,invalid,false,false,1,tensorop,f32,128,128,64,1,1,1,1,1,1,6,4,1,1,128,128,16,100,110,392167424,601412861952,1533,0.506797,720.672,1.18669e+06
1,CUTLASS,gemm,cutlass3x_sm100_tensorop_gemm_bf16_bf16_f32_void_f32_128x128x64_0x0x1_0_tnt_align8_1sm,passed,success,universal,8192,7168,5120,bf16:row,bf16:column,void:row,f32:row,1,0,serial,1,1,heuristic,invalid,invalid,false,false,1,tensorop,f32,128,128,64,1,1,1,1,1,1,6,4,1,1,128,128,16,100,110,157286400,601412861952,3823,0.485907,301.466,1.23771e+06
1,CUTLASS,gemm,cutlass3x_sm100_tensorop_gemm_bf16_bf16_f32_void_f32_128x128x64_0x0x1_0_tnt_align8_stream_k_1sm,passed,success,universal,8192,7168,5120,bf16:row,bf16:column,void:row,f32:row,1,0,serial,1,1,heuristic,invalid,invalid,false,false,1,tensorop,f32,128,128,64,1,1,1,1,1,1,6,4,1,1,128,128,16,100,110,157286400,601412861952,3823,0.510688,286.837,1.17765e+06
1,CUTLASS,gemm,cutlass3x_sm100_tensorop_gemm_bf16_bf16_f32_f32_f32_128x128x64_1x1x1_0_tnt_align8_1sm,passed,success,universal,8192,7168,5120,bf16:row,bf16:column,f32:row,f32:row,1,0,serial,1,1,heuristic,invalid,invalid,false,false,1,tensorop,f32,128,128,64,1,1,1,1,1,1,6,4,1,1,128,128,16,100,110,392167424,601412861952,1533,0.485117,752.879,1.23973e+06
1,CUTLASS,gemm,cutlass3x_sm100_tensorop_gemm_bf16_bf16_f32_f32_f32_128x128x64_1x1x1_0_tnt_align8_stream_k_1sm,passed,success,universal,8192,7168,5120,bf16:row,bf16:column,f32:row,f32:row,1,0,serial,1,1,heuristic,invalid,invalid,false,false,1,tensorop,f32,128,128,64,1,1,1,1,1,1,6,4,1,1,128,128,16,100,110,392167424,601412861952,1533,0.508976,717.587,1.18161e+06
1,CUTLASS,gemm,cutlass3x_sm100_tensorop_gemm_bf16_bf16_f32_void_f32_128x128x64_1x1x1_0_tnt_align8_1sm,passed,success,universal,8192,7168,5120,bf16:row,bf16:column,void:row,f32:row,1,0,serial,1,1,heuristic,invalid,invalid,false,false,1,tensorop,f32,128,128,64,1,1,1,1,1,1,6,4,1,1,128,128,16,100,110,157286400,601412861952,3823,0.486829,300.895,1.23537e+06
1,CUTLASS,gemm,cutlass3x_sm100_tensorop_gemm_bf16_bf16_f32_void_f32_128x128x64_1x1x1_0_tnt_align8_stream_k_1sm,passed,success,universal,8192,7168,5120,bf16:row,bf16:column,void:row,f32:row,1,0,serial,1,1,heuristic,invalid,invalid,false,false,1,tensorop,f32,128,128,64,1,1,1,1,1,1,6,4,1,1,128,128,16,100,110,157286400,601412861952,3823,0.510077,287.181,1.17906e+06
1,CUTLASS,gemm,cutlass3x_sm100_tensorop_gemm_bf16_bf16_f32_f32_f32_128x128x64_1x2x1_0_tnt_align8_1sm,passed,success,universal,8192,7168,5120,bf16:row,bf16:column,f32:row,f32:row,1,0,serial,1,1,heuristic,invalid,invalid,false,false,1,tensorop,f32,128,128,64,1,2,1,1,1,1,6,4,1,1,128,128,16,100,110,392167424,601412861952,1533,0.474774,769.28,1.26673e+06
1,CUTLASS,gemm,cutlass3x_sm100_tensorop_gemm_bf16_bf16_f32_f32_f32_128x128x64_1x2x1_0_tnt_align8_stream_k_1sm,passed,success,universal,8192,7168,5120,bf16:row,bf16:column,f32:row,f32:row,1,0,serial,1,1,heuristic,invalid,invalid,false,false,1,tensorop,f32,128,128,64,1,2,1,1,1,1,6,4,1,1,128,128,16,100,110,392167424,601412861952,1533,0.465629,784.39,1.29161e+06
1,CUTLASS,gemm,cutlass3x_sm100_tensorop_gemm_bf16_bf16_f32_void_f32_128x128x64_1x2x1_0_tnt_align8_1sm,passed,success,universal,8192,7168,5120,bf16:row,bf16:column,void:row,f32:row,1,0,serial,1,1,heuristic,invalid,invalid,false,false,1,tensorop,f32,128,128,64,1,2,1,1,1,1,6,4,1,1,128,128,16,100,110,157286400,601412861952,3823,0.477306,306.899,1.26002e+06
1,CUTLASS,gemm,cutlass3x_sm100_tensorop_gemm_bf16_bf16_f32_void_f32_128x128x64_1x2x1_0_tnt_align8_stream_k_1sm,passed,success,universal,8192,7168,5120,bf16:row,bf16:column,void:row,f32:row,1,0,serial,1,1,heuristic,invalid,invalid,false,false,1,tensorop,f32,128,128,64,1,2,1,1,1,1,6,4,1,1,128,128,16,100,110,157286400,601412861952,3823,0.466688,313.881,1.28868e+06
1,CUTLASS,gemm,cutlass3x_sm100_tensorop_gemm_bf16_bf16_f32_f32_f32_128x128x64_1x4x1_0_tnt_align8_1sm,passed,success,universal,8192,7168,5120,bf16:row,bf16:column,f32:row,f32:row,1,0,serial,1,1,heuristic,invalid,invalid,false,false,1,tensorop,f32,128,128,64,1,4,1,1,1,1,6,4,1,1,128,128,16,100,110,392167424,601412861952,1533,0.482118,757.562,1.24744e+06
1,CUTLASS,gemm,cutlass3x_sm100_tensorop_gemm_bf16_bf16_f32_f32_f32_128x128x64_1x4x1_0_tnt_align8_stream_k_1sm,passed,success,universal,8192,7168,5120,bf16:row,bf16:column,f32:row,f32:row,1,0,serial,1,1,heuristic,invalid,invalid,false,false,1,tensorop,f32,128,128,64,1,4,1,1,1,1,6,4,1,1,128,128,16,100,110,392167424,601412861952,1533,0.443206,824.073,1.35696e+06
1,CUTLASS,gemm,cutlass3x_sm100_tensorop_gemm_bf16_bf16_f32_void_f32_128x128x64_1x4x1_0_tnt_align8_1sm,passed,success,universal,8192,7168,5120,bf16:row,bf16:column,void:row,f32:row,1,0,serial,1,1,heuristic,invalid,invalid,false,false,1,tensorop,f32,128,128,64,1,4,1,1,1,1,6,4,1,1,128,128,16,100,110,157286400,601412861952,3823,0.483754,302.808,1.24322e+06
1,CUTLASS,gemm,cutlass3x_sm100_tensorop_gemm_bf16_bf16_f32_void_f32_128x128x64_1x4x1_0_tnt_align8_stream_k_1sm,passed,success,universal,8192,7168,5120,bf16:row,bf16:column,void:row,f32:row,1,0,serial,1,1,heuristic,invalid,invalid,false,false,1,tensorop,f32,128,128,64,1,4,1,1,1,1,6,4,1,1,128,128,16,100,110,157286400,601412861952,3823,0.446179,328.308,1.34792e+06
1,CUTLASS,gemm,cutlass3x_sm100_tensorop_gemm_bf16_bf16_f32_f32_f32_128x128x64_4x4x1_0_tnt_align8_1sm,passed,success,universal,8192,7168,5120,bf16:row,bf16:column,f32:row,f32:row,1,0,serial,1,1,heuristic,invalid,invalid,false,false,1,tensorop,f32,128,128,64,4,4,1,1,1,1,6,4,1,1,128,128,16,100,110,392167424,601412861952,1533,0.542973,672.657,1.10763e+06
1,CUTLASS,gemm,cutlass3x_sm100_tensorop_gemm_bf16_bf16_f32_f32_f32_128x128x64_4x4x1_0_tnt_align8_stream_k_1sm,passed,success,universal,8192,7168,5120,bf16:row,bf16:column,f32:row,f32:row,1,0,serial,1,1,heuristic,invalid,invalid,false,false,1,tensorop,f32,128,128,64,4,4,1,1,1,1,6,4,1,1,128,128,16,100,110,392167424,601412861952,1533,0.562118,649.746,1.0699e+06
1,CUTLASS,gemm,cutlass3x_sm100_tensorop_gemm_bf16_bf16_f32_void_f32_128x128x64_4x4x1_0_tnt_align8_1sm,passed,success,universal,8192,7168,5120,bf16:row,bf16:column,void:row,f32:row,1,0,serial,1,1,heuristic,invalid,invalid,false,false,1,tensorop,f32,128,128,64,4,4,1,1,1,1,6,4,1,1,128,128,16,100,110,157286400,601412861952,3823,0.551034,265.836,1.09143e+06
1,CUTLASS,gemm,cutlass3x_sm100_tensorop_gemm_bf16_bf16_f32_void_f32_128x128x64_4x4x1_0_tnt_align8_stream_k_1sm,passed,success,universal,8192,7168,5120,bf16:row,bf16:column,void:row,f32:row,1,0,serial,1,1,heuristic,invalid,invalid,false,false,1,tensorop,f32,128,128,64,4,4,1,1,1,1,6,4,1,1,128,128,16,100,110,157286400,601412861952,3823,0.564275,259.597,1.06581e+06
1,CUTLASS,gemm,cutlass3x_sm100_tensorop_gemm_bf16_bf16_f32_bf16_bf16_128x128x64_0x0x1_0_tnt_align8_1sm,passed,success,universal,8192,7168,5120,bf16:row,bf16:column,bf16:row,bf16:row,1,0,serial,1,1,heuristic,invalid,invalid,false,false,1,tensorop,f32,128,128,64,1,1,1,1,1,1,6,4,1,1,128,128,16,100,110,274726912,601412861952,2189,0.459718,556.557,1.30822e+06
1,CUTLASS,gemm,cutlass3x_sm100_tensorop_gemm_bf16_bf16_f32_bf16_bf16_128x128x64_0x0x1_0_tnt_align8_stream_k_1sm,passed,success,universal,8192,7168,5120,bf16:row,bf16:column,bf16:row,bf16:row,1,0,serial,1,1,heuristic,invalid,invalid,false,false,1,tensorop,f32,128,128,64,1,1,1,1,1,1,6,4,1,1,128,128,16,100,110,274726912,601412861952,2189,0.488672,523.581,1.23071e+06
1,CUTLASS,gemm,cutlass3x_sm100_tensorop_gemm_bf16_bf16_f32_void_bf16_128x128x64_0x0x1_0_tnt_align8_1sm,passed,success,universal,8192,7168,5120,bf16:row,bf16:column,void:row,bf16:row,1,0,serial,1,1,heuristic,invalid,invalid,false,false,1,tensorop,f32,128,128,64,1,1,1,1,1,1,6,4,1,1,128,128,16,100,110,157286400,601412861952,3823,0.458157,319.725,1.31268e+06
1,CUTLASS,gemm,cutlass3x_sm100_tensorop_gemm_bf16_bf16_f32_void_bf16_128x128x64_0x0x1_0_tnt_align8_stream_k_1sm,passed,success,universal,8192,7168,5120,bf16:row,bf16:column,void:row,bf16:row,1,0,serial,1,1,heuristic,invalid,invalid,false,false,1,tensorop,f32,128,128,64,1,1,1,1,1,1,6,4,1,1,128,128,16,100,110,157286400,601412861952,3823,0.487443,300.516,1.23381e+06
1,CUTLASS,gemm,cutlass3x_sm100_tensorop_gemm_bf16_bf16_f32_bf16_bf16_128x128x64_1x1x1_0_tnt_align8_1sm,passed,success,universal,8192,7168,5120,bf16:row,bf16:column,bf16:row,bf16:row,1,0,serial,1,1,heuristic,invalid,invalid,false,false,1,tensorop,f32,128,128,64,1,1,1,1,1,1,6,4,1,1,128,128,16,100,110,274726912,601412861952,2189,0.46041,555.721,1.30626e+06
1,CUTLASS,gemm,cutlass3x_sm100_tensorop_gemm_bf16_bf16_f32_bf16_bf16_128x128x64_1x1x1_0_tnt_align8_stream_k_1sm,passed,success,universal,8192,7168,5120,bf16:row,bf16:column,bf16:row,bf16:row,1,0,serial,1,1,heuristic,invalid,invalid,false,false,1,tensorop,f32,128,128,64,1,1,1,1,1,1,6,4,1,1,128,128,16,100,110,274726912,601412861952,2189,0.489082,523.142,1.22968e+06
1,CUTLASS,gemm,cutlass3x_sm100_tensorop_gemm_bf16_bf16_f32_void_bf16_128x128x64_1x1x1_0_tnt_align8_1sm,passed,success,universal,8192,7168,5120,bf16:row,bf16:column,void:row,bf16:row,1,0,serial,1,1,heuristic,invalid,invalid,false,false,1,tensorop,f32,128,128,64,1,1,1,1,1,1,6,4,1,1,128,128,16,100,110,157286400,601412861952,3823,0.460742,317.931,1.30531e+06
1,CUTLASS,gemm,cutlass3x_sm100_tensorop_gemm_bf16_bf16_f32_void_bf16_128x128x64_1x1x1_0_tnt_align8_stream_k_1sm,passed,success,universal,8192,7168,5120,bf16:row,bf16:column,void:row,bf16:row,1,0,serial,1,1,heuristic,invalid,invalid,false,false,1,tensorop,f32,128,128,64,1,1,1,1,1,1,6,4,1,1,128,128,16,100,110,157286400,601412861952,3823,0.487955,300.2,1.23252e+06
1,CUTLASS,gemm,cutlass3x_sm100_tensorop_gemm_bf16_bf16_f32_bf16_bf16_128x128x64_1x2x1_0_tnt_align8_1sm,passed,success,universal,8192,7168,5120,bf16:row,bf16:column,bf16:row,bf16:row,1,0,serial,1,1,heuristic,invalid,invalid,false,false,1,tensorop,f32,128,128,64,1,2,1,1,1,1,6,4,1,1,128,128,16,100,110,274726912,601412861952,2189,0.450678,567.721,1.33446e+06
1,CUTLASS,gemm,cutlass3x_sm100_tensorop_gemm_bf16_bf16_f32_bf16_bf16_128x128x64_1x2x1_0_tnt_align8_stream_k_1sm,passed,success,universal,8192,7168,5120,bf16:row,bf16:column,bf16:row,bf16:row,1,0,serial,1,1,heuristic,invalid,invalid,false,false,1,tensorop,f32,128,128,64,1,2,1,1,1,1,6,4,1,1,128,128,16,100,110,274726912,601412861952,2189,0.43504,588.128,1.38243e+06
1,CUTLASS,gemm,cutlass3x_sm100_tensorop_gemm_bf16_bf16_f32_void_bf16_128x128x64_1x2x1_0_tnt_align8_1sm,passed,success,universal,8192,7168,5120,bf16:row,bf16:column,void:row,bf16:row,1,0,serial,1,1,heuristic,invalid,invalid,false,false,1,tensorop,f32,128,128,64,1,2,1,1,1,1,6,4,1,1,128,128,16,100,110,157286400,601412861952,3823,0.451018,324.786,1.33346e+06
1,CUTLASS,gemm,cutlass3x_sm100_tensorop_gemm_bf16_bf16_f32_void_bf16_128x128x64_1x2x1_0_tnt_align8_stream_k_1sm,passed,success,universal,8192,7168,5120,bf16:row,bf16:column,void:row,bf16:row,1,0,serial,1,1,heuristic,invalid,invalid,false,false,1,tensorop,f32,128,128,64,1,2,1,1,1,1,6,4,1,1,128,128,16,100,110,157286400,601412861952,3823,0.433475,337.93,1.38742e+06
1,CUTLASS,gemm,cutlass3x_sm100_tensorop_gemm_bf16_bf16_f32_bf16_bf16_128x128x64_1x4x1_0_tnt_align8_1sm,passed,success,universal,8192,7168,5120,bf16:row,bf16:column,bf16:row,bf16:row,1,0,serial,1,1,heuristic,invalid,invalid,false,false,1,tensorop,f32,128,128,64,1,4,1,1,1,1,6,4,1,1,128,128,16,100,110,274726912,601412861952,2189,0.453648,564.004,1.32573e+06
1,CUTLASS,gemm,cutlass3x_sm100_tensorop_gemm_bf16_bf16_f32_bf16_bf16_128x128x64_1x4x1_0_tnt_align8_stream_k_1sm,passed,success,universal,8192,7168,5120,bf16:row,bf16:column,bf16:row,bf16:row,1,0,serial,1,1,heuristic,invalid,invalid,false,false,1,tensorop,f32,128,128,64,1,4,1,1,1,1,6,4,1,1,128,128,16,100,110,274726912,601412861952,2189,0.424195,603.164,1.41777e+06
1,CUTLASS,gemm,cutlass3x_sm100_tensorop_gemm_bf16_bf16_f32_void_bf16_128x128x64_1x4x1_0_tnt_align8_1sm,passed,success,universal,8192,7168,5120,bf16:row,bf16:column,void:row,bf16:row,1,0,serial,1,1,heuristic,invalid,invalid,false,false,1,tensorop,f32,128,128,64,1,4,1,1,1,1,6,4,1,1,128,128,16,100,110,157286400,601412861952,3823,0.455392,321.667,1.32065e+06
1,CUTLASS,gemm,cutlass3x_sm100_tensorop_gemm_bf16_bf16_f32_void_bf16_128x128x64_1x4x1_0_tnt_align8_stream_k_1sm,passed,success,universal,8192,7168,5120,bf16:row,bf16:column,void:row,bf16:row,1,0,serial,1,1,heuristic,invalid,invalid,false,false,1,tensorop,f32,128,128,64,1,4,1,1,1,1,6,4,1,1,128,128,16,100,110,157286400,601412861952,3823,0.423955,345.519,1.41858e+06
1,CUTLASS,gemm,cutlass3x_sm100_tensorop_gemm_bf16_bf16_f32_bf16_bf16_128x128x64_4x4x1_0_tnt_align8_1sm,passed,success,universal,8192,7168,5120,bf16:row,bf16:column,bf16:row,bf16:row,1,0,serial,1,1,heuristic,invalid,invalid,false,false,1,tensorop,f32,128,128,64,4,4,1,1,1,1,6,4,1,1,128,128,16,100,110,274726912,601412861952,2189,0.511098,500.608,1.17671e+06
1,CUTLASS,gemm,cutlass3x_sm100_tensorop_gemm_bf16_bf16_f32_bf16_bf16_128x128x64_4x4x1_0_tnt_align8_stream_k_1sm,passed,success,universal,8192,7168,5120,bf16:row,bf16:column,bf16:row,bf16:row,1,0,serial,1,1,heuristic,invalid,invalid,false,false,1,tensorop,f32,128,128,64,4,4,1,1,1,1,6,4,1,1,128,128,16,100,110,274726912,601412861952,2189,0.539053,474.646,1.11568e+06
1,CUTLASS,gemm,cutlass3x_sm100_tensorop_gemm_bf16_bf16_f32_void_bf16_128x128x64_4x4x1_0_tnt_align8_1sm,passed,success,universal,8192,7168,5120,bf16:row,bf16:column,void:row,bf16:row,1,0,serial,1,1,heuristic,invalid,invalid,false,false,1,tensorop,f32,128,128,64,4,4,1,1,1,1,6,4,1,1,128,128,16,100,110,157286400,601412861952,3823,0.516656,283.524,1.16405e+06
1,CUTLASS,gemm,cutlass3x_sm100_tensorop_gemm_bf16_bf16_f32_void_bf16_128x128x64_4x4x1_0_tnt_align8_stream_k_1sm,passed,success,universal,8192,7168,5120,bf16:row,bf16:column,void:row,bf16:row,1,0,serial,1,1,heuristic,invalid,invalid,false,false,1,tensorop,f32,128,128,64,4,4,1,1,1,1,6,4,1,1,128,128,16,100,110,157286400,601412861952,3823,0.539056,271.742,1.11568e+06
1,CUTLASS,gemm,cutlass3x_sm100_tensorop_gemm_bf16_bf16_f32_f32_f32_128x256x64_0x0x1_0_tnt_align8_1sm,passed,success,universal,8192,7168,5120,bf16:row,bf16:column,f32:row,f32:row,1,0,serial,1,1,heuristic,invalid,invalid,false,false,1,tensorop,f32,128,256,64,1,1,1,1,1,1,3,4,1,1,128,256,16,100,110,392167424,601412861952,1533,0.460406,793.287,1.30627e+06
1,CUTLASS,gemm,cutlass3x_sm100_tensorop_gemm_bf16_bf16_f32_f32_f32_128x256x64_0x0x1_0_tnt_align8_stream_k_1sm,passed,success,universal,8192,7168,5120,bf16:row,bf16:column,f32:row,f32:row,1,0,serial,1,1,heuristic,invalid,invalid,false,false,1,tensorop,f32,128,256,64,1,1,1,1,1,1,3,4,1,1,128,256,16,100,110,392167424,601412861952,1533,0.480202,760.586,1.25242e+06
1,CUTLASS,gemm,cutlass3x_sm100_tensorop_gemm_bf16_bf16_f32_void_f32_128x256x64_0x0x1_0_tnt_align8_1sm,passed,success,universal,8192,7168,5120,bf16:row,bf16:column,void:row,f32:row,1,0,serial,1,1,heuristic,invalid,invalid,false,false,1,tensorop,f32,128,256,64,1,1,1,1,1,1,4,4,1,1,128,256,16,100,110,157286400,601412861952,3823,0.414947,353.019,1.44937e+06
1,CUTLASS,gemm,cutlass3x_sm100_tensorop_gemm_bf16_bf16_f32_void_f32_128x256x64_0x0x1_0_tnt_align8_stream_k_1sm,passed,success,universal,8192,7168,5120,bf16:row,bf16:column,void:row,f32:row,1,0,serial,1,1,heuristic,invalid,invalid,false,false,1,tensorop,f32,128,256,64,1,1,1,1,1,1,4,4,1,1,128,256,16,100,110,157286400,601412861952,3823,0.422349,346.833,1.42397e+06
1,CUTLASS,gemm,cutlass3x_sm100_tensorop_gemm_bf16_bf16_f32_f32_f32_128x256x64_1x1x1_0_tnt_align8_1sm,passed,success,universal,8192,7168,5120,bf16:row,bf16:column,f32:row,f32:row,1,0,serial,1,1,heuristic,invalid,invalid,false,false,1,tensorop,f32,128,256,64,1,1,1,1,1,1,3,4,1,1,128,256,16,100,110,392167424,601412861952,1533,0.460336,793.408,1.30646e+06
1,CUTLASS,gemm,cutlass3x_sm100_tensorop_gemm_bf16_bf16_f32_f32_f32_128x256x64_1x1x1_0_tnt_align8_stream_k_1sm,passed,success,universal,8192,7168,5120,bf16:row,bf16:column,f32:row,f32:row,1,0,serial,1,1,heuristic,invalid,invalid,false,false,1,tensorop,f32,128,256,64,1,1,1,1,1,1,3,4,1,1,128,256,16,100,110,392167424,601412861952,1533,0.4812,759.007,1.24982e+06
1,CUTLASS,gemm,cutlass3x_sm100_tensorop_gemm_bf16_bf16_f32_void_f32_128x256x64_1x1x1_0_tnt_align8_1sm,passed,success,universal,8192,7168,5120,bf16:row,bf16:column,void:row,f32:row,1,0,serial,1,1,heuristic,invalid,invalid,false,false,1,tensorop,f32,128,256,64,1,1,1,1,1,1,4,4,1,1,128,256,16,100,110,157286400,601412861952,3823,0.415869,352.237,1.44616e+06
1,CUTLASS,gemm,cutlass3x_sm100_tensorop_gemm_bf16_bf16_f32_void_f32_128x256x64_1x1x1_0_tnt_align8_stream_k_1sm,passed,success,universal,8192,7168,5120,bf16:row,bf16:column,void:row,f32:row,1,0,serial,1,1,heuristic,invalid,invalid,false,false,1,tensorop,f32,128,256,64,1,1,1,1,1,1,4,4,1,1,128,256,16,100,110,157286400,601412861952,3823,0.416582,351.634,1.44368e+06
1,CUTLASS,gemm,cutlass3x_sm100_tensorop_gemm_bf16_bf16_f32_f32_f32_128x256x64_1x2x1_0_tnt_align8_1sm,passed,success,universal,8192,7168,5120,bf16:row,bf16:column,f32:row,f32:row,1,0,serial,1,1,heuristic,invalid,invalid,false,false,1,tensorop,f32,128,256,64,1,2,1,1,1,1,3,4,1,1,128,256,16,100,110,392167424,601412861952,1533,0.459718,794.474,1.30822e+06
1,CUTLASS,gemm,cutlass3x_sm100_tensorop_gemm_bf16_bf16_f32_f32_f32_128x256x64_1x2x1_0_tnt_align8_stream_k_1sm,passed,success,universal,8192,7168,5120,bf16:row,bf16:column,f32:row,f32:row,1,0,serial,1,1,heuristic,invalid,invalid,false,false,1,tensorop,f32,128,256,64,1,2,1,1,1,1,3,4,1,1,128,256,16,100,110,392167424,601412861952,1533,0.480685,759.821,1.25116e+06
1,CUTLASS,gemm,cutlass3x_sm100_tensorop_gemm_bf16_bf16_f32_void_f32_128x256x64_1x2x1_0_tnt_align8_1sm,passed,success,universal,8192,7168,5120,bf16:row,bf16:column,void:row,f32:row,1,0,serial,1,1,heuristic,invalid,invalid,false,false,1,tensorop,f32,128,256,64,1,2,1,1,1,1,4,4,1,1,128,256,16,100,110,157286400,601412861952,3823,0.409418,357.787,1.46895e+06
1,CUTLASS,gemm,cutlass3x_sm100_tensorop_gemm_bf16_bf16_f32_void_f32_128x256x64_1x2x1_0_tnt_align8_stream_k_1sm,passed,success,universal,8192,7168,5120,bf16:row,bf16:column,void:row,f32:row,1,0,serial,1,1,heuristic,invalid,invalid,false,false,1,tensorop,f32,128,256,64,1,2,1,1,1,1,4,4,1,1,128,256,16,100,110,157286400,601412861952,3823,0.406957,359.951,1.47783e+06
1,CUTLASS,gemm,cutlass3x_sm100_tensorop_gemm_bf16_bf16_f32_f32_f32_128x256x64_1x4x1_0_tnt_align8_1sm,passed,success,universal,8192,7168,5120,bf16:row,bf16:column,f32:row,f32:row,1,0,serial,1,1,heuristic,invalid,invalid,false,false,1,tensorop,f32,128,256,64,1,4,1,1,1,1,3,4,1,1,128,256,16,100,110,392167424,601412861952,1533,0.507104,720.236,1.18598e+06
1,CUTLASS,gemm,cutlass3x_sm100_tensorop_gemm_bf16_bf16_f32_f32_f32_128x256x64_1x4x1_0_tnt_align8_stream_k_1sm,passed,success,universal,8192,7168,5120,bf16:row,bf16:column,f32:row,f32:row,1,0,serial,1,1,heuristic,invalid,invalid,false,false,1,tensorop,f32,128,256,64,1,4,1,1,1,1,3,4,1,1,128,256,16,100,110,392167424,601412861952,1533,0.47631,766.799,1.26265e+06
1,CUTLASS,gemm,cutlass3x_sm100_tensorop_gemm_bf16_bf16_f32_void_f32_128x256x64_1x4x1_0_tnt_align8_1sm,passed,success,universal,8192,7168,5120,bf16:row,bf16:column,void:row,f32:row,1,0,serial,1,1,heuristic,invalid,invalid,false,false,1,tensorop,f32,128,256,64,1,4,1,1,1,1,4,4,1,1,128,256,16,100,110,157286400,601412861952,3823,0.429178,341.314,1.40131e+06
1,CUTLASS,gemm,cutlass3x_sm100_tensorop_gemm_bf16_bf16_f32_void_f32_128x256x64_1x4x1_0_tnt_align8_stream_k_1sm,passed,success,universal,8192,7168,5120,bf16:row,bf16:column,void:row,f32:row,1,0,serial,1,1,heuristic,invalid,invalid,false,false,1,tensorop,f32,128,256,64,1,4,1,1,1,1,4,4,1,1,128,256,16,100,110,157286400,601412861952,3823,0.395725,370.167,1.51978e+06
1,CUTLASS,gemm,cutlass3x_sm100_tensorop_gemm_bf16_bf16_f32_f32_f32_128x256x64_4x4x1_0_tnt_align8_1sm,passed,success,universal,8192,7168,5120,bf16:row,bf16:column,f32:row,f32:row,1,0,serial,1,1,heuristic,invalid,invalid,false,false,1,tensorop,f32,128,256,64,4,4,1,1,1,1,3,4,1,1,128,256,16,100,110,392167424,601412861952,1533,0.588541,620.576,1.02187e+06
1,CUTLASS,gemm,cutlass3x_sm100_tensorop_gemm_bf16_bf16_f32_f32_f32_128x256x64_4x4x1_0_tnt_align8_stream_k_1sm,passed,success,universal,8192,7168,5120,bf16:row,bf16:column,f32:row,f32:row,1,0,serial,1,1,heuristic,invalid,invalid,false,false,1,tensorop,f32,128,256,64,4,4,1,1,1,1,3,4,1,1,128,256,16,100,110,392167424,601412861952,1533,0.588512,620.607,1.02192e+06
1,CUTLASS,gemm,cutlass3x_sm100_tensorop_gemm_bf16_bf16_f32_void_f32_128x256x64_4x4x1_0_tnt_align8_1sm,passed,success,universal,8192,7168,5120,bf16:row,bf16:column,void:row,f32:row,1,0,serial,1,1,heuristic,invalid,invalid,false,false,1,tensorop,f32,128,256,64,4,4,1,1,1,1,4,4,1,1,128,256,16,100,110,157286400,601412861952,3823,0.471469,310.698,1.27562e+06
1,CUTLASS,gemm,cutlass3x_sm100_tensorop_gemm_bf16_bf16_f32_void_f32_128x256x64_4x4x1_0_tnt_align8_stream_k_1sm,passed,success,universal,8192,7168,5120,bf16:row,bf16:column,void:row,f32:row,1,0,serial,1,1,heuristic,invalid,invalid,false,false,1,tensorop,f32,128,256,64,4,4,1,1,1,1,4,4,1,1,128,256,16,100,110,157286400,601412861952,3823,0.466867,313.76,1.28819e+06
1,CUTLASS,gemm,cutlass3x_sm100_tensorop_gemm_bf16_bf16_f32_bf16_bf16_128x256x64_0x0x1_0_tnt_align8_1sm,passed,success,universal,8192,7168,5120,bf16:row,bf16:column,bf16:row,bf16:row,1,0,serial,1,1,heuristic,invalid,invalid,false,false,1,tensorop,f32,128,256,64,1,1,1,1,1,1,3,4,1,1,128,256,16,100,110,274726912,601412861952,2189,0.440675,580.608,1.36475e+06
1,CUTLASS,gemm,cutlass3x_sm100_tensorop_gemm_bf16_bf16_f32_bf16_bf16_128x256x64_0x0x1_0_tnt_align8_stream_k_1sm,passed,success,universal,8192,7168,5120,bf16:row,bf16:column,bf16:row,bf16:row,1,0,serial,1,1,heuristic,invalid,invalid,false,false,1,tensorop,f32,128,256,64,1,1,1,1,1,1,3,4,1,1,128,256,16,100,110,274726912,601412861952,2189,0.456211,560.835,1.31828e+06
1,CUTLASS,gemm,cutlass3x_sm100_tensorop_gemm_bf16_bf16_f32_void_bf16_128x256x64_0x0x1_0_tnt_align8_1sm,passed,success,universal,8192,7168,5120,bf16:row,bf16:column,void:row,bf16:row,1,0,serial,1,1,heuristic,invalid,invalid,false,false,1,tensorop,f32,128,256,64,1,1,1,1,1,1,4,4,1,1,128,256,16,100,110,157286400,601412861952,3823,0.39695,369.024,1.51508e+06
1,CUTLASS,gemm,cutlass3x_sm100_tensorop_gemm_bf16_bf16_f32_void_bf16_128x256x64_0x0x1_0_tnt_align8_stream_k_1sm,passed,success,universal,8192,7168,5120,bf16:row,bf16:column,void:row,bf16:row,1,0,serial,1,1,heuristic,invalid,invalid,false,false,1,tensorop,f32,128,256,64,1,1,1,1,1,1,4,4,1,1,128,256,16,100,110,157286400,601412861952,3823,0.402448,363.983,1.49439e+06
1,CUTLASS,gemm,cutlass3x_sm100_tensorop_gemm_bf16_bf16_f32_bf16_bf16_128x256x64_1x1x1_0_tnt_align8_1sm,passed,success,universal,8192,7168,5120,bf16:row,bf16:column,bf16:row,bf16:row,1,0,serial,1,1,heuristic,invalid,invalid,false,false,1,tensorop,f32,128,256,64,1,1,1,1,1,1,3,4,1,1,128,256,16,100,110,274726912,601412861952,2189,0.440851,580.376,1.36421e+06
1,CUTLASS,gemm,cutlass3x_sm100_tensorop_gemm_bf16_bf16_f32_bf16_bf16_128x256x64_1x1x1_0_tnt_align8_stream_k_1sm,passed,success,universal,8192,7168,5120,bf16:row,bf16:column,bf16:row,bf16:row,1,0,serial,1,1,heuristic,invalid,invalid,false,false,1,tensorop,f32,128,256,64,1,1,1,1,1,1,3,4,1,1,128,256,16,100,110,274726912,601412861952,2189,0.458768,557.71,1.31093e+06
1,CUTLASS,gemm,cutlass3x_sm100_tensorop_gemm_bf16_bf16_f32_void_bf16_128x256x64_1x1x1_0_tnt_align8_1sm,passed,success,universal,8192,7168,5120,bf16:row,bf16:column,void:row,bf16:row,1,0,serial,1,1,heuristic,invalid,invalid,false,false,1,tensorop,f32,128,256,64,1,1,1,1,1,1,4,4,1,1,128,256,16,100,110,157286400,601412861952,3823,0.396822,369.143,1.51557e+06
1,CUTLASS,gemm,cutlass3x_sm100_tensorop_gemm_bf16_bf16_f32_void_bf16_128x256x64_1x1x1_0_tnt_align8_stream_k_1sm,passed,success,universal,8192,7168,5120,bf16:row,bf16:column,void:row,bf16:row,1,0,serial,1,1,heuristic,invalid,invalid,false,false,1,tensorop,f32,128,256,64,1,1,1,1,1,1,4,4,1,1,128,256,16,100,110,157286400,601412861952,3823,0.396413,369.525,1.51714e+06
1,CUTLASS,gemm,cutlass3x_sm100_tensorop_gemm_bf16_bf16_f32_bf16_bf16_128x256x64_1x2x1_0_tnt_align8_1sm,passed,success,universal,8192,7168,5120,bf16:row,bf16:column,bf16:row,bf16:row,1,0,serial,1,1,heuristic,invalid,invalid,false,false,1,tensorop,f32,128,256,64,1,2,1,1,1,1,3,4,1,1,128,256,16,100,110,274726912,601412861952,2189,0.438701,583.221,1.3709e+06
1,CUTLASS,gemm,cutlass3x_sm100_tensorop_gemm_bf16_bf16_f32_bf16_bf16_128x256x64_1x2x1_0_tnt_align8_stream_k_1sm,passed,success,universal,8192,7168,5120,bf16:row,bf16:column,bf16:row,bf16:row,1,0,serial,1,1,heuristic,invalid,invalid,false,false,1,tensorop,f32,128,256,64,1,2,1,1,1,1,3,4,1,1,128,256,16,100,110,274726912,601412861952,2189,0.452451,565.496,1.32923e+06
1,CUTLASS,gemm,cutlass3x_sm100_tensorop_gemm_bf16_bf16_f32_void_bf16_128x256x64_1x2x1_0_tnt_align8_1sm,passed,success,universal,8192,7168,5120,bf16:row,bf16:column,void:row,bf16:row,1,0,serial,1,1,heuristic,invalid,invalid,false,false,1,tensorop,f32,128,256,64,1,2,1,1,1,1,4,4,1,1,128,256,16,100,110,157286400,601412861952,3823,0.390778,374.854,1.53902e+06
1,CUTLASS,gemm,cutlass3x_sm100_tensorop_gemm_bf16_bf16_f32_void_bf16_128x256x64_1x2x1_0_tnt_align8_stream_k_1sm,passed,success,universal,8192,7168,5120,bf16:row,bf16:column,void:row,bf16:row,1,0,serial,1,1,heuristic,invalid,invalid,false,false,1,tensorop,f32,128,256,64,1,2,1,1,1,1,4,4,1,1,128,256,16,100,110,157286400,601412861952,3823,0.384944,380.534,1.56234e+06
1,CUTLASS,gemm,cutlass3x_sm100_tensorop_gemm_bf16_bf16_f32_bf16_bf16_128x256x64_1x4x1_0_tnt_align8_1sm,passed,success,universal,8192,7168,5120,bf16:row,bf16:column,bf16:row,bf16:row,1,0,serial,1,1,heuristic,invalid,invalid,false,false,1,tensorop,f32,128,256,64,1,4,1,1,1,1,3,4,1,1,128,256,16,100,110,274726912,601412861952,2189,0.482733,530.023,1.24585e+06
1,CUTLASS,gemm,cutlass3x_sm100_tensorop_gemm_bf16_bf16_f32_bf16_bf16_128x256x64_1x4x1_0_tnt_align8_stream_k_1sm,passed,success,universal,8192,7168,5120,bf16:row,bf16:column,bf16:row,bf16:row,1,0,serial,1,1,heuristic,invalid,invalid,false,false,1,tensorop,f32,128,256,64,1,4,1,1,1,1,3,4,1,1,128,256,16,100,110,274726912,601412861952,2189,0.45007,568.487,1.33626e+06
1,CUTLASS,gemm,cutlass3x_sm100_tensorop_gemm_bf16_bf16_f32_void_bf16_128x256x64_1x4x1_0_tnt_align8_1sm,passed,success,universal,8192,7168,5120,bf16:row,bf16:column,void:row,bf16:row,1,0,serial,1,1,heuristic,invalid,invalid,false,false,1,tensorop,f32,128,256,64,1,4,1,1,1,1,4,4,1,1,128,256,16,100,110,157286400,601412861952,3823,0.408186,358.867,1.47338e+06
1,CUTLASS,gemm,cutlass3x_sm100_tensorop_gemm_bf16_bf16_f32_void_bf16_128x256x64_1x4x1_0_tnt_align8_stream_k_1sm,passed,success,universal,8192,7168,5120,bf16:row,bf16:column,void:row,bf16:row,1,0,serial,1,1,heuristic,invalid,invalid,false,false,1,tensorop,f32,128,256,64,1,4,1,1,1,1,4,4,1,1,128,256,16,100,110,157286400,601412861952,3823,0.377494,388.044,1.59317e+06
1,CUTLASS,gemm,cutlass3x_sm100_tensorop_gemm_bf16_bf16_f32_bf16_bf16_128x256x64_4x4x1_0_tnt_align8_1sm,passed,success,universal,8192,7168,5120,bf16:row,bf16:column,bf16:row,bf16:row,1,0,serial,1,1,heuristic,invalid,invalid,false,false,1,tensorop,f32,128,256,64,4,4,1,1,1,1,3,4,1,1,128,256,16,100,110,274726912,601412861952,2189,0.54817,466.752,1.09713e+06
1,CUTLASS,gemm,cutlass3x_sm100_tensorop_gemm_bf16_bf16_f32_bf16_bf16_128x256x64_4x4x1_0_tnt_align8_stream_k_1sm,passed,success,universal,8192,7168,5120,bf16:row,bf16:column,bf16:row,bf16:row,1,0,serial,1,1,heuristic,invalid,invalid,false,false,1,tensorop,f32,128,256,64,4,4,1,1,1,1,3,4,1,1,128,256,16,100,110,274726912,601412861952,2189,0.573766,445.93,1.04818e+06
1,CUTLASS,gemm,cutlass3x_sm100_tensorop_gemm_bf16_bf16_f32_void_bf16_128x256x64_4x4x1_0_tnt_align8_1sm,passed,success,universal,8192,7168,5120,bf16:row,bf16:column,void:row,bf16:row,1,0,serial,1,1,heuristic,invalid,invalid,false,false,1,tensorop,f32,128,256,64,4,4,1,1,1,1,4,4,1,1,128,256,16,100,110,157286400,601412861952,3823,0.434835,336.873,1.38308e+06
1,CUTLASS,gemm,cutlass3x_sm100_tensorop_gemm_bf16_bf16_f32_void_bf16_128x256x64_4x4x1_0_tnt_align8_stream_k_1sm,passed,success,universal,8192,7168,5120,bf16:row,bf16:column,void:row,bf16:row,1,0,serial,1,1,heuristic,invalid,invalid,false,false,1,tensorop,f32,128,256,64,4,4,1,1,1,1,4,4,1,1,128,256,16,100,110,157286400,601412861952,3823,0.448355,326.715,1.34138e+06
1,CUTLASS,gemm,cutlass3x_sm100_tensorop_gemm_bf16_bf16_f32_f32_f32_128x128x64_0x0x1_0_tnt_align8_2sm_epi_tma,passed,success,universal,8192,7168,5120,bf16:row,bf16:column,f32:row,f32:row,1,0,serial,1,1,heuristic,invalid,invalid,false,false,1,tensorop,f32,128,128,64,2,1,1,2,1,1,12,4,1,1,128,128,16,100,110,392167424,601412861952,1533,0.460922,792.4,1.30481e+06
1,CUTLASS,gemm,cutlass3x_sm100_tensorop_gemm_bf16_bf16_f32_f32_f32_128x128x64_0x0x1_0_tnt_align8_stream_k_2sm_epi_tma,passed,success,universal,8192,7168,5120,bf16:row,bf16:column,f32:row,f32:row,1,0,serial,1,1,heuristic,invalid,invalid,false,false,1,tensorop,f32,128,128,64,2,1,1,2,1,1,12,4,1,1,128,128,16,100,110,392167424,601412861952,1533,0.473008,772.153,1.27146e+06
1,CUTLASS,gemm,cutlass3x_sm100_tensorop_gemm_bf16_bf16_f32_void_f32_128x128x64_0x0x1_0_tnt_align8_2sm_epi_tma,passed,success,universal,8192,7168,5120,bf16:row,bf16:column,void:row,f32:row,1,0,serial,1,1,heuristic,invalid,invalid,false,false,1,tensorop,f32,128,128,64,2,1,1,2,1,1,12,4,1,1,128,128,16,100,110,157286400,601412861952,3823,0.461363,317.503,1.30356e+06
1,CUTLASS,gemm,cutlass3x_sm100_tensorop_gemm_bf16_bf16_f32_void_f32_128x128x64_0x0x1_0_tnt_align8_stream_k_2sm_epi_tma,passed,success,universal,8192,7168,5120,bf16:row,bf16:column,void:row,f32:row,1,0,serial,1,1,heuristic,invalid,invalid,false,false,1,tensorop,f32,128,128,64,2,1,1,2,1,1,12,4,1,1,128,128,16,100,110,157286400,601412861952,3823,0.471699,310.546,1.27499e+06
1,CUTLASS,gemm,cutlass3x_sm100_tensorop_gemm_bf16_bf16_f32_f32_f32_128x128x64_2x1x1_0_tnt_align8_2sm_epi_tma,passed,success,universal,8192,7168,5120,bf16:row,bf16:column,f32:row,f32:row,1,0,serial,1,1,heuristic,invalid,invalid,false,false,1,tensorop,f32,128,128,64,2,1,1,2,1,1,12,4,1,1,128,128,16,100,110,392167424,601412861952,1533,0.460208,793.629,1.30683e+06
1,CUTLASS,gemm,cutlass3x_sm100_tensorop_gemm_bf16_bf16_f32_f32_f32_128x128x64_2x1x1_0_tnt_align8_stream_k_2sm_epi_tma,passed,success,universal,8192,7168,5120,bf16:row,bf16:column,f32:row,f32:row,1,0,serial,1,1,heuristic,invalid,invalid,false,false,1,tensorop,f32,128,128,64,2,1,1,2,1,1,12,4,1,1,128,128,16,100,110,392167424,601412861952,1533,0.47167,774.342,1.27507e+06
1,CUTLASS,gemm,cutlass3x_sm100_tensorop_gemm_bf16_bf16_f32_void_f32_128x128x64_2x1x1_0_tnt_align8_2sm_epi_tma,passed,success,universal,8192,7168,5120,bf16:row,bf16:column,void:row,f32:row,1,0,serial,1,1,heuristic,invalid,invalid,false,false,1,tensorop,f32,128,128,64,2,1,1,2,1,1,12,4,1,1,128,128,16,100,110,157286400,601412861952,3823,0.460922,317.808,1.30481e+06
1,CUTLASS,gemm,cutlass3x_sm100_tensorop_gemm_bf16_bf16_f32_void_f32_128x128x64_2x1x1_0_tnt_align8_stream_k_2sm_epi_tma,passed,success,universal,8192,7168,5120,bf16:row,bf16:column,void:row,f32:row,1,0,serial,1,1,heuristic,invalid,invalid,false,false,1,tensorop,f32,128,128,64,2,1,1,2,1,1,12,4,1,1,128,128,16,100,110,157286400,601412861952,3823,0.471091,310.947,1.27664e+06
1,CUTLASS,gemm,cutlass3x_sm100_tensorop_gemm_bf16_bf16_f32_f32_f32_128x128x64_2x2x1_0_tnt_align8_2sm_epi_tma,passed,success,universal,8192,7168,5120,bf16:row,bf16:column,f32:row,f32:row,1,0,serial,1,1,heuristic,invalid,invalid,false,false,1,tensorop,f32,128,128,64,2,2,1,2,1,1,12,4,1,1,128,128,16,100,110,392167424,601412861952,1533,0.455392,802.022,1.32065e+06
1,CUTLASS,gemm,cutlass3x_sm100_tensorop_gemm_bf16_bf16_f32_f32_f32_128x128x64_2x2x1_0_tnt_align8_stream_k_2sm_epi_tma,passed,success,universal,8192,7168,5120,bf16:row,bf16:column,f32:row,f32:row,1,0,serial,1,1,heuristic,invalid,invalid,false,false,1,tensorop,f32,128,128,64,2,2,1,2,1,1,12,4,1,1,128,128,16,100,110,392167424,601412861952,1533,0.465635,784.379,1.2916e+06
1,CUTLASS,gemm,cutlass3x_sm100_tensorop_gemm_bf16_bf16_f32_void_f32_128x128x64_2x2x1_0_tnt_align8_2sm_epi_tma,passed,success,universal,8192,7168,5120,bf16:row,bf16:column,void:row,f32:row,1,0,serial,1,1,heuristic,invalid,invalid,false,false,1,tensorop,f32,128,128,64,2,2,1,2,1,1,12,4,1,1,128,128,16,100,110,157286400,601412861952,3823,0.458771,319.297,1.31092e+06
1,CUTLASS,gemm,cutlass3x_sm100_tensorop_gemm_bf16_bf16_f32_void_f32_128x128x64_2x2x1_0_tnt_align8_stream_k_2sm_epi_tma,passed,success,universal,8192,7168,5120,bf16:row,bf16:column,void:row,f32:row,1,0,serial,1,1,heuristic,invalid,invalid,false,false,1,tensorop,f32,128,128,64,2,2,1,2,1,1,12,4,1,1,128,128,16,100,110,157286400,601412861952,3823,0.466557,313.969,1.28905e+06
1,CUTLASS,gemm,cutlass3x_sm100_tensorop_gemm_bf16_bf16_f32_f32_f32_128x128x64_4x1x1_0_tnt_align8_2sm_epi_tma,passed,success,universal,8192,7168,5120,bf16:row,bf16:column,f32:row,f32:row,1,0,serial,1,1,heuristic,invalid,invalid,false,false,1,tensorop,f32,128,128,64,4,1,1,2,1,1,12,4,1,1,128,128,16,100,110,392167424,601412861952,1533,0.486512,750.72,1.23617e+06
1,CUTLASS,gemm,cutlass3x_sm100_tensorop_gemm_bf16_bf16_f32_f32_f32_128x128x64_4x1x1_0_tnt_align8_stream_k_2sm_epi_tma,passed,success,universal,8192,7168,5120,bf16:row,bf16:column,f32:row,f32:row,1,0,serial,1,1,heuristic,invalid,invalid,false,false,1,tensorop,f32,128,128,64,4,1,1,2,1,1,12,4,1,1,128,128,16,100,110,392167424,601412861952,1533,0.459312,795.177,1.30938e+06
1,CUTLASS,gemm,cutlass3x_sm100_tensorop_gemm_bf16_bf16_f32_void_f32_128x128x64_4x1x1_0_tnt_align8_2sm_epi_tma,passed,success,universal,8192,7168,5120,bf16:row,bf16:column,void:row,f32:row,1,0,serial,1,1,heuristic,invalid,invalid,false,false,1,tensorop,f32,128,128,64,4,1,1,2,1,1,12,4,1,1,128,128,16,100,110,157286400,601412861952,3823,0.490717,298.511,1.22558e+06
1,CUTLASS,gemm,cutlass3x_sm100_tensorop_gemm_bf16_bf16_f32_void_f32_128x128x64_4x1x1_0_tnt_align8_stream_k_2sm_epi_tma,passed,success,universal,8192,7168,5120,bf16:row,bf16:column,void:row,f32:row,1,0,serial,1,1,heuristic,invalid,invalid,false,false,1,tensorop,f32,128,128,64,4,1,1,2,1,1,12,4,1,1,128,128,16,100,110,157286400,601412861952,3823,0.458781,319.291,1.31089e+06
1,CUTLASS,gemm,cutlass3x_sm100_tensorop_gemm_bf16_bf16_f32_f32_f32_128x128x64_2x4x1_0_tnt_align8_2sm_epi_tma,passed,success,universal,8192,7168,5120,bf16:row,bf16:column,f32:row,f32:row,1,0,serial,1,1,heuristic,invalid,invalid,false,false,1,tensorop,f32,128,128,64,2,4,1,2,1,1,12,4,1,1,128,128,16,100,110,392167424,601412861952,1533,0.479994,760.915,1.25296e+06
1,CUTLASS,gemm,cutlass3x_sm100_tensorop_gemm_bf16_bf16_f32_f32_f32_128x128x64_2x4x1_0_tnt_align8_stream_k_2sm_epi_tma,passed,success,universal,8192,7168,5120,bf16:row,bf16:column,f32:row,f32:row,1,0,serial,1,1,heuristic,invalid,invalid,false,false,1,tensorop,f32,128,128,64,2,4,1,2,1,1,12,4,1,1,128,128,16,100,110,392167424,601412861952,1533,0.492768,741.189,1.22048e+06
1,CUTLASS,gemm,cutlass3x_sm100_tensorop_gemm_bf16_bf16_f32_void_f32_128x128x64_2x4x1_0_tnt_align8_2sm_epi_tma,passed,success,universal,8192,7168,5120,bf16:row,bf16:column,void:row,f32:row,1,0,serial,1,1,heuristic,invalid,invalid,false,false,1,tensorop,f32,128,128,64,2,4,1,2,1,1,12,4,1,1,128,128,16,100,110,157286400,601412861952,3823,0.487958,300.199,1.23251e+06
1,CUTLASS,gemm,cutlass3x_sm100_tensorop_gemm_bf16_bf16_f32_void_f32_128x128x64_2x4x1_0_tnt_align8_stream_k_2sm_epi_tma,passed,success,universal,8192,7168,5120,bf16:row,bf16:column,void:row,f32:row,1,0,serial,1,1,heuristic,invalid,invalid,false,false,1,tensorop,f32,128,128,64,2,4,1,2,1,1,12,4,1,1,128,128,16,100,110,157286400,601412861952,3823,0.49113,298.26,1.22455e+06
1,CUTLASS,gemm,cutlass3x_sm100_tensorop_gemm_bf16_bf16_f32_f32_f32_128x128x64_4x2x1_0_tnt_align8_2sm_epi_tma,passed,success,universal,8192,7168,5120,bf16:row,bf16:column,f32:row,f32:row,1,0,serial,1,1,heuristic,invalid,invalid,false,false,1,tensorop,f32,128,128,64,4,2,1,2,1,1,12,4,1,1,128,128,16,100,110,392167424,601412861952,1533,0.49167,742.844,1.2232e+06
1,CUTLASS,gemm,cutlass3x_sm100_tensorop_gemm_bf16_bf16_f32_f32_f32_128x128x64_4x2x1_0_tnt_align8_stream_k_2sm_epi_tma,passed,success,universal,8192,7168,5120,bf16:row,bf16:column,f32:row,f32:row,1,0,serial,1,1,heuristic,invalid,invalid,false,false,1,tensorop,f32,128,128,64,4,2,1,2,1,1,12,4,1,1,128,128,16,100,110,392167424,601412861952,1533,0.512019,713.322,1.17459e+06
1,CUTLASS,gemm,cutlass3x_sm100_tensorop_gemm_bf16_bf16_f32_void_f32_128x128x64_4x2x1_0_tnt_align8_2sm_epi_tma,passed,success,universal,8192,7168,5120,bf16:row,bf16:column,void:row,f32:row,1,0,serial,1,1,heuristic,invalid,invalid,false,false,1,tensorop,f32,128,128,64,4,2,1,2,1,1,12,4,1,1,128,128,16,100,110,157286400,601412861952,3823,0.50465,290.269,1.19174e+06
1,CUTLASS,gemm,cutlass3x_sm100_tensorop_gemm_bf16_bf16_f32_void_f32_128x128x64_4x2x1_0_tnt_align8_stream_k_2sm_epi_tma,passed,success,universal,8192,7168,5120,bf16:row,bf16:column,void:row,f32:row,1,0,serial,1,1,heuristic,invalid,invalid,false,false,1,tensorop,f32,128,128,64,4,2,1,2,1,1,12,4,1,1,128,128,16,100,110,157286400,601412861952,3823,0.509459,287.529,1.18049e+06
1,CUTLASS,gemm,cutlass3x_sm100_tensorop_gemm_bf16_bf16_f32_f32_f32_128x128x64_4x4x1_0_tnt_align8_2sm_epi_tma,passed,success,universal,8192,7168,5120,bf16:row,bf16:column,f32:row,f32:row,1,0,serial,1,1,heuristic,invalid,invalid,false,false,1,tensorop,f32,128,128,64,4,4,1,2,1,1,12,4,1,1,128,128,16,100,110,392167424,601412861952,1533,0.516038,707.766,1.16544e+06
1,CUTLASS,gemm,cutlass3x_sm100_tensorop_gemm_bf16_bf16_f32_f32_f32_128x128x64_4x4x1_0_tnt_align8_stream_k_2sm_epi_tma,passed,success,universal,8192,7168,5120,bf16:row,bf16:column,f32:row,f32:row,1,0,serial,1,1,heuristic,invalid,invalid,false,false,1,tensorop,f32,128,128,64,4,4,1,2,1,1,12,4,1,1,128,128,16,100,110,392167424,601412861952,1533,0.535779,681.688,1.1225e+06
1,CUTLASS,gemm,cutlass3x_sm100_tensorop_gemm_bf16_bf16_f32_void_f32_128x128x64_4x4x1_0_tnt_align8_2sm_epi_tma,passed,success,universal,8192,7168,5120,bf16:row,bf16:column,void:row,f32:row,1,0,serial,1,1,heuristic,invalid,invalid,false,false,1,tensorop,f32,128,128,64,4,4,1,2,1,1,12,4,1,1,128,128,16,100,110,157286400,601412861952,3823,0.533216,274.719,1.1279e+06
1,CUTLASS,gemm,cutlass3x_sm100_tensorop_gemm_bf16_bf16_f32_void_f32_128x128x64_4x4x1_0_tnt_align8_stream_k_2sm_epi_tma,passed,success,universal,8192,7168,5120,bf16:row,bf16:column,void:row,f32:row,1,0,serial,1,1,heuristic,invalid,invalid,false,false,1,tensorop,f32,128,128,64,4,4,1,2,1,1,12,4,1,1,128,128,16,100,110,157286400,601412861952,3823,0.535779,273.404,1.1225e+06
1,CUTLASS,gemm,cutlass3x_sm100_tensorop_gemm_bf16_bf16_f32_bf16_bf16_128x128x64_0x0x1_0_tnt_align8_2sm_epi_tma,passed,success,universal,8192,7168,5120,bf16:row,bf16:column,bf16:row,bf16:row,1,0,serial,1,1,heuristic,invalid,invalid,false,false,1,tensorop,f32,128,128,64,2,1,1,2,1,1,13,4,1,1,128,128,16,100,110,274726912,601412861952,2189,0.439731,581.854,1.36768e+06
1,CUTLASS,gemm,cutlass3x_sm100_tensorop_gemm_bf16_bf16_f32_bf16_bf16_128x128x64_0x0x1_0_tnt_align8_stream_k_2sm_epi_tma,passed,success,universal,8192,7168,5120,bf16:row,bf16:column,bf16:row,bf16:row,1,0,serial,1,1,heuristic,invalid,invalid,false,false,1,tensorop,f32,128,128,64,2,1,1,2,1,1,13,4,1,1,128,128,16,100,110,274726912,601412861952,2189,0.45263,565.272,1.32871e+06
1,CUTLASS,gemm,cutlass3x_sm100_tensorop_gemm_bf16_bf16_f32_void_bf16_128x128x64_0x0x1_0_tnt_align8_2sm_epi_tma,passed,success,universal,8192,7168,5120,bf16:row,bf16:column,void:row,bf16:row,1,0,serial,1,1,heuristic,invalid,invalid,false,false,1,tensorop,f32,128,128,64,2,1,1,2,1,1,13,4,1,1,128,128,16,100,110,157286400,601412861952,3823,0.438909,333.747,1.37025e+06
1,CUTLASS,gemm,cutlass3x_sm100_tensorop_gemm_bf16_bf16_f32_void_bf16_128x128x64_0x0x1_0_tnt_align8_stream_k_2sm_epi_tma,passed,success,universal,8192,7168,5120,bf16:row,bf16:column,void:row,bf16:row,1,0,serial,1,1,heuristic,invalid,invalid,false,false,1,tensorop,f32,128,128,64,2,1,1,2,1,1,13,4,1,1,128,128,16,100,110,157286400,601412861952,3823,0.449558,325.841,1.33779e+06
1,CUTLASS,gemm,cutlass3x_sm100_tensorop_gemm_bf16_bf16_f32_bf16_bf16_128x128x64_2x1x1_0_tnt_align8_2sm_epi_tma,passed,success,universal,8192,7168,5120,bf16:row,bf16:column,bf16:row,bf16:row,1,0,serial,1,1,heuristic,invalid,invalid,false,false,1,tensorop,f32,128,128,64,2,1,1,2,1,1,13,4,1,1,128,128,16,100,110,274726912,601412861952,2189,0.439216,582.537,1.36929e+06
1,CUTLASS,gemm,cutlass3x_sm100_tensorop_gemm_bf16_bf16_f32_bf16_bf16_128x128x64_2x1x1_0_tnt_align8_stream_k_2sm_epi_tma,passed,success,universal,8192,7168,5120,bf16:row,bf16:column,bf16:row,bf16:row,1,0,serial,1,1,heuristic,invalid,invalid,false,false,1,tensorop,f32,128,128,64,2,1,1,2,1,1,13,4,1,1,128,128,16,100,110,274726912,601412861952,2189,0.450586,567.837,1.33474e+06
1,CUTLASS,gemm,cutlass3x_sm100_tensorop_gemm_bf16_bf16_f32_void_bf16_128x128x64_2x1x1_0_tnt_align8_2sm_epi_tma,passed,success,universal,8192,7168,5120,bf16:row,bf16:column,void:row,bf16:row,1,0,serial,1,1,heuristic,invalid,invalid,false,false,1,tensorop,f32,128,128,64,2,1,1,2,1,1,13,4,1,1,128,128,16,100,110,157286400,601412861952,3823,0.438704,333.903,1.37089e+06
1,CUTLASS,gemm,cutlass3x_sm100_tensorop_gemm_bf16_bf16_f32_void_bf16_128x128x64_2x1x1_0_tnt_align8_stream_k_2sm_epi_tma,passed,success,universal,8192,7168,5120,bf16:row,bf16:column,void:row,bf16:row,1,0,serial,1,1,heuristic,invalid,invalid,false,false,1,tensorop,f32,128,128,64,2,1,1,2,1,1,13,4,1,1,128,128,16,100,110,157286400,601412861952,3823,0.449354,325.989,1.3384e+06
1,CUTLASS,gemm,cutlass3x_sm100_tensorop_gemm_bf16_bf16_f32_bf16_bf16_128x128x64_2x2x1_0_tnt_align8_2sm_epi_tma,passed,success,universal,8192,7168,5120,bf16:row,bf16:column,bf16:row,bf16:row,1,0,serial,1,1,heuristic,invalid,invalid,false,false,1,tensorop,f32,128,128,64,2,2,1,2,1,1,13,4,1,1,128,128,16,100,110,274726912,601412861952,2189,0.430819,593.89,1.39598e+06
1,CUTLASS,gemm,cutlass3x_sm100_tensorop_gemm_bf16_bf16_f32_bf16_bf16_128x128x64_2x2x1_0_tnt_align8_stream_k_2sm_epi_tma,passed,success,universal,8192,7168,5120,bf16:row,bf16:column,bf16:row,bf16:row,1,0,serial,1,1,heuristic,invalid,invalid,false,false,1,tensorop,f32,128,128,64,2,2,1,2,1,1,13,4,1,1,128,128,16,100,110,274726912,601412861952,2189,0.440134,581.321,1.36643e+06
1,CUTLASS,gemm,cutlass3x_sm100_tensorop_gemm_bf16_bf16_f32_void_bf16_128x128x64_2x2x1_0_tnt_align8_2sm_epi_tma,passed,success,universal,8192,7168,5120,bf16:row,bf16:column,void:row,bf16:row,1,0,serial,1,1,heuristic,invalid,invalid,false,false,1,tensorop,f32,128,128,64,2,2,1,2,1,1,13,4,1,1,128,128,16,100,110,157286400,601412861952,3823,0.429379,341.154,1.40066e+06
1,CUTLASS,gemm,cutlass3x_sm100_tensorop_gemm_bf16_bf16_f32_void_bf16_128x128x64_2x2x1_0_tnt_align8_stream_k_2sm_epi_tma,passed,success,universal,8192,7168,5120,bf16:row,bf16:column,void:row,bf16:row,1,0,serial,1,1,heuristic,invalid,invalid,false,false,1,tensorop,f32,128,128,64,2,2,1,2,1,1,13,4,1,1,128,128,16,100,110,157286400,601412861952,3823,0.436451,335.626,1.37796e+06
1,CUTLASS,gemm,cutlass3x_sm100_tensorop_gemm_bf16_bf16_f32_bf16_bf16_128x128x64_4x1x1_0_tnt_align8_2sm_epi_tma,passed,success,universal,8192,7168,5120,bf16:row,bf16:column,bf16:row,bf16:row,1,0,serial,1,1,heuristic,invalid,invalid,false,false,1,tensorop,f32,128,128,64,4,1,1,2,1,1,13,4,1,1,128,128,16,100,110,274726912,601412861952,2189,0.453862,563.738,1.3251e+06
1,CUTLASS,gemm,cutlass3x_sm100_tensorop_gemm_bf16_bf16_f32_bf16_bf16_128x128x64_4x1x1_0_tnt_align8_stream_k_2sm_epi_tma,passed,success,universal,8192,7168,5120,bf16:row,bf16:column,bf16:row,bf16:row,1,0,serial,1,1,heuristic,invalid,invalid,false,false,1,tensorop,f32,128,128,64,4,1,1,2,1,1,13,4,1,1,128,128,16,100,110,274726912,601412861952,2189,0.434096,589.407,1.38544e+06
1,CUTLASS,gemm,cutlass3x_sm100_tensorop_gemm_bf16_bf16_f32_void_bf16_128x128x64_4x1x1_0_tnt_align8_2sm_epi_tma,passed,success,universal,8192,7168,5120,bf16:row,bf16:column,void:row,bf16:row,1,0,serial,1,1,heuristic,invalid,invalid,false,false,1,tensorop,f32,128,128,64,4,1,1,2,1,1,13,4,1,1,128,128,16,100,110,157286400,601412861952,3823,0.450915,324.86,1.33376e+06
1,CUTLASS,gemm,cutlass3x_sm100_tensorop_gemm_bf16_bf16_f32_void_bf16_128x128x64_4x1x1_0_tnt_align8_stream_k_2sm_epi_tma,passed,success,universal,8192,7168,5120,bf16:row,bf16:column,void:row,bf16:row,1,0,serial,1,1,heuristic,invalid,invalid,false,false,1,tensorop,f32,128,128,64,4,1,1,2,1,1,13,4,1,1,128,128,16,100,110,157286400,601412861952,3823,0.428976,341.475,1.40197e+06
1,CUTLASS,gemm,cutlass3x_sm100_tensorop_gemm_bf16_bf16_f32_bf16_bf16_128x128x64_2x4x1_0_tnt_align8_2sm_epi_tma,passed,success,universal,8192,7168,5120,bf16:row,bf16:column,bf16:row,bf16:row,1,0,serial,1,1,heuristic,invalid,invalid,false,false,1,tensorop,f32,128,128,64,2,4,1,2,1,1,13,4,1,1,128,128,16,100,110,274726912,601412861952,2189,0.444666,575.397,1.35251e+06
1,CUTLASS,gemm,cutlass3x_sm100_tensorop_gemm_bf16_bf16_f32_bf16_bf16_128x128x64_2x4x1_0_tnt_align8_stream_k_2sm_epi_tma,passed,success,universal,8192,7168,5120,bf16:row,bf16:column,bf16:row,bf16:row,1,0,serial,1,1,heuristic,invalid,invalid,false,false,1,tensorop,f32,128,128,64,2,4,1,2,1,1,13,4,1,1,128,128,16,100,110,274726912,601412861952,2189,0.45959,556.712,1.30858e+06
1,CUTLASS,gemm,cutlass3x_sm100_tensorop_gemm_bf16_bf16_f32_void_bf16_128x128x64_2x4x1_0_tnt_align8_2sm_epi_tma,passed,success,universal,8192,7168,5120,bf16:row,bf16:column,void:row,bf16:row,1,0,serial,1,1,heuristic,invalid,invalid,false,false,1,tensorop,f32,128,128,64,2,4,1,2,1,1,13,4,1,1,128,128,16,100,110,157286400,601412861952,3823,0.44689,327.787,1.34578e+06
1,CUTLASS,gemm,cutlass3x_sm100_tensorop_gemm_bf16_bf16_f32_void_bf16_128x128x64_2x4x1_0_tnt_align8_stream_k_2sm_epi_tma,passed,success,universal,8192,7168,5120,bf16:row,bf16:column,void:row,bf16:row,1,0,serial,1,1,heuristic,invalid,invalid,false,false,1,tensorop,f32,128,128,64,2,4,1,2,1,1,13,4,1,1,128,128,16,100,110,157286400,601412861952,3823,0.455088,321.881,1.32153e+06
1,CUTLASS,gemm,cutlass3x_sm100_tensorop_gemm_bf16_bf16_f32_bf16_bf16_128x128x64_4x2x1_0_tnt_align8_2sm_epi_tma,passed,success,universal,8192,7168,5120,bf16:row,bf16:column,bf16:row,bf16:row,1,0,serial,1,1,heuristic,invalid,invalid,false,false,1,tensorop,f32,128,128,64,4,2,1,2,1,1,13,4,1,1,128,128,16,100,110,274726912,601412861952,2189,0.446483,573.055,1.347e+06
1,CUTLASS,gemm,cutlass3x_sm100_tensorop_gemm_bf16_bf16_f32_bf16_bf16_128x128x64_4x2x1_0_tnt_align8_stream_k_2sm_epi_tma,passed,success,universal,8192,7168,5120,bf16:row,bf16:column,bf16:row,bf16:row,1,0,serial,1,1,heuristic,invalid,invalid,false,false,1,tensorop,f32,128,128,64,4,2,1,2,1,1,13,4,1,1,128,128,16,100,110,274726912,601412861952,2189,0.467581,547.198,1.28622e+06
1,CUTLASS,gemm,cutlass3x_sm100_tensorop_gemm_bf16_bf16_f32_void_bf16_128x128x64_4x2x1_0_tnt_align8_2sm_epi_tma,passed,success,universal,8192,7168,5120,bf16:row,bf16:column,void:row,bf16:row,1,0,serial,1,1,heuristic,invalid,invalid,false,false,1,tensorop,f32,128,128,64,4,2,1,2,1,1,13,4,1,1,128,128,16,100,110,157286400,601412861952,3823,0.449686,325.748,1.33741e+06
1,CUTLASS,gemm,cutlass3x_sm100_tensorop_gemm_bf16_bf16_f32_void_bf16_128x128x64_4x2x1_0_tnt_align8_stream_k_2sm_epi_tma,passed,success,universal,8192,7168,5120,bf16:row,bf16:column,void:row,bf16:row,1,0,serial,1,1,heuristic,invalid,invalid,false,false,1,tensorop,f32,128,128,64,4,2,1,2,1,1,13,4,1,1,128,128,16,100,110,157286400,601412861952,3823,0.457334,320.3,1.31504e+06
1,CUTLASS,gemm,cutlass3x_sm100_tensorop_gemm_bf16_bf16_f32_bf16_bf16_128x128x64_4x4x1_0_tnt_align8_2sm_epi_tma,passed,success,universal,8192,7168,5120,bf16:row,bf16:column,bf16:row,bf16:row,1,0,serial,1,1,heuristic,invalid,invalid,false,false,1,tensorop,f32,128,128,64,4,4,1,2,1,1,13,4,1,1,128,128,16,100,110,274726912,601412861952,2189,0.458054,558.579,1.31297e+06
1,CUTLASS,gemm,cutlass3x_sm100_tensorop_gemm_bf16_bf16_f32_bf16_bf16_128x128x64_4x4x1_0_tnt_align8_stream_k_2sm_epi_tma,passed,success,universal,8192,7168,5120,bf16:row,bf16:column,bf16:row,bf16:row,1,0,serial,1,1,heuristic,invalid,invalid,false,false,1,tensorop,f32,128,128,64,4,4,1,2,1,1,13,4,1,1,128,128,16,100,110,274726912,601412861952,2189,0.482634,530.132,1.24611e+06
1,CUTLASS,gemm,cutlass3x_sm100_tensorop_gemm_bf16_bf16_f32_void_bf16_128x128x64_4x4x1_0_tnt_align8_2sm_epi_tma,passed,success,universal,8192,7168,5120,bf16:row,bf16:column,void:row,bf16:row,1,0,serial,1,1,heuristic,invalid,invalid,false,false,1,tensorop,f32,128,128,64,4,4,1,2,1,1,13,4,1,1,128,128,16,100,110,157286400,601412861952,3823,0.465635,314.59,1.2916e+06
1,CUTLASS,gemm,cutlass3x_sm100_tensorop_gemm_bf16_bf16_f32_void_bf16_128x128x64_4x4x1_0_tnt_align8_stream_k_2sm_epi_tma,passed,success,universal,8192,7168,5120,bf16:row,bf16:column,void:row,bf16:row,1,0,serial,1,1,heuristic,invalid,invalid,false,false,1,tensorop,f32,128,128,64,4,4,1,2,1,1,13,4,1,1,128,128,16,100,110,157286400,601412861952,3823,0.474982,308.4,1.26618e+06
1,CUTLASS,gemm,cutlass3x_sm100_tensorop_gemm_bf16_bf16_f32_f32_f32_128x256x64_0x0x1_0_tnt_align8_2sm_epi_tma,passed,success,universal,8192,7168,5120,bf16:row,bf16:column,f32:row,f32:row,1,0,serial,1,1,heuristic,invalid,invalid,false,false,1,tensorop,f32,128,256,64,2,1,1,2,1,1,8,4,1,1,128,256,16,100,110,392167424,601412861952,1533,0.444845,821.038,1.35196e+06
1,CUTLASS,gemm,cutlass3x_sm100_tensorop_gemm_bf16_bf16_f32_f32_f32_128x256x64_0x0x1_0_tnt_align8_stream_k_2sm_epi_tma,passed,success,universal,8192,7168,5120,bf16:row,bf16:column,f32:row,f32:row,1,0,serial,1,1,heuristic,invalid,invalid,false,false,1,tensorop,f32,128,256,64,2,1,1,2,1,1,8,4,1,1,128,256,16,100,110,392167424,601412861952,1533,0.432045,845.362,1.39202e+06
1,CUTLASS,gemm,cutlass3x_sm100_tensorop_gemm_bf16_bf16_f32_void_f32_128x256x64_0x0x1_0_tnt_align8_2sm_epi_tma,passed,success,universal,8192,7168,5120,bf16:row,bf16:column,void:row,f32:row,1,0,serial,1,1,heuristic,invalid,invalid,false,false,1,tensorop,f32,128,256,64,2,1,1,2,1,1,8,4,1,1,128,256,16,100,110,157286400,601412861952,3823,0.444666,329.426,1.35251e+06
1,CUTLASS,gemm,cutlass3x_sm100_tensorop_gemm_bf16_bf16_f32_void_f32_128x256x64_0x0x1_0_tnt_align8_stream_k_2sm_epi_tma,passed,success,universal,8192,7168,5120,bf16:row,bf16:column,void:row,f32:row,1,0,serial,1,1,heuristic,invalid,invalid,false,false,1,tensorop,f32,128,256,64,2,1,1,2,1,1,8,4,1,1,128,256,16,100,110,157286400,601412861952,3823,0.434714,336.968,1.38347e+06
1,CUTLASS,gemm,cutlass3x_sm100_tensorop_gemm_bf16_bf16_f32_f32_f32_128x256x64_2x1x1_0_tnt_align8_2sm_epi_tma,passed,success,universal,8192,7168,5120,bf16:row,bf16:column,f32:row,f32:row,1,0,serial,1,1,heuristic,invalid,invalid,false,false,1,tensorop,f32,128,256,64,2,1,1,2,1,1,8,4,1,1,128,256,16,100,110,392167424,601412861952,1533,0.44433,821.99,1.35353e+06
1,CUTLASS,gemm,cutlass3x_sm100_tensorop_gemm_bf16_bf16_f32_f32_f32_128x256x64_2x1x1_0_tnt_align8_stream_k_2sm_epi_tma,passed,success,universal,8192,7168,5120,bf16:row,bf16:column,f32:row,f32:row,1,0,serial,1,1,heuristic,invalid,invalid,false,false,1,tensorop,f32,128,256,64,2,1,1,2,1,1,8,4,1,1,128,256,16,100,110,392167424,601412861952,1533,0.433504,842.517,1.38733e+06
1,CUTLASS,gemm,cutlass3x_sm100_tensorop_gemm_bf16_bf16_f32_void_f32_128x256x64_2x1x1_0_tnt_align8_2sm_epi_tma,passed,success,universal,8192,7168,5120,bf16:row,bf16:column,void:row,f32:row,1,0,serial,1,1,heuristic,invalid,invalid,false,false,1,tensorop,f32,128,256,64,2,1,1,2,1,1,8,4,1,1,128,256,16,100,110,157286400,601412861952,3823,0.445994,328.445,1.34848e+06
1,CUTLASS,gemm,cutlass3x_sm100_tensorop_gemm_bf16_bf16_f32_void_f32_128x256x64_2x1x1_0_tnt_align8_stream_k_2sm_epi_tma,passed,success,universal,8192,7168,5120,bf16:row,bf16:column,void:row,f32:row,1,0,serial,1,1,heuristic,invalid,invalid,false,false,1,tensorop,f32,128,256,64,2,1,1,2,1,1,8,4,1,1,128,256,16,100,110,157286400,601412861952,3823,0.433814,337.666,1.38634e+06
1,CUTLASS,gemm,cutlass3x_sm100_tensorop_gemm_bf16_bf16_f32_f32_f32_128x256x64_2x2x1_0_tnt_align8_2sm_epi_tma,passed,success,universal,8192,7168,5120,bf16:row,bf16:column,f32:row,f32:row,1,0,serial,1,1,heuristic,invalid,invalid,false,false,1,tensorop,f32,128,256,64,2,2,1,2,1,1,8,4,1,1,128,256,16,100,110,392167424,601412861952,1533,0.445254,820.282,1.35072e+06
1,CUTLASS,gemm,cutlass3x_sm100_tensorop_gemm_bf16_bf16_f32_f32_f32_128x256x64_2x2x1_0_tnt_align8_stream_k_2sm_epi_tma,passed,success,universal,8192,7168,5120,bf16:row,bf16:column,f32:row,f32:row,1,0,serial,1,1,heuristic,invalid,invalid,false,false,1,tensorop,f32,128,256,64,2,2,1,2,1,1,8,4,1,1,128,256,16,100,110,392167424,601412861952,1533,0.405728,900.195,1.48231e+06
1,CUTLASS,gemm,cutlass3x_sm100_tensorop_gemm_bf16_bf16_f32_void_f32_128x256x64_2x2x1_0_tnt_align8_2sm_epi_tma,passed,success,universal,8192,7168,5120,bf16:row,bf16:column,void:row,f32:row,1,0,serial,1,1,heuristic,invalid,invalid,false,false,1,tensorop,f32,128,256,64,2,2,1,2,1,1,8,4,1,1,128,256,16,100,110,157286400,601412861952,3823,0.447133,327.608,1.34504e+06
1,CUTLASS,gemm,cutlass3x_sm100_tensorop_gemm_bf16_bf16_f32_void_f32_128x256x64_2x2x1_0_tnt_align8_stream_k_2sm_epi_tma,passed,success,universal,8192,7168,5120,bf16:row,bf16:column,void:row,f32:row,1,0,serial,1,1,heuristic,invalid,invalid,false,false,1,tensorop,f32,128,256,64,2,2,1,2,1,1,8,4,1,1,128,256,16,100,110,157286400,601412861952,3823,0.409213,357.966,1.46968e+06
1,CUTLASS,gemm,cutlass3x_sm100_tensorop_gemm_bf16_bf16_f32_f32_f32_128x256x64_4x1x1_0_tnt_align8_2sm_epi_tma,passed,success,universal,8192,7168,5120,bf16:row,bf16:column,f32:row,f32:row,1,0,serial,1,1,heuristic,invalid,invalid,false,false,1,tensorop,f32,128,256,64,4,1,1,2,1,1,8,4,1,1,128,256,16,100,110,392167424,601412861952,1533,0.398486,916.554,1.50924e+06
1,CUTLASS,gemm,cutlass3x_sm100_tensorop_gemm_bf16_bf16_f32_f32_f32_128x256x64_4x1x1_0_tnt_align8_stream_k_2sm_epi_tma,passed,success,universal,8192,7168,5120,bf16:row,bf16:column,f32:row,f32:row,1,0,serial,1,1,heuristic,invalid,invalid,false,false,1,tensorop,f32,128,256,64,4,1,1,2,1,1,8,4,1,1,128,256,16,100,110,392167424,601412861952,1533,0.428077,853.198,1.40492e+06
1,CUTLASS,gemm,cutlass3x_sm100_tensorop_gemm_bf16_bf16_f32_void_f32_128x256x64_4x1x1_0_tnt_align8_2sm_epi_tma,passed,success,universal,8192,7168,5120,bf16:row,bf16:column,void:row,f32:row,1,0,serial,1,1,heuristic,invalid,invalid,false,false,1,tensorop,f32,128,256,64,4,1,1,2,1,1,8,4,1,1,128,256,16,100,110,157286400,601412861952,3823,0.405517,361.229,1.48308e+06
1,CUTLASS,gemm,cutlass3x_sm100_tensorop_gemm_bf16_bf16_f32_void_f32_128x256x64_4x1x1_0_tnt_align8_stream_k_2sm_epi_tma,passed,success,universal,8192,7168,5120,bf16:row,bf16:column,void:row,f32:row,1,0,serial,1,1,heuristic,invalid,invalid,false,false,1,tensorop,f32,128,256,64,4,1,1,2,1,1,8,4,1,1,128,256,16,100,110,157286400,601412861952,3823,0.430304,340.421,1.39765e+06
1,CUTLASS,gemm,cutlass3x_sm100_tensorop_gemm_bf16_bf16_f32_f32_f32_128x256x64_2x4x1_0_tnt_align8_2sm_epi_tma,passed,success,universal,8192,7168,5120,bf16:row,bf16:column,f32:row,f32:row,1,0,serial,1,1,heuristic,invalid,invalid,false,false,1,tensorop,f32,128,256,64,2,4,1,2,1,1,8,4,1,1,128,256,16,100,110,392167424,601412861952,1533,0.480074,760.788,1.25275e+06
1,CUTLASS,gemm,cutlass3x_sm100_tensorop_gemm_bf16_bf16_f32_f32_f32_128x256x64_2x4x1_0_tnt_align8_stream_k_2sm_epi_tma,passed,success,universal,8192,7168,5120,bf16:row,bf16:column,f32:row,f32:row,1,0,serial,1,1,heuristic,invalid,invalid,false,false,1,tensorop,f32,128,256,64,2,4,1,2,1,1,8,4,1,1,128,256,16,100,110,392167424,601412861952,1533,0.420403,868.772,1.43056e+06
1,CUTLASS,gemm,cutlass3x_sm100_tensorop_gemm_bf16_bf16_f32_void_f32_128x256x64_2x4x1_0_tnt_align8_2sm_epi_tma,passed,success,universal,8192,7168,5120,bf16:row,bf16:column,void:row,f32:row,1,0,serial,1,1,heuristic,invalid,invalid,false,false,1,tensorop,f32,128,256,64,2,4,1,2,1,1,8,4,1,1,128,256,16,100,110,157286400,601412861952,3823,0.482323,303.706,1.24691e+06
1,CUTLASS,gemm,cutlass3x_sm100_tensorop_gemm_bf16_bf16_f32_void_f32_128x256x64_2x4x1_0_tnt_align8_stream_k_2sm_epi_tma,passed,success,universal,8192,7168,5120,bf16:row,bf16:column,void:row,f32:row,1,0,serial,1,1,heuristic,invalid,invalid,false,false,1,tensorop,f32,128,256,64,2,4,1,2,1,1,8,4,1,1,128,256,16,100,110,157286400,601412861952,3823,0.423139,346.185,1.42131e+06
1,CUTLASS,gemm,cutlass3x_sm100_tensorop_gemm_bf16_bf16_f32_f32_f32_128x256x64_4x2x1_0_tnt_align8_2sm_epi_tma,passed,success,universal,8192,7168,5120,bf16:row,bf16:column,f32:row,f32:row,1,0,serial,1,1,heuristic,invalid,invalid,false,false,1,tensorop,f32,128,256,64,4,2,1,2,1,1,8,4,1,1,128,256,16,100,110,392167424,601412861952,1533,0.410541,889.642,1.46493e+06
1,CUTLASS,gemm,cutlass3x_sm100_tensorop_gemm_bf16_bf16_f32_f32_f32_128x256x64_4x2x1_0_tnt_align8_stream_k_2sm_epi_tma,passed,success,universal,8192,7168,5120,bf16:row,bf16:column,f32:row,f32:row,1,0,serial,1,1,heuristic,invalid,invalid,false,false,1,tensorop,f32,128,256,64,4,2,1,2,1,1,8,4,1,1,128,256,16,100,110,392167424,601412861952,1533,0.43655,836.637,1.37765e+06
1,CUTLASS,gemm,cutlass3x_sm100_tensorop_gemm_bf16_bf16_f32_void_f32_128x256x64_4x2x1_0_tnt_align8_2sm_epi_tma,passed,success,universal,8192,7168,5120,bf16:row,bf16:column,void:row,f32:row,1,0,serial,1,1,heuristic,invalid,invalid,false,false,1,tensorop,f32,128,256,64,4,2,1,2,1,1,8,4,1,1,128,256,16,100,110,157286400,601412861952,3823,0.414128,353.718,1.45224e+06
1,CUTLASS,gemm,cutlass3x_sm100_tensorop_gemm_bf16_bf16_f32_void_f32_128x256x64_4x2x1_0_tnt_align8_stream_k_2sm_epi_tma,passed,success,universal,8192,7168,5120,bf16:row,bf16:column,void:row,f32:row,1,0,serial,1,1,heuristic,invalid,invalid,false,false,1,tensorop,f32,128,256,64,4,2,1,2,1,1,8,4,1,1,128,256,16,100,110,157286400,601412861952,3823,0.439654,333.181,1.36792e+06
1,CUTLASS,gemm,cutlass3x_sm100_tensorop_gemm_bf16_bf16_f32_f32_f32_128x256x64_4x4x1_0_tnt_align8_2sm_epi_tma,passed,success,universal,8192,7168,5120,bf16:row,bf16:column,f32:row,f32:row,1,0,serial,1,1,heuristic,invalid,invalid,false,false,1,tensorop,f32,128,256,64,4,4,1,2,1,1,8,4,1,1,128,256,16,100,110,392167424,601412861952,1533,0.416406,877.11,1.44429e+06
1,CUTLASS,gemm,cutlass3x_sm100_tensorop_gemm_bf16_bf16_f32_f32_f32_128x256x64_4x4x1_0_tnt_align8_stream_k_2sm_epi_tma,passed,success,universal,8192,7168,5120,bf16:row,bf16:column,f32:row,f32:row,1,0,serial,1,1,heuristic,invalid,invalid,false,false,1,tensorop,f32,128,256,64,4,4,1,2,1,1,8,4,1,1,128,256,16,100,110,392167424,601412861952,1533,0.43655,836.637,1.37765e+06
1,CUTLASS,gemm,cutlass3x_sm100_tensorop_gemm_bf16_bf16_f32_void_f32_128x256x64_4x4x1_0_tnt_align8_2sm_epi_tma,passed,success,universal,8192,7168,5120,bf16:row,bf16:column,void:row,f32:row,1,0,serial,1,1,heuristic,invalid,invalid,false,false,1,tensorop,f32,128,256,64,4,4,1,2,1,1,8,4,1,1,128,256,16,100,110,157286400,601412861952,3823,0.425088,344.598,1.4148e+06
1,CUTLASS,gemm,cutlass3x_sm100_tensorop_gemm_bf16_bf16_f32_void_f32_128x256x64_4x4x1_0_tnt_align8_stream_k_2sm_epi_tma,passed,success,universal,8192,7168,5120,bf16:row,bf16:column,void:row,f32:row,1,0,serial,1,1,heuristic,invalid,invalid,false,false,1,tensorop,f32,128,256,64,4,4,1,2,1,1,8,4,1,1,128,256,16,100,110,157286400,601412861952,3823,0.440262,332.721,1.36603e+06
1,CUTLASS,gemm,cutlass3x_sm100_tensorop_gemm_bf16_bf16_f32_bf16_bf16_128x256x64_0x0x1_0_tnt_align8_2sm_epi_tma,passed,success,universal,8192,7168,5120,bf16:row,bf16:column,bf16:row,bf16:row,1,0,serial,1,1,heuristic,invalid,invalid,false,false,1,tensorop,f32,128,256,64,2,1,1,2,1,1,8,4,1,1,128,256,16,100,110,274726912,601412861952,2189,0.424672,602.487,1.41618e+06
1,CUTLASS,gemm,cutlass3x_sm100_tensorop_gemm_bf16_bf16_f32_bf16_bf16_128x256x64_0x0x1_0_tnt_align8_stream_k_2sm_epi_tma,passed,success,universal,8192,7168,5120,bf16:row,bf16:column,bf16:row,bf16:row,1,0,serial,1,1,heuristic,invalid,invalid,false,false,1,tensorop,f32,128,256,64,2,1,1,2,1,1,8,4,1,1,128,256,16,100,110,274726912,601412861952,2189,0.409443,624.896,1.46886e+06
1,CUTLASS,gemm,cutlass3x_sm100_tensorop_gemm_bf16_bf16_f32_void_bf16_128x256x64_0x0x1_0_tnt_align8_2sm_epi_tma,passed,success,universal,8192,7168,5120,bf16:row,bf16:column,void:row,bf16:row,1,0,serial,1,1,heuristic,invalid,invalid,false,false,1,tensorop,f32,128,256,64,2,1,1,2,1,1,8,4,1,1,128,256,16,100,110,157286400,601412861952,3823,0.425696,344.106,1.41278e+06
1,CUTLASS,gemm,cutlass3x_sm100_tensorop_gemm_bf16_bf16_f32_void_bf16_128x256x64_0x0x1_0_tnt_align8_stream_k_2sm_epi_tma,passed,success,universal,8192,7168,5120,bf16:row,bf16:column,void:row,bf16:row,1,0,serial,1,1,heuristic,invalid,invalid,false,false,1,tensorop,f32,128,256,64,2,1,1,2,1,1,8,4,1,1,128,256,16,100,110,157286400,601412861952,3823,0.409616,357.614,1.46824e+06
1,CUTLASS,gemm,cutlass3x_sm100_tensorop_gemm_bf16_bf16_f32_bf16_bf16_128x256x64_2x1x1_0_tnt_align8_2sm_epi_tma,passed,success,universal,8192,7168,5120,bf16:row,bf16:column,bf16:row,bf16:row,1,0,serial,1,1,heuristic,invalid,invalid,false,false,1,tensorop,f32,128,256,64,2,1,1,2,1,1,8,4,1,1,128,256,16,100,110,274726912,601412861952,2189,0.424774,602.342,1.41584e+06
1,CUTLASS,gemm,cutlass3x_sm100_tensorop_gemm_bf16_bf16_f32_bf16_bf16_128x256x64_2x1x1_0_tnt_align8_stream_k_2sm_epi_tma,passed,success,universal,8192,7168,5120,bf16:row,bf16:column,bf16:row,bf16:row,1,0,serial,1,1,heuristic,invalid,invalid,false,false,1,tensorop,f32,128,256,64,2,1,1,2,1,1,8,4,1,1,128,256,16,100,110,274726912,601412861952,2189,0.410573,623.177,1.46481e+06
1,CUTLASS,gemm,cutlass3x_sm100_tensorop_gemm_bf16_bf16_f32_void_bf16_128x256x64_2x1x1_0_tnt_align8_2sm_epi_tma,passed,success,universal,8192,7168,5120,bf16:row,bf16:column,void:row,bf16:row,1,0,serial,1,1,heuristic,invalid,invalid,false,false,1,tensorop,f32,128,256,64,2,1,1,2,1,1,8,4,1,1,128,256,16,100,110,157286400,601412861952,3823,0.424058,345.435,1.41823e+06
1,CUTLASS,gemm,cutlass3x_sm100_tensorop_gemm_bf16_bf16_f32_void_bf16_128x256x64_2x1x1_0_tnt_align8_stream_k_2sm_epi_tma,passed,success,universal,8192,7168,5120,bf16:row,bf16:column,void:row,bf16:row,1,0,serial,1,1,heuristic,invalid,invalid,false,false,1,tensorop,f32,128,256,64,2,1,1,2,1,1,8,4,1,1,128,256,16,100,110,157286400,601412861952,3823,0.407162,359.77,1.47709e+06
1,CUTLASS,gemm,cutlass3x_sm100_tensorop_gemm_bf16_bf16_f32_bf16_bf16_128x256x64_2x2x1_0_tnt_align8_2sm_epi_tma,passed,success,universal,8192,7168,5120,bf16:row,bf16:column,bf16:row,bf16:row,1,0,serial,1,1,heuristic,invalid,invalid,false,false,1,tensorop,f32,128,256,64,2,2,1,2,1,1,8,4,1,1,128,256,16,100,110,274726912,601412861952,2189,0.422522,605.553,1.42339e+06
1,CUTLASS,gemm,cutlass3x_sm100_tensorop_gemm_bf16_bf16_f32_bf16_bf16_128x256x64_2x2x1_0_tnt_align8_stream_k_2sm_epi_tma,passed,success,universal,8192,7168,5120,bf16:row,bf16:column,bf16:row,bf16:row,1,0,serial,1,1,heuristic,invalid,invalid,false,false,1,tensorop,f32,128,256,64,2,2,1,2,1,1,8,4,1,1,128,256,16,100,110,274726912,601412861952,2189,0.390982,654.401,1.53821e+06
1,CUTLASS,gemm,cutlass3x_sm100_tensorop_gemm_bf16_bf16_f32_void_bf16_128x256x64_2x2x1_0_tnt_align8_2sm_epi_tma,passed,success,universal,8192,7168,5120,bf16:row,bf16:column,void:row,bf16:row,1,0,serial,1,1,heuristic,invalid,invalid,false,false,1,tensorop,f32,128,256,64,2,2,1,2,1,1,8,4,1,1,128,256,16,100,110,157286400,601412861952,3823,0.422723,346.526,1.42271e+06
1,CUTLASS,gemm,cutlass3x_sm100_tensorop_gemm_bf16_bf16_f32_void_bf16_128x256x64_2x2x1_0_tnt_align8_stream_k_2sm_epi_tma,passed,success,universal,8192,7168,5120,bf16:row,bf16:column,void:row,bf16:row,1,0,serial,1,1,heuristic,invalid,invalid,false,false,1,tensorop,f32,128,256,64,2,2,1,2,1,1,8,4,1,1,128,256,16,100,110,157286400,601412861952,3823,0.390499,375.121,1.54011e+06
1,CUTLASS,gemm,cutlass3x_sm100_tensorop_gemm_bf16_bf16_f32_bf16_bf16_128x256x64_4x1x1_0_tnt_align8_2sm_epi_tma,passed,success,universal,8192,7168,5120,bf16:row,bf16:column,bf16:row,bf16:row,1,0,serial,1,1,heuristic,invalid,invalid,false,false,1,tensorop,f32,128,256,64,4,1,1,2,1,1,8,4,1,1,128,256,16,100,110,274726912,601412861952,2189,0.378592,675.818,1.58855e+06
1,CUTLASS,gemm,cutlass3x_sm100_tensorop_gemm_bf16_bf16_f32_bf16_bf16_128x256x64_4x1x1_0_tnt_align8_stream_k_2sm_epi_tma,passed,success,universal,8192,7168,5120,bf16:row,bf16:column,bf16:row,bf16:row,1,0,serial,1,1,heuristic,invalid,invalid,false,false,1,tensorop,f32,128,256,64,4,1,1,2,1,1,8,4,1,1,128,256,16,100,110,274726912,601412861952,2189,0.39815,642.62,1.51052e+06
1,CUTLASS,gemm,cutlass3x_sm100_tensorop_gemm_bf16_bf16_f32_void_bf16_128x256x64_4x1x1_0_tnt_align8_2sm_epi_tma,passed,success,universal,8192,7168,5120,bf16:row,bf16:column,void:row,bf16:row,1,0,serial,1,1,heuristic,invalid,invalid,false,false,1,tensorop,f32,128,256,64,4,1,1,2,1,1,8,4,1,1,128,256,16,100,110,157286400,601412861952,3823,0.379718,385.771,1.58384e+06
1,CUTLASS,gemm,cutlass3x_sm100_tensorop_gemm_bf16_bf16_f32_void_bf16_128x256x64_4x1x1_0_tnt_align8_stream_k_2sm_epi_tma,passed,success,universal,8192,7168,5120,bf16:row,bf16:column,void:row,bf16:row,1,0,serial,1,1,heuristic,invalid,invalid,false,false,1,tensorop,f32,128,256,64,4,1,1,2,1,1,8,4,1,1,128,256,16,100,110,157286400,601412861952,3823,0.397949,368.099,1.51128e+06
1,CUTLASS,gemm,cutlass3x_sm100_tensorop_gemm_bf16_bf16_f32_bf16_bf16_128x256x64_2x4x1_0_tnt_align8_2sm_epi_tma,passed,success,universal,8192,7168,5120,bf16:row,bf16:column,bf16:row,bf16:row,1,0,serial,1,1,heuristic,invalid,invalid,false,false,1,tensorop,f32,128,256,64,2,4,1,2,1,1,8,4,1,1,128,256,16,100,110,274726912,601412861952,2189,0.450989,567.33,1.33354e+06
1,CUTLASS,gemm,cutlass3x_sm100_tensorop_gemm_bf16_bf16_f32_bf16_bf16_128x256x64_2x4x1_0_tnt_align8_stream_k_2sm_epi_tma,passed,success,universal,8192,7168,5120,bf16:row,bf16:column,bf16:row,bf16:row,1,0,serial,1,1,heuristic,invalid,invalid,false,false,1,tensorop,f32,128,256,64,2,4,1,2,1,1,8,4,1,1,128,256,16,100,110,274726912,601412861952,2189,0.407568,627.771,1.47561e+06
1,CUTLASS,gemm,cutlass3x_sm100_tensorop_gemm_bf16_bf16_f32_void_bf16_128x256x64_2x4x1_0_tnt_align8_2sm_epi_tma,passed,success,universal,8192,7168,5120,bf16:row,bf16:column,void:row,bf16:row,1,0,serial,1,1,heuristic,invalid,invalid,false,false,1,tensorop,f32,128,256,64,2,4,1,2,1,1,8,4,1,1,128,256,16,100,110,157286400,601412861952,3823,0.449555,325.843,1.3378e+06
1,CUTLASS,gemm,cutlass3x_sm100_tensorop_gemm_bf16_bf16_f32_void_bf16_128x256x64_2x4x1_0_tnt_align8_stream_k_2sm_epi_tma,passed,success,universal,8192,7168,5120,bf16:row,bf16:column,void:row,bf16:row,1,0,serial,1,1,heuristic,invalid,invalid,false,false,1,tensorop,f32,128,256,64,2,4,1,2,1,1,8,4,1,1,128,256,16,100,110,157286400,601412861952,3823,0.407469,359.498,1.47597e+06
1,CUTLASS,gemm,cutlass3x_sm100_tensorop_gemm_bf16_bf16_f32_bf16_bf16_128x256x64_4x2x1_0_tnt_align8_2sm_epi_tma,passed,success,universal,8192,7168,5120,bf16:row,bf16:column,bf16:row,bf16:row,1,0,serial,1,1,heuristic,invalid,invalid,false,false,1,tensorop,f32,128,256,64,4,2,1,2,1,1,8,4,1,1,128,256,16,100,110,274726912,601412861952,2189,0.390061,655.947,1.54184e+06
1,CUTLASS,gemm,cutlass3x_sm100_tensorop_gemm_bf16_bf16_f32_bf16_bf16_128x256x64_4x2x1_0_tnt_align8_stream_k_2sm_epi_tma,passed,success,universal,8192,7168,5120,bf16:row,bf16:column,bf16:row,bf16:row,1,0,serial,1,1,heuristic,invalid,invalid,false,false,1,tensorop,f32,128,256,64,4,2,1,2,1,1,8,4,1,1,128,256,16,100,110,274726912,601412861952,2189,0.414432,617.374,1.45117e+06
1,CUTLASS,gemm,cutlass3x_sm100_tensorop_gemm_bf16_bf16_f32_void_bf16_128x256x64_4x2x1_0_tnt_align8_2sm_epi_tma,passed,success,universal,8192,7168,5120,bf16:row,bf16:column,void:row,bf16:row,1,0,serial,1,1,heuristic,invalid,invalid,false,false,1,tensorop,f32,128,256,64,4,2,1,2,1,1,8,4,1,1,128,256,16,100,110,157286400,601412861952,3823,0.393747,372.026,1.52741e+06
1,CUTLASS,gemm,cutlass3x_sm100_tensorop_gemm_bf16_bf16_f32_void_bf16_128x256x64_4x2x1_0_tnt_align8_stream_k_2sm_epi_tma,passed,success,universal,8192,7168,5120,bf16:row,bf16:column,void:row,bf16:row,1,0,serial,1,1,heuristic,invalid,invalid,false,false,1,tensorop,f32,128,256,64,4,2,1,2,1,1,8,4,1,1,128,256,16,100,110,157286400,601412861952,3823,0.415254,352.758,1.4483e+06
1,CUTLASS,gemm,cutlass3x_sm100_tensorop_gemm_bf16_bf16_f32_bf16_bf16_128x256x64_4x4x1_0_tnt_align8_2sm_epi_tma,passed,success,universal,8192,7168,5120,bf16:row,bf16:column,bf16:row,bf16:row,1,0,serial,1,1,heuristic,invalid,invalid,false,false,1,tensorop,f32,128,256,64,4,4,1,2,1,1,8,4,1,1,128,256,16,100,110,274726912,601412861952,2189,0.394672,648.284,1.52383e+06
1,CUTLASS,gemm,cutlass3x_sm100_tensorop_gemm_bf16_bf16_f32_bf16_bf16_128x256x64_4x4x1_0_tnt_align8_stream_k_2sm_epi_tma,passed,success,universal,8192,7168,5120,bf16:row,bf16:column,bf16:row,bf16:row,1,0,serial,1,1,heuristic,invalid,invalid,false,false,1,tensorop,f32,128,256,64,4,4,1,2,1,1,8,4,1,1,128,256,16,100,110,274726912,601412861952,2189,0.42183,606.546,1.42572e+06
1,CUTLASS,gemm,cutlass3x_sm100_tensorop_gemm_bf16_bf16_f32_void_bf16_128x256x64_4x4x1_0_tnt_align8_2sm_epi_tma,passed,success,universal,8192,7168,5120,bf16:row,bf16:column,void:row,bf16:row,1,0,serial,1,1,heuristic,invalid,invalid,false,false,1,tensorop,f32,128,256,64,4,4,1,2,1,1,8,4,1,1,128,256,16,100,110,157286400,601412861952,3823,0.399478,366.689,1.5055e+06
1,CUTLASS,gemm,cutlass3x_sm100_tensorop_gemm_bf16_bf16_f32_void_bf16_128x256x64_4x4x1_0_tnt_align8_stream_k_2sm_epi_tma,passed,success,universal,8192,7168,5120,bf16:row,bf16:column,void:row,bf16:row,1,0,serial,1,1,heuristic,invalid,invalid,false,false,1,tensorop,f32,128,256,64,4,4,1,2,1,1,8,4,1,1,128,256,16,100,110,157286400,601412861952,3823,0.424774,344.852,1.41584e+06
1,CUTLASS,gemm,cutlass3x_sm100_tensorop_gemm_bf16_bf16_f32_f32_f32_256x128x64_0x0x1_0_tnt_align8_2sm,passed,success,universal,8192,7168,5120,bf16:row,bf16:column,f32:row,f32:row,1,0,serial,1,1,heuristic,invalid,invalid,false,false,1,tensorop,f32,256,128,64,2,1,1,2,1,1,8,4,1,1,256,128,16,100,110,392167424,601412861952,1533,0.461027,792.219,1.30451e+06
1,CUTLASS,gemm,cutlass3x_sm100_tensorop_gemm_bf16_bf16_f32_f32_f32_256x128x64_0x0x1_0_tnt_align8_stream_k_2sm,passed,success,universal,8192,7168,5120,bf16:row,bf16:column,f32:row,f32:row,1,0,serial,1,1,heuristic,invalid,invalid,false,false,1,tensorop,f32,256,128,64,2,1,1,2,1,1,8,4,1,1,256,128,16,100,110,392167424,601412861952,1533,0.462797,789.19,1.29952e+06
1,CUTLASS,gemm,cutlass3x_sm100_tensorop_gemm_bf16_bf16_f32_void_f32_256x128x64_0x0x1_0_tnt_align8_2sm,passed,success,universal,8192,7168,5120,bf16:row,bf16:column,void:row,f32:row,1,0,serial,1,1,heuristic,invalid,invalid,false,false,1,tensorop,f32,256,128,64,2,1,1,2,1,1,8,4,1,1,256,128,16,100,110,157286400,601412861952,3823,0.463584,315.982,1.29731e+06
1,CUTLASS,gemm,cutlass3x_sm100_tensorop_gemm_bf16_bf16_f32_void_f32_256x128x64_0x0x1_0_tnt_align8_stream_k_2sm,passed,success,universal,8192,7168,5120,bf16:row,bf16:column,void:row,f32:row,1,0,serial,1,1,heuristic,invalid,invalid,false,false,1,tensorop,f32,256,128,64,2,1,1,2,1,1,8,4,1,1,256,128,16,100,110,157286400,601412861952,3823,0.464739,315.197,1.29409e+06
1,CUTLASS,gemm,cutlass3x_sm100_tensorop_gemm_bf16_bf16_f32_f32_f32_256x128x64_2x1x1_0_tnt_align8_2sm,passed,success,universal,8192,7168,5120,bf16:row,bf16:column,f32:row,f32:row,1,0,serial,1,1,heuristic,invalid,invalid,false,false,1,tensorop,f32,256,128,64,2,1,1,2,1,1,8,4,1,1,256,128,16,100,110,392167424,601412861952,1533,0.461232,791.867,1.30393e+06
1,CUTLASS,gemm,cutlass3x_sm100_tensorop_gemm_bf16_bf16_f32_f32_f32_256x128x64_2x1x1_0_tnt_align8_stream_k_2sm,passed,success,universal,8192,7168,5120,bf16:row,bf16:column,f32:row,f32:row,1,0,serial,1,1,heuristic,invalid,invalid,false,false,1,tensorop,f32,256,128,64,2,1,1,2,1,1,8,4,1,1,256,128,16,100,110,392167424,601412861952,1533,0.463584,787.849,1.29731e+06
1,CUTLASS,gemm,cutlass3x_sm100_tensorop_gemm_bf16_bf16_f32_void_f32_256x128x64_2x1x1_0_tnt_align8_2sm,passed,success,universal,8192,7168,5120,bf16:row,bf16:column,void:row,f32:row,1,0,serial,1,1,heuristic,invalid,invalid,false,false,1,tensorop,f32,256,128,64,2,1,1,2,1,1,8,4,1,1,256,128,16,100,110,157286400,601412861952,3823,0.464224,315.547,1.29552e+06
1,CUTLASS,gemm,cutlass3x_sm100_tensorop_gemm_bf16_bf16_f32_void_f32_256x128x64_2x1x1_0_tnt_align8_stream_k_2sm,passed,success,universal,8192,7168,5120,bf16:row,bf16:column,void:row,f32:row,1,0,serial,1,1,heuristic,invalid,invalid,false,false,1,tensorop,f32,256,128,64,2,1,1,2,1,1,8,4,1,1,256,128,16,100,110,157286400,601412861952,3823,0.465629,314.595,1.29161e+06
1,CUTLASS,gemm,cutlass3x_sm100_tensorop_gemm_bf16_bf16_f32_f32_f32_256x128x64_2x2x1_0_tnt_align8_2sm,passed,success,universal,8192,7168,5120,bf16:row,bf16:column,f32:row,f32:row,1,0,serial,1,1,heuristic,invalid,invalid,false,false,1,tensorop,f32,256,128,64,2,2,1,2,1,1,8,4,1,1,256,128,16,100,110,392167424,601412861952,1533,0.397331,919.219,1.51363e+06
1,CUTLASS,gemm,cutlass3x_sm100_tensorop_gemm_bf16_bf16_f32_f32_f32_256x128x64_2x2x1_0_tnt_align8_stream_k_2sm,passed,success,universal,8192,7168,5120,bf16:row,bf16:column,f32:row,f32:row,1,0,serial,1,1,heuristic,invalid,invalid,false,false,1,tensorop,f32,256,128,64,2,2,1,2,1,1,8,4,1,1,256,128,16,100,110,392167424,601412861952,1533,0.424294,860.804,1.41744e+06
1,CUTLASS,gemm,cutlass3x_sm100_tensorop_gemm_bf16_bf16_f32_void_f32_256x128x64_2x2x1_0_tnt_align8_2sm,passed,success,universal,8192,7168,5120,bf16:row,bf16:column,void:row,f32:row,1,0,serial,1,1,heuristic,invalid,invalid,false,false,1,tensorop,f32,256,128,64,2,2,1,2,1,1,8,4,1,1,256,128,16,100,110,157286400,601412861952,3823,0.402451,363.98,1.49437e+06
1,CUTLASS,gemm,cutlass3x_sm100_tensorop_gemm_bf16_bf16_f32_void_f32_256x128x64_2x2x1_0_tnt_align8_stream_k_2sm,passed,success,universal,8192,7168,5120,bf16:row,bf16:column,void:row,f32:row,1,0,serial,1,1,heuristic,invalid,invalid,false,false,1,tensorop,f32,256,128,64,2,2,1,2,1,1,8,4,1,1,256,128,16,100,110,157286400,601412861952,3823,0.42511,344.58,1.41472e+06
1,CUTLASS,gemm,cutlass3x_sm100_tensorop_gemm_bf16_bf16_f32_f32_f32_256x128x64_4x1x1_0_tnt_align8_2sm,passed,success,universal,8192,7168,5120,bf16:row,bf16:column,f32:row,f32:row,1,0,serial,1,1,heuristic,invalid,invalid,false,false,1,tensorop,f32,256,128,64,4,1,1,2,1,1,8,4,1,1,256,128,16,100,110,392167424,601412861952,1533,0.470957,775.516,1.277e+06
1,CUTLASS,gemm,cutlass3x_sm100_tensorop_gemm_bf16_bf16_f32_f32_f32_256x128x64_4x1x1_0_tnt_align8_stream_k_2sm,passed,success,universal,8192,7168,5120,bf16:row,bf16:column,f32:row,f32:row,1,0,serial,1,1,heuristic,invalid,invalid,false,false,1,tensorop,f32,256,128,64,4,1,1,2,1,1,8,4,1,1,256,128,16,100,110,392167424,601412861952,1533,0.472803,772.487,1.27202e+06
1,CUTLASS,gemm,cutlass3x_sm100_tensorop_gemm_bf16_bf16_f32_void_f32_256x128x64_4x1x1_0_tnt_align8_2sm,passed,success,universal,8192,7168,5120,bf16:row,bf16:column,void:row,f32:row,1,0,serial,1,1,heuristic,invalid,invalid,false,false,1,tensorop,f32,256,128,64,4,1,1,2,1,1,8,4,1,1,256,128,16,100,110,157286400,601412861952,3823,0.474778,308.533,1.26673e+06
1,CUTLASS,gemm,cutlass3x_sm100_tensorop_gemm_bf16_bf16_f32_void_f32_256x128x64_4x1x1_0_tnt_align8_stream_k_2sm,passed,success,universal,8192,7168,5120,bf16:row,bf16:column,void:row,f32:row,1,0,serial,1,1,heuristic,invalid,invalid,false,false,1,tensorop,f32,256,128,64,4,1,1,2,1,1,8,4,1,1,256,128,16,100,110,157286400,601412861952,3823,0.474438,308.753,1.26763e+06
1,CUTLASS,gemm,cutlass3x_sm100_tensorop_gemm_bf16_bf16_f32_f32_f32_256x128x64_2x4x1_0_tnt_align8_2sm,passed,success,universal,8192,7168,5120,bf16:row,bf16:column,f32:row,f32:row,1,0,serial,1,1,heuristic,invalid,invalid,false,false,1,tensorop,f32,256,128,64,2,4,1,2,1,1,8,4,1,1,256,128,16,100,110,392167424,601412861952,1533,0.407264,896.8,1.47672e+06
1,CUTLASS,gemm,cutlass3x_sm100_tensorop_gemm_bf16_bf16_f32_f32_f32_256x128x64_2x4x1_0_tnt_align8_stream_k_2sm,passed,success,universal,8192,7168,5120,bf16:row,bf16:column,f32:row,f32:row,1,0,serial,1,1,heuristic,invalid,invalid,false,false,1,tensorop,f32,256,128,64,2,4,1,2,1,1,8,4,1,1,256,128,16,100,110,392167424,601412861952,1533,0.435731,838.21,1.38024e+06
1,CUTLASS,gemm,cutlass3x_sm100_tensorop_gemm_bf16_bf16_f32_void_f32_256x128x64_2x4x1_0_tnt_align8_2sm,passed,success,universal,8192,7168,5120,bf16:row,bf16:column,void:row,f32:row,1,0,serial,1,1,heuristic,invalid,invalid,false,false,1,tensorop,f32,256,128,64,2,4,1,2,1,1,8,4,1,1,256,128,16,100,110,157286400,601412861952,3823,0.41064,356.722,1.46457e+06
1,CUTLASS,gemm,cutlass3x_sm100_tensorop_gemm_bf16_bf16_f32_void_f32_256x128x64_2x4x1_0_tnt_align8_stream_k_2sm,passed,success,universal,8192,7168,5120,bf16:row,bf16:column,void:row,f32:row,1,0,serial,1,1,heuristic,invalid,invalid,false,false,1,tensorop,f32,256,128,64,2,4,1,2,1,1,8,4,1,1,256,128,16,100,110,157286400,601412861952,3823,0.438294,334.215,1.37217e+06
1,CUTLASS,gemm,cutlass3x_sm100_tensorop_gemm_bf16_bf16_f32_f32_f32_256x128x64_4x2x1_0_tnt_align8_2sm,passed,success,universal,8192,7168,5120,bf16:row,bf16:column,f32:row,f32:row,1,0,serial,1,1,heuristic,invalid,invalid,false,false,1,tensorop,f32,256,128,64,4,2,1,2,1,1,8,4,1,1,256,128,16,100,110,392167424,601412861952,1533,0.42744,854.469,1.40701e+06
1,CUTLASS,gemm,cutlass3x_sm100_tensorop_gemm_bf16_bf16_f32_f32_f32_256x128x64_4x2x1_0_tnt_align8_stream_k_2sm,passed,success,universal,8192,7168,5120,bf16:row,bf16:column,f32:row,f32:row,1,0,serial,1,1,heuristic,invalid,invalid,false,false,1,tensorop,f32,256,128,64,4,2,1,2,1,1,8,4,1,1,256,128,16,100,110,392167424,601412861952,1533,0.436346,837.03,1.37829e+06
1,CUTLASS,gemm,cutlass3x_sm100_tensorop_gemm_bf16_bf16_f32_void_f32_256x128x64_4x2x1_0_tnt_align8_2sm,passed,success,universal,8192,7168,5120,bf16:row,bf16:column,void:row,f32:row,1,0,serial,1,1,heuristic,invalid,invalid,false,false,1,tensorop,f32,256,128,64,4,2,1,2,1,1,8,4,1,1,256,128,16,100,110,157286400,601412861952,3823,0.43399,337.529,1.38577e+06
1,CUTLASS,gemm,cutlass3x_sm100_tensorop_gemm_bf16_bf16_f32_void_f32_256x128x64_4x2x1_0_tnt_align8_stream_k_2sm,passed,success,universal,8192,7168,5120,bf16:row,bf16:column,void:row,f32:row,1,0,serial,1,1,heuristic,invalid,invalid,false,false,1,tensorop,f32,256,128,64,4,2,1,2,1,1,8,4,1,1,256,128,16,100,110,157286400,601412861952,3823,0.435658,336.237,1.38047e+06
1,CUTLASS,gemm,cutlass3x_sm100_tensorop_gemm_bf16_bf16_f32_f32_f32_256x128x64_4x4x1_0_tnt_align8_2sm,passed,success,universal,8192,7168,5120,bf16:row,bf16:column,f32:row,f32:row,1,0,serial,1,1,heuristic,invalid,invalid,false,false,1,tensorop,f32,256,128,64,4,4,1,2,1,1,8,4,1,1,256,128,16,100,110,392167424,601412861952,1533,0.439725,830.598,1.3677e+06
1,CUTLASS,gemm,cutlass3x_sm100_tensorop_gemm_bf16_bf16_f32_f32_f32_256x128x64_4x4x1_0_tnt_align8_stream_k_2sm,passed,success,universal,8192,7168,5120,bf16:row,bf16:column,f32:row,f32:row,1,0,serial,1,1,heuristic,invalid,invalid,false,false,1,tensorop,f32,256,128,64,4,4,1,2,1,1,8,4,1,1,256,128,16,100,110,392167424,601412861952,1533,0.461334,791.691,1.30364e+06
1,CUTLASS,gemm,cutlass3x_sm100_tensorop_gemm_bf16_bf16_f32_void_f32_256x128x64_4x4x1_0_tnt_align8_2sm,passed,success,universal,8192,7168,5120,bf16:row,bf16:column,void:row,f32:row,1,0,serial,1,1,heuristic,invalid,invalid,false,false,1,tensorop,f32,256,128,64,4,4,1,2,1,1,8,4,1,1,256,128,16,100,110,157286400,601412861952,3823,0.446202,328.292,1.34785e+06
1,CUTLASS,gemm,cutlass3x_sm100_tensorop_gemm_bf16_bf16_f32_void_f32_256x128x64_4x4x1_0_tnt_align8_stream_k_2sm,passed,success,universal,8192,7168,5120,bf16:row,bf16:column,void:row,f32:row,1,0,serial,1,1,heuristic,invalid,invalid,false,false,1,tensorop,f32,256,128,64,4,4,1,2,1,1,8,4,1,1,256,128,16,100,110,157286400,601412861952,3823,0.465325,314.8,1.29246e+06
1,CUTLASS,gemm,cutlass3x_sm100_tensorop_gemm_bf16_bf16_f32_bf16_bf16_256x128x64_0x0x1_0_tnt_align8_2sm,passed,success,universal,8192,7168,5120,bf16:row,bf16:column,bf16:row,bf16:row,1,0,serial,1,1,heuristic,invalid,invalid,false,false,1,tensorop,f32,256,128,64,2,1,1,2,1,1,8,4,1,1,256,128,16,100,110,274726912,601412861952,2189,0.443715,576.63,1.3554e+06
1,CUTLASS,gemm,cutlass3x_sm100_tensorop_gemm_bf16_bf16_f32_bf16_bf16_256x128x64_0x0x1_0_tnt_align8_stream_k_2sm,passed,success,universal,8192,7168,5120,bf16:row,bf16:column,bf16:row,bf16:row,1,0,serial,1,1,heuristic,invalid,invalid,false,false,1,tensorop,f32,256,128,64,2,1,1,2,1,1,8,4,1,1,256,128,16,100,110,274726912,601412861952,2189,0.446278,573.318,1.34762e+06
1,CUTLASS,gemm,cutlass3x_sm100_tensorop_gemm_bf16_bf16_f32_void_bf16_256x128x64_0x0x1_0_tnt_align8_2sm,passed,success,universal,8192,7168,5120,bf16:row,bf16:column,void:row,bf16:row,1,0,serial,1,1,heuristic,invalid,invalid,false,false,1,tensorop,f32,256,128,64,2,1,1,2,1,1,8,4,1,1,256,128,16,100,110,157286400,601412861952,3823,0.444973,329.198,1.35157e+06
1,CUTLASS,gemm,cutlass3x_sm100_tensorop_gemm_bf16_bf16_f32_void_bf16_256x128x64_0x0x1_0_tnt_align8_stream_k_2sm,passed,success,universal,8192,7168,5120,bf16:row,bf16:column,void:row,bf16:row,1,0,serial,1,1,heuristic,invalid,invalid,false,false,1,tensorop,f32,256,128,64,2,1,1,2,1,1,8,4,1,1,256,128,16,100,110,157286400,601412861952,3823,0.445482,328.823,1.35003e+06
1,CUTLASS,gemm,cutlass3x_sm100_tensorop_gemm_bf16_bf16_f32_bf16_bf16_256x128x64_2x1x1_0_tnt_align8_2sm,passed,success,universal,8192,7168,5120,bf16:row,bf16:column,bf16:row,bf16:row,1,0,serial,1,1,heuristic,invalid,invalid,false,false,1,tensorop,f32,256,128,64,2,1,1,2,1,1,8,4,1,1,256,128,16,100,110,274726912,601412861952,2189,0.444464,575.658,1.35312e+06
1,CUTLASS,gemm,cutlass3x_sm100_tensorop_gemm_bf16_bf16_f32_bf16_bf16_256x128x64_2x1x1_0_tnt_align8_stream_k_2sm,passed,success,universal,8192,7168,5120,bf16:row,bf16:column,bf16:row,bf16:row,1,0,serial,1,1,heuristic,invalid,invalid,false,false,1,tensorop,f32,256,128,64,2,1,1,2,1,1,8,4,1,1,256,128,16,100,110,274726912,601412861952,2189,0.446384,573.182,1.3473e+06
1,CUTLASS,gemm,cutlass3x_sm100_tensorop_gemm_bf16_bf16_f32_void_bf16_256x128x64_2x1x1_0_tnt_align8_2sm,passed,success,universal,8192,7168,5120,bf16:row,bf16:column,void:row,bf16:row,1,0,serial,1,1,heuristic,invalid,invalid,false,false,1,tensorop,f32,256,128,64,2,1,1,2,1,1,8,4,1,1,256,128,16,100,110,157286400,601412861952,3823,0.444467,329.573,1.35311e+06
1,CUTLASS,gemm,cutlass3x_sm100_tensorop_gemm_bf16_bf16_f32_void_bf16_256x128x64_2x1x1_0_tnt_align8_stream_k_2sm,passed,success,universal,8192,7168,5120,bf16:row,bf16:column,void:row,bf16:row,1,0,serial,1,1,heuristic,invalid,invalid,false,false,1,tensorop,f32,256,128,64,2,1,1,2,1,1,8,4,1,1,256,128,16,100,110,157286400,601412861952,3823,0.445869,328.537,1.34886e+06
1,CUTLASS,gemm,cutlass3x_sm100_tensorop_gemm_bf16_bf16_f32_bf16_bf16_256x128x64_2x2x1_0_tnt_align8_2sm,passed,success,universal,8192,7168,5120,bf16:row,bf16:column,bf16:row,bf16:row,1,0,serial,1,1,heuristic,invalid,invalid,false,false,1,tensorop,f32,256,128,64,2,2,1,2,1,1,8,4,1,1,256,128,16,100,110,274726912,601412861952,2189,0.376262,680.003,1.59839e+06
1,CUTLASS,gemm,cutlass3x_sm100_tensorop_gemm_bf16_bf16_f32_bf16_bf16_256x128x64_2x2x1_0_tnt_align8_stream_k_2sm,passed,success,universal,8192,7168,5120,bf16:row,bf16:column,bf16:row,bf16:row,1,0,serial,1,1,heuristic,invalid,invalid,false,false,1,tensorop,f32,256,128,64,2,2,1,2,1,1,8,4,1,1,256,128,16,100,110,274726912,601412861952,2189,0.396624,645.093,1.51633e+06
1,CUTLASS,gemm,cutlass3x_sm100_tensorop_gemm_bf16_bf16_f32_void_bf16_256x128x64_2x2x1_0_tnt_align8_2sm,passed,success,universal,8192,7168,5120,bf16:row,bf16:column,void:row,bf16:row,1,0,serial,1,1,heuristic,invalid,invalid,false,false,1,tensorop,f32,256,128,64,2,2,1,2,1,1,8,4,1,1,256,128,16,100,110,157286400,601412861952,3823,0.37624,389.338,1.59848e+06
1,CUTLASS,gemm,cutlass3x_sm100_tensorop_gemm_bf16_bf16_f32_void_bf16_256x128x64_2x2x1_0_tnt_align8_stream_k_2sm,passed,success,universal,8192,7168,5120,bf16:row,bf16:column,void:row,bf16:row,1,0,serial,1,1,heuristic,invalid,invalid,false,false,1,tensorop,f32,256,128,64,2,2,1,2,1,1,8,4,1,1,256,128,16,100,110,157286400,601412861952,3823,0.394051,371.739,1.52623e+06
1,CUTLASS,gemm,cutlass3x_sm100_tensorop_gemm_bf16_bf16_f32_bf16_bf16_256x128x64_4x1x1_0_tnt_align8_2sm,passed,success,universal,8192,7168,5120,bf16:row,bf16:column,bf16:row,bf16:row,1,0,serial,1,1,heuristic,invalid,invalid,false,false,1,tensorop,f32,256,128,64,4,1,1,2,1,1,8,4,1,1,256,128,16,100,110,274726912,601412861952,2189,0.452218,565.788,1.32992e+06
1,CUTLASS,gemm,cutlass3x_sm100_tensorop_gemm_bf16_bf16_f32_bf16_bf16_256x128x64_4x1x1_0_tnt_align8_stream_k_2sm,passed,success,universal,8192,7168,5120,bf16:row,bf16:column,bf16:row,bf16:row,1,0,serial,1,1,heuristic,invalid,invalid,false,false,1,tensorop,f32,256,128,64,4,1,1,2,1,1,8,4,1,1,256,128,16,100,110,274726912,601412861952,2189,0.452214,565.792,1.32993e+06
1,CUTLASS,gemm,cutlass3x_sm100_tensorop_gemm_bf16_bf16_f32_void_bf16_256x128x64_4x1x1_0_tnt_align8_2sm,passed,success,universal,8192,7168,5120,bf16:row,bf16:column,void:row,bf16:row,1,0,serial,1,1,heuristic,invalid,invalid,false,false,1,tensorop,f32,256,128,64,4,1,1,2,1,1,8,4,1,1,256,128,16,100,110,157286400,601412861952,3823,0.45345,323.044,1.32631e+06
1,CUTLASS,gemm,cutlass3x_sm100_tensorop_gemm_bf16_bf16_f32_void_bf16_256x128x64_4x1x1_0_tnt_align8_stream_k_2sm,passed,success,universal,8192,7168,5120,bf16:row,bf16:column,void:row,bf16:row,1,0,serial,1,1,heuristic,invalid,invalid,false,false,1,tensorop,f32,256,128,64,4,1,1,2,1,1,8,4,1,1,256,128,16,100,110,157286400,601412861952,3823,0.452934,323.412,1.32781e+06
1,CUTLASS,gemm,cutlass3x_sm100_tensorop_gemm_bf16_bf16_f32_bf16_bf16_256x128x64_2x4x1_0_tnt_align8_2sm,passed,success,universal,8192,7168,5120,bf16:row,bf16:column,bf16:row,bf16:row,1,0,serial,1,1,heuristic,invalid,invalid,false,false,1,tensorop,f32,256,128,64,2,4,1,2,1,1,8,4,1,1,256,128,16,100,110,274726912,601412861952,2189,0.387091,660.98,1.55367e+06
1,CUTLASS,gemm,cutlass3x_sm100_tensorop_gemm_bf16_bf16_f32_bf16_bf16_256x128x64_2x4x1_0_tnt_align8_stream_k_2sm,passed,success,universal,8192,7168,5120,bf16:row,bf16:column,bf16:row,bf16:row,1,0,serial,1,1,heuristic,invalid,invalid,false,false,1,tensorop,f32,256,128,64,2,4,1,2,1,1,8,4,1,1,256,128,16,100,110,274726912,601412861952,2189,0.410262,623.648,1.46592e+06
1,CUTLASS,gemm,cutlass3x_sm100_tensorop_gemm_bf16_bf16_f32_void_bf16_256x128x64_2x4x1_0_tnt_align8_2sm,passed,success,universal,8192,7168,5120,bf16:row,bf16:column,void:row,bf16:row,1,0,serial,1,1,heuristic,invalid,invalid,false,false,1,tensorop,f32,256,128,64,2,4,1,2,1,1,8,4,1,1,256,128,16,100,110,157286400,601412861952,3823,0.383917,381.552,1.56652e+06
1,CUTLASS,gemm,cutlass3x_sm100_tensorop_gemm_bf16_bf16_f32_void_bf16_256x128x64_2x4x1_0_tnt_align8_stream_k_2sm,passed,success,universal,8192,7168,5120,bf16:row,bf16:column,void:row,bf16:row,1,0,serial,1,1,heuristic,invalid,invalid,false,false,1,tensorop,f32,256,128,64,2,4,1,2,1,1,8,4,1,1,256,128,16,100,110,157286400,601412861952,3823,0.411875,355.652,1.46018e+06
1,CUTLASS,gemm,cutlass3x_sm100_tensorop_gemm_bf16_bf16_f32_bf16_bf16_256x128x64_4x2x1_0_tnt_align8_2sm,passed,success,universal,8192,7168,5120,bf16:row,bf16:column,bf16:row,bf16:row,1,0,serial,1,1,heuristic,invalid,invalid,false,false,1,tensorop,f32,256,128,64,4,2,1,2,1,1,8,4,1,1,256,128,16,100,110,274726912,601412861952,2189,0.40327,634.461,1.49134e+06
1,CUTLASS,gemm,cutlass3x_sm100_tensorop_gemm_bf16_bf16_f32_bf16_bf16_256x128x64_4x2x1_0_tnt_align8_stream_k_2sm,passed,success,universal,8192,7168,5120,bf16:row,bf16:column,bf16:row,bf16:row,1,0,serial,1,1,heuristic,invalid,invalid,false,false,1,tensorop,f32,256,128,64,4,2,1,2,1,1,8,4,1,1,256,128,16,100,110,274726912,601412861952,2189,0.407267,628.235,1.4767e+06
1,CUTLASS,gemm,cutlass3x_sm100_tensorop_gemm_bf16_bf16_f32_void_bf16_256x128x64_4x2x1_0_tnt_align8_2sm,passed,success,universal,8192,7168,5120,bf16:row,bf16:column,void:row,bf16:row,1,0,serial,1,1,heuristic,invalid,invalid,false,false,1,tensorop,f32,256,128,64,4,2,1,2,1,1,8,4,1,1,256,128,16,100,110,157286400,601412861952,3823,0.403782,362.78,1.48945e+06
1,CUTLASS,gemm,cutlass3x_sm100_tensorop_gemm_bf16_bf16_f32_void_bf16_256x128x64_4x2x1_0_tnt_align8_stream_k_2sm,passed,success,universal,8192,7168,5120,bf16:row,bf16:column,void:row,bf16:row,1,0,serial,1,1,heuristic,invalid,invalid,false,false,1,tensorop,f32,256,128,64,4,2,1,2,1,1,8,4,1,1,256,128,16,100,110,157286400,601412861952,3823,0.407875,359.14,1.4745e+06
1,CUTLASS,gemm,cutlass3x_sm100_tensorop_gemm_bf16_bf16_f32_bf16_bf16_256x128x64_4x4x1_0_tnt_align8_2sm,passed,success,universal,8192,7168,5120,bf16:row,bf16:column,bf16:row,bf16:row,1,0,serial,1,1,heuristic,invalid,invalid,false,false,1,tensorop,f32,256,128,64,4,4,1,2,1,1,8,4,1,1,256,128,16,100,110,274726912,601412861952,2189,0.409312,625.096,1.46933e+06
1,CUTLASS,gemm,cutlass3x_sm100_tensorop_gemm_bf16_bf16_f32_bf16_bf16_256x128x64_4x4x1_0_tnt_align8_stream_k_2sm,passed,success,universal,8192,7168,5120,bf16:row,bf16:column,bf16:row,bf16:row,1,0,serial,1,1,heuristic,invalid,invalid,false,false,1,tensorop,f32,256,128,64,4,4,1,2,1,1,8,4,1,1,256,128,16,100,110,274726912,601412861952,2189,0.436038,586.782,1.37927e+06
1,CUTLASS,gemm,cutlass3x_sm100_tensorop_gemm_bf16_bf16_f32_void_bf16_256x128x64_4x4x1_0_tnt_align8_2sm,passed,success,universal,8192,7168,5120,bf16:row,bf16:column,void:row,bf16:row,1,0,serial,1,1,heuristic,invalid,invalid,false,false,1,tensorop,f32,256,128,64,4,4,1,2,1,1,8,4,1,1,256,128,16,100,110,157286400,601412861952,3823,0.411158,356.272,1.46273e+06
1,CUTLASS,gemm,cutlass3x_sm100_tensorop_gemm_bf16_bf16_f32_void_bf16_256x128x64_4x4x1_0_tnt_align8_stream_k_2sm,passed,success,universal,8192,7168,5120,bf16:row,bf16:column,void:row,bf16:row,1,0,serial,1,1,heuristic,invalid,invalid,false,false,1,tensorop,f32,256,128,64,4,4,1,2,1,1,8,4,1,1,256,128,16,100,110,157286400,601412861952,3823,0.43832,334.195,1.37209e+06
1,CUTLASS,gemm,cutlass3x_sm100_tensorop_gemm_bf16_bf16_f32_f32_f32_256x256x64_0x0x1_0_tnt_align8_2sm,passed,success,universal,8192,7168,5120,bf16:row,bf16:column,f32:row,f32:row,1,0,serial,1,1,heuristic,invalid,invalid,false,false,1,tensorop,f32,256,256,64,2,1,1,2,1,1,5,4,1,1,256,256,16,100,110,392167424,601412861952,1533,0.374909,974.195,1.60416e+06
1,CUTLASS,gemm,cutlass3x_sm100_tensorop_gemm_bf16_bf16_f32_f32_f32_256x256x64_0x0x1_0_tnt_align8_stream_k_2sm,passed,success,universal,8192,7168,5120,bf16:row,bf16:column,f32:row,f32:row,1,0,serial,1,1,heuristic,invalid,invalid,false,false,1,tensorop,f32,256,256,64,2,1,1,2,1,1,5,4,1,1,256,256,16,100,110,392167424,601412861952,1533,0.380154,960.755,1.58203e+06
1,CUTLASS,gemm,cutlass3x_sm100_tensorop_gemm_bf16_bf16_f32_void_f32_256x256x64_0x0x1_0_tnt_align8_2sm,passed,success,universal,8192,7168,5120,bf16:row,bf16:column,void:row,f32:row,1,0,serial,1,1,heuristic,invalid,invalid,false,false,1,tensorop,f32,256,256,64,2,1,1,2,1,1,6,4,1,1,256,256,16,100,110,157286400,601412861952,3823,0.370125,395.77,1.62489e+06
1,CUTLASS,gemm,cutlass3x_sm100_tensorop_gemm_bf16_bf16_f32_void_f32_256x256x64_0x0x1_0_tnt_align8_stream_k_2sm,passed,success,universal,8192,7168,5120,bf16:row,bf16:column,void:row,f32:row,1,0,serial,1,1,heuristic,invalid,invalid,false,false,1,tensorop,f32,256,256,64,2,1,1,2,1,1,6,4,1,1,256,256,16,100,110,157286400,601412861952,3823,0.376138,389.444,1.59892e+06
1,CUTLASS,gemm,cutlass3x_sm100_tensorop_gemm_bf16_bf16_f32_f32_f32_256x256x64_2x1x1_0_tnt_align8_2sm,passed,success,universal,8192,7168,5120,bf16:row,bf16:column,f32:row,f32:row,1,0,serial,1,1,heuristic,invalid,invalid,false,false,1,tensorop,f32,256,256,64,2,1,1,2,1,1,5,4,1,1,256,256,16,100,110,392167424,601412861952,1533,0.375213,973.406,1.60286e+06
1,CUTLASS,gemm,cutlass3x_sm100_tensorop_gemm_bf16_bf16_f32_f32_f32_256x256x64_2x1x1_0_tnt_align8_stream_k_2sm,passed,success,universal,8192,7168,5120,bf16:row,bf16:column,f32:row,f32:row,1,0,serial,1,1,heuristic,invalid,invalid,false,false,1,tensorop,f32,256,256,64,2,1,1,2,1,1,5,4,1,1,256,256,16,100,110,392167424,601412861952,1533,0.379818,961.605,1.58343e+06
1,CUTLASS,gemm,cutlass3x_sm100_tensorop_gemm_bf16_bf16_f32_void_f32_256x256x64_2x1x1_0_tnt_align8_2sm,passed,success,universal,8192,7168,5120,bf16:row,bf16:column,void:row,f32:row,1,0,serial,1,1,heuristic,invalid,invalid,false,false,1,tensorop,f32,256,256,64,2,1,1,2,1,1,6,4,1,1,256,256,16,100,110,157286400,601412861952,3823,0.371222,394.6,1.62009e+06
1,CUTLASS,gemm,cutlass3x_sm100_tensorop_gemm_bf16_bf16_f32_void_f32_256x256x64_2x1x1_0_tnt_align8_stream_k_2sm,passed,success,universal,8192,7168,5120,bf16:row,bf16:column,void:row,f32:row,1,0,serial,1,1,heuristic,invalid,invalid,false,false,1,tensorop,f32,256,256,64,2,1,1,2,1,1,6,4,1,1,256,256,16,100,110,157286400,601412861952,3823,0.375722,389.875,1.60069e+06
1,CUTLASS,gemm,cutlass3x_sm100_tensorop_gemm_bf16_bf16_f32_f32_f32_256x256x64_2x2x1_0_tnt_align8_2sm,passed,success,universal,8192,7168,5120,bf16:row,bf16:column,f32:row,f32:row,1,0,serial,1,1,heuristic,invalid,invalid,false,false,1,tensorop,f32,256,256,64,2,2,1,2,1,1,5,4,1,1,256,256,16,100,110,392167424,601412861952,1533,0.383098,953.372,1.56987e+06
1,CUTLASS,gemm,cutlass3x_sm100_tensorop_gemm_bf16_bf16_f32_f32_f32_256x256x64_2x2x1_0_tnt_align8_stream_k_2sm,passed,success,universal,8192,7168,5120,bf16:row,bf16:column,f32:row,f32:row,1,0,serial,1,1,heuristic,invalid,invalid,false,false,1,tensorop,f32,256,256,64,2,2,1,2,1,1,5,4,1,1,256,256,16,100,110,392167424,601412861952,1533,0.383098,953.372,1.56987e+06
1,CUTLASS,gemm,cutlass3x_sm100_tensorop_gemm_bf16_bf16_f32_void_f32_256x256x64_2x2x1_0_tnt_align8_2sm,passed,success,universal,8192,7168,5120,bf16:row,bf16:column,void:row,f32:row,1,0,serial,1,1,heuristic,invalid,invalid,false,false,1,tensorop,f32,256,256,64,2,2,1,2,1,1,6,4,1,1,256,256,16,100,110,157286400,601412861952,3823,0.376749,388.812,1.59632e+06
1,CUTLASS,gemm,cutlass3x_sm100_tensorop_gemm_bf16_bf16_f32_void_f32_256x256x64_2x2x1_0_tnt_align8_stream_k_2sm,passed,success,universal,8192,7168,5120,bf16:row,bf16:column,void:row,f32:row,1,0,serial,1,1,heuristic,invalid,invalid,false,false,1,tensorop,f32,256,256,64,2,2,1,2,1,1,6,4,1,1,256,256,16,100,110,157286400,601412861952,3823,0.373776,391.904,1.60902e+06
1,CUTLASS,gemm,cutlass3x_sm100_tensorop_gemm_bf16_bf16_f32_f32_f32_256x256x64_4x1x1_0_tnt_align8_2sm,passed,success,universal,8192,7168,5120,bf16:row,bf16:column,f32:row,f32:row,1,0,serial,1,1,heuristic,invalid,invalid,false,false,1,tensorop,f32,256,256,64,4,1,1,2,1,1,5,4,1,1,256,256,16,100,110,392167424,601412861952,1533,0.392339,930.915,1.53289e+06
1,CUTLASS,gemm,cutlass3x_sm100_tensorop_gemm_bf16_bf16_f32_f32_f32_256x256x64_4x1x1_0_tnt_align8_stream_k_2sm,passed,success,universal,8192,7168,5120,bf16:row,bf16:column,f32:row,f32:row,1,0,serial,1,1,heuristic,invalid,invalid,false,false,1,tensorop,f32,256,256,64,4,1,1,2,1,1,5,4,1,1,256,256,16,100,110,392167424,601412861952,1533,0.391312,933.358,1.53691e+06
1,CUTLASS,gemm,cutlass3x_sm100_tensorop_gemm_bf16_bf16_f32_void_f32_256x256x64_4x1x1_0_tnt_align8_2sm,passed,success,universal,8192,7168,5120,bf16:row,bf16:column,void:row,f32:row,1,0,serial,1,1,heuristic,invalid,invalid,false,false,1,tensorop,f32,256,256,64,4,1,1,2,1,1,6,4,1,1,256,256,16,100,110,157286400,601412861952,3823,0.383094,382.371,1.56988e+06
1,CUTLASS,gemm,cutlass3x_sm100_tensorop_gemm_bf16_bf16_f32_void_f32_256x256x64_4x1x1_0_tnt_align8_stream_k_2sm,passed,success,universal,8192,7168,5120,bf16:row,bf16:column,void:row,f32:row,1,0,serial,1,1,heuristic,invalid,invalid,false,false,1,tensorop,f32,256,256,64,4,1,1,2,1,1,6,4,1,1,256,256,16,100,110,157286400,601412861952,3823,0.383226,382.241,1.56934e+06
1,CUTLASS,gemm,cutlass3x_sm100_tensorop_gemm_bf16_bf16_f32_f32_f32_256x256x64_2x4x1_0_tnt_align8_2sm,passed,success,universal,8192,7168,5120,bf16:row,bf16:column,f32:row,f32:row,1,0,serial,1,1,heuristic,invalid,invalid,false,false,1,tensorop,f32,256,256,64,2,4,1,2,1,1,5,4,1,1,256,256,16,100,110,392167424,601412861952,1533,0.409312,892.313,1.46933e+06
1,CUTLASS,gemm,cutlass3x_sm100_tensorop_gemm_bf16_bf16_f32_f32_f32_256x256x64_2x4x1_0_tnt_align8_stream_k_2sm,passed,success,universal,8192,7168,5120,bf16:row,bf16:column,f32:row,f32:row,1,0,serial,1,1,heuristic,invalid,invalid,false,false,1,tensorop,f32,256,256,64,2,4,1,2,1,1,5,4,1,1,256,256,16,100,110,392167424,601412861952,1533,0.383712,951.845,1.56735e+06
1,CUTLASS,gemm,cutlass3x_sm100_tensorop_gemm_bf16_bf16_f32_void_f32_256x256x64_2x4x1_0_tnt_align8_2sm,passed,success,universal,8192,7168,5120,bf16:row,bf16:column,void:row,f32:row,1,0,serial,1,1,heuristic,invalid,invalid,false,false,1,tensorop,f32,256,256,64,2,4,1,2,1,1,6,4,1,1,256,256,16,100,110,157286400,601412861952,3823,0.395594,370.29,1.52028e+06
1,CUTLASS,gemm,cutlass3x_sm100_tensorop_gemm_bf16_bf16_f32_void_f32_256x256x64_2x4x1_0_tnt_align8_stream_k_2sm,passed,success,universal,8192,7168,5120,bf16:row,bf16:column,void:row,f32:row,1,0,serial,1,1,heuristic,invalid,invalid,false,false,1,tensorop,f32,256,256,64,2,4,1,2,1,1,6,4,1,1,256,256,16,100,110,157286400,601412861952,3823,0.372547,393.197,1.61433e+06
1,CUTLASS,gemm,cutlass3x_sm100_tensorop_gemm_bf16_bf16_f32_f32_f32_256x256x64_4x2x1_0_tnt_align8_2sm,passed,success,universal,8192,7168,5120,bf16:row,bf16:column,f32:row,f32:row,1,0,serial,1,1,heuristic,invalid,invalid,false,false,1,tensorop,f32,256,256,64,4,2,1,2,1,1,5,4,1,1,256,256,16,100,110,392167424,601412861952,1533,0.396237,921.758,1.51781e+06
1,CUTLASS,gemm,cutlass3x_sm100_tensorop_gemm_bf16_bf16_f32_f32_f32_256x256x64_4x2x1_0_tnt_align8_stream_k_2sm,passed,success,universal,8192,7168,5120,bf16:row,bf16:column,f32:row,f32:row,1,0,serial,1,1,heuristic,invalid,invalid,false,false,1,tensorop,f32,256,256,64,4,2,1,2,1,1,5,4,1,1,256,256,16,100,110,392167424,601412861952,1533,0.405523,900.65,1.48305e+06
1,CUTLASS,gemm,cutlass3x_sm100_tensorop_gemm_bf16_bf16_f32_void_f32_256x256x64_4x2x1_0_tnt_align8_2sm,passed,success,universal,8192,7168,5120,bf16:row,bf16:column,void:row,f32:row,1,0,serial,1,1,heuristic,invalid,invalid,false,false,1,tensorop,f32,256,256,64,4,2,1,2,1,1,6,4,1,1,256,256,16,100,110,157286400,601412861952,3823,0.380333,385.148,1.58128e+06
1,CUTLASS,gemm,cutlass3x_sm100_tensorop_gemm_bf16_bf16_f32_void_f32_256x256x64_4x2x1_0_tnt_align8_stream_k_2sm,passed,success,universal,8192,7168,5120,bf16:row,bf16:column,void:row,f32:row,1,0,serial,1,1,heuristic,invalid,invalid,false,false,1,tensorop,f32,256,256,64,4,2,1,2,1,1,6,4,1,1,256,256,16,100,110,157286400,601412861952,3823,0.387811,377.721,1.55079e+06
1,CUTLASS,gemm,cutlass3x_sm100_tensorop_gemm_bf16_bf16_f32_f32_f32_256x256x64_4x4x1_0_tnt_align8_2sm,passed,success,universal,8192,7168,5120,bf16:row,bf16:column,f32:row,f32:row,1,0,serial,1,1,heuristic,invalid,invalid,false,false,1,tensorop,f32,256,256,64,4,4,1,2,1,1,5,4,1,1,256,256,16,100,110,392167424,601412861952,1533,0.400122,912.808,1.50308e+06
1,CUTLASS,gemm,cutlass3x_sm100_tensorop_gemm_bf16_bf16_f32_f32_f32_256x256x64_4x4x1_0_tnt_align8_stream_k_2sm,passed,success,universal,8192,7168,5120,bf16:row,bf16:column,f32:row,f32:row,1,0,serial,1,1,heuristic,invalid,invalid,false,false,1,tensorop,f32,256,256,64,4,4,1,2,1,1,5,4,1,1,256,256,16,100,110,392167424,601412861952,1533,0.401734,909.144,1.49704e+06
1,CUTLASS,gemm,cutlass3x_sm100_tensorop_gemm_bf16_bf16_f32_void_f32_256x256x64_4x4x1_0_tnt_align8_2sm,passed,success,universal,8192,7168,5120,bf16:row,bf16:column,void:row,f32:row,1,0,serial,1,1,heuristic,invalid,invalid,false,false,1,tensorop,f32,256,256,64,4,4,1,2,1,1,6,4,1,1,256,256,16,100,110,157286400,601412861952,3823,0.378083,387.44,1.59069e+06
1,CUTLASS,gemm,cutlass3x_sm100_tensorop_gemm_bf16_bf16_f32_void_f32_256x256x64_4x4x1_0_tnt_align8_stream_k_2sm,passed,success,universal,8192,7168,5120,bf16:row,bf16:column,void:row,f32:row,1,0,serial,1,1,heuristic,invalid,invalid,false,false,1,tensorop,f32,256,256,64,4,4,1,2,1,1,6,4,1,1,256,256,16,100,110,157286400,601412861952,3823,0.378179,387.341,1.59029e+06
1,CUTLASS,gemm,cutlass3x_sm100_tensorop_gemm_bf16_bf16_f32_bf16_bf16_256x256x64_0x0x1_0_tnt_align8_2sm,passed,success,universal,8192,7168,5120,bf16:row,bf16:column,bf16:row,bf16:row,1,0,serial,1,1,heuristic,invalid,invalid,false,false,1,tensorop,f32,256,256,64,2,1,1,2,1,1,5,4,1,1,256,256,16,100,110,274726912,601412861952,2189,0.364179,702.564,1.65142e+06
1,CUTLASS,gemm,cutlass3x_sm100_tensorop_gemm_bf16_bf16_f32_bf16_bf16_256x256x64_0x0x1_0_tnt_align8_stream_k_2sm,passed,success,universal,8192,7168,5120,bf16:row,bf16:column,bf16:row,bf16:row,1,0,serial,1,1,heuristic,invalid,invalid,false,false,1,tensorop,f32,256,256,64,2,1,1,2,1,1,5,4,1,1,256,256,16,100,110,274726912,601412861952,2189,0.369302,692.818,1.62851e+06
1,CUTLASS,gemm,cutlass3x_sm100_tensorop_gemm_bf16_bf16_f32_void_bf16_256x256x64_0x0x1_0_tnt_align8_2sm,passed,success,universal,8192,7168,5120,bf16:row,bf16:column,void:row,bf16:row,1,0,serial,1,1,heuristic,invalid,invalid,false,false,1,tensorop,f32,256,256,64,2,1,1,2,1,1,6,4,1,1,256,256,16,100,110,157286400,601412861952,3823,0.362134,404.503,1.66074e+06
1,CUTLASS,gemm,cutlass3x_sm100_tensorop_gemm_bf16_bf16_f32_void_bf16_256x256x64_0x0x1_0_tnt_align8_stream_k_2sm,passed,success,universal,8192,7168,5120,bf16:row,bf16:column,void:row,bf16:row,1,0,serial,1,1,heuristic,invalid,invalid,false,false,1,tensorop,f32,256,256,64,2,1,1,2,1,1,6,4,1,1,256,256,16,100,110,157286400,601412861952,3823,0.366819,399.337,1.63953e+06
1,CUTLASS,gemm,cutlass3x_sm100_tensorop_gemm_bf16_bf16_f32_bf16_bf16_256x256x64_2x1x1_0_tnt_align8_2sm,passed,success,universal,8192,7168,5120,bf16:row,bf16:column,bf16:row,bf16:row,1,0,serial,1,1,heuristic,invalid,invalid,false,false,1,tensorop,f32,256,256,64,2,1,1,2,1,1,5,4,1,1,256,256,16,100,110,274726912,601412861952,2189,0.364285,702.361,1.65094e+06
1,CUTLASS,gemm,cutlass3x_sm100_tensorop_gemm_bf16_bf16_f32_bf16_bf16_256x256x64_2x1x1_0_tnt_align8_stream_k_2sm,passed,success,universal,8192,7168,5120,bf16:row,bf16:column,bf16:row,bf16:row,1,0,serial,1,1,heuristic,invalid,invalid,false,false,1,tensorop,f32,256,256,64,2,1,1,2,1,1,5,4,1,1,256,256,16,100,110,274726912,601412861952,2189,0.36856,694.214,1.63179e+06
1,CUTLASS,gemm,cutlass3x_sm100_tensorop_gemm_bf16_bf16_f32_void_bf16_256x256x64_2x1x1_0_tnt_align8_2sm,passed,success,universal,8192,7168,5120,bf16:row,bf16:column,void:row,bf16:row,1,0,serial,1,1,heuristic,invalid,invalid,false,false,1,tensorop,f32,256,256,64,2,1,1,2,1,1,6,4,1,1,256,256,16,100,110,157286400,601412861952,3823,0.361002,405.772,1.66596e+06
1,CUTLASS,gemm,cutlass3x_sm100_tensorop_gemm_bf16_bf16_f32_void_bf16_256x256x64_2x1x1_0_tnt_align8_stream_k_2sm,passed,success,universal,8192,7168,5120,bf16:row,bf16:column,void:row,bf16:row,1,0,serial,1,1,heuristic,invalid,invalid,false,false,1,tensorop,f32,256,256,64,2,1,1,2,1,1,6,4,1,1,256,256,16,100,110,157286400,601412861952,3823,0.36569,400.57,1.6446e+06
1,CUTLASS,gemm,cutlass3x_sm100_tensorop_gemm_bf16_bf16_f32_bf16_bf16_256x256x64_2x2x1_0_tnt_align8_2sm,passed,success,universal,8192,7168,5120,bf16:row,bf16:column,bf16:row,bf16:row,1,0,serial,1,1,heuristic,invalid,invalid,false,false,1,tensorop,f32,256,256,64,2,2,1,2,1,1,5,4,1,1,256,256,16,100,110,274726912,601412861952,2189,0.369072,693.251,1.62953e+06
1,CUTLASS,gemm,cutlass3x_sm100_tensorop_gemm_bf16_bf16_f32_bf16_bf16_256x256x64_2x2x1_0_tnt_align8_stream_k_2sm,passed,success,universal,8192,7168,5120,bf16:row,bf16:column,bf16:row,bf16:row,1,0,serial,1,1,heuristic,invalid,invalid,false,false,1,tensorop,f32,256,256,64,2,2,1,2,1,1,5,4,1,1,256,256,16,100,110,274726912,601412861952,2189,0.365997,699.075,1.64322e+06
1,CUTLASS,gemm,cutlass3x_sm100_tensorop_gemm_bf16_bf16_f32_void_bf16_256x256x64_2x2x1_0_tnt_align8_2sm,passed,success,universal,8192,7168,5120,bf16:row,bf16:column,void:row,bf16:row,1,0,serial,1,1,heuristic,invalid,invalid,false,false,1,tensorop,f32,256,256,64,2,2,1,2,1,1,6,4,1,1,256,256,16,100,110,157286400,601412861952,3823,0.365104,401.213,1.64724e+06
1,CUTLASS,gemm,cutlass3x_sm100_tensorop_gemm_bf16_bf16_f32_void_bf16_256x256x64_2x2x1_0_tnt_align8_stream_k_2sm,passed,success,universal,8192,7168,5120,bf16:row,bf16:column,void:row,bf16:row,1,0,serial,1,1,heuristic,invalid,invalid,false,false,1,tensorop,f32,256,256,64,2,2,1,2,1,1,6,4,1,1,256,256,16,100,110,157286400,601412861952,3823,0.359165,407.847,1.67448e+06
1,CUTLASS,gemm,cutlass3x_sm100_tensorop_gemm_bf16_bf16_f32_bf16_bf16_256x256x64_4x1x1_0_tnt_align8_2sm,passed,success,universal,8192,7168,5120,bf16:row,bf16:column,bf16:row,bf16:row,1,0,serial,1,1,heuristic,invalid,invalid,false,false,1,tensorop,f32,256,256,64,4,1,1,2,1,1,5,4,1,1,256,256,16,100,110,274726912,601412861952,2189,0.377565,677.657,1.59287e+06
1,CUTLASS,gemm,cutlass3x_sm100_tensorop_gemm_bf16_bf16_f32_bf16_bf16_256x256x64_4x1x1_0_tnt_align8_stream_k_2sm,passed,success,universal,8192,7168,5120,bf16:row,bf16:column,bf16:row,bf16:row,1,0,serial,1,1,heuristic,invalid,invalid,false,false,1,tensorop,f32,256,256,64,4,1,1,2,1,1,5,4,1,1,256,256,16,100,110,274726912,601412861952,2189,0.378899,675.27,1.58726e+06
1,CUTLASS,gemm,cutlass3x_sm100_tensorop_gemm_bf16_bf16_f32_void_bf16_256x256x64_4x1x1_0_tnt_align8_2sm,passed,success,universal,8192,7168,5120,bf16:row,bf16:column,void:row,bf16:row,1,0,serial,1,1,heuristic,invalid,invalid,false,false,1,tensorop,f32,256,256,64,4,1,1,2,1,1,6,4,1,1,256,256,16,100,110,157286400,601412861952,3823,0.372144,393.623,1.61608e+06
1,CUTLASS,gemm,cutlass3x_sm100_tensorop_gemm_bf16_bf16_f32_void_bf16_256x256x64_4x1x1_0_tnt_align8_stream_k_2sm,passed,success,universal,8192,7168,5120,bf16:row,bf16:column,void:row,bf16:row,1,0,serial,1,1,heuristic,invalid,invalid,false,false,1,tensorop,f32,256,256,64,4,1,1,2,1,1,6,4,1,1,256,256,16,100,110,157286400,601412861952,3823,0.372474,393.275,1.61465e+06
1,CUTLASS,gemm,cutlass3x_sm100_tensorop_gemm_bf16_bf16_f32_bf16_bf16_256x256x64_2x4x1_0_tnt_align8_2sm,passed,success,universal,8192,7168,5120,bf16:row,bf16:column,bf16:row,bf16:row,1,0,serial,1,1,heuristic,invalid,invalid,false,false,1,tensorop,f32,256,256,64,2,4,1,2,1,1,5,4,1,1,256,256,16,100,110,274726912,601412861952,2189,0.389069,657.62,1.54578e+06
1,CUTLASS,gemm,cutlass3x_sm100_tensorop_gemm_bf16_bf16_f32_bf16_bf16_256x256x64_2x4x1_0_tnt_align8_stream_k_2sm,passed,success,universal,8192,7168,5120,bf16:row,bf16:column,bf16:row,bf16:row,1,0,serial,1,1,heuristic,invalid,invalid,false,false,1,tensorop,f32,256,256,64,2,4,1,2,1,1,5,4,1,1,256,256,16,100,110,274726912,601412861952,2189,0.369306,692.812,1.6285e+06
1,CUTLASS,gemm,cutlass3x_sm100_tensorop_gemm_bf16_bf16_f32_void_bf16_256x256x64_2x4x1_0_tnt_align8_2sm,passed,success,universal,8192,7168,5120,bf16:row,bf16:column,void:row,bf16:row,1,0,serial,1,1,heuristic,invalid,invalid,false,false,1,tensorop,f32,256,256,64,2,4,1,2,1,1,6,4,1,1,256,256,16,100,110,157286400,601412861952,3823,0.379718,385.771,1.58384e+06
1,CUTLASS,gemm,cutlass3x_sm100_tensorop_gemm_bf16_bf16_f32_void_bf16_256x256x64_2x4x1_0_tnt_align8_stream_k_2sm,passed,success,universal,8192,7168,5120,bf16:row,bf16:column,void:row,bf16:row,1,0,serial,1,1,heuristic,invalid,invalid,false,false,1,tensorop,f32,256,256,64,2,4,1,2,1,1,6,4,1,1,256,256,16,100,110,157286400,601412861952,3823,0.360877,405.912,1.66653e+06
1,CUTLASS,gemm,cutlass3x_sm100_tensorop_gemm_bf16_bf16_f32_bf16_bf16_256x256x64_4x2x1_0_tnt_align8_2sm,passed,success,universal,8192,7168,5120,bf16:row,bf16:column,bf16:row,bf16:row,1,0,serial,1,1,heuristic,invalid,invalid,false,false,1,tensorop,f32,256,256,64,4,2,1,2,1,1,5,4,1,1,256,256,16,100,110,274726912,601412861952,2189,0.369885,691.727,1.62595e+06
1,CUTLASS,gemm,cutlass3x_sm100_tensorop_gemm_bf16_bf16_f32_bf16_bf16_256x256x64_4x2x1_0_tnt_align8_stream_k_2sm,passed,success,universal,8192,7168,5120,bf16:row,bf16:column,bf16:row,bf16:row,1,0,serial,1,1,heuristic,invalid,invalid,false,false,1,tensorop,f32,256,256,64,4,2,1,2,1,1,5,4,1,1,256,256,16,100,110,274726912,601412861952,2189,0.375114,682.085,1.60328e+06
1,CUTLASS,gemm,cutlass3x_sm100_tensorop_gemm_bf16_bf16_f32_void_bf16_256x256x64_4x2x1_0_tnt_align8_2sm,passed,success,universal,8192,7168,5120,bf16:row,bf16:column,void:row,bf16:row,1,0,serial,1,1,heuristic,invalid,invalid,false,false,1,tensorop,f32,256,256,64,4,2,1,2,1,1,6,4,1,1,256,256,16,100,110,157286400,601412861952,3823,0.359037,407.993,1.67507e+06
1,CUTLASS,gemm,cutlass3x_sm100_tensorop_gemm_bf16_bf16_f32_void_bf16_256x256x64_4x2x1_0_tnt_align8_stream_k_2sm,passed,success,universal,8192,7168,5120,bf16:row,bf16:column,void:row,bf16:row,1,0,serial,1,1,heuristic,invalid,invalid,false,false,1,tensorop,f32,256,256,64,4,2,1,2,1,1,6,4,1,1,256,256,16,100,110,157286400,601412861952,3823,0.366304,399.898,1.64184e+06
1,CUTLASS,gemm,cutlass3x_sm100_tensorop_gemm_bf16_bf16_f32_bf16_bf16_256x256x64_4x4x1_0_tnt_align8_2sm,passed,success,universal,8192,7168,5120,bf16:row,bf16:column,bf16:row,bf16:row,1,0,serial,1,1,heuristic,invalid,invalid,false,false,1,tensorop,f32,256,256,64,4,4,1,2,1,1,5,4,1,1,256,256,16,100,110,274726912,601412861952,2189,0.372758,686.395,1.61341e+06
1,CUTLASS,gemm,cutlass3x_sm100_tensorop_gemm_bf16_bf16_f32_bf16_bf16_256x256x64_4x4x1_0_tnt_align8_stream_k_2sm,passed,success,universal,8192,7168,5120,bf16:row,bf16:column,bf16:row,bf16:row,1,0,serial,1,1,heuristic,invalid,invalid,false,false,1,tensorop,f32,256,256,64,4,4,1,2,1,1,5,4,1,1,256,256,16,100,110,274726912,601412861952,2189,0.384224,665.912,1.56527e+06
1,CUTLASS,gemm,cutlass3x_sm100_tensorop_gemm_bf16_bf16_f32_void_bf16_256x256x64_4x4x1_0_tnt_align8_2sm,passed,success,universal,8192,7168,5120,bf16:row,bf16:column,void:row,bf16:row,1,0,serial,1,1,heuristic,invalid,invalid,false,false,1,tensorop,f32,256,256,64,4,4,1,2,1,1,6,4,1,1,256,256,16,100,110,157286400,601412861952,3823,0.357699,409.518,1.68134e+06
1,CUTLASS,gemm,cutlass3x_sm100_tensorop_gemm_bf16_bf16_f32_void_bf16_256x256x64_4x4x1_0_tnt_align8_stream_k_2sm,passed,success,universal,8192,7168,5120,bf16:row,bf16:column,void:row,bf16:row,1,0,serial,1,1,heuristic,invalid,invalid,false,false,1,tensorop,f32,256,256,64,4,4,1,2,1,1,6,4,1,1,256,256,16,100,110,157286400,601412861952,3823,0.365283,401.016,1.64643e+06
1,CUTLASS,gemm,cutlass3x_sm100_tensorop_gemm_bf16_bf16_f32_f32_f32_64x128x64_1x1x1_0_tnn_align4_cpasync_1sm_epi_nosmem,passed,success,universal,8192,7168,5120,bf16:row,bf16:column,f32:column,f32:column,1,0,serial,1,1,heuristic,invalid,invalid,false,false,1,tensorop,f32,64,128,64,1,1,1,1,1,1,9,4,1,1,64,128,16,100,110,392167424,601412861952,1533,1.78628,204.466,336684
1,CUTLASS,gemm,cutlass3x_sm100_tensorop_gemm_bf16_bf16_f32_void_f32_64x128x64_1x1x1_0_tnn_align4_cpasync_1sm_epi_nosmem,passed,success,universal,8192,7168,5120,bf16:row,bf16:column,void:column,f32:column,1,0,serial,1,1,heuristic,invalid,invalid,false,false,1,tensorop,f32,64,128,64,1,1,1,1,1,1,9,4,1,1,64,128,16,100,110,157286400,601412861952,3823,1.80525,81.1433,333146
1,CUTLASS,gemm,cutlass3x_sm100_tensorop_gemm_bf16_bf16_f32_f32_f32_64x128x64_1x1x1_0_tnn_align2_cpasync_1sm_epi_nosmem,passed,success,universal,8192,7168,5120,bf16:row,bf16:column,f32:column,f32:column,1,0,serial,1,1,heuristic,invalid,invalid,false,false,1,tensorop,f32,64,128,64,1,1,1,1,1,1,9,4,1,1,64,128,16,100,110,392167424,601412861952,1533,6.47334,56.4213,92906.1
1,CUTLASS,gemm,cutlass3x_sm100_tensorop_gemm_bf16_bf16_f32_void_f32_64x128x64_1x1x1_0_tnn_align2_cpasync_1sm_epi_nosmem,passed,success,universal,8192,7168,5120,bf16:row,bf16:column,void:column,f32:column,1,0,serial,1,1,heuristic,invalid,invalid,false,false,1,tensorop,f32,64,128,64,1,1,1,1,1,1,9,4,1,1,64,128,16,100,110,157286400,601412861952,3823,6.50856,22.5064,92403.4
1,CUTLASS,gemm,cutlass3x_sm100_tensorop_gemm_bf16_bf16_f32_bf16_bf16_64x128x64_1x1x1_0_tnn_align4_cpasync_1sm_epi_nosmem,passed,success,universal,8192,7168,5120,bf16:row,bf16:column,bf16:column,bf16:column,1,0,serial,1,1,heuristic,invalid,invalid,false,false,1,tensorop,f32,64,128,64,1,1,1,1,1,1,9,4,1,1,64,128,16,100,110,274726912,601412861952,2189,1.69874,150.618,354036
1,CUTLASS,gemm,cutlass3x_sm100_tensorop_gemm_bf16_bf16_f32_void_bf16_64x128x64_1x1x1_0_tnn_align4_cpasync_1sm_epi_nosmem,passed,success,universal,8192,7168,5120,bf16:row,bf16:column,void:column,bf16:column,1,0,serial,1,1,heuristic,invalid,invalid,false,false,1,tensorop,f32,64,128,64,1,1,1,1,1,1,9,4,1,1,64,128,16,100,110,157286400,601412861952,3823,1.69095,86.6284,355666
1,CUTLASS,gemm,cutlass3x_sm100_tensorop_gemm_bf16_bf16_f32_bf16_bf16_64x128x64_1x1x1_0_tnn_align2_cpasync_1sm_epi_nosmem,passed,success,universal,8192,7168,5120,bf16:row,bf16:column,bf16:column,bf16:column,1,0,serial,1,1,heuristic,invalid,invalid,false,false,1,tensorop,f32,64,128,64,1,1,1,1,1,1,9,4,1,1,64,128,16,100,110,274726912,601412861952,2189,6.34916,40.2982,94723.3
1,CUTLASS,gemm,cutlass3x_sm100_tensorop_gemm_bf16_bf16_f32_void_bf16_64x128x64_1x1x1_0_tnn_align2_cpasync_1sm_epi_nosmem,passed,success,universal,8192,7168,5120,bf16:row,bf16:column,void:column,bf16:column,1,0,serial,1,1,heuristic,invalid,invalid,false,false,1,tensorop,f32,64,128,64,1,1,1,1,1,1,9,4,1,1,64,128,16,100,110,157286400,601412861952,3823,6.40873,22.857,93842.8
1,CUTLASS,gemm,cutlass3x_sm100_tensorop_gemm_bf16_bf16_f32_f32_f32_128x128x64_1x1x1_0_tnn_align4_cpasync_1sm_epi_nosmem,passed,success,universal,8192,7168,5120,bf16:row,bf16:column,f32:column,f32:column,1,0,serial,1,1,heuristic,invalid,invalid,false,false,1,tensorop,f32,128,128,64,1,1,1,1,1,1,7,4,1,1,128,128,16,100,110,392167424,601412861952,1533,1.97992,184.47,303757
1,CUTLASS,gemm,cutlass3x_sm100_tensorop_gemm_bf16_bf16_f32_void_f32_128x128x64_1x1x1_0_tnn_align4_cpasync_1sm_epi_nosmem,passed,success,universal,8192,7168,5120,bf16:row,bf16:column,void:column,f32:column,1,0,serial,1,1,heuristic,invalid,invalid,false,false,1,tensorop,f32,128,128,64,1,1,1,1,1,1,7,4,1,1,128,128,16,100,110,157286400,601412861952,3823,2.06532,70.9256,291195
1,CUTLASS,gemm,cutlass3x_sm100_tensorop_gemm_bf16_bf16_f32_f32_f32_128x128x64_1x1x1_0_tnn_align2_cpasync_1sm_epi_nosmem,passed,success,universal,8192,7168,5120,bf16:row,bf16:column,f32:column,f32:column,1,0,serial,1,1,heuristic,invalid,invalid,false,false,1,tensorop,f32,128,128,64,1,1,1,1,1,1,7,4,1,1,128,128,16,100,110,392167424,601412861952,1533,5.4777,66.6766,109793
1,CUTLASS,gemm,cutlass3x_sm100_tensorop_gemm_bf16_bf16_f32_void_f32_128x128x64_1x1x1_0_tnn_align2_cpasync_1sm_epi_nosmem,passed,success,universal,8192,7168,5120,bf16:row,bf16:column,void:column,f32:column,1,0,serial,1,1,heuristic,invalid,invalid,false,false,1,tensorop,f32,128,128,64,1,1,1,1,1,1,7,4,1,1,128,128,16,100,110,157286400,601412861952,3823,1.69525,86.4087,354763
1,CUTLASS,gemm,cutlass3x_sm100_tensorop_gemm_bf16_bf16_f32_bf16_bf16_128x128x64_1x1x1_0_tnn_align4_cpasync_1sm_epi_nosmem,passed,success,universal,8192,7168,5120,bf16:row,bf16:column,bf16:column,bf16:column,1,0,serial,1,1,heuristic,invalid,invalid,false,false,1,tensorop,f32,128,128,64,1,1,1,1,1,1,7,4,1,1,128,128,16,100,110,274726912,601412861952,2189,1.6971,150.763,354377
1,CUTLASS,gemm,cutlass3x_sm100_tensorop_gemm_bf16_bf16_f32_void_bf16_128x128x64_1x1x1_0_tnn_align4_cpasync_1sm_epi_nosmem,passed,success,universal,8192,7168,5120,bf16:row,bf16:column,void:column,bf16:column,1,0,serial,1,1,heuristic,invalid,invalid,false,false,1,tensorop,f32,128,128,64,1,1,1,1,1,1,7,4,1,1,128,128,16,100,110,157286400,601412861952,3823,2.03686,71.9167,295265
1,CUTLASS,gemm,cutlass3x_sm100_tensorop_gemm_bf16_bf16_f32_bf16_bf16_128x128x64_1x1x1_0_tnn_align2_cpasync_1sm_epi_nosmem,passed,success,universal,8192,7168,5120,bf16:row,bf16:column,bf16:column,bf16:column,1,0,serial,1,1,heuristic,invalid,invalid,false,false,1,tensorop,f32,128,128,64,1,1,1,1,1,1,7,4,1,1,128,128,16,100,110,274726912,601412861952,2189,5.17737,49.4188,116162
1,CUTLASS,gemm,cutlass3x_sm100_tensorop_gemm_bf16_bf16_f32_void_bf16_128x128x64_1x1x1_0_tnn_align2_cpasync_1sm_epi_nosmem,passed,success,universal,8192,7168,5120,bf16:row,bf16:column,void:column,bf16:column,1,0,serial,1,1,heuristic,invalid,invalid,false,false,1,tensorop,f32,128,128,64,1,1,1,1,1,1,7,4,1,1,128,128,16,100,110,157286400,601412861952,3823,1.66064,88.2096,362157
1,CUTLASS,gemm,cutlass3x_sm100_tensorop_gemm_bf16_bf16_f32_f32_f32_128x256x64_1x1x1_0_tnn_align4_cpasync_1sm_epi_nosmem,passed,success,universal,8192,7168,5120,bf16:row,bf16:column,f32:column,f32:column,1,0,serial,1,1,heuristic,invalid,invalid,false,false,1,tensorop,f32,128,256,64,1,1,1,1,1,1,4,4,1,1,128,256,16,100,110,392167424,601412861952,1533,1.581,231.015,380400
1,CUTLASS,gemm,cutlass3x_sm100_tensorop_gemm_bf16_bf16_f32_void_f32_128x256x64_1x1x1_0_tnn_align4_cpasync_1sm_epi_nosmem,passed,success,universal,8192,7168,5120,bf16:row,bf16:column,void:column,f32:column,1,0,serial,1,1,heuristic,invalid,invalid,false,false,1,tensorop,f32,128,256,64,1,1,1,1,1,1,4,4,1,1,128,256,16,100,110,157286400,601412861952,3823,1.49478,97.9972,402342
1,CUTLASS,gemm,cutlass3x_sm100_tensorop_gemm_bf16_bf16_f32_f32_f32_128x256x64_1x1x1_0_tnn_align2_cpasync_1sm_epi_nosmem,passed,success,universal,8192,7168,5120,bf16:row,bf16:column,f32:column,f32:column,1,0,serial,1,1,heuristic,invalid,invalid,false,false,1,tensorop,f32,128,256,64,1,1,1,1,1,1,4,4,1,1,128,256,16,100,110,392167424,601412861952,1533,2.68986,135.782,223585
1,CUTLASS,gemm,cutlass3x_sm100_tensorop_gemm_bf16_bf16_f32_void_f32_128x256x64_1x1x1_0_tnn_align2_cpasync_1sm_epi_nosmem,passed,success,universal,8192,7168,5120,bf16:row,bf16:column,void:column,f32:column,1,0,serial,1,1,heuristic,invalid,invalid,false,false,1,tensorop,f32,128,256,64,1,1,1,1,1,1,4,4,1,1,128,256,16,100,110,157286400,601412861952,3823,2.69089,54.4372,223500
1,CUTLASS,gemm,cutlass3x_sm100_tensorop_gemm_bf16_bf16_f32_bf16_bf16_128x256x64_1x1x1_0_tnn_align4_cpasync_1sm_epi_nosmem,passed,success,universal,8192,7168,5120,bf16:row,bf16:column,bf16:column,bf16:column,1,0,serial,1,1,heuristic,invalid,invalid,false,false,1,tensorop,f32,128,256,64,1,1,1,1,1,1,4,4,1,1,128,256,16,100,110,274726912,601412861952,2189,1.54301,165.818,389766
1,CUTLASS,gemm,cutlass3x_sm100_tensorop_gemm_bf16_bf16_f32_void_bf16_128x256x64_1x1x1_0_tnn_align4_cpasync_1sm_epi_nosmem,passed,success,universal,8192,7168,5120,bf16:row,bf16:column,void:column,bf16:column,1,0,serial,1,1,heuristic,invalid,invalid,false,false,1,tensorop,f32,128,256,64,1,1,1,1,1,1,4,4,1,1,128,256,16,100,110,157286400,601412861952,3823,1.55212,94.3767,387477
1,CUTLASS,gemm,cutlass3x_sm100_tensorop_gemm_bf16_bf16_f32_bf16_bf16_128x256x64_1x1x1_0_tnn_align2_cpasync_1sm_epi_nosmem,passed,success,universal,8192,7168,5120,bf16:row,bf16:column,bf16:column,bf16:column,1,0,serial,1,1,heuristic,invalid,invalid,false,false,1,tensorop,f32,128,256,64,1,1,1,1,1,1,4,4,1,1,128,256,16,100,110,274726912,601412861952,2189,3.56244,71.8214,168820
1,CUTLASS,gemm,cutlass3x_sm100_tensorop_gemm_bf16_bf16_f32_void_bf16_128x256x64_1x1x1_0_tnn_align2_cpasync_1sm_epi_nosmem,passed,success,universal,8192,7168,5120,bf16:row,bf16:column,void:column,bf16:column,1,0,serial,1,1,heuristic,invalid,invalid,false,false,1,tensorop,f32,128,256,64,1,1,1,1,1,1,4,4,1,1,128,256,16,100,110,157286400,601412861952,3823,2.69498,54.3545,223160
