Problem,Provider,OperationKind,Operation,Disposition,Status,gemm_kind,m,n,k,num_groups,A,B,C,D,alpha,beta,runtime_input_datatype_a,runtime_input_datatype_b,raster_order,swizzle_size,use_pdl,problem-sizes,problem-sizes-file,op_class,accum,cta_m,cta_n,cta_k,cluster_m,cluster_n,cluster_k,cluster_m_fallback,cluster_n_fallback,cluster_k_fallback,stages,warps_m,warps_n,warps_k,inst_m,inst_n,inst_k,min_cc,max_cc,Bytes,Flops,Flops/Byte,Runtime,GB/s,GFLOPs
1,CUTLASS,grouped_gemm,cutlass3x_sm100_tensorop_gemm_grouped_e4m3_e4m3_f32_bf16_e4m3_64x128x128_0x0x1_0_tnt_align16_1sm,passed,success,grouped,,,,,fe4m3:row,fe4m3:column,bf16:row,fe4m3:row,1,0,invalid,invalid,heuristic,1,false,'[8x4096x6144][8x4096x6144][8x4096x6144][8x4096x6144][8x4096x6144][8x4096x6144][8x4096x6144][8x4096x6144][8x4096x6144][8x4096x6144][8x4096x6144][8x4096x6144][8x4096x6144][8x4096x6144][8x4096x6144][8x4096x6144][8x4096x6144][8x4096x6144][8x4096x6144][8x4096x6144][8x4096x6144][8x4096x6144][8x4096x6144][8x4096x6144][8x4096x6144][8x4096x6144][8x4096x6144][8x4096x6144][8x4096x6144][8x4096x6144][8x4096x6144][8x4096x6144][8x4096x6144][8x4096x6144][8x4096x6144][8x4096x6144][8x4096x6144][8x4096x6144][8x4096x6144][8x4096x6144][8x4096x6144][8x4096x6144][8x4096x6144][8x4096x6144][8x4096x6144][8x4096x6144][8x4096x6144][8x4096x6144][8x4096x6144][8x4096x6144][8x4096x6144][8x4096x6144][8x4096x6144][8x4096x6144][8x4096x6144][8x4096x6144][8x4096x6144][8x4096x6144][8x4096x6144][8x4096x6144][8x4096x6144][8x4096x6144][8x4096x6144][8x4096x6144][8x4096x6144][8x4096x6144][8x4096x6144][8x4096x6144][8x4096x6144][8x4096x6144][8x4096x6144][8x4096x6144][8x4096x6144][8x4096x6144][8x4096x6144][8x4096x6144][8x4096x6144][8x4096x6144][8x4096x6144][8x4096x6144][8x4096x6144][8x4096x6144][8x4096x6144][8x4096x6144][8x4096x6144][8x4096x6144][8x4096x6144][8x4096x6144][8x4096x6144][8x4096x6144][8x4096x6144][8x4096x6144][8x4096x6144][8x4096x6144][8x4096x6144][8x4096x6144][8x4096x6144][8x4096x6144][8x4096x6144][8x4096x6144][8x4096x6144][8x4096x6144][8x4096x6144][8x4096x6144][8x4096x6144][8x4096x6144][8x4096x6144][8x4096x6144][8x4096x6144][8x4096x6144][8x4096x6144][8x4096x6144][8x4096x6144][8x4096x6144][8x4096x6144][8x4096x6144][8x4096x6144][8x4096x6144][8x4096x6144][8x4096x6144][8x4096x6144][8x4096x6144][8x4096x6144][8x4096x6144][8x4096x6144][8x4096x6144][8x4096x6144][8x4096x6144][8x4096x6144][8x4096x6144][8x4096x6144][8x4096x6144][8x4096x6144][8x4096x6144][8x4096x6144][8x4096x6144][8x4096x6144][8x4096x6144][8x4096x6144][8x4096x6144][8x4096x6144][8x4096x6144][8x4096x6144][8x4096x6144][8x4096x6144][8x4096x6144][8x4096x6144][8x4096x6144][8x4096x6144][8x4096x6144][8x4096x6144][8x4096x6144][8x4096x6144][8x4096x6144][8x4096x6144][8x4096x6144][8x4096x6144][8x4096x6144][8x4096x6144][8x4096x6144][8x4096x6144][8x4096x6144][8x4096x6144][8x4096x6144][8x4096x6144][8x4096x6144][8x4096x6144][8x4096x6144][8x4096x6144][8x4096x6144][8x4096x6144][8x4096x6144][8x4096x6144][8x4096x6144][8x4096x6144][8x4096x6144][8x4096x6144][8x4096x6144][8x4096x6144][8x4096x6144][8x4096x6144][8x4096x6144][8x4096x6144][8x4096x6144][8x4096x6144][8x4096x6144][8x4096x6144][8x4096x6144][8x4096x6144][8x4096x6144][8x4096x6144][8x4096x6144][8x4096x6144][8x4096x6144][8x4096x6144][8x4096x6144][8x4096x6144][8x4096x6144][8x4096x6144][8x4096x6144][8x4096x6144][8x4096x6144][8x4096x6144][8x4096x6144][8x4096x6144][8x4096x6144][8x4096x6144][8x4096x6144][8x4096x6144][8x4096x6144][8x4096x6144][8x4096x6144][8x4096x6144][8x4096x6144][8x4096x6144][8x4096x6144][8x4096x6144][8x4096x6144][8x4096x6144][8x4096x6144][8x4096x6144][8x4096x6144][8x4096x6144][8x4096x6144][8x4096x6144][8x4096x6144][8x4096x6144][8x4096x6144][8x4096x6144][8x4096x6144][8x4096x6144][8x4096x6144][8x4096x6144][8x4096x6144][8x4096x6144][8x4096x6144][8x4096x6144][8x4096x6144][8x4096x6144][8x4096x6144][8x4096x6144][8x4096x6144][8x4096x6144][8x4096x6144][8x4096x6144][8x4096x6144][8x4096x6144][8x4096x6144][8x4096x6144][8x4096x6144][8x4096x6144][8x4096x6144][8x4096x6144][8x4096x6144][8x4096x6144][8x4096x6144]',,tensorop,f32,64,128,128,1,1,1,1,1,1,8,4,1,1,64,128,32,100,110,6471811072,103095992320,15,0.90523,6658.35,113889
1,CUTLASS,grouped_gemm,cutlass3x_sm100_tensorop_gemm_grouped_e4m3_e4m3_f32_bf16_e4m3_64x128x128_0x0x1_0_tnt_align16_stream_k_1sm,passed,success,grouped,,,,,fe4m3:row,fe4m3:column,bf16:row,fe4m3:row,1,0,invalid,invalid,heuristic,1,false,'[8x4096x6144][8x4096x6144][8x4096x6144][8x4096x6144][8x4096x6144][8x4096x6144][8x4096x6144][8x4096x6144][8x4096x6144][8x4096x6144][8x4096x6144][8x4096x6144][8x4096x6144][8x4096x6144][8x4096x6144][8x4096x6144][8x4096x6144][8x4096x6144][8x4096x6144][8x4096x6144][8x4096x6144][8x4096x6144][8x4096x6144][8x4096x6144][8x4096x6144][8x4096x6144][8x4096x6144][8x4096x6144][8x4096x6144][8x4096x6144][8x4096x6144][8x4096x6144][8x4096x6144][8x4096x6144][8x4096x6144][8x4096x6144][8x4096x6144][8x4096x6144][8x4096x6144][8x4096x6144][8x4096x6144][8x4096x6144][8x4096x6144][8x4096x6144][8x4096x6144][8x4096x6144][8x4096x6144][8x4096x6144][8x4096x6144][8x4096x6144][8x4096x6144][8x4096x6144][8x4096x6144][8x4096x6144][8x4096x6144][8x4096x6144][8x4096x6144][8x4096x6144][8x4096x6144][8x4096x6144][8x4096x6144][8x4096x6144][8x4096x6144][8x4096x6144][8x4096x6144][8x4096x6144][8x4096x6144][8x4096x6144][8x4096x6144][8x4096x6144][8x4096x6144][8x4096x6144][8x4096x6144][8x4096x6144][8x4096x6144][8x4096x6144][8x4096x6144][8x4096x6144][8x4096x6144][8x4096x6144][8x4096x6144][8x4096x6144][8x4096x6144][8x4096x6144][8x4096x6144][8x4096x6144][8x4096x6144][8x4096x6144][8x4096x6144][8x4096x6144][8x4096x6144][8x4096x6144][8x4096x6144][8x4096x6144][8x4096x6144][8x4096x6144][8x4096x6144][8x4096x6144][8x4096x6144][8x4096x6144][8x4096x6144][8x4096x6144][8x4096x6144][8x4096x6144][8x4096x6144][8x4096x6144][8x4096x6144][8x4096x6144][8x4096x6144][8x4096x6144][8x4096x6144][8x4096x6144][8x4096x6144][8x4096x6144][8x4096x6144][8x4096x6144][8x4096x6144][8x4096x6144][8x4096x6144][8x4096x6144][8x4096x6144][8x4096x6144][8x4096x6144][8x4096x6144][8x4096x6144][8x4096x6144][8x4096x6144][8x4096x6144][8x4096x6144][8x4096x6144][8x4096x6144][8x4096x6144][8x4096x6144][8x4096x6144][8x4096x6144][8x4096x6144][8x4096x6144][8x4096x6144][8x4096x6144][8x4096x6144][8x4096x6144][8x4096x6144][8x4096x6144][8x4096x6144][8x4096x6144][8x4096x6144][8x4096x6144][8x4096x6144][8x4096x6144][8x4096x6144][8x4096x6144][8x4096x6144][8x4096x6144][8x4096x6144][8x4096x6144][8x4096x6144][8x4096x6144][8x4096x6144][8x4096x6144][8x4096x6144][8x4096x6144][8x4096x6144][8x4096x6144][8x4096x6144][8x4096x6144][8x4096x6144][8x4096x6144][8x4096x6144][8x4096x6144][8x4096x6144][8x4096x6144][8x4096x6144][8x4096x6144][8x4096x6144][8x4096x6144][8x4096x6144][8x4096x6144][8x4096x6144][8x4096x6144][8x4096x6144][8x4096x6144][8x4096x6144][8x4096x6144][8x4096x6144][8x4096x6144][8x4096x6144][8x4096x6144][8x4096x6144][8x4096x6144][8x4096x6144][8x4096x6144][8x4096x6144][8x4096x6144][8x4096x6144][8x4096x6144][8x4096x6144][8x4096x6144][8x4096x6144][8x4096x6144][8x4096x6144][8x4096x6144][8x4096x6144][8x4096x6144][8x4096x6144][8x4096x6144][8x4096x6144][8x4096x6144][8x4096x6144][8x4096x6144][8x4096x6144][8x4096x6144][8x4096x6144][8x4096x6144][8x4096x6144][8x4096x6144][8x4096x6144][8x4096x6144][8x4096x6144][8x4096x6144][8x4096x6144][8x4096x6144][8x4096x6144][8x4096x6144][8x4096x6144][8x4096x6144][8x4096x6144][8x4096x6144][8x4096x6144][8x4096x6144][8x4096x6144][8x4096x6144][8x4096x6144][8x4096x6144][8x4096x6144][8x4096x6144][8x4096x6144][8x4096x6144][8x4096x6144][8x4096x6144][8x4096x6144][8x4096x6144][8x4096x6144][8x4096x6144][8x4096x6144][8x4096x6144][8x4096x6144][8x4096x6144][8x4096x6144][8x4096x6144][8x4096x6144][8x4096x6144][8x4096x6144][8x4096x6144][8x4096x6144][8x4096x6144][8x4096x6144]',,tensorop,f32,64,128,128,1,1,1,1,1,1,8,4,1,1,64,128,32,100,110,6471811072,103095992320,15,0.905282,6657.98,113883
1,CUTLASS,grouped_gemm,cutlass3x_sm100_tensorop_gemm_grouped_e4m3_e4m3_f32_bf16_e4m3_64x128x128_0x0x1_0_ttt_align16_1sm,passed,success,grouped,,,,,fe4m3:row,fe4m3:row,bf16:row,fe4m3:row,1,0,invalid,invalid,heuristic,1,false,'[8x4096x6144][8x4096x6144][8x4096x6144][8x4096x6144][8x4096x6144][8x4096x6144][8x4096x6144][8x4096x6144][8x4096x6144][8x4096x6144][8x4096x6144][8x4096x6144][8x4096x6144][8x4096x6144][8x4096x6144][8x4096x6144][8x4096x6144][8x4096x6144][8x4096x6144][8x4096x6144][8x4096x6144][8x4096x6144][8x4096x6144][8x4096x6144][8x4096x6144][8x4096x6144][8x4096x6144][8x4096x6144][8x4096x6144][8x4096x6144][8x4096x6144][8x4096x6144][8x4096x6144][8x4096x6144][8x4096x6144][8x4096x6144][8x4096x6144][8x4096x6144][8x4096x6144][8x4096x6144][8x4096x6144][8x4096x6144][8x4096x6144][8x4096x6144][8x4096x6144][8x4096x6144][8x4096x6144][8x4096x6144][8x4096x6144][8x4096x6144][8x4096x6144][8x4096x6144][8x4096x6144][8x4096x6144][8x4096x6144][8x4096x6144][8x4096x6144][8x4096x6144][8x4096x6144][8x4096x6144][8x4096x6144][8x4096x6144][8x4096x6144][8x4096x6144][8x4096x6144][8x4096x6144][8x4096x6144][8x4096x6144][8x4096x6144][8x4096x6144][8x4096x6144][8x4096x6144][8x4096x6144][8x4096x6144][8x4096x6144][8x4096x6144][8x4096x6144][8x4096x6144][8x4096x6144][8x4096x6144][8x4096x6144][8x4096x6144][8x4096x6144][8x4096x6144][8x4096x6144][8x4096x6144][8x4096x6144][8x4096x6144][8x4096x6144][8x4096x6144][8x4096x6144][8x4096x6144][8x4096x6144][8x4096x6144][8x4096x6144][8x4096x6144][8x4096x6144][8x4096x6144][8x4096x6144][8x4096x6144][8x4096x6144][8x4096x6144][8x4096x6144][8x4096x6144][8x4096x6144][8x4096x6144][8x4096x6144][8x4096x6144][8x4096x6144][8x4096x6144][8x4096x6144][8x4096x6144][8x4096x6144][8x4096x6144][8x4096x6144][8x4096x6144][8x4096x6144][8x4096x6144][8x4096x6144][8x4096x6144][8x4096x6144][8x4096x6144][8x4096x6144][8x4096x6144][8x4096x6144][8x4096x6144][8x4096x6144][8x4096x6144][8x4096x6144][8x4096x6144][8x4096x6144][8x4096x6144][8x4096x6144][8x4096x6144][8x4096x6144][8x4096x6144][8x4096x6144][8x4096x6144][8x4096x6144][8x4096x6144][8x4096x6144][8x4096x6144][8x4096x6144][8x4096x6144][8x4096x6144][8x4096x6144][8x4096x6144][8x4096x6144][8x4096x6144][8x4096x6144][8x4096x6144][8x4096x6144][8x4096x6144][8x4096x6144][8x4096x6144][8x4096x6144][8x4096x6144][8x4096x6144][8x4096x6144][8x4096x6144][8x4096x6144][8x4096x6144][8x4096x6144][8x4096x6144][8x4096x6144][8x4096x6144][8x4096x6144][8x4096x6144][8x4096x6144][8x4096x6144][8x4096x6144][8x4096x6144][8x4096x6144][8x4096x6144][8x4096x6144][8x4096x6144][8x4096x6144][8x4096x6144][8x4096x6144][8x4096x6144][8x4096x6144][8x4096x6144][8x4096x6144][8x4096x6144][8x4096x6144][8x4096x6144][8x4096x6144][8x4096x6144][8x4096x6144][8x4096x6144][8x4096x6144][8x4096x6144][8x4096x6144][8x4096x6144][8x4096x6144][8x4096x6144][8x4096x6144][8x4096x6144][8x4096x6144][8x4096x6144][8x4096x6144][8x4096x6144][8x4096x6144][8x4096x6144][8x4096x6144][8x4096x6144][8x4096x6144][8x4096x6144][8x4096x6144][8x4096x6144][8x4096x6144][8x4096x6144][8x4096x6144][8x4096x6144][8x4096x6144][8x4096x6144][8x4096x6144][8x4096x6144][8x4096x6144][8x4096x6144][8x4096x6144][8x4096x6144][8x4096x6144][8x4096x6144][8x4096x6144][8x4096x6144][8x4096x6144][8x4096x6144][8x4096x6144][8x4096x6144][8x4096x6144][8x4096x6144][8x4096x6144][8x4096x6144][8x4096x6144][8x4096x6144][8x4096x6144][8x4096x6144][8x4096x6144][8x4096x6144][8x4096x6144][8x4096x6144][8x4096x6144][8x4096x6144][8x4096x6144][8x4096x6144][8x4096x6144][8x4096x6144][8x4096x6144][8x4096x6144][8x4096x6144][8x4096x6144][8x4096x6144][8x4096x6144][8x4096x6144][8x4096x6144]',,tensorop,f32,64,128,128,1,1,1,1,1,1,8,4,1,1,64,128,32,100,110,6471811072,103095992320,15,1.01237,5953.67,101836
1,CUTLASS,grouped_gemm,cutlass3x_sm100_tensorop_gemm_grouped_e4m3_e4m3_f32_bf16_e4m3_64x128x128_0x0x1_0_ttt_align16_stream_k_1sm,passed,success,grouped,,,,,fe4m3:row,fe4m3:row,bf16:row,fe4m3:row,1,0,invalid,invalid,heuristic,1,false,'[8x4096x6144][8x4096x6144][8x4096x6144][8x4096x6144][8x4096x6144][8x4096x6144][8x4096x6144][8x4096x6144][8x4096x6144][8x4096x6144][8x4096x6144][8x4096x6144][8x4096x6144][8x4096x6144][8x4096x6144][8x4096x6144][8x4096x6144][8x4096x6144][8x4096x6144][8x4096x6144][8x4096x6144][8x4096x6144][8x4096x6144][8x4096x6144][8x4096x6144][8x4096x6144][8x4096x6144][8x4096x6144][8x4096x6144][8x4096x6144][8x4096x6144][8x4096x6144][8x4096x6144][8x4096x6144][8x4096x6144][8x4096x6144][8x4096x6144][8x4096x6144][8x4096x6144][8x4096x6144][8x4096x6144][8x4096x6144][8x4096x6144][8x4096x6144][8x4096x6144][8x4096x6144][8x4096x6144][8x4096x6144][8x4096x6144][8x4096x6144][8x4096x6144][8x4096x6144][8x4096x6144][8x4096x6144][8x4096x6144][8x4096x6144][8x4096x6144][8x4096x6144][8x4096x6144][8x4096x6144][8x4096x6144][8x4096x6144][8x4096x6144][8x4096x6144][8x4096x6144][8x4096x6144][8x4096x6144][8x4096x6144][8x4096x6144][8x4096x6144][8x4096x6144][8x4096x6144][8x4096x6144][8x4096x6144][8x4096x6144][8x4096x6144][8x4096x6144][8x4096x6144][8x4096x6144][8x4096x6144][8x4096x6144][8x4096x6144][8x4096x6144][8x4096x6144][8x4096x6144][8x4096x6144][8x4096x6144][8x4096x6144][8x4096x6144][8x4096x6144][8x4096x6144][8x4096x6144][8x4096x6144][8x4096x6144][8x4096x6144][8x4096x6144][8x4096x6144][8x4096x6144][8x4096x6144][8x4096x6144][8x4096x6144][8x4096x6144][8x4096x6144][8x4096x6144][8x4096x6144][8x4096x6144][8x4096x6144][8x4096x6144][8x4096x6144][8x4096x6144][8x4096x6144][8x4096x6144][8x4096x6144][8x4096x6144][8x4096x6144][8x4096x6144][8x4096x6144][8x4096x6144][8x4096x6144][8x4096x6144][8x4096x6144][8x4096x6144][8x4096x6144][8x4096x6144][8x4096x6144][8x4096x6144][8x4096x6144][8x4096x6144][8x4096x6144][8x4096x6144][8x4096x6144][8x4096x6144][8x4096x6144][8x4096x6144][8x4096x6144][8x4096x6144][8x4096x6144][8x4096x6144][8x4096x6144][8x4096x6144][8x4096x6144][8x4096x6144][8x4096x6144][8x4096x6144][8x4096x6144][8x4096x6144][8x4096x6144][8x4096x6144][8x4096x6144][8x4096x6144][8x4096x6144][8x4096x6144][8x4096x6144][8x4096x6144][8x4096x6144][8x4096x6144][8x4096x6144][8x4096x6144][8x4096x6144][8x4096x6144][8x4096x6144][8x4096x6144][8x4096x6144][8x4096x6144][8x4096x6144][8x4096x6144][8x4096x6144][8x4096x6144][8x4096x6144][8x4096x6144][8x4096x6144][8x4096x6144][8x4096x6144][8x4096x6144][8x4096x6144][8x4096x6144][8x4096x6144][8x4096x6144][8x4096x6144][8x4096x6144][8x4096x6144][8x4096x6144][8x4096x6144][8x4096x6144][8x4096x6144][8x4096x6144][8x4096x6144][8x4096x6144][8x4096x6144][8x4096x6144][8x4096x6144][8x4096x6144][8x4096x6144][8x4096x6144][8x4096x6144][8x4096x6144][8x4096x6144][8x4096x6144][8x4096x6144][8x4096x6144][8x4096x6144][8x4096x6144][8x4096x6144][8x4096x6144][8x4096x6144][8x4096x6144][8x4096x6144][8x4096x6144][8x4096x6144][8x4096x6144][8x4096x6144][8x4096x6144][8x4096x6144][8x4096x6144][8x4096x6144][8x4096x6144][8x4096x6144][8x4096x6144][8x4096x6144][8x4096x6144][8x4096x6144][8x4096x6144][8x4096x6144][8x4096x6144][8x4096x6144][8x4096x6144][8x4096x6144][8x4096x6144][8x4096x6144][8x4096x6144][8x4096x6144][8x4096x6144][8x4096x6144][8x4096x6144][8x4096x6144][8x4096x6144][8x4096x6144][8x4096x6144][8x4096x6144][8x4096x6144][8x4096x6144][8x4096x6144][8x4096x6144][8x4096x6144][8x4096x6144][8x4096x6144][8x4096x6144][8x4096x6144][8x4096x6144][8x4096x6144][8x4096x6144][8x4096x6144][8x4096x6144][8x4096x6144][8x4096x6144][8x4096x6144]',,tensorop,f32,64,128,128,1,1,1,1,1,1,8,4,1,1,64,128,32,100,110,6471811072,103095992320,15,1.01205,5955.56,101868
1,CUTLASS,grouped_gemm,cutlass3x_sm100_tensorop_gemm_grouped_e4m3_e4m3_f32_bf16_e4m3_64x128x128_1x1x1_0_tnt_align16_1sm,passed,success,grouped,,,,,fe4m3:row,fe4m3:column,bf16:row,fe4m3:row,1,0,invalid,invalid,heuristic,1,false,'[8x4096x6144][8x4096x6144][8x4096x6144][8x4096x6144][8x4096x6144][8x4096x6144][8x4096x6144][8x4096x6144][8x4096x6144][8x4096x6144][8x4096x6144][8x4096x6144][8x4096x6144][8x4096x6144][8x4096x6144][8x4096x6144][8x4096x6144][8x4096x6144][8x4096x6144][8x4096x6144][8x4096x6144][8x4096x6144][8x4096x6144][8x4096x6144][8x4096x6144][8x4096x6144][8x4096x6144][8x4096x6144][8x4096x6144][8x4096x6144][8x4096x6144][8x4096x6144][8x4096x6144][8x4096x6144][8x4096x6144][8x4096x6144][8x4096x6144][8x4096x6144][8x4096x6144][8x4096x6144][8x4096x6144][8x4096x6144][8x4096x6144][8x4096x6144][8x4096x6144][8x4096x6144][8x4096x6144][8x4096x6144][8x4096x6144][8x4096x6144][8x4096x6144][8x4096x6144][8x4096x6144][8x4096x6144][8x4096x6144][8x4096x6144][8x4096x6144][8x4096x6144][8x4096x6144][8x4096x6144][8x4096x6144][8x4096x6144][8x4096x6144][8x4096x6144][8x4096x6144][8x4096x6144][8x4096x6144][8x4096x6144][8x4096x6144][8x4096x6144][8x4096x6144][8x4096x6144][8x4096x6144][8x4096x6144][8x4096x6144][8x4096x6144][8x4096x6144][8x4096x6144][8x4096x6144][8x4096x6144][8x4096x6144][8x4096x6144][8x4096x6144][8x4096x6144][8x4096x6144][8x4096x6144][8x4096x6144][8x4096x6144][8x4096x6144][8x4096x6144][8x4096x6144][8x4096x6144][8x4096x6144][8x4096x6144][8x4096x6144][8x4096x6144][8x4096x6144][8x4096x6144][8x4096x6144][8x4096x6144][8x4096x6144][8x4096x6144][8x4096x6144][8x4096x6144][8x4096x6144][8x4096x6144][8x4096x6144][8x4096x6144][8x4096x6144][8x4096x6144][8x4096x6144][8x4096x6144][8x4096x6144][8x4096x6144][8x4096x6144][8x4096x6144][8x4096x6144][8x4096x6144][8x4096x6144][8x4096x6144][8x4096x6144][8x4096x6144][8x4096x6144][8x4096x6144][8x4096x6144][8x4096x6144][8x4096x6144][8x4096x6144][8x4096x6144][8x4096x6144][8x4096x6144][8x4096x6144][8x4096x6144][8x4096x6144][8x4096x6144][8x4096x6144][8x4096x6144][8x4096x6144][8x4096x6144][8x4096x6144][8x4096x6144][8x4096x6144][8x4096x6144][8x4096x6144][8x4096x6144][8x4096x6144][8x4096x6144][8x4096x6144][8x4096x6144][8x4096x6144][8x4096x6144][8x4096x6144][8x4096x6144][8x4096x6144][8x4096x6144][8x4096x6144][8x4096x6144][8x4096x6144][8x4096x6144][8x4096x6144][8x4096x6144][8x4096x6144][8x4096x6144][8x4096x6144][8x4096x6144][8x4096x6144][8x4096x6144][8x4096x6144][8x4096x6144][8x4096x6144][8x4096x6144][8x4096x6144][8x4096x6144][8x4096x6144][8x4096x6144][8x4096x6144][8x4096x6144][8x4096x6144][8x4096x6144][8x4096x6144][8x4096x6144][8x4096x6144][8x4096x6144][8x4096x6144][8x4096x6144][8x4096x6144][8x4096x6144][8x4096x6144][8x4096x6144][8x4096x6144][8x4096x6144][8x4096x6144][8x4096x6144][8x4096x6144][8x4096x6144][8x4096x6144][8x4096x6144][8x4096x6144][8x4096x6144][8x4096x6144][8x4096x6144][8x4096x6144][8x4096x6144][8x4096x6144][8x4096x6144][8x4096x6144][8x4096x6144][8x4096x6144][8x4096x6144][8x4096x6144][8x4096x6144][8x4096x6144][8x4096x6144][8x4096x6144][8x4096x6144][8x4096x6144][8x4096x6144][8x4096x6144][8x4096x6144][8x4096x6144][8x4096x6144][8x4096x6144][8x4096x6144][8x4096x6144][8x4096x6144][8x4096x6144][8x4096x6144][8x4096x6144][8x4096x6144][8x4096x6144][8x4096x6144][8x4096x6144][8x4096x6144][8x4096x6144][8x4096x6144][8x4096x6144][8x4096x6144][8x4096x6144][8x4096x6144][8x4096x6144][8x4096x6144][8x4096x6144][8x4096x6144][8x4096x6144][8x4096x6144][8x4096x6144][8x4096x6144][8x4096x6144][8x4096x6144][8x4096x6144][8x4096x6144][8x4096x6144][8x4096x6144][8x4096x6144][8x4096x6144][8x4096x6144]',,tensorop,f32,64,128,128,1,1,1,1,1,1,8,4,1,1,64,128,32,100,110,6471811072,103095992320,15,0.906091,6652.03,113781
1,CUTLASS,grouped_gemm,cutlass3x_sm100_tensorop_gemm_grouped_e4m3_e4m3_f32_bf16_e4m3_64x128x128_1x1x1_0_tnt_align16_stream_k_1sm,passed,success,grouped,,,,,fe4m3:row,fe4m3:column,bf16:row,fe4m3:row,1,0,invalid,invalid,heuristic,1,false,'[8x4096x6144][8x4096x6144][8x4096x6144][8x4096x6144][8x4096x6144][8x4096x6144][8x4096x6144][8x4096x6144][8x4096x6144][8x4096x6144][8x4096x6144][8x4096x6144][8x4096x6144][8x4096x6144][8x4096x6144][8x4096x6144][8x4096x6144][8x4096x6144][8x4096x6144][8x4096x6144][8x4096x6144][8x4096x6144][8x4096x6144][8x4096x6144][8x4096x6144][8x4096x6144][8x4096x6144][8x4096x6144][8x4096x6144][8x4096x6144][8x4096x6144][8x4096x6144][8x4096x6144][8x4096x6144][8x4096x6144][8x4096x6144][8x4096x6144][8x4096x6144][8x4096x6144][8x4096x6144][8x4096x6144][8x4096x6144][8x4096x6144][8x4096x6144][8x4096x6144][8x4096x6144][8x4096x6144][8x4096x6144][8x4096x6144][8x4096x6144][8x4096x6144][8x4096x6144][8x4096x6144][8x4096x6144][8x4096x6144][8x4096x6144][8x4096x6144][8x4096x6144][8x4096x6144][8x4096x6144][8x4096x6144][8x4096x6144][8x4096x6144][8x4096x6144][8x4096x6144][8x4096x6144][8x4096x6144][8x4096x6144][8x4096x6144][8x4096x6144][8x4096x6144][8x4096x6144][8x4096x6144][8x4096x6144][8x4096x6144][8x4096x6144][8x4096x6144][8x4096x6144][8x4096x6144][8x4096x6144][8x4096x6144][8x4096x6144][8x4096x6144][8x4096x6144][8x4096x6144][8x4096x6144][8x4096x6144][8x4096x6144][8x4096x6144][8x4096x6144][8x4096x6144][8x4096x6144][8x4096x6144][8x4096x6144][8x4096x6144][8x4096x6144][8x4096x6144][8x4096x6144][8x4096x6144][8x4096x6144][8x4096x6144][8x4096x6144][8x4096x6144][8x4096x6144][8x4096x6144][8x4096x6144][8x4096x6144][8x4096x6144][8x4096x6144][8x4096x6144][8x4096x6144][8x4096x6144][8x4096x6144][8x4096x6144][8x4096x6144][8x4096x6144][8x4096x6144][8x4096x6144][8x4096x6144][8x4096x6144][8x4096x6144][8x4096x6144][8x4096x6144][8x4096x6144][8x4096x6144][8x4096x6144][8x4096x6144][8x4096x6144][8x4096x6144][8x4096x6144][8x4096x6144][8x4096x6144][8x4096x6144][8x4096x6144][8x4096x6144][8x4096x6144][8x4096x6144][8x4096x6144][8x4096x6144][8x4096x6144][8x4096x6144][8x4096x6144][8x4096x6144][8x4096x6144][8x4096x6144][8x4096x6144][8x4096x6144][8x4096x6144][8x4096x6144][8x4096x6144][8x4096x6144][8x4096x6144][8x4096x6144][8x4096x6144][8x4096x6144][8x4096x6144][8x4096x6144][8x4096x6144][8x4096x6144][8x4096x6144][8x4096x6144][8x4096x6144][8x4096x6144][8x4096x6144][8x4096x6144][8x4096x6144][8x4096x6144][8x4096x6144][8x4096x6144][8x4096x6144][8x4096x6144][8x4096x6144][8x4096x6144][8x4096x6144][8x4096x6144][8x4096x6144][8x4096x6144][8x4096x6144][8x4096x6144][8x4096x6144][8x4096x6144][8x4096x6144][8x4096x6144][8x4096x6144][8x4096x6144][8x4096x6144][8x4096x6144][8x4096x6144][8x4096x6144][8x4096x6144][8x4096x6144][8x4096x6144][8x4096x6144][8x4096x6144][8x4096x6144][8x4096x6144][8x4096x6144][8x4096x6144][8x4096x6144][8x4096x6144][8x4096x6144][8x4096x6144][8x4096x6144][8x4096x6144][8x4096x6144][8x4096x6144][8x4096x6144][8x4096x6144][8x4096x6144][8x4096x6144][8x4096x6144][8x4096x6144][8x4096x6144][8x4096x6144][8x4096x6144][8x4096x6144][8x4096x6144][8x4096x6144][8x4096x6144][8x4096x6144][8x4096x6144][8x4096x6144][8x4096x6144][8x4096x6144][8x4096x6144][8x4096x6144][8x4096x6144][8x4096x6144][8x4096x6144][8x4096x6144][8x4096x6144][8x4096x6144][8x4096x6144][8x4096x6144][8x4096x6144][8x4096x6144][8x4096x6144][8x4096x6144][8x4096x6144][8x4096x6144][8x4096x6144][8x4096x6144][8x4096x6144][8x4096x6144][8x4096x6144][8x4096x6144][8x4096x6144][8x4096x6144][8x4096x6144][8x4096x6144][8x4096x6144][8x4096x6144][8x4096x6144][8x4096x6144][8x4096x6144][8x4096x6144]',,tensorop,f32,64,128,128,1,1,1,1,1,1,8,4,1,1,64,128,32,100,110,6471811072,103095992320,15,0.90565,6655.27,113836
1,CUTLASS,grouped_gemm,cutlass3x_sm100_tensorop_gemm_grouped_e4m3_e4m3_f32_bf16_e4m3_64x128x128_1x1x1_0_ttt_align16_1sm,passed,success,grouped,,,,,fe4m3:row,fe4m3:row,bf16:row,fe4m3:row,1,0,invalid,invalid,heuristic,1,false,'[8x4096x6144][8x4096x6144][8x4096x6144][8x4096x6144][8x4096x6144][8x4096x6144][8x4096x6144][8x4096x6144][8x4096x6144][8x4096x6144][8x4096x6144][8x4096x6144][8x4096x6144][8x4096x6144][8x4096x6144][8x4096x6144][8x4096x6144][8x4096x6144][8x4096x6144][8x4096x6144][8x4096x6144][8x4096x6144][8x4096x6144][8x4096x6144][8x4096x6144][8x4096x6144][8x4096x6144][8x4096x6144][8x4096x6144][8x4096x6144][8x4096x6144][8x4096x6144][8x4096x6144][8x4096x6144][8x4096x6144][8x4096x6144][8x4096x6144][8x4096x6144][8x4096x6144][8x4096x6144][8x4096x6144][8x4096x6144][8x4096x6144][8x4096x6144][8x4096x6144][8x4096x6144][8x4096x6144][8x4096x6144][8x4096x6144][8x4096x6144][8x4096x6144][8x4096x6144][8x4096x6144][8x4096x6144][8x4096x6144][8x4096x6144][8x4096x6144][8x4096x6144][8x4096x6144][8x4096x6144][8x4096x6144][8x4096x6144][8x4096x6144][8x4096x6144][8x4096x6144][8x4096x6144][8x4096x6144][8x4096x6144][8x4096x6144][8x4096x6144][8x4096x6144][8x4096x6144][8x4096x6144][8x4096x6144][8x4096x6144][8x4096x6144][8x4096x6144][8x4096x6144][8x4096x6144][8x4096x6144][8x4096x6144][8x4096x6144][8x4096x6144][8x4096x6144][8x4096x6144][8x4096x6144][8x4096x6144][8x4096x6144][8x4096x6144][8x4096x6144][8x4096x6144][8x4096x6144][8x4096x6144][8x4096x6144][8x4096x6144][8x4096x6144][8x4096x6144][8x4096x6144][8x4096x6144][8x4096x6144][8x4096x6144][8x4096x6144][8x4096x6144][8x4096x6144][8x4096x6144][8x4096x6144][8x4096x6144][8x4096x6144][8x4096x6144][8x4096x6144][8x4096x6144][8x4096x6144][8x4096x6144][8x4096x6144][8x4096x6144][8x4096x6144][8x4096x6144][8x4096x6144][8x4096x6144][8x4096x6144][8x4096x6144][8x4096x6144][8x4096x6144][8x4096x6144][8x4096x6144][8x4096x6144][8x4096x6144][8x4096x6144][8x4096x6144][8x4096x6144][8x4096x6144][8x4096x6144][8x4096x6144][8x4096x6144][8x4096x6144][8x4096x6144][8x4096x6144][8x4096x6144][8x4096x6144][8x4096x6144][8x4096x6144][8x4096x6144][8x4096x6144][8x4096x6144][8x4096x6144][8x4096x6144][8x4096x6144][8x4096x6144][8x4096x6144][8x4096x6144][8x4096x6144][8x4096x6144][8x4096x6144][8x4096x6144][8x4096x6144][8x4096x6144][8x4096x6144][8x4096x6144][8x4096x6144][8x4096x6144][8x4096x6144][8x4096x6144][8x4096x6144][8x4096x6144][8x4096x6144][8x4096x6144][8x4096x6144][8x4096x6144][8x4096x6144][8x4096x6144][8x4096x6144][8x4096x6144][8x4096x6144][8x4096x6144][8x4096x6144][8x4096x6144][8x4096x6144][8x4096x6144][8x4096x6144][8x4096x6144][8x4096x6144][8x4096x6144][8x4096x6144][8x4096x6144][8x4096x6144][8x4096x6144][8x4096x6144][8x4096x6144][8x4096x6144][8x4096x6144][8x4096x6144][8x4096x6144][8x4096x6144][8x4096x6144][8x4096x6144][8x4096x6144][8x4096x6144][8x4096x6144][8x4096x6144][8x4096x6144][8x4096x6144][8x4096x6144][8x4096x6144][8x4096x6144][8x4096x6144][8x4096x6144][8x4096x6144][8x4096x6144][8x4096x6144][8x4096x6144][8x4096x6144][8x4096x6144][8x4096x6144][8x4096x6144][8x4096x6144][8x4096x6144][8x4096x6144][8x4096x6144][8x4096x6144][8x4096x6144][8x4096x6144][8x4096x6144][8x4096x6144][8x4096x6144][8x4096x6144][8x4096x6144][8x4096x6144][8x4096x6144][8x4096x6144][8x4096x6144][8x4096x6144][8x4096x6144][8x4096x6144][8x4096x6144][8x4096x6144][8x4096x6144][8x4096x6144][8x4096x6144][8x4096x6144][8x4096x6144][8x4096x6144][8x4096x6144][8x4096x6144][8x4096x6144][8x4096x6144][8x4096x6144][8x4096x6144][8x4096x6144][8x4096x6144][8x4096x6144][8x4096x6144][8x4096x6144][8x4096x6144][8x4096x6144][8x4096x6144][8x4096x6144]',,tensorop,f32,64,128,128,1,1,1,1,1,1,8,4,1,1,64,128,32,100,110,6471811072,103095992320,15,0.993755,6065.22,103744
1,CUTLASS,grouped_gemm,cutlass3x_sm100_tensorop_gemm_grouped_e4m3_e4m3_f32_bf16_e4m3_64x128x128_1x1x1_0_ttt_align16_stream_k_1sm,passed,success,grouped,,,,,fe4m3:row,fe4m3:row,bf16:row,fe4m3:row,1,0,invalid,invalid,heuristic,1,false,'[8x4096x6144][8x4096x6144][8x4096x6144][8x4096x6144][8x4096x6144][8x4096x6144][8x4096x6144][8x4096x6144][8x4096x6144][8x4096x6144][8x4096x6144][8x4096x6144][8x4096x6144][8x4096x6144][8x4096x6144][8x4096x6144][8x4096x6144][8x4096x6144][8x4096x6144][8x4096x6144][8x4096x6144][8x4096x6144][8x4096x6144][8x4096x6144][8x4096x6144][8x4096x6144][8x4096x6144][8x4096x6144][8x4096x6144][8x4096x6144][8x4096x6144][8x4096x6144][8x4096x6144][8x4096x6144][8x4096x6144][8x4096x6144][8x4096x6144][8x4096x6144][8x4096x6144][8x4096x6144][8x4096x6144][8x4096x6144][8x4096x6144][8x4096x6144][8x4096x6144][8x4096x6144][8x4096x6144][8x4096x6144][8x4096x6144][8x4096x6144][8x4096x6144][8x4096x6144][8x4096x6144][8x4096x6144][8x4096x6144][8x4096x6144][8x4096x6144][8x4096x6144][8x4096x6144][8x4096x6144][8x4096x6144][8x4096x6144][8x4096x6144][8x4096x6144][8x4096x6144][8x4096x6144][8x4096x6144][8x4096x6144][8x4096x6144][8x4096x6144][8x4096x6144][8x4096x6144][8x4096x6144][8x4096x6144][8x4096x6144][8x4096x6144][8x4096x6144][8x4096x6144][8x4096x6144][8x4096x6144][8x4096x6144][8x4096x6144][8x4096x6144][8x4096x6144][8x4096x6144][8x4096x6144][8x4096x6144][8x4096x6144][8x4096x6144][8x4096x6144][8x4096x6144][8x4096x6144][8x4096x6144][8x4096x6144][8x4096x6144][8x4096x6144][8x4096x6144][8x4096x6144][8x4096x6144][8x4096x6144][8x4096x6144][8x4096x6144][8x4096x6144][8x4096x6144][8x4096x6144][8x4096x6144][8x4096x6144][8x4096x6144][8x4096x6144][8x4096x6144][8x4096x6144][8x4096x6144][8x4096x6144][8x4096x6144][8x4096x6144][8x4096x6144][8x4096x6144][8x4096x6144][8x4096x6144][8x4096x6144][8x4096x6144][8x4096x6144][8x4096x6144][8x4096x6144][8x4096x6144][8x4096x6144][8x4096x6144][8x4096x6144][8x4096x6144][8x4096x6144][8x4096x6144][8x4096x6144][8x4096x6144][8x4096x6144][8x4096x6144][8x4096x6144][8x4096x6144][8x4096x6144][8x4096x6144][8x4096x6144][8x4096x6144][8x4096x6144][8x4096x6144][8x4096x6144][8x4096x6144][8x4096x6144][8x4096x6144][8x4096x6144][8x4096x6144][8x4096x6144][8x4096x6144][8x4096x6144][8x4096x6144][8x4096x6144][8x4096x6144][8x4096x6144][8x4096x6144][8x4096x6144][8x4096x6144][8x4096x6144][8x4096x6144][8x4096x6144][8x4096x6144][8x4096x6144][8x4096x6144][8x4096x6144][8x4096x6144][8x4096x6144][8x4096x6144][8x4096x6144][8x4096x6144][8x4096x6144][8x4096x6144][8x4096x6144][8x4096x6144][8x4096x6144][8x4096x6144][8x4096x6144][8x4096x6144][8x4096x6144][8x4096x6144][8x4096x6144][8x4096x6144][8x4096x6144][8x4096x6144][8x4096x6144][8x4096x6144][8x4096x6144][8x4096x6144][8x4096x6144][8x4096x6144][8x4096x6144][8x4096x6144][8x4096x6144][8x4096x6144][8x4096x6144][8x4096x6144][8x4096x6144][8x4096x6144][8x4096x6144][8x4096x6144][8x4096x6144][8x4096x6144][8x4096x6144][8x4096x6144][8x4096x6144][8x4096x6144][8x4096x6144][8x4096x6144][8x4096x6144][8x4096x6144][8x4096x6144][8x4096x6144][8x4096x6144][8x4096x6144][8x4096x6144][8x4096x6144][8x4096x6144][8x4096x6144][8x4096x6144][8x4096x6144][8x4096x6144][8x4096x6144][8x4096x6144][8x4096x6144][8x4096x6144][8x4096x6144][8x4096x6144][8x4096x6144][8x4096x6144][8x4096x6144][8x4096x6144][8x4096x6144][8x4096x6144][8x4096x6144][8x4096x6144][8x4096x6144][8x4096x6144][8x4096x6144][8x4096x6144][8x4096x6144][8x4096x6144][8x4096x6144][8x4096x6144][8x4096x6144][8x4096x6144][8x4096x6144][8x4096x6144][8x4096x6144][8x4096x6144][8x4096x6144][8x4096x6144][8x4096x6144][8x4096x6144][8x4096x6144][8x4096x6144]',,tensorop,f32,64,128,128,1,1,1,1,1,1,8,4,1,1,64,128,32,100,110,6471811072,103095992320,15,0.993909,6064.28,103728
1,CUTLASS,grouped_gemm,cutlass3x_sm100_tensorop_gemm_grouped_e4m3_e4m3_f32_bf16_e4m3_64x128x128_1x2x1_0_tnt_align16_1sm,passed,success,grouped,,,,,fe4m3:row,fe4m3:column,bf16:row,fe4m3:row,1,0,invalid,invalid,heuristic,1,false,'[8x4096x6144][8x4096x6144][8x4096x6144][8x4096x6144][8x4096x6144][8x4096x6144][8x4096x6144][8x4096x6144][8x4096x6144][8x4096x6144][8x4096x6144][8x4096x6144][8x4096x6144][8x4096x6144][8x4096x6144][8x4096x6144][8x4096x6144][8x4096x6144][8x4096x6144][8x4096x6144][8x4096x6144][8x4096x6144][8x4096x6144][8x4096x6144][8x4096x6144][8x4096x6144][8x4096x6144][8x4096x6144][8x4096x6144][8x4096x6144][8x4096x6144][8x4096x6144][8x4096x6144][8x4096x6144][8x4096x6144][8x4096x6144][8x4096x6144][8x4096x6144][8x4096x6144][8x4096x6144][8x4096x6144][8x4096x6144][8x4096x6144][8x4096x6144][8x4096x6144][8x4096x6144][8x4096x6144][8x4096x6144][8x4096x6144][8x4096x6144][8x4096x6144][8x4096x6144][8x4096x6144][8x4096x6144][8x4096x6144][8x4096x6144][8x4096x6144][8x4096x6144][8x4096x6144][8x4096x6144][8x4096x6144][8x4096x6144][8x4096x6144][8x4096x6144][8x4096x6144][8x4096x6144][8x4096x6144][8x4096x6144][8x4096x6144][8x4096x6144][8x4096x6144][8x4096x6144][8x4096x6144][8x4096x6144][8x4096x6144][8x4096x6144][8x4096x6144][8x4096x6144][8x4096x6144][8x4096x6144][8x4096x6144][8x4096x6144][8x4096x6144][8x4096x6144][8x4096x6144][8x4096x6144][8x4096x6144][8x4096x6144][8x4096x6144][8x4096x6144][8x4096x6144][8x4096x6144][8x4096x6144][8x4096x6144][8x4096x6144][8x4096x6144][8x4096x6144][8x4096x6144][8x4096x6144][8x4096x6144][8x4096x6144][8x4096x6144][8x4096x6144][8x4096x6144][8x4096x6144][8x4096x6144][8x4096x6144][8x4096x6144][8x4096x6144][8x4096x6144][8x4096x6144][8x4096x6144][8x4096x6144][8x4096x6144][8x4096x6144][8x4096x6144][8x4096x6144][8x4096x6144][8x4096x6144][8x4096x6144][8x4096x6144][8x4096x6144][8x4096x6144][8x4096x6144][8x4096x6144][8x4096x6144][8x4096x6144][8x4096x6144][8x4096x6144][8x4096x6144][8x4096x6144][8x4096x6144][8x4096x6144][8x4096x6144][8x4096x6144][8x4096x6144][8x4096x6144][8x4096x6144][8x4096x6144][8x4096x6144][8x4096x6144][8x4096x6144][8x4096x6144][8x4096x6144][8x4096x6144][8x4096x6144][8x4096x6144][8x4096x6144][8x4096x6144][8x4096x6144][8x4096x6144][8x4096x6144][8x4096x6144][8x4096x6144][8x4096x6144][8x4096x6144][8x4096x6144][8x4096x6144][8x4096x6144][8x4096x6144][8x4096x6144][8x4096x6144][8x4096x6144][8x4096x6144][8x4096x6144][8x4096x6144][8x4096x6144][8x4096x6144][8x4096x6144][8x4096x6144][8x4096x6144][8x4096x6144][8x4096x6144][8x4096x6144][8x4096x6144][8x4096x6144][8x4096x6144][8x4096x6144][8x4096x6144][8x4096x6144][8x4096x6144][8x4096x6144][8x4096x6144][8x4096x6144][8x4096x6144][8x4096x6144][8x4096x6144][8x4096x6144][8x4096x6144][8x4096x6144][8x4096x6144][8x4096x6144][8x4096x6144][8x4096x6144][8x4096x6144][8x4096x6144][8x4096x6144][8x4096x6144][8x4096x6144][8x4096x6144][8x4096x6144][8x4096x6144][8x4096x6144][8x4096x6144][8x4096x6144][8x4096x6144][8x4096x6144][8x4096x6144][8x4096x6144][8x4096x6144][8x4096x6144][8x4096x6144][8x4096x6144][8x4096x6144][8x4096x6144][8x4096x6144][8x4096x6144][8x4096x6144][8x4096x6144][8x4096x6144][8x4096x6144][8x4096x6144][8x4096x6144][8x4096x6144][8x4096x6144][8x4096x6144][8x4096x6144][8x4096x6144][8x4096x6144][8x4096x6144][8x4096x6144][8x4096x6144][8x4096x6144][8x4096x6144][8x4096x6144][8x4096x6144][8x4096x6144][8x4096x6144][8x4096x6144][8x4096x6144][8x4096x6144][8x4096x6144][8x4096x6144][8x4096x6144][8x4096x6144][8x4096x6144][8x4096x6144][8x4096x6144][8x4096x6144][8x4096x6144][8x4096x6144][8x4096x6144][8x4096x6144][8x4096x6144][8x4096x6144][8x4096x6144]',,tensorop,f32,64,128,128,1,2,1,1,1,1,8,4,1,1,64,128,32,100,110,6471811072,103095992320,15,0.908723,6632.77,113452
1,CUTLASS,grouped_gemm,cutlass3x_sm100_tensorop_gemm_grouped_e4m3_e4m3_f32_bf16_e4m3_64x128x128_1x2x1_0_tnt_align16_stream_k_1sm,passed,success,grouped,,,,,fe4m3:row,fe4m3:column,bf16:row,fe4m3:row,1,0,invalid,invalid,heuristic,1,false,'[8x4096x6144][8x4096x6144][8x4096x6144][8x4096x6144][8x4096x6144][8x4096x6144][8x4096x6144][8x4096x6144][8x4096x6144][8x4096x6144][8x4096x6144][8x4096x6144][8x4096x6144][8x4096x6144][8x4096x6144][8x4096x6144][8x4096x6144][8x4096x6144][8x4096x6144][8x4096x6144][8x4096x6144][8x4096x6144][8x4096x6144][8x4096x6144][8x4096x6144][8x4096x6144][8x4096x6144][8x4096x6144][8x4096x6144][8x4096x6144][8x4096x6144][8x4096x6144][8x4096x6144][8x4096x6144][8x4096x6144][8x4096x6144][8x4096x6144][8x4096x6144][8x4096x6144][8x4096x6144][8x4096x6144][8x4096x6144][8x4096x6144][8x4096x6144][8x4096x6144][8x4096x6144][8x4096x6144][8x4096x6144][8x4096x6144][8x4096x6144][8x4096x6144][8x4096x6144][8x4096x6144][8x4096x6144][8x4096x6144][8x4096x6144][8x4096x6144][8x4096x6144][8x4096x6144][8x4096x6144][8x4096x6144][8x4096x6144][8x4096x6144][8x4096x6144][8x4096x6144][8x4096x6144][8x4096x6144][8x4096x6144][8x4096x6144][8x4096x6144][8x4096x6144][8x4096x6144][8x4096x6144][8x4096x6144][8x4096x6144][8x4096x6144][8x4096x6144][8x4096x6144][8x4096x6144][8x4096x6144][8x4096x6144][8x4096x6144][8x4096x6144][8x4096x6144][8x4096x6144][8x4096x6144][8x4096x6144][8x4096x6144][8x4096x6144][8x4096x6144][8x4096x6144][8x4096x6144][8x4096x6144][8x4096x6144][8x4096x6144][8x4096x6144][8x4096x6144][8x4096x6144][8x4096x6144][8x4096x6144][8x4096x6144][8x4096x6144][8x4096x6144][8x4096x6144][8x4096x6144][8x4096x6144][8x4096x6144][8x4096x6144][8x4096x6144][8x4096x6144][8x4096x6144][8x4096x6144][8x4096x6144][8x4096x6144][8x4096x6144][8x4096x6144][8x4096x6144][8x4096x6144][8x4096x6144][8x4096x6144][8x4096x6144][8x4096x6144][8x4096x6144][8x4096x6144][8x4096x6144][8x4096x6144][8x4096x6144][8x4096x6144][8x4096x6144][8x4096x6144][8x4096x6144][8x4096x6144][8x4096x6144][8x4096x6144][8x4096x6144][8x4096x6144][8x4096x6144][8x4096x6144][8x4096x6144][8x4096x6144][8x4096x6144][8x4096x6144][8x4096x6144][8x4096x6144][8x4096x6144][8x4096x6144][8x4096x6144][8x4096x6144][8x4096x6144][8x4096x6144][8x4096x6144][8x4096x6144][8x4096x6144][8x4096x6144][8x4096x6144][8x4096x6144][8x4096x6144][8x4096x6144][8x4096x6144][8x4096x6144][8x4096x6144][8x4096x6144][8x4096x6144][8x4096x6144][8x4096x6144][8x4096x6144][8x4096x6144][8x4096x6144][8x4096x6144][8x4096x6144][8x4096x6144][8x4096x6144][8x4096x6144][8x4096x6144][8x4096x6144][8x4096x6144][8x4096x6144][8x4096x6144][8x4096x6144][8x4096x6144][8x4096x6144][8x4096x6144][8x4096x6144][8x4096x6144][8x4096x6144][8x4096x6144][8x4096x6144][8x4096x6144][8x4096x6144][8x4096x6144][8x4096x6144][8x4096x6144][8x4096x6144][8x4096x6144][8x4096x6144][8x4096x6144][8x4096x6144][8x4096x6144][8x4096x6144][8x4096x6144][8x4096x6144][8x4096x6144][8x4096x6144][8x4096x6144][8x4096x6144][8x4096x6144][8x4096x6144][8x4096x6144][8x4096x6144][8x4096x6144][8x4096x6144][8x4096x6144][8x4096x6144][8x4096x6144][8x4096x6144][8x4096x6144][8x4096x6144][8x4096x6144][8x4096x6144][8x4096x6144][8x4096x6144][8x4096x6144][8x4096x6144][8x4096x6144][8x4096x6144][8x4096x6144][8x4096x6144][8x4096x6144][8x4096x6144][8x4096x6144][8x4096x6144][8x4096x6144][8x4096x6144][8x4096x6144][8x4096x6144][8x4096x6144][8x4096x6144][8x4096x6144][8x4096x6144][8x4096x6144][8x4096x6144][8x4096x6144][8x4096x6144][8x4096x6144][8x4096x6144][8x4096x6144][8x4096x6144][8x4096x6144][8x4096x6144][8x4096x6144][8x4096x6144][8x4096x6144][8x4096x6144][8x4096x6144][8x4096x6144][8x4096x6144]',,tensorop,f32,64,128,128,1,2,1,1,1,1,8,4,1,1,64,128,32,100,110,6471811072,103095992320,15,0.908867,6631.71,113433
1,CUTLASS,grouped_gemm,cutlass3x_sm100_tensorop_gemm_grouped_e4m3_e4m3_f32_bf16_e4m3_64x128x128_1x2x1_0_ttt_align16_1sm,passed,success,grouped,,,,,fe4m3:row,fe4m3:row,bf16:row,fe4m3:row,1,0,invalid,invalid,heuristic,1,false,'[8x4096x6144][8x4096x6144][8x4096x6144][8x4096x6144][8x4096x6144][8x4096x6144][8x4096x6144][8x4096x6144][8x4096x6144][8x4096x6144][8x4096x6144][8x4096x6144][8x4096x6144][8x4096x6144][8x4096x6144][8x4096x6144][8x4096x6144][8x4096x6144][8x4096x6144][8x4096x6144][8x4096x6144][8x4096x6144][8x4096x6144][8x4096x6144][8x4096x6144][8x4096x6144][8x4096x6144][8x4096x6144][8x4096x6144][8x4096x6144][8x4096x6144][8x4096x6144][8x4096x6144][8x4096x6144][8x4096x6144][8x4096x6144][8x4096x6144][8x4096x6144][8x4096x6144][8x4096x6144][8x4096x6144][8x4096x6144][8x4096x6144][8x4096x6144][8x4096x6144][8x4096x6144][8x4096x6144][8x4096x6144][8x4096x6144][8x4096x6144][8x4096x6144][8x4096x6144][8x4096x6144][8x4096x6144][8x4096x6144][8x4096x6144][8x4096x6144][8x4096x6144][8x4096x6144][8x4096x6144][8x4096x6144][8x4096x6144][8x4096x6144][8x4096x6144][8x4096x6144][8x4096x6144][8x4096x6144][8x4096x6144][8x4096x6144][8x4096x6144][8x4096x6144][8x4096x6144][8x4096x6144][8x4096x6144][8x4096x6144][8x4096x6144][8x4096x6144][8x4096x6144][8x4096x6144][8x4096x6144][8x4096x6144][8x4096x6144][8x4096x6144][8x4096x6144][8x4096x6144][8x4096x6144][8x4096x6144][8x4096x6144][8x4096x6144][8x4096x6144][8x4096x6144][8x4096x6144][8x4096x6144][8x4096x6144][8x4096x6144][8x4096x6144][8x4096x6144][8x4096x6144][8x4096x6144][8x4096x6144][8x4096x6144][8x4096x6144][8x4096x6144][8x4096x6144][8x4096x6144][8x4096x6144][8x4096x6144][8x4096x6144][8x4096x6144][8x4096x6144][8x4096x6144][8x4096x6144][8x4096x6144][8x4096x6144][8x4096x6144][8x4096x6144][8x4096x6144][8x4096x6144][8x4096x6144][8x4096x6144][8x4096x6144][8x4096x6144][8x4096x6144][8x4096x6144][8x4096x6144][8x4096x6144][8x4096x6144][8x4096x6144][8x4096x6144][8x4096x6144][8x4096x6144][8x4096x6144][8x4096x6144][8x4096x6144][8x4096x6144][8x4096x6144][8x4096x6144][8x4096x6144][8x4096x6144][8x4096x6144][8x4096x6144][8x4096x6144][8x4096x6144][8x4096x6144][8x4096x6144][8x4096x6144][8x4096x6144][8x4096x6144][8x4096x6144][8x4096x6144][8x4096x6144][8x4096x6144][8x4096x6144][8x4096x6144][8x4096x6144][8x4096x6144][8x4096x6144][8x4096x6144][8x4096x6144][8x4096x6144][8x4096x6144][8x4096x6144][8x4096x6144][8x4096x6144][8x4096x6144][8x4096x6144][8x4096x6144][8x4096x6144][8x4096x6144][8x4096x6144][8x4096x6144][8x4096x6144][8x4096x6144][8x4096x6144][8x4096x6144][8x4096x6144][8x4096x6144][8x4096x6144][8x4096x6144][8x4096x6144][8x4096x6144][8x4096x6144][8x4096x6144][8x4096x6144][8x4096x6144][8x4096x6144][8x4096x6144][8x4096x6144][8x4096x6144][8x4096x6144][8x4096x6144][8x4096x6144][8x4096x6144][8x4096x6144][8x4096x6144][8x4096x6144][8x4096x6144][8x4096x6144][8x4096x6144][8x4096x6144][8x4096x6144][8x4096x6144][8x4096x6144][8x4096x6144][8x4096x6144][8x4096x6144][8x4096x6144][8x4096x6144][8x4096x6144][8x4096x6144][8x4096x6144][8x4096x6144][8x4096x6144][8x4096x6144][8x4096x6144][8x4096x6144][8x4096x6144][8x4096x6144][8x4096x6144][8x4096x6144][8x4096x6144][8x4096x6144][8x4096x6144][8x4096x6144][8x4096x6144][8x4096x6144][8x4096x6144][8x4096x6144][8x4096x6144][8x4096x6144][8x4096x6144][8x4096x6144][8x4096x6144][8x4096x6144][8x4096x6144][8x4096x6144][8x4096x6144][8x4096x6144][8x4096x6144][8x4096x6144][8x4096x6144][8x4096x6144][8x4096x6144][8x4096x6144][8x4096x6144][8x4096x6144][8x4096x6144][8x4096x6144][8x4096x6144][8x4096x6144][8x4096x6144][8x4096x6144][8x4096x6144][8x4096x6144][8x4096x6144][8x4096x6144]',,tensorop,f32,64,128,128,1,2,1,1,1,1,8,4,1,1,64,128,32,100,110,6471811072,103095992320,15,0.89414,6740.94,115302
1,CUTLASS,grouped_gemm,cutlass3x_sm100_tensorop_gemm_grouped_e4m3_e4m3_f32_bf16_e4m3_64x128x128_1x2x1_0_ttt_align16_stream_k_1sm,passed,success,grouped,,,,,fe4m3:row,fe4m3:row,bf16:row,fe4m3:row,1,0,invalid,invalid,heuristic,1,false,'[8x4096x6144][8x4096x6144][8x4096x6144][8x4096x6144][8x4096x6144][8x4096x6144][8x4096x6144][8x4096x6144][8x4096x6144][8x4096x6144][8x4096x6144][8x4096x6144][8x4096x6144][8x4096x6144][8x4096x6144][8x4096x6144][8x4096x6144][8x4096x6144][8x4096x6144][8x4096x6144][8x4096x6144][8x4096x6144][8x4096x6144][8x4096x6144][8x4096x6144][8x4096x6144][8x4096x6144][8x4096x6144][8x4096x6144][8x4096x6144][8x4096x6144][8x4096x6144][8x4096x6144][8x4096x6144][8x4096x6144][8x4096x6144][8x4096x6144][8x4096x6144][8x4096x6144][8x4096x6144][8x4096x6144][8x4096x6144][8x4096x6144][8x4096x6144][8x4096x6144][8x4096x6144][8x4096x6144][8x4096x6144][8x4096x6144][8x4096x6144][8x4096x6144][8x4096x6144][8x4096x6144][8x4096x6144][8x4096x6144][8x4096x6144][8x4096x6144][8x4096x6144][8x4096x6144][8x4096x6144][8x4096x6144][8x4096x6144][8x4096x6144][8x4096x6144][8x4096x6144][8x4096x6144][8x4096x6144][8x4096x6144][8x4096x6144][8x4096x6144][8x4096x6144][8x4096x6144][8x4096x6144][8x4096x6144][8x4096x6144][8x4096x6144][8x4096x6144][8x4096x6144][8x4096x6144][8x4096x6144][8x4096x6144][8x4096x6144][8x4096x6144][8x4096x6144][8x4096x6144][8x4096x6144][8x4096x6144][8x4096x6144][8x4096x6144][8x4096x6144][8x4096x6144][8x4096x6144][8x4096x6144][8x4096x6144][8x4096x6144][8x4096x6144][8x4096x6144][8x4096x6144][8x4096x6144][8x4096x6144][8x4096x6144][8x4096x6144][8x4096x6144][8x4096x6144][8x4096x6144][8x4096x6144][8x4096x6144][8x4096x6144][8x4096x6144][8x4096x6144][8x4096x6144][8x4096x6144][8x4096x6144][8x4096x6144][8x4096x6144][8x4096x6144][8x4096x6144][8x4096x6144][8x4096x6144][8x4096x6144][8x4096x6144][8x4096x6144][8x4096x6144][8x4096x6144][8x4096x6144][8x4096x6144][8x4096x6144][8x4096x6144][8x4096x6144][8x4096x6144][8x4096x6144][8x4096x6144][8x4096x6144][8x4096x6144][8x4096x6144][8x4096x6144][8x4096x6144][8x4096x6144][8x4096x6144][8x4096x6144][8x4096x6144][8x4096x6144][8x4096x6144][8x4096x6144][8x4096x6144][8x4096x6144][8x4096x6144][8x4096x6144][8x4096x6144][8x4096x6144][8x4096x6144][8x4096x6144][8x4096x6144][8x4096x6144][8x4096x6144][8x4096x6144][8x4096x6144][8x4096x6144][8x4096x6144][8x4096x6144][8x4096x6144][8x4096x6144][8x4096x6144][8x4096x6144][8x4096x6144][8x4096x6144][8x4096x6144][8x4096x6144][8x4096x6144][8x4096x6144][8x4096x6144][8x4096x6144][8x4096x6144][8x4096x6144][8x4096x6144][8x4096x6144][8x4096x6144][8x4096x6144][8x4096x6144][8x4096x6144][8x4096x6144][8x4096x6144][8x4096x6144][8x4096x6144][8x4096x6144][8x4096x6144][8x4096x6144][8x4096x6144][8x4096x6144][8x4096x6144][8x4096x6144][8x4096x6144][8x4096x6144][8x4096x6144][8x4096x6144][8x4096x6144][8x4096x6144][8x4096x6144][8x4096x6144][8x4096x6144][8x4096x6144][8x4096x6144][8x4096x6144][8x4096x6144][8x4096x6144][8x4096x6144][8x4096x6144][8x4096x6144][8x4096x6144][8x4096x6144][8x4096x6144][8x4096x6144][8x4096x6144][8x4096x6144][8x4096x6144][8x4096x6144][8x4096x6144][8x4096x6144][8x4096x6144][8x4096x6144][8x4096x6144][8x4096x6144][8x4096x6144][8x4096x6144][8x4096x6144][8x4096x6144][8x4096x6144][8x4096x6144][8x4096x6144][8x4096x6144][8x4096x6144][8x4096x6144][8x4096x6144][8x4096x6144][8x4096x6144][8x4096x6144][8x4096x6144][8x4096x6144][8x4096x6144][8x4096x6144][8x4096x6144][8x4096x6144][8x4096x6144][8x4096x6144][8x4096x6144][8x4096x6144][8x4096x6144][8x4096x6144][8x4096x6144][8x4096x6144][8x4096x6144][8x4096x6144][8x4096x6144][8x4096x6144][8x4096x6144][8x4096x6144]',,tensorop,f32,64,128,128,1,2,1,1,1,1,8,4,1,1,64,128,32,100,110,6471811072,103095992320,15,0.894161,6740.78,115299
1,CUTLASS,grouped_gemm,cutlass3x_sm100_tensorop_gemm_grouped_e4m3_e4m3_f32_bf16_e4m3_64x128x128_2x1x1_0_tnt_align16_1sm,passed,success,grouped,,,,,fe4m3:row,fe4m3:column,bf16:row,fe4m3:row,1,0,invalid,invalid,heuristic,1,false,'[8x4096x6144][8x4096x6144][8x4096x6144][8x4096x6144][8x4096x6144][8x4096x6144][8x4096x6144][8x4096x6144][8x4096x6144][8x4096x6144][8x4096x6144][8x4096x6144][8x4096x6144][8x4096x6144][8x4096x6144][8x4096x6144][8x4096x6144][8x4096x6144][8x4096x6144][8x4096x6144][8x4096x6144][8x4096x6144][8x4096x6144][8x4096x6144][8x4096x6144][8x4096x6144][8x4096x6144][8x4096x6144][8x4096x6144][8x4096x6144][8x4096x6144][8x4096x6144][8x4096x6144][8x4096x6144][8x4096x6144][8x4096x6144][8x4096x6144][8x4096x6144][8x4096x6144][8x4096x6144][8x4096x6144][8x4096x6144][8x4096x6144][8x4096x6144][8x4096x6144][8x4096x6144][8x4096x6144][8x4096x6144][8x4096x6144][8x4096x6144][8x4096x6144][8x4096x6144][8x4096x6144][8x4096x6144][8x4096x6144][8x4096x6144][8x4096x6144][8x4096x6144][8x4096x6144][8x4096x6144][8x4096x6144][8x4096x6144][8x4096x6144][8x4096x6144][8x4096x6144][8x4096x6144][8x4096x6144][8x4096x6144][8x4096x6144][8x4096x6144][8x4096x6144][8x4096x6144][8x4096x6144][8x4096x6144][8x4096x6144][8x4096x6144][8x4096x6144][8x4096x6144][8x4096x6144][8x4096x6144][8x4096x6144][8x4096x6144][8x4096x6144][8x4096x6144][8x4096x6144][8x4096x6144][8x4096x6144][8x4096x6144][8x4096x6144][8x4096x6144][8x4096x6144][8x4096x6144][8x4096x6144][8x4096x6144][8x4096x6144][8x4096x6144][8x4096x6144][8x4096x6144][8x4096x6144][8x4096x6144][8x4096x6144][8x4096x6144][8x4096x6144][8x4096x6144][8x4096x6144][8x4096x6144][8x4096x6144][8x4096x6144][8x4096x6144][8x4096x6144][8x4096x6144][8x4096x6144][8x4096x6144][8x4096x6144][8x4096x6144][8x4096x6144][8x4096x6144][8x4096x6144][8x4096x6144][8x4096x6144][8x4096x6144][8x4096x6144][8x4096x6144][8x4096x6144][8x4096x6144][8x4096x6144][8x4096x6144][8x4096x6144][8x4096x6144][8x4096x6144][8x4096x6144][8x4096x6144][8x4096x6144][8x4096x6144][8x4096x6144][8x4096x6144][8x4096x6144][8x4096x6144][8x4096x6144][8x4096x6144][8x4096x6144][8x4096x6144][8x4096x6144][8x4096x6144][8x4096x6144][8x4096x6144][8x4096x6144][8x4096x6144][8x4096x6144][8x4096x6144][8x4096x6144][8x4096x6144][8x4096x6144][8x4096x6144][8x4096x6144][8x4096x6144][8x4096x6144][8x4096x6144][8x4096x6144][8x4096x6144][8x4096x6144][8x4096x6144][8x4096x6144][8x4096x6144][8x4096x6144][8x4096x6144][8x4096x6144][8x4096x6144][8x4096x6144][8x4096x6144][8x4096x6144][8x4096x6144][8x4096x6144][8x4096x6144][8x4096x6144][8x4096x6144][8x4096x6144][8x4096x6144][8x4096x6144][8x4096x6144][8x4096x6144][8x4096x6144][8x4096x6144][8x4096x6144][8x4096x6144][8x4096x6144][8x4096x6144][8x4096x6144][8x4096x6144][8x4096x6144][8x4096x6144][8x4096x6144][8x4096x6144][8x4096x6144][8x4096x6144][8x4096x6144][8x4096x6144][8x4096x6144][8x4096x6144][8x4096x6144][8x4096x6144][8x4096x6144][8x4096x6144][8x4096x6144][8x4096x6144][8x4096x6144][8x4096x6144][8x4096x6144][8x4096x6144][8x4096x6144][8x4096x6144][8x4096x6144][8x4096x6144][8x4096x6144][8x4096x6144][8x4096x6144][8x4096x6144][8x4096x6144][8x4096x6144][8x4096x6144][8x4096x6144][8x4096x6144][8x4096x6144][8x4096x6144][8x4096x6144][8x4096x6144][8x4096x6144][8x4096x6144][8x4096x6144][8x4096x6144][8x4096x6144][8x4096x6144][8x4096x6144][8x4096x6144][8x4096x6144][8x4096x6144][8x4096x6144][8x4096x6144][8x4096x6144][8x4096x6144][8x4096x6144][8x4096x6144][8x4096x6144][8x4096x6144][8x4096x6144][8x4096x6144][8x4096x6144][8x4096x6144][8x4096x6144][8x4096x6144][8x4096x6144][8x4096x6144][8x4096x6144][8x4096x6144][8x4096x6144][8x4096x6144]',,tensorop,f32,64,128,128,2,1,1,1,1,1,8,4,1,1,64,128,32,100,110,6471811072,103095992320,15,1.14153,5280.06,90314
1,CUTLASS,grouped_gemm,cutlass3x_sm100_tensorop_gemm_grouped_e4m3_e4m3_f32_bf16_e4m3_64x128x128_2x1x1_0_tnt_align16_stream_k_1sm,passed,success,grouped,,,,,fe4m3:row,fe4m3:column,bf16:row,fe4m3:row,1,0,invalid,invalid,heuristic,1,false,'[8x4096x6144][8x4096x6144][8x4096x6144][8x4096x6144][8x4096x6144][8x4096x6144][8x4096x6144][8x4096x6144][8x4096x6144][8x4096x6144][8x4096x6144][8x4096x6144][8x4096x6144][8x4096x6144][8x4096x6144][8x4096x6144][8x4096x6144][8x4096x6144][8x4096x6144][8x4096x6144][8x4096x6144][8x4096x6144][8x4096x6144][8x4096x6144][8x4096x6144][8x4096x6144][8x4096x6144][8x4096x6144][8x4096x6144][8x4096x6144][8x4096x6144][8x4096x6144][8x4096x6144][8x4096x6144][8x4096x6144][8x4096x6144][8x4096x6144][8x4096x6144][8x4096x6144][8x4096x6144][8x4096x6144][8x4096x6144][8x4096x6144][8x4096x6144][8x4096x6144][8x4096x6144][8x4096x6144][8x4096x6144][8x4096x6144][8x4096x6144][8x4096x6144][8x4096x6144][8x4096x6144][8x4096x6144][8x4096x6144][8x4096x6144][8x4096x6144][8x4096x6144][8x4096x6144][8x4096x6144][8x4096x6144][8x4096x6144][8x4096x6144][8x4096x6144][8x4096x6144][8x4096x6144][8x4096x6144][8x4096x6144][8x4096x6144][8x4096x6144][8x4096x6144][8x4096x6144][8x4096x6144][8x4096x6144][8x4096x6144][8x4096x6144][8x4096x6144][8x4096x6144][8x4096x6144][8x4096x6144][8x4096x6144][8x4096x6144][8x4096x6144][8x4096x6144][8x4096x6144][8x4096x6144][8x4096x6144][8x4096x6144][8x4096x6144][8x4096x6144][8x4096x6144][8x4096x6144][8x4096x6144][8x4096x6144][8x4096x6144][8x4096x6144][8x4096x6144][8x4096x6144][8x4096x6144][8x4096x6144][8x4096x6144][8x4096x6144][8x4096x6144][8x4096x6144][8x4096x6144][8x4096x6144][8x4096x6144][8x4096x6144][8x4096x6144][8x4096x6144][8x4096x6144][8x4096x6144][8x4096x6144][8x4096x6144][8x4096x6144][8x4096x6144][8x4096x6144][8x4096x6144][8x4096x6144][8x4096x6144][8x4096x6144][8x4096x6144][8x4096x6144][8x4096x6144][8x4096x6144][8x4096x6144][8x4096x6144][8x4096x6144][8x4096x6144][8x4096x6144][8x4096x6144][8x4096x6144][8x4096x6144][8x4096x6144][8x4096x6144][8x4096x6144][8x4096x6144][8x4096x6144][8x4096x6144][8x4096x6144][8x4096x6144][8x4096x6144][8x4096x6144][8x4096x6144][8x4096x6144][8x4096x6144][8x4096x6144][8x4096x6144][8x4096x6144][8x4096x6144][8x4096x6144][8x4096x6144][8x4096x6144][8x4096x6144][8x4096x6144][8x4096x6144][8x4096x6144][8x4096x6144][8x4096x6144][8x4096x6144][8x4096x6144][8x4096x6144][8x4096x6144][8x4096x6144][8x4096x6144][8x4096x6144][8x4096x6144][8x4096x6144][8x4096x6144][8x4096x6144][8x4096x6144][8x4096x6144][8x4096x6144][8x4096x6144][8x4096x6144][8x4096x6144][8x4096x6144][8x4096x6144][8x4096x6144][8x4096x6144][8x4096x6144][8x4096x6144][8x4096x6144][8x4096x6144][8x4096x6144][8x4096x6144][8x4096x6144][8x4096x6144][8x4096x6144][8x4096x6144][8x4096x6144][8x4096x6144][8x4096x6144][8x4096x6144][8x4096x6144][8x4096x6144][8x4096x6144][8x4096x6144][8x4096x6144][8x4096x6144][8x4096x6144][8x4096x6144][8x4096x6144][8x4096x6144][8x4096x6144][8x4096x6144][8x4096x6144][8x4096x6144][8x4096x6144][8x4096x6144][8x4096x6144][8x4096x6144][8x4096x6144][8x4096x6144][8x4096x6144][8x4096x6144][8x4096x6144][8x4096x6144][8x4096x6144][8x4096x6144][8x4096x6144][8x4096x6144][8x4096x6144][8x4096x6144][8x4096x6144][8x4096x6144][8x4096x6144][8x4096x6144][8x4096x6144][8x4096x6144][8x4096x6144][8x4096x6144][8x4096x6144][8x4096x6144][8x4096x6144][8x4096x6144][8x4096x6144][8x4096x6144][8x4096x6144][8x4096x6144][8x4096x6144][8x4096x6144][8x4096x6144][8x4096x6144][8x4096x6144][8x4096x6144][8x4096x6144][8x4096x6144][8x4096x6144][8x4096x6144][8x4096x6144][8x4096x6144][8x4096x6144][8x4096x6144][8x4096x6144][8x4096x6144]',,tensorop,f32,64,128,128,2,1,1,1,1,1,8,4,1,1,64,128,32,100,110,6471811072,103095992320,15,1.14334,5271.69,90170.8
1,CUTLASS,grouped_gemm,cutlass3x_sm100_tensorop_gemm_grouped_e4m3_e4m3_f32_bf16_e4m3_64x128x128_2x1x1_0_ttt_align16_1sm,passed,success,grouped,,,,,fe4m3:row,fe4m3:row,bf16:row,fe4m3:row,1,0,invalid,invalid,heuristic,1,false,'[8x4096x6144][8x4096x6144][8x4096x6144][8x4096x6144][8x4096x6144][8x4096x6144][8x4096x6144][8x4096x6144][8x4096x6144][8x4096x6144][8x4096x6144][8x4096x6144][8x4096x6144][8x4096x6144][8x4096x6144][8x4096x6144][8x4096x6144][8x4096x6144][8x4096x6144][8x4096x6144][8x4096x6144][8x4096x6144][8x4096x6144][8x4096x6144][8x4096x6144][8x4096x6144][8x4096x6144][8x4096x6144][8x4096x6144][8x4096x6144][8x4096x6144][8x4096x6144][8x4096x6144][8x4096x6144][8x4096x6144][8x4096x6144][8x4096x6144][8x4096x6144][8x4096x6144][8x4096x6144][8x4096x6144][8x4096x6144][8x4096x6144][8x4096x6144][8x4096x6144][8x4096x6144][8x4096x6144][8x4096x6144][8x4096x6144][8x4096x6144][8x4096x6144][8x4096x6144][8x4096x6144][8x4096x6144][8x4096x6144][8x4096x6144][8x4096x6144][8x4096x6144][8x4096x6144][8x4096x6144][8x4096x6144][8x4096x6144][8x4096x6144][8x4096x6144][8x4096x6144][8x4096x6144][8x4096x6144][8x4096x6144][8x4096x6144][8x4096x6144][8x4096x6144][8x4096x6144][8x4096x6144][8x4096x6144][8x4096x6144][8x4096x6144][8x4096x6144][8x4096x6144][8x4096x6144][8x4096x6144][8x4096x6144][8x4096x6144][8x4096x6144][8x4096x6144][8x4096x6144][8x4096x6144][8x4096x6144][8x4096x6144][8x4096x6144][8x4096x6144][8x4096x6144][8x4096x6144][8x4096x6144][8x4096x6144][8x4096x6144][8x4096x6144][8x4096x6144][8x4096x6144][8x4096x6144][8x4096x6144][8x4096x6144][8x4096x6144][8x4096x6144][8x4096x6144][8x4096x6144][8x4096x6144][8x4096x6144][8x4096x6144][8x4096x6144][8x4096x6144][8x4096x6144][8x4096x6144][8x4096x6144][8x4096x6144][8x4096x6144][8x4096x6144][8x4096x6144][8x4096x6144][8x4096x6144][8x4096x6144][8x4096x6144][8x4096x6144][8x4096x6144][8x4096x6144][8x4096x6144][8x4096x6144][8x4096x6144][8x4096x6144][8x4096x6144][8x4096x6144][8x4096x6144][8x4096x6144][8x4096x6144][8x4096x6144][8x4096x6144][8x4096x6144][8x4096x6144][8x4096x6144][8x4096x6144][8x4096x6144][8x4096x6144][8x4096x6144][8x4096x6144][8x4096x6144][8x4096x6144][8x4096x6144][8x4096x6144][8x4096x6144][8x4096x6144][8x4096x6144][8x4096x6144][8x4096x6144][8x4096x6144][8x4096x6144][8x4096x6144][8x4096x6144][8x4096x6144][8x4096x6144][8x4096x6144][8x4096x6144][8x4096x6144][8x4096x6144][8x4096x6144][8x4096x6144][8x4096x6144][8x4096x6144][8x4096x6144][8x4096x6144][8x4096x6144][8x4096x6144][8x4096x6144][8x4096x6144][8x4096x6144][8x4096x6144][8x4096x6144][8x4096x6144][8x4096x6144][8x4096x6144][8x4096x6144][8x4096x6144][8x4096x6144][8x4096x6144][8x4096x6144][8x4096x6144][8x4096x6144][8x4096x6144][8x4096x6144][8x4096x6144][8x4096x6144][8x4096x6144][8x4096x6144][8x4096x6144][8x4096x6144][8x4096x6144][8x4096x6144][8x4096x6144][8x4096x6144][8x4096x6144][8x4096x6144][8x4096x6144][8x4096x6144][8x4096x6144][8x4096x6144][8x4096x6144][8x4096x6144][8x4096x6144][8x4096x6144][8x4096x6144][8x4096x6144][8x4096x6144][8x4096x6144][8x4096x6144][8x4096x6144][8x4096x6144][8x4096x6144][8x4096x6144][8x4096x6144][8x4096x6144][8x4096x6144][8x4096x6144][8x4096x6144][8x4096x6144][8x4096x6144][8x4096x6144][8x4096x6144][8x4096x6144][8x4096x6144][8x4096x6144][8x4096x6144][8x4096x6144][8x4096x6144][8x4096x6144][8x4096x6144][8x4096x6144][8x4096x6144][8x4096x6144][8x4096x6144][8x4096x6144][8x4096x6144][8x4096x6144][8x4096x6144][8x4096x6144][8x4096x6144][8x4096x6144][8x4096x6144][8x4096x6144][8x4096x6144][8x4096x6144][8x4096x6144][8x4096x6144][8x4096x6144][8x4096x6144][8x4096x6144][8x4096x6144][8x4096x6144][8x4096x6144]',,tensorop,f32,64,128,128,2,1,1,1,1,1,8,4,1,1,64,128,32,100,110,6471811072,103095992320,15,1.13733,5299.55,90647.4
1,CUTLASS,grouped_gemm,cutlass3x_sm100_tensorop_gemm_grouped_e4m3_e4m3_f32_bf16_e4m3_64x128x128_2x1x1_0_ttt_align16_stream_k_1sm,passed,success,grouped,,,,,fe4m3:row,fe4m3:row,bf16:row,fe4m3:row,1,0,invalid,invalid,heuristic,1,false,'[8x4096x6144][8x4096x6144][8x4096x6144][8x4096x6144][8x4096x6144][8x4096x6144][8x4096x6144][8x4096x6144][8x4096x6144][8x4096x6144][8x4096x6144][8x4096x6144][8x4096x6144][8x4096x6144][8x4096x6144][8x4096x6144][8x4096x6144][8x4096x6144][8x4096x6144][8x4096x6144][8x4096x6144][8x4096x6144][8x4096x6144][8x4096x6144][8x4096x6144][8x4096x6144][8x4096x6144][8x4096x6144][8x4096x6144][8x4096x6144][8x4096x6144][8x4096x6144][8x4096x6144][8x4096x6144][8x4096x6144][8x4096x6144][8x4096x6144][8x4096x6144][8x4096x6144][8x4096x6144][8x4096x6144][8x4096x6144][8x4096x6144][8x4096x6144][8x4096x6144][8x4096x6144][8x4096x6144][8x4096x6144][8x4096x6144][8x4096x6144][8x4096x6144][8x4096x6144][8x4096x6144][8x4096x6144][8x4096x6144][8x4096x6144][8x4096x6144][8x4096x6144][8x4096x6144][8x4096x6144][8x4096x6144][8x4096x6144][8x4096x6144][8x4096x6144][8x4096x6144][8x4096x6144][8x4096x6144][8x4096x6144][8x4096x6144][8x4096x6144][8x4096x6144][8x4096x6144][8x4096x6144][8x4096x6144][8x4096x6144][8x4096x6144][8x4096x6144][8x4096x6144][8x4096x6144][8x4096x6144][8x4096x6144][8x4096x6144][8x4096x6144][8x4096x6144][8x4096x6144][8x4096x6144][8x4096x6144][8x4096x6144][8x4096x6144][8x4096x6144][8x4096x6144][8x4096x6144][8x4096x6144][8x4096x6144][8x4096x6144][8x4096x6144][8x4096x6144][8x4096x6144][8x4096x6144][8x4096x6144][8x4096x6144][8x4096x6144][8x4096x6144][8x4096x6144][8x4096x6144][8x4096x6144][8x4096x6144][8x4096x6144][8x4096x6144][8x4096x6144][8x4096x6144][8x4096x6144][8x4096x6144][8x4096x6144][8x4096x6144][8x4096x6144][8x4096x6144][8x4096x6144][8x4096x6144][8x4096x6144][8x4096x6144][8x4096x6144][8x4096x6144][8x4096x6144][8x4096x6144][8x4096x6144][8x4096x6144][8x4096x6144][8x4096x6144][8x4096x6144][8x4096x6144][8x4096x6144][8x4096x6144][8x4096x6144][8x4096x6144][8x4096x6144][8x4096x6144][8x4096x6144][8x4096x6144][8x4096x6144][8x4096x6144][8x4096x6144][8x4096x6144][8x4096x6144][8x4096x6144][8x4096x6144][8x4096x6144][8x4096x6144][8x4096x6144][8x4096x6144][8x4096x6144][8x4096x6144][8x4096x6144][8x4096x6144][8x4096x6144][8x4096x6144][8x4096x6144][8x4096x6144][8x4096x6144][8x4096x6144][8x4096x6144][8x4096x6144][8x4096x6144][8x4096x6144][8x4096x6144][8x4096x6144][8x4096x6144][8x4096x6144][8x4096x6144][8x4096x6144][8x4096x6144][8x4096x6144][8x4096x6144][8x4096x6144][8x4096x6144][8x4096x6144][8x4096x6144][8x4096x6144][8x4096x6144][8x4096x6144][8x4096x6144][8x4096x6144][8x4096x6144][8x4096x6144][8x4096x6144][8x4096x6144][8x4096x6144][8x4096x6144][8x4096x6144][8x4096x6144][8x4096x6144][8x4096x6144][8x4096x6144][8x4096x6144][8x4096x6144][8x4096x6144][8x4096x6144][8x4096x6144][8x4096x6144][8x4096x6144][8x4096x6144][8x4096x6144][8x4096x6144][8x4096x6144][8x4096x6144][8x4096x6144][8x4096x6144][8x4096x6144][8x4096x6144][8x4096x6144][8x4096x6144][8x4096x6144][8x4096x6144][8x4096x6144][8x4096x6144][8x4096x6144][8x4096x6144][8x4096x6144][8x4096x6144][8x4096x6144][8x4096x6144][8x4096x6144][8x4096x6144][8x4096x6144][8x4096x6144][8x4096x6144][8x4096x6144][8x4096x6144][8x4096x6144][8x4096x6144][8x4096x6144][8x4096x6144][8x4096x6144][8x4096x6144][8x4096x6144][8x4096x6144][8x4096x6144][8x4096x6144][8x4096x6144][8x4096x6144][8x4096x6144][8x4096x6144][8x4096x6144][8x4096x6144][8x4096x6144][8x4096x6144][8x4096x6144][8x4096x6144][8x4096x6144][8x4096x6144][8x4096x6144][8x4096x6144][8x4096x6144][8x4096x6144][8x4096x6144][8x4096x6144]',,tensorop,f32,64,128,128,2,1,1,1,1,1,8,4,1,1,64,128,32,100,110,6471811072,103095992320,15,1.13602,5305.67,90751.9
1,CUTLASS,grouped_gemm,cutlass3x_sm100_tensorop_gemm_grouped_e4m3_e4m3_f32_bf16_e4m3_64x128x128_1x4x1_0_tnt_align16_1sm,passed,success,grouped,,,,,fe4m3:row,fe4m3:column,bf16:row,fe4m3:row,1,0,invalid,invalid,heuristic,1,false,'[8x4096x6144][8x4096x6144][8x4096x6144][8x4096x6144][8x4096x6144][8x4096x6144][8x4096x6144][8x4096x6144][8x4096x6144][8x4096x6144][8x4096x6144][8x4096x6144][8x4096x6144][8x4096x6144][8x4096x6144][8x4096x6144][8x4096x6144][8x4096x6144][8x4096x6144][8x4096x6144][8x4096x6144][8x4096x6144][8x4096x6144][8x4096x6144][8x4096x6144][8x4096x6144][8x4096x6144][8x4096x6144][8x4096x6144][8x4096x6144][8x4096x6144][8x4096x6144][8x4096x6144][8x4096x6144][8x4096x6144][8x4096x6144][8x4096x6144][8x4096x6144][8x4096x6144][8x4096x6144][8x4096x6144][8x4096x6144][8x4096x6144][8x4096x6144][8x4096x6144][8x4096x6144][8x4096x6144][8x4096x6144][8x4096x6144][8x4096x6144][8x4096x6144][8x4096x6144][8x4096x6144][8x4096x6144][8x4096x6144][8x4096x6144][8x4096x6144][8x4096x6144][8x4096x6144][8x4096x6144][8x4096x6144][8x4096x6144][8x4096x6144][8x4096x6144][8x4096x6144][8x4096x6144][8x4096x6144][8x4096x6144][8x4096x6144][8x4096x6144][8x4096x6144][8x4096x6144][8x4096x6144][8x4096x6144][8x4096x6144][8x4096x6144][8x4096x6144][8x4096x6144][8x4096x6144][8x4096x6144][8x4096x6144][8x4096x6144][8x4096x6144][8x4096x6144][8x4096x6144][8x4096x6144][8x4096x6144][8x4096x6144][8x4096x6144][8x4096x6144][8x4096x6144][8x4096x6144][8x4096x6144][8x4096x6144][8x4096x6144][8x4096x6144][8x4096x6144][8x4096x6144][8x4096x6144][8x4096x6144][8x4096x6144][8x4096x6144][8x4096x6144][8x4096x6144][8x4096x6144][8x4096x6144][8x4096x6144][8x4096x6144][8x4096x6144][8x4096x6144][8x4096x6144][8x4096x6144][8x4096x6144][8x4096x6144][8x4096x6144][8x4096x6144][8x4096x6144][8x4096x6144][8x4096x6144][8x4096x6144][8x4096x6144][8x4096x6144][8x4096x6144][8x4096x6144][8x4096x6144][8x4096x6144][8x4096x6144][8x4096x6144][8x4096x6144][8x4096x6144][8x4096x6144][8x4096x6144][8x4096x6144][8x4096x6144][8x4096x6144][8x4096x6144][8x4096x6144][8x4096x6144][8x4096x6144][8x4096x6144][8x4096x6144][8x4096x6144][8x4096x6144][8x4096x6144][8x4096x6144][8x4096x6144][8x4096x6144][8x4096x6144][8x4096x6144][8x4096x6144][8x4096x6144][8x4096x6144][8x4096x6144][8x4096x6144][8x4096x6144][8x4096x6144][8x4096x6144][8x4096x6144][8x4096x6144][8x4096x6144][8x4096x6144][8x4096x6144][8x4096x6144][8x4096x6144][8x4096x6144][8x4096x6144][8x4096x6144][8x4096x6144][8x4096x6144][8x4096x6144][8x4096x6144][8x4096x6144][8x4096x6144][8x4096x6144][8x4096x6144][8x4096x6144][8x4096x6144][8x4096x6144][8x4096x6144][8x4096x6144][8x4096x6144][8x4096x6144][8x4096x6144][8x4096x6144][8x4096x6144][8x4096x6144][8x4096x6144][8x4096x6144][8x4096x6144][8x4096x6144][8x4096x6144][8x4096x6144][8x4096x6144][8x4096x6144][8x4096x6144][8x4096x6144][8x4096x6144][8x4096x6144][8x4096x6144][8x4096x6144][8x4096x6144][8x4096x6144][8x4096x6144][8x4096x6144][8x4096x6144][8x4096x6144][8x4096x6144][8x4096x6144][8x4096x6144][8x4096x6144][8x4096x6144][8x4096x6144][8x4096x6144][8x4096x6144][8x4096x6144][8x4096x6144][8x4096x6144][8x4096x6144][8x4096x6144][8x4096x6144][8x4096x6144][8x4096x6144][8x4096x6144][8x4096x6144][8x4096x6144][8x4096x6144][8x4096x6144][8x4096x6144][8x4096x6144][8x4096x6144][8x4096x6144][8x4096x6144][8x4096x6144][8x4096x6144][8x4096x6144][8x4096x6144][8x4096x6144][8x4096x6144][8x4096x6144][8x4096x6144][8x4096x6144][8x4096x6144][8x4096x6144][8x4096x6144][8x4096x6144][8x4096x6144][8x4096x6144][8x4096x6144][8x4096x6144][8x4096x6144][8x4096x6144][8x4096x6144][8x4096x6144][8x4096x6144][8x4096x6144][8x4096x6144]',,tensorop,f32,64,128,128,1,4,1,1,1,1,8,4,1,1,64,128,32,100,110,6471811072,103095992320,15,0.919956,6551.78,112066
1,CUTLASS,grouped_gemm,cutlass3x_sm100_tensorop_gemm_grouped_e4m3_e4m3_f32_bf16_e4m3_64x128x128_1x4x1_0_tnt_align16_stream_k_1sm,passed,success,grouped,,,,,fe4m3:row,fe4m3:column,bf16:row,fe4m3:row,1,0,invalid,invalid,heuristic,1,false,'[8x4096x6144][8x4096x6144][8x4096x6144][8x4096x6144][8x4096x6144][8x4096x6144][8x4096x6144][8x4096x6144][8x4096x6144][8x4096x6144][8x4096x6144][8x4096x6144][8x4096x6144][8x4096x6144][8x4096x6144][8x4096x6144][8x4096x6144][8x4096x6144][8x4096x6144][8x4096x6144][8x4096x6144][8x4096x6144][8x4096x6144][8x4096x6144][8x4096x6144][8x4096x6144][8x4096x6144][8x4096x6144][8x4096x6144][8x4096x6144][8x4096x6144][8x4096x6144][8x4096x6144][8x4096x6144][8x4096x6144][8x4096x6144][8x4096x6144][8x4096x6144][8x4096x6144][8x4096x6144][8x4096x6144][8x4096x6144][8x4096x6144][8x4096x6144][8x4096x6144][8x4096x6144][8x4096x6144][8x4096x6144][8x4096x6144][8x4096x6144][8x4096x6144][8x4096x6144][8x4096x6144][8x4096x6144][8x4096x6144][8x4096x6144][8x4096x6144][8x4096x6144][8x4096x6144][8x4096x6144][8x4096x6144][8x4096x6144][8x4096x6144][8x4096x6144][8x4096x6144][8x4096x6144][8x4096x6144][8x4096x6144][8x4096x6144][8x4096x6144][8x4096x6144][8x4096x6144][8x4096x6144][8x4096x6144][8x4096x6144][8x4096x6144][8x4096x6144][8x4096x6144][8x4096x6144][8x4096x6144][8x4096x6144][8x4096x6144][8x4096x6144][8x4096x6144][8x4096x6144][8x4096x6144][8x4096x6144][8x4096x6144][8x4096x6144][8x4096x6144][8x4096x6144][8x4096x6144][8x4096x6144][8x4096x6144][8x4096x6144][8x4096x6144][8x4096x6144][8x4096x6144][8x4096x6144][8x4096x6144][8x4096x6144][8x4096x6144][8x4096x6144][8x4096x6144][8x4096x6144][8x4096x6144][8x4096x6144][8x4096x6144][8x4096x6144][8x4096x6144][8x4096x6144][8x4096x6144][8x4096x6144][8x4096x6144][8x4096x6144][8x4096x6144][8x4096x6144][8x4096x6144][8x4096x6144][8x4096x6144][8x4096x6144][8x4096x6144][8x4096x6144][8x4096x6144][8x4096x6144][8x4096x6144][8x4096x6144][8x4096x6144][8x4096x6144][8x4096x6144][8x4096x6144][8x4096x6144][8x4096x6144][8x4096x6144][8x4096x6144][8x4096x6144][8x4096x6144][8x4096x6144][8x4096x6144][8x4096x6144][8x4096x6144][8x4096x6144][8x4096x6144][8x4096x6144][8x4096x6144][8x4096x6144][8x4096x6144][8x4096x6144][8x4096x6144][8x4096x6144][8x4096x6144][8x4096x6144][8x4096x6144][8x4096x6144][8x4096x6144][8x4096x6144][8x4096x6144][8x4096x6144][8x4096x6144][8x4096x6144][8x4096x6144][8x4096x6144][8x4096x6144][8x4096x6144][8x4096x6144][8x4096x6144][8x4096x6144][8x4096x6144][8x4096x6144][8x4096x6144][8x4096x6144][8x4096x6144][8x4096x6144][8x4096x6144][8x4096x6144][8x4096x6144][8x4096x6144][8x4096x6144][8x4096x6144][8x4096x6144][8x4096x6144][8x4096x6144][8x4096x6144][8x4096x6144][8x4096x6144][8x4096x6144][8x4096x6144][8x4096x6144][8x4096x6144][8x4096x6144][8x4096x6144][8x4096x6144][8x4096x6144][8x4096x6144][8x4096x6144][8x4096x6144][8x4096x6144][8x4096x6144][8x4096x6144][8x4096x6144][8x4096x6144][8x4096x6144][8x4096x6144][8x4096x6144][8x4096x6144][8x4096x6144][8x4096x6144][8x4096x6144][8x4096x6144][8x4096x6144][8x4096x6144][8x4096x6144][8x4096x6144][8x4096x6144][8x4096x6144][8x4096x6144][8x4096x6144][8x4096x6144][8x4096x6144][8x4096x6144][8x4096x6144][8x4096x6144][8x4096x6144][8x4096x6144][8x4096x6144][8x4096x6144][8x4096x6144][8x4096x6144][8x4096x6144][8x4096x6144][8x4096x6144][8x4096x6144][8x4096x6144][8x4096x6144][8x4096x6144][8x4096x6144][8x4096x6144][8x4096x6144][8x4096x6144][8x4096x6144][8x4096x6144][8x4096x6144][8x4096x6144][8x4096x6144][8x4096x6144][8x4096x6144][8x4096x6144][8x4096x6144][8x4096x6144][8x4096x6144][8x4096x6144][8x4096x6144][8x4096x6144][8x4096x6144][8x4096x6144][8x4096x6144]',,tensorop,f32,64,128,128,1,4,1,1,1,1,8,4,1,1,64,128,32,100,110,6471811072,103095992320,15,0.91972,6553.46,112095
1,CUTLASS,grouped_gemm,cutlass3x_sm100_tensorop_gemm_grouped_e4m3_e4m3_f32_bf16_e4m3_64x128x128_1x4x1_0_ttt_align16_1sm,passed,success,grouped,,,,,fe4m3:row,fe4m3:row,bf16:row,fe4m3:row,1,0,invalid,invalid,heuristic,1,false,'[8x4096x6144][8x4096x6144][8x4096x6144][8x4096x6144][8x4096x6144][8x4096x6144][8x4096x6144][8x4096x6144][8x4096x6144][8x4096x6144][8x4096x6144][8x4096x6144][8x4096x6144][8x4096x6144][8x4096x6144][8x4096x6144][8x4096x6144][8x4096x6144][8x4096x6144][8x4096x6144][8x4096x6144][8x4096x6144][8x4096x6144][8x4096x6144][8x4096x6144][8x4096x6144][8x4096x6144][8x4096x6144][8x4096x6144][8x4096x6144][8x4096x6144][8x4096x6144][8x4096x6144][8x4096x6144][8x4096x6144][8x4096x6144][8x4096x6144][8x4096x6144][8x4096x6144][8x4096x6144][8x4096x6144][8x4096x6144][8x4096x6144][8x4096x6144][8x4096x6144][8x4096x6144][8x4096x6144][8x4096x6144][8x4096x6144][8x4096x6144][8x4096x6144][8x4096x6144][8x4096x6144][8x4096x6144][8x4096x6144][8x4096x6144][8x4096x6144][8x4096x6144][8x4096x6144][8x4096x6144][8x4096x6144][8x4096x6144][8x4096x6144][8x4096x6144][8x4096x6144][8x4096x6144][8x4096x6144][8x4096x6144][8x4096x6144][8x4096x6144][8x4096x6144][8x4096x6144][8x4096x6144][8x4096x6144][8x4096x6144][8x4096x6144][8x4096x6144][8x4096x6144][8x4096x6144][8x4096x6144][8x4096x6144][8x4096x6144][8x4096x6144][8x4096x6144][8x4096x6144][8x4096x6144][8x4096x6144][8x4096x6144][8x4096x6144][8x4096x6144][8x4096x6144][8x4096x6144][8x4096x6144][8x4096x6144][8x4096x6144][8x4096x6144][8x4096x6144][8x4096x6144][8x4096x6144][8x4096x6144][8x4096x6144][8x4096x6144][8x4096x6144][8x4096x6144][8x4096x6144][8x4096x6144][8x4096x6144][8x4096x6144][8x4096x6144][8x4096x6144][8x4096x6144][8x4096x6144][8x4096x6144][8x4096x6144][8x4096x6144][8x4096x6144][8x4096x6144][8x4096x6144][8x4096x6144][8x4096x6144][8x4096x6144][8x4096x6144][8x4096x6144][8x4096x6144][8x4096x6144][8x4096x6144][8x4096x6144][8x4096x6144][8x4096x6144][8x4096x6144][8x4096x6144][8x4096x6144][8x4096x6144][8x4096x6144][8x4096x6144][8x4096x6144][8x4096x6144][8x4096x6144][8x4096x6144][8x4096x6144][8x4096x6144][8x4096x6144][8x4096x6144][8x4096x6144][8x4096x6144][8x4096x6144][8x4096x6144][8x4096x6144][8x4096x6144][8x4096x6144][8x4096x6144][8x4096x6144][8x4096x6144][8x4096x6144][8x4096x6144][8x4096x6144][8x4096x6144][8x4096x6144][8x4096x6144][8x4096x6144][8x4096x6144][8x4096x6144][8x4096x6144][8x4096x6144][8x4096x6144][8x4096x6144][8x4096x6144][8x4096x6144][8x4096x6144][8x4096x6144][8x4096x6144][8x4096x6144][8x4096x6144][8x4096x6144][8x4096x6144][8x4096x6144][8x4096x6144][8x4096x6144][8x4096x6144][8x4096x6144][8x4096x6144][8x4096x6144][8x4096x6144][8x4096x6144][8x4096x6144][8x4096x6144][8x4096x6144][8x4096x6144][8x4096x6144][8x4096x6144][8x4096x6144][8x4096x6144][8x4096x6144][8x4096x6144][8x4096x6144][8x4096x6144][8x4096x6144][8x4096x6144][8x4096x6144][8x4096x6144][8x4096x6144][8x4096x6144][8x4096x6144][8x4096x6144][8x4096x6144][8x4096x6144][8x4096x6144][8x4096x6144][8x4096x6144][8x4096x6144][8x4096x6144][8x4096x6144][8x4096x6144][8x4096x6144][8x4096x6144][8x4096x6144][8x4096x6144][8x4096x6144][8x4096x6144][8x4096x6144][8x4096x6144][8x4096x6144][8x4096x6144][8x4096x6144][8x4096x6144][8x4096x6144][8x4096x6144][8x4096x6144][8x4096x6144][8x4096x6144][8x4096x6144][8x4096x6144][8x4096x6144][8x4096x6144][8x4096x6144][8x4096x6144][8x4096x6144][8x4096x6144][8x4096x6144][8x4096x6144][8x4096x6144][8x4096x6144][8x4096x6144][8x4096x6144][8x4096x6144][8x4096x6144][8x4096x6144][8x4096x6144][8x4096x6144][8x4096x6144][8x4096x6144][8x4096x6144][8x4096x6144][8x4096x6144][8x4096x6144][8x4096x6144]',,tensorop,f32,64,128,128,1,4,1,1,1,1,8,4,1,1,64,128,32,100,110,6471811072,103095992320,15,0.887343,6792.57,116185
1,CUTLASS,grouped_gemm,cutlass3x_sm100_tensorop_gemm_grouped_e4m3_e4m3_f32_bf16_e4m3_64x128x128_1x4x1_0_ttt_align16_stream_k_1sm,passed,success,grouped,,,,,fe4m3:row,fe4m3:row,bf16:row,fe4m3:row,1,0,invalid,invalid,heuristic,1,false,'[8x4096x6144][8x4096x6144][8x4096x6144][8x4096x6144][8x4096x6144][8x4096x6144][8x4096x6144][8x4096x6144][8x4096x6144][8x4096x6144][8x4096x6144][8x4096x6144][8x4096x6144][8x4096x6144][8x4096x6144][8x4096x6144][8x4096x6144][8x4096x6144][8x4096x6144][8x4096x6144][8x4096x6144][8x4096x6144][8x4096x6144][8x4096x6144][8x4096x6144][8x4096x6144][8x4096x6144][8x4096x6144][8x4096x6144][8x4096x6144][8x4096x6144][8x4096x6144][8x4096x6144][8x4096x6144][8x4096x6144][8x4096x6144][8x4096x6144][8x4096x6144][8x4096x6144][8x4096x6144][8x4096x6144][8x4096x6144][8x4096x6144][8x4096x6144][8x4096x6144][8x4096x6144][8x4096x6144][8x4096x6144][8x4096x6144][8x4096x6144][8x4096x6144][8x4096x6144][8x4096x6144][8x4096x6144][8x4096x6144][8x4096x6144][8x4096x6144][8x4096x6144][8x4096x6144][8x4096x6144][8x4096x6144][8x4096x6144][8x4096x6144][8x4096x6144][8x4096x6144][8x4096x6144][8x4096x6144][8x4096x6144][8x4096x6144][8x4096x6144][8x4096x6144][8x4096x6144][8x4096x6144][8x4096x6144][8x4096x6144][8x4096x6144][8x4096x6144][8x4096x6144][8x4096x6144][8x4096x6144][8x4096x6144][8x4096x6144][8x4096x6144][8x4096x6144][8x4096x6144][8x4096x6144][8x4096x6144][8x4096x6144][8x4096x6144][8x4096x6144][8x4096x6144][8x4096x6144][8x4096x6144][8x4096x6144][8x4096x6144][8x4096x6144][8x4096x6144][8x4096x6144][8x4096x6144][8x4096x6144][8x4096x6144][8x4096x6144][8x4096x6144][8x4096x6144][8x4096x6144][8x4096x6144][8x4096x6144][8x4096x6144][8x4096x6144][8x4096x6144][8x4096x6144][8x4096x6144][8x4096x6144][8x4096x6144][8x4096x6144][8x4096x6144][8x4096x6144][8x4096x6144][8x4096x6144][8x4096x6144][8x4096x6144][8x4096x6144][8x4096x6144][8x4096x6144][8x4096x6144][8x4096x6144][8x4096x6144][8x4096x6144][8x4096x6144][8x4096x6144][8x4096x6144][8x4096x6144][8x4096x6144][8x4096x6144][8x4096x6144][8x4096x6144][8x4096x6144][8x4096x6144][8x4096x6144][8x4096x6144][8x4096x6144][8x4096x6144][8x4096x6144][8x4096x6144][8x4096x6144][8x4096x6144][8x4096x6144][8x4096x6144][8x4096x6144][8x4096x6144][8x4096x6144][8x4096x6144][8x4096x6144][8x4096x6144][8x4096x6144][8x4096x6144][8x4096x6144][8x4096x6144][8x4096x6144][8x4096x6144][8x4096x6144][8x4096x6144][8x4096x6144][8x4096x6144][8x4096x6144][8x4096x6144][8x4096x6144][8x4096x6144][8x4096x6144][8x4096x6144][8x4096x6144][8x4096x6144][8x4096x6144][8x4096x6144][8x4096x6144][8x4096x6144][8x4096x6144][8x4096x6144][8x4096x6144][8x4096x6144][8x4096x6144][8x4096x6144][8x4096x6144][8x4096x6144][8x4096x6144][8x4096x6144][8x4096x6144][8x4096x6144][8x4096x6144][8x4096x6144][8x4096x6144][8x4096x6144][8x4096x6144][8x4096x6144][8x4096x6144][8x4096x6144][8x4096x6144][8x4096x6144][8x4096x6144][8x4096x6144][8x4096x6144][8x4096x6144][8x4096x6144][8x4096x6144][8x4096x6144][8x4096x6144][8x4096x6144][8x4096x6144][8x4096x6144][8x4096x6144][8x4096x6144][8x4096x6144][8x4096x6144][8x4096x6144][8x4096x6144][8x4096x6144][8x4096x6144][8x4096x6144][8x4096x6144][8x4096x6144][8x4096x6144][8x4096x6144][8x4096x6144][8x4096x6144][8x4096x6144][8x4096x6144][8x4096x6144][8x4096x6144][8x4096x6144][8x4096x6144][8x4096x6144][8x4096x6144][8x4096x6144][8x4096x6144][8x4096x6144][8x4096x6144][8x4096x6144][8x4096x6144][8x4096x6144][8x4096x6144][8x4096x6144][8x4096x6144][8x4096x6144][8x4096x6144][8x4096x6144][8x4096x6144][8x4096x6144][8x4096x6144][8x4096x6144][8x4096x6144][8x4096x6144][8x4096x6144][8x4096x6144][8x4096x6144][8x4096x6144][8x4096x6144]',,tensorop,f32,64,128,128,1,4,1,1,1,1,8,4,1,1,64,128,32,100,110,6471811072,103095992320,15,0.886542,6798.71,116290
1,CUTLASS,grouped_gemm,cutlass3x_sm100_tensorop_gemm_grouped_e4m3_e4m3_f32_bf16_e4m3_64x128x128_4x4x1_0_tnt_align16_1sm,passed,success,grouped,,,,,fe4m3:row,fe4m3:column,bf16:row,fe4m3:row,1,0,invalid,invalid,heuristic,1,false,'[8x4096x6144][8x4096x6144][8x4096x6144][8x4096x6144][8x4096x6144][8x4096x6144][8x4096x6144][8x4096x6144][8x4096x6144][8x4096x6144][8x4096x6144][8x4096x6144][8x4096x6144][8x4096x6144][8x4096x6144][8x4096x6144][8x4096x6144][8x4096x6144][8x4096x6144][8x4096x6144][8x4096x6144][8x4096x6144][8x4096x6144][8x4096x6144][8x4096x6144][8x4096x6144][8x4096x6144][8x4096x6144][8x4096x6144][8x4096x6144][8x4096x6144][8x4096x6144][8x4096x6144][8x4096x6144][8x4096x6144][8x4096x6144][8x4096x6144][8x4096x6144][8x4096x6144][8x4096x6144][8x4096x6144][8x4096x6144][8x4096x6144][8x4096x6144][8x4096x6144][8x4096x6144][8x4096x6144][8x4096x6144][8x4096x6144][8x4096x6144][8x4096x6144][8x4096x6144][8x4096x6144][8x4096x6144][8x4096x6144][8x4096x6144][8x4096x6144][8x4096x6144][8x4096x6144][8x4096x6144][8x4096x6144][8x4096x6144][8x4096x6144][8x4096x6144][8x4096x6144][8x4096x6144][8x4096x6144][8x4096x6144][8x4096x6144][8x4096x6144][8x4096x6144][8x4096x6144][8x4096x6144][8x4096x6144][8x4096x6144][8x4096x6144][8x4096x6144][8x4096x6144][8x4096x6144][8x4096x6144][8x4096x6144][8x4096x6144][8x4096x6144][8x4096x6144][8x4096x6144][8x4096x6144][8x4096x6144][8x4096x6144][8x4096x6144][8x4096x6144][8x4096x6144][8x4096x6144][8x4096x6144][8x4096x6144][8x4096x6144][8x4096x6144][8x4096x6144][8x4096x6144][8x4096x6144][8x4096x6144][8x4096x6144][8x4096x6144][8x4096x6144][8x4096x6144][8x4096x6144][8x4096x6144][8x4096x6144][8x4096x6144][8x4096x6144][8x4096x6144][8x4096x6144][8x4096x6144][8x4096x6144][8x4096x6144][8x4096x6144][8x4096x6144][8x4096x6144][8x4096x6144][8x4096x6144][8x4096x6144][8x4096x6144][8x4096x6144][8x4096x6144][8x4096x6144][8x4096x6144][8x4096x6144][8x4096x6144][8x4096x6144][8x4096x6144][8x4096x6144][8x4096x6144][8x4096x6144][8x4096x6144][8x4096x6144][8x4096x6144][8x4096x6144][8x4096x6144][8x4096x6144][8x4096x6144][8x4096x6144][8x4096x6144][8x4096x6144][8x4096x6144][8x4096x6144][8x4096x6144][8x4096x6144][8x4096x6144][8x4096x6144][8x4096x6144][8x4096x6144][8x4096x6144][8x4096x6144][8x4096x6144][8x4096x6144][8x4096x6144][8x4096x6144][8x4096x6144][8x4096x6144][8x4096x6144][8x4096x6144][8x4096x6144][8x4096x6144][8x4096x6144][8x4096x6144][8x4096x6144][8x4096x6144][8x4096x6144][8x4096x6144][8x4096x6144][8x4096x6144][8x4096x6144][8x4096x6144][8x4096x6144][8x4096x6144][8x4096x6144][8x4096x6144][8x4096x6144][8x4096x6144][8x4096x6144][8x4096x6144][8x4096x6144][8x4096x6144][8x4096x6144][8x4096x6144][8x4096x6144][8x4096x6144][8x4096x6144][8x4096x6144][8x4096x6144][8x4096x6144][8x4096x6144][8x4096x6144][8x4096x6144][8x4096x6144][8x4096x6144][8x4096x6144][8x4096x6144][8x4096x6144][8x4096x6144][8x4096x6144][8x4096x6144][8x4096x6144][8x4096x6144][8x4096x6144][8x4096x6144][8x4096x6144][8x4096x6144][8x4096x6144][8x4096x6144][8x4096x6144][8x4096x6144][8x4096x6144][8x4096x6144][8x4096x6144][8x4096x6144][8x4096x6144][8x4096x6144][8x4096x6144][8x4096x6144][8x4096x6144][8x4096x6144][8x4096x6144][8x4096x6144][8x4096x6144][8x4096x6144][8x4096x6144][8x4096x6144][8x4096x6144][8x4096x6144][8x4096x6144][8x4096x6144][8x4096x6144][8x4096x6144][8x4096x6144][8x4096x6144][8x4096x6144][8x4096x6144][8x4096x6144][8x4096x6144][8x4096x6144][8x4096x6144][8x4096x6144][8x4096x6144][8x4096x6144][8x4096x6144][8x4096x6144][8x4096x6144][8x4096x6144][8x4096x6144][8x4096x6144][8x4096x6144][8x4096x6144][8x4096x6144][8x4096x6144][8x4096x6144][8x4096x6144]',,tensorop,f32,64,128,128,4,4,1,1,1,1,8,4,1,1,64,128,32,100,110,6471811072,103095992320,15,2.3304,2586.4,44239.6
1,CUTLASS,grouped_gemm,cutlass3x_sm100_tensorop_gemm_grouped_e4m3_e4m3_f32_bf16_e4m3_64x128x128_4x4x1_0_tnt_align16_stream_k_1sm,passed,success,grouped,,,,,fe4m3:row,fe4m3:column,bf16:row,fe4m3:row,1,0,invalid,invalid,heuristic,1,false,'[8x4096x6144][8x4096x6144][8x4096x6144][8x4096x6144][8x4096x6144][8x4096x6144][8x4096x6144][8x4096x6144][8x4096x6144][8x4096x6144][8x4096x6144][8x4096x6144][8x4096x6144][8x4096x6144][8x4096x6144][8x4096x6144][8x4096x6144][8x4096x6144][8x4096x6144][8x4096x6144][8x4096x6144][8x4096x6144][8x4096x6144][8x4096x6144][8x4096x6144][8x4096x6144][8x4096x6144][8x4096x6144][8x4096x6144][8x4096x6144][8x4096x6144][8x4096x6144][8x4096x6144][8x4096x6144][8x4096x6144][8x4096x6144][8x4096x6144][8x4096x6144][8x4096x6144][8x4096x6144][8x4096x6144][8x4096x6144][8x4096x6144][8x4096x6144][8x4096x6144][8x4096x6144][8x4096x6144][8x4096x6144][8x4096x6144][8x4096x6144][8x4096x6144][8x4096x6144][8x4096x6144][8x4096x6144][8x4096x6144][8x4096x6144][8x4096x6144][8x4096x6144][8x4096x6144][8x4096x6144][8x4096x6144][8x4096x6144][8x4096x6144][8x4096x6144][8x4096x6144][8x4096x6144][8x4096x6144][8x4096x6144][8x4096x6144][8x4096x6144][8x4096x6144][8x4096x6144][8x4096x6144][8x4096x6144][8x4096x6144][8x4096x6144][8x4096x6144][8x4096x6144][8x4096x6144][8x4096x6144][8x4096x6144][8x4096x6144][8x4096x6144][8x4096x6144][8x4096x6144][8x4096x6144][8x4096x6144][8x4096x6144][8x4096x6144][8x4096x6144][8x4096x6144][8x4096x6144][8x4096x6144][8x4096x6144][8x4096x6144][8x4096x6144][8x4096x6144][8x4096x6144][8x4096x6144][8x4096x6144][8x4096x6144][8x4096x6144][8x4096x6144][8x4096x6144][8x4096x6144][8x4096x6144][8x4096x6144][8x4096x6144][8x4096x6144][8x4096x6144][8x4096x6144][8x4096x6144][8x4096x6144][8x4096x6144][8x4096x6144][8x4096x6144][8x4096x6144][8x4096x6144][8x4096x6144][8x4096x6144][8x4096x6144][8x4096x6144][8x4096x6144][8x4096x6144][8x4096x6144][8x4096x6144][8x4096x6144][8x4096x6144][8x4096x6144][8x4096x6144][8x4096x6144][8x4096x6144][8x4096x6144][8x4096x6144][8x4096x6144][8x4096x6144][8x4096x6144][8x4096x6144][8x4096x6144][8x4096x6144][8x4096x6144][8x4096x6144][8x4096x6144][8x4096x6144][8x4096x6144][8x4096x6144][8x4096x6144][8x4096x6144][8x4096x6144][8x4096x6144][8x4096x6144][8x4096x6144][8x4096x6144][8x4096x6144][8x4096x6144][8x4096x6144][8x4096x6144][8x4096x6144][8x4096x6144][8x4096x6144][8x4096x6144][8x4096x6144][8x4096x6144][8x4096x6144][8x4096x6144][8x4096x6144][8x4096x6144][8x4096x6144][8x4096x6144][8x4096x6144][8x4096x6144][8x4096x6144][8x4096x6144][8x4096x6144][8x4096x6144][8x4096x6144][8x4096x6144][8x4096x6144][8x4096x6144][8x4096x6144][8x4096x6144][8x4096x6144][8x4096x6144][8x4096x6144][8x4096x6144][8x4096x6144][8x4096x6144][8x4096x6144][8x4096x6144][8x4096x6144][8x4096x6144][8x4096x6144][8x4096x6144][8x4096x6144][8x4096x6144][8x4096x6144][8x4096x6144][8x4096x6144][8x4096x6144][8x4096x6144][8x4096x6144][8x4096x6144][8x4096x6144][8x4096x6144][8x4096x6144][8x4096x6144][8x4096x6144][8x4096x6144][8x4096x6144][8x4096x6144][8x4096x6144][8x4096x6144][8x4096x6144][8x4096x6144][8x4096x6144][8x4096x6144][8x4096x6144][8x4096x6144][8x4096x6144][8x4096x6144][8x4096x6144][8x4096x6144][8x4096x6144][8x4096x6144][8x4096x6144][8x4096x6144][8x4096x6144][8x4096x6144][8x4096x6144][8x4096x6144][8x4096x6144][8x4096x6144][8x4096x6144][8x4096x6144][8x4096x6144][8x4096x6144][8x4096x6144][8x4096x6144][8x4096x6144][8x4096x6144][8x4096x6144][8x4096x6144][8x4096x6144][8x4096x6144][8x4096x6144][8x4096x6144][8x4096x6144][8x4096x6144][8x4096x6144][8x4096x6144][8x4096x6144][8x4096x6144][8x4096x6144][8x4096x6144][8x4096x6144][8x4096x6144]',,tensorop,f32,64,128,128,4,4,1,1,1,1,8,4,1,1,64,128,32,100,110,6471811072,103095992320,15,2.3301,2586.74,44245.4
1,CUTLASS,grouped_gemm,cutlass3x_sm100_tensorop_gemm_grouped_e4m3_e4m3_f32_bf16_e4m3_64x128x128_4x4x1_0_ttt_align16_1sm,passed,success,grouped,,,,,fe4m3:row,fe4m3:row,bf16:row,fe4m3:row,1,0,invalid,invalid,heuristic,1,false,'[8x4096x6144][8x4096x6144][8x4096x6144][8x4096x6144][8x4096x6144][8x4096x6144][8x4096x6144][8x4096x6144][8x4096x6144][8x4096x6144][8x4096x6144][8x4096x6144][8x4096x6144][8x4096x6144][8x4096x6144][8x4096x6144][8x4096x6144][8x4096x6144][8x4096x6144][8x4096x6144][8x4096x6144][8x4096x6144][8x4096x6144][8x4096x6144][8x4096x6144][8x4096x6144][8x4096x6144][8x4096x6144][8x4096x6144][8x4096x6144][8x4096x6144][8x4096x6144][8x4096x6144][8x4096x6144][8x4096x6144][8x4096x6144][8x4096x6144][8x4096x6144][8x4096x6144][8x4096x6144][8x4096x6144][8x4096x6144][8x4096x6144][8x4096x6144][8x4096x6144][8x4096x6144][8x4096x6144][8x4096x6144][8x4096x6144][8x4096x6144][8x4096x6144][8x4096x6144][8x4096x6144][8x4096x6144][8x4096x6144][8x4096x6144][8x4096x6144][8x4096x6144][8x4096x6144][8x4096x6144][8x4096x6144][8x4096x6144][8x4096x6144][8x4096x6144][8x4096x6144][8x4096x6144][8x4096x6144][8x4096x6144][8x4096x6144][8x4096x6144][8x4096x6144][8x4096x6144][8x4096x6144][8x4096x6144][8x4096x6144][8x4096x6144][8x4096x6144][8x4096x6144][8x4096x6144][8x4096x6144][8x4096x6144][8x4096x6144][8x4096x6144][8x4096x6144][8x4096x6144][8x4096x6144][8x4096x6144][8x4096x6144][8x4096x6144][8x4096x6144][8x4096x6144][8x4096x6144][8x4096x6144][8x4096x6144][8x4096x6144][8x4096x6144][8x4096x6144][8x4096x6144][8x4096x6144][8x4096x6144][8x4096x6144][8x4096x6144][8x4096x6144][8x4096x6144][8x4096x6144][8x4096x6144][8x4096x6144][8x4096x6144][8x4096x6144][8x4096x6144][8x4096x6144][8x4096x6144][8x4096x6144][8x4096x6144][8x4096x6144][8x4096x6144][8x4096x6144][8x4096x6144][8x4096x6144][8x4096x6144][8x4096x6144][8x4096x6144][8x4096x6144][8x4096x6144][8x4096x6144][8x4096x6144][8x4096x6144][8x4096x6144][8x4096x6144][8x4096x6144][8x4096x6144][8x4096x6144][8x4096x6144][8x4096x6144][8x4096x6144][8x4096x6144][8x4096x6144][8x4096x6144][8x4096x6144][8x4096x6144][8x4096x6144][8x4096x6144][8x4096x6144][8x4096x6144][8x4096x6144][8x4096x6144][8x4096x6144][8x4096x6144][8x4096x6144][8x4096x6144][8x4096x6144][8x4096x6144][8x4096x6144][8x4096x6144][8x4096x6144][8x4096x6144][8x4096x6144][8x4096x6144][8x4096x6144][8x4096x6144][8x4096x6144][8x4096x6144][8x4096x6144][8x4096x6144][8x4096x6144][8x4096x6144][8x4096x6144][8x4096x6144][8x4096x6144][8x4096x6144][8x4096x6144][8x4096x6144][8x4096x6144][8x4096x6144][8x4096x6144][8x4096x6144][8x4096x6144][8x4096x6144][8x4096x6144][8x4096x6144][8x4096x6144][8x4096x6144][8x4096x6144][8x4096x6144][8x4096x6144][8x4096x6144][8x4096x6144][8x4096x6144][8x4096x6144][8x4096x6144][8x4096x6144][8x4096x6144][8x4096x6144][8x4096x6144][8x4096x6144][8x4096x6144][8x4096x6144][8x4096x6144][8x4096x6144][8x4096x6144][8x4096x6144][8x4096x6144][8x4096x6144][8x4096x6144][8x4096x6144][8x4096x6144][8x4096x6144][8x4096x6144][8x4096x6144][8x4096x6144][8x4096x6144][8x4096x6144][8x4096x6144][8x4096x6144][8x4096x6144][8x4096x6144][8x4096x6144][8x4096x6144][8x4096x6144][8x4096x6144][8x4096x6144][8x4096x6144][8x4096x6144][8x4096x6144][8x4096x6144][8x4096x6144][8x4096x6144][8x4096x6144][8x4096x6144][8x4096x6144][8x4096x6144][8x4096x6144][8x4096x6144][8x4096x6144][8x4096x6144][8x4096x6144][8x4096x6144][8x4096x6144][8x4096x6144][8x4096x6144][8x4096x6144][8x4096x6144][8x4096x6144][8x4096x6144][8x4096x6144][8x4096x6144][8x4096x6144][8x4096x6144][8x4096x6144][8x4096x6144][8x4096x6144][8x4096x6144][8x4096x6144][8x4096x6144][8x4096x6144][8x4096x6144]',,tensorop,f32,64,128,128,4,4,1,1,1,1,8,4,1,1,64,128,32,100,110,6471811072,103095992320,15,2.24173,2688.7,45989.4
1,CUTLASS,grouped_gemm,cutlass3x_sm100_tensorop_gemm_grouped_e4m3_e4m3_f32_bf16_e4m3_64x128x128_4x4x1_0_ttt_align16_stream_k_1sm,passed,success,grouped,,,,,fe4m3:row,fe4m3:row,bf16:row,fe4m3:row,1,0,invalid,invalid,heuristic,1,false,'[8x4096x6144][8x4096x6144][8x4096x6144][8x4096x6144][8x4096x6144][8x4096x6144][8x4096x6144][8x4096x6144][8x4096x6144][8x4096x6144][8x4096x6144][8x4096x6144][8x4096x6144][8x4096x6144][8x4096x6144][8x4096x6144][8x4096x6144][8x4096x6144][8x4096x6144][8x4096x6144][8x4096x6144][8x4096x6144][8x4096x6144][8x4096x6144][8x4096x6144][8x4096x6144][8x4096x6144][8x4096x6144][8x4096x6144][8x4096x6144][8x4096x6144][8x4096x6144][8x4096x6144][8x4096x6144][8x4096x6144][8x4096x6144][8x4096x6144][8x4096x6144][8x4096x6144][8x4096x6144][8x4096x6144][8x4096x6144][8x4096x6144][8x4096x6144][8x4096x6144][8x4096x6144][8x4096x6144][8x4096x6144][8x4096x6144][8x4096x6144][8x4096x6144][8x4096x6144][8x4096x6144][8x4096x6144][8x4096x6144][8x4096x6144][8x4096x6144][8x4096x6144][8x4096x6144][8x4096x6144][8x4096x6144][8x4096x6144][8x4096x6144][8x4096x6144][8x4096x6144][8x4096x6144][8x4096x6144][8x4096x6144][8x4096x6144][8x4096x6144][8x4096x6144][8x4096x6144][8x4096x6144][8x4096x6144][8x4096x6144][8x4096x6144][8x4096x6144][8x4096x6144][8x4096x6144][8x4096x6144][8x4096x6144][8x4096x6144][8x4096x6144][8x4096x6144][8x4096x6144][8x4096x6144][8x4096x6144][8x4096x6144][8x4096x6144][8x4096x6144][8x4096x6144][8x4096x6144][8x4096x6144][8x4096x6144][8x4096x6144][8x4096x6144][8x4096x6144][8x4096x6144][8x4096x6144][8x4096x6144][8x4096x6144][8x4096x6144][8x4096x6144][8x4096x6144][8x4096x6144][8x4096x6144][8x4096x6144][8x4096x6144][8x4096x6144][8x4096x6144][8x4096x6144][8x4096x6144][8x4096x6144][8x4096x6144][8x4096x6144][8x4096x6144][8x4096x6144][8x4096x6144][8x4096x6144][8x4096x6144][8x4096x6144][8x4096x6144][8x4096x6144][8x4096x6144][8x4096x6144][8x4096x6144][8x4096x6144][8x4096x6144][8x4096x6144][8x4096x6144][8x4096x6144][8x4096x6144][8x4096x6144][8x4096x6144][8x4096x6144][8x4096x6144][8x4096x6144][8x4096x6144][8x4096x6144][8x4096x6144][8x4096x6144][8x4096x6144][8x4096x6144][8x4096x6144][8x4096x6144][8x4096x6144][8x4096x6144][8x4096x6144][8x4096x6144][8x4096x6144][8x4096x6144][8x4096x6144][8x4096x6144][8x4096x6144][8x4096x6144][8x4096x6144][8x4096x6144][8x4096x6144][8x4096x6144][8x4096x6144][8x4096x6144][8x4096x6144][8x4096x6144][8x4096x6144][8x4096x6144][8x4096x6144][8x4096x6144][8x4096x6144][8x4096x6144][8x4096x6144][8x4096x6144][8x4096x6144][8x4096x6144][8x4096x6144][8x4096x6144][8x4096x6144][8x4096x6144][8x4096x6144][8x4096x6144][8x4096x6144][8x4096x6144][8x4096x6144][8x4096x6144][8x4096x6144][8x4096x6144][8x4096x6144][8x4096x6144][8x4096x6144][8x4096x6144][8x4096x6144][8x4096x6144][8x4096x6144][8x4096x6144][8x4096x6144][8x4096x6144][8x4096x6144][8x4096x6144][8x4096x6144][8x4096x6144][8x4096x6144][8x4096x6144][8x4096x6144][8x4096x6144][8x4096x6144][8x4096x6144][8x4096x6144][8x4096x6144][8x4096x6144][8x4096x6144][8x4096x6144][8x4096x6144][8x4096x6144][8x4096x6144][8x4096x6144][8x4096x6144][8x4096x6144][8x4096x6144][8x4096x6144][8x4096x6144][8x4096x6144][8x4096x6144][8x4096x6144][8x4096x6144][8x4096x6144][8x4096x6144][8x4096x6144][8x4096x6144][8x4096x6144][8x4096x6144][8x4096x6144][8x4096x6144][8x4096x6144][8x4096x6144][8x4096x6144][8x4096x6144][8x4096x6144][8x4096x6144][8x4096x6144][8x4096x6144][8x4096x6144][8x4096x6144][8x4096x6144][8x4096x6144][8x4096x6144][8x4096x6144][8x4096x6144][8x4096x6144][8x4096x6144][8x4096x6144][8x4096x6144][8x4096x6144][8x4096x6144][8x4096x6144][8x4096x6144][8x4096x6144][8x4096x6144]',,tensorop,f32,64,128,128,4,4,1,1,1,1,8,4,1,1,64,128,32,100,110,6471811072,103095992320,15,2.24157,2688.89,45992.7
1,CUTLASS,grouped_gemm,cutlass3x_sm100_tensorop_gemm_grouped_e4m3_e4m3_f32_bf16_e4m3_64x256x128_0x0x1_0_tnt_align16_1sm,passed,success,grouped,,,,,fe4m3:row,fe4m3:column,bf16:row,fe4m3:row,1,0,invalid,invalid,heuristic,1,false,'[8x4096x6144][8x4096x6144][8x4096x6144][8x4096x6144][8x4096x6144][8x4096x6144][8x4096x6144][8x4096x6144][8x4096x6144][8x4096x6144][8x4096x6144][8x4096x6144][8x4096x6144][8x4096x6144][8x4096x6144][8x4096x6144][8x4096x6144][8x4096x6144][8x4096x6144][8x4096x6144][8x4096x6144][8x4096x6144][8x4096x6144][8x4096x6144][8x4096x6144][8x4096x6144][8x4096x6144][8x4096x6144][8x4096x6144][8x4096x6144][8x4096x6144][8x4096x6144][8x4096x6144][8x4096x6144][8x4096x6144][8x4096x6144][8x4096x6144][8x4096x6144][8x4096x6144][8x4096x6144][8x4096x6144][8x4096x6144][8x4096x6144][8x4096x6144][8x4096x6144][8x4096x6144][8x4096x6144][8x4096x6144][8x4096x6144][8x4096x6144][8x4096x6144][8x4096x6144][8x4096x6144][8x4096x6144][8x4096x6144][8x4096x6144][8x4096x6144][8x4096x6144][8x4096x6144][8x4096x6144][8x4096x6144][8x4096x6144][8x4096x6144][8x4096x6144][8x4096x6144][8x4096x6144][8x4096x6144][8x4096x6144][8x4096x6144][8x4096x6144][8x4096x6144][8x4096x6144][8x4096x6144][8x4096x6144][8x4096x6144][8x4096x6144][8x4096x6144][8x4096x6144][8x4096x6144][8x4096x6144][8x4096x6144][8x4096x6144][8x4096x6144][8x4096x6144][8x4096x6144][8x4096x6144][8x4096x6144][8x4096x6144][8x4096x6144][8x4096x6144][8x4096x6144][8x4096x6144][8x4096x6144][8x4096x6144][8x4096x6144][8x4096x6144][8x4096x6144][8x4096x6144][8x4096x6144][8x4096x6144][8x4096x6144][8x4096x6144][8x4096x6144][8x4096x6144][8x4096x6144][8x4096x6144][8x4096x6144][8x4096x6144][8x4096x6144][8x4096x6144][8x4096x6144][8x4096x6144][8x4096x6144][8x4096x6144][8x4096x6144][8x4096x6144][8x4096x6144][8x4096x6144][8x4096x6144][8x4096x6144][8x4096x6144][8x4096x6144][8x4096x6144][8x4096x6144][8x4096x6144][8x4096x6144][8x4096x6144][8x4096x6144][8x4096x6144][8x4096x6144][8x4096x6144][8x4096x6144][8x4096x6144][8x4096x6144][8x4096x6144][8x4096x6144][8x4096x6144][8x4096x6144][8x4096x6144][8x4096x6144][8x4096x6144][8x4096x6144][8x4096x6144][8x4096x6144][8x4096x6144][8x4096x6144][8x4096x6144][8x4096x6144][8x4096x6144][8x4096x6144][8x4096x6144][8x4096x6144][8x4096x6144][8x4096x6144][8x4096x6144][8x4096x6144][8x4096x6144][8x4096x6144][8x4096x6144][8x4096x6144][8x4096x6144][8x4096x6144][8x4096x6144][8x4096x6144][8x4096x6144][8x4096x6144][8x4096x6144][8x4096x6144][8x4096x6144][8x4096x6144][8x4096x6144][8x4096x6144][8x4096x6144][8x4096x6144][8x4096x6144][8x4096x6144][8x4096x6144][8x4096x6144][8x4096x6144][8x4096x6144][8x4096x6144][8x4096x6144][8x4096x6144][8x4096x6144][8x4096x6144][8x4096x6144][8x4096x6144][8x4096x6144][8x4096x6144][8x4096x6144][8x4096x6144][8x4096x6144][8x4096x6144][8x4096x6144][8x4096x6144][8x4096x6144][8x4096x6144][8x4096x6144][8x4096x6144][8x4096x6144][8x4096x6144][8x4096x6144][8x4096x6144][8x4096x6144][8x4096x6144][8x4096x6144][8x4096x6144][8x4096x6144][8x4096x6144][8x4096x6144][8x4096x6144][8x4096x6144][8x4096x6144][8x4096x6144][8x4096x6144][8x4096x6144][8x4096x6144][8x4096x6144][8x4096x6144][8x4096x6144][8x4096x6144][8x4096x6144][8x4096x6144][8x4096x6144][8x4096x6144][8x4096x6144][8x4096x6144][8x4096x6144][8x4096x6144][8x4096x6144][8x4096x6144][8x4096x6144][8x4096x6144][8x4096x6144][8x4096x6144][8x4096x6144][8x4096x6144][8x4096x6144][8x4096x6144][8x4096x6144][8x4096x6144][8x4096x6144][8x4096x6144][8x4096x6144][8x4096x6144][8x4096x6144][8x4096x6144][8x4096x6144][8x4096x6144][8x4096x6144][8x4096x6144][8x4096x6144][8x4096x6144][8x4096x6144][8x4096x6144][8x4096x6144]',,tensorop,f32,64,256,128,1,1,1,1,1,1,4,4,1,1,64,256,32,100,110,6471811072,103095992320,15,0.925516,6512.42,111393
1,CUTLASS,grouped_gemm,cutlass3x_sm100_tensorop_gemm_grouped_e4m3_e4m3_f32_bf16_e4m3_64x256x128_0x0x1_0_tnt_align16_stream_k_1sm,passed,success,grouped,,,,,fe4m3:row,fe4m3:column,bf16:row,fe4m3:row,1,0,invalid,invalid,heuristic,1,false,'[8x4096x6144][8x4096x6144][8x4096x6144][8x4096x6144][8x4096x6144][8x4096x6144][8x4096x6144][8x4096x6144][8x4096x6144][8x4096x6144][8x4096x6144][8x4096x6144][8x4096x6144][8x4096x6144][8x4096x6144][8x4096x6144][8x4096x6144][8x4096x6144][8x4096x6144][8x4096x6144][8x4096x6144][8x4096x6144][8x4096x6144][8x4096x6144][8x4096x6144][8x4096x6144][8x4096x6144][8x4096x6144][8x4096x6144][8x4096x6144][8x4096x6144][8x4096x6144][8x4096x6144][8x4096x6144][8x4096x6144][8x4096x6144][8x4096x6144][8x4096x6144][8x4096x6144][8x4096x6144][8x4096x6144][8x4096x6144][8x4096x6144][8x4096x6144][8x4096x6144][8x4096x6144][8x4096x6144][8x4096x6144][8x4096x6144][8x4096x6144][8x4096x6144][8x4096x6144][8x4096x6144][8x4096x6144][8x4096x6144][8x4096x6144][8x4096x6144][8x4096x6144][8x4096x6144][8x4096x6144][8x4096x6144][8x4096x6144][8x4096x6144][8x4096x6144][8x4096x6144][8x4096x6144][8x4096x6144][8x4096x6144][8x4096x6144][8x4096x6144][8x4096x6144][8x4096x6144][8x4096x6144][8x4096x6144][8x4096x6144][8x4096x6144][8x4096x6144][8x4096x6144][8x4096x6144][8x4096x6144][8x4096x6144][8x4096x6144][8x4096x6144][8x4096x6144][8x4096x6144][8x4096x6144][8x4096x6144][8x4096x6144][8x4096x6144][8x4096x6144][8x4096x6144][8x4096x6144][8x4096x6144][8x4096x6144][8x4096x6144][8x4096x6144][8x4096x6144][8x4096x6144][8x4096x6144][8x4096x6144][8x4096x6144][8x4096x6144][8x4096x6144][8x4096x6144][8x4096x6144][8x4096x6144][8x4096x6144][8x4096x6144][8x4096x6144][8x4096x6144][8x4096x6144][8x4096x6144][8x4096x6144][8x4096x6144][8x4096x6144][8x4096x6144][8x4096x6144][8x4096x6144][8x4096x6144][8x4096x6144][8x4096x6144][8x4096x6144][8x4096x6144][8x4096x6144][8x4096x6144][8x4096x6144][8x4096x6144][8x4096x6144][8x4096x6144][8x4096x6144][8x4096x6144][8x4096x6144][8x4096x6144][8x4096x6144][8x4096x6144][8x4096x6144][8x4096x6144][8x4096x6144][8x4096x6144][8x4096x6144][8x4096x6144][8x4096x6144][8x4096x6144][8x4096x6144][8x4096x6144][8x4096x6144][8x4096x6144][8x4096x6144][8x4096x6144][8x4096x6144][8x4096x6144][8x4096x6144][8x4096x6144][8x4096x6144][8x4096x6144][8x4096x6144][8x4096x6144][8x4096x6144][8x4096x6144][8x4096x6144][8x4096x6144][8x4096x6144][8x4096x6144][8x4096x6144][8x4096x6144][8x4096x6144][8x4096x6144][8x4096x6144][8x4096x6144][8x4096x6144][8x4096x6144][8x4096x6144][8x4096x6144][8x4096x6144][8x4096x6144][8x4096x6144][8x4096x6144][8x4096x6144][8x4096x6144][8x4096x6144][8x4096x6144][8x4096x6144][8x4096x6144][8x4096x6144][8x4096x6144][8x4096x6144][8x4096x6144][8x4096x6144][8x4096x6144][8x4096x6144][8x4096x6144][8x4096x6144][8x4096x6144][8x4096x6144][8x4096x6144][8x4096x6144][8x4096x6144][8x4096x6144][8x4096x6144][8x4096x6144][8x4096x6144][8x4096x6144][8x4096x6144][8x4096x6144][8x4096x6144][8x4096x6144][8x4096x6144][8x4096x6144][8x4096x6144][8x4096x6144][8x4096x6144][8x4096x6144][8x4096x6144][8x4096x6144][8x4096x6144][8x4096x6144][8x4096x6144][8x4096x6144][8x4096x6144][8x4096x6144][8x4096x6144][8x4096x6144][8x4096x6144][8x4096x6144][8x4096x6144][8x4096x6144][8x4096x6144][8x4096x6144][8x4096x6144][8x4096x6144][8x4096x6144][8x4096x6144][8x4096x6144][8x4096x6144][8x4096x6144][8x4096x6144][8x4096x6144][8x4096x6144][8x4096x6144][8x4096x6144][8x4096x6144][8x4096x6144][8x4096x6144][8x4096x6144][8x4096x6144][8x4096x6144][8x4096x6144][8x4096x6144][8x4096x6144][8x4096x6144][8x4096x6144][8x4096x6144][8x4096x6144][8x4096x6144][8x4096x6144][8x4096x6144]',,tensorop,f32,64,256,128,1,1,1,1,1,1,4,4,1,1,64,256,32,100,110,6471811072,103095992320,15,0.92528,6514.08,111421
1,CUTLASS,grouped_gemm,cutlass3x_sm100_tensorop_gemm_grouped_e4m3_e4m3_f32_bf16_e4m3_64x256x128_0x0x1_0_ttt_align16_1sm,passed,success,grouped,,,,,fe4m3:row,fe4m3:row,bf16:row,fe4m3:row,1,0,invalid,invalid,heuristic,1,false,'[8x4096x6144][8x4096x6144][8x4096x6144][8x4096x6144][8x4096x6144][8x4096x6144][8x4096x6144][8x4096x6144][8x4096x6144][8x4096x6144][8x4096x6144][8x4096x6144][8x4096x6144][8x4096x6144][8x4096x6144][8x4096x6144][8x4096x6144][8x4096x6144][8x4096x6144][8x4096x6144][8x4096x6144][8x4096x6144][8x4096x6144][8x4096x6144][8x4096x6144][8x4096x6144][8x4096x6144][8x4096x6144][8x4096x6144][8x4096x6144][8x4096x6144][8x4096x6144][8x4096x6144][8x4096x6144][8x4096x6144][8x4096x6144][8x4096x6144][8x4096x6144][8x4096x6144][8x4096x6144][8x4096x6144][8x4096x6144][8x4096x6144][8x4096x6144][8x4096x6144][8x4096x6144][8x4096x6144][8x4096x6144][8x4096x6144][8x4096x6144][8x4096x6144][8x4096x6144][8x4096x6144][8x4096x6144][8x4096x6144][8x4096x6144][8x4096x6144][8x4096x6144][8x4096x6144][8x4096x6144][8x4096x6144][8x4096x6144][8x4096x6144][8x4096x6144][8x4096x6144][8x4096x6144][8x4096x6144][8x4096x6144][8x4096x6144][8x4096x6144][8x4096x6144][8x4096x6144][8x4096x6144][8x4096x6144][8x4096x6144][8x4096x6144][8x4096x6144][8x4096x6144][8x4096x6144][8x4096x6144][8x4096x6144][8x4096x6144][8x4096x6144][8x4096x6144][8x4096x6144][8x4096x6144][8x4096x6144][8x4096x6144][8x4096x6144][8x4096x6144][8x4096x6144][8x4096x6144][8x4096x6144][8x4096x6144][8x4096x6144][8x4096x6144][8x4096x6144][8x4096x6144][8x4096x6144][8x4096x6144][8x4096x6144][8x4096x6144][8x4096x6144][8x4096x6144][8x4096x6144][8x4096x6144][8x4096x6144][8x4096x6144][8x4096x6144][8x4096x6144][8x4096x6144][8x4096x6144][8x4096x6144][8x4096x6144][8x4096x6144][8x4096x6144][8x4096x6144][8x4096x6144][8x4096x6144][8x4096x6144][8x4096x6144][8x4096x6144][8x4096x6144][8x4096x6144][8x4096x6144][8x4096x6144][8x4096x6144][8x4096x6144][8x4096x6144][8x4096x6144][8x4096x6144][8x4096x6144][8x4096x6144][8x4096x6144][8x4096x6144][8x4096x6144][8x4096x6144][8x4096x6144][8x4096x6144][8x4096x6144][8x4096x6144][8x4096x6144][8x4096x6144][8x4096x6144][8x4096x6144][8x4096x6144][8x4096x6144][8x4096x6144][8x4096x6144][8x4096x6144][8x4096x6144][8x4096x6144][8x4096x6144][8x4096x6144][8x4096x6144][8x4096x6144][8x4096x6144][8x4096x6144][8x4096x6144][8x4096x6144][8x4096x6144][8x4096x6144][8x4096x6144][8x4096x6144][8x4096x6144][8x4096x6144][8x4096x6144][8x4096x6144][8x4096x6144][8x4096x6144][8x4096x6144][8x4096x6144][8x4096x6144][8x4096x6144][8x4096x6144][8x4096x6144][8x4096x6144][8x4096x6144][8x4096x6144][8x4096x6144][8x4096x6144][8x4096x6144][8x4096x6144][8x4096x6144][8x4096x6144][8x4096x6144][8x4096x6144][8x4096x6144][8x4096x6144][8x4096x6144][8x4096x6144][8x4096x6144][8x4096x6144][8x4096x6144][8x4096x6144][8x4096x6144][8x4096x6144][8x4096x6144][8x4096x6144][8x4096x6144][8x4096x6144][8x4096x6144][8x4096x6144][8x4096x6144][8x4096x6144][8x4096x6144][8x4096x6144][8x4096x6144][8x4096x6144][8x4096x6144][8x4096x6144][8x4096x6144][8x4096x6144][8x4096x6144][8x4096x6144][8x4096x6144][8x4096x6144][8x4096x6144][8x4096x6144][8x4096x6144][8x4096x6144][8x4096x6144][8x4096x6144][8x4096x6144][8x4096x6144][8x4096x6144][8x4096x6144][8x4096x6144][8x4096x6144][8x4096x6144][8x4096x6144][8x4096x6144][8x4096x6144][8x4096x6144][8x4096x6144][8x4096x6144][8x4096x6144][8x4096x6144][8x4096x6144][8x4096x6144][8x4096x6144][8x4096x6144][8x4096x6144][8x4096x6144][8x4096x6144][8x4096x6144][8x4096x6144][8x4096x6144][8x4096x6144][8x4096x6144][8x4096x6144][8x4096x6144][8x4096x6144][8x4096x6144][8x4096x6144][8x4096x6144]',,tensorop,f32,64,256,128,1,1,1,1,1,1,4,4,1,1,64,256,32,100,110,6471811072,103095992320,15,0.880029,6849.03,117151
1,CUTLASS,grouped_gemm,cutlass3x_sm100_tensorop_gemm_grouped_e4m3_e4m3_f32_bf16_e4m3_64x256x128_0x0x1_0_ttt_align16_stream_k_1sm,passed,success,grouped,,,,,fe4m3:row,fe4m3:row,bf16:row,fe4m3:row,1,0,invalid,invalid,heuristic,1,false,'[8x4096x6144][8x4096x6144][8x4096x6144][8x4096x6144][8x4096x6144][8x4096x6144][8x4096x6144][8x4096x6144][8x4096x6144][8x4096x6144][8x4096x6144][8x4096x6144][8x4096x6144][8x4096x6144][8x4096x6144][8x4096x6144][8x4096x6144][8x4096x6144][8x4096x6144][8x4096x6144][8x4096x6144][8x4096x6144][8x4096x6144][8x4096x6144][8x4096x6144][8x4096x6144][8x4096x6144][8x4096x6144][8x4096x6144][8x4096x6144][8x4096x6144][8x4096x6144][8x4096x6144][8x4096x6144][8x4096x6144][8x4096x6144][8x4096x6144][8x4096x6144][8x4096x6144][8x4096x6144][8x4096x6144][8x4096x6144][8x4096x6144][8x4096x6144][8x4096x6144][8x4096x6144][8x4096x6144][8x4096x6144][8x4096x6144][8x4096x6144][8x4096x6144][8x4096x6144][8x4096x6144][8x4096x6144][8x4096x6144][8x4096x6144][8x4096x6144][8x4096x6144][8x4096x6144][8x4096x6144][8x4096x6144][8x4096x6144][8x4096x6144][8x4096x6144][8x4096x6144][8x4096x6144][8x4096x6144][8x4096x6144][8x4096x6144][8x4096x6144][8x4096x6144][8x4096x6144][8x4096x6144][8x4096x6144][8x4096x6144][8x4096x6144][8x4096x6144][8x4096x6144][8x4096x6144][8x4096x6144][8x4096x6144][8x4096x6144][8x4096x6144][8x4096x6144][8x4096x6144][8x4096x6144][8x4096x6144][8x4096x6144][8x4096x6144][8x4096x6144][8x4096x6144][8x4096x6144][8x4096x6144][8x4096x6144][8x4096x6144][8x4096x6144][8x4096x6144][8x4096x6144][8x4096x6144][8x4096x6144][8x4096x6144][8x4096x6144][8x4096x6144][8x4096x6144][8x4096x6144][8x4096x6144][8x4096x6144][8x4096x6144][8x4096x6144][8x4096x6144][8x4096x6144][8x4096x6144][8x4096x6144][8x4096x6144][8x4096x6144][8x4096x6144][8x4096x6144][8x4096x6144][8x4096x6144][8x4096x6144][8x4096x6144][8x4096x6144][8x4096x6144][8x4096x6144][8x4096x6144][8x4096x6144][8x4096x6144][8x4096x6144][8x4096x6144][8x4096x6144][8x4096x6144][8x4096x6144][8x4096x6144][8x4096x6144][8x4096x6144][8x4096x6144][8x4096x6144][8x4096x6144][8x4096x6144][8x4096x6144][8x4096x6144][8x4096x6144][8x4096x6144][8x4096x6144][8x4096x6144][8x4096x6144][8x4096x6144][8x4096x6144][8x4096x6144][8x4096x6144][8x4096x6144][8x4096x6144][8x4096x6144][8x4096x6144][8x4096x6144][8x4096x6144][8x4096x6144][8x4096x6144][8x4096x6144][8x4096x6144][8x4096x6144][8x4096x6144][8x4096x6144][8x4096x6144][8x4096x6144][8x4096x6144][8x4096x6144][8x4096x6144][8x4096x6144][8x4096x6144][8x4096x6144][8x4096x6144][8x4096x6144][8x4096x6144][8x4096x6144][8x4096x6144][8x4096x6144][8x4096x6144][8x4096x6144][8x4096x6144][8x4096x6144][8x4096x6144][8x4096x6144][8x4096x6144][8x4096x6144][8x4096x6144][8x4096x6144][8x4096x6144][8x4096x6144][8x4096x6144][8x4096x6144][8x4096x6144][8x4096x6144][8x4096x6144][8x4096x6144][8x4096x6144][8x4096x6144][8x4096x6144][8x4096x6144][8x4096x6144][8x4096x6144][8x4096x6144][8x4096x6144][8x4096x6144][8x4096x6144][8x4096x6144][8x4096x6144][8x4096x6144][8x4096x6144][8x4096x6144][8x4096x6144][8x4096x6144][8x4096x6144][8x4096x6144][8x4096x6144][8x4096x6144][8x4096x6144][8x4096x6144][8x4096x6144][8x4096x6144][8x4096x6144][8x4096x6144][8x4096x6144][8x4096x6144][8x4096x6144][8x4096x6144][8x4096x6144][8x4096x6144][8x4096x6144][8x4096x6144][8x4096x6144][8x4096x6144][8x4096x6144][8x4096x6144][8x4096x6144][8x4096x6144][8x4096x6144][8x4096x6144][8x4096x6144][8x4096x6144][8x4096x6144][8x4096x6144][8x4096x6144][8x4096x6144][8x4096x6144][8x4096x6144][8x4096x6144][8x4096x6144][8x4096x6144][8x4096x6144][8x4096x6144][8x4096x6144][8x4096x6144][8x4096x6144][8x4096x6144][8x4096x6144]',,tensorop,f32,64,256,128,1,1,1,1,1,1,4,4,1,1,64,256,32,100,110,6471811072,103095992320,15,0.879866,6850.3,117172
1,CUTLASS,grouped_gemm,cutlass3x_sm100_tensorop_gemm_grouped_e4m3_e4m3_f32_bf16_e4m3_64x256x128_1x1x1_0_tnt_align16_1sm,passed,success,grouped,,,,,fe4m3:row,fe4m3:column,bf16:row,fe4m3:row,1,0,invalid,invalid,heuristic,1,false,'[8x4096x6144][8x4096x6144][8x4096x6144][8x4096x6144][8x4096x6144][8x4096x6144][8x4096x6144][8x4096x6144][8x4096x6144][8x4096x6144][8x4096x6144][8x4096x6144][8x4096x6144][8x4096x6144][8x4096x6144][8x4096x6144][8x4096x6144][8x4096x6144][8x4096x6144][8x4096x6144][8x4096x6144][8x4096x6144][8x4096x6144][8x4096x6144][8x4096x6144][8x4096x6144][8x4096x6144][8x4096x6144][8x4096x6144][8x4096x6144][8x4096x6144][8x4096x6144][8x4096x6144][8x4096x6144][8x4096x6144][8x4096x6144][8x4096x6144][8x4096x6144][8x4096x6144][8x4096x6144][8x4096x6144][8x4096x6144][8x4096x6144][8x4096x6144][8x4096x6144][8x4096x6144][8x4096x6144][8x4096x6144][8x4096x6144][8x4096x6144][8x4096x6144][8x4096x6144][8x4096x6144][8x4096x6144][8x4096x6144][8x4096x6144][8x4096x6144][8x4096x6144][8x4096x6144][8x4096x6144][8x4096x6144][8x4096x6144][8x4096x6144][8x4096x6144][8x4096x6144][8x4096x6144][8x4096x6144][8x4096x6144][8x4096x6144][8x4096x6144][8x4096x6144][8x4096x6144][8x4096x6144][8x4096x6144][8x4096x6144][8x4096x6144][8x4096x6144][8x4096x6144][8x4096x6144][8x4096x6144][8x4096x6144][8x4096x6144][8x4096x6144][8x4096x6144][8x4096x6144][8x4096x6144][8x4096x6144][8x4096x6144][8x4096x6144][8x4096x6144][8x4096x6144][8x4096x6144][8x4096x6144][8x4096x6144][8x4096x6144][8x4096x6144][8x4096x6144][8x4096x6144][8x4096x6144][8x4096x6144][8x4096x6144][8x4096x6144][8x4096x6144][8x4096x6144][8x4096x6144][8x4096x6144][8x4096x6144][8x4096x6144][8x4096x6144][8x4096x6144][8x4096x6144][8x4096x6144][8x4096x6144][8x4096x6144][8x4096x6144][8x4096x6144][8x4096x6144][8x4096x6144][8x4096x6144][8x4096x6144][8x4096x6144][8x4096x6144][8x4096x6144][8x4096x6144][8x4096x6144][8x4096x6144][8x4096x6144][8x4096x6144][8x4096x6144][8x4096x6144][8x4096x6144][8x4096x6144][8x4096x6144][8x4096x6144][8x4096x6144][8x4096x6144][8x4096x6144][8x4096x6144][8x4096x6144][8x4096x6144][8x4096x6144][8x4096x6144][8x4096x6144][8x4096x6144][8x4096x6144][8x4096x6144][8x4096x6144][8x4096x6144][8x4096x6144][8x4096x6144][8x4096x6144][8x4096x6144][8x4096x6144][8x4096x6144][8x4096x6144][8x4096x6144][8x4096x6144][8x4096x6144][8x4096x6144][8x4096x6144][8x4096x6144][8x4096x6144][8x4096x6144][8x4096x6144][8x4096x6144][8x4096x6144][8x4096x6144][8x4096x6144][8x4096x6144][8x4096x6144][8x4096x6144][8x4096x6144][8x4096x6144][8x4096x6144][8x4096x6144][8x4096x6144][8x4096x6144][8x4096x6144][8x4096x6144][8x4096x6144][8x4096x6144][8x4096x6144][8x4096x6144][8x4096x6144][8x4096x6144][8x4096x6144][8x4096x6144][8x4096x6144][8x4096x6144][8x4096x6144][8x4096x6144][8x4096x6144][8x4096x6144][8x4096x6144][8x4096x6144][8x4096x6144][8x4096x6144][8x4096x6144][8x4096x6144][8x4096x6144][8x4096x6144][8x4096x6144][8x4096x6144][8x4096x6144][8x4096x6144][8x4096x6144][8x4096x6144][8x4096x6144][8x4096x6144][8x4096x6144][8x4096x6144][8x4096x6144][8x4096x6144][8x4096x6144][8x4096x6144][8x4096x6144][8x4096x6144][8x4096x6144][8x4096x6144][8x4096x6144][8x4096x6144][8x4096x6144][8x4096x6144][8x4096x6144][8x4096x6144][8x4096x6144][8x4096x6144][8x4096x6144][8x4096x6144][8x4096x6144][8x4096x6144][8x4096x6144][8x4096x6144][8x4096x6144][8x4096x6144][8x4096x6144][8x4096x6144][8x4096x6144][8x4096x6144][8x4096x6144][8x4096x6144][8x4096x6144][8x4096x6144][8x4096x6144][8x4096x6144][8x4096x6144][8x4096x6144][8x4096x6144][8x4096x6144][8x4096x6144][8x4096x6144][8x4096x6144][8x4096x6144][8x4096x6144][8x4096x6144][8x4096x6144]',,tensorop,f32,64,256,128,1,1,1,1,1,1,4,4,1,1,64,256,32,100,110,6471811072,103095992320,15,0.9243,6520.98,111539
1,CUTLASS,grouped_gemm,cutlass3x_sm100_tensorop_gemm_grouped_e4m3_e4m3_f32_bf16_e4m3_64x256x128_1x1x1_0_tnt_align16_stream_k_1sm,passed,success,grouped,,,,,fe4m3:row,fe4m3:column,bf16:row,fe4m3:row,1,0,invalid,invalid,heuristic,1,false,'[8x4096x6144][8x4096x6144][8x4096x6144][8x4096x6144][8x4096x6144][8x4096x6144][8x4096x6144][8x4096x6144][8x4096x6144][8x4096x6144][8x4096x6144][8x4096x6144][8x4096x6144][8x4096x6144][8x4096x6144][8x4096x6144][8x4096x6144][8x4096x6144][8x4096x6144][8x4096x6144][8x4096x6144][8x4096x6144][8x4096x6144][8x4096x6144][8x4096x6144][8x4096x6144][8x4096x6144][8x4096x6144][8x4096x6144][8x4096x6144][8x4096x6144][8x4096x6144][8x4096x6144][8x4096x6144][8x4096x6144][8x4096x6144][8x4096x6144][8x4096x6144][8x4096x6144][8x4096x6144][8x4096x6144][8x4096x6144][8x4096x6144][8x4096x6144][8x4096x6144][8x4096x6144][8x4096x6144][8x4096x6144][8x4096x6144][8x4096x6144][8x4096x6144][8x4096x6144][8x4096x6144][8x4096x6144][8x4096x6144][8x4096x6144][8x4096x6144][8x4096x6144][8x4096x6144][8x4096x6144][8x4096x6144][8x4096x6144][8x4096x6144][8x4096x6144][8x4096x6144][8x4096x6144][8x4096x6144][8x4096x6144][8x4096x6144][8x4096x6144][8x4096x6144][8x4096x6144][8x4096x6144][8x4096x6144][8x4096x6144][8x4096x6144][8x4096x6144][8x4096x6144][8x4096x6144][8x4096x6144][8x4096x6144][8x4096x6144][8x4096x6144][8x4096x6144][8x4096x6144][8x4096x6144][8x4096x6144][8x4096x6144][8x4096x6144][8x4096x6144][8x4096x6144][8x4096x6144][8x4096x6144][8x4096x6144][8x4096x6144][8x4096x6144][8x4096x6144][8x4096x6144][8x4096x6144][8x4096x6144][8x4096x6144][8x4096x6144][8x4096x6144][8x4096x6144][8x4096x6144][8x4096x6144][8x4096x6144][8x4096x6144][8x4096x6144][8x4096x6144][8x4096x6144][8x4096x6144][8x4096x6144][8x4096x6144][8x4096x6144][8x4096x6144][8x4096x6144][8x4096x6144][8x4096x6144][8x4096x6144][8x4096x6144][8x4096x6144][8x4096x6144][8x4096x6144][8x4096x6144][8x4096x6144][8x4096x6144][8x4096x6144][8x4096x6144][8x4096x6144][8x4096x6144][8x4096x6144][8x4096x6144][8x4096x6144][8x4096x6144][8x4096x6144][8x4096x6144][8x4096x6144][8x4096x6144][8x4096x6144][8x4096x6144][8x4096x6144][8x4096x6144][8x4096x6144][8x4096x6144][8x4096x6144][8x4096x6144][8x4096x6144][8x4096x6144][8x4096x6144][8x4096x6144][8x4096x6144][8x4096x6144][8x4096x6144][8x4096x6144][8x4096x6144][8x4096x6144][8x4096x6144][8x4096x6144][8x4096x6144][8x4096x6144][8x4096x6144][8x4096x6144][8x4096x6144][8x4096x6144][8x4096x6144][8x4096x6144][8x4096x6144][8x4096x6144][8x4096x6144][8x4096x6144][8x4096x6144][8x4096x6144][8x4096x6144][8x4096x6144][8x4096x6144][8x4096x6144][8x4096x6144][8x4096x6144][8x4096x6144][8x4096x6144][8x4096x6144][8x4096x6144][8x4096x6144][8x4096x6144][8x4096x6144][8x4096x6144][8x4096x6144][8x4096x6144][8x4096x6144][8x4096x6144][8x4096x6144][8x4096x6144][8x4096x6144][8x4096x6144][8x4096x6144][8x4096x6144][8x4096x6144][8x4096x6144][8x4096x6144][8x4096x6144][8x4096x6144][8x4096x6144][8x4096x6144][8x4096x6144][8x4096x6144][8x4096x6144][8x4096x6144][8x4096x6144][8x4096x6144][8x4096x6144][8x4096x6144][8x4096x6144][8x4096x6144][8x4096x6144][8x4096x6144][8x4096x6144][8x4096x6144][8x4096x6144][8x4096x6144][8x4096x6144][8x4096x6144][8x4096x6144][8x4096x6144][8x4096x6144][8x4096x6144][8x4096x6144][8x4096x6144][8x4096x6144][8x4096x6144][8x4096x6144][8x4096x6144][8x4096x6144][8x4096x6144][8x4096x6144][8x4096x6144][8x4096x6144][8x4096x6144][8x4096x6144][8x4096x6144][8x4096x6144][8x4096x6144][8x4096x6144][8x4096x6144][8x4096x6144][8x4096x6144][8x4096x6144][8x4096x6144][8x4096x6144][8x4096x6144][8x4096x6144][8x4096x6144][8x4096x6144][8x4096x6144][8x4096x6144][8x4096x6144]',,tensorop,f32,64,256,128,1,1,1,1,1,1,4,4,1,1,64,256,32,100,110,6471811072,103095992320,15,0.923714,6525.12,111610
1,CUTLASS,grouped_gemm,cutlass3x_sm100_tensorop_gemm_grouped_e4m3_e4m3_f32_bf16_e4m3_64x256x128_1x1x1_0_ttt_align16_1sm,passed,success,grouped,,,,,fe4m3:row,fe4m3:row,bf16:row,fe4m3:row,1,0,invalid,invalid,heuristic,1,false,'[8x4096x6144][8x4096x6144][8x4096x6144][8x4096x6144][8x4096x6144][8x4096x6144][8x4096x6144][8x4096x6144][8x4096x6144][8x4096x6144][8x4096x6144][8x4096x6144][8x4096x6144][8x4096x6144][8x4096x6144][8x4096x6144][8x4096x6144][8x4096x6144][8x4096x6144][8x4096x6144][8x4096x6144][8x4096x6144][8x4096x6144][8x4096x6144][8x4096x6144][8x4096x6144][8x4096x6144][8x4096x6144][8x4096x6144][8x4096x6144][8x4096x6144][8x4096x6144][8x4096x6144][8x4096x6144][8x4096x6144][8x4096x6144][8x4096x6144][8x4096x6144][8x4096x6144][8x4096x6144][8x4096x6144][8x4096x6144][8x4096x6144][8x4096x6144][8x4096x6144][8x4096x6144][8x4096x6144][8x4096x6144][8x4096x6144][8x4096x6144][8x4096x6144][8x4096x6144][8x4096x6144][8x4096x6144][8x4096x6144][8x4096x6144][8x4096x6144][8x4096x6144][8x4096x6144][8x4096x6144][8x4096x6144][8x4096x6144][8x4096x6144][8x4096x6144][8x4096x6144][8x4096x6144][8x4096x6144][8x4096x6144][8x4096x6144][8x4096x6144][8x4096x6144][8x4096x6144][8x4096x6144][8x4096x6144][8x4096x6144][8x4096x6144][8x4096x6144][8x4096x6144][8x4096x6144][8x4096x6144][8x4096x6144][8x4096x6144][8x4096x6144][8x4096x6144][8x4096x6144][8x4096x6144][8x4096x6144][8x4096x6144][8x4096x6144][8x4096x6144][8x4096x6144][8x4096x6144][8x4096x6144][8x4096x6144][8x4096x6144][8x4096x6144][8x4096x6144][8x4096x6144][8x4096x6144][8x4096x6144][8x4096x6144][8x4096x6144][8x4096x6144][8x4096x6144][8x4096x6144][8x4096x6144][8x4096x6144][8x4096x6144][8x4096x6144][8x4096x6144][8x4096x6144][8x4096x6144][8x4096x6144][8x4096x6144][8x4096x6144][8x4096x6144][8x4096x6144][8x4096x6144][8x4096x6144][8x4096x6144][8x4096x6144][8x4096x6144][8x4096x6144][8x4096x6144][8x4096x6144][8x4096x6144][8x4096x6144][8x4096x6144][8x4096x6144][8x4096x6144][8x4096x6144][8x4096x6144][8x4096x6144][8x4096x6144][8x4096x6144][8x4096x6144][8x4096x6144][8x4096x6144][8x4096x6144][8x4096x6144][8x4096x6144][8x4096x6144][8x4096x6144][8x4096x6144][8x4096x6144][8x4096x6144][8x4096x6144][8x4096x6144][8x4096x6144][8x4096x6144][8x4096x6144][8x4096x6144][8x4096x6144][8x4096x6144][8x4096x6144][8x4096x6144][8x4096x6144][8x4096x6144][8x4096x6144][8x4096x6144][8x4096x6144][8x4096x6144][8x4096x6144][8x4096x6144][8x4096x6144][8x4096x6144][8x4096x6144][8x4096x6144][8x4096x6144][8x4096x6144][8x4096x6144][8x4096x6144][8x4096x6144][8x4096x6144][8x4096x6144][8x4096x6144][8x4096x6144][8x4096x6144][8x4096x6144][8x4096x6144][8x4096x6144][8x4096x6144][8x4096x6144][8x4096x6144][8x4096x6144][8x4096x6144][8x4096x6144][8x4096x6144][8x4096x6144][8x4096x6144][8x4096x6144][8x4096x6144][8x4096x6144][8x4096x6144][8x4096x6144][8x4096x6144][8x4096x6144][8x4096x6144][8x4096x6144][8x4096x6144][8x4096x6144][8x4096x6144][8x4096x6144][8x4096x6144][8x4096x6144][8x4096x6144][8x4096x6144][8x4096x6144][8x4096x6144][8x4096x6144][8x4096x6144][8x4096x6144][8x4096x6144][8x4096x6144][8x4096x6144][8x4096x6144][8x4096x6144][8x4096x6144][8x4096x6144][8x4096x6144][8x4096x6144][8x4096x6144][8x4096x6144][8x4096x6144][8x4096x6144][8x4096x6144][8x4096x6144][8x4096x6144][8x4096x6144][8x4096x6144][8x4096x6144][8x4096x6144][8x4096x6144][8x4096x6144][8x4096x6144][8x4096x6144][8x4096x6144][8x4096x6144][8x4096x6144][8x4096x6144][8x4096x6144][8x4096x6144][8x4096x6144][8x4096x6144][8x4096x6144][8x4096x6144][8x4096x6144][8x4096x6144][8x4096x6144][8x4096x6144][8x4096x6144][8x4096x6144][8x4096x6144][8x4096x6144][8x4096x6144][8x4096x6144]',,tensorop,f32,64,256,128,1,1,1,1,1,1,4,4,1,1,64,256,32,100,110,6471811072,103095992320,15,0.876865,6873.74,117573
1,CUTLASS,grouped_gemm,cutlass3x_sm100_tensorop_gemm_grouped_e4m3_e4m3_f32_bf16_e4m3_64x256x128_1x1x1_0_ttt_align16_stream_k_1sm,passed,success,grouped,,,,,fe4m3:row,fe4m3:row,bf16:row,fe4m3:row,1,0,invalid,invalid,heuristic,1,false,'[8x4096x6144][8x4096x6144][8x4096x6144][8x4096x6144][8x4096x6144][8x4096x6144][8x4096x6144][8x4096x6144][8x4096x6144][8x4096x6144][8x4096x6144][8x4096x6144][8x4096x6144][8x4096x6144][8x4096x6144][8x4096x6144][8x4096x6144][8x4096x6144][8x4096x6144][8x4096x6144][8x4096x6144][8x4096x6144][8x4096x6144][8x4096x6144][8x4096x6144][8x4096x6144][8x4096x6144][8x4096x6144][8x4096x6144][8x4096x6144][8x4096x6144][8x4096x6144][8x4096x6144][8x4096x6144][8x4096x6144][8x4096x6144][8x4096x6144][8x4096x6144][8x4096x6144][8x4096x6144][8x4096x6144][8x4096x6144][8x4096x6144][8x4096x6144][8x4096x6144][8x4096x6144][8x4096x6144][8x4096x6144][8x4096x6144][8x4096x6144][8x4096x6144][8x4096x6144][8x4096x6144][8x4096x6144][8x4096x6144][8x4096x6144][8x4096x6144][8x4096x6144][8x4096x6144][8x4096x6144][8x4096x6144][8x4096x6144][8x4096x6144][8x4096x6144][8x4096x6144][8x4096x6144][8x4096x6144][8x4096x6144][8x4096x6144][8x4096x6144][8x4096x6144][8x4096x6144][8x4096x6144][8x4096x6144][8x4096x6144][8x4096x6144][8x4096x6144][8x4096x6144][8x4096x6144][8x4096x6144][8x4096x6144][8x4096x6144][8x4096x6144][8x4096x6144][8x4096x6144][8x4096x6144][8x4096x6144][8x4096x6144][8x4096x6144][8x4096x6144][8x4096x6144][8x4096x6144][8x4096x6144][8x4096x6144][8x4096x6144][8x4096x6144][8x4096x6144][8x4096x6144][8x4096x6144][8x4096x6144][8x4096x6144][8x4096x6144][8x4096x6144][8x4096x6144][8x4096x6144][8x4096x6144][8x4096x6144][8x4096x6144][8x4096x6144][8x4096x6144][8x4096x6144][8x4096x6144][8x4096x6144][8x4096x6144][8x4096x6144][8x4096x6144][8x4096x6144][8x4096x6144][8x4096x6144][8x4096x6144][8x4096x6144][8x4096x6144][8x4096x6144][8x4096x6144][8x4096x6144][8x4096x6144][8x4096x6144][8x4096x6144][8x4096x6144][8x4096x6144][8x4096x6144][8x4096x6144][8x4096x6144][8x4096x6144][8x4096x6144][8x4096x6144][8x4096x6144][8x4096x6144][8x4096x6144][8x4096x6144][8x4096x6144][8x4096x6144][8x4096x6144][8x4096x6144][8x4096x6144][8x4096x6144][8x4096x6144][8x4096x6144][8x4096x6144][8x4096x6144][8x4096x6144][8x4096x6144][8x4096x6144][8x4096x6144][8x4096x6144][8x4096x6144][8x4096x6144][8x4096x6144][8x4096x6144][8x4096x6144][8x4096x6144][8x4096x6144][8x4096x6144][8x4096x6144][8x4096x6144][8x4096x6144][8x4096x6144][8x4096x6144][8x4096x6144][8x4096x6144][8x4096x6144][8x4096x6144][8x4096x6144][8x4096x6144][8x4096x6144][8x4096x6144][8x4096x6144][8x4096x6144][8x4096x6144][8x4096x6144][8x4096x6144][8x4096x6144][8x4096x6144][8x4096x6144][8x4096x6144][8x4096x6144][8x4096x6144][8x4096x6144][8x4096x6144][8x4096x6144][8x4096x6144][8x4096x6144][8x4096x6144][8x4096x6144][8x4096x6144][8x4096x6144][8x4096x6144][8x4096x6144][8x4096x6144][8x4096x6144][8x4096x6144][8x4096x6144][8x4096x6144][8x4096x6144][8x4096x6144][8x4096x6144][8x4096x6144][8x4096x6144][8x4096x6144][8x4096x6144][8x4096x6144][8x4096x6144][8x4096x6144][8x4096x6144][8x4096x6144][8x4096x6144][8x4096x6144][8x4096x6144][8x4096x6144][8x4096x6144][8x4096x6144][8x4096x6144][8x4096x6144][8x4096x6144][8x4096x6144][8x4096x6144][8x4096x6144][8x4096x6144][8x4096x6144][8x4096x6144][8x4096x6144][8x4096x6144][8x4096x6144][8x4096x6144][8x4096x6144][8x4096x6144][8x4096x6144][8x4096x6144][8x4096x6144][8x4096x6144][8x4096x6144][8x4096x6144][8x4096x6144][8x4096x6144][8x4096x6144][8x4096x6144][8x4096x6144][8x4096x6144][8x4096x6144][8x4096x6144][8x4096x6144][8x4096x6144][8x4096x6144][8x4096x6144][8x4096x6144][8x4096x6144]',,tensorop,f32,64,256,128,1,1,1,1,1,1,4,4,1,1,64,256,32,100,110,6471811072,103095992320,15,0.876323,6877.99,117646
1,CUTLASS,grouped_gemm,cutlass3x_sm100_tensorop_gemm_grouped_e4m3_e4m3_f32_bf16_e4m3_64x256x128_1x2x1_0_tnt_align16_1sm,passed,success,grouped,,,,,fe4m3:row,fe4m3:column,bf16:row,fe4m3:row,1,0,invalid,invalid,heuristic,1,false,'[8x4096x6144][8x4096x6144][8x4096x6144][8x4096x6144][8x4096x6144][8x4096x6144][8x4096x6144][8x4096x6144][8x4096x6144][8x4096x6144][8x4096x6144][8x4096x6144][8x4096x6144][8x4096x6144][8x4096x6144][8x4096x6144][8x4096x6144][8x4096x6144][8x4096x6144][8x4096x6144][8x4096x6144][8x4096x6144][8x4096x6144][8x4096x6144][8x4096x6144][8x4096x6144][8x4096x6144][8x4096x6144][8x4096x6144][8x4096x6144][8x4096x6144][8x4096x6144][8x4096x6144][8x4096x6144][8x4096x6144][8x4096x6144][8x4096x6144][8x4096x6144][8x4096x6144][8x4096x6144][8x4096x6144][8x4096x6144][8x4096x6144][8x4096x6144][8x4096x6144][8x4096x6144][8x4096x6144][8x4096x6144][8x4096x6144][8x4096x6144][8x4096x6144][8x4096x6144][8x4096x6144][8x4096x6144][8x4096x6144][8x4096x6144][8x4096x6144][8x4096x6144][8x4096x6144][8x4096x6144][8x4096x6144][8x4096x6144][8x4096x6144][8x4096x6144][8x4096x6144][8x4096x6144][8x4096x6144][8x4096x6144][8x4096x6144][8x4096x6144][8x4096x6144][8x4096x6144][8x4096x6144][8x4096x6144][8x4096x6144][8x4096x6144][8x4096x6144][8x4096x6144][8x4096x6144][8x4096x6144][8x4096x6144][8x4096x6144][8x4096x6144][8x4096x6144][8x4096x6144][8x4096x6144][8x4096x6144][8x4096x6144][8x4096x6144][8x4096x6144][8x4096x6144][8x4096x6144][8x4096x6144][8x4096x6144][8x4096x6144][8x4096x6144][8x4096x6144][8x4096x6144][8x4096x6144][8x4096x6144][8x4096x6144][8x4096x6144][8x4096x6144][8x4096x6144][8x4096x6144][8x4096x6144][8x4096x6144][8x4096x6144][8x4096x6144][8x4096x6144][8x4096x6144][8x4096x6144][8x4096x6144][8x4096x6144][8x4096x6144][8x4096x6144][8x4096x6144][8x4096x6144][8x4096x6144][8x4096x6144][8x4096x6144][8x4096x6144][8x4096x6144][8x4096x6144][8x4096x6144][8x4096x6144][8x4096x6144][8x4096x6144][8x4096x6144][8x4096x6144][8x4096x6144][8x4096x6144][8x4096x6144][8x4096x6144][8x4096x6144][8x4096x6144][8x4096x6144][8x4096x6144][8x4096x6144][8x4096x6144][8x4096x6144][8x4096x6144][8x4096x6144][8x4096x6144][8x4096x6144][8x4096x6144][8x4096x6144][8x4096x6144][8x4096x6144][8x4096x6144][8x4096x6144][8x4096x6144][8x4096x6144][8x4096x6144][8x4096x6144][8x4096x6144][8x4096x6144][8x4096x6144][8x4096x6144][8x4096x6144][8x4096x6144][8x4096x6144][8x4096x6144][8x4096x6144][8x4096x6144][8x4096x6144][8x4096x6144][8x4096x6144][8x4096x6144][8x4096x6144][8x4096x6144][8x4096x6144][8x4096x6144][8x4096x6144][8x4096x6144][8x4096x6144][8x4096x6144][8x4096x6144][8x4096x6144][8x4096x6144][8x4096x6144][8x4096x6144][8x4096x6144][8x4096x6144][8x4096x6144][8x4096x6144][8x4096x6144][8x4096x6144][8x4096x6144][8x4096x6144][8x4096x6144][8x4096x6144][8x4096x6144][8x4096x6144][8x4096x6144][8x4096x6144][8x4096x6144][8x4096x6144][8x4096x6144][8x4096x6144][8x4096x6144][8x4096x6144][8x4096x6144][8x4096x6144][8x4096x6144][8x4096x6144][8x4096x6144][8x4096x6144][8x4096x6144][8x4096x6144][8x4096x6144][8x4096x6144][8x4096x6144][8x4096x6144][8x4096x6144][8x4096x6144][8x4096x6144][8x4096x6144][8x4096x6144][8x4096x6144][8x4096x6144][8x4096x6144][8x4096x6144][8x4096x6144][8x4096x6144][8x4096x6144][8x4096x6144][8x4096x6144][8x4096x6144][8x4096x6144][8x4096x6144][8x4096x6144][8x4096x6144][8x4096x6144][8x4096x6144][8x4096x6144][8x4096x6144][8x4096x6144][8x4096x6144][8x4096x6144][8x4096x6144][8x4096x6144][8x4096x6144][8x4096x6144][8x4096x6144][8x4096x6144][8x4096x6144][8x4096x6144][8x4096x6144][8x4096x6144][8x4096x6144][8x4096x6144][8x4096x6144][8x4096x6144][8x4096x6144][8x4096x6144]',,tensorop,f32,64,256,128,1,2,1,1,1,1,4,4,1,1,64,256,32,100,110,6471811072,103095992320,15,0.925629,6511.62,111379
1,CUTLASS,grouped_gemm,cutlass3x_sm100_tensorop_gemm_grouped_e4m3_e4m3_f32_bf16_e4m3_64x256x128_1x2x1_0_tnt_align16_stream_k_1sm,passed,success,grouped,,,,,fe4m3:row,fe4m3:column,bf16:row,fe4m3:row,1,0,invalid,invalid,heuristic,1,false,'[8x4096x6144][8x4096x6144][8x4096x6144][8x4096x6144][8x4096x6144][8x4096x6144][8x4096x6144][8x4096x6144][8x4096x6144][8x4096x6144][8x4096x6144][8x4096x6144][8x4096x6144][8x4096x6144][8x4096x6144][8x4096x6144][8x4096x6144][8x4096x6144][8x4096x6144][8x4096x6144][8x4096x6144][8x4096x6144][8x4096x6144][8x4096x6144][8x4096x6144][8x4096x6144][8x4096x6144][8x4096x6144][8x4096x6144][8x4096x6144][8x4096x6144][8x4096x6144][8x4096x6144][8x4096x6144][8x4096x6144][8x4096x6144][8x4096x6144][8x4096x6144][8x4096x6144][8x4096x6144][8x4096x6144][8x4096x6144][8x4096x6144][8x4096x6144][8x4096x6144][8x4096x6144][8x4096x6144][8x4096x6144][8x4096x6144][8x4096x6144][8x4096x6144][8x4096x6144][8x4096x6144][8x4096x6144][8x4096x6144][8x4096x6144][8x4096x6144][8x4096x6144][8x4096x6144][8x4096x6144][8x4096x6144][8x4096x6144][8x4096x6144][8x4096x6144][8x4096x6144][8x4096x6144][8x4096x6144][8x4096x6144][8x4096x6144][8x4096x6144][8x4096x6144][8x4096x6144][8x4096x6144][8x4096x6144][8x4096x6144][8x4096x6144][8x4096x6144][8x4096x6144][8x4096x6144][8x4096x6144][8x4096x6144][8x4096x6144][8x4096x6144][8x4096x6144][8x4096x6144][8x4096x6144][8x4096x6144][8x4096x6144][8x4096x6144][8x4096x6144][8x4096x6144][8x4096x6144][8x4096x6144][8x4096x6144][8x4096x6144][8x4096x6144][8x4096x6144][8x4096x6144][8x4096x6144][8x4096x6144][8x4096x6144][8x4096x6144][8x4096x6144][8x4096x6144][8x4096x6144][8x4096x6144][8x4096x6144][8x4096x6144][8x4096x6144][8x4096x6144][8x4096x6144][8x4096x6144][8x4096x6144][8x4096x6144][8x4096x6144][8x4096x6144][8x4096x6144][8x4096x6144][8x4096x6144][8x4096x6144][8x4096x6144][8x4096x6144][8x4096x6144][8x4096x6144][8x4096x6144][8x4096x6144][8x4096x6144][8x4096x6144][8x4096x6144][8x4096x6144][8x4096x6144][8x4096x6144][8x4096x6144][8x4096x6144][8x4096x6144][8x4096x6144][8x4096x6144][8x4096x6144][8x4096x6144][8x4096x6144][8x4096x6144][8x4096x6144][8x4096x6144][8x4096x6144][8x4096x6144][8x4096x6144][8x4096x6144][8x4096x6144][8x4096x6144][8x4096x6144][8x4096x6144][8x4096x6144][8x4096x6144][8x4096x6144][8x4096x6144][8x4096x6144][8x4096x6144][8x4096x6144][8x4096x6144][8x4096x6144][8x4096x6144][8x4096x6144][8x4096x6144][8x4096x6144][8x4096x6144][8x4096x6144][8x4096x6144][8x4096x6144][8x4096x6144][8x4096x6144][8x4096x6144][8x4096x6144][8x4096x6144][8x4096x6144][8x4096x6144][8x4096x6144][8x4096x6144][8x4096x6144][8x4096x6144][8x4096x6144][8x4096x6144][8x4096x6144][8x4096x6144][8x4096x6144][8x4096x6144][8x4096x6144][8x4096x6144][8x4096x6144][8x4096x6144][8x4096x6144][8x4096x6144][8x4096x6144][8x4096x6144][8x4096x6144][8x4096x6144][8x4096x6144][8x4096x6144][8x4096x6144][8x4096x6144][8x4096x6144][8x4096x6144][8x4096x6144][8x4096x6144][8x4096x6144][8x4096x6144][8x4096x6144][8x4096x6144][8x4096x6144][8x4096x6144][8x4096x6144][8x4096x6144][8x4096x6144][8x4096x6144][8x4096x6144][8x4096x6144][8x4096x6144][8x4096x6144][8x4096x6144][8x4096x6144][8x4096x6144][8x4096x6144][8x4096x6144][8x4096x6144][8x4096x6144][8x4096x6144][8x4096x6144][8x4096x6144][8x4096x6144][8x4096x6144][8x4096x6144][8x4096x6144][8x4096x6144][8x4096x6144][8x4096x6144][8x4096x6144][8x4096x6144][8x4096x6144][8x4096x6144][8x4096x6144][8x4096x6144][8x4096x6144][8x4096x6144][8x4096x6144][8x4096x6144][8x4096x6144][8x4096x6144][8x4096x6144][8x4096x6144][8x4096x6144][8x4096x6144][8x4096x6144][8x4096x6144][8x4096x6144][8x4096x6144][8x4096x6144][8x4096x6144]',,tensorop,f32,64,256,128,1,2,1,1,1,1,4,4,1,1,64,256,32,100,110,6471811072,103095992320,15,0.925884,6509.82,111349
1,CUTLASS,grouped_gemm,cutlass3x_sm100_tensorop_gemm_grouped_e4m3_e4m3_f32_bf16_e4m3_64x256x128_1x2x1_0_ttt_align16_1sm,passed,success,grouped,,,,,fe4m3:row,fe4m3:row,bf16:row,fe4m3:row,1,0,invalid,invalid,heuristic,1,false,'[8x4096x6144][8x4096x6144][8x4096x6144][8x4096x6144][8x4096x6144][8x4096x6144][8x4096x6144][8x4096x6144][8x4096x6144][8x4096x6144][8x4096x6144][8x4096x6144][8x4096x6144][8x4096x6144][8x4096x6144][8x4096x6144][8x4096x6144][8x4096x6144][8x4096x6144][8x4096x6144][8x4096x6144][8x4096x6144][8x4096x6144][8x4096x6144][8x4096x6144][8x4096x6144][8x4096x6144][8x4096x6144][8x4096x6144][8x4096x6144][8x4096x6144][8x4096x6144][8x4096x6144][8x4096x6144][8x4096x6144][8x4096x6144][8x4096x6144][8x4096x6144][8x4096x6144][8x4096x6144][8x4096x6144][8x4096x6144][8x4096x6144][8x4096x6144][8x4096x6144][8x4096x6144][8x4096x6144][8x4096x6144][8x4096x6144][8x4096x6144][8x4096x6144][8x4096x6144][8x4096x6144][8x4096x6144][8x4096x6144][8x4096x6144][8x4096x6144][8x4096x6144][8x4096x6144][8x4096x6144][8x4096x6144][8x4096x6144][8x4096x6144][8x4096x6144][8x4096x6144][8x4096x6144][8x4096x6144][8x4096x6144][8x4096x6144][8x4096x6144][8x4096x6144][8x4096x6144][8x4096x6144][8x4096x6144][8x4096x6144][8x4096x6144][8x4096x6144][8x4096x6144][8x4096x6144][8x4096x6144][8x4096x6144][8x4096x6144][8x4096x6144][8x4096x6144][8x4096x6144][8x4096x6144][8x4096x6144][8x4096x6144][8x4096x6144][8x4096x6144][8x4096x6144][8x4096x6144][8x4096x6144][8x4096x6144][8x4096x6144][8x4096x6144][8x4096x6144][8x4096x6144][8x4096x6144][8x4096x6144][8x4096x6144][8x4096x6144][8x4096x6144][8x4096x6144][8x4096x6144][8x4096x6144][8x4096x6144][8x4096x6144][8x4096x6144][8x4096x6144][8x4096x6144][8x4096x6144][8x4096x6144][8x4096x6144][8x4096x6144][8x4096x6144][8x4096x6144][8x4096x6144][8x4096x6144][8x4096x6144][8x4096x6144][8x4096x6144][8x4096x6144][8x4096x6144][8x4096x6144][8x4096x6144][8x4096x6144][8x4096x6144][8x4096x6144][8x4096x6144][8x4096x6144][8x4096x6144][8x4096x6144][8x4096x6144][8x4096x6144][8x4096x6144][8x4096x6144][8x4096x6144][8x4096x6144][8x4096x6144][8x4096x6144][8x4096x6144][8x4096x6144][8x4096x6144][8x4096x6144][8x4096x6144][8x4096x6144][8x4096x6144][8x4096x6144][8x4096x6144][8x4096x6144][8x4096x6144][8x4096x6144][8x4096x6144][8x4096x6144][8x4096x6144][8x4096x6144][8x4096x6144][8x4096x6144][8x4096x6144][8x4096x6144][8x4096x6144][8x4096x6144][8x4096x6144][8x4096x6144][8x4096x6144][8x4096x6144][8x4096x6144][8x4096x6144][8x4096x6144][8x4096x6144][8x4096x6144][8x4096x6144][8x4096x6144][8x4096x6144][8x4096x6144][8x4096x6144][8x4096x6144][8x4096x6144][8x4096x6144][8x4096x6144][8x4096x6144][8x4096x6144][8x4096x6144][8x4096x6144][8x4096x6144][8x4096x6144][8x4096x6144][8x4096x6144][8x4096x6144][8x4096x6144][8x4096x6144][8x4096x6144][8x4096x6144][8x4096x6144][8x4096x6144][8x4096x6144][8x4096x6144][8x4096x6144][8x4096x6144][8x4096x6144][8x4096x6144][8x4096x6144][8x4096x6144][8x4096x6144][8x4096x6144][8x4096x6144][8x4096x6144][8x4096x6144][8x4096x6144][8x4096x6144][8x4096x6144][8x4096x6144][8x4096x6144][8x4096x6144][8x4096x6144][8x4096x6144][8x4096x6144][8x4096x6144][8x4096x6144][8x4096x6144][8x4096x6144][8x4096x6144][8x4096x6144][8x4096x6144][8x4096x6144][8x4096x6144][8x4096x6144][8x4096x6144][8x4096x6144][8x4096x6144][8x4096x6144][8x4096x6144][8x4096x6144][8x4096x6144][8x4096x6144][8x4096x6144][8x4096x6144][8x4096x6144][8x4096x6144][8x4096x6144][8x4096x6144][8x4096x6144][8x4096x6144][8x4096x6144][8x4096x6144][8x4096x6144][8x4096x6144][8x4096x6144][8x4096x6144][8x4096x6144][8x4096x6144][8x4096x6144][8x4096x6144][8x4096x6144][8x4096x6144]',,tensorop,f32,64,256,128,1,2,1,1,1,1,4,4,1,1,64,256,32,100,110,6471811072,103095992320,15,0.878708,6859.32,117327
1,CUTLASS,grouped_gemm,cutlass3x_sm100_tensorop_gemm_grouped_e4m3_e4m3_f32_bf16_e4m3_64x256x128_1x2x1_0_ttt_align16_stream_k_1sm,passed,success,grouped,,,,,fe4m3:row,fe4m3:row,bf16:row,fe4m3:row,1,0,invalid,invalid,heuristic,1,false,'[8x4096x6144][8x4096x6144][8x4096x6144][8x4096x6144][8x4096x6144][8x4096x6144][8x4096x6144][8x4096x6144][8x4096x6144][8x4096x6144][8x4096x6144][8x4096x6144][8x4096x6144][8x4096x6144][8x4096x6144][8x4096x6144][8x4096x6144][8x4096x6144][8x4096x6144][8x4096x6144][8x4096x6144][8x4096x6144][8x4096x6144][8x4096x6144][8x4096x6144][8x4096x6144][8x4096x6144][8x4096x6144][8x4096x6144][8x4096x6144][8x4096x6144][8x4096x6144][8x4096x6144][8x4096x6144][8x4096x6144][8x4096x6144][8x4096x6144][8x4096x6144][8x4096x6144][8x4096x6144][8x4096x6144][8x4096x6144][8x4096x6144][8x4096x6144][8x4096x6144][8x4096x6144][8x4096x6144][8x4096x6144][8x4096x6144][8x4096x6144][8x4096x6144][8x4096x6144][8x4096x6144][8x4096x6144][8x4096x6144][8x4096x6144][8x4096x6144][8x4096x6144][8x4096x6144][8x4096x6144][8x4096x6144][8x4096x6144][8x4096x6144][8x4096x6144][8x4096x6144][8x4096x6144][8x4096x6144][8x4096x6144][8x4096x6144][8x4096x6144][8x4096x6144][8x4096x6144][8x4096x6144][8x4096x6144][8x4096x6144][8x4096x6144][8x4096x6144][8x4096x6144][8x4096x6144][8x4096x6144][8x4096x6144][8x4096x6144][8x4096x6144][8x4096x6144][8x4096x6144][8x4096x6144][8x4096x6144][8x4096x6144][8x4096x6144][8x4096x6144][8x4096x6144][8x4096x6144][8x4096x6144][8x4096x6144][8x4096x6144][8x4096x6144][8x4096x6144][8x4096x6144][8x4096x6144][8x4096x6144][8x4096x6144][8x4096x6144][8x4096x6144][8x4096x6144][8x4096x6144][8x4096x6144][8x4096x6144][8x4096x6144][8x4096x6144][8x4096x6144][8x4096x6144][8x4096x6144][8x4096x6144][8x4096x6144][8x4096x6144][8x4096x6144][8x4096x6144][8x4096x6144][8x4096x6144][8x4096x6144][8x4096x6144][8x4096x6144][8x4096x6144][8x4096x6144][8x4096x6144][8x4096x6144][8x4096x6144][8x4096x6144][8x4096x6144][8x4096x6144][8x4096x6144][8x4096x6144][8x4096x6144][8x4096x6144][8x4096x6144][8x4096x6144][8x4096x6144][8x4096x6144][8x4096x6144][8x4096x6144][8x4096x6144][8x4096x6144][8x4096x6144][8x4096x6144][8x4096x6144][8x4096x6144][8x4096x6144][8x4096x6144][8x4096x6144][8x4096x6144][8x4096x6144][8x4096x6144][8x4096x6144][8x4096x6144][8x4096x6144][8x4096x6144][8x4096x6144][8x4096x6144][8x4096x6144][8x4096x6144][8x4096x6144][8x4096x6144][8x4096x6144][8x4096x6144][8x4096x6144][8x4096x6144][8x4096x6144][8x4096x6144][8x4096x6144][8x4096x6144][8x4096x6144][8x4096x6144][8x4096x6144][8x4096x6144][8x4096x6144][8x4096x6144][8x4096x6144][8x4096x6144][8x4096x6144][8x4096x6144][8x4096x6144][8x4096x6144][8x4096x6144][8x4096x6144][8x4096x6144][8x4096x6144][8x4096x6144][8x4096x6144][8x4096x6144][8x4096x6144][8x4096x6144][8x4096x6144][8x4096x6144][8x4096x6144][8x4096x6144][8x4096x6144][8x4096x6144][8x4096x6144][8x4096x6144][8x4096x6144][8x4096x6144][8x4096x6144][8x4096x6144][8x4096x6144][8x4096x6144][8x4096x6144][8x4096x6144][8x4096x6144][8x4096x6144][8x4096x6144][8x4096x6144][8x4096x6144][8x4096x6144][8x4096x6144][8x4096x6144][8x4096x6144][8x4096x6144][8x4096x6144][8x4096x6144][8x4096x6144][8x4096x6144][8x4096x6144][8x4096x6144][8x4096x6144][8x4096x6144][8x4096x6144][8x4096x6144][8x4096x6144][8x4096x6144][8x4096x6144][8x4096x6144][8x4096x6144][8x4096x6144][8x4096x6144][8x4096x6144][8x4096x6144][8x4096x6144][8x4096x6144][8x4096x6144][8x4096x6144][8x4096x6144][8x4096x6144][8x4096x6144][8x4096x6144][8x4096x6144][8x4096x6144][8x4096x6144][8x4096x6144][8x4096x6144][8x4096x6144][8x4096x6144][8x4096x6144][8x4096x6144][8x4096x6144][8x4096x6144][8x4096x6144]',,tensorop,f32,64,256,128,1,2,1,1,1,1,4,4,1,1,64,256,32,100,110,6471811072,103095992320,15,0.878269,6862.76,117386
1,CUTLASS,grouped_gemm,cutlass3x_sm100_tensorop_gemm_grouped_e4m3_e4m3_f32_bf16_e4m3_64x256x128_2x1x1_0_tnt_align16_1sm,passed,success,grouped,,,,,fe4m3:row,fe4m3:column,bf16:row,fe4m3:row,1,0,invalid,invalid,heuristic,1,false,'[8x4096x6144][8x4096x6144][8x4096x6144][8x4096x6144][8x4096x6144][8x4096x6144][8x4096x6144][8x4096x6144][8x4096x6144][8x4096x6144][8x4096x6144][8x4096x6144][8x4096x6144][8x4096x6144][8x4096x6144][8x4096x6144][8x4096x6144][8x4096x6144][8x4096x6144][8x4096x6144][8x4096x6144][8x4096x6144][8x4096x6144][8x4096x6144][8x4096x6144][8x4096x6144][8x4096x6144][8x4096x6144][8x4096x6144][8x4096x6144][8x4096x6144][8x4096x6144][8x4096x6144][8x4096x6144][8x4096x6144][8x4096x6144][8x4096x6144][8x4096x6144][8x4096x6144][8x4096x6144][8x4096x6144][8x4096x6144][8x4096x6144][8x4096x6144][8x4096x6144][8x4096x6144][8x4096x6144][8x4096x6144][8x4096x6144][8x4096x6144][8x4096x6144][8x4096x6144][8x4096x6144][8x4096x6144][8x4096x6144][8x4096x6144][8x4096x6144][8x4096x6144][8x4096x6144][8x4096x6144][8x4096x6144][8x4096x6144][8x4096x6144][8x4096x6144][8x4096x6144][8x4096x6144][8x4096x6144][8x4096x6144][8x4096x6144][8x4096x6144][8x4096x6144][8x4096x6144][8x4096x6144][8x4096x6144][8x4096x6144][8x4096x6144][8x4096x6144][8x4096x6144][8x4096x6144][8x4096x6144][8x4096x6144][8x4096x6144][8x4096x6144][8x4096x6144][8x4096x6144][8x4096x6144][8x4096x6144][8x4096x6144][8x4096x6144][8x4096x6144][8x4096x6144][8x4096x6144][8x4096x6144][8x4096x6144][8x4096x6144][8x4096x6144][8x4096x6144][8x4096x6144][8x4096x6144][8x4096x6144][8x4096x6144][8x4096x6144][8x4096x6144][8x4096x6144][8x4096x6144][8x4096x6144][8x4096x6144][8x4096x6144][8x4096x6144][8x4096x6144][8x4096x6144][8x4096x6144][8x4096x6144][8x4096x6144][8x4096x6144][8x4096x6144][8x4096x6144][8x4096x6144][8x4096x6144][8x4096x6144][8x4096x6144][8x4096x6144][8x4096x6144][8x4096x6144][8x4096x6144][8x4096x6144][8x4096x6144][8x4096x6144][8x4096x6144][8x4096x6144][8x4096x6144][8x4096x6144][8x4096x6144][8x4096x6144][8x4096x6144][8x4096x6144][8x4096x6144][8x4096x6144][8x4096x6144][8x4096x6144][8x4096x6144][8x4096x6144][8x4096x6144][8x4096x6144][8x4096x6144][8x4096x6144][8x4096x6144][8x4096x6144][8x4096x6144][8x4096x6144][8x4096x6144][8x4096x6144][8x4096x6144][8x4096x6144][8x4096x6144][8x4096x6144][8x4096x6144][8x4096x6144][8x4096x6144][8x4096x6144][8x4096x6144][8x4096x6144][8x4096x6144][8x4096x6144][8x4096x6144][8x4096x6144][8x4096x6144][8x4096x6144][8x4096x6144][8x4096x6144][8x4096x6144][8x4096x6144][8x4096x6144][8x4096x6144][8x4096x6144][8x4096x6144][8x4096x6144][8x4096x6144][8x4096x6144][8x4096x6144][8x4096x6144][8x4096x6144][8x4096x6144][8x4096x6144][8x4096x6144][8x4096x6144][8x4096x6144][8x4096x6144][8x4096x6144][8x4096x6144][8x4096x6144][8x4096x6144][8x4096x6144][8x4096x6144][8x4096x6144][8x4096x6144][8x4096x6144][8x4096x6144][8x4096x6144][8x4096x6144][8x4096x6144][8x4096x6144][8x4096x6144][8x4096x6144][8x4096x6144][8x4096x6144][8x4096x6144][8x4096x6144][8x4096x6144][8x4096x6144][8x4096x6144][8x4096x6144][8x4096x6144][8x4096x6144][8x4096x6144][8x4096x6144][8x4096x6144][8x4096x6144][8x4096x6144][8x4096x6144][8x4096x6144][8x4096x6144][8x4096x6144][8x4096x6144][8x4096x6144][8x4096x6144][8x4096x6144][8x4096x6144][8x4096x6144][8x4096x6144][8x4096x6144][8x4096x6144][8x4096x6144][8x4096x6144][8x4096x6144][8x4096x6144][8x4096x6144][8x4096x6144][8x4096x6144][8x4096x6144][8x4096x6144][8x4096x6144][8x4096x6144][8x4096x6144][8x4096x6144][8x4096x6144][8x4096x6144][8x4096x6144][8x4096x6144][8x4096x6144][8x4096x6144][8x4096x6144][8x4096x6144][8x4096x6144][8x4096x6144][8x4096x6144]',,tensorop,f32,64,256,128,2,1,1,1,1,1,4,4,1,1,64,256,32,100,110,6471811072,103095992320,15,1.12059,5378.73,92001.7
1,CUTLASS,grouped_gemm,cutlass3x_sm100_tensorop_gemm_grouped_e4m3_e4m3_f32_bf16_e4m3_64x256x128_2x1x1_0_tnt_align16_stream_k_1sm,passed,success,grouped,,,,,fe4m3:row,fe4m3:column,bf16:row,fe4m3:row,1,0,invalid,invalid,heuristic,1,false,'[8x4096x6144][8x4096x6144][8x4096x6144][8x4096x6144][8x4096x6144][8x4096x6144][8x4096x6144][8x4096x6144][8x4096x6144][8x4096x6144][8x4096x6144][8x4096x6144][8x4096x6144][8x4096x6144][8x4096x6144][8x4096x6144][8x4096x6144][8x4096x6144][8x4096x6144][8x4096x6144][8x4096x6144][8x4096x6144][8x4096x6144][8x4096x6144][8x4096x6144][8x4096x6144][8x4096x6144][8x4096x6144][8x4096x6144][8x4096x6144][8x4096x6144][8x4096x6144][8x4096x6144][8x4096x6144][8x4096x6144][8x4096x6144][8x4096x6144][8x4096x6144][8x4096x6144][8x4096x6144][8x4096x6144][8x4096x6144][8x4096x6144][8x4096x6144][8x4096x6144][8x4096x6144][8x4096x6144][8x4096x6144][8x4096x6144][8x4096x6144][8x4096x6144][8x4096x6144][8x4096x6144][8x4096x6144][8x4096x6144][8x4096x6144][8x4096x6144][8x4096x6144][8x4096x6144][8x4096x6144][8x4096x6144][8x4096x6144][8x4096x6144][8x4096x6144][8x4096x6144][8x4096x6144][8x4096x6144][8x4096x6144][8x4096x6144][8x4096x6144][8x4096x6144][8x4096x6144][8x4096x6144][8x4096x6144][8x4096x6144][8x4096x6144][8x4096x6144][8x4096x6144][8x4096x6144][8x4096x6144][8x4096x6144][8x4096x6144][8x4096x6144][8x4096x6144][8x4096x6144][8x4096x6144][8x4096x6144][8x4096x6144][8x4096x6144][8x4096x6144][8x4096x6144][8x4096x6144][8x4096x6144][8x4096x6144][8x4096x6144][8x4096x6144][8x4096x6144][8x4096x6144][8x4096x6144][8x4096x6144][8x4096x6144][8x4096x6144][8x4096x6144][8x4096x6144][8x4096x6144][8x4096x6144][8x4096x6144][8x4096x6144][8x4096x6144][8x4096x6144][8x4096x6144][8x4096x6144][8x4096x6144][8x4096x6144][8x4096x6144][8x4096x6144][8x4096x6144][8x4096x6144][8x4096x6144][8x4096x6144][8x4096x6144][8x4096x6144][8x4096x6144][8x4096x6144][8x4096x6144][8x4096x6144][8x4096x6144][8x4096x6144][8x4096x6144][8x4096x6144][8x4096x6144][8x4096x6144][8x4096x6144][8x4096x6144][8x4096x6144][8x4096x6144][8x4096x6144][8x4096x6144][8x4096x6144][8x4096x6144][8x4096x6144][8x4096x6144][8x4096x6144][8x4096x6144][8x4096x6144][8x4096x6144][8x4096x6144][8x4096x6144][8x4096x6144][8x4096x6144][8x4096x6144][8x4096x6144][8x4096x6144][8x4096x6144][8x4096x6144][8x4096x6144][8x4096x6144][8x4096x6144][8x4096x6144][8x4096x6144][8x4096x6144][8x4096x6144][8x4096x6144][8x4096x6144][8x4096x6144][8x4096x6144][8x4096x6144][8x4096x6144][8x4096x6144][8x4096x6144][8x4096x6144][8x4096x6144][8x4096x6144][8x4096x6144][8x4096x6144][8x4096x6144][8x4096x6144][8x4096x6144][8x4096x6144][8x4096x6144][8x4096x6144][8x4096x6144][8x4096x6144][8x4096x6144][8x4096x6144][8x4096x6144][8x4096x6144][8x4096x6144][8x4096x6144][8x4096x6144][8x4096x6144][8x4096x6144][8x4096x6144][8x4096x6144][8x4096x6144][8x4096x6144][8x4096x6144][8x4096x6144][8x4096x6144][8x4096x6144][8x4096x6144][8x4096x6144][8x4096x6144][8x4096x6144][8x4096x6144][8x4096x6144][8x4096x6144][8x4096x6144][8x4096x6144][8x4096x6144][8x4096x6144][8x4096x6144][8x4096x6144][8x4096x6144][8x4096x6144][8x4096x6144][8x4096x6144][8x4096x6144][8x4096x6144][8x4096x6144][8x4096x6144][8x4096x6144][8x4096x6144][8x4096x6144][8x4096x6144][8x4096x6144][8x4096x6144][8x4096x6144][8x4096x6144][8x4096x6144][8x4096x6144][8x4096x6144][8x4096x6144][8x4096x6144][8x4096x6144][8x4096x6144][8x4096x6144][8x4096x6144][8x4096x6144][8x4096x6144][8x4096x6144][8x4096x6144][8x4096x6144][8x4096x6144][8x4096x6144][8x4096x6144][8x4096x6144][8x4096x6144][8x4096x6144][8x4096x6144][8x4096x6144][8x4096x6144][8x4096x6144][8x4096x6144][8x4096x6144][8x4096x6144]',,tensorop,f32,64,256,128,2,1,1,1,1,1,4,4,1,1,64,256,32,100,110,6471811072,103095992320,15,1.12008,5381.19,92043.8
1,CUTLASS,grouped_gemm,cutlass3x_sm100_tensorop_gemm_grouped_e4m3_e4m3_f32_bf16_e4m3_64x256x128_2x1x1_0_ttt_align16_1sm,passed,success,grouped,,,,,fe4m3:row,fe4m3:row,bf16:row,fe4m3:row,1,0,invalid,invalid,heuristic,1,false,'[8x4096x6144][8x4096x6144][8x4096x6144][8x4096x6144][8x4096x6144][8x4096x6144][8x4096x6144][8x4096x6144][8x4096x6144][8x4096x6144][8x4096x6144][8x4096x6144][8x4096x6144][8x4096x6144][8x4096x6144][8x4096x6144][8x4096x6144][8x4096x6144][8x4096x6144][8x4096x6144][8x4096x6144][8x4096x6144][8x4096x6144][8x4096x6144][8x4096x6144][8x4096x6144][8x4096x6144][8x4096x6144][8x4096x6144][8x4096x6144][8x4096x6144][8x4096x6144][8x4096x6144][8x4096x6144][8x4096x6144][8x4096x6144][8x4096x6144][8x4096x6144][8x4096x6144][8x4096x6144][8x4096x6144][8x4096x6144][8x4096x6144][8x4096x6144][8x4096x6144][8x4096x6144][8x4096x6144][8x4096x6144][8x4096x6144][8x4096x6144][8x4096x6144][8x4096x6144][8x4096x6144][8x4096x6144][8x4096x6144][8x4096x6144][8x4096x6144][8x4096x6144][8x4096x6144][8x4096x6144][8x4096x6144][8x4096x6144][8x4096x6144][8x4096x6144][8x4096x6144][8x4096x6144][8x4096x6144][8x4096x6144][8x4096x6144][8x4096x6144][8x4096x6144][8x4096x6144][8x4096x6144][8x4096x6144][8x4096x6144][8x4096x6144][8x4096x6144][8x4096x6144][8x4096x6144][8x4096x6144][8x4096x6144][8x4096x6144][8x4096x6144][8x4096x6144][8x4096x6144][8x4096x6144][8x4096x6144][8x4096x6144][8x4096x6144][8x4096x6144][8x4096x6144][8x4096x6144][8x4096x6144][8x4096x6144][8x4096x6144][8x4096x6144][8x4096x6144][8x4096x6144][8x4096x6144][8x4096x6144][8x4096x6144][8x4096x6144][8x4096x6144][8x4096x6144][8x4096x6144][8x4096x6144][8x4096x6144][8x4096x6144][8x4096x6144][8x4096x6144][8x4096x6144][8x4096x6144][8x4096x6144][8x4096x6144][8x4096x6144][8x4096x6144][8x4096x6144][8x4096x6144][8x4096x6144][8x4096x6144][8x4096x6144][8x4096x6144][8x4096x6144][8x4096x6144][8x4096x6144][8x4096x6144][8x4096x6144][8x4096x6144][8x4096x6144][8x4096x6144][8x4096x6144][8x4096x6144][8x4096x6144][8x4096x6144][8x4096x6144][8x4096x6144][8x4096x6144][8x4096x6144][8x4096x6144][8x4096x6144][8x4096x6144][8x4096x6144][8x4096x6144][8x4096x6144][8x4096x6144][8x4096x6144][8x4096x6144][8x4096x6144][8x4096x6144][8x4096x6144][8x4096x6144][8x4096x6144][8x4096x6144][8x4096x6144][8x4096x6144][8x4096x6144][8x4096x6144][8x4096x6144][8x4096x6144][8x4096x6144][8x4096x6144][8x4096x6144][8x4096x6144][8x4096x6144][8x4096x6144][8x4096x6144][8x4096x6144][8x4096x6144][8x4096x6144][8x4096x6144][8x4096x6144][8x4096x6144][8x4096x6144][8x4096x6144][8x4096x6144][8x4096x6144][8x4096x6144][8x4096x6144][8x4096x6144][8x4096x6144][8x4096x6144][8x4096x6144][8x4096x6144][8x4096x6144][8x4096x6144][8x4096x6144][8x4096x6144][8x4096x6144][8x4096x6144][8x4096x6144][8x4096x6144][8x4096x6144][8x4096x6144][8x4096x6144][8x4096x6144][8x4096x6144][8x4096x6144][8x4096x6144][8x4096x6144][8x4096x6144][8x4096x6144][8x4096x6144][8x4096x6144][8x4096x6144][8x4096x6144][8x4096x6144][8x4096x6144][8x4096x6144][8x4096x6144][8x4096x6144][8x4096x6144][8x4096x6144][8x4096x6144][8x4096x6144][8x4096x6144][8x4096x6144][8x4096x6144][8x4096x6144][8x4096x6144][8x4096x6144][8x4096x6144][8x4096x6144][8x4096x6144][8x4096x6144][8x4096x6144][8x4096x6144][8x4096x6144][8x4096x6144][8x4096x6144][8x4096x6144][8x4096x6144][8x4096x6144][8x4096x6144][8x4096x6144][8x4096x6144][8x4096x6144][8x4096x6144][8x4096x6144][8x4096x6144][8x4096x6144][8x4096x6144][8x4096x6144][8x4096x6144][8x4096x6144][8x4096x6144][8x4096x6144][8x4096x6144][8x4096x6144][8x4096x6144][8x4096x6144][8x4096x6144][8x4096x6144][8x4096x6144][8x4096x6144][8x4096x6144][8x4096x6144]',,tensorop,f32,64,256,128,2,1,1,1,1,1,4,4,1,1,64,256,32,100,110,6471811072,103095992320,15,1.04155,5786.92,98983.7
1,CUTLASS,grouped_gemm,cutlass3x_sm100_tensorop_gemm_grouped_e4m3_e4m3_f32_bf16_e4m3_64x256x128_2x1x1_0_ttt_align16_stream_k_1sm,passed,success,grouped,,,,,fe4m3:row,fe4m3:row,bf16:row,fe4m3:row,1,0,invalid,invalid,heuristic,1,false,'[8x4096x6144][8x4096x6144][8x4096x6144][8x4096x6144][8x4096x6144][8x4096x6144][8x4096x6144][8x4096x6144][8x4096x6144][8x4096x6144][8x4096x6144][8x4096x6144][8x4096x6144][8x4096x6144][8x4096x6144][8x4096x6144][8x4096x6144][8x4096x6144][8x4096x6144][8x4096x6144][8x4096x6144][8x4096x6144][8x4096x6144][8x4096x6144][8x4096x6144][8x4096x6144][8x4096x6144][8x4096x6144][8x4096x6144][8x4096x6144][8x4096x6144][8x4096x6144][8x4096x6144][8x4096x6144][8x4096x6144][8x4096x6144][8x4096x6144][8x4096x6144][8x4096x6144][8x4096x6144][8x4096x6144][8x4096x6144][8x4096x6144][8x4096x6144][8x4096x6144][8x4096x6144][8x4096x6144][8x4096x6144][8x4096x6144][8x4096x6144][8x4096x6144][8x4096x6144][8x4096x6144][8x4096x6144][8x4096x6144][8x4096x6144][8x4096x6144][8x4096x6144][8x4096x6144][8x4096x6144][8x4096x6144][8x4096x6144][8x4096x6144][8x4096x6144][8x4096x6144][8x4096x6144][8x4096x6144][8x4096x6144][8x4096x6144][8x4096x6144][8x4096x6144][8x4096x6144][8x4096x6144][8x4096x6144][8x4096x6144][8x4096x6144][8x4096x6144][8x4096x6144][8x4096x6144][8x4096x6144][8x4096x6144][8x4096x6144][8x4096x6144][8x4096x6144][8x4096x6144][8x4096x6144][8x4096x6144][8x4096x6144][8x4096x6144][8x4096x6144][8x4096x6144][8x4096x6144][8x4096x6144][8x4096x6144][8x4096x6144][8x4096x6144][8x4096x6144][8x4096x6144][8x4096x6144][8x4096x6144][8x4096x6144][8x4096x6144][8x4096x6144][8x4096x6144][8x4096x6144][8x4096x6144][8x4096x6144][8x4096x6144][8x4096x6144][8x4096x6144][8x4096x6144][8x4096x6144][8x4096x6144][8x4096x6144][8x4096x6144][8x4096x6144][8x4096x6144][8x4096x6144][8x4096x6144][8x4096x6144][8x4096x6144][8x4096x6144][8x4096x6144][8x4096x6144][8x4096x6144][8x4096x6144][8x4096x6144][8x4096x6144][8x4096x6144][8x4096x6144][8x4096x6144][8x4096x6144][8x4096x6144][8x4096x6144][8x4096x6144][8x4096x6144][8x4096x6144][8x4096x6144][8x4096x6144][8x4096x6144][8x4096x6144][8x4096x6144][8x4096x6144][8x4096x6144][8x4096x6144][8x4096x6144][8x4096x6144][8x4096x6144][8x4096x6144][8x4096x6144][8x4096x6144][8x4096x6144][8x4096x6144][8x4096x6144][8x4096x6144][8x4096x6144][8x4096x6144][8x4096x6144][8x4096x6144][8x4096x6144][8x4096x6144][8x4096x6144][8x4096x6144][8x4096x6144][8x4096x6144][8x4096x6144][8x4096x6144][8x4096x6144][8x4096x6144][8x4096x6144][8x4096x6144][8x4096x6144][8x4096x6144][8x4096x6144][8x4096x6144][8x4096x6144][8x4096x6144][8x4096x6144][8x4096x6144][8x4096x6144][8x4096x6144][8x4096x6144][8x4096x6144][8x4096x6144][8x4096x6144][8x4096x6144][8x4096x6144][8x4096x6144][8x4096x6144][8x4096x6144][8x4096x6144][8x4096x6144][8x4096x6144][8x4096x6144][8x4096x6144][8x4096x6144][8x4096x6144][8x4096x6144][8x4096x6144][8x4096x6144][8x4096x6144][8x4096x6144][8x4096x6144][8x4096x6144][8x4096x6144][8x4096x6144][8x4096x6144][8x4096x6144][8x4096x6144][8x4096x6144][8x4096x6144][8x4096x6144][8x4096x6144][8x4096x6144][8x4096x6144][8x4096x6144][8x4096x6144][8x4096x6144][8x4096x6144][8x4096x6144][8x4096x6144][8x4096x6144][8x4096x6144][8x4096x6144][8x4096x6144][8x4096x6144][8x4096x6144][8x4096x6144][8x4096x6144][8x4096x6144][8x4096x6144][8x4096x6144][8x4096x6144][8x4096x6144][8x4096x6144][8x4096x6144][8x4096x6144][8x4096x6144][8x4096x6144][8x4096x6144][8x4096x6144][8x4096x6144][8x4096x6144][8x4096x6144][8x4096x6144][8x4096x6144][8x4096x6144][8x4096x6144][8x4096x6144][8x4096x6144][8x4096x6144][8x4096x6144][8x4096x6144][8x4096x6144][8x4096x6144][8x4096x6144]',,tensorop,f32,64,256,128,2,1,1,1,1,1,4,4,1,1,64,256,32,100,110,6471811072,103095992320,15,1.04167,5786.24,98972
1,CUTLASS,grouped_gemm,cutlass3x_sm100_tensorop_gemm_grouped_e4m3_e4m3_f32_bf16_e4m3_64x256x128_1x4x1_0_tnt_align16_1sm,passed,success,grouped,,,,,fe4m3:row,fe4m3:column,bf16:row,fe4m3:row,1,0,invalid,invalid,heuristic,1,false,'[8x4096x6144][8x4096x6144][8x4096x6144][8x4096x6144][8x4096x6144][8x4096x6144][8x4096x6144][8x4096x6144][8x4096x6144][8x4096x6144][8x4096x6144][8x4096x6144][8x4096x6144][8x4096x6144][8x4096x6144][8x4096x6144][8x4096x6144][8x4096x6144][8x4096x6144][8x4096x6144][8x4096x6144][8x4096x6144][8x4096x6144][8x4096x6144][8x4096x6144][8x4096x6144][8x4096x6144][8x4096x6144][8x4096x6144][8x4096x6144][8x4096x6144][8x4096x6144][8x4096x6144][8x4096x6144][8x4096x6144][8x4096x6144][8x4096x6144][8x4096x6144][8x4096x6144][8x4096x6144][8x4096x6144][8x4096x6144][8x4096x6144][8x4096x6144][8x4096x6144][8x4096x6144][8x4096x6144][8x4096x6144][8x4096x6144][8x4096x6144][8x4096x6144][8x4096x6144][8x4096x6144][8x4096x6144][8x4096x6144][8x4096x6144][8x4096x6144][8x4096x6144][8x4096x6144][8x4096x6144][8x4096x6144][8x4096x6144][8x4096x6144][8x4096x6144][8x4096x6144][8x4096x6144][8x4096x6144][8x4096x6144][8x4096x6144][8x4096x6144][8x4096x6144][8x4096x6144][8x4096x6144][8x4096x6144][8x4096x6144][8x4096x6144][8x4096x6144][8x4096x6144][8x4096x6144][8x4096x6144][8x4096x6144][8x4096x6144][8x4096x6144][8x4096x6144][8x4096x6144][8x4096x6144][8x4096x6144][8x4096x6144][8x4096x6144][8x4096x6144][8x4096x6144][8x4096x6144][8x4096x6144][8x4096x6144][8x4096x6144][8x4096x6144][8x4096x6144][8x4096x6144][8x4096x6144][8x4096x6144][8x4096x6144][8x4096x6144][8x4096x6144][8x4096x6144][8x4096x6144][8x4096x6144][8x4096x6144][8x4096x6144][8x4096x6144][8x4096x6144][8x4096x6144][8x4096x6144][8x4096x6144][8x4096x6144][8x4096x6144][8x4096x6144][8x4096x6144][8x4096x6144][8x4096x6144][8x4096x6144][8x4096x6144][8x4096x6144][8x4096x6144][8x4096x6144][8x4096x6144][8x4096x6144][8x4096x6144][8x4096x6144][8x4096x6144][8x4096x6144][8x4096x6144][8x4096x6144][8x4096x6144][8x4096x6144][8x4096x6144][8x4096x6144][8x4096x6144][8x4096x6144][8x4096x6144][8x4096x6144][8x4096x6144][8x4096x6144][8x4096x6144][8x4096x6144][8x4096x6144][8x4096x6144][8x4096x6144][8x4096x6144][8x4096x6144][8x4096x6144][8x4096x6144][8x4096x6144][8x4096x6144][8x4096x6144][8x4096x6144][8x4096x6144][8x4096x6144][8x4096x6144][8x4096x6144][8x4096x6144][8x4096x6144][8x4096x6144][8x4096x6144][8x4096x6144][8x4096x6144][8x4096x6144][8x4096x6144][8x4096x6144][8x4096x6144][8x4096x6144][8x4096x6144][8x4096x6144][8x4096x6144][8x4096x6144][8x4096x6144][8x4096x6144][8x4096x6144][8x4096x6144][8x4096x6144][8x4096x6144][8x4096x6144][8x4096x6144][8x4096x6144][8x4096x6144][8x4096x6144][8x4096x6144][8x4096x6144][8x4096x6144][8x4096x6144][8x4096x6144][8x4096x6144][8x4096x6144][8x4096x6144][8x4096x6144][8x4096x6144][8x4096x6144][8x4096x6144][8x4096x6144][8x4096x6144][8x4096x6144][8x4096x6144][8x4096x6144][8x4096x6144][8x4096x6144][8x4096x6144][8x4096x6144][8x4096x6144][8x4096x6144][8x4096x6144][8x4096x6144][8x4096x6144][8x4096x6144][8x4096x6144][8x4096x6144][8x4096x6144][8x4096x6144][8x4096x6144][8x4096x6144][8x4096x6144][8x4096x6144][8x4096x6144][8x4096x6144][8x4096x6144][8x4096x6144][8x4096x6144][8x4096x6144][8x4096x6144][8x4096x6144][8x4096x6144][8x4096x6144][8x4096x6144][8x4096x6144][8x4096x6144][8x4096x6144][8x4096x6144][8x4096x6144][8x4096x6144][8x4096x6144][8x4096x6144][8x4096x6144][8x4096x6144][8x4096x6144][8x4096x6144][8x4096x6144][8x4096x6144][8x4096x6144][8x4096x6144][8x4096x6144][8x4096x6144][8x4096x6144][8x4096x6144][8x4096x6144][8x4096x6144][8x4096x6144][8x4096x6144][8x4096x6144]',,tensorop,f32,64,256,128,1,4,1,1,1,1,4,4,1,1,64,256,32,100,110,6471811072,103095992320,15,0.940426,6409.17,109627
1,CUTLASS,grouped_gemm,cutlass3x_sm100_tensorop_gemm_grouped_e4m3_e4m3_f32_bf16_e4m3_64x256x128_1x4x1_0_tnt_align16_stream_k_1sm,passed,success,grouped,,,,,fe4m3:row,fe4m3:column,bf16:row,fe4m3:row,1,0,invalid,invalid,heuristic,1,false,'[8x4096x6144][8x4096x6144][8x4096x6144][8x4096x6144][8x4096x6144][8x4096x6144][8x4096x6144][8x4096x6144][8x4096x6144][8x4096x6144][8x4096x6144][8x4096x6144][8x4096x6144][8x4096x6144][8x4096x6144][8x4096x6144][8x4096x6144][8x4096x6144][8x4096x6144][8x4096x6144][8x4096x6144][8x4096x6144][8x4096x6144][8x4096x6144][8x4096x6144][8x4096x6144][8x4096x6144][8x4096x6144][8x4096x6144][8x4096x6144][8x4096x6144][8x4096x6144][8x4096x6144][8x4096x6144][8x4096x6144][8x4096x6144][8x4096x6144][8x4096x6144][8x4096x6144][8x4096x6144][8x4096x6144][8x4096x6144][8x4096x6144][8x4096x6144][8x4096x6144][8x4096x6144][8x4096x6144][8x4096x6144][8x4096x6144][8x4096x6144][8x4096x6144][8x4096x6144][8x4096x6144][8x4096x6144][8x4096x6144][8x4096x6144][8x4096x6144][8x4096x6144][8x4096x6144][8x4096x6144][8x4096x6144][8x4096x6144][8x4096x6144][8x4096x6144][8x4096x6144][8x4096x6144][8x4096x6144][8x4096x6144][8x4096x6144][8x4096x6144][8x4096x6144][8x4096x6144][8x4096x6144][8x4096x6144][8x4096x6144][8x4096x6144][8x4096x6144][8x4096x6144][8x4096x6144][8x4096x6144][8x4096x6144][8x4096x6144][8x4096x6144][8x4096x6144][8x4096x6144][8x4096x6144][8x4096x6144][8x4096x6144][8x4096x6144][8x4096x6144][8x4096x6144][8x4096x6144][8x4096x6144][8x4096x6144][8x4096x6144][8x4096x6144][8x4096x6144][8x4096x6144][8x4096x6144][8x4096x6144][8x4096x6144][8x4096x6144][8x4096x6144][8x4096x6144][8x4096x6144][8x4096x6144][8x4096x6144][8x4096x6144][8x4096x6144][8x4096x6144][8x4096x6144][8x4096x6144][8x4096x6144][8x4096x6144][8x4096x6144][8x4096x6144][8x4096x6144][8x4096x6144][8x4096x6144][8x4096x6144][8x4096x6144][8x4096x6144][8x4096x6144][8x4096x6144][8x4096x6144][8x4096x6144][8x4096x6144][8x4096x6144][8x4096x6144][8x4096x6144][8x4096x6144][8x4096x6144][8x4096x6144][8x4096x6144][8x4096x6144][8x4096x6144][8x4096x6144][8x4096x6144][8x4096x6144][8x4096x6144][8x4096x6144][8x4096x6144][8x4096x6144][8x4096x6144][8x4096x6144][8x4096x6144][8x4096x6144][8x4096x6144][8x4096x6144][8x4096x6144][8x4096x6144][8x4096x6144][8x4096x6144][8x4096x6144][8x4096x6144][8x4096x6144][8x4096x6144][8x4096x6144][8x4096x6144][8x4096x6144][8x4096x6144][8x4096x6144][8x4096x6144][8x4096x6144][8x4096x6144][8x4096x6144][8x4096x6144][8x4096x6144][8x4096x6144][8x4096x6144][8x4096x6144][8x4096x6144][8x4096x6144][8x4096x6144][8x4096x6144][8x4096x6144][8x4096x6144][8x4096x6144][8x4096x6144][8x4096x6144][8x4096x6144][8x4096x6144][8x4096x6144][8x4096x6144][8x4096x6144][8x4096x6144][8x4096x6144][8x4096x6144][8x4096x6144][8x4096x6144][8x4096x6144][8x4096x6144][8x4096x6144][8x4096x6144][8x4096x6144][8x4096x6144][8x4096x6144][8x4096x6144][8x4096x6144][8x4096x6144][8x4096x6144][8x4096x6144][8x4096x6144][8x4096x6144][8x4096x6144][8x4096x6144][8x4096x6144][8x4096x6144][8x4096x6144][8x4096x6144][8x4096x6144][8x4096x6144][8x4096x6144][8x4096x6144][8x4096x6144][8x4096x6144][8x4096x6144][8x4096x6144][8x4096x6144][8x4096x6144][8x4096x6144][8x4096x6144][8x4096x6144][8x4096x6144][8x4096x6144][8x4096x6144][8x4096x6144][8x4096x6144][8x4096x6144][8x4096x6144][8x4096x6144][8x4096x6144][8x4096x6144][8x4096x6144][8x4096x6144][8x4096x6144][8x4096x6144][8x4096x6144][8x4096x6144][8x4096x6144][8x4096x6144][8x4096x6144][8x4096x6144][8x4096x6144][8x4096x6144][8x4096x6144][8x4096x6144][8x4096x6144][8x4096x6144][8x4096x6144][8x4096x6144][8x4096x6144][8x4096x6144][8x4096x6144][8x4096x6144][8x4096x6144]',,tensorop,f32,64,256,128,1,4,1,1,1,1,4,4,1,1,64,256,32,100,110,6471811072,103095992320,15,0.940507,6408.61,109618
1,CUTLASS,grouped_gemm,cutlass3x_sm100_tensorop_gemm_grouped_e4m3_e4m3_f32_bf16_e4m3_64x256x128_1x4x1_0_ttt_align16_1sm,passed,success,grouped,,,,,fe4m3:row,fe4m3:row,bf16:row,fe4m3:row,1,0,invalid,invalid,heuristic,1,false,'[8x4096x6144][8x4096x6144][8x4096x6144][8x4096x6144][8x4096x6144][8x4096x6144][8x4096x6144][8x4096x6144][8x4096x6144][8x4096x6144][8x4096x6144][8x4096x6144][8x4096x6144][8x4096x6144][8x4096x6144][8x4096x6144][8x4096x6144][8x4096x6144][8x4096x6144][8x4096x6144][8x4096x6144][8x4096x6144][8x4096x6144][8x4096x6144][8x4096x6144][8x4096x6144][8x4096x6144][8x4096x6144][8x4096x6144][8x4096x6144][8x4096x6144][8x4096x6144][8x4096x6144][8x4096x6144][8x4096x6144][8x4096x6144][8x4096x6144][8x4096x6144][8x4096x6144][8x4096x6144][8x4096x6144][8x4096x6144][8x4096x6144][8x4096x6144][8x4096x6144][8x4096x6144][8x4096x6144][8x4096x6144][8x4096x6144][8x4096x6144][8x4096x6144][8x4096x6144][8x4096x6144][8x4096x6144][8x4096x6144][8x4096x6144][8x4096x6144][8x4096x6144][8x4096x6144][8x4096x6144][8x4096x6144][8x4096x6144][8x4096x6144][8x4096x6144][8x4096x6144][8x4096x6144][8x4096x6144][8x4096x6144][8x4096x6144][8x4096x6144][8x4096x6144][8x4096x6144][8x4096x6144][8x4096x6144][8x4096x6144][8x4096x6144][8x4096x6144][8x4096x6144][8x4096x6144][8x4096x6144][8x4096x6144][8x4096x6144][8x4096x6144][8x4096x6144][8x4096x6144][8x4096x6144][8x4096x6144][8x4096x6144][8x4096x6144][8x4096x6144][8x4096x6144][8x4096x6144][8x4096x6144][8x4096x6144][8x4096x6144][8x4096x6144][8x4096x6144][8x4096x6144][8x4096x6144][8x4096x6144][8x4096x6144][8x4096x6144][8x4096x6144][8x4096x6144][8x4096x6144][8x4096x6144][8x4096x6144][8x4096x6144][8x4096x6144][8x4096x6144][8x4096x6144][8x4096x6144][8x4096x6144][8x4096x6144][8x4096x6144][8x4096x6144][8x4096x6144][8x4096x6144][8x4096x6144][8x4096x6144][8x4096x6144][8x4096x6144][8x4096x6144][8x4096x6144][8x4096x6144][8x4096x6144][8x4096x6144][8x4096x6144][8x4096x6144][8x4096x6144][8x4096x6144][8x4096x6144][8x4096x6144][8x4096x6144][8x4096x6144][8x4096x6144][8x4096x6144][8x4096x6144][8x4096x6144][8x4096x6144][8x4096x6144][8x4096x6144][8x4096x6144][8x4096x6144][8x4096x6144][8x4096x6144][8x4096x6144][8x4096x6144][8x4096x6144][8x4096x6144][8x4096x6144][8x4096x6144][8x4096x6144][8x4096x6144][8x4096x6144][8x4096x6144][8x4096x6144][8x4096x6144][8x4096x6144][8x4096x6144][8x4096x6144][8x4096x6144][8x4096x6144][8x4096x6144][8x4096x6144][8x4096x6144][8x4096x6144][8x4096x6144][8x4096x6144][8x4096x6144][8x4096x6144][8x4096x6144][8x4096x6144][8x4096x6144][8x4096x6144][8x4096x6144][8x4096x6144][8x4096x6144][8x4096x6144][8x4096x6144][8x4096x6144][8x4096x6144][8x4096x6144][8x4096x6144][8x4096x6144][8x4096x6144][8x4096x6144][8x4096x6144][8x4096x6144][8x4096x6144][8x4096x6144][8x4096x6144][8x4096x6144][8x4096x6144][8x4096x6144][8x4096x6144][8x4096x6144][8x4096x6144][8x4096x6144][8x4096x6144][8x4096x6144][8x4096x6144][8x4096x6144][8x4096x6144][8x4096x6144][8x4096x6144][8x4096x6144][8x4096x6144][8x4096x6144][8x4096x6144][8x4096x6144][8x4096x6144][8x4096x6144][8x4096x6144][8x4096x6144][8x4096x6144][8x4096x6144][8x4096x6144][8x4096x6144][8x4096x6144][8x4096x6144][8x4096x6144][8x4096x6144][8x4096x6144][8x4096x6144][8x4096x6144][8x4096x6144][8x4096x6144][8x4096x6144][8x4096x6144][8x4096x6144][8x4096x6144][8x4096x6144][8x4096x6144][8x4096x6144][8x4096x6144][8x4096x6144][8x4096x6144][8x4096x6144][8x4096x6144][8x4096x6144][8x4096x6144][8x4096x6144][8x4096x6144][8x4096x6144][8x4096x6144][8x4096x6144][8x4096x6144][8x4096x6144][8x4096x6144][8x4096x6144][8x4096x6144][8x4096x6144][8x4096x6144][8x4096x6144][8x4096x6144]',,tensorop,f32,64,256,128,1,4,1,1,1,1,4,4,1,1,64,256,32,100,110,6471811072,103095992320,15,0.867414,6948.64,118854
1,CUTLASS,grouped_gemm,cutlass3x_sm100_tensorop_gemm_grouped_e4m3_e4m3_f32_bf16_e4m3_64x256x128_1x4x1_0_ttt_align16_stream_k_1sm,passed,success,grouped,,,,,fe4m3:row,fe4m3:row,bf16:row,fe4m3:row,1,0,invalid,invalid,heuristic,1,false,'[8x4096x6144][8x4096x6144][8x4096x6144][8x4096x6144][8x4096x6144][8x4096x6144][8x4096x6144][8x4096x6144][8x4096x6144][8x4096x6144][8x4096x6144][8x4096x6144][8x4096x6144][8x4096x6144][8x4096x6144][8x4096x6144][8x4096x6144][8x4096x6144][8x4096x6144][8x4096x6144][8x4096x6144][8x4096x6144][8x4096x6144][8x4096x6144][8x4096x6144][8x4096x6144][8x4096x6144][8x4096x6144][8x4096x6144][8x4096x6144][8x4096x6144][8x4096x6144][8x4096x6144][8x4096x6144][8x4096x6144][8x4096x6144][8x4096x6144][8x4096x6144][8x4096x6144][8x4096x6144][8x4096x6144][8x4096x6144][8x4096x6144][8x4096x6144][8x4096x6144][8x4096x6144][8x4096x6144][8x4096x6144][8x4096x6144][8x4096x6144][8x4096x6144][8x4096x6144][8x4096x6144][8x4096x6144][8x4096x6144][8x4096x6144][8x4096x6144][8x4096x6144][8x4096x6144][8x4096x6144][8x4096x6144][8x4096x6144][8x4096x6144][8x4096x6144][8x4096x6144][8x4096x6144][8x4096x6144][8x4096x6144][8x4096x6144][8x4096x6144][8x4096x6144][8x4096x6144][8x4096x6144][8x4096x6144][8x4096x6144][8x4096x6144][8x4096x6144][8x4096x6144][8x4096x6144][8x4096x6144][8x4096x6144][8x4096x6144][8x4096x6144][8x4096x6144][8x4096x6144][8x4096x6144][8x4096x6144][8x4096x6144][8x4096x6144][8x4096x6144][8x4096x6144][8x4096x6144][8x4096x6144][8x4096x6144][8x4096x6144][8x4096x6144][8x4096x6144][8x4096x6144][8x4096x6144][8x4096x6144][8x4096x6144][8x4096x6144][8x4096x6144][8x4096x6144][8x4096x6144][8x4096x6144][8x4096x6144][8x4096x6144][8x4096x6144][8x4096x6144][8x4096x6144][8x4096x6144][8x4096x6144][8x4096x6144][8x4096x6144][8x4096x6144][8x4096x6144][8x4096x6144][8x4096x6144][8x4096x6144][8x4096x6144][8x4096x6144][8x4096x6144][8x4096x6144][8x4096x6144][8x4096x6144][8x4096x6144][8x4096x6144][8x4096x6144][8x4096x6144][8x4096x6144][8x4096x6144][8x4096x6144][8x4096x6144][8x4096x6144][8x4096x6144][8x4096x6144][8x4096x6144][8x4096x6144][8x4096x6144][8x4096x6144][8x4096x6144][8x4096x6144][8x4096x6144][8x4096x6144][8x4096x6144][8x4096x6144][8x4096x6144][8x4096x6144][8x4096x6144][8x4096x6144][8x4096x6144][8x4096x6144][8x4096x6144][8x4096x6144][8x4096x6144][8x4096x6144][8x4096x6144][8x4096x6144][8x4096x6144][8x4096x6144][8x4096x6144][8x4096x6144][8x4096x6144][8x4096x6144][8x4096x6144][8x4096x6144][8x4096x6144][8x4096x6144][8x4096x6144][8x4096x6144][8x4096x6144][8x4096x6144][8x4096x6144][8x4096x6144][8x4096x6144][8x4096x6144][8x4096x6144][8x4096x6144][8x4096x6144][8x4096x6144][8x4096x6144][8x4096x6144][8x4096x6144][8x4096x6144][8x4096x6144][8x4096x6144][8x4096x6144][8x4096x6144][8x4096x6144][8x4096x6144][8x4096x6144][8x4096x6144][8x4096x6144][8x4096x6144][8x4096x6144][8x4096x6144][8x4096x6144][8x4096x6144][8x4096x6144][8x4096x6144][8x4096x6144][8x4096x6144][8x4096x6144][8x4096x6144][8x4096x6144][8x4096x6144][8x4096x6144][8x4096x6144][8x4096x6144][8x4096x6144][8x4096x6144][8x4096x6144][8x4096x6144][8x4096x6144][8x4096x6144][8x4096x6144][8x4096x6144][8x4096x6144][8x4096x6144][8x4096x6144][8x4096x6144][8x4096x6144][8x4096x6144][8x4096x6144][8x4096x6144][8x4096x6144][8x4096x6144][8x4096x6144][8x4096x6144][8x4096x6144][8x4096x6144][8x4096x6144][8x4096x6144][8x4096x6144][8x4096x6144][8x4096x6144][8x4096x6144][8x4096x6144][8x4096x6144][8x4096x6144][8x4096x6144][8x4096x6144][8x4096x6144][8x4096x6144][8x4096x6144][8x4096x6144][8x4096x6144][8x4096x6144][8x4096x6144][8x4096x6144][8x4096x6144][8x4096x6144][8x4096x6144][8x4096x6144][8x4096x6144]',,tensorop,f32,64,256,128,1,4,1,1,1,1,4,4,1,1,64,256,32,100,110,6471811072,103095992320,15,0.867867,6945.01,118792
1,CUTLASS,grouped_gemm,cutlass3x_sm100_tensorop_gemm_grouped_e4m3_e4m3_f32_bf16_e4m3_64x256x128_4x4x1_0_tnt_align16_1sm,passed,success,grouped,,,,,fe4m3:row,fe4m3:column,bf16:row,fe4m3:row,1,0,invalid,invalid,heuristic,1,false,'[8x4096x6144][8x4096x6144][8x4096x6144][8x4096x6144][8x4096x6144][8x4096x6144][8x4096x6144][8x4096x6144][8x4096x6144][8x4096x6144][8x4096x6144][8x4096x6144][8x4096x6144][8x4096x6144][8x4096x6144][8x4096x6144][8x4096x6144][8x4096x6144][8x4096x6144][8x4096x6144][8x4096x6144][8x4096x6144][8x4096x6144][8x4096x6144][8x4096x6144][8x4096x6144][8x4096x6144][8x4096x6144][8x4096x6144][8x4096x6144][8x4096x6144][8x4096x6144][8x4096x6144][8x4096x6144][8x4096x6144][8x4096x6144][8x4096x6144][8x4096x6144][8x4096x6144][8x4096x6144][8x4096x6144][8x4096x6144][8x4096x6144][8x4096x6144][8x4096x6144][8x4096x6144][8x4096x6144][8x4096x6144][8x4096x6144][8x4096x6144][8x4096x6144][8x4096x6144][8x4096x6144][8x4096x6144][8x4096x6144][8x4096x6144][8x4096x6144][8x4096x6144][8x4096x6144][8x4096x6144][8x4096x6144][8x4096x6144][8x4096x6144][8x4096x6144][8x4096x6144][8x4096x6144][8x4096x6144][8x4096x6144][8x4096x6144][8x4096x6144][8x4096x6144][8x4096x6144][8x4096x6144][8x4096x6144][8x4096x6144][8x4096x6144][8x4096x6144][8x4096x6144][8x4096x6144][8x4096x6144][8x4096x6144][8x4096x6144][8x4096x6144][8x4096x6144][8x4096x6144][8x4096x6144][8x4096x6144][8x4096x6144][8x4096x6144][8x4096x6144][8x4096x6144][8x4096x6144][8x4096x6144][8x4096x6144][8x4096x6144][8x4096x6144][8x4096x6144][8x4096x6144][8x4096x6144][8x4096x6144][8x4096x6144][8x4096x6144][8x4096x6144][8x4096x6144][8x4096x6144][8x4096x6144][8x4096x6144][8x4096x6144][8x4096x6144][8x4096x6144][8x4096x6144][8x4096x6144][8x4096x6144][8x4096x6144][8x4096x6144][8x4096x6144][8x4096x6144][8x4096x6144][8x4096x6144][8x4096x6144][8x4096x6144][8x4096x6144][8x4096x6144][8x4096x6144][8x4096x6144][8x4096x6144][8x4096x6144][8x4096x6144][8x4096x6144][8x4096x6144][8x4096x6144][8x4096x6144][8x4096x6144][8x4096x6144][8x4096x6144][8x4096x6144][8x4096x6144][8x4096x6144][8x4096x6144][8x4096x6144][8x4096x6144][8x4096x6144][8x4096x6144][8x4096x6144][8x4096x6144][8x4096x6144][8x4096x6144][8x4096x6144][8x4096x6144][8x4096x6144][8x4096x6144][8x4096x6144][8x4096x6144][8x4096x6144][8x4096x6144][8x4096x6144][8x4096x6144][8x4096x6144][8x4096x6144][8x4096x6144][8x4096x6144][8x4096x6144][8x4096x6144][8x4096x6144][8x4096x6144][8x4096x6144][8x4096x6144][8x4096x6144][8x4096x6144][8x4096x6144][8x4096x6144][8x4096x6144][8x4096x6144][8x4096x6144][8x4096x6144][8x4096x6144][8x4096x6144][8x4096x6144][8x4096x6144][8x4096x6144][8x4096x6144][8x4096x6144][8x4096x6144][8x4096x6144][8x4096x6144][8x4096x6144][8x4096x6144][8x4096x6144][8x4096x6144][8x4096x6144][8x4096x6144][8x4096x6144][8x4096x6144][8x4096x6144][8x4096x6144][8x4096x6144][8x4096x6144][8x4096x6144][8x4096x6144][8x4096x6144][8x4096x6144][8x4096x6144][8x4096x6144][8x4096x6144][8x4096x6144][8x4096x6144][8x4096x6144][8x4096x6144][8x4096x6144][8x4096x6144][8x4096x6144][8x4096x6144][8x4096x6144][8x4096x6144][8x4096x6144][8x4096x6144][8x4096x6144][8x4096x6144][8x4096x6144][8x4096x6144][8x4096x6144][8x4096x6144][8x4096x6144][8x4096x6144][8x4096x6144][8x4096x6144][8x4096x6144][8x4096x6144][8x4096x6144][8x4096x6144][8x4096x6144][8x4096x6144][8x4096x6144][8x4096x6144][8x4096x6144][8x4096x6144][8x4096x6144][8x4096x6144][8x4096x6144][8x4096x6144][8x4096x6144][8x4096x6144][8x4096x6144][8x4096x6144][8x4096x6144][8x4096x6144][8x4096x6144][8x4096x6144][8x4096x6144][8x4096x6144][8x4096x6144][8x4096x6144][8x4096x6144][8x4096x6144][8x4096x6144][8x4096x6144]',,tensorop,f32,64,256,128,4,4,1,1,1,1,4,4,1,1,64,256,32,100,110,6471811072,103095992320,15,2.46328,2446.88,41853.2
1,CUTLASS,grouped_gemm,cutlass3x_sm100_tensorop_gemm_grouped_e4m3_e4m3_f32_bf16_e4m3_64x256x128_4x4x1_0_tnt_align16_stream_k_1sm,passed,success,grouped,,,,,fe4m3:row,fe4m3:column,bf16:row,fe4m3:row,1,0,invalid,invalid,heuristic,1,false,'[8x4096x6144][8x4096x6144][8x4096x6144][8x4096x6144][8x4096x6144][8x4096x6144][8x4096x6144][8x4096x6144][8x4096x6144][8x4096x6144][8x4096x6144][8x4096x6144][8x4096x6144][8x4096x6144][8x4096x6144][8x4096x6144][8x4096x6144][8x4096x6144][8x4096x6144][8x4096x6144][8x4096x6144][8x4096x6144][8x4096x6144][8x4096x6144][8x4096x6144][8x4096x6144][8x4096x6144][8x4096x6144][8x4096x6144][8x4096x6144][8x4096x6144][8x4096x6144][8x4096x6144][8x4096x6144][8x4096x6144][8x4096x6144][8x4096x6144][8x4096x6144][8x4096x6144][8x4096x6144][8x4096x6144][8x4096x6144][8x4096x6144][8x4096x6144][8x4096x6144][8x4096x6144][8x4096x6144][8x4096x6144][8x4096x6144][8x4096x6144][8x4096x6144][8x4096x6144][8x4096x6144][8x4096x6144][8x4096x6144][8x4096x6144][8x4096x6144][8x4096x6144][8x4096x6144][8x4096x6144][8x4096x6144][8x4096x6144][8x4096x6144][8x4096x6144][8x4096x6144][8x4096x6144][8x4096x6144][8x4096x6144][8x4096x6144][8x4096x6144][8x4096x6144][8x4096x6144][8x4096x6144][8x4096x6144][8x4096x6144][8x4096x6144][8x4096x6144][8x4096x6144][8x4096x6144][8x4096x6144][8x4096x6144][8x4096x6144][8x4096x6144][8x4096x6144][8x4096x6144][8x4096x6144][8x4096x6144][8x4096x6144][8x4096x6144][8x4096x6144][8x4096x6144][8x4096x6144][8x4096x6144][8x4096x6144][8x4096x6144][8x4096x6144][8x4096x6144][8x4096x6144][8x4096x6144][8x4096x6144][8x4096x6144][8x4096x6144][8x4096x6144][8x4096x6144][8x4096x6144][8x4096x6144][8x4096x6144][8x4096x6144][8x4096x6144][8x4096x6144][8x4096x6144][8x4096x6144][8x4096x6144][8x4096x6144][8x4096x6144][8x4096x6144][8x4096x6144][8x4096x6144][8x4096x6144][8x4096x6144][8x4096x6144][8x4096x6144][8x4096x6144][8x4096x6144][8x4096x6144][8x4096x6144][8x4096x6144][8x4096x6144][8x4096x6144][8x4096x6144][8x4096x6144][8x4096x6144][8x4096x6144][8x4096x6144][8x4096x6144][8x4096x6144][8x4096x6144][8x4096x6144][8x4096x6144][8x4096x6144][8x4096x6144][8x4096x6144][8x4096x6144][8x4096x6144][8x4096x6144][8x4096x6144][8x4096x6144][8x4096x6144][8x4096x6144][8x4096x6144][8x4096x6144][8x4096x6144][8x4096x6144][8x4096x6144][8x4096x6144][8x4096x6144][8x4096x6144][8x4096x6144][8x4096x6144][8x4096x6144][8x4096x6144][8x4096x6144][8x4096x6144][8x4096x6144][8x4096x6144][8x4096x6144][8x4096x6144][8x4096x6144][8x4096x6144][8x4096x6144][8x4096x6144][8x4096x6144][8x4096x6144][8x4096x6144][8x4096x6144][8x4096x6144][8x4096x6144][8x4096x6144][8x4096x6144][8x4096x6144][8x4096x6144][8x4096x6144][8x4096x6144][8x4096x6144][8x4096x6144][8x4096x6144][8x4096x6144][8x4096x6144][8x4096x6144][8x4096x6144][8x4096x6144][8x4096x6144][8x4096x6144][8x4096x6144][8x4096x6144][8x4096x6144][8x4096x6144][8x4096x6144][8x4096x6144][8x4096x6144][8x4096x6144][8x4096x6144][8x4096x6144][8x4096x6144][8x4096x6144][8x4096x6144][8x4096x6144][8x4096x6144][8x4096x6144][8x4096x6144][8x4096x6144][8x4096x6144][8x4096x6144][8x4096x6144][8x4096x6144][8x4096x6144][8x4096x6144][8x4096x6144][8x4096x6144][8x4096x6144][8x4096x6144][8x4096x6144][8x4096x6144][8x4096x6144][8x4096x6144][8x4096x6144][8x4096x6144][8x4096x6144][8x4096x6144][8x4096x6144][8x4096x6144][8x4096x6144][8x4096x6144][8x4096x6144][8x4096x6144][8x4096x6144][8x4096x6144][8x4096x6144][8x4096x6144][8x4096x6144][8x4096x6144][8x4096x6144][8x4096x6144][8x4096x6144][8x4096x6144][8x4096x6144][8x4096x6144][8x4096x6144][8x4096x6144][8x4096x6144][8x4096x6144][8x4096x6144][8x4096x6144][8x4096x6144][8x4096x6144][8x4096x6144]',,tensorop,f32,64,256,128,4,4,1,1,1,1,4,4,1,1,64,256,32,100,110,6471811072,103095992320,15,2.46356,2446.6,41848.3
1,CUTLASS,grouped_gemm,cutlass3x_sm100_tensorop_gemm_grouped_e4m3_e4m3_f32_bf16_e4m3_64x256x128_4x4x1_0_ttt_align16_1sm,passed,success,grouped,,,,,fe4m3:row,fe4m3:row,bf16:row,fe4m3:row,1,0,invalid,invalid,heuristic,1,false,'[8x4096x6144][8x4096x6144][8x4096x6144][8x4096x6144][8x4096x6144][8x4096x6144][8x4096x6144][8x4096x6144][8x4096x6144][8x4096x6144][8x4096x6144][8x4096x6144][8x4096x6144][8x4096x6144][8x4096x6144][8x4096x6144][8x4096x6144][8x4096x6144][8x4096x6144][8x4096x6144][8x4096x6144][8x4096x6144][8x4096x6144][8x4096x6144][8x4096x6144][8x4096x6144][8x4096x6144][8x4096x6144][8x4096x6144][8x4096x6144][8x4096x6144][8x4096x6144][8x4096x6144][8x4096x6144][8x4096x6144][8x4096x6144][8x4096x6144][8x4096x6144][8x4096x6144][8x4096x6144][8x4096x6144][8x4096x6144][8x4096x6144][8x4096x6144][8x4096x6144][8x4096x6144][8x4096x6144][8x4096x6144][8x4096x6144][8x4096x6144][8x4096x6144][8x4096x6144][8x4096x6144][8x4096x6144][8x4096x6144][8x4096x6144][8x4096x6144][8x4096x6144][8x4096x6144][8x4096x6144][8x4096x6144][8x4096x6144][8x4096x6144][8x4096x6144][8x4096x6144][8x4096x6144][8x4096x6144][8x4096x6144][8x4096x6144][8x4096x6144][8x4096x6144][8x4096x6144][8x4096x6144][8x4096x6144][8x4096x6144][8x4096x6144][8x4096x6144][8x4096x6144][8x4096x6144][8x4096x6144][8x4096x6144][8x4096x6144][8x4096x6144][8x4096x6144][8x4096x6144][8x4096x6144][8x4096x6144][8x4096x6144][8x4096x6144][8x4096x6144][8x4096x6144][8x4096x6144][8x4096x6144][8x4096x6144][8x4096x6144][8x4096x6144][8x4096x6144][8x4096x6144][8x4096x6144][8x4096x6144][8x4096x6144][8x4096x6144][8x4096x6144][8x4096x6144][8x4096x6144][8x4096x6144][8x4096x6144][8x4096x6144][8x4096x6144][8x4096x6144][8x4096x6144][8x4096x6144][8x4096x6144][8x4096x6144][8x4096x6144][8x4096x6144][8x4096x6144][8x4096x6144][8x4096x6144][8x4096x6144][8x4096x6144][8x4096x6144][8x4096x6144][8x4096x6144][8x4096x6144][8x4096x6144][8x4096x6144][8x4096x6144][8x4096x6144][8x4096x6144][8x4096x6144][8x4096x6144][8x4096x6144][8x4096x6144][8x4096x6144][8x4096x6144][8x4096x6144][8x4096x6144][8x4096x6144][8x4096x6144][8x4096x6144][8x4096x6144][8x4096x6144][8x4096x6144][8x4096x6144][8x4096x6144][8x4096x6144][8x4096x6144][8x4096x6144][8x4096x6144][8x4096x6144][8x4096x6144][8x4096x6144][8x4096x6144][8x4096x6144][8x4096x6144][8x4096x6144][8x4096x6144][8x4096x6144][8x4096x6144][8x4096x6144][8x4096x6144][8x4096x6144][8x4096x6144][8x4096x6144][8x4096x6144][8x4096x6144][8x4096x6144][8x4096x6144][8x4096x6144][8x4096x6144][8x4096x6144][8x4096x6144][8x4096x6144][8x4096x6144][8x4096x6144][8x4096x6144][8x4096x6144][8x4096x6144][8x4096x6144][8x4096x6144][8x4096x6144][8x4096x6144][8x4096x6144][8x4096x6144][8x4096x6144][8x4096x6144][8x4096x6144][8x4096x6144][8x4096x6144][8x4096x6144][8x4096x6144][8x4096x6144][8x4096x6144][8x4096x6144][8x4096x6144][8x4096x6144][8x4096x6144][8x4096x6144][8x4096x6144][8x4096x6144][8x4096x6144][8x4096x6144][8x4096x6144][8x4096x6144][8x4096x6144][8x4096x6144][8x4096x6144][8x4096x6144][8x4096x6144][8x4096x6144][8x4096x6144][8x4096x6144][8x4096x6144][8x4096x6144][8x4096x6144][8x4096x6144][8x4096x6144][8x4096x6144][8x4096x6144][8x4096x6144][8x4096x6144][8x4096x6144][8x4096x6144][8x4096x6144][8x4096x6144][8x4096x6144][8x4096x6144][8x4096x6144][8x4096x6144][8x4096x6144][8x4096x6144][8x4096x6144][8x4096x6144][8x4096x6144][8x4096x6144][8x4096x6144][8x4096x6144][8x4096x6144][8x4096x6144][8x4096x6144][8x4096x6144][8x4096x6144][8x4096x6144][8x4096x6144][8x4096x6144][8x4096x6144][8x4096x6144][8x4096x6144][8x4096x6144][8x4096x6144][8x4096x6144][8x4096x6144][8x4096x6144][8x4096x6144][8x4096x6144]',,tensorop,f32,64,256,128,4,4,1,1,1,1,4,4,1,1,64,256,32,100,110,6471811072,103095992320,15,2.3048,2615.12,44730.9
1,CUTLASS,grouped_gemm,cutlass3x_sm100_tensorop_gemm_grouped_e4m3_e4m3_f32_bf16_e4m3_64x256x128_4x4x1_0_ttt_align16_stream_k_1sm,passed,success,grouped,,,,,fe4m3:row,fe4m3:row,bf16:row,fe4m3:row,1,0,invalid,invalid,heuristic,1,false,'[8x4096x6144][8x4096x6144][8x4096x6144][8x4096x6144][8x4096x6144][8x4096x6144][8x4096x6144][8x4096x6144][8x4096x6144][8x4096x6144][8x4096x6144][8x4096x6144][8x4096x6144][8x4096x6144][8x4096x6144][8x4096x6144][8x4096x6144][8x4096x6144][8x4096x6144][8x4096x6144][8x4096x6144][8x4096x6144][8x4096x6144][8x4096x6144][8x4096x6144][8x4096x6144][8x4096x6144][8x4096x6144][8x4096x6144][8x4096x6144][8x4096x6144][8x4096x6144][8x4096x6144][8x4096x6144][8x4096x6144][8x4096x6144][8x4096x6144][8x4096x6144][8x4096x6144][8x4096x6144][8x4096x6144][8x4096x6144][8x4096x6144][8x4096x6144][8x4096x6144][8x4096x6144][8x4096x6144][8x4096x6144][8x4096x6144][8x4096x6144][8x4096x6144][8x4096x6144][8x4096x6144][8x4096x6144][8x4096x6144][8x4096x6144][8x4096x6144][8x4096x6144][8x4096x6144][8x4096x6144][8x4096x6144][8x4096x6144][8x4096x6144][8x4096x6144][8x4096x6144][8x4096x6144][8x4096x6144][8x4096x6144][8x4096x6144][8x4096x6144][8x4096x6144][8x4096x6144][8x4096x6144][8x4096x6144][8x4096x6144][8x4096x6144][8x4096x6144][8x4096x6144][8x4096x6144][8x4096x6144][8x4096x6144][8x4096x6144][8x4096x6144][8x4096x6144][8x4096x6144][8x4096x6144][8x4096x6144][8x4096x6144][8x4096x6144][8x4096x6144][8x4096x6144][8x4096x6144][8x4096x6144][8x4096x6144][8x4096x6144][8x4096x6144][8x4096x6144][8x4096x6144][8x4096x6144][8x4096x6144][8x4096x6144][8x4096x6144][8x4096x6144][8x4096x6144][8x4096x6144][8x4096x6144][8x4096x6144][8x4096x6144][8x4096x6144][8x4096x6144][8x4096x6144][8x4096x6144][8x4096x6144][8x4096x6144][8x4096x6144][8x4096x6144][8x4096x6144][8x4096x6144][8x4096x6144][8x4096x6144][8x4096x6144][8x4096x6144][8x4096x6144][8x4096x6144][8x4096x6144][8x4096x6144][8x4096x6144][8x4096x6144][8x4096x6144][8x4096x6144][8x4096x6144][8x4096x6144][8x4096x6144][8x4096x6144][8x4096x6144][8x4096x6144][8x4096x6144][8x4096x6144][8x4096x6144][8x4096x6144][8x4096x6144][8x4096x6144][8x4096x6144][8x4096x6144][8x4096x6144][8x4096x6144][8x4096x6144][8x4096x6144][8x4096x6144][8x4096x6144][8x4096x6144][8x4096x6144][8x4096x6144][8x4096x6144][8x4096x6144][8x4096x6144][8x4096x6144][8x4096x6144][8x4096x6144][8x4096x6144][8x4096x6144][8x4096x6144][8x4096x6144][8x4096x6144][8x4096x6144][8x4096x6144][8x4096x6144][8x4096x6144][8x4096x6144][8x4096x6144][8x4096x6144][8x4096x6144][8x4096x6144][8x4096x6144][8x4096x6144][8x4096x6144][8x4096x6144][8x4096x6144][8x4096x6144][8x4096x6144][8x4096x6144][8x4096x6144][8x4096x6144][8x4096x6144][8x4096x6144][8x4096x6144][8x4096x6144][8x4096x6144][8x4096x6144][8x4096x6144][8x4096x6144][8x4096x6144][8x4096x6144][8x4096x6144][8x4096x6144][8x4096x6144][8x4096x6144][8x4096x6144][8x4096x6144][8x4096x6144][8x4096x6144][8x4096x6144][8x4096x6144][8x4096x6144][8x4096x6144][8x4096x6144][8x4096x6144][8x4096x6144][8x4096x6144][8x4096x6144][8x4096x6144][8x4096x6144][8x4096x6144][8x4096x6144][8x4096x6144][8x4096x6144][8x4096x6144][8x4096x6144][8x4096x6144][8x4096x6144][8x4096x6144][8x4096x6144][8x4096x6144][8x4096x6144][8x4096x6144][8x4096x6144][8x4096x6144][8x4096x6144][8x4096x6144][8x4096x6144][8x4096x6144][8x4096x6144][8x4096x6144][8x4096x6144][8x4096x6144][8x4096x6144][8x4096x6144][8x4096x6144][8x4096x6144][8x4096x6144][8x4096x6144][8x4096x6144][8x4096x6144][8x4096x6144][8x4096x6144][8x4096x6144][8x4096x6144][8x4096x6144][8x4096x6144][8x4096x6144][8x4096x6144][8x4096x6144][8x4096x6144][8x4096x6144][8x4096x6144][8x4096x6144]',,tensorop,f32,64,256,128,4,4,1,1,1,1,4,4,1,1,64,256,32,100,110,6471811072,103095992320,15,2.30435,2615.63,44739.7
1,CUTLASS,grouped_gemm,cutlass3x_sm100_tensorop_gemm_grouped_e4m3_e4m3_f32_bf16_e4m3_128x128x128_0x0x1_0_tnt_align16_1sm,passed,success,grouped,,,,,fe4m3:row,fe4m3:column,bf16:row,fe4m3:row,1,0,invalid,invalid,heuristic,1,false,'[8x4096x6144][8x4096x6144][8x4096x6144][8x4096x6144][8x4096x6144][8x4096x6144][8x4096x6144][8x4096x6144][8x4096x6144][8x4096x6144][8x4096x6144][8x4096x6144][8x4096x6144][8x4096x6144][8x4096x6144][8x4096x6144][8x4096x6144][8x4096x6144][8x4096x6144][8x4096x6144][8x4096x6144][8x4096x6144][8x4096x6144][8x4096x6144][8x4096x6144][8x4096x6144][8x4096x6144][8x4096x6144][8x4096x6144][8x4096x6144][8x4096x6144][8x4096x6144][8x4096x6144][8x4096x6144][8x4096x6144][8x4096x6144][8x4096x6144][8x4096x6144][8x4096x6144][8x4096x6144][8x4096x6144][8x4096x6144][8x4096x6144][8x4096x6144][8x4096x6144][8x4096x6144][8x4096x6144][8x4096x6144][8x4096x6144][8x4096x6144][8x4096x6144][8x4096x6144][8x4096x6144][8x4096x6144][8x4096x6144][8x4096x6144][8x4096x6144][8x4096x6144][8x4096x6144][8x4096x6144][8x4096x6144][8x4096x6144][8x4096x6144][8x4096x6144][8x4096x6144][8x4096x6144][8x4096x6144][8x4096x6144][8x4096x6144][8x4096x6144][8x4096x6144][8x4096x6144][8x4096x6144][8x4096x6144][8x4096x6144][8x4096x6144][8x4096x6144][8x4096x6144][8x4096x6144][8x4096x6144][8x4096x6144][8x4096x6144][8x4096x6144][8x4096x6144][8x4096x6144][8x4096x6144][8x4096x6144][8x4096x6144][8x4096x6144][8x4096x6144][8x4096x6144][8x4096x6144][8x4096x6144][8x4096x6144][8x4096x6144][8x4096x6144][8x4096x6144][8x4096x6144][8x4096x6144][8x4096x6144][8x4096x6144][8x4096x6144][8x4096x6144][8x4096x6144][8x4096x6144][8x4096x6144][8x4096x6144][8x4096x6144][8x4096x6144][8x4096x6144][8x4096x6144][8x4096x6144][8x4096x6144][8x4096x6144][8x4096x6144][8x4096x6144][8x4096x6144][8x4096x6144][8x4096x6144][8x4096x6144][8x4096x6144][8x4096x6144][8x4096x6144][8x4096x6144][8x4096x6144][8x4096x6144][8x4096x6144][8x4096x6144][8x4096x6144][8x4096x6144][8x4096x6144][8x4096x6144][8x4096x6144][8x4096x6144][8x4096x6144][8x4096x6144][8x4096x6144][8x4096x6144][8x4096x6144][8x4096x6144][8x4096x6144][8x4096x6144][8x4096x6144][8x4096x6144][8x4096x6144][8x4096x6144][8x4096x6144][8x4096x6144][8x4096x6144][8x4096x6144][8x4096x6144][8x4096x6144][8x4096x6144][8x4096x6144][8x4096x6144][8x4096x6144][8x4096x6144][8x4096x6144][8x4096x6144][8x4096x6144][8x4096x6144][8x4096x6144][8x4096x6144][8x4096x6144][8x4096x6144][8x4096x6144][8x4096x6144][8x4096x6144][8x4096x6144][8x4096x6144][8x4096x6144][8x4096x6144][8x4096x6144][8x4096x6144][8x4096x6144][8x4096x6144][8x4096x6144][8x4096x6144][8x4096x6144][8x4096x6144][8x4096x6144][8x4096x6144][8x4096x6144][8x4096x6144][8x4096x6144][8x4096x6144][8x4096x6144][8x4096x6144][8x4096x6144][8x4096x6144][8x4096x6144][8x4096x6144][8x4096x6144][8x4096x6144][8x4096x6144][8x4096x6144][8x4096x6144][8x4096x6144][8x4096x6144][8x4096x6144][8x4096x6144][8x4096x6144][8x4096x6144][8x4096x6144][8x4096x6144][8x4096x6144][8x4096x6144][8x4096x6144][8x4096x6144][8x4096x6144][8x4096x6144][8x4096x6144][8x4096x6144][8x4096x6144][8x4096x6144][8x4096x6144][8x4096x6144][8x4096x6144][8x4096x6144][8x4096x6144][8x4096x6144][8x4096x6144][8x4096x6144][8x4096x6144][8x4096x6144][8x4096x6144][8x4096x6144][8x4096x6144][8x4096x6144][8x4096x6144][8x4096x6144][8x4096x6144][8x4096x6144][8x4096x6144][8x4096x6144][8x4096x6144][8x4096x6144][8x4096x6144][8x4096x6144][8x4096x6144][8x4096x6144][8x4096x6144][8x4096x6144][8x4096x6144][8x4096x6144][8x4096x6144][8x4096x6144][8x4096x6144][8x4096x6144][8x4096x6144][8x4096x6144][8x4096x6144][8x4096x6144][8x4096x6144][8x4096x6144][8x4096x6144]',,tensorop,f32,128,128,128,1,1,1,1,1,1,5,4,1,1,128,128,32,100,110,6471811072,103095992320,15,1.12709,5347.7,91470.9
1,CUTLASS,grouped_gemm,cutlass3x_sm100_tensorop_gemm_grouped_e4m3_e4m3_f32_bf16_e4m3_128x128x128_0x0x1_0_tnt_align16_stream_k_1sm,passed,success,grouped,,,,,fe4m3:row,fe4m3:column,bf16:row,fe4m3:row,1,0,invalid,invalid,heuristic,1,false,'[8x4096x6144][8x4096x6144][8x4096x6144][8x4096x6144][8x4096x6144][8x4096x6144][8x4096x6144][8x4096x6144][8x4096x6144][8x4096x6144][8x4096x6144][8x4096x6144][8x4096x6144][8x4096x6144][8x4096x6144][8x4096x6144][8x4096x6144][8x4096x6144][8x4096x6144][8x4096x6144][8x4096x6144][8x4096x6144][8x4096x6144][8x4096x6144][8x4096x6144][8x4096x6144][8x4096x6144][8x4096x6144][8x4096x6144][8x4096x6144][8x4096x6144][8x4096x6144][8x4096x6144][8x4096x6144][8x4096x6144][8x4096x6144][8x4096x6144][8x4096x6144][8x4096x6144][8x4096x6144][8x4096x6144][8x4096x6144][8x4096x6144][8x4096x6144][8x4096x6144][8x4096x6144][8x4096x6144][8x4096x6144][8x4096x6144][8x4096x6144][8x4096x6144][8x4096x6144][8x4096x6144][8x4096x6144][8x4096x6144][8x4096x6144][8x4096x6144][8x4096x6144][8x4096x6144][8x4096x6144][8x4096x6144][8x4096x6144][8x4096x6144][8x4096x6144][8x4096x6144][8x4096x6144][8x4096x6144][8x4096x6144][8x4096x6144][8x4096x6144][8x4096x6144][8x4096x6144][8x4096x6144][8x4096x6144][8x4096x6144][8x4096x6144][8x4096x6144][8x4096x6144][8x4096x6144][8x4096x6144][8x4096x6144][8x4096x6144][8x4096x6144][8x4096x6144][8x4096x6144][8x4096x6144][8x4096x6144][8x4096x6144][8x4096x6144][8x4096x6144][8x4096x6144][8x4096x6144][8x4096x6144][8x4096x6144][8x4096x6144][8x4096x6144][8x4096x6144][8x4096x6144][8x4096x6144][8x4096x6144][8x4096x6144][8x4096x6144][8x4096x6144][8x4096x6144][8x4096x6144][8x4096x6144][8x4096x6144][8x4096x6144][8x4096x6144][8x4096x6144][8x4096x6144][8x4096x6144][8x4096x6144][8x4096x6144][8x4096x6144][8x4096x6144][8x4096x6144][8x4096x6144][8x4096x6144][8x4096x6144][8x4096x6144][8x4096x6144][8x4096x6144][8x4096x6144][8x4096x6144][8x4096x6144][8x4096x6144][8x4096x6144][8x4096x6144][8x4096x6144][8x4096x6144][8x4096x6144][8x4096x6144][8x4096x6144][8x4096x6144][8x4096x6144][8x4096x6144][8x4096x6144][8x4096x6144][8x4096x6144][8x4096x6144][8x4096x6144][8x4096x6144][8x4096x6144][8x4096x6144][8x4096x6144][8x4096x6144][8x4096x6144][8x4096x6144][8x4096x6144][8x4096x6144][8x4096x6144][8x4096x6144][8x4096x6144][8x4096x6144][8x4096x6144][8x4096x6144][8x4096x6144][8x4096x6144][8x4096x6144][8x4096x6144][8x4096x6144][8x4096x6144][8x4096x6144][8x4096x6144][8x4096x6144][8x4096x6144][8x4096x6144][8x4096x6144][8x4096x6144][8x4096x6144][8x4096x6144][8x4096x6144][8x4096x6144][8x4096x6144][8x4096x6144][8x4096x6144][8x4096x6144][8x4096x6144][8x4096x6144][8x4096x6144][8x4096x6144][8x4096x6144][8x4096x6144][8x4096x6144][8x4096x6144][8x4096x6144][8x4096x6144][8x4096x6144][8x4096x6144][8x4096x6144][8x4096x6144][8x4096x6144][8x4096x6144][8x4096x6144][8x4096x6144][8x4096x6144][8x4096x6144][8x4096x6144][8x4096x6144][8x4096x6144][8x4096x6144][8x4096x6144][8x4096x6144][8x4096x6144][8x4096x6144][8x4096x6144][8x4096x6144][8x4096x6144][8x4096x6144][8x4096x6144][8x4096x6144][8x4096x6144][8x4096x6144][8x4096x6144][8x4096x6144][8x4096x6144][8x4096x6144][8x4096x6144][8x4096x6144][8x4096x6144][8x4096x6144][8x4096x6144][8x4096x6144][8x4096x6144][8x4096x6144][8x4096x6144][8x4096x6144][8x4096x6144][8x4096x6144][8x4096x6144][8x4096x6144][8x4096x6144][8x4096x6144][8x4096x6144][8x4096x6144][8x4096x6144][8x4096x6144][8x4096x6144][8x4096x6144][8x4096x6144][8x4096x6144][8x4096x6144][8x4096x6144][8x4096x6144][8x4096x6144][8x4096x6144][8x4096x6144][8x4096x6144][8x4096x6144][8x4096x6144][8x4096x6144][8x4096x6144][8x4096x6144][8x4096x6144][8x4096x6144]',,tensorop,f32,128,128,128,1,1,1,1,1,1,5,4,1,1,128,128,32,100,110,6471811072,103095992320,15,1.128,5343.38,91397
1,CUTLASS,grouped_gemm,cutlass3x_sm100_tensorop_gemm_grouped_e4m3_e4m3_f32_bf16_e4m3_128x128x128_0x0x1_0_ttt_align16_1sm,passed,success,grouped,,,,,fe4m3:row,fe4m3:row,bf16:row,fe4m3:row,1,0,invalid,invalid,heuristic,1,false,'[8x4096x6144][8x4096x6144][8x4096x6144][8x4096x6144][8x4096x6144][8x4096x6144][8x4096x6144][8x4096x6144][8x4096x6144][8x4096x6144][8x4096x6144][8x4096x6144][8x4096x6144][8x4096x6144][8x4096x6144][8x4096x6144][8x4096x6144][8x4096x6144][8x4096x6144][8x4096x6144][8x4096x6144][8x4096x6144][8x4096x6144][8x4096x6144][8x4096x6144][8x4096x6144][8x4096x6144][8x4096x6144][8x4096x6144][8x4096x6144][8x4096x6144][8x4096x6144][8x4096x6144][8x4096x6144][8x4096x6144][8x4096x6144][8x4096x6144][8x4096x6144][8x4096x6144][8x4096x6144][8x4096x6144][8x4096x6144][8x4096x6144][8x4096x6144][8x4096x6144][8x4096x6144][8x4096x6144][8x4096x6144][8x4096x6144][8x4096x6144][8x4096x6144][8x4096x6144][8x4096x6144][8x4096x6144][8x4096x6144][8x4096x6144][8x4096x6144][8x4096x6144][8x4096x6144][8x4096x6144][8x4096x6144][8x4096x6144][8x4096x6144][8x4096x6144][8x4096x6144][8x4096x6144][8x4096x6144][8x4096x6144][8x4096x6144][8x4096x6144][8x4096x6144][8x4096x6144][8x4096x6144][8x4096x6144][8x4096x6144][8x4096x6144][8x4096x6144][8x4096x6144][8x4096x6144][8x4096x6144][8x4096x6144][8x4096x6144][8x4096x6144][8x4096x6144][8x4096x6144][8x4096x6144][8x4096x6144][8x4096x6144][8x4096x6144][8x4096x6144][8x4096x6144][8x4096x6144][8x4096x6144][8x4096x6144][8x4096x6144][8x4096x6144][8x4096x6144][8x4096x6144][8x4096x6144][8x4096x6144][8x4096x6144][8x4096x6144][8x4096x6144][8x4096x6144][8x4096x6144][8x4096x6144][8x4096x6144][8x4096x6144][8x4096x6144][8x4096x6144][8x4096x6144][8x4096x6144][8x4096x6144][8x4096x6144][8x4096x6144][8x4096x6144][8x4096x6144][8x4096x6144][8x4096x6144][8x4096x6144][8x4096x6144][8x4096x6144][8x4096x6144][8x4096x6144][8x4096x6144][8x4096x6144][8x4096x6144][8x4096x6144][8x4096x6144][8x4096x6144][8x4096x6144][8x4096x6144][8x4096x6144][8x4096x6144][8x4096x6144][8x4096x6144][8x4096x6144][8x4096x6144][8x4096x6144][8x4096x6144][8x4096x6144][8x4096x6144][8x4096x6144][8x4096x6144][8x4096x6144][8x4096x6144][8x4096x6144][8x4096x6144][8x4096x6144][8x4096x6144][8x4096x6144][8x4096x6144][8x4096x6144][8x4096x6144][8x4096x6144][8x4096x6144][8x4096x6144][8x4096x6144][8x4096x6144][8x4096x6144][8x4096x6144][8x4096x6144][8x4096x6144][8x4096x6144][8x4096x6144][8x4096x6144][8x4096x6144][8x4096x6144][8x4096x6144][8x4096x6144][8x4096x6144][8x4096x6144][8x4096x6144][8x4096x6144][8x4096x6144][8x4096x6144][8x4096x6144][8x4096x6144][8x4096x6144][8x4096x6144][8x4096x6144][8x4096x6144][8x4096x6144][8x4096x6144][8x4096x6144][8x4096x6144][8x4096x6144][8x4096x6144][8x4096x6144][8x4096x6144][8x4096x6144][8x4096x6144][8x4096x6144][8x4096x6144][8x4096x6144][8x4096x6144][8x4096x6144][8x4096x6144][8x4096x6144][8x4096x6144][8x4096x6144][8x4096x6144][8x4096x6144][8x4096x6144][8x4096x6144][8x4096x6144][8x4096x6144][8x4096x6144][8x4096x6144][8x4096x6144][8x4096x6144][8x4096x6144][8x4096x6144][8x4096x6144][8x4096x6144][8x4096x6144][8x4096x6144][8x4096x6144][8x4096x6144][8x4096x6144][8x4096x6144][8x4096x6144][8x4096x6144][8x4096x6144][8x4096x6144][8x4096x6144][8x4096x6144][8x4096x6144][8x4096x6144][8x4096x6144][8x4096x6144][8x4096x6144][8x4096x6144][8x4096x6144][8x4096x6144][8x4096x6144][8x4096x6144][8x4096x6144][8x4096x6144][8x4096x6144][8x4096x6144][8x4096x6144][8x4096x6144][8x4096x6144][8x4096x6144][8x4096x6144][8x4096x6144][8x4096x6144][8x4096x6144][8x4096x6144][8x4096x6144][8x4096x6144][8x4096x6144][8x4096x6144][8x4096x6144][8x4096x6144]',,tensorop,f32,128,128,128,1,1,1,1,1,1,5,4,1,1,128,128,32,100,110,6471811072,103095992320,15,1.12079,5377.75,91984.9
1,CUTLASS,grouped_gemm,cutlass3x_sm100_tensorop_gemm_grouped_e4m3_e4m3_f32_bf16_e4m3_128x128x128_0x0x1_0_ttt_align16_stream_k_1sm,passed,success,grouped,,,,,fe4m3:row,fe4m3:row,bf16:row,fe4m3:row,1,0,invalid,invalid,heuristic,1,false,'[8x4096x6144][8x4096x6144][8x4096x6144][8x4096x6144][8x4096x6144][8x4096x6144][8x4096x6144][8x4096x6144][8x4096x6144][8x4096x6144][8x4096x6144][8x4096x6144][8x4096x6144][8x4096x6144][8x4096x6144][8x4096x6144][8x4096x6144][8x4096x6144][8x4096x6144][8x4096x6144][8x4096x6144][8x4096x6144][8x4096x6144][8x4096x6144][8x4096x6144][8x4096x6144][8x4096x6144][8x4096x6144][8x4096x6144][8x4096x6144][8x4096x6144][8x4096x6144][8x4096x6144][8x4096x6144][8x4096x6144][8x4096x6144][8x4096x6144][8x4096x6144][8x4096x6144][8x4096x6144][8x4096x6144][8x4096x6144][8x4096x6144][8x4096x6144][8x4096x6144][8x4096x6144][8x4096x6144][8x4096x6144][8x4096x6144][8x4096x6144][8x4096x6144][8x4096x6144][8x4096x6144][8x4096x6144][8x4096x6144][8x4096x6144][8x4096x6144][8x4096x6144][8x4096x6144][8x4096x6144][8x4096x6144][8x4096x6144][8x4096x6144][8x4096x6144][8x4096x6144][8x4096x6144][8x4096x6144][8x4096x6144][8x4096x6144][8x4096x6144][8x4096x6144][8x4096x6144][8x4096x6144][8x4096x6144][8x4096x6144][8x4096x6144][8x4096x6144][8x4096x6144][8x4096x6144][8x4096x6144][8x4096x6144][8x4096x6144][8x4096x6144][8x4096x6144][8x4096x6144][8x4096x6144][8x4096x6144][8x4096x6144][8x4096x6144][8x4096x6144][8x4096x6144][8x4096x6144][8x4096x6144][8x4096x6144][8x4096x6144][8x4096x6144][8x4096x6144][8x4096x6144][8x4096x6144][8x4096x6144][8x4096x6144][8x4096x6144][8x4096x6144][8x4096x6144][8x4096x6144][8x4096x6144][8x4096x6144][8x4096x6144][8x4096x6144][8x4096x6144][8x4096x6144][8x4096x6144][8x4096x6144][8x4096x6144][8x4096x6144][8x4096x6144][8x4096x6144][8x4096x6144][8x4096x6144][8x4096x6144][8x4096x6144][8x4096x6144][8x4096x6144][8x4096x6144][8x4096x6144][8x4096x6144][8x4096x6144][8x4096x6144][8x4096x6144][8x4096x6144][8x4096x6144][8x4096x6144][8x4096x6144][8x4096x6144][8x4096x6144][8x4096x6144][8x4096x6144][8x4096x6144][8x4096x6144][8x4096x6144][8x4096x6144][8x4096x6144][8x4096x6144][8x4096x6144][8x4096x6144][8x4096x6144][8x4096x6144][8x4096x6144][8x4096x6144][8x4096x6144][8x4096x6144][8x4096x6144][8x4096x6144][8x4096x6144][8x4096x6144][8x4096x6144][8x4096x6144][8x4096x6144][8x4096x6144][8x4096x6144][8x4096x6144][8x4096x6144][8x4096x6144][8x4096x6144][8x4096x6144][8x4096x6144][8x4096x6144][8x4096x6144][8x4096x6144][8x4096x6144][8x4096x6144][8x4096x6144][8x4096x6144][8x4096x6144][8x4096x6144][8x4096x6144][8x4096x6144][8x4096x6144][8x4096x6144][8x4096x6144][8x4096x6144][8x4096x6144][8x4096x6144][8x4096x6144][8x4096x6144][8x4096x6144][8x4096x6144][8x4096x6144][8x4096x6144][8x4096x6144][8x4096x6144][8x4096x6144][8x4096x6144][8x4096x6144][8x4096x6144][8x4096x6144][8x4096x6144][8x4096x6144][8x4096x6144][8x4096x6144][8x4096x6144][8x4096x6144][8x4096x6144][8x4096x6144][8x4096x6144][8x4096x6144][8x4096x6144][8x4096x6144][8x4096x6144][8x4096x6144][8x4096x6144][8x4096x6144][8x4096x6144][8x4096x6144][8x4096x6144][8x4096x6144][8x4096x6144][8x4096x6144][8x4096x6144][8x4096x6144][8x4096x6144][8x4096x6144][8x4096x6144][8x4096x6144][8x4096x6144][8x4096x6144][8x4096x6144][8x4096x6144][8x4096x6144][8x4096x6144][8x4096x6144][8x4096x6144][8x4096x6144][8x4096x6144][8x4096x6144][8x4096x6144][8x4096x6144][8x4096x6144][8x4096x6144][8x4096x6144][8x4096x6144][8x4096x6144][8x4096x6144][8x4096x6144][8x4096x6144][8x4096x6144][8x4096x6144][8x4096x6144][8x4096x6144][8x4096x6144][8x4096x6144][8x4096x6144][8x4096x6144][8x4096x6144][8x4096x6144][8x4096x6144]',,tensorop,f32,128,128,128,1,1,1,1,1,1,5,4,1,1,128,128,32,100,110,6471811072,103095992320,15,1.12111,5376.23,91958.8
1,CUTLASS,grouped_gemm,cutlass3x_sm100_tensorop_gemm_grouped_e4m3_e4m3_f32_bf16_e4m3_128x128x128_1x1x1_0_tnt_align16_1sm,passed,success,grouped,,,,,fe4m3:row,fe4m3:column,bf16:row,fe4m3:row,1,0,invalid,invalid,heuristic,1,false,'[8x4096x6144][8x4096x6144][8x4096x6144][8x4096x6144][8x4096x6144][8x4096x6144][8x4096x6144][8x4096x6144][8x4096x6144][8x4096x6144][8x4096x6144][8x4096x6144][8x4096x6144][8x4096x6144][8x4096x6144][8x4096x6144][8x4096x6144][8x4096x6144][8x4096x6144][8x4096x6144][8x4096x6144][8x4096x6144][8x4096x6144][8x4096x6144][8x4096x6144][8x4096x6144][8x4096x6144][8x4096x6144][8x4096x6144][8x4096x6144][8x4096x6144][8x4096x6144][8x4096x6144][8x4096x6144][8x4096x6144][8x4096x6144][8x4096x6144][8x4096x6144][8x4096x6144][8x4096x6144][8x4096x6144][8x4096x6144][8x4096x6144][8x4096x6144][8x4096x6144][8x4096x6144][8x4096x6144][8x4096x6144][8x4096x6144][8x4096x6144][8x4096x6144][8x4096x6144][8x4096x6144][8x4096x6144][8x4096x6144][8x4096x6144][8x4096x6144][8x4096x6144][8x4096x6144][8x4096x6144][8x4096x6144][8x4096x6144][8x4096x6144][8x4096x6144][8x4096x6144][8x4096x6144][8x4096x6144][8x4096x6144][8x4096x6144][8x4096x6144][8x4096x6144][8x4096x6144][8x4096x6144][8x4096x6144][8x4096x6144][8x4096x6144][8x4096x6144][8x4096x6144][8x4096x6144][8x4096x6144][8x4096x6144][8x4096x6144][8x4096x6144][8x4096x6144][8x4096x6144][8x4096x6144][8x4096x6144][8x4096x6144][8x4096x6144][8x4096x6144][8x4096x6144][8x4096x6144][8x4096x6144][8x4096x6144][8x4096x6144][8x4096x6144][8x4096x6144][8x4096x6144][8x4096x6144][8x4096x6144][8x4096x6144][8x4096x6144][8x4096x6144][8x4096x6144][8x4096x6144][8x4096x6144][8x4096x6144][8x4096x6144][8x4096x6144][8x4096x6144][8x4096x6144][8x4096x6144][8x4096x6144][8x4096x6144][8x4096x6144][8x4096x6144][8x4096x6144][8x4096x6144][8x4096x6144][8x4096x6144][8x4096x6144][8x4096x6144][8x4096x6144][8x4096x6144][8x4096x6144][8x4096x6144][8x4096x6144][8x4096x6144][8x4096x6144][8x4096x6144][8x4096x6144][8x4096x6144][8x4096x6144][8x4096x6144][8x4096x6144][8x4096x6144][8x4096x6144][8x4096x6144][8x4096x6144][8x4096x6144][8x4096x6144][8x4096x6144][8x4096x6144][8x4096x6144][8x4096x6144][8x4096x6144][8x4096x6144][8x4096x6144][8x4096x6144][8x4096x6144][8x4096x6144][8x4096x6144][8x4096x6144][8x4096x6144][8x4096x6144][8x4096x6144][8x4096x6144][8x4096x6144][8x4096x6144][8x4096x6144][8x4096x6144][8x4096x6144][8x4096x6144][8x4096x6144][8x4096x6144][8x4096x6144][8x4096x6144][8x4096x6144][8x4096x6144][8x4096x6144][8x4096x6144][8x4096x6144][8x4096x6144][8x4096x6144][8x4096x6144][8x4096x6144][8x4096x6144][8x4096x6144][8x4096x6144][8x4096x6144][8x4096x6144][8x4096x6144][8x4096x6144][8x4096x6144][8x4096x6144][8x4096x6144][8x4096x6144][8x4096x6144][8x4096x6144][8x4096x6144][8x4096x6144][8x4096x6144][8x4096x6144][8x4096x6144][8x4096x6144][8x4096x6144][8x4096x6144][8x4096x6144][8x4096x6144][8x4096x6144][8x4096x6144][8x4096x6144][8x4096x6144][8x4096x6144][8x4096x6144][8x4096x6144][8x4096x6144][8x4096x6144][8x4096x6144][8x4096x6144][8x4096x6144][8x4096x6144][8x4096x6144][8x4096x6144][8x4096x6144][8x4096x6144][8x4096x6144][8x4096x6144][8x4096x6144][8x4096x6144][8x4096x6144][8x4096x6144][8x4096x6144][8x4096x6144][8x4096x6144][8x4096x6144][8x4096x6144][8x4096x6144][8x4096x6144][8x4096x6144][8x4096x6144][8x4096x6144][8x4096x6144][8x4096x6144][8x4096x6144][8x4096x6144][8x4096x6144][8x4096x6144][8x4096x6144][8x4096x6144][8x4096x6144][8x4096x6144][8x4096x6144][8x4096x6144][8x4096x6144][8x4096x6144][8x4096x6144][8x4096x6144][8x4096x6144][8x4096x6144][8x4096x6144][8x4096x6144][8x4096x6144][8x4096x6144][8x4096x6144][8x4096x6144]',,tensorop,f32,128,128,128,1,1,1,1,1,1,5,4,1,1,128,128,32,100,110,6471811072,103095992320,15,1.13092,5329.59,91161.2
1,CUTLASS,grouped_gemm,cutlass3x_sm100_tensorop_gemm_grouped_e4m3_e4m3_f32_bf16_e4m3_128x128x128_1x1x1_0_tnt_align16_stream_k_1sm,passed,success,grouped,,,,,fe4m3:row,fe4m3:column,bf16:row,fe4m3:row,1,0,invalid,invalid,heuristic,1,false,'[8x4096x6144][8x4096x6144][8x4096x6144][8x4096x6144][8x4096x6144][8x4096x6144][8x4096x6144][8x4096x6144][8x4096x6144][8x4096x6144][8x4096x6144][8x4096x6144][8x4096x6144][8x4096x6144][8x4096x6144][8x4096x6144][8x4096x6144][8x4096x6144][8x4096x6144][8x4096x6144][8x4096x6144][8x4096x6144][8x4096x6144][8x4096x6144][8x4096x6144][8x4096x6144][8x4096x6144][8x4096x6144][8x4096x6144][8x4096x6144][8x4096x6144][8x4096x6144][8x4096x6144][8x4096x6144][8x4096x6144][8x4096x6144][8x4096x6144][8x4096x6144][8x4096x6144][8x4096x6144][8x4096x6144][8x4096x6144][8x4096x6144][8x4096x6144][8x4096x6144][8x4096x6144][8x4096x6144][8x4096x6144][8x4096x6144][8x4096x6144][8x4096x6144][8x4096x6144][8x4096x6144][8x4096x6144][8x4096x6144][8x4096x6144][8x4096x6144][8x4096x6144][8x4096x6144][8x4096x6144][8x4096x6144][8x4096x6144][8x4096x6144][8x4096x6144][8x4096x6144][8x4096x6144][8x4096x6144][8x4096x6144][8x4096x6144][8x4096x6144][8x4096x6144][8x4096x6144][8x4096x6144][8x4096x6144][8x4096x6144][8x4096x6144][8x4096x6144][8x4096x6144][8x4096x6144][8x4096x6144][8x4096x6144][8x4096x6144][8x4096x6144][8x4096x6144][8x4096x6144][8x4096x6144][8x4096x6144][8x4096x6144][8x4096x6144][8x4096x6144][8x4096x6144][8x4096x6144][8x4096x6144][8x4096x6144][8x4096x6144][8x4096x6144][8x4096x6144][8x4096x6144][8x4096x6144][8x4096x6144][8x4096x6144][8x4096x6144][8x4096x6144][8x4096x6144][8x4096x6144][8x4096x6144][8x4096x6144][8x4096x6144][8x4096x6144][8x4096x6144][8x4096x6144][8x4096x6144][8x4096x6144][8x4096x6144][8x4096x6144][8x4096x6144][8x4096x6144][8x4096x6144][8x4096x6144][8x4096x6144][8x4096x6144][8x4096x6144][8x4096x6144][8x4096x6144][8x4096x6144][8x4096x6144][8x4096x6144][8x4096x6144][8x4096x6144][8x4096x6144][8x4096x6144][8x4096x6144][8x4096x6144][8x4096x6144][8x4096x6144][8x4096x6144][8x4096x6144][8x4096x6144][8x4096x6144][8x4096x6144][8x4096x6144][8x4096x6144][8x4096x6144][8x4096x6144][8x4096x6144][8x4096x6144][8x4096x6144][8x4096x6144][8x4096x6144][8x4096x6144][8x4096x6144][8x4096x6144][8x4096x6144][8x4096x6144][8x4096x6144][8x4096x6144][8x4096x6144][8x4096x6144][8x4096x6144][8x4096x6144][8x4096x6144][8x4096x6144][8x4096x6144][8x4096x6144][8x4096x6144][8x4096x6144][8x4096x6144][8x4096x6144][8x4096x6144][8x4096x6144][8x4096x6144][8x4096x6144][8x4096x6144][8x4096x6144][8x4096x6144][8x4096x6144][8x4096x6144][8x4096x6144][8x4096x6144][8x4096x6144][8x4096x6144][8x4096x6144][8x4096x6144][8x4096x6144][8x4096x6144][8x4096x6144][8x4096x6144][8x4096x6144][8x4096x6144][8x4096x6144][8x4096x6144][8x4096x6144][8x4096x6144][8x4096x6144][8x4096x6144][8x4096x6144][8x4096x6144][8x4096x6144][8x4096x6144][8x4096x6144][8x4096x6144][8x4096x6144][8x4096x6144][8x4096x6144][8x4096x6144][8x4096x6144][8x4096x6144][8x4096x6144][8x4096x6144][8x4096x6144][8x4096x6144][8x4096x6144][8x4096x6144][8x4096x6144][8x4096x6144][8x4096x6144][8x4096x6144][8x4096x6144][8x4096x6144][8x4096x6144][8x4096x6144][8x4096x6144][8x4096x6144][8x4096x6144][8x4096x6144][8x4096x6144][8x4096x6144][8x4096x6144][8x4096x6144][8x4096x6144][8x4096x6144][8x4096x6144][8x4096x6144][8x4096x6144][8x4096x6144][8x4096x6144][8x4096x6144][8x4096x6144][8x4096x6144][8x4096x6144][8x4096x6144][8x4096x6144][8x4096x6144][8x4096x6144][8x4096x6144][8x4096x6144][8x4096x6144][8x4096x6144][8x4096x6144][8x4096x6144][8x4096x6144][8x4096x6144][8x4096x6144][8x4096x6144][8x4096x6144][8x4096x6144]',,tensorop,f32,128,128,128,1,1,1,1,1,1,5,4,1,1,128,128,32,100,110,6471811072,103095992320,15,1.13116,5328.48,91142.2
1,CUTLASS,grouped_gemm,cutlass3x_sm100_tensorop_gemm_grouped_e4m3_e4m3_f32_bf16_e4m3_128x128x128_1x1x1_0_ttt_align16_1sm,passed,success,grouped,,,,,fe4m3:row,fe4m3:row,bf16:row,fe4m3:row,1,0,invalid,invalid,heuristic,1,false,'[8x4096x6144][8x4096x6144][8x4096x6144][8x4096x6144][8x4096x6144][8x4096x6144][8x4096x6144][8x4096x6144][8x4096x6144][8x4096x6144][8x4096x6144][8x4096x6144][8x4096x6144][8x4096x6144][8x4096x6144][8x4096x6144][8x4096x6144][8x4096x6144][8x4096x6144][8x4096x6144][8x4096x6144][8x4096x6144][8x4096x6144][8x4096x6144][8x4096x6144][8x4096x6144][8x4096x6144][8x4096x6144][8x4096x6144][8x4096x6144][8x4096x6144][8x4096x6144][8x4096x6144][8x4096x6144][8x4096x6144][8x4096x6144][8x4096x6144][8x4096x6144][8x4096x6144][8x4096x6144][8x4096x6144][8x4096x6144][8x4096x6144][8x4096x6144][8x4096x6144][8x4096x6144][8x4096x6144][8x4096x6144][8x4096x6144][8x4096x6144][8x4096x6144][8x4096x6144][8x4096x6144][8x4096x6144][8x4096x6144][8x4096x6144][8x4096x6144][8x4096x6144][8x4096x6144][8x4096x6144][8x4096x6144][8x4096x6144][8x4096x6144][8x4096x6144][8x4096x6144][8x4096x6144][8x4096x6144][8x4096x6144][8x4096x6144][8x4096x6144][8x4096x6144][8x4096x6144][8x4096x6144][8x4096x6144][8x4096x6144][8x4096x6144][8x4096x6144][8x4096x6144][8x4096x6144][8x4096x6144][8x4096x6144][8x4096x6144][8x4096x6144][8x4096x6144][8x4096x6144][8x4096x6144][8x4096x6144][8x4096x6144][8x4096x6144][8x4096x6144][8x4096x6144][8x4096x6144][8x4096x6144][8x4096x6144][8x4096x6144][8x4096x6144][8x4096x6144][8x4096x6144][8x4096x6144][8x4096x6144][8x4096x6144][8x4096x6144][8x4096x6144][8x4096x6144][8x4096x6144][8x4096x6144][8x4096x6144][8x4096x6144][8x4096x6144][8x4096x6144][8x4096x6144][8x4096x6144][8x4096x6144][8x4096x6144][8x4096x6144][8x4096x6144][8x4096x6144][8x4096x6144][8x4096x6144][8x4096x6144][8x4096x6144][8x4096x6144][8x4096x6144][8x4096x6144][8x4096x6144][8x4096x6144][8x4096x6144][8x4096x6144][8x4096x6144][8x4096x6144][8x4096x6144][8x4096x6144][8x4096x6144][8x4096x6144][8x4096x6144][8x4096x6144][8x4096x6144][8x4096x6144][8x4096x6144][8x4096x6144][8x4096x6144][8x4096x6144][8x4096x6144][8x4096x6144][8x4096x6144][8x4096x6144][8x4096x6144][8x4096x6144][8x4096x6144][8x4096x6144][8x4096x6144][8x4096x6144][8x4096x6144][8x4096x6144][8x4096x6144][8x4096x6144][8x4096x6144][8x4096x6144][8x4096x6144][8x4096x6144][8x4096x6144][8x4096x6144][8x4096x6144][8x4096x6144][8x4096x6144][8x4096x6144][8x4096x6144][8x4096x6144][8x4096x6144][8x4096x6144][8x4096x6144][8x4096x6144][8x4096x6144][8x4096x6144][8x4096x6144][8x4096x6144][8x4096x6144][8x4096x6144][8x4096x6144][8x4096x6144][8x4096x6144][8x4096x6144][8x4096x6144][8x4096x6144][8x4096x6144][8x4096x6144][8x4096x6144][8x4096x6144][8x4096x6144][8x4096x6144][8x4096x6144][8x4096x6144][8x4096x6144][8x4096x6144][8x4096x6144][8x4096x6144][8x4096x6144][8x4096x6144][8x4096x6144][8x4096x6144][8x4096x6144][8x4096x6144][8x4096x6144][8x4096x6144][8x4096x6144][8x4096x6144][8x4096x6144][8x4096x6144][8x4096x6144][8x4096x6144][8x4096x6144][8x4096x6144][8x4096x6144][8x4096x6144][8x4096x6144][8x4096x6144][8x4096x6144][8x4096x6144][8x4096x6144][8x4096x6144][8x4096x6144][8x4096x6144][8x4096x6144][8x4096x6144][8x4096x6144][8x4096x6144][8x4096x6144][8x4096x6144][8x4096x6144][8x4096x6144][8x4096x6144][8x4096x6144][8x4096x6144][8x4096x6144][8x4096x6144][8x4096x6144][8x4096x6144][8x4096x6144][8x4096x6144][8x4096x6144][8x4096x6144][8x4096x6144][8x4096x6144][8x4096x6144][8x4096x6144][8x4096x6144][8x4096x6144][8x4096x6144][8x4096x6144][8x4096x6144][8x4096x6144][8x4096x6144][8x4096x6144][8x4096x6144][8x4096x6144][8x4096x6144]',,tensorop,f32,128,128,128,1,1,1,1,1,1,5,4,1,1,128,128,32,100,110,6471811072,103095992320,15,1.12594,5353.15,91564.1
1,CUTLASS,grouped_gemm,cutlass3x_sm100_tensorop_gemm_grouped_e4m3_e4m3_f32_bf16_e4m3_128x128x128_1x1x1_0_ttt_align16_stream_k_1sm,passed,success,grouped,,,,,fe4m3:row,fe4m3:row,bf16:row,fe4m3:row,1,0,invalid,invalid,heuristic,1,false,'[8x4096x6144][8x4096x6144][8x4096x6144][8x4096x6144][8x4096x6144][8x4096x6144][8x4096x6144][8x4096x6144][8x4096x6144][8x4096x6144][8x4096x6144][8x4096x6144][8x4096x6144][8x4096x6144][8x4096x6144][8x4096x6144][8x4096x6144][8x4096x6144][8x4096x6144][8x4096x6144][8x4096x6144][8x4096x6144][8x4096x6144][8x4096x6144][8x4096x6144][8x4096x6144][8x4096x6144][8x4096x6144][8x4096x6144][8x4096x6144][8x4096x6144][8x4096x6144][8x4096x6144][8x4096x6144][8x4096x6144][8x4096x6144][8x4096x6144][8x4096x6144][8x4096x6144][8x4096x6144][8x4096x6144][8x4096x6144][8x4096x6144][8x4096x6144][8x4096x6144][8x4096x6144][8x4096x6144][8x4096x6144][8x4096x6144][8x4096x6144][8x4096x6144][8x4096x6144][8x4096x6144][8x4096x6144][8x4096x6144][8x4096x6144][8x4096x6144][8x4096x6144][8x4096x6144][8x4096x6144][8x4096x6144][8x4096x6144][8x4096x6144][8x4096x6144][8x4096x6144][8x4096x6144][8x4096x6144][8x4096x6144][8x4096x6144][8x4096x6144][8x4096x6144][8x4096x6144][8x4096x6144][8x4096x6144][8x4096x6144][8x4096x6144][8x4096x6144][8x4096x6144][8x4096x6144][8x4096x6144][8x4096x6144][8x4096x6144][8x4096x6144][8x4096x6144][8x4096x6144][8x4096x6144][8x4096x6144][8x4096x6144][8x4096x6144][8x4096x6144][8x4096x6144][8x4096x6144][8x4096x6144][8x4096x6144][8x4096x6144][8x4096x6144][8x4096x6144][8x4096x6144][8x4096x6144][8x4096x6144][8x4096x6144][8x4096x6144][8x4096x6144][8x4096x6144][8x4096x6144][8x4096x6144][8x4096x6144][8x4096x6144][8x4096x6144][8x4096x6144][8x4096x6144][8x4096x6144][8x4096x6144][8x4096x6144][8x4096x6144][8x4096x6144][8x4096x6144][8x4096x6144][8x4096x6144][8x4096x6144][8x4096x6144][8x4096x6144][8x4096x6144][8x4096x6144][8x4096x6144][8x4096x6144][8x4096x6144][8x4096x6144][8x4096x6144][8x4096x6144][8x4096x6144][8x4096x6144][8x4096x6144][8x4096x6144][8x4096x6144][8x4096x6144][8x4096x6144][8x4096x6144][8x4096x6144][8x4096x6144][8x4096x6144][8x4096x6144][8x4096x6144][8x4096x6144][8x4096x6144][8x4096x6144][8x4096x6144][8x4096x6144][8x4096x6144][8x4096x6144][8x4096x6144][8x4096x6144][8x4096x6144][8x4096x6144][8x4096x6144][8x4096x6144][8x4096x6144][8x4096x6144][8x4096x6144][8x4096x6144][8x4096x6144][8x4096x6144][8x4096x6144][8x4096x6144][8x4096x6144][8x4096x6144][8x4096x6144][8x4096x6144][8x4096x6144][8x4096x6144][8x4096x6144][8x4096x6144][8x4096x6144][8x4096x6144][8x4096x6144][8x4096x6144][8x4096x6144][8x4096x6144][8x4096x6144][8x4096x6144][8x4096x6144][8x4096x6144][8x4096x6144][8x4096x6144][8x4096x6144][8x4096x6144][8x4096x6144][8x4096x6144][8x4096x6144][8x4096x6144][8x4096x6144][8x4096x6144][8x4096x6144][8x4096x6144][8x4096x6144][8x4096x6144][8x4096x6144][8x4096x6144][8x4096x6144][8x4096x6144][8x4096x6144][8x4096x6144][8x4096x6144][8x4096x6144][8x4096x6144][8x4096x6144][8x4096x6144][8x4096x6144][8x4096x6144][8x4096x6144][8x4096x6144][8x4096x6144][8x4096x6144][8x4096x6144][8x4096x6144][8x4096x6144][8x4096x6144][8x4096x6144][8x4096x6144][8x4096x6144][8x4096x6144][8x4096x6144][8x4096x6144][8x4096x6144][8x4096x6144][8x4096x6144][8x4096x6144][8x4096x6144][8x4096x6144][8x4096x6144][8x4096x6144][8x4096x6144][8x4096x6144][8x4096x6144][8x4096x6144][8x4096x6144][8x4096x6144][8x4096x6144][8x4096x6144][8x4096x6144][8x4096x6144][8x4096x6144][8x4096x6144][8x4096x6144][8x4096x6144][8x4096x6144][8x4096x6144][8x4096x6144][8x4096x6144][8x4096x6144][8x4096x6144][8x4096x6144][8x4096x6144][8x4096x6144][8x4096x6144][8x4096x6144]',,tensorop,f32,128,128,128,1,1,1,1,1,1,5,4,1,1,128,128,32,100,110,6471811072,103095992320,15,1.12648,5350.62,91520.8
1,CUTLASS,grouped_gemm,cutlass3x_sm100_tensorop_gemm_grouped_e4m3_e4m3_f32_bf16_e4m3_128x128x128_1x2x1_0_tnt_align16_1sm,passed,success,grouped,,,,,fe4m3:row,fe4m3:column,bf16:row,fe4m3:row,1,0,invalid,invalid,heuristic,1,false,'[8x4096x6144][8x4096x6144][8x4096x6144][8x4096x6144][8x4096x6144][8x4096x6144][8x4096x6144][8x4096x6144][8x4096x6144][8x4096x6144][8x4096x6144][8x4096x6144][8x4096x6144][8x4096x6144][8x4096x6144][8x4096x6144][8x4096x6144][8x4096x6144][8x4096x6144][8x4096x6144][8x4096x6144][8x4096x6144][8x4096x6144][8x4096x6144][8x4096x6144][8x4096x6144][8x4096x6144][8x4096x6144][8x4096x6144][8x4096x6144][8x4096x6144][8x4096x6144][8x4096x6144][8x4096x6144][8x4096x6144][8x4096x6144][8x4096x6144][8x4096x6144][8x4096x6144][8x4096x6144][8x4096x6144][8x4096x6144][8x4096x6144][8x4096x6144][8x4096x6144][8x4096x6144][8x4096x6144][8x4096x6144][8x4096x6144][8x4096x6144][8x4096x6144][8x4096x6144][8x4096x6144][8x4096x6144][8x4096x6144][8x4096x6144][8x4096x6144][8x4096x6144][8x4096x6144][8x4096x6144][8x4096x6144][8x4096x6144][8x4096x6144][8x4096x6144][8x4096x6144][8x4096x6144][8x4096x6144][8x4096x6144][8x4096x6144][8x4096x6144][8x4096x6144][8x4096x6144][8x4096x6144][8x4096x6144][8x4096x6144][8x4096x6144][8x4096x6144][8x4096x6144][8x4096x6144][8x4096x6144][8x4096x6144][8x4096x6144][8x4096x6144][8x4096x6144][8x4096x6144][8x4096x6144][8x4096x6144][8x4096x6144][8x4096x6144][8x4096x6144][8x4096x6144][8x4096x6144][8x4096x6144][8x4096x6144][8x4096x6144][8x4096x6144][8x4096x6144][8x4096x6144][8x4096x6144][8x4096x6144][8x4096x6144][8x4096x6144][8x4096x6144][8x4096x6144][8x4096x6144][8x4096x6144][8x4096x6144][8x4096x6144][8x4096x6144][8x4096x6144][8x4096x6144][8x4096x6144][8x4096x6144][8x4096x6144][8x4096x6144][8x4096x6144][8x4096x6144][8x4096x6144][8x4096x6144][8x4096x6144][8x4096x6144][8x4096x6144][8x4096x6144][8x4096x6144][8x4096x6144][8x4096x6144][8x4096x6144][8x4096x6144][8x4096x6144][8x4096x6144][8x4096x6144][8x4096x6144][8x4096x6144][8x4096x6144][8x4096x6144][8x4096x6144][8x4096x6144][8x4096x6144][8x4096x6144][8x4096x6144][8x4096x6144][8x4096x6144][8x4096x6144][8x4096x6144][8x4096x6144][8x4096x6144][8x4096x6144][8x4096x6144][8x4096x6144][8x4096x6144][8x4096x6144][8x4096x6144][8x4096x6144][8x4096x6144][8x4096x6144][8x4096x6144][8x4096x6144][8x4096x6144][8x4096x6144][8x4096x6144][8x4096x6144][8x4096x6144][8x4096x6144][8x4096x6144][8x4096x6144][8x4096x6144][8x4096x6144][8x4096x6144][8x4096x6144][8x4096x6144][8x4096x6144][8x4096x6144][8x4096x6144][8x4096x6144][8x4096x6144][8x4096x6144][8x4096x6144][8x4096x6144][8x4096x6144][8x4096x6144][8x4096x6144][8x4096x6144][8x4096x6144][8x4096x6144][8x4096x6144][8x4096x6144][8x4096x6144][8x4096x6144][8x4096x6144][8x4096x6144][8x4096x6144][8x4096x6144][8x4096x6144][8x4096x6144][8x4096x6144][8x4096x6144][8x4096x6144][8x4096x6144][8x4096x6144][8x4096x6144][8x4096x6144][8x4096x6144][8x4096x6144][8x4096x6144][8x4096x6144][8x4096x6144][8x4096x6144][8x4096x6144][8x4096x6144][8x4096x6144][8x4096x6144][8x4096x6144][8x4096x6144][8x4096x6144][8x4096x6144][8x4096x6144][8x4096x6144][8x4096x6144][8x4096x6144][8x4096x6144][8x4096x6144][8x4096x6144][8x4096x6144][8x4096x6144][8x4096x6144][8x4096x6144][8x4096x6144][8x4096x6144][8x4096x6144][8x4096x6144][8x4096x6144][8x4096x6144][8x4096x6144][8x4096x6144][8x4096x6144][8x4096x6144][8x4096x6144][8x4096x6144][8x4096x6144][8x4096x6144][8x4096x6144][8x4096x6144][8x4096x6144][8x4096x6144][8x4096x6144][8x4096x6144][8x4096x6144][8x4096x6144][8x4096x6144][8x4096x6144][8x4096x6144][8x4096x6144][8x4096x6144][8x4096x6144][8x4096x6144][8x4096x6144]',,tensorop,f32,128,128,128,1,2,1,1,1,1,5,4,1,1,128,128,32,100,110,6471811072,103095992320,15,0.996561,6048.14,103452
1,CUTLASS,grouped_gemm,cutlass3x_sm100_tensorop_gemm_grouped_e4m3_e4m3_f32_bf16_e4m3_128x128x128_1x2x1_0_tnt_align16_stream_k_1sm,passed,success,grouped,,,,,fe4m3:row,fe4m3:column,bf16:row,fe4m3:row,1,0,invalid,invalid,heuristic,1,false,'[8x4096x6144][8x4096x6144][8x4096x6144][8x4096x6144][8x4096x6144][8x4096x6144][8x4096x6144][8x4096x6144][8x4096x6144][8x4096x6144][8x4096x6144][8x4096x6144][8x4096x6144][8x4096x6144][8x4096x6144][8x4096x6144][8x4096x6144][8x4096x6144][8x4096x6144][8x4096x6144][8x4096x6144][8x4096x6144][8x4096x6144][8x4096x6144][8x4096x6144][8x4096x6144][8x4096x6144][8x4096x6144][8x4096x6144][8x4096x6144][8x4096x6144][8x4096x6144][8x4096x6144][8x4096x6144][8x4096x6144][8x4096x6144][8x4096x6144][8x4096x6144][8x4096x6144][8x4096x6144][8x4096x6144][8x4096x6144][8x4096x6144][8x4096x6144][8x4096x6144][8x4096x6144][8x4096x6144][8x4096x6144][8x4096x6144][8x4096x6144][8x4096x6144][8x4096x6144][8x4096x6144][8x4096x6144][8x4096x6144][8x4096x6144][8x4096x6144][8x4096x6144][8x4096x6144][8x4096x6144][8x4096x6144][8x4096x6144][8x4096x6144][8x4096x6144][8x4096x6144][8x4096x6144][8x4096x6144][8x4096x6144][8x4096x6144][8x4096x6144][8x4096x6144][8x4096x6144][8x4096x6144][8x4096x6144][8x4096x6144][8x4096x6144][8x4096x6144][8x4096x6144][8x4096x6144][8x4096x6144][8x4096x6144][8x4096x6144][8x4096x6144][8x4096x6144][8x4096x6144][8x4096x6144][8x4096x6144][8x4096x6144][8x4096x6144][8x4096x6144][8x4096x6144][8x4096x6144][8x4096x6144][8x4096x6144][8x4096x6144][8x4096x6144][8x4096x6144][8x4096x6144][8x4096x6144][8x4096x6144][8x4096x6144][8x4096x6144][8x4096x6144][8x4096x6144][8x4096x6144][8x4096x6144][8x4096x6144][8x4096x6144][8x4096x6144][8x4096x6144][8x4096x6144][8x4096x6144][8x4096x6144][8x4096x6144][8x4096x6144][8x4096x6144][8x4096x6144][8x4096x6144][8x4096x6144][8x4096x6144][8x4096x6144][8x4096x6144][8x4096x6144][8x4096x6144][8x4096x6144][8x4096x6144][8x4096x6144][8x4096x6144][8x4096x6144][8x4096x6144][8x4096x6144][8x4096x6144][8x4096x6144][8x4096x6144][8x4096x6144][8x4096x6144][8x4096x6144][8x4096x6144][8x4096x6144][8x4096x6144][8x4096x6144][8x4096x6144][8x4096x6144][8x4096x6144][8x4096x6144][8x4096x6144][8x4096x6144][8x4096x6144][8x4096x6144][8x4096x6144][8x4096x6144][8x4096x6144][8x4096x6144][8x4096x6144][8x4096x6144][8x4096x6144][8x4096x6144][8x4096x6144][8x4096x6144][8x4096x6144][8x4096x6144][8x4096x6144][8x4096x6144][8x4096x6144][8x4096x6144][8x4096x6144][8x4096x6144][8x4096x6144][8x4096x6144][8x4096x6144][8x4096x6144][8x4096x6144][8x4096x6144][8x4096x6144][8x4096x6144][8x4096x6144][8x4096x6144][8x4096x6144][8x4096x6144][8x4096x6144][8x4096x6144][8x4096x6144][8x4096x6144][8x4096x6144][8x4096x6144][8x4096x6144][8x4096x6144][8x4096x6144][8x4096x6144][8x4096x6144][8x4096x6144][8x4096x6144][8x4096x6144][8x4096x6144][8x4096x6144][8x4096x6144][8x4096x6144][8x4096x6144][8x4096x6144][8x4096x6144][8x4096x6144][8x4096x6144][8x4096x6144][8x4096x6144][8x4096x6144][8x4096x6144][8x4096x6144][8x4096x6144][8x4096x6144][8x4096x6144][8x4096x6144][8x4096x6144][8x4096x6144][8x4096x6144][8x4096x6144][8x4096x6144][8x4096x6144][8x4096x6144][8x4096x6144][8x4096x6144][8x4096x6144][8x4096x6144][8x4096x6144][8x4096x6144][8x4096x6144][8x4096x6144][8x4096x6144][8x4096x6144][8x4096x6144][8x4096x6144][8x4096x6144][8x4096x6144][8x4096x6144][8x4096x6144][8x4096x6144][8x4096x6144][8x4096x6144][8x4096x6144][8x4096x6144][8x4096x6144][8x4096x6144][8x4096x6144][8x4096x6144][8x4096x6144][8x4096x6144][8x4096x6144][8x4096x6144][8x4096x6144][8x4096x6144][8x4096x6144][8x4096x6144][8x4096x6144][8x4096x6144][8x4096x6144][8x4096x6144][8x4096x6144]',,tensorop,f32,128,128,128,1,2,1,1,1,1,5,4,1,1,128,128,32,100,110,6471811072,103095992320,15,0.998363,6037.23,103265
1,CUTLASS,grouped_gemm,cutlass3x_sm100_tensorop_gemm_grouped_e4m3_e4m3_f32_bf16_e4m3_128x128x128_1x2x1_0_ttt_align16_1sm,passed,success,grouped,,,,,fe4m3:row,fe4m3:row,bf16:row,fe4m3:row,1,0,invalid,invalid,heuristic,1,false,'[8x4096x6144][8x4096x6144][8x4096x6144][8x4096x6144][8x4096x6144][8x4096x6144][8x4096x6144][8x4096x6144][8x4096x6144][8x4096x6144][8x4096x6144][8x4096x6144][8x4096x6144][8x4096x6144][8x4096x6144][8x4096x6144][8x4096x6144][8x4096x6144][8x4096x6144][8x4096x6144][8x4096x6144][8x4096x6144][8x4096x6144][8x4096x6144][8x4096x6144][8x4096x6144][8x4096x6144][8x4096x6144][8x4096x6144][8x4096x6144][8x4096x6144][8x4096x6144][8x4096x6144][8x4096x6144][8x4096x6144][8x4096x6144][8x4096x6144][8x4096x6144][8x4096x6144][8x4096x6144][8x4096x6144][8x4096x6144][8x4096x6144][8x4096x6144][8x4096x6144][8x4096x6144][8x4096x6144][8x4096x6144][8x4096x6144][8x4096x6144][8x4096x6144][8x4096x6144][8x4096x6144][8x4096x6144][8x4096x6144][8x4096x6144][8x4096x6144][8x4096x6144][8x4096x6144][8x4096x6144][8x4096x6144][8x4096x6144][8x4096x6144][8x4096x6144][8x4096x6144][8x4096x6144][8x4096x6144][8x4096x6144][8x4096x6144][8x4096x6144][8x4096x6144][8x4096x6144][8x4096x6144][8x4096x6144][8x4096x6144][8x4096x6144][8x4096x6144][8x4096x6144][8x4096x6144][8x4096x6144][8x4096x6144][8x4096x6144][8x4096x6144][8x4096x6144][8x4096x6144][8x4096x6144][8x4096x6144][8x4096x6144][8x4096x6144][8x4096x6144][8x4096x6144][8x4096x6144][8x4096x6144][8x4096x6144][8x4096x6144][8x4096x6144][8x4096x6144][8x4096x6144][8x4096x6144][8x4096x6144][8x4096x6144][8x4096x6144][8x4096x6144][8x4096x6144][8x4096x6144][8x4096x6144][8x4096x6144][8x4096x6144][8x4096x6144][8x4096x6144][8x4096x6144][8x4096x6144][8x4096x6144][8x4096x6144][8x4096x6144][8x4096x6144][8x4096x6144][8x4096x6144][8x4096x6144][8x4096x6144][8x4096x6144][8x4096x6144][8x4096x6144][8x4096x6144][8x4096x6144][8x4096x6144][8x4096x6144][8x4096x6144][8x4096x6144][8x4096x6144][8x4096x6144][8x4096x6144][8x4096x6144][8x4096x6144][8x4096x6144][8x4096x6144][8x4096x6144][8x4096x6144][8x4096x6144][8x4096x6144][8x4096x6144][8x4096x6144][8x4096x6144][8x4096x6144][8x4096x6144][8x4096x6144][8x4096x6144][8x4096x6144][8x4096x6144][8x4096x6144][8x4096x6144][8x4096x6144][8x4096x6144][8x4096x6144][8x4096x6144][8x4096x6144][8x4096x6144][8x4096x6144][8x4096x6144][8x4096x6144][8x4096x6144][8x4096x6144][8x4096x6144][8x4096x6144][8x4096x6144][8x4096x6144][8x4096x6144][8x4096x6144][8x4096x6144][8x4096x6144][8x4096x6144][8x4096x6144][8x4096x6144][8x4096x6144][8x4096x6144][8x4096x6144][8x4096x6144][8x4096x6144][8x4096x6144][8x4096x6144][8x4096x6144][8x4096x6144][8x4096x6144][8x4096x6144][8x4096x6144][8x4096x6144][8x4096x6144][8x4096x6144][8x4096x6144][8x4096x6144][8x4096x6144][8x4096x6144][8x4096x6144][8x4096x6144][8x4096x6144][8x4096x6144][8x4096x6144][8x4096x6144][8x4096x6144][8x4096x6144][8x4096x6144][8x4096x6144][8x4096x6144][8x4096x6144][8x4096x6144][8x4096x6144][8x4096x6144][8x4096x6144][8x4096x6144][8x4096x6144][8x4096x6144][8x4096x6144][8x4096x6144][8x4096x6144][8x4096x6144][8x4096x6144][8x4096x6144][8x4096x6144][8x4096x6144][8x4096x6144][8x4096x6144][8x4096x6144][8x4096x6144][8x4096x6144][8x4096x6144][8x4096x6144][8x4096x6144][8x4096x6144][8x4096x6144][8x4096x6144][8x4096x6144][8x4096x6144][8x4096x6144][8x4096x6144][8x4096x6144][8x4096x6144][8x4096x6144][8x4096x6144][8x4096x6144][8x4096x6144][8x4096x6144][8x4096x6144][8x4096x6144][8x4096x6144][8x4096x6144][8x4096x6144][8x4096x6144][8x4096x6144][8x4096x6144][8x4096x6144][8x4096x6144][8x4096x6144][8x4096x6144][8x4096x6144][8x4096x6144][8x4096x6144]',,tensorop,f32,128,128,128,1,2,1,1,1,1,5,4,1,1,128,128,32,100,110,6471811072,103095992320,15,0.927861,6495.96,111111
1,CUTLASS,grouped_gemm,cutlass3x_sm100_tensorop_gemm_grouped_e4m3_e4m3_f32_bf16_e4m3_128x128x128_1x2x1_0_ttt_align16_stream_k_1sm,passed,success,grouped,,,,,fe4m3:row,fe4m3:row,bf16:row,fe4m3:row,1,0,invalid,invalid,heuristic,1,false,'[8x4096x6144][8x4096x6144][8x4096x6144][8x4096x6144][8x4096x6144][8x4096x6144][8x4096x6144][8x4096x6144][8x4096x6144][8x4096x6144][8x4096x6144][8x4096x6144][8x4096x6144][8x4096x6144][8x4096x6144][8x4096x6144][8x4096x6144][8x4096x6144][8x4096x6144][8x4096x6144][8x4096x6144][8x4096x6144][8x4096x6144][8x4096x6144][8x4096x6144][8x4096x6144][8x4096x6144][8x4096x6144][8x4096x6144][8x4096x6144][8x4096x6144][8x4096x6144][8x4096x6144][8x4096x6144][8x4096x6144][8x4096x6144][8x4096x6144][8x4096x6144][8x4096x6144][8x4096x6144][8x4096x6144][8x4096x6144][8x4096x6144][8x4096x6144][8x4096x6144][8x4096x6144][8x4096x6144][8x4096x6144][8x4096x6144][8x4096x6144][8x4096x6144][8x4096x6144][8x4096x6144][8x4096x6144][8x4096x6144][8x4096x6144][8x4096x6144][8x4096x6144][8x4096x6144][8x4096x6144][8x4096x6144][8x4096x6144][8x4096x6144][8x4096x6144][8x4096x6144][8x4096x6144][8x4096x6144][8x4096x6144][8x4096x6144][8x4096x6144][8x4096x6144][8x4096x6144][8x4096x6144][8x4096x6144][8x4096x6144][8x4096x6144][8x4096x6144][8x4096x6144][8x4096x6144][8x4096x6144][8x4096x6144][8x4096x6144][8x4096x6144][8x4096x6144][8x4096x6144][8x4096x6144][8x4096x6144][8x4096x6144][8x4096x6144][8x4096x6144][8x4096x6144][8x4096x6144][8x4096x6144][8x4096x6144][8x4096x6144][8x4096x6144][8x4096x6144][8x4096x6144][8x4096x6144][8x4096x6144][8x4096x6144][8x4096x6144][8x4096x6144][8x4096x6144][8x4096x6144][8x4096x6144][8x4096x6144][8x4096x6144][8x4096x6144][8x4096x6144][8x4096x6144][8x4096x6144][8x4096x6144][8x4096x6144][8x4096x6144][8x4096x6144][8x4096x6144][8x4096x6144][8x4096x6144][8x4096x6144][8x4096x6144][8x4096x6144][8x4096x6144][8x4096x6144][8x4096x6144][8x4096x6144][8x4096x6144][8x4096x6144][8x4096x6144][8x4096x6144][8x4096x6144][8x4096x6144][8x4096x6144][8x4096x6144][8x4096x6144][8x4096x6144][8x4096x6144][8x4096x6144][8x4096x6144][8x4096x6144][8x4096x6144][8x4096x6144][8x4096x6144][8x4096x6144][8x4096x6144][8x4096x6144][8x4096x6144][8x4096x6144][8x4096x6144][8x4096x6144][8x4096x6144][8x4096x6144][8x4096x6144][8x4096x6144][8x4096x6144][8x4096x6144][8x4096x6144][8x4096x6144][8x4096x6144][8x4096x6144][8x4096x6144][8x4096x6144][8x4096x6144][8x4096x6144][8x4096x6144][8x4096x6144][8x4096x6144][8x4096x6144][8x4096x6144][8x4096x6144][8x4096x6144][8x4096x6144][8x4096x6144][8x4096x6144][8x4096x6144][8x4096x6144][8x4096x6144][8x4096x6144][8x4096x6144][8x4096x6144][8x4096x6144][8x4096x6144][8x4096x6144][8x4096x6144][8x4096x6144][8x4096x6144][8x4096x6144][8x4096x6144][8x4096x6144][8x4096x6144][8x4096x6144][8x4096x6144][8x4096x6144][8x4096x6144][8x4096x6144][8x4096x6144][8x4096x6144][8x4096x6144][8x4096x6144][8x4096x6144][8x4096x6144][8x4096x6144][8x4096x6144][8x4096x6144][8x4096x6144][8x4096x6144][8x4096x6144][8x4096x6144][8x4096x6144][8x4096x6144][8x4096x6144][8x4096x6144][8x4096x6144][8x4096x6144][8x4096x6144][8x4096x6144][8x4096x6144][8x4096x6144][8x4096x6144][8x4096x6144][8x4096x6144][8x4096x6144][8x4096x6144][8x4096x6144][8x4096x6144][8x4096x6144][8x4096x6144][8x4096x6144][8x4096x6144][8x4096x6144][8x4096x6144][8x4096x6144][8x4096x6144][8x4096x6144][8x4096x6144][8x4096x6144][8x4096x6144][8x4096x6144][8x4096x6144][8x4096x6144][8x4096x6144][8x4096x6144][8x4096x6144][8x4096x6144][8x4096x6144][8x4096x6144][8x4096x6144][8x4096x6144][8x4096x6144][8x4096x6144][8x4096x6144][8x4096x6144][8x4096x6144][8x4096x6144][8x4096x6144][8x4096x6144]',,tensorop,f32,128,128,128,1,2,1,1,1,1,5,4,1,1,128,128,32,100,110,6471811072,103095992320,15,0.930175,6479.79,110835
1,CUTLASS,grouped_gemm,cutlass3x_sm100_tensorop_gemm_grouped_e4m3_e4m3_f32_bf16_e4m3_128x128x128_2x1x1_0_tnt_align16_1sm,passed,success,grouped,,,,,fe4m3:row,fe4m3:column,bf16:row,fe4m3:row,1,0,invalid,invalid,heuristic,1,false,'[8x4096x6144][8x4096x6144][8x4096x6144][8x4096x6144][8x4096x6144][8x4096x6144][8x4096x6144][8x4096x6144][8x4096x6144][8x4096x6144][8x4096x6144][8x4096x6144][8x4096x6144][8x4096x6144][8x4096x6144][8x4096x6144][8x4096x6144][8x4096x6144][8x4096x6144][8x4096x6144][8x4096x6144][8x4096x6144][8x4096x6144][8x4096x6144][8x4096x6144][8x4096x6144][8x4096x6144][8x4096x6144][8x4096x6144][8x4096x6144][8x4096x6144][8x4096x6144][8x4096x6144][8x4096x6144][8x4096x6144][8x4096x6144][8x4096x6144][8x4096x6144][8x4096x6144][8x4096x6144][8x4096x6144][8x4096x6144][8x4096x6144][8x4096x6144][8x4096x6144][8x4096x6144][8x4096x6144][8x4096x6144][8x4096x6144][8x4096x6144][8x4096x6144][8x4096x6144][8x4096x6144][8x4096x6144][8x4096x6144][8x4096x6144][8x4096x6144][8x4096x6144][8x4096x6144][8x4096x6144][8x4096x6144][8x4096x6144][8x4096x6144][8x4096x6144][8x4096x6144][8x4096x6144][8x4096x6144][8x4096x6144][8x4096x6144][8x4096x6144][8x4096x6144][8x4096x6144][8x4096x6144][8x4096x6144][8x4096x6144][8x4096x6144][8x4096x6144][8x4096x6144][8x4096x6144][8x4096x6144][8x4096x6144][8x4096x6144][8x4096x6144][8x4096x6144][8x4096x6144][8x4096x6144][8x4096x6144][8x4096x6144][8x4096x6144][8x4096x6144][8x4096x6144][8x4096x6144][8x4096x6144][8x4096x6144][8x4096x6144][8x4096x6144][8x4096x6144][8x4096x6144][8x4096x6144][8x4096x6144][8x4096x6144][8x4096x6144][8x4096x6144][8x4096x6144][8x4096x6144][8x4096x6144][8x4096x6144][8x4096x6144][8x4096x6144][8x4096x6144][8x4096x6144][8x4096x6144][8x4096x6144][8x4096x6144][8x4096x6144][8x4096x6144][8x4096x6144][8x4096x6144][8x4096x6144][8x4096x6144][8x4096x6144][8x4096x6144][8x4096x6144][8x4096x6144][8x4096x6144][8x4096x6144][8x4096x6144][8x4096x6144][8x4096x6144][8x4096x6144][8x4096x6144][8x4096x6144][8x4096x6144][8x4096x6144][8x4096x6144][8x4096x6144][8x4096x6144][8x4096x6144][8x4096x6144][8x4096x6144][8x4096x6144][8x4096x6144][8x4096x6144][8x4096x6144][8x4096x6144][8x4096x6144][8x4096x6144][8x4096x6144][8x4096x6144][8x4096x6144][8x4096x6144][8x4096x6144][8x4096x6144][8x4096x6144][8x4096x6144][8x4096x6144][8x4096x6144][8x4096x6144][8x4096x6144][8x4096x6144][8x4096x6144][8x4096x6144][8x4096x6144][8x4096x6144][8x4096x6144][8x4096x6144][8x4096x6144][8x4096x6144][8x4096x6144][8x4096x6144][8x4096x6144][8x4096x6144][8x4096x6144][8x4096x6144][8x4096x6144][8x4096x6144][8x4096x6144][8x4096x6144][8x4096x6144][8x4096x6144][8x4096x6144][8x4096x6144][8x4096x6144][8x4096x6144][8x4096x6144][8x4096x6144][8x4096x6144][8x4096x6144][8x4096x6144][8x4096x6144][8x4096x6144][8x4096x6144][8x4096x6144][8x4096x6144][8x4096x6144][8x4096x6144][8x4096x6144][8x4096x6144][8x4096x6144][8x4096x6144][8x4096x6144][8x4096x6144][8x4096x6144][8x4096x6144][8x4096x6144][8x4096x6144][8x4096x6144][8x4096x6144][8x4096x6144][8x4096x6144][8x4096x6144][8x4096x6144][8x4096x6144][8x4096x6144][8x4096x6144][8x4096x6144][8x4096x6144][8x4096x6144][8x4096x6144][8x4096x6144][8x4096x6144][8x4096x6144][8x4096x6144][8x4096x6144][8x4096x6144][8x4096x6144][8x4096x6144][8x4096x6144][8x4096x6144][8x4096x6144][8x4096x6144][8x4096x6144][8x4096x6144][8x4096x6144][8x4096x6144][8x4096x6144][8x4096x6144][8x4096x6144][8x4096x6144][8x4096x6144][8x4096x6144][8x4096x6144][8x4096x6144][8x4096x6144][8x4096x6144][8x4096x6144][8x4096x6144][8x4096x6144][8x4096x6144][8x4096x6144][8x4096x6144][8x4096x6144][8x4096x6144][8x4096x6144][8x4096x6144][8x4096x6144]',,tensorop,f32,128,128,128,2,1,1,1,1,1,5,4,1,1,128,128,32,100,110,6471811072,103095992320,15,1.69587,3554.13,60792.4
1,CUTLASS,grouped_gemm,cutlass3x_sm100_tensorop_gemm_grouped_e4m3_e4m3_f32_bf16_e4m3_128x128x128_2x1x1_0_tnt_align16_stream_k_1sm,passed,success,grouped,,,,,fe4m3:row,fe4m3:column,bf16:row,fe4m3:row,1,0,invalid,invalid,heuristic,1,false,'[8x4096x6144][8x4096x6144][8x4096x6144][8x4096x6144][8x4096x6144][8x4096x6144][8x4096x6144][8x4096x6144][8x4096x6144][8x4096x6144][8x4096x6144][8x4096x6144][8x4096x6144][8x4096x6144][8x4096x6144][8x4096x6144][8x4096x6144][8x4096x6144][8x4096x6144][8x4096x6144][8x4096x6144][8x4096x6144][8x4096x6144][8x4096x6144][8x4096x6144][8x4096x6144][8x4096x6144][8x4096x6144][8x4096x6144][8x4096x6144][8x4096x6144][8x4096x6144][8x4096x6144][8x4096x6144][8x4096x6144][8x4096x6144][8x4096x6144][8x4096x6144][8x4096x6144][8x4096x6144][8x4096x6144][8x4096x6144][8x4096x6144][8x4096x6144][8x4096x6144][8x4096x6144][8x4096x6144][8x4096x6144][8x4096x6144][8x4096x6144][8x4096x6144][8x4096x6144][8x4096x6144][8x4096x6144][8x4096x6144][8x4096x6144][8x4096x6144][8x4096x6144][8x4096x6144][8x4096x6144][8x4096x6144][8x4096x6144][8x4096x6144][8x4096x6144][8x4096x6144][8x4096x6144][8x4096x6144][8x4096x6144][8x4096x6144][8x4096x6144][8x4096x6144][8x4096x6144][8x4096x6144][8x4096x6144][8x4096x6144][8x4096x6144][8x4096x6144][8x4096x6144][8x4096x6144][8x4096x6144][8x4096x6144][8x4096x6144][8x4096x6144][8x4096x6144][8x4096x6144][8x4096x6144][8x4096x6144][8x4096x6144][8x4096x6144][8x4096x6144][8x4096x6144][8x4096x6144][8x4096x6144][8x4096x6144][8x4096x6144][8x4096x6144][8x4096x6144][8x4096x6144][8x4096x6144][8x4096x6144][8x4096x6144][8x4096x6144][8x4096x6144][8x4096x6144][8x4096x6144][8x4096x6144][8x4096x6144][8x4096x6144][8x4096x6144][8x4096x6144][8x4096x6144][8x4096x6144][8x4096x6144][8x4096x6144][8x4096x6144][8x4096x6144][8x4096x6144][8x4096x6144][8x4096x6144][8x4096x6144][8x4096x6144][8x4096x6144][8x4096x6144][8x4096x6144][8x4096x6144][8x4096x6144][8x4096x6144][8x4096x6144][8x4096x6144][8x4096x6144][8x4096x6144][8x4096x6144][8x4096x6144][8x4096x6144][8x4096x6144][8x4096x6144][8x4096x6144][8x4096x6144][8x4096x6144][8x4096x6144][8x4096x6144][8x4096x6144][8x4096x6144][8x4096x6144][8x4096x6144][8x4096x6144][8x4096x6144][8x4096x6144][8x4096x6144][8x4096x6144][8x4096x6144][8x4096x6144][8x4096x6144][8x4096x6144][8x4096x6144][8x4096x6144][8x4096x6144][8x4096x6144][8x4096x6144][8x4096x6144][8x4096x6144][8x4096x6144][8x4096x6144][8x4096x6144][8x4096x6144][8x4096x6144][8x4096x6144][8x4096x6144][8x4096x6144][8x4096x6144][8x4096x6144][8x4096x6144][8x4096x6144][8x4096x6144][8x4096x6144][8x4096x6144][8x4096x6144][8x4096x6144][8x4096x6144][8x4096x6144][8x4096x6144][8x4096x6144][8x4096x6144][8x4096x6144][8x4096x6144][8x4096x6144][8x4096x6144][8x4096x6144][8x4096x6144][8x4096x6144][8x4096x6144][8x4096x6144][8x4096x6144][8x4096x6144][8x4096x6144][8x4096x6144][8x4096x6144][8x4096x6144][8x4096x6144][8x4096x6144][8x4096x6144][8x4096x6144][8x4096x6144][8x4096x6144][8x4096x6144][8x4096x6144][8x4096x6144][8x4096x6144][8x4096x6144][8x4096x6144][8x4096x6144][8x4096x6144][8x4096x6144][8x4096x6144][8x4096x6144][8x4096x6144][8x4096x6144][8x4096x6144][8x4096x6144][8x4096x6144][8x4096x6144][8x4096x6144][8x4096x6144][8x4096x6144][8x4096x6144][8x4096x6144][8x4096x6144][8x4096x6144][8x4096x6144][8x4096x6144][8x4096x6144][8x4096x6144][8x4096x6144][8x4096x6144][8x4096x6144][8x4096x6144][8x4096x6144][8x4096x6144][8x4096x6144][8x4096x6144][8x4096x6144][8x4096x6144][8x4096x6144][8x4096x6144][8x4096x6144][8x4096x6144][8x4096x6144][8x4096x6144][8x4096x6144][8x4096x6144][8x4096x6144][8x4096x6144][8x4096x6144][8x4096x6144][8x4096x6144][8x4096x6144]',,tensorop,f32,128,128,128,2,1,1,1,1,1,5,4,1,1,128,128,32,100,110,6471811072,103095992320,15,1.69915,3547.27,60675.1
1,CUTLASS,grouped_gemm,cutlass3x_sm100_tensorop_gemm_grouped_e4m3_e4m3_f32_bf16_e4m3_128x128x128_2x1x1_0_ttt_align16_1sm,passed,success,grouped,,,,,fe4m3:row,fe4m3:row,bf16:row,fe4m3:row,1,0,invalid,invalid,heuristic,1,false,'[8x4096x6144][8x4096x6144][8x4096x6144][8x4096x6144][8x4096x6144][8x4096x6144][8x4096x6144][8x4096x6144][8x4096x6144][8x4096x6144][8x4096x6144][8x4096x6144][8x4096x6144][8x4096x6144][8x4096x6144][8x4096x6144][8x4096x6144][8x4096x6144][8x4096x6144][8x4096x6144][8x4096x6144][8x4096x6144][8x4096x6144][8x4096x6144][8x4096x6144][8x4096x6144][8x4096x6144][8x4096x6144][8x4096x6144][8x4096x6144][8x4096x6144][8x4096x6144][8x4096x6144][8x4096x6144][8x4096x6144][8x4096x6144][8x4096x6144][8x4096x6144][8x4096x6144][8x4096x6144][8x4096x6144][8x4096x6144][8x4096x6144][8x4096x6144][8x4096x6144][8x4096x6144][8x4096x6144][8x4096x6144][8x4096x6144][8x4096x6144][8x4096x6144][8x4096x6144][8x4096x6144][8x4096x6144][8x4096x6144][8x4096x6144][8x4096x6144][8x4096x6144][8x4096x6144][8x4096x6144][8x4096x6144][8x4096x6144][8x4096x6144][8x4096x6144][8x4096x6144][8x4096x6144][8x4096x6144][8x4096x6144][8x4096x6144][8x4096x6144][8x4096x6144][8x4096x6144][8x4096x6144][8x4096x6144][8x4096x6144][8x4096x6144][8x4096x6144][8x4096x6144][8x4096x6144][8x4096x6144][8x4096x6144][8x4096x6144][8x4096x6144][8x4096x6144][8x4096x6144][8x4096x6144][8x4096x6144][8x4096x6144][8x4096x6144][8x4096x6144][8x4096x6144][8x4096x6144][8x4096x6144][8x4096x6144][8x4096x6144][8x4096x6144][8x4096x6144][8x4096x6144][8x4096x6144][8x4096x6144][8x4096x6144][8x4096x6144][8x4096x6144][8x4096x6144][8x4096x6144][8x4096x6144][8x4096x6144][8x4096x6144][8x4096x6144][8x4096x6144][8x4096x6144][8x4096x6144][8x4096x6144][8x4096x6144][8x4096x6144][8x4096x6144][8x4096x6144][8x4096x6144][8x4096x6144][8x4096x6144][8x4096x6144][8x4096x6144][8x4096x6144][8x4096x6144][8x4096x6144][8x4096x6144][8x4096x6144][8x4096x6144][8x4096x6144][8x4096x6144][8x4096x6144][8x4096x6144][8x4096x6144][8x4096x6144][8x4096x6144][8x4096x6144][8x4096x6144][8x4096x6144][8x4096x6144][8x4096x6144][8x4096x6144][8x4096x6144][8x4096x6144][8x4096x6144][8x4096x6144][8x4096x6144][8x4096x6144][8x4096x6144][8x4096x6144][8x4096x6144][8x4096x6144][8x4096x6144][8x4096x6144][8x4096x6144][8x4096x6144][8x4096x6144][8x4096x6144][8x4096x6144][8x4096x6144][8x4096x6144][8x4096x6144][8x4096x6144][8x4096x6144][8x4096x6144][8x4096x6144][8x4096x6144][8x4096x6144][8x4096x6144][8x4096x6144][8x4096x6144][8x4096x6144][8x4096x6144][8x4096x6144][8x4096x6144][8x4096x6144][8x4096x6144][8x4096x6144][8x4096x6144][8x4096x6144][8x4096x6144][8x4096x6144][8x4096x6144][8x4096x6144][8x4096x6144][8x4096x6144][8x4096x6144][8x4096x6144][8x4096x6144][8x4096x6144][8x4096x6144][8x4096x6144][8x4096x6144][8x4096x6144][8x4096x6144][8x4096x6144][8x4096x6144][8x4096x6144][8x4096x6144][8x4096x6144][8x4096x6144][8x4096x6144][8x4096x6144][8x4096x6144][8x4096x6144][8x4096x6144][8x4096x6144][8x4096x6144][8x4096x6144][8x4096x6144][8x4096x6144][8x4096x6144][8x4096x6144][8x4096x6144][8x4096x6144][8x4096x6144][8x4096x6144][8x4096x6144][8x4096x6144][8x4096x6144][8x4096x6144][8x4096x6144][8x4096x6144][8x4096x6144][8x4096x6144][8x4096x6144][8x4096x6144][8x4096x6144][8x4096x6144][8x4096x6144][8x4096x6144][8x4096x6144][8x4096x6144][8x4096x6144][8x4096x6144][8x4096x6144][8x4096x6144][8x4096x6144][8x4096x6144][8x4096x6144][8x4096x6144][8x4096x6144][8x4096x6144][8x4096x6144][8x4096x6144][8x4096x6144][8x4096x6144][8x4096x6144][8x4096x6144][8x4096x6144][8x4096x6144][8x4096x6144][8x4096x6144][8x4096x6144][8x4096x6144][8x4096x6144][8x4096x6144]',,tensorop,f32,128,128,128,2,1,1,1,1,1,5,4,1,1,128,128,32,100,110,6471811072,103095992320,15,1.70729,3530.36,60385.8
1,CUTLASS,grouped_gemm,cutlass3x_sm100_tensorop_gemm_grouped_e4m3_e4m3_f32_bf16_e4m3_128x128x128_2x1x1_0_ttt_align16_stream_k_1sm,passed,success,grouped,,,,,fe4m3:row,fe4m3:row,bf16:row,fe4m3:row,1,0,invalid,invalid,heuristic,1,false,'[8x4096x6144][8x4096x6144][8x4096x6144][8x4096x6144][8x4096x6144][8x4096x6144][8x4096x6144][8x4096x6144][8x4096x6144][8x4096x6144][8x4096x6144][8x4096x6144][8x4096x6144][8x4096x6144][8x4096x6144][8x4096x6144][8x4096x6144][8x4096x6144][8x4096x6144][8x4096x6144][8x4096x6144][8x4096x6144][8x4096x6144][8x4096x6144][8x4096x6144][8x4096x6144][8x4096x6144][8x4096x6144][8x4096x6144][8x4096x6144][8x4096x6144][8x4096x6144][8x4096x6144][8x4096x6144][8x4096x6144][8x4096x6144][8x4096x6144][8x4096x6144][8x4096x6144][8x4096x6144][8x4096x6144][8x4096x6144][8x4096x6144][8x4096x6144][8x4096x6144][8x4096x6144][8x4096x6144][8x4096x6144][8x4096x6144][8x4096x6144][8x4096x6144][8x4096x6144][8x4096x6144][8x4096x6144][8x4096x6144][8x4096x6144][8x4096x6144][8x4096x6144][8x4096x6144][8x4096x6144][8x4096x6144][8x4096x6144][8x4096x6144][8x4096x6144][8x4096x6144][8x4096x6144][8x4096x6144][8x4096x6144][8x4096x6144][8x4096x6144][8x4096x6144][8x4096x6144][8x4096x6144][8x4096x6144][8x4096x6144][8x4096x6144][8x4096x6144][8x4096x6144][8x4096x6144][8x4096x6144][8x4096x6144][8x4096x6144][8x4096x6144][8x4096x6144][8x4096x6144][8x4096x6144][8x4096x6144][8x4096x6144][8x4096x6144][8x4096x6144][8x4096x6144][8x4096x6144][8x4096x6144][8x4096x6144][8x4096x6144][8x4096x6144][8x4096x6144][8x4096x6144][8x4096x6144][8x4096x6144][8x4096x6144][8x4096x6144][8x4096x6144][8x4096x6144][8x4096x6144][8x4096x6144][8x4096x6144][8x4096x6144][8x4096x6144][8x4096x6144][8x4096x6144][8x4096x6144][8x4096x6144][8x4096x6144][8x4096x6144][8x4096x6144][8x4096x6144][8x4096x6144][8x4096x6144][8x4096x6144][8x4096x6144][8x4096x6144][8x4096x6144][8x4096x6144][8x4096x6144][8x4096x6144][8x4096x6144][8x4096x6144][8x4096x6144][8x4096x6144][8x4096x6144][8x4096x6144][8x4096x6144][8x4096x6144][8x4096x6144][8x4096x6144][8x4096x6144][8x4096x6144][8x4096x6144][8x4096x6144][8x4096x6144][8x4096x6144][8x4096x6144][8x4096x6144][8x4096x6144][8x4096x6144][8x4096x6144][8x4096x6144][8x4096x6144][8x4096x6144][8x4096x6144][8x4096x6144][8x4096x6144][8x4096x6144][8x4096x6144][8x4096x6144][8x4096x6144][8x4096x6144][8x4096x6144][8x4096x6144][8x4096x6144][8x4096x6144][8x4096x6144][8x4096x6144][8x4096x6144][8x4096x6144][8x4096x6144][8x4096x6144][8x4096x6144][8x4096x6144][8x4096x6144][8x4096x6144][8x4096x6144][8x4096x6144][8x4096x6144][8x4096x6144][8x4096x6144][8x4096x6144][8x4096x6144][8x4096x6144][8x4096x6144][8x4096x6144][8x4096x6144][8x4096x6144][8x4096x6144][8x4096x6144][8x4096x6144][8x4096x6144][8x4096x6144][8x4096x6144][8x4096x6144][8x4096x6144][8x4096x6144][8x4096x6144][8x4096x6144][8x4096x6144][8x4096x6144][8x4096x6144][8x4096x6144][8x4096x6144][8x4096x6144][8x4096x6144][8x4096x6144][8x4096x6144][8x4096x6144][8x4096x6144][8x4096x6144][8x4096x6144][8x4096x6144][8x4096x6144][8x4096x6144][8x4096x6144][8x4096x6144][8x4096x6144][8x4096x6144][8x4096x6144][8x4096x6144][8x4096x6144][8x4096x6144][8x4096x6144][8x4096x6144][8x4096x6144][8x4096x6144][8x4096x6144][8x4096x6144][8x4096x6144][8x4096x6144][8x4096x6144][8x4096x6144][8x4096x6144][8x4096x6144][8x4096x6144][8x4096x6144][8x4096x6144][8x4096x6144][8x4096x6144][8x4096x6144][8x4096x6144][8x4096x6144][8x4096x6144][8x4096x6144][8x4096x6144][8x4096x6144][8x4096x6144][8x4096x6144][8x4096x6144][8x4096x6144][8x4096x6144][8x4096x6144][8x4096x6144][8x4096x6144][8x4096x6144][8x4096x6144][8x4096x6144][8x4096x6144][8x4096x6144]',,tensorop,f32,128,128,128,2,1,1,1,1,1,5,4,1,1,128,128,32,100,110,6471811072,103095992320,15,1.70868,3527.48,60336.6
1,CUTLASS,grouped_gemm,cutlass3x_sm100_tensorop_gemm_grouped_e4m3_e4m3_f32_bf16_e4m3_128x128x128_1x4x1_0_tnt_align16_1sm,passed,success,grouped,,,,,fe4m3:row,fe4m3:column,bf16:row,fe4m3:row,1,0,invalid,invalid,heuristic,1,false,'[8x4096x6144][8x4096x6144][8x4096x6144][8x4096x6144][8x4096x6144][8x4096x6144][8x4096x6144][8x4096x6144][8x4096x6144][8x4096x6144][8x4096x6144][8x4096x6144][8x4096x6144][8x4096x6144][8x4096x6144][8x4096x6144][8x4096x6144][8x4096x6144][8x4096x6144][8x4096x6144][8x4096x6144][8x4096x6144][8x4096x6144][8x4096x6144][8x4096x6144][8x4096x6144][8x4096x6144][8x4096x6144][8x4096x6144][8x4096x6144][8x4096x6144][8x4096x6144][8x4096x6144][8x4096x6144][8x4096x6144][8x4096x6144][8x4096x6144][8x4096x6144][8x4096x6144][8x4096x6144][8x4096x6144][8x4096x6144][8x4096x6144][8x4096x6144][8x4096x6144][8x4096x6144][8x4096x6144][8x4096x6144][8x4096x6144][8x4096x6144][8x4096x6144][8x4096x6144][8x4096x6144][8x4096x6144][8x4096x6144][8x4096x6144][8x4096x6144][8x4096x6144][8x4096x6144][8x4096x6144][8x4096x6144][8x4096x6144][8x4096x6144][8x4096x6144][8x4096x6144][8x4096x6144][8x4096x6144][8x4096x6144][8x4096x6144][8x4096x6144][8x4096x6144][8x4096x6144][8x4096x6144][8x4096x6144][8x4096x6144][8x4096x6144][8x4096x6144][8x4096x6144][8x4096x6144][8x4096x6144][8x4096x6144][8x4096x6144][8x4096x6144][8x4096x6144][8x4096x6144][8x4096x6144][8x4096x6144][8x4096x6144][8x4096x6144][8x4096x6144][8x4096x6144][8x4096x6144][8x4096x6144][8x4096x6144][8x4096x6144][8x4096x6144][8x4096x6144][8x4096x6144][8x4096x6144][8x4096x6144][8x4096x6144][8x4096x6144][8x4096x6144][8x4096x6144][8x4096x6144][8x4096x6144][8x4096x6144][8x4096x6144][8x4096x6144][8x4096x6144][8x4096x6144][8x4096x6144][8x4096x6144][8x4096x6144][8x4096x6144][8x4096x6144][8x4096x6144][8x4096x6144][8x4096x6144][8x4096x6144][8x4096x6144][8x4096x6144][8x4096x6144][8x4096x6144][8x4096x6144][8x4096x6144][8x4096x6144][8x4096x6144][8x4096x6144][8x4096x6144][8x4096x6144][8x4096x6144][8x4096x6144][8x4096x6144][8x4096x6144][8x4096x6144][8x4096x6144][8x4096x6144][8x4096x6144][8x4096x6144][8x4096x6144][8x4096x6144][8x4096x6144][8x4096x6144][8x4096x6144][8x4096x6144][8x4096x6144][8x4096x6144][8x4096x6144][8x4096x6144][8x4096x6144][8x4096x6144][8x4096x6144][8x4096x6144][8x4096x6144][8x4096x6144][8x4096x6144][8x4096x6144][8x4096x6144][8x4096x6144][8x4096x6144][8x4096x6144][8x4096x6144][8x4096x6144][8x4096x6144][8x4096x6144][8x4096x6144][8x4096x6144][8x4096x6144][8x4096x6144][8x4096x6144][8x4096x6144][8x4096x6144][8x4096x6144][8x4096x6144][8x4096x6144][8x4096x6144][8x4096x6144][8x4096x6144][8x4096x6144][8x4096x6144][8x4096x6144][8x4096x6144][8x4096x6144][8x4096x6144][8x4096x6144][8x4096x6144][8x4096x6144][8x4096x6144][8x4096x6144][8x4096x6144][8x4096x6144][8x4096x6144][8x4096x6144][8x4096x6144][8x4096x6144][8x4096x6144][8x4096x6144][8x4096x6144][8x4096x6144][8x4096x6144][8x4096x6144][8x4096x6144][8x4096x6144][8x4096x6144][8x4096x6144][8x4096x6144][8x4096x6144][8x4096x6144][8x4096x6144][8x4096x6144][8x4096x6144][8x4096x6144][8x4096x6144][8x4096x6144][8x4096x6144][8x4096x6144][8x4096x6144][8x4096x6144][8x4096x6144][8x4096x6144][8x4096x6144][8x4096x6144][8x4096x6144][8x4096x6144][8x4096x6144][8x4096x6144][8x4096x6144][8x4096x6144][8x4096x6144][8x4096x6144][8x4096x6144][8x4096x6144][8x4096x6144][8x4096x6144][8x4096x6144][8x4096x6144][8x4096x6144][8x4096x6144][8x4096x6144][8x4096x6144][8x4096x6144][8x4096x6144][8x4096x6144][8x4096x6144][8x4096x6144][8x4096x6144][8x4096x6144][8x4096x6144][8x4096x6144][8x4096x6144][8x4096x6144][8x4096x6144][8x4096x6144][8x4096x6144][8x4096x6144]',,tensorop,f32,128,128,128,1,4,1,1,1,1,5,4,1,1,128,128,32,100,110,6471811072,103095992320,15,1.022,5897.61,100877
1,CUTLASS,grouped_gemm,cutlass3x_sm100_tensorop_gemm_grouped_e4m3_e4m3_f32_bf16_e4m3_128x128x128_1x4x1_0_tnt_align16_stream_k_1sm,passed,success,grouped,,,,,fe4m3:row,fe4m3:column,bf16:row,fe4m3:row,1,0,invalid,invalid,heuristic,1,false,'[8x4096x6144][8x4096x6144][8x4096x6144][8x4096x6144][8x4096x6144][8x4096x6144][8x4096x6144][8x4096x6144][8x4096x6144][8x4096x6144][8x4096x6144][8x4096x6144][8x4096x6144][8x4096x6144][8x4096x6144][8x4096x6144][8x4096x6144][8x4096x6144][8x4096x6144][8x4096x6144][8x4096x6144][8x4096x6144][8x4096x6144][8x4096x6144][8x4096x6144][8x4096x6144][8x4096x6144][8x4096x6144][8x4096x6144][8x4096x6144][8x4096x6144][8x4096x6144][8x4096x6144][8x4096x6144][8x4096x6144][8x4096x6144][8x4096x6144][8x4096x6144][8x4096x6144][8x4096x6144][8x4096x6144][8x4096x6144][8x4096x6144][8x4096x6144][8x4096x6144][8x4096x6144][8x4096x6144][8x4096x6144][8x4096x6144][8x4096x6144][8x4096x6144][8x4096x6144][8x4096x6144][8x4096x6144][8x4096x6144][8x4096x6144][8x4096x6144][8x4096x6144][8x4096x6144][8x4096x6144][8x4096x6144][8x4096x6144][8x4096x6144][8x4096x6144][8x4096x6144][8x4096x6144][8x4096x6144][8x4096x6144][8x4096x6144][8x4096x6144][8x4096x6144][8x4096x6144][8x4096x6144][8x4096x6144][8x4096x6144][8x4096x6144][8x4096x6144][8x4096x6144][8x4096x6144][8x4096x6144][8x4096x6144][8x4096x6144][8x4096x6144][8x4096x6144][8x4096x6144][8x4096x6144][8x4096x6144][8x4096x6144][8x4096x6144][8x4096x6144][8x4096x6144][8x4096x6144][8x4096x6144][8x4096x6144][8x4096x6144][8x4096x6144][8x4096x6144][8x4096x6144][8x4096x6144][8x4096x6144][8x4096x6144][8x4096x6144][8x4096x6144][8x4096x6144][8x4096x6144][8x4096x6144][8x4096x6144][8x4096x6144][8x4096x6144][8x4096x6144][8x4096x6144][8x4096x6144][8x4096x6144][8x4096x6144][8x4096x6144][8x4096x6144][8x4096x6144][8x4096x6144][8x4096x6144][8x4096x6144][8x4096x6144][8x4096x6144][8x4096x6144][8x4096x6144][8x4096x6144][8x4096x6144][8x4096x6144][8x4096x6144][8x4096x6144][8x4096x6144][8x4096x6144][8x4096x6144][8x4096x6144][8x4096x6144][8x4096x6144][8x4096x6144][8x4096x6144][8x4096x6144][8x4096x6144][8x4096x6144][8x4096x6144][8x4096x6144][8x4096x6144][8x4096x6144][8x4096x6144][8x4096x6144][8x4096x6144][8x4096x6144][8x4096x6144][8x4096x6144][8x4096x6144][8x4096x6144][8x4096x6144][8x4096x6144][8x4096x6144][8x4096x6144][8x4096x6144][8x4096x6144][8x4096x6144][8x4096x6144][8x4096x6144][8x4096x6144][8x4096x6144][8x4096x6144][8x4096x6144][8x4096x6144][8x4096x6144][8x4096x6144][8x4096x6144][8x4096x6144][8x4096x6144][8x4096x6144][8x4096x6144][8x4096x6144][8x4096x6144][8x4096x6144][8x4096x6144][8x4096x6144][8x4096x6144][8x4096x6144][8x4096x6144][8x4096x6144][8x4096x6144][8x4096x6144][8x4096x6144][8x4096x6144][8x4096x6144][8x4096x6144][8x4096x6144][8x4096x6144][8x4096x6144][8x4096x6144][8x4096x6144][8x4096x6144][8x4096x6144][8x4096x6144][8x4096x6144][8x4096x6144][8x4096x6144][8x4096x6144][8x4096x6144][8x4096x6144][8x4096x6144][8x4096x6144][8x4096x6144][8x4096x6144][8x4096x6144][8x4096x6144][8x4096x6144][8x4096x6144][8x4096x6144][8x4096x6144][8x4096x6144][8x4096x6144][8x4096x6144][8x4096x6144][8x4096x6144][8x4096x6144][8x4096x6144][8x4096x6144][8x4096x6144][8x4096x6144][8x4096x6144][8x4096x6144][8x4096x6144][8x4096x6144][8x4096x6144][8x4096x6144][8x4096x6144][8x4096x6144][8x4096x6144][8x4096x6144][8x4096x6144][8x4096x6144][8x4096x6144][8x4096x6144][8x4096x6144][8x4096x6144][8x4096x6144][8x4096x6144][8x4096x6144][8x4096x6144][8x4096x6144][8x4096x6144][8x4096x6144][8x4096x6144][8x4096x6144][8x4096x6144][8x4096x6144][8x4096x6144][8x4096x6144][8x4096x6144][8x4096x6144][8x4096x6144][8x4096x6144][8x4096x6144]',,tensorop,f32,128,128,128,1,4,1,1,1,1,5,4,1,1,128,128,32,100,110,6471811072,103095992320,15,1.0218,5898.74,100896
1,CUTLASS,grouped_gemm,cutlass3x_sm100_tensorop_gemm_grouped_e4m3_e4m3_f32_bf16_e4m3_128x128x128_1x4x1_0_ttt_align16_1sm,passed,success,grouped,,,,,fe4m3:row,fe4m3:row,bf16:row,fe4m3:row,1,0,invalid,invalid,heuristic,1,false,'[8x4096x6144][8x4096x6144][8x4096x6144][8x4096x6144][8x4096x6144][8x4096x6144][8x4096x6144][8x4096x6144][8x4096x6144][8x4096x6144][8x4096x6144][8x4096x6144][8x4096x6144][8x4096x6144][8x4096x6144][8x4096x6144][8x4096x6144][8x4096x6144][8x4096x6144][8x4096x6144][8x4096x6144][8x4096x6144][8x4096x6144][8x4096x6144][8x4096x6144][8x4096x6144][8x4096x6144][8x4096x6144][8x4096x6144][8x4096x6144][8x4096x6144][8x4096x6144][8x4096x6144][8x4096x6144][8x4096x6144][8x4096x6144][8x4096x6144][8x4096x6144][8x4096x6144][8x4096x6144][8x4096x6144][8x4096x6144][8x4096x6144][8x4096x6144][8x4096x6144][8x4096x6144][8x4096x6144][8x4096x6144][8x4096x6144][8x4096x6144][8x4096x6144][8x4096x6144][8x4096x6144][8x4096x6144][8x4096x6144][8x4096x6144][8x4096x6144][8x4096x6144][8x4096x6144][8x4096x6144][8x4096x6144][8x4096x6144][8x4096x6144][8x4096x6144][8x4096x6144][8x4096x6144][8x4096x6144][8x4096x6144][8x4096x6144][8x4096x6144][8x4096x6144][8x4096x6144][8x4096x6144][8x4096x6144][8x4096x6144][8x4096x6144][8x4096x6144][8x4096x6144][8x4096x6144][8x4096x6144][8x4096x6144][8x4096x6144][8x4096x6144][8x4096x6144][8x4096x6144][8x4096x6144][8x4096x6144][8x4096x6144][8x4096x6144][8x4096x6144][8x4096x6144][8x4096x6144][8x4096x6144][8x4096x6144][8x4096x6144][8x4096x6144][8x4096x6144][8x4096x6144][8x4096x6144][8x4096x6144][8x4096x6144][8x4096x6144][8x4096x6144][8x4096x6144][8x4096x6144][8x4096x6144][8x4096x6144][8x4096x6144][8x4096x6144][8x4096x6144][8x4096x6144][8x4096x6144][8x4096x6144][8x4096x6144][8x4096x6144][8x4096x6144][8x4096x6144][8x4096x6144][8x4096x6144][8x4096x6144][8x4096x6144][8x4096x6144][8x4096x6144][8x4096x6144][8x4096x6144][8x4096x6144][8x4096x6144][8x4096x6144][8x4096x6144][8x4096x6144][8x4096x6144][8x4096x6144][8x4096x6144][8x4096x6144][8x4096x6144][8x4096x6144][8x4096x6144][8x4096x6144][8x4096x6144][8x4096x6144][8x4096x6144][8x4096x6144][8x4096x6144][8x4096x6144][8x4096x6144][8x4096x6144][8x4096x6144][8x4096x6144][8x4096x6144][8x4096x6144][8x4096x6144][8x4096x6144][8x4096x6144][8x4096x6144][8x4096x6144][8x4096x6144][8x4096x6144][8x4096x6144][8x4096x6144][8x4096x6144][8x4096x6144][8x4096x6144][8x4096x6144][8x4096x6144][8x4096x6144][8x4096x6144][8x4096x6144][8x4096x6144][8x4096x6144][8x4096x6144][8x4096x6144][8x4096x6144][8x4096x6144][8x4096x6144][8x4096x6144][8x4096x6144][8x4096x6144][8x4096x6144][8x4096x6144][8x4096x6144][8x4096x6144][8x4096x6144][8x4096x6144][8x4096x6144][8x4096x6144][8x4096x6144][8x4096x6144][8x4096x6144][8x4096x6144][8x4096x6144][8x4096x6144][8x4096x6144][8x4096x6144][8x4096x6144][8x4096x6144][8x4096x6144][8x4096x6144][8x4096x6144][8x4096x6144][8x4096x6144][8x4096x6144][8x4096x6144][8x4096x6144][8x4096x6144][8x4096x6144][8x4096x6144][8x4096x6144][8x4096x6144][8x4096x6144][8x4096x6144][8x4096x6144][8x4096x6144][8x4096x6144][8x4096x6144][8x4096x6144][8x4096x6144][8x4096x6144][8x4096x6144][8x4096x6144][8x4096x6144][8x4096x6144][8x4096x6144][8x4096x6144][8x4096x6144][8x4096x6144][8x4096x6144][8x4096x6144][8x4096x6144][8x4096x6144][8x4096x6144][8x4096x6144][8x4096x6144][8x4096x6144][8x4096x6144][8x4096x6144][8x4096x6144][8x4096x6144][8x4096x6144][8x4096x6144][8x4096x6144][8x4096x6144][8x4096x6144][8x4096x6144][8x4096x6144][8x4096x6144][8x4096x6144][8x4096x6144][8x4096x6144][8x4096x6144][8x4096x6144][8x4096x6144][8x4096x6144][8x4096x6144][8x4096x6144][8x4096x6144][8x4096x6144]',,tensorop,f32,128,128,128,1,4,1,1,1,1,5,4,1,1,128,128,32,100,110,6471811072,103095992320,15,0.935776,6441.01,110172
1,CUTLASS,grouped_gemm,cutlass3x_sm100_tensorop_gemm_grouped_e4m3_e4m3_f32_bf16_e4m3_128x128x128_1x4x1_0_ttt_align16_stream_k_1sm,passed,success,grouped,,,,,fe4m3:row,fe4m3:row,bf16:row,fe4m3:row,1,0,invalid,invalid,heuristic,1,false,'[8x4096x6144][8x4096x6144][8x4096x6144][8x4096x6144][8x4096x6144][8x4096x6144][8x4096x6144][8x4096x6144][8x4096x6144][8x4096x6144][8x4096x6144][8x4096x6144][8x4096x6144][8x4096x6144][8x4096x6144][8x4096x6144][8x4096x6144][8x4096x6144][8x4096x6144][8x4096x6144][8x4096x6144][8x4096x6144][8x4096x6144][8x4096x6144][8x4096x6144][8x4096x6144][8x4096x6144][8x4096x6144][8x4096x6144][8x4096x6144][8x4096x6144][8x4096x6144][8x4096x6144][8x4096x6144][8x4096x6144][8x4096x6144][8x4096x6144][8x4096x6144][8x4096x6144][8x4096x6144][8x4096x6144][8x4096x6144][8x4096x6144][8x4096x6144][8x4096x6144][8x4096x6144][8x4096x6144][8x4096x6144][8x4096x6144][8x4096x6144][8x4096x6144][8x4096x6144][8x4096x6144][8x4096x6144][8x4096x6144][8x4096x6144][8x4096x6144][8x4096x6144][8x4096x6144][8x4096x6144][8x4096x6144][8x4096x6144][8x4096x6144][8x4096x6144][8x4096x6144][8x4096x6144][8x4096x6144][8x4096x6144][8x4096x6144][8x4096x6144][8x4096x6144][8x4096x6144][8x4096x6144][8x4096x6144][8x4096x6144][8x4096x6144][8x4096x6144][8x4096x6144][8x4096x6144][8x4096x6144][8x4096x6144][8x4096x6144][8x4096x6144][8x4096x6144][8x4096x6144][8x4096x6144][8x4096x6144][8x4096x6144][8x4096x6144][8x4096x6144][8x4096x6144][8x4096x6144][8x4096x6144][8x4096x6144][8x4096x6144][8x4096x6144][8x4096x6144][8x4096x6144][8x4096x6144][8x4096x6144][8x4096x6144][8x4096x6144][8x4096x6144][8x4096x6144][8x4096x6144][8x4096x6144][8x4096x6144][8x4096x6144][8x4096x6144][8x4096x6144][8x4096x6144][8x4096x6144][8x4096x6144][8x4096x6144][8x4096x6144][8x4096x6144][8x4096x6144][8x4096x6144][8x4096x6144][8x4096x6144][8x4096x6144][8x4096x6144][8x4096x6144][8x4096x6144][8x4096x6144][8x4096x6144][8x4096x6144][8x4096x6144][8x4096x6144][8x4096x6144][8x4096x6144][8x4096x6144][8x4096x6144][8x4096x6144][8x4096x6144][8x4096x6144][8x4096x6144][8x4096x6144][8x4096x6144][8x4096x6144][8x4096x6144][8x4096x6144][8x4096x6144][8x4096x6144][8x4096x6144][8x4096x6144][8x4096x6144][8x4096x6144][8x4096x6144][8x4096x6144][8x4096x6144][8x4096x6144][8x4096x6144][8x4096x6144][8x4096x6144][8x4096x6144][8x4096x6144][8x4096x6144][8x4096x6144][8x4096x6144][8x4096x6144][8x4096x6144][8x4096x6144][8x4096x6144][8x4096x6144][8x4096x6144][8x4096x6144][8x4096x6144][8x4096x6144][8x4096x6144][8x4096x6144][8x4096x6144][8x4096x6144][8x4096x6144][8x4096x6144][8x4096x6144][8x4096x6144][8x4096x6144][8x4096x6144][8x4096x6144][8x4096x6144][8x4096x6144][8x4096x6144][8x4096x6144][8x4096x6144][8x4096x6144][8x4096x6144][8x4096x6144][8x4096x6144][8x4096x6144][8x4096x6144][8x4096x6144][8x4096x6144][8x4096x6144][8x4096x6144][8x4096x6144][8x4096x6144][8x4096x6144][8x4096x6144][8x4096x6144][8x4096x6144][8x4096x6144][8x4096x6144][8x4096x6144][8x4096x6144][8x4096x6144][8x4096x6144][8x4096x6144][8x4096x6144][8x4096x6144][8x4096x6144][8x4096x6144][8x4096x6144][8x4096x6144][8x4096x6144][8x4096x6144][8x4096x6144][8x4096x6144][8x4096x6144][8x4096x6144][8x4096x6144][8x4096x6144][8x4096x6144][8x4096x6144][8x4096x6144][8x4096x6144][8x4096x6144][8x4096x6144][8x4096x6144][8x4096x6144][8x4096x6144][8x4096x6144][8x4096x6144][8x4096x6144][8x4096x6144][8x4096x6144][8x4096x6144][8x4096x6144][8x4096x6144][8x4096x6144][8x4096x6144][8x4096x6144][8x4096x6144][8x4096x6144][8x4096x6144][8x4096x6144][8x4096x6144][8x4096x6144][8x4096x6144][8x4096x6144][8x4096x6144][8x4096x6144][8x4096x6144][8x4096x6144][8x4096x6144][8x4096x6144]',,tensorop,f32,128,128,128,1,4,1,1,1,1,5,4,1,1,128,128,32,100,110,6471811072,103095992320,15,0.937251,6430.87,109998
1,CUTLASS,grouped_gemm,cutlass3x_sm100_tensorop_gemm_grouped_e4m3_e4m3_f32_bf16_e4m3_128x128x128_4x4x1_0_tnt_align16_1sm,passed,success,grouped,,,,,fe4m3:row,fe4m3:column,bf16:row,fe4m3:row,1,0,invalid,invalid,heuristic,1,false,'[8x4096x6144][8x4096x6144][8x4096x6144][8x4096x6144][8x4096x6144][8x4096x6144][8x4096x6144][8x4096x6144][8x4096x6144][8x4096x6144][8x4096x6144][8x4096x6144][8x4096x6144][8x4096x6144][8x4096x6144][8x4096x6144][8x4096x6144][8x4096x6144][8x4096x6144][8x4096x6144][8x4096x6144][8x4096x6144][8x4096x6144][8x4096x6144][8x4096x6144][8x4096x6144][8x4096x6144][8x4096x6144][8x4096x6144][8x4096x6144][8x4096x6144][8x4096x6144][8x4096x6144][8x4096x6144][8x4096x6144][8x4096x6144][8x4096x6144][8x4096x6144][8x4096x6144][8x4096x6144][8x4096x6144][8x4096x6144][8x4096x6144][8x4096x6144][8x4096x6144][8x4096x6144][8x4096x6144][8x4096x6144][8x4096x6144][8x4096x6144][8x4096x6144][8x4096x6144][8x4096x6144][8x4096x6144][8x4096x6144][8x4096x6144][8x4096x6144][8x4096x6144][8x4096x6144][8x4096x6144][8x4096x6144][8x4096x6144][8x4096x6144][8x4096x6144][8x4096x6144][8x4096x6144][8x4096x6144][8x4096x6144][8x4096x6144][8x4096x6144][8x4096x6144][8x4096x6144][8x4096x6144][8x4096x6144][8x4096x6144][8x4096x6144][8x4096x6144][8x4096x6144][8x4096x6144][8x4096x6144][8x4096x6144][8x4096x6144][8x4096x6144][8x4096x6144][8x4096x6144][8x4096x6144][8x4096x6144][8x4096x6144][8x4096x6144][8x4096x6144][8x4096x6144][8x4096x6144][8x4096x6144][8x4096x6144][8x4096x6144][8x4096x6144][8x4096x6144][8x4096x6144][8x4096x6144][8x4096x6144][8x4096x6144][8x4096x6144][8x4096x6144][8x4096x6144][8x4096x6144][8x4096x6144][8x4096x6144][8x4096x6144][8x4096x6144][8x4096x6144][8x4096x6144][8x4096x6144][8x4096x6144][8x4096x6144][8x4096x6144][8x4096x6144][8x4096x6144][8x4096x6144][8x4096x6144][8x4096x6144][8x4096x6144][8x4096x6144][8x4096x6144][8x4096x6144][8x4096x6144][8x4096x6144][8x4096x6144][8x4096x6144][8x4096x6144][8x4096x6144][8x4096x6144][8x4096x6144][8x4096x6144][8x4096x6144][8x4096x6144][8x4096x6144][8x4096x6144][8x4096x6144][8x4096x6144][8x4096x6144][8x4096x6144][8x4096x6144][8x4096x6144][8x4096x6144][8x4096x6144][8x4096x6144][8x4096x6144][8x4096x6144][8x4096x6144][8x4096x6144][8x4096x6144][8x4096x6144][8x4096x6144][8x4096x6144][8x4096x6144][8x4096x6144][8x4096x6144][8x4096x6144][8x4096x6144][8x4096x6144][8x4096x6144][8x4096x6144][8x4096x6144][8x4096x6144][8x4096x6144][8x4096x6144][8x4096x6144][8x4096x6144][8x4096x6144][8x4096x6144][8x4096x6144][8x4096x6144][8x4096x6144][8x4096x6144][8x4096x6144][8x4096x6144][8x4096x6144][8x4096x6144][8x4096x6144][8x4096x6144][8x4096x6144][8x4096x6144][8x4096x6144][8x4096x6144][8x4096x6144][8x4096x6144][8x4096x6144][8x4096x6144][8x4096x6144][8x4096x6144][8x4096x6144][8x4096x6144][8x4096x6144][8x4096x6144][8x4096x6144][8x4096x6144][8x4096x6144][8x4096x6144][8x4096x6144][8x4096x6144][8x4096x6144][8x4096x6144][8x4096x6144][8x4096x6144][8x4096x6144][8x4096x6144][8x4096x6144][8x4096x6144][8x4096x6144][8x4096x6144][8x4096x6144][8x4096x6144][8x4096x6144][8x4096x6144][8x4096x6144][8x4096x6144][8x4096x6144][8x4096x6144][8x4096x6144][8x4096x6144][8x4096x6144][8x4096x6144][8x4096x6144][8x4096x6144][8x4096x6144][8x4096x6144][8x4096x6144][8x4096x6144][8x4096x6144][8x4096x6144][8x4096x6144][8x4096x6144][8x4096x6144][8x4096x6144][8x4096x6144][8x4096x6144][8x4096x6144][8x4096x6144][8x4096x6144][8x4096x6144][8x4096x6144][8x4096x6144][8x4096x6144][8x4096x6144][8x4096x6144][8x4096x6144][8x4096x6144][8x4096x6144][8x4096x6144][8x4096x6144][8x4096x6144][8x4096x6144][8x4096x6144][8x4096x6144][8x4096x6144][8x4096x6144]',,tensorop,f32,128,128,128,4,4,1,1,1,1,5,4,1,1,128,128,32,100,110,6471811072,103095992320,15,3.42647,1759.05,30088.1
1,CUTLASS,grouped_gemm,cutlass3x_sm100_tensorop_gemm_grouped_e4m3_e4m3_f32_bf16_e4m3_128x128x128_4x4x1_0_tnt_align16_stream_k_1sm,passed,success,grouped,,,,,fe4m3:row,fe4m3:column,bf16:row,fe4m3:row,1,0,invalid,invalid,heuristic,1,false,'[8x4096x6144][8x4096x6144][8x4096x6144][8x4096x6144][8x4096x6144][8x4096x6144][8x4096x6144][8x4096x6144][8x4096x6144][8x4096x6144][8x4096x6144][8x4096x6144][8x4096x6144][8x4096x6144][8x4096x6144][8x4096x6144][8x4096x6144][8x4096x6144][8x4096x6144][8x4096x6144][8x4096x6144][8x4096x6144][8x4096x6144][8x4096x6144][8x4096x6144][8x4096x6144][8x4096x6144][8x4096x6144][8x4096x6144][8x4096x6144][8x4096x6144][8x4096x6144][8x4096x6144][8x4096x6144][8x4096x6144][8x4096x6144][8x4096x6144][8x4096x6144][8x4096x6144][8x4096x6144][8x4096x6144][8x4096x6144][8x4096x6144][8x4096x6144][8x4096x6144][8x4096x6144][8x4096x6144][8x4096x6144][8x4096x6144][8x4096x6144][8x4096x6144][8x4096x6144][8x4096x6144][8x4096x6144][8x4096x6144][8x4096x6144][8x4096x6144][8x4096x6144][8x4096x6144][8x4096x6144][8x4096x6144][8x4096x6144][8x4096x6144][8x4096x6144][8x4096x6144][8x4096x6144][8x4096x6144][8x4096x6144][8x4096x6144][8x4096x6144][8x4096x6144][8x4096x6144][8x4096x6144][8x4096x6144][8x4096x6144][8x4096x6144][8x4096x6144][8x4096x6144][8x4096x6144][8x4096x6144][8x4096x6144][8x4096x6144][8x4096x6144][8x4096x6144][8x4096x6144][8x4096x6144][8x4096x6144][8x4096x6144][8x4096x6144][8x4096x6144][8x4096x6144][8x4096x6144][8x4096x6144][8x4096x6144][8x4096x6144][8x4096x6144][8x4096x6144][8x4096x6144][8x4096x6144][8x4096x6144][8x4096x6144][8x4096x6144][8x4096x6144][8x4096x6144][8x4096x6144][8x4096x6144][8x4096x6144][8x4096x6144][8x4096x6144][8x4096x6144][8x4096x6144][8x4096x6144][8x4096x6144][8x4096x6144][8x4096x6144][8x4096x6144][8x4096x6144][8x4096x6144][8x4096x6144][8x4096x6144][8x4096x6144][8x4096x6144][8x4096x6144][8x4096x6144][8x4096x6144][8x4096x6144][8x4096x6144][8x4096x6144][8x4096x6144][8x4096x6144][8x4096x6144][8x4096x6144][8x4096x6144][8x4096x6144][8x4096x6144][8x4096x6144][8x4096x6144][8x4096x6144][8x4096x6144][8x4096x6144][8x4096x6144][8x4096x6144][8x4096x6144][8x4096x6144][8x4096x6144][8x4096x6144][8x4096x6144][8x4096x6144][8x4096x6144][8x4096x6144][8x4096x6144][8x4096x6144][8x4096x6144][8x4096x6144][8x4096x6144][8x4096x6144][8x4096x6144][8x4096x6144][8x4096x6144][8x4096x6144][8x4096x6144][8x4096x6144][8x4096x6144][8x4096x6144][8x4096x6144][8x4096x6144][8x4096x6144][8x4096x6144][8x4096x6144][8x4096x6144][8x4096x6144][8x4096x6144][8x4096x6144][8x4096x6144][8x4096x6144][8x4096x6144][8x4096x6144][8x4096x6144][8x4096x6144][8x4096x6144][8x4096x6144][8x4096x6144][8x4096x6144][8x4096x6144][8x4096x6144][8x4096x6144][8x4096x6144][8x4096x6144][8x4096x6144][8x4096x6144][8x4096x6144][8x4096x6144][8x4096x6144][8x4096x6144][8x4096x6144][8x4096x6144][8x4096x6144][8x4096x6144][8x4096x6144][8x4096x6144][8x4096x6144][8x4096x6144][8x4096x6144][8x4096x6144][8x4096x6144][8x4096x6144][8x4096x6144][8x4096x6144][8x4096x6144][8x4096x6144][8x4096x6144][8x4096x6144][8x4096x6144][8x4096x6144][8x4096x6144][8x4096x6144][8x4096x6144][8x4096x6144][8x4096x6144][8x4096x6144][8x4096x6144][8x4096x6144][8x4096x6144][8x4096x6144][8x4096x6144][8x4096x6144][8x4096x6144][8x4096x6144][8x4096x6144][8x4096x6144][8x4096x6144][8x4096x6144][8x4096x6144][8x4096x6144][8x4096x6144][8x4096x6144][8x4096x6144][8x4096x6144][8x4096x6144][8x4096x6144][8x4096x6144][8x4096x6144][8x4096x6144][8x4096x6144][8x4096x6144][8x4096x6144][8x4096x6144][8x4096x6144][8x4096x6144][8x4096x6144][8x4096x6144][8x4096x6144][8x4096x6144][8x4096x6144][8x4096x6144][8x4096x6144]',,tensorop,f32,128,128,128,4,4,1,1,1,1,5,4,1,1,128,128,32,100,110,6471811072,103095992320,15,3.427,1758.78,30083.4
1,CUTLASS,grouped_gemm,cutlass3x_sm100_tensorop_gemm_grouped_e4m3_e4m3_f32_bf16_e4m3_128x128x128_4x4x1_0_ttt_align16_1sm,passed,success,grouped,,,,,fe4m3:row,fe4m3:row,bf16:row,fe4m3:row,1,0,invalid,invalid,heuristic,1,false,'[8x4096x6144][8x4096x6144][8x4096x6144][8x4096x6144][8x4096x6144][8x4096x6144][8x4096x6144][8x4096x6144][8x4096x6144][8x4096x6144][8x4096x6144][8x4096x6144][8x4096x6144][8x4096x6144][8x4096x6144][8x4096x6144][8x4096x6144][8x4096x6144][8x4096x6144][8x4096x6144][8x4096x6144][8x4096x6144][8x4096x6144][8x4096x6144][8x4096x6144][8x4096x6144][8x4096x6144][8x4096x6144][8x4096x6144][8x4096x6144][8x4096x6144][8x4096x6144][8x4096x6144][8x4096x6144][8x4096x6144][8x4096x6144][8x4096x6144][8x4096x6144][8x4096x6144][8x4096x6144][8x4096x6144][8x4096x6144][8x4096x6144][8x4096x6144][8x4096x6144][8x4096x6144][8x4096x6144][8x4096x6144][8x4096x6144][8x4096x6144][8x4096x6144][8x4096x6144][8x4096x6144][8x4096x6144][8x4096x6144][8x4096x6144][8x4096x6144][8x4096x6144][8x4096x6144][8x4096x6144][8x4096x6144][8x4096x6144][8x4096x6144][8x4096x6144][8x4096x6144][8x4096x6144][8x4096x6144][8x4096x6144][8x4096x6144][8x4096x6144][8x4096x6144][8x4096x6144][8x4096x6144][8x4096x6144][8x4096x6144][8x4096x6144][8x4096x6144][8x4096x6144][8x4096x6144][8x4096x6144][8x4096x6144][8x4096x6144][8x4096x6144][8x4096x6144][8x4096x6144][8x4096x6144][8x4096x6144][8x4096x6144][8x4096x6144][8x4096x6144][8x4096x6144][8x4096x6144][8x4096x6144][8x4096x6144][8x4096x6144][8x4096x6144][8x4096x6144][8x4096x6144][8x4096x6144][8x4096x6144][8x4096x6144][8x4096x6144][8x4096x6144][8x4096x6144][8x4096x6144][8x4096x6144][8x4096x6144][8x4096x6144][8x4096x6144][8x4096x6144][8x4096x6144][8x4096x6144][8x4096x6144][8x4096x6144][8x4096x6144][8x4096x6144][8x4096x6144][8x4096x6144][8x4096x6144][8x4096x6144][8x4096x6144][8x4096x6144][8x4096x6144][8x4096x6144][8x4096x6144][8x4096x6144][8x4096x6144][8x4096x6144][8x4096x6144][8x4096x6144][8x4096x6144][8x4096x6144][8x4096x6144][8x4096x6144][8x4096x6144][8x4096x6144][8x4096x6144][8x4096x6144][8x4096x6144][8x4096x6144][8x4096x6144][8x4096x6144][8x4096x6144][8x4096x6144][8x4096x6144][8x4096x6144][8x4096x6144][8x4096x6144][8x4096x6144][8x4096x6144][8x4096x6144][8x4096x6144][8x4096x6144][8x4096x6144][8x4096x6144][8x4096x6144][8x4096x6144][8x4096x6144][8x4096x6144][8x4096x6144][8x4096x6144][8x4096x6144][8x4096x6144][8x4096x6144][8x4096x6144][8x4096x6144][8x4096x6144][8x4096x6144][8x4096x6144][8x4096x6144][8x4096x6144][8x4096x6144][8x4096x6144][8x4096x6144][8x4096x6144][8x4096x6144][8x4096x6144][8x4096x6144][8x4096x6144][8x4096x6144][8x4096x6144][8x4096x6144][8x4096x6144][8x4096x6144][8x4096x6144][8x4096x6144][8x4096x6144][8x4096x6144][8x4096x6144][8x4096x6144][8x4096x6144][8x4096x6144][8x4096x6144][8x4096x6144][8x4096x6144][8x4096x6144][8x4096x6144][8x4096x6144][8x4096x6144][8x4096x6144][8x4096x6144][8x4096x6144][8x4096x6144][8x4096x6144][8x4096x6144][8x4096x6144][8x4096x6144][8x4096x6144][8x4096x6144][8x4096x6144][8x4096x6144][8x4096x6144][8x4096x6144][8x4096x6144][8x4096x6144][8x4096x6144][8x4096x6144][8x4096x6144][8x4096x6144][8x4096x6144][8x4096x6144][8x4096x6144][8x4096x6144][8x4096x6144][8x4096x6144][8x4096x6144][8x4096x6144][8x4096x6144][8x4096x6144][8x4096x6144][8x4096x6144][8x4096x6144][8x4096x6144][8x4096x6144][8x4096x6144][8x4096x6144][8x4096x6144][8x4096x6144][8x4096x6144][8x4096x6144][8x4096x6144][8x4096x6144][8x4096x6144][8x4096x6144][8x4096x6144][8x4096x6144][8x4096x6144][8x4096x6144][8x4096x6144][8x4096x6144][8x4096x6144][8x4096x6144][8x4096x6144][8x4096x6144][8x4096x6144][8x4096x6144]',,tensorop,f32,128,128,128,4,4,1,1,1,1,5,4,1,1,128,128,32,100,110,6471811072,103095992320,15,3.29722,1828.01,31267.5
1,CUTLASS,grouped_gemm,cutlass3x_sm100_tensorop_gemm_grouped_e4m3_e4m3_f32_bf16_e4m3_128x128x128_4x4x1_0_ttt_align16_stream_k_1sm,passed,success,grouped,,,,,fe4m3:row,fe4m3:row,bf16:row,fe4m3:row,1,0,invalid,invalid,heuristic,1,false,'[8x4096x6144][8x4096x6144][8x4096x6144][8x4096x6144][8x4096x6144][8x4096x6144][8x4096x6144][8x4096x6144][8x4096x6144][8x4096x6144][8x4096x6144][8x4096x6144][8x4096x6144][8x4096x6144][8x4096x6144][8x4096x6144][8x4096x6144][8x4096x6144][8x4096x6144][8x4096x6144][8x4096x6144][8x4096x6144][8x4096x6144][8x4096x6144][8x4096x6144][8x4096x6144][8x4096x6144][8x4096x6144][8x4096x6144][8x4096x6144][8x4096x6144][8x4096x6144][8x4096x6144][8x4096x6144][8x4096x6144][8x4096x6144][8x4096x6144][8x4096x6144][8x4096x6144][8x4096x6144][8x4096x6144][8x4096x6144][8x4096x6144][8x4096x6144][8x4096x6144][8x4096x6144][8x4096x6144][8x4096x6144][8x4096x6144][8x4096x6144][8x4096x6144][8x4096x6144][8x4096x6144][8x4096x6144][8x4096x6144][8x4096x6144][8x4096x6144][8x4096x6144][8x4096x6144][8x4096x6144][8x4096x6144][8x4096x6144][8x4096x6144][8x4096x6144][8x4096x6144][8x4096x6144][8x4096x6144][8x4096x6144][8x4096x6144][8x4096x6144][8x4096x6144][8x4096x6144][8x4096x6144][8x4096x6144][8x4096x6144][8x4096x6144][8x4096x6144][8x4096x6144][8x4096x6144][8x4096x6144][8x4096x6144][8x4096x6144][8x4096x6144][8x4096x6144][8x4096x6144][8x4096x6144][8x4096x6144][8x4096x6144][8x4096x6144][8x4096x6144][8x4096x6144][8x4096x6144][8x4096x6144][8x4096x6144][8x4096x6144][8x4096x6144][8x4096x6144][8x4096x6144][8x4096x6144][8x4096x6144][8x4096x6144][8x4096x6144][8x4096x6144][8x4096x6144][8x4096x6144][8x4096x6144][8x4096x6144][8x4096x6144][8x4096x6144][8x4096x6144][8x4096x6144][8x4096x6144][8x4096x6144][8x4096x6144][8x4096x6144][8x4096x6144][8x4096x6144][8x4096x6144][8x4096x6144][8x4096x6144][8x4096x6144][8x4096x6144][8x4096x6144][8x4096x6144][8x4096x6144][8x4096x6144][8x4096x6144][8x4096x6144][8x4096x6144][8x4096x6144][8x4096x6144][8x4096x6144][8x4096x6144][8x4096x6144][8x4096x6144][8x4096x6144][8x4096x6144][8x4096x6144][8x4096x6144][8x4096x6144][8x4096x6144][8x4096x6144][8x4096x6144][8x4096x6144][8x4096x6144][8x4096x6144][8x4096x6144][8x4096x6144][8x4096x6144][8x4096x6144][8x4096x6144][8x4096x6144][8x4096x6144][8x4096x6144][8x4096x6144][8x4096x6144][8x4096x6144][8x4096x6144][8x4096x6144][8x4096x6144][8x4096x6144][8x4096x6144][8x4096x6144][8x4096x6144][8x4096x6144][8x4096x6144][8x4096x6144][8x4096x6144][8x4096x6144][8x4096x6144][8x4096x6144][8x4096x6144][8x4096x6144][8x4096x6144][8x4096x6144][8x4096x6144][8x4096x6144][8x4096x6144][8x4096x6144][8x4096x6144][8x4096x6144][8x4096x6144][8x4096x6144][8x4096x6144][8x4096x6144][8x4096x6144][8x4096x6144][8x4096x6144][8x4096x6144][8x4096x6144][8x4096x6144][8x4096x6144][8x4096x6144][8x4096x6144][8x4096x6144][8x4096x6144][8x4096x6144][8x4096x6144][8x4096x6144][8x4096x6144][8x4096x6144][8x4096x6144][8x4096x6144][8x4096x6144][8x4096x6144][8x4096x6144][8x4096x6144][8x4096x6144][8x4096x6144][8x4096x6144][8x4096x6144][8x4096x6144][8x4096x6144][8x4096x6144][8x4096x6144][8x4096x6144][8x4096x6144][8x4096x6144][8x4096x6144][8x4096x6144][8x4096x6144][8x4096x6144][8x4096x6144][8x4096x6144][8x4096x6144][8x4096x6144][8x4096x6144][8x4096x6144][8x4096x6144][8x4096x6144][8x4096x6144][8x4096x6144][8x4096x6144][8x4096x6144][8x4096x6144][8x4096x6144][8x4096x6144][8x4096x6144][8x4096x6144][8x4096x6144][8x4096x6144][8x4096x6144][8x4096x6144][8x4096x6144][8x4096x6144][8x4096x6144][8x4096x6144][8x4096x6144][8x4096x6144][8x4096x6144][8x4096x6144][8x4096x6144][8x4096x6144][8x4096x6144][8x4096x6144][8x4096x6144]',,tensorop,f32,128,128,128,4,4,1,1,1,1,5,4,1,1,128,128,32,100,110,6471811072,103095992320,15,3.29679,1828.24,31271.6
1,CUTLASS,grouped_gemm,cutlass3x_sm100_tensorop_gemm_grouped_e4m3_e4m3_f32_bf16_e4m3_128x256x128_0x0x1_0_tnt_align16_1sm,passed,success,grouped,,,,,fe4m3:row,fe4m3:column,bf16:row,fe4m3:row,1,0,invalid,invalid,heuristic,1,false,'[8x4096x6144][8x4096x6144][8x4096x6144][8x4096x6144][8x4096x6144][8x4096x6144][8x4096x6144][8x4096x6144][8x4096x6144][8x4096x6144][8x4096x6144][8x4096x6144][8x4096x6144][8x4096x6144][8x4096x6144][8x4096x6144][8x4096x6144][8x4096x6144][8x4096x6144][8x4096x6144][8x4096x6144][8x4096x6144][8x4096x6144][8x4096x6144][8x4096x6144][8x4096x6144][8x4096x6144][8x4096x6144][8x4096x6144][8x4096x6144][8x4096x6144][8x4096x6144][8x4096x6144][8x4096x6144][8x4096x6144][8x4096x6144][8x4096x6144][8x4096x6144][8x4096x6144][8x4096x6144][8x4096x6144][8x4096x6144][8x4096x6144][8x4096x6144][8x4096x6144][8x4096x6144][8x4096x6144][8x4096x6144][8x4096x6144][8x4096x6144][8x4096x6144][8x4096x6144][8x4096x6144][8x4096x6144][8x4096x6144][8x4096x6144][8x4096x6144][8x4096x6144][8x4096x6144][8x4096x6144][8x4096x6144][8x4096x6144][8x4096x6144][8x4096x6144][8x4096x6144][8x4096x6144][8x4096x6144][8x4096x6144][8x4096x6144][8x4096x6144][8x4096x6144][8x4096x6144][8x4096x6144][8x4096x6144][8x4096x6144][8x4096x6144][8x4096x6144][8x4096x6144][8x4096x6144][8x4096x6144][8x4096x6144][8x4096x6144][8x4096x6144][8x4096x6144][8x4096x6144][8x4096x6144][8x4096x6144][8x4096x6144][8x4096x6144][8x4096x6144][8x4096x6144][8x4096x6144][8x4096x6144][8x4096x6144][8x4096x6144][8x4096x6144][8x4096x6144][8x4096x6144][8x4096x6144][8x4096x6144][8x4096x6144][8x4096x6144][8x4096x6144][8x4096x6144][8x4096x6144][8x4096x6144][8x4096x6144][8x4096x6144][8x4096x6144][8x4096x6144][8x4096x6144][8x4096x6144][8x4096x6144][8x4096x6144][8x4096x6144][8x4096x6144][8x4096x6144][8x4096x6144][8x4096x6144][8x4096x6144][8x4096x6144][8x4096x6144][8x4096x6144][8x4096x6144][8x4096x6144][8x4096x6144][8x4096x6144][8x4096x6144][8x4096x6144][8x4096x6144][8x4096x6144][8x4096x6144][8x4096x6144][8x4096x6144][8x4096x6144][8x4096x6144][8x4096x6144][8x4096x6144][8x4096x6144][8x4096x6144][8x4096x6144][8x4096x6144][8x4096x6144][8x4096x6144][8x4096x6144][8x4096x6144][8x4096x6144][8x4096x6144][8x4096x6144][8x4096x6144][8x4096x6144][8x4096x6144][8x4096x6144][8x4096x6144][8x4096x6144][8x4096x6144][8x4096x6144][8x4096x6144][8x4096x6144][8x4096x6144][8x4096x6144][8x4096x6144][8x4096x6144][8x4096x6144][8x4096x6144][8x4096x6144][8x4096x6144][8x4096x6144][8x4096x6144][8x4096x6144][8x4096x6144][8x4096x6144][8x4096x6144][8x4096x6144][8x4096x6144][8x4096x6144][8x4096x6144][8x4096x6144][8x4096x6144][8x4096x6144][8x4096x6144][8x4096x6144][8x4096x6144][8x4096x6144][8x4096x6144][8x4096x6144][8x4096x6144][8x4096x6144][8x4096x6144][8x4096x6144][8x4096x6144][8x4096x6144][8x4096x6144][8x4096x6144][8x4096x6144][8x4096x6144][8x4096x6144][8x4096x6144][8x4096x6144][8x4096x6144][8x4096x6144][8x4096x6144][8x4096x6144][8x4096x6144][8x4096x6144][8x4096x6144][8x4096x6144][8x4096x6144][8x4096x6144][8x4096x6144][8x4096x6144][8x4096x6144][8x4096x6144][8x4096x6144][8x4096x6144][8x4096x6144][8x4096x6144][8x4096x6144][8x4096x6144][8x4096x6144][8x4096x6144][8x4096x6144][8x4096x6144][8x4096x6144][8x4096x6144][8x4096x6144][8x4096x6144][8x4096x6144][8x4096x6144][8x4096x6144][8x4096x6144][8x4096x6144][8x4096x6144][8x4096x6144][8x4096x6144][8x4096x6144][8x4096x6144][8x4096x6144][8x4096x6144][8x4096x6144][8x4096x6144][8x4096x6144][8x4096x6144][8x4096x6144][8x4096x6144][8x4096x6144][8x4096x6144][8x4096x6144][8x4096x6144][8x4096x6144][8x4096x6144][8x4096x6144][8x4096x6144][8x4096x6144][8x4096x6144][8x4096x6144]',,tensorop,f32,128,256,128,1,1,1,1,1,1,3,4,1,1,128,256,32,100,110,6471811072,103095992320,15,1.00056,6023.94,103038
1,CUTLASS,grouped_gemm,cutlass3x_sm100_tensorop_gemm_grouped_e4m3_e4m3_f32_bf16_e4m3_128x256x128_0x0x1_0_tnt_align16_stream_k_1sm,passed,success,grouped,,,,,fe4m3:row,fe4m3:column,bf16:row,fe4m3:row,1,0,invalid,invalid,heuristic,1,false,'[8x4096x6144][8x4096x6144][8x4096x6144][8x4096x6144][8x4096x6144][8x4096x6144][8x4096x6144][8x4096x6144][8x4096x6144][8x4096x6144][8x4096x6144][8x4096x6144][8x4096x6144][8x4096x6144][8x4096x6144][8x4096x6144][8x4096x6144][8x4096x6144][8x4096x6144][8x4096x6144][8x4096x6144][8x4096x6144][8x4096x6144][8x4096x6144][8x4096x6144][8x4096x6144][8x4096x6144][8x4096x6144][8x4096x6144][8x4096x6144][8x4096x6144][8x4096x6144][8x4096x6144][8x4096x6144][8x4096x6144][8x4096x6144][8x4096x6144][8x4096x6144][8x4096x6144][8x4096x6144][8x4096x6144][8x4096x6144][8x4096x6144][8x4096x6144][8x4096x6144][8x4096x6144][8x4096x6144][8x4096x6144][8x4096x6144][8x4096x6144][8x4096x6144][8x4096x6144][8x4096x6144][8x4096x6144][8x4096x6144][8x4096x6144][8x4096x6144][8x4096x6144][8x4096x6144][8x4096x6144][8x4096x6144][8x4096x6144][8x4096x6144][8x4096x6144][8x4096x6144][8x4096x6144][8x4096x6144][8x4096x6144][8x4096x6144][8x4096x6144][8x4096x6144][8x4096x6144][8x4096x6144][8x4096x6144][8x4096x6144][8x4096x6144][8x4096x6144][8x4096x6144][8x4096x6144][8x4096x6144][8x4096x6144][8x4096x6144][8x4096x6144][8x4096x6144][8x4096x6144][8x4096x6144][8x4096x6144][8x4096x6144][8x4096x6144][8x4096x6144][8x4096x6144][8x4096x6144][8x4096x6144][8x4096x6144][8x4096x6144][8x4096x6144][8x4096x6144][8x4096x6144][8x4096x6144][8x4096x6144][8x4096x6144][8x4096x6144][8x4096x6144][8x4096x6144][8x4096x6144][8x4096x6144][8x4096x6144][8x4096x6144][8x4096x6144][8x4096x6144][8x4096x6144][8x4096x6144][8x4096x6144][8x4096x6144][8x4096x6144][8x4096x6144][8x4096x6144][8x4096x6144][8x4096x6144][8x4096x6144][8x4096x6144][8x4096x6144][8x4096x6144][8x4096x6144][8x4096x6144][8x4096x6144][8x4096x6144][8x4096x6144][8x4096x6144][8x4096x6144][8x4096x6144][8x4096x6144][8x4096x6144][8x4096x6144][8x4096x6144][8x4096x6144][8x4096x6144][8x4096x6144][8x4096x6144][8x4096x6144][8x4096x6144][8x4096x6144][8x4096x6144][8x4096x6144][8x4096x6144][8x4096x6144][8x4096x6144][8x4096x6144][8x4096x6144][8x4096x6144][8x4096x6144][8x4096x6144][8x4096x6144][8x4096x6144][8x4096x6144][8x4096x6144][8x4096x6144][8x4096x6144][8x4096x6144][8x4096x6144][8x4096x6144][8x4096x6144][8x4096x6144][8x4096x6144][8x4096x6144][8x4096x6144][8x4096x6144][8x4096x6144][8x4096x6144][8x4096x6144][8x4096x6144][8x4096x6144][8x4096x6144][8x4096x6144][8x4096x6144][8x4096x6144][8x4096x6144][8x4096x6144][8x4096x6144][8x4096x6144][8x4096x6144][8x4096x6144][8x4096x6144][8x4096x6144][8x4096x6144][8x4096x6144][8x4096x6144][8x4096x6144][8x4096x6144][8x4096x6144][8x4096x6144][8x4096x6144][8x4096x6144][8x4096x6144][8x4096x6144][8x4096x6144][8x4096x6144][8x4096x6144][8x4096x6144][8x4096x6144][8x4096x6144][8x4096x6144][8x4096x6144][8x4096x6144][8x4096x6144][8x4096x6144][8x4096x6144][8x4096x6144][8x4096x6144][8x4096x6144][8x4096x6144][8x4096x6144][8x4096x6144][8x4096x6144][8x4096x6144][8x4096x6144][8x4096x6144][8x4096x6144][8x4096x6144][8x4096x6144][8x4096x6144][8x4096x6144][8x4096x6144][8x4096x6144][8x4096x6144][8x4096x6144][8x4096x6144][8x4096x6144][8x4096x6144][8x4096x6144][8x4096x6144][8x4096x6144][8x4096x6144][8x4096x6144][8x4096x6144][8x4096x6144][8x4096x6144][8x4096x6144][8x4096x6144][8x4096x6144][8x4096x6144][8x4096x6144][8x4096x6144][8x4096x6144][8x4096x6144][8x4096x6144][8x4096x6144][8x4096x6144][8x4096x6144][8x4096x6144][8x4096x6144][8x4096x6144][8x4096x6144][8x4096x6144][8x4096x6144][8x4096x6144]',,tensorop,f32,128,256,128,1,1,1,1,1,1,3,4,1,1,128,256,32,100,110,6471811072,103095992320,15,0.999776,6028.69,103119
1,CUTLASS,grouped_gemm,cutlass3x_sm100_tensorop_gemm_grouped_e4m3_e4m3_f32_bf16_e4m3_128x256x128_0x0x1_0_ttt_align16_1sm,passed,success,grouped,,,,,fe4m3:row,fe4m3:row,bf16:row,fe4m3:row,1,0,invalid,invalid,heuristic,1,false,'[8x4096x6144][8x4096x6144][8x4096x6144][8x4096x6144][8x4096x6144][8x4096x6144][8x4096x6144][8x4096x6144][8x4096x6144][8x4096x6144][8x4096x6144][8x4096x6144][8x4096x6144][8x4096x6144][8x4096x6144][8x4096x6144][8x4096x6144][8x4096x6144][8x4096x6144][8x4096x6144][8x4096x6144][8x4096x6144][8x4096x6144][8x4096x6144][8x4096x6144][8x4096x6144][8x4096x6144][8x4096x6144][8x4096x6144][8x4096x6144][8x4096x6144][8x4096x6144][8x4096x6144][8x4096x6144][8x4096x6144][8x4096x6144][8x4096x6144][8x4096x6144][8x4096x6144][8x4096x6144][8x4096x6144][8x4096x6144][8x4096x6144][8x4096x6144][8x4096x6144][8x4096x6144][8x4096x6144][8x4096x6144][8x4096x6144][8x4096x6144][8x4096x6144][8x4096x6144][8x4096x6144][8x4096x6144][8x4096x6144][8x4096x6144][8x4096x6144][8x4096x6144][8x4096x6144][8x4096x6144][8x4096x6144][8x4096x6144][8x4096x6144][8x4096x6144][8x4096x6144][8x4096x6144][8x4096x6144][8x4096x6144][8x4096x6144][8x4096x6144][8x4096x6144][8x4096x6144][8x4096x6144][8x4096x6144][8x4096x6144][8x4096x6144][8x4096x6144][8x4096x6144][8x4096x6144][8x4096x6144][8x4096x6144][8x4096x6144][8x4096x6144][8x4096x6144][8x4096x6144][8x4096x6144][8x4096x6144][8x4096x6144][8x4096x6144][8x4096x6144][8x4096x6144][8x4096x6144][8x4096x6144][8x4096x6144][8x4096x6144][8x4096x6144][8x4096x6144][8x4096x6144][8x4096x6144][8x4096x6144][8x4096x6144][8x4096x6144][8x4096x6144][8x4096x6144][8x4096x6144][8x4096x6144][8x4096x6144][8x4096x6144][8x4096x6144][8x4096x6144][8x4096x6144][8x4096x6144][8x4096x6144][8x4096x6144][8x4096x6144][8x4096x6144][8x4096x6144][8x4096x6144][8x4096x6144][8x4096x6144][8x4096x6144][8x4096x6144][8x4096x6144][8x4096x6144][8x4096x6144][8x4096x6144][8x4096x6144][8x4096x6144][8x4096x6144][8x4096x6144][8x4096x6144][8x4096x6144][8x4096x6144][8x4096x6144][8x4096x6144][8x4096x6144][8x4096x6144][8x4096x6144][8x4096x6144][8x4096x6144][8x4096x6144][8x4096x6144][8x4096x6144][8x4096x6144][8x4096x6144][8x4096x6144][8x4096x6144][8x4096x6144][8x4096x6144][8x4096x6144][8x4096x6144][8x4096x6144][8x4096x6144][8x4096x6144][8x4096x6144][8x4096x6144][8x4096x6144][8x4096x6144][8x4096x6144][8x4096x6144][8x4096x6144][8x4096x6144][8x4096x6144][8x4096x6144][8x4096x6144][8x4096x6144][8x4096x6144][8x4096x6144][8x4096x6144][8x4096x6144][8x4096x6144][8x4096x6144][8x4096x6144][8x4096x6144][8x4096x6144][8x4096x6144][8x4096x6144][8x4096x6144][8x4096x6144][8x4096x6144][8x4096x6144][8x4096x6144][8x4096x6144][8x4096x6144][8x4096x6144][8x4096x6144][8x4096x6144][8x4096x6144][8x4096x6144][8x4096x6144][8x4096x6144][8x4096x6144][8x4096x6144][8x4096x6144][8x4096x6144][8x4096x6144][8x4096x6144][8x4096x6144][8x4096x6144][8x4096x6144][8x4096x6144][8x4096x6144][8x4096x6144][8x4096x6144][8x4096x6144][8x4096x6144][8x4096x6144][8x4096x6144][8x4096x6144][8x4096x6144][8x4096x6144][8x4096x6144][8x4096x6144][8x4096x6144][8x4096x6144][8x4096x6144][8x4096x6144][8x4096x6144][8x4096x6144][8x4096x6144][8x4096x6144][8x4096x6144][8x4096x6144][8x4096x6144][8x4096x6144][8x4096x6144][8x4096x6144][8x4096x6144][8x4096x6144][8x4096x6144][8x4096x6144][8x4096x6144][8x4096x6144][8x4096x6144][8x4096x6144][8x4096x6144][8x4096x6144][8x4096x6144][8x4096x6144][8x4096x6144][8x4096x6144][8x4096x6144][8x4096x6144][8x4096x6144][8x4096x6144][8x4096x6144][8x4096x6144][8x4096x6144][8x4096x6144][8x4096x6144][8x4096x6144][8x4096x6144][8x4096x6144][8x4096x6144][8x4096x6144][8x4096x6144]',,tensorop,f32,128,256,128,1,1,1,1,1,1,3,4,1,1,128,256,32,100,110,6471811072,103095992320,15,0.910361,6620.83,113247
1,CUTLASS,grouped_gemm,cutlass3x_sm100_tensorop_gemm_grouped_e4m3_e4m3_f32_bf16_e4m3_128x256x128_0x0x1_0_ttt_align16_stream_k_1sm,passed,success,grouped,,,,,fe4m3:row,fe4m3:row,bf16:row,fe4m3:row,1,0,invalid,invalid,heuristic,1,false,'[8x4096x6144][8x4096x6144][8x4096x6144][8x4096x6144][8x4096x6144][8x4096x6144][8x4096x6144][8x4096x6144][8x4096x6144][8x4096x6144][8x4096x6144][8x4096x6144][8x4096x6144][8x4096x6144][8x4096x6144][8x4096x6144][8x4096x6144][8x4096x6144][8x4096x6144][8x4096x6144][8x4096x6144][8x4096x6144][8x4096x6144][8x4096x6144][8x4096x6144][8x4096x6144][8x4096x6144][8x4096x6144][8x4096x6144][8x4096x6144][8x4096x6144][8x4096x6144][8x4096x6144][8x4096x6144][8x4096x6144][8x4096x6144][8x4096x6144][8x4096x6144][8x4096x6144][8x4096x6144][8x4096x6144][8x4096x6144][8x4096x6144][8x4096x6144][8x4096x6144][8x4096x6144][8x4096x6144][8x4096x6144][8x4096x6144][8x4096x6144][8x4096x6144][8x4096x6144][8x4096x6144][8x4096x6144][8x4096x6144][8x4096x6144][8x4096x6144][8x4096x6144][8x4096x6144][8x4096x6144][8x4096x6144][8x4096x6144][8x4096x6144][8x4096x6144][8x4096x6144][8x4096x6144][8x4096x6144][8x4096x6144][8x4096x6144][8x4096x6144][8x4096x6144][8x4096x6144][8x4096x6144][8x4096x6144][8x4096x6144][8x4096x6144][8x4096x6144][8x4096x6144][8x4096x6144][8x4096x6144][8x4096x6144][8x4096x6144][8x4096x6144][8x4096x6144][8x4096x6144][8x4096x6144][8x4096x6144][8x4096x6144][8x4096x6144][8x4096x6144][8x4096x6144][8x4096x6144][8x4096x6144][8x4096x6144][8x4096x6144][8x4096x6144][8x4096x6144][8x4096x6144][8x4096x6144][8x4096x6144][8x4096x6144][8x4096x6144][8x4096x6144][8x4096x6144][8x4096x6144][8x4096x6144][8x4096x6144][8x4096x6144][8x4096x6144][8x4096x6144][8x4096x6144][8x4096x6144][8x4096x6144][8x4096x6144][8x4096x6144][8x4096x6144][8x4096x6144][8x4096x6144][8x4096x6144][8x4096x6144][8x4096x6144][8x4096x6144][8x4096x6144][8x4096x6144][8x4096x6144][8x4096x6144][8x4096x6144][8x4096x6144][8x4096x6144][8x4096x6144][8x4096x6144][8x4096x6144][8x4096x6144][8x4096x6144][8x4096x6144][8x4096x6144][8x4096x6144][8x4096x6144][8x4096x6144][8x4096x6144][8x4096x6144][8x4096x6144][8x4096x6144][8x4096x6144][8x4096x6144][8x4096x6144][8x4096x6144][8x4096x6144][8x4096x6144][8x4096x6144][8x4096x6144][8x4096x6144][8x4096x6144][8x4096x6144][8x4096x6144][8x4096x6144][8x4096x6144][8x4096x6144][8x4096x6144][8x4096x6144][8x4096x6144][8x4096x6144][8x4096x6144][8x4096x6144][8x4096x6144][8x4096x6144][8x4096x6144][8x4096x6144][8x4096x6144][8x4096x6144][8x4096x6144][8x4096x6144][8x4096x6144][8x4096x6144][8x4096x6144][8x4096x6144][8x4096x6144][8x4096x6144][8x4096x6144][8x4096x6144][8x4096x6144][8x4096x6144][8x4096x6144][8x4096x6144][8x4096x6144][8x4096x6144][8x4096x6144][8x4096x6144][8x4096x6144][8x4096x6144][8x4096x6144][8x4096x6144][8x4096x6144][8x4096x6144][8x4096x6144][8x4096x6144][8x4096x6144][8x4096x6144][8x4096x6144][8x4096x6144][8x4096x6144][8x4096x6144][8x4096x6144][8x4096x6144][8x4096x6144][8x4096x6144][8x4096x6144][8x4096x6144][8x4096x6144][8x4096x6144][8x4096x6144][8x4096x6144][8x4096x6144][8x4096x6144][8x4096x6144][8x4096x6144][8x4096x6144][8x4096x6144][8x4096x6144][8x4096x6144][8x4096x6144][8x4096x6144][8x4096x6144][8x4096x6144][8x4096x6144][8x4096x6144][8x4096x6144][8x4096x6144][8x4096x6144][8x4096x6144][8x4096x6144][8x4096x6144][8x4096x6144][8x4096x6144][8x4096x6144][8x4096x6144][8x4096x6144][8x4096x6144][8x4096x6144][8x4096x6144][8x4096x6144][8x4096x6144][8x4096x6144][8x4096x6144][8x4096x6144][8x4096x6144][8x4096x6144][8x4096x6144][8x4096x6144][8x4096x6144][8x4096x6144][8x4096x6144][8x4096x6144][8x4096x6144][8x4096x6144][8x4096x6144]',,tensorop,f32,128,256,128,1,1,1,1,1,1,3,4,1,1,128,256,32,100,110,6471811072,103095992320,15,0.914099,6593.76,112784
1,CUTLASS,grouped_gemm,cutlass3x_sm100_tensorop_gemm_grouped_e4m3_e4m3_f32_bf16_e4m3_128x256x128_1x1x1_0_tnt_align16_1sm,passed,success,grouped,,,,,fe4m3:row,fe4m3:column,bf16:row,fe4m3:row,1,0,invalid,invalid,heuristic,1,false,'[8x4096x6144][8x4096x6144][8x4096x6144][8x4096x6144][8x4096x6144][8x4096x6144][8x4096x6144][8x4096x6144][8x4096x6144][8x4096x6144][8x4096x6144][8x4096x6144][8x4096x6144][8x4096x6144][8x4096x6144][8x4096x6144][8x4096x6144][8x4096x6144][8x4096x6144][8x4096x6144][8x4096x6144][8x4096x6144][8x4096x6144][8x4096x6144][8x4096x6144][8x4096x6144][8x4096x6144][8x4096x6144][8x4096x6144][8x4096x6144][8x4096x6144][8x4096x6144][8x4096x6144][8x4096x6144][8x4096x6144][8x4096x6144][8x4096x6144][8x4096x6144][8x4096x6144][8x4096x6144][8x4096x6144][8x4096x6144][8x4096x6144][8x4096x6144][8x4096x6144][8x4096x6144][8x4096x6144][8x4096x6144][8x4096x6144][8x4096x6144][8x4096x6144][8x4096x6144][8x4096x6144][8x4096x6144][8x4096x6144][8x4096x6144][8x4096x6144][8x4096x6144][8x4096x6144][8x4096x6144][8x4096x6144][8x4096x6144][8x4096x6144][8x4096x6144][8x4096x6144][8x4096x6144][8x4096x6144][8x4096x6144][8x4096x6144][8x4096x6144][8x4096x6144][8x4096x6144][8x4096x6144][8x4096x6144][8x4096x6144][8x4096x6144][8x4096x6144][8x4096x6144][8x4096x6144][8x4096x6144][8x4096x6144][8x4096x6144][8x4096x6144][8x4096x6144][8x4096x6144][8x4096x6144][8x4096x6144][8x4096x6144][8x4096x6144][8x4096x6144][8x4096x6144][8x4096x6144][8x4096x6144][8x4096x6144][8x4096x6144][8x4096x6144][8x4096x6144][8x4096x6144][8x4096x6144][8x4096x6144][8x4096x6144][8x4096x6144][8x4096x6144][8x4096x6144][8x4096x6144][8x4096x6144][8x4096x6144][8x4096x6144][8x4096x6144][8x4096x6144][8x4096x6144][8x4096x6144][8x4096x6144][8x4096x6144][8x4096x6144][8x4096x6144][8x4096x6144][8x4096x6144][8x4096x6144][8x4096x6144][8x4096x6144][8x4096x6144][8x4096x6144][8x4096x6144][8x4096x6144][8x4096x6144][8x4096x6144][8x4096x6144][8x4096x6144][8x4096x6144][8x4096x6144][8x4096x6144][8x4096x6144][8x4096x6144][8x4096x6144][8x4096x6144][8x4096x6144][8x4096x6144][8x4096x6144][8x4096x6144][8x4096x6144][8x4096x6144][8x4096x6144][8x4096x6144][8x4096x6144][8x4096x6144][8x4096x6144][8x4096x6144][8x4096x6144][8x4096x6144][8x4096x6144][8x4096x6144][8x4096x6144][8x4096x6144][8x4096x6144][8x4096x6144][8x4096x6144][8x4096x6144][8x4096x6144][8x4096x6144][8x4096x6144][8x4096x6144][8x4096x6144][8x4096x6144][8x4096x6144][8x4096x6144][8x4096x6144][8x4096x6144][8x4096x6144][8x4096x6144][8x4096x6144][8x4096x6144][8x4096x6144][8x4096x6144][8x4096x6144][8x4096x6144][8x4096x6144][8x4096x6144][8x4096x6144][8x4096x6144][8x4096x6144][8x4096x6144][8x4096x6144][8x4096x6144][8x4096x6144][8x4096x6144][8x4096x6144][8x4096x6144][8x4096x6144][8x4096x6144][8x4096x6144][8x4096x6144][8x4096x6144][8x4096x6144][8x4096x6144][8x4096x6144][8x4096x6144][8x4096x6144][8x4096x6144][8x4096x6144][8x4096x6144][8x4096x6144][8x4096x6144][8x4096x6144][8x4096x6144][8x4096x6144][8x4096x6144][8x4096x6144][8x4096x6144][8x4096x6144][8x4096x6144][8x4096x6144][8x4096x6144][8x4096x6144][8x4096x6144][8x4096x6144][8x4096x6144][8x4096x6144][8x4096x6144][8x4096x6144][8x4096x6144][8x4096x6144][8x4096x6144][8x4096x6144][8x4096x6144][8x4096x6144][8x4096x6144][8x4096x6144][8x4096x6144][8x4096x6144][8x4096x6144][8x4096x6144][8x4096x6144][8x4096x6144][8x4096x6144][8x4096x6144][8x4096x6144][8x4096x6144][8x4096x6144][8x4096x6144][8x4096x6144][8x4096x6144][8x4096x6144][8x4096x6144][8x4096x6144][8x4096x6144][8x4096x6144][8x4096x6144][8x4096x6144][8x4096x6144][8x4096x6144][8x4096x6144][8x4096x6144][8x4096x6144][8x4096x6144][8x4096x6144]',,tensorop,f32,128,256,128,1,1,1,1,1,1,3,4,1,1,128,256,32,100,110,6471811072,103095992320,15,1.00973,5969.27,102103
1,CUTLASS,grouped_gemm,cutlass3x_sm100_tensorop_gemm_grouped_e4m3_e4m3_f32_bf16_e4m3_128x256x128_1x1x1_0_tnt_align16_stream_k_1sm,passed,success,grouped,,,,,fe4m3:row,fe4m3:column,bf16:row,fe4m3:row,1,0,invalid,invalid,heuristic,1,false,'[8x4096x6144][8x4096x6144][8x4096x6144][8x4096x6144][8x4096x6144][8x4096x6144][8x4096x6144][8x4096x6144][8x4096x6144][8x4096x6144][8x4096x6144][8x4096x6144][8x4096x6144][8x4096x6144][8x4096x6144][8x4096x6144][8x4096x6144][8x4096x6144][8x4096x6144][8x4096x6144][8x4096x6144][8x4096x6144][8x4096x6144][8x4096x6144][8x4096x6144][8x4096x6144][8x4096x6144][8x4096x6144][8x4096x6144][8x4096x6144][8x4096x6144][8x4096x6144][8x4096x6144][8x4096x6144][8x4096x6144][8x4096x6144][8x4096x6144][8x4096x6144][8x4096x6144][8x4096x6144][8x4096x6144][8x4096x6144][8x4096x6144][8x4096x6144][8x4096x6144][8x4096x6144][8x4096x6144][8x4096x6144][8x4096x6144][8x4096x6144][8x4096x6144][8x4096x6144][8x4096x6144][8x4096x6144][8x4096x6144][8x4096x6144][8x4096x6144][8x4096x6144][8x4096x6144][8x4096x6144][8x4096x6144][8x4096x6144][8x4096x6144][8x4096x6144][8x4096x6144][8x4096x6144][8x4096x6144][8x4096x6144][8x4096x6144][8x4096x6144][8x4096x6144][8x4096x6144][8x4096x6144][8x4096x6144][8x4096x6144][8x4096x6144][8x4096x6144][8x4096x6144][8x4096x6144][8x4096x6144][8x4096x6144][8x4096x6144][8x4096x6144][8x4096x6144][8x4096x6144][8x4096x6144][8x4096x6144][8x4096x6144][8x4096x6144][8x4096x6144][8x4096x6144][8x4096x6144][8x4096x6144][8x4096x6144][8x4096x6144][8x4096x6144][8x4096x6144][8x4096x6144][8x4096x6144][8x4096x6144][8x4096x6144][8x4096x6144][8x4096x6144][8x4096x6144][8x4096x6144][8x4096x6144][8x4096x6144][8x4096x6144][8x4096x6144][8x4096x6144][8x4096x6144][8x4096x6144][8x4096x6144][8x4096x6144][8x4096x6144][8x4096x6144][8x4096x6144][8x4096x6144][8x4096x6144][8x4096x6144][8x4096x6144][8x4096x6144][8x4096x6144][8x4096x6144][8x4096x6144][8x4096x6144][8x4096x6144][8x4096x6144][8x4096x6144][8x4096x6144][8x4096x6144][8x4096x6144][8x4096x6144][8x4096x6144][8x4096x6144][8x4096x6144][8x4096x6144][8x4096x6144][8x4096x6144][8x4096x6144][8x4096x6144][8x4096x6144][8x4096x6144][8x4096x6144][8x4096x6144][8x4096x6144][8x4096x6144][8x4096x6144][8x4096x6144][8x4096x6144][8x4096x6144][8x4096x6144][8x4096x6144][8x4096x6144][8x4096x6144][8x4096x6144][8x4096x6144][8x4096x6144][8x4096x6144][8x4096x6144][8x4096x6144][8x4096x6144][8x4096x6144][8x4096x6144][8x4096x6144][8x4096x6144][8x4096x6144][8x4096x6144][8x4096x6144][8x4096x6144][8x4096x6144][8x4096x6144][8x4096x6144][8x4096x6144][8x4096x6144][8x4096x6144][8x4096x6144][8x4096x6144][8x4096x6144][8x4096x6144][8x4096x6144][8x4096x6144][8x4096x6144][8x4096x6144][8x4096x6144][8x4096x6144][8x4096x6144][8x4096x6144][8x4096x6144][8x4096x6144][8x4096x6144][8x4096x6144][8x4096x6144][8x4096x6144][8x4096x6144][8x4096x6144][8x4096x6144][8x4096x6144][8x4096x6144][8x4096x6144][8x4096x6144][8x4096x6144][8x4096x6144][8x4096x6144][8x4096x6144][8x4096x6144][8x4096x6144][8x4096x6144][8x4096x6144][8x4096x6144][8x4096x6144][8x4096x6144][8x4096x6144][8x4096x6144][8x4096x6144][8x4096x6144][8x4096x6144][8x4096x6144][8x4096x6144][8x4096x6144][8x4096x6144][8x4096x6144][8x4096x6144][8x4096x6144][8x4096x6144][8x4096x6144][8x4096x6144][8x4096x6144][8x4096x6144][8x4096x6144][8x4096x6144][8x4096x6144][8x4096x6144][8x4096x6144][8x4096x6144][8x4096x6144][8x4096x6144][8x4096x6144][8x4096x6144][8x4096x6144][8x4096x6144][8x4096x6144][8x4096x6144][8x4096x6144][8x4096x6144][8x4096x6144][8x4096x6144][8x4096x6144][8x4096x6144][8x4096x6144][8x4096x6144][8x4096x6144][8x4096x6144][8x4096x6144][8x4096x6144][8x4096x6144]',,tensorop,f32,128,256,128,1,1,1,1,1,1,3,4,1,1,128,256,32,100,110,6471811072,103095992320,15,1.01056,5964.37,102019
1,CUTLASS,grouped_gemm,cutlass3x_sm100_tensorop_gemm_grouped_e4m3_e4m3_f32_bf16_e4m3_128x256x128_1x1x1_0_ttt_align16_1sm,passed,success,grouped,,,,,fe4m3:row,fe4m3:row,bf16:row,fe4m3:row,1,0,invalid,invalid,heuristic,1,false,'[8x4096x6144][8x4096x6144][8x4096x6144][8x4096x6144][8x4096x6144][8x4096x6144][8x4096x6144][8x4096x6144][8x4096x6144][8x4096x6144][8x4096x6144][8x4096x6144][8x4096x6144][8x4096x6144][8x4096x6144][8x4096x6144][8x4096x6144][8x4096x6144][8x4096x6144][8x4096x6144][8x4096x6144][8x4096x6144][8x4096x6144][8x4096x6144][8x4096x6144][8x4096x6144][8x4096x6144][8x4096x6144][8x4096x6144][8x4096x6144][8x4096x6144][8x4096x6144][8x4096x6144][8x4096x6144][8x4096x6144][8x4096x6144][8x4096x6144][8x4096x6144][8x4096x6144][8x4096x6144][8x4096x6144][8x4096x6144][8x4096x6144][8x4096x6144][8x4096x6144][8x4096x6144][8x4096x6144][8x4096x6144][8x4096x6144][8x4096x6144][8x4096x6144][8x4096x6144][8x4096x6144][8x4096x6144][8x4096x6144][8x4096x6144][8x4096x6144][8x4096x6144][8x4096x6144][8x4096x6144][8x4096x6144][8x4096x6144][8x4096x6144][8x4096x6144][8x4096x6144][8x4096x6144][8x4096x6144][8x4096x6144][8x4096x6144][8x4096x6144][8x4096x6144][8x4096x6144][8x4096x6144][8x4096x6144][8x4096x6144][8x4096x6144][8x4096x6144][8x4096x6144][8x4096x6144][8x4096x6144][8x4096x6144][8x4096x6144][8x4096x6144][8x4096x6144][8x4096x6144][8x4096x6144][8x4096x6144][8x4096x6144][8x4096x6144][8x4096x6144][8x4096x6144][8x4096x6144][8x4096x6144][8x4096x6144][8x4096x6144][8x4096x6144][8x4096x6144][8x4096x6144][8x4096x6144][8x4096x6144][8x4096x6144][8x4096x6144][8x4096x6144][8x4096x6144][8x4096x6144][8x4096x6144][8x4096x6144][8x4096x6144][8x4096x6144][8x4096x6144][8x4096x6144][8x4096x6144][8x4096x6144][8x4096x6144][8x4096x6144][8x4096x6144][8x4096x6144][8x4096x6144][8x4096x6144][8x4096x6144][8x4096x6144][8x4096x6144][8x4096x6144][8x4096x6144][8x4096x6144][8x4096x6144][8x4096x6144][8x4096x6144][8x4096x6144][8x4096x6144][8x4096x6144][8x4096x6144][8x4096x6144][8x4096x6144][8x4096x6144][8x4096x6144][8x4096x6144][8x4096x6144][8x4096x6144][8x4096x6144][8x4096x6144][8x4096x6144][8x4096x6144][8x4096x6144][8x4096x6144][8x4096x6144][8x4096x6144][8x4096x6144][8x4096x6144][8x4096x6144][8x4096x6144][8x4096x6144][8x4096x6144][8x4096x6144][8x4096x6144][8x4096x6144][8x4096x6144][8x4096x6144][8x4096x6144][8x4096x6144][8x4096x6144][8x4096x6144][8x4096x6144][8x4096x6144][8x4096x6144][8x4096x6144][8x4096x6144][8x4096x6144][8x4096x6144][8x4096x6144][8x4096x6144][8x4096x6144][8x4096x6144][8x4096x6144][8x4096x6144][8x4096x6144][8x4096x6144][8x4096x6144][8x4096x6144][8x4096x6144][8x4096x6144][8x4096x6144][8x4096x6144][8x4096x6144][8x4096x6144][8x4096x6144][8x4096x6144][8x4096x6144][8x4096x6144][8x4096x6144][8x4096x6144][8x4096x6144][8x4096x6144][8x4096x6144][8x4096x6144][8x4096x6144][8x4096x6144][8x4096x6144][8x4096x6144][8x4096x6144][8x4096x6144][8x4096x6144][8x4096x6144][8x4096x6144][8x4096x6144][8x4096x6144][8x4096x6144][8x4096x6144][8x4096x6144][8x4096x6144][8x4096x6144][8x4096x6144][8x4096x6144][8x4096x6144][8x4096x6144][8x4096x6144][8x4096x6144][8x4096x6144][8x4096x6144][8x4096x6144][8x4096x6144][8x4096x6144][8x4096x6144][8x4096x6144][8x4096x6144][8x4096x6144][8x4096x6144][8x4096x6144][8x4096x6144][8x4096x6144][8x4096x6144][8x4096x6144][8x4096x6144][8x4096x6144][8x4096x6144][8x4096x6144][8x4096x6144][8x4096x6144][8x4096x6144][8x4096x6144][8x4096x6144][8x4096x6144][8x4096x6144][8x4096x6144][8x4096x6144][8x4096x6144][8x4096x6144][8x4096x6144][8x4096x6144][8x4096x6144][8x4096x6144][8x4096x6144][8x4096x6144][8x4096x6144][8x4096x6144][8x4096x6144]',,tensorop,f32,128,256,128,1,1,1,1,1,1,3,4,1,1,128,256,32,100,110,6471811072,103095992320,15,0.926079,6508.46,111325
1,CUTLASS,grouped_gemm,cutlass3x_sm100_tensorop_gemm_grouped_e4m3_e4m3_f32_bf16_e4m3_128x256x128_1x1x1_0_ttt_align16_stream_k_1sm,passed,success,grouped,,,,,fe4m3:row,fe4m3:row,bf16:row,fe4m3:row,1,0,invalid,invalid,heuristic,1,false,'[8x4096x6144][8x4096x6144][8x4096x6144][8x4096x6144][8x4096x6144][8x4096x6144][8x4096x6144][8x4096x6144][8x4096x6144][8x4096x6144][8x4096x6144][8x4096x6144][8x4096x6144][8x4096x6144][8x4096x6144][8x4096x6144][8x4096x6144][8x4096x6144][8x4096x6144][8x4096x6144][8x4096x6144][8x4096x6144][8x4096x6144][8x4096x6144][8x4096x6144][8x4096x6144][8x4096x6144][8x4096x6144][8x4096x6144][8x4096x6144][8x4096x6144][8x4096x6144][8x4096x6144][8x4096x6144][8x4096x6144][8x4096x6144][8x4096x6144][8x4096x6144][8x4096x6144][8x4096x6144][8x4096x6144][8x4096x6144][8x4096x6144][8x4096x6144][8x4096x6144][8x4096x6144][8x4096x6144][8x4096x6144][8x4096x6144][8x4096x6144][8x4096x6144][8x4096x6144][8x4096x6144][8x4096x6144][8x4096x6144][8x4096x6144][8x4096x6144][8x4096x6144][8x4096x6144][8x4096x6144][8x4096x6144][8x4096x6144][8x4096x6144][8x4096x6144][8x4096x6144][8x4096x6144][8x4096x6144][8x4096x6144][8x4096x6144][8x4096x6144][8x4096x6144][8x4096x6144][8x4096x6144][8x4096x6144][8x4096x6144][8x4096x6144][8x4096x6144][8x4096x6144][8x4096x6144][8x4096x6144][8x4096x6144][8x4096x6144][8x4096x6144][8x4096x6144][8x4096x6144][8x4096x6144][8x4096x6144][8x4096x6144][8x4096x6144][8x4096x6144][8x4096x6144][8x4096x6144][8x4096x6144][8x4096x6144][8x4096x6144][8x4096x6144][8x4096x6144][8x4096x6144][8x4096x6144][8x4096x6144][8x4096x6144][8x4096x6144][8x4096x6144][8x4096x6144][8x4096x6144][8x4096x6144][8x4096x6144][8x4096x6144][8x4096x6144][8x4096x6144][8x4096x6144][8x4096x6144][8x4096x6144][8x4096x6144][8x4096x6144][8x4096x6144][8x4096x6144][8x4096x6144][8x4096x6144][8x4096x6144][8x4096x6144][8x4096x6144][8x4096x6144][8x4096x6144][8x4096x6144][8x4096x6144][8x4096x6144][8x4096x6144][8x4096x6144][8x4096x6144][8x4096x6144][8x4096x6144][8x4096x6144][8x4096x6144][8x4096x6144][8x4096x6144][8x4096x6144][8x4096x6144][8x4096x6144][8x4096x6144][8x4096x6144][8x4096x6144][8x4096x6144][8x4096x6144][8x4096x6144][8x4096x6144][8x4096x6144][8x4096x6144][8x4096x6144][8x4096x6144][8x4096x6144][8x4096x6144][8x4096x6144][8x4096x6144][8x4096x6144][8x4096x6144][8x4096x6144][8x4096x6144][8x4096x6144][8x4096x6144][8x4096x6144][8x4096x6144][8x4096x6144][8x4096x6144][8x4096x6144][8x4096x6144][8x4096x6144][8x4096x6144][8x4096x6144][8x4096x6144][8x4096x6144][8x4096x6144][8x4096x6144][8x4096x6144][8x4096x6144][8x4096x6144][8x4096x6144][8x4096x6144][8x4096x6144][8x4096x6144][8x4096x6144][8x4096x6144][8x4096x6144][8x4096x6144][8x4096x6144][8x4096x6144][8x4096x6144][8x4096x6144][8x4096x6144][8x4096x6144][8x4096x6144][8x4096x6144][8x4096x6144][8x4096x6144][8x4096x6144][8x4096x6144][8x4096x6144][8x4096x6144][8x4096x6144][8x4096x6144][8x4096x6144][8x4096x6144][8x4096x6144][8x4096x6144][8x4096x6144][8x4096x6144][8x4096x6144][8x4096x6144][8x4096x6144][8x4096x6144][8x4096x6144][8x4096x6144][8x4096x6144][8x4096x6144][8x4096x6144][8x4096x6144][8x4096x6144][8x4096x6144][8x4096x6144][8x4096x6144][8x4096x6144][8x4096x6144][8x4096x6144][8x4096x6144][8x4096x6144][8x4096x6144][8x4096x6144][8x4096x6144][8x4096x6144][8x4096x6144][8x4096x6144][8x4096x6144][8x4096x6144][8x4096x6144][8x4096x6144][8x4096x6144][8x4096x6144][8x4096x6144][8x4096x6144][8x4096x6144][8x4096x6144][8x4096x6144][8x4096x6144][8x4096x6144][8x4096x6144][8x4096x6144][8x4096x6144][8x4096x6144][8x4096x6144][8x4096x6144][8x4096x6144][8x4096x6144][8x4096x6144][8x4096x6144][8x4096x6144][8x4096x6144]',,tensorop,f32,128,256,128,1,1,1,1,1,1,3,4,1,1,128,256,32,100,110,6471811072,103095992320,15,0.921167,6543.16,111919
1,CUTLASS,grouped_gemm,cutlass3x_sm100_tensorop_gemm_grouped_e4m3_e4m3_f32_bf16_e4m3_128x256x128_1x2x1_0_tnt_align16_1sm,passed,success,grouped,,,,,fe4m3:row,fe4m3:column,bf16:row,fe4m3:row,1,0,invalid,invalid,heuristic,1,false,'[8x4096x6144][8x4096x6144][8x4096x6144][8x4096x6144][8x4096x6144][8x4096x6144][8x4096x6144][8x4096x6144][8x4096x6144][8x4096x6144][8x4096x6144][8x4096x6144][8x4096x6144][8x4096x6144][8x4096x6144][8x4096x6144][8x4096x6144][8x4096x6144][8x4096x6144][8x4096x6144][8x4096x6144][8x4096x6144][8x4096x6144][8x4096x6144][8x4096x6144][8x4096x6144][8x4096x6144][8x4096x6144][8x4096x6144][8x4096x6144][8x4096x6144][8x4096x6144][8x4096x6144][8x4096x6144][8x4096x6144][8x4096x6144][8x4096x6144][8x4096x6144][8x4096x6144][8x4096x6144][8x4096x6144][8x4096x6144][8x4096x6144][8x4096x6144][8x4096x6144][8x4096x6144][8x4096x6144][8x4096x6144][8x4096x6144][8x4096x6144][8x4096x6144][8x4096x6144][8x4096x6144][8x4096x6144][8x4096x6144][8x4096x6144][8x4096x6144][8x4096x6144][8x4096x6144][8x4096x6144][8x4096x6144][8x4096x6144][8x4096x6144][8x4096x6144][8x4096x6144][8x4096x6144][8x4096x6144][8x4096x6144][8x4096x6144][8x4096x6144][8x4096x6144][8x4096x6144][8x4096x6144][8x4096x6144][8x4096x6144][8x4096x6144][8x4096x6144][8x4096x6144][8x4096x6144][8x4096x6144][8x4096x6144][8x4096x6144][8x4096x6144][8x4096x6144][8x4096x6144][8x4096x6144][8x4096x6144][8x4096x6144][8x4096x6144][8x4096x6144][8x4096x6144][8x4096x6144][8x4096x6144][8x4096x6144][8x4096x6144][8x4096x6144][8x4096x6144][8x4096x6144][8x4096x6144][8x4096x6144][8x4096x6144][8x4096x6144][8x4096x6144][8x4096x6144][8x4096x6144][8x4096x6144][8x4096x6144][8x4096x6144][8x4096x6144][8x4096x6144][8x4096x6144][8x4096x6144][8x4096x6144][8x4096x6144][8x4096x6144][8x4096x6144][8x4096x6144][8x4096x6144][8x4096x6144][8x4096x6144][8x4096x6144][8x4096x6144][8x4096x6144][8x4096x6144][8x4096x6144][8x4096x6144][8x4096x6144][8x4096x6144][8x4096x6144][8x4096x6144][8x4096x6144][8x4096x6144][8x4096x6144][8x4096x6144][8x4096x6144][8x4096x6144][8x4096x6144][8x4096x6144][8x4096x6144][8x4096x6144][8x4096x6144][8x4096x6144][8x4096x6144][8x4096x6144][8x4096x6144][8x4096x6144][8x4096x6144][8x4096x6144][8x4096x6144][8x4096x6144][8x4096x6144][8x4096x6144][8x4096x6144][8x4096x6144][8x4096x6144][8x4096x6144][8x4096x6144][8x4096x6144][8x4096x6144][8x4096x6144][8x4096x6144][8x4096x6144][8x4096x6144][8x4096x6144][8x4096x6144][8x4096x6144][8x4096x6144][8x4096x6144][8x4096x6144][8x4096x6144][8x4096x6144][8x4096x6144][8x4096x6144][8x4096x6144][8x4096x6144][8x4096x6144][8x4096x6144][8x4096x6144][8x4096x6144][8x4096x6144][8x4096x6144][8x4096x6144][8x4096x6144][8x4096x6144][8x4096x6144][8x4096x6144][8x4096x6144][8x4096x6144][8x4096x6144][8x4096x6144][8x4096x6144][8x4096x6144][8x4096x6144][8x4096x6144][8x4096x6144][8x4096x6144][8x4096x6144][8x4096x6144][8x4096x6144][8x4096x6144][8x4096x6144][8x4096x6144][8x4096x6144][8x4096x6144][8x4096x6144][8x4096x6144][8x4096x6144][8x4096x6144][8x4096x6144][8x4096x6144][8x4096x6144][8x4096x6144][8x4096x6144][8x4096x6144][8x4096x6144][8x4096x6144][8x4096x6144][8x4096x6144][8x4096x6144][8x4096x6144][8x4096x6144][8x4096x6144][8x4096x6144][8x4096x6144][8x4096x6144][8x4096x6144][8x4096x6144][8x4096x6144][8x4096x6144][8x4096x6144][8x4096x6144][8x4096x6144][8x4096x6144][8x4096x6144][8x4096x6144][8x4096x6144][8x4096x6144][8x4096x6144][8x4096x6144][8x4096x6144][8x4096x6144][8x4096x6144][8x4096x6144][8x4096x6144][8x4096x6144][8x4096x6144][8x4096x6144][8x4096x6144][8x4096x6144][8x4096x6144][8x4096x6144][8x4096x6144][8x4096x6144][8x4096x6144][8x4096x6144][8x4096x6144]',,tensorop,f32,128,256,128,1,2,1,1,1,1,3,4,1,1,128,256,32,100,110,6471811072,103095992320,15,1.00209,6014.77,102881
1,CUTLASS,grouped_gemm,cutlass3x_sm100_tensorop_gemm_grouped_e4m3_e4m3_f32_bf16_e4m3_128x256x128_1x2x1_0_tnt_align16_stream_k_1sm,passed,success,grouped,,,,,fe4m3:row,fe4m3:column,bf16:row,fe4m3:row,1,0,invalid,invalid,heuristic,1,false,'[8x4096x6144][8x4096x6144][8x4096x6144][8x4096x6144][8x4096x6144][8x4096x6144][8x4096x6144][8x4096x6144][8x4096x6144][8x4096x6144][8x4096x6144][8x4096x6144][8x4096x6144][8x4096x6144][8x4096x6144][8x4096x6144][8x4096x6144][8x4096x6144][8x4096x6144][8x4096x6144][8x4096x6144][8x4096x6144][8x4096x6144][8x4096x6144][8x4096x6144][8x4096x6144][8x4096x6144][8x4096x6144][8x4096x6144][8x4096x6144][8x4096x6144][8x4096x6144][8x4096x6144][8x4096x6144][8x4096x6144][8x4096x6144][8x4096x6144][8x4096x6144][8x4096x6144][8x4096x6144][8x4096x6144][8x4096x6144][8x4096x6144][8x4096x6144][8x4096x6144][8x4096x6144][8x4096x6144][8x4096x6144][8x4096x6144][8x4096x6144][8x4096x6144][8x4096x6144][8x4096x6144][8x4096x6144][8x4096x6144][8x4096x6144][8x4096x6144][8x4096x6144][8x4096x6144][8x4096x6144][8x4096x6144][8x4096x6144][8x4096x6144][8x4096x6144][8x4096x6144][8x4096x6144][8x4096x6144][8x4096x6144][8x4096x6144][8x4096x6144][8x4096x6144][8x4096x6144][8x4096x6144][8x4096x6144][8x4096x6144][8x4096x6144][8x4096x6144][8x4096x6144][8x4096x6144][8x4096x6144][8x4096x6144][8x4096x6144][8x4096x6144][8x4096x6144][8x4096x6144][8x4096x6144][8x4096x6144][8x4096x6144][8x4096x6144][8x4096x6144][8x4096x6144][8x4096x6144][8x4096x6144][8x4096x6144][8x4096x6144][8x4096x6144][8x4096x6144][8x4096x6144][8x4096x6144][8x4096x6144][8x4096x6144][8x4096x6144][8x4096x6144][8x4096x6144][8x4096x6144][8x4096x6144][8x4096x6144][8x4096x6144][8x4096x6144][8x4096x6144][8x4096x6144][8x4096x6144][8x4096x6144][8x4096x6144][8x4096x6144][8x4096x6144][8x4096x6144][8x4096x6144][8x4096x6144][8x4096x6144][8x4096x6144][8x4096x6144][8x4096x6144][8x4096x6144][8x4096x6144][8x4096x6144][8x4096x6144][8x4096x6144][8x4096x6144][8x4096x6144][8x4096x6144][8x4096x6144][8x4096x6144][8x4096x6144][8x4096x6144][8x4096x6144][8x4096x6144][8x4096x6144][8x4096x6144][8x4096x6144][8x4096x6144][8x4096x6144][8x4096x6144][8x4096x6144][8x4096x6144][8x4096x6144][8x4096x6144][8x4096x6144][8x4096x6144][8x4096x6144][8x4096x6144][8x4096x6144][8x4096x6144][8x4096x6144][8x4096x6144][8x4096x6144][8x4096x6144][8x4096x6144][8x4096x6144][8x4096x6144][8x4096x6144][8x4096x6144][8x4096x6144][8x4096x6144][8x4096x6144][8x4096x6144][8x4096x6144][8x4096x6144][8x4096x6144][8x4096x6144][8x4096x6144][8x4096x6144][8x4096x6144][8x4096x6144][8x4096x6144][8x4096x6144][8x4096x6144][8x4096x6144][8x4096x6144][8x4096x6144][8x4096x6144][8x4096x6144][8x4096x6144][8x4096x6144][8x4096x6144][8x4096x6144][8x4096x6144][8x4096x6144][8x4096x6144][8x4096x6144][8x4096x6144][8x4096x6144][8x4096x6144][8x4096x6144][8x4096x6144][8x4096x6144][8x4096x6144][8x4096x6144][8x4096x6144][8x4096x6144][8x4096x6144][8x4096x6144][8x4096x6144][8x4096x6144][8x4096x6144][8x4096x6144][8x4096x6144][8x4096x6144][8x4096x6144][8x4096x6144][8x4096x6144][8x4096x6144][8x4096x6144][8x4096x6144][8x4096x6144][8x4096x6144][8x4096x6144][8x4096x6144][8x4096x6144][8x4096x6144][8x4096x6144][8x4096x6144][8x4096x6144][8x4096x6144][8x4096x6144][8x4096x6144][8x4096x6144][8x4096x6144][8x4096x6144][8x4096x6144][8x4096x6144][8x4096x6144][8x4096x6144][8x4096x6144][8x4096x6144][8x4096x6144][8x4096x6144][8x4096x6144][8x4096x6144][8x4096x6144][8x4096x6144][8x4096x6144][8x4096x6144][8x4096x6144][8x4096x6144][8x4096x6144][8x4096x6144][8x4096x6144][8x4096x6144][8x4096x6144][8x4096x6144][8x4096x6144][8x4096x6144][8x4096x6144][8x4096x6144][8x4096x6144]',,tensorop,f32,128,256,128,1,2,1,1,1,1,3,4,1,1,128,256,32,100,110,6471811072,103095992320,15,1.00109,6020.8,102984
1,CUTLASS,grouped_gemm,cutlass3x_sm100_tensorop_gemm_grouped_e4m3_e4m3_f32_bf16_e4m3_128x256x128_1x2x1_0_ttt_align16_1sm,passed,success,grouped,,,,,fe4m3:row,fe4m3:row,bf16:row,fe4m3:row,1,0,invalid,invalid,heuristic,1,false,'[8x4096x6144][8x4096x6144][8x4096x6144][8x4096x6144][8x4096x6144][8x4096x6144][8x4096x6144][8x4096x6144][8x4096x6144][8x4096x6144][8x4096x6144][8x4096x6144][8x4096x6144][8x4096x6144][8x4096x6144][8x4096x6144][8x4096x6144][8x4096x6144][8x4096x6144][8x4096x6144][8x4096x6144][8x4096x6144][8x4096x6144][8x4096x6144][8x4096x6144][8x4096x6144][8x4096x6144][8x4096x6144][8x4096x6144][8x4096x6144][8x4096x6144][8x4096x6144][8x4096x6144][8x4096x6144][8x4096x6144][8x4096x6144][8x4096x6144][8x4096x6144][8x4096x6144][8x4096x6144][8x4096x6144][8x4096x6144][8x4096x6144][8x4096x6144][8x4096x6144][8x4096x6144][8x4096x6144][8x4096x6144][8x4096x6144][8x4096x6144][8x4096x6144][8x4096x6144][8x4096x6144][8x4096x6144][8x4096x6144][8x4096x6144][8x4096x6144][8x4096x6144][8x4096x6144][8x4096x6144][8x4096x6144][8x4096x6144][8x4096x6144][8x4096x6144][8x4096x6144][8x4096x6144][8x4096x6144][8x4096x6144][8x4096x6144][8x4096x6144][8x4096x6144][8x4096x6144][8x4096x6144][8x4096x6144][8x4096x6144][8x4096x6144][8x4096x6144][8x4096x6144][8x4096x6144][8x4096x6144][8x4096x6144][8x4096x6144][8x4096x6144][8x4096x6144][8x4096x6144][8x4096x6144][8x4096x6144][8x4096x6144][8x4096x6144][8x4096x6144][8x4096x6144][8x4096x6144][8x4096x6144][8x4096x6144][8x4096x6144][8x4096x6144][8x4096x6144][8x4096x6144][8x4096x6144][8x4096x6144][8x4096x6144][8x4096x6144][8x4096x6144][8x4096x6144][8x4096x6144][8x4096x6144][8x4096x6144][8x4096x6144][8x4096x6144][8x4096x6144][8x4096x6144][8x4096x6144][8x4096x6144][8x4096x6144][8x4096x6144][8x4096x6144][8x4096x6144][8x4096x6144][8x4096x6144][8x4096x6144][8x4096x6144][8x4096x6144][8x4096x6144][8x4096x6144][8x4096x6144][8x4096x6144][8x4096x6144][8x4096x6144][8x4096x6144][8x4096x6144][8x4096x6144][8x4096x6144][8x4096x6144][8x4096x6144][8x4096x6144][8x4096x6144][8x4096x6144][8x4096x6144][8x4096x6144][8x4096x6144][8x4096x6144][8x4096x6144][8x4096x6144][8x4096x6144][8x4096x6144][8x4096x6144][8x4096x6144][8x4096x6144][8x4096x6144][8x4096x6144][8x4096x6144][8x4096x6144][8x4096x6144][8x4096x6144][8x4096x6144][8x4096x6144][8x4096x6144][8x4096x6144][8x4096x6144][8x4096x6144][8x4096x6144][8x4096x6144][8x4096x6144][8x4096x6144][8x4096x6144][8x4096x6144][8x4096x6144][8x4096x6144][8x4096x6144][8x4096x6144][8x4096x6144][8x4096x6144][8x4096x6144][8x4096x6144][8x4096x6144][8x4096x6144][8x4096x6144][8x4096x6144][8x4096x6144][8x4096x6144][8x4096x6144][8x4096x6144][8x4096x6144][8x4096x6144][8x4096x6144][8x4096x6144][8x4096x6144][8x4096x6144][8x4096x6144][8x4096x6144][8x4096x6144][8x4096x6144][8x4096x6144][8x4096x6144][8x4096x6144][8x4096x6144][8x4096x6144][8x4096x6144][8x4096x6144][8x4096x6144][8x4096x6144][8x4096x6144][8x4096x6144][8x4096x6144][8x4096x6144][8x4096x6144][8x4096x6144][8x4096x6144][8x4096x6144][8x4096x6144][8x4096x6144][8x4096x6144][8x4096x6144][8x4096x6144][8x4096x6144][8x4096x6144][8x4096x6144][8x4096x6144][8x4096x6144][8x4096x6144][8x4096x6144][8x4096x6144][8x4096x6144][8x4096x6144][8x4096x6144][8x4096x6144][8x4096x6144][8x4096x6144][8x4096x6144][8x4096x6144][8x4096x6144][8x4096x6144][8x4096x6144][8x4096x6144][8x4096x6144][8x4096x6144][8x4096x6144][8x4096x6144][8x4096x6144][8x4096x6144][8x4096x6144][8x4096x6144][8x4096x6144][8x4096x6144][8x4096x6144][8x4096x6144][8x4096x6144][8x4096x6144][8x4096x6144][8x4096x6144][8x4096x6144][8x4096x6144][8x4096x6144][8x4096x6144][8x4096x6144][8x4096x6144]',,tensorop,f32,128,256,128,1,2,1,1,1,1,3,4,1,1,128,256,32,100,110,6471811072,103095992320,15,0.901984,6682.32,114299
1,CUTLASS,grouped_gemm,cutlass3x_sm100_tensorop_gemm_grouped_e4m3_e4m3_f32_bf16_e4m3_128x256x128_1x2x1_0_ttt_align16_stream_k_1sm,passed,success,grouped,,,,,fe4m3:row,fe4m3:row,bf16:row,fe4m3:row,1,0,invalid,invalid,heuristic,1,false,'[8x4096x6144][8x4096x6144][8x4096x6144][8x4096x6144][8x4096x6144][8x4096x6144][8x4096x6144][8x4096x6144][8x4096x6144][8x4096x6144][8x4096x6144][8x4096x6144][8x4096x6144][8x4096x6144][8x4096x6144][8x4096x6144][8x4096x6144][8x4096x6144][8x4096x6144][8x4096x6144][8x4096x6144][8x4096x6144][8x4096x6144][8x4096x6144][8x4096x6144][8x4096x6144][8x4096x6144][8x4096x6144][8x4096x6144][8x4096x6144][8x4096x6144][8x4096x6144][8x4096x6144][8x4096x6144][8x4096x6144][8x4096x6144][8x4096x6144][8x4096x6144][8x4096x6144][8x4096x6144][8x4096x6144][8x4096x6144][8x4096x6144][8x4096x6144][8x4096x6144][8x4096x6144][8x4096x6144][8x4096x6144][8x4096x6144][8x4096x6144][8x4096x6144][8x4096x6144][8x4096x6144][8x4096x6144][8x4096x6144][8x4096x6144][8x4096x6144][8x4096x6144][8x4096x6144][8x4096x6144][8x4096x6144][8x4096x6144][8x4096x6144][8x4096x6144][8x4096x6144][8x4096x6144][8x4096x6144][8x4096x6144][8x4096x6144][8x4096x6144][8x4096x6144][8x4096x6144][8x4096x6144][8x4096x6144][8x4096x6144][8x4096x6144][8x4096x6144][8x4096x6144][8x4096x6144][8x4096x6144][8x4096x6144][8x4096x6144][8x4096x6144][8x4096x6144][8x4096x6144][8x4096x6144][8x4096x6144][8x4096x6144][8x4096x6144][8x4096x6144][8x4096x6144][8x4096x6144][8x4096x6144][8x4096x6144][8x4096x6144][8x4096x6144][8x4096x6144][8x4096x6144][8x4096x6144][8x4096x6144][8x4096x6144][8x4096x6144][8x4096x6144][8x4096x6144][8x4096x6144][8x4096x6144][8x4096x6144][8x4096x6144][8x4096x6144][8x4096x6144][8x4096x6144][8x4096x6144][8x4096x6144][8x4096x6144][8x4096x6144][8x4096x6144][8x4096x6144][8x4096x6144][8x4096x6144][8x4096x6144][8x4096x6144][8x4096x6144][8x4096x6144][8x4096x6144][8x4096x6144][8x4096x6144][8x4096x6144][8x4096x6144][8x4096x6144][8x4096x6144][8x4096x6144][8x4096x6144][8x4096x6144][8x4096x6144][8x4096x6144][8x4096x6144][8x4096x6144][8x4096x6144][8x4096x6144][8x4096x6144][8x4096x6144][8x4096x6144][8x4096x6144][8x4096x6144][8x4096x6144][8x4096x6144][8x4096x6144][8x4096x6144][8x4096x6144][8x4096x6144][8x4096x6144][8x4096x6144][8x4096x6144][8x4096x6144][8x4096x6144][8x4096x6144][8x4096x6144][8x4096x6144][8x4096x6144][8x4096x6144][8x4096x6144][8x4096x6144][8x4096x6144][8x4096x6144][8x4096x6144][8x4096x6144][8x4096x6144][8x4096x6144][8x4096x6144][8x4096x6144][8x4096x6144][8x4096x6144][8x4096x6144][8x4096x6144][8x4096x6144][8x4096x6144][8x4096x6144][8x4096x6144][8x4096x6144][8x4096x6144][8x4096x6144][8x4096x6144][8x4096x6144][8x4096x6144][8x4096x6144][8x4096x6144][8x4096x6144][8x4096x6144][8x4096x6144][8x4096x6144][8x4096x6144][8x4096x6144][8x4096x6144][8x4096x6144][8x4096x6144][8x4096x6144][8x4096x6144][8x4096x6144][8x4096x6144][8x4096x6144][8x4096x6144][8x4096x6144][8x4096x6144][8x4096x6144][8x4096x6144][8x4096x6144][8x4096x6144][8x4096x6144][8x4096x6144][8x4096x6144][8x4096x6144][8x4096x6144][8x4096x6144][8x4096x6144][8x4096x6144][8x4096x6144][8x4096x6144][8x4096x6144][8x4096x6144][8x4096x6144][8x4096x6144][8x4096x6144][8x4096x6144][8x4096x6144][8x4096x6144][8x4096x6144][8x4096x6144][8x4096x6144][8x4096x6144][8x4096x6144][8x4096x6144][8x4096x6144][8x4096x6144][8x4096x6144][8x4096x6144][8x4096x6144][8x4096x6144][8x4096x6144][8x4096x6144][8x4096x6144][8x4096x6144][8x4096x6144][8x4096x6144][8x4096x6144][8x4096x6144][8x4096x6144][8x4096x6144][8x4096x6144][8x4096x6144][8x4096x6144][8x4096x6144][8x4096x6144][8x4096x6144][8x4096x6144][8x4096x6144][8x4096x6144]',,tensorop,f32,128,256,128,1,2,1,1,1,1,3,4,1,1,128,256,32,100,110,6471811072,103095992320,15,0.901196,6688.16,114399
1,CUTLASS,grouped_gemm,cutlass3x_sm100_tensorop_gemm_grouped_e4m3_e4m3_f32_bf16_e4m3_128x256x128_2x1x1_0_tnt_align16_1sm,passed,success,grouped,,,,,fe4m3:row,fe4m3:column,bf16:row,fe4m3:row,1,0,invalid,invalid,heuristic,1,false,'[8x4096x6144][8x4096x6144][8x4096x6144][8x4096x6144][8x4096x6144][8x4096x6144][8x4096x6144][8x4096x6144][8x4096x6144][8x4096x6144][8x4096x6144][8x4096x6144][8x4096x6144][8x4096x6144][8x4096x6144][8x4096x6144][8x4096x6144][8x4096x6144][8x4096x6144][8x4096x6144][8x4096x6144][8x4096x6144][8x4096x6144][8x4096x6144][8x4096x6144][8x4096x6144][8x4096x6144][8x4096x6144][8x4096x6144][8x4096x6144][8x4096x6144][8x4096x6144][8x4096x6144][8x4096x6144][8x4096x6144][8x4096x6144][8x4096x6144][8x4096x6144][8x4096x6144][8x4096x6144][8x4096x6144][8x4096x6144][8x4096x6144][8x4096x6144][8x4096x6144][8x4096x6144][8x4096x6144][8x4096x6144][8x4096x6144][8x4096x6144][8x4096x6144][8x4096x6144][8x4096x6144][8x4096x6144][8x4096x6144][8x4096x6144][8x4096x6144][8x4096x6144][8x4096x6144][8x4096x6144][8x4096x6144][8x4096x6144][8x4096x6144][8x4096x6144][8x4096x6144][8x4096x6144][8x4096x6144][8x4096x6144][8x4096x6144][8x4096x6144][8x4096x6144][8x4096x6144][8x4096x6144][8x4096x6144][8x4096x6144][8x4096x6144][8x4096x6144][8x4096x6144][8x4096x6144][8x4096x6144][8x4096x6144][8x4096x6144][8x4096x6144][8x4096x6144][8x4096x6144][8x4096x6144][8x4096x6144][8x4096x6144][8x4096x6144][8x4096x6144][8x4096x6144][8x4096x6144][8x4096x6144][8x4096x6144][8x4096x6144][8x4096x6144][8x4096x6144][8x4096x6144][8x4096x6144][8x4096x6144][8x4096x6144][8x4096x6144][8x4096x6144][8x4096x6144][8x4096x6144][8x4096x6144][8x4096x6144][8x4096x6144][8x4096x6144][8x4096x6144][8x4096x6144][8x4096x6144][8x4096x6144][8x4096x6144][8x4096x6144][8x4096x6144][8x4096x6144][8x4096x6144][8x4096x6144][8x4096x6144][8x4096x6144][8x4096x6144][8x4096x6144][8x4096x6144][8x4096x6144][8x4096x6144][8x4096x6144][8x4096x6144][8x4096x6144][8x4096x6144][8x4096x6144][8x4096x6144][8x4096x6144][8x4096x6144][8x4096x6144][8x4096x6144][8x4096x6144][8x4096x6144][8x4096x6144][8x4096x6144][8x4096x6144][8x4096x6144][8x4096x6144][8x4096x6144][8x4096x6144][8x4096x6144][8x4096x6144][8x4096x6144][8x4096x6144][8x4096x6144][8x4096x6144][8x4096x6144][8x4096x6144][8x4096x6144][8x4096x6144][8x4096x6144][8x4096x6144][8x4096x6144][8x4096x6144][8x4096x6144][8x4096x6144][8x4096x6144][8x4096x6144][8x4096x6144][8x4096x6144][8x4096x6144][8x4096x6144][8x4096x6144][8x4096x6144][8x4096x6144][8x4096x6144][8x4096x6144][8x4096x6144][8x4096x6144][8x4096x6144][8x4096x6144][8x4096x6144][8x4096x6144][8x4096x6144][8x4096x6144][8x4096x6144][8x4096x6144][8x4096x6144][8x4096x6144][8x4096x6144][8x4096x6144][8x4096x6144][8x4096x6144][8x4096x6144][8x4096x6144][8x4096x6144][8x4096x6144][8x4096x6144][8x4096x6144][8x4096x6144][8x4096x6144][8x4096x6144][8x4096x6144][8x4096x6144][8x4096x6144][8x4096x6144][8x4096x6144][8x4096x6144][8x4096x6144][8x4096x6144][8x4096x6144][8x4096x6144][8x4096x6144][8x4096x6144][8x4096x6144][8x4096x6144][8x4096x6144][8x4096x6144][8x4096x6144][8x4096x6144][8x4096x6144][8x4096x6144][8x4096x6144][8x4096x6144][8x4096x6144][8x4096x6144][8x4096x6144][8x4096x6144][8x4096x6144][8x4096x6144][8x4096x6144][8x4096x6144][8x4096x6144][8x4096x6144][8x4096x6144][8x4096x6144][8x4096x6144][8x4096x6144][8x4096x6144][8x4096x6144][8x4096x6144][8x4096x6144][8x4096x6144][8x4096x6144][8x4096x6144][8x4096x6144][8x4096x6144][8x4096x6144][8x4096x6144][8x4096x6144][8x4096x6144][8x4096x6144][8x4096x6144][8x4096x6144][8x4096x6144][8x4096x6144][8x4096x6144][8x4096x6144][8x4096x6144][8x4096x6144][8x4096x6144]',,tensorop,f32,128,256,128,2,1,1,1,1,1,3,4,1,1,128,256,32,100,110,6471811072,103095992320,15,1.38926,4338.54,74209.5
1,CUTLASS,grouped_gemm,cutlass3x_sm100_tensorop_gemm_grouped_e4m3_e4m3_f32_bf16_e4m3_128x256x128_2x1x1_0_tnt_align16_stream_k_1sm,passed,success,grouped,,,,,fe4m3:row,fe4m3:column,bf16:row,fe4m3:row,1,0,invalid,invalid,heuristic,1,false,'[8x4096x6144][8x4096x6144][8x4096x6144][8x4096x6144][8x4096x6144][8x4096x6144][8x4096x6144][8x4096x6144][8x4096x6144][8x4096x6144][8x4096x6144][8x4096x6144][8x4096x6144][8x4096x6144][8x4096x6144][8x4096x6144][8x4096x6144][8x4096x6144][8x4096x6144][8x4096x6144][8x4096x6144][8x4096x6144][8x4096x6144][8x4096x6144][8x4096x6144][8x4096x6144][8x4096x6144][8x4096x6144][8x4096x6144][8x4096x6144][8x4096x6144][8x4096x6144][8x4096x6144][8x4096x6144][8x4096x6144][8x4096x6144][8x4096x6144][8x4096x6144][8x4096x6144][8x4096x6144][8x4096x6144][8x4096x6144][8x4096x6144][8x4096x6144][8x4096x6144][8x4096x6144][8x4096x6144][8x4096x6144][8x4096x6144][8x4096x6144][8x4096x6144][8x4096x6144][8x4096x6144][8x4096x6144][8x4096x6144][8x4096x6144][8x4096x6144][8x4096x6144][8x4096x6144][8x4096x6144][8x4096x6144][8x4096x6144][8x4096x6144][8x4096x6144][8x4096x6144][8x4096x6144][8x4096x6144][8x4096x6144][8x4096x6144][8x4096x6144][8x4096x6144][8x4096x6144][8x4096x6144][8x4096x6144][8x4096x6144][8x4096x6144][8x4096x6144][8x4096x6144][8x4096x6144][8x4096x6144][8x4096x6144][8x4096x6144][8x4096x6144][8x4096x6144][8x4096x6144][8x4096x6144][8x4096x6144][8x4096x6144][8x4096x6144][8x4096x6144][8x4096x6144][8x4096x6144][8x4096x6144][8x4096x6144][8x4096x6144][8x4096x6144][8x4096x6144][8x4096x6144][8x4096x6144][8x4096x6144][8x4096x6144][8x4096x6144][8x4096x6144][8x4096x6144][8x4096x6144][8x4096x6144][8x4096x6144][8x4096x6144][8x4096x6144][8x4096x6144][8x4096x6144][8x4096x6144][8x4096x6144][8x4096x6144][8x4096x6144][8x4096x6144][8x4096x6144][8x4096x6144][8x4096x6144][8x4096x6144][8x4096x6144][8x4096x6144][8x4096x6144][8x4096x6144][8x4096x6144][8x4096x6144][8x4096x6144][8x4096x6144][8x4096x6144][8x4096x6144][8x4096x6144][8x4096x6144][8x4096x6144][8x4096x6144][8x4096x6144][8x4096x6144][8x4096x6144][8x4096x6144][8x4096x6144][8x4096x6144][8x4096x6144][8x4096x6144][8x4096x6144][8x4096x6144][8x4096x6144][8x4096x6144][8x4096x6144][8x4096x6144][8x4096x6144][8x4096x6144][8x4096x6144][8x4096x6144][8x4096x6144][8x4096x6144][8x4096x6144][8x4096x6144][8x4096x6144][8x4096x6144][8x4096x6144][8x4096x6144][8x4096x6144][8x4096x6144][8x4096x6144][8x4096x6144][8x4096x6144][8x4096x6144][8x4096x6144][8x4096x6144][8x4096x6144][8x4096x6144][8x4096x6144][8x4096x6144][8x4096x6144][8x4096x6144][8x4096x6144][8x4096x6144][8x4096x6144][8x4096x6144][8x4096x6144][8x4096x6144][8x4096x6144][8x4096x6144][8x4096x6144][8x4096x6144][8x4096x6144][8x4096x6144][8x4096x6144][8x4096x6144][8x4096x6144][8x4096x6144][8x4096x6144][8x4096x6144][8x4096x6144][8x4096x6144][8x4096x6144][8x4096x6144][8x4096x6144][8x4096x6144][8x4096x6144][8x4096x6144][8x4096x6144][8x4096x6144][8x4096x6144][8x4096x6144][8x4096x6144][8x4096x6144][8x4096x6144][8x4096x6144][8x4096x6144][8x4096x6144][8x4096x6144][8x4096x6144][8x4096x6144][8x4096x6144][8x4096x6144][8x4096x6144][8x4096x6144][8x4096x6144][8x4096x6144][8x4096x6144][8x4096x6144][8x4096x6144][8x4096x6144][8x4096x6144][8x4096x6144][8x4096x6144][8x4096x6144][8x4096x6144][8x4096x6144][8x4096x6144][8x4096x6144][8x4096x6144][8x4096x6144][8x4096x6144][8x4096x6144][8x4096x6144][8x4096x6144][8x4096x6144][8x4096x6144][8x4096x6144][8x4096x6144][8x4096x6144][8x4096x6144][8x4096x6144][8x4096x6144][8x4096x6144][8x4096x6144][8x4096x6144][8x4096x6144][8x4096x6144][8x4096x6144][8x4096x6144][8x4096x6144][8x4096x6144][8x4096x6144][8x4096x6144]',,tensorop,f32,128,256,128,2,1,1,1,1,1,3,4,1,1,128,256,32,100,110,6471811072,103095992320,15,1.39404,4323.66,73955
1,CUTLASS,grouped_gemm,cutlass3x_sm100_tensorop_gemm_grouped_e4m3_e4m3_f32_bf16_e4m3_128x256x128_2x1x1_0_ttt_align16_1sm,passed,success,grouped,,,,,fe4m3:row,fe4m3:row,bf16:row,fe4m3:row,1,0,invalid,invalid,heuristic,1,false,'[8x4096x6144][8x4096x6144][8x4096x6144][8x4096x6144][8x4096x6144][8x4096x6144][8x4096x6144][8x4096x6144][8x4096x6144][8x4096x6144][8x4096x6144][8x4096x6144][8x4096x6144][8x4096x6144][8x4096x6144][8x4096x6144][8x4096x6144][8x4096x6144][8x4096x6144][8x4096x6144][8x4096x6144][8x4096x6144][8x4096x6144][8x4096x6144][8x4096x6144][8x4096x6144][8x4096x6144][8x4096x6144][8x4096x6144][8x4096x6144][8x4096x6144][8x4096x6144][8x4096x6144][8x4096x6144][8x4096x6144][8x4096x6144][8x4096x6144][8x4096x6144][8x4096x6144][8x4096x6144][8x4096x6144][8x4096x6144][8x4096x6144][8x4096x6144][8x4096x6144][8x4096x6144][8x4096x6144][8x4096x6144][8x4096x6144][8x4096x6144][8x4096x6144][8x4096x6144][8x4096x6144][8x4096x6144][8x4096x6144][8x4096x6144][8x4096x6144][8x4096x6144][8x4096x6144][8x4096x6144][8x4096x6144][8x4096x6144][8x4096x6144][8x4096x6144][8x4096x6144][8x4096x6144][8x4096x6144][8x4096x6144][8x4096x6144][8x4096x6144][8x4096x6144][8x4096x6144][8x4096x6144][8x4096x6144][8x4096x6144][8x4096x6144][8x4096x6144][8x4096x6144][8x4096x6144][8x4096x6144][8x4096x6144][8x4096x6144][8x4096x6144][8x4096x6144][8x4096x6144][8x4096x6144][8x4096x6144][8x4096x6144][8x4096x6144][8x4096x6144][8x4096x6144][8x4096x6144][8x4096x6144][8x4096x6144][8x4096x6144][8x4096x6144][8x4096x6144][8x4096x6144][8x4096x6144][8x4096x6144][8x4096x6144][8x4096x6144][8x4096x6144][8x4096x6144][8x4096x6144][8x4096x6144][8x4096x6144][8x4096x6144][8x4096x6144][8x4096x6144][8x4096x6144][8x4096x6144][8x4096x6144][8x4096x6144][8x4096x6144][8x4096x6144][8x4096x6144][8x4096x6144][8x4096x6144][8x4096x6144][8x4096x6144][8x4096x6144][8x4096x6144][8x4096x6144][8x4096x6144][8x4096x6144][8x4096x6144][8x4096x6144][8x4096x6144][8x4096x6144][8x4096x6144][8x4096x6144][8x4096x6144][8x4096x6144][8x4096x6144][8x4096x6144][8x4096x6144][8x4096x6144][8x4096x6144][8x4096x6144][8x4096x6144][8x4096x6144][8x4096x6144][8x4096x6144][8x4096x6144][8x4096x6144][8x4096x6144][8x4096x6144][8x4096x6144][8x4096x6144][8x4096x6144][8x4096x6144][8x4096x6144][8x4096x6144][8x4096x6144][8x4096x6144][8x4096x6144][8x4096x6144][8x4096x6144][8x4096x6144][8x4096x6144][8x4096x6144][8x4096x6144][8x4096x6144][8x4096x6144][8x4096x6144][8x4096x6144][8x4096x6144][8x4096x6144][8x4096x6144][8x4096x6144][8x4096x6144][8x4096x6144][8x4096x6144][8x4096x6144][8x4096x6144][8x4096x6144][8x4096x6144][8x4096x6144][8x4096x6144][8x4096x6144][8x4096x6144][8x4096x6144][8x4096x6144][8x4096x6144][8x4096x6144][8x4096x6144][8x4096x6144][8x4096x6144][8x4096x6144][8x4096x6144][8x4096x6144][8x4096x6144][8x4096x6144][8x4096x6144][8x4096x6144][8x4096x6144][8x4096x6144][8x4096x6144][8x4096x6144][8x4096x6144][8x4096x6144][8x4096x6144][8x4096x6144][8x4096x6144][8x4096x6144][8x4096x6144][8x4096x6144][8x4096x6144][8x4096x6144][8x4096x6144][8x4096x6144][8x4096x6144][8x4096x6144][8x4096x6144][8x4096x6144][8x4096x6144][8x4096x6144][8x4096x6144][8x4096x6144][8x4096x6144][8x4096x6144][8x4096x6144][8x4096x6144][8x4096x6144][8x4096x6144][8x4096x6144][8x4096x6144][8x4096x6144][8x4096x6144][8x4096x6144][8x4096x6144][8x4096x6144][8x4096x6144][8x4096x6144][8x4096x6144][8x4096x6144][8x4096x6144][8x4096x6144][8x4096x6144][8x4096x6144][8x4096x6144][8x4096x6144][8x4096x6144][8x4096x6144][8x4096x6144][8x4096x6144][8x4096x6144][8x4096x6144][8x4096x6144][8x4096x6144][8x4096x6144][8x4096x6144][8x4096x6144][8x4096x6144][8x4096x6144]',,tensorop,f32,128,256,128,2,1,1,1,1,1,3,4,1,1,128,256,32,100,110,6471811072,103095992320,15,1.33607,4511.25,77163.7
1,CUTLASS,grouped_gemm,cutlass3x_sm100_tensorop_gemm_grouped_e4m3_e4m3_f32_bf16_e4m3_128x256x128_2x1x1_0_ttt_align16_stream_k_1sm,passed,success,grouped,,,,,fe4m3:row,fe4m3:row,bf16:row,fe4m3:row,1,0,invalid,invalid,heuristic,1,false,'[8x4096x6144][8x4096x6144][8x4096x6144][8x4096x6144][8x4096x6144][8x4096x6144][8x4096x6144][8x4096x6144][8x4096x6144][8x4096x6144][8x4096x6144][8x4096x6144][8x4096x6144][8x4096x6144][8x4096x6144][8x4096x6144][8x4096x6144][8x4096x6144][8x4096x6144][8x4096x6144][8x4096x6144][8x4096x6144][8x4096x6144][8x4096x6144][8x4096x6144][8x4096x6144][8x4096x6144][8x4096x6144][8x4096x6144][8x4096x6144][8x4096x6144][8x4096x6144][8x4096x6144][8x4096x6144][8x4096x6144][8x4096x6144][8x4096x6144][8x4096x6144][8x4096x6144][8x4096x6144][8x4096x6144][8x4096x6144][8x4096x6144][8x4096x6144][8x4096x6144][8x4096x6144][8x4096x6144][8x4096x6144][8x4096x6144][8x4096x6144][8x4096x6144][8x4096x6144][8x4096x6144][8x4096x6144][8x4096x6144][8x4096x6144][8x4096x6144][8x4096x6144][8x4096x6144][8x4096x6144][8x4096x6144][8x4096x6144][8x4096x6144][8x4096x6144][8x4096x6144][8x4096x6144][8x4096x6144][8x4096x6144][8x4096x6144][8x4096x6144][8x4096x6144][8x4096x6144][8x4096x6144][8x4096x6144][8x4096x6144][8x4096x6144][8x4096x6144][8x4096x6144][8x4096x6144][8x4096x6144][8x4096x6144][8x4096x6144][8x4096x6144][8x4096x6144][8x4096x6144][8x4096x6144][8x4096x6144][8x4096x6144][8x4096x6144][8x4096x6144][8x4096x6144][8x4096x6144][8x4096x6144][8x4096x6144][8x4096x6144][8x4096x6144][8x4096x6144][8x4096x6144][8x4096x6144][8x4096x6144][8x4096x6144][8x4096x6144][8x4096x6144][8x4096x6144][8x4096x6144][8x4096x6144][8x4096x6144][8x4096x6144][8x4096x6144][8x4096x6144][8x4096x6144][8x4096x6144][8x4096x6144][8x4096x6144][8x4096x6144][8x4096x6144][8x4096x6144][8x4096x6144][8x4096x6144][8x4096x6144][8x4096x6144][8x4096x6144][8x4096x6144][8x4096x6144][8x4096x6144][8x4096x6144][8x4096x6144][8x4096x6144][8x4096x6144][8x4096x6144][8x4096x6144][8x4096x6144][8x4096x6144][8x4096x6144][8x4096x6144][8x4096x6144][8x4096x6144][8x4096x6144][8x4096x6144][8x4096x6144][8x4096x6144][8x4096x6144][8x4096x6144][8x4096x6144][8x4096x6144][8x4096x6144][8x4096x6144][8x4096x6144][8x4096x6144][8x4096x6144][8x4096x6144][8x4096x6144][8x4096x6144][8x4096x6144][8x4096x6144][8x4096x6144][8x4096x6144][8x4096x6144][8x4096x6144][8x4096x6144][8x4096x6144][8x4096x6144][8x4096x6144][8x4096x6144][8x4096x6144][8x4096x6144][8x4096x6144][8x4096x6144][8x4096x6144][8x4096x6144][8x4096x6144][8x4096x6144][8x4096x6144][8x4096x6144][8x4096x6144][8x4096x6144][8x4096x6144][8x4096x6144][8x4096x6144][8x4096x6144][8x4096x6144][8x4096x6144][8x4096x6144][8x4096x6144][8x4096x6144][8x4096x6144][8x4096x6144][8x4096x6144][8x4096x6144][8x4096x6144][8x4096x6144][8x4096x6144][8x4096x6144][8x4096x6144][8x4096x6144][8x4096x6144][8x4096x6144][8x4096x6144][8x4096x6144][8x4096x6144][8x4096x6144][8x4096x6144][8x4096x6144][8x4096x6144][8x4096x6144][8x4096x6144][8x4096x6144][8x4096x6144][8x4096x6144][8x4096x6144][8x4096x6144][8x4096x6144][8x4096x6144][8x4096x6144][8x4096x6144][8x4096x6144][8x4096x6144][8x4096x6144][8x4096x6144][8x4096x6144][8x4096x6144][8x4096x6144][8x4096x6144][8x4096x6144][8x4096x6144][8x4096x6144][8x4096x6144][8x4096x6144][8x4096x6144][8x4096x6144][8x4096x6144][8x4096x6144][8x4096x6144][8x4096x6144][8x4096x6144][8x4096x6144][8x4096x6144][8x4096x6144][8x4096x6144][8x4096x6144][8x4096x6144][8x4096x6144][8x4096x6144][8x4096x6144][8x4096x6144][8x4096x6144][8x4096x6144][8x4096x6144][8x4096x6144][8x4096x6144][8x4096x6144][8x4096x6144][8x4096x6144][8x4096x6144][8x4096x6144][8x4096x6144]',,tensorop,f32,128,256,128,2,1,1,1,1,1,3,4,1,1,128,256,32,100,110,6471811072,103095992320,15,1.33223,4524.26,77386.1
1,CUTLASS,grouped_gemm,cutlass3x_sm100_tensorop_gemm_grouped_e4m3_e4m3_f32_bf16_e4m3_128x256x128_1x4x1_0_tnt_align16_1sm,passed,success,grouped,,,,,fe4m3:row,fe4m3:column,bf16:row,fe4m3:row,1,0,invalid,invalid,heuristic,1,false,'[8x4096x6144][8x4096x6144][8x4096x6144][8x4096x6144][8x4096x6144][8x4096x6144][8x4096x6144][8x4096x6144][8x4096x6144][8x4096x6144][8x4096x6144][8x4096x6144][8x4096x6144][8x4096x6144][8x4096x6144][8x4096x6144][8x4096x6144][8x4096x6144][8x4096x6144][8x4096x6144][8x4096x6144][8x4096x6144][8x4096x6144][8x4096x6144][8x4096x6144][8x4096x6144][8x4096x6144][8x4096x6144][8x4096x6144][8x4096x6144][8x4096x6144][8x4096x6144][8x4096x6144][8x4096x6144][8x4096x6144][8x4096x6144][8x4096x6144][8x4096x6144][8x4096x6144][8x4096x6144][8x4096x6144][8x4096x6144][8x4096x6144][8x4096x6144][8x4096x6144][8x4096x6144][8x4096x6144][8x4096x6144][8x4096x6144][8x4096x6144][8x4096x6144][8x4096x6144][8x4096x6144][8x4096x6144][8x4096x6144][8x4096x6144][8x4096x6144][8x4096x6144][8x4096x6144][8x4096x6144][8x4096x6144][8x4096x6144][8x4096x6144][8x4096x6144][8x4096x6144][8x4096x6144][8x4096x6144][8x4096x6144][8x4096x6144][8x4096x6144][8x4096x6144][8x4096x6144][8x4096x6144][8x4096x6144][8x4096x6144][8x4096x6144][8x4096x6144][8x4096x6144][8x4096x6144][8x4096x6144][8x4096x6144][8x4096x6144][8x4096x6144][8x4096x6144][8x4096x6144][8x4096x6144][8x4096x6144][8x4096x6144][8x4096x6144][8x4096x6144][8x4096x6144][8x4096x6144][8x4096x6144][8x4096x6144][8x4096x6144][8x4096x6144][8x4096x6144][8x4096x6144][8x4096x6144][8x4096x6144][8x4096x6144][8x4096x6144][8x4096x6144][8x4096x6144][8x4096x6144][8x4096x6144][8x4096x6144][8x4096x6144][8x4096x6144][8x4096x6144][8x4096x6144][8x4096x6144][8x4096x6144][8x4096x6144][8x4096x6144][8x4096x6144][8x4096x6144][8x4096x6144][8x4096x6144][8x4096x6144][8x4096x6144][8x4096x6144][8x4096x6144][8x4096x6144][8x4096x6144][8x4096x6144][8x4096x6144][8x4096x6144][8x4096x6144][8x4096x6144][8x4096x6144][8x4096x6144][8x4096x6144][8x4096x6144][8x4096x6144][8x4096x6144][8x4096x6144][8x4096x6144][8x4096x6144][8x4096x6144][8x4096x6144][8x4096x6144][8x4096x6144][8x4096x6144][8x4096x6144][8x4096x6144][8x4096x6144][8x4096x6144][8x4096x6144][8x4096x6144][8x4096x6144][8x4096x6144][8x4096x6144][8x4096x6144][8x4096x6144][8x4096x6144][8x4096x6144][8x4096x6144][8x4096x6144][8x4096x6144][8x4096x6144][8x4096x6144][8x4096x6144][8x4096x6144][8x4096x6144][8x4096x6144][8x4096x6144][8x4096x6144][8x4096x6144][8x4096x6144][8x4096x6144][8x4096x6144][8x4096x6144][8x4096x6144][8x4096x6144][8x4096x6144][8x4096x6144][8x4096x6144][8x4096x6144][8x4096x6144][8x4096x6144][8x4096x6144][8x4096x6144][8x4096x6144][8x4096x6144][8x4096x6144][8x4096x6144][8x4096x6144][8x4096x6144][8x4096x6144][8x4096x6144][8x4096x6144][8x4096x6144][8x4096x6144][8x4096x6144][8x4096x6144][8x4096x6144][8x4096x6144][8x4096x6144][8x4096x6144][8x4096x6144][8x4096x6144][8x4096x6144][8x4096x6144][8x4096x6144][8x4096x6144][8x4096x6144][8x4096x6144][8x4096x6144][8x4096x6144][8x4096x6144][8x4096x6144][8x4096x6144][8x4096x6144][8x4096x6144][8x4096x6144][8x4096x6144][8x4096x6144][8x4096x6144][8x4096x6144][8x4096x6144][8x4096x6144][8x4096x6144][8x4096x6144][8x4096x6144][8x4096x6144][8x4096x6144][8x4096x6144][8x4096x6144][8x4096x6144][8x4096x6144][8x4096x6144][8x4096x6144][8x4096x6144][8x4096x6144][8x4096x6144][8x4096x6144][8x4096x6144][8x4096x6144][8x4096x6144][8x4096x6144][8x4096x6144][8x4096x6144][8x4096x6144][8x4096x6144][8x4096x6144][8x4096x6144][8x4096x6144][8x4096x6144][8x4096x6144][8x4096x6144][8x4096x6144][8x4096x6144][8x4096x6144][8x4096x6144][8x4096x6144]',,tensorop,f32,128,256,128,1,4,1,1,1,1,3,4,1,1,128,256,32,100,110,6471811072,103095992320,15,1.03037,5849.67,100057
1,CUTLASS,grouped_gemm,cutlass3x_sm100_tensorop_gemm_grouped_e4m3_e4m3_f32_bf16_e4m3_128x256x128_1x4x1_0_tnt_align16_stream_k_1sm,passed,success,grouped,,,,,fe4m3:row,fe4m3:column,bf16:row,fe4m3:row,1,0,invalid,invalid,heuristic,1,false,'[8x4096x6144][8x4096x6144][8x4096x6144][8x4096x6144][8x4096x6144][8x4096x6144][8x4096x6144][8x4096x6144][8x4096x6144][8x4096x6144][8x4096x6144][8x4096x6144][8x4096x6144][8x4096x6144][8x4096x6144][8x4096x6144][8x4096x6144][8x4096x6144][8x4096x6144][8x4096x6144][8x4096x6144][8x4096x6144][8x4096x6144][8x4096x6144][8x4096x6144][8x4096x6144][8x4096x6144][8x4096x6144][8x4096x6144][8x4096x6144][8x4096x6144][8x4096x6144][8x4096x6144][8x4096x6144][8x4096x6144][8x4096x6144][8x4096x6144][8x4096x6144][8x4096x6144][8x4096x6144][8x4096x6144][8x4096x6144][8x4096x6144][8x4096x6144][8x4096x6144][8x4096x6144][8x4096x6144][8x4096x6144][8x4096x6144][8x4096x6144][8x4096x6144][8x4096x6144][8x4096x6144][8x4096x6144][8x4096x6144][8x4096x6144][8x4096x6144][8x4096x6144][8x4096x6144][8x4096x6144][8x4096x6144][8x4096x6144][8x4096x6144][8x4096x6144][8x4096x6144][8x4096x6144][8x4096x6144][8x4096x6144][8x4096x6144][8x4096x6144][8x4096x6144][8x4096x6144][8x4096x6144][8x4096x6144][8x4096x6144][8x4096x6144][8x4096x6144][8x4096x6144][8x4096x6144][8x4096x6144][8x4096x6144][8x4096x6144][8x4096x6144][8x4096x6144][8x4096x6144][8x4096x6144][8x4096x6144][8x4096x6144][8x4096x6144][8x4096x6144][8x4096x6144][8x4096x6144][8x4096x6144][8x4096x6144][8x4096x6144][8x4096x6144][8x4096x6144][8x4096x6144][8x4096x6144][8x4096x6144][8x4096x6144][8x4096x6144][8x4096x6144][8x4096x6144][8x4096x6144][8x4096x6144][8x4096x6144][8x4096x6144][8x4096x6144][8x4096x6144][8x4096x6144][8x4096x6144][8x4096x6144][8x4096x6144][8x4096x6144][8x4096x6144][8x4096x6144][8x4096x6144][8x4096x6144][8x4096x6144][8x4096x6144][8x4096x6144][8x4096x6144][8x4096x6144][8x4096x6144][8x4096x6144][8x4096x6144][8x4096x6144][8x4096x6144][8x4096x6144][8x4096x6144][8x4096x6144][8x4096x6144][8x4096x6144][8x4096x6144][8x4096x6144][8x4096x6144][8x4096x6144][8x4096x6144][8x4096x6144][8x4096x6144][8x4096x6144][8x4096x6144][8x4096x6144][8x4096x6144][8x4096x6144][8x4096x6144][8x4096x6144][8x4096x6144][8x4096x6144][8x4096x6144][8x4096x6144][8x4096x6144][8x4096x6144][8x4096x6144][8x4096x6144][8x4096x6144][8x4096x6144][8x4096x6144][8x4096x6144][8x4096x6144][8x4096x6144][8x4096x6144][8x4096x6144][8x4096x6144][8x4096x6144][8x4096x6144][8x4096x6144][8x4096x6144][8x4096x6144][8x4096x6144][8x4096x6144][8x4096x6144][8x4096x6144][8x4096x6144][8x4096x6144][8x4096x6144][8x4096x6144][8x4096x6144][8x4096x6144][8x4096x6144][8x4096x6144][8x4096x6144][8x4096x6144][8x4096x6144][8x4096x6144][8x4096x6144][8x4096x6144][8x4096x6144][8x4096x6144][8x4096x6144][8x4096x6144][8x4096x6144][8x4096x6144][8x4096x6144][8x4096x6144][8x4096x6144][8x4096x6144][8x4096x6144][8x4096x6144][8x4096x6144][8x4096x6144][8x4096x6144][8x4096x6144][8x4096x6144][8x4096x6144][8x4096x6144][8x4096x6144][8x4096x6144][8x4096x6144][8x4096x6144][8x4096x6144][8x4096x6144][8x4096x6144][8x4096x6144][8x4096x6144][8x4096x6144][8x4096x6144][8x4096x6144][8x4096x6144][8x4096x6144][8x4096x6144][8x4096x6144][8x4096x6144][8x4096x6144][8x4096x6144][8x4096x6144][8x4096x6144][8x4096x6144][8x4096x6144][8x4096x6144][8x4096x6144][8x4096x6144][8x4096x6144][8x4096x6144][8x4096x6144][8x4096x6144][8x4096x6144][8x4096x6144][8x4096x6144][8x4096x6144][8x4096x6144][8x4096x6144][8x4096x6144][8x4096x6144][8x4096x6144][8x4096x6144][8x4096x6144][8x4096x6144][8x4096x6144][8x4096x6144][8x4096x6144][8x4096x6144][8x4096x6144][8x4096x6144][8x4096x6144]',,tensorop,f32,128,256,128,1,4,1,1,1,1,3,4,1,1,128,256,32,100,110,6471811072,103095992320,15,1.03068,5847.93,100027
1,CUTLASS,grouped_gemm,cutlass3x_sm100_tensorop_gemm_grouped_e4m3_e4m3_f32_bf16_e4m3_128x256x128_1x4x1_0_ttt_align16_1sm,passed,success,grouped,,,,,fe4m3:row,fe4m3:row,bf16:row,fe4m3:row,1,0,invalid,invalid,heuristic,1,false,'[8x4096x6144][8x4096x6144][8x4096x6144][8x4096x6144][8x4096x6144][8x4096x6144][8x4096x6144][8x4096x6144][8x4096x6144][8x4096x6144][8x4096x6144][8x4096x6144][8x4096x6144][8x4096x6144][8x4096x6144][8x4096x6144][8x4096x6144][8x4096x6144][8x4096x6144][8x4096x6144][8x4096x6144][8x4096x6144][8x4096x6144][8x4096x6144][8x4096x6144][8x4096x6144][8x4096x6144][8x4096x6144][8x4096x6144][8x4096x6144][8x4096x6144][8x4096x6144][8x4096x6144][8x4096x6144][8x4096x6144][8x4096x6144][8x4096x6144][8x4096x6144][8x4096x6144][8x4096x6144][8x4096x6144][8x4096x6144][8x4096x6144][8x4096x6144][8x4096x6144][8x4096x6144][8x4096x6144][8x4096x6144][8x4096x6144][8x4096x6144][8x4096x6144][8x4096x6144][8x4096x6144][8x4096x6144][8x4096x6144][8x4096x6144][8x4096x6144][8x4096x6144][8x4096x6144][8x4096x6144][8x4096x6144][8x4096x6144][8x4096x6144][8x4096x6144][8x4096x6144][8x4096x6144][8x4096x6144][8x4096x6144][8x4096x6144][8x4096x6144][8x4096x6144][8x4096x6144][8x4096x6144][8x4096x6144][8x4096x6144][8x4096x6144][8x4096x6144][8x4096x6144][8x4096x6144][8x4096x6144][8x4096x6144][8x4096x6144][8x4096x6144][8x4096x6144][8x4096x6144][8x4096x6144][8x4096x6144][8x4096x6144][8x4096x6144][8x4096x6144][8x4096x6144][8x4096x6144][8x4096x6144][8x4096x6144][8x4096x6144][8x4096x6144][8x4096x6144][8x4096x6144][8x4096x6144][8x4096x6144][8x4096x6144][8x4096x6144][8x4096x6144][8x4096x6144][8x4096x6144][8x4096x6144][8x4096x6144][8x4096x6144][8x4096x6144][8x4096x6144][8x4096x6144][8x4096x6144][8x4096x6144][8x4096x6144][8x4096x6144][8x4096x6144][8x4096x6144][8x4096x6144][8x4096x6144][8x4096x6144][8x4096x6144][8x4096x6144][8x4096x6144][8x4096x6144][8x4096x6144][8x4096x6144][8x4096x6144][8x4096x6144][8x4096x6144][8x4096x6144][8x4096x6144][8x4096x6144][8x4096x6144][8x4096x6144][8x4096x6144][8x4096x6144][8x4096x6144][8x4096x6144][8x4096x6144][8x4096x6144][8x4096x6144][8x4096x6144][8x4096x6144][8x4096x6144][8x4096x6144][8x4096x6144][8x4096x6144][8x4096x6144][8x4096x6144][8x4096x6144][8x4096x6144][8x4096x6144][8x4096x6144][8x4096x6144][8x4096x6144][8x4096x6144][8x4096x6144][8x4096x6144][8x4096x6144][8x4096x6144][8x4096x6144][8x4096x6144][8x4096x6144][8x4096x6144][8x4096x6144][8x4096x6144][8x4096x6144][8x4096x6144][8x4096x6144][8x4096x6144][8x4096x6144][8x4096x6144][8x4096x6144][8x4096x6144][8x4096x6144][8x4096x6144][8x4096x6144][8x4096x6144][8x4096x6144][8x4096x6144][8x4096x6144][8x4096x6144][8x4096x6144][8x4096x6144][8x4096x6144][8x4096x6144][8x4096x6144][8x4096x6144][8x4096x6144][8x4096x6144][8x4096x6144][8x4096x6144][8x4096x6144][8x4096x6144][8x4096x6144][8x4096x6144][8x4096x6144][8x4096x6144][8x4096x6144][8x4096x6144][8x4096x6144][8x4096x6144][8x4096x6144][8x4096x6144][8x4096x6144][8x4096x6144][8x4096x6144][8x4096x6144][8x4096x6144][8x4096x6144][8x4096x6144][8x4096x6144][8x4096x6144][8x4096x6144][8x4096x6144][8x4096x6144][8x4096x6144][8x4096x6144][8x4096x6144][8x4096x6144][8x4096x6144][8x4096x6144][8x4096x6144][8x4096x6144][8x4096x6144][8x4096x6144][8x4096x6144][8x4096x6144][8x4096x6144][8x4096x6144][8x4096x6144][8x4096x6144][8x4096x6144][8x4096x6144][8x4096x6144][8x4096x6144][8x4096x6144][8x4096x6144][8x4096x6144][8x4096x6144][8x4096x6144][8x4096x6144][8x4096x6144][8x4096x6144][8x4096x6144][8x4096x6144][8x4096x6144][8x4096x6144][8x4096x6144][8x4096x6144][8x4096x6144][8x4096x6144][8x4096x6144][8x4096x6144][8x4096x6144][8x4096x6144]',,tensorop,f32,128,256,128,1,4,1,1,1,1,3,4,1,1,128,256,32,100,110,6471811072,103095992320,15,0.90608,6652.11,113782
1,CUTLASS,grouped_gemm,cutlass3x_sm100_tensorop_gemm_grouped_e4m3_e4m3_f32_bf16_e4m3_128x256x128_1x4x1_0_ttt_align16_stream_k_1sm,passed,success,grouped,,,,,fe4m3:row,fe4m3:row,bf16:row,fe4m3:row,1,0,invalid,invalid,heuristic,1,false,'[8x4096x6144][8x4096x6144][8x4096x6144][8x4096x6144][8x4096x6144][8x4096x6144][8x4096x6144][8x4096x6144][8x4096x6144][8x4096x6144][8x4096x6144][8x4096x6144][8x4096x6144][8x4096x6144][8x4096x6144][8x4096x6144][8x4096x6144][8x4096x6144][8x4096x6144][8x4096x6144][8x4096x6144][8x4096x6144][8x4096x6144][8x4096x6144][8x4096x6144][8x4096x6144][8x4096x6144][8x4096x6144][8x4096x6144][8x4096x6144][8x4096x6144][8x4096x6144][8x4096x6144][8x4096x6144][8x4096x6144][8x4096x6144][8x4096x6144][8x4096x6144][8x4096x6144][8x4096x6144][8x4096x6144][8x4096x6144][8x4096x6144][8x4096x6144][8x4096x6144][8x4096x6144][8x4096x6144][8x4096x6144][8x4096x6144][8x4096x6144][8x4096x6144][8x4096x6144][8x4096x6144][8x4096x6144][8x4096x6144][8x4096x6144][8x4096x6144][8x4096x6144][8x4096x6144][8x4096x6144][8x4096x6144][8x4096x6144][8x4096x6144][8x4096x6144][8x4096x6144][8x4096x6144][8x4096x6144][8x4096x6144][8x4096x6144][8x4096x6144][8x4096x6144][8x4096x6144][8x4096x6144][8x4096x6144][8x4096x6144][8x4096x6144][8x4096x6144][8x4096x6144][8x4096x6144][8x4096x6144][8x4096x6144][8x4096x6144][8x4096x6144][8x4096x6144][8x4096x6144][8x4096x6144][8x4096x6144][8x4096x6144][8x4096x6144][8x4096x6144][8x4096x6144][8x4096x6144][8x4096x6144][8x4096x6144][8x4096x6144][8x4096x6144][8x4096x6144][8x4096x6144][8x4096x6144][8x4096x6144][8x4096x6144][8x4096x6144][8x4096x6144][8x4096x6144][8x4096x6144][8x4096x6144][8x4096x6144][8x4096x6144][8x4096x6144][8x4096x6144][8x4096x6144][8x4096x6144][8x4096x6144][8x4096x6144][8x4096x6144][8x4096x6144][8x4096x6144][8x4096x6144][8x4096x6144][8x4096x6144][8x4096x6144][8x4096x6144][8x4096x6144][8x4096x6144][8x4096x6144][8x4096x6144][8x4096x6144][8x4096x6144][8x4096x6144][8x4096x6144][8x4096x6144][8x4096x6144][8x4096x6144][8x4096x6144][8x4096x6144][8x4096x6144][8x4096x6144][8x4096x6144][8x4096x6144][8x4096x6144][8x4096x6144][8x4096x6144][8x4096x6144][8x4096x6144][8x4096x6144][8x4096x6144][8x4096x6144][8x4096x6144][8x4096x6144][8x4096x6144][8x4096x6144][8x4096x6144][8x4096x6144][8x4096x6144][8x4096x6144][8x4096x6144][8x4096x6144][8x4096x6144][8x4096x6144][8x4096x6144][8x4096x6144][8x4096x6144][8x4096x6144][8x4096x6144][8x4096x6144][8x4096x6144][8x4096x6144][8x4096x6144][8x4096x6144][8x4096x6144][8x4096x6144][8x4096x6144][8x4096x6144][8x4096x6144][8x4096x6144][8x4096x6144][8x4096x6144][8x4096x6144][8x4096x6144][8x4096x6144][8x4096x6144][8x4096x6144][8x4096x6144][8x4096x6144][8x4096x6144][8x4096x6144][8x4096x6144][8x4096x6144][8x4096x6144][8x4096x6144][8x4096x6144][8x4096x6144][8x4096x6144][8x4096x6144][8x4096x6144][8x4096x6144][8x4096x6144][8x4096x6144][8x4096x6144][8x4096x6144][8x4096x6144][8x4096x6144][8x4096x6144][8x4096x6144][8x4096x6144][8x4096x6144][8x4096x6144][8x4096x6144][8x4096x6144][8x4096x6144][8x4096x6144][8x4096x6144][8x4096x6144][8x4096x6144][8x4096x6144][8x4096x6144][8x4096x6144][8x4096x6144][8x4096x6144][8x4096x6144][8x4096x6144][8x4096x6144][8x4096x6144][8x4096x6144][8x4096x6144][8x4096x6144][8x4096x6144][8x4096x6144][8x4096x6144][8x4096x6144][8x4096x6144][8x4096x6144][8x4096x6144][8x4096x6144][8x4096x6144][8x4096x6144][8x4096x6144][8x4096x6144][8x4096x6144][8x4096x6144][8x4096x6144][8x4096x6144][8x4096x6144][8x4096x6144][8x4096x6144][8x4096x6144][8x4096x6144][8x4096x6144][8x4096x6144][8x4096x6144][8x4096x6144][8x4096x6144][8x4096x6144][8x4096x6144][8x4096x6144][8x4096x6144]',,tensorop,f32,128,256,128,1,4,1,1,1,1,3,4,1,1,128,256,32,100,110,6471811072,103095992320,15,0.904319,6665.06,114004
1,CUTLASS,grouped_gemm,cutlass3x_sm100_tensorop_gemm_grouped_e4m3_e4m3_f32_bf16_e4m3_128x256x128_4x4x1_0_tnt_align16_1sm,passed,success,grouped,,,,,fe4m3:row,fe4m3:column,bf16:row,fe4m3:row,1,0,invalid,invalid,heuristic,1,false,'[8x4096x6144][8x4096x6144][8x4096x6144][8x4096x6144][8x4096x6144][8x4096x6144][8x4096x6144][8x4096x6144][8x4096x6144][8x4096x6144][8x4096x6144][8x4096x6144][8x4096x6144][8x4096x6144][8x4096x6144][8x4096x6144][8x4096x6144][8x4096x6144][8x4096x6144][8x4096x6144][8x4096x6144][8x4096x6144][8x4096x6144][8x4096x6144][8x4096x6144][8x4096x6144][8x4096x6144][8x4096x6144][8x4096x6144][8x4096x6144][8x4096x6144][8x4096x6144][8x4096x6144][8x4096x6144][8x4096x6144][8x4096x6144][8x4096x6144][8x4096x6144][8x4096x6144][8x4096x6144][8x4096x6144][8x4096x6144][8x4096x6144][8x4096x6144][8x4096x6144][8x4096x6144][8x4096x6144][8x4096x6144][8x4096x6144][8x4096x6144][8x4096x6144][8x4096x6144][8x4096x6144][8x4096x6144][8x4096x6144][8x4096x6144][8x4096x6144][8x4096x6144][8x4096x6144][8x4096x6144][8x4096x6144][8x4096x6144][8x4096x6144][8x4096x6144][8x4096x6144][8x4096x6144][8x4096x6144][8x4096x6144][8x4096x6144][8x4096x6144][8x4096x6144][8x4096x6144][8x4096x6144][8x4096x6144][8x4096x6144][8x4096x6144][8x4096x6144][8x4096x6144][8x4096x6144][8x4096x6144][8x4096x6144][8x4096x6144][8x4096x6144][8x4096x6144][8x4096x6144][8x4096x6144][8x4096x6144][8x4096x6144][8x4096x6144][8x4096x6144][8x4096x6144][8x4096x6144][8x4096x6144][8x4096x6144][8x4096x6144][8x4096x6144][8x4096x6144][8x4096x6144][8x4096x6144][8x4096x6144][8x4096x6144][8x4096x6144][8x4096x6144][8x4096x6144][8x4096x6144][8x4096x6144][8x4096x6144][8x4096x6144][8x4096x6144][8x4096x6144][8x4096x6144][8x4096x6144][8x4096x6144][8x4096x6144][8x4096x6144][8x4096x6144][8x4096x6144][8x4096x6144][8x4096x6144][8x4096x6144][8x4096x6144][8x4096x6144][8x4096x6144][8x4096x6144][8x4096x6144][8x4096x6144][8x4096x6144][8x4096x6144][8x4096x6144][8x4096x6144][8x4096x6144][8x4096x6144][8x4096x6144][8x4096x6144][8x4096x6144][8x4096x6144][8x4096x6144][8x4096x6144][8x4096x6144][8x4096x6144][8x4096x6144][8x4096x6144][8x4096x6144][8x4096x6144][8x4096x6144][8x4096x6144][8x4096x6144][8x4096x6144][8x4096x6144][8x4096x6144][8x4096x6144][8x4096x6144][8x4096x6144][8x4096x6144][8x4096x6144][8x4096x6144][8x4096x6144][8x4096x6144][8x4096x6144][8x4096x6144][8x4096x6144][8x4096x6144][8x4096x6144][8x4096x6144][8x4096x6144][8x4096x6144][8x4096x6144][8x4096x6144][8x4096x6144][8x4096x6144][8x4096x6144][8x4096x6144][8x4096x6144][8x4096x6144][8x4096x6144][8x4096x6144][8x4096x6144][8x4096x6144][8x4096x6144][8x4096x6144][8x4096x6144][8x4096x6144][8x4096x6144][8x4096x6144][8x4096x6144][8x4096x6144][8x4096x6144][8x4096x6144][8x4096x6144][8x4096x6144][8x4096x6144][8x4096x6144][8x4096x6144][8x4096x6144][8x4096x6144][8x4096x6144][8x4096x6144][8x4096x6144][8x4096x6144][8x4096x6144][8x4096x6144][8x4096x6144][8x4096x6144][8x4096x6144][8x4096x6144][8x4096x6144][8x4096x6144][8x4096x6144][8x4096x6144][8x4096x6144][8x4096x6144][8x4096x6144][8x4096x6144][8x4096x6144][8x4096x6144][8x4096x6144][8x4096x6144][8x4096x6144][8x4096x6144][8x4096x6144][8x4096x6144][8x4096x6144][8x4096x6144][8x4096x6144][8x4096x6144][8x4096x6144][8x4096x6144][8x4096x6144][8x4096x6144][8x4096x6144][8x4096x6144][8x4096x6144][8x4096x6144][8x4096x6144][8x4096x6144][8x4096x6144][8x4096x6144][8x4096x6144][8x4096x6144][8x4096x6144][8x4096x6144][8x4096x6144][8x4096x6144][8x4096x6144][8x4096x6144][8x4096x6144][8x4096x6144][8x4096x6144][8x4096x6144][8x4096x6144][8x4096x6144][8x4096x6144][8x4096x6144][8x4096x6144][8x4096x6144][8x4096x6144]',,tensorop,f32,128,256,128,4,4,1,1,1,1,3,4,1,1,128,256,32,100,110,6471811072,103095992320,15,3.19416,1886.99,32276.4
1,CUTLASS,grouped_gemm,cutlass3x_sm100_tensorop_gemm_grouped_e4m3_e4m3_f32_bf16_e4m3_128x256x128_4x4x1_0_tnt_align16_stream_k_1sm,passed,success,grouped,,,,,fe4m3:row,fe4m3:column,bf16:row,fe4m3:row,1,0,invalid,invalid,heuristic,1,false,'[8x4096x6144][8x4096x6144][8x4096x6144][8x4096x6144][8x4096x6144][8x4096x6144][8x4096x6144][8x4096x6144][8x4096x6144][8x4096x6144][8x4096x6144][8x4096x6144][8x4096x6144][8x4096x6144][8x4096x6144][8x4096x6144][8x4096x6144][8x4096x6144][8x4096x6144][8x4096x6144][8x4096x6144][8x4096x6144][8x4096x6144][8x4096x6144][8x4096x6144][8x4096x6144][8x4096x6144][8x4096x6144][8x4096x6144][8x4096x6144][8x4096x6144][8x4096x6144][8x4096x6144][8x4096x6144][8x4096x6144][8x4096x6144][8x4096x6144][8x4096x6144][8x4096x6144][8x4096x6144][8x4096x6144][8x4096x6144][8x4096x6144][8x4096x6144][8x4096x6144][8x4096x6144][8x4096x6144][8x4096x6144][8x4096x6144][8x4096x6144][8x4096x6144][8x4096x6144][8x4096x6144][8x4096x6144][8x4096x6144][8x4096x6144][8x4096x6144][8x4096x6144][8x4096x6144][8x4096x6144][8x4096x6144][8x4096x6144][8x4096x6144][8x4096x6144][8x4096x6144][8x4096x6144][8x4096x6144][8x4096x6144][8x4096x6144][8x4096x6144][8x4096x6144][8x4096x6144][8x4096x6144][8x4096x6144][8x4096x6144][8x4096x6144][8x4096x6144][8x4096x6144][8x4096x6144][8x4096x6144][8x4096x6144][8x4096x6144][8x4096x6144][8x4096x6144][8x4096x6144][8x4096x6144][8x4096x6144][8x4096x6144][8x4096x6144][8x4096x6144][8x4096x6144][8x4096x6144][8x4096x6144][8x4096x6144][8x4096x6144][8x4096x6144][8x4096x6144][8x4096x6144][8x4096x6144][8x4096x6144][8x4096x6144][8x4096x6144][8x4096x6144][8x4096x6144][8x4096x6144][8x4096x6144][8x4096x6144][8x4096x6144][8x4096x6144][8x4096x6144][8x4096x6144][8x4096x6144][8x4096x6144][8x4096x6144][8x4096x6144][8x4096x6144][8x4096x6144][8x4096x6144][8x4096x6144][8x4096x6144][8x4096x6144][8x4096x6144][8x4096x6144][8x4096x6144][8x4096x6144][8x4096x6144][8x4096x6144][8x4096x6144][8x4096x6144][8x4096x6144][8x4096x6144][8x4096x6144][8x4096x6144][8x4096x6144][8x4096x6144][8x4096x6144][8x4096x6144][8x4096x6144][8x4096x6144][8x4096x6144][8x4096x6144][8x4096x6144][8x4096x6144][8x4096x6144][8x4096x6144][8x4096x6144][8x4096x6144][8x4096x6144][8x4096x6144][8x4096x6144][8x4096x6144][8x4096x6144][8x4096x6144][8x4096x6144][8x4096x6144][8x4096x6144][8x4096x6144][8x4096x6144][8x4096x6144][8x4096x6144][8x4096x6144][8x4096x6144][8x4096x6144][8x4096x6144][8x4096x6144][8x4096x6144][8x4096x6144][8x4096x6144][8x4096x6144][8x4096x6144][8x4096x6144][8x4096x6144][8x4096x6144][8x4096x6144][8x4096x6144][8x4096x6144][8x4096x6144][8x4096x6144][8x4096x6144][8x4096x6144][8x4096x6144][8x4096x6144][8x4096x6144][8x4096x6144][8x4096x6144][8x4096x6144][8x4096x6144][8x4096x6144][8x4096x6144][8x4096x6144][8x4096x6144][8x4096x6144][8x4096x6144][8x4096x6144][8x4096x6144][8x4096x6144][8x4096x6144][8x4096x6144][8x4096x6144][8x4096x6144][8x4096x6144][8x4096x6144][8x4096x6144][8x4096x6144][8x4096x6144][8x4096x6144][8x4096x6144][8x4096x6144][8x4096x6144][8x4096x6144][8x4096x6144][8x4096x6144][8x4096x6144][8x4096x6144][8x4096x6144][8x4096x6144][8x4096x6144][8x4096x6144][8x4096x6144][8x4096x6144][8x4096x6144][8x4096x6144][8x4096x6144][8x4096x6144][8x4096x6144][8x4096x6144][8x4096x6144][8x4096x6144][8x4096x6144][8x4096x6144][8x4096x6144][8x4096x6144][8x4096x6144][8x4096x6144][8x4096x6144][8x4096x6144][8x4096x6144][8x4096x6144][8x4096x6144][8x4096x6144][8x4096x6144][8x4096x6144][8x4096x6144][8x4096x6144][8x4096x6144][8x4096x6144][8x4096x6144][8x4096x6144][8x4096x6144][8x4096x6144][8x4096x6144][8x4096x6144][8x4096x6144][8x4096x6144][8x4096x6144][8x4096x6144]',,tensorop,f32,128,256,128,4,4,1,1,1,1,3,4,1,1,128,256,32,100,110,6471811072,103095992320,15,3.19451,1886.78,32272.9
1,CUTLASS,grouped_gemm,cutlass3x_sm100_tensorop_gemm_grouped_e4m3_e4m3_f32_bf16_e4m3_128x256x128_4x4x1_0_ttt_align16_1sm,passed,success,grouped,,,,,fe4m3:row,fe4m3:row,bf16:row,fe4m3:row,1,0,invalid,invalid,heuristic,1,false,'[8x4096x6144][8x4096x6144][8x4096x6144][8x4096x6144][8x4096x6144][8x4096x6144][8x4096x6144][8x4096x6144][8x4096x6144][8x4096x6144][8x4096x6144][8x4096x6144][8x4096x6144][8x4096x6144][8x4096x6144][8x4096x6144][8x4096x6144][8x4096x6144][8x4096x6144][8x4096x6144][8x4096x6144][8x4096x6144][8x4096x6144][8x4096x6144][8x4096x6144][8x4096x6144][8x4096x6144][8x4096x6144][8x4096x6144][8x4096x6144][8x4096x6144][8x4096x6144][8x4096x6144][8x4096x6144][8x4096x6144][8x4096x6144][8x4096x6144][8x4096x6144][8x4096x6144][8x4096x6144][8x4096x6144][8x4096x6144][8x4096x6144][8x4096x6144][8x4096x6144][8x4096x6144][8x4096x6144][8x4096x6144][8x4096x6144][8x4096x6144][8x4096x6144][8x4096x6144][8x4096x6144][8x4096x6144][8x4096x6144][8x4096x6144][8x4096x6144][8x4096x6144][8x4096x6144][8x4096x6144][8x4096x6144][8x4096x6144][8x4096x6144][8x4096x6144][8x4096x6144][8x4096x6144][8x4096x6144][8x4096x6144][8x4096x6144][8x4096x6144][8x4096x6144][8x4096x6144][8x4096x6144][8x4096x6144][8x4096x6144][8x4096x6144][8x4096x6144][8x4096x6144][8x4096x6144][8x4096x6144][8x4096x6144][8x4096x6144][8x4096x6144][8x4096x6144][8x4096x6144][8x4096x6144][8x4096x6144][8x4096x6144][8x4096x6144][8x4096x6144][8x4096x6144][8x4096x6144][8x4096x6144][8x4096x6144][8x4096x6144][8x4096x6144][8x4096x6144][8x4096x6144][8x4096x6144][8x4096x6144][8x4096x6144][8x4096x6144][8x4096x6144][8x4096x6144][8x4096x6144][8x4096x6144][8x4096x6144][8x4096x6144][8x4096x6144][8x4096x6144][8x4096x6144][8x4096x6144][8x4096x6144][8x4096x6144][8x4096x6144][8x4096x6144][8x4096x6144][8x4096x6144][8x4096x6144][8x4096x6144][8x4096x6144][8x4096x6144][8x4096x6144][8x4096x6144][8x4096x6144][8x4096x6144][8x4096x6144][8x4096x6144][8x4096x6144][8x4096x6144][8x4096x6144][8x4096x6144][8x4096x6144][8x4096x6144][8x4096x6144][8x4096x6144][8x4096x6144][8x4096x6144][8x4096x6144][8x4096x6144][8x4096x6144][8x4096x6144][8x4096x6144][8x4096x6144][8x4096x6144][8x4096x6144][8x4096x6144][8x4096x6144][8x4096x6144][8x4096x6144][8x4096x6144][8x4096x6144][8x4096x6144][8x4096x6144][8x4096x6144][8x4096x6144][8x4096x6144][8x4096x6144][8x4096x6144][8x4096x6144][8x4096x6144][8x4096x6144][8x4096x6144][8x4096x6144][8x4096x6144][8x4096x6144][8x4096x6144][8x4096x6144][8x4096x6144][8x4096x6144][8x4096x6144][8x4096x6144][8x4096x6144][8x4096x6144][8x4096x6144][8x4096x6144][8x4096x6144][8x4096x6144][8x4096x6144][8x4096x6144][8x4096x6144][8x4096x6144][8x4096x6144][8x4096x6144][8x4096x6144][8x4096x6144][8x4096x6144][8x4096x6144][8x4096x6144][8x4096x6144][8x4096x6144][8x4096x6144][8x4096x6144][8x4096x6144][8x4096x6144][8x4096x6144][8x4096x6144][8x4096x6144][8x4096x6144][8x4096x6144][8x4096x6144][8x4096x6144][8x4096x6144][8x4096x6144][8x4096x6144][8x4096x6144][8x4096x6144][8x4096x6144][8x4096x6144][8x4096x6144][8x4096x6144][8x4096x6144][8x4096x6144][8x4096x6144][8x4096x6144][8x4096x6144][8x4096x6144][8x4096x6144][8x4096x6144][8x4096x6144][8x4096x6144][8x4096x6144][8x4096x6144][8x4096x6144][8x4096x6144][8x4096x6144][8x4096x6144][8x4096x6144][8x4096x6144][8x4096x6144][8x4096x6144][8x4096x6144][8x4096x6144][8x4096x6144][8x4096x6144][8x4096x6144][8x4096x6144][8x4096x6144][8x4096x6144][8x4096x6144][8x4096x6144][8x4096x6144][8x4096x6144][8x4096x6144][8x4096x6144][8x4096x6144][8x4096x6144][8x4096x6144][8x4096x6144][8x4096x6144][8x4096x6144][8x4096x6144][8x4096x6144][8x4096x6144][8x4096x6144][8x4096x6144]',,tensorop,f32,128,256,128,4,4,1,1,1,1,3,4,1,1,128,256,32,100,110,6471811072,103095992320,15,2.98958,2016.12,34485.1
1,CUTLASS,grouped_gemm,cutlass3x_sm100_tensorop_gemm_grouped_e4m3_e4m3_f32_bf16_e4m3_128x256x128_4x4x1_0_ttt_align16_stream_k_1sm,passed,success,grouped,,,,,fe4m3:row,fe4m3:row,bf16:row,fe4m3:row,1,0,invalid,invalid,heuristic,1,false,'[8x4096x6144][8x4096x6144][8x4096x6144][8x4096x6144][8x4096x6144][8x4096x6144][8x4096x6144][8x4096x6144][8x4096x6144][8x4096x6144][8x4096x6144][8x4096x6144][8x4096x6144][8x4096x6144][8x4096x6144][8x4096x6144][8x4096x6144][8x4096x6144][8x4096x6144][8x4096x6144][8x4096x6144][8x4096x6144][8x4096x6144][8x4096x6144][8x4096x6144][8x4096x6144][8x4096x6144][8x4096x6144][8x4096x6144][8x4096x6144][8x4096x6144][8x4096x6144][8x4096x6144][8x4096x6144][8x4096x6144][8x4096x6144][8x4096x6144][8x4096x6144][8x4096x6144][8x4096x6144][8x4096x6144][8x4096x6144][8x4096x6144][8x4096x6144][8x4096x6144][8x4096x6144][8x4096x6144][8x4096x6144][8x4096x6144][8x4096x6144][8x4096x6144][8x4096x6144][8x4096x6144][8x4096x6144][8x4096x6144][8x4096x6144][8x4096x6144][8x4096x6144][8x4096x6144][8x4096x6144][8x4096x6144][8x4096x6144][8x4096x6144][8x4096x6144][8x4096x6144][8x4096x6144][8x4096x6144][8x4096x6144][8x4096x6144][8x4096x6144][8x4096x6144][8x4096x6144][8x4096x6144][8x4096x6144][8x4096x6144][8x4096x6144][8x4096x6144][8x4096x6144][8x4096x6144][8x4096x6144][8x4096x6144][8x4096x6144][8x4096x6144][8x4096x6144][8x4096x6144][8x4096x6144][8x4096x6144][8x4096x6144][8x4096x6144][8x4096x6144][8x4096x6144][8x4096x6144][8x4096x6144][8x4096x6144][8x4096x6144][8x4096x6144][8x4096x6144][8x4096x6144][8x4096x6144][8x4096x6144][8x4096x6144][8x4096x6144][8x4096x6144][8x4096x6144][8x4096x6144][8x4096x6144][8x4096x6144][8x4096x6144][8x4096x6144][8x4096x6144][8x4096x6144][8x4096x6144][8x4096x6144][8x4096x6144][8x4096x6144][8x4096x6144][8x4096x6144][8x4096x6144][8x4096x6144][8x4096x6144][8x4096x6144][8x4096x6144][8x4096x6144][8x4096x6144][8x4096x6144][8x4096x6144][8x4096x6144][8x4096x6144][8x4096x6144][8x4096x6144][8x4096x6144][8x4096x6144][8x4096x6144][8x4096x6144][8x4096x6144][8x4096x6144][8x4096x6144][8x4096x6144][8x4096x6144][8x4096x6144][8x4096x6144][8x4096x6144][8x4096x6144][8x4096x6144][8x4096x6144][8x4096x6144][8x4096x6144][8x4096x6144][8x4096x6144][8x4096x6144][8x4096x6144][8x4096x6144][8x4096x6144][8x4096x6144][8x4096x6144][8x4096x6144][8x4096x6144][8x4096x6144][8x4096x6144][8x4096x6144][8x4096x6144][8x4096x6144][8x4096x6144][8x4096x6144][8x4096x6144][8x4096x6144][8x4096x6144][8x4096x6144][8x4096x6144][8x4096x6144][8x4096x6144][8x4096x6144][8x4096x6144][8x4096x6144][8x4096x6144][8x4096x6144][8x4096x6144][8x4096x6144][8x4096x6144][8x4096x6144][8x4096x6144][8x4096x6144][8x4096x6144][8x4096x6144][8x4096x6144][8x4096x6144][8x4096x6144][8x4096x6144][8x4096x6144][8x4096x6144][8x4096x6144][8x4096x6144][8x4096x6144][8x4096x6144][8x4096x6144][8x4096x6144][8x4096x6144][8x4096x6144][8x4096x6144][8x4096x6144][8x4096x6144][8x4096x6144][8x4096x6144][8x4096x6144][8x4096x6144][8x4096x6144][8x4096x6144][8x4096x6144][8x4096x6144][8x4096x6144][8x4096x6144][8x4096x6144][8x4096x6144][8x4096x6144][8x4096x6144][8x4096x6144][8x4096x6144][8x4096x6144][8x4096x6144][8x4096x6144][8x4096x6144][8x4096x6144][8x4096x6144][8x4096x6144][8x4096x6144][8x4096x6144][8x4096x6144][8x4096x6144][8x4096x6144][8x4096x6144][8x4096x6144][8x4096x6144][8x4096x6144][8x4096x6144][8x4096x6144][8x4096x6144][8x4096x6144][8x4096x6144][8x4096x6144][8x4096x6144][8x4096x6144][8x4096x6144][8x4096x6144][8x4096x6144][8x4096x6144][8x4096x6144][8x4096x6144][8x4096x6144][8x4096x6144][8x4096x6144][8x4096x6144][8x4096x6144][8x4096x6144][8x4096x6144][8x4096x6144][8x4096x6144]',,tensorop,f32,128,256,128,4,4,1,1,1,1,3,4,1,1,128,256,32,100,110,6471811072,103095992320,15,2.99038,2015.58,34475.9
1,CUTLASS,grouped_gemm,cutlass3x_sm100_tensorop_gemm_grouped_e4m3_e4m3_f32_bf16_e4m3_128x128x128_0x0x1_0_tnt_align16_2sm_epi_tma,passed,success,grouped,,,,,fe4m3:row,fe4m3:column,bf16:row,fe4m3:row,1,0,invalid,invalid,heuristic,1,false,'[8x4096x6144][8x4096x6144][8x4096x6144][8x4096x6144][8x4096x6144][8x4096x6144][8x4096x6144][8x4096x6144][8x4096x6144][8x4096x6144][8x4096x6144][8x4096x6144][8x4096x6144][8x4096x6144][8x4096x6144][8x4096x6144][8x4096x6144][8x4096x6144][8x4096x6144][8x4096x6144][8x4096x6144][8x4096x6144][8x4096x6144][8x4096x6144][8x4096x6144][8x4096x6144][8x4096x6144][8x4096x6144][8x4096x6144][8x4096x6144][8x4096x6144][8x4096x6144][8x4096x6144][8x4096x6144][8x4096x6144][8x4096x6144][8x4096x6144][8x4096x6144][8x4096x6144][8x4096x6144][8x4096x6144][8x4096x6144][8x4096x6144][8x4096x6144][8x4096x6144][8x4096x6144][8x4096x6144][8x4096x6144][8x4096x6144][8x4096x6144][8x4096x6144][8x4096x6144][8x4096x6144][8x4096x6144][8x4096x6144][8x4096x6144][8x4096x6144][8x4096x6144][8x4096x6144][8x4096x6144][8x4096x6144][8x4096x6144][8x4096x6144][8x4096x6144][8x4096x6144][8x4096x6144][8x4096x6144][8x4096x6144][8x4096x6144][8x4096x6144][8x4096x6144][8x4096x6144][8x4096x6144][8x4096x6144][8x4096x6144][8x4096x6144][8x4096x6144][8x4096x6144][8x4096x6144][8x4096x6144][8x4096x6144][8x4096x6144][8x4096x6144][8x4096x6144][8x4096x6144][8x4096x6144][8x4096x6144][8x4096x6144][8x4096x6144][8x4096x6144][8x4096x6144][8x4096x6144][8x4096x6144][8x4096x6144][8x4096x6144][8x4096x6144][8x4096x6144][8x4096x6144][8x4096x6144][8x4096x6144][8x4096x6144][8x4096x6144][8x4096x6144][8x4096x6144][8x4096x6144][8x4096x6144][8x4096x6144][8x4096x6144][8x4096x6144][8x4096x6144][8x4096x6144][8x4096x6144][8x4096x6144][8x4096x6144][8x4096x6144][8x4096x6144][8x4096x6144][8x4096x6144][8x4096x6144][8x4096x6144][8x4096x6144][8x4096x6144][8x4096x6144][8x4096x6144][8x4096x6144][8x4096x6144][8x4096x6144][8x4096x6144][8x4096x6144][8x4096x6144][8x4096x6144][8x4096x6144][8x4096x6144][8x4096x6144][8x4096x6144][8x4096x6144][8x4096x6144][8x4096x6144][8x4096x6144][8x4096x6144][8x4096x6144][8x4096x6144][8x4096x6144][8x4096x6144][8x4096x6144][8x4096x6144][8x4096x6144][8x4096x6144][8x4096x6144][8x4096x6144][8x4096x6144][8x4096x6144][8x4096x6144][8x4096x6144][8x4096x6144][8x4096x6144][8x4096x6144][8x4096x6144][8x4096x6144][8x4096x6144][8x4096x6144][8x4096x6144][8x4096x6144][8x4096x6144][8x4096x6144][8x4096x6144][8x4096x6144][8x4096x6144][8x4096x6144][8x4096x6144][8x4096x6144][8x4096x6144][8x4096x6144][8x4096x6144][8x4096x6144][8x4096x6144][8x4096x6144][8x4096x6144][8x4096x6144][8x4096x6144][8x4096x6144][8x4096x6144][8x4096x6144][8x4096x6144][8x4096x6144][8x4096x6144][8x4096x6144][8x4096x6144][8x4096x6144][8x4096x6144][8x4096x6144][8x4096x6144][8x4096x6144][8x4096x6144][8x4096x6144][8x4096x6144][8x4096x6144][8x4096x6144][8x4096x6144][8x4096x6144][8x4096x6144][8x4096x6144][8x4096x6144][8x4096x6144][8x4096x6144][8x4096x6144][8x4096x6144][8x4096x6144][8x4096x6144][8x4096x6144][8x4096x6144][8x4096x6144][8x4096x6144][8x4096x6144][8x4096x6144][8x4096x6144][8x4096x6144][8x4096x6144][8x4096x6144][8x4096x6144][8x4096x6144][8x4096x6144][8x4096x6144][8x4096x6144][8x4096x6144][8x4096x6144][8x4096x6144][8x4096x6144][8x4096x6144][8x4096x6144][8x4096x6144][8x4096x6144][8x4096x6144][8x4096x6144][8x4096x6144][8x4096x6144][8x4096x6144][8x4096x6144][8x4096x6144][8x4096x6144][8x4096x6144][8x4096x6144][8x4096x6144][8x4096x6144][8x4096x6144][8x4096x6144][8x4096x6144][8x4096x6144][8x4096x6144][8x4096x6144][8x4096x6144][8x4096x6144][8x4096x6144][8x4096x6144][8x4096x6144][8x4096x6144]',,tensorop,f32,128,128,128,2,1,1,2,1,1,12,4,1,1,128,128,32,100,110,6471811072,103095992320,15,1.00784,5980.47,102294
1,CUTLASS,grouped_gemm,cutlass3x_sm100_tensorop_gemm_grouped_e4m3_e4m3_f32_bf16_e4m3_128x128x128_0x0x1_0_tnt_align16_stream_k_2sm_epi_tma,passed,success,grouped,,,,,fe4m3:row,fe4m3:column,bf16:row,fe4m3:row,1,0,invalid,invalid,heuristic,1,false,'[8x4096x6144][8x4096x6144][8x4096x6144][8x4096x6144][8x4096x6144][8x4096x6144][8x4096x6144][8x4096x6144][8x4096x6144][8x4096x6144][8x4096x6144][8x4096x6144][8x4096x6144][8x4096x6144][8x4096x6144][8x4096x6144][8x4096x6144][8x4096x6144][8x4096x6144][8x4096x6144][8x4096x6144][8x4096x6144][8x4096x6144][8x4096x6144][8x4096x6144][8x4096x6144][8x4096x6144][8x4096x6144][8x4096x6144][8x4096x6144][8x4096x6144][8x4096x6144][8x4096x6144][8x4096x6144][8x4096x6144][8x4096x6144][8x4096x6144][8x4096x6144][8x4096x6144][8x4096x6144][8x4096x6144][8x4096x6144][8x4096x6144][8x4096x6144][8x4096x6144][8x4096x6144][8x4096x6144][8x4096x6144][8x4096x6144][8x4096x6144][8x4096x6144][8x4096x6144][8x4096x6144][8x4096x6144][8x4096x6144][8x4096x6144][8x4096x6144][8x4096x6144][8x4096x6144][8x4096x6144][8x4096x6144][8x4096x6144][8x4096x6144][8x4096x6144][8x4096x6144][8x4096x6144][8x4096x6144][8x4096x6144][8x4096x6144][8x4096x6144][8x4096x6144][8x4096x6144][8x4096x6144][8x4096x6144][8x4096x6144][8x4096x6144][8x4096x6144][8x4096x6144][8x4096x6144][8x4096x6144][8x4096x6144][8x4096x6144][8x4096x6144][8x4096x6144][8x4096x6144][8x4096x6144][8x4096x6144][8x4096x6144][8x4096x6144][8x4096x6144][8x4096x6144][8x4096x6144][8x4096x6144][8x4096x6144][8x4096x6144][8x4096x6144][8x4096x6144][8x4096x6144][8x4096x6144][8x4096x6144][8x4096x6144][8x4096x6144][8x4096x6144][8x4096x6144][8x4096x6144][8x4096x6144][8x4096x6144][8x4096x6144][8x4096x6144][8x4096x6144][8x4096x6144][8x4096x6144][8x4096x6144][8x4096x6144][8x4096x6144][8x4096x6144][8x4096x6144][8x4096x6144][8x4096x6144][8x4096x6144][8x4096x6144][8x4096x6144][8x4096x6144][8x4096x6144][8x4096x6144][8x4096x6144][8x4096x6144][8x4096x6144][8x4096x6144][8x4096x6144][8x4096x6144][8x4096x6144][8x4096x6144][8x4096x6144][8x4096x6144][8x4096x6144][8x4096x6144][8x4096x6144][8x4096x6144][8x4096x6144][8x4096x6144][8x4096x6144][8x4096x6144][8x4096x6144][8x4096x6144][8x4096x6144][8x4096x6144][8x4096x6144][8x4096x6144][8x4096x6144][8x4096x6144][8x4096x6144][8x4096x6144][8x4096x6144][8x4096x6144][8x4096x6144][8x4096x6144][8x4096x6144][8x4096x6144][8x4096x6144][8x4096x6144][8x4096x6144][8x4096x6144][8x4096x6144][8x4096x6144][8x4096x6144][8x4096x6144][8x4096x6144][8x4096x6144][8x4096x6144][8x4096x6144][8x4096x6144][8x4096x6144][8x4096x6144][8x4096x6144][8x4096x6144][8x4096x6144][8x4096x6144][8x4096x6144][8x4096x6144][8x4096x6144][8x4096x6144][8x4096x6144][8x4096x6144][8x4096x6144][8x4096x6144][8x4096x6144][8x4096x6144][8x4096x6144][8x4096x6144][8x4096x6144][8x4096x6144][8x4096x6144][8x4096x6144][8x4096x6144][8x4096x6144][8x4096x6144][8x4096x6144][8x4096x6144][8x4096x6144][8x4096x6144][8x4096x6144][8x4096x6144][8x4096x6144][8x4096x6144][8x4096x6144][8x4096x6144][8x4096x6144][8x4096x6144][8x4096x6144][8x4096x6144][8x4096x6144][8x4096x6144][8x4096x6144][8x4096x6144][8x4096x6144][8x4096x6144][8x4096x6144][8x4096x6144][8x4096x6144][8x4096x6144][8x4096x6144][8x4096x6144][8x4096x6144][8x4096x6144][8x4096x6144][8x4096x6144][8x4096x6144][8x4096x6144][8x4096x6144][8x4096x6144][8x4096x6144][8x4096x6144][8x4096x6144][8x4096x6144][8x4096x6144][8x4096x6144][8x4096x6144][8x4096x6144][8x4096x6144][8x4096x6144][8x4096x6144][8x4096x6144][8x4096x6144][8x4096x6144][8x4096x6144][8x4096x6144][8x4096x6144][8x4096x6144][8x4096x6144][8x4096x6144][8x4096x6144][8x4096x6144][8x4096x6144][8x4096x6144][8x4096x6144]',,tensorop,f32,128,128,128,2,1,1,2,1,1,12,4,1,1,128,128,32,100,110,6471811072,103095992320,15,1.00474,5998.89,102609
1,CUTLASS,grouped_gemm,cutlass3x_sm100_tensorop_gemm_grouped_e4m3_e4m3_f32_bf16_e4m3_128x128x128_2x1x1_0_tnt_align16_2sm_epi_tma,passed,success,grouped,,,,,fe4m3:row,fe4m3:column,bf16:row,fe4m3:row,1,0,invalid,invalid,heuristic,1,false,'[8x4096x6144][8x4096x6144][8x4096x6144][8x4096x6144][8x4096x6144][8x4096x6144][8x4096x6144][8x4096x6144][8x4096x6144][8x4096x6144][8x4096x6144][8x4096x6144][8x4096x6144][8x4096x6144][8x4096x6144][8x4096x6144][8x4096x6144][8x4096x6144][8x4096x6144][8x4096x6144][8x4096x6144][8x4096x6144][8x4096x6144][8x4096x6144][8x4096x6144][8x4096x6144][8x4096x6144][8x4096x6144][8x4096x6144][8x4096x6144][8x4096x6144][8x4096x6144][8x4096x6144][8x4096x6144][8x4096x6144][8x4096x6144][8x4096x6144][8x4096x6144][8x4096x6144][8x4096x6144][8x4096x6144][8x4096x6144][8x4096x6144][8x4096x6144][8x4096x6144][8x4096x6144][8x4096x6144][8x4096x6144][8x4096x6144][8x4096x6144][8x4096x6144][8x4096x6144][8x4096x6144][8x4096x6144][8x4096x6144][8x4096x6144][8x4096x6144][8x4096x6144][8x4096x6144][8x4096x6144][8x4096x6144][8x4096x6144][8x4096x6144][8x4096x6144][8x4096x6144][8x4096x6144][8x4096x6144][8x4096x6144][8x4096x6144][8x4096x6144][8x4096x6144][8x4096x6144][8x4096x6144][8x4096x6144][8x4096x6144][8x4096x6144][8x4096x6144][8x4096x6144][8x4096x6144][8x4096x6144][8x4096x6144][8x4096x6144][8x4096x6144][8x4096x6144][8x4096x6144][8x4096x6144][8x4096x6144][8x4096x6144][8x4096x6144][8x4096x6144][8x4096x6144][8x4096x6144][8x4096x6144][8x4096x6144][8x4096x6144][8x4096x6144][8x4096x6144][8x4096x6144][8x4096x6144][8x4096x6144][8x4096x6144][8x4096x6144][8x4096x6144][8x4096x6144][8x4096x6144][8x4096x6144][8x4096x6144][8x4096x6144][8x4096x6144][8x4096x6144][8x4096x6144][8x4096x6144][8x4096x6144][8x4096x6144][8x4096x6144][8x4096x6144][8x4096x6144][8x4096x6144][8x4096x6144][8x4096x6144][8x4096x6144][8x4096x6144][8x4096x6144][8x4096x6144][8x4096x6144][8x4096x6144][8x4096x6144][8x4096x6144][8x4096x6144][8x4096x6144][8x4096x6144][8x4096x6144][8x4096x6144][8x4096x6144][8x4096x6144][8x4096x6144][8x4096x6144][8x4096x6144][8x4096x6144][8x4096x6144][8x4096x6144][8x4096x6144][8x4096x6144][8x4096x6144][8x4096x6144][8x4096x6144][8x4096x6144][8x4096x6144][8x4096x6144][8x4096x6144][8x4096x6144][8x4096x6144][8x4096x6144][8x4096x6144][8x4096x6144][8x4096x6144][8x4096x6144][8x4096x6144][8x4096x6144][8x4096x6144][8x4096x6144][8x4096x6144][8x4096x6144][8x4096x6144][8x4096x6144][8x4096x6144][8x4096x6144][8x4096x6144][8x4096x6144][8x4096x6144][8x4096x6144][8x4096x6144][8x4096x6144][8x4096x6144][8x4096x6144][8x4096x6144][8x4096x6144][8x4096x6144][8x4096x6144][8x4096x6144][8x4096x6144][8x4096x6144][8x4096x6144][8x4096x6144][8x4096x6144][8x4096x6144][8x4096x6144][8x4096x6144][8x4096x6144][8x4096x6144][8x4096x6144][8x4096x6144][8x4096x6144][8x4096x6144][8x4096x6144][8x4096x6144][8x4096x6144][8x4096x6144][8x4096x6144][8x4096x6144][8x4096x6144][8x4096x6144][8x4096x6144][8x4096x6144][8x4096x6144][8x4096x6144][8x4096x6144][8x4096x6144][8x4096x6144][8x4096x6144][8x4096x6144][8x4096x6144][8x4096x6144][8x4096x6144][8x4096x6144][8x4096x6144][8x4096x6144][8x4096x6144][8x4096x6144][8x4096x6144][8x4096x6144][8x4096x6144][8x4096x6144][8x4096x6144][8x4096x6144][8x4096x6144][8x4096x6144][8x4096x6144][8x4096x6144][8x4096x6144][8x4096x6144][8x4096x6144][8x4096x6144][8x4096x6144][8x4096x6144][8x4096x6144][8x4096x6144][8x4096x6144][8x4096x6144][8x4096x6144][8x4096x6144][8x4096x6144][8x4096x6144][8x4096x6144][8x4096x6144][8x4096x6144][8x4096x6144][8x4096x6144][8x4096x6144][8x4096x6144][8x4096x6144][8x4096x6144][8x4096x6144][8x4096x6144][8x4096x6144][8x4096x6144]',,tensorop,f32,128,128,128,2,1,1,2,1,1,12,4,1,1,128,128,32,100,110,6471811072,103095992320,15,1.00522,5996.02,102560
1,CUTLASS,grouped_gemm,cutlass3x_sm100_tensorop_gemm_grouped_e4m3_e4m3_f32_bf16_e4m3_128x128x128_2x1x1_0_tnt_align16_stream_k_2sm_epi_tma,passed,success,grouped,,,,,fe4m3:row,fe4m3:column,bf16:row,fe4m3:row,1,0,invalid,invalid,heuristic,1,false,'[8x4096x6144][8x4096x6144][8x4096x6144][8x4096x6144][8x4096x6144][8x4096x6144][8x4096x6144][8x4096x6144][8x4096x6144][8x4096x6144][8x4096x6144][8x4096x6144][8x4096x6144][8x4096x6144][8x4096x6144][8x4096x6144][8x4096x6144][8x4096x6144][8x4096x6144][8x4096x6144][8x4096x6144][8x4096x6144][8x4096x6144][8x4096x6144][8x4096x6144][8x4096x6144][8x4096x6144][8x4096x6144][8x4096x6144][8x4096x6144][8x4096x6144][8x4096x6144][8x4096x6144][8x4096x6144][8x4096x6144][8x4096x6144][8x4096x6144][8x4096x6144][8x4096x6144][8x4096x6144][8x4096x6144][8x4096x6144][8x4096x6144][8x4096x6144][8x4096x6144][8x4096x6144][8x4096x6144][8x4096x6144][8x4096x6144][8x4096x6144][8x4096x6144][8x4096x6144][8x4096x6144][8x4096x6144][8x4096x6144][8x4096x6144][8x4096x6144][8x4096x6144][8x4096x6144][8x4096x6144][8x4096x6144][8x4096x6144][8x4096x6144][8x4096x6144][8x4096x6144][8x4096x6144][8x4096x6144][8x4096x6144][8x4096x6144][8x4096x6144][8x4096x6144][8x4096x6144][8x4096x6144][8x4096x6144][8x4096x6144][8x4096x6144][8x4096x6144][8x4096x6144][8x4096x6144][8x4096x6144][8x4096x6144][8x4096x6144][8x4096x6144][8x4096x6144][8x4096x6144][8x4096x6144][8x4096x6144][8x4096x6144][8x4096x6144][8x4096x6144][8x4096x6144][8x4096x6144][8x4096x6144][8x4096x6144][8x4096x6144][8x4096x6144][8x4096x6144][8x4096x6144][8x4096x6144][8x4096x6144][8x4096x6144][8x4096x6144][8x4096x6144][8x4096x6144][8x4096x6144][8x4096x6144][8x4096x6144][8x4096x6144][8x4096x6144][8x4096x6144][8x4096x6144][8x4096x6144][8x4096x6144][8x4096x6144][8x4096x6144][8x4096x6144][8x4096x6144][8x4096x6144][8x4096x6144][8x4096x6144][8x4096x6144][8x4096x6144][8x4096x6144][8x4096x6144][8x4096x6144][8x4096x6144][8x4096x6144][8x4096x6144][8x4096x6144][8x4096x6144][8x4096x6144][8x4096x6144][8x4096x6144][8x4096x6144][8x4096x6144][8x4096x6144][8x4096x6144][8x4096x6144][8x4096x6144][8x4096x6144][8x4096x6144][8x4096x6144][8x4096x6144][8x4096x6144][8x4096x6144][8x4096x6144][8x4096x6144][8x4096x6144][8x4096x6144][8x4096x6144][8x4096x6144][8x4096x6144][8x4096x6144][8x4096x6144][8x4096x6144][8x4096x6144][8x4096x6144][8x4096x6144][8x4096x6144][8x4096x6144][8x4096x6144][8x4096x6144][8x4096x6144][8x4096x6144][8x4096x6144][8x4096x6144][8x4096x6144][8x4096x6144][8x4096x6144][8x4096x6144][8x4096x6144][8x4096x6144][8x4096x6144][8x4096x6144][8x4096x6144][8x4096x6144][8x4096x6144][8x4096x6144][8x4096x6144][8x4096x6144][8x4096x6144][8x4096x6144][8x4096x6144][8x4096x6144][8x4096x6144][8x4096x6144][8x4096x6144][8x4096x6144][8x4096x6144][8x4096x6144][8x4096x6144][8x4096x6144][8x4096x6144][8x4096x6144][8x4096x6144][8x4096x6144][8x4096x6144][8x4096x6144][8x4096x6144][8x4096x6144][8x4096x6144][8x4096x6144][8x4096x6144][8x4096x6144][8x4096x6144][8x4096x6144][8x4096x6144][8x4096x6144][8x4096x6144][8x4096x6144][8x4096x6144][8x4096x6144][8x4096x6144][8x4096x6144][8x4096x6144][8x4096x6144][8x4096x6144][8x4096x6144][8x4096x6144][8x4096x6144][8x4096x6144][8x4096x6144][8x4096x6144][8x4096x6144][8x4096x6144][8x4096x6144][8x4096x6144][8x4096x6144][8x4096x6144][8x4096x6144][8x4096x6144][8x4096x6144][8x4096x6144][8x4096x6144][8x4096x6144][8x4096x6144][8x4096x6144][8x4096x6144][8x4096x6144][8x4096x6144][8x4096x6144][8x4096x6144][8x4096x6144][8x4096x6144][8x4096x6144][8x4096x6144][8x4096x6144][8x4096x6144][8x4096x6144][8x4096x6144][8x4096x6144][8x4096x6144][8x4096x6144][8x4096x6144][8x4096x6144][8x4096x6144]',,tensorop,f32,128,128,128,2,1,1,2,1,1,12,4,1,1,128,128,32,100,110,6471811072,103095992320,15,1.007,5985.47,102380
1,CUTLASS,grouped_gemm,cutlass3x_sm100_tensorop_gemm_grouped_e4m3_e4m3_f32_bf16_e4m3_128x128x128_2x2x1_0_tnt_align16_2sm_epi_tma,passed,success,grouped,,,,,fe4m3:row,fe4m3:column,bf16:row,fe4m3:row,1,0,invalid,invalid,heuristic,1,false,'[8x4096x6144][8x4096x6144][8x4096x6144][8x4096x6144][8x4096x6144][8x4096x6144][8x4096x6144][8x4096x6144][8x4096x6144][8x4096x6144][8x4096x6144][8x4096x6144][8x4096x6144][8x4096x6144][8x4096x6144][8x4096x6144][8x4096x6144][8x4096x6144][8x4096x6144][8x4096x6144][8x4096x6144][8x4096x6144][8x4096x6144][8x4096x6144][8x4096x6144][8x4096x6144][8x4096x6144][8x4096x6144][8x4096x6144][8x4096x6144][8x4096x6144][8x4096x6144][8x4096x6144][8x4096x6144][8x4096x6144][8x4096x6144][8x4096x6144][8x4096x6144][8x4096x6144][8x4096x6144][8x4096x6144][8x4096x6144][8x4096x6144][8x4096x6144][8x4096x6144][8x4096x6144][8x4096x6144][8x4096x6144][8x4096x6144][8x4096x6144][8x4096x6144][8x4096x6144][8x4096x6144][8x4096x6144][8x4096x6144][8x4096x6144][8x4096x6144][8x4096x6144][8x4096x6144][8x4096x6144][8x4096x6144][8x4096x6144][8x4096x6144][8x4096x6144][8x4096x6144][8x4096x6144][8x4096x6144][8x4096x6144][8x4096x6144][8x4096x6144][8x4096x6144][8x4096x6144][8x4096x6144][8x4096x6144][8x4096x6144][8x4096x6144][8x4096x6144][8x4096x6144][8x4096x6144][8x4096x6144][8x4096x6144][8x4096x6144][8x4096x6144][8x4096x6144][8x4096x6144][8x4096x6144][8x4096x6144][8x4096x6144][8x4096x6144][8x4096x6144][8x4096x6144][8x4096x6144][8x4096x6144][8x4096x6144][8x4096x6144][8x4096x6144][8x4096x6144][8x4096x6144][8x4096x6144][8x4096x6144][8x4096x6144][8x4096x6144][8x4096x6144][8x4096x6144][8x4096x6144][8x4096x6144][8x4096x6144][8x4096x6144][8x4096x6144][8x4096x6144][8x4096x6144][8x4096x6144][8x4096x6144][8x4096x6144][8x4096x6144][8x4096x6144][8x4096x6144][8x4096x6144][8x4096x6144][8x4096x6144][8x4096x6144][8x4096x6144][8x4096x6144][8x4096x6144][8x4096x6144][8x4096x6144][8x4096x6144][8x4096x6144][8x4096x6144][8x4096x6144][8x4096x6144][8x4096x6144][8x4096x6144][8x4096x6144][8x4096x6144][8x4096x6144][8x4096x6144][8x4096x6144][8x4096x6144][8x4096x6144][8x4096x6144][8x4096x6144][8x4096x6144][8x4096x6144][8x4096x6144][8x4096x6144][8x4096x6144][8x4096x6144][8x4096x6144][8x4096x6144][8x4096x6144][8x4096x6144][8x4096x6144][8x4096x6144][8x4096x6144][8x4096x6144][8x4096x6144][8x4096x6144][8x4096x6144][8x4096x6144][8x4096x6144][8x4096x6144][8x4096x6144][8x4096x6144][8x4096x6144][8x4096x6144][8x4096x6144][8x4096x6144][8x4096x6144][8x4096x6144][8x4096x6144][8x4096x6144][8x4096x6144][8x4096x6144][8x4096x6144][8x4096x6144][8x4096x6144][8x4096x6144][8x4096x6144][8x4096x6144][8x4096x6144][8x4096x6144][8x4096x6144][8x4096x6144][8x4096x6144][8x4096x6144][8x4096x6144][8x4096x6144][8x4096x6144][8x4096x6144][8x4096x6144][8x4096x6144][8x4096x6144][8x4096x6144][8x4096x6144][8x4096x6144][8x4096x6144][8x4096x6144][8x4096x6144][8x4096x6144][8x4096x6144][8x4096x6144][8x4096x6144][8x4096x6144][8x4096x6144][8x4096x6144][8x4096x6144][8x4096x6144][8x4096x6144][8x4096x6144][8x4096x6144][8x4096x6144][8x4096x6144][8x4096x6144][8x4096x6144][8x4096x6144][8x4096x6144][8x4096x6144][8x4096x6144][8x4096x6144][8x4096x6144][8x4096x6144][8x4096x6144][8x4096x6144][8x4096x6144][8x4096x6144][8x4096x6144][8x4096x6144][8x4096x6144][8x4096x6144][8x4096x6144][8x4096x6144][8x4096x6144][8x4096x6144][8x4096x6144][8x4096x6144][8x4096x6144][8x4096x6144][8x4096x6144][8x4096x6144][8x4096x6144][8x4096x6144][8x4096x6144][8x4096x6144][8x4096x6144][8x4096x6144][8x4096x6144][8x4096x6144][8x4096x6144][8x4096x6144][8x4096x6144][8x4096x6144][8x4096x6144][8x4096x6144][8x4096x6144][8x4096x6144]',,tensorop,f32,128,128,128,2,2,1,2,1,1,12,4,1,1,128,128,32,100,110,6471811072,103095992320,15,0.979112,6155.93,105295
1,CUTLASS,grouped_gemm,cutlass3x_sm100_tensorop_gemm_grouped_e4m3_e4m3_f32_bf16_e4m3_128x128x128_2x2x1_0_tnt_align16_stream_k_2sm_epi_tma,passed,success,grouped,,,,,fe4m3:row,fe4m3:column,bf16:row,fe4m3:row,1,0,invalid,invalid,heuristic,1,false,'[8x4096x6144][8x4096x6144][8x4096x6144][8x4096x6144][8x4096x6144][8x4096x6144][8x4096x6144][8x4096x6144][8x4096x6144][8x4096x6144][8x4096x6144][8x4096x6144][8x4096x6144][8x4096x6144][8x4096x6144][8x4096x6144][8x4096x6144][8x4096x6144][8x4096x6144][8x4096x6144][8x4096x6144][8x4096x6144][8x4096x6144][8x4096x6144][8x4096x6144][8x4096x6144][8x4096x6144][8x4096x6144][8x4096x6144][8x4096x6144][8x4096x6144][8x4096x6144][8x4096x6144][8x4096x6144][8x4096x6144][8x4096x6144][8x4096x6144][8x4096x6144][8x4096x6144][8x4096x6144][8x4096x6144][8x4096x6144][8x4096x6144][8x4096x6144][8x4096x6144][8x4096x6144][8x4096x6144][8x4096x6144][8x4096x6144][8x4096x6144][8x4096x6144][8x4096x6144][8x4096x6144][8x4096x6144][8x4096x6144][8x4096x6144][8x4096x6144][8x4096x6144][8x4096x6144][8x4096x6144][8x4096x6144][8x4096x6144][8x4096x6144][8x4096x6144][8x4096x6144][8x4096x6144][8x4096x6144][8x4096x6144][8x4096x6144][8x4096x6144][8x4096x6144][8x4096x6144][8x4096x6144][8x4096x6144][8x4096x6144][8x4096x6144][8x4096x6144][8x4096x6144][8x4096x6144][8x4096x6144][8x4096x6144][8x4096x6144][8x4096x6144][8x4096x6144][8x4096x6144][8x4096x6144][8x4096x6144][8x4096x6144][8x4096x6144][8x4096x6144][8x4096x6144][8x4096x6144][8x4096x6144][8x4096x6144][8x4096x6144][8x4096x6144][8x4096x6144][8x4096x6144][8x4096x6144][8x4096x6144][8x4096x6144][8x4096x6144][8x4096x6144][8x4096x6144][8x4096x6144][8x4096x6144][8x4096x6144][8x4096x6144][8x4096x6144][8x4096x6144][8x4096x6144][8x4096x6144][8x4096x6144][8x4096x6144][8x4096x6144][8x4096x6144][8x4096x6144][8x4096x6144][8x4096x6144][8x4096x6144][8x4096x6144][8x4096x6144][8x4096x6144][8x4096x6144][8x4096x6144][8x4096x6144][8x4096x6144][8x4096x6144][8x4096x6144][8x4096x6144][8x4096x6144][8x4096x6144][8x4096x6144][8x4096x6144][8x4096x6144][8x4096x6144][8x4096x6144][8x4096x6144][8x4096x6144][8x4096x6144][8x4096x6144][8x4096x6144][8x4096x6144][8x4096x6144][8x4096x6144][8x4096x6144][8x4096x6144][8x4096x6144][8x4096x6144][8x4096x6144][8x4096x6144][8x4096x6144][8x4096x6144][8x4096x6144][8x4096x6144][8x4096x6144][8x4096x6144][8x4096x6144][8x4096x6144][8x4096x6144][8x4096x6144][8x4096x6144][8x4096x6144][8x4096x6144][8x4096x6144][8x4096x6144][8x4096x6144][8x4096x6144][8x4096x6144][8x4096x6144][8x4096x6144][8x4096x6144][8x4096x6144][8x4096x6144][8x4096x6144][8x4096x6144][8x4096x6144][8x4096x6144][8x4096x6144][8x4096x6144][8x4096x6144][8x4096x6144][8x4096x6144][8x4096x6144][8x4096x6144][8x4096x6144][8x4096x6144][8x4096x6144][8x4096x6144][8x4096x6144][8x4096x6144][8x4096x6144][8x4096x6144][8x4096x6144][8x4096x6144][8x4096x6144][8x4096x6144][8x4096x6144][8x4096x6144][8x4096x6144][8x4096x6144][8x4096x6144][8x4096x6144][8x4096x6144][8x4096x6144][8x4096x6144][8x4096x6144][8x4096x6144][8x4096x6144][8x4096x6144][8x4096x6144][8x4096x6144][8x4096x6144][8x4096x6144][8x4096x6144][8x4096x6144][8x4096x6144][8x4096x6144][8x4096x6144][8x4096x6144][8x4096x6144][8x4096x6144][8x4096x6144][8x4096x6144][8x4096x6144][8x4096x6144][8x4096x6144][8x4096x6144][8x4096x6144][8x4096x6144][8x4096x6144][8x4096x6144][8x4096x6144][8x4096x6144][8x4096x6144][8x4096x6144][8x4096x6144][8x4096x6144][8x4096x6144][8x4096x6144][8x4096x6144][8x4096x6144][8x4096x6144][8x4096x6144][8x4096x6144][8x4096x6144][8x4096x6144][8x4096x6144][8x4096x6144][8x4096x6144][8x4096x6144][8x4096x6144][8x4096x6144][8x4096x6144][8x4096x6144][8x4096x6144]',,tensorop,f32,128,128,128,2,2,1,2,1,1,12,4,1,1,128,128,32,100,110,6471811072,103095992320,15,0.979921,6150.85,105208
1,CUTLASS,grouped_gemm,cutlass3x_sm100_tensorop_gemm_grouped_e4m3_e4m3_f32_bf16_e4m3_128x128x128_4x1x1_0_tnt_align16_2sm_epi_tma,passed,success,grouped,,,,,fe4m3:row,fe4m3:column,bf16:row,fe4m3:row,1,0,invalid,invalid,heuristic,1,false,'[8x4096x6144][8x4096x6144][8x4096x6144][8x4096x6144][8x4096x6144][8x4096x6144][8x4096x6144][8x4096x6144][8x4096x6144][8x4096x6144][8x4096x6144][8x4096x6144][8x4096x6144][8x4096x6144][8x4096x6144][8x4096x6144][8x4096x6144][8x4096x6144][8x4096x6144][8x4096x6144][8x4096x6144][8x4096x6144][8x4096x6144][8x4096x6144][8x4096x6144][8x4096x6144][8x4096x6144][8x4096x6144][8x4096x6144][8x4096x6144][8x4096x6144][8x4096x6144][8x4096x6144][8x4096x6144][8x4096x6144][8x4096x6144][8x4096x6144][8x4096x6144][8x4096x6144][8x4096x6144][8x4096x6144][8x4096x6144][8x4096x6144][8x4096x6144][8x4096x6144][8x4096x6144][8x4096x6144][8x4096x6144][8x4096x6144][8x4096x6144][8x4096x6144][8x4096x6144][8x4096x6144][8x4096x6144][8x4096x6144][8x4096x6144][8x4096x6144][8x4096x6144][8x4096x6144][8x4096x6144][8x4096x6144][8x4096x6144][8x4096x6144][8x4096x6144][8x4096x6144][8x4096x6144][8x4096x6144][8x4096x6144][8x4096x6144][8x4096x6144][8x4096x6144][8x4096x6144][8x4096x6144][8x4096x6144][8x4096x6144][8x4096x6144][8x4096x6144][8x4096x6144][8x4096x6144][8x4096x6144][8x4096x6144][8x4096x6144][8x4096x6144][8x4096x6144][8x4096x6144][8x4096x6144][8x4096x6144][8x4096x6144][8x4096x6144][8x4096x6144][8x4096x6144][8x4096x6144][8x4096x6144][8x4096x6144][8x4096x6144][8x4096x6144][8x4096x6144][8x4096x6144][8x4096x6144][8x4096x6144][8x4096x6144][8x4096x6144][8x4096x6144][8x4096x6144][8x4096x6144][8x4096x6144][8x4096x6144][8x4096x6144][8x4096x6144][8x4096x6144][8x4096x6144][8x4096x6144][8x4096x6144][8x4096x6144][8x4096x6144][8x4096x6144][8x4096x6144][8x4096x6144][8x4096x6144][8x4096x6144][8x4096x6144][8x4096x6144][8x4096x6144][8x4096x6144][8x4096x6144][8x4096x6144][8x4096x6144][8x4096x6144][8x4096x6144][8x4096x6144][8x4096x6144][8x4096x6144][8x4096x6144][8x4096x6144][8x4096x6144][8x4096x6144][8x4096x6144][8x4096x6144][8x4096x6144][8x4096x6144][8x4096x6144][8x4096x6144][8x4096x6144][8x4096x6144][8x4096x6144][8x4096x6144][8x4096x6144][8x4096x6144][8x4096x6144][8x4096x6144][8x4096x6144][8x4096x6144][8x4096x6144][8x4096x6144][8x4096x6144][8x4096x6144][8x4096x6144][8x4096x6144][8x4096x6144][8x4096x6144][8x4096x6144][8x4096x6144][8x4096x6144][8x4096x6144][8x4096x6144][8x4096x6144][8x4096x6144][8x4096x6144][8x4096x6144][8x4096x6144][8x4096x6144][8x4096x6144][8x4096x6144][8x4096x6144][8x4096x6144][8x4096x6144][8x4096x6144][8x4096x6144][8x4096x6144][8x4096x6144][8x4096x6144][8x4096x6144][8x4096x6144][8x4096x6144][8x4096x6144][8x4096x6144][8x4096x6144][8x4096x6144][8x4096x6144][8x4096x6144][8x4096x6144][8x4096x6144][8x4096x6144][8x4096x6144][8x4096x6144][8x4096x6144][8x4096x6144][8x4096x6144][8x4096x6144][8x4096x6144][8x4096x6144][8x4096x6144][8x4096x6144][8x4096x6144][8x4096x6144][8x4096x6144][8x4096x6144][8x4096x6144][8x4096x6144][8x4096x6144][8x4096x6144][8x4096x6144][8x4096x6144][8x4096x6144][8x4096x6144][8x4096x6144][8x4096x6144][8x4096x6144][8x4096x6144][8x4096x6144][8x4096x6144][8x4096x6144][8x4096x6144][8x4096x6144][8x4096x6144][8x4096x6144][8x4096x6144][8x4096x6144][8x4096x6144][8x4096x6144][8x4096x6144][8x4096x6144][8x4096x6144][8x4096x6144][8x4096x6144][8x4096x6144][8x4096x6144][8x4096x6144][8x4096x6144][8x4096x6144][8x4096x6144][8x4096x6144][8x4096x6144][8x4096x6144][8x4096x6144][8x4096x6144][8x4096x6144][8x4096x6144][8x4096x6144][8x4096x6144][8x4096x6144][8x4096x6144][8x4096x6144][8x4096x6144][8x4096x6144][8x4096x6144]',,tensorop,f32,128,128,128,4,1,1,2,1,1,12,4,1,1,128,128,32,100,110,6471811072,103095992320,15,1.55798,3868.69,66172.9
1,CUTLASS,grouped_gemm,cutlass3x_sm100_tensorop_gemm_grouped_e4m3_e4m3_f32_bf16_e4m3_128x128x128_4x1x1_0_tnt_align16_stream_k_2sm_epi_tma,passed,success,grouped,,,,,fe4m3:row,fe4m3:column,bf16:row,fe4m3:row,1,0,invalid,invalid,heuristic,1,false,'[8x4096x6144][8x4096x6144][8x4096x6144][8x4096x6144][8x4096x6144][8x4096x6144][8x4096x6144][8x4096x6144][8x4096x6144][8x4096x6144][8x4096x6144][8x4096x6144][8x4096x6144][8x4096x6144][8x4096x6144][8x4096x6144][8x4096x6144][8x4096x6144][8x4096x6144][8x4096x6144][8x4096x6144][8x4096x6144][8x4096x6144][8x4096x6144][8x4096x6144][8x4096x6144][8x4096x6144][8x4096x6144][8x4096x6144][8x4096x6144][8x4096x6144][8x4096x6144][8x4096x6144][8x4096x6144][8x4096x6144][8x4096x6144][8x4096x6144][8x4096x6144][8x4096x6144][8x4096x6144][8x4096x6144][8x4096x6144][8x4096x6144][8x4096x6144][8x4096x6144][8x4096x6144][8x4096x6144][8x4096x6144][8x4096x6144][8x4096x6144][8x4096x6144][8x4096x6144][8x4096x6144][8x4096x6144][8x4096x6144][8x4096x6144][8x4096x6144][8x4096x6144][8x4096x6144][8x4096x6144][8x4096x6144][8x4096x6144][8x4096x6144][8x4096x6144][8x4096x6144][8x4096x6144][8x4096x6144][8x4096x6144][8x4096x6144][8x4096x6144][8x4096x6144][8x4096x6144][8x4096x6144][8x4096x6144][8x4096x6144][8x4096x6144][8x4096x6144][8x4096x6144][8x4096x6144][8x4096x6144][8x4096x6144][8x4096x6144][8x4096x6144][8x4096x6144][8x4096x6144][8x4096x6144][8x4096x6144][8x4096x6144][8x4096x6144][8x4096x6144][8x4096x6144][8x4096x6144][8x4096x6144][8x4096x6144][8x4096x6144][8x4096x6144][8x4096x6144][8x4096x6144][8x4096x6144][8x4096x6144][8x4096x6144][8x4096x6144][8x4096x6144][8x4096x6144][8x4096x6144][8x4096x6144][8x4096x6144][8x4096x6144][8x4096x6144][8x4096x6144][8x4096x6144][8x4096x6144][8x4096x6144][8x4096x6144][8x4096x6144][8x4096x6144][8x4096x6144][8x4096x6144][8x4096x6144][8x4096x6144][8x4096x6144][8x4096x6144][8x4096x6144][8x4096x6144][8x4096x6144][8x4096x6144][8x4096x6144][8x4096x6144][8x4096x6144][8x4096x6144][8x4096x6144][8x4096x6144][8x4096x6144][8x4096x6144][8x4096x6144][8x4096x6144][8x4096x6144][8x4096x6144][8x4096x6144][8x4096x6144][8x4096x6144][8x4096x6144][8x4096x6144][8x4096x6144][8x4096x6144][8x4096x6144][8x4096x6144][8x4096x6144][8x4096x6144][8x4096x6144][8x4096x6144][8x4096x6144][8x4096x6144][8x4096x6144][8x4096x6144][8x4096x6144][8x4096x6144][8x4096x6144][8x4096x6144][8x4096x6144][8x4096x6144][8x4096x6144][8x4096x6144][8x4096x6144][8x4096x6144][8x4096x6144][8x4096x6144][8x4096x6144][8x4096x6144][8x4096x6144][8x4096x6144][8x4096x6144][8x4096x6144][8x4096x6144][8x4096x6144][8x4096x6144][8x4096x6144][8x4096x6144][8x4096x6144][8x4096x6144][8x4096x6144][8x4096x6144][8x4096x6144][8x4096x6144][8x4096x6144][8x4096x6144][8x4096x6144][8x4096x6144][8x4096x6144][8x4096x6144][8x4096x6144][8x4096x6144][8x4096x6144][8x4096x6144][8x4096x6144][8x4096x6144][8x4096x6144][8x4096x6144][8x4096x6144][8x4096x6144][8x4096x6144][8x4096x6144][8x4096x6144][8x4096x6144][8x4096x6144][8x4096x6144][8x4096x6144][8x4096x6144][8x4096x6144][8x4096x6144][8x4096x6144][8x4096x6144][8x4096x6144][8x4096x6144][8x4096x6144][8x4096x6144][8x4096x6144][8x4096x6144][8x4096x6144][8x4096x6144][8x4096x6144][8x4096x6144][8x4096x6144][8x4096x6144][8x4096x6144][8x4096x6144][8x4096x6144][8x4096x6144][8x4096x6144][8x4096x6144][8x4096x6144][8x4096x6144][8x4096x6144][8x4096x6144][8x4096x6144][8x4096x6144][8x4096x6144][8x4096x6144][8x4096x6144][8x4096x6144][8x4096x6144][8x4096x6144][8x4096x6144][8x4096x6144][8x4096x6144][8x4096x6144][8x4096x6144][8x4096x6144][8x4096x6144][8x4096x6144][8x4096x6144][8x4096x6144][8x4096x6144][8x4096x6144][8x4096x6144][8x4096x6144]',,tensorop,f32,128,128,128,4,1,1,2,1,1,12,4,1,1,128,128,32,100,110,6471811072,103095992320,15,1.55576,3874.22,66267.4
1,CUTLASS,grouped_gemm,cutlass3x_sm100_tensorop_gemm_grouped_e4m3_e4m3_f32_bf16_e4m3_128x128x128_2x4x1_0_tnt_align16_2sm_epi_tma,passed,success,grouped,,,,,fe4m3:row,fe4m3:column,bf16:row,fe4m3:row,1,0,invalid,invalid,heuristic,1,false,'[8x4096x6144][8x4096x6144][8x4096x6144][8x4096x6144][8x4096x6144][8x4096x6144][8x4096x6144][8x4096x6144][8x4096x6144][8x4096x6144][8x4096x6144][8x4096x6144][8x4096x6144][8x4096x6144][8x4096x6144][8x4096x6144][8x4096x6144][8x4096x6144][8x4096x6144][8x4096x6144][8x4096x6144][8x4096x6144][8x4096x6144][8x4096x6144][8x4096x6144][8x4096x6144][8x4096x6144][8x4096x6144][8x4096x6144][8x4096x6144][8x4096x6144][8x4096x6144][8x4096x6144][8x4096x6144][8x4096x6144][8x4096x6144][8x4096x6144][8x4096x6144][8x4096x6144][8x4096x6144][8x4096x6144][8x4096x6144][8x4096x6144][8x4096x6144][8x4096x6144][8x4096x6144][8x4096x6144][8x4096x6144][8x4096x6144][8x4096x6144][8x4096x6144][8x4096x6144][8x4096x6144][8x4096x6144][8x4096x6144][8x4096x6144][8x4096x6144][8x4096x6144][8x4096x6144][8x4096x6144][8x4096x6144][8x4096x6144][8x4096x6144][8x4096x6144][8x4096x6144][8x4096x6144][8x4096x6144][8x4096x6144][8x4096x6144][8x4096x6144][8x4096x6144][8x4096x6144][8x4096x6144][8x4096x6144][8x4096x6144][8x4096x6144][8x4096x6144][8x4096x6144][8x4096x6144][8x4096x6144][8x4096x6144][8x4096x6144][8x4096x6144][8x4096x6144][8x4096x6144][8x4096x6144][8x4096x6144][8x4096x6144][8x4096x6144][8x4096x6144][8x4096x6144][8x4096x6144][8x4096x6144][8x4096x6144][8x4096x6144][8x4096x6144][8x4096x6144][8x4096x6144][8x4096x6144][8x4096x6144][8x4096x6144][8x4096x6144][8x4096x6144][8x4096x6144][8x4096x6144][8x4096x6144][8x4096x6144][8x4096x6144][8x4096x6144][8x4096x6144][8x4096x6144][8x4096x6144][8x4096x6144][8x4096x6144][8x4096x6144][8x4096x6144][8x4096x6144][8x4096x6144][8x4096x6144][8x4096x6144][8x4096x6144][8x4096x6144][8x4096x6144][8x4096x6144][8x4096x6144][8x4096x6144][8x4096x6144][8x4096x6144][8x4096x6144][8x4096x6144][8x4096x6144][8x4096x6144][8x4096x6144][8x4096x6144][8x4096x6144][8x4096x6144][8x4096x6144][8x4096x6144][8x4096x6144][8x4096x6144][8x4096x6144][8x4096x6144][8x4096x6144][8x4096x6144][8x4096x6144][8x4096x6144][8x4096x6144][8x4096x6144][8x4096x6144][8x4096x6144][8x4096x6144][8x4096x6144][8x4096x6144][8x4096x6144][8x4096x6144][8x4096x6144][8x4096x6144][8x4096x6144][8x4096x6144][8x4096x6144][8x4096x6144][8x4096x6144][8x4096x6144][8x4096x6144][8x4096x6144][8x4096x6144][8x4096x6144][8x4096x6144][8x4096x6144][8x4096x6144][8x4096x6144][8x4096x6144][8x4096x6144][8x4096x6144][8x4096x6144][8x4096x6144][8x4096x6144][8x4096x6144][8x4096x6144][8x4096x6144][8x4096x6144][8x4096x6144][8x4096x6144][8x4096x6144][8x4096x6144][8x4096x6144][8x4096x6144][8x4096x6144][8x4096x6144][8x4096x6144][8x4096x6144][8x4096x6144][8x4096x6144][8x4096x6144][8x4096x6144][8x4096x6144][8x4096x6144][8x4096x6144][8x4096x6144][8x4096x6144][8x4096x6144][8x4096x6144][8x4096x6144][8x4096x6144][8x4096x6144][8x4096x6144][8x4096x6144][8x4096x6144][8x4096x6144][8x4096x6144][8x4096x6144][8x4096x6144][8x4096x6144][8x4096x6144][8x4096x6144][8x4096x6144][8x4096x6144][8x4096x6144][8x4096x6144][8x4096x6144][8x4096x6144][8x4096x6144][8x4096x6144][8x4096x6144][8x4096x6144][8x4096x6144][8x4096x6144][8x4096x6144][8x4096x6144][8x4096x6144][8x4096x6144][8x4096x6144][8x4096x6144][8x4096x6144][8x4096x6144][8x4096x6144][8x4096x6144][8x4096x6144][8x4096x6144][8x4096x6144][8x4096x6144][8x4096x6144][8x4096x6144][8x4096x6144][8x4096x6144][8x4096x6144][8x4096x6144][8x4096x6144][8x4096x6144][8x4096x6144][8x4096x6144][8x4096x6144][8x4096x6144][8x4096x6144][8x4096x6144][8x4096x6144]',,tensorop,f32,128,128,128,2,4,1,2,1,1,12,4,1,1,128,128,32,100,110,6471811072,103095992320,15,1.04326,5777.44,98821.4
1,CUTLASS,grouped_gemm,cutlass3x_sm100_tensorop_gemm_grouped_e4m3_e4m3_f32_bf16_e4m3_128x128x128_2x4x1_0_tnt_align16_stream_k_2sm_epi_tma,passed,success,grouped,,,,,fe4m3:row,fe4m3:column,bf16:row,fe4m3:row,1,0,invalid,invalid,heuristic,1,false,'[8x4096x6144][8x4096x6144][8x4096x6144][8x4096x6144][8x4096x6144][8x4096x6144][8x4096x6144][8x4096x6144][8x4096x6144][8x4096x6144][8x4096x6144][8x4096x6144][8x4096x6144][8x4096x6144][8x4096x6144][8x4096x6144][8x4096x6144][8x4096x6144][8x4096x6144][8x4096x6144][8x4096x6144][8x4096x6144][8x4096x6144][8x4096x6144][8x4096x6144][8x4096x6144][8x4096x6144][8x4096x6144][8x4096x6144][8x4096x6144][8x4096x6144][8x4096x6144][8x4096x6144][8x4096x6144][8x4096x6144][8x4096x6144][8x4096x6144][8x4096x6144][8x4096x6144][8x4096x6144][8x4096x6144][8x4096x6144][8x4096x6144][8x4096x6144][8x4096x6144][8x4096x6144][8x4096x6144][8x4096x6144][8x4096x6144][8x4096x6144][8x4096x6144][8x4096x6144][8x4096x6144][8x4096x6144][8x4096x6144][8x4096x6144][8x4096x6144][8x4096x6144][8x4096x6144][8x4096x6144][8x4096x6144][8x4096x6144][8x4096x6144][8x4096x6144][8x4096x6144][8x4096x6144][8x4096x6144][8x4096x6144][8x4096x6144][8x4096x6144][8x4096x6144][8x4096x6144][8x4096x6144][8x4096x6144][8x4096x6144][8x4096x6144][8x4096x6144][8x4096x6144][8x4096x6144][8x4096x6144][8x4096x6144][8x4096x6144][8x4096x6144][8x4096x6144][8x4096x6144][8x4096x6144][8x4096x6144][8x4096x6144][8x4096x6144][8x4096x6144][8x4096x6144][8x4096x6144][8x4096x6144][8x4096x6144][8x4096x6144][8x4096x6144][8x4096x6144][8x4096x6144][8x4096x6144][8x4096x6144][8x4096x6144][8x4096x6144][8x4096x6144][8x4096x6144][8x4096x6144][8x4096x6144][8x4096x6144][8x4096x6144][8x4096x6144][8x4096x6144][8x4096x6144][8x4096x6144][8x4096x6144][8x4096x6144][8x4096x6144][8x4096x6144][8x4096x6144][8x4096x6144][8x4096x6144][8x4096x6144][8x4096x6144][8x4096x6144][8x4096x6144][8x4096x6144][8x4096x6144][8x4096x6144][8x4096x6144][8x4096x6144][8x4096x6144][8x4096x6144][8x4096x6144][8x4096x6144][8x4096x6144][8x4096x6144][8x4096x6144][8x4096x6144][8x4096x6144][8x4096x6144][8x4096x6144][8x4096x6144][8x4096x6144][8x4096x6144][8x4096x6144][8x4096x6144][8x4096x6144][8x4096x6144][8x4096x6144][8x4096x6144][8x4096x6144][8x4096x6144][8x4096x6144][8x4096x6144][8x4096x6144][8x4096x6144][8x4096x6144][8x4096x6144][8x4096x6144][8x4096x6144][8x4096x6144][8x4096x6144][8x4096x6144][8x4096x6144][8x4096x6144][8x4096x6144][8x4096x6144][8x4096x6144][8x4096x6144][8x4096x6144][8x4096x6144][8x4096x6144][8x4096x6144][8x4096x6144][8x4096x6144][8x4096x6144][8x4096x6144][8x4096x6144][8x4096x6144][8x4096x6144][8x4096x6144][8x4096x6144][8x4096x6144][8x4096x6144][8x4096x6144][8x4096x6144][8x4096x6144][8x4096x6144][8x4096x6144][8x4096x6144][8x4096x6144][8x4096x6144][8x4096x6144][8x4096x6144][8x4096x6144][8x4096x6144][8x4096x6144][8x4096x6144][8x4096x6144][8x4096x6144][8x4096x6144][8x4096x6144][8x4096x6144][8x4096x6144][8x4096x6144][8x4096x6144][8x4096x6144][8x4096x6144][8x4096x6144][8x4096x6144][8x4096x6144][8x4096x6144][8x4096x6144][8x4096x6144][8x4096x6144][8x4096x6144][8x4096x6144][8x4096x6144][8x4096x6144][8x4096x6144][8x4096x6144][8x4096x6144][8x4096x6144][8x4096x6144][8x4096x6144][8x4096x6144][8x4096x6144][8x4096x6144][8x4096x6144][8x4096x6144][8x4096x6144][8x4096x6144][8x4096x6144][8x4096x6144][8x4096x6144][8x4096x6144][8x4096x6144][8x4096x6144][8x4096x6144][8x4096x6144][8x4096x6144][8x4096x6144][8x4096x6144][8x4096x6144][8x4096x6144][8x4096x6144][8x4096x6144][8x4096x6144][8x4096x6144][8x4096x6144][8x4096x6144][8x4096x6144][8x4096x6144][8x4096x6144][8x4096x6144][8x4096x6144][8x4096x6144][8x4096x6144]',,tensorop,f32,128,128,128,2,4,1,2,1,1,12,4,1,1,128,128,32,100,110,6471811072,103095992320,15,1.04285,5779.71,98860.3
1,CUTLASS,grouped_gemm,cutlass3x_sm100_tensorop_gemm_grouped_e4m3_e4m3_f32_bf16_e4m3_128x128x128_4x2x1_0_tnt_align16_2sm_epi_tma,passed,success,grouped,,,,,fe4m3:row,fe4m3:column,bf16:row,fe4m3:row,1,0,invalid,invalid,heuristic,1,false,'[8x4096x6144][8x4096x6144][8x4096x6144][8x4096x6144][8x4096x6144][8x4096x6144][8x4096x6144][8x4096x6144][8x4096x6144][8x4096x6144][8x4096x6144][8x4096x6144][8x4096x6144][8x4096x6144][8x4096x6144][8x4096x6144][8x4096x6144][8x4096x6144][8x4096x6144][8x4096x6144][8x4096x6144][8x4096x6144][8x4096x6144][8x4096x6144][8x4096x6144][8x4096x6144][8x4096x6144][8x4096x6144][8x4096x6144][8x4096x6144][8x4096x6144][8x4096x6144][8x4096x6144][8x4096x6144][8x4096x6144][8x4096x6144][8x4096x6144][8x4096x6144][8x4096x6144][8x4096x6144][8x4096x6144][8x4096x6144][8x4096x6144][8x4096x6144][8x4096x6144][8x4096x6144][8x4096x6144][8x4096x6144][8x4096x6144][8x4096x6144][8x4096x6144][8x4096x6144][8x4096x6144][8x4096x6144][8x4096x6144][8x4096x6144][8x4096x6144][8x4096x6144][8x4096x6144][8x4096x6144][8x4096x6144][8x4096x6144][8x4096x6144][8x4096x6144][8x4096x6144][8x4096x6144][8x4096x6144][8x4096x6144][8x4096x6144][8x4096x6144][8x4096x6144][8x4096x6144][8x4096x6144][8x4096x6144][8x4096x6144][8x4096x6144][8x4096x6144][8x4096x6144][8x4096x6144][8x4096x6144][8x4096x6144][8x4096x6144][8x4096x6144][8x4096x6144][8x4096x6144][8x4096x6144][8x4096x6144][8x4096x6144][8x4096x6144][8x4096x6144][8x4096x6144][8x4096x6144][8x4096x6144][8x4096x6144][8x4096x6144][8x4096x6144][8x4096x6144][8x4096x6144][8x4096x6144][8x4096x6144][8x4096x6144][8x4096x6144][8x4096x6144][8x4096x6144][8x4096x6144][8x4096x6144][8x4096x6144][8x4096x6144][8x4096x6144][8x4096x6144][8x4096x6144][8x4096x6144][8x4096x6144][8x4096x6144][8x4096x6144][8x4096x6144][8x4096x6144][8x4096x6144][8x4096x6144][8x4096x6144][8x4096x6144][8x4096x6144][8x4096x6144][8x4096x6144][8x4096x6144][8x4096x6144][8x4096x6144][8x4096x6144][8x4096x6144][8x4096x6144][8x4096x6144][8x4096x6144][8x4096x6144][8x4096x6144][8x4096x6144][8x4096x6144][8x4096x6144][8x4096x6144][8x4096x6144][8x4096x6144][8x4096x6144][8x4096x6144][8x4096x6144][8x4096x6144][8x4096x6144][8x4096x6144][8x4096x6144][8x4096x6144][8x4096x6144][8x4096x6144][8x4096x6144][8x4096x6144][8x4096x6144][8x4096x6144][8x4096x6144][8x4096x6144][8x4096x6144][8x4096x6144][8x4096x6144][8x4096x6144][8x4096x6144][8x4096x6144][8x4096x6144][8x4096x6144][8x4096x6144][8x4096x6144][8x4096x6144][8x4096x6144][8x4096x6144][8x4096x6144][8x4096x6144][8x4096x6144][8x4096x6144][8x4096x6144][8x4096x6144][8x4096x6144][8x4096x6144][8x4096x6144][8x4096x6144][8x4096x6144][8x4096x6144][8x4096x6144][8x4096x6144][8x4096x6144][8x4096x6144][8x4096x6144][8x4096x6144][8x4096x6144][8x4096x6144][8x4096x6144][8x4096x6144][8x4096x6144][8x4096x6144][8x4096x6144][8x4096x6144][8x4096x6144][8x4096x6144][8x4096x6144][8x4096x6144][8x4096x6144][8x4096x6144][8x4096x6144][8x4096x6144][8x4096x6144][8x4096x6144][8x4096x6144][8x4096x6144][8x4096x6144][8x4096x6144][8x4096x6144][8x4096x6144][8x4096x6144][8x4096x6144][8x4096x6144][8x4096x6144][8x4096x6144][8x4096x6144][8x4096x6144][8x4096x6144][8x4096x6144][8x4096x6144][8x4096x6144][8x4096x6144][8x4096x6144][8x4096x6144][8x4096x6144][8x4096x6144][8x4096x6144][8x4096x6144][8x4096x6144][8x4096x6144][8x4096x6144][8x4096x6144][8x4096x6144][8x4096x6144][8x4096x6144][8x4096x6144][8x4096x6144][8x4096x6144][8x4096x6144][8x4096x6144][8x4096x6144][8x4096x6144][8x4096x6144][8x4096x6144][8x4096x6144][8x4096x6144][8x4096x6144][8x4096x6144][8x4096x6144][8x4096x6144][8x4096x6144][8x4096x6144][8x4096x6144][8x4096x6144][8x4096x6144]',,tensorop,f32,128,128,128,4,2,1,2,1,1,12,4,1,1,128,128,32,100,110,6471811072,103095992320,15,1.65179,3648.98,62414.8
1,CUTLASS,grouped_gemm,cutlass3x_sm100_tensorop_gemm_grouped_e4m3_e4m3_f32_bf16_e4m3_128x128x128_4x2x1_0_tnt_align16_stream_k_2sm_epi_tma,passed,success,grouped,,,,,fe4m3:row,fe4m3:column,bf16:row,fe4m3:row,1,0,invalid,invalid,heuristic,1,false,'[8x4096x6144][8x4096x6144][8x4096x6144][8x4096x6144][8x4096x6144][8x4096x6144][8x4096x6144][8x4096x6144][8x4096x6144][8x4096x6144][8x4096x6144][8x4096x6144][8x4096x6144][8x4096x6144][8x4096x6144][8x4096x6144][8x4096x6144][8x4096x6144][8x4096x6144][8x4096x6144][8x4096x6144][8x4096x6144][8x4096x6144][8x4096x6144][8x4096x6144][8x4096x6144][8x4096x6144][8x4096x6144][8x4096x6144][8x4096x6144][8x4096x6144][8x4096x6144][8x4096x6144][8x4096x6144][8x4096x6144][8x4096x6144][8x4096x6144][8x4096x6144][8x4096x6144][8x4096x6144][8x4096x6144][8x4096x6144][8x4096x6144][8x4096x6144][8x4096x6144][8x4096x6144][8x4096x6144][8x4096x6144][8x4096x6144][8x4096x6144][8x4096x6144][8x4096x6144][8x4096x6144][8x4096x6144][8x4096x6144][8x4096x6144][8x4096x6144][8x4096x6144][8x4096x6144][8x4096x6144][8x4096x6144][8x4096x6144][8x4096x6144][8x4096x6144][8x4096x6144][8x4096x6144][8x4096x6144][8x4096x6144][8x4096x6144][8x4096x6144][8x4096x6144][8x4096x6144][8x4096x6144][8x4096x6144][8x4096x6144][8x4096x6144][8x4096x6144][8x4096x6144][8x4096x6144][8x4096x6144][8x4096x6144][8x4096x6144][8x4096x6144][8x4096x6144][8x4096x6144][8x4096x6144][8x4096x6144][8x4096x6144][8x4096x6144][8x4096x6144][8x4096x6144][8x4096x6144][8x4096x6144][8x4096x6144][8x4096x6144][8x4096x6144][8x4096x6144][8x4096x6144][8x4096x6144][8x4096x6144][8x4096x6144][8x4096x6144][8x4096x6144][8x4096x6144][8x4096x6144][8x4096x6144][8x4096x6144][8x4096x6144][8x4096x6144][8x4096x6144][8x4096x6144][8x4096x6144][8x4096x6144][8x4096x6144][8x4096x6144][8x4096x6144][8x4096x6144][8x4096x6144][8x4096x6144][8x4096x6144][8x4096x6144][8x4096x6144][8x4096x6144][8x4096x6144][8x4096x6144][8x4096x6144][8x4096x6144][8x4096x6144][8x4096x6144][8x4096x6144][8x4096x6144][8x4096x6144][8x4096x6144][8x4096x6144][8x4096x6144][8x4096x6144][8x4096x6144][8x4096x6144][8x4096x6144][8x4096x6144][8x4096x6144][8x4096x6144][8x4096x6144][8x4096x6144][8x4096x6144][8x4096x6144][8x4096x6144][8x4096x6144][8x4096x6144][8x4096x6144][8x4096x6144][8x4096x6144][8x4096x6144][8x4096x6144][8x4096x6144][8x4096x6144][8x4096x6144][8x4096x6144][8x4096x6144][8x4096x6144][8x4096x6144][8x4096x6144][8x4096x6144][8x4096x6144][8x4096x6144][8x4096x6144][8x4096x6144][8x4096x6144][8x4096x6144][8x4096x6144][8x4096x6144][8x4096x6144][8x4096x6144][8x4096x6144][8x4096x6144][8x4096x6144][8x4096x6144][8x4096x6144][8x4096x6144][8x4096x6144][8x4096x6144][8x4096x6144][8x4096x6144][8x4096x6144][8x4096x6144][8x4096x6144][8x4096x6144][8x4096x6144][8x4096x6144][8x4096x6144][8x4096x6144][8x4096x6144][8x4096x6144][8x4096x6144][8x4096x6144][8x4096x6144][8x4096x6144][8x4096x6144][8x4096x6144][8x4096x6144][8x4096x6144][8x4096x6144][8x4096x6144][8x4096x6144][8x4096x6144][8x4096x6144][8x4096x6144][8x4096x6144][8x4096x6144][8x4096x6144][8x4096x6144][8x4096x6144][8x4096x6144][8x4096x6144][8x4096x6144][8x4096x6144][8x4096x6144][8x4096x6144][8x4096x6144][8x4096x6144][8x4096x6144][8x4096x6144][8x4096x6144][8x4096x6144][8x4096x6144][8x4096x6144][8x4096x6144][8x4096x6144][8x4096x6144][8x4096x6144][8x4096x6144][8x4096x6144][8x4096x6144][8x4096x6144][8x4096x6144][8x4096x6144][8x4096x6144][8x4096x6144][8x4096x6144][8x4096x6144][8x4096x6144][8x4096x6144][8x4096x6144][8x4096x6144][8x4096x6144][8x4096x6144][8x4096x6144][8x4096x6144][8x4096x6144][8x4096x6144][8x4096x6144][8x4096x6144][8x4096x6144][8x4096x6144][8x4096x6144][8x4096x6144]',,tensorop,f32,128,128,128,4,2,1,2,1,1,12,4,1,1,128,128,32,100,110,6471811072,103095992320,15,1.65435,3643.34,62318.2
1,CUTLASS,grouped_gemm,cutlass3x_sm100_tensorop_gemm_grouped_e4m3_e4m3_f32_bf16_e4m3_128x128x128_4x4x1_0_tnt_align16_2sm_epi_tma,passed,success,grouped,,,,,fe4m3:row,fe4m3:column,bf16:row,fe4m3:row,1,0,invalid,invalid,heuristic,1,false,'[8x4096x6144][8x4096x6144][8x4096x6144][8x4096x6144][8x4096x6144][8x4096x6144][8x4096x6144][8x4096x6144][8x4096x6144][8x4096x6144][8x4096x6144][8x4096x6144][8x4096x6144][8x4096x6144][8x4096x6144][8x4096x6144][8x4096x6144][8x4096x6144][8x4096x6144][8x4096x6144][8x4096x6144][8x4096x6144][8x4096x6144][8x4096x6144][8x4096x6144][8x4096x6144][8x4096x6144][8x4096x6144][8x4096x6144][8x4096x6144][8x4096x6144][8x4096x6144][8x4096x6144][8x4096x6144][8x4096x6144][8x4096x6144][8x4096x6144][8x4096x6144][8x4096x6144][8x4096x6144][8x4096x6144][8x4096x6144][8x4096x6144][8x4096x6144][8x4096x6144][8x4096x6144][8x4096x6144][8x4096x6144][8x4096x6144][8x4096x6144][8x4096x6144][8x4096x6144][8x4096x6144][8x4096x6144][8x4096x6144][8x4096x6144][8x4096x6144][8x4096x6144][8x4096x6144][8x4096x6144][8x4096x6144][8x4096x6144][8x4096x6144][8x4096x6144][8x4096x6144][8x4096x6144][8x4096x6144][8x4096x6144][8x4096x6144][8x4096x6144][8x4096x6144][8x4096x6144][8x4096x6144][8x4096x6144][8x4096x6144][8x4096x6144][8x4096x6144][8x4096x6144][8x4096x6144][8x4096x6144][8x4096x6144][8x4096x6144][8x4096x6144][8x4096x6144][8x4096x6144][8x4096x6144][8x4096x6144][8x4096x6144][8x4096x6144][8x4096x6144][8x4096x6144][8x4096x6144][8x4096x6144][8x4096x6144][8x4096x6144][8x4096x6144][8x4096x6144][8x4096x6144][8x4096x6144][8x4096x6144][8x4096x6144][8x4096x6144][8x4096x6144][8x4096x6144][8x4096x6144][8x4096x6144][8x4096x6144][8x4096x6144][8x4096x6144][8x4096x6144][8x4096x6144][8x4096x6144][8x4096x6144][8x4096x6144][8x4096x6144][8x4096x6144][8x4096x6144][8x4096x6144][8x4096x6144][8x4096x6144][8x4096x6144][8x4096x6144][8x4096x6144][8x4096x6144][8x4096x6144][8x4096x6144][8x4096x6144][8x4096x6144][8x4096x6144][8x4096x6144][8x4096x6144][8x4096x6144][8x4096x6144][8x4096x6144][8x4096x6144][8x4096x6144][8x4096x6144][8x4096x6144][8x4096x6144][8x4096x6144][8x4096x6144][8x4096x6144][8x4096x6144][8x4096x6144][8x4096x6144][8x4096x6144][8x4096x6144][8x4096x6144][8x4096x6144][8x4096x6144][8x4096x6144][8x4096x6144][8x4096x6144][8x4096x6144][8x4096x6144][8x4096x6144][8x4096x6144][8x4096x6144][8x4096x6144][8x4096x6144][8x4096x6144][8x4096x6144][8x4096x6144][8x4096x6144][8x4096x6144][8x4096x6144][8x4096x6144][8x4096x6144][8x4096x6144][8x4096x6144][8x4096x6144][8x4096x6144][8x4096x6144][8x4096x6144][8x4096x6144][8x4096x6144][8x4096x6144][8x4096x6144][8x4096x6144][8x4096x6144][8x4096x6144][8x4096x6144][8x4096x6144][8x4096x6144][8x4096x6144][8x4096x6144][8x4096x6144][8x4096x6144][8x4096x6144][8x4096x6144][8x4096x6144][8x4096x6144][8x4096x6144][8x4096x6144][8x4096x6144][8x4096x6144][8x4096x6144][8x4096x6144][8x4096x6144][8x4096x6144][8x4096x6144][8x4096x6144][8x4096x6144][8x4096x6144][8x4096x6144][8x4096x6144][8x4096x6144][8x4096x6144][8x4096x6144][8x4096x6144][8x4096x6144][8x4096x6144][8x4096x6144][8x4096x6144][8x4096x6144][8x4096x6144][8x4096x6144][8x4096x6144][8x4096x6144][8x4096x6144][8x4096x6144][8x4096x6144][8x4096x6144][8x4096x6144][8x4096x6144][8x4096x6144][8x4096x6144][8x4096x6144][8x4096x6144][8x4096x6144][8x4096x6144][8x4096x6144][8x4096x6144][8x4096x6144][8x4096x6144][8x4096x6144][8x4096x6144][8x4096x6144][8x4096x6144][8x4096x6144][8x4096x6144][8x4096x6144][8x4096x6144][8x4096x6144][8x4096x6144][8x4096x6144][8x4096x6144][8x4096x6144][8x4096x6144][8x4096x6144][8x4096x6144][8x4096x6144][8x4096x6144][8x4096x6144][8x4096x6144][8x4096x6144]',,tensorop,f32,128,128,128,4,4,1,2,1,1,12,4,1,1,128,128,32,100,110,6471811072,103095992320,15,1.70999,3524.78,60290.3
1,CUTLASS,grouped_gemm,cutlass3x_sm100_tensorop_gemm_grouped_e4m3_e4m3_f32_bf16_e4m3_128x128x128_4x4x1_0_tnt_align16_stream_k_2sm_epi_tma,passed,success,grouped,,,,,fe4m3:row,fe4m3:column,bf16:row,fe4m3:row,1,0,invalid,invalid,heuristic,1,false,'[8x4096x6144][8x4096x6144][8x4096x6144][8x4096x6144][8x4096x6144][8x4096x6144][8x4096x6144][8x4096x6144][8x4096x6144][8x4096x6144][8x4096x6144][8x4096x6144][8x4096x6144][8x4096x6144][8x4096x6144][8x4096x6144][8x4096x6144][8x4096x6144][8x4096x6144][8x4096x6144][8x4096x6144][8x4096x6144][8x4096x6144][8x4096x6144][8x4096x6144][8x4096x6144][8x4096x6144][8x4096x6144][8x4096x6144][8x4096x6144][8x4096x6144][8x4096x6144][8x4096x6144][8x4096x6144][8x4096x6144][8x4096x6144][8x4096x6144][8x4096x6144][8x4096x6144][8x4096x6144][8x4096x6144][8x4096x6144][8x4096x6144][8x4096x6144][8x4096x6144][8x4096x6144][8x4096x6144][8x4096x6144][8x4096x6144][8x4096x6144][8x4096x6144][8x4096x6144][8x4096x6144][8x4096x6144][8x4096x6144][8x4096x6144][8x4096x6144][8x4096x6144][8x4096x6144][8x4096x6144][8x4096x6144][8x4096x6144][8x4096x6144][8x4096x6144][8x4096x6144][8x4096x6144][8x4096x6144][8x4096x6144][8x4096x6144][8x4096x6144][8x4096x6144][8x4096x6144][8x4096x6144][8x4096x6144][8x4096x6144][8x4096x6144][8x4096x6144][8x4096x6144][8x4096x6144][8x4096x6144][8x4096x6144][8x4096x6144][8x4096x6144][8x4096x6144][8x4096x6144][8x4096x6144][8x4096x6144][8x4096x6144][8x4096x6144][8x4096x6144][8x4096x6144][8x4096x6144][8x4096x6144][8x4096x6144][8x4096x6144][8x4096x6144][8x4096x6144][8x4096x6144][8x4096x6144][8x4096x6144][8x4096x6144][8x4096x6144][8x4096x6144][8x4096x6144][8x4096x6144][8x4096x6144][8x4096x6144][8x4096x6144][8x4096x6144][8x4096x6144][8x4096x6144][8x4096x6144][8x4096x6144][8x4096x6144][8x4096x6144][8x4096x6144][8x4096x6144][8x4096x6144][8x4096x6144][8x4096x6144][8x4096x6144][8x4096x6144][8x4096x6144][8x4096x6144][8x4096x6144][8x4096x6144][8x4096x6144][8x4096x6144][8x4096x6144][8x4096x6144][8x4096x6144][8x4096x6144][8x4096x6144][8x4096x6144][8x4096x6144][8x4096x6144][8x4096x6144][8x4096x6144][8x4096x6144][8x4096x6144][8x4096x6144][8x4096x6144][8x4096x6144][8x4096x6144][8x4096x6144][8x4096x6144][8x4096x6144][8x4096x6144][8x4096x6144][8x4096x6144][8x4096x6144][8x4096x6144][8x4096x6144][8x4096x6144][8x4096x6144][8x4096x6144][8x4096x6144][8x4096x6144][8x4096x6144][8x4096x6144][8x4096x6144][8x4096x6144][8x4096x6144][8x4096x6144][8x4096x6144][8x4096x6144][8x4096x6144][8x4096x6144][8x4096x6144][8x4096x6144][8x4096x6144][8x4096x6144][8x4096x6144][8x4096x6144][8x4096x6144][8x4096x6144][8x4096x6144][8x4096x6144][8x4096x6144][8x4096x6144][8x4096x6144][8x4096x6144][8x4096x6144][8x4096x6144][8x4096x6144][8x4096x6144][8x4096x6144][8x4096x6144][8x4096x6144][8x4096x6144][8x4096x6144][8x4096x6144][8x4096x6144][8x4096x6144][8x4096x6144][8x4096x6144][8x4096x6144][8x4096x6144][8x4096x6144][8x4096x6144][8x4096x6144][8x4096x6144][8x4096x6144][8x4096x6144][8x4096x6144][8x4096x6144][8x4096x6144][8x4096x6144][8x4096x6144][8x4096x6144][8x4096x6144][8x4096x6144][8x4096x6144][8x4096x6144][8x4096x6144][8x4096x6144][8x4096x6144][8x4096x6144][8x4096x6144][8x4096x6144][8x4096x6144][8x4096x6144][8x4096x6144][8x4096x6144][8x4096x6144][8x4096x6144][8x4096x6144][8x4096x6144][8x4096x6144][8x4096x6144][8x4096x6144][8x4096x6144][8x4096x6144][8x4096x6144][8x4096x6144][8x4096x6144][8x4096x6144][8x4096x6144][8x4096x6144][8x4096x6144][8x4096x6144][8x4096x6144][8x4096x6144][8x4096x6144][8x4096x6144][8x4096x6144][8x4096x6144][8x4096x6144][8x4096x6144][8x4096x6144][8x4096x6144][8x4096x6144][8x4096x6144][8x4096x6144][8x4096x6144][8x4096x6144]',,tensorop,f32,128,128,128,4,4,1,2,1,1,12,4,1,1,128,128,32,100,110,6471811072,103095992320,15,1.70935,3526.11,60313.1
1,CUTLASS,grouped_gemm,cutlass3x_sm100_tensorop_gemm_grouped_e4m3_e4m3_f32_bf16_e4m3_128x128x128_0x0x1_0_ttt_align16_2sm_epi_tma,passed,success,grouped,,,,,fe4m3:row,fe4m3:row,bf16:row,fe4m3:row,1,0,invalid,invalid,heuristic,1,false,'[8x4096x6144][8x4096x6144][8x4096x6144][8x4096x6144][8x4096x6144][8x4096x6144][8x4096x6144][8x4096x6144][8x4096x6144][8x4096x6144][8x4096x6144][8x4096x6144][8x4096x6144][8x4096x6144][8x4096x6144][8x4096x6144][8x4096x6144][8x4096x6144][8x4096x6144][8x4096x6144][8x4096x6144][8x4096x6144][8x4096x6144][8x4096x6144][8x4096x6144][8x4096x6144][8x4096x6144][8x4096x6144][8x4096x6144][8x4096x6144][8x4096x6144][8x4096x6144][8x4096x6144][8x4096x6144][8x4096x6144][8x4096x6144][8x4096x6144][8x4096x6144][8x4096x6144][8x4096x6144][8x4096x6144][8x4096x6144][8x4096x6144][8x4096x6144][8x4096x6144][8x4096x6144][8x4096x6144][8x4096x6144][8x4096x6144][8x4096x6144][8x4096x6144][8x4096x6144][8x4096x6144][8x4096x6144][8x4096x6144][8x4096x6144][8x4096x6144][8x4096x6144][8x4096x6144][8x4096x6144][8x4096x6144][8x4096x6144][8x4096x6144][8x4096x6144][8x4096x6144][8x4096x6144][8x4096x6144][8x4096x6144][8x4096x6144][8x4096x6144][8x4096x6144][8x4096x6144][8x4096x6144][8x4096x6144][8x4096x6144][8x4096x6144][8x4096x6144][8x4096x6144][8x4096x6144][8x4096x6144][8x4096x6144][8x4096x6144][8x4096x6144][8x4096x6144][8x4096x6144][8x4096x6144][8x4096x6144][8x4096x6144][8x4096x6144][8x4096x6144][8x4096x6144][8x4096x6144][8x4096x6144][8x4096x6144][8x4096x6144][8x4096x6144][8x4096x6144][8x4096x6144][8x4096x6144][8x4096x6144][8x4096x6144][8x4096x6144][8x4096x6144][8x4096x6144][8x4096x6144][8x4096x6144][8x4096x6144][8x4096x6144][8x4096x6144][8x4096x6144][8x4096x6144][8x4096x6144][8x4096x6144][8x4096x6144][8x4096x6144][8x4096x6144][8x4096x6144][8x4096x6144][8x4096x6144][8x4096x6144][8x4096x6144][8x4096x6144][8x4096x6144][8x4096x6144][8x4096x6144][8x4096x6144][8x4096x6144][8x4096x6144][8x4096x6144][8x4096x6144][8x4096x6144][8x4096x6144][8x4096x6144][8x4096x6144][8x4096x6144][8x4096x6144][8x4096x6144][8x4096x6144][8x4096x6144][8x4096x6144][8x4096x6144][8x4096x6144][8x4096x6144][8x4096x6144][8x4096x6144][8x4096x6144][8x4096x6144][8x4096x6144][8x4096x6144][8x4096x6144][8x4096x6144][8x4096x6144][8x4096x6144][8x4096x6144][8x4096x6144][8x4096x6144][8x4096x6144][8x4096x6144][8x4096x6144][8x4096x6144][8x4096x6144][8x4096x6144][8x4096x6144][8x4096x6144][8x4096x6144][8x4096x6144][8x4096x6144][8x4096x6144][8x4096x6144][8x4096x6144][8x4096x6144][8x4096x6144][8x4096x6144][8x4096x6144][8x4096x6144][8x4096x6144][8x4096x6144][8x4096x6144][8x4096x6144][8x4096x6144][8x4096x6144][8x4096x6144][8x4096x6144][8x4096x6144][8x4096x6144][8x4096x6144][8x4096x6144][8x4096x6144][8x4096x6144][8x4096x6144][8x4096x6144][8x4096x6144][8x4096x6144][8x4096x6144][8x4096x6144][8x4096x6144][8x4096x6144][8x4096x6144][8x4096x6144][8x4096x6144][8x4096x6144][8x4096x6144][8x4096x6144][8x4096x6144][8x4096x6144][8x4096x6144][8x4096x6144][8x4096x6144][8x4096x6144][8x4096x6144][8x4096x6144][8x4096x6144][8x4096x6144][8x4096x6144][8x4096x6144][8x4096x6144][8x4096x6144][8x4096x6144][8x4096x6144][8x4096x6144][8x4096x6144][8x4096x6144][8x4096x6144][8x4096x6144][8x4096x6144][8x4096x6144][8x4096x6144][8x4096x6144][8x4096x6144][8x4096x6144][8x4096x6144][8x4096x6144][8x4096x6144][8x4096x6144][8x4096x6144][8x4096x6144][8x4096x6144][8x4096x6144][8x4096x6144][8x4096x6144][8x4096x6144][8x4096x6144][8x4096x6144][8x4096x6144][8x4096x6144][8x4096x6144][8x4096x6144][8x4096x6144][8x4096x6144][8x4096x6144][8x4096x6144][8x4096x6144][8x4096x6144][8x4096x6144][8x4096x6144][8x4096x6144]',,tensorop,f32,128,128,128,2,1,1,2,1,1,12,4,1,1,128,128,32,100,110,6471811072,103095992320,15,1.05176,5730.7,98021.9
1,CUTLASS,grouped_gemm,cutlass3x_sm100_tensorop_gemm_grouped_e4m3_e4m3_f32_bf16_e4m3_128x128x128_0x0x1_0_ttt_align16_stream_k_2sm_epi_tma,passed,success,grouped,,,,,fe4m3:row,fe4m3:row,bf16:row,fe4m3:row,1,0,invalid,invalid,heuristic,1,false,'[8x4096x6144][8x4096x6144][8x4096x6144][8x4096x6144][8x4096x6144][8x4096x6144][8x4096x6144][8x4096x6144][8x4096x6144][8x4096x6144][8x4096x6144][8x4096x6144][8x4096x6144][8x4096x6144][8x4096x6144][8x4096x6144][8x4096x6144][8x4096x6144][8x4096x6144][8x4096x6144][8x4096x6144][8x4096x6144][8x4096x6144][8x4096x6144][8x4096x6144][8x4096x6144][8x4096x6144][8x4096x6144][8x4096x6144][8x4096x6144][8x4096x6144][8x4096x6144][8x4096x6144][8x4096x6144][8x4096x6144][8x4096x6144][8x4096x6144][8x4096x6144][8x4096x6144][8x4096x6144][8x4096x6144][8x4096x6144][8x4096x6144][8x4096x6144][8x4096x6144][8x4096x6144][8x4096x6144][8x4096x6144][8x4096x6144][8x4096x6144][8x4096x6144][8x4096x6144][8x4096x6144][8x4096x6144][8x4096x6144][8x4096x6144][8x4096x6144][8x4096x6144][8x4096x6144][8x4096x6144][8x4096x6144][8x4096x6144][8x4096x6144][8x4096x6144][8x4096x6144][8x4096x6144][8x4096x6144][8x4096x6144][8x4096x6144][8x4096x6144][8x4096x6144][8x4096x6144][8x4096x6144][8x4096x6144][8x4096x6144][8x4096x6144][8x4096x6144][8x4096x6144][8x4096x6144][8x4096x6144][8x4096x6144][8x4096x6144][8x4096x6144][8x4096x6144][8x4096x6144][8x4096x6144][8x4096x6144][8x4096x6144][8x4096x6144][8x4096x6144][8x4096x6144][8x4096x6144][8x4096x6144][8x4096x6144][8x4096x6144][8x4096x6144][8x4096x6144][8x4096x6144][8x4096x6144][8x4096x6144][8x4096x6144][8x4096x6144][8x4096x6144][8x4096x6144][8x4096x6144][8x4096x6144][8x4096x6144][8x4096x6144][8x4096x6144][8x4096x6144][8x4096x6144][8x4096x6144][8x4096x6144][8x4096x6144][8x4096x6144][8x4096x6144][8x4096x6144][8x4096x6144][8x4096x6144][8x4096x6144][8x4096x6144][8x4096x6144][8x4096x6144][8x4096x6144][8x4096x6144][8x4096x6144][8x4096x6144][8x4096x6144][8x4096x6144][8x4096x6144][8x4096x6144][8x4096x6144][8x4096x6144][8x4096x6144][8x4096x6144][8x4096x6144][8x4096x6144][8x4096x6144][8x4096x6144][8x4096x6144][8x4096x6144][8x4096x6144][8x4096x6144][8x4096x6144][8x4096x6144][8x4096x6144][8x4096x6144][8x4096x6144][8x4096x6144][8x4096x6144][8x4096x6144][8x4096x6144][8x4096x6144][8x4096x6144][8x4096x6144][8x4096x6144][8x4096x6144][8x4096x6144][8x4096x6144][8x4096x6144][8x4096x6144][8x4096x6144][8x4096x6144][8x4096x6144][8x4096x6144][8x4096x6144][8x4096x6144][8x4096x6144][8x4096x6144][8x4096x6144][8x4096x6144][8x4096x6144][8x4096x6144][8x4096x6144][8x4096x6144][8x4096x6144][8x4096x6144][8x4096x6144][8x4096x6144][8x4096x6144][8x4096x6144][8x4096x6144][8x4096x6144][8x4096x6144][8x4096x6144][8x4096x6144][8x4096x6144][8x4096x6144][8x4096x6144][8x4096x6144][8x4096x6144][8x4096x6144][8x4096x6144][8x4096x6144][8x4096x6144][8x4096x6144][8x4096x6144][8x4096x6144][8x4096x6144][8x4096x6144][8x4096x6144][8x4096x6144][8x4096x6144][8x4096x6144][8x4096x6144][8x4096x6144][8x4096x6144][8x4096x6144][8x4096x6144][8x4096x6144][8x4096x6144][8x4096x6144][8x4096x6144][8x4096x6144][8x4096x6144][8x4096x6144][8x4096x6144][8x4096x6144][8x4096x6144][8x4096x6144][8x4096x6144][8x4096x6144][8x4096x6144][8x4096x6144][8x4096x6144][8x4096x6144][8x4096x6144][8x4096x6144][8x4096x6144][8x4096x6144][8x4096x6144][8x4096x6144][8x4096x6144][8x4096x6144][8x4096x6144][8x4096x6144][8x4096x6144][8x4096x6144][8x4096x6144][8x4096x6144][8x4096x6144][8x4096x6144][8x4096x6144][8x4096x6144][8x4096x6144][8x4096x6144][8x4096x6144][8x4096x6144][8x4096x6144][8x4096x6144][8x4096x6144][8x4096x6144][8x4096x6144][8x4096x6144][8x4096x6144][8x4096x6144]',,tensorop,f32,128,128,128,2,1,1,2,1,1,12,4,1,1,128,128,32,100,110,6471811072,103095992320,15,1.05349,5721.33,97861.8
1,CUTLASS,grouped_gemm,cutlass3x_sm100_tensorop_gemm_grouped_e4m3_e4m3_f32_bf16_e4m3_128x128x128_2x1x1_0_ttt_align16_2sm_epi_tma,passed,success,grouped,,,,,fe4m3:row,fe4m3:row,bf16:row,fe4m3:row,1,0,invalid,invalid,heuristic,1,false,'[8x4096x6144][8x4096x6144][8x4096x6144][8x4096x6144][8x4096x6144][8x4096x6144][8x4096x6144][8x4096x6144][8x4096x6144][8x4096x6144][8x4096x6144][8x4096x6144][8x4096x6144][8x4096x6144][8x4096x6144][8x4096x6144][8x4096x6144][8x4096x6144][8x4096x6144][8x4096x6144][8x4096x6144][8x4096x6144][8x4096x6144][8x4096x6144][8x4096x6144][8x4096x6144][8x4096x6144][8x4096x6144][8x4096x6144][8x4096x6144][8x4096x6144][8x4096x6144][8x4096x6144][8x4096x6144][8x4096x6144][8x4096x6144][8x4096x6144][8x4096x6144][8x4096x6144][8x4096x6144][8x4096x6144][8x4096x6144][8x4096x6144][8x4096x6144][8x4096x6144][8x4096x6144][8x4096x6144][8x4096x6144][8x4096x6144][8x4096x6144][8x4096x6144][8x4096x6144][8x4096x6144][8x4096x6144][8x4096x6144][8x4096x6144][8x4096x6144][8x4096x6144][8x4096x6144][8x4096x6144][8x4096x6144][8x4096x6144][8x4096x6144][8x4096x6144][8x4096x6144][8x4096x6144][8x4096x6144][8x4096x6144][8x4096x6144][8x4096x6144][8x4096x6144][8x4096x6144][8x4096x6144][8x4096x6144][8x4096x6144][8x4096x6144][8x4096x6144][8x4096x6144][8x4096x6144][8x4096x6144][8x4096x6144][8x4096x6144][8x4096x6144][8x4096x6144][8x4096x6144][8x4096x6144][8x4096x6144][8x4096x6144][8x4096x6144][8x4096x6144][8x4096x6144][8x4096x6144][8x4096x6144][8x4096x6144][8x4096x6144][8x4096x6144][8x4096x6144][8x4096x6144][8x4096x6144][8x4096x6144][8x4096x6144][8x4096x6144][8x4096x6144][8x4096x6144][8x4096x6144][8x4096x6144][8x4096x6144][8x4096x6144][8x4096x6144][8x4096x6144][8x4096x6144][8x4096x6144][8x4096x6144][8x4096x6144][8x4096x6144][8x4096x6144][8x4096x6144][8x4096x6144][8x4096x6144][8x4096x6144][8x4096x6144][8x4096x6144][8x4096x6144][8x4096x6144][8x4096x6144][8x4096x6144][8x4096x6144][8x4096x6144][8x4096x6144][8x4096x6144][8x4096x6144][8x4096x6144][8x4096x6144][8x4096x6144][8x4096x6144][8x4096x6144][8x4096x6144][8x4096x6144][8x4096x6144][8x4096x6144][8x4096x6144][8x4096x6144][8x4096x6144][8x4096x6144][8x4096x6144][8x4096x6144][8x4096x6144][8x4096x6144][8x4096x6144][8x4096x6144][8x4096x6144][8x4096x6144][8x4096x6144][8x4096x6144][8x4096x6144][8x4096x6144][8x4096x6144][8x4096x6144][8x4096x6144][8x4096x6144][8x4096x6144][8x4096x6144][8x4096x6144][8x4096x6144][8x4096x6144][8x4096x6144][8x4096x6144][8x4096x6144][8x4096x6144][8x4096x6144][8x4096x6144][8x4096x6144][8x4096x6144][8x4096x6144][8x4096x6144][8x4096x6144][8x4096x6144][8x4096x6144][8x4096x6144][8x4096x6144][8x4096x6144][8x4096x6144][8x4096x6144][8x4096x6144][8x4096x6144][8x4096x6144][8x4096x6144][8x4096x6144][8x4096x6144][8x4096x6144][8x4096x6144][8x4096x6144][8x4096x6144][8x4096x6144][8x4096x6144][8x4096x6144][8x4096x6144][8x4096x6144][8x4096x6144][8x4096x6144][8x4096x6144][8x4096x6144][8x4096x6144][8x4096x6144][8x4096x6144][8x4096x6144][8x4096x6144][8x4096x6144][8x4096x6144][8x4096x6144][8x4096x6144][8x4096x6144][8x4096x6144][8x4096x6144][8x4096x6144][8x4096x6144][8x4096x6144][8x4096x6144][8x4096x6144][8x4096x6144][8x4096x6144][8x4096x6144][8x4096x6144][8x4096x6144][8x4096x6144][8x4096x6144][8x4096x6144][8x4096x6144][8x4096x6144][8x4096x6144][8x4096x6144][8x4096x6144][8x4096x6144][8x4096x6144][8x4096x6144][8x4096x6144][8x4096x6144][8x4096x6144][8x4096x6144][8x4096x6144][8x4096x6144][8x4096x6144][8x4096x6144][8x4096x6144][8x4096x6144][8x4096x6144][8x4096x6144][8x4096x6144][8x4096x6144][8x4096x6144][8x4096x6144][8x4096x6144][8x4096x6144][8x4096x6144][8x4096x6144][8x4096x6144]',,tensorop,f32,128,128,128,2,1,1,2,1,1,12,4,1,1,128,128,32,100,110,6471811072,103095992320,15,1.05033,5738.51,98155.6
1,CUTLASS,grouped_gemm,cutlass3x_sm100_tensorop_gemm_grouped_e4m3_e4m3_f32_bf16_e4m3_128x128x128_2x1x1_0_ttt_align16_stream_k_2sm_epi_tma,passed,success,grouped,,,,,fe4m3:row,fe4m3:row,bf16:row,fe4m3:row,1,0,invalid,invalid,heuristic,1,false,'[8x4096x6144][8x4096x6144][8x4096x6144][8x4096x6144][8x4096x6144][8x4096x6144][8x4096x6144][8x4096x6144][8x4096x6144][8x4096x6144][8x4096x6144][8x4096x6144][8x4096x6144][8x4096x6144][8x4096x6144][8x4096x6144][8x4096x6144][8x4096x6144][8x4096x6144][8x4096x6144][8x4096x6144][8x4096x6144][8x4096x6144][8x4096x6144][8x4096x6144][8x4096x6144][8x4096x6144][8x4096x6144][8x4096x6144][8x4096x6144][8x4096x6144][8x4096x6144][8x4096x6144][8x4096x6144][8x4096x6144][8x4096x6144][8x4096x6144][8x4096x6144][8x4096x6144][8x4096x6144][8x4096x6144][8x4096x6144][8x4096x6144][8x4096x6144][8x4096x6144][8x4096x6144][8x4096x6144][8x4096x6144][8x4096x6144][8x4096x6144][8x4096x6144][8x4096x6144][8x4096x6144][8x4096x6144][8x4096x6144][8x4096x6144][8x4096x6144][8x4096x6144][8x4096x6144][8x4096x6144][8x4096x6144][8x4096x6144][8x4096x6144][8x4096x6144][8x4096x6144][8x4096x6144][8x4096x6144][8x4096x6144][8x4096x6144][8x4096x6144][8x4096x6144][8x4096x6144][8x4096x6144][8x4096x6144][8x4096x6144][8x4096x6144][8x4096x6144][8x4096x6144][8x4096x6144][8x4096x6144][8x4096x6144][8x4096x6144][8x4096x6144][8x4096x6144][8x4096x6144][8x4096x6144][8x4096x6144][8x4096x6144][8x4096x6144][8x4096x6144][8x4096x6144][8x4096x6144][8x4096x6144][8x4096x6144][8x4096x6144][8x4096x6144][8x4096x6144][8x4096x6144][8x4096x6144][8x4096x6144][8x4096x6144][8x4096x6144][8x4096x6144][8x4096x6144][8x4096x6144][8x4096x6144][8x4096x6144][8x4096x6144][8x4096x6144][8x4096x6144][8x4096x6144][8x4096x6144][8x4096x6144][8x4096x6144][8x4096x6144][8x4096x6144][8x4096x6144][8x4096x6144][8x4096x6144][8x4096x6144][8x4096x6144][8x4096x6144][8x4096x6144][8x4096x6144][8x4096x6144][8x4096x6144][8x4096x6144][8x4096x6144][8x4096x6144][8x4096x6144][8x4096x6144][8x4096x6144][8x4096x6144][8x4096x6144][8x4096x6144][8x4096x6144][8x4096x6144][8x4096x6144][8x4096x6144][8x4096x6144][8x4096x6144][8x4096x6144][8x4096x6144][8x4096x6144][8x4096x6144][8x4096x6144][8x4096x6144][8x4096x6144][8x4096x6144][8x4096x6144][8x4096x6144][8x4096x6144][8x4096x6144][8x4096x6144][8x4096x6144][8x4096x6144][8x4096x6144][8x4096x6144][8x4096x6144][8x4096x6144][8x4096x6144][8x4096x6144][8x4096x6144][8x4096x6144][8x4096x6144][8x4096x6144][8x4096x6144][8x4096x6144][8x4096x6144][8x4096x6144][8x4096x6144][8x4096x6144][8x4096x6144][8x4096x6144][8x4096x6144][8x4096x6144][8x4096x6144][8x4096x6144][8x4096x6144][8x4096x6144][8x4096x6144][8x4096x6144][8x4096x6144][8x4096x6144][8x4096x6144][8x4096x6144][8x4096x6144][8x4096x6144][8x4096x6144][8x4096x6144][8x4096x6144][8x4096x6144][8x4096x6144][8x4096x6144][8x4096x6144][8x4096x6144][8x4096x6144][8x4096x6144][8x4096x6144][8x4096x6144][8x4096x6144][8x4096x6144][8x4096x6144][8x4096x6144][8x4096x6144][8x4096x6144][8x4096x6144][8x4096x6144][8x4096x6144][8x4096x6144][8x4096x6144][8x4096x6144][8x4096x6144][8x4096x6144][8x4096x6144][8x4096x6144][8x4096x6144][8x4096x6144][8x4096x6144][8x4096x6144][8x4096x6144][8x4096x6144][8x4096x6144][8x4096x6144][8x4096x6144][8x4096x6144][8x4096x6144][8x4096x6144][8x4096x6144][8x4096x6144][8x4096x6144][8x4096x6144][8x4096x6144][8x4096x6144][8x4096x6144][8x4096x6144][8x4096x6144][8x4096x6144][8x4096x6144][8x4096x6144][8x4096x6144][8x4096x6144][8x4096x6144][8x4096x6144][8x4096x6144][8x4096x6144][8x4096x6144][8x4096x6144][8x4096x6144][8x4096x6144][8x4096x6144][8x4096x6144][8x4096x6144][8x4096x6144][8x4096x6144][8x4096x6144]',,tensorop,f32,128,128,128,2,1,1,2,1,1,12,4,1,1,128,128,32,100,110,6471811072,103095992320,15,1.04992,5740.76,98194
1,CUTLASS,grouped_gemm,cutlass3x_sm100_tensorop_gemm_grouped_e4m3_e4m3_f32_bf16_e4m3_128x128x128_2x2x1_0_ttt_align16_2sm_epi_tma,passed,success,grouped,,,,,fe4m3:row,fe4m3:row,bf16:row,fe4m3:row,1,0,invalid,invalid,heuristic,1,false,'[8x4096x6144][8x4096x6144][8x4096x6144][8x4096x6144][8x4096x6144][8x4096x6144][8x4096x6144][8x4096x6144][8x4096x6144][8x4096x6144][8x4096x6144][8x4096x6144][8x4096x6144][8x4096x6144][8x4096x6144][8x4096x6144][8x4096x6144][8x4096x6144][8x4096x6144][8x4096x6144][8x4096x6144][8x4096x6144][8x4096x6144][8x4096x6144][8x4096x6144][8x4096x6144][8x4096x6144][8x4096x6144][8x4096x6144][8x4096x6144][8x4096x6144][8x4096x6144][8x4096x6144][8x4096x6144][8x4096x6144][8x4096x6144][8x4096x6144][8x4096x6144][8x4096x6144][8x4096x6144][8x4096x6144][8x4096x6144][8x4096x6144][8x4096x6144][8x4096x6144][8x4096x6144][8x4096x6144][8x4096x6144][8x4096x6144][8x4096x6144][8x4096x6144][8x4096x6144][8x4096x6144][8x4096x6144][8x4096x6144][8x4096x6144][8x4096x6144][8x4096x6144][8x4096x6144][8x4096x6144][8x4096x6144][8x4096x6144][8x4096x6144][8x4096x6144][8x4096x6144][8x4096x6144][8x4096x6144][8x4096x6144][8x4096x6144][8x4096x6144][8x4096x6144][8x4096x6144][8x4096x6144][8x4096x6144][8x4096x6144][8x4096x6144][8x4096x6144][8x4096x6144][8x4096x6144][8x4096x6144][8x4096x6144][8x4096x6144][8x4096x6144][8x4096x6144][8x4096x6144][8x4096x6144][8x4096x6144][8x4096x6144][8x4096x6144][8x4096x6144][8x4096x6144][8x4096x6144][8x4096x6144][8x4096x6144][8x4096x6144][8x4096x6144][8x4096x6144][8x4096x6144][8x4096x6144][8x4096x6144][8x4096x6144][8x4096x6144][8x4096x6144][8x4096x6144][8x4096x6144][8x4096x6144][8x4096x6144][8x4096x6144][8x4096x6144][8x4096x6144][8x4096x6144][8x4096x6144][8x4096x6144][8x4096x6144][8x4096x6144][8x4096x6144][8x4096x6144][8x4096x6144][8x4096x6144][8x4096x6144][8x4096x6144][8x4096x6144][8x4096x6144][8x4096x6144][8x4096x6144][8x4096x6144][8x4096x6144][8x4096x6144][8x4096x6144][8x4096x6144][8x4096x6144][8x4096x6144][8x4096x6144][8x4096x6144][8x4096x6144][8x4096x6144][8x4096x6144][8x4096x6144][8x4096x6144][8x4096x6144][8x4096x6144][8x4096x6144][8x4096x6144][8x4096x6144][8x4096x6144][8x4096x6144][8x4096x6144][8x4096x6144][8x4096x6144][8x4096x6144][8x4096x6144][8x4096x6144][8x4096x6144][8x4096x6144][8x4096x6144][8x4096x6144][8x4096x6144][8x4096x6144][8x4096x6144][8x4096x6144][8x4096x6144][8x4096x6144][8x4096x6144][8x4096x6144][8x4096x6144][8x4096x6144][8x4096x6144][8x4096x6144][8x4096x6144][8x4096x6144][8x4096x6144][8x4096x6144][8x4096x6144][8x4096x6144][8x4096x6144][8x4096x6144][8x4096x6144][8x4096x6144][8x4096x6144][8x4096x6144][8x4096x6144][8x4096x6144][8x4096x6144][8x4096x6144][8x4096x6144][8x4096x6144][8x4096x6144][8x4096x6144][8x4096x6144][8x4096x6144][8x4096x6144][8x4096x6144][8x4096x6144][8x4096x6144][8x4096x6144][8x4096x6144][8x4096x6144][8x4096x6144][8x4096x6144][8x4096x6144][8x4096x6144][8x4096x6144][8x4096x6144][8x4096x6144][8x4096x6144][8x4096x6144][8x4096x6144][8x4096x6144][8x4096x6144][8x4096x6144][8x4096x6144][8x4096x6144][8x4096x6144][8x4096x6144][8x4096x6144][8x4096x6144][8x4096x6144][8x4096x6144][8x4096x6144][8x4096x6144][8x4096x6144][8x4096x6144][8x4096x6144][8x4096x6144][8x4096x6144][8x4096x6144][8x4096x6144][8x4096x6144][8x4096x6144][8x4096x6144][8x4096x6144][8x4096x6144][8x4096x6144][8x4096x6144][8x4096x6144][8x4096x6144][8x4096x6144][8x4096x6144][8x4096x6144][8x4096x6144][8x4096x6144][8x4096x6144][8x4096x6144][8x4096x6144][8x4096x6144][8x4096x6144][8x4096x6144][8x4096x6144][8x4096x6144][8x4096x6144][8x4096x6144][8x4096x6144][8x4096x6144][8x4096x6144][8x4096x6144][8x4096x6144]',,tensorop,f32,128,128,128,2,2,1,2,1,1,12,4,1,1,128,128,32,100,110,6471811072,103095992320,15,1.0379,5807.23,99331.1
1,CUTLASS,grouped_gemm,cutlass3x_sm100_tensorop_gemm_grouped_e4m3_e4m3_f32_bf16_e4m3_128x128x128_2x2x1_0_ttt_align16_stream_k_2sm_epi_tma,passed,success,grouped,,,,,fe4m3:row,fe4m3:row,bf16:row,fe4m3:row,1,0,invalid,invalid,heuristic,1,false,'[8x4096x6144][8x4096x6144][8x4096x6144][8x4096x6144][8x4096x6144][8x4096x6144][8x4096x6144][8x4096x6144][8x4096x6144][8x4096x6144][8x4096x6144][8x4096x6144][8x4096x6144][8x4096x6144][8x4096x6144][8x4096x6144][8x4096x6144][8x4096x6144][8x4096x6144][8x4096x6144][8x4096x6144][8x4096x6144][8x4096x6144][8x4096x6144][8x4096x6144][8x4096x6144][8x4096x6144][8x4096x6144][8x4096x6144][8x4096x6144][8x4096x6144][8x4096x6144][8x4096x6144][8x4096x6144][8x4096x6144][8x4096x6144][8x4096x6144][8x4096x6144][8x4096x6144][8x4096x6144][8x4096x6144][8x4096x6144][8x4096x6144][8x4096x6144][8x4096x6144][8x4096x6144][8x4096x6144][8x4096x6144][8x4096x6144][8x4096x6144][8x4096x6144][8x4096x6144][8x4096x6144][8x4096x6144][8x4096x6144][8x4096x6144][8x4096x6144][8x4096x6144][8x4096x6144][8x4096x6144][8x4096x6144][8x4096x6144][8x4096x6144][8x4096x6144][8x4096x6144][8x4096x6144][8x4096x6144][8x4096x6144][8x4096x6144][8x4096x6144][8x4096x6144][8x4096x6144][8x4096x6144][8x4096x6144][8x4096x6144][8x4096x6144][8x4096x6144][8x4096x6144][8x4096x6144][8x4096x6144][8x4096x6144][8x4096x6144][8x4096x6144][8x4096x6144][8x4096x6144][8x4096x6144][8x4096x6144][8x4096x6144][8x4096x6144][8x4096x6144][8x4096x6144][8x4096x6144][8x4096x6144][8x4096x6144][8x4096x6144][8x4096x6144][8x4096x6144][8x4096x6144][8x4096x6144][8x4096x6144][8x4096x6144][8x4096x6144][8x4096x6144][8x4096x6144][8x4096x6144][8x4096x6144][8x4096x6144][8x4096x6144][8x4096x6144][8x4096x6144][8x4096x6144][8x4096x6144][8x4096x6144][8x4096x6144][8x4096x6144][8x4096x6144][8x4096x6144][8x4096x6144][8x4096x6144][8x4096x6144][8x4096x6144][8x4096x6144][8x4096x6144][8x4096x6144][8x4096x6144][8x4096x6144][8x4096x6144][8x4096x6144][8x4096x6144][8x4096x6144][8x4096x6144][8x4096x6144][8x4096x6144][8x4096x6144][8x4096x6144][8x4096x6144][8x4096x6144][8x4096x6144][8x4096x6144][8x4096x6144][8x4096x6144][8x4096x6144][8x4096x6144][8x4096x6144][8x4096x6144][8x4096x6144][8x4096x6144][8x4096x6144][8x4096x6144][8x4096x6144][8x4096x6144][8x4096x6144][8x4096x6144][8x4096x6144][8x4096x6144][8x4096x6144][8x4096x6144][8x4096x6144][8x4096x6144][8x4096x6144][8x4096x6144][8x4096x6144][8x4096x6144][8x4096x6144][8x4096x6144][8x4096x6144][8x4096x6144][8x4096x6144][8x4096x6144][8x4096x6144][8x4096x6144][8x4096x6144][8x4096x6144][8x4096x6144][8x4096x6144][8x4096x6144][8x4096x6144][8x4096x6144][8x4096x6144][8x4096x6144][8x4096x6144][8x4096x6144][8x4096x6144][8x4096x6144][8x4096x6144][8x4096x6144][8x4096x6144][8x4096x6144][8x4096x6144][8x4096x6144][8x4096x6144][8x4096x6144][8x4096x6144][8x4096x6144][8x4096x6144][8x4096x6144][8x4096x6144][8x4096x6144][8x4096x6144][8x4096x6144][8x4096x6144][8x4096x6144][8x4096x6144][8x4096x6144][8x4096x6144][8x4096x6144][8x4096x6144][8x4096x6144][8x4096x6144][8x4096x6144][8x4096x6144][8x4096x6144][8x4096x6144][8x4096x6144][8x4096x6144][8x4096x6144][8x4096x6144][8x4096x6144][8x4096x6144][8x4096x6144][8x4096x6144][8x4096x6144][8x4096x6144][8x4096x6144][8x4096x6144][8x4096x6144][8x4096x6144][8x4096x6144][8x4096x6144][8x4096x6144][8x4096x6144][8x4096x6144][8x4096x6144][8x4096x6144][8x4096x6144][8x4096x6144][8x4096x6144][8x4096x6144][8x4096x6144][8x4096x6144][8x4096x6144][8x4096x6144][8x4096x6144][8x4096x6144][8x4096x6144][8x4096x6144][8x4096x6144][8x4096x6144][8x4096x6144][8x4096x6144][8x4096x6144][8x4096x6144][8x4096x6144][8x4096x6144][8x4096x6144][8x4096x6144]',,tensorop,f32,128,128,128,2,2,1,2,1,1,12,4,1,1,128,128,32,100,110,6471811072,103095992320,15,1.04177,5785.67,98962.2
1,CUTLASS,grouped_gemm,cutlass3x_sm100_tensorop_gemm_grouped_e4m3_e4m3_f32_bf16_e4m3_128x128x128_4x1x1_0_ttt_align16_2sm_epi_tma,passed,success,grouped,,,,,fe4m3:row,fe4m3:row,bf16:row,fe4m3:row,1,0,invalid,invalid,heuristic,1,false,'[8x4096x6144][8x4096x6144][8x4096x6144][8x4096x6144][8x4096x6144][8x4096x6144][8x4096x6144][8x4096x6144][8x4096x6144][8x4096x6144][8x4096x6144][8x4096x6144][8x4096x6144][8x4096x6144][8x4096x6144][8x4096x6144][8x4096x6144][8x4096x6144][8x4096x6144][8x4096x6144][8x4096x6144][8x4096x6144][8x4096x6144][8x4096x6144][8x4096x6144][8x4096x6144][8x4096x6144][8x4096x6144][8x4096x6144][8x4096x6144][8x4096x6144][8x4096x6144][8x4096x6144][8x4096x6144][8x4096x6144][8x4096x6144][8x4096x6144][8x4096x6144][8x4096x6144][8x4096x6144][8x4096x6144][8x4096x6144][8x4096x6144][8x4096x6144][8x4096x6144][8x4096x6144][8x4096x6144][8x4096x6144][8x4096x6144][8x4096x6144][8x4096x6144][8x4096x6144][8x4096x6144][8x4096x6144][8x4096x6144][8x4096x6144][8x4096x6144][8x4096x6144][8x4096x6144][8x4096x6144][8x4096x6144][8x4096x6144][8x4096x6144][8x4096x6144][8x4096x6144][8x4096x6144][8x4096x6144][8x4096x6144][8x4096x6144][8x4096x6144][8x4096x6144][8x4096x6144][8x4096x6144][8x4096x6144][8x4096x6144][8x4096x6144][8x4096x6144][8x4096x6144][8x4096x6144][8x4096x6144][8x4096x6144][8x4096x6144][8x4096x6144][8x4096x6144][8x4096x6144][8x4096x6144][8x4096x6144][8x4096x6144][8x4096x6144][8x4096x6144][8x4096x6144][8x4096x6144][8x4096x6144][8x4096x6144][8x4096x6144][8x4096x6144][8x4096x6144][8x4096x6144][8x4096x6144][8x4096x6144][8x4096x6144][8x4096x6144][8x4096x6144][8x4096x6144][8x4096x6144][8x4096x6144][8x4096x6144][8x4096x6144][8x4096x6144][8x4096x6144][8x4096x6144][8x4096x6144][8x4096x6144][8x4096x6144][8x4096x6144][8x4096x6144][8x4096x6144][8x4096x6144][8x4096x6144][8x4096x6144][8x4096x6144][8x4096x6144][8x4096x6144][8x4096x6144][8x4096x6144][8x4096x6144][8x4096x6144][8x4096x6144][8x4096x6144][8x4096x6144][8x4096x6144][8x4096x6144][8x4096x6144][8x4096x6144][8x4096x6144][8x4096x6144][8x4096x6144][8x4096x6144][8x4096x6144][8x4096x6144][8x4096x6144][8x4096x6144][8x4096x6144][8x4096x6144][8x4096x6144][8x4096x6144][8x4096x6144][8x4096x6144][8x4096x6144][8x4096x6144][8x4096x6144][8x4096x6144][8x4096x6144][8x4096x6144][8x4096x6144][8x4096x6144][8x4096x6144][8x4096x6144][8x4096x6144][8x4096x6144][8x4096x6144][8x4096x6144][8x4096x6144][8x4096x6144][8x4096x6144][8x4096x6144][8x4096x6144][8x4096x6144][8x4096x6144][8x4096x6144][8x4096x6144][8x4096x6144][8x4096x6144][8x4096x6144][8x4096x6144][8x4096x6144][8x4096x6144][8x4096x6144][8x4096x6144][8x4096x6144][8x4096x6144][8x4096x6144][8x4096x6144][8x4096x6144][8x4096x6144][8x4096x6144][8x4096x6144][8x4096x6144][8x4096x6144][8x4096x6144][8x4096x6144][8x4096x6144][8x4096x6144][8x4096x6144][8x4096x6144][8x4096x6144][8x4096x6144][8x4096x6144][8x4096x6144][8x4096x6144][8x4096x6144][8x4096x6144][8x4096x6144][8x4096x6144][8x4096x6144][8x4096x6144][8x4096x6144][8x4096x6144][8x4096x6144][8x4096x6144][8x4096x6144][8x4096x6144][8x4096x6144][8x4096x6144][8x4096x6144][8x4096x6144][8x4096x6144][8x4096x6144][8x4096x6144][8x4096x6144][8x4096x6144][8x4096x6144][8x4096x6144][8x4096x6144][8x4096x6144][8x4096x6144][8x4096x6144][8x4096x6144][8x4096x6144][8x4096x6144][8x4096x6144][8x4096x6144][8x4096x6144][8x4096x6144][8x4096x6144][8x4096x6144][8x4096x6144][8x4096x6144][8x4096x6144][8x4096x6144][8x4096x6144][8x4096x6144][8x4096x6144][8x4096x6144][8x4096x6144][8x4096x6144][8x4096x6144][8x4096x6144][8x4096x6144][8x4096x6144][8x4096x6144][8x4096x6144][8x4096x6144][8x4096x6144][8x4096x6144][8x4096x6144]',,tensorop,f32,128,128,128,4,1,1,2,1,1,12,4,1,1,128,128,32,100,110,6471811072,103095992320,15,1.60085,3765.08,64400.6
1,CUTLASS,grouped_gemm,cutlass3x_sm100_tensorop_gemm_grouped_e4m3_e4m3_f32_bf16_e4m3_128x128x128_4x1x1_0_ttt_align16_stream_k_2sm_epi_tma,passed,success,grouped,,,,,fe4m3:row,fe4m3:row,bf16:row,fe4m3:row,1,0,invalid,invalid,heuristic,1,false,'[8x4096x6144][8x4096x6144][8x4096x6144][8x4096x6144][8x4096x6144][8x4096x6144][8x4096x6144][8x4096x6144][8x4096x6144][8x4096x6144][8x4096x6144][8x4096x6144][8x4096x6144][8x4096x6144][8x4096x6144][8x4096x6144][8x4096x6144][8x4096x6144][8x4096x6144][8x4096x6144][8x4096x6144][8x4096x6144][8x4096x6144][8x4096x6144][8x4096x6144][8x4096x6144][8x4096x6144][8x4096x6144][8x4096x6144][8x4096x6144][8x4096x6144][8x4096x6144][8x4096x6144][8x4096x6144][8x4096x6144][8x4096x6144][8x4096x6144][8x4096x6144][8x4096x6144][8x4096x6144][8x4096x6144][8x4096x6144][8x4096x6144][8x4096x6144][8x4096x6144][8x4096x6144][8x4096x6144][8x4096x6144][8x4096x6144][8x4096x6144][8x4096x6144][8x4096x6144][8x4096x6144][8x4096x6144][8x4096x6144][8x4096x6144][8x4096x6144][8x4096x6144][8x4096x6144][8x4096x6144][8x4096x6144][8x4096x6144][8x4096x6144][8x4096x6144][8x4096x6144][8x4096x6144][8x4096x6144][8x4096x6144][8x4096x6144][8x4096x6144][8x4096x6144][8x4096x6144][8x4096x6144][8x4096x6144][8x4096x6144][8x4096x6144][8x4096x6144][8x4096x6144][8x4096x6144][8x4096x6144][8x4096x6144][8x4096x6144][8x4096x6144][8x4096x6144][8x4096x6144][8x4096x6144][8x4096x6144][8x4096x6144][8x4096x6144][8x4096x6144][8x4096x6144][8x4096x6144][8x4096x6144][8x4096x6144][8x4096x6144][8x4096x6144][8x4096x6144][8x4096x6144][8x4096x6144][8x4096x6144][8x4096x6144][8x4096x6144][8x4096x6144][8x4096x6144][8x4096x6144][8x4096x6144][8x4096x6144][8x4096x6144][8x4096x6144][8x4096x6144][8x4096x6144][8x4096x6144][8x4096x6144][8x4096x6144][8x4096x6144][8x4096x6144][8x4096x6144][8x4096x6144][8x4096x6144][8x4096x6144][8x4096x6144][8x4096x6144][8x4096x6144][8x4096x6144][8x4096x6144][8x4096x6144][8x4096x6144][8x4096x6144][8x4096x6144][8x4096x6144][8x4096x6144][8x4096x6144][8x4096x6144][8x4096x6144][8x4096x6144][8x4096x6144][8x4096x6144][8x4096x6144][8x4096x6144][8x4096x6144][8x4096x6144][8x4096x6144][8x4096x6144][8x4096x6144][8x4096x6144][8x4096x6144][8x4096x6144][8x4096x6144][8x4096x6144][8x4096x6144][8x4096x6144][8x4096x6144][8x4096x6144][8x4096x6144][8x4096x6144][8x4096x6144][8x4096x6144][8x4096x6144][8x4096x6144][8x4096x6144][8x4096x6144][8x4096x6144][8x4096x6144][8x4096x6144][8x4096x6144][8x4096x6144][8x4096x6144][8x4096x6144][8x4096x6144][8x4096x6144][8x4096x6144][8x4096x6144][8x4096x6144][8x4096x6144][8x4096x6144][8x4096x6144][8x4096x6144][8x4096x6144][8x4096x6144][8x4096x6144][8x4096x6144][8x4096x6144][8x4096x6144][8x4096x6144][8x4096x6144][8x4096x6144][8x4096x6144][8x4096x6144][8x4096x6144][8x4096x6144][8x4096x6144][8x4096x6144][8x4096x6144][8x4096x6144][8x4096x6144][8x4096x6144][8x4096x6144][8x4096x6144][8x4096x6144][8x4096x6144][8x4096x6144][8x4096x6144][8x4096x6144][8x4096x6144][8x4096x6144][8x4096x6144][8x4096x6144][8x4096x6144][8x4096x6144][8x4096x6144][8x4096x6144][8x4096x6144][8x4096x6144][8x4096x6144][8x4096x6144][8x4096x6144][8x4096x6144][8x4096x6144][8x4096x6144][8x4096x6144][8x4096x6144][8x4096x6144][8x4096x6144][8x4096x6144][8x4096x6144][8x4096x6144][8x4096x6144][8x4096x6144][8x4096x6144][8x4096x6144][8x4096x6144][8x4096x6144][8x4096x6144][8x4096x6144][8x4096x6144][8x4096x6144][8x4096x6144][8x4096x6144][8x4096x6144][8x4096x6144][8x4096x6144][8x4096x6144][8x4096x6144][8x4096x6144][8x4096x6144][8x4096x6144][8x4096x6144][8x4096x6144][8x4096x6144][8x4096x6144][8x4096x6144][8x4096x6144][8x4096x6144][8x4096x6144][8x4096x6144][8x4096x6144]',,tensorop,f32,128,128,128,4,1,1,2,1,1,12,4,1,1,128,128,32,100,110,6471811072,103095992320,15,1.58103,3812.29,65208.1
1,CUTLASS,grouped_gemm,cutlass3x_sm100_tensorop_gemm_grouped_e4m3_e4m3_f32_bf16_e4m3_128x128x128_2x4x1_0_ttt_align16_2sm_epi_tma,passed,success,grouped,,,,,fe4m3:row,fe4m3:row,bf16:row,fe4m3:row,1,0,invalid,invalid,heuristic,1,false,'[8x4096x6144][8x4096x6144][8x4096x6144][8x4096x6144][8x4096x6144][8x4096x6144][8x4096x6144][8x4096x6144][8x4096x6144][8x4096x6144][8x4096x6144][8x4096x6144][8x4096x6144][8x4096x6144][8x4096x6144][8x4096x6144][8x4096x6144][8x4096x6144][8x4096x6144][8x4096x6144][8x4096x6144][8x4096x6144][8x4096x6144][8x4096x6144][8x4096x6144][8x4096x6144][8x4096x6144][8x4096x6144][8x4096x6144][8x4096x6144][8x4096x6144][8x4096x6144][8x4096x6144][8x4096x6144][8x4096x6144][8x4096x6144][8x4096x6144][8x4096x6144][8x4096x6144][8x4096x6144][8x4096x6144][8x4096x6144][8x4096x6144][8x4096x6144][8x4096x6144][8x4096x6144][8x4096x6144][8x4096x6144][8x4096x6144][8x4096x6144][8x4096x6144][8x4096x6144][8x4096x6144][8x4096x6144][8x4096x6144][8x4096x6144][8x4096x6144][8x4096x6144][8x4096x6144][8x4096x6144][8x4096x6144][8x4096x6144][8x4096x6144][8x4096x6144][8x4096x6144][8x4096x6144][8x4096x6144][8x4096x6144][8x4096x6144][8x4096x6144][8x4096x6144][8x4096x6144][8x4096x6144][8x4096x6144][8x4096x6144][8x4096x6144][8x4096x6144][8x4096x6144][8x4096x6144][8x4096x6144][8x4096x6144][8x4096x6144][8x4096x6144][8x4096x6144][8x4096x6144][8x4096x6144][8x4096x6144][8x4096x6144][8x4096x6144][8x4096x6144][8x4096x6144][8x4096x6144][8x4096x6144][8x4096x6144][8x4096x6144][8x4096x6144][8x4096x6144][8x4096x6144][8x4096x6144][8x4096x6144][8x4096x6144][8x4096x6144][8x4096x6144][8x4096x6144][8x4096x6144][8x4096x6144][8x4096x6144][8x4096x6144][8x4096x6144][8x4096x6144][8x4096x6144][8x4096x6144][8x4096x6144][8x4096x6144][8x4096x6144][8x4096x6144][8x4096x6144][8x4096x6144][8x4096x6144][8x4096x6144][8x4096x6144][8x4096x6144][8x4096x6144][8x4096x6144][8x4096x6144][8x4096x6144][8x4096x6144][8x4096x6144][8x4096x6144][8x4096x6144][8x4096x6144][8x4096x6144][8x4096x6144][8x4096x6144][8x4096x6144][8x4096x6144][8x4096x6144][8x4096x6144][8x4096x6144][8x4096x6144][8x4096x6144][8x4096x6144][8x4096x6144][8x4096x6144][8x4096x6144][8x4096x6144][8x4096x6144][8x4096x6144][8x4096x6144][8x4096x6144][8x4096x6144][8x4096x6144][8x4096x6144][8x4096x6144][8x4096x6144][8x4096x6144][8x4096x6144][8x4096x6144][8x4096x6144][8x4096x6144][8x4096x6144][8x4096x6144][8x4096x6144][8x4096x6144][8x4096x6144][8x4096x6144][8x4096x6144][8x4096x6144][8x4096x6144][8x4096x6144][8x4096x6144][8x4096x6144][8x4096x6144][8x4096x6144][8x4096x6144][8x4096x6144][8x4096x6144][8x4096x6144][8x4096x6144][8x4096x6144][8x4096x6144][8x4096x6144][8x4096x6144][8x4096x6144][8x4096x6144][8x4096x6144][8x4096x6144][8x4096x6144][8x4096x6144][8x4096x6144][8x4096x6144][8x4096x6144][8x4096x6144][8x4096x6144][8x4096x6144][8x4096x6144][8x4096x6144][8x4096x6144][8x4096x6144][8x4096x6144][8x4096x6144][8x4096x6144][8x4096x6144][8x4096x6144][8x4096x6144][8x4096x6144][8x4096x6144][8x4096x6144][8x4096x6144][8x4096x6144][8x4096x6144][8x4096x6144][8x4096x6144][8x4096x6144][8x4096x6144][8x4096x6144][8x4096x6144][8x4096x6144][8x4096x6144][8x4096x6144][8x4096x6144][8x4096x6144][8x4096x6144][8x4096x6144][8x4096x6144][8x4096x6144][8x4096x6144][8x4096x6144][8x4096x6144][8x4096x6144][8x4096x6144][8x4096x6144][8x4096x6144][8x4096x6144][8x4096x6144][8x4096x6144][8x4096x6144][8x4096x6144][8x4096x6144][8x4096x6144][8x4096x6144][8x4096x6144][8x4096x6144][8x4096x6144][8x4096x6144][8x4096x6144][8x4096x6144][8x4096x6144][8x4096x6144][8x4096x6144][8x4096x6144][8x4096x6144][8x4096x6144][8x4096x6144][8x4096x6144][8x4096x6144]',,tensorop,f32,128,128,128,2,4,1,2,1,1,12,4,1,1,128,128,32,100,110,6471811072,103095992320,15,1.0506,5737.06,98130.8
1,CUTLASS,grouped_gemm,cutlass3x_sm100_tensorop_gemm_grouped_e4m3_e4m3_f32_bf16_e4m3_128x128x128_2x4x1_0_ttt_align16_stream_k_2sm_epi_tma,passed,success,grouped,,,,,fe4m3:row,fe4m3:row,bf16:row,fe4m3:row,1,0,invalid,invalid,heuristic,1,false,'[8x4096x6144][8x4096x6144][8x4096x6144][8x4096x6144][8x4096x6144][8x4096x6144][8x4096x6144][8x4096x6144][8x4096x6144][8x4096x6144][8x4096x6144][8x4096x6144][8x4096x6144][8x4096x6144][8x4096x6144][8x4096x6144][8x4096x6144][8x4096x6144][8x4096x6144][8x4096x6144][8x4096x6144][8x4096x6144][8x4096x6144][8x4096x6144][8x4096x6144][8x4096x6144][8x4096x6144][8x4096x6144][8x4096x6144][8x4096x6144][8x4096x6144][8x4096x6144][8x4096x6144][8x4096x6144][8x4096x6144][8x4096x6144][8x4096x6144][8x4096x6144][8x4096x6144][8x4096x6144][8x4096x6144][8x4096x6144][8x4096x6144][8x4096x6144][8x4096x6144][8x4096x6144][8x4096x6144][8x4096x6144][8x4096x6144][8x4096x6144][8x4096x6144][8x4096x6144][8x4096x6144][8x4096x6144][8x4096x6144][8x4096x6144][8x4096x6144][8x4096x6144][8x4096x6144][8x4096x6144][8x4096x6144][8x4096x6144][8x4096x6144][8x4096x6144][8x4096x6144][8x4096x6144][8x4096x6144][8x4096x6144][8x4096x6144][8x4096x6144][8x4096x6144][8x4096x6144][8x4096x6144][8x4096x6144][8x4096x6144][8x4096x6144][8x4096x6144][8x4096x6144][8x4096x6144][8x4096x6144][8x4096x6144][8x4096x6144][8x4096x6144][8x4096x6144][8x4096x6144][8x4096x6144][8x4096x6144][8x4096x6144][8x4096x6144][8x4096x6144][8x4096x6144][8x4096x6144][8x4096x6144][8x4096x6144][8x4096x6144][8x4096x6144][8x4096x6144][8x4096x6144][8x4096x6144][8x4096x6144][8x4096x6144][8x4096x6144][8x4096x6144][8x4096x6144][8x4096x6144][8x4096x6144][8x4096x6144][8x4096x6144][8x4096x6144][8x4096x6144][8x4096x6144][8x4096x6144][8x4096x6144][8x4096x6144][8x4096x6144][8x4096x6144][8x4096x6144][8x4096x6144][8x4096x6144][8x4096x6144][8x4096x6144][8x4096x6144][8x4096x6144][8x4096x6144][8x4096x6144][8x4096x6144][8x4096x6144][8x4096x6144][8x4096x6144][8x4096x6144][8x4096x6144][8x4096x6144][8x4096x6144][8x4096x6144][8x4096x6144][8x4096x6144][8x4096x6144][8x4096x6144][8x4096x6144][8x4096x6144][8x4096x6144][8x4096x6144][8x4096x6144][8x4096x6144][8x4096x6144][8x4096x6144][8x4096x6144][8x4096x6144][8x4096x6144][8x4096x6144][8x4096x6144][8x4096x6144][8x4096x6144][8x4096x6144][8x4096x6144][8x4096x6144][8x4096x6144][8x4096x6144][8x4096x6144][8x4096x6144][8x4096x6144][8x4096x6144][8x4096x6144][8x4096x6144][8x4096x6144][8x4096x6144][8x4096x6144][8x4096x6144][8x4096x6144][8x4096x6144][8x4096x6144][8x4096x6144][8x4096x6144][8x4096x6144][8x4096x6144][8x4096x6144][8x4096x6144][8x4096x6144][8x4096x6144][8x4096x6144][8x4096x6144][8x4096x6144][8x4096x6144][8x4096x6144][8x4096x6144][8x4096x6144][8x4096x6144][8x4096x6144][8x4096x6144][8x4096x6144][8x4096x6144][8x4096x6144][8x4096x6144][8x4096x6144][8x4096x6144][8x4096x6144][8x4096x6144][8x4096x6144][8x4096x6144][8x4096x6144][8x4096x6144][8x4096x6144][8x4096x6144][8x4096x6144][8x4096x6144][8x4096x6144][8x4096x6144][8x4096x6144][8x4096x6144][8x4096x6144][8x4096x6144][8x4096x6144][8x4096x6144][8x4096x6144][8x4096x6144][8x4096x6144][8x4096x6144][8x4096x6144][8x4096x6144][8x4096x6144][8x4096x6144][8x4096x6144][8x4096x6144][8x4096x6144][8x4096x6144][8x4096x6144][8x4096x6144][8x4096x6144][8x4096x6144][8x4096x6144][8x4096x6144][8x4096x6144][8x4096x6144][8x4096x6144][8x4096x6144][8x4096x6144][8x4096x6144][8x4096x6144][8x4096x6144][8x4096x6144][8x4096x6144][8x4096x6144][8x4096x6144][8x4096x6144][8x4096x6144][8x4096x6144][8x4096x6144][8x4096x6144][8x4096x6144][8x4096x6144][8x4096x6144][8x4096x6144][8x4096x6144][8x4096x6144][8x4096x6144][8x4096x6144]',,tensorop,f32,128,128,128,2,4,1,2,1,1,12,4,1,1,128,128,32,100,110,6471811072,103095992320,15,1.04677,5758.05,98489.9
1,CUTLASS,grouped_gemm,cutlass3x_sm100_tensorop_gemm_grouped_e4m3_e4m3_f32_bf16_e4m3_128x128x128_4x2x1_0_ttt_align16_2sm_epi_tma,passed,success,grouped,,,,,fe4m3:row,fe4m3:row,bf16:row,fe4m3:row,1,0,invalid,invalid,heuristic,1,false,'[8x4096x6144][8x4096x6144][8x4096x6144][8x4096x6144][8x4096x6144][8x4096x6144][8x4096x6144][8x4096x6144][8x4096x6144][8x4096x6144][8x4096x6144][8x4096x6144][8x4096x6144][8x4096x6144][8x4096x6144][8x4096x6144][8x4096x6144][8x4096x6144][8x4096x6144][8x4096x6144][8x4096x6144][8x4096x6144][8x4096x6144][8x4096x6144][8x4096x6144][8x4096x6144][8x4096x6144][8x4096x6144][8x4096x6144][8x4096x6144][8x4096x6144][8x4096x6144][8x4096x6144][8x4096x6144][8x4096x6144][8x4096x6144][8x4096x6144][8x4096x6144][8x4096x6144][8x4096x6144][8x4096x6144][8x4096x6144][8x4096x6144][8x4096x6144][8x4096x6144][8x4096x6144][8x4096x6144][8x4096x6144][8x4096x6144][8x4096x6144][8x4096x6144][8x4096x6144][8x4096x6144][8x4096x6144][8x4096x6144][8x4096x6144][8x4096x6144][8x4096x6144][8x4096x6144][8x4096x6144][8x4096x6144][8x4096x6144][8x4096x6144][8x4096x6144][8x4096x6144][8x4096x6144][8x4096x6144][8x4096x6144][8x4096x6144][8x4096x6144][8x4096x6144][8x4096x6144][8x4096x6144][8x4096x6144][8x4096x6144][8x4096x6144][8x4096x6144][8x4096x6144][8x4096x6144][8x4096x6144][8x4096x6144][8x4096x6144][8x4096x6144][8x4096x6144][8x4096x6144][8x4096x6144][8x4096x6144][8x4096x6144][8x4096x6144][8x4096x6144][8x4096x6144][8x4096x6144][8x4096x6144][8x4096x6144][8x4096x6144][8x4096x6144][8x4096x6144][8x4096x6144][8x4096x6144][8x4096x6144][8x4096x6144][8x4096x6144][8x4096x6144][8x4096x6144][8x4096x6144][8x4096x6144][8x4096x6144][8x4096x6144][8x4096x6144][8x4096x6144][8x4096x6144][8x4096x6144][8x4096x6144][8x4096x6144][8x4096x6144][8x4096x6144][8x4096x6144][8x4096x6144][8x4096x6144][8x4096x6144][8x4096x6144][8x4096x6144][8x4096x6144][8x4096x6144][8x4096x6144][8x4096x6144][8x4096x6144][8x4096x6144][8x4096x6144][8x4096x6144][8x4096x6144][8x4096x6144][8x4096x6144][8x4096x6144][8x4096x6144][8x4096x6144][8x4096x6144][8x4096x6144][8x4096x6144][8x4096x6144][8x4096x6144][8x4096x6144][8x4096x6144][8x4096x6144][8x4096x6144][8x4096x6144][8x4096x6144][8x4096x6144][8x4096x6144][8x4096x6144][8x4096x6144][8x4096x6144][8x4096x6144][8x4096x6144][8x4096x6144][8x4096x6144][8x4096x6144][8x4096x6144][8x4096x6144][8x4096x6144][8x4096x6144][8x4096x6144][8x4096x6144][8x4096x6144][8x4096x6144][8x4096x6144][8x4096x6144][8x4096x6144][8x4096x6144][8x4096x6144][8x4096x6144][8x4096x6144][8x4096x6144][8x4096x6144][8x4096x6144][8x4096x6144][8x4096x6144][8x4096x6144][8x4096x6144][8x4096x6144][8x4096x6144][8x4096x6144][8x4096x6144][8x4096x6144][8x4096x6144][8x4096x6144][8x4096x6144][8x4096x6144][8x4096x6144][8x4096x6144][8x4096x6144][8x4096x6144][8x4096x6144][8x4096x6144][8x4096x6144][8x4096x6144][8x4096x6144][8x4096x6144][8x4096x6144][8x4096x6144][8x4096x6144][8x4096x6144][8x4096x6144][8x4096x6144][8x4096x6144][8x4096x6144][8x4096x6144][8x4096x6144][8x4096x6144][8x4096x6144][8x4096x6144][8x4096x6144][8x4096x6144][8x4096x6144][8x4096x6144][8x4096x6144][8x4096x6144][8x4096x6144][8x4096x6144][8x4096x6144][8x4096x6144][8x4096x6144][8x4096x6144][8x4096x6144][8x4096x6144][8x4096x6144][8x4096x6144][8x4096x6144][8x4096x6144][8x4096x6144][8x4096x6144][8x4096x6144][8x4096x6144][8x4096x6144][8x4096x6144][8x4096x6144][8x4096x6144][8x4096x6144][8x4096x6144][8x4096x6144][8x4096x6144][8x4096x6144][8x4096x6144][8x4096x6144][8x4096x6144][8x4096x6144][8x4096x6144][8x4096x6144][8x4096x6144][8x4096x6144][8x4096x6144][8x4096x6144][8x4096x6144][8x4096x6144][8x4096x6144][8x4096x6144]',,tensorop,f32,128,128,128,4,2,1,2,1,1,12,4,1,1,128,128,32,100,110,6471811072,103095992320,15,1.66218,3626.16,62024.5
1,CUTLASS,grouped_gemm,cutlass3x_sm100_tensorop_gemm_grouped_e4m3_e4m3_f32_bf16_e4m3_128x128x128_4x2x1_0_ttt_align16_stream_k_2sm_epi_tma,passed,success,grouped,,,,,fe4m3:row,fe4m3:row,bf16:row,fe4m3:row,1,0,invalid,invalid,heuristic,1,false,'[8x4096x6144][8x4096x6144][8x4096x6144][8x4096x6144][8x4096x6144][8x4096x6144][8x4096x6144][8x4096x6144][8x4096x6144][8x4096x6144][8x4096x6144][8x4096x6144][8x4096x6144][8x4096x6144][8x4096x6144][8x4096x6144][8x4096x6144][8x4096x6144][8x4096x6144][8x4096x6144][8x4096x6144][8x4096x6144][8x4096x6144][8x4096x6144][8x4096x6144][8x4096x6144][8x4096x6144][8x4096x6144][8x4096x6144][8x4096x6144][8x4096x6144][8x4096x6144][8x4096x6144][8x4096x6144][8x4096x6144][8x4096x6144][8x4096x6144][8x4096x6144][8x4096x6144][8x4096x6144][8x4096x6144][8x4096x6144][8x4096x6144][8x4096x6144][8x4096x6144][8x4096x6144][8x4096x6144][8x4096x6144][8x4096x6144][8x4096x6144][8x4096x6144][8x4096x6144][8x4096x6144][8x4096x6144][8x4096x6144][8x4096x6144][8x4096x6144][8x4096x6144][8x4096x6144][8x4096x6144][8x4096x6144][8x4096x6144][8x4096x6144][8x4096x6144][8x4096x6144][8x4096x6144][8x4096x6144][8x4096x6144][8x4096x6144][8x4096x6144][8x4096x6144][8x4096x6144][8x4096x6144][8x4096x6144][8x4096x6144][8x4096x6144][8x4096x6144][8x4096x6144][8x4096x6144][8x4096x6144][8x4096x6144][8x4096x6144][8x4096x6144][8x4096x6144][8x4096x6144][8x4096x6144][8x4096x6144][8x4096x6144][8x4096x6144][8x4096x6144][8x4096x6144][8x4096x6144][8x4096x6144][8x4096x6144][8x4096x6144][8x4096x6144][8x4096x6144][8x4096x6144][8x4096x6144][8x4096x6144][8x4096x6144][8x4096x6144][8x4096x6144][8x4096x6144][8x4096x6144][8x4096x6144][8x4096x6144][8x4096x6144][8x4096x6144][8x4096x6144][8x4096x6144][8x4096x6144][8x4096x6144][8x4096x6144][8x4096x6144][8x4096x6144][8x4096x6144][8x4096x6144][8x4096x6144][8x4096x6144][8x4096x6144][8x4096x6144][8x4096x6144][8x4096x6144][8x4096x6144][8x4096x6144][8x4096x6144][8x4096x6144][8x4096x6144][8x4096x6144][8x4096x6144][8x4096x6144][8x4096x6144][8x4096x6144][8x4096x6144][8x4096x6144][8x4096x6144][8x4096x6144][8x4096x6144][8x4096x6144][8x4096x6144][8x4096x6144][8x4096x6144][8x4096x6144][8x4096x6144][8x4096x6144][8x4096x6144][8x4096x6144][8x4096x6144][8x4096x6144][8x4096x6144][8x4096x6144][8x4096x6144][8x4096x6144][8x4096x6144][8x4096x6144][8x4096x6144][8x4096x6144][8x4096x6144][8x4096x6144][8x4096x6144][8x4096x6144][8x4096x6144][8x4096x6144][8x4096x6144][8x4096x6144][8x4096x6144][8x4096x6144][8x4096x6144][8x4096x6144][8x4096x6144][8x4096x6144][8x4096x6144][8x4096x6144][8x4096x6144][8x4096x6144][8x4096x6144][8x4096x6144][8x4096x6144][8x4096x6144][8x4096x6144][8x4096x6144][8x4096x6144][8x4096x6144][8x4096x6144][8x4096x6144][8x4096x6144][8x4096x6144][8x4096x6144][8x4096x6144][8x4096x6144][8x4096x6144][8x4096x6144][8x4096x6144][8x4096x6144][8x4096x6144][8x4096x6144][8x4096x6144][8x4096x6144][8x4096x6144][8x4096x6144][8x4096x6144][8x4096x6144][8x4096x6144][8x4096x6144][8x4096x6144][8x4096x6144][8x4096x6144][8x4096x6144][8x4096x6144][8x4096x6144][8x4096x6144][8x4096x6144][8x4096x6144][8x4096x6144][8x4096x6144][8x4096x6144][8x4096x6144][8x4096x6144][8x4096x6144][8x4096x6144][8x4096x6144][8x4096x6144][8x4096x6144][8x4096x6144][8x4096x6144][8x4096x6144][8x4096x6144][8x4096x6144][8x4096x6144][8x4096x6144][8x4096x6144][8x4096x6144][8x4096x6144][8x4096x6144][8x4096x6144][8x4096x6144][8x4096x6144][8x4096x6144][8x4096x6144][8x4096x6144][8x4096x6144][8x4096x6144][8x4096x6144][8x4096x6144][8x4096x6144][8x4096x6144][8x4096x6144][8x4096x6144][8x4096x6144][8x4096x6144][8x4096x6144][8x4096x6144][8x4096x6144][8x4096x6144][8x4096x6144]',,tensorop,f32,128,128,128,4,2,1,2,1,1,12,4,1,1,128,128,32,100,110,6471811072,103095992320,15,1.6658,3618.3,61889.9
1,CUTLASS,grouped_gemm,cutlass3x_sm100_tensorop_gemm_grouped_e4m3_e4m3_f32_bf16_e4m3_128x128x128_4x4x1_0_ttt_align16_2sm_epi_tma,passed,success,grouped,,,,,fe4m3:row,fe4m3:row,bf16:row,fe4m3:row,1,0,invalid,invalid,heuristic,1,false,'[8x4096x6144][8x4096x6144][8x4096x6144][8x4096x6144][8x4096x6144][8x4096x6144][8x4096x6144][8x4096x6144][8x4096x6144][8x4096x6144][8x4096x6144][8x4096x6144][8x4096x6144][8x4096x6144][8x4096x6144][8x4096x6144][8x4096x6144][8x4096x6144][8x4096x6144][8x4096x6144][8x4096x6144][8x4096x6144][8x4096x6144][8x4096x6144][8x4096x6144][8x4096x6144][8x4096x6144][8x4096x6144][8x4096x6144][8x4096x6144][8x4096x6144][8x4096x6144][8x4096x6144][8x4096x6144][8x4096x6144][8x4096x6144][8x4096x6144][8x4096x6144][8x4096x6144][8x4096x6144][8x4096x6144][8x4096x6144][8x4096x6144][8x4096x6144][8x4096x6144][8x4096x6144][8x4096x6144][8x4096x6144][8x4096x6144][8x4096x6144][8x4096x6144][8x4096x6144][8x4096x6144][8x4096x6144][8x4096x6144][8x4096x6144][8x4096x6144][8x4096x6144][8x4096x6144][8x4096x6144][8x4096x6144][8x4096x6144][8x4096x6144][8x4096x6144][8x4096x6144][8x4096x6144][8x4096x6144][8x4096x6144][8x4096x6144][8x4096x6144][8x4096x6144][8x4096x6144][8x4096x6144][8x4096x6144][8x4096x6144][8x4096x6144][8x4096x6144][8x4096x6144][8x4096x6144][8x4096x6144][8x4096x6144][8x4096x6144][8x4096x6144][8x4096x6144][8x4096x6144][8x4096x6144][8x4096x6144][8x4096x6144][8x4096x6144][8x4096x6144][8x4096x6144][8x4096x6144][8x4096x6144][8x4096x6144][8x4096x6144][8x4096x6144][8x4096x6144][8x4096x6144][8x4096x6144][8x4096x6144][8x4096x6144][8x4096x6144][8x4096x6144][8x4096x6144][8x4096x6144][8x4096x6144][8x4096x6144][8x4096x6144][8x4096x6144][8x4096x6144][8x4096x6144][8x4096x6144][8x4096x6144][8x4096x6144][8x4096x6144][8x4096x6144][8x4096x6144][8x4096x6144][8x4096x6144][8x4096x6144][8x4096x6144][8x4096x6144][8x4096x6144][8x4096x6144][8x4096x6144][8x4096x6144][8x4096x6144][8x4096x6144][8x4096x6144][8x4096x6144][8x4096x6144][8x4096x6144][8x4096x6144][8x4096x6144][8x4096x6144][8x4096x6144][8x4096x6144][8x4096x6144][8x4096x6144][8x4096x6144][8x4096x6144][8x4096x6144][8x4096x6144][8x4096x6144][8x4096x6144][8x4096x6144][8x4096x6144][8x4096x6144][8x4096x6144][8x4096x6144][8x4096x6144][8x4096x6144][8x4096x6144][8x4096x6144][8x4096x6144][8x4096x6144][8x4096x6144][8x4096x6144][8x4096x6144][8x4096x6144][8x4096x6144][8x4096x6144][8x4096x6144][8x4096x6144][8x4096x6144][8x4096x6144][8x4096x6144][8x4096x6144][8x4096x6144][8x4096x6144][8x4096x6144][8x4096x6144][8x4096x6144][8x4096x6144][8x4096x6144][8x4096x6144][8x4096x6144][8x4096x6144][8x4096x6144][8x4096x6144][8x4096x6144][8x4096x6144][8x4096x6144][8x4096x6144][8x4096x6144][8x4096x6144][8x4096x6144][8x4096x6144][8x4096x6144][8x4096x6144][8x4096x6144][8x4096x6144][8x4096x6144][8x4096x6144][8x4096x6144][8x4096x6144][8x4096x6144][8x4096x6144][8x4096x6144][8x4096x6144][8x4096x6144][8x4096x6144][8x4096x6144][8x4096x6144][8x4096x6144][8x4096x6144][8x4096x6144][8x4096x6144][8x4096x6144][8x4096x6144][8x4096x6144][8x4096x6144][8x4096x6144][8x4096x6144][8x4096x6144][8x4096x6144][8x4096x6144][8x4096x6144][8x4096x6144][8x4096x6144][8x4096x6144][8x4096x6144][8x4096x6144][8x4096x6144][8x4096x6144][8x4096x6144][8x4096x6144][8x4096x6144][8x4096x6144][8x4096x6144][8x4096x6144][8x4096x6144][8x4096x6144][8x4096x6144][8x4096x6144][8x4096x6144][8x4096x6144][8x4096x6144][8x4096x6144][8x4096x6144][8x4096x6144][8x4096x6144][8x4096x6144][8x4096x6144][8x4096x6144][8x4096x6144][8x4096x6144][8x4096x6144][8x4096x6144][8x4096x6144][8x4096x6144][8x4096x6144][8x4096x6144][8x4096x6144][8x4096x6144][8x4096x6144]',,tensorop,f32,128,128,128,4,4,1,2,1,1,12,4,1,1,128,128,32,100,110,6471811072,103095992320,15,1.64609,3661.6,62630.7
1,CUTLASS,grouped_gemm,cutlass3x_sm100_tensorop_gemm_grouped_e4m3_e4m3_f32_bf16_e4m3_128x128x128_4x4x1_0_ttt_align16_stream_k_2sm_epi_tma,passed,success,grouped,,,,,fe4m3:row,fe4m3:row,bf16:row,fe4m3:row,1,0,invalid,invalid,heuristic,1,false,'[8x4096x6144][8x4096x6144][8x4096x6144][8x4096x6144][8x4096x6144][8x4096x6144][8x4096x6144][8x4096x6144][8x4096x6144][8x4096x6144][8x4096x6144][8x4096x6144][8x4096x6144][8x4096x6144][8x4096x6144][8x4096x6144][8x4096x6144][8x4096x6144][8x4096x6144][8x4096x6144][8x4096x6144][8x4096x6144][8x4096x6144][8x4096x6144][8x4096x6144][8x4096x6144][8x4096x6144][8x4096x6144][8x4096x6144][8x4096x6144][8x4096x6144][8x4096x6144][8x4096x6144][8x4096x6144][8x4096x6144][8x4096x6144][8x4096x6144][8x4096x6144][8x4096x6144][8x4096x6144][8x4096x6144][8x4096x6144][8x4096x6144][8x4096x6144][8x4096x6144][8x4096x6144][8x4096x6144][8x4096x6144][8x4096x6144][8x4096x6144][8x4096x6144][8x4096x6144][8x4096x6144][8x4096x6144][8x4096x6144][8x4096x6144][8x4096x6144][8x4096x6144][8x4096x6144][8x4096x6144][8x4096x6144][8x4096x6144][8x4096x6144][8x4096x6144][8x4096x6144][8x4096x6144][8x4096x6144][8x4096x6144][8x4096x6144][8x4096x6144][8x4096x6144][8x4096x6144][8x4096x6144][8x4096x6144][8x4096x6144][8x4096x6144][8x4096x6144][8x4096x6144][8x4096x6144][8x4096x6144][8x4096x6144][8x4096x6144][8x4096x6144][8x4096x6144][8x4096x6144][8x4096x6144][8x4096x6144][8x4096x6144][8x4096x6144][8x4096x6144][8x4096x6144][8x4096x6144][8x4096x6144][8x4096x6144][8x4096x6144][8x4096x6144][8x4096x6144][8x4096x6144][8x4096x6144][8x4096x6144][8x4096x6144][8x4096x6144][8x4096x6144][8x4096x6144][8x4096x6144][8x4096x6144][8x4096x6144][8x4096x6144][8x4096x6144][8x4096x6144][8x4096x6144][8x4096x6144][8x4096x6144][8x4096x6144][8x4096x6144][8x4096x6144][8x4096x6144][8x4096x6144][8x4096x6144][8x4096x6144][8x4096x6144][8x4096x6144][8x4096x6144][8x4096x6144][8x4096x6144][8x4096x6144][8x4096x6144][8x4096x6144][8x4096x6144][8x4096x6144][8x4096x6144][8x4096x6144][8x4096x6144][8x4096x6144][8x4096x6144][8x4096x6144][8x4096x6144][8x4096x6144][8x4096x6144][8x4096x6144][8x4096x6144][8x4096x6144][8x4096x6144][8x4096x6144][8x4096x6144][8x4096x6144][8x4096x6144][8x4096x6144][8x4096x6144][8x4096x6144][8x4096x6144][8x4096x6144][8x4096x6144][8x4096x6144][8x4096x6144][8x4096x6144][8x4096x6144][8x4096x6144][8x4096x6144][8x4096x6144][8x4096x6144][8x4096x6144][8x4096x6144][8x4096x6144][8x4096x6144][8x4096x6144][8x4096x6144][8x4096x6144][8x4096x6144][8x4096x6144][8x4096x6144][8x4096x6144][8x4096x6144][8x4096x6144][8x4096x6144][8x4096x6144][8x4096x6144][8x4096x6144][8x4096x6144][8x4096x6144][8x4096x6144][8x4096x6144][8x4096x6144][8x4096x6144][8x4096x6144][8x4096x6144][8x4096x6144][8x4096x6144][8x4096x6144][8x4096x6144][8x4096x6144][8x4096x6144][8x4096x6144][8x4096x6144][8x4096x6144][8x4096x6144][8x4096x6144][8x4096x6144][8x4096x6144][8x4096x6144][8x4096x6144][8x4096x6144][8x4096x6144][8x4096x6144][8x4096x6144][8x4096x6144][8x4096x6144][8x4096x6144][8x4096x6144][8x4096x6144][8x4096x6144][8x4096x6144][8x4096x6144][8x4096x6144][8x4096x6144][8x4096x6144][8x4096x6144][8x4096x6144][8x4096x6144][8x4096x6144][8x4096x6144][8x4096x6144][8x4096x6144][8x4096x6144][8x4096x6144][8x4096x6144][8x4096x6144][8x4096x6144][8x4096x6144][8x4096x6144][8x4096x6144][8x4096x6144][8x4096x6144][8x4096x6144][8x4096x6144][8x4096x6144][8x4096x6144][8x4096x6144][8x4096x6144][8x4096x6144][8x4096x6144][8x4096x6144][8x4096x6144][8x4096x6144][8x4096x6144][8x4096x6144][8x4096x6144][8x4096x6144][8x4096x6144][8x4096x6144][8x4096x6144][8x4096x6144][8x4096x6144][8x4096x6144][8x4096x6144][8x4096x6144]',,tensorop,f32,128,128,128,4,4,1,2,1,1,12,4,1,1,128,128,32,100,110,6471811072,103095992320,15,1.64786,3657.69,62563.7
1,CUTLASS,grouped_gemm,cutlass3x_sm100_tensorop_gemm_grouped_e4m3_e4m3_f32_bf16_e4m3_128x256x128_0x0x1_0_tnt_align16_2sm_epi_tma,passed,success,grouped,,,,,fe4m3:row,fe4m3:column,bf16:row,fe4m3:row,1,0,invalid,invalid,heuristic,1,false,'[8x4096x6144][8x4096x6144][8x4096x6144][8x4096x6144][8x4096x6144][8x4096x6144][8x4096x6144][8x4096x6144][8x4096x6144][8x4096x6144][8x4096x6144][8x4096x6144][8x4096x6144][8x4096x6144][8x4096x6144][8x4096x6144][8x4096x6144][8x4096x6144][8x4096x6144][8x4096x6144][8x4096x6144][8x4096x6144][8x4096x6144][8x4096x6144][8x4096x6144][8x4096x6144][8x4096x6144][8x4096x6144][8x4096x6144][8x4096x6144][8x4096x6144][8x4096x6144][8x4096x6144][8x4096x6144][8x4096x6144][8x4096x6144][8x4096x6144][8x4096x6144][8x4096x6144][8x4096x6144][8x4096x6144][8x4096x6144][8x4096x6144][8x4096x6144][8x4096x6144][8x4096x6144][8x4096x6144][8x4096x6144][8x4096x6144][8x4096x6144][8x4096x6144][8x4096x6144][8x4096x6144][8x4096x6144][8x4096x6144][8x4096x6144][8x4096x6144][8x4096x6144][8x4096x6144][8x4096x6144][8x4096x6144][8x4096x6144][8x4096x6144][8x4096x6144][8x4096x6144][8x4096x6144][8x4096x6144][8x4096x6144][8x4096x6144][8x4096x6144][8x4096x6144][8x4096x6144][8x4096x6144][8x4096x6144][8x4096x6144][8x4096x6144][8x4096x6144][8x4096x6144][8x4096x6144][8x4096x6144][8x4096x6144][8x4096x6144][8x4096x6144][8x4096x6144][8x4096x6144][8x4096x6144][8x4096x6144][8x4096x6144][8x4096x6144][8x4096x6144][8x4096x6144][8x4096x6144][8x4096x6144][8x4096x6144][8x4096x6144][8x4096x6144][8x4096x6144][8x4096x6144][8x4096x6144][8x4096x6144][8x4096x6144][8x4096x6144][8x4096x6144][8x4096x6144][8x4096x6144][8x4096x6144][8x4096x6144][8x4096x6144][8x4096x6144][8x4096x6144][8x4096x6144][8x4096x6144][8x4096x6144][8x4096x6144][8x4096x6144][8x4096x6144][8x4096x6144][8x4096x6144][8x4096x6144][8x4096x6144][8x4096x6144][8x4096x6144][8x4096x6144][8x4096x6144][8x4096x6144][8x4096x6144][8x4096x6144][8x4096x6144][8x4096x6144][8x4096x6144][8x4096x6144][8x4096x6144][8x4096x6144][8x4096x6144][8x4096x6144][8x4096x6144][8x4096x6144][8x4096x6144][8x4096x6144][8x4096x6144][8x4096x6144][8x4096x6144][8x4096x6144][8x4096x6144][8x4096x6144][8x4096x6144][8x4096x6144][8x4096x6144][8x4096x6144][8x4096x6144][8x4096x6144][8x4096x6144][8x4096x6144][8x4096x6144][8x4096x6144][8x4096x6144][8x4096x6144][8x4096x6144][8x4096x6144][8x4096x6144][8x4096x6144][8x4096x6144][8x4096x6144][8x4096x6144][8x4096x6144][8x4096x6144][8x4096x6144][8x4096x6144][8x4096x6144][8x4096x6144][8x4096x6144][8x4096x6144][8x4096x6144][8x4096x6144][8x4096x6144][8x4096x6144][8x4096x6144][8x4096x6144][8x4096x6144][8x4096x6144][8x4096x6144][8x4096x6144][8x4096x6144][8x4096x6144][8x4096x6144][8x4096x6144][8x4096x6144][8x4096x6144][8x4096x6144][8x4096x6144][8x4096x6144][8x4096x6144][8x4096x6144][8x4096x6144][8x4096x6144][8x4096x6144][8x4096x6144][8x4096x6144][8x4096x6144][8x4096x6144][8x4096x6144][8x4096x6144][8x4096x6144][8x4096x6144][8x4096x6144][8x4096x6144][8x4096x6144][8x4096x6144][8x4096x6144][8x4096x6144][8x4096x6144][8x4096x6144][8x4096x6144][8x4096x6144][8x4096x6144][8x4096x6144][8x4096x6144][8x4096x6144][8x4096x6144][8x4096x6144][8x4096x6144][8x4096x6144][8x4096x6144][8x4096x6144][8x4096x6144][8x4096x6144][8x4096x6144][8x4096x6144][8x4096x6144][8x4096x6144][8x4096x6144][8x4096x6144][8x4096x6144][8x4096x6144][8x4096x6144][8x4096x6144][8x4096x6144][8x4096x6144][8x4096x6144][8x4096x6144][8x4096x6144][8x4096x6144][8x4096x6144][8x4096x6144][8x4096x6144][8x4096x6144][8x4096x6144][8x4096x6144][8x4096x6144][8x4096x6144][8x4096x6144][8x4096x6144][8x4096x6144][8x4096x6144][8x4096x6144][8x4096x6144]',,tensorop,f32,128,256,128,2,1,1,2,1,1,7,4,1,1,128,256,32,100,110,6471811072,103095992320,15,0.929766,6482.65,110884
1,CUTLASS,grouped_gemm,cutlass3x_sm100_tensorop_gemm_grouped_e4m3_e4m3_f32_bf16_e4m3_128x256x128_0x0x1_0_tnt_align16_stream_k_2sm_epi_tma,passed,success,grouped,,,,,fe4m3:row,fe4m3:column,bf16:row,fe4m3:row,1,0,invalid,invalid,heuristic,1,false,'[8x4096x6144][8x4096x6144][8x4096x6144][8x4096x6144][8x4096x6144][8x4096x6144][8x4096x6144][8x4096x6144][8x4096x6144][8x4096x6144][8x4096x6144][8x4096x6144][8x4096x6144][8x4096x6144][8x4096x6144][8x4096x6144][8x4096x6144][8x4096x6144][8x4096x6144][8x4096x6144][8x4096x6144][8x4096x6144][8x4096x6144][8x4096x6144][8x4096x6144][8x4096x6144][8x4096x6144][8x4096x6144][8x4096x6144][8x4096x6144][8x4096x6144][8x4096x6144][8x4096x6144][8x4096x6144][8x4096x6144][8x4096x6144][8x4096x6144][8x4096x6144][8x4096x6144][8x4096x6144][8x4096x6144][8x4096x6144][8x4096x6144][8x4096x6144][8x4096x6144][8x4096x6144][8x4096x6144][8x4096x6144][8x4096x6144][8x4096x6144][8x4096x6144][8x4096x6144][8x4096x6144][8x4096x6144][8x4096x6144][8x4096x6144][8x4096x6144][8x4096x6144][8x4096x6144][8x4096x6144][8x4096x6144][8x4096x6144][8x4096x6144][8x4096x6144][8x4096x6144][8x4096x6144][8x4096x6144][8x4096x6144][8x4096x6144][8x4096x6144][8x4096x6144][8x4096x6144][8x4096x6144][8x4096x6144][8x4096x6144][8x4096x6144][8x4096x6144][8x4096x6144][8x4096x6144][8x4096x6144][8x4096x6144][8x4096x6144][8x4096x6144][8x4096x6144][8x4096x6144][8x4096x6144][8x4096x6144][8x4096x6144][8x4096x6144][8x4096x6144][8x4096x6144][8x4096x6144][8x4096x6144][8x4096x6144][8x4096x6144][8x4096x6144][8x4096x6144][8x4096x6144][8x4096x6144][8x4096x6144][8x4096x6144][8x4096x6144][8x4096x6144][8x4096x6144][8x4096x6144][8x4096x6144][8x4096x6144][8x4096x6144][8x4096x6144][8x4096x6144][8x4096x6144][8x4096x6144][8x4096x6144][8x4096x6144][8x4096x6144][8x4096x6144][8x4096x6144][8x4096x6144][8x4096x6144][8x4096x6144][8x4096x6144][8x4096x6144][8x4096x6144][8x4096x6144][8x4096x6144][8x4096x6144][8x4096x6144][8x4096x6144][8x4096x6144][8x4096x6144][8x4096x6144][8x4096x6144][8x4096x6144][8x4096x6144][8x4096x6144][8x4096x6144][8x4096x6144][8x4096x6144][8x4096x6144][8x4096x6144][8x4096x6144][8x4096x6144][8x4096x6144][8x4096x6144][8x4096x6144][8x4096x6144][8x4096x6144][8x4096x6144][8x4096x6144][8x4096x6144][8x4096x6144][8x4096x6144][8x4096x6144][8x4096x6144][8x4096x6144][8x4096x6144][8x4096x6144][8x4096x6144][8x4096x6144][8x4096x6144][8x4096x6144][8x4096x6144][8x4096x6144][8x4096x6144][8x4096x6144][8x4096x6144][8x4096x6144][8x4096x6144][8x4096x6144][8x4096x6144][8x4096x6144][8x4096x6144][8x4096x6144][8x4096x6144][8x4096x6144][8x4096x6144][8x4096x6144][8x4096x6144][8x4096x6144][8x4096x6144][8x4096x6144][8x4096x6144][8x4096x6144][8x4096x6144][8x4096x6144][8x4096x6144][8x4096x6144][8x4096x6144][8x4096x6144][8x4096x6144][8x4096x6144][8x4096x6144][8x4096x6144][8x4096x6144][8x4096x6144][8x4096x6144][8x4096x6144][8x4096x6144][8x4096x6144][8x4096x6144][8x4096x6144][8x4096x6144][8x4096x6144][8x4096x6144][8x4096x6144][8x4096x6144][8x4096x6144][8x4096x6144][8x4096x6144][8x4096x6144][8x4096x6144][8x4096x6144][8x4096x6144][8x4096x6144][8x4096x6144][8x4096x6144][8x4096x6144][8x4096x6144][8x4096x6144][8x4096x6144][8x4096x6144][8x4096x6144][8x4096x6144][8x4096x6144][8x4096x6144][8x4096x6144][8x4096x6144][8x4096x6144][8x4096x6144][8x4096x6144][8x4096x6144][8x4096x6144][8x4096x6144][8x4096x6144][8x4096x6144][8x4096x6144][8x4096x6144][8x4096x6144][8x4096x6144][8x4096x6144][8x4096x6144][8x4096x6144][8x4096x6144][8x4096x6144][8x4096x6144][8x4096x6144][8x4096x6144][8x4096x6144][8x4096x6144][8x4096x6144][8x4096x6144][8x4096x6144][8x4096x6144][8x4096x6144][8x4096x6144][8x4096x6144]',,tensorop,f32,128,256,128,2,1,1,2,1,1,7,4,1,1,128,256,32,100,110,6471811072,103095992320,15,0.930577,6476.99,110787
1,CUTLASS,grouped_gemm,cutlass3x_sm100_tensorop_gemm_grouped_e4m3_e4m3_f32_bf16_e4m3_128x256x128_2x1x1_0_tnt_align16_2sm_epi_tma,passed,success,grouped,,,,,fe4m3:row,fe4m3:column,bf16:row,fe4m3:row,1,0,invalid,invalid,heuristic,1,false,'[8x4096x6144][8x4096x6144][8x4096x6144][8x4096x6144][8x4096x6144][8x4096x6144][8x4096x6144][8x4096x6144][8x4096x6144][8x4096x6144][8x4096x6144][8x4096x6144][8x4096x6144][8x4096x6144][8x4096x6144][8x4096x6144][8x4096x6144][8x4096x6144][8x4096x6144][8x4096x6144][8x4096x6144][8x4096x6144][8x4096x6144][8x4096x6144][8x4096x6144][8x4096x6144][8x4096x6144][8x4096x6144][8x4096x6144][8x4096x6144][8x4096x6144][8x4096x6144][8x4096x6144][8x4096x6144][8x4096x6144][8x4096x6144][8x4096x6144][8x4096x6144][8x4096x6144][8x4096x6144][8x4096x6144][8x4096x6144][8x4096x6144][8x4096x6144][8x4096x6144][8x4096x6144][8x4096x6144][8x4096x6144][8x4096x6144][8x4096x6144][8x4096x6144][8x4096x6144][8x4096x6144][8x4096x6144][8x4096x6144][8x4096x6144][8x4096x6144][8x4096x6144][8x4096x6144][8x4096x6144][8x4096x6144][8x4096x6144][8x4096x6144][8x4096x6144][8x4096x6144][8x4096x6144][8x4096x6144][8x4096x6144][8x4096x6144][8x4096x6144][8x4096x6144][8x4096x6144][8x4096x6144][8x4096x6144][8x4096x6144][8x4096x6144][8x4096x6144][8x4096x6144][8x4096x6144][8x4096x6144][8x4096x6144][8x4096x6144][8x4096x6144][8x4096x6144][8x4096x6144][8x4096x6144][8x4096x6144][8x4096x6144][8x4096x6144][8x4096x6144][8x4096x6144][8x4096x6144][8x4096x6144][8x4096x6144][8x4096x6144][8x4096x6144][8x4096x6144][8x4096x6144][8x4096x6144][8x4096x6144][8x4096x6144][8x4096x6144][8x4096x6144][8x4096x6144][8x4096x6144][8x4096x6144][8x4096x6144][8x4096x6144][8x4096x6144][8x4096x6144][8x4096x6144][8x4096x6144][8x4096x6144][8x4096x6144][8x4096x6144][8x4096x6144][8x4096x6144][8x4096x6144][8x4096x6144][8x4096x6144][8x4096x6144][8x4096x6144][8x4096x6144][8x4096x6144][8x4096x6144][8x4096x6144][8x4096x6144][8x4096x6144][8x4096x6144][8x4096x6144][8x4096x6144][8x4096x6144][8x4096x6144][8x4096x6144][8x4096x6144][8x4096x6144][8x4096x6144][8x4096x6144][8x4096x6144][8x4096x6144][8x4096x6144][8x4096x6144][8x4096x6144][8x4096x6144][8x4096x6144][8x4096x6144][8x4096x6144][8x4096x6144][8x4096x6144][8x4096x6144][8x4096x6144][8x4096x6144][8x4096x6144][8x4096x6144][8x4096x6144][8x4096x6144][8x4096x6144][8x4096x6144][8x4096x6144][8x4096x6144][8x4096x6144][8x4096x6144][8x4096x6144][8x4096x6144][8x4096x6144][8x4096x6144][8x4096x6144][8x4096x6144][8x4096x6144][8x4096x6144][8x4096x6144][8x4096x6144][8x4096x6144][8x4096x6144][8x4096x6144][8x4096x6144][8x4096x6144][8x4096x6144][8x4096x6144][8x4096x6144][8x4096x6144][8x4096x6144][8x4096x6144][8x4096x6144][8x4096x6144][8x4096x6144][8x4096x6144][8x4096x6144][8x4096x6144][8x4096x6144][8x4096x6144][8x4096x6144][8x4096x6144][8x4096x6144][8x4096x6144][8x4096x6144][8x4096x6144][8x4096x6144][8x4096x6144][8x4096x6144][8x4096x6144][8x4096x6144][8x4096x6144][8x4096x6144][8x4096x6144][8x4096x6144][8x4096x6144][8x4096x6144][8x4096x6144][8x4096x6144][8x4096x6144][8x4096x6144][8x4096x6144][8x4096x6144][8x4096x6144][8x4096x6144][8x4096x6144][8x4096x6144][8x4096x6144][8x4096x6144][8x4096x6144][8x4096x6144][8x4096x6144][8x4096x6144][8x4096x6144][8x4096x6144][8x4096x6144][8x4096x6144][8x4096x6144][8x4096x6144][8x4096x6144][8x4096x6144][8x4096x6144][8x4096x6144][8x4096x6144][8x4096x6144][8x4096x6144][8x4096x6144][8x4096x6144][8x4096x6144][8x4096x6144][8x4096x6144][8x4096x6144][8x4096x6144][8x4096x6144][8x4096x6144][8x4096x6144][8x4096x6144][8x4096x6144][8x4096x6144][8x4096x6144][8x4096x6144][8x4096x6144][8x4096x6144][8x4096x6144][8x4096x6144]',,tensorop,f32,128,256,128,2,1,1,2,1,1,7,4,1,1,128,256,32,100,110,6471811072,103095992320,15,0.930385,6478.33,110810
1,CUTLASS,grouped_gemm,cutlass3x_sm100_tensorop_gemm_grouped_e4m3_e4m3_f32_bf16_e4m3_128x256x128_2x1x1_0_tnt_align16_stream_k_2sm_epi_tma,passed,success,grouped,,,,,fe4m3:row,fe4m3:column,bf16:row,fe4m3:row,1,0,invalid,invalid,heuristic,1,false,'[8x4096x6144][8x4096x6144][8x4096x6144][8x4096x6144][8x4096x6144][8x4096x6144][8x4096x6144][8x4096x6144][8x4096x6144][8x4096x6144][8x4096x6144][8x4096x6144][8x4096x6144][8x4096x6144][8x4096x6144][8x4096x6144][8x4096x6144][8x4096x6144][8x4096x6144][8x4096x6144][8x4096x6144][8x4096x6144][8x4096x6144][8x4096x6144][8x4096x6144][8x4096x6144][8x4096x6144][8x4096x6144][8x4096x6144][8x4096x6144][8x4096x6144][8x4096x6144][8x4096x6144][8x4096x6144][8x4096x6144][8x4096x6144][8x4096x6144][8x4096x6144][8x4096x6144][8x4096x6144][8x4096x6144][8x4096x6144][8x4096x6144][8x4096x6144][8x4096x6144][8x4096x6144][8x4096x6144][8x4096x6144][8x4096x6144][8x4096x6144][8x4096x6144][8x4096x6144][8x4096x6144][8x4096x6144][8x4096x6144][8x4096x6144][8x4096x6144][8x4096x6144][8x4096x6144][8x4096x6144][8x4096x6144][8x4096x6144][8x4096x6144][8x4096x6144][8x4096x6144][8x4096x6144][8x4096x6144][8x4096x6144][8x4096x6144][8x4096x6144][8x4096x6144][8x4096x6144][8x4096x6144][8x4096x6144][8x4096x6144][8x4096x6144][8x4096x6144][8x4096x6144][8x4096x6144][8x4096x6144][8x4096x6144][8x4096x6144][8x4096x6144][8x4096x6144][8x4096x6144][8x4096x6144][8x4096x6144][8x4096x6144][8x4096x6144][8x4096x6144][8x4096x6144][8x4096x6144][8x4096x6144][8x4096x6144][8x4096x6144][8x4096x6144][8x4096x6144][8x4096x6144][8x4096x6144][8x4096x6144][8x4096x6144][8x4096x6144][8x4096x6144][8x4096x6144][8x4096x6144][8x4096x6144][8x4096x6144][8x4096x6144][8x4096x6144][8x4096x6144][8x4096x6144][8x4096x6144][8x4096x6144][8x4096x6144][8x4096x6144][8x4096x6144][8x4096x6144][8x4096x6144][8x4096x6144][8x4096x6144][8x4096x6144][8x4096x6144][8x4096x6144][8x4096x6144][8x4096x6144][8x4096x6144][8x4096x6144][8x4096x6144][8x4096x6144][8x4096x6144][8x4096x6144][8x4096x6144][8x4096x6144][8x4096x6144][8x4096x6144][8x4096x6144][8x4096x6144][8x4096x6144][8x4096x6144][8x4096x6144][8x4096x6144][8x4096x6144][8x4096x6144][8x4096x6144][8x4096x6144][8x4096x6144][8x4096x6144][8x4096x6144][8x4096x6144][8x4096x6144][8x4096x6144][8x4096x6144][8x4096x6144][8x4096x6144][8x4096x6144][8x4096x6144][8x4096x6144][8x4096x6144][8x4096x6144][8x4096x6144][8x4096x6144][8x4096x6144][8x4096x6144][8x4096x6144][8x4096x6144][8x4096x6144][8x4096x6144][8x4096x6144][8x4096x6144][8x4096x6144][8x4096x6144][8x4096x6144][8x4096x6144][8x4096x6144][8x4096x6144][8x4096x6144][8x4096x6144][8x4096x6144][8x4096x6144][8x4096x6144][8x4096x6144][8x4096x6144][8x4096x6144][8x4096x6144][8x4096x6144][8x4096x6144][8x4096x6144][8x4096x6144][8x4096x6144][8x4096x6144][8x4096x6144][8x4096x6144][8x4096x6144][8x4096x6144][8x4096x6144][8x4096x6144][8x4096x6144][8x4096x6144][8x4096x6144][8x4096x6144][8x4096x6144][8x4096x6144][8x4096x6144][8x4096x6144][8x4096x6144][8x4096x6144][8x4096x6144][8x4096x6144][8x4096x6144][8x4096x6144][8x4096x6144][8x4096x6144][8x4096x6144][8x4096x6144][8x4096x6144][8x4096x6144][8x4096x6144][8x4096x6144][8x4096x6144][8x4096x6144][8x4096x6144][8x4096x6144][8x4096x6144][8x4096x6144][8x4096x6144][8x4096x6144][8x4096x6144][8x4096x6144][8x4096x6144][8x4096x6144][8x4096x6144][8x4096x6144][8x4096x6144][8x4096x6144][8x4096x6144][8x4096x6144][8x4096x6144][8x4096x6144][8x4096x6144][8x4096x6144][8x4096x6144][8x4096x6144][8x4096x6144][8x4096x6144][8x4096x6144][8x4096x6144][8x4096x6144][8x4096x6144][8x4096x6144][8x4096x6144][8x4096x6144][8x4096x6144][8x4096x6144][8x4096x6144][8x4096x6144][8x4096x6144]',,tensorop,f32,128,256,128,2,1,1,2,1,1,7,4,1,1,128,256,32,100,110,6471811072,103095992320,15,0.928721,6489.94,111009
1,CUTLASS,grouped_gemm,cutlass3x_sm100_tensorop_gemm_grouped_e4m3_e4m3_f32_bf16_e4m3_128x256x128_2x2x1_0_tnt_align16_2sm_epi_tma,passed,success,grouped,,,,,fe4m3:row,fe4m3:column,bf16:row,fe4m3:row,1,0,invalid,invalid,heuristic,1,false,'[8x4096x6144][8x4096x6144][8x4096x6144][8x4096x6144][8x4096x6144][8x4096x6144][8x4096x6144][8x4096x6144][8x4096x6144][8x4096x6144][8x4096x6144][8x4096x6144][8x4096x6144][8x4096x6144][8x4096x6144][8x4096x6144][8x4096x6144][8x4096x6144][8x4096x6144][8x4096x6144][8x4096x6144][8x4096x6144][8x4096x6144][8x4096x6144][8x4096x6144][8x4096x6144][8x4096x6144][8x4096x6144][8x4096x6144][8x4096x6144][8x4096x6144][8x4096x6144][8x4096x6144][8x4096x6144][8x4096x6144][8x4096x6144][8x4096x6144][8x4096x6144][8x4096x6144][8x4096x6144][8x4096x6144][8x4096x6144][8x4096x6144][8x4096x6144][8x4096x6144][8x4096x6144][8x4096x6144][8x4096x6144][8x4096x6144][8x4096x6144][8x4096x6144][8x4096x6144][8x4096x6144][8x4096x6144][8x4096x6144][8x4096x6144][8x4096x6144][8x4096x6144][8x4096x6144][8x4096x6144][8x4096x6144][8x4096x6144][8x4096x6144][8x4096x6144][8x4096x6144][8x4096x6144][8x4096x6144][8x4096x6144][8x4096x6144][8x4096x6144][8x4096x6144][8x4096x6144][8x4096x6144][8x4096x6144][8x4096x6144][8x4096x6144][8x4096x6144][8x4096x6144][8x4096x6144][8x4096x6144][8x4096x6144][8x4096x6144][8x4096x6144][8x4096x6144][8x4096x6144][8x4096x6144][8x4096x6144][8x4096x6144][8x4096x6144][8x4096x6144][8x4096x6144][8x4096x6144][8x4096x6144][8x4096x6144][8x4096x6144][8x4096x6144][8x4096x6144][8x4096x6144][8x4096x6144][8x4096x6144][8x4096x6144][8x4096x6144][8x4096x6144][8x4096x6144][8x4096x6144][8x4096x6144][8x4096x6144][8x4096x6144][8x4096x6144][8x4096x6144][8x4096x6144][8x4096x6144][8x4096x6144][8x4096x6144][8x4096x6144][8x4096x6144][8x4096x6144][8x4096x6144][8x4096x6144][8x4096x6144][8x4096x6144][8x4096x6144][8x4096x6144][8x4096x6144][8x4096x6144][8x4096x6144][8x4096x6144][8x4096x6144][8x4096x6144][8x4096x6144][8x4096x6144][8x4096x6144][8x4096x6144][8x4096x6144][8x4096x6144][8x4096x6144][8x4096x6144][8x4096x6144][8x4096x6144][8x4096x6144][8x4096x6144][8x4096x6144][8x4096x6144][8x4096x6144][8x4096x6144][8x4096x6144][8x4096x6144][8x4096x6144][8x4096x6144][8x4096x6144][8x4096x6144][8x4096x6144][8x4096x6144][8x4096x6144][8x4096x6144][8x4096x6144][8x4096x6144][8x4096x6144][8x4096x6144][8x4096x6144][8x4096x6144][8x4096x6144][8x4096x6144][8x4096x6144][8x4096x6144][8x4096x6144][8x4096x6144][8x4096x6144][8x4096x6144][8x4096x6144][8x4096x6144][8x4096x6144][8x4096x6144][8x4096x6144][8x4096x6144][8x4096x6144][8x4096x6144][8x4096x6144][8x4096x6144][8x4096x6144][8x4096x6144][8x4096x6144][8x4096x6144][8x4096x6144][8x4096x6144][8x4096x6144][8x4096x6144][8x4096x6144][8x4096x6144][8x4096x6144][8x4096x6144][8x4096x6144][8x4096x6144][8x4096x6144][8x4096x6144][8x4096x6144][8x4096x6144][8x4096x6144][8x4096x6144][8x4096x6144][8x4096x6144][8x4096x6144][8x4096x6144][8x4096x6144][8x4096x6144][8x4096x6144][8x4096x6144][8x4096x6144][8x4096x6144][8x4096x6144][8x4096x6144][8x4096x6144][8x4096x6144][8x4096x6144][8x4096x6144][8x4096x6144][8x4096x6144][8x4096x6144][8x4096x6144][8x4096x6144][8x4096x6144][8x4096x6144][8x4096x6144][8x4096x6144][8x4096x6144][8x4096x6144][8x4096x6144][8x4096x6144][8x4096x6144][8x4096x6144][8x4096x6144][8x4096x6144][8x4096x6144][8x4096x6144][8x4096x6144][8x4096x6144][8x4096x6144][8x4096x6144][8x4096x6144][8x4096x6144][8x4096x6144][8x4096x6144][8x4096x6144][8x4096x6144][8x4096x6144][8x4096x6144][8x4096x6144][8x4096x6144][8x4096x6144][8x4096x6144][8x4096x6144][8x4096x6144][8x4096x6144][8x4096x6144][8x4096x6144][8x4096x6144]',,tensorop,f32,128,256,128,2,2,1,2,1,1,7,4,1,1,128,256,32,100,110,6471811072,103095992320,15,0.949611,6347.17,108567
1,CUTLASS,grouped_gemm,cutlass3x_sm100_tensorop_gemm_grouped_e4m3_e4m3_f32_bf16_e4m3_128x256x128_2x2x1_0_tnt_align16_stream_k_2sm_epi_tma,passed,success,grouped,,,,,fe4m3:row,fe4m3:column,bf16:row,fe4m3:row,1,0,invalid,invalid,heuristic,1,false,'[8x4096x6144][8x4096x6144][8x4096x6144][8x4096x6144][8x4096x6144][8x4096x6144][8x4096x6144][8x4096x6144][8x4096x6144][8x4096x6144][8x4096x6144][8x4096x6144][8x4096x6144][8x4096x6144][8x4096x6144][8x4096x6144][8x4096x6144][8x4096x6144][8x4096x6144][8x4096x6144][8x4096x6144][8x4096x6144][8x4096x6144][8x4096x6144][8x4096x6144][8x4096x6144][8x4096x6144][8x4096x6144][8x4096x6144][8x4096x6144][8x4096x6144][8x4096x6144][8x4096x6144][8x4096x6144][8x4096x6144][8x4096x6144][8x4096x6144][8x4096x6144][8x4096x6144][8x4096x6144][8x4096x6144][8x4096x6144][8x4096x6144][8x4096x6144][8x4096x6144][8x4096x6144][8x4096x6144][8x4096x6144][8x4096x6144][8x4096x6144][8x4096x6144][8x4096x6144][8x4096x6144][8x4096x6144][8x4096x6144][8x4096x6144][8x4096x6144][8x4096x6144][8x4096x6144][8x4096x6144][8x4096x6144][8x4096x6144][8x4096x6144][8x4096x6144][8x4096x6144][8x4096x6144][8x4096x6144][8x4096x6144][8x4096x6144][8x4096x6144][8x4096x6144][8x4096x6144][8x4096x6144][8x4096x6144][8x4096x6144][8x4096x6144][8x4096x6144][8x4096x6144][8x4096x6144][8x4096x6144][8x4096x6144][8x4096x6144][8x4096x6144][8x4096x6144][8x4096x6144][8x4096x6144][8x4096x6144][8x4096x6144][8x4096x6144][8x4096x6144][8x4096x6144][8x4096x6144][8x4096x6144][8x4096x6144][8x4096x6144][8x4096x6144][8x4096x6144][8x4096x6144][8x4096x6144][8x4096x6144][8x4096x6144][8x4096x6144][8x4096x6144][8x4096x6144][8x4096x6144][8x4096x6144][8x4096x6144][8x4096x6144][8x4096x6144][8x4096x6144][8x4096x6144][8x4096x6144][8x4096x6144][8x4096x6144][8x4096x6144][8x4096x6144][8x4096x6144][8x4096x6144][8x4096x6144][8x4096x6144][8x4096x6144][8x4096x6144][8x4096x6144][8x4096x6144][8x4096x6144][8x4096x6144][8x4096x6144][8x4096x6144][8x4096x6144][8x4096x6144][8x4096x6144][8x4096x6144][8x4096x6144][8x4096x6144][8x4096x6144][8x4096x6144][8x4096x6144][8x4096x6144][8x4096x6144][8x4096x6144][8x4096x6144][8x4096x6144][8x4096x6144][8x4096x6144][8x4096x6144][8x4096x6144][8x4096x6144][8x4096x6144][8x4096x6144][8x4096x6144][8x4096x6144][8x4096x6144][8x4096x6144][8x4096x6144][8x4096x6144][8x4096x6144][8x4096x6144][8x4096x6144][8x4096x6144][8x4096x6144][8x4096x6144][8x4096x6144][8x4096x6144][8x4096x6144][8x4096x6144][8x4096x6144][8x4096x6144][8x4096x6144][8x4096x6144][8x4096x6144][8x4096x6144][8x4096x6144][8x4096x6144][8x4096x6144][8x4096x6144][8x4096x6144][8x4096x6144][8x4096x6144][8x4096x6144][8x4096x6144][8x4096x6144][8x4096x6144][8x4096x6144][8x4096x6144][8x4096x6144][8x4096x6144][8x4096x6144][8x4096x6144][8x4096x6144][8x4096x6144][8x4096x6144][8x4096x6144][8x4096x6144][8x4096x6144][8x4096x6144][8x4096x6144][8x4096x6144][8x4096x6144][8x4096x6144][8x4096x6144][8x4096x6144][8x4096x6144][8x4096x6144][8x4096x6144][8x4096x6144][8x4096x6144][8x4096x6144][8x4096x6144][8x4096x6144][8x4096x6144][8x4096x6144][8x4096x6144][8x4096x6144][8x4096x6144][8x4096x6144][8x4096x6144][8x4096x6144][8x4096x6144][8x4096x6144][8x4096x6144][8x4096x6144][8x4096x6144][8x4096x6144][8x4096x6144][8x4096x6144][8x4096x6144][8x4096x6144][8x4096x6144][8x4096x6144][8x4096x6144][8x4096x6144][8x4096x6144][8x4096x6144][8x4096x6144][8x4096x6144][8x4096x6144][8x4096x6144][8x4096x6144][8x4096x6144][8x4096x6144][8x4096x6144][8x4096x6144][8x4096x6144][8x4096x6144][8x4096x6144][8x4096x6144][8x4096x6144][8x4096x6144][8x4096x6144][8x4096x6144][8x4096x6144][8x4096x6144][8x4096x6144][8x4096x6144][8x4096x6144][8x4096x6144]',,tensorop,f32,128,256,128,2,2,1,2,1,1,7,4,1,1,128,256,32,100,110,6471811072,103095992320,15,0.948403,6355.26,108705
1,CUTLASS,grouped_gemm,cutlass3x_sm100_tensorop_gemm_grouped_e4m3_e4m3_f32_bf16_e4m3_128x256x128_4x1x1_0_tnt_align16_2sm_epi_tma,passed,success,grouped,,,,,fe4m3:row,fe4m3:column,bf16:row,fe4m3:row,1,0,invalid,invalid,heuristic,1,false,'[8x4096x6144][8x4096x6144][8x4096x6144][8x4096x6144][8x4096x6144][8x4096x6144][8x4096x6144][8x4096x6144][8x4096x6144][8x4096x6144][8x4096x6144][8x4096x6144][8x4096x6144][8x4096x6144][8x4096x6144][8x4096x6144][8x4096x6144][8x4096x6144][8x4096x6144][8x4096x6144][8x4096x6144][8x4096x6144][8x4096x6144][8x4096x6144][8x4096x6144][8x4096x6144][8x4096x6144][8x4096x6144][8x4096x6144][8x4096x6144][8x4096x6144][8x4096x6144][8x4096x6144][8x4096x6144][8x4096x6144][8x4096x6144][8x4096x6144][8x4096x6144][8x4096x6144][8x4096x6144][8x4096x6144][8x4096x6144][8x4096x6144][8x4096x6144][8x4096x6144][8x4096x6144][8x4096x6144][8x4096x6144][8x4096x6144][8x4096x6144][8x4096x6144][8x4096x6144][8x4096x6144][8x4096x6144][8x4096x6144][8x4096x6144][8x4096x6144][8x4096x6144][8x4096x6144][8x4096x6144][8x4096x6144][8x4096x6144][8x4096x6144][8x4096x6144][8x4096x6144][8x4096x6144][8x4096x6144][8x4096x6144][8x4096x6144][8x4096x6144][8x4096x6144][8x4096x6144][8x4096x6144][8x4096x6144][8x4096x6144][8x4096x6144][8x4096x6144][8x4096x6144][8x4096x6144][8x4096x6144][8x4096x6144][8x4096x6144][8x4096x6144][8x4096x6144][8x4096x6144][8x4096x6144][8x4096x6144][8x4096x6144][8x4096x6144][8x4096x6144][8x4096x6144][8x4096x6144][8x4096x6144][8x4096x6144][8x4096x6144][8x4096x6144][8x4096x6144][8x4096x6144][8x4096x6144][8x4096x6144][8x4096x6144][8x4096x6144][8x4096x6144][8x4096x6144][8x4096x6144][8x4096x6144][8x4096x6144][8x4096x6144][8x4096x6144][8x4096x6144][8x4096x6144][8x4096x6144][8x4096x6144][8x4096x6144][8x4096x6144][8x4096x6144][8x4096x6144][8x4096x6144][8x4096x6144][8x4096x6144][8x4096x6144][8x4096x6144][8x4096x6144][8x4096x6144][8x4096x6144][8x4096x6144][8x4096x6144][8x4096x6144][8x4096x6144][8x4096x6144][8x4096x6144][8x4096x6144][8x4096x6144][8x4096x6144][8x4096x6144][8x4096x6144][8x4096x6144][8x4096x6144][8x4096x6144][8x4096x6144][8x4096x6144][8x4096x6144][8x4096x6144][8x4096x6144][8x4096x6144][8x4096x6144][8x4096x6144][8x4096x6144][8x4096x6144][8x4096x6144][8x4096x6144][8x4096x6144][8x4096x6144][8x4096x6144][8x4096x6144][8x4096x6144][8x4096x6144][8x4096x6144][8x4096x6144][8x4096x6144][8x4096x6144][8x4096x6144][8x4096x6144][8x4096x6144][8x4096x6144][8x4096x6144][8x4096x6144][8x4096x6144][8x4096x6144][8x4096x6144][8x4096x6144][8x4096x6144][8x4096x6144][8x4096x6144][8x4096x6144][8x4096x6144][8x4096x6144][8x4096x6144][8x4096x6144][8x4096x6144][8x4096x6144][8x4096x6144][8x4096x6144][8x4096x6144][8x4096x6144][8x4096x6144][8x4096x6144][8x4096x6144][8x4096x6144][8x4096x6144][8x4096x6144][8x4096x6144][8x4096x6144][8x4096x6144][8x4096x6144][8x4096x6144][8x4096x6144][8x4096x6144][8x4096x6144][8x4096x6144][8x4096x6144][8x4096x6144][8x4096x6144][8x4096x6144][8x4096x6144][8x4096x6144][8x4096x6144][8x4096x6144][8x4096x6144][8x4096x6144][8x4096x6144][8x4096x6144][8x4096x6144][8x4096x6144][8x4096x6144][8x4096x6144][8x4096x6144][8x4096x6144][8x4096x6144][8x4096x6144][8x4096x6144][8x4096x6144][8x4096x6144][8x4096x6144][8x4096x6144][8x4096x6144][8x4096x6144][8x4096x6144][8x4096x6144][8x4096x6144][8x4096x6144][8x4096x6144][8x4096x6144][8x4096x6144][8x4096x6144][8x4096x6144][8x4096x6144][8x4096x6144][8x4096x6144][8x4096x6144][8x4096x6144][8x4096x6144][8x4096x6144][8x4096x6144][8x4096x6144][8x4096x6144][8x4096x6144][8x4096x6144][8x4096x6144][8x4096x6144][8x4096x6144][8x4096x6144][8x4096x6144][8x4096x6144][8x4096x6144][8x4096x6144]',,tensorop,f32,128,256,128,4,1,1,2,1,1,7,4,1,1,128,256,32,100,110,6471811072,103095992320,15,1.29233,4663.92,79775.1
1,CUTLASS,grouped_gemm,cutlass3x_sm100_tensorop_gemm_grouped_e4m3_e4m3_f32_bf16_e4m3_128x256x128_4x1x1_0_tnt_align16_stream_k_2sm_epi_tma,passed,success,grouped,,,,,fe4m3:row,fe4m3:column,bf16:row,fe4m3:row,1,0,invalid,invalid,heuristic,1,false,'[8x4096x6144][8x4096x6144][8x4096x6144][8x4096x6144][8x4096x6144][8x4096x6144][8x4096x6144][8x4096x6144][8x4096x6144][8x4096x6144][8x4096x6144][8x4096x6144][8x4096x6144][8x4096x6144][8x4096x6144][8x4096x6144][8x4096x6144][8x4096x6144][8x4096x6144][8x4096x6144][8x4096x6144][8x4096x6144][8x4096x6144][8x4096x6144][8x4096x6144][8x4096x6144][8x4096x6144][8x4096x6144][8x4096x6144][8x4096x6144][8x4096x6144][8x4096x6144][8x4096x6144][8x4096x6144][8x4096x6144][8x4096x6144][8x4096x6144][8x4096x6144][8x4096x6144][8x4096x6144][8x4096x6144][8x4096x6144][8x4096x6144][8x4096x6144][8x4096x6144][8x4096x6144][8x4096x6144][8x4096x6144][8x4096x6144][8x4096x6144][8x4096x6144][8x4096x6144][8x4096x6144][8x4096x6144][8x4096x6144][8x4096x6144][8x4096x6144][8x4096x6144][8x4096x6144][8x4096x6144][8x4096x6144][8x4096x6144][8x4096x6144][8x4096x6144][8x4096x6144][8x4096x6144][8x4096x6144][8x4096x6144][8x4096x6144][8x4096x6144][8x4096x6144][8x4096x6144][8x4096x6144][8x4096x6144][8x4096x6144][8x4096x6144][8x4096x6144][8x4096x6144][8x4096x6144][8x4096x6144][8x4096x6144][8x4096x6144][8x4096x6144][8x4096x6144][8x4096x6144][8x4096x6144][8x4096x6144][8x4096x6144][8x4096x6144][8x4096x6144][8x4096x6144][8x4096x6144][8x4096x6144][8x4096x6144][8x4096x6144][8x4096x6144][8x4096x6144][8x4096x6144][8x4096x6144][8x4096x6144][8x4096x6144][8x4096x6144][8x4096x6144][8x4096x6144][8x4096x6144][8x4096x6144][8x4096x6144][8x4096x6144][8x4096x6144][8x4096x6144][8x4096x6144][8x4096x6144][8x4096x6144][8x4096x6144][8x4096x6144][8x4096x6144][8x4096x6144][8x4096x6144][8x4096x6144][8x4096x6144][8x4096x6144][8x4096x6144][8x4096x6144][8x4096x6144][8x4096x6144][8x4096x6144][8x4096x6144][8x4096x6144][8x4096x6144][8x4096x6144][8x4096x6144][8x4096x6144][8x4096x6144][8x4096x6144][8x4096x6144][8x4096x6144][8x4096x6144][8x4096x6144][8x4096x6144][8x4096x6144][8x4096x6144][8x4096x6144][8x4096x6144][8x4096x6144][8x4096x6144][8x4096x6144][8x4096x6144][8x4096x6144][8x4096x6144][8x4096x6144][8x4096x6144][8x4096x6144][8x4096x6144][8x4096x6144][8x4096x6144][8x4096x6144][8x4096x6144][8x4096x6144][8x4096x6144][8x4096x6144][8x4096x6144][8x4096x6144][8x4096x6144][8x4096x6144][8x4096x6144][8x4096x6144][8x4096x6144][8x4096x6144][8x4096x6144][8x4096x6144][8x4096x6144][8x4096x6144][8x4096x6144][8x4096x6144][8x4096x6144][8x4096x6144][8x4096x6144][8x4096x6144][8x4096x6144][8x4096x6144][8x4096x6144][8x4096x6144][8x4096x6144][8x4096x6144][8x4096x6144][8x4096x6144][8x4096x6144][8x4096x6144][8x4096x6144][8x4096x6144][8x4096x6144][8x4096x6144][8x4096x6144][8x4096x6144][8x4096x6144][8x4096x6144][8x4096x6144][8x4096x6144][8x4096x6144][8x4096x6144][8x4096x6144][8x4096x6144][8x4096x6144][8x4096x6144][8x4096x6144][8x4096x6144][8x4096x6144][8x4096x6144][8x4096x6144][8x4096x6144][8x4096x6144][8x4096x6144][8x4096x6144][8x4096x6144][8x4096x6144][8x4096x6144][8x4096x6144][8x4096x6144][8x4096x6144][8x4096x6144][8x4096x6144][8x4096x6144][8x4096x6144][8x4096x6144][8x4096x6144][8x4096x6144][8x4096x6144][8x4096x6144][8x4096x6144][8x4096x6144][8x4096x6144][8x4096x6144][8x4096x6144][8x4096x6144][8x4096x6144][8x4096x6144][8x4096x6144][8x4096x6144][8x4096x6144][8x4096x6144][8x4096x6144][8x4096x6144][8x4096x6144][8x4096x6144][8x4096x6144][8x4096x6144][8x4096x6144][8x4096x6144][8x4096x6144][8x4096x6144][8x4096x6144][8x4096x6144][8x4096x6144][8x4096x6144][8x4096x6144][8x4096x6144]',,tensorop,f32,128,256,128,4,1,1,2,1,1,7,4,1,1,128,256,32,100,110,6471811072,103095992320,15,1.30393,4622.46,79065.9
1,CUTLASS,grouped_gemm,cutlass3x_sm100_tensorop_gemm_grouped_e4m3_e4m3_f32_bf16_e4m3_128x256x128_2x4x1_0_tnt_align16_2sm_epi_tma,passed,success,grouped,,,,,fe4m3:row,fe4m3:column,bf16:row,fe4m3:row,1,0,invalid,invalid,heuristic,1,false,'[8x4096x6144][8x4096x6144][8x4096x6144][8x4096x6144][8x4096x6144][8x4096x6144][8x4096x6144][8x4096x6144][8x4096x6144][8x4096x6144][8x4096x6144][8x4096x6144][8x4096x6144][8x4096x6144][8x4096x6144][8x4096x6144][8x4096x6144][8x4096x6144][8x4096x6144][8x4096x6144][8x4096x6144][8x4096x6144][8x4096x6144][8x4096x6144][8x4096x6144][8x4096x6144][8x4096x6144][8x4096x6144][8x4096x6144][8x4096x6144][8x4096x6144][8x4096x6144][8x4096x6144][8x4096x6144][8x4096x6144][8x4096x6144][8x4096x6144][8x4096x6144][8x4096x6144][8x4096x6144][8x4096x6144][8x4096x6144][8x4096x6144][8x4096x6144][8x4096x6144][8x4096x6144][8x4096x6144][8x4096x6144][8x4096x6144][8x4096x6144][8x4096x6144][8x4096x6144][8x4096x6144][8x4096x6144][8x4096x6144][8x4096x6144][8x4096x6144][8x4096x6144][8x4096x6144][8x4096x6144][8x4096x6144][8x4096x6144][8x4096x6144][8x4096x6144][8x4096x6144][8x4096x6144][8x4096x6144][8x4096x6144][8x4096x6144][8x4096x6144][8x4096x6144][8x4096x6144][8x4096x6144][8x4096x6144][8x4096x6144][8x4096x6144][8x4096x6144][8x4096x6144][8x4096x6144][8x4096x6144][8x4096x6144][8x4096x6144][8x4096x6144][8x4096x6144][8x4096x6144][8x4096x6144][8x4096x6144][8x4096x6144][8x4096x6144][8x4096x6144][8x4096x6144][8x4096x6144][8x4096x6144][8x4096x6144][8x4096x6144][8x4096x6144][8x4096x6144][8x4096x6144][8x4096x6144][8x4096x6144][8x4096x6144][8x4096x6144][8x4096x6144][8x4096x6144][8x4096x6144][8x4096x6144][8x4096x6144][8x4096x6144][8x4096x6144][8x4096x6144][8x4096x6144][8x4096x6144][8x4096x6144][8x4096x6144][8x4096x6144][8x4096x6144][8x4096x6144][8x4096x6144][8x4096x6144][8x4096x6144][8x4096x6144][8x4096x6144][8x4096x6144][8x4096x6144][8x4096x6144][8x4096x6144][8x4096x6144][8x4096x6144][8x4096x6144][8x4096x6144][8x4096x6144][8x4096x6144][8x4096x6144][8x4096x6144][8x4096x6144][8x4096x6144][8x4096x6144][8x4096x6144][8x4096x6144][8x4096x6144][8x4096x6144][8x4096x6144][8x4096x6144][8x4096x6144][8x4096x6144][8x4096x6144][8x4096x6144][8x4096x6144][8x4096x6144][8x4096x6144][8x4096x6144][8x4096x6144][8x4096x6144][8x4096x6144][8x4096x6144][8x4096x6144][8x4096x6144][8x4096x6144][8x4096x6144][8x4096x6144][8x4096x6144][8x4096x6144][8x4096x6144][8x4096x6144][8x4096x6144][8x4096x6144][8x4096x6144][8x4096x6144][8x4096x6144][8x4096x6144][8x4096x6144][8x4096x6144][8x4096x6144][8x4096x6144][8x4096x6144][8x4096x6144][8x4096x6144][8x4096x6144][8x4096x6144][8x4096x6144][8x4096x6144][8x4096x6144][8x4096x6144][8x4096x6144][8x4096x6144][8x4096x6144][8x4096x6144][8x4096x6144][8x4096x6144][8x4096x6144][8x4096x6144][8x4096x6144][8x4096x6144][8x4096x6144][8x4096x6144][8x4096x6144][8x4096x6144][8x4096x6144][8x4096x6144][8x4096x6144][8x4096x6144][8x4096x6144][8x4096x6144][8x4096x6144][8x4096x6144][8x4096x6144][8x4096x6144][8x4096x6144][8x4096x6144][8x4096x6144][8x4096x6144][8x4096x6144][8x4096x6144][8x4096x6144][8x4096x6144][8x4096x6144][8x4096x6144][8x4096x6144][8x4096x6144][8x4096x6144][8x4096x6144][8x4096x6144][8x4096x6144][8x4096x6144][8x4096x6144][8x4096x6144][8x4096x6144][8x4096x6144][8x4096x6144][8x4096x6144][8x4096x6144][8x4096x6144][8x4096x6144][8x4096x6144][8x4096x6144][8x4096x6144][8x4096x6144][8x4096x6144][8x4096x6144][8x4096x6144][8x4096x6144][8x4096x6144][8x4096x6144][8x4096x6144][8x4096x6144][8x4096x6144][8x4096x6144][8x4096x6144][8x4096x6144][8x4096x6144][8x4096x6144][8x4096x6144][8x4096x6144][8x4096x6144][8x4096x6144][8x4096x6144]',,tensorop,f32,128,256,128,2,4,1,2,1,1,7,4,1,1,128,256,32,100,110,6471811072,103095992320,15,0.9982,6038.21,103282
1,CUTLASS,grouped_gemm,cutlass3x_sm100_tensorop_gemm_grouped_e4m3_e4m3_f32_bf16_e4m3_128x256x128_2x4x1_0_tnt_align16_stream_k_2sm_epi_tma,passed,success,grouped,,,,,fe4m3:row,fe4m3:column,bf16:row,fe4m3:row,1,0,invalid,invalid,heuristic,1,false,'[8x4096x6144][8x4096x6144][8x4096x6144][8x4096x6144][8x4096x6144][8x4096x6144][8x4096x6144][8x4096x6144][8x4096x6144][8x4096x6144][8x4096x6144][8x4096x6144][8x4096x6144][8x4096x6144][8x4096x6144][8x4096x6144][8x4096x6144][8x4096x6144][8x4096x6144][8x4096x6144][8x4096x6144][8x4096x6144][8x4096x6144][8x4096x6144][8x4096x6144][8x4096x6144][8x4096x6144][8x4096x6144][8x4096x6144][8x4096x6144][8x4096x6144][8x4096x6144][8x4096x6144][8x4096x6144][8x4096x6144][8x4096x6144][8x4096x6144][8x4096x6144][8x4096x6144][8x4096x6144][8x4096x6144][8x4096x6144][8x4096x6144][8x4096x6144][8x4096x6144][8x4096x6144][8x4096x6144][8x4096x6144][8x4096x6144][8x4096x6144][8x4096x6144][8x4096x6144][8x4096x6144][8x4096x6144][8x4096x6144][8x4096x6144][8x4096x6144][8x4096x6144][8x4096x6144][8x4096x6144][8x4096x6144][8x4096x6144][8x4096x6144][8x4096x6144][8x4096x6144][8x4096x6144][8x4096x6144][8x4096x6144][8x4096x6144][8x4096x6144][8x4096x6144][8x4096x6144][8x4096x6144][8x4096x6144][8x4096x6144][8x4096x6144][8x4096x6144][8x4096x6144][8x4096x6144][8x4096x6144][8x4096x6144][8x4096x6144][8x4096x6144][8x4096x6144][8x4096x6144][8x4096x6144][8x4096x6144][8x4096x6144][8x4096x6144][8x4096x6144][8x4096x6144][8x4096x6144][8x4096x6144][8x4096x6144][8x4096x6144][8x4096x6144][8x4096x6144][8x4096x6144][8x4096x6144][8x4096x6144][8x4096x6144][8x4096x6144][8x4096x6144][8x4096x6144][8x4096x6144][8x4096x6144][8x4096x6144][8x4096x6144][8x4096x6144][8x4096x6144][8x4096x6144][8x4096x6144][8x4096x6144][8x4096x6144][8x4096x6144][8x4096x6144][8x4096x6144][8x4096x6144][8x4096x6144][8x4096x6144][8x4096x6144][8x4096x6144][8x4096x6144][8x4096x6144][8x4096x6144][8x4096x6144][8x4096x6144][8x4096x6144][8x4096x6144][8x4096x6144][8x4096x6144][8x4096x6144][8x4096x6144][8x4096x6144][8x4096x6144][8x4096x6144][8x4096x6144][8x4096x6144][8x4096x6144][8x4096x6144][8x4096x6144][8x4096x6144][8x4096x6144][8x4096x6144][8x4096x6144][8x4096x6144][8x4096x6144][8x4096x6144][8x4096x6144][8x4096x6144][8x4096x6144][8x4096x6144][8x4096x6144][8x4096x6144][8x4096x6144][8x4096x6144][8x4096x6144][8x4096x6144][8x4096x6144][8x4096x6144][8x4096x6144][8x4096x6144][8x4096x6144][8x4096x6144][8x4096x6144][8x4096x6144][8x4096x6144][8x4096x6144][8x4096x6144][8x4096x6144][8x4096x6144][8x4096x6144][8x4096x6144][8x4096x6144][8x4096x6144][8x4096x6144][8x4096x6144][8x4096x6144][8x4096x6144][8x4096x6144][8x4096x6144][8x4096x6144][8x4096x6144][8x4096x6144][8x4096x6144][8x4096x6144][8x4096x6144][8x4096x6144][8x4096x6144][8x4096x6144][8x4096x6144][8x4096x6144][8x4096x6144][8x4096x6144][8x4096x6144][8x4096x6144][8x4096x6144][8x4096x6144][8x4096x6144][8x4096x6144][8x4096x6144][8x4096x6144][8x4096x6144][8x4096x6144][8x4096x6144][8x4096x6144][8x4096x6144][8x4096x6144][8x4096x6144][8x4096x6144][8x4096x6144][8x4096x6144][8x4096x6144][8x4096x6144][8x4096x6144][8x4096x6144][8x4096x6144][8x4096x6144][8x4096x6144][8x4096x6144][8x4096x6144][8x4096x6144][8x4096x6144][8x4096x6144][8x4096x6144][8x4096x6144][8x4096x6144][8x4096x6144][8x4096x6144][8x4096x6144][8x4096x6144][8x4096x6144][8x4096x6144][8x4096x6144][8x4096x6144][8x4096x6144][8x4096x6144][8x4096x6144][8x4096x6144][8x4096x6144][8x4096x6144][8x4096x6144][8x4096x6144][8x4096x6144][8x4096x6144][8x4096x6144][8x4096x6144][8x4096x6144][8x4096x6144][8x4096x6144][8x4096x6144][8x4096x6144][8x4096x6144][8x4096x6144][8x4096x6144][8x4096x6144]',,tensorop,f32,128,256,128,2,4,1,2,1,1,7,4,1,1,128,256,32,100,110,6471811072,103095992320,15,0.999347,6031.28,103163
1,CUTLASS,grouped_gemm,cutlass3x_sm100_tensorop_gemm_grouped_e4m3_e4m3_f32_bf16_e4m3_128x256x128_4x2x1_0_tnt_align16_2sm_epi_tma,passed,success,grouped,,,,,fe4m3:row,fe4m3:column,bf16:row,fe4m3:row,1,0,invalid,invalid,heuristic,1,false,'[8x4096x6144][8x4096x6144][8x4096x6144][8x4096x6144][8x4096x6144][8x4096x6144][8x4096x6144][8x4096x6144][8x4096x6144][8x4096x6144][8x4096x6144][8x4096x6144][8x4096x6144][8x4096x6144][8x4096x6144][8x4096x6144][8x4096x6144][8x4096x6144][8x4096x6144][8x4096x6144][8x4096x6144][8x4096x6144][8x4096x6144][8x4096x6144][8x4096x6144][8x4096x6144][8x4096x6144][8x4096x6144][8x4096x6144][8x4096x6144][8x4096x6144][8x4096x6144][8x4096x6144][8x4096x6144][8x4096x6144][8x4096x6144][8x4096x6144][8x4096x6144][8x4096x6144][8x4096x6144][8x4096x6144][8x4096x6144][8x4096x6144][8x4096x6144][8x4096x6144][8x4096x6144][8x4096x6144][8x4096x6144][8x4096x6144][8x4096x6144][8x4096x6144][8x4096x6144][8x4096x6144][8x4096x6144][8x4096x6144][8x4096x6144][8x4096x6144][8x4096x6144][8x4096x6144][8x4096x6144][8x4096x6144][8x4096x6144][8x4096x6144][8x4096x6144][8x4096x6144][8x4096x6144][8x4096x6144][8x4096x6144][8x4096x6144][8x4096x6144][8x4096x6144][8x4096x6144][8x4096x6144][8x4096x6144][8x4096x6144][8x4096x6144][8x4096x6144][8x4096x6144][8x4096x6144][8x4096x6144][8x4096x6144][8x4096x6144][8x4096x6144][8x4096x6144][8x4096x6144][8x4096x6144][8x4096x6144][8x4096x6144][8x4096x6144][8x4096x6144][8x4096x6144][8x4096x6144][8x4096x6144][8x4096x6144][8x4096x6144][8x4096x6144][8x4096x6144][8x4096x6144][8x4096x6144][8x4096x6144][8x4096x6144][8x4096x6144][8x4096x6144][8x4096x6144][8x4096x6144][8x4096x6144][8x4096x6144][8x4096x6144][8x4096x6144][8x4096x6144][8x4096x6144][8x4096x6144][8x4096x6144][8x4096x6144][8x4096x6144][8x4096x6144][8x4096x6144][8x4096x6144][8x4096x6144][8x4096x6144][8x4096x6144][8x4096x6144][8x4096x6144][8x4096x6144][8x4096x6144][8x4096x6144][8x4096x6144][8x4096x6144][8x4096x6144][8x4096x6144][8x4096x6144][8x4096x6144][8x4096x6144][8x4096x6144][8x4096x6144][8x4096x6144][8x4096x6144][8x4096x6144][8x4096x6144][8x4096x6144][8x4096x6144][8x4096x6144][8x4096x6144][8x4096x6144][8x4096x6144][8x4096x6144][8x4096x6144][8x4096x6144][8x4096x6144][8x4096x6144][8x4096x6144][8x4096x6144][8x4096x6144][8x4096x6144][8x4096x6144][8x4096x6144][8x4096x6144][8x4096x6144][8x4096x6144][8x4096x6144][8x4096x6144][8x4096x6144][8x4096x6144][8x4096x6144][8x4096x6144][8x4096x6144][8x4096x6144][8x4096x6144][8x4096x6144][8x4096x6144][8x4096x6144][8x4096x6144][8x4096x6144][8x4096x6144][8x4096x6144][8x4096x6144][8x4096x6144][8x4096x6144][8x4096x6144][8x4096x6144][8x4096x6144][8x4096x6144][8x4096x6144][8x4096x6144][8x4096x6144][8x4096x6144][8x4096x6144][8x4096x6144][8x4096x6144][8x4096x6144][8x4096x6144][8x4096x6144][8x4096x6144][8x4096x6144][8x4096x6144][8x4096x6144][8x4096x6144][8x4096x6144][8x4096x6144][8x4096x6144][8x4096x6144][8x4096x6144][8x4096x6144][8x4096x6144][8x4096x6144][8x4096x6144][8x4096x6144][8x4096x6144][8x4096x6144][8x4096x6144][8x4096x6144][8x4096x6144][8x4096x6144][8x4096x6144][8x4096x6144][8x4096x6144][8x4096x6144][8x4096x6144][8x4096x6144][8x4096x6144][8x4096x6144][8x4096x6144][8x4096x6144][8x4096x6144][8x4096x6144][8x4096x6144][8x4096x6144][8x4096x6144][8x4096x6144][8x4096x6144][8x4096x6144][8x4096x6144][8x4096x6144][8x4096x6144][8x4096x6144][8x4096x6144][8x4096x6144][8x4096x6144][8x4096x6144][8x4096x6144][8x4096x6144][8x4096x6144][8x4096x6144][8x4096x6144][8x4096x6144][8x4096x6144][8x4096x6144][8x4096x6144][8x4096x6144][8x4096x6144][8x4096x6144][8x4096x6144][8x4096x6144][8x4096x6144][8x4096x6144][8x4096x6144]',,tensorop,f32,128,256,128,4,2,1,2,1,1,7,4,1,1,128,256,32,100,110,6471811072,103095992320,15,1.42959,4216.13,72115.8
1,CUTLASS,grouped_gemm,cutlass3x_sm100_tensorop_gemm_grouped_e4m3_e4m3_f32_bf16_e4m3_128x256x128_4x2x1_0_tnt_align16_stream_k_2sm_epi_tma,passed,success,grouped,,,,,fe4m3:row,fe4m3:column,bf16:row,fe4m3:row,1,0,invalid,invalid,heuristic,1,false,'[8x4096x6144][8x4096x6144][8x4096x6144][8x4096x6144][8x4096x6144][8x4096x6144][8x4096x6144][8x4096x6144][8x4096x6144][8x4096x6144][8x4096x6144][8x4096x6144][8x4096x6144][8x4096x6144][8x4096x6144][8x4096x6144][8x4096x6144][8x4096x6144][8x4096x6144][8x4096x6144][8x4096x6144][8x4096x6144][8x4096x6144][8x4096x6144][8x4096x6144][8x4096x6144][8x4096x6144][8x4096x6144][8x4096x6144][8x4096x6144][8x4096x6144][8x4096x6144][8x4096x6144][8x4096x6144][8x4096x6144][8x4096x6144][8x4096x6144][8x4096x6144][8x4096x6144][8x4096x6144][8x4096x6144][8x4096x6144][8x4096x6144][8x4096x6144][8x4096x6144][8x4096x6144][8x4096x6144][8x4096x6144][8x4096x6144][8x4096x6144][8x4096x6144][8x4096x6144][8x4096x6144][8x4096x6144][8x4096x6144][8x4096x6144][8x4096x6144][8x4096x6144][8x4096x6144][8x4096x6144][8x4096x6144][8x4096x6144][8x4096x6144][8x4096x6144][8x4096x6144][8x4096x6144][8x4096x6144][8x4096x6144][8x4096x6144][8x4096x6144][8x4096x6144][8x4096x6144][8x4096x6144][8x4096x6144][8x4096x6144][8x4096x6144][8x4096x6144][8x4096x6144][8x4096x6144][8x4096x6144][8x4096x6144][8x4096x6144][8x4096x6144][8x4096x6144][8x4096x6144][8x4096x6144][8x4096x6144][8x4096x6144][8x4096x6144][8x4096x6144][8x4096x6144][8x4096x6144][8x4096x6144][8x4096x6144][8x4096x6144][8x4096x6144][8x4096x6144][8x4096x6144][8x4096x6144][8x4096x6144][8x4096x6144][8x4096x6144][8x4096x6144][8x4096x6144][8x4096x6144][8x4096x6144][8x4096x6144][8x4096x6144][8x4096x6144][8x4096x6144][8x4096x6144][8x4096x6144][8x4096x6144][8x4096x6144][8x4096x6144][8x4096x6144][8x4096x6144][8x4096x6144][8x4096x6144][8x4096x6144][8x4096x6144][8x4096x6144][8x4096x6144][8x4096x6144][8x4096x6144][8x4096x6144][8x4096x6144][8x4096x6144][8x4096x6144][8x4096x6144][8x4096x6144][8x4096x6144][8x4096x6144][8x4096x6144][8x4096x6144][8x4096x6144][8x4096x6144][8x4096x6144][8x4096x6144][8x4096x6144][8x4096x6144][8x4096x6144][8x4096x6144][8x4096x6144][8x4096x6144][8x4096x6144][8x4096x6144][8x4096x6144][8x4096x6144][8x4096x6144][8x4096x6144][8x4096x6144][8x4096x6144][8x4096x6144][8x4096x6144][8x4096x6144][8x4096x6144][8x4096x6144][8x4096x6144][8x4096x6144][8x4096x6144][8x4096x6144][8x4096x6144][8x4096x6144][8x4096x6144][8x4096x6144][8x4096x6144][8x4096x6144][8x4096x6144][8x4096x6144][8x4096x6144][8x4096x6144][8x4096x6144][8x4096x6144][8x4096x6144][8x4096x6144][8x4096x6144][8x4096x6144][8x4096x6144][8x4096x6144][8x4096x6144][8x4096x6144][8x4096x6144][8x4096x6144][8x4096x6144][8x4096x6144][8x4096x6144][8x4096x6144][8x4096x6144][8x4096x6144][8x4096x6144][8x4096x6144][8x4096x6144][8x4096x6144][8x4096x6144][8x4096x6144][8x4096x6144][8x4096x6144][8x4096x6144][8x4096x6144][8x4096x6144][8x4096x6144][8x4096x6144][8x4096x6144][8x4096x6144][8x4096x6144][8x4096x6144][8x4096x6144][8x4096x6144][8x4096x6144][8x4096x6144][8x4096x6144][8x4096x6144][8x4096x6144][8x4096x6144][8x4096x6144][8x4096x6144][8x4096x6144][8x4096x6144][8x4096x6144][8x4096x6144][8x4096x6144][8x4096x6144][8x4096x6144][8x4096x6144][8x4096x6144][8x4096x6144][8x4096x6144][8x4096x6144][8x4096x6144][8x4096x6144][8x4096x6144][8x4096x6144][8x4096x6144][8x4096x6144][8x4096x6144][8x4096x6144][8x4096x6144][8x4096x6144][8x4096x6144][8x4096x6144][8x4096x6144][8x4096x6144][8x4096x6144][8x4096x6144][8x4096x6144][8x4096x6144][8x4096x6144][8x4096x6144][8x4096x6144][8x4096x6144][8x4096x6144][8x4096x6144][8x4096x6144][8x4096x6144][8x4096x6144]',,tensorop,f32,128,256,128,4,2,1,2,1,1,7,4,1,1,128,256,32,100,110,6471811072,103095992320,15,1.42905,4217.73,72143.1
1,CUTLASS,grouped_gemm,cutlass3x_sm100_tensorop_gemm_grouped_e4m3_e4m3_f32_bf16_e4m3_128x256x128_4x4x1_0_tnt_align16_2sm_epi_tma,passed,success,grouped,,,,,fe4m3:row,fe4m3:column,bf16:row,fe4m3:row,1,0,invalid,invalid,heuristic,1,false,'[8x4096x6144][8x4096x6144][8x4096x6144][8x4096x6144][8x4096x6144][8x4096x6144][8x4096x6144][8x4096x6144][8x4096x6144][8x4096x6144][8x4096x6144][8x4096x6144][8x4096x6144][8x4096x6144][8x4096x6144][8x4096x6144][8x4096x6144][8x4096x6144][8x4096x6144][8x4096x6144][8x4096x6144][8x4096x6144][8x4096x6144][8x4096x6144][8x4096x6144][8x4096x6144][8x4096x6144][8x4096x6144][8x4096x6144][8x4096x6144][8x4096x6144][8x4096x6144][8x4096x6144][8x4096x6144][8x4096x6144][8x4096x6144][8x4096x6144][8x4096x6144][8x4096x6144][8x4096x6144][8x4096x6144][8x4096x6144][8x4096x6144][8x4096x6144][8x4096x6144][8x4096x6144][8x4096x6144][8x4096x6144][8x4096x6144][8x4096x6144][8x4096x6144][8x4096x6144][8x4096x6144][8x4096x6144][8x4096x6144][8x4096x6144][8x4096x6144][8x4096x6144][8x4096x6144][8x4096x6144][8x4096x6144][8x4096x6144][8x4096x6144][8x4096x6144][8x4096x6144][8x4096x6144][8x4096x6144][8x4096x6144][8x4096x6144][8x4096x6144][8x4096x6144][8x4096x6144][8x4096x6144][8x4096x6144][8x4096x6144][8x4096x6144][8x4096x6144][8x4096x6144][8x4096x6144][8x4096x6144][8x4096x6144][8x4096x6144][8x4096x6144][8x4096x6144][8x4096x6144][8x4096x6144][8x4096x6144][8x4096x6144][8x4096x6144][8x4096x6144][8x4096x6144][8x4096x6144][8x4096x6144][8x4096x6144][8x4096x6144][8x4096x6144][8x4096x6144][8x4096x6144][8x4096x6144][8x4096x6144][8x4096x6144][8x4096x6144][8x4096x6144][8x4096x6144][8x4096x6144][8x4096x6144][8x4096x6144][8x4096x6144][8x4096x6144][8x4096x6144][8x4096x6144][8x4096x6144][8x4096x6144][8x4096x6144][8x4096x6144][8x4096x6144][8x4096x6144][8x4096x6144][8x4096x6144][8x4096x6144][8x4096x6144][8x4096x6144][8x4096x6144][8x4096x6144][8x4096x6144][8x4096x6144][8x4096x6144][8x4096x6144][8x4096x6144][8x4096x6144][8x4096x6144][8x4096x6144][8x4096x6144][8x4096x6144][8x4096x6144][8x4096x6144][8x4096x6144][8x4096x6144][8x4096x6144][8x4096x6144][8x4096x6144][8x4096x6144][8x4096x6144][8x4096x6144][8x4096x6144][8x4096x6144][8x4096x6144][8x4096x6144][8x4096x6144][8x4096x6144][8x4096x6144][8x4096x6144][8x4096x6144][8x4096x6144][8x4096x6144][8x4096x6144][8x4096x6144][8x4096x6144][8x4096x6144][8x4096x6144][8x4096x6144][8x4096x6144][8x4096x6144][8x4096x6144][8x4096x6144][8x4096x6144][8x4096x6144][8x4096x6144][8x4096x6144][8x4096x6144][8x4096x6144][8x4096x6144][8x4096x6144][8x4096x6144][8x4096x6144][8x4096x6144][8x4096x6144][8x4096x6144][8x4096x6144][8x4096x6144][8x4096x6144][8x4096x6144][8x4096x6144][8x4096x6144][8x4096x6144][8x4096x6144][8x4096x6144][8x4096x6144][8x4096x6144][8x4096x6144][8x4096x6144][8x4096x6144][8x4096x6144][8x4096x6144][8x4096x6144][8x4096x6144][8x4096x6144][8x4096x6144][8x4096x6144][8x4096x6144][8x4096x6144][8x4096x6144][8x4096x6144][8x4096x6144][8x4096x6144][8x4096x6144][8x4096x6144][8x4096x6144][8x4096x6144][8x4096x6144][8x4096x6144][8x4096x6144][8x4096x6144][8x4096x6144][8x4096x6144][8x4096x6144][8x4096x6144][8x4096x6144][8x4096x6144][8x4096x6144][8x4096x6144][8x4096x6144][8x4096x6144][8x4096x6144][8x4096x6144][8x4096x6144][8x4096x6144][8x4096x6144][8x4096x6144][8x4096x6144][8x4096x6144][8x4096x6144][8x4096x6144][8x4096x6144][8x4096x6144][8x4096x6144][8x4096x6144][8x4096x6144][8x4096x6144][8x4096x6144][8x4096x6144][8x4096x6144][8x4096x6144][8x4096x6144][8x4096x6144][8x4096x6144][8x4096x6144][8x4096x6144][8x4096x6144][8x4096x6144][8x4096x6144][8x4096x6144][8x4096x6144][8x4096x6144][8x4096x6144][8x4096x6144]',,tensorop,f32,128,256,128,4,4,1,2,1,1,7,4,1,1,128,256,32,100,110,6471811072,103095992320,15,1.51415,3980.67,68088.3
1,CUTLASS,grouped_gemm,cutlass3x_sm100_tensorop_gemm_grouped_e4m3_e4m3_f32_bf16_e4m3_128x256x128_4x4x1_0_tnt_align16_stream_k_2sm_epi_tma,passed,success,grouped,,,,,fe4m3:row,fe4m3:column,bf16:row,fe4m3:row,1,0,invalid,invalid,heuristic,1,false,'[8x4096x6144][8x4096x6144][8x4096x6144][8x4096x6144][8x4096x6144][8x4096x6144][8x4096x6144][8x4096x6144][8x4096x6144][8x4096x6144][8x4096x6144][8x4096x6144][8x4096x6144][8x4096x6144][8x4096x6144][8x4096x6144][8x4096x6144][8x4096x6144][8x4096x6144][8x4096x6144][8x4096x6144][8x4096x6144][8x4096x6144][8x4096x6144][8x4096x6144][8x4096x6144][8x4096x6144][8x4096x6144][8x4096x6144][8x4096x6144][8x4096x6144][8x4096x6144][8x4096x6144][8x4096x6144][8x4096x6144][8x4096x6144][8x4096x6144][8x4096x6144][8x4096x6144][8x4096x6144][8x4096x6144][8x4096x6144][8x4096x6144][8x4096x6144][8x4096x6144][8x4096x6144][8x4096x6144][8x4096x6144][8x4096x6144][8x4096x6144][8x4096x6144][8x4096x6144][8x4096x6144][8x4096x6144][8x4096x6144][8x4096x6144][8x4096x6144][8x4096x6144][8x4096x6144][8x4096x6144][8x4096x6144][8x4096x6144][8x4096x6144][8x4096x6144][8x4096x6144][8x4096x6144][8x4096x6144][8x4096x6144][8x4096x6144][8x4096x6144][8x4096x6144][8x4096x6144][8x4096x6144][8x4096x6144][8x4096x6144][8x4096x6144][8x4096x6144][8x4096x6144][8x4096x6144][8x4096x6144][8x4096x6144][8x4096x6144][8x4096x6144][8x4096x6144][8x4096x6144][8x4096x6144][8x4096x6144][8x4096x6144][8x4096x6144][8x4096x6144][8x4096x6144][8x4096x6144][8x4096x6144][8x4096x6144][8x4096x6144][8x4096x6144][8x4096x6144][8x4096x6144][8x4096x6144][8x4096x6144][8x4096x6144][8x4096x6144][8x4096x6144][8x4096x6144][8x4096x6144][8x4096x6144][8x4096x6144][8x4096x6144][8x4096x6144][8x4096x6144][8x4096x6144][8x4096x6144][8x4096x6144][8x4096x6144][8x4096x6144][8x4096x6144][8x4096x6144][8x4096x6144][8x4096x6144][8x4096x6144][8x4096x6144][8x4096x6144][8x4096x6144][8x4096x6144][8x4096x6144][8x4096x6144][8x4096x6144][8x4096x6144][8x4096x6144][8x4096x6144][8x4096x6144][8x4096x6144][8x4096x6144][8x4096x6144][8x4096x6144][8x4096x6144][8x4096x6144][8x4096x6144][8x4096x6144][8x4096x6144][8x4096x6144][8x4096x6144][8x4096x6144][8x4096x6144][8x4096x6144][8x4096x6144][8x4096x6144][8x4096x6144][8x4096x6144][8x4096x6144][8x4096x6144][8x4096x6144][8x4096x6144][8x4096x6144][8x4096x6144][8x4096x6144][8x4096x6144][8x4096x6144][8x4096x6144][8x4096x6144][8x4096x6144][8x4096x6144][8x4096x6144][8x4096x6144][8x4096x6144][8x4096x6144][8x4096x6144][8x4096x6144][8x4096x6144][8x4096x6144][8x4096x6144][8x4096x6144][8x4096x6144][8x4096x6144][8x4096x6144][8x4096x6144][8x4096x6144][8x4096x6144][8x4096x6144][8x4096x6144][8x4096x6144][8x4096x6144][8x4096x6144][8x4096x6144][8x4096x6144][8x4096x6144][8x4096x6144][8x4096x6144][8x4096x6144][8x4096x6144][8x4096x6144][8x4096x6144][8x4096x6144][8x4096x6144][8x4096x6144][8x4096x6144][8x4096x6144][8x4096x6144][8x4096x6144][8x4096x6144][8x4096x6144][8x4096x6144][8x4096x6144][8x4096x6144][8x4096x6144][8x4096x6144][8x4096x6144][8x4096x6144][8x4096x6144][8x4096x6144][8x4096x6144][8x4096x6144][8x4096x6144][8x4096x6144][8x4096x6144][8x4096x6144][8x4096x6144][8x4096x6144][8x4096x6144][8x4096x6144][8x4096x6144][8x4096x6144][8x4096x6144][8x4096x6144][8x4096x6144][8x4096x6144][8x4096x6144][8x4096x6144][8x4096x6144][8x4096x6144][8x4096x6144][8x4096x6144][8x4096x6144][8x4096x6144][8x4096x6144][8x4096x6144][8x4096x6144][8x4096x6144][8x4096x6144][8x4096x6144][8x4096x6144][8x4096x6144][8x4096x6144][8x4096x6144][8x4096x6144][8x4096x6144][8x4096x6144][8x4096x6144][8x4096x6144][8x4096x6144][8x4096x6144][8x4096x6144][8x4096x6144][8x4096x6144][8x4096x6144][8x4096x6144]',,tensorop,f32,128,256,128,4,4,1,2,1,1,7,4,1,1,128,256,32,100,110,6471811072,103095992320,15,1.51402,3981.02,68094.3
1,CUTLASS,grouped_gemm,cutlass3x_sm100_tensorop_gemm_grouped_e4m3_e4m3_f32_bf16_e4m3_128x256x128_0x0x1_0_ttt_align16_2sm_epi_tma,passed,success,grouped,,,,,fe4m3:row,fe4m3:row,bf16:row,fe4m3:row,1,0,invalid,invalid,heuristic,1,false,'[8x4096x6144][8x4096x6144][8x4096x6144][8x4096x6144][8x4096x6144][8x4096x6144][8x4096x6144][8x4096x6144][8x4096x6144][8x4096x6144][8x4096x6144][8x4096x6144][8x4096x6144][8x4096x6144][8x4096x6144][8x4096x6144][8x4096x6144][8x4096x6144][8x4096x6144][8x4096x6144][8x4096x6144][8x4096x6144][8x4096x6144][8x4096x6144][8x4096x6144][8x4096x6144][8x4096x6144][8x4096x6144][8x4096x6144][8x4096x6144][8x4096x6144][8x4096x6144][8x4096x6144][8x4096x6144][8x4096x6144][8x4096x6144][8x4096x6144][8x4096x6144][8x4096x6144][8x4096x6144][8x4096x6144][8x4096x6144][8x4096x6144][8x4096x6144][8x4096x6144][8x4096x6144][8x4096x6144][8x4096x6144][8x4096x6144][8x4096x6144][8x4096x6144][8x4096x6144][8x4096x6144][8x4096x6144][8x4096x6144][8x4096x6144][8x4096x6144][8x4096x6144][8x4096x6144][8x4096x6144][8x4096x6144][8x4096x6144][8x4096x6144][8x4096x6144][8x4096x6144][8x4096x6144][8x4096x6144][8x4096x6144][8x4096x6144][8x4096x6144][8x4096x6144][8x4096x6144][8x4096x6144][8x4096x6144][8x4096x6144][8x4096x6144][8x4096x6144][8x4096x6144][8x4096x6144][8x4096x6144][8x4096x6144][8x4096x6144][8x4096x6144][8x4096x6144][8x4096x6144][8x4096x6144][8x4096x6144][8x4096x6144][8x4096x6144][8x4096x6144][8x4096x6144][8x4096x6144][8x4096x6144][8x4096x6144][8x4096x6144][8x4096x6144][8x4096x6144][8x4096x6144][8x4096x6144][8x4096x6144][8x4096x6144][8x4096x6144][8x4096x6144][8x4096x6144][8x4096x6144][8x4096x6144][8x4096x6144][8x4096x6144][8x4096x6144][8x4096x6144][8x4096x6144][8x4096x6144][8x4096x6144][8x4096x6144][8x4096x6144][8x4096x6144][8x4096x6144][8x4096x6144][8x4096x6144][8x4096x6144][8x4096x6144][8x4096x6144][8x4096x6144][8x4096x6144][8x4096x6144][8x4096x6144][8x4096x6144][8x4096x6144][8x4096x6144][8x4096x6144][8x4096x6144][8x4096x6144][8x4096x6144][8x4096x6144][8x4096x6144][8x4096x6144][8x4096x6144][8x4096x6144][8x4096x6144][8x4096x6144][8x4096x6144][8x4096x6144][8x4096x6144][8x4096x6144][8x4096x6144][8x4096x6144][8x4096x6144][8x4096x6144][8x4096x6144][8x4096x6144][8x4096x6144][8x4096x6144][8x4096x6144][8x4096x6144][8x4096x6144][8x4096x6144][8x4096x6144][8x4096x6144][8x4096x6144][8x4096x6144][8x4096x6144][8x4096x6144][8x4096x6144][8x4096x6144][8x4096x6144][8x4096x6144][8x4096x6144][8x4096x6144][8x4096x6144][8x4096x6144][8x4096x6144][8x4096x6144][8x4096x6144][8x4096x6144][8x4096x6144][8x4096x6144][8x4096x6144][8x4096x6144][8x4096x6144][8x4096x6144][8x4096x6144][8x4096x6144][8x4096x6144][8x4096x6144][8x4096x6144][8x4096x6144][8x4096x6144][8x4096x6144][8x4096x6144][8x4096x6144][8x4096x6144][8x4096x6144][8x4096x6144][8x4096x6144][8x4096x6144][8x4096x6144][8x4096x6144][8x4096x6144][8x4096x6144][8x4096x6144][8x4096x6144][8x4096x6144][8x4096x6144][8x4096x6144][8x4096x6144][8x4096x6144][8x4096x6144][8x4096x6144][8x4096x6144][8x4096x6144][8x4096x6144][8x4096x6144][8x4096x6144][8x4096x6144][8x4096x6144][8x4096x6144][8x4096x6144][8x4096x6144][8x4096x6144][8x4096x6144][8x4096x6144][8x4096x6144][8x4096x6144][8x4096x6144][8x4096x6144][8x4096x6144][8x4096x6144][8x4096x6144][8x4096x6144][8x4096x6144][8x4096x6144][8x4096x6144][8x4096x6144][8x4096x6144][8x4096x6144][8x4096x6144][8x4096x6144][8x4096x6144][8x4096x6144][8x4096x6144][8x4096x6144][8x4096x6144][8x4096x6144][8x4096x6144][8x4096x6144][8x4096x6144][8x4096x6144][8x4096x6144][8x4096x6144][8x4096x6144][8x4096x6144][8x4096x6144][8x4096x6144][8x4096x6144][8x4096x6144][8x4096x6144]',,tensorop,f32,128,256,128,2,1,1,2,1,1,7,4,1,1,128,256,32,100,110,6471811072,103095992320,15,0.892227,6755.4,115549
1,CUTLASS,grouped_gemm,cutlass3x_sm100_tensorop_gemm_grouped_e4m3_e4m3_f32_bf16_e4m3_128x256x128_0x0x1_0_ttt_align16_stream_k_2sm_epi_tma,passed,success,grouped,,,,,fe4m3:row,fe4m3:row,bf16:row,fe4m3:row,1,0,invalid,invalid,heuristic,1,false,'[8x4096x6144][8x4096x6144][8x4096x6144][8x4096x6144][8x4096x6144][8x4096x6144][8x4096x6144][8x4096x6144][8x4096x6144][8x4096x6144][8x4096x6144][8x4096x6144][8x4096x6144][8x4096x6144][8x4096x6144][8x4096x6144][8x4096x6144][8x4096x6144][8x4096x6144][8x4096x6144][8x4096x6144][8x4096x6144][8x4096x6144][8x4096x6144][8x4096x6144][8x4096x6144][8x4096x6144][8x4096x6144][8x4096x6144][8x4096x6144][8x4096x6144][8x4096x6144][8x4096x6144][8x4096x6144][8x4096x6144][8x4096x6144][8x4096x6144][8x4096x6144][8x4096x6144][8x4096x6144][8x4096x6144][8x4096x6144][8x4096x6144][8x4096x6144][8x4096x6144][8x4096x6144][8x4096x6144][8x4096x6144][8x4096x6144][8x4096x6144][8x4096x6144][8x4096x6144][8x4096x6144][8x4096x6144][8x4096x6144][8x4096x6144][8x4096x6144][8x4096x6144][8x4096x6144][8x4096x6144][8x4096x6144][8x4096x6144][8x4096x6144][8x4096x6144][8x4096x6144][8x4096x6144][8x4096x6144][8x4096x6144][8x4096x6144][8x4096x6144][8x4096x6144][8x4096x6144][8x4096x6144][8x4096x6144][8x4096x6144][8x4096x6144][8x4096x6144][8x4096x6144][8x4096x6144][8x4096x6144][8x4096x6144][8x4096x6144][8x4096x6144][8x4096x6144][8x4096x6144][8x4096x6144][8x4096x6144][8x4096x6144][8x4096x6144][8x4096x6144][8x4096x6144][8x4096x6144][8x4096x6144][8x4096x6144][8x4096x6144][8x4096x6144][8x4096x6144][8x4096x6144][8x4096x6144][8x4096x6144][8x4096x6144][8x4096x6144][8x4096x6144][8x4096x6144][8x4096x6144][8x4096x6144][8x4096x6144][8x4096x6144][8x4096x6144][8x4096x6144][8x4096x6144][8x4096x6144][8x4096x6144][8x4096x6144][8x4096x6144][8x4096x6144][8x4096x6144][8x4096x6144][8x4096x6144][8x4096x6144][8x4096x6144][8x4096x6144][8x4096x6144][8x4096x6144][8x4096x6144][8x4096x6144][8x4096x6144][8x4096x6144][8x4096x6144][8x4096x6144][8x4096x6144][8x4096x6144][8x4096x6144][8x4096x6144][8x4096x6144][8x4096x6144][8x4096x6144][8x4096x6144][8x4096x6144][8x4096x6144][8x4096x6144][8x4096x6144][8x4096x6144][8x4096x6144][8x4096x6144][8x4096x6144][8x4096x6144][8x4096x6144][8x4096x6144][8x4096x6144][8x4096x6144][8x4096x6144][8x4096x6144][8x4096x6144][8x4096x6144][8x4096x6144][8x4096x6144][8x4096x6144][8x4096x6144][8x4096x6144][8x4096x6144][8x4096x6144][8x4096x6144][8x4096x6144][8x4096x6144][8x4096x6144][8x4096x6144][8x4096x6144][8x4096x6144][8x4096x6144][8x4096x6144][8x4096x6144][8x4096x6144][8x4096x6144][8x4096x6144][8x4096x6144][8x4096x6144][8x4096x6144][8x4096x6144][8x4096x6144][8x4096x6144][8x4096x6144][8x4096x6144][8x4096x6144][8x4096x6144][8x4096x6144][8x4096x6144][8x4096x6144][8x4096x6144][8x4096x6144][8x4096x6144][8x4096x6144][8x4096x6144][8x4096x6144][8x4096x6144][8x4096x6144][8x4096x6144][8x4096x6144][8x4096x6144][8x4096x6144][8x4096x6144][8x4096x6144][8x4096x6144][8x4096x6144][8x4096x6144][8x4096x6144][8x4096x6144][8x4096x6144][8x4096x6144][8x4096x6144][8x4096x6144][8x4096x6144][8x4096x6144][8x4096x6144][8x4096x6144][8x4096x6144][8x4096x6144][8x4096x6144][8x4096x6144][8x4096x6144][8x4096x6144][8x4096x6144][8x4096x6144][8x4096x6144][8x4096x6144][8x4096x6144][8x4096x6144][8x4096x6144][8x4096x6144][8x4096x6144][8x4096x6144][8x4096x6144][8x4096x6144][8x4096x6144][8x4096x6144][8x4096x6144][8x4096x6144][8x4096x6144][8x4096x6144][8x4096x6144][8x4096x6144][8x4096x6144][8x4096x6144][8x4096x6144][8x4096x6144][8x4096x6144][8x4096x6144][8x4096x6144][8x4096x6144][8x4096x6144][8x4096x6144][8x4096x6144][8x4096x6144][8x4096x6144][8x4096x6144][8x4096x6144]',,tensorop,f32,128,256,128,2,1,1,2,1,1,7,4,1,1,128,256,32,100,110,6471811072,103095992320,15,0.891949,6757.49,115585
1,CUTLASS,grouped_gemm,cutlass3x_sm100_tensorop_gemm_grouped_e4m3_e4m3_f32_bf16_e4m3_128x256x128_2x1x1_0_ttt_align16_2sm_epi_tma,passed,success,grouped,,,,,fe4m3:row,fe4m3:row,bf16:row,fe4m3:row,1,0,invalid,invalid,heuristic,1,false,'[8x4096x6144][8x4096x6144][8x4096x6144][8x4096x6144][8x4096x6144][8x4096x6144][8x4096x6144][8x4096x6144][8x4096x6144][8x4096x6144][8x4096x6144][8x4096x6144][8x4096x6144][8x4096x6144][8x4096x6144][8x4096x6144][8x4096x6144][8x4096x6144][8x4096x6144][8x4096x6144][8x4096x6144][8x4096x6144][8x4096x6144][8x4096x6144][8x4096x6144][8x4096x6144][8x4096x6144][8x4096x6144][8x4096x6144][8x4096x6144][8x4096x6144][8x4096x6144][8x4096x6144][8x4096x6144][8x4096x6144][8x4096x6144][8x4096x6144][8x4096x6144][8x4096x6144][8x4096x6144][8x4096x6144][8x4096x6144][8x4096x6144][8x4096x6144][8x4096x6144][8x4096x6144][8x4096x6144][8x4096x6144][8x4096x6144][8x4096x6144][8x4096x6144][8x4096x6144][8x4096x6144][8x4096x6144][8x4096x6144][8x4096x6144][8x4096x6144][8x4096x6144][8x4096x6144][8x4096x6144][8x4096x6144][8x4096x6144][8x4096x6144][8x4096x6144][8x4096x6144][8x4096x6144][8x4096x6144][8x4096x6144][8x4096x6144][8x4096x6144][8x4096x6144][8x4096x6144][8x4096x6144][8x4096x6144][8x4096x6144][8x4096x6144][8x4096x6144][8x4096x6144][8x4096x6144][8x4096x6144][8x4096x6144][8x4096x6144][8x4096x6144][8x4096x6144][8x4096x6144][8x4096x6144][8x4096x6144][8x4096x6144][8x4096x6144][8x4096x6144][8x4096x6144][8x4096x6144][8x4096x6144][8x4096x6144][8x4096x6144][8x4096x6144][8x4096x6144][8x4096x6144][8x4096x6144][8x4096x6144][8x4096x6144][8x4096x6144][8x4096x6144][8x4096x6144][8x4096x6144][8x4096x6144][8x4096x6144][8x4096x6144][8x4096x6144][8x4096x6144][8x4096x6144][8x4096x6144][8x4096x6144][8x4096x6144][8x4096x6144][8x4096x6144][8x4096x6144][8x4096x6144][8x4096x6144][8x4096x6144][8x4096x6144][8x4096x6144][8x4096x6144][8x4096x6144][8x4096x6144][8x4096x6144][8x4096x6144][8x4096x6144][8x4096x6144][8x4096x6144][8x4096x6144][8x4096x6144][8x4096x6144][8x4096x6144][8x4096x6144][8x4096x6144][8x4096x6144][8x4096x6144][8x4096x6144][8x4096x6144][8x4096x6144][8x4096x6144][8x4096x6144][8x4096x6144][8x4096x6144][8x4096x6144][8x4096x6144][8x4096x6144][8x4096x6144][8x4096x6144][8x4096x6144][8x4096x6144][8x4096x6144][8x4096x6144][8x4096x6144][8x4096x6144][8x4096x6144][8x4096x6144][8x4096x6144][8x4096x6144][8x4096x6144][8x4096x6144][8x4096x6144][8x4096x6144][8x4096x6144][8x4096x6144][8x4096x6144][8x4096x6144][8x4096x6144][8x4096x6144][8x4096x6144][8x4096x6144][8x4096x6144][8x4096x6144][8x4096x6144][8x4096x6144][8x4096x6144][8x4096x6144][8x4096x6144][8x4096x6144][8x4096x6144][8x4096x6144][8x4096x6144][8x4096x6144][8x4096x6144][8x4096x6144][8x4096x6144][8x4096x6144][8x4096x6144][8x4096x6144][8x4096x6144][8x4096x6144][8x4096x6144][8x4096x6144][8x4096x6144][8x4096x6144][8x4096x6144][8x4096x6144][8x4096x6144][8x4096x6144][8x4096x6144][8x4096x6144][8x4096x6144][8x4096x6144][8x4096x6144][8x4096x6144][8x4096x6144][8x4096x6144][8x4096x6144][8x4096x6144][8x4096x6144][8x4096x6144][8x4096x6144][8x4096x6144][8x4096x6144][8x4096x6144][8x4096x6144][8x4096x6144][8x4096x6144][8x4096x6144][8x4096x6144][8x4096x6144][8x4096x6144][8x4096x6144][8x4096x6144][8x4096x6144][8x4096x6144][8x4096x6144][8x4096x6144][8x4096x6144][8x4096x6144][8x4096x6144][8x4096x6144][8x4096x6144][8x4096x6144][8x4096x6144][8x4096x6144][8x4096x6144][8x4096x6144][8x4096x6144][8x4096x6144][8x4096x6144][8x4096x6144][8x4096x6144][8x4096x6144][8x4096x6144][8x4096x6144][8x4096x6144][8x4096x6144][8x4096x6144][8x4096x6144][8x4096x6144][8x4096x6144][8x4096x6144][8x4096x6144][8x4096x6144]',,tensorop,f32,128,256,128,2,1,1,2,1,1,7,4,1,1,128,256,32,100,110,6471811072,103095992320,15,0.893662,6744.54,115363
1,CUTLASS,grouped_gemm,cutlass3x_sm100_tensorop_gemm_grouped_e4m3_e4m3_f32_bf16_e4m3_128x256x128_2x1x1_0_ttt_align16_stream_k_2sm_epi_tma,passed,success,grouped,,,,,fe4m3:row,fe4m3:row,bf16:row,fe4m3:row,1,0,invalid,invalid,heuristic,1,false,'[8x4096x6144][8x4096x6144][8x4096x6144][8x4096x6144][8x4096x6144][8x4096x6144][8x4096x6144][8x4096x6144][8x4096x6144][8x4096x6144][8x4096x6144][8x4096x6144][8x4096x6144][8x4096x6144][8x4096x6144][8x4096x6144][8x4096x6144][8x4096x6144][8x4096x6144][8x4096x6144][8x4096x6144][8x4096x6144][8x4096x6144][8x4096x6144][8x4096x6144][8x4096x6144][8x4096x6144][8x4096x6144][8x4096x6144][8x4096x6144][8x4096x6144][8x4096x6144][8x4096x6144][8x4096x6144][8x4096x6144][8x4096x6144][8x4096x6144][8x4096x6144][8x4096x6144][8x4096x6144][8x4096x6144][8x4096x6144][8x4096x6144][8x4096x6144][8x4096x6144][8x4096x6144][8x4096x6144][8x4096x6144][8x4096x6144][8x4096x6144][8x4096x6144][8x4096x6144][8x4096x6144][8x4096x6144][8x4096x6144][8x4096x6144][8x4096x6144][8x4096x6144][8x4096x6144][8x4096x6144][8x4096x6144][8x4096x6144][8x4096x6144][8x4096x6144][8x4096x6144][8x4096x6144][8x4096x6144][8x4096x6144][8x4096x6144][8x4096x6144][8x4096x6144][8x4096x6144][8x4096x6144][8x4096x6144][8x4096x6144][8x4096x6144][8x4096x6144][8x4096x6144][8x4096x6144][8x4096x6144][8x4096x6144][8x4096x6144][8x4096x6144][8x4096x6144][8x4096x6144][8x4096x6144][8x4096x6144][8x4096x6144][8x4096x6144][8x4096x6144][8x4096x6144][8x4096x6144][8x4096x6144][8x4096x6144][8x4096x6144][8x4096x6144][8x4096x6144][8x4096x6144][8x4096x6144][8x4096x6144][8x4096x6144][8x4096x6144][8x4096x6144][8x4096x6144][8x4096x6144][8x4096x6144][8x4096x6144][8x4096x6144][8x4096x6144][8x4096x6144][8x4096x6144][8x4096x6144][8x4096x6144][8x4096x6144][8x4096x6144][8x4096x6144][8x4096x6144][8x4096x6144][8x4096x6144][8x4096x6144][8x4096x6144][8x4096x6144][8x4096x6144][8x4096x6144][8x4096x6144][8x4096x6144][8x4096x6144][8x4096x6144][8x4096x6144][8x4096x6144][8x4096x6144][8x4096x6144][8x4096x6144][8x4096x6144][8x4096x6144][8x4096x6144][8x4096x6144][8x4096x6144][8x4096x6144][8x4096x6144][8x4096x6144][8x4096x6144][8x4096x6144][8x4096x6144][8x4096x6144][8x4096x6144][8x4096x6144][8x4096x6144][8x4096x6144][8x4096x6144][8x4096x6144][8x4096x6144][8x4096x6144][8x4096x6144][8x4096x6144][8x4096x6144][8x4096x6144][8x4096x6144][8x4096x6144][8x4096x6144][8x4096x6144][8x4096x6144][8x4096x6144][8x4096x6144][8x4096x6144][8x4096x6144][8x4096x6144][8x4096x6144][8x4096x6144][8x4096x6144][8x4096x6144][8x4096x6144][8x4096x6144][8x4096x6144][8x4096x6144][8x4096x6144][8x4096x6144][8x4096x6144][8x4096x6144][8x4096x6144][8x4096x6144][8x4096x6144][8x4096x6144][8x4096x6144][8x4096x6144][8x4096x6144][8x4096x6144][8x4096x6144][8x4096x6144][8x4096x6144][8x4096x6144][8x4096x6144][8x4096x6144][8x4096x6144][8x4096x6144][8x4096x6144][8x4096x6144][8x4096x6144][8x4096x6144][8x4096x6144][8x4096x6144][8x4096x6144][8x4096x6144][8x4096x6144][8x4096x6144][8x4096x6144][8x4096x6144][8x4096x6144][8x4096x6144][8x4096x6144][8x4096x6144][8x4096x6144][8x4096x6144][8x4096x6144][8x4096x6144][8x4096x6144][8x4096x6144][8x4096x6144][8x4096x6144][8x4096x6144][8x4096x6144][8x4096x6144][8x4096x6144][8x4096x6144][8x4096x6144][8x4096x6144][8x4096x6144][8x4096x6144][8x4096x6144][8x4096x6144][8x4096x6144][8x4096x6144][8x4096x6144][8x4096x6144][8x4096x6144][8x4096x6144][8x4096x6144][8x4096x6144][8x4096x6144][8x4096x6144][8x4096x6144][8x4096x6144][8x4096x6144][8x4096x6144][8x4096x6144][8x4096x6144][8x4096x6144][8x4096x6144][8x4096x6144][8x4096x6144][8x4096x6144][8x4096x6144][8x4096x6144][8x4096x6144][8x4096x6144][8x4096x6144]',,tensorop,f32,128,256,128,2,1,1,2,1,1,7,4,1,1,128,256,32,100,110,6471811072,103095992320,15,0.893178,6748.2,115426
1,CUTLASS,grouped_gemm,cutlass3x_sm100_tensorop_gemm_grouped_e4m3_e4m3_f32_bf16_e4m3_128x256x128_2x2x1_0_ttt_align16_2sm_epi_tma,passed,success,grouped,,,,,fe4m3:row,fe4m3:row,bf16:row,fe4m3:row,1,0,invalid,invalid,heuristic,1,false,'[8x4096x6144][8x4096x6144][8x4096x6144][8x4096x6144][8x4096x6144][8x4096x6144][8x4096x6144][8x4096x6144][8x4096x6144][8x4096x6144][8x4096x6144][8x4096x6144][8x4096x6144][8x4096x6144][8x4096x6144][8x4096x6144][8x4096x6144][8x4096x6144][8x4096x6144][8x4096x6144][8x4096x6144][8x4096x6144][8x4096x6144][8x4096x6144][8x4096x6144][8x4096x6144][8x4096x6144][8x4096x6144][8x4096x6144][8x4096x6144][8x4096x6144][8x4096x6144][8x4096x6144][8x4096x6144][8x4096x6144][8x4096x6144][8x4096x6144][8x4096x6144][8x4096x6144][8x4096x6144][8x4096x6144][8x4096x6144][8x4096x6144][8x4096x6144][8x4096x6144][8x4096x6144][8x4096x6144][8x4096x6144][8x4096x6144][8x4096x6144][8x4096x6144][8x4096x6144][8x4096x6144][8x4096x6144][8x4096x6144][8x4096x6144][8x4096x6144][8x4096x6144][8x4096x6144][8x4096x6144][8x4096x6144][8x4096x6144][8x4096x6144][8x4096x6144][8x4096x6144][8x4096x6144][8x4096x6144][8x4096x6144][8x4096x6144][8x4096x6144][8x4096x6144][8x4096x6144][8x4096x6144][8x4096x6144][8x4096x6144][8x4096x6144][8x4096x6144][8x4096x6144][8x4096x6144][8x4096x6144][8x4096x6144][8x4096x6144][8x4096x6144][8x4096x6144][8x4096x6144][8x4096x6144][8x4096x6144][8x4096x6144][8x4096x6144][8x4096x6144][8x4096x6144][8x4096x6144][8x4096x6144][8x4096x6144][8x4096x6144][8x4096x6144][8x4096x6144][8x4096x6144][8x4096x6144][8x4096x6144][8x4096x6144][8x4096x6144][8x4096x6144][8x4096x6144][8x4096x6144][8x4096x6144][8x4096x6144][8x4096x6144][8x4096x6144][8x4096x6144][8x4096x6144][8x4096x6144][8x4096x6144][8x4096x6144][8x4096x6144][8x4096x6144][8x4096x6144][8x4096x6144][8x4096x6144][8x4096x6144][8x4096x6144][8x4096x6144][8x4096x6144][8x4096x6144][8x4096x6144][8x4096x6144][8x4096x6144][8x4096x6144][8x4096x6144][8x4096x6144][8x4096x6144][8x4096x6144][8x4096x6144][8x4096x6144][8x4096x6144][8x4096x6144][8x4096x6144][8x4096x6144][8x4096x6144][8x4096x6144][8x4096x6144][8x4096x6144][8x4096x6144][8x4096x6144][8x4096x6144][8x4096x6144][8x4096x6144][8x4096x6144][8x4096x6144][8x4096x6144][8x4096x6144][8x4096x6144][8x4096x6144][8x4096x6144][8x4096x6144][8x4096x6144][8x4096x6144][8x4096x6144][8x4096x6144][8x4096x6144][8x4096x6144][8x4096x6144][8x4096x6144][8x4096x6144][8x4096x6144][8x4096x6144][8x4096x6144][8x4096x6144][8x4096x6144][8x4096x6144][8x4096x6144][8x4096x6144][8x4096x6144][8x4096x6144][8x4096x6144][8x4096x6144][8x4096x6144][8x4096x6144][8x4096x6144][8x4096x6144][8x4096x6144][8x4096x6144][8x4096x6144][8x4096x6144][8x4096x6144][8x4096x6144][8x4096x6144][8x4096x6144][8x4096x6144][8x4096x6144][8x4096x6144][8x4096x6144][8x4096x6144][8x4096x6144][8x4096x6144][8x4096x6144][8x4096x6144][8x4096x6144][8x4096x6144][8x4096x6144][8x4096x6144][8x4096x6144][8x4096x6144][8x4096x6144][8x4096x6144][8x4096x6144][8x4096x6144][8x4096x6144][8x4096x6144][8x4096x6144][8x4096x6144][8x4096x6144][8x4096x6144][8x4096x6144][8x4096x6144][8x4096x6144][8x4096x6144][8x4096x6144][8x4096x6144][8x4096x6144][8x4096x6144][8x4096x6144][8x4096x6144][8x4096x6144][8x4096x6144][8x4096x6144][8x4096x6144][8x4096x6144][8x4096x6144][8x4096x6144][8x4096x6144][8x4096x6144][8x4096x6144][8x4096x6144][8x4096x6144][8x4096x6144][8x4096x6144][8x4096x6144][8x4096x6144][8x4096x6144][8x4096x6144][8x4096x6144][8x4096x6144][8x4096x6144][8x4096x6144][8x4096x6144][8x4096x6144][8x4096x6144][8x4096x6144][8x4096x6144][8x4096x6144][8x4096x6144][8x4096x6144][8x4096x6144][8x4096x6144][8x4096x6144]',,tensorop,f32,128,256,128,2,2,1,2,1,1,7,4,1,1,128,256,32,100,110,6471811072,103095992320,15,0.900305,6694.78,114512
1,CUTLASS,grouped_gemm,cutlass3x_sm100_tensorop_gemm_grouped_e4m3_e4m3_f32_bf16_e4m3_128x256x128_2x2x1_0_ttt_align16_stream_k_2sm_epi_tma,passed,success,grouped,,,,,fe4m3:row,fe4m3:row,bf16:row,fe4m3:row,1,0,invalid,invalid,heuristic,1,false,'[8x4096x6144][8x4096x6144][8x4096x6144][8x4096x6144][8x4096x6144][8x4096x6144][8x4096x6144][8x4096x6144][8x4096x6144][8x4096x6144][8x4096x6144][8x4096x6144][8x4096x6144][8x4096x6144][8x4096x6144][8x4096x6144][8x4096x6144][8x4096x6144][8x4096x6144][8x4096x6144][8x4096x6144][8x4096x6144][8x4096x6144][8x4096x6144][8x4096x6144][8x4096x6144][8x4096x6144][8x4096x6144][8x4096x6144][8x4096x6144][8x4096x6144][8x4096x6144][8x4096x6144][8x4096x6144][8x4096x6144][8x4096x6144][8x4096x6144][8x4096x6144][8x4096x6144][8x4096x6144][8x4096x6144][8x4096x6144][8x4096x6144][8x4096x6144][8x4096x6144][8x4096x6144][8x4096x6144][8x4096x6144][8x4096x6144][8x4096x6144][8x4096x6144][8x4096x6144][8x4096x6144][8x4096x6144][8x4096x6144][8x4096x6144][8x4096x6144][8x4096x6144][8x4096x6144][8x4096x6144][8x4096x6144][8x4096x6144][8x4096x6144][8x4096x6144][8x4096x6144][8x4096x6144][8x4096x6144][8x4096x6144][8x4096x6144][8x4096x6144][8x4096x6144][8x4096x6144][8x4096x6144][8x4096x6144][8x4096x6144][8x4096x6144][8x4096x6144][8x4096x6144][8x4096x6144][8x4096x6144][8x4096x6144][8x4096x6144][8x4096x6144][8x4096x6144][8x4096x6144][8x4096x6144][8x4096x6144][8x4096x6144][8x4096x6144][8x4096x6144][8x4096x6144][8x4096x6144][8x4096x6144][8x4096x6144][8x4096x6144][8x4096x6144][8x4096x6144][8x4096x6144][8x4096x6144][8x4096x6144][8x4096x6144][8x4096x6144][8x4096x6144][8x4096x6144][8x4096x6144][8x4096x6144][8x4096x6144][8x4096x6144][8x4096x6144][8x4096x6144][8x4096x6144][8x4096x6144][8x4096x6144][8x4096x6144][8x4096x6144][8x4096x6144][8x4096x6144][8x4096x6144][8x4096x6144][8x4096x6144][8x4096x6144][8x4096x6144][8x4096x6144][8x4096x6144][8x4096x6144][8x4096x6144][8x4096x6144][8x4096x6144][8x4096x6144][8x4096x6144][8x4096x6144][8x4096x6144][8x4096x6144][8x4096x6144][8x4096x6144][8x4096x6144][8x4096x6144][8x4096x6144][8x4096x6144][8x4096x6144][8x4096x6144][8x4096x6144][8x4096x6144][8x4096x6144][8x4096x6144][8x4096x6144][8x4096x6144][8x4096x6144][8x4096x6144][8x4096x6144][8x4096x6144][8x4096x6144][8x4096x6144][8x4096x6144][8x4096x6144][8x4096x6144][8x4096x6144][8x4096x6144][8x4096x6144][8x4096x6144][8x4096x6144][8x4096x6144][8x4096x6144][8x4096x6144][8x4096x6144][8x4096x6144][8x4096x6144][8x4096x6144][8x4096x6144][8x4096x6144][8x4096x6144][8x4096x6144][8x4096x6144][8x4096x6144][8x4096x6144][8x4096x6144][8x4096x6144][8x4096x6144][8x4096x6144][8x4096x6144][8x4096x6144][8x4096x6144][8x4096x6144][8x4096x6144][8x4096x6144][8x4096x6144][8x4096x6144][8x4096x6144][8x4096x6144][8x4096x6144][8x4096x6144][8x4096x6144][8x4096x6144][8x4096x6144][8x4096x6144][8x4096x6144][8x4096x6144][8x4096x6144][8x4096x6144][8x4096x6144][8x4096x6144][8x4096x6144][8x4096x6144][8x4096x6144][8x4096x6144][8x4096x6144][8x4096x6144][8x4096x6144][8x4096x6144][8x4096x6144][8x4096x6144][8x4096x6144][8x4096x6144][8x4096x6144][8x4096x6144][8x4096x6144][8x4096x6144][8x4096x6144][8x4096x6144][8x4096x6144][8x4096x6144][8x4096x6144][8x4096x6144][8x4096x6144][8x4096x6144][8x4096x6144][8x4096x6144][8x4096x6144][8x4096x6144][8x4096x6144][8x4096x6144][8x4096x6144][8x4096x6144][8x4096x6144][8x4096x6144][8x4096x6144][8x4096x6144][8x4096x6144][8x4096x6144][8x4096x6144][8x4096x6144][8x4096x6144][8x4096x6144][8x4096x6144][8x4096x6144][8x4096x6144][8x4096x6144][8x4096x6144][8x4096x6144][8x4096x6144][8x4096x6144][8x4096x6144][8x4096x6144][8x4096x6144][8x4096x6144][8x4096x6144]',,tensorop,f32,128,256,128,2,2,1,2,1,1,7,4,1,1,128,256,32,100,110,6471811072,103095992320,15,0.900469,6693.56,114491
1,CUTLASS,grouped_gemm,cutlass3x_sm100_tensorop_gemm_grouped_e4m3_e4m3_f32_bf16_e4m3_128x256x128_4x1x1_0_ttt_align16_2sm_epi_tma,passed,success,grouped,,,,,fe4m3:row,fe4m3:row,bf16:row,fe4m3:row,1,0,invalid,invalid,heuristic,1,false,'[8x4096x6144][8x4096x6144][8x4096x6144][8x4096x6144][8x4096x6144][8x4096x6144][8x4096x6144][8x4096x6144][8x4096x6144][8x4096x6144][8x4096x6144][8x4096x6144][8x4096x6144][8x4096x6144][8x4096x6144][8x4096x6144][8x4096x6144][8x4096x6144][8x4096x6144][8x4096x6144][8x4096x6144][8x4096x6144][8x4096x6144][8x4096x6144][8x4096x6144][8x4096x6144][8x4096x6144][8x4096x6144][8x4096x6144][8x4096x6144][8x4096x6144][8x4096x6144][8x4096x6144][8x4096x6144][8x4096x6144][8x4096x6144][8x4096x6144][8x4096x6144][8x4096x6144][8x4096x6144][8x4096x6144][8x4096x6144][8x4096x6144][8x4096x6144][8x4096x6144][8x4096x6144][8x4096x6144][8x4096x6144][8x4096x6144][8x4096x6144][8x4096x6144][8x4096x6144][8x4096x6144][8x4096x6144][8x4096x6144][8x4096x6144][8x4096x6144][8x4096x6144][8x4096x6144][8x4096x6144][8x4096x6144][8x4096x6144][8x4096x6144][8x4096x6144][8x4096x6144][8x4096x6144][8x4096x6144][8x4096x6144][8x4096x6144][8x4096x6144][8x4096x6144][8x4096x6144][8x4096x6144][8x4096x6144][8x4096x6144][8x4096x6144][8x4096x6144][8x4096x6144][8x4096x6144][8x4096x6144][8x4096x6144][8x4096x6144][8x4096x6144][8x4096x6144][8x4096x6144][8x4096x6144][8x4096x6144][8x4096x6144][8x4096x6144][8x4096x6144][8x4096x6144][8x4096x6144][8x4096x6144][8x4096x6144][8x4096x6144][8x4096x6144][8x4096x6144][8x4096x6144][8x4096x6144][8x4096x6144][8x4096x6144][8x4096x6144][8x4096x6144][8x4096x6144][8x4096x6144][8x4096x6144][8x4096x6144][8x4096x6144][8x4096x6144][8x4096x6144][8x4096x6144][8x4096x6144][8x4096x6144][8x4096x6144][8x4096x6144][8x4096x6144][8x4096x6144][8x4096x6144][8x4096x6144][8x4096x6144][8x4096x6144][8x4096x6144][8x4096x6144][8x4096x6144][8x4096x6144][8x4096x6144][8x4096x6144][8x4096x6144][8x4096x6144][8x4096x6144][8x4096x6144][8x4096x6144][8x4096x6144][8x4096x6144][8x4096x6144][8x4096x6144][8x4096x6144][8x4096x6144][8x4096x6144][8x4096x6144][8x4096x6144][8x4096x6144][8x4096x6144][8x4096x6144][8x4096x6144][8x4096x6144][8x4096x6144][8x4096x6144][8x4096x6144][8x4096x6144][8x4096x6144][8x4096x6144][8x4096x6144][8x4096x6144][8x4096x6144][8x4096x6144][8x4096x6144][8x4096x6144][8x4096x6144][8x4096x6144][8x4096x6144][8x4096x6144][8x4096x6144][8x4096x6144][8x4096x6144][8x4096x6144][8x4096x6144][8x4096x6144][8x4096x6144][8x4096x6144][8x4096x6144][8x4096x6144][8x4096x6144][8x4096x6144][8x4096x6144][8x4096x6144][8x4096x6144][8x4096x6144][8x4096x6144][8x4096x6144][8x4096x6144][8x4096x6144][8x4096x6144][8x4096x6144][8x4096x6144][8x4096x6144][8x4096x6144][8x4096x6144][8x4096x6144][8x4096x6144][8x4096x6144][8x4096x6144][8x4096x6144][8x4096x6144][8x4096x6144][8x4096x6144][8x4096x6144][8x4096x6144][8x4096x6144][8x4096x6144][8x4096x6144][8x4096x6144][8x4096x6144][8x4096x6144][8x4096x6144][8x4096x6144][8x4096x6144][8x4096x6144][8x4096x6144][8x4096x6144][8x4096x6144][8x4096x6144][8x4096x6144][8x4096x6144][8x4096x6144][8x4096x6144][8x4096x6144][8x4096x6144][8x4096x6144][8x4096x6144][8x4096x6144][8x4096x6144][8x4096x6144][8x4096x6144][8x4096x6144][8x4096x6144][8x4096x6144][8x4096x6144][8x4096x6144][8x4096x6144][8x4096x6144][8x4096x6144][8x4096x6144][8x4096x6144][8x4096x6144][8x4096x6144][8x4096x6144][8x4096x6144][8x4096x6144][8x4096x6144][8x4096x6144][8x4096x6144][8x4096x6144][8x4096x6144][8x4096x6144][8x4096x6144][8x4096x6144][8x4096x6144][8x4096x6144][8x4096x6144][8x4096x6144][8x4096x6144][8x4096x6144][8x4096x6144][8x4096x6144][8x4096x6144]',,tensorop,f32,128,256,128,4,1,1,2,1,1,7,4,1,1,128,256,32,100,110,6471811072,103095992320,15,1.24678,4834.34,82690.1
1,CUTLASS,grouped_gemm,cutlass3x_sm100_tensorop_gemm_grouped_e4m3_e4m3_f32_bf16_e4m3_128x256x128_4x1x1_0_ttt_align16_stream_k_2sm_epi_tma,passed,success,grouped,,,,,fe4m3:row,fe4m3:row,bf16:row,fe4m3:row,1,0,invalid,invalid,heuristic,1,false,'[8x4096x6144][8x4096x6144][8x4096x6144][8x4096x6144][8x4096x6144][8x4096x6144][8x4096x6144][8x4096x6144][8x4096x6144][8x4096x6144][8x4096x6144][8x4096x6144][8x4096x6144][8x4096x6144][8x4096x6144][8x4096x6144][8x4096x6144][8x4096x6144][8x4096x6144][8x4096x6144][8x4096x6144][8x4096x6144][8x4096x6144][8x4096x6144][8x4096x6144][8x4096x6144][8x4096x6144][8x4096x6144][8x4096x6144][8x4096x6144][8x4096x6144][8x4096x6144][8x4096x6144][8x4096x6144][8x4096x6144][8x4096x6144][8x4096x6144][8x4096x6144][8x4096x6144][8x4096x6144][8x4096x6144][8x4096x6144][8x4096x6144][8x4096x6144][8x4096x6144][8x4096x6144][8x4096x6144][8x4096x6144][8x4096x6144][8x4096x6144][8x4096x6144][8x4096x6144][8x4096x6144][8x4096x6144][8x4096x6144][8x4096x6144][8x4096x6144][8x4096x6144][8x4096x6144][8x4096x6144][8x4096x6144][8x4096x6144][8x4096x6144][8x4096x6144][8x4096x6144][8x4096x6144][8x4096x6144][8x4096x6144][8x4096x6144][8x4096x6144][8x4096x6144][8x4096x6144][8x4096x6144][8x4096x6144][8x4096x6144][8x4096x6144][8x4096x6144][8x4096x6144][8x4096x6144][8x4096x6144][8x4096x6144][8x4096x6144][8x4096x6144][8x4096x6144][8x4096x6144][8x4096x6144][8x4096x6144][8x4096x6144][8x4096x6144][8x4096x6144][8x4096x6144][8x4096x6144][8x4096x6144][8x4096x6144][8x4096x6144][8x4096x6144][8x4096x6144][8x4096x6144][8x4096x6144][8x4096x6144][8x4096x6144][8x4096x6144][8x4096x6144][8x4096x6144][8x4096x6144][8x4096x6144][8x4096x6144][8x4096x6144][8x4096x6144][8x4096x6144][8x4096x6144][8x4096x6144][8x4096x6144][8x4096x6144][8x4096x6144][8x4096x6144][8x4096x6144][8x4096x6144][8x4096x6144][8x4096x6144][8x4096x6144][8x4096x6144][8x4096x6144][8x4096x6144][8x4096x6144][8x4096x6144][8x4096x6144][8x4096x6144][8x4096x6144][8x4096x6144][8x4096x6144][8x4096x6144][8x4096x6144][8x4096x6144][8x4096x6144][8x4096x6144][8x4096x6144][8x4096x6144][8x4096x6144][8x4096x6144][8x4096x6144][8x4096x6144][8x4096x6144][8x4096x6144][8x4096x6144][8x4096x6144][8x4096x6144][8x4096x6144][8x4096x6144][8x4096x6144][8x4096x6144][8x4096x6144][8x4096x6144][8x4096x6144][8x4096x6144][8x4096x6144][8x4096x6144][8x4096x6144][8x4096x6144][8x4096x6144][8x4096x6144][8x4096x6144][8x4096x6144][8x4096x6144][8x4096x6144][8x4096x6144][8x4096x6144][8x4096x6144][8x4096x6144][8x4096x6144][8x4096x6144][8x4096x6144][8x4096x6144][8x4096x6144][8x4096x6144][8x4096x6144][8x4096x6144][8x4096x6144][8x4096x6144][8x4096x6144][8x4096x6144][8x4096x6144][8x4096x6144][8x4096x6144][8x4096x6144][8x4096x6144][8x4096x6144][8x4096x6144][8x4096x6144][8x4096x6144][8x4096x6144][8x4096x6144][8x4096x6144][8x4096x6144][8x4096x6144][8x4096x6144][8x4096x6144][8x4096x6144][8x4096x6144][8x4096x6144][8x4096x6144][8x4096x6144][8x4096x6144][8x4096x6144][8x4096x6144][8x4096x6144][8x4096x6144][8x4096x6144][8x4096x6144][8x4096x6144][8x4096x6144][8x4096x6144][8x4096x6144][8x4096x6144][8x4096x6144][8x4096x6144][8x4096x6144][8x4096x6144][8x4096x6144][8x4096x6144][8x4096x6144][8x4096x6144][8x4096x6144][8x4096x6144][8x4096x6144][8x4096x6144][8x4096x6144][8x4096x6144][8x4096x6144][8x4096x6144][8x4096x6144][8x4096x6144][8x4096x6144][8x4096x6144][8x4096x6144][8x4096x6144][8x4096x6144][8x4096x6144][8x4096x6144][8x4096x6144][8x4096x6144][8x4096x6144][8x4096x6144][8x4096x6144][8x4096x6144][8x4096x6144][8x4096x6144][8x4096x6144][8x4096x6144][8x4096x6144][8x4096x6144][8x4096x6144][8x4096x6144][8x4096x6144][8x4096x6144][8x4096x6144]',,tensorop,f32,128,256,128,4,1,1,2,1,1,7,4,1,1,128,256,32,100,110,6471811072,103095992320,15,1.25056,4819.7,82439.6
1,CUTLASS,grouped_gemm,cutlass3x_sm100_tensorop_gemm_grouped_e4m3_e4m3_f32_bf16_e4m3_128x256x128_2x4x1_0_ttt_align16_2sm_epi_tma,passed,success,grouped,,,,,fe4m3:row,fe4m3:row,bf16:row,fe4m3:row,1,0,invalid,invalid,heuristic,1,false,'[8x4096x6144][8x4096x6144][8x4096x6144][8x4096x6144][8x4096x6144][8x4096x6144][8x4096x6144][8x4096x6144][8x4096x6144][8x4096x6144][8x4096x6144][8x4096x6144][8x4096x6144][8x4096x6144][8x4096x6144][8x4096x6144][8x4096x6144][8x4096x6144][8x4096x6144][8x4096x6144][8x4096x6144][8x4096x6144][8x4096x6144][8x4096x6144][8x4096x6144][8x4096x6144][8x4096x6144][8x4096x6144][8x4096x6144][8x4096x6144][8x4096x6144][8x4096x6144][8x4096x6144][8x4096x6144][8x4096x6144][8x4096x6144][8x4096x6144][8x4096x6144][8x4096x6144][8x4096x6144][8x4096x6144][8x4096x6144][8x4096x6144][8x4096x6144][8x4096x6144][8x4096x6144][8x4096x6144][8x4096x6144][8x4096x6144][8x4096x6144][8x4096x6144][8x4096x6144][8x4096x6144][8x4096x6144][8x4096x6144][8x4096x6144][8x4096x6144][8x4096x6144][8x4096x6144][8x4096x6144][8x4096x6144][8x4096x6144][8x4096x6144][8x4096x6144][8x4096x6144][8x4096x6144][8x4096x6144][8x4096x6144][8x4096x6144][8x4096x6144][8x4096x6144][8x4096x6144][8x4096x6144][8x4096x6144][8x4096x6144][8x4096x6144][8x4096x6144][8x4096x6144][8x4096x6144][8x4096x6144][8x4096x6144][8x4096x6144][8x4096x6144][8x4096x6144][8x4096x6144][8x4096x6144][8x4096x6144][8x4096x6144][8x4096x6144][8x4096x6144][8x4096x6144][8x4096x6144][8x4096x6144][8x4096x6144][8x4096x6144][8x4096x6144][8x4096x6144][8x4096x6144][8x4096x6144][8x4096x6144][8x4096x6144][8x4096x6144][8x4096x6144][8x4096x6144][8x4096x6144][8x4096x6144][8x4096x6144][8x4096x6144][8x4096x6144][8x4096x6144][8x4096x6144][8x4096x6144][8x4096x6144][8x4096x6144][8x4096x6144][8x4096x6144][8x4096x6144][8x4096x6144][8x4096x6144][8x4096x6144][8x4096x6144][8x4096x6144][8x4096x6144][8x4096x6144][8x4096x6144][8x4096x6144][8x4096x6144][8x4096x6144][8x4096x6144][8x4096x6144][8x4096x6144][8x4096x6144][8x4096x6144][8x4096x6144][8x4096x6144][8x4096x6144][8x4096x6144][8x4096x6144][8x4096x6144][8x4096x6144][8x4096x6144][8x4096x6144][8x4096x6144][8x4096x6144][8x4096x6144][8x4096x6144][8x4096x6144][8x4096x6144][8x4096x6144][8x4096x6144][8x4096x6144][8x4096x6144][8x4096x6144][8x4096x6144][8x4096x6144][8x4096x6144][8x4096x6144][8x4096x6144][8x4096x6144][8x4096x6144][8x4096x6144][8x4096x6144][8x4096x6144][8x4096x6144][8x4096x6144][8x4096x6144][8x4096x6144][8x4096x6144][8x4096x6144][8x4096x6144][8x4096x6144][8x4096x6144][8x4096x6144][8x4096x6144][8x4096x6144][8x4096x6144][8x4096x6144][8x4096x6144][8x4096x6144][8x4096x6144][8x4096x6144][8x4096x6144][8x4096x6144][8x4096x6144][8x4096x6144][8x4096x6144][8x4096x6144][8x4096x6144][8x4096x6144][8x4096x6144][8x4096x6144][8x4096x6144][8x4096x6144][8x4096x6144][8x4096x6144][8x4096x6144][8x4096x6144][8x4096x6144][8x4096x6144][8x4096x6144][8x4096x6144][8x4096x6144][8x4096x6144][8x4096x6144][8x4096x6144][8x4096x6144][8x4096x6144][8x4096x6144][8x4096x6144][8x4096x6144][8x4096x6144][8x4096x6144][8x4096x6144][8x4096x6144][8x4096x6144][8x4096x6144][8x4096x6144][8x4096x6144][8x4096x6144][8x4096x6144][8x4096x6144][8x4096x6144][8x4096x6144][8x4096x6144][8x4096x6144][8x4096x6144][8x4096x6144][8x4096x6144][8x4096x6144][8x4096x6144][8x4096x6144][8x4096x6144][8x4096x6144][8x4096x6144][8x4096x6144][8x4096x6144][8x4096x6144][8x4096x6144][8x4096x6144][8x4096x6144][8x4096x6144][8x4096x6144][8x4096x6144][8x4096x6144][8x4096x6144][8x4096x6144][8x4096x6144][8x4096x6144][8x4096x6144][8x4096x6144][8x4096x6144][8x4096x6144][8x4096x6144][8x4096x6144][8x4096x6144][8x4096x6144]',,tensorop,f32,128,256,128,2,4,1,2,1,1,7,4,1,1,128,256,32,100,110,6471811072,103095992320,15,0.92313,6529.25,111681
1,CUTLASS,grouped_gemm,cutlass3x_sm100_tensorop_gemm_grouped_e4m3_e4m3_f32_bf16_e4m3_128x256x128_2x4x1_0_ttt_align16_stream_k_2sm_epi_tma,passed,success,grouped,,,,,fe4m3:row,fe4m3:row,bf16:row,fe4m3:row,1,0,invalid,invalid,heuristic,1,false,'[8x4096x6144][8x4096x6144][8x4096x6144][8x4096x6144][8x4096x6144][8x4096x6144][8x4096x6144][8x4096x6144][8x4096x6144][8x4096x6144][8x4096x6144][8x4096x6144][8x4096x6144][8x4096x6144][8x4096x6144][8x4096x6144][8x4096x6144][8x4096x6144][8x4096x6144][8x4096x6144][8x4096x6144][8x4096x6144][8x4096x6144][8x4096x6144][8x4096x6144][8x4096x6144][8x4096x6144][8x4096x6144][8x4096x6144][8x4096x6144][8x4096x6144][8x4096x6144][8x4096x6144][8x4096x6144][8x4096x6144][8x4096x6144][8x4096x6144][8x4096x6144][8x4096x6144][8x4096x6144][8x4096x6144][8x4096x6144][8x4096x6144][8x4096x6144][8x4096x6144][8x4096x6144][8x4096x6144][8x4096x6144][8x4096x6144][8x4096x6144][8x4096x6144][8x4096x6144][8x4096x6144][8x4096x6144][8x4096x6144][8x4096x6144][8x4096x6144][8x4096x6144][8x4096x6144][8x4096x6144][8x4096x6144][8x4096x6144][8x4096x6144][8x4096x6144][8x4096x6144][8x4096x6144][8x4096x6144][8x4096x6144][8x4096x6144][8x4096x6144][8x4096x6144][8x4096x6144][8x4096x6144][8x4096x6144][8x4096x6144][8x4096x6144][8x4096x6144][8x4096x6144][8x4096x6144][8x4096x6144][8x4096x6144][8x4096x6144][8x4096x6144][8x4096x6144][8x4096x6144][8x4096x6144][8x4096x6144][8x4096x6144][8x4096x6144][8x4096x6144][8x4096x6144][8x4096x6144][8x4096x6144][8x4096x6144][8x4096x6144][8x4096x6144][8x4096x6144][8x4096x6144][8x4096x6144][8x4096x6144][8x4096x6144][8x4096x6144][8x4096x6144][8x4096x6144][8x4096x6144][8x4096x6144][8x4096x6144][8x4096x6144][8x4096x6144][8x4096x6144][8x4096x6144][8x4096x6144][8x4096x6144][8x4096x6144][8x4096x6144][8x4096x6144][8x4096x6144][8x4096x6144][8x4096x6144][8x4096x6144][8x4096x6144][8x4096x6144][8x4096x6144][8x4096x6144][8x4096x6144][8x4096x6144][8x4096x6144][8x4096x6144][8x4096x6144][8x4096x6144][8x4096x6144][8x4096x6144][8x4096x6144][8x4096x6144][8x4096x6144][8x4096x6144][8x4096x6144][8x4096x6144][8x4096x6144][8x4096x6144][8x4096x6144][8x4096x6144][8x4096x6144][8x4096x6144][8x4096x6144][8x4096x6144][8x4096x6144][8x4096x6144][8x4096x6144][8x4096x6144][8x4096x6144][8x4096x6144][8x4096x6144][8x4096x6144][8x4096x6144][8x4096x6144][8x4096x6144][8x4096x6144][8x4096x6144][8x4096x6144][8x4096x6144][8x4096x6144][8x4096x6144][8x4096x6144][8x4096x6144][8x4096x6144][8x4096x6144][8x4096x6144][8x4096x6144][8x4096x6144][8x4096x6144][8x4096x6144][8x4096x6144][8x4096x6144][8x4096x6144][8x4096x6144][8x4096x6144][8x4096x6144][8x4096x6144][8x4096x6144][8x4096x6144][8x4096x6144][8x4096x6144][8x4096x6144][8x4096x6144][8x4096x6144][8x4096x6144][8x4096x6144][8x4096x6144][8x4096x6144][8x4096x6144][8x4096x6144][8x4096x6144][8x4096x6144][8x4096x6144][8x4096x6144][8x4096x6144][8x4096x6144][8x4096x6144][8x4096x6144][8x4096x6144][8x4096x6144][8x4096x6144][8x4096x6144][8x4096x6144][8x4096x6144][8x4096x6144][8x4096x6144][8x4096x6144][8x4096x6144][8x4096x6144][8x4096x6144][8x4096x6144][8x4096x6144][8x4096x6144][8x4096x6144][8x4096x6144][8x4096x6144][8x4096x6144][8x4096x6144][8x4096x6144][8x4096x6144][8x4096x6144][8x4096x6144][8x4096x6144][8x4096x6144][8x4096x6144][8x4096x6144][8x4096x6144][8x4096x6144][8x4096x6144][8x4096x6144][8x4096x6144][8x4096x6144][8x4096x6144][8x4096x6144][8x4096x6144][8x4096x6144][8x4096x6144][8x4096x6144][8x4096x6144][8x4096x6144][8x4096x6144][8x4096x6144][8x4096x6144][8x4096x6144][8x4096x6144][8x4096x6144][8x4096x6144][8x4096x6144][8x4096x6144][8x4096x6144][8x4096x6144][8x4096x6144][8x4096x6144][8x4096x6144]',,tensorop,f32,128,256,128,2,4,1,2,1,1,7,4,1,1,128,256,32,100,110,6471811072,103095992320,15,0.921133,6543.4,111923
1,CUTLASS,grouped_gemm,cutlass3x_sm100_tensorop_gemm_grouped_e4m3_e4m3_f32_bf16_e4m3_128x256x128_4x2x1_0_ttt_align16_2sm_epi_tma,passed,success,grouped,,,,,fe4m3:row,fe4m3:row,bf16:row,fe4m3:row,1,0,invalid,invalid,heuristic,1,false,'[8x4096x6144][8x4096x6144][8x4096x6144][8x4096x6144][8x4096x6144][8x4096x6144][8x4096x6144][8x4096x6144][8x4096x6144][8x4096x6144][8x4096x6144][8x4096x6144][8x4096x6144][8x4096x6144][8x4096x6144][8x4096x6144][8x4096x6144][8x4096x6144][8x4096x6144][8x4096x6144][8x4096x6144][8x4096x6144][8x4096x6144][8x4096x6144][8x4096x6144][8x4096x6144][8x4096x6144][8x4096x6144][8x4096x6144][8x4096x6144][8x4096x6144][8x4096x6144][8x4096x6144][8x4096x6144][8x4096x6144][8x4096x6144][8x4096x6144][8x4096x6144][8x4096x6144][8x4096x6144][8x4096x6144][8x4096x6144][8x4096x6144][8x4096x6144][8x4096x6144][8x4096x6144][8x4096x6144][8x4096x6144][8x4096x6144][8x4096x6144][8x4096x6144][8x4096x6144][8x4096x6144][8x4096x6144][8x4096x6144][8x4096x6144][8x4096x6144][8x4096x6144][8x4096x6144][8x4096x6144][8x4096x6144][8x4096x6144][8x4096x6144][8x4096x6144][8x4096x6144][8x4096x6144][8x4096x6144][8x4096x6144][8x4096x6144][8x4096x6144][8x4096x6144][8x4096x6144][8x4096x6144][8x4096x6144][8x4096x6144][8x4096x6144][8x4096x6144][8x4096x6144][8x4096x6144][8x4096x6144][8x4096x6144][8x4096x6144][8x4096x6144][8x4096x6144][8x4096x6144][8x4096x6144][8x4096x6144][8x4096x6144][8x4096x6144][8x4096x6144][8x4096x6144][8x4096x6144][8x4096x6144][8x4096x6144][8x4096x6144][8x4096x6144][8x4096x6144][8x4096x6144][8x4096x6144][8x4096x6144][8x4096x6144][8x4096x6144][8x4096x6144][8x4096x6144][8x4096x6144][8x4096x6144][8x4096x6144][8x4096x6144][8x4096x6144][8x4096x6144][8x4096x6144][8x4096x6144][8x4096x6144][8x4096x6144][8x4096x6144][8x4096x6144][8x4096x6144][8x4096x6144][8x4096x6144][8x4096x6144][8x4096x6144][8x4096x6144][8x4096x6144][8x4096x6144][8x4096x6144][8x4096x6144][8x4096x6144][8x4096x6144][8x4096x6144][8x4096x6144][8x4096x6144][8x4096x6144][8x4096x6144][8x4096x6144][8x4096x6144][8x4096x6144][8x4096x6144][8x4096x6144][8x4096x6144][8x4096x6144][8x4096x6144][8x4096x6144][8x4096x6144][8x4096x6144][8x4096x6144][8x4096x6144][8x4096x6144][8x4096x6144][8x4096x6144][8x4096x6144][8x4096x6144][8x4096x6144][8x4096x6144][8x4096x6144][8x4096x6144][8x4096x6144][8x4096x6144][8x4096x6144][8x4096x6144][8x4096x6144][8x4096x6144][8x4096x6144][8x4096x6144][8x4096x6144][8x4096x6144][8x4096x6144][8x4096x6144][8x4096x6144][8x4096x6144][8x4096x6144][8x4096x6144][8x4096x6144][8x4096x6144][8x4096x6144][8x4096x6144][8x4096x6144][8x4096x6144][8x4096x6144][8x4096x6144][8x4096x6144][8x4096x6144][8x4096x6144][8x4096x6144][8x4096x6144][8x4096x6144][8x4096x6144][8x4096x6144][8x4096x6144][8x4096x6144][8x4096x6144][8x4096x6144][8x4096x6144][8x4096x6144][8x4096x6144][8x4096x6144][8x4096x6144][8x4096x6144][8x4096x6144][8x4096x6144][8x4096x6144][8x4096x6144][8x4096x6144][8x4096x6144][8x4096x6144][8x4096x6144][8x4096x6144][8x4096x6144][8x4096x6144][8x4096x6144][8x4096x6144][8x4096x6144][8x4096x6144][8x4096x6144][8x4096x6144][8x4096x6144][8x4096x6144][8x4096x6144][8x4096x6144][8x4096x6144][8x4096x6144][8x4096x6144][8x4096x6144][8x4096x6144][8x4096x6144][8x4096x6144][8x4096x6144][8x4096x6144][8x4096x6144][8x4096x6144][8x4096x6144][8x4096x6144][8x4096x6144][8x4096x6144][8x4096x6144][8x4096x6144][8x4096x6144][8x4096x6144][8x4096x6144][8x4096x6144][8x4096x6144][8x4096x6144][8x4096x6144][8x4096x6144][8x4096x6144][8x4096x6144][8x4096x6144][8x4096x6144][8x4096x6144][8x4096x6144][8x4096x6144][8x4096x6144][8x4096x6144][8x4096x6144][8x4096x6144][8x4096x6144][8x4096x6144]',,tensorop,f32,128,256,128,4,2,1,2,1,1,7,4,1,1,128,256,32,100,110,6471811072,103095992320,15,1.34261,4489.27,76787.6
1,CUTLASS,grouped_gemm,cutlass3x_sm100_tensorop_gemm_grouped_e4m3_e4m3_f32_bf16_e4m3_128x256x128_4x2x1_0_ttt_align16_stream_k_2sm_epi_tma,passed,success,grouped,,,,,fe4m3:row,fe4m3:row,bf16:row,fe4m3:row,1,0,invalid,invalid,heuristic,1,false,'[8x4096x6144][8x4096x6144][8x4096x6144][8x4096x6144][8x4096x6144][8x4096x6144][8x4096x6144][8x4096x6144][8x4096x6144][8x4096x6144][8x4096x6144][8x4096x6144][8x4096x6144][8x4096x6144][8x4096x6144][8x4096x6144][8x4096x6144][8x4096x6144][8x4096x6144][8x4096x6144][8x4096x6144][8x4096x6144][8x4096x6144][8x4096x6144][8x4096x6144][8x4096x6144][8x4096x6144][8x4096x6144][8x4096x6144][8x4096x6144][8x4096x6144][8x4096x6144][8x4096x6144][8x4096x6144][8x4096x6144][8x4096x6144][8x4096x6144][8x4096x6144][8x4096x6144][8x4096x6144][8x4096x6144][8x4096x6144][8x4096x6144][8x4096x6144][8x4096x6144][8x4096x6144][8x4096x6144][8x4096x6144][8x4096x6144][8x4096x6144][8x4096x6144][8x4096x6144][8x4096x6144][8x4096x6144][8x4096x6144][8x4096x6144][8x4096x6144][8x4096x6144][8x4096x6144][8x4096x6144][8x4096x6144][8x4096x6144][8x4096x6144][8x4096x6144][8x4096x6144][8x4096x6144][8x4096x6144][8x4096x6144][8x4096x6144][8x4096x6144][8x4096x6144][8x4096x6144][8x4096x6144][8x4096x6144][8x4096x6144][8x4096x6144][8x4096x6144][8x4096x6144][8x4096x6144][8x4096x6144][8x4096x6144][8x4096x6144][8x4096x6144][8x4096x6144][8x4096x6144][8x4096x6144][8x4096x6144][8x4096x6144][8x4096x6144][8x4096x6144][8x4096x6144][8x4096x6144][8x4096x6144][8x4096x6144][8x4096x6144][8x4096x6144][8x4096x6144][8x4096x6144][8x4096x6144][8x4096x6144][8x4096x6144][8x4096x6144][8x4096x6144][8x4096x6144][8x4096x6144][8x4096x6144][8x4096x6144][8x4096x6144][8x4096x6144][8x4096x6144][8x4096x6144][8x4096x6144][8x4096x6144][8x4096x6144][8x4096x6144][8x4096x6144][8x4096x6144][8x4096x6144][8x4096x6144][8x4096x6144][8x4096x6144][8x4096x6144][8x4096x6144][8x4096x6144][8x4096x6144][8x4096x6144][8x4096x6144][8x4096x6144][8x4096x6144][8x4096x6144][8x4096x6144][8x4096x6144][8x4096x6144][8x4096x6144][8x4096x6144][8x4096x6144][8x4096x6144][8x4096x6144][8x4096x6144][8x4096x6144][8x4096x6144][8x4096x6144][8x4096x6144][8x4096x6144][8x4096x6144][8x4096x6144][8x4096x6144][8x4096x6144][8x4096x6144][8x4096x6144][8x4096x6144][8x4096x6144][8x4096x6144][8x4096x6144][8x4096x6144][8x4096x6144][8x4096x6144][8x4096x6144][8x4096x6144][8x4096x6144][8x4096x6144][8x4096x6144][8x4096x6144][8x4096x6144][8x4096x6144][8x4096x6144][8x4096x6144][8x4096x6144][8x4096x6144][8x4096x6144][8x4096x6144][8x4096x6144][8x4096x6144][8x4096x6144][8x4096x6144][8x4096x6144][8x4096x6144][8x4096x6144][8x4096x6144][8x4096x6144][8x4096x6144][8x4096x6144][8x4096x6144][8x4096x6144][8x4096x6144][8x4096x6144][8x4096x6144][8x4096x6144][8x4096x6144][8x4096x6144][8x4096x6144][8x4096x6144][8x4096x6144][8x4096x6144][8x4096x6144][8x4096x6144][8x4096x6144][8x4096x6144][8x4096x6144][8x4096x6144][8x4096x6144][8x4096x6144][8x4096x6144][8x4096x6144][8x4096x6144][8x4096x6144][8x4096x6144][8x4096x6144][8x4096x6144][8x4096x6144][8x4096x6144][8x4096x6144][8x4096x6144][8x4096x6144][8x4096x6144][8x4096x6144][8x4096x6144][8x4096x6144][8x4096x6144][8x4096x6144][8x4096x6144][8x4096x6144][8x4096x6144][8x4096x6144][8x4096x6144][8x4096x6144][8x4096x6144][8x4096x6144][8x4096x6144][8x4096x6144][8x4096x6144][8x4096x6144][8x4096x6144][8x4096x6144][8x4096x6144][8x4096x6144][8x4096x6144][8x4096x6144][8x4096x6144][8x4096x6144][8x4096x6144][8x4096x6144][8x4096x6144][8x4096x6144][8x4096x6144][8x4096x6144][8x4096x6144][8x4096x6144][8x4096x6144][8x4096x6144][8x4096x6144][8x4096x6144][8x4096x6144][8x4096x6144][8x4096x6144][8x4096x6144]',,tensorop,f32,128,256,128,4,2,1,2,1,1,7,4,1,1,128,256,32,100,110,6471811072,103095992320,15,1.34319,4487.35,76754.8
1,CUTLASS,grouped_gemm,cutlass3x_sm100_tensorop_gemm_grouped_e4m3_e4m3_f32_bf16_e4m3_128x256x128_4x4x1_0_ttt_align16_2sm_epi_tma,passed,success,grouped,,,,,fe4m3:row,fe4m3:row,bf16:row,fe4m3:row,1,0,invalid,invalid,heuristic,1,false,'[8x4096x6144][8x4096x6144][8x4096x6144][8x4096x6144][8x4096x6144][8x4096x6144][8x4096x6144][8x4096x6144][8x4096x6144][8x4096x6144][8x4096x6144][8x4096x6144][8x4096x6144][8x4096x6144][8x4096x6144][8x4096x6144][8x4096x6144][8x4096x6144][8x4096x6144][8x4096x6144][8x4096x6144][8x4096x6144][8x4096x6144][8x4096x6144][8x4096x6144][8x4096x6144][8x4096x6144][8x4096x6144][8x4096x6144][8x4096x6144][8x4096x6144][8x4096x6144][8x4096x6144][8x4096x6144][8x4096x6144][8x4096x6144][8x4096x6144][8x4096x6144][8x4096x6144][8x4096x6144][8x4096x6144][8x4096x6144][8x4096x6144][8x4096x6144][8x4096x6144][8x4096x6144][8x4096x6144][8x4096x6144][8x4096x6144][8x4096x6144][8x4096x6144][8x4096x6144][8x4096x6144][8x4096x6144][8x4096x6144][8x4096x6144][8x4096x6144][8x4096x6144][8x4096x6144][8x4096x6144][8x4096x6144][8x4096x6144][8x4096x6144][8x4096x6144][8x4096x6144][8x4096x6144][8x4096x6144][8x4096x6144][8x4096x6144][8x4096x6144][8x4096x6144][8x4096x6144][8x4096x6144][8x4096x6144][8x4096x6144][8x4096x6144][8x4096x6144][8x4096x6144][8x4096x6144][8x4096x6144][8x4096x6144][8x4096x6144][8x4096x6144][8x4096x6144][8x4096x6144][8x4096x6144][8x4096x6144][8x4096x6144][8x4096x6144][8x4096x6144][8x4096x6144][8x4096x6144][8x4096x6144][8x4096x6144][8x4096x6144][8x4096x6144][8x4096x6144][8x4096x6144][8x4096x6144][8x4096x6144][8x4096x6144][8x4096x6144][8x4096x6144][8x4096x6144][8x4096x6144][8x4096x6144][8x4096x6144][8x4096x6144][8x4096x6144][8x4096x6144][8x4096x6144][8x4096x6144][8x4096x6144][8x4096x6144][8x4096x6144][8x4096x6144][8x4096x6144][8x4096x6144][8x4096x6144][8x4096x6144][8x4096x6144][8x4096x6144][8x4096x6144][8x4096x6144][8x4096x6144][8x4096x6144][8x4096x6144][8x4096x6144][8x4096x6144][8x4096x6144][8x4096x6144][8x4096x6144][8x4096x6144][8x4096x6144][8x4096x6144][8x4096x6144][8x4096x6144][8x4096x6144][8x4096x6144][8x4096x6144][8x4096x6144][8x4096x6144][8x4096x6144][8x4096x6144][8x4096x6144][8x4096x6144][8x4096x6144][8x4096x6144][8x4096x6144][8x4096x6144][8x4096x6144][8x4096x6144][8x4096x6144][8x4096x6144][8x4096x6144][8x4096x6144][8x4096x6144][8x4096x6144][8x4096x6144][8x4096x6144][8x4096x6144][8x4096x6144][8x4096x6144][8x4096x6144][8x4096x6144][8x4096x6144][8x4096x6144][8x4096x6144][8x4096x6144][8x4096x6144][8x4096x6144][8x4096x6144][8x4096x6144][8x4096x6144][8x4096x6144][8x4096x6144][8x4096x6144][8x4096x6144][8x4096x6144][8x4096x6144][8x4096x6144][8x4096x6144][8x4096x6144][8x4096x6144][8x4096x6144][8x4096x6144][8x4096x6144][8x4096x6144][8x4096x6144][8x4096x6144][8x4096x6144][8x4096x6144][8x4096x6144][8x4096x6144][8x4096x6144][8x4096x6144][8x4096x6144][8x4096x6144][8x4096x6144][8x4096x6144][8x4096x6144][8x4096x6144][8x4096x6144][8x4096x6144][8x4096x6144][8x4096x6144][8x4096x6144][8x4096x6144][8x4096x6144][8x4096x6144][8x4096x6144][8x4096x6144][8x4096x6144][8x4096x6144][8x4096x6144][8x4096x6144][8x4096x6144][8x4096x6144][8x4096x6144][8x4096x6144][8x4096x6144][8x4096x6144][8x4096x6144][8x4096x6144][8x4096x6144][8x4096x6144][8x4096x6144][8x4096x6144][8x4096x6144][8x4096x6144][8x4096x6144][8x4096x6144][8x4096x6144][8x4096x6144][8x4096x6144][8x4096x6144][8x4096x6144][8x4096x6144][8x4096x6144][8x4096x6144][8x4096x6144][8x4096x6144][8x4096x6144][8x4096x6144][8x4096x6144][8x4096x6144][8x4096x6144][8x4096x6144][8x4096x6144][8x4096x6144][8x4096x6144][8x4096x6144][8x4096x6144][8x4096x6144][8x4096x6144][8x4096x6144]',,tensorop,f32,128,256,128,4,4,1,2,1,1,7,4,1,1,128,256,32,100,110,6471811072,103095992320,15,1.40545,4288.54,73354.2
1,CUTLASS,grouped_gemm,cutlass3x_sm100_tensorop_gemm_grouped_e4m3_e4m3_f32_bf16_e4m3_128x256x128_4x4x1_0_ttt_align16_stream_k_2sm_epi_tma,passed,success,grouped,,,,,fe4m3:row,fe4m3:row,bf16:row,fe4m3:row,1,0,invalid,invalid,heuristic,1,false,'[8x4096x6144][8x4096x6144][8x4096x6144][8x4096x6144][8x4096x6144][8x4096x6144][8x4096x6144][8x4096x6144][8x4096x6144][8x4096x6144][8x4096x6144][8x4096x6144][8x4096x6144][8x4096x6144][8x4096x6144][8x4096x6144][8x4096x6144][8x4096x6144][8x4096x6144][8x4096x6144][8x4096x6144][8x4096x6144][8x4096x6144][8x4096x6144][8x4096x6144][8x4096x6144][8x4096x6144][8x4096x6144][8x4096x6144][8x4096x6144][8x4096x6144][8x4096x6144][8x4096x6144][8x4096x6144][8x4096x6144][8x4096x6144][8x4096x6144][8x4096x6144][8x4096x6144][8x4096x6144][8x4096x6144][8x4096x6144][8x4096x6144][8x4096x6144][8x4096x6144][8x4096x6144][8x4096x6144][8x4096x6144][8x4096x6144][8x4096x6144][8x4096x6144][8x4096x6144][8x4096x6144][8x4096x6144][8x4096x6144][8x4096x6144][8x4096x6144][8x4096x6144][8x4096x6144][8x4096x6144][8x4096x6144][8x4096x6144][8x4096x6144][8x4096x6144][8x4096x6144][8x4096x6144][8x4096x6144][8x4096x6144][8x4096x6144][8x4096x6144][8x4096x6144][8x4096x6144][8x4096x6144][8x4096x6144][8x4096x6144][8x4096x6144][8x4096x6144][8x4096x6144][8x4096x6144][8x4096x6144][8x4096x6144][8x4096x6144][8x4096x6144][8x4096x6144][8x4096x6144][8x4096x6144][8x4096x6144][8x4096x6144][8x4096x6144][8x4096x6144][8x4096x6144][8x4096x6144][8x4096x6144][8x4096x6144][8x4096x6144][8x4096x6144][8x4096x6144][8x4096x6144][8x4096x6144][8x4096x6144][8x4096x6144][8x4096x6144][8x4096x6144][8x4096x6144][8x4096x6144][8x4096x6144][8x4096x6144][8x4096x6144][8x4096x6144][8x4096x6144][8x4096x6144][8x4096x6144][8x4096x6144][8x4096x6144][8x4096x6144][8x4096x6144][8x4096x6144][8x4096x6144][8x4096x6144][8x4096x6144][8x4096x6144][8x4096x6144][8x4096x6144][8x4096x6144][8x4096x6144][8x4096x6144][8x4096x6144][8x4096x6144][8x4096x6144][8x4096x6144][8x4096x6144][8x4096x6144][8x4096x6144][8x4096x6144][8x4096x6144][8x4096x6144][8x4096x6144][8x4096x6144][8x4096x6144][8x4096x6144][8x4096x6144][8x4096x6144][8x4096x6144][8x4096x6144][8x4096x6144][8x4096x6144][8x4096x6144][8x4096x6144][8x4096x6144][8x4096x6144][8x4096x6144][8x4096x6144][8x4096x6144][8x4096x6144][8x4096x6144][8x4096x6144][8x4096x6144][8x4096x6144][8x4096x6144][8x4096x6144][8x4096x6144][8x4096x6144][8x4096x6144][8x4096x6144][8x4096x6144][8x4096x6144][8x4096x6144][8x4096x6144][8x4096x6144][8x4096x6144][8x4096x6144][8x4096x6144][8x4096x6144][8x4096x6144][8x4096x6144][8x4096x6144][8x4096x6144][8x4096x6144][8x4096x6144][8x4096x6144][8x4096x6144][8x4096x6144][8x4096x6144][8x4096x6144][8x4096x6144][8x4096x6144][8x4096x6144][8x4096x6144][8x4096x6144][8x4096x6144][8x4096x6144][8x4096x6144][8x4096x6144][8x4096x6144][8x4096x6144][8x4096x6144][8x4096x6144][8x4096x6144][8x4096x6144][8x4096x6144][8x4096x6144][8x4096x6144][8x4096x6144][8x4096x6144][8x4096x6144][8x4096x6144][8x4096x6144][8x4096x6144][8x4096x6144][8x4096x6144][8x4096x6144][8x4096x6144][8x4096x6144][8x4096x6144][8x4096x6144][8x4096x6144][8x4096x6144][8x4096x6144][8x4096x6144][8x4096x6144][8x4096x6144][8x4096x6144][8x4096x6144][8x4096x6144][8x4096x6144][8x4096x6144][8x4096x6144][8x4096x6144][8x4096x6144][8x4096x6144][8x4096x6144][8x4096x6144][8x4096x6144][8x4096x6144][8x4096x6144][8x4096x6144][8x4096x6144][8x4096x6144][8x4096x6144][8x4096x6144][8x4096x6144][8x4096x6144][8x4096x6144][8x4096x6144][8x4096x6144][8x4096x6144][8x4096x6144][8x4096x6144][8x4096x6144][8x4096x6144][8x4096x6144][8x4096x6144][8x4096x6144][8x4096x6144][8x4096x6144][8x4096x6144]',,tensorop,f32,128,256,128,4,4,1,2,1,1,7,4,1,1,128,256,32,100,110,6471811072,103095992320,15,1.40778,4281.46,73233.1
1,CUTLASS,grouped_gemm,cutlass3x_sm100_tensorop_gemm_grouped_e4m3_e4m3_f32_bf16_e4m3_256x128x128_0x0x1_0_tnt_align16_2sm_epi_tma,passed,success,grouped,,,,,fe4m3:row,fe4m3:column,bf16:row,fe4m3:row,1,0,invalid,invalid,heuristic,1,false,'[8x4096x6144][8x4096x6144][8x4096x6144][8x4096x6144][8x4096x6144][8x4096x6144][8x4096x6144][8x4096x6144][8x4096x6144][8x4096x6144][8x4096x6144][8x4096x6144][8x4096x6144][8x4096x6144][8x4096x6144][8x4096x6144][8x4096x6144][8x4096x6144][8x4096x6144][8x4096x6144][8x4096x6144][8x4096x6144][8x4096x6144][8x4096x6144][8x4096x6144][8x4096x6144][8x4096x6144][8x4096x6144][8x4096x6144][8x4096x6144][8x4096x6144][8x4096x6144][8x4096x6144][8x4096x6144][8x4096x6144][8x4096x6144][8x4096x6144][8x4096x6144][8x4096x6144][8x4096x6144][8x4096x6144][8x4096x6144][8x4096x6144][8x4096x6144][8x4096x6144][8x4096x6144][8x4096x6144][8x4096x6144][8x4096x6144][8x4096x6144][8x4096x6144][8x4096x6144][8x4096x6144][8x4096x6144][8x4096x6144][8x4096x6144][8x4096x6144][8x4096x6144][8x4096x6144][8x4096x6144][8x4096x6144][8x4096x6144][8x4096x6144][8x4096x6144][8x4096x6144][8x4096x6144][8x4096x6144][8x4096x6144][8x4096x6144][8x4096x6144][8x4096x6144][8x4096x6144][8x4096x6144][8x4096x6144][8x4096x6144][8x4096x6144][8x4096x6144][8x4096x6144][8x4096x6144][8x4096x6144][8x4096x6144][8x4096x6144][8x4096x6144][8x4096x6144][8x4096x6144][8x4096x6144][8x4096x6144][8x4096x6144][8x4096x6144][8x4096x6144][8x4096x6144][8x4096x6144][8x4096x6144][8x4096x6144][8x4096x6144][8x4096x6144][8x4096x6144][8x4096x6144][8x4096x6144][8x4096x6144][8x4096x6144][8x4096x6144][8x4096x6144][8x4096x6144][8x4096x6144][8x4096x6144][8x4096x6144][8x4096x6144][8x4096x6144][8x4096x6144][8x4096x6144][8x4096x6144][8x4096x6144][8x4096x6144][8x4096x6144][8x4096x6144][8x4096x6144][8x4096x6144][8x4096x6144][8x4096x6144][8x4096x6144][8x4096x6144][8x4096x6144][8x4096x6144][8x4096x6144][8x4096x6144][8x4096x6144][8x4096x6144][8x4096x6144][8x4096x6144][8x4096x6144][8x4096x6144][8x4096x6144][8x4096x6144][8x4096x6144][8x4096x6144][8x4096x6144][8x4096x6144][8x4096x6144][8x4096x6144][8x4096x6144][8x4096x6144][8x4096x6144][8x4096x6144][8x4096x6144][8x4096x6144][8x4096x6144][8x4096x6144][8x4096x6144][8x4096x6144][8x4096x6144][8x4096x6144][8x4096x6144][8x4096x6144][8x4096x6144][8x4096x6144][8x4096x6144][8x4096x6144][8x4096x6144][8x4096x6144][8x4096x6144][8x4096x6144][8x4096x6144][8x4096x6144][8x4096x6144][8x4096x6144][8x4096x6144][8x4096x6144][8x4096x6144][8x4096x6144][8x4096x6144][8x4096x6144][8x4096x6144][8x4096x6144][8x4096x6144][8x4096x6144][8x4096x6144][8x4096x6144][8x4096x6144][8x4096x6144][8x4096x6144][8x4096x6144][8x4096x6144][8x4096x6144][8x4096x6144][8x4096x6144][8x4096x6144][8x4096x6144][8x4096x6144][8x4096x6144][8x4096x6144][8x4096x6144][8x4096x6144][8x4096x6144][8x4096x6144][8x4096x6144][8x4096x6144][8x4096x6144][8x4096x6144][8x4096x6144][8x4096x6144][8x4096x6144][8x4096x6144][8x4096x6144][8x4096x6144][8x4096x6144][8x4096x6144][8x4096x6144][8x4096x6144][8x4096x6144][8x4096x6144][8x4096x6144][8x4096x6144][8x4096x6144][8x4096x6144][8x4096x6144][8x4096x6144][8x4096x6144][8x4096x6144][8x4096x6144][8x4096x6144][8x4096x6144][8x4096x6144][8x4096x6144][8x4096x6144][8x4096x6144][8x4096x6144][8x4096x6144][8x4096x6144][8x4096x6144][8x4096x6144][8x4096x6144][8x4096x6144][8x4096x6144][8x4096x6144][8x4096x6144][8x4096x6144][8x4096x6144][8x4096x6144][8x4096x6144][8x4096x6144][8x4096x6144][8x4096x6144][8x4096x6144][8x4096x6144][8x4096x6144][8x4096x6144][8x4096x6144][8x4096x6144][8x4096x6144][8x4096x6144][8x4096x6144][8x4096x6144][8x4096x6144][8x4096x6144][8x4096x6144]',,tensorop,f32,256,128,128,2,1,1,2,1,1,7,4,1,1,256,128,32,100,110,6471811072,103095992320,15,1.6196,3721.49,63655.1
1,CUTLASS,grouped_gemm,cutlass3x_sm100_tensorop_gemm_grouped_e4m3_e4m3_f32_bf16_e4m3_256x128x128_0x0x1_0_tnt_align16_stream_k_2sm_epi_tma,passed,success,grouped,,,,,fe4m3:row,fe4m3:column,bf16:row,fe4m3:row,1,0,invalid,invalid,heuristic,1,false,'[8x4096x6144][8x4096x6144][8x4096x6144][8x4096x6144][8x4096x6144][8x4096x6144][8x4096x6144][8x4096x6144][8x4096x6144][8x4096x6144][8x4096x6144][8x4096x6144][8x4096x6144][8x4096x6144][8x4096x6144][8x4096x6144][8x4096x6144][8x4096x6144][8x4096x6144][8x4096x6144][8x4096x6144][8x4096x6144][8x4096x6144][8x4096x6144][8x4096x6144][8x4096x6144][8x4096x6144][8x4096x6144][8x4096x6144][8x4096x6144][8x4096x6144][8x4096x6144][8x4096x6144][8x4096x6144][8x4096x6144][8x4096x6144][8x4096x6144][8x4096x6144][8x4096x6144][8x4096x6144][8x4096x6144][8x4096x6144][8x4096x6144][8x4096x6144][8x4096x6144][8x4096x6144][8x4096x6144][8x4096x6144][8x4096x6144][8x4096x6144][8x4096x6144][8x4096x6144][8x4096x6144][8x4096x6144][8x4096x6144][8x4096x6144][8x4096x6144][8x4096x6144][8x4096x6144][8x4096x6144][8x4096x6144][8x4096x6144][8x4096x6144][8x4096x6144][8x4096x6144][8x4096x6144][8x4096x6144][8x4096x6144][8x4096x6144][8x4096x6144][8x4096x6144][8x4096x6144][8x4096x6144][8x4096x6144][8x4096x6144][8x4096x6144][8x4096x6144][8x4096x6144][8x4096x6144][8x4096x6144][8x4096x6144][8x4096x6144][8x4096x6144][8x4096x6144][8x4096x6144][8x4096x6144][8x4096x6144][8x4096x6144][8x4096x6144][8x4096x6144][8x4096x6144][8x4096x6144][8x4096x6144][8x4096x6144][8x4096x6144][8x4096x6144][8x4096x6144][8x4096x6144][8x4096x6144][8x4096x6144][8x4096x6144][8x4096x6144][8x4096x6144][8x4096x6144][8x4096x6144][8x4096x6144][8x4096x6144][8x4096x6144][8x4096x6144][8x4096x6144][8x4096x6144][8x4096x6144][8x4096x6144][8x4096x6144][8x4096x6144][8x4096x6144][8x4096x6144][8x4096x6144][8x4096x6144][8x4096x6144][8x4096x6144][8x4096x6144][8x4096x6144][8x4096x6144][8x4096x6144][8x4096x6144][8x4096x6144][8x4096x6144][8x4096x6144][8x4096x6144][8x4096x6144][8x4096x6144][8x4096x6144][8x4096x6144][8x4096x6144][8x4096x6144][8x4096x6144][8x4096x6144][8x4096x6144][8x4096x6144][8x4096x6144][8x4096x6144][8x4096x6144][8x4096x6144][8x4096x6144][8x4096x6144][8x4096x6144][8x4096x6144][8x4096x6144][8x4096x6144][8x4096x6144][8x4096x6144][8x4096x6144][8x4096x6144][8x4096x6144][8x4096x6144][8x4096x6144][8x4096x6144][8x4096x6144][8x4096x6144][8x4096x6144][8x4096x6144][8x4096x6144][8x4096x6144][8x4096x6144][8x4096x6144][8x4096x6144][8x4096x6144][8x4096x6144][8x4096x6144][8x4096x6144][8x4096x6144][8x4096x6144][8x4096x6144][8x4096x6144][8x4096x6144][8x4096x6144][8x4096x6144][8x4096x6144][8x4096x6144][8x4096x6144][8x4096x6144][8x4096x6144][8x4096x6144][8x4096x6144][8x4096x6144][8x4096x6144][8x4096x6144][8x4096x6144][8x4096x6144][8x4096x6144][8x4096x6144][8x4096x6144][8x4096x6144][8x4096x6144][8x4096x6144][8x4096x6144][8x4096x6144][8x4096x6144][8x4096x6144][8x4096x6144][8x4096x6144][8x4096x6144][8x4096x6144][8x4096x6144][8x4096x6144][8x4096x6144][8x4096x6144][8x4096x6144][8x4096x6144][8x4096x6144][8x4096x6144][8x4096x6144][8x4096x6144][8x4096x6144][8x4096x6144][8x4096x6144][8x4096x6144][8x4096x6144][8x4096x6144][8x4096x6144][8x4096x6144][8x4096x6144][8x4096x6144][8x4096x6144][8x4096x6144][8x4096x6144][8x4096x6144][8x4096x6144][8x4096x6144][8x4096x6144][8x4096x6144][8x4096x6144][8x4096x6144][8x4096x6144][8x4096x6144][8x4096x6144][8x4096x6144][8x4096x6144][8x4096x6144][8x4096x6144][8x4096x6144][8x4096x6144][8x4096x6144][8x4096x6144][8x4096x6144][8x4096x6144][8x4096x6144][8x4096x6144][8x4096x6144][8x4096x6144][8x4096x6144][8x4096x6144][8x4096x6144][8x4096x6144][8x4096x6144]',,tensorop,f32,256,128,128,2,1,1,2,1,1,7,4,1,1,256,128,32,100,110,6471811072,103095992320,15,1.63463,3687.29,63070.1
1,CUTLASS,grouped_gemm,cutlass3x_sm100_tensorop_gemm_grouped_e4m3_e4m3_f32_bf16_e4m3_256x128x128_2x1x1_0_tnt_align16_2sm_epi_tma,passed,success,grouped,,,,,fe4m3:row,fe4m3:column,bf16:row,fe4m3:row,1,0,invalid,invalid,heuristic,1,false,'[8x4096x6144][8x4096x6144][8x4096x6144][8x4096x6144][8x4096x6144][8x4096x6144][8x4096x6144][8x4096x6144][8x4096x6144][8x4096x6144][8x4096x6144][8x4096x6144][8x4096x6144][8x4096x6144][8x4096x6144][8x4096x6144][8x4096x6144][8x4096x6144][8x4096x6144][8x4096x6144][8x4096x6144][8x4096x6144][8x4096x6144][8x4096x6144][8x4096x6144][8x4096x6144][8x4096x6144][8x4096x6144][8x4096x6144][8x4096x6144][8x4096x6144][8x4096x6144][8x4096x6144][8x4096x6144][8x4096x6144][8x4096x6144][8x4096x6144][8x4096x6144][8x4096x6144][8x4096x6144][8x4096x6144][8x4096x6144][8x4096x6144][8x4096x6144][8x4096x6144][8x4096x6144][8x4096x6144][8x4096x6144][8x4096x6144][8x4096x6144][8x4096x6144][8x4096x6144][8x4096x6144][8x4096x6144][8x4096x6144][8x4096x6144][8x4096x6144][8x4096x6144][8x4096x6144][8x4096x6144][8x4096x6144][8x4096x6144][8x4096x6144][8x4096x6144][8x4096x6144][8x4096x6144][8x4096x6144][8x4096x6144][8x4096x6144][8x4096x6144][8x4096x6144][8x4096x6144][8x4096x6144][8x4096x6144][8x4096x6144][8x4096x6144][8x4096x6144][8x4096x6144][8x4096x6144][8x4096x6144][8x4096x6144][8x4096x6144][8x4096x6144][8x4096x6144][8x4096x6144][8x4096x6144][8x4096x6144][8x4096x6144][8x4096x6144][8x4096x6144][8x4096x6144][8x4096x6144][8x4096x6144][8x4096x6144][8x4096x6144][8x4096x6144][8x4096x6144][8x4096x6144][8x4096x6144][8x4096x6144][8x4096x6144][8x4096x6144][8x4096x6144][8x4096x6144][8x4096x6144][8x4096x6144][8x4096x6144][8x4096x6144][8x4096x6144][8x4096x6144][8x4096x6144][8x4096x6144][8x4096x6144][8x4096x6144][8x4096x6144][8x4096x6144][8x4096x6144][8x4096x6144][8x4096x6144][8x4096x6144][8x4096x6144][8x4096x6144][8x4096x6144][8x4096x6144][8x4096x6144][8x4096x6144][8x4096x6144][8x4096x6144][8x4096x6144][8x4096x6144][8x4096x6144][8x4096x6144][8x4096x6144][8x4096x6144][8x4096x6144][8x4096x6144][8x4096x6144][8x4096x6144][8x4096x6144][8x4096x6144][8x4096x6144][8x4096x6144][8x4096x6144][8x4096x6144][8x4096x6144][8x4096x6144][8x4096x6144][8x4096x6144][8x4096x6144][8x4096x6144][8x4096x6144][8x4096x6144][8x4096x6144][8x4096x6144][8x4096x6144][8x4096x6144][8x4096x6144][8x4096x6144][8x4096x6144][8x4096x6144][8x4096x6144][8x4096x6144][8x4096x6144][8x4096x6144][8x4096x6144][8x4096x6144][8x4096x6144][8x4096x6144][8x4096x6144][8x4096x6144][8x4096x6144][8x4096x6144][8x4096x6144][8x4096x6144][8x4096x6144][8x4096x6144][8x4096x6144][8x4096x6144][8x4096x6144][8x4096x6144][8x4096x6144][8x4096x6144][8x4096x6144][8x4096x6144][8x4096x6144][8x4096x6144][8x4096x6144][8x4096x6144][8x4096x6144][8x4096x6144][8x4096x6144][8x4096x6144][8x4096x6144][8x4096x6144][8x4096x6144][8x4096x6144][8x4096x6144][8x4096x6144][8x4096x6144][8x4096x6144][8x4096x6144][8x4096x6144][8x4096x6144][8x4096x6144][8x4096x6144][8x4096x6144][8x4096x6144][8x4096x6144][8x4096x6144][8x4096x6144][8x4096x6144][8x4096x6144][8x4096x6144][8x4096x6144][8x4096x6144][8x4096x6144][8x4096x6144][8x4096x6144][8x4096x6144][8x4096x6144][8x4096x6144][8x4096x6144][8x4096x6144][8x4096x6144][8x4096x6144][8x4096x6144][8x4096x6144][8x4096x6144][8x4096x6144][8x4096x6144][8x4096x6144][8x4096x6144][8x4096x6144][8x4096x6144][8x4096x6144][8x4096x6144][8x4096x6144][8x4096x6144][8x4096x6144][8x4096x6144][8x4096x6144][8x4096x6144][8x4096x6144][8x4096x6144][8x4096x6144][8x4096x6144][8x4096x6144][8x4096x6144][8x4096x6144][8x4096x6144][8x4096x6144][8x4096x6144][8x4096x6144][8x4096x6144][8x4096x6144][8x4096x6144]',,tensorop,f32,256,128,128,2,1,1,2,1,1,7,4,1,1,256,128,32,100,110,6471811072,103095992320,15,1.61445,3733.37,63858.2
1,CUTLASS,grouped_gemm,cutlass3x_sm100_tensorop_gemm_grouped_e4m3_e4m3_f32_bf16_e4m3_256x128x128_2x1x1_0_tnt_align16_stream_k_2sm_epi_tma,passed,success,grouped,,,,,fe4m3:row,fe4m3:column,bf16:row,fe4m3:row,1,0,invalid,invalid,heuristic,1,false,'[8x4096x6144][8x4096x6144][8x4096x6144][8x4096x6144][8x4096x6144][8x4096x6144][8x4096x6144][8x4096x6144][8x4096x6144][8x4096x6144][8x4096x6144][8x4096x6144][8x4096x6144][8x4096x6144][8x4096x6144][8x4096x6144][8x4096x6144][8x4096x6144][8x4096x6144][8x4096x6144][8x4096x6144][8x4096x6144][8x4096x6144][8x4096x6144][8x4096x6144][8x4096x6144][8x4096x6144][8x4096x6144][8x4096x6144][8x4096x6144][8x4096x6144][8x4096x6144][8x4096x6144][8x4096x6144][8x4096x6144][8x4096x6144][8x4096x6144][8x4096x6144][8x4096x6144][8x4096x6144][8x4096x6144][8x4096x6144][8x4096x6144][8x4096x6144][8x4096x6144][8x4096x6144][8x4096x6144][8x4096x6144][8x4096x6144][8x4096x6144][8x4096x6144][8x4096x6144][8x4096x6144][8x4096x6144][8x4096x6144][8x4096x6144][8x4096x6144][8x4096x6144][8x4096x6144][8x4096x6144][8x4096x6144][8x4096x6144][8x4096x6144][8x4096x6144][8x4096x6144][8x4096x6144][8x4096x6144][8x4096x6144][8x4096x6144][8x4096x6144][8x4096x6144][8x4096x6144][8x4096x6144][8x4096x6144][8x4096x6144][8x4096x6144][8x4096x6144][8x4096x6144][8x4096x6144][8x4096x6144][8x4096x6144][8x4096x6144][8x4096x6144][8x4096x6144][8x4096x6144][8x4096x6144][8x4096x6144][8x4096x6144][8x4096x6144][8x4096x6144][8x4096x6144][8x4096x6144][8x4096x6144][8x4096x6144][8x4096x6144][8x4096x6144][8x4096x6144][8x4096x6144][8x4096x6144][8x4096x6144][8x4096x6144][8x4096x6144][8x4096x6144][8x4096x6144][8x4096x6144][8x4096x6144][8x4096x6144][8x4096x6144][8x4096x6144][8x4096x6144][8x4096x6144][8x4096x6144][8x4096x6144][8x4096x6144][8x4096x6144][8x4096x6144][8x4096x6144][8x4096x6144][8x4096x6144][8x4096x6144][8x4096x6144][8x4096x6144][8x4096x6144][8x4096x6144][8x4096x6144][8x4096x6144][8x4096x6144][8x4096x6144][8x4096x6144][8x4096x6144][8x4096x6144][8x4096x6144][8x4096x6144][8x4096x6144][8x4096x6144][8x4096x6144][8x4096x6144][8x4096x6144][8x4096x6144][8x4096x6144][8x4096x6144][8x4096x6144][8x4096x6144][8x4096x6144][8x4096x6144][8x4096x6144][8x4096x6144][8x4096x6144][8x4096x6144][8x4096x6144][8x4096x6144][8x4096x6144][8x4096x6144][8x4096x6144][8x4096x6144][8x4096x6144][8x4096x6144][8x4096x6144][8x4096x6144][8x4096x6144][8x4096x6144][8x4096x6144][8x4096x6144][8x4096x6144][8x4096x6144][8x4096x6144][8x4096x6144][8x4096x6144][8x4096x6144][8x4096x6144][8x4096x6144][8x4096x6144][8x4096x6144][8x4096x6144][8x4096x6144][8x4096x6144][8x4096x6144][8x4096x6144][8x4096x6144][8x4096x6144][8x4096x6144][8x4096x6144][8x4096x6144][8x4096x6144][8x4096x6144][8x4096x6144][8x4096x6144][8x4096x6144][8x4096x6144][8x4096x6144][8x4096x6144][8x4096x6144][8x4096x6144][8x4096x6144][8x4096x6144][8x4096x6144][8x4096x6144][8x4096x6144][8x4096x6144][8x4096x6144][8x4096x6144][8x4096x6144][8x4096x6144][8x4096x6144][8x4096x6144][8x4096x6144][8x4096x6144][8x4096x6144][8x4096x6144][8x4096x6144][8x4096x6144][8x4096x6144][8x4096x6144][8x4096x6144][8x4096x6144][8x4096x6144][8x4096x6144][8x4096x6144][8x4096x6144][8x4096x6144][8x4096x6144][8x4096x6144][8x4096x6144][8x4096x6144][8x4096x6144][8x4096x6144][8x4096x6144][8x4096x6144][8x4096x6144][8x4096x6144][8x4096x6144][8x4096x6144][8x4096x6144][8x4096x6144][8x4096x6144][8x4096x6144][8x4096x6144][8x4096x6144][8x4096x6144][8x4096x6144][8x4096x6144][8x4096x6144][8x4096x6144][8x4096x6144][8x4096x6144][8x4096x6144][8x4096x6144][8x4096x6144][8x4096x6144][8x4096x6144][8x4096x6144][8x4096x6144][8x4096x6144][8x4096x6144][8x4096x6144][8x4096x6144]',,tensorop,f32,256,128,128,2,1,1,2,1,1,7,4,1,1,256,128,32,100,110,6471811072,103095992320,15,1.62174,3716.58,63571.1
1,CUTLASS,grouped_gemm,cutlass3x_sm100_tensorop_gemm_grouped_e4m3_e4m3_f32_bf16_e4m3_256x128x128_2x2x1_0_tnt_align16_2sm_epi_tma,passed,success,grouped,,,,,fe4m3:row,fe4m3:column,bf16:row,fe4m3:row,1,0,invalid,invalid,heuristic,1,false,'[8x4096x6144][8x4096x6144][8x4096x6144][8x4096x6144][8x4096x6144][8x4096x6144][8x4096x6144][8x4096x6144][8x4096x6144][8x4096x6144][8x4096x6144][8x4096x6144][8x4096x6144][8x4096x6144][8x4096x6144][8x4096x6144][8x4096x6144][8x4096x6144][8x4096x6144][8x4096x6144][8x4096x6144][8x4096x6144][8x4096x6144][8x4096x6144][8x4096x6144][8x4096x6144][8x4096x6144][8x4096x6144][8x4096x6144][8x4096x6144][8x4096x6144][8x4096x6144][8x4096x6144][8x4096x6144][8x4096x6144][8x4096x6144][8x4096x6144][8x4096x6144][8x4096x6144][8x4096x6144][8x4096x6144][8x4096x6144][8x4096x6144][8x4096x6144][8x4096x6144][8x4096x6144][8x4096x6144][8x4096x6144][8x4096x6144][8x4096x6144][8x4096x6144][8x4096x6144][8x4096x6144][8x4096x6144][8x4096x6144][8x4096x6144][8x4096x6144][8x4096x6144][8x4096x6144][8x4096x6144][8x4096x6144][8x4096x6144][8x4096x6144][8x4096x6144][8x4096x6144][8x4096x6144][8x4096x6144][8x4096x6144][8x4096x6144][8x4096x6144][8x4096x6144][8x4096x6144][8x4096x6144][8x4096x6144][8x4096x6144][8x4096x6144][8x4096x6144][8x4096x6144][8x4096x6144][8x4096x6144][8x4096x6144][8x4096x6144][8x4096x6144][8x4096x6144][8x4096x6144][8x4096x6144][8x4096x6144][8x4096x6144][8x4096x6144][8x4096x6144][8x4096x6144][8x4096x6144][8x4096x6144][8x4096x6144][8x4096x6144][8x4096x6144][8x4096x6144][8x4096x6144][8x4096x6144][8x4096x6144][8x4096x6144][8x4096x6144][8x4096x6144][8x4096x6144][8x4096x6144][8x4096x6144][8x4096x6144][8x4096x6144][8x4096x6144][8x4096x6144][8x4096x6144][8x4096x6144][8x4096x6144][8x4096x6144][8x4096x6144][8x4096x6144][8x4096x6144][8x4096x6144][8x4096x6144][8x4096x6144][8x4096x6144][8x4096x6144][8x4096x6144][8x4096x6144][8x4096x6144][8x4096x6144][8x4096x6144][8x4096x6144][8x4096x6144][8x4096x6144][8x4096x6144][8x4096x6144][8x4096x6144][8x4096x6144][8x4096x6144][8x4096x6144][8x4096x6144][8x4096x6144][8x4096x6144][8x4096x6144][8x4096x6144][8x4096x6144][8x4096x6144][8x4096x6144][8x4096x6144][8x4096x6144][8x4096x6144][8x4096x6144][8x4096x6144][8x4096x6144][8x4096x6144][8x4096x6144][8x4096x6144][8x4096x6144][8x4096x6144][8x4096x6144][8x4096x6144][8x4096x6144][8x4096x6144][8x4096x6144][8x4096x6144][8x4096x6144][8x4096x6144][8x4096x6144][8x4096x6144][8x4096x6144][8x4096x6144][8x4096x6144][8x4096x6144][8x4096x6144][8x4096x6144][8x4096x6144][8x4096x6144][8x4096x6144][8x4096x6144][8x4096x6144][8x4096x6144][8x4096x6144][8x4096x6144][8x4096x6144][8x4096x6144][8x4096x6144][8x4096x6144][8x4096x6144][8x4096x6144][8x4096x6144][8x4096x6144][8x4096x6144][8x4096x6144][8x4096x6144][8x4096x6144][8x4096x6144][8x4096x6144][8x4096x6144][8x4096x6144][8x4096x6144][8x4096x6144][8x4096x6144][8x4096x6144][8x4096x6144][8x4096x6144][8x4096x6144][8x4096x6144][8x4096x6144][8x4096x6144][8x4096x6144][8x4096x6144][8x4096x6144][8x4096x6144][8x4096x6144][8x4096x6144][8x4096x6144][8x4096x6144][8x4096x6144][8x4096x6144][8x4096x6144][8x4096x6144][8x4096x6144][8x4096x6144][8x4096x6144][8x4096x6144][8x4096x6144][8x4096x6144][8x4096x6144][8x4096x6144][8x4096x6144][8x4096x6144][8x4096x6144][8x4096x6144][8x4096x6144][8x4096x6144][8x4096x6144][8x4096x6144][8x4096x6144][8x4096x6144][8x4096x6144][8x4096x6144][8x4096x6144][8x4096x6144][8x4096x6144][8x4096x6144][8x4096x6144][8x4096x6144][8x4096x6144][8x4096x6144][8x4096x6144][8x4096x6144][8x4096x6144][8x4096x6144][8x4096x6144][8x4096x6144][8x4096x6144][8x4096x6144][8x4096x6144][8x4096x6144][8x4096x6144]',,tensorop,f32,256,128,128,2,2,1,2,1,1,7,4,1,1,256,128,32,100,110,6471811072,103095992320,15,1.28209,4701.17,80412.2
1,CUTLASS,grouped_gemm,cutlass3x_sm100_tensorop_gemm_grouped_e4m3_e4m3_f32_bf16_e4m3_256x128x128_2x2x1_0_tnt_align16_stream_k_2sm_epi_tma,passed,success,grouped,,,,,fe4m3:row,fe4m3:column,bf16:row,fe4m3:row,1,0,invalid,invalid,heuristic,1,false,'[8x4096x6144][8x4096x6144][8x4096x6144][8x4096x6144][8x4096x6144][8x4096x6144][8x4096x6144][8x4096x6144][8x4096x6144][8x4096x6144][8x4096x6144][8x4096x6144][8x4096x6144][8x4096x6144][8x4096x6144][8x4096x6144][8x4096x6144][8x4096x6144][8x4096x6144][8x4096x6144][8x4096x6144][8x4096x6144][8x4096x6144][8x4096x6144][8x4096x6144][8x4096x6144][8x4096x6144][8x4096x6144][8x4096x6144][8x4096x6144][8x4096x6144][8x4096x6144][8x4096x6144][8x4096x6144][8x4096x6144][8x4096x6144][8x4096x6144][8x4096x6144][8x4096x6144][8x4096x6144][8x4096x6144][8x4096x6144][8x4096x6144][8x4096x6144][8x4096x6144][8x4096x6144][8x4096x6144][8x4096x6144][8x4096x6144][8x4096x6144][8x4096x6144][8x4096x6144][8x4096x6144][8x4096x6144][8x4096x6144][8x4096x6144][8x4096x6144][8x4096x6144][8x4096x6144][8x4096x6144][8x4096x6144][8x4096x6144][8x4096x6144][8x4096x6144][8x4096x6144][8x4096x6144][8x4096x6144][8x4096x6144][8x4096x6144][8x4096x6144][8x4096x6144][8x4096x6144][8x4096x6144][8x4096x6144][8x4096x6144][8x4096x6144][8x4096x6144][8x4096x6144][8x4096x6144][8x4096x6144][8x4096x6144][8x4096x6144][8x4096x6144][8x4096x6144][8x4096x6144][8x4096x6144][8x4096x6144][8x4096x6144][8x4096x6144][8x4096x6144][8x4096x6144][8x4096x6144][8x4096x6144][8x4096x6144][8x4096x6144][8x4096x6144][8x4096x6144][8x4096x6144][8x4096x6144][8x4096x6144][8x4096x6144][8x4096x6144][8x4096x6144][8x4096x6144][8x4096x6144][8x4096x6144][8x4096x6144][8x4096x6144][8x4096x6144][8x4096x6144][8x4096x6144][8x4096x6144][8x4096x6144][8x4096x6144][8x4096x6144][8x4096x6144][8x4096x6144][8x4096x6144][8x4096x6144][8x4096x6144][8x4096x6144][8x4096x6144][8x4096x6144][8x4096x6144][8x4096x6144][8x4096x6144][8x4096x6144][8x4096x6144][8x4096x6144][8x4096x6144][8x4096x6144][8x4096x6144][8x4096x6144][8x4096x6144][8x4096x6144][8x4096x6144][8x4096x6144][8x4096x6144][8x4096x6144][8x4096x6144][8x4096x6144][8x4096x6144][8x4096x6144][8x4096x6144][8x4096x6144][8x4096x6144][8x4096x6144][8x4096x6144][8x4096x6144][8x4096x6144][8x4096x6144][8x4096x6144][8x4096x6144][8x4096x6144][8x4096x6144][8x4096x6144][8x4096x6144][8x4096x6144][8x4096x6144][8x4096x6144][8x4096x6144][8x4096x6144][8x4096x6144][8x4096x6144][8x4096x6144][8x4096x6144][8x4096x6144][8x4096x6144][8x4096x6144][8x4096x6144][8x4096x6144][8x4096x6144][8x4096x6144][8x4096x6144][8x4096x6144][8x4096x6144][8x4096x6144][8x4096x6144][8x4096x6144][8x4096x6144][8x4096x6144][8x4096x6144][8x4096x6144][8x4096x6144][8x4096x6144][8x4096x6144][8x4096x6144][8x4096x6144][8x4096x6144][8x4096x6144][8x4096x6144][8x4096x6144][8x4096x6144][8x4096x6144][8x4096x6144][8x4096x6144][8x4096x6144][8x4096x6144][8x4096x6144][8x4096x6144][8x4096x6144][8x4096x6144][8x4096x6144][8x4096x6144][8x4096x6144][8x4096x6144][8x4096x6144][8x4096x6144][8x4096x6144][8x4096x6144][8x4096x6144][8x4096x6144][8x4096x6144][8x4096x6144][8x4096x6144][8x4096x6144][8x4096x6144][8x4096x6144][8x4096x6144][8x4096x6144][8x4096x6144][8x4096x6144][8x4096x6144][8x4096x6144][8x4096x6144][8x4096x6144][8x4096x6144][8x4096x6144][8x4096x6144][8x4096x6144][8x4096x6144][8x4096x6144][8x4096x6144][8x4096x6144][8x4096x6144][8x4096x6144][8x4096x6144][8x4096x6144][8x4096x6144][8x4096x6144][8x4096x6144][8x4096x6144][8x4096x6144][8x4096x6144][8x4096x6144][8x4096x6144][8x4096x6144][8x4096x6144][8x4096x6144][8x4096x6144][8x4096x6144][8x4096x6144][8x4096x6144][8x4096x6144][8x4096x6144][8x4096x6144]',,tensorop,f32,256,128,128,2,2,1,2,1,1,7,4,1,1,256,128,32,100,110,6471811072,103095992320,15,1.28716,4682.66,80095.5
1,CUTLASS,grouped_gemm,cutlass3x_sm100_tensorop_gemm_grouped_e4m3_e4m3_f32_bf16_e4m3_256x128x128_4x1x1_0_tnt_align16_2sm_epi_tma,passed,success,grouped,,,,,fe4m3:row,fe4m3:column,bf16:row,fe4m3:row,1,0,invalid,invalid,heuristic,1,false,'[8x4096x6144][8x4096x6144][8x4096x6144][8x4096x6144][8x4096x6144][8x4096x6144][8x4096x6144][8x4096x6144][8x4096x6144][8x4096x6144][8x4096x6144][8x4096x6144][8x4096x6144][8x4096x6144][8x4096x6144][8x4096x6144][8x4096x6144][8x4096x6144][8x4096x6144][8x4096x6144][8x4096x6144][8x4096x6144][8x4096x6144][8x4096x6144][8x4096x6144][8x4096x6144][8x4096x6144][8x4096x6144][8x4096x6144][8x4096x6144][8x4096x6144][8x4096x6144][8x4096x6144][8x4096x6144][8x4096x6144][8x4096x6144][8x4096x6144][8x4096x6144][8x4096x6144][8x4096x6144][8x4096x6144][8x4096x6144][8x4096x6144][8x4096x6144][8x4096x6144][8x4096x6144][8x4096x6144][8x4096x6144][8x4096x6144][8x4096x6144][8x4096x6144][8x4096x6144][8x4096x6144][8x4096x6144][8x4096x6144][8x4096x6144][8x4096x6144][8x4096x6144][8x4096x6144][8x4096x6144][8x4096x6144][8x4096x6144][8x4096x6144][8x4096x6144][8x4096x6144][8x4096x6144][8x4096x6144][8x4096x6144][8x4096x6144][8x4096x6144][8x4096x6144][8x4096x6144][8x4096x6144][8x4096x6144][8x4096x6144][8x4096x6144][8x4096x6144][8x4096x6144][8x4096x6144][8x4096x6144][8x4096x6144][8x4096x6144][8x4096x6144][8x4096x6144][8x4096x6144][8x4096x6144][8x4096x6144][8x4096x6144][8x4096x6144][8x4096x6144][8x4096x6144][8x4096x6144][8x4096x6144][8x4096x6144][8x4096x6144][8x4096x6144][8x4096x6144][8x4096x6144][8x4096x6144][8x4096x6144][8x4096x6144][8x4096x6144][8x4096x6144][8x4096x6144][8x4096x6144][8x4096x6144][8x4096x6144][8x4096x6144][8x4096x6144][8x4096x6144][8x4096x6144][8x4096x6144][8x4096x6144][8x4096x6144][8x4096x6144][8x4096x6144][8x4096x6144][8x4096x6144][8x4096x6144][8x4096x6144][8x4096x6144][8x4096x6144][8x4096x6144][8x4096x6144][8x4096x6144][8x4096x6144][8x4096x6144][8x4096x6144][8x4096x6144][8x4096x6144][8x4096x6144][8x4096x6144][8x4096x6144][8x4096x6144][8x4096x6144][8x4096x6144][8x4096x6144][8x4096x6144][8x4096x6144][8x4096x6144][8x4096x6144][8x4096x6144][8x4096x6144][8x4096x6144][8x4096x6144][8x4096x6144][8x4096x6144][8x4096x6144][8x4096x6144][8x4096x6144][8x4096x6144][8x4096x6144][8x4096x6144][8x4096x6144][8x4096x6144][8x4096x6144][8x4096x6144][8x4096x6144][8x4096x6144][8x4096x6144][8x4096x6144][8x4096x6144][8x4096x6144][8x4096x6144][8x4096x6144][8x4096x6144][8x4096x6144][8x4096x6144][8x4096x6144][8x4096x6144][8x4096x6144][8x4096x6144][8x4096x6144][8x4096x6144][8x4096x6144][8x4096x6144][8x4096x6144][8x4096x6144][8x4096x6144][8x4096x6144][8x4096x6144][8x4096x6144][8x4096x6144][8x4096x6144][8x4096x6144][8x4096x6144][8x4096x6144][8x4096x6144][8x4096x6144][8x4096x6144][8x4096x6144][8x4096x6144][8x4096x6144][8x4096x6144][8x4096x6144][8x4096x6144][8x4096x6144][8x4096x6144][8x4096x6144][8x4096x6144][8x4096x6144][8x4096x6144][8x4096x6144][8x4096x6144][8x4096x6144][8x4096x6144][8x4096x6144][8x4096x6144][8x4096x6144][8x4096x6144][8x4096x6144][8x4096x6144][8x4096x6144][8x4096x6144][8x4096x6144][8x4096x6144][8x4096x6144][8x4096x6144][8x4096x6144][8x4096x6144][8x4096x6144][8x4096x6144][8x4096x6144][8x4096x6144][8x4096x6144][8x4096x6144][8x4096x6144][8x4096x6144][8x4096x6144][8x4096x6144][8x4096x6144][8x4096x6144][8x4096x6144][8x4096x6144][8x4096x6144][8x4096x6144][8x4096x6144][8x4096x6144][8x4096x6144][8x4096x6144][8x4096x6144][8x4096x6144][8x4096x6144][8x4096x6144][8x4096x6144][8x4096x6144][8x4096x6144][8x4096x6144][8x4096x6144][8x4096x6144][8x4096x6144][8x4096x6144][8x4096x6144][8x4096x6144][8x4096x6144][8x4096x6144]',,tensorop,f32,256,128,128,4,1,1,2,1,1,7,4,1,1,256,128,32,100,110,6471811072,103095992320,15,2.52452,2387.52,40837.8
1,CUTLASS,grouped_gemm,cutlass3x_sm100_tensorop_gemm_grouped_e4m3_e4m3_f32_bf16_e4m3_256x128x128_4x1x1_0_tnt_align16_stream_k_2sm_epi_tma,passed,success,grouped,,,,,fe4m3:row,fe4m3:column,bf16:row,fe4m3:row,1,0,invalid,invalid,heuristic,1,false,'[8x4096x6144][8x4096x6144][8x4096x6144][8x4096x6144][8x4096x6144][8x4096x6144][8x4096x6144][8x4096x6144][8x4096x6144][8x4096x6144][8x4096x6144][8x4096x6144][8x4096x6144][8x4096x6144][8x4096x6144][8x4096x6144][8x4096x6144][8x4096x6144][8x4096x6144][8x4096x6144][8x4096x6144][8x4096x6144][8x4096x6144][8x4096x6144][8x4096x6144][8x4096x6144][8x4096x6144][8x4096x6144][8x4096x6144][8x4096x6144][8x4096x6144][8x4096x6144][8x4096x6144][8x4096x6144][8x4096x6144][8x4096x6144][8x4096x6144][8x4096x6144][8x4096x6144][8x4096x6144][8x4096x6144][8x4096x6144][8x4096x6144][8x4096x6144][8x4096x6144][8x4096x6144][8x4096x6144][8x4096x6144][8x4096x6144][8x4096x6144][8x4096x6144][8x4096x6144][8x4096x6144][8x4096x6144][8x4096x6144][8x4096x6144][8x4096x6144][8x4096x6144][8x4096x6144][8x4096x6144][8x4096x6144][8x4096x6144][8x4096x6144][8x4096x6144][8x4096x6144][8x4096x6144][8x4096x6144][8x4096x6144][8x4096x6144][8x4096x6144][8x4096x6144][8x4096x6144][8x4096x6144][8x4096x6144][8x4096x6144][8x4096x6144][8x4096x6144][8x4096x6144][8x4096x6144][8x4096x6144][8x4096x6144][8x4096x6144][8x4096x6144][8x4096x6144][8x4096x6144][8x4096x6144][8x4096x6144][8x4096x6144][8x4096x6144][8x4096x6144][8x4096x6144][8x4096x6144][8x4096x6144][8x4096x6144][8x4096x6144][8x4096x6144][8x4096x6144][8x4096x6144][8x4096x6144][8x4096x6144][8x4096x6144][8x4096x6144][8x4096x6144][8x4096x6144][8x4096x6144][8x4096x6144][8x4096x6144][8x4096x6144][8x4096x6144][8x4096x6144][8x4096x6144][8x4096x6144][8x4096x6144][8x4096x6144][8x4096x6144][8x4096x6144][8x4096x6144][8x4096x6144][8x4096x6144][8x4096x6144][8x4096x6144][8x4096x6144][8x4096x6144][8x4096x6144][8x4096x6144][8x4096x6144][8x4096x6144][8x4096x6144][8x4096x6144][8x4096x6144][8x4096x6144][8x4096x6144][8x4096x6144][8x4096x6144][8x4096x6144][8x4096x6144][8x4096x6144][8x4096x6144][8x4096x6144][8x4096x6144][8x4096x6144][8x4096x6144][8x4096x6144][8x4096x6144][8x4096x6144][8x4096x6144][8x4096x6144][8x4096x6144][8x4096x6144][8x4096x6144][8x4096x6144][8x4096x6144][8x4096x6144][8x4096x6144][8x4096x6144][8x4096x6144][8x4096x6144][8x4096x6144][8x4096x6144][8x4096x6144][8x4096x6144][8x4096x6144][8x4096x6144][8x4096x6144][8x4096x6144][8x4096x6144][8x4096x6144][8x4096x6144][8x4096x6144][8x4096x6144][8x4096x6144][8x4096x6144][8x4096x6144][8x4096x6144][8x4096x6144][8x4096x6144][8x4096x6144][8x4096x6144][8x4096x6144][8x4096x6144][8x4096x6144][8x4096x6144][8x4096x6144][8x4096x6144][8x4096x6144][8x4096x6144][8x4096x6144][8x4096x6144][8x4096x6144][8x4096x6144][8x4096x6144][8x4096x6144][8x4096x6144][8x4096x6144][8x4096x6144][8x4096x6144][8x4096x6144][8x4096x6144][8x4096x6144][8x4096x6144][8x4096x6144][8x4096x6144][8x4096x6144][8x4096x6144][8x4096x6144][8x4096x6144][8x4096x6144][8x4096x6144][8x4096x6144][8x4096x6144][8x4096x6144][8x4096x6144][8x4096x6144][8x4096x6144][8x4096x6144][8x4096x6144][8x4096x6144][8x4096x6144][8x4096x6144][8x4096x6144][8x4096x6144][8x4096x6144][8x4096x6144][8x4096x6144][8x4096x6144][8x4096x6144][8x4096x6144][8x4096x6144][8x4096x6144][8x4096x6144][8x4096x6144][8x4096x6144][8x4096x6144][8x4096x6144][8x4096x6144][8x4096x6144][8x4096x6144][8x4096x6144][8x4096x6144][8x4096x6144][8x4096x6144][8x4096x6144][8x4096x6144][8x4096x6144][8x4096x6144][8x4096x6144][8x4096x6144][8x4096x6144][8x4096x6144][8x4096x6144][8x4096x6144][8x4096x6144][8x4096x6144][8x4096x6144][8x4096x6144][8x4096x6144]',,tensorop,f32,256,128,128,4,1,1,2,1,1,7,4,1,1,256,128,32,100,110,6471811072,103095992320,15,2.53329,2379.26,40696.5
1,CUTLASS,grouped_gemm,cutlass3x_sm100_tensorop_gemm_grouped_e4m3_e4m3_f32_bf16_e4m3_256x128x128_2x4x1_0_tnt_align16_2sm_epi_tma,passed,success,grouped,,,,,fe4m3:row,fe4m3:column,bf16:row,fe4m3:row,1,0,invalid,invalid,heuristic,1,false,'[8x4096x6144][8x4096x6144][8x4096x6144][8x4096x6144][8x4096x6144][8x4096x6144][8x4096x6144][8x4096x6144][8x4096x6144][8x4096x6144][8x4096x6144][8x4096x6144][8x4096x6144][8x4096x6144][8x4096x6144][8x4096x6144][8x4096x6144][8x4096x6144][8x4096x6144][8x4096x6144][8x4096x6144][8x4096x6144][8x4096x6144][8x4096x6144][8x4096x6144][8x4096x6144][8x4096x6144][8x4096x6144][8x4096x6144][8x4096x6144][8x4096x6144][8x4096x6144][8x4096x6144][8x4096x6144][8x4096x6144][8x4096x6144][8x4096x6144][8x4096x6144][8x4096x6144][8x4096x6144][8x4096x6144][8x4096x6144][8x4096x6144][8x4096x6144][8x4096x6144][8x4096x6144][8x4096x6144][8x4096x6144][8x4096x6144][8x4096x6144][8x4096x6144][8x4096x6144][8x4096x6144][8x4096x6144][8x4096x6144][8x4096x6144][8x4096x6144][8x4096x6144][8x4096x6144][8x4096x6144][8x4096x6144][8x4096x6144][8x4096x6144][8x4096x6144][8x4096x6144][8x4096x6144][8x4096x6144][8x4096x6144][8x4096x6144][8x4096x6144][8x4096x6144][8x4096x6144][8x4096x6144][8x4096x6144][8x4096x6144][8x4096x6144][8x4096x6144][8x4096x6144][8x4096x6144][8x4096x6144][8x4096x6144][8x4096x6144][8x4096x6144][8x4096x6144][8x4096x6144][8x4096x6144][8x4096x6144][8x4096x6144][8x4096x6144][8x4096x6144][8x4096x6144][8x4096x6144][8x4096x6144][8x4096x6144][8x4096x6144][8x4096x6144][8x4096x6144][8x4096x6144][8x4096x6144][8x4096x6144][8x4096x6144][8x4096x6144][8x4096x6144][8x4096x6144][8x4096x6144][8x4096x6144][8x4096x6144][8x4096x6144][8x4096x6144][8x4096x6144][8x4096x6144][8x4096x6144][8x4096x6144][8x4096x6144][8x4096x6144][8x4096x6144][8x4096x6144][8x4096x6144][8x4096x6144][8x4096x6144][8x4096x6144][8x4096x6144][8x4096x6144][8x4096x6144][8x4096x6144][8x4096x6144][8x4096x6144][8x4096x6144][8x4096x6144][8x4096x6144][8x4096x6144][8x4096x6144][8x4096x6144][8x4096x6144][8x4096x6144][8x4096x6144][8x4096x6144][8x4096x6144][8x4096x6144][8x4096x6144][8x4096x6144][8x4096x6144][8x4096x6144][8x4096x6144][8x4096x6144][8x4096x6144][8x4096x6144][8x4096x6144][8x4096x6144][8x4096x6144][8x4096x6144][8x4096x6144][8x4096x6144][8x4096x6144][8x4096x6144][8x4096x6144][8x4096x6144][8x4096x6144][8x4096x6144][8x4096x6144][8x4096x6144][8x4096x6144][8x4096x6144][8x4096x6144][8x4096x6144][8x4096x6144][8x4096x6144][8x4096x6144][8x4096x6144][8x4096x6144][8x4096x6144][8x4096x6144][8x4096x6144][8x4096x6144][8x4096x6144][8x4096x6144][8x4096x6144][8x4096x6144][8x4096x6144][8x4096x6144][8x4096x6144][8x4096x6144][8x4096x6144][8x4096x6144][8x4096x6144][8x4096x6144][8x4096x6144][8x4096x6144][8x4096x6144][8x4096x6144][8x4096x6144][8x4096x6144][8x4096x6144][8x4096x6144][8x4096x6144][8x4096x6144][8x4096x6144][8x4096x6144][8x4096x6144][8x4096x6144][8x4096x6144][8x4096x6144][8x4096x6144][8x4096x6144][8x4096x6144][8x4096x6144][8x4096x6144][8x4096x6144][8x4096x6144][8x4096x6144][8x4096x6144][8x4096x6144][8x4096x6144][8x4096x6144][8x4096x6144][8x4096x6144][8x4096x6144][8x4096x6144][8x4096x6144][8x4096x6144][8x4096x6144][8x4096x6144][8x4096x6144][8x4096x6144][8x4096x6144][8x4096x6144][8x4096x6144][8x4096x6144][8x4096x6144][8x4096x6144][8x4096x6144][8x4096x6144][8x4096x6144][8x4096x6144][8x4096x6144][8x4096x6144][8x4096x6144][8x4096x6144][8x4096x6144][8x4096x6144][8x4096x6144][8x4096x6144][8x4096x6144][8x4096x6144][8x4096x6144][8x4096x6144][8x4096x6144][8x4096x6144][8x4096x6144][8x4096x6144][8x4096x6144][8x4096x6144][8x4096x6144][8x4096x6144][8x4096x6144][8x4096x6144]',,tensorop,f32,256,128,128,2,4,1,2,1,1,7,4,1,1,256,128,32,100,110,6471811072,103095992320,15,1.41739,4252.41,72736.3
1,CUTLASS,grouped_gemm,cutlass3x_sm100_tensorop_gemm_grouped_e4m3_e4m3_f32_bf16_e4m3_256x128x128_2x4x1_0_tnt_align16_stream_k_2sm_epi_tma,passed,success,grouped,,,,,fe4m3:row,fe4m3:column,bf16:row,fe4m3:row,1,0,invalid,invalid,heuristic,1,false,'[8x4096x6144][8x4096x6144][8x4096x6144][8x4096x6144][8x4096x6144][8x4096x6144][8x4096x6144][8x4096x6144][8x4096x6144][8x4096x6144][8x4096x6144][8x4096x6144][8x4096x6144][8x4096x6144][8x4096x6144][8x4096x6144][8x4096x6144][8x4096x6144][8x4096x6144][8x4096x6144][8x4096x6144][8x4096x6144][8x4096x6144][8x4096x6144][8x4096x6144][8x4096x6144][8x4096x6144][8x4096x6144][8x4096x6144][8x4096x6144][8x4096x6144][8x4096x6144][8x4096x6144][8x4096x6144][8x4096x6144][8x4096x6144][8x4096x6144][8x4096x6144][8x4096x6144][8x4096x6144][8x4096x6144][8x4096x6144][8x4096x6144][8x4096x6144][8x4096x6144][8x4096x6144][8x4096x6144][8x4096x6144][8x4096x6144][8x4096x6144][8x4096x6144][8x4096x6144][8x4096x6144][8x4096x6144][8x4096x6144][8x4096x6144][8x4096x6144][8x4096x6144][8x4096x6144][8x4096x6144][8x4096x6144][8x4096x6144][8x4096x6144][8x4096x6144][8x4096x6144][8x4096x6144][8x4096x6144][8x4096x6144][8x4096x6144][8x4096x6144][8x4096x6144][8x4096x6144][8x4096x6144][8x4096x6144][8x4096x6144][8x4096x6144][8x4096x6144][8x4096x6144][8x4096x6144][8x4096x6144][8x4096x6144][8x4096x6144][8x4096x6144][8x4096x6144][8x4096x6144][8x4096x6144][8x4096x6144][8x4096x6144][8x4096x6144][8x4096x6144][8x4096x6144][8x4096x6144][8x4096x6144][8x4096x6144][8x4096x6144][8x4096x6144][8x4096x6144][8x4096x6144][8x4096x6144][8x4096x6144][8x4096x6144][8x4096x6144][8x4096x6144][8x4096x6144][8x4096x6144][8x4096x6144][8x4096x6144][8x4096x6144][8x4096x6144][8x4096x6144][8x4096x6144][8x4096x6144][8x4096x6144][8x4096x6144][8x4096x6144][8x4096x6144][8x4096x6144][8x4096x6144][8x4096x6144][8x4096x6144][8x4096x6144][8x4096x6144][8x4096x6144][8x4096x6144][8x4096x6144][8x4096x6144][8x4096x6144][8x4096x6144][8x4096x6144][8x4096x6144][8x4096x6144][8x4096x6144][8x4096x6144][8x4096x6144][8x4096x6144][8x4096x6144][8x4096x6144][8x4096x6144][8x4096x6144][8x4096x6144][8x4096x6144][8x4096x6144][8x4096x6144][8x4096x6144][8x4096x6144][8x4096x6144][8x4096x6144][8x4096x6144][8x4096x6144][8x4096x6144][8x4096x6144][8x4096x6144][8x4096x6144][8x4096x6144][8x4096x6144][8x4096x6144][8x4096x6144][8x4096x6144][8x4096x6144][8x4096x6144][8x4096x6144][8x4096x6144][8x4096x6144][8x4096x6144][8x4096x6144][8x4096x6144][8x4096x6144][8x4096x6144][8x4096x6144][8x4096x6144][8x4096x6144][8x4096x6144][8x4096x6144][8x4096x6144][8x4096x6144][8x4096x6144][8x4096x6144][8x4096x6144][8x4096x6144][8x4096x6144][8x4096x6144][8x4096x6144][8x4096x6144][8x4096x6144][8x4096x6144][8x4096x6144][8x4096x6144][8x4096x6144][8x4096x6144][8x4096x6144][8x4096x6144][8x4096x6144][8x4096x6144][8x4096x6144][8x4096x6144][8x4096x6144][8x4096x6144][8x4096x6144][8x4096x6144][8x4096x6144][8x4096x6144][8x4096x6144][8x4096x6144][8x4096x6144][8x4096x6144][8x4096x6144][8x4096x6144][8x4096x6144][8x4096x6144][8x4096x6144][8x4096x6144][8x4096x6144][8x4096x6144][8x4096x6144][8x4096x6144][8x4096x6144][8x4096x6144][8x4096x6144][8x4096x6144][8x4096x6144][8x4096x6144][8x4096x6144][8x4096x6144][8x4096x6144][8x4096x6144][8x4096x6144][8x4096x6144][8x4096x6144][8x4096x6144][8x4096x6144][8x4096x6144][8x4096x6144][8x4096x6144][8x4096x6144][8x4096x6144][8x4096x6144][8x4096x6144][8x4096x6144][8x4096x6144][8x4096x6144][8x4096x6144][8x4096x6144][8x4096x6144][8x4096x6144][8x4096x6144][8x4096x6144][8x4096x6144][8x4096x6144][8x4096x6144][8x4096x6144][8x4096x6144][8x4096x6144][8x4096x6144][8x4096x6144][8x4096x6144][8x4096x6144]',,tensorop,f32,256,128,128,2,4,1,2,1,1,7,4,1,1,256,128,32,100,110,6471811072,103095992320,15,1.41739,4252.41,72736.3
1,CUTLASS,grouped_gemm,cutlass3x_sm100_tensorop_gemm_grouped_e4m3_e4m3_f32_bf16_e4m3_256x128x128_4x2x1_0_tnt_align16_2sm_epi_tma,passed,success,grouped,,,,,fe4m3:row,fe4m3:column,bf16:row,fe4m3:row,1,0,invalid,invalid,heuristic,1,false,'[8x4096x6144][8x4096x6144][8x4096x6144][8x4096x6144][8x4096x6144][8x4096x6144][8x4096x6144][8x4096x6144][8x4096x6144][8x4096x6144][8x4096x6144][8x4096x6144][8x4096x6144][8x4096x6144][8x4096x6144][8x4096x6144][8x4096x6144][8x4096x6144][8x4096x6144][8x4096x6144][8x4096x6144][8x4096x6144][8x4096x6144][8x4096x6144][8x4096x6144][8x4096x6144][8x4096x6144][8x4096x6144][8x4096x6144][8x4096x6144][8x4096x6144][8x4096x6144][8x4096x6144][8x4096x6144][8x4096x6144][8x4096x6144][8x4096x6144][8x4096x6144][8x4096x6144][8x4096x6144][8x4096x6144][8x4096x6144][8x4096x6144][8x4096x6144][8x4096x6144][8x4096x6144][8x4096x6144][8x4096x6144][8x4096x6144][8x4096x6144][8x4096x6144][8x4096x6144][8x4096x6144][8x4096x6144][8x4096x6144][8x4096x6144][8x4096x6144][8x4096x6144][8x4096x6144][8x4096x6144][8x4096x6144][8x4096x6144][8x4096x6144][8x4096x6144][8x4096x6144][8x4096x6144][8x4096x6144][8x4096x6144][8x4096x6144][8x4096x6144][8x4096x6144][8x4096x6144][8x4096x6144][8x4096x6144][8x4096x6144][8x4096x6144][8x4096x6144][8x4096x6144][8x4096x6144][8x4096x6144][8x4096x6144][8x4096x6144][8x4096x6144][8x4096x6144][8x4096x6144][8x4096x6144][8x4096x6144][8x4096x6144][8x4096x6144][8x4096x6144][8x4096x6144][8x4096x6144][8x4096x6144][8x4096x6144][8x4096x6144][8x4096x6144][8x4096x6144][8x4096x6144][8x4096x6144][8x4096x6144][8x4096x6144][8x4096x6144][8x4096x6144][8x4096x6144][8x4096x6144][8x4096x6144][8x4096x6144][8x4096x6144][8x4096x6144][8x4096x6144][8x4096x6144][8x4096x6144][8x4096x6144][8x4096x6144][8x4096x6144][8x4096x6144][8x4096x6144][8x4096x6144][8x4096x6144][8x4096x6144][8x4096x6144][8x4096x6144][8x4096x6144][8x4096x6144][8x4096x6144][8x4096x6144][8x4096x6144][8x4096x6144][8x4096x6144][8x4096x6144][8x4096x6144][8x4096x6144][8x4096x6144][8x4096x6144][8x4096x6144][8x4096x6144][8x4096x6144][8x4096x6144][8x4096x6144][8x4096x6144][8x4096x6144][8x4096x6144][8x4096x6144][8x4096x6144][8x4096x6144][8x4096x6144][8x4096x6144][8x4096x6144][8x4096x6144][8x4096x6144][8x4096x6144][8x4096x6144][8x4096x6144][8x4096x6144][8x4096x6144][8x4096x6144][8x4096x6144][8x4096x6144][8x4096x6144][8x4096x6144][8x4096x6144][8x4096x6144][8x4096x6144][8x4096x6144][8x4096x6144][8x4096x6144][8x4096x6144][8x4096x6144][8x4096x6144][8x4096x6144][8x4096x6144][8x4096x6144][8x4096x6144][8x4096x6144][8x4096x6144][8x4096x6144][8x4096x6144][8x4096x6144][8x4096x6144][8x4096x6144][8x4096x6144][8x4096x6144][8x4096x6144][8x4096x6144][8x4096x6144][8x4096x6144][8x4096x6144][8x4096x6144][8x4096x6144][8x4096x6144][8x4096x6144][8x4096x6144][8x4096x6144][8x4096x6144][8x4096x6144][8x4096x6144][8x4096x6144][8x4096x6144][8x4096x6144][8x4096x6144][8x4096x6144][8x4096x6144][8x4096x6144][8x4096x6144][8x4096x6144][8x4096x6144][8x4096x6144][8x4096x6144][8x4096x6144][8x4096x6144][8x4096x6144][8x4096x6144][8x4096x6144][8x4096x6144][8x4096x6144][8x4096x6144][8x4096x6144][8x4096x6144][8x4096x6144][8x4096x6144][8x4096x6144][8x4096x6144][8x4096x6144][8x4096x6144][8x4096x6144][8x4096x6144][8x4096x6144][8x4096x6144][8x4096x6144][8x4096x6144][8x4096x6144][8x4096x6144][8x4096x6144][8x4096x6144][8x4096x6144][8x4096x6144][8x4096x6144][8x4096x6144][8x4096x6144][8x4096x6144][8x4096x6144][8x4096x6144][8x4096x6144][8x4096x6144][8x4096x6144][8x4096x6144][8x4096x6144][8x4096x6144][8x4096x6144][8x4096x6144][8x4096x6144][8x4096x6144][8x4096x6144][8x4096x6144][8x4096x6144][8x4096x6144]',,tensorop,f32,256,128,128,4,2,1,2,1,1,7,4,1,1,256,128,32,100,110,6471811072,103095992320,15,2.64173,2281.59,39025.9
1,CUTLASS,grouped_gemm,cutlass3x_sm100_tensorop_gemm_grouped_e4m3_e4m3_f32_bf16_e4m3_256x128x128_4x2x1_0_tnt_align16_stream_k_2sm_epi_tma,passed,success,grouped,,,,,fe4m3:row,fe4m3:column,bf16:row,fe4m3:row,1,0,invalid,invalid,heuristic,1,false,'[8x4096x6144][8x4096x6144][8x4096x6144][8x4096x6144][8x4096x6144][8x4096x6144][8x4096x6144][8x4096x6144][8x4096x6144][8x4096x6144][8x4096x6144][8x4096x6144][8x4096x6144][8x4096x6144][8x4096x6144][8x4096x6144][8x4096x6144][8x4096x6144][8x4096x6144][8x4096x6144][8x4096x6144][8x4096x6144][8x4096x6144][8x4096x6144][8x4096x6144][8x4096x6144][8x4096x6144][8x4096x6144][8x4096x6144][8x4096x6144][8x4096x6144][8x4096x6144][8x4096x6144][8x4096x6144][8x4096x6144][8x4096x6144][8x4096x6144][8x4096x6144][8x4096x6144][8x4096x6144][8x4096x6144][8x4096x6144][8x4096x6144][8x4096x6144][8x4096x6144][8x4096x6144][8x4096x6144][8x4096x6144][8x4096x6144][8x4096x6144][8x4096x6144][8x4096x6144][8x4096x6144][8x4096x6144][8x4096x6144][8x4096x6144][8x4096x6144][8x4096x6144][8x4096x6144][8x4096x6144][8x4096x6144][8x4096x6144][8x4096x6144][8x4096x6144][8x4096x6144][8x4096x6144][8x4096x6144][8x4096x6144][8x4096x6144][8x4096x6144][8x4096x6144][8x4096x6144][8x4096x6144][8x4096x6144][8x4096x6144][8x4096x6144][8x4096x6144][8x4096x6144][8x4096x6144][8x4096x6144][8x4096x6144][8x4096x6144][8x4096x6144][8x4096x6144][8x4096x6144][8x4096x6144][8x4096x6144][8x4096x6144][8x4096x6144][8x4096x6144][8x4096x6144][8x4096x6144][8x4096x6144][8x4096x6144][8x4096x6144][8x4096x6144][8x4096x6144][8x4096x6144][8x4096x6144][8x4096x6144][8x4096x6144][8x4096x6144][8x4096x6144][8x4096x6144][8x4096x6144][8x4096x6144][8x4096x6144][8x4096x6144][8x4096x6144][8x4096x6144][8x4096x6144][8x4096x6144][8x4096x6144][8x4096x6144][8x4096x6144][8x4096x6144][8x4096x6144][8x4096x6144][8x4096x6144][8x4096x6144][8x4096x6144][8x4096x6144][8x4096x6144][8x4096x6144][8x4096x6144][8x4096x6144][8x4096x6144][8x4096x6144][8x4096x6144][8x4096x6144][8x4096x6144][8x4096x6144][8x4096x6144][8x4096x6144][8x4096x6144][8x4096x6144][8x4096x6144][8x4096x6144][8x4096x6144][8x4096x6144][8x4096x6144][8x4096x6144][8x4096x6144][8x4096x6144][8x4096x6144][8x4096x6144][8x4096x6144][8x4096x6144][8x4096x6144][8x4096x6144][8x4096x6144][8x4096x6144][8x4096x6144][8x4096x6144][8x4096x6144][8x4096x6144][8x4096x6144][8x4096x6144][8x4096x6144][8x4096x6144][8x4096x6144][8x4096x6144][8x4096x6144][8x4096x6144][8x4096x6144][8x4096x6144][8x4096x6144][8x4096x6144][8x4096x6144][8x4096x6144][8x4096x6144][8x4096x6144][8x4096x6144][8x4096x6144][8x4096x6144][8x4096x6144][8x4096x6144][8x4096x6144][8x4096x6144][8x4096x6144][8x4096x6144][8x4096x6144][8x4096x6144][8x4096x6144][8x4096x6144][8x4096x6144][8x4096x6144][8x4096x6144][8x4096x6144][8x4096x6144][8x4096x6144][8x4096x6144][8x4096x6144][8x4096x6144][8x4096x6144][8x4096x6144][8x4096x6144][8x4096x6144][8x4096x6144][8x4096x6144][8x4096x6144][8x4096x6144][8x4096x6144][8x4096x6144][8x4096x6144][8x4096x6144][8x4096x6144][8x4096x6144][8x4096x6144][8x4096x6144][8x4096x6144][8x4096x6144][8x4096x6144][8x4096x6144][8x4096x6144][8x4096x6144][8x4096x6144][8x4096x6144][8x4096x6144][8x4096x6144][8x4096x6144][8x4096x6144][8x4096x6144][8x4096x6144][8x4096x6144][8x4096x6144][8x4096x6144][8x4096x6144][8x4096x6144][8x4096x6144][8x4096x6144][8x4096x6144][8x4096x6144][8x4096x6144][8x4096x6144][8x4096x6144][8x4096x6144][8x4096x6144][8x4096x6144][8x4096x6144][8x4096x6144][8x4096x6144][8x4096x6144][8x4096x6144][8x4096x6144][8x4096x6144][8x4096x6144][8x4096x6144][8x4096x6144][8x4096x6144][8x4096x6144][8x4096x6144][8x4096x6144][8x4096x6144][8x4096x6144][8x4096x6144]',,tensorop,f32,256,128,128,4,2,1,2,1,1,7,4,1,1,256,128,32,100,110,6471811072,103095992320,15,2.64388,2279.73,38994.2
1,CUTLASS,grouped_gemm,cutlass3x_sm100_tensorop_gemm_grouped_e4m3_e4m3_f32_bf16_e4m3_256x128x128_4x4x1_0_tnt_align16_2sm_epi_tma,passed,success,grouped,,,,,fe4m3:row,fe4m3:column,bf16:row,fe4m3:row,1,0,invalid,invalid,heuristic,1,false,'[8x4096x6144][8x4096x6144][8x4096x6144][8x4096x6144][8x4096x6144][8x4096x6144][8x4096x6144][8x4096x6144][8x4096x6144][8x4096x6144][8x4096x6144][8x4096x6144][8x4096x6144][8x4096x6144][8x4096x6144][8x4096x6144][8x4096x6144][8x4096x6144][8x4096x6144][8x4096x6144][8x4096x6144][8x4096x6144][8x4096x6144][8x4096x6144][8x4096x6144][8x4096x6144][8x4096x6144][8x4096x6144][8x4096x6144][8x4096x6144][8x4096x6144][8x4096x6144][8x4096x6144][8x4096x6144][8x4096x6144][8x4096x6144][8x4096x6144][8x4096x6144][8x4096x6144][8x4096x6144][8x4096x6144][8x4096x6144][8x4096x6144][8x4096x6144][8x4096x6144][8x4096x6144][8x4096x6144][8x4096x6144][8x4096x6144][8x4096x6144][8x4096x6144][8x4096x6144][8x4096x6144][8x4096x6144][8x4096x6144][8x4096x6144][8x4096x6144][8x4096x6144][8x4096x6144][8x4096x6144][8x4096x6144][8x4096x6144][8x4096x6144][8x4096x6144][8x4096x6144][8x4096x6144][8x4096x6144][8x4096x6144][8x4096x6144][8x4096x6144][8x4096x6144][8x4096x6144][8x4096x6144][8x4096x6144][8x4096x6144][8x4096x6144][8x4096x6144][8x4096x6144][8x4096x6144][8x4096x6144][8x4096x6144][8x4096x6144][8x4096x6144][8x4096x6144][8x4096x6144][8x4096x6144][8x4096x6144][8x4096x6144][8x4096x6144][8x4096x6144][8x4096x6144][8x4096x6144][8x4096x6144][8x4096x6144][8x4096x6144][8x4096x6144][8x4096x6144][8x4096x6144][8x4096x6144][8x4096x6144][8x4096x6144][8x4096x6144][8x4096x6144][8x4096x6144][8x4096x6144][8x4096x6144][8x4096x6144][8x4096x6144][8x4096x6144][8x4096x6144][8x4096x6144][8x4096x6144][8x4096x6144][8x4096x6144][8x4096x6144][8x4096x6144][8x4096x6144][8x4096x6144][8x4096x6144][8x4096x6144][8x4096x6144][8x4096x6144][8x4096x6144][8x4096x6144][8x4096x6144][8x4096x6144][8x4096x6144][8x4096x6144][8x4096x6144][8x4096x6144][8x4096x6144][8x4096x6144][8x4096x6144][8x4096x6144][8x4096x6144][8x4096x6144][8x4096x6144][8x4096x6144][8x4096x6144][8x4096x6144][8x4096x6144][8x4096x6144][8x4096x6144][8x4096x6144][8x4096x6144][8x4096x6144][8x4096x6144][8x4096x6144][8x4096x6144][8x4096x6144][8x4096x6144][8x4096x6144][8x4096x6144][8x4096x6144][8x4096x6144][8x4096x6144][8x4096x6144][8x4096x6144][8x4096x6144][8x4096x6144][8x4096x6144][8x4096x6144][8x4096x6144][8x4096x6144][8x4096x6144][8x4096x6144][8x4096x6144][8x4096x6144][8x4096x6144][8x4096x6144][8x4096x6144][8x4096x6144][8x4096x6144][8x4096x6144][8x4096x6144][8x4096x6144][8x4096x6144][8x4096x6144][8x4096x6144][8x4096x6144][8x4096x6144][8x4096x6144][8x4096x6144][8x4096x6144][8x4096x6144][8x4096x6144][8x4096x6144][8x4096x6144][8x4096x6144][8x4096x6144][8x4096x6144][8x4096x6144][8x4096x6144][8x4096x6144][8x4096x6144][8x4096x6144][8x4096x6144][8x4096x6144][8x4096x6144][8x4096x6144][8x4096x6144][8x4096x6144][8x4096x6144][8x4096x6144][8x4096x6144][8x4096x6144][8x4096x6144][8x4096x6144][8x4096x6144][8x4096x6144][8x4096x6144][8x4096x6144][8x4096x6144][8x4096x6144][8x4096x6144][8x4096x6144][8x4096x6144][8x4096x6144][8x4096x6144][8x4096x6144][8x4096x6144][8x4096x6144][8x4096x6144][8x4096x6144][8x4096x6144][8x4096x6144][8x4096x6144][8x4096x6144][8x4096x6144][8x4096x6144][8x4096x6144][8x4096x6144][8x4096x6144][8x4096x6144][8x4096x6144][8x4096x6144][8x4096x6144][8x4096x6144][8x4096x6144][8x4096x6144][8x4096x6144][8x4096x6144][8x4096x6144][8x4096x6144][8x4096x6144][8x4096x6144][8x4096x6144][8x4096x6144][8x4096x6144][8x4096x6144][8x4096x6144][8x4096x6144][8x4096x6144][8x4096x6144][8x4096x6144][8x4096x6144]',,tensorop,f32,256,128,128,4,4,1,2,1,1,7,4,1,1,256,128,32,100,110,6471811072,103095992320,15,2.6534,2271.55,38854.2
1,CUTLASS,grouped_gemm,cutlass3x_sm100_tensorop_gemm_grouped_e4m3_e4m3_f32_bf16_e4m3_256x128x128_4x4x1_0_tnt_align16_stream_k_2sm_epi_tma,passed,success,grouped,,,,,fe4m3:row,fe4m3:column,bf16:row,fe4m3:row,1,0,invalid,invalid,heuristic,1,false,'[8x4096x6144][8x4096x6144][8x4096x6144][8x4096x6144][8x4096x6144][8x4096x6144][8x4096x6144][8x4096x6144][8x4096x6144][8x4096x6144][8x4096x6144][8x4096x6144][8x4096x6144][8x4096x6144][8x4096x6144][8x4096x6144][8x4096x6144][8x4096x6144][8x4096x6144][8x4096x6144][8x4096x6144][8x4096x6144][8x4096x6144][8x4096x6144][8x4096x6144][8x4096x6144][8x4096x6144][8x4096x6144][8x4096x6144][8x4096x6144][8x4096x6144][8x4096x6144][8x4096x6144][8x4096x6144][8x4096x6144][8x4096x6144][8x4096x6144][8x4096x6144][8x4096x6144][8x4096x6144][8x4096x6144][8x4096x6144][8x4096x6144][8x4096x6144][8x4096x6144][8x4096x6144][8x4096x6144][8x4096x6144][8x4096x6144][8x4096x6144][8x4096x6144][8x4096x6144][8x4096x6144][8x4096x6144][8x4096x6144][8x4096x6144][8x4096x6144][8x4096x6144][8x4096x6144][8x4096x6144][8x4096x6144][8x4096x6144][8x4096x6144][8x4096x6144][8x4096x6144][8x4096x6144][8x4096x6144][8x4096x6144][8x4096x6144][8x4096x6144][8x4096x6144][8x4096x6144][8x4096x6144][8x4096x6144][8x4096x6144][8x4096x6144][8x4096x6144][8x4096x6144][8x4096x6144][8x4096x6144][8x4096x6144][8x4096x6144][8x4096x6144][8x4096x6144][8x4096x6144][8x4096x6144][8x4096x6144][8x4096x6144][8x4096x6144][8x4096x6144][8x4096x6144][8x4096x6144][8x4096x6144][8x4096x6144][8x4096x6144][8x4096x6144][8x4096x6144][8x4096x6144][8x4096x6144][8x4096x6144][8x4096x6144][8x4096x6144][8x4096x6144][8x4096x6144][8x4096x6144][8x4096x6144][8x4096x6144][8x4096x6144][8x4096x6144][8x4096x6144][8x4096x6144][8x4096x6144][8x4096x6144][8x4096x6144][8x4096x6144][8x4096x6144][8x4096x6144][8x4096x6144][8x4096x6144][8x4096x6144][8x4096x6144][8x4096x6144][8x4096x6144][8x4096x6144][8x4096x6144][8x4096x6144][8x4096x6144][8x4096x6144][8x4096x6144][8x4096x6144][8x4096x6144][8x4096x6144][8x4096x6144][8x4096x6144][8x4096x6144][8x4096x6144][8x4096x6144][8x4096x6144][8x4096x6144][8x4096x6144][8x4096x6144][8x4096x6144][8x4096x6144][8x4096x6144][8x4096x6144][8x4096x6144][8x4096x6144][8x4096x6144][8x4096x6144][8x4096x6144][8x4096x6144][8x4096x6144][8x4096x6144][8x4096x6144][8x4096x6144][8x4096x6144][8x4096x6144][8x4096x6144][8x4096x6144][8x4096x6144][8x4096x6144][8x4096x6144][8x4096x6144][8x4096x6144][8x4096x6144][8x4096x6144][8x4096x6144][8x4096x6144][8x4096x6144][8x4096x6144][8x4096x6144][8x4096x6144][8x4096x6144][8x4096x6144][8x4096x6144][8x4096x6144][8x4096x6144][8x4096x6144][8x4096x6144][8x4096x6144][8x4096x6144][8x4096x6144][8x4096x6144][8x4096x6144][8x4096x6144][8x4096x6144][8x4096x6144][8x4096x6144][8x4096x6144][8x4096x6144][8x4096x6144][8x4096x6144][8x4096x6144][8x4096x6144][8x4096x6144][8x4096x6144][8x4096x6144][8x4096x6144][8x4096x6144][8x4096x6144][8x4096x6144][8x4096x6144][8x4096x6144][8x4096x6144][8x4096x6144][8x4096x6144][8x4096x6144][8x4096x6144][8x4096x6144][8x4096x6144][8x4096x6144][8x4096x6144][8x4096x6144][8x4096x6144][8x4096x6144][8x4096x6144][8x4096x6144][8x4096x6144][8x4096x6144][8x4096x6144][8x4096x6144][8x4096x6144][8x4096x6144][8x4096x6144][8x4096x6144][8x4096x6144][8x4096x6144][8x4096x6144][8x4096x6144][8x4096x6144][8x4096x6144][8x4096x6144][8x4096x6144][8x4096x6144][8x4096x6144][8x4096x6144][8x4096x6144][8x4096x6144][8x4096x6144][8x4096x6144][8x4096x6144][8x4096x6144][8x4096x6144][8x4096x6144][8x4096x6144][8x4096x6144][8x4096x6144][8x4096x6144][8x4096x6144][8x4096x6144][8x4096x6144][8x4096x6144][8x4096x6144][8x4096x6144][8x4096x6144][8x4096x6144]',,tensorop,f32,256,128,128,4,4,1,2,1,1,7,4,1,1,256,128,32,100,110,6471811072,103095992320,15,2.65334,2271.6,38855.2
1,CUTLASS,grouped_gemm,cutlass3x_sm100_tensorop_gemm_grouped_e4m3_e4m3_f32_bf16_e4m3_256x128x128_0x0x1_0_ttt_align16_2sm_epi_tma,passed,success,grouped,,,,,fe4m3:row,fe4m3:row,bf16:row,fe4m3:row,1,0,invalid,invalid,heuristic,1,false,'[8x4096x6144][8x4096x6144][8x4096x6144][8x4096x6144][8x4096x6144][8x4096x6144][8x4096x6144][8x4096x6144][8x4096x6144][8x4096x6144][8x4096x6144][8x4096x6144][8x4096x6144][8x4096x6144][8x4096x6144][8x4096x6144][8x4096x6144][8x4096x6144][8x4096x6144][8x4096x6144][8x4096x6144][8x4096x6144][8x4096x6144][8x4096x6144][8x4096x6144][8x4096x6144][8x4096x6144][8x4096x6144][8x4096x6144][8x4096x6144][8x4096x6144][8x4096x6144][8x4096x6144][8x4096x6144][8x4096x6144][8x4096x6144][8x4096x6144][8x4096x6144][8x4096x6144][8x4096x6144][8x4096x6144][8x4096x6144][8x4096x6144][8x4096x6144][8x4096x6144][8x4096x6144][8x4096x6144][8x4096x6144][8x4096x6144][8x4096x6144][8x4096x6144][8x4096x6144][8x4096x6144][8x4096x6144][8x4096x6144][8x4096x6144][8x4096x6144][8x4096x6144][8x4096x6144][8x4096x6144][8x4096x6144][8x4096x6144][8x4096x6144][8x4096x6144][8x4096x6144][8x4096x6144][8x4096x6144][8x4096x6144][8x4096x6144][8x4096x6144][8x4096x6144][8x4096x6144][8x4096x6144][8x4096x6144][8x4096x6144][8x4096x6144][8x4096x6144][8x4096x6144][8x4096x6144][8x4096x6144][8x4096x6144][8x4096x6144][8x4096x6144][8x4096x6144][8x4096x6144][8x4096x6144][8x4096x6144][8x4096x6144][8x4096x6144][8x4096x6144][8x4096x6144][8x4096x6144][8x4096x6144][8x4096x6144][8x4096x6144][8x4096x6144][8x4096x6144][8x4096x6144][8x4096x6144][8x4096x6144][8x4096x6144][8x4096x6144][8x4096x6144][8x4096x6144][8x4096x6144][8x4096x6144][8x4096x6144][8x4096x6144][8x4096x6144][8x4096x6144][8x4096x6144][8x4096x6144][8x4096x6144][8x4096x6144][8x4096x6144][8x4096x6144][8x4096x6144][8x4096x6144][8x4096x6144][8x4096x6144][8x4096x6144][8x4096x6144][8x4096x6144][8x4096x6144][8x4096x6144][8x4096x6144][8x4096x6144][8x4096x6144][8x4096x6144][8x4096x6144][8x4096x6144][8x4096x6144][8x4096x6144][8x4096x6144][8x4096x6144][8x4096x6144][8x4096x6144][8x4096x6144][8x4096x6144][8x4096x6144][8x4096x6144][8x4096x6144][8x4096x6144][8x4096x6144][8x4096x6144][8x4096x6144][8x4096x6144][8x4096x6144][8x4096x6144][8x4096x6144][8x4096x6144][8x4096x6144][8x4096x6144][8x4096x6144][8x4096x6144][8x4096x6144][8x4096x6144][8x4096x6144][8x4096x6144][8x4096x6144][8x4096x6144][8x4096x6144][8x4096x6144][8x4096x6144][8x4096x6144][8x4096x6144][8x4096x6144][8x4096x6144][8x4096x6144][8x4096x6144][8x4096x6144][8x4096x6144][8x4096x6144][8x4096x6144][8x4096x6144][8x4096x6144][8x4096x6144][8x4096x6144][8x4096x6144][8x4096x6144][8x4096x6144][8x4096x6144][8x4096x6144][8x4096x6144][8x4096x6144][8x4096x6144][8x4096x6144][8x4096x6144][8x4096x6144][8x4096x6144][8x4096x6144][8x4096x6144][8x4096x6144][8x4096x6144][8x4096x6144][8x4096x6144][8x4096x6144][8x4096x6144][8x4096x6144][8x4096x6144][8x4096x6144][8x4096x6144][8x4096x6144][8x4096x6144][8x4096x6144][8x4096x6144][8x4096x6144][8x4096x6144][8x4096x6144][8x4096x6144][8x4096x6144][8x4096x6144][8x4096x6144][8x4096x6144][8x4096x6144][8x4096x6144][8x4096x6144][8x4096x6144][8x4096x6144][8x4096x6144][8x4096x6144][8x4096x6144][8x4096x6144][8x4096x6144][8x4096x6144][8x4096x6144][8x4096x6144][8x4096x6144][8x4096x6144][8x4096x6144][8x4096x6144][8x4096x6144][8x4096x6144][8x4096x6144][8x4096x6144][8x4096x6144][8x4096x6144][8x4096x6144][8x4096x6144][8x4096x6144][8x4096x6144][8x4096x6144][8x4096x6144][8x4096x6144][8x4096x6144][8x4096x6144][8x4096x6144][8x4096x6144][8x4096x6144][8x4096x6144][8x4096x6144][8x4096x6144][8x4096x6144][8x4096x6144][8x4096x6144][8x4096x6144]',,tensorop,f32,256,128,128,2,1,1,2,1,1,7,4,1,1,256,128,32,100,110,6471811072,103095992320,15,1.66933,3610.64,61759
1,CUTLASS,grouped_gemm,cutlass3x_sm100_tensorop_gemm_grouped_e4m3_e4m3_f32_bf16_e4m3_256x128x128_0x0x1_0_ttt_align16_stream_k_2sm_epi_tma,passed,success,grouped,,,,,fe4m3:row,fe4m3:row,bf16:row,fe4m3:row,1,0,invalid,invalid,heuristic,1,false,'[8x4096x6144][8x4096x6144][8x4096x6144][8x4096x6144][8x4096x6144][8x4096x6144][8x4096x6144][8x4096x6144][8x4096x6144][8x4096x6144][8x4096x6144][8x4096x6144][8x4096x6144][8x4096x6144][8x4096x6144][8x4096x6144][8x4096x6144][8x4096x6144][8x4096x6144][8x4096x6144][8x4096x6144][8x4096x6144][8x4096x6144][8x4096x6144][8x4096x6144][8x4096x6144][8x4096x6144][8x4096x6144][8x4096x6144][8x4096x6144][8x4096x6144][8x4096x6144][8x4096x6144][8x4096x6144][8x4096x6144][8x4096x6144][8x4096x6144][8x4096x6144][8x4096x6144][8x4096x6144][8x4096x6144][8x4096x6144][8x4096x6144][8x4096x6144][8x4096x6144][8x4096x6144][8x4096x6144][8x4096x6144][8x4096x6144][8x4096x6144][8x4096x6144][8x4096x6144][8x4096x6144][8x4096x6144][8x4096x6144][8x4096x6144][8x4096x6144][8x4096x6144][8x4096x6144][8x4096x6144][8x4096x6144][8x4096x6144][8x4096x6144][8x4096x6144][8x4096x6144][8x4096x6144][8x4096x6144][8x4096x6144][8x4096x6144][8x4096x6144][8x4096x6144][8x4096x6144][8x4096x6144][8x4096x6144][8x4096x6144][8x4096x6144][8x4096x6144][8x4096x6144][8x4096x6144][8x4096x6144][8x4096x6144][8x4096x6144][8x4096x6144][8x4096x6144][8x4096x6144][8x4096x6144][8x4096x6144][8x4096x6144][8x4096x6144][8x4096x6144][8x4096x6144][8x4096x6144][8x4096x6144][8x4096x6144][8x4096x6144][8x4096x6144][8x4096x6144][8x4096x6144][8x4096x6144][8x4096x6144][8x4096x6144][8x4096x6144][8x4096x6144][8x4096x6144][8x4096x6144][8x4096x6144][8x4096x6144][8x4096x6144][8x4096x6144][8x4096x6144][8x4096x6144][8x4096x6144][8x4096x6144][8x4096x6144][8x4096x6144][8x4096x6144][8x4096x6144][8x4096x6144][8x4096x6144][8x4096x6144][8x4096x6144][8x4096x6144][8x4096x6144][8x4096x6144][8x4096x6144][8x4096x6144][8x4096x6144][8x4096x6144][8x4096x6144][8x4096x6144][8x4096x6144][8x4096x6144][8x4096x6144][8x4096x6144][8x4096x6144][8x4096x6144][8x4096x6144][8x4096x6144][8x4096x6144][8x4096x6144][8x4096x6144][8x4096x6144][8x4096x6144][8x4096x6144][8x4096x6144][8x4096x6144][8x4096x6144][8x4096x6144][8x4096x6144][8x4096x6144][8x4096x6144][8x4096x6144][8x4096x6144][8x4096x6144][8x4096x6144][8x4096x6144][8x4096x6144][8x4096x6144][8x4096x6144][8x4096x6144][8x4096x6144][8x4096x6144][8x4096x6144][8x4096x6144][8x4096x6144][8x4096x6144][8x4096x6144][8x4096x6144][8x4096x6144][8x4096x6144][8x4096x6144][8x4096x6144][8x4096x6144][8x4096x6144][8x4096x6144][8x4096x6144][8x4096x6144][8x4096x6144][8x4096x6144][8x4096x6144][8x4096x6144][8x4096x6144][8x4096x6144][8x4096x6144][8x4096x6144][8x4096x6144][8x4096x6144][8x4096x6144][8x4096x6144][8x4096x6144][8x4096x6144][8x4096x6144][8x4096x6144][8x4096x6144][8x4096x6144][8x4096x6144][8x4096x6144][8x4096x6144][8x4096x6144][8x4096x6144][8x4096x6144][8x4096x6144][8x4096x6144][8x4096x6144][8x4096x6144][8x4096x6144][8x4096x6144][8x4096x6144][8x4096x6144][8x4096x6144][8x4096x6144][8x4096x6144][8x4096x6144][8x4096x6144][8x4096x6144][8x4096x6144][8x4096x6144][8x4096x6144][8x4096x6144][8x4096x6144][8x4096x6144][8x4096x6144][8x4096x6144][8x4096x6144][8x4096x6144][8x4096x6144][8x4096x6144][8x4096x6144][8x4096x6144][8x4096x6144][8x4096x6144][8x4096x6144][8x4096x6144][8x4096x6144][8x4096x6144][8x4096x6144][8x4096x6144][8x4096x6144][8x4096x6144][8x4096x6144][8x4096x6144][8x4096x6144][8x4096x6144][8x4096x6144][8x4096x6144][8x4096x6144][8x4096x6144][8x4096x6144][8x4096x6144][8x4096x6144][8x4096x6144][8x4096x6144][8x4096x6144][8x4096x6144][8x4096x6144][8x4096x6144]',,tensorop,f32,256,128,128,2,1,1,2,1,1,7,4,1,1,256,128,32,100,110,6471811072,103095992320,15,1.67253,3603.72,61640.6
1,CUTLASS,grouped_gemm,cutlass3x_sm100_tensorop_gemm_grouped_e4m3_e4m3_f32_bf16_e4m3_256x128x128_2x1x1_0_ttt_align16_2sm_epi_tma,passed,success,grouped,,,,,fe4m3:row,fe4m3:row,bf16:row,fe4m3:row,1,0,invalid,invalid,heuristic,1,false,'[8x4096x6144][8x4096x6144][8x4096x6144][8x4096x6144][8x4096x6144][8x4096x6144][8x4096x6144][8x4096x6144][8x4096x6144][8x4096x6144][8x4096x6144][8x4096x6144][8x4096x6144][8x4096x6144][8x4096x6144][8x4096x6144][8x4096x6144][8x4096x6144][8x4096x6144][8x4096x6144][8x4096x6144][8x4096x6144][8x4096x6144][8x4096x6144][8x4096x6144][8x4096x6144][8x4096x6144][8x4096x6144][8x4096x6144][8x4096x6144][8x4096x6144][8x4096x6144][8x4096x6144][8x4096x6144][8x4096x6144][8x4096x6144][8x4096x6144][8x4096x6144][8x4096x6144][8x4096x6144][8x4096x6144][8x4096x6144][8x4096x6144][8x4096x6144][8x4096x6144][8x4096x6144][8x4096x6144][8x4096x6144][8x4096x6144][8x4096x6144][8x4096x6144][8x4096x6144][8x4096x6144][8x4096x6144][8x4096x6144][8x4096x6144][8x4096x6144][8x4096x6144][8x4096x6144][8x4096x6144][8x4096x6144][8x4096x6144][8x4096x6144][8x4096x6144][8x4096x6144][8x4096x6144][8x4096x6144][8x4096x6144][8x4096x6144][8x4096x6144][8x4096x6144][8x4096x6144][8x4096x6144][8x4096x6144][8x4096x6144][8x4096x6144][8x4096x6144][8x4096x6144][8x4096x6144][8x4096x6144][8x4096x6144][8x4096x6144][8x4096x6144][8x4096x6144][8x4096x6144][8x4096x6144][8x4096x6144][8x4096x6144][8x4096x6144][8x4096x6144][8x4096x6144][8x4096x6144][8x4096x6144][8x4096x6144][8x4096x6144][8x4096x6144][8x4096x6144][8x4096x6144][8x4096x6144][8x4096x6144][8x4096x6144][8x4096x6144][8x4096x6144][8x4096x6144][8x4096x6144][8x4096x6144][8x4096x6144][8x4096x6144][8x4096x6144][8x4096x6144][8x4096x6144][8x4096x6144][8x4096x6144][8x4096x6144][8x4096x6144][8x4096x6144][8x4096x6144][8x4096x6144][8x4096x6144][8x4096x6144][8x4096x6144][8x4096x6144][8x4096x6144][8x4096x6144][8x4096x6144][8x4096x6144][8x4096x6144][8x4096x6144][8x4096x6144][8x4096x6144][8x4096x6144][8x4096x6144][8x4096x6144][8x4096x6144][8x4096x6144][8x4096x6144][8x4096x6144][8x4096x6144][8x4096x6144][8x4096x6144][8x4096x6144][8x4096x6144][8x4096x6144][8x4096x6144][8x4096x6144][8x4096x6144][8x4096x6144][8x4096x6144][8x4096x6144][8x4096x6144][8x4096x6144][8x4096x6144][8x4096x6144][8x4096x6144][8x4096x6144][8x4096x6144][8x4096x6144][8x4096x6144][8x4096x6144][8x4096x6144][8x4096x6144][8x4096x6144][8x4096x6144][8x4096x6144][8x4096x6144][8x4096x6144][8x4096x6144][8x4096x6144][8x4096x6144][8x4096x6144][8x4096x6144][8x4096x6144][8x4096x6144][8x4096x6144][8x4096x6144][8x4096x6144][8x4096x6144][8x4096x6144][8x4096x6144][8x4096x6144][8x4096x6144][8x4096x6144][8x4096x6144][8x4096x6144][8x4096x6144][8x4096x6144][8x4096x6144][8x4096x6144][8x4096x6144][8x4096x6144][8x4096x6144][8x4096x6144][8x4096x6144][8x4096x6144][8x4096x6144][8x4096x6144][8x4096x6144][8x4096x6144][8x4096x6144][8x4096x6144][8x4096x6144][8x4096x6144][8x4096x6144][8x4096x6144][8x4096x6144][8x4096x6144][8x4096x6144][8x4096x6144][8x4096x6144][8x4096x6144][8x4096x6144][8x4096x6144][8x4096x6144][8x4096x6144][8x4096x6144][8x4096x6144][8x4096x6144][8x4096x6144][8x4096x6144][8x4096x6144][8x4096x6144][8x4096x6144][8x4096x6144][8x4096x6144][8x4096x6144][8x4096x6144][8x4096x6144][8x4096x6144][8x4096x6144][8x4096x6144][8x4096x6144][8x4096x6144][8x4096x6144][8x4096x6144][8x4096x6144][8x4096x6144][8x4096x6144][8x4096x6144][8x4096x6144][8x4096x6144][8x4096x6144][8x4096x6144][8x4096x6144][8x4096x6144][8x4096x6144][8x4096x6144][8x4096x6144][8x4096x6144][8x4096x6144][8x4096x6144][8x4096x6144][8x4096x6144][8x4096x6144][8x4096x6144][8x4096x6144][8x4096x6144]',,tensorop,f32,256,128,128,2,1,1,2,1,1,7,4,1,1,256,128,32,100,110,6471811072,103095992320,15,1.67083,3607.39,61703.3
1,CUTLASS,grouped_gemm,cutlass3x_sm100_tensorop_gemm_grouped_e4m3_e4m3_f32_bf16_e4m3_256x128x128_2x1x1_0_ttt_align16_stream_k_2sm_epi_tma,passed,success,grouped,,,,,fe4m3:row,fe4m3:row,bf16:row,fe4m3:row,1,0,invalid,invalid,heuristic,1,false,'[8x4096x6144][8x4096x6144][8x4096x6144][8x4096x6144][8x4096x6144][8x4096x6144][8x4096x6144][8x4096x6144][8x4096x6144][8x4096x6144][8x4096x6144][8x4096x6144][8x4096x6144][8x4096x6144][8x4096x6144][8x4096x6144][8x4096x6144][8x4096x6144][8x4096x6144][8x4096x6144][8x4096x6144][8x4096x6144][8x4096x6144][8x4096x6144][8x4096x6144][8x4096x6144][8x4096x6144][8x4096x6144][8x4096x6144][8x4096x6144][8x4096x6144][8x4096x6144][8x4096x6144][8x4096x6144][8x4096x6144][8x4096x6144][8x4096x6144][8x4096x6144][8x4096x6144][8x4096x6144][8x4096x6144][8x4096x6144][8x4096x6144][8x4096x6144][8x4096x6144][8x4096x6144][8x4096x6144][8x4096x6144][8x4096x6144][8x4096x6144][8x4096x6144][8x4096x6144][8x4096x6144][8x4096x6144][8x4096x6144][8x4096x6144][8x4096x6144][8x4096x6144][8x4096x6144][8x4096x6144][8x4096x6144][8x4096x6144][8x4096x6144][8x4096x6144][8x4096x6144][8x4096x6144][8x4096x6144][8x4096x6144][8x4096x6144][8x4096x6144][8x4096x6144][8x4096x6144][8x4096x6144][8x4096x6144][8x4096x6144][8x4096x6144][8x4096x6144][8x4096x6144][8x4096x6144][8x4096x6144][8x4096x6144][8x4096x6144][8x4096x6144][8x4096x6144][8x4096x6144][8x4096x6144][8x4096x6144][8x4096x6144][8x4096x6144][8x4096x6144][8x4096x6144][8x4096x6144][8x4096x6144][8x4096x6144][8x4096x6144][8x4096x6144][8x4096x6144][8x4096x6144][8x4096x6144][8x4096x6144][8x4096x6144][8x4096x6144][8x4096x6144][8x4096x6144][8x4096x6144][8x4096x6144][8x4096x6144][8x4096x6144][8x4096x6144][8x4096x6144][8x4096x6144][8x4096x6144][8x4096x6144][8x4096x6144][8x4096x6144][8x4096x6144][8x4096x6144][8x4096x6144][8x4096x6144][8x4096x6144][8x4096x6144][8x4096x6144][8x4096x6144][8x4096x6144][8x4096x6144][8x4096x6144][8x4096x6144][8x4096x6144][8x4096x6144][8x4096x6144][8x4096x6144][8x4096x6144][8x4096x6144][8x4096x6144][8x4096x6144][8x4096x6144][8x4096x6144][8x4096x6144][8x4096x6144][8x4096x6144][8x4096x6144][8x4096x6144][8x4096x6144][8x4096x6144][8x4096x6144][8x4096x6144][8x4096x6144][8x4096x6144][8x4096x6144][8x4096x6144][8x4096x6144][8x4096x6144][8x4096x6144][8x4096x6144][8x4096x6144][8x4096x6144][8x4096x6144][8x4096x6144][8x4096x6144][8x4096x6144][8x4096x6144][8x4096x6144][8x4096x6144][8x4096x6144][8x4096x6144][8x4096x6144][8x4096x6144][8x4096x6144][8x4096x6144][8x4096x6144][8x4096x6144][8x4096x6144][8x4096x6144][8x4096x6144][8x4096x6144][8x4096x6144][8x4096x6144][8x4096x6144][8x4096x6144][8x4096x6144][8x4096x6144][8x4096x6144][8x4096x6144][8x4096x6144][8x4096x6144][8x4096x6144][8x4096x6144][8x4096x6144][8x4096x6144][8x4096x6144][8x4096x6144][8x4096x6144][8x4096x6144][8x4096x6144][8x4096x6144][8x4096x6144][8x4096x6144][8x4096x6144][8x4096x6144][8x4096x6144][8x4096x6144][8x4096x6144][8x4096x6144][8x4096x6144][8x4096x6144][8x4096x6144][8x4096x6144][8x4096x6144][8x4096x6144][8x4096x6144][8x4096x6144][8x4096x6144][8x4096x6144][8x4096x6144][8x4096x6144][8x4096x6144][8x4096x6144][8x4096x6144][8x4096x6144][8x4096x6144][8x4096x6144][8x4096x6144][8x4096x6144][8x4096x6144][8x4096x6144][8x4096x6144][8x4096x6144][8x4096x6144][8x4096x6144][8x4096x6144][8x4096x6144][8x4096x6144][8x4096x6144][8x4096x6144][8x4096x6144][8x4096x6144][8x4096x6144][8x4096x6144][8x4096x6144][8x4096x6144][8x4096x6144][8x4096x6144][8x4096x6144][8x4096x6144][8x4096x6144][8x4096x6144][8x4096x6144][8x4096x6144][8x4096x6144][8x4096x6144][8x4096x6144][8x4096x6144][8x4096x6144][8x4096x6144][8x4096x6144][8x4096x6144]',,tensorop,f32,256,128,128,2,1,1,2,1,1,7,4,1,1,256,128,32,100,110,6471811072,103095992320,15,1.66997,3609.24,61735.1
1,CUTLASS,grouped_gemm,cutlass3x_sm100_tensorop_gemm_grouped_e4m3_e4m3_f32_bf16_e4m3_256x128x128_2x2x1_0_ttt_align16_2sm_epi_tma,passed,success,grouped,,,,,fe4m3:row,fe4m3:row,bf16:row,fe4m3:row,1,0,invalid,invalid,heuristic,1,false,'[8x4096x6144][8x4096x6144][8x4096x6144][8x4096x6144][8x4096x6144][8x4096x6144][8x4096x6144][8x4096x6144][8x4096x6144][8x4096x6144][8x4096x6144][8x4096x6144][8x4096x6144][8x4096x6144][8x4096x6144][8x4096x6144][8x4096x6144][8x4096x6144][8x4096x6144][8x4096x6144][8x4096x6144][8x4096x6144][8x4096x6144][8x4096x6144][8x4096x6144][8x4096x6144][8x4096x6144][8x4096x6144][8x4096x6144][8x4096x6144][8x4096x6144][8x4096x6144][8x4096x6144][8x4096x6144][8x4096x6144][8x4096x6144][8x4096x6144][8x4096x6144][8x4096x6144][8x4096x6144][8x4096x6144][8x4096x6144][8x4096x6144][8x4096x6144][8x4096x6144][8x4096x6144][8x4096x6144][8x4096x6144][8x4096x6144][8x4096x6144][8x4096x6144][8x4096x6144][8x4096x6144][8x4096x6144][8x4096x6144][8x4096x6144][8x4096x6144][8x4096x6144][8x4096x6144][8x4096x6144][8x4096x6144][8x4096x6144][8x4096x6144][8x4096x6144][8x4096x6144][8x4096x6144][8x4096x6144][8x4096x6144][8x4096x6144][8x4096x6144][8x4096x6144][8x4096x6144][8x4096x6144][8x4096x6144][8x4096x6144][8x4096x6144][8x4096x6144][8x4096x6144][8x4096x6144][8x4096x6144][8x4096x6144][8x4096x6144][8x4096x6144][8x4096x6144][8x4096x6144][8x4096x6144][8x4096x6144][8x4096x6144][8x4096x6144][8x4096x6144][8x4096x6144][8x4096x6144][8x4096x6144][8x4096x6144][8x4096x6144][8x4096x6144][8x4096x6144][8x4096x6144][8x4096x6144][8x4096x6144][8x4096x6144][8x4096x6144][8x4096x6144][8x4096x6144][8x4096x6144][8x4096x6144][8x4096x6144][8x4096x6144][8x4096x6144][8x4096x6144][8x4096x6144][8x4096x6144][8x4096x6144][8x4096x6144][8x4096x6144][8x4096x6144][8x4096x6144][8x4096x6144][8x4096x6144][8x4096x6144][8x4096x6144][8x4096x6144][8x4096x6144][8x4096x6144][8x4096x6144][8x4096x6144][8x4096x6144][8x4096x6144][8x4096x6144][8x4096x6144][8x4096x6144][8x4096x6144][8x4096x6144][8x4096x6144][8x4096x6144][8x4096x6144][8x4096x6144][8x4096x6144][8x4096x6144][8x4096x6144][8x4096x6144][8x4096x6144][8x4096x6144][8x4096x6144][8x4096x6144][8x4096x6144][8x4096x6144][8x4096x6144][8x4096x6144][8x4096x6144][8x4096x6144][8x4096x6144][8x4096x6144][8x4096x6144][8x4096x6144][8x4096x6144][8x4096x6144][8x4096x6144][8x4096x6144][8x4096x6144][8x4096x6144][8x4096x6144][8x4096x6144][8x4096x6144][8x4096x6144][8x4096x6144][8x4096x6144][8x4096x6144][8x4096x6144][8x4096x6144][8x4096x6144][8x4096x6144][8x4096x6144][8x4096x6144][8x4096x6144][8x4096x6144][8x4096x6144][8x4096x6144][8x4096x6144][8x4096x6144][8x4096x6144][8x4096x6144][8x4096x6144][8x4096x6144][8x4096x6144][8x4096x6144][8x4096x6144][8x4096x6144][8x4096x6144][8x4096x6144][8x4096x6144][8x4096x6144][8x4096x6144][8x4096x6144][8x4096x6144][8x4096x6144][8x4096x6144][8x4096x6144][8x4096x6144][8x4096x6144][8x4096x6144][8x4096x6144][8x4096x6144][8x4096x6144][8x4096x6144][8x4096x6144][8x4096x6144][8x4096x6144][8x4096x6144][8x4096x6144][8x4096x6144][8x4096x6144][8x4096x6144][8x4096x6144][8x4096x6144][8x4096x6144][8x4096x6144][8x4096x6144][8x4096x6144][8x4096x6144][8x4096x6144][8x4096x6144][8x4096x6144][8x4096x6144][8x4096x6144][8x4096x6144][8x4096x6144][8x4096x6144][8x4096x6144][8x4096x6144][8x4096x6144][8x4096x6144][8x4096x6144][8x4096x6144][8x4096x6144][8x4096x6144][8x4096x6144][8x4096x6144][8x4096x6144][8x4096x6144][8x4096x6144][8x4096x6144][8x4096x6144][8x4096x6144][8x4096x6144][8x4096x6144][8x4096x6144][8x4096x6144][8x4096x6144][8x4096x6144][8x4096x6144][8x4096x6144][8x4096x6144][8x4096x6144][8x4096x6144][8x4096x6144]',,tensorop,f32,256,128,128,2,2,1,2,1,1,7,4,1,1,256,128,32,100,110,6471811072,103095992320,15,1.35158,4459.47,76277.9
1,CUTLASS,grouped_gemm,cutlass3x_sm100_tensorop_gemm_grouped_e4m3_e4m3_f32_bf16_e4m3_256x128x128_2x2x1_0_ttt_align16_stream_k_2sm_epi_tma,passed,success,grouped,,,,,fe4m3:row,fe4m3:row,bf16:row,fe4m3:row,1,0,invalid,invalid,heuristic,1,false,'[8x4096x6144][8x4096x6144][8x4096x6144][8x4096x6144][8x4096x6144][8x4096x6144][8x4096x6144][8x4096x6144][8x4096x6144][8x4096x6144][8x4096x6144][8x4096x6144][8x4096x6144][8x4096x6144][8x4096x6144][8x4096x6144][8x4096x6144][8x4096x6144][8x4096x6144][8x4096x6144][8x4096x6144][8x4096x6144][8x4096x6144][8x4096x6144][8x4096x6144][8x4096x6144][8x4096x6144][8x4096x6144][8x4096x6144][8x4096x6144][8x4096x6144][8x4096x6144][8x4096x6144][8x4096x6144][8x4096x6144][8x4096x6144][8x4096x6144][8x4096x6144][8x4096x6144][8x4096x6144][8x4096x6144][8x4096x6144][8x4096x6144][8x4096x6144][8x4096x6144][8x4096x6144][8x4096x6144][8x4096x6144][8x4096x6144][8x4096x6144][8x4096x6144][8x4096x6144][8x4096x6144][8x4096x6144][8x4096x6144][8x4096x6144][8x4096x6144][8x4096x6144][8x4096x6144][8x4096x6144][8x4096x6144][8x4096x6144][8x4096x6144][8x4096x6144][8x4096x6144][8x4096x6144][8x4096x6144][8x4096x6144][8x4096x6144][8x4096x6144][8x4096x6144][8x4096x6144][8x4096x6144][8x4096x6144][8x4096x6144][8x4096x6144][8x4096x6144][8x4096x6144][8x4096x6144][8x4096x6144][8x4096x6144][8x4096x6144][8x4096x6144][8x4096x6144][8x4096x6144][8x4096x6144][8x4096x6144][8x4096x6144][8x4096x6144][8x4096x6144][8x4096x6144][8x4096x6144][8x4096x6144][8x4096x6144][8x4096x6144][8x4096x6144][8x4096x6144][8x4096x6144][8x4096x6144][8x4096x6144][8x4096x6144][8x4096x6144][8x4096x6144][8x4096x6144][8x4096x6144][8x4096x6144][8x4096x6144][8x4096x6144][8x4096x6144][8x4096x6144][8x4096x6144][8x4096x6144][8x4096x6144][8x4096x6144][8x4096x6144][8x4096x6144][8x4096x6144][8x4096x6144][8x4096x6144][8x4096x6144][8x4096x6144][8x4096x6144][8x4096x6144][8x4096x6144][8x4096x6144][8x4096x6144][8x4096x6144][8x4096x6144][8x4096x6144][8x4096x6144][8x4096x6144][8x4096x6144][8x4096x6144][8x4096x6144][8x4096x6144][8x4096x6144][8x4096x6144][8x4096x6144][8x4096x6144][8x4096x6144][8x4096x6144][8x4096x6144][8x4096x6144][8x4096x6144][8x4096x6144][8x4096x6144][8x4096x6144][8x4096x6144][8x4096x6144][8x4096x6144][8x4096x6144][8x4096x6144][8x4096x6144][8x4096x6144][8x4096x6144][8x4096x6144][8x4096x6144][8x4096x6144][8x4096x6144][8x4096x6144][8x4096x6144][8x4096x6144][8x4096x6144][8x4096x6144][8x4096x6144][8x4096x6144][8x4096x6144][8x4096x6144][8x4096x6144][8x4096x6144][8x4096x6144][8x4096x6144][8x4096x6144][8x4096x6144][8x4096x6144][8x4096x6144][8x4096x6144][8x4096x6144][8x4096x6144][8x4096x6144][8x4096x6144][8x4096x6144][8x4096x6144][8x4096x6144][8x4096x6144][8x4096x6144][8x4096x6144][8x4096x6144][8x4096x6144][8x4096x6144][8x4096x6144][8x4096x6144][8x4096x6144][8x4096x6144][8x4096x6144][8x4096x6144][8x4096x6144][8x4096x6144][8x4096x6144][8x4096x6144][8x4096x6144][8x4096x6144][8x4096x6144][8x4096x6144][8x4096x6144][8x4096x6144][8x4096x6144][8x4096x6144][8x4096x6144][8x4096x6144][8x4096x6144][8x4096x6144][8x4096x6144][8x4096x6144][8x4096x6144][8x4096x6144][8x4096x6144][8x4096x6144][8x4096x6144][8x4096x6144][8x4096x6144][8x4096x6144][8x4096x6144][8x4096x6144][8x4096x6144][8x4096x6144][8x4096x6144][8x4096x6144][8x4096x6144][8x4096x6144][8x4096x6144][8x4096x6144][8x4096x6144][8x4096x6144][8x4096x6144][8x4096x6144][8x4096x6144][8x4096x6144][8x4096x6144][8x4096x6144][8x4096x6144][8x4096x6144][8x4096x6144][8x4096x6144][8x4096x6144][8x4096x6144][8x4096x6144][8x4096x6144][8x4096x6144][8x4096x6144][8x4096x6144][8x4096x6144][8x4096x6144][8x4096x6144][8x4096x6144][8x4096x6144]',,tensorop,f32,256,128,128,2,2,1,2,1,1,7,4,1,1,256,128,32,100,110,6471811072,103095992320,15,1.3504,4463.36,76344.5
1,CUTLASS,grouped_gemm,cutlass3x_sm100_tensorop_gemm_grouped_e4m3_e4m3_f32_bf16_e4m3_256x128x128_4x1x1_0_ttt_align16_2sm_epi_tma,passed,success,grouped,,,,,fe4m3:row,fe4m3:row,bf16:row,fe4m3:row,1,0,invalid,invalid,heuristic,1,false,'[8x4096x6144][8x4096x6144][8x4096x6144][8x4096x6144][8x4096x6144][8x4096x6144][8x4096x6144][8x4096x6144][8x4096x6144][8x4096x6144][8x4096x6144][8x4096x6144][8x4096x6144][8x4096x6144][8x4096x6144][8x4096x6144][8x4096x6144][8x4096x6144][8x4096x6144][8x4096x6144][8x4096x6144][8x4096x6144][8x4096x6144][8x4096x6144][8x4096x6144][8x4096x6144][8x4096x6144][8x4096x6144][8x4096x6144][8x4096x6144][8x4096x6144][8x4096x6144][8x4096x6144][8x4096x6144][8x4096x6144][8x4096x6144][8x4096x6144][8x4096x6144][8x4096x6144][8x4096x6144][8x4096x6144][8x4096x6144][8x4096x6144][8x4096x6144][8x4096x6144][8x4096x6144][8x4096x6144][8x4096x6144][8x4096x6144][8x4096x6144][8x4096x6144][8x4096x6144][8x4096x6144][8x4096x6144][8x4096x6144][8x4096x6144][8x4096x6144][8x4096x6144][8x4096x6144][8x4096x6144][8x4096x6144][8x4096x6144][8x4096x6144][8x4096x6144][8x4096x6144][8x4096x6144][8x4096x6144][8x4096x6144][8x4096x6144][8x4096x6144][8x4096x6144][8x4096x6144][8x4096x6144][8x4096x6144][8x4096x6144][8x4096x6144][8x4096x6144][8x4096x6144][8x4096x6144][8x4096x6144][8x4096x6144][8x4096x6144][8x4096x6144][8x4096x6144][8x4096x6144][8x4096x6144][8x4096x6144][8x4096x6144][8x4096x6144][8x4096x6144][8x4096x6144][8x4096x6144][8x4096x6144][8x4096x6144][8x4096x6144][8x4096x6144][8x4096x6144][8x4096x6144][8x4096x6144][8x4096x6144][8x4096x6144][8x4096x6144][8x4096x6144][8x4096x6144][8x4096x6144][8x4096x6144][8x4096x6144][8x4096x6144][8x4096x6144][8x4096x6144][8x4096x6144][8x4096x6144][8x4096x6144][8x4096x6144][8x4096x6144][8x4096x6144][8x4096x6144][8x4096x6144][8x4096x6144][8x4096x6144][8x4096x6144][8x4096x6144][8x4096x6144][8x4096x6144][8x4096x6144][8x4096x6144][8x4096x6144][8x4096x6144][8x4096x6144][8x4096x6144][8x4096x6144][8x4096x6144][8x4096x6144][8x4096x6144][8x4096x6144][8x4096x6144][8x4096x6144][8x4096x6144][8x4096x6144][8x4096x6144][8x4096x6144][8x4096x6144][8x4096x6144][8x4096x6144][8x4096x6144][8x4096x6144][8x4096x6144][8x4096x6144][8x4096x6144][8x4096x6144][8x4096x6144][8x4096x6144][8x4096x6144][8x4096x6144][8x4096x6144][8x4096x6144][8x4096x6144][8x4096x6144][8x4096x6144][8x4096x6144][8x4096x6144][8x4096x6144][8x4096x6144][8x4096x6144][8x4096x6144][8x4096x6144][8x4096x6144][8x4096x6144][8x4096x6144][8x4096x6144][8x4096x6144][8x4096x6144][8x4096x6144][8x4096x6144][8x4096x6144][8x4096x6144][8x4096x6144][8x4096x6144][8x4096x6144][8x4096x6144][8x4096x6144][8x4096x6144][8x4096x6144][8x4096x6144][8x4096x6144][8x4096x6144][8x4096x6144][8x4096x6144][8x4096x6144][8x4096x6144][8x4096x6144][8x4096x6144][8x4096x6144][8x4096x6144][8x4096x6144][8x4096x6144][8x4096x6144][8x4096x6144][8x4096x6144][8x4096x6144][8x4096x6144][8x4096x6144][8x4096x6144][8x4096x6144][8x4096x6144][8x4096x6144][8x4096x6144][8x4096x6144][8x4096x6144][8x4096x6144][8x4096x6144][8x4096x6144][8x4096x6144][8x4096x6144][8x4096x6144][8x4096x6144][8x4096x6144][8x4096x6144][8x4096x6144][8x4096x6144][8x4096x6144][8x4096x6144][8x4096x6144][8x4096x6144][8x4096x6144][8x4096x6144][8x4096x6144][8x4096x6144][8x4096x6144][8x4096x6144][8x4096x6144][8x4096x6144][8x4096x6144][8x4096x6144][8x4096x6144][8x4096x6144][8x4096x6144][8x4096x6144][8x4096x6144][8x4096x6144][8x4096x6144][8x4096x6144][8x4096x6144][8x4096x6144][8x4096x6144][8x4096x6144][8x4096x6144][8x4096x6144][8x4096x6144][8x4096x6144][8x4096x6144][8x4096x6144][8x4096x6144][8x4096x6144][8x4096x6144][8x4096x6144]',,tensorop,f32,256,128,128,4,1,1,2,1,1,7,4,1,1,256,128,32,100,110,6471811072,103095992320,15,2.51881,2392.93,40930.5
1,CUTLASS,grouped_gemm,cutlass3x_sm100_tensorop_gemm_grouped_e4m3_e4m3_f32_bf16_e4m3_256x128x128_4x1x1_0_ttt_align16_stream_k_2sm_epi_tma,passed,success,grouped,,,,,fe4m3:row,fe4m3:row,bf16:row,fe4m3:row,1,0,invalid,invalid,heuristic,1,false,'[8x4096x6144][8x4096x6144][8x4096x6144][8x4096x6144][8x4096x6144][8x4096x6144][8x4096x6144][8x4096x6144][8x4096x6144][8x4096x6144][8x4096x6144][8x4096x6144][8x4096x6144][8x4096x6144][8x4096x6144][8x4096x6144][8x4096x6144][8x4096x6144][8x4096x6144][8x4096x6144][8x4096x6144][8x4096x6144][8x4096x6144][8x4096x6144][8x4096x6144][8x4096x6144][8x4096x6144][8x4096x6144][8x4096x6144][8x4096x6144][8x4096x6144][8x4096x6144][8x4096x6144][8x4096x6144][8x4096x6144][8x4096x6144][8x4096x6144][8x4096x6144][8x4096x6144][8x4096x6144][8x4096x6144][8x4096x6144][8x4096x6144][8x4096x6144][8x4096x6144][8x4096x6144][8x4096x6144][8x4096x6144][8x4096x6144][8x4096x6144][8x4096x6144][8x4096x6144][8x4096x6144][8x4096x6144][8x4096x6144][8x4096x6144][8x4096x6144][8x4096x6144][8x4096x6144][8x4096x6144][8x4096x6144][8x4096x6144][8x4096x6144][8x4096x6144][8x4096x6144][8x4096x6144][8x4096x6144][8x4096x6144][8x4096x6144][8x4096x6144][8x4096x6144][8x4096x6144][8x4096x6144][8x4096x6144][8x4096x6144][8x4096x6144][8x4096x6144][8x4096x6144][8x4096x6144][8x4096x6144][8x4096x6144][8x4096x6144][8x4096x6144][8x4096x6144][8x4096x6144][8x4096x6144][8x4096x6144][8x4096x6144][8x4096x6144][8x4096x6144][8x4096x6144][8x4096x6144][8x4096x6144][8x4096x6144][8x4096x6144][8x4096x6144][8x4096x6144][8x4096x6144][8x4096x6144][8x4096x6144][8x4096x6144][8x4096x6144][8x4096x6144][8x4096x6144][8x4096x6144][8x4096x6144][8x4096x6144][8x4096x6144][8x4096x6144][8x4096x6144][8x4096x6144][8x4096x6144][8x4096x6144][8x4096x6144][8x4096x6144][8x4096x6144][8x4096x6144][8x4096x6144][8x4096x6144][8x4096x6144][8x4096x6144][8x4096x6144][8x4096x6144][8x4096x6144][8x4096x6144][8x4096x6144][8x4096x6144][8x4096x6144][8x4096x6144][8x4096x6144][8x4096x6144][8x4096x6144][8x4096x6144][8x4096x6144][8x4096x6144][8x4096x6144][8x4096x6144][8x4096x6144][8x4096x6144][8x4096x6144][8x4096x6144][8x4096x6144][8x4096x6144][8x4096x6144][8x4096x6144][8x4096x6144][8x4096x6144][8x4096x6144][8x4096x6144][8x4096x6144][8x4096x6144][8x4096x6144][8x4096x6144][8x4096x6144][8x4096x6144][8x4096x6144][8x4096x6144][8x4096x6144][8x4096x6144][8x4096x6144][8x4096x6144][8x4096x6144][8x4096x6144][8x4096x6144][8x4096x6144][8x4096x6144][8x4096x6144][8x4096x6144][8x4096x6144][8x4096x6144][8x4096x6144][8x4096x6144][8x4096x6144][8x4096x6144][8x4096x6144][8x4096x6144][8x4096x6144][8x4096x6144][8x4096x6144][8x4096x6144][8x4096x6144][8x4096x6144][8x4096x6144][8x4096x6144][8x4096x6144][8x4096x6144][8x4096x6144][8x4096x6144][8x4096x6144][8x4096x6144][8x4096x6144][8x4096x6144][8x4096x6144][8x4096x6144][8x4096x6144][8x4096x6144][8x4096x6144][8x4096x6144][8x4096x6144][8x4096x6144][8x4096x6144][8x4096x6144][8x4096x6144][8x4096x6144][8x4096x6144][8x4096x6144][8x4096x6144][8x4096x6144][8x4096x6144][8x4096x6144][8x4096x6144][8x4096x6144][8x4096x6144][8x4096x6144][8x4096x6144][8x4096x6144][8x4096x6144][8x4096x6144][8x4096x6144][8x4096x6144][8x4096x6144][8x4096x6144][8x4096x6144][8x4096x6144][8x4096x6144][8x4096x6144][8x4096x6144][8x4096x6144][8x4096x6144][8x4096x6144][8x4096x6144][8x4096x6144][8x4096x6144][8x4096x6144][8x4096x6144][8x4096x6144][8x4096x6144][8x4096x6144][8x4096x6144][8x4096x6144][8x4096x6144][8x4096x6144][8x4096x6144][8x4096x6144][8x4096x6144][8x4096x6144][8x4096x6144][8x4096x6144][8x4096x6144][8x4096x6144][8x4096x6144][8x4096x6144][8x4096x6144][8x4096x6144][8x4096x6144][8x4096x6144]',,tensorop,f32,256,128,128,4,1,1,2,1,1,7,4,1,1,256,128,32,100,110,6471811072,103095992320,15,2.52513,2386.95,40828
1,CUTLASS,grouped_gemm,cutlass3x_sm100_tensorop_gemm_grouped_e4m3_e4m3_f32_bf16_e4m3_256x128x128_2x4x1_0_ttt_align16_2sm_epi_tma,passed,success,grouped,,,,,fe4m3:row,fe4m3:row,bf16:row,fe4m3:row,1,0,invalid,invalid,heuristic,1,false,'[8x4096x6144][8x4096x6144][8x4096x6144][8x4096x6144][8x4096x6144][8x4096x6144][8x4096x6144][8x4096x6144][8x4096x6144][8x4096x6144][8x4096x6144][8x4096x6144][8x4096x6144][8x4096x6144][8x4096x6144][8x4096x6144][8x4096x6144][8x4096x6144][8x4096x6144][8x4096x6144][8x4096x6144][8x4096x6144][8x4096x6144][8x4096x6144][8x4096x6144][8x4096x6144][8x4096x6144][8x4096x6144][8x4096x6144][8x4096x6144][8x4096x6144][8x4096x6144][8x4096x6144][8x4096x6144][8x4096x6144][8x4096x6144][8x4096x6144][8x4096x6144][8x4096x6144][8x4096x6144][8x4096x6144][8x4096x6144][8x4096x6144][8x4096x6144][8x4096x6144][8x4096x6144][8x4096x6144][8x4096x6144][8x4096x6144][8x4096x6144][8x4096x6144][8x4096x6144][8x4096x6144][8x4096x6144][8x4096x6144][8x4096x6144][8x4096x6144][8x4096x6144][8x4096x6144][8x4096x6144][8x4096x6144][8x4096x6144][8x4096x6144][8x4096x6144][8x4096x6144][8x4096x6144][8x4096x6144][8x4096x6144][8x4096x6144][8x4096x6144][8x4096x6144][8x4096x6144][8x4096x6144][8x4096x6144][8x4096x6144][8x4096x6144][8x4096x6144][8x4096x6144][8x4096x6144][8x4096x6144][8x4096x6144][8x4096x6144][8x4096x6144][8x4096x6144][8x4096x6144][8x4096x6144][8x4096x6144][8x4096x6144][8x4096x6144][8x4096x6144][8x4096x6144][8x4096x6144][8x4096x6144][8x4096x6144][8x4096x6144][8x4096x6144][8x4096x6144][8x4096x6144][8x4096x6144][8x4096x6144][8x4096x6144][8x4096x6144][8x4096x6144][8x4096x6144][8x4096x6144][8x4096x6144][8x4096x6144][8x4096x6144][8x4096x6144][8x4096x6144][8x4096x6144][8x4096x6144][8x4096x6144][8x4096x6144][8x4096x6144][8x4096x6144][8x4096x6144][8x4096x6144][8x4096x6144][8x4096x6144][8x4096x6144][8x4096x6144][8x4096x6144][8x4096x6144][8x4096x6144][8x4096x6144][8x4096x6144][8x4096x6144][8x4096x6144][8x4096x6144][8x4096x6144][8x4096x6144][8x4096x6144][8x4096x6144][8x4096x6144][8x4096x6144][8x4096x6144][8x4096x6144][8x4096x6144][8x4096x6144][8x4096x6144][8x4096x6144][8x4096x6144][8x4096x6144][8x4096x6144][8x4096x6144][8x4096x6144][8x4096x6144][8x4096x6144][8x4096x6144][8x4096x6144][8x4096x6144][8x4096x6144][8x4096x6144][8x4096x6144][8x4096x6144][8x4096x6144][8x4096x6144][8x4096x6144][8x4096x6144][8x4096x6144][8x4096x6144][8x4096x6144][8x4096x6144][8x4096x6144][8x4096x6144][8x4096x6144][8x4096x6144][8x4096x6144][8x4096x6144][8x4096x6144][8x4096x6144][8x4096x6144][8x4096x6144][8x4096x6144][8x4096x6144][8x4096x6144][8x4096x6144][8x4096x6144][8x4096x6144][8x4096x6144][8x4096x6144][8x4096x6144][8x4096x6144][8x4096x6144][8x4096x6144][8x4096x6144][8x4096x6144][8x4096x6144][8x4096x6144][8x4096x6144][8x4096x6144][8x4096x6144][8x4096x6144][8x4096x6144][8x4096x6144][8x4096x6144][8x4096x6144][8x4096x6144][8x4096x6144][8x4096x6144][8x4096x6144][8x4096x6144][8x4096x6144][8x4096x6144][8x4096x6144][8x4096x6144][8x4096x6144][8x4096x6144][8x4096x6144][8x4096x6144][8x4096x6144][8x4096x6144][8x4096x6144][8x4096x6144][8x4096x6144][8x4096x6144][8x4096x6144][8x4096x6144][8x4096x6144][8x4096x6144][8x4096x6144][8x4096x6144][8x4096x6144][8x4096x6144][8x4096x6144][8x4096x6144][8x4096x6144][8x4096x6144][8x4096x6144][8x4096x6144][8x4096x6144][8x4096x6144][8x4096x6144][8x4096x6144][8x4096x6144][8x4096x6144][8x4096x6144][8x4096x6144][8x4096x6144][8x4096x6144][8x4096x6144][8x4096x6144][8x4096x6144][8x4096x6144][8x4096x6144][8x4096x6144][8x4096x6144][8x4096x6144][8x4096x6144][8x4096x6144][8x4096x6144][8x4096x6144][8x4096x6144][8x4096x6144][8x4096x6144]',,tensorop,f32,256,128,128,2,4,1,2,1,1,7,4,1,1,256,128,32,100,110,6471811072,103095992320,15,1.41489,4259.95,72865.3
1,CUTLASS,grouped_gemm,cutlass3x_sm100_tensorop_gemm_grouped_e4m3_e4m3_f32_bf16_e4m3_256x128x128_2x4x1_0_ttt_align16_stream_k_2sm_epi_tma,passed,success,grouped,,,,,fe4m3:row,fe4m3:row,bf16:row,fe4m3:row,1,0,invalid,invalid,heuristic,1,false,'[8x4096x6144][8x4096x6144][8x4096x6144][8x4096x6144][8x4096x6144][8x4096x6144][8x4096x6144][8x4096x6144][8x4096x6144][8x4096x6144][8x4096x6144][8x4096x6144][8x4096x6144][8x4096x6144][8x4096x6144][8x4096x6144][8x4096x6144][8x4096x6144][8x4096x6144][8x4096x6144][8x4096x6144][8x4096x6144][8x4096x6144][8x4096x6144][8x4096x6144][8x4096x6144][8x4096x6144][8x4096x6144][8x4096x6144][8x4096x6144][8x4096x6144][8x4096x6144][8x4096x6144][8x4096x6144][8x4096x6144][8x4096x6144][8x4096x6144][8x4096x6144][8x4096x6144][8x4096x6144][8x4096x6144][8x4096x6144][8x4096x6144][8x4096x6144][8x4096x6144][8x4096x6144][8x4096x6144][8x4096x6144][8x4096x6144][8x4096x6144][8x4096x6144][8x4096x6144][8x4096x6144][8x4096x6144][8x4096x6144][8x4096x6144][8x4096x6144][8x4096x6144][8x4096x6144][8x4096x6144][8x4096x6144][8x4096x6144][8x4096x6144][8x4096x6144][8x4096x6144][8x4096x6144][8x4096x6144][8x4096x6144][8x4096x6144][8x4096x6144][8x4096x6144][8x4096x6144][8x4096x6144][8x4096x6144][8x4096x6144][8x4096x6144][8x4096x6144][8x4096x6144][8x4096x6144][8x4096x6144][8x4096x6144][8x4096x6144][8x4096x6144][8x4096x6144][8x4096x6144][8x4096x6144][8x4096x6144][8x4096x6144][8x4096x6144][8x4096x6144][8x4096x6144][8x4096x6144][8x4096x6144][8x4096x6144][8x4096x6144][8x4096x6144][8x4096x6144][8x4096x6144][8x4096x6144][8x4096x6144][8x4096x6144][8x4096x6144][8x4096x6144][8x4096x6144][8x4096x6144][8x4096x6144][8x4096x6144][8x4096x6144][8x4096x6144][8x4096x6144][8x4096x6144][8x4096x6144][8x4096x6144][8x4096x6144][8x4096x6144][8x4096x6144][8x4096x6144][8x4096x6144][8x4096x6144][8x4096x6144][8x4096x6144][8x4096x6144][8x4096x6144][8x4096x6144][8x4096x6144][8x4096x6144][8x4096x6144][8x4096x6144][8x4096x6144][8x4096x6144][8x4096x6144][8x4096x6144][8x4096x6144][8x4096x6144][8x4096x6144][8x4096x6144][8x4096x6144][8x4096x6144][8x4096x6144][8x4096x6144][8x4096x6144][8x4096x6144][8x4096x6144][8x4096x6144][8x4096x6144][8x4096x6144][8x4096x6144][8x4096x6144][8x4096x6144][8x4096x6144][8x4096x6144][8x4096x6144][8x4096x6144][8x4096x6144][8x4096x6144][8x4096x6144][8x4096x6144][8x4096x6144][8x4096x6144][8x4096x6144][8x4096x6144][8x4096x6144][8x4096x6144][8x4096x6144][8x4096x6144][8x4096x6144][8x4096x6144][8x4096x6144][8x4096x6144][8x4096x6144][8x4096x6144][8x4096x6144][8x4096x6144][8x4096x6144][8x4096x6144][8x4096x6144][8x4096x6144][8x4096x6144][8x4096x6144][8x4096x6144][8x4096x6144][8x4096x6144][8x4096x6144][8x4096x6144][8x4096x6144][8x4096x6144][8x4096x6144][8x4096x6144][8x4096x6144][8x4096x6144][8x4096x6144][8x4096x6144][8x4096x6144][8x4096x6144][8x4096x6144][8x4096x6144][8x4096x6144][8x4096x6144][8x4096x6144][8x4096x6144][8x4096x6144][8x4096x6144][8x4096x6144][8x4096x6144][8x4096x6144][8x4096x6144][8x4096x6144][8x4096x6144][8x4096x6144][8x4096x6144][8x4096x6144][8x4096x6144][8x4096x6144][8x4096x6144][8x4096x6144][8x4096x6144][8x4096x6144][8x4096x6144][8x4096x6144][8x4096x6144][8x4096x6144][8x4096x6144][8x4096x6144][8x4096x6144][8x4096x6144][8x4096x6144][8x4096x6144][8x4096x6144][8x4096x6144][8x4096x6144][8x4096x6144][8x4096x6144][8x4096x6144][8x4096x6144][8x4096x6144][8x4096x6144][8x4096x6144][8x4096x6144][8x4096x6144][8x4096x6144][8x4096x6144][8x4096x6144][8x4096x6144][8x4096x6144][8x4096x6144][8x4096x6144][8x4096x6144][8x4096x6144][8x4096x6144][8x4096x6144][8x4096x6144][8x4096x6144][8x4096x6144][8x4096x6144][8x4096x6144][8x4096x6144]',,tensorop,f32,256,128,128,2,4,1,2,1,1,7,4,1,1,256,128,32,100,110,6471811072,103095992320,15,1.4219,4238.94,72505.8
1,CUTLASS,grouped_gemm,cutlass3x_sm100_tensorop_gemm_grouped_e4m3_e4m3_f32_bf16_e4m3_256x128x128_4x2x1_0_ttt_align16_2sm_epi_tma,passed,success,grouped,,,,,fe4m3:row,fe4m3:row,bf16:row,fe4m3:row,1,0,invalid,invalid,heuristic,1,false,'[8x4096x6144][8x4096x6144][8x4096x6144][8x4096x6144][8x4096x6144][8x4096x6144][8x4096x6144][8x4096x6144][8x4096x6144][8x4096x6144][8x4096x6144][8x4096x6144][8x4096x6144][8x4096x6144][8x4096x6144][8x4096x6144][8x4096x6144][8x4096x6144][8x4096x6144][8x4096x6144][8x4096x6144][8x4096x6144][8x4096x6144][8x4096x6144][8x4096x6144][8x4096x6144][8x4096x6144][8x4096x6144][8x4096x6144][8x4096x6144][8x4096x6144][8x4096x6144][8x4096x6144][8x4096x6144][8x4096x6144][8x4096x6144][8x4096x6144][8x4096x6144][8x4096x6144][8x4096x6144][8x4096x6144][8x4096x6144][8x4096x6144][8x4096x6144][8x4096x6144][8x4096x6144][8x4096x6144][8x4096x6144][8x4096x6144][8x4096x6144][8x4096x6144][8x4096x6144][8x4096x6144][8x4096x6144][8x4096x6144][8x4096x6144][8x4096x6144][8x4096x6144][8x4096x6144][8x4096x6144][8x4096x6144][8x4096x6144][8x4096x6144][8x4096x6144][8x4096x6144][8x4096x6144][8x4096x6144][8x4096x6144][8x4096x6144][8x4096x6144][8x4096x6144][8x4096x6144][8x4096x6144][8x4096x6144][8x4096x6144][8x4096x6144][8x4096x6144][8x4096x6144][8x4096x6144][8x4096x6144][8x4096x6144][8x4096x6144][8x4096x6144][8x4096x6144][8x4096x6144][8x4096x6144][8x4096x6144][8x4096x6144][8x4096x6144][8x4096x6144][8x4096x6144][8x4096x6144][8x4096x6144][8x4096x6144][8x4096x6144][8x4096x6144][8x4096x6144][8x4096x6144][8x4096x6144][8x4096x6144][8x4096x6144][8x4096x6144][8x4096x6144][8x4096x6144][8x4096x6144][8x4096x6144][8x4096x6144][8x4096x6144][8x4096x6144][8x4096x6144][8x4096x6144][8x4096x6144][8x4096x6144][8x4096x6144][8x4096x6144][8x4096x6144][8x4096x6144][8x4096x6144][8x4096x6144][8x4096x6144][8x4096x6144][8x4096x6144][8x4096x6144][8x4096x6144][8x4096x6144][8x4096x6144][8x4096x6144][8x4096x6144][8x4096x6144][8x4096x6144][8x4096x6144][8x4096x6144][8x4096x6144][8x4096x6144][8x4096x6144][8x4096x6144][8x4096x6144][8x4096x6144][8x4096x6144][8x4096x6144][8x4096x6144][8x4096x6144][8x4096x6144][8x4096x6144][8x4096x6144][8x4096x6144][8x4096x6144][8x4096x6144][8x4096x6144][8x4096x6144][8x4096x6144][8x4096x6144][8x4096x6144][8x4096x6144][8x4096x6144][8x4096x6144][8x4096x6144][8x4096x6144][8x4096x6144][8x4096x6144][8x4096x6144][8x4096x6144][8x4096x6144][8x4096x6144][8x4096x6144][8x4096x6144][8x4096x6144][8x4096x6144][8x4096x6144][8x4096x6144][8x4096x6144][8x4096x6144][8x4096x6144][8x4096x6144][8x4096x6144][8x4096x6144][8x4096x6144][8x4096x6144][8x4096x6144][8x4096x6144][8x4096x6144][8x4096x6144][8x4096x6144][8x4096x6144][8x4096x6144][8x4096x6144][8x4096x6144][8x4096x6144][8x4096x6144][8x4096x6144][8x4096x6144][8x4096x6144][8x4096x6144][8x4096x6144][8x4096x6144][8x4096x6144][8x4096x6144][8x4096x6144][8x4096x6144][8x4096x6144][8x4096x6144][8x4096x6144][8x4096x6144][8x4096x6144][8x4096x6144][8x4096x6144][8x4096x6144][8x4096x6144][8x4096x6144][8x4096x6144][8x4096x6144][8x4096x6144][8x4096x6144][8x4096x6144][8x4096x6144][8x4096x6144][8x4096x6144][8x4096x6144][8x4096x6144][8x4096x6144][8x4096x6144][8x4096x6144][8x4096x6144][8x4096x6144][8x4096x6144][8x4096x6144][8x4096x6144][8x4096x6144][8x4096x6144][8x4096x6144][8x4096x6144][8x4096x6144][8x4096x6144][8x4096x6144][8x4096x6144][8x4096x6144][8x4096x6144][8x4096x6144][8x4096x6144][8x4096x6144][8x4096x6144][8x4096x6144][8x4096x6144][8x4096x6144][8x4096x6144][8x4096x6144][8x4096x6144][8x4096x6144][8x4096x6144][8x4096x6144][8x4096x6144][8x4096x6144][8x4096x6144][8x4096x6144][8x4096x6144][8x4096x6144]',,tensorop,f32,256,128,128,4,2,1,2,1,1,7,4,1,1,256,128,32,100,110,6471811072,103095992320,15,2.63201,2290.01,39170
1,CUTLASS,grouped_gemm,cutlass3x_sm100_tensorop_gemm_grouped_e4m3_e4m3_f32_bf16_e4m3_256x128x128_4x2x1_0_ttt_align16_stream_k_2sm_epi_tma,passed,success,grouped,,,,,fe4m3:row,fe4m3:row,bf16:row,fe4m3:row,1,0,invalid,invalid,heuristic,1,false,'[8x4096x6144][8x4096x6144][8x4096x6144][8x4096x6144][8x4096x6144][8x4096x6144][8x4096x6144][8x4096x6144][8x4096x6144][8x4096x6144][8x4096x6144][8x4096x6144][8x4096x6144][8x4096x6144][8x4096x6144][8x4096x6144][8x4096x6144][8x4096x6144][8x4096x6144][8x4096x6144][8x4096x6144][8x4096x6144][8x4096x6144][8x4096x6144][8x4096x6144][8x4096x6144][8x4096x6144][8x4096x6144][8x4096x6144][8x4096x6144][8x4096x6144][8x4096x6144][8x4096x6144][8x4096x6144][8x4096x6144][8x4096x6144][8x4096x6144][8x4096x6144][8x4096x6144][8x4096x6144][8x4096x6144][8x4096x6144][8x4096x6144][8x4096x6144][8x4096x6144][8x4096x6144][8x4096x6144][8x4096x6144][8x4096x6144][8x4096x6144][8x4096x6144][8x4096x6144][8x4096x6144][8x4096x6144][8x4096x6144][8x4096x6144][8x4096x6144][8x4096x6144][8x4096x6144][8x4096x6144][8x4096x6144][8x4096x6144][8x4096x6144][8x4096x6144][8x4096x6144][8x4096x6144][8x4096x6144][8x4096x6144][8x4096x6144][8x4096x6144][8x4096x6144][8x4096x6144][8x4096x6144][8x4096x6144][8x4096x6144][8x4096x6144][8x4096x6144][8x4096x6144][8x4096x6144][8x4096x6144][8x4096x6144][8x4096x6144][8x4096x6144][8x4096x6144][8x4096x6144][8x4096x6144][8x4096x6144][8x4096x6144][8x4096x6144][8x4096x6144][8x4096x6144][8x4096x6144][8x4096x6144][8x4096x6144][8x4096x6144][8x4096x6144][8x4096x6144][8x4096x6144][8x4096x6144][8x4096x6144][8x4096x6144][8x4096x6144][8x4096x6144][8x4096x6144][8x4096x6144][8x4096x6144][8x4096x6144][8x4096x6144][8x4096x6144][8x4096x6144][8x4096x6144][8x4096x6144][8x4096x6144][8x4096x6144][8x4096x6144][8x4096x6144][8x4096x6144][8x4096x6144][8x4096x6144][8x4096x6144][8x4096x6144][8x4096x6144][8x4096x6144][8x4096x6144][8x4096x6144][8x4096x6144][8x4096x6144][8x4096x6144][8x4096x6144][8x4096x6144][8x4096x6144][8x4096x6144][8x4096x6144][8x4096x6144][8x4096x6144][8x4096x6144][8x4096x6144][8x4096x6144][8x4096x6144][8x4096x6144][8x4096x6144][8x4096x6144][8x4096x6144][8x4096x6144][8x4096x6144][8x4096x6144][8x4096x6144][8x4096x6144][8x4096x6144][8x4096x6144][8x4096x6144][8x4096x6144][8x4096x6144][8x4096x6144][8x4096x6144][8x4096x6144][8x4096x6144][8x4096x6144][8x4096x6144][8x4096x6144][8x4096x6144][8x4096x6144][8x4096x6144][8x4096x6144][8x4096x6144][8x4096x6144][8x4096x6144][8x4096x6144][8x4096x6144][8x4096x6144][8x4096x6144][8x4096x6144][8x4096x6144][8x4096x6144][8x4096x6144][8x4096x6144][8x4096x6144][8x4096x6144][8x4096x6144][8x4096x6144][8x4096x6144][8x4096x6144][8x4096x6144][8x4096x6144][8x4096x6144][8x4096x6144][8x4096x6144][8x4096x6144][8x4096x6144][8x4096x6144][8x4096x6144][8x4096x6144][8x4096x6144][8x4096x6144][8x4096x6144][8x4096x6144][8x4096x6144][8x4096x6144][8x4096x6144][8x4096x6144][8x4096x6144][8x4096x6144][8x4096x6144][8x4096x6144][8x4096x6144][8x4096x6144][8x4096x6144][8x4096x6144][8x4096x6144][8x4096x6144][8x4096x6144][8x4096x6144][8x4096x6144][8x4096x6144][8x4096x6144][8x4096x6144][8x4096x6144][8x4096x6144][8x4096x6144][8x4096x6144][8x4096x6144][8x4096x6144][8x4096x6144][8x4096x6144][8x4096x6144][8x4096x6144][8x4096x6144][8x4096x6144][8x4096x6144][8x4096x6144][8x4096x6144][8x4096x6144][8x4096x6144][8x4096x6144][8x4096x6144][8x4096x6144][8x4096x6144][8x4096x6144][8x4096x6144][8x4096x6144][8x4096x6144][8x4096x6144][8x4096x6144][8x4096x6144][8x4096x6144][8x4096x6144][8x4096x6144][8x4096x6144][8x4096x6144][8x4096x6144][8x4096x6144][8x4096x6144][8x4096x6144][8x4096x6144][8x4096x6144][8x4096x6144]',,tensorop,f32,256,128,128,4,2,1,2,1,1,7,4,1,1,256,128,32,100,110,6471811072,103095992320,15,2.62437,2296.68,39284
1,CUTLASS,grouped_gemm,cutlass3x_sm100_tensorop_gemm_grouped_e4m3_e4m3_f32_bf16_e4m3_256x128x128_4x4x1_0_ttt_align16_2sm_epi_tma,passed,success,grouped,,,,,fe4m3:row,fe4m3:row,bf16:row,fe4m3:row,1,0,invalid,invalid,heuristic,1,false,'[8x4096x6144][8x4096x6144][8x4096x6144][8x4096x6144][8x4096x6144][8x4096x6144][8x4096x6144][8x4096x6144][8x4096x6144][8x4096x6144][8x4096x6144][8x4096x6144][8x4096x6144][8x4096x6144][8x4096x6144][8x4096x6144][8x4096x6144][8x4096x6144][8x4096x6144][8x4096x6144][8x4096x6144][8x4096x6144][8x4096x6144][8x4096x6144][8x4096x6144][8x4096x6144][8x4096x6144][8x4096x6144][8x4096x6144][8x4096x6144][8x4096x6144][8x4096x6144][8x4096x6144][8x4096x6144][8x4096x6144][8x4096x6144][8x4096x6144][8x4096x6144][8x4096x6144][8x4096x6144][8x4096x6144][8x4096x6144][8x4096x6144][8x4096x6144][8x4096x6144][8x4096x6144][8x4096x6144][8x4096x6144][8x4096x6144][8x4096x6144][8x4096x6144][8x4096x6144][8x4096x6144][8x4096x6144][8x4096x6144][8x4096x6144][8x4096x6144][8x4096x6144][8x4096x6144][8x4096x6144][8x4096x6144][8x4096x6144][8x4096x6144][8x4096x6144][8x4096x6144][8x4096x6144][8x4096x6144][8x4096x6144][8x4096x6144][8x4096x6144][8x4096x6144][8x4096x6144][8x4096x6144][8x4096x6144][8x4096x6144][8x4096x6144][8x4096x6144][8x4096x6144][8x4096x6144][8x4096x6144][8x4096x6144][8x4096x6144][8x4096x6144][8x4096x6144][8x4096x6144][8x4096x6144][8x4096x6144][8x4096x6144][8x4096x6144][8x4096x6144][8x4096x6144][8x4096x6144][8x4096x6144][8x4096x6144][8x4096x6144][8x4096x6144][8x4096x6144][8x4096x6144][8x4096x6144][8x4096x6144][8x4096x6144][8x4096x6144][8x4096x6144][8x4096x6144][8x4096x6144][8x4096x6144][8x4096x6144][8x4096x6144][8x4096x6144][8x4096x6144][8x4096x6144][8x4096x6144][8x4096x6144][8x4096x6144][8x4096x6144][8x4096x6144][8x4096x6144][8x4096x6144][8x4096x6144][8x4096x6144][8x4096x6144][8x4096x6144][8x4096x6144][8x4096x6144][8x4096x6144][8x4096x6144][8x4096x6144][8x4096x6144][8x4096x6144][8x4096x6144][8x4096x6144][8x4096x6144][8x4096x6144][8x4096x6144][8x4096x6144][8x4096x6144][8x4096x6144][8x4096x6144][8x4096x6144][8x4096x6144][8x4096x6144][8x4096x6144][8x4096x6144][8x4096x6144][8x4096x6144][8x4096x6144][8x4096x6144][8x4096x6144][8x4096x6144][8x4096x6144][8x4096x6144][8x4096x6144][8x4096x6144][8x4096x6144][8x4096x6144][8x4096x6144][8x4096x6144][8x4096x6144][8x4096x6144][8x4096x6144][8x4096x6144][8x4096x6144][8x4096x6144][8x4096x6144][8x4096x6144][8x4096x6144][8x4096x6144][8x4096x6144][8x4096x6144][8x4096x6144][8x4096x6144][8x4096x6144][8x4096x6144][8x4096x6144][8x4096x6144][8x4096x6144][8x4096x6144][8x4096x6144][8x4096x6144][8x4096x6144][8x4096x6144][8x4096x6144][8x4096x6144][8x4096x6144][8x4096x6144][8x4096x6144][8x4096x6144][8x4096x6144][8x4096x6144][8x4096x6144][8x4096x6144][8x4096x6144][8x4096x6144][8x4096x6144][8x4096x6144][8x4096x6144][8x4096x6144][8x4096x6144][8x4096x6144][8x4096x6144][8x4096x6144][8x4096x6144][8x4096x6144][8x4096x6144][8x4096x6144][8x4096x6144][8x4096x6144][8x4096x6144][8x4096x6144][8x4096x6144][8x4096x6144][8x4096x6144][8x4096x6144][8x4096x6144][8x4096x6144][8x4096x6144][8x4096x6144][8x4096x6144][8x4096x6144][8x4096x6144][8x4096x6144][8x4096x6144][8x4096x6144][8x4096x6144][8x4096x6144][8x4096x6144][8x4096x6144][8x4096x6144][8x4096x6144][8x4096x6144][8x4096x6144][8x4096x6144][8x4096x6144][8x4096x6144][8x4096x6144][8x4096x6144][8x4096x6144][8x4096x6144][8x4096x6144][8x4096x6144][8x4096x6144][8x4096x6144][8x4096x6144][8x4096x6144][8x4096x6144][8x4096x6144][8x4096x6144][8x4096x6144][8x4096x6144][8x4096x6144][8x4096x6144][8x4096x6144][8x4096x6144][8x4096x6144][8x4096x6144][8x4096x6144]',,tensorop,f32,256,128,128,4,4,1,2,1,1,7,4,1,1,256,128,32,100,110,6471811072,103095992320,15,2.58417,2332.41,39895.2
1,CUTLASS,grouped_gemm,cutlass3x_sm100_tensorop_gemm_grouped_e4m3_e4m3_f32_bf16_e4m3_256x128x128_4x4x1_0_ttt_align16_stream_k_2sm_epi_tma,passed,success,grouped,,,,,fe4m3:row,fe4m3:row,bf16:row,fe4m3:row,1,0,invalid,invalid,heuristic,1,false,'[8x4096x6144][8x4096x6144][8x4096x6144][8x4096x6144][8x4096x6144][8x4096x6144][8x4096x6144][8x4096x6144][8x4096x6144][8x4096x6144][8x4096x6144][8x4096x6144][8x4096x6144][8x4096x6144][8x4096x6144][8x4096x6144][8x4096x6144][8x4096x6144][8x4096x6144][8x4096x6144][8x4096x6144][8x4096x6144][8x4096x6144][8x4096x6144][8x4096x6144][8x4096x6144][8x4096x6144][8x4096x6144][8x4096x6144][8x4096x6144][8x4096x6144][8x4096x6144][8x4096x6144][8x4096x6144][8x4096x6144][8x4096x6144][8x4096x6144][8x4096x6144][8x4096x6144][8x4096x6144][8x4096x6144][8x4096x6144][8x4096x6144][8x4096x6144][8x4096x6144][8x4096x6144][8x4096x6144][8x4096x6144][8x4096x6144][8x4096x6144][8x4096x6144][8x4096x6144][8x4096x6144][8x4096x6144][8x4096x6144][8x4096x6144][8x4096x6144][8x4096x6144][8x4096x6144][8x4096x6144][8x4096x6144][8x4096x6144][8x4096x6144][8x4096x6144][8x4096x6144][8x4096x6144][8x4096x6144][8x4096x6144][8x4096x6144][8x4096x6144][8x4096x6144][8x4096x6144][8x4096x6144][8x4096x6144][8x4096x6144][8x4096x6144][8x4096x6144][8x4096x6144][8x4096x6144][8x4096x6144][8x4096x6144][8x4096x6144][8x4096x6144][8x4096x6144][8x4096x6144][8x4096x6144][8x4096x6144][8x4096x6144][8x4096x6144][8x4096x6144][8x4096x6144][8x4096x6144][8x4096x6144][8x4096x6144][8x4096x6144][8x4096x6144][8x4096x6144][8x4096x6144][8x4096x6144][8x4096x6144][8x4096x6144][8x4096x6144][8x4096x6144][8x4096x6144][8x4096x6144][8x4096x6144][8x4096x6144][8x4096x6144][8x4096x6144][8x4096x6144][8x4096x6144][8x4096x6144][8x4096x6144][8x4096x6144][8x4096x6144][8x4096x6144][8x4096x6144][8x4096x6144][8x4096x6144][8x4096x6144][8x4096x6144][8x4096x6144][8x4096x6144][8x4096x6144][8x4096x6144][8x4096x6144][8x4096x6144][8x4096x6144][8x4096x6144][8x4096x6144][8x4096x6144][8x4096x6144][8x4096x6144][8x4096x6144][8x4096x6144][8x4096x6144][8x4096x6144][8x4096x6144][8x4096x6144][8x4096x6144][8x4096x6144][8x4096x6144][8x4096x6144][8x4096x6144][8x4096x6144][8x4096x6144][8x4096x6144][8x4096x6144][8x4096x6144][8x4096x6144][8x4096x6144][8x4096x6144][8x4096x6144][8x4096x6144][8x4096x6144][8x4096x6144][8x4096x6144][8x4096x6144][8x4096x6144][8x4096x6144][8x4096x6144][8x4096x6144][8x4096x6144][8x4096x6144][8x4096x6144][8x4096x6144][8x4096x6144][8x4096x6144][8x4096x6144][8x4096x6144][8x4096x6144][8x4096x6144][8x4096x6144][8x4096x6144][8x4096x6144][8x4096x6144][8x4096x6144][8x4096x6144][8x4096x6144][8x4096x6144][8x4096x6144][8x4096x6144][8x4096x6144][8x4096x6144][8x4096x6144][8x4096x6144][8x4096x6144][8x4096x6144][8x4096x6144][8x4096x6144][8x4096x6144][8x4096x6144][8x4096x6144][8x4096x6144][8x4096x6144][8x4096x6144][8x4096x6144][8x4096x6144][8x4096x6144][8x4096x6144][8x4096x6144][8x4096x6144][8x4096x6144][8x4096x6144][8x4096x6144][8x4096x6144][8x4096x6144][8x4096x6144][8x4096x6144][8x4096x6144][8x4096x6144][8x4096x6144][8x4096x6144][8x4096x6144][8x4096x6144][8x4096x6144][8x4096x6144][8x4096x6144][8x4096x6144][8x4096x6144][8x4096x6144][8x4096x6144][8x4096x6144][8x4096x6144][8x4096x6144][8x4096x6144][8x4096x6144][8x4096x6144][8x4096x6144][8x4096x6144][8x4096x6144][8x4096x6144][8x4096x6144][8x4096x6144][8x4096x6144][8x4096x6144][8x4096x6144][8x4096x6144][8x4096x6144][8x4096x6144][8x4096x6144][8x4096x6144][8x4096x6144][8x4096x6144][8x4096x6144][8x4096x6144][8x4096x6144][8x4096x6144][8x4096x6144][8x4096x6144][8x4096x6144][8x4096x6144][8x4096x6144][8x4096x6144][8x4096x6144][8x4096x6144]',,tensorop,f32,256,128,128,4,4,1,2,1,1,7,4,1,1,256,128,32,100,110,6471811072,103095992320,15,2.58175,2334.59,39932.5
1,CUTLASS,grouped_gemm,cutlass3x_sm100_tensorop_gemm_grouped_e4m3_e4m3_f32_bf16_e4m3_256x256x128_0x0x1_0_tnt_align16_2sm_epi_tma,passed,success,grouped,,,,,fe4m3:row,fe4m3:column,bf16:row,fe4m3:row,1,0,invalid,invalid,heuristic,1,false,'[8x4096x6144][8x4096x6144][8x4096x6144][8x4096x6144][8x4096x6144][8x4096x6144][8x4096x6144][8x4096x6144][8x4096x6144][8x4096x6144][8x4096x6144][8x4096x6144][8x4096x6144][8x4096x6144][8x4096x6144][8x4096x6144][8x4096x6144][8x4096x6144][8x4096x6144][8x4096x6144][8x4096x6144][8x4096x6144][8x4096x6144][8x4096x6144][8x4096x6144][8x4096x6144][8x4096x6144][8x4096x6144][8x4096x6144][8x4096x6144][8x4096x6144][8x4096x6144][8x4096x6144][8x4096x6144][8x4096x6144][8x4096x6144][8x4096x6144][8x4096x6144][8x4096x6144][8x4096x6144][8x4096x6144][8x4096x6144][8x4096x6144][8x4096x6144][8x4096x6144][8x4096x6144][8x4096x6144][8x4096x6144][8x4096x6144][8x4096x6144][8x4096x6144][8x4096x6144][8x4096x6144][8x4096x6144][8x4096x6144][8x4096x6144][8x4096x6144][8x4096x6144][8x4096x6144][8x4096x6144][8x4096x6144][8x4096x6144][8x4096x6144][8x4096x6144][8x4096x6144][8x4096x6144][8x4096x6144][8x4096x6144][8x4096x6144][8x4096x6144][8x4096x6144][8x4096x6144][8x4096x6144][8x4096x6144][8x4096x6144][8x4096x6144][8x4096x6144][8x4096x6144][8x4096x6144][8x4096x6144][8x4096x6144][8x4096x6144][8x4096x6144][8x4096x6144][8x4096x6144][8x4096x6144][8x4096x6144][8x4096x6144][8x4096x6144][8x4096x6144][8x4096x6144][8x4096x6144][8x4096x6144][8x4096x6144][8x4096x6144][8x4096x6144][8x4096x6144][8x4096x6144][8x4096x6144][8x4096x6144][8x4096x6144][8x4096x6144][8x4096x6144][8x4096x6144][8x4096x6144][8x4096x6144][8x4096x6144][8x4096x6144][8x4096x6144][8x4096x6144][8x4096x6144][8x4096x6144][8x4096x6144][8x4096x6144][8x4096x6144][8x4096x6144][8x4096x6144][8x4096x6144][8x4096x6144][8x4096x6144][8x4096x6144][8x4096x6144][8x4096x6144][8x4096x6144][8x4096x6144][8x4096x6144][8x4096x6144][8x4096x6144][8x4096x6144][8x4096x6144][8x4096x6144][8x4096x6144][8x4096x6144][8x4096x6144][8x4096x6144][8x4096x6144][8x4096x6144][8x4096x6144][8x4096x6144][8x4096x6144][8x4096x6144][8x4096x6144][8x4096x6144][8x4096x6144][8x4096x6144][8x4096x6144][8x4096x6144][8x4096x6144][8x4096x6144][8x4096x6144][8x4096x6144][8x4096x6144][8x4096x6144][8x4096x6144][8x4096x6144][8x4096x6144][8x4096x6144][8x4096x6144][8x4096x6144][8x4096x6144][8x4096x6144][8x4096x6144][8x4096x6144][8x4096x6144][8x4096x6144][8x4096x6144][8x4096x6144][8x4096x6144][8x4096x6144][8x4096x6144][8x4096x6144][8x4096x6144][8x4096x6144][8x4096x6144][8x4096x6144][8x4096x6144][8x4096x6144][8x4096x6144][8x4096x6144][8x4096x6144][8x4096x6144][8x4096x6144][8x4096x6144][8x4096x6144][8x4096x6144][8x4096x6144][8x4096x6144][8x4096x6144][8x4096x6144][8x4096x6144][8x4096x6144][8x4096x6144][8x4096x6144][8x4096x6144][8x4096x6144][8x4096x6144][8x4096x6144][8x4096x6144][8x4096x6144][8x4096x6144][8x4096x6144][8x4096x6144][8x4096x6144][8x4096x6144][8x4096x6144][8x4096x6144][8x4096x6144][8x4096x6144][8x4096x6144][8x4096x6144][8x4096x6144][8x4096x6144][8x4096x6144][8x4096x6144][8x4096x6144][8x4096x6144][8x4096x6144][8x4096x6144][8x4096x6144][8x4096x6144][8x4096x6144][8x4096x6144][8x4096x6144][8x4096x6144][8x4096x6144][8x4096x6144][8x4096x6144][8x4096x6144][8x4096x6144][8x4096x6144][8x4096x6144][8x4096x6144][8x4096x6144][8x4096x6144][8x4096x6144][8x4096x6144][8x4096x6144][8x4096x6144][8x4096x6144][8x4096x6144][8x4096x6144][8x4096x6144][8x4096x6144][8x4096x6144][8x4096x6144][8x4096x6144][8x4096x6144][8x4096x6144][8x4096x6144][8x4096x6144][8x4096x6144][8x4096x6144][8x4096x6144][8x4096x6144][8x4096x6144][8x4096x6144]',,tensorop,f32,256,256,128,2,1,1,2,1,1,4,4,1,1,256,256,32,100,110,6471811072,103095992320,15,1.26623,4760.06,81419.5
1,CUTLASS,grouped_gemm,cutlass3x_sm100_tensorop_gemm_grouped_e4m3_e4m3_f32_bf16_e4m3_256x256x128_0x0x1_0_tnt_align16_stream_k_2sm_epi_tma,passed,success,grouped,,,,,fe4m3:row,fe4m3:column,bf16:row,fe4m3:row,1,0,invalid,invalid,heuristic,1,false,'[8x4096x6144][8x4096x6144][8x4096x6144][8x4096x6144][8x4096x6144][8x4096x6144][8x4096x6144][8x4096x6144][8x4096x6144][8x4096x6144][8x4096x6144][8x4096x6144][8x4096x6144][8x4096x6144][8x4096x6144][8x4096x6144][8x4096x6144][8x4096x6144][8x4096x6144][8x4096x6144][8x4096x6144][8x4096x6144][8x4096x6144][8x4096x6144][8x4096x6144][8x4096x6144][8x4096x6144][8x4096x6144][8x4096x6144][8x4096x6144][8x4096x6144][8x4096x6144][8x4096x6144][8x4096x6144][8x4096x6144][8x4096x6144][8x4096x6144][8x4096x6144][8x4096x6144][8x4096x6144][8x4096x6144][8x4096x6144][8x4096x6144][8x4096x6144][8x4096x6144][8x4096x6144][8x4096x6144][8x4096x6144][8x4096x6144][8x4096x6144][8x4096x6144][8x4096x6144][8x4096x6144][8x4096x6144][8x4096x6144][8x4096x6144][8x4096x6144][8x4096x6144][8x4096x6144][8x4096x6144][8x4096x6144][8x4096x6144][8x4096x6144][8x4096x6144][8x4096x6144][8x4096x6144][8x4096x6144][8x4096x6144][8x4096x6144][8x4096x6144][8x4096x6144][8x4096x6144][8x4096x6144][8x4096x6144][8x4096x6144][8x4096x6144][8x4096x6144][8x4096x6144][8x4096x6144][8x4096x6144][8x4096x6144][8x4096x6144][8x4096x6144][8x4096x6144][8x4096x6144][8x4096x6144][8x4096x6144][8x4096x6144][8x4096x6144][8x4096x6144][8x4096x6144][8x4096x6144][8x4096x6144][8x4096x6144][8x4096x6144][8x4096x6144][8x4096x6144][8x4096x6144][8x4096x6144][8x4096x6144][8x4096x6144][8x4096x6144][8x4096x6144][8x4096x6144][8x4096x6144][8x4096x6144][8x4096x6144][8x4096x6144][8x4096x6144][8x4096x6144][8x4096x6144][8x4096x6144][8x4096x6144][8x4096x6144][8x4096x6144][8x4096x6144][8x4096x6144][8x4096x6144][8x4096x6144][8x4096x6144][8x4096x6144][8x4096x6144][8x4096x6144][8x4096x6144][8x4096x6144][8x4096x6144][8x4096x6144][8x4096x6144][8x4096x6144][8x4096x6144][8x4096x6144][8x4096x6144][8x4096x6144][8x4096x6144][8x4096x6144][8x4096x6144][8x4096x6144][8x4096x6144][8x4096x6144][8x4096x6144][8x4096x6144][8x4096x6144][8x4096x6144][8x4096x6144][8x4096x6144][8x4096x6144][8x4096x6144][8x4096x6144][8x4096x6144][8x4096x6144][8x4096x6144][8x4096x6144][8x4096x6144][8x4096x6144][8x4096x6144][8x4096x6144][8x4096x6144][8x4096x6144][8x4096x6144][8x4096x6144][8x4096x6144][8x4096x6144][8x4096x6144][8x4096x6144][8x4096x6144][8x4096x6144][8x4096x6144][8x4096x6144][8x4096x6144][8x4096x6144][8x4096x6144][8x4096x6144][8x4096x6144][8x4096x6144][8x4096x6144][8x4096x6144][8x4096x6144][8x4096x6144][8x4096x6144][8x4096x6144][8x4096x6144][8x4096x6144][8x4096x6144][8x4096x6144][8x4096x6144][8x4096x6144][8x4096x6144][8x4096x6144][8x4096x6144][8x4096x6144][8x4096x6144][8x4096x6144][8x4096x6144][8x4096x6144][8x4096x6144][8x4096x6144][8x4096x6144][8x4096x6144][8x4096x6144][8x4096x6144][8x4096x6144][8x4096x6144][8x4096x6144][8x4096x6144][8x4096x6144][8x4096x6144][8x4096x6144][8x4096x6144][8x4096x6144][8x4096x6144][8x4096x6144][8x4096x6144][8x4096x6144][8x4096x6144][8x4096x6144][8x4096x6144][8x4096x6144][8x4096x6144][8x4096x6144][8x4096x6144][8x4096x6144][8x4096x6144][8x4096x6144][8x4096x6144][8x4096x6144][8x4096x6144][8x4096x6144][8x4096x6144][8x4096x6144][8x4096x6144][8x4096x6144][8x4096x6144][8x4096x6144][8x4096x6144][8x4096x6144][8x4096x6144][8x4096x6144][8x4096x6144][8x4096x6144][8x4096x6144][8x4096x6144][8x4096x6144][8x4096x6144][8x4096x6144][8x4096x6144][8x4096x6144][8x4096x6144][8x4096x6144][8x4096x6144][8x4096x6144][8x4096x6144][8x4096x6144][8x4096x6144][8x4096x6144][8x4096x6144][8x4096x6144]',,tensorop,f32,256,256,128,2,1,1,2,1,1,4,4,1,1,256,256,32,100,110,6471811072,103095992320,15,1.24438,4843.65,82849.3
1,CUTLASS,grouped_gemm,cutlass3x_sm100_tensorop_gemm_grouped_e4m3_e4m3_f32_bf16_e4m3_256x256x128_2x1x1_0_tnt_align16_2sm_epi_tma,passed,success,grouped,,,,,fe4m3:row,fe4m3:column,bf16:row,fe4m3:row,1,0,invalid,invalid,heuristic,1,false,'[8x4096x6144][8x4096x6144][8x4096x6144][8x4096x6144][8x4096x6144][8x4096x6144][8x4096x6144][8x4096x6144][8x4096x6144][8x4096x6144][8x4096x6144][8x4096x6144][8x4096x6144][8x4096x6144][8x4096x6144][8x4096x6144][8x4096x6144][8x4096x6144][8x4096x6144][8x4096x6144][8x4096x6144][8x4096x6144][8x4096x6144][8x4096x6144][8x4096x6144][8x4096x6144][8x4096x6144][8x4096x6144][8x4096x6144][8x4096x6144][8x4096x6144][8x4096x6144][8x4096x6144][8x4096x6144][8x4096x6144][8x4096x6144][8x4096x6144][8x4096x6144][8x4096x6144][8x4096x6144][8x4096x6144][8x4096x6144][8x4096x6144][8x4096x6144][8x4096x6144][8x4096x6144][8x4096x6144][8x4096x6144][8x4096x6144][8x4096x6144][8x4096x6144][8x4096x6144][8x4096x6144][8x4096x6144][8x4096x6144][8x4096x6144][8x4096x6144][8x4096x6144][8x4096x6144][8x4096x6144][8x4096x6144][8x4096x6144][8x4096x6144][8x4096x6144][8x4096x6144][8x4096x6144][8x4096x6144][8x4096x6144][8x4096x6144][8x4096x6144][8x4096x6144][8x4096x6144][8x4096x6144][8x4096x6144][8x4096x6144][8x4096x6144][8x4096x6144][8x4096x6144][8x4096x6144][8x4096x6144][8x4096x6144][8x4096x6144][8x4096x6144][8x4096x6144][8x4096x6144][8x4096x6144][8x4096x6144][8x4096x6144][8x4096x6144][8x4096x6144][8x4096x6144][8x4096x6144][8x4096x6144][8x4096x6144][8x4096x6144][8x4096x6144][8x4096x6144][8x4096x6144][8x4096x6144][8x4096x6144][8x4096x6144][8x4096x6144][8x4096x6144][8x4096x6144][8x4096x6144][8x4096x6144][8x4096x6144][8x4096x6144][8x4096x6144][8x4096x6144][8x4096x6144][8x4096x6144][8x4096x6144][8x4096x6144][8x4096x6144][8x4096x6144][8x4096x6144][8x4096x6144][8x4096x6144][8x4096x6144][8x4096x6144][8x4096x6144][8x4096x6144][8x4096x6144][8x4096x6144][8x4096x6144][8x4096x6144][8x4096x6144][8x4096x6144][8x4096x6144][8x4096x6144][8x4096x6144][8x4096x6144][8x4096x6144][8x4096x6144][8x4096x6144][8x4096x6144][8x4096x6144][8x4096x6144][8x4096x6144][8x4096x6144][8x4096x6144][8x4096x6144][8x4096x6144][8x4096x6144][8x4096x6144][8x4096x6144][8x4096x6144][8x4096x6144][8x4096x6144][8x4096x6144][8x4096x6144][8x4096x6144][8x4096x6144][8x4096x6144][8x4096x6144][8x4096x6144][8x4096x6144][8x4096x6144][8x4096x6144][8x4096x6144][8x4096x6144][8x4096x6144][8x4096x6144][8x4096x6144][8x4096x6144][8x4096x6144][8x4096x6144][8x4096x6144][8x4096x6144][8x4096x6144][8x4096x6144][8x4096x6144][8x4096x6144][8x4096x6144][8x4096x6144][8x4096x6144][8x4096x6144][8x4096x6144][8x4096x6144][8x4096x6144][8x4096x6144][8x4096x6144][8x4096x6144][8x4096x6144][8x4096x6144][8x4096x6144][8x4096x6144][8x4096x6144][8x4096x6144][8x4096x6144][8x4096x6144][8x4096x6144][8x4096x6144][8x4096x6144][8x4096x6144][8x4096x6144][8x4096x6144][8x4096x6144][8x4096x6144][8x4096x6144][8x4096x6144][8x4096x6144][8x4096x6144][8x4096x6144][8x4096x6144][8x4096x6144][8x4096x6144][8x4096x6144][8x4096x6144][8x4096x6144][8x4096x6144][8x4096x6144][8x4096x6144][8x4096x6144][8x4096x6144][8x4096x6144][8x4096x6144][8x4096x6144][8x4096x6144][8x4096x6144][8x4096x6144][8x4096x6144][8x4096x6144][8x4096x6144][8x4096x6144][8x4096x6144][8x4096x6144][8x4096x6144][8x4096x6144][8x4096x6144][8x4096x6144][8x4096x6144][8x4096x6144][8x4096x6144][8x4096x6144][8x4096x6144][8x4096x6144][8x4096x6144][8x4096x6144][8x4096x6144][8x4096x6144][8x4096x6144][8x4096x6144][8x4096x6144][8x4096x6144][8x4096x6144][8x4096x6144][8x4096x6144][8x4096x6144][8x4096x6144][8x4096x6144][8x4096x6144][8x4096x6144][8x4096x6144][8x4096x6144]',,tensorop,f32,256,256,128,2,1,1,2,1,1,4,4,1,1,256,256,32,100,110,6471811072,103095992320,15,1.2309,4896.68,83756.3
1,CUTLASS,grouped_gemm,cutlass3x_sm100_tensorop_gemm_grouped_e4m3_e4m3_f32_bf16_e4m3_256x256x128_2x1x1_0_tnt_align16_stream_k_2sm_epi_tma,passed,success,grouped,,,,,fe4m3:row,fe4m3:column,bf16:row,fe4m3:row,1,0,invalid,invalid,heuristic,1,false,'[8x4096x6144][8x4096x6144][8x4096x6144][8x4096x6144][8x4096x6144][8x4096x6144][8x4096x6144][8x4096x6144][8x4096x6144][8x4096x6144][8x4096x6144][8x4096x6144][8x4096x6144][8x4096x6144][8x4096x6144][8x4096x6144][8x4096x6144][8x4096x6144][8x4096x6144][8x4096x6144][8x4096x6144][8x4096x6144][8x4096x6144][8x4096x6144][8x4096x6144][8x4096x6144][8x4096x6144][8x4096x6144][8x4096x6144][8x4096x6144][8x4096x6144][8x4096x6144][8x4096x6144][8x4096x6144][8x4096x6144][8x4096x6144][8x4096x6144][8x4096x6144][8x4096x6144][8x4096x6144][8x4096x6144][8x4096x6144][8x4096x6144][8x4096x6144][8x4096x6144][8x4096x6144][8x4096x6144][8x4096x6144][8x4096x6144][8x4096x6144][8x4096x6144][8x4096x6144][8x4096x6144][8x4096x6144][8x4096x6144][8x4096x6144][8x4096x6144][8x4096x6144][8x4096x6144][8x4096x6144][8x4096x6144][8x4096x6144][8x4096x6144][8x4096x6144][8x4096x6144][8x4096x6144][8x4096x6144][8x4096x6144][8x4096x6144][8x4096x6144][8x4096x6144][8x4096x6144][8x4096x6144][8x4096x6144][8x4096x6144][8x4096x6144][8x4096x6144][8x4096x6144][8x4096x6144][8x4096x6144][8x4096x6144][8x4096x6144][8x4096x6144][8x4096x6144][8x4096x6144][8x4096x6144][8x4096x6144][8x4096x6144][8x4096x6144][8x4096x6144][8x4096x6144][8x4096x6144][8x4096x6144][8x4096x6144][8x4096x6144][8x4096x6144][8x4096x6144][8x4096x6144][8x4096x6144][8x4096x6144][8x4096x6144][8x4096x6144][8x4096x6144][8x4096x6144][8x4096x6144][8x4096x6144][8x4096x6144][8x4096x6144][8x4096x6144][8x4096x6144][8x4096x6144][8x4096x6144][8x4096x6144][8x4096x6144][8x4096x6144][8x4096x6144][8x4096x6144][8x4096x6144][8x4096x6144][8x4096x6144][8x4096x6144][8x4096x6144][8x4096x6144][8x4096x6144][8x4096x6144][8x4096x6144][8x4096x6144][8x4096x6144][8x4096x6144][8x4096x6144][8x4096x6144][8x4096x6144][8x4096x6144][8x4096x6144][8x4096x6144][8x4096x6144][8x4096x6144][8x4096x6144][8x4096x6144][8x4096x6144][8x4096x6144][8x4096x6144][8x4096x6144][8x4096x6144][8x4096x6144][8x4096x6144][8x4096x6144][8x4096x6144][8x4096x6144][8x4096x6144][8x4096x6144][8x4096x6144][8x4096x6144][8x4096x6144][8x4096x6144][8x4096x6144][8x4096x6144][8x4096x6144][8x4096x6144][8x4096x6144][8x4096x6144][8x4096x6144][8x4096x6144][8x4096x6144][8x4096x6144][8x4096x6144][8x4096x6144][8x4096x6144][8x4096x6144][8x4096x6144][8x4096x6144][8x4096x6144][8x4096x6144][8x4096x6144][8x4096x6144][8x4096x6144][8x4096x6144][8x4096x6144][8x4096x6144][8x4096x6144][8x4096x6144][8x4096x6144][8x4096x6144][8x4096x6144][8x4096x6144][8x4096x6144][8x4096x6144][8x4096x6144][8x4096x6144][8x4096x6144][8x4096x6144][8x4096x6144][8x4096x6144][8x4096x6144][8x4096x6144][8x4096x6144][8x4096x6144][8x4096x6144][8x4096x6144][8x4096x6144][8x4096x6144][8x4096x6144][8x4096x6144][8x4096x6144][8x4096x6144][8x4096x6144][8x4096x6144][8x4096x6144][8x4096x6144][8x4096x6144][8x4096x6144][8x4096x6144][8x4096x6144][8x4096x6144][8x4096x6144][8x4096x6144][8x4096x6144][8x4096x6144][8x4096x6144][8x4096x6144][8x4096x6144][8x4096x6144][8x4096x6144][8x4096x6144][8x4096x6144][8x4096x6144][8x4096x6144][8x4096x6144][8x4096x6144][8x4096x6144][8x4096x6144][8x4096x6144][8x4096x6144][8x4096x6144][8x4096x6144][8x4096x6144][8x4096x6144][8x4096x6144][8x4096x6144][8x4096x6144][8x4096x6144][8x4096x6144][8x4096x6144][8x4096x6144][8x4096x6144][8x4096x6144][8x4096x6144][8x4096x6144][8x4096x6144][8x4096x6144][8x4096x6144][8x4096x6144][8x4096x6144][8x4096x6144][8x4096x6144][8x4096x6144]',,tensorop,f32,256,256,128,2,1,1,2,1,1,4,4,1,1,256,256,32,100,110,6471811072,103095992320,15,1.24357,4846.8,82903.2
1,CUTLASS,grouped_gemm,cutlass3x_sm100_tensorop_gemm_grouped_e4m3_e4m3_f32_bf16_e4m3_256x256x128_2x2x1_0_tnt_align16_2sm_epi_tma,passed,success,grouped,,,,,fe4m3:row,fe4m3:column,bf16:row,fe4m3:row,1,0,invalid,invalid,heuristic,1,false,'[8x4096x6144][8x4096x6144][8x4096x6144][8x4096x6144][8x4096x6144][8x4096x6144][8x4096x6144][8x4096x6144][8x4096x6144][8x4096x6144][8x4096x6144][8x4096x6144][8x4096x6144][8x4096x6144][8x4096x6144][8x4096x6144][8x4096x6144][8x4096x6144][8x4096x6144][8x4096x6144][8x4096x6144][8x4096x6144][8x4096x6144][8x4096x6144][8x4096x6144][8x4096x6144][8x4096x6144][8x4096x6144][8x4096x6144][8x4096x6144][8x4096x6144][8x4096x6144][8x4096x6144][8x4096x6144][8x4096x6144][8x4096x6144][8x4096x6144][8x4096x6144][8x4096x6144][8x4096x6144][8x4096x6144][8x4096x6144][8x4096x6144][8x4096x6144][8x4096x6144][8x4096x6144][8x4096x6144][8x4096x6144][8x4096x6144][8x4096x6144][8x4096x6144][8x4096x6144][8x4096x6144][8x4096x6144][8x4096x6144][8x4096x6144][8x4096x6144][8x4096x6144][8x4096x6144][8x4096x6144][8x4096x6144][8x4096x6144][8x4096x6144][8x4096x6144][8x4096x6144][8x4096x6144][8x4096x6144][8x4096x6144][8x4096x6144][8x4096x6144][8x4096x6144][8x4096x6144][8x4096x6144][8x4096x6144][8x4096x6144][8x4096x6144][8x4096x6144][8x4096x6144][8x4096x6144][8x4096x6144][8x4096x6144][8x4096x6144][8x4096x6144][8x4096x6144][8x4096x6144][8x4096x6144][8x4096x6144][8x4096x6144][8x4096x6144][8x4096x6144][8x4096x6144][8x4096x6144][8x4096x6144][8x4096x6144][8x4096x6144][8x4096x6144][8x4096x6144][8x4096x6144][8x4096x6144][8x4096x6144][8x4096x6144][8x4096x6144][8x4096x6144][8x4096x6144][8x4096x6144][8x4096x6144][8x4096x6144][8x4096x6144][8x4096x6144][8x4096x6144][8x4096x6144][8x4096x6144][8x4096x6144][8x4096x6144][8x4096x6144][8x4096x6144][8x4096x6144][8x4096x6144][8x4096x6144][8x4096x6144][8x4096x6144][8x4096x6144][8x4096x6144][8x4096x6144][8x4096x6144][8x4096x6144][8x4096x6144][8x4096x6144][8x4096x6144][8x4096x6144][8x4096x6144][8x4096x6144][8x4096x6144][8x4096x6144][8x4096x6144][8x4096x6144][8x4096x6144][8x4096x6144][8x4096x6144][8x4096x6144][8x4096x6144][8x4096x6144][8x4096x6144][8x4096x6144][8x4096x6144][8x4096x6144][8x4096x6144][8x4096x6144][8x4096x6144][8x4096x6144][8x4096x6144][8x4096x6144][8x4096x6144][8x4096x6144][8x4096x6144][8x4096x6144][8x4096x6144][8x4096x6144][8x4096x6144][8x4096x6144][8x4096x6144][8x4096x6144][8x4096x6144][8x4096x6144][8x4096x6144][8x4096x6144][8x4096x6144][8x4096x6144][8x4096x6144][8x4096x6144][8x4096x6144][8x4096x6144][8x4096x6144][8x4096x6144][8x4096x6144][8x4096x6144][8x4096x6144][8x4096x6144][8x4096x6144][8x4096x6144][8x4096x6144][8x4096x6144][8x4096x6144][8x4096x6144][8x4096x6144][8x4096x6144][8x4096x6144][8x4096x6144][8x4096x6144][8x4096x6144][8x4096x6144][8x4096x6144][8x4096x6144][8x4096x6144][8x4096x6144][8x4096x6144][8x4096x6144][8x4096x6144][8x4096x6144][8x4096x6144][8x4096x6144][8x4096x6144][8x4096x6144][8x4096x6144][8x4096x6144][8x4096x6144][8x4096x6144][8x4096x6144][8x4096x6144][8x4096x6144][8x4096x6144][8x4096x6144][8x4096x6144][8x4096x6144][8x4096x6144][8x4096x6144][8x4096x6144][8x4096x6144][8x4096x6144][8x4096x6144][8x4096x6144][8x4096x6144][8x4096x6144][8x4096x6144][8x4096x6144][8x4096x6144][8x4096x6144][8x4096x6144][8x4096x6144][8x4096x6144][8x4096x6144][8x4096x6144][8x4096x6144][8x4096x6144][8x4096x6144][8x4096x6144][8x4096x6144][8x4096x6144][8x4096x6144][8x4096x6144][8x4096x6144][8x4096x6144][8x4096x6144][8x4096x6144][8x4096x6144][8x4096x6144][8x4096x6144][8x4096x6144][8x4096x6144][8x4096x6144][8x4096x6144][8x4096x6144][8x4096x6144][8x4096x6144][8x4096x6144][8x4096x6144]',,tensorop,f32,256,256,128,2,2,1,2,1,1,4,4,1,1,256,256,32,100,110,6471811072,103095992320,15,1.23152,4894.24,83714.5
1,CUTLASS,grouped_gemm,cutlass3x_sm100_tensorop_gemm_grouped_e4m3_e4m3_f32_bf16_e4m3_256x256x128_2x2x1_0_tnt_align16_stream_k_2sm_epi_tma,passed,success,grouped,,,,,fe4m3:row,fe4m3:column,bf16:row,fe4m3:row,1,0,invalid,invalid,heuristic,1,false,'[8x4096x6144][8x4096x6144][8x4096x6144][8x4096x6144][8x4096x6144][8x4096x6144][8x4096x6144][8x4096x6144][8x4096x6144][8x4096x6144][8x4096x6144][8x4096x6144][8x4096x6144][8x4096x6144][8x4096x6144][8x4096x6144][8x4096x6144][8x4096x6144][8x4096x6144][8x4096x6144][8x4096x6144][8x4096x6144][8x4096x6144][8x4096x6144][8x4096x6144][8x4096x6144][8x4096x6144][8x4096x6144][8x4096x6144][8x4096x6144][8x4096x6144][8x4096x6144][8x4096x6144][8x4096x6144][8x4096x6144][8x4096x6144][8x4096x6144][8x4096x6144][8x4096x6144][8x4096x6144][8x4096x6144][8x4096x6144][8x4096x6144][8x4096x6144][8x4096x6144][8x4096x6144][8x4096x6144][8x4096x6144][8x4096x6144][8x4096x6144][8x4096x6144][8x4096x6144][8x4096x6144][8x4096x6144][8x4096x6144][8x4096x6144][8x4096x6144][8x4096x6144][8x4096x6144][8x4096x6144][8x4096x6144][8x4096x6144][8x4096x6144][8x4096x6144][8x4096x6144][8x4096x6144][8x4096x6144][8x4096x6144][8x4096x6144][8x4096x6144][8x4096x6144][8x4096x6144][8x4096x6144][8x4096x6144][8x4096x6144][8x4096x6144][8x4096x6144][8x4096x6144][8x4096x6144][8x4096x6144][8x4096x6144][8x4096x6144][8x4096x6144][8x4096x6144][8x4096x6144][8x4096x6144][8x4096x6144][8x4096x6144][8x4096x6144][8x4096x6144][8x4096x6144][8x4096x6144][8x4096x6144][8x4096x6144][8x4096x6144][8x4096x6144][8x4096x6144][8x4096x6144][8x4096x6144][8x4096x6144][8x4096x6144][8x4096x6144][8x4096x6144][8x4096x6144][8x4096x6144][8x4096x6144][8x4096x6144][8x4096x6144][8x4096x6144][8x4096x6144][8x4096x6144][8x4096x6144][8x4096x6144][8x4096x6144][8x4096x6144][8x4096x6144][8x4096x6144][8x4096x6144][8x4096x6144][8x4096x6144][8x4096x6144][8x4096x6144][8x4096x6144][8x4096x6144][8x4096x6144][8x4096x6144][8x4096x6144][8x4096x6144][8x4096x6144][8x4096x6144][8x4096x6144][8x4096x6144][8x4096x6144][8x4096x6144][8x4096x6144][8x4096x6144][8x4096x6144][8x4096x6144][8x4096x6144][8x4096x6144][8x4096x6144][8x4096x6144][8x4096x6144][8x4096x6144][8x4096x6144][8x4096x6144][8x4096x6144][8x4096x6144][8x4096x6144][8x4096x6144][8x4096x6144][8x4096x6144][8x4096x6144][8x4096x6144][8x4096x6144][8x4096x6144][8x4096x6144][8x4096x6144][8x4096x6144][8x4096x6144][8x4096x6144][8x4096x6144][8x4096x6144][8x4096x6144][8x4096x6144][8x4096x6144][8x4096x6144][8x4096x6144][8x4096x6144][8x4096x6144][8x4096x6144][8x4096x6144][8x4096x6144][8x4096x6144][8x4096x6144][8x4096x6144][8x4096x6144][8x4096x6144][8x4096x6144][8x4096x6144][8x4096x6144][8x4096x6144][8x4096x6144][8x4096x6144][8x4096x6144][8x4096x6144][8x4096x6144][8x4096x6144][8x4096x6144][8x4096x6144][8x4096x6144][8x4096x6144][8x4096x6144][8x4096x6144][8x4096x6144][8x4096x6144][8x4096x6144][8x4096x6144][8x4096x6144][8x4096x6144][8x4096x6144][8x4096x6144][8x4096x6144][8x4096x6144][8x4096x6144][8x4096x6144][8x4096x6144][8x4096x6144][8x4096x6144][8x4096x6144][8x4096x6144][8x4096x6144][8x4096x6144][8x4096x6144][8x4096x6144][8x4096x6144][8x4096x6144][8x4096x6144][8x4096x6144][8x4096x6144][8x4096x6144][8x4096x6144][8x4096x6144][8x4096x6144][8x4096x6144][8x4096x6144][8x4096x6144][8x4096x6144][8x4096x6144][8x4096x6144][8x4096x6144][8x4096x6144][8x4096x6144][8x4096x6144][8x4096x6144][8x4096x6144][8x4096x6144][8x4096x6144][8x4096x6144][8x4096x6144][8x4096x6144][8x4096x6144][8x4096x6144][8x4096x6144][8x4096x6144][8x4096x6144][8x4096x6144][8x4096x6144][8x4096x6144][8x4096x6144][8x4096x6144][8x4096x6144][8x4096x6144][8x4096x6144][8x4096x6144][8x4096x6144]',,tensorop,f32,256,256,128,2,2,1,2,1,1,4,4,1,1,256,256,32,100,110,6471811072,103095992320,15,1.23286,4888.91,83623.5
1,CUTLASS,grouped_gemm,cutlass3x_sm100_tensorop_gemm_grouped_e4m3_e4m3_f32_bf16_e4m3_256x256x128_4x1x1_0_tnt_align16_2sm_epi_tma,passed,success,grouped,,,,,fe4m3:row,fe4m3:column,bf16:row,fe4m3:row,1,0,invalid,invalid,heuristic,1,false,'[8x4096x6144][8x4096x6144][8x4096x6144][8x4096x6144][8x4096x6144][8x4096x6144][8x4096x6144][8x4096x6144][8x4096x6144][8x4096x6144][8x4096x6144][8x4096x6144][8x4096x6144][8x4096x6144][8x4096x6144][8x4096x6144][8x4096x6144][8x4096x6144][8x4096x6144][8x4096x6144][8x4096x6144][8x4096x6144][8x4096x6144][8x4096x6144][8x4096x6144][8x4096x6144][8x4096x6144][8x4096x6144][8x4096x6144][8x4096x6144][8x4096x6144][8x4096x6144][8x4096x6144][8x4096x6144][8x4096x6144][8x4096x6144][8x4096x6144][8x4096x6144][8x4096x6144][8x4096x6144][8x4096x6144][8x4096x6144][8x4096x6144][8x4096x6144][8x4096x6144][8x4096x6144][8x4096x6144][8x4096x6144][8x4096x6144][8x4096x6144][8x4096x6144][8x4096x6144][8x4096x6144][8x4096x6144][8x4096x6144][8x4096x6144][8x4096x6144][8x4096x6144][8x4096x6144][8x4096x6144][8x4096x6144][8x4096x6144][8x4096x6144][8x4096x6144][8x4096x6144][8x4096x6144][8x4096x6144][8x4096x6144][8x4096x6144][8x4096x6144][8x4096x6144][8x4096x6144][8x4096x6144][8x4096x6144][8x4096x6144][8x4096x6144][8x4096x6144][8x4096x6144][8x4096x6144][8x4096x6144][8x4096x6144][8x4096x6144][8x4096x6144][8x4096x6144][8x4096x6144][8x4096x6144][8x4096x6144][8x4096x6144][8x4096x6144][8x4096x6144][8x4096x6144][8x4096x6144][8x4096x6144][8x4096x6144][8x4096x6144][8x4096x6144][8x4096x6144][8x4096x6144][8x4096x6144][8x4096x6144][8x4096x6144][8x4096x6144][8x4096x6144][8x4096x6144][8x4096x6144][8x4096x6144][8x4096x6144][8x4096x6144][8x4096x6144][8x4096x6144][8x4096x6144][8x4096x6144][8x4096x6144][8x4096x6144][8x4096x6144][8x4096x6144][8x4096x6144][8x4096x6144][8x4096x6144][8x4096x6144][8x4096x6144][8x4096x6144][8x4096x6144][8x4096x6144][8x4096x6144][8x4096x6144][8x4096x6144][8x4096x6144][8x4096x6144][8x4096x6144][8x4096x6144][8x4096x6144][8x4096x6144][8x4096x6144][8x4096x6144][8x4096x6144][8x4096x6144][8x4096x6144][8x4096x6144][8x4096x6144][8x4096x6144][8x4096x6144][8x4096x6144][8x4096x6144][8x4096x6144][8x4096x6144][8x4096x6144][8x4096x6144][8x4096x6144][8x4096x6144][8x4096x6144][8x4096x6144][8x4096x6144][8x4096x6144][8x4096x6144][8x4096x6144][8x4096x6144][8x4096x6144][8x4096x6144][8x4096x6144][8x4096x6144][8x4096x6144][8x4096x6144][8x4096x6144][8x4096x6144][8x4096x6144][8x4096x6144][8x4096x6144][8x4096x6144][8x4096x6144][8x4096x6144][8x4096x6144][8x4096x6144][8x4096x6144][8x4096x6144][8x4096x6144][8x4096x6144][8x4096x6144][8x4096x6144][8x4096x6144][8x4096x6144][8x4096x6144][8x4096x6144][8x4096x6144][8x4096x6144][8x4096x6144][8x4096x6144][8x4096x6144][8x4096x6144][8x4096x6144][8x4096x6144][8x4096x6144][8x4096x6144][8x4096x6144][8x4096x6144][8x4096x6144][8x4096x6144][8x4096x6144][8x4096x6144][8x4096x6144][8x4096x6144][8x4096x6144][8x4096x6144][8x4096x6144][8x4096x6144][8x4096x6144][8x4096x6144][8x4096x6144][8x4096x6144][8x4096x6144][8x4096x6144][8x4096x6144][8x4096x6144][8x4096x6144][8x4096x6144][8x4096x6144][8x4096x6144][8x4096x6144][8x4096x6144][8x4096x6144][8x4096x6144][8x4096x6144][8x4096x6144][8x4096x6144][8x4096x6144][8x4096x6144][8x4096x6144][8x4096x6144][8x4096x6144][8x4096x6144][8x4096x6144][8x4096x6144][8x4096x6144][8x4096x6144][8x4096x6144][8x4096x6144][8x4096x6144][8x4096x6144][8x4096x6144][8x4096x6144][8x4096x6144][8x4096x6144][8x4096x6144][8x4096x6144][8x4096x6144][8x4096x6144][8x4096x6144][8x4096x6144][8x4096x6144][8x4096x6144][8x4096x6144][8x4096x6144][8x4096x6144][8x4096x6144][8x4096x6144][8x4096x6144]',,tensorop,f32,256,256,128,4,1,1,2,1,1,4,4,1,1,256,256,32,100,110,6471811072,103095992320,15,2.15278,2799.79,47889.7
1,CUTLASS,grouped_gemm,cutlass3x_sm100_tensorop_gemm_grouped_e4m3_e4m3_f32_bf16_e4m3_256x256x128_4x1x1_0_tnt_align16_stream_k_2sm_epi_tma,passed,success,grouped,,,,,fe4m3:row,fe4m3:column,bf16:row,fe4m3:row,1,0,invalid,invalid,heuristic,1,false,'[8x4096x6144][8x4096x6144][8x4096x6144][8x4096x6144][8x4096x6144][8x4096x6144][8x4096x6144][8x4096x6144][8x4096x6144][8x4096x6144][8x4096x6144][8x4096x6144][8x4096x6144][8x4096x6144][8x4096x6144][8x4096x6144][8x4096x6144][8x4096x6144][8x4096x6144][8x4096x6144][8x4096x6144][8x4096x6144][8x4096x6144][8x4096x6144][8x4096x6144][8x4096x6144][8x4096x6144][8x4096x6144][8x4096x6144][8x4096x6144][8x4096x6144][8x4096x6144][8x4096x6144][8x4096x6144][8x4096x6144][8x4096x6144][8x4096x6144][8x4096x6144][8x4096x6144][8x4096x6144][8x4096x6144][8x4096x6144][8x4096x6144][8x4096x6144][8x4096x6144][8x4096x6144][8x4096x6144][8x4096x6144][8x4096x6144][8x4096x6144][8x4096x6144][8x4096x6144][8x4096x6144][8x4096x6144][8x4096x6144][8x4096x6144][8x4096x6144][8x4096x6144][8x4096x6144][8x4096x6144][8x4096x6144][8x4096x6144][8x4096x6144][8x4096x6144][8x4096x6144][8x4096x6144][8x4096x6144][8x4096x6144][8x4096x6144][8x4096x6144][8x4096x6144][8x4096x6144][8x4096x6144][8x4096x6144][8x4096x6144][8x4096x6144][8x4096x6144][8x4096x6144][8x4096x6144][8x4096x6144][8x4096x6144][8x4096x6144][8x4096x6144][8x4096x6144][8x4096x6144][8x4096x6144][8x4096x6144][8x4096x6144][8x4096x6144][8x4096x6144][8x4096x6144][8x4096x6144][8x4096x6144][8x4096x6144][8x4096x6144][8x4096x6144][8x4096x6144][8x4096x6144][8x4096x6144][8x4096x6144][8x4096x6144][8x4096x6144][8x4096x6144][8x4096x6144][8x4096x6144][8x4096x6144][8x4096x6144][8x4096x6144][8x4096x6144][8x4096x6144][8x4096x6144][8x4096x6144][8x4096x6144][8x4096x6144][8x4096x6144][8x4096x6144][8x4096x6144][8x4096x6144][8x4096x6144][8x4096x6144][8x4096x6144][8x4096x6144][8x4096x6144][8x4096x6144][8x4096x6144][8x4096x6144][8x4096x6144][8x4096x6144][8x4096x6144][8x4096x6144][8x4096x6144][8x4096x6144][8x4096x6144][8x4096x6144][8x4096x6144][8x4096x6144][8x4096x6144][8x4096x6144][8x4096x6144][8x4096x6144][8x4096x6144][8x4096x6144][8x4096x6144][8x4096x6144][8x4096x6144][8x4096x6144][8x4096x6144][8x4096x6144][8x4096x6144][8x4096x6144][8x4096x6144][8x4096x6144][8x4096x6144][8x4096x6144][8x4096x6144][8x4096x6144][8x4096x6144][8x4096x6144][8x4096x6144][8x4096x6144][8x4096x6144][8x4096x6144][8x4096x6144][8x4096x6144][8x4096x6144][8x4096x6144][8x4096x6144][8x4096x6144][8x4096x6144][8x4096x6144][8x4096x6144][8x4096x6144][8x4096x6144][8x4096x6144][8x4096x6144][8x4096x6144][8x4096x6144][8x4096x6144][8x4096x6144][8x4096x6144][8x4096x6144][8x4096x6144][8x4096x6144][8x4096x6144][8x4096x6144][8x4096x6144][8x4096x6144][8x4096x6144][8x4096x6144][8x4096x6144][8x4096x6144][8x4096x6144][8x4096x6144][8x4096x6144][8x4096x6144][8x4096x6144][8x4096x6144][8x4096x6144][8x4096x6144][8x4096x6144][8x4096x6144][8x4096x6144][8x4096x6144][8x4096x6144][8x4096x6144][8x4096x6144][8x4096x6144][8x4096x6144][8x4096x6144][8x4096x6144][8x4096x6144][8x4096x6144][8x4096x6144][8x4096x6144][8x4096x6144][8x4096x6144][8x4096x6144][8x4096x6144][8x4096x6144][8x4096x6144][8x4096x6144][8x4096x6144][8x4096x6144][8x4096x6144][8x4096x6144][8x4096x6144][8x4096x6144][8x4096x6144][8x4096x6144][8x4096x6144][8x4096x6144][8x4096x6144][8x4096x6144][8x4096x6144][8x4096x6144][8x4096x6144][8x4096x6144][8x4096x6144][8x4096x6144][8x4096x6144][8x4096x6144][8x4096x6144][8x4096x6144][8x4096x6144][8x4096x6144][8x4096x6144][8x4096x6144][8x4096x6144][8x4096x6144][8x4096x6144][8x4096x6144][8x4096x6144][8x4096x6144][8x4096x6144][8x4096x6144][8x4096x6144]',,tensorop,f32,256,256,128,4,1,1,2,1,1,4,4,1,1,256,256,32,100,110,6471811072,103095992320,15,2.14169,2814.29,48137.7
1,CUTLASS,grouped_gemm,cutlass3x_sm100_tensorop_gemm_grouped_e4m3_e4m3_f32_bf16_e4m3_256x256x128_2x4x1_0_tnt_align16_2sm_epi_tma,passed,success,grouped,,,,,fe4m3:row,fe4m3:column,bf16:row,fe4m3:row,1,0,invalid,invalid,heuristic,1,false,'[8x4096x6144][8x4096x6144][8x4096x6144][8x4096x6144][8x4096x6144][8x4096x6144][8x4096x6144][8x4096x6144][8x4096x6144][8x4096x6144][8x4096x6144][8x4096x6144][8x4096x6144][8x4096x6144][8x4096x6144][8x4096x6144][8x4096x6144][8x4096x6144][8x4096x6144][8x4096x6144][8x4096x6144][8x4096x6144][8x4096x6144][8x4096x6144][8x4096x6144][8x4096x6144][8x4096x6144][8x4096x6144][8x4096x6144][8x4096x6144][8x4096x6144][8x4096x6144][8x4096x6144][8x4096x6144][8x4096x6144][8x4096x6144][8x4096x6144][8x4096x6144][8x4096x6144][8x4096x6144][8x4096x6144][8x4096x6144][8x4096x6144][8x4096x6144][8x4096x6144][8x4096x6144][8x4096x6144][8x4096x6144][8x4096x6144][8x4096x6144][8x4096x6144][8x4096x6144][8x4096x6144][8x4096x6144][8x4096x6144][8x4096x6144][8x4096x6144][8x4096x6144][8x4096x6144][8x4096x6144][8x4096x6144][8x4096x6144][8x4096x6144][8x4096x6144][8x4096x6144][8x4096x6144][8x4096x6144][8x4096x6144][8x4096x6144][8x4096x6144][8x4096x6144][8x4096x6144][8x4096x6144][8x4096x6144][8x4096x6144][8x4096x6144][8x4096x6144][8x4096x6144][8x4096x6144][8x4096x6144][8x4096x6144][8x4096x6144][8x4096x6144][8x4096x6144][8x4096x6144][8x4096x6144][8x4096x6144][8x4096x6144][8x4096x6144][8x4096x6144][8x4096x6144][8x4096x6144][8x4096x6144][8x4096x6144][8x4096x6144][8x4096x6144][8x4096x6144][8x4096x6144][8x4096x6144][8x4096x6144][8x4096x6144][8x4096x6144][8x4096x6144][8x4096x6144][8x4096x6144][8x4096x6144][8x4096x6144][8x4096x6144][8x4096x6144][8x4096x6144][8x4096x6144][8x4096x6144][8x4096x6144][8x4096x6144][8x4096x6144][8x4096x6144][8x4096x6144][8x4096x6144][8x4096x6144][8x4096x6144][8x4096x6144][8x4096x6144][8x4096x6144][8x4096x6144][8x4096x6144][8x4096x6144][8x4096x6144][8x4096x6144][8x4096x6144][8x4096x6144][8x4096x6144][8x4096x6144][8x4096x6144][8x4096x6144][8x4096x6144][8x4096x6144][8x4096x6144][8x4096x6144][8x4096x6144][8x4096x6144][8x4096x6144][8x4096x6144][8x4096x6144][8x4096x6144][8x4096x6144][8x4096x6144][8x4096x6144][8x4096x6144][8x4096x6144][8x4096x6144][8x4096x6144][8x4096x6144][8x4096x6144][8x4096x6144][8x4096x6144][8x4096x6144][8x4096x6144][8x4096x6144][8x4096x6144][8x4096x6144][8x4096x6144][8x4096x6144][8x4096x6144][8x4096x6144][8x4096x6144][8x4096x6144][8x4096x6144][8x4096x6144][8x4096x6144][8x4096x6144][8x4096x6144][8x4096x6144][8x4096x6144][8x4096x6144][8x4096x6144][8x4096x6144][8x4096x6144][8x4096x6144][8x4096x6144][8x4096x6144][8x4096x6144][8x4096x6144][8x4096x6144][8x4096x6144][8x4096x6144][8x4096x6144][8x4096x6144][8x4096x6144][8x4096x6144][8x4096x6144][8x4096x6144][8x4096x6144][8x4096x6144][8x4096x6144][8x4096x6144][8x4096x6144][8x4096x6144][8x4096x6144][8x4096x6144][8x4096x6144][8x4096x6144][8x4096x6144][8x4096x6144][8x4096x6144][8x4096x6144][8x4096x6144][8x4096x6144][8x4096x6144][8x4096x6144][8x4096x6144][8x4096x6144][8x4096x6144][8x4096x6144][8x4096x6144][8x4096x6144][8x4096x6144][8x4096x6144][8x4096x6144][8x4096x6144][8x4096x6144][8x4096x6144][8x4096x6144][8x4096x6144][8x4096x6144][8x4096x6144][8x4096x6144][8x4096x6144][8x4096x6144][8x4096x6144][8x4096x6144][8x4096x6144][8x4096x6144][8x4096x6144][8x4096x6144][8x4096x6144][8x4096x6144][8x4096x6144][8x4096x6144][8x4096x6144][8x4096x6144][8x4096x6144][8x4096x6144][8x4096x6144][8x4096x6144][8x4096x6144][8x4096x6144][8x4096x6144][8x4096x6144][8x4096x6144][8x4096x6144][8x4096x6144][8x4096x6144][8x4096x6144][8x4096x6144][8x4096x6144][8x4096x6144]',,tensorop,f32,256,256,128,2,4,1,2,1,1,4,4,1,1,256,256,32,100,110,6471811072,103095992320,15,1.38037,4366.48,74687.4
1,CUTLASS,grouped_gemm,cutlass3x_sm100_tensorop_gemm_grouped_e4m3_e4m3_f32_bf16_e4m3_256x256x128_2x4x1_0_tnt_align16_stream_k_2sm_epi_tma,passed,success,grouped,,,,,fe4m3:row,fe4m3:column,bf16:row,fe4m3:row,1,0,invalid,invalid,heuristic,1,false,'[8x4096x6144][8x4096x6144][8x4096x6144][8x4096x6144][8x4096x6144][8x4096x6144][8x4096x6144][8x4096x6144][8x4096x6144][8x4096x6144][8x4096x6144][8x4096x6144][8x4096x6144][8x4096x6144][8x4096x6144][8x4096x6144][8x4096x6144][8x4096x6144][8x4096x6144][8x4096x6144][8x4096x6144][8x4096x6144][8x4096x6144][8x4096x6144][8x4096x6144][8x4096x6144][8x4096x6144][8x4096x6144][8x4096x6144][8x4096x6144][8x4096x6144][8x4096x6144][8x4096x6144][8x4096x6144][8x4096x6144][8x4096x6144][8x4096x6144][8x4096x6144][8x4096x6144][8x4096x6144][8x4096x6144][8x4096x6144][8x4096x6144][8x4096x6144][8x4096x6144][8x4096x6144][8x4096x6144][8x4096x6144][8x4096x6144][8x4096x6144][8x4096x6144][8x4096x6144][8x4096x6144][8x4096x6144][8x4096x6144][8x4096x6144][8x4096x6144][8x4096x6144][8x4096x6144][8x4096x6144][8x4096x6144][8x4096x6144][8x4096x6144][8x4096x6144][8x4096x6144][8x4096x6144][8x4096x6144][8x4096x6144][8x4096x6144][8x4096x6144][8x4096x6144][8x4096x6144][8x4096x6144][8x4096x6144][8x4096x6144][8x4096x6144][8x4096x6144][8x4096x6144][8x4096x6144][8x4096x6144][8x4096x6144][8x4096x6144][8x4096x6144][8x4096x6144][8x4096x6144][8x4096x6144][8x4096x6144][8x4096x6144][8x4096x6144][8x4096x6144][8x4096x6144][8x4096x6144][8x4096x6144][8x4096x6144][8x4096x6144][8x4096x6144][8x4096x6144][8x4096x6144][8x4096x6144][8x4096x6144][8x4096x6144][8x4096x6144][8x4096x6144][8x4096x6144][8x4096x6144][8x4096x6144][8x4096x6144][8x4096x6144][8x4096x6144][8x4096x6144][8x4096x6144][8x4096x6144][8x4096x6144][8x4096x6144][8x4096x6144][8x4096x6144][8x4096x6144][8x4096x6144][8x4096x6144][8x4096x6144][8x4096x6144][8x4096x6144][8x4096x6144][8x4096x6144][8x4096x6144][8x4096x6144][8x4096x6144][8x4096x6144][8x4096x6144][8x4096x6144][8x4096x6144][8x4096x6144][8x4096x6144][8x4096x6144][8x4096x6144][8x4096x6144][8x4096x6144][8x4096x6144][8x4096x6144][8x4096x6144][8x4096x6144][8x4096x6144][8x4096x6144][8x4096x6144][8x4096x6144][8x4096x6144][8x4096x6144][8x4096x6144][8x4096x6144][8x4096x6144][8x4096x6144][8x4096x6144][8x4096x6144][8x4096x6144][8x4096x6144][8x4096x6144][8x4096x6144][8x4096x6144][8x4096x6144][8x4096x6144][8x4096x6144][8x4096x6144][8x4096x6144][8x4096x6144][8x4096x6144][8x4096x6144][8x4096x6144][8x4096x6144][8x4096x6144][8x4096x6144][8x4096x6144][8x4096x6144][8x4096x6144][8x4096x6144][8x4096x6144][8x4096x6144][8x4096x6144][8x4096x6144][8x4096x6144][8x4096x6144][8x4096x6144][8x4096x6144][8x4096x6144][8x4096x6144][8x4096x6144][8x4096x6144][8x4096x6144][8x4096x6144][8x4096x6144][8x4096x6144][8x4096x6144][8x4096x6144][8x4096x6144][8x4096x6144][8x4096x6144][8x4096x6144][8x4096x6144][8x4096x6144][8x4096x6144][8x4096x6144][8x4096x6144][8x4096x6144][8x4096x6144][8x4096x6144][8x4096x6144][8x4096x6144][8x4096x6144][8x4096x6144][8x4096x6144][8x4096x6144][8x4096x6144][8x4096x6144][8x4096x6144][8x4096x6144][8x4096x6144][8x4096x6144][8x4096x6144][8x4096x6144][8x4096x6144][8x4096x6144][8x4096x6144][8x4096x6144][8x4096x6144][8x4096x6144][8x4096x6144][8x4096x6144][8x4096x6144][8x4096x6144][8x4096x6144][8x4096x6144][8x4096x6144][8x4096x6144][8x4096x6144][8x4096x6144][8x4096x6144][8x4096x6144][8x4096x6144][8x4096x6144][8x4096x6144][8x4096x6144][8x4096x6144][8x4096x6144][8x4096x6144][8x4096x6144][8x4096x6144][8x4096x6144][8x4096x6144][8x4096x6144][8x4096x6144][8x4096x6144][8x4096x6144][8x4096x6144][8x4096x6144][8x4096x6144][8x4096x6144][8x4096x6144]',,tensorop,f32,256,256,128,2,4,1,2,1,1,4,4,1,1,256,256,32,100,110,6471811072,103095992320,15,1.38177,4362.05,74611.6
1,CUTLASS,grouped_gemm,cutlass3x_sm100_tensorop_gemm_grouped_e4m3_e4m3_f32_bf16_e4m3_256x256x128_4x2x1_0_tnt_align16_2sm_epi_tma,passed,success,grouped,,,,,fe4m3:row,fe4m3:column,bf16:row,fe4m3:row,1,0,invalid,invalid,heuristic,1,false,'[8x4096x6144][8x4096x6144][8x4096x6144][8x4096x6144][8x4096x6144][8x4096x6144][8x4096x6144][8x4096x6144][8x4096x6144][8x4096x6144][8x4096x6144][8x4096x6144][8x4096x6144][8x4096x6144][8x4096x6144][8x4096x6144][8x4096x6144][8x4096x6144][8x4096x6144][8x4096x6144][8x4096x6144][8x4096x6144][8x4096x6144][8x4096x6144][8x4096x6144][8x4096x6144][8x4096x6144][8x4096x6144][8x4096x6144][8x4096x6144][8x4096x6144][8x4096x6144][8x4096x6144][8x4096x6144][8x4096x6144][8x4096x6144][8x4096x6144][8x4096x6144][8x4096x6144][8x4096x6144][8x4096x6144][8x4096x6144][8x4096x6144][8x4096x6144][8x4096x6144][8x4096x6144][8x4096x6144][8x4096x6144][8x4096x6144][8x4096x6144][8x4096x6144][8x4096x6144][8x4096x6144][8x4096x6144][8x4096x6144][8x4096x6144][8x4096x6144][8x4096x6144][8x4096x6144][8x4096x6144][8x4096x6144][8x4096x6144][8x4096x6144][8x4096x6144][8x4096x6144][8x4096x6144][8x4096x6144][8x4096x6144][8x4096x6144][8x4096x6144][8x4096x6144][8x4096x6144][8x4096x6144][8x4096x6144][8x4096x6144][8x4096x6144][8x4096x6144][8x4096x6144][8x4096x6144][8x4096x6144][8x4096x6144][8x4096x6144][8x4096x6144][8x4096x6144][8x4096x6144][8x4096x6144][8x4096x6144][8x4096x6144][8x4096x6144][8x4096x6144][8x4096x6144][8x4096x6144][8x4096x6144][8x4096x6144][8x4096x6144][8x4096x6144][8x4096x6144][8x4096x6144][8x4096x6144][8x4096x6144][8x4096x6144][8x4096x6144][8x4096x6144][8x4096x6144][8x4096x6144][8x4096x6144][8x4096x6144][8x4096x6144][8x4096x6144][8x4096x6144][8x4096x6144][8x4096x6144][8x4096x6144][8x4096x6144][8x4096x6144][8x4096x6144][8x4096x6144][8x4096x6144][8x4096x6144][8x4096x6144][8x4096x6144][8x4096x6144][8x4096x6144][8x4096x6144][8x4096x6144][8x4096x6144][8x4096x6144][8x4096x6144][8x4096x6144][8x4096x6144][8x4096x6144][8x4096x6144][8x4096x6144][8x4096x6144][8x4096x6144][8x4096x6144][8x4096x6144][8x4096x6144][8x4096x6144][8x4096x6144][8x4096x6144][8x4096x6144][8x4096x6144][8x4096x6144][8x4096x6144][8x4096x6144][8x4096x6144][8x4096x6144][8x4096x6144][8x4096x6144][8x4096x6144][8x4096x6144][8x4096x6144][8x4096x6144][8x4096x6144][8x4096x6144][8x4096x6144][8x4096x6144][8x4096x6144][8x4096x6144][8x4096x6144][8x4096x6144][8x4096x6144][8x4096x6144][8x4096x6144][8x4096x6144][8x4096x6144][8x4096x6144][8x4096x6144][8x4096x6144][8x4096x6144][8x4096x6144][8x4096x6144][8x4096x6144][8x4096x6144][8x4096x6144][8x4096x6144][8x4096x6144][8x4096x6144][8x4096x6144][8x4096x6144][8x4096x6144][8x4096x6144][8x4096x6144][8x4096x6144][8x4096x6144][8x4096x6144][8x4096x6144][8x4096x6144][8x4096x6144][8x4096x6144][8x4096x6144][8x4096x6144][8x4096x6144][8x4096x6144][8x4096x6144][8x4096x6144][8x4096x6144][8x4096x6144][8x4096x6144][8x4096x6144][8x4096x6144][8x4096x6144][8x4096x6144][8x4096x6144][8x4096x6144][8x4096x6144][8x4096x6144][8x4096x6144][8x4096x6144][8x4096x6144][8x4096x6144][8x4096x6144][8x4096x6144][8x4096x6144][8x4096x6144][8x4096x6144][8x4096x6144][8x4096x6144][8x4096x6144][8x4096x6144][8x4096x6144][8x4096x6144][8x4096x6144][8x4096x6144][8x4096x6144][8x4096x6144][8x4096x6144][8x4096x6144][8x4096x6144][8x4096x6144][8x4096x6144][8x4096x6144][8x4096x6144][8x4096x6144][8x4096x6144][8x4096x6144][8x4096x6144][8x4096x6144][8x4096x6144][8x4096x6144][8x4096x6144][8x4096x6144][8x4096x6144][8x4096x6144][8x4096x6144][8x4096x6144][8x4096x6144][8x4096x6144][8x4096x6144][8x4096x6144][8x4096x6144][8x4096x6144][8x4096x6144][8x4096x6144][8x4096x6144]',,tensorop,f32,256,256,128,4,2,1,2,1,1,4,4,1,1,256,256,32,100,110,6471811072,103095992320,15,2.36341,2550.28,43621.8
1,CUTLASS,grouped_gemm,cutlass3x_sm100_tensorop_gemm_grouped_e4m3_e4m3_f32_bf16_e4m3_256x256x128_4x2x1_0_tnt_align16_stream_k_2sm_epi_tma,passed,success,grouped,,,,,fe4m3:row,fe4m3:column,bf16:row,fe4m3:row,1,0,invalid,invalid,heuristic,1,false,'[8x4096x6144][8x4096x6144][8x4096x6144][8x4096x6144][8x4096x6144][8x4096x6144][8x4096x6144][8x4096x6144][8x4096x6144][8x4096x6144][8x4096x6144][8x4096x6144][8x4096x6144][8x4096x6144][8x4096x6144][8x4096x6144][8x4096x6144][8x4096x6144][8x4096x6144][8x4096x6144][8x4096x6144][8x4096x6144][8x4096x6144][8x4096x6144][8x4096x6144][8x4096x6144][8x4096x6144][8x4096x6144][8x4096x6144][8x4096x6144][8x4096x6144][8x4096x6144][8x4096x6144][8x4096x6144][8x4096x6144][8x4096x6144][8x4096x6144][8x4096x6144][8x4096x6144][8x4096x6144][8x4096x6144][8x4096x6144][8x4096x6144][8x4096x6144][8x4096x6144][8x4096x6144][8x4096x6144][8x4096x6144][8x4096x6144][8x4096x6144][8x4096x6144][8x4096x6144][8x4096x6144][8x4096x6144][8x4096x6144][8x4096x6144][8x4096x6144][8x4096x6144][8x4096x6144][8x4096x6144][8x4096x6144][8x4096x6144][8x4096x6144][8x4096x6144][8x4096x6144][8x4096x6144][8x4096x6144][8x4096x6144][8x4096x6144][8x4096x6144][8x4096x6144][8x4096x6144][8x4096x6144][8x4096x6144][8x4096x6144][8x4096x6144][8x4096x6144][8x4096x6144][8x4096x6144][8x4096x6144][8x4096x6144][8x4096x6144][8x4096x6144][8x4096x6144][8x4096x6144][8x4096x6144][8x4096x6144][8x4096x6144][8x4096x6144][8x4096x6144][8x4096x6144][8x4096x6144][8x4096x6144][8x4096x6144][8x4096x6144][8x4096x6144][8x4096x6144][8x4096x6144][8x4096x6144][8x4096x6144][8x4096x6144][8x4096x6144][8x4096x6144][8x4096x6144][8x4096x6144][8x4096x6144][8x4096x6144][8x4096x6144][8x4096x6144][8x4096x6144][8x4096x6144][8x4096x6144][8x4096x6144][8x4096x6144][8x4096x6144][8x4096x6144][8x4096x6144][8x4096x6144][8x4096x6144][8x4096x6144][8x4096x6144][8x4096x6144][8x4096x6144][8x4096x6144][8x4096x6144][8x4096x6144][8x4096x6144][8x4096x6144][8x4096x6144][8x4096x6144][8x4096x6144][8x4096x6144][8x4096x6144][8x4096x6144][8x4096x6144][8x4096x6144][8x4096x6144][8x4096x6144][8x4096x6144][8x4096x6144][8x4096x6144][8x4096x6144][8x4096x6144][8x4096x6144][8x4096x6144][8x4096x6144][8x4096x6144][8x4096x6144][8x4096x6144][8x4096x6144][8x4096x6144][8x4096x6144][8x4096x6144][8x4096x6144][8x4096x6144][8x4096x6144][8x4096x6144][8x4096x6144][8x4096x6144][8x4096x6144][8x4096x6144][8x4096x6144][8x4096x6144][8x4096x6144][8x4096x6144][8x4096x6144][8x4096x6144][8x4096x6144][8x4096x6144][8x4096x6144][8x4096x6144][8x4096x6144][8x4096x6144][8x4096x6144][8x4096x6144][8x4096x6144][8x4096x6144][8x4096x6144][8x4096x6144][8x4096x6144][8x4096x6144][8x4096x6144][8x4096x6144][8x4096x6144][8x4096x6144][8x4096x6144][8x4096x6144][8x4096x6144][8x4096x6144][8x4096x6144][8x4096x6144][8x4096x6144][8x4096x6144][8x4096x6144][8x4096x6144][8x4096x6144][8x4096x6144][8x4096x6144][8x4096x6144][8x4096x6144][8x4096x6144][8x4096x6144][8x4096x6144][8x4096x6144][8x4096x6144][8x4096x6144][8x4096x6144][8x4096x6144][8x4096x6144][8x4096x6144][8x4096x6144][8x4096x6144][8x4096x6144][8x4096x6144][8x4096x6144][8x4096x6144][8x4096x6144][8x4096x6144][8x4096x6144][8x4096x6144][8x4096x6144][8x4096x6144][8x4096x6144][8x4096x6144][8x4096x6144][8x4096x6144][8x4096x6144][8x4096x6144][8x4096x6144][8x4096x6144][8x4096x6144][8x4096x6144][8x4096x6144][8x4096x6144][8x4096x6144][8x4096x6144][8x4096x6144][8x4096x6144][8x4096x6144][8x4096x6144][8x4096x6144][8x4096x6144][8x4096x6144][8x4096x6144][8x4096x6144][8x4096x6144][8x4096x6144][8x4096x6144][8x4096x6144][8x4096x6144][8x4096x6144][8x4096x6144][8x4096x6144][8x4096x6144][8x4096x6144][8x4096x6144]',,tensorop,f32,256,256,128,4,2,1,2,1,1,4,4,1,1,256,256,32,100,110,6471811072,103095992320,15,2.36322,2550.48,43625.2
1,CUTLASS,grouped_gemm,cutlass3x_sm100_tensorop_gemm_grouped_e4m3_e4m3_f32_bf16_e4m3_256x256x128_4x4x1_0_tnt_align16_2sm_epi_tma,passed,success,grouped,,,,,fe4m3:row,fe4m3:column,bf16:row,fe4m3:row,1,0,invalid,invalid,heuristic,1,false,'[8x4096x6144][8x4096x6144][8x4096x6144][8x4096x6144][8x4096x6144][8x4096x6144][8x4096x6144][8x4096x6144][8x4096x6144][8x4096x6144][8x4096x6144][8x4096x6144][8x4096x6144][8x4096x6144][8x4096x6144][8x4096x6144][8x4096x6144][8x4096x6144][8x4096x6144][8x4096x6144][8x4096x6144][8x4096x6144][8x4096x6144][8x4096x6144][8x4096x6144][8x4096x6144][8x4096x6144][8x4096x6144][8x4096x6144][8x4096x6144][8x4096x6144][8x4096x6144][8x4096x6144][8x4096x6144][8x4096x6144][8x4096x6144][8x4096x6144][8x4096x6144][8x4096x6144][8x4096x6144][8x4096x6144][8x4096x6144][8x4096x6144][8x4096x6144][8x4096x6144][8x4096x6144][8x4096x6144][8x4096x6144][8x4096x6144][8x4096x6144][8x4096x6144][8x4096x6144][8x4096x6144][8x4096x6144][8x4096x6144][8x4096x6144][8x4096x6144][8x4096x6144][8x4096x6144][8x4096x6144][8x4096x6144][8x4096x6144][8x4096x6144][8x4096x6144][8x4096x6144][8x4096x6144][8x4096x6144][8x4096x6144][8x4096x6144][8x4096x6144][8x4096x6144][8x4096x6144][8x4096x6144][8x4096x6144][8x4096x6144][8x4096x6144][8x4096x6144][8x4096x6144][8x4096x6144][8x4096x6144][8x4096x6144][8x4096x6144][8x4096x6144][8x4096x6144][8x4096x6144][8x4096x6144][8x4096x6144][8x4096x6144][8x4096x6144][8x4096x6144][8x4096x6144][8x4096x6144][8x4096x6144][8x4096x6144][8x4096x6144][8x4096x6144][8x4096x6144][8x4096x6144][8x4096x6144][8x4096x6144][8x4096x6144][8x4096x6144][8x4096x6144][8x4096x6144][8x4096x6144][8x4096x6144][8x4096x6144][8x4096x6144][8x4096x6144][8x4096x6144][8x4096x6144][8x4096x6144][8x4096x6144][8x4096x6144][8x4096x6144][8x4096x6144][8x4096x6144][8x4096x6144][8x4096x6144][8x4096x6144][8x4096x6144][8x4096x6144][8x4096x6144][8x4096x6144][8x4096x6144][8x4096x6144][8x4096x6144][8x4096x6144][8x4096x6144][8x4096x6144][8x4096x6144][8x4096x6144][8x4096x6144][8x4096x6144][8x4096x6144][8x4096x6144][8x4096x6144][8x4096x6144][8x4096x6144][8x4096x6144][8x4096x6144][8x4096x6144][8x4096x6144][8x4096x6144][8x4096x6144][8x4096x6144][8x4096x6144][8x4096x6144][8x4096x6144][8x4096x6144][8x4096x6144][8x4096x6144][8x4096x6144][8x4096x6144][8x4096x6144][8x4096x6144][8x4096x6144][8x4096x6144][8x4096x6144][8x4096x6144][8x4096x6144][8x4096x6144][8x4096x6144][8x4096x6144][8x4096x6144][8x4096x6144][8x4096x6144][8x4096x6144][8x4096x6144][8x4096x6144][8x4096x6144][8x4096x6144][8x4096x6144][8x4096x6144][8x4096x6144][8x4096x6144][8x4096x6144][8x4096x6144][8x4096x6144][8x4096x6144][8x4096x6144][8x4096x6144][8x4096x6144][8x4096x6144][8x4096x6144][8x4096x6144][8x4096x6144][8x4096x6144][8x4096x6144][8x4096x6144][8x4096x6144][8x4096x6144][8x4096x6144][8x4096x6144][8x4096x6144][8x4096x6144][8x4096x6144][8x4096x6144][8x4096x6144][8x4096x6144][8x4096x6144][8x4096x6144][8x4096x6144][8x4096x6144][8x4096x6144][8x4096x6144][8x4096x6144][8x4096x6144][8x4096x6144][8x4096x6144][8x4096x6144][8x4096x6144][8x4096x6144][8x4096x6144][8x4096x6144][8x4096x6144][8x4096x6144][8x4096x6144][8x4096x6144][8x4096x6144][8x4096x6144][8x4096x6144][8x4096x6144][8x4096x6144][8x4096x6144][8x4096x6144][8x4096x6144][8x4096x6144][8x4096x6144][8x4096x6144][8x4096x6144][8x4096x6144][8x4096x6144][8x4096x6144][8x4096x6144][8x4096x6144][8x4096x6144][8x4096x6144][8x4096x6144][8x4096x6144][8x4096x6144][8x4096x6144][8x4096x6144][8x4096x6144][8x4096x6144][8x4096x6144][8x4096x6144][8x4096x6144][8x4096x6144][8x4096x6144][8x4096x6144][8x4096x6144][8x4096x6144][8x4096x6144][8x4096x6144][8x4096x6144]',,tensorop,f32,256,256,128,4,4,1,2,1,1,4,4,1,1,256,256,32,100,110,6471811072,103095992320,15,2.5487,2364.87,40450.4
1,CUTLASS,grouped_gemm,cutlass3x_sm100_tensorop_gemm_grouped_e4m3_e4m3_f32_bf16_e4m3_256x256x128_4x4x1_0_tnt_align16_stream_k_2sm_epi_tma,passed,success,grouped,,,,,fe4m3:row,fe4m3:column,bf16:row,fe4m3:row,1,0,invalid,invalid,heuristic,1,false,'[8x4096x6144][8x4096x6144][8x4096x6144][8x4096x6144][8x4096x6144][8x4096x6144][8x4096x6144][8x4096x6144][8x4096x6144][8x4096x6144][8x4096x6144][8x4096x6144][8x4096x6144][8x4096x6144][8x4096x6144][8x4096x6144][8x4096x6144][8x4096x6144][8x4096x6144][8x4096x6144][8x4096x6144][8x4096x6144][8x4096x6144][8x4096x6144][8x4096x6144][8x4096x6144][8x4096x6144][8x4096x6144][8x4096x6144][8x4096x6144][8x4096x6144][8x4096x6144][8x4096x6144][8x4096x6144][8x4096x6144][8x4096x6144][8x4096x6144][8x4096x6144][8x4096x6144][8x4096x6144][8x4096x6144][8x4096x6144][8x4096x6144][8x4096x6144][8x4096x6144][8x4096x6144][8x4096x6144][8x4096x6144][8x4096x6144][8x4096x6144][8x4096x6144][8x4096x6144][8x4096x6144][8x4096x6144][8x4096x6144][8x4096x6144][8x4096x6144][8x4096x6144][8x4096x6144][8x4096x6144][8x4096x6144][8x4096x6144][8x4096x6144][8x4096x6144][8x4096x6144][8x4096x6144][8x4096x6144][8x4096x6144][8x4096x6144][8x4096x6144][8x4096x6144][8x4096x6144][8x4096x6144][8x4096x6144][8x4096x6144][8x4096x6144][8x4096x6144][8x4096x6144][8x4096x6144][8x4096x6144][8x4096x6144][8x4096x6144][8x4096x6144][8x4096x6144][8x4096x6144][8x4096x6144][8x4096x6144][8x4096x6144][8x4096x6144][8x4096x6144][8x4096x6144][8x4096x6144][8x4096x6144][8x4096x6144][8x4096x6144][8x4096x6144][8x4096x6144][8x4096x6144][8x4096x6144][8x4096x6144][8x4096x6144][8x4096x6144][8x4096x6144][8x4096x6144][8x4096x6144][8x4096x6144][8x4096x6144][8x4096x6144][8x4096x6144][8x4096x6144][8x4096x6144][8x4096x6144][8x4096x6144][8x4096x6144][8x4096x6144][8x4096x6144][8x4096x6144][8x4096x6144][8x4096x6144][8x4096x6144][8x4096x6144][8x4096x6144][8x4096x6144][8x4096x6144][8x4096x6144][8x4096x6144][8x4096x6144][8x4096x6144][8x4096x6144][8x4096x6144][8x4096x6144][8x4096x6144][8x4096x6144][8x4096x6144][8x4096x6144][8x4096x6144][8x4096x6144][8x4096x6144][8x4096x6144][8x4096x6144][8x4096x6144][8x4096x6144][8x4096x6144][8x4096x6144][8x4096x6144][8x4096x6144][8x4096x6144][8x4096x6144][8x4096x6144][8x4096x6144][8x4096x6144][8x4096x6144][8x4096x6144][8x4096x6144][8x4096x6144][8x4096x6144][8x4096x6144][8x4096x6144][8x4096x6144][8x4096x6144][8x4096x6144][8x4096x6144][8x4096x6144][8x4096x6144][8x4096x6144][8x4096x6144][8x4096x6144][8x4096x6144][8x4096x6144][8x4096x6144][8x4096x6144][8x4096x6144][8x4096x6144][8x4096x6144][8x4096x6144][8x4096x6144][8x4096x6144][8x4096x6144][8x4096x6144][8x4096x6144][8x4096x6144][8x4096x6144][8x4096x6144][8x4096x6144][8x4096x6144][8x4096x6144][8x4096x6144][8x4096x6144][8x4096x6144][8x4096x6144][8x4096x6144][8x4096x6144][8x4096x6144][8x4096x6144][8x4096x6144][8x4096x6144][8x4096x6144][8x4096x6144][8x4096x6144][8x4096x6144][8x4096x6144][8x4096x6144][8x4096x6144][8x4096x6144][8x4096x6144][8x4096x6144][8x4096x6144][8x4096x6144][8x4096x6144][8x4096x6144][8x4096x6144][8x4096x6144][8x4096x6144][8x4096x6144][8x4096x6144][8x4096x6144][8x4096x6144][8x4096x6144][8x4096x6144][8x4096x6144][8x4096x6144][8x4096x6144][8x4096x6144][8x4096x6144][8x4096x6144][8x4096x6144][8x4096x6144][8x4096x6144][8x4096x6144][8x4096x6144][8x4096x6144][8x4096x6144][8x4096x6144][8x4096x6144][8x4096x6144][8x4096x6144][8x4096x6144][8x4096x6144][8x4096x6144][8x4096x6144][8x4096x6144][8x4096x6144][8x4096x6144][8x4096x6144][8x4096x6144][8x4096x6144][8x4096x6144][8x4096x6144][8x4096x6144][8x4096x6144][8x4096x6144][8x4096x6144][8x4096x6144][8x4096x6144][8x4096x6144][8x4096x6144]',,tensorop,f32,256,256,128,4,4,1,2,1,1,4,4,1,1,256,256,32,100,110,6471811072,103095992320,15,2.54839,2365.16,40455.3
1,CUTLASS,grouped_gemm,cutlass3x_sm100_tensorop_gemm_grouped_e4m3_e4m3_f32_bf16_e4m3_256x256x128_0x0x1_0_ttt_align16_2sm_epi_tma,passed,success,grouped,,,,,fe4m3:row,fe4m3:row,bf16:row,fe4m3:row,1,0,invalid,invalid,heuristic,1,false,'[8x4096x6144][8x4096x6144][8x4096x6144][8x4096x6144][8x4096x6144][8x4096x6144][8x4096x6144][8x4096x6144][8x4096x6144][8x4096x6144][8x4096x6144][8x4096x6144][8x4096x6144][8x4096x6144][8x4096x6144][8x4096x6144][8x4096x6144][8x4096x6144][8x4096x6144][8x4096x6144][8x4096x6144][8x4096x6144][8x4096x6144][8x4096x6144][8x4096x6144][8x4096x6144][8x4096x6144][8x4096x6144][8x4096x6144][8x4096x6144][8x4096x6144][8x4096x6144][8x4096x6144][8x4096x6144][8x4096x6144][8x4096x6144][8x4096x6144][8x4096x6144][8x4096x6144][8x4096x6144][8x4096x6144][8x4096x6144][8x4096x6144][8x4096x6144][8x4096x6144][8x4096x6144][8x4096x6144][8x4096x6144][8x4096x6144][8x4096x6144][8x4096x6144][8x4096x6144][8x4096x6144][8x4096x6144][8x4096x6144][8x4096x6144][8x4096x6144][8x4096x6144][8x4096x6144][8x4096x6144][8x4096x6144][8x4096x6144][8x4096x6144][8x4096x6144][8x4096x6144][8x4096x6144][8x4096x6144][8x4096x6144][8x4096x6144][8x4096x6144][8x4096x6144][8x4096x6144][8x4096x6144][8x4096x6144][8x4096x6144][8x4096x6144][8x4096x6144][8x4096x6144][8x4096x6144][8x4096x6144][8x4096x6144][8x4096x6144][8x4096x6144][8x4096x6144][8x4096x6144][8x4096x6144][8x4096x6144][8x4096x6144][8x4096x6144][8x4096x6144][8x4096x6144][8x4096x6144][8x4096x6144][8x4096x6144][8x4096x6144][8x4096x6144][8x4096x6144][8x4096x6144][8x4096x6144][8x4096x6144][8x4096x6144][8x4096x6144][8x4096x6144][8x4096x6144][8x4096x6144][8x4096x6144][8x4096x6144][8x4096x6144][8x4096x6144][8x4096x6144][8x4096x6144][8x4096x6144][8x4096x6144][8x4096x6144][8x4096x6144][8x4096x6144][8x4096x6144][8x4096x6144][8x4096x6144][8x4096x6144][8x4096x6144][8x4096x6144][8x4096x6144][8x4096x6144][8x4096x6144][8x4096x6144][8x4096x6144][8x4096x6144][8x4096x6144][8x4096x6144][8x4096x6144][8x4096x6144][8x4096x6144][8x4096x6144][8x4096x6144][8x4096x6144][8x4096x6144][8x4096x6144][8x4096x6144][8x4096x6144][8x4096x6144][8x4096x6144][8x4096x6144][8x4096x6144][8x4096x6144][8x4096x6144][8x4096x6144][8x4096x6144][8x4096x6144][8x4096x6144][8x4096x6144][8x4096x6144][8x4096x6144][8x4096x6144][8x4096x6144][8x4096x6144][8x4096x6144][8x4096x6144][8x4096x6144][8x4096x6144][8x4096x6144][8x4096x6144][8x4096x6144][8x4096x6144][8x4096x6144][8x4096x6144][8x4096x6144][8x4096x6144][8x4096x6144][8x4096x6144][8x4096x6144][8x4096x6144][8x4096x6144][8x4096x6144][8x4096x6144][8x4096x6144][8x4096x6144][8x4096x6144][8x4096x6144][8x4096x6144][8x4096x6144][8x4096x6144][8x4096x6144][8x4096x6144][8x4096x6144][8x4096x6144][8x4096x6144][8x4096x6144][8x4096x6144][8x4096x6144][8x4096x6144][8x4096x6144][8x4096x6144][8x4096x6144][8x4096x6144][8x4096x6144][8x4096x6144][8x4096x6144][8x4096x6144][8x4096x6144][8x4096x6144][8x4096x6144][8x4096x6144][8x4096x6144][8x4096x6144][8x4096x6144][8x4096x6144][8x4096x6144][8x4096x6144][8x4096x6144][8x4096x6144][8x4096x6144][8x4096x6144][8x4096x6144][8x4096x6144][8x4096x6144][8x4096x6144][8x4096x6144][8x4096x6144][8x4096x6144][8x4096x6144][8x4096x6144][8x4096x6144][8x4096x6144][8x4096x6144][8x4096x6144][8x4096x6144][8x4096x6144][8x4096x6144][8x4096x6144][8x4096x6144][8x4096x6144][8x4096x6144][8x4096x6144][8x4096x6144][8x4096x6144][8x4096x6144][8x4096x6144][8x4096x6144][8x4096x6144][8x4096x6144][8x4096x6144][8x4096x6144][8x4096x6144][8x4096x6144][8x4096x6144][8x4096x6144][8x4096x6144][8x4096x6144][8x4096x6144][8x4096x6144][8x4096x6144][8x4096x6144][8x4096x6144][8x4096x6144][8x4096x6144]',,tensorop,f32,256,256,128,2,1,1,2,1,1,4,4,1,1,256,256,32,100,110,6471811072,103095992320,15,1.19699,5035.42,86129.5
1,CUTLASS,grouped_gemm,cutlass3x_sm100_tensorop_gemm_grouped_e4m3_e4m3_f32_bf16_e4m3_256x256x128_0x0x1_0_ttt_align16_stream_k_2sm_epi_tma,passed,success,grouped,,,,,fe4m3:row,fe4m3:row,bf16:row,fe4m3:row,1,0,invalid,invalid,heuristic,1,false,'[8x4096x6144][8x4096x6144][8x4096x6144][8x4096x6144][8x4096x6144][8x4096x6144][8x4096x6144][8x4096x6144][8x4096x6144][8x4096x6144][8x4096x6144][8x4096x6144][8x4096x6144][8x4096x6144][8x4096x6144][8x4096x6144][8x4096x6144][8x4096x6144][8x4096x6144][8x4096x6144][8x4096x6144][8x4096x6144][8x4096x6144][8x4096x6144][8x4096x6144][8x4096x6144][8x4096x6144][8x4096x6144][8x4096x6144][8x4096x6144][8x4096x6144][8x4096x6144][8x4096x6144][8x4096x6144][8x4096x6144][8x4096x6144][8x4096x6144][8x4096x6144][8x4096x6144][8x4096x6144][8x4096x6144][8x4096x6144][8x4096x6144][8x4096x6144][8x4096x6144][8x4096x6144][8x4096x6144][8x4096x6144][8x4096x6144][8x4096x6144][8x4096x6144][8x4096x6144][8x4096x6144][8x4096x6144][8x4096x6144][8x4096x6144][8x4096x6144][8x4096x6144][8x4096x6144][8x4096x6144][8x4096x6144][8x4096x6144][8x4096x6144][8x4096x6144][8x4096x6144][8x4096x6144][8x4096x6144][8x4096x6144][8x4096x6144][8x4096x6144][8x4096x6144][8x4096x6144][8x4096x6144][8x4096x6144][8x4096x6144][8x4096x6144][8x4096x6144][8x4096x6144][8x4096x6144][8x4096x6144][8x4096x6144][8x4096x6144][8x4096x6144][8x4096x6144][8x4096x6144][8x4096x6144][8x4096x6144][8x4096x6144][8x4096x6144][8x4096x6144][8x4096x6144][8x4096x6144][8x4096x6144][8x4096x6144][8x4096x6144][8x4096x6144][8x4096x6144][8x4096x6144][8x4096x6144][8x4096x6144][8x4096x6144][8x4096x6144][8x4096x6144][8x4096x6144][8x4096x6144][8x4096x6144][8x4096x6144][8x4096x6144][8x4096x6144][8x4096x6144][8x4096x6144][8x4096x6144][8x4096x6144][8x4096x6144][8x4096x6144][8x4096x6144][8x4096x6144][8x4096x6144][8x4096x6144][8x4096x6144][8x4096x6144][8x4096x6144][8x4096x6144][8x4096x6144][8x4096x6144][8x4096x6144][8x4096x6144][8x4096x6144][8x4096x6144][8x4096x6144][8x4096x6144][8x4096x6144][8x4096x6144][8x4096x6144][8x4096x6144][8x4096x6144][8x4096x6144][8x4096x6144][8x4096x6144][8x4096x6144][8x4096x6144][8x4096x6144][8x4096x6144][8x4096x6144][8x4096x6144][8x4096x6144][8x4096x6144][8x4096x6144][8x4096x6144][8x4096x6144][8x4096x6144][8x4096x6144][8x4096x6144][8x4096x6144][8x4096x6144][8x4096x6144][8x4096x6144][8x4096x6144][8x4096x6144][8x4096x6144][8x4096x6144][8x4096x6144][8x4096x6144][8x4096x6144][8x4096x6144][8x4096x6144][8x4096x6144][8x4096x6144][8x4096x6144][8x4096x6144][8x4096x6144][8x4096x6144][8x4096x6144][8x4096x6144][8x4096x6144][8x4096x6144][8x4096x6144][8x4096x6144][8x4096x6144][8x4096x6144][8x4096x6144][8x4096x6144][8x4096x6144][8x4096x6144][8x4096x6144][8x4096x6144][8x4096x6144][8x4096x6144][8x4096x6144][8x4096x6144][8x4096x6144][8x4096x6144][8x4096x6144][8x4096x6144][8x4096x6144][8x4096x6144][8x4096x6144][8x4096x6144][8x4096x6144][8x4096x6144][8x4096x6144][8x4096x6144][8x4096x6144][8x4096x6144][8x4096x6144][8x4096x6144][8x4096x6144][8x4096x6144][8x4096x6144][8x4096x6144][8x4096x6144][8x4096x6144][8x4096x6144][8x4096x6144][8x4096x6144][8x4096x6144][8x4096x6144][8x4096x6144][8x4096x6144][8x4096x6144][8x4096x6144][8x4096x6144][8x4096x6144][8x4096x6144][8x4096x6144][8x4096x6144][8x4096x6144][8x4096x6144][8x4096x6144][8x4096x6144][8x4096x6144][8x4096x6144][8x4096x6144][8x4096x6144][8x4096x6144][8x4096x6144][8x4096x6144][8x4096x6144][8x4096x6144][8x4096x6144][8x4096x6144][8x4096x6144][8x4096x6144][8x4096x6144][8x4096x6144][8x4096x6144][8x4096x6144][8x4096x6144][8x4096x6144][8x4096x6144][8x4096x6144][8x4096x6144][8x4096x6144][8x4096x6144][8x4096x6144][8x4096x6144]',,tensorop,f32,256,256,128,2,1,1,2,1,1,4,4,1,1,256,256,32,100,110,6471811072,103095992320,15,1.19611,5039.13,86192.8
1,CUTLASS,grouped_gemm,cutlass3x_sm100_tensorop_gemm_grouped_e4m3_e4m3_f32_bf16_e4m3_256x256x128_2x1x1_0_ttt_align16_2sm_epi_tma,passed,success,grouped,,,,,fe4m3:row,fe4m3:row,bf16:row,fe4m3:row,1,0,invalid,invalid,heuristic,1,false,'[8x4096x6144][8x4096x6144][8x4096x6144][8x4096x6144][8x4096x6144][8x4096x6144][8x4096x6144][8x4096x6144][8x4096x6144][8x4096x6144][8x4096x6144][8x4096x6144][8x4096x6144][8x4096x6144][8x4096x6144][8x4096x6144][8x4096x6144][8x4096x6144][8x4096x6144][8x4096x6144][8x4096x6144][8x4096x6144][8x4096x6144][8x4096x6144][8x4096x6144][8x4096x6144][8x4096x6144][8x4096x6144][8x4096x6144][8x4096x6144][8x4096x6144][8x4096x6144][8x4096x6144][8x4096x6144][8x4096x6144][8x4096x6144][8x4096x6144][8x4096x6144][8x4096x6144][8x4096x6144][8x4096x6144][8x4096x6144][8x4096x6144][8x4096x6144][8x4096x6144][8x4096x6144][8x4096x6144][8x4096x6144][8x4096x6144][8x4096x6144][8x4096x6144][8x4096x6144][8x4096x6144][8x4096x6144][8x4096x6144][8x4096x6144][8x4096x6144][8x4096x6144][8x4096x6144][8x4096x6144][8x4096x6144][8x4096x6144][8x4096x6144][8x4096x6144][8x4096x6144][8x4096x6144][8x4096x6144][8x4096x6144][8x4096x6144][8x4096x6144][8x4096x6144][8x4096x6144][8x4096x6144][8x4096x6144][8x4096x6144][8x4096x6144][8x4096x6144][8x4096x6144][8x4096x6144][8x4096x6144][8x4096x6144][8x4096x6144][8x4096x6144][8x4096x6144][8x4096x6144][8x4096x6144][8x4096x6144][8x4096x6144][8x4096x6144][8x4096x6144][8x4096x6144][8x4096x6144][8x4096x6144][8x4096x6144][8x4096x6144][8x4096x6144][8x4096x6144][8x4096x6144][8x4096x6144][8x4096x6144][8x4096x6144][8x4096x6144][8x4096x6144][8x4096x6144][8x4096x6144][8x4096x6144][8x4096x6144][8x4096x6144][8x4096x6144][8x4096x6144][8x4096x6144][8x4096x6144][8x4096x6144][8x4096x6144][8x4096x6144][8x4096x6144][8x4096x6144][8x4096x6144][8x4096x6144][8x4096x6144][8x4096x6144][8x4096x6144][8x4096x6144][8x4096x6144][8x4096x6144][8x4096x6144][8x4096x6144][8x4096x6144][8x4096x6144][8x4096x6144][8x4096x6144][8x4096x6144][8x4096x6144][8x4096x6144][8x4096x6144][8x4096x6144][8x4096x6144][8x4096x6144][8x4096x6144][8x4096x6144][8x4096x6144][8x4096x6144][8x4096x6144][8x4096x6144][8x4096x6144][8x4096x6144][8x4096x6144][8x4096x6144][8x4096x6144][8x4096x6144][8x4096x6144][8x4096x6144][8x4096x6144][8x4096x6144][8x4096x6144][8x4096x6144][8x4096x6144][8x4096x6144][8x4096x6144][8x4096x6144][8x4096x6144][8x4096x6144][8x4096x6144][8x4096x6144][8x4096x6144][8x4096x6144][8x4096x6144][8x4096x6144][8x4096x6144][8x4096x6144][8x4096x6144][8x4096x6144][8x4096x6144][8x4096x6144][8x4096x6144][8x4096x6144][8x4096x6144][8x4096x6144][8x4096x6144][8x4096x6144][8x4096x6144][8x4096x6144][8x4096x6144][8x4096x6144][8x4096x6144][8x4096x6144][8x4096x6144][8x4096x6144][8x4096x6144][8x4096x6144][8x4096x6144][8x4096x6144][8x4096x6144][8x4096x6144][8x4096x6144][8x4096x6144][8x4096x6144][8x4096x6144][8x4096x6144][8x4096x6144][8x4096x6144][8x4096x6144][8x4096x6144][8x4096x6144][8x4096x6144][8x4096x6144][8x4096x6144][8x4096x6144][8x4096x6144][8x4096x6144][8x4096x6144][8x4096x6144][8x4096x6144][8x4096x6144][8x4096x6144][8x4096x6144][8x4096x6144][8x4096x6144][8x4096x6144][8x4096x6144][8x4096x6144][8x4096x6144][8x4096x6144][8x4096x6144][8x4096x6144][8x4096x6144][8x4096x6144][8x4096x6144][8x4096x6144][8x4096x6144][8x4096x6144][8x4096x6144][8x4096x6144][8x4096x6144][8x4096x6144][8x4096x6144][8x4096x6144][8x4096x6144][8x4096x6144][8x4096x6144][8x4096x6144][8x4096x6144][8x4096x6144][8x4096x6144][8x4096x6144][8x4096x6144][8x4096x6144][8x4096x6144][8x4096x6144][8x4096x6144][8x4096x6144][8x4096x6144][8x4096x6144][8x4096x6144][8x4096x6144][8x4096x6144]',,tensorop,f32,256,256,128,2,1,1,2,1,1,4,4,1,1,256,256,32,100,110,6471811072,103095992320,15,1.16876,5157.05,88209.9
1,CUTLASS,grouped_gemm,cutlass3x_sm100_tensorop_gemm_grouped_e4m3_e4m3_f32_bf16_e4m3_256x256x128_2x1x1_0_ttt_align16_stream_k_2sm_epi_tma,passed,success,grouped,,,,,fe4m3:row,fe4m3:row,bf16:row,fe4m3:row,1,0,invalid,invalid,heuristic,1,false,'[8x4096x6144][8x4096x6144][8x4096x6144][8x4096x6144][8x4096x6144][8x4096x6144][8x4096x6144][8x4096x6144][8x4096x6144][8x4096x6144][8x4096x6144][8x4096x6144][8x4096x6144][8x4096x6144][8x4096x6144][8x4096x6144][8x4096x6144][8x4096x6144][8x4096x6144][8x4096x6144][8x4096x6144][8x4096x6144][8x4096x6144][8x4096x6144][8x4096x6144][8x4096x6144][8x4096x6144][8x4096x6144][8x4096x6144][8x4096x6144][8x4096x6144][8x4096x6144][8x4096x6144][8x4096x6144][8x4096x6144][8x4096x6144][8x4096x6144][8x4096x6144][8x4096x6144][8x4096x6144][8x4096x6144][8x4096x6144][8x4096x6144][8x4096x6144][8x4096x6144][8x4096x6144][8x4096x6144][8x4096x6144][8x4096x6144][8x4096x6144][8x4096x6144][8x4096x6144][8x4096x6144][8x4096x6144][8x4096x6144][8x4096x6144][8x4096x6144][8x4096x6144][8x4096x6144][8x4096x6144][8x4096x6144][8x4096x6144][8x4096x6144][8x4096x6144][8x4096x6144][8x4096x6144][8x4096x6144][8x4096x6144][8x4096x6144][8x4096x6144][8x4096x6144][8x4096x6144][8x4096x6144][8x4096x6144][8x4096x6144][8x4096x6144][8x4096x6144][8x4096x6144][8x4096x6144][8x4096x6144][8x4096x6144][8x4096x6144][8x4096x6144][8x4096x6144][8x4096x6144][8x4096x6144][8x4096x6144][8x4096x6144][8x4096x6144][8x4096x6144][8x4096x6144][8x4096x6144][8x4096x6144][8x4096x6144][8x4096x6144][8x4096x6144][8x4096x6144][8x4096x6144][8x4096x6144][8x4096x6144][8x4096x6144][8x4096x6144][8x4096x6144][8x4096x6144][8x4096x6144][8x4096x6144][8x4096x6144][8x4096x6144][8x4096x6144][8x4096x6144][8x4096x6144][8x4096x6144][8x4096x6144][8x4096x6144][8x4096x6144][8x4096x6144][8x4096x6144][8x4096x6144][8x4096x6144][8x4096x6144][8x4096x6144][8x4096x6144][8x4096x6144][8x4096x6144][8x4096x6144][8x4096x6144][8x4096x6144][8x4096x6144][8x4096x6144][8x4096x6144][8x4096x6144][8x4096x6144][8x4096x6144][8x4096x6144][8x4096x6144][8x4096x6144][8x4096x6144][8x4096x6144][8x4096x6144][8x4096x6144][8x4096x6144][8x4096x6144][8x4096x6144][8x4096x6144][8x4096x6144][8x4096x6144][8x4096x6144][8x4096x6144][8x4096x6144][8x4096x6144][8x4096x6144][8x4096x6144][8x4096x6144][8x4096x6144][8x4096x6144][8x4096x6144][8x4096x6144][8x4096x6144][8x4096x6144][8x4096x6144][8x4096x6144][8x4096x6144][8x4096x6144][8x4096x6144][8x4096x6144][8x4096x6144][8x4096x6144][8x4096x6144][8x4096x6144][8x4096x6144][8x4096x6144][8x4096x6144][8x4096x6144][8x4096x6144][8x4096x6144][8x4096x6144][8x4096x6144][8x4096x6144][8x4096x6144][8x4096x6144][8x4096x6144][8x4096x6144][8x4096x6144][8x4096x6144][8x4096x6144][8x4096x6144][8x4096x6144][8x4096x6144][8x4096x6144][8x4096x6144][8x4096x6144][8x4096x6144][8x4096x6144][8x4096x6144][8x4096x6144][8x4096x6144][8x4096x6144][8x4096x6144][8x4096x6144][8x4096x6144][8x4096x6144][8x4096x6144][8x4096x6144][8x4096x6144][8x4096x6144][8x4096x6144][8x4096x6144][8x4096x6144][8x4096x6144][8x4096x6144][8x4096x6144][8x4096x6144][8x4096x6144][8x4096x6144][8x4096x6144][8x4096x6144][8x4096x6144][8x4096x6144][8x4096x6144][8x4096x6144][8x4096x6144][8x4096x6144][8x4096x6144][8x4096x6144][8x4096x6144][8x4096x6144][8x4096x6144][8x4096x6144][8x4096x6144][8x4096x6144][8x4096x6144][8x4096x6144][8x4096x6144][8x4096x6144][8x4096x6144][8x4096x6144][8x4096x6144][8x4096x6144][8x4096x6144][8x4096x6144][8x4096x6144][8x4096x6144][8x4096x6144][8x4096x6144][8x4096x6144][8x4096x6144][8x4096x6144][8x4096x6144][8x4096x6144][8x4096x6144][8x4096x6144][8x4096x6144][8x4096x6144][8x4096x6144][8x4096x6144][8x4096x6144]',,tensorop,f32,256,256,128,2,1,1,2,1,1,4,4,1,1,256,256,32,100,110,6471811072,103095992320,15,1.19007,5064.71,86630.4
1,CUTLASS,grouped_gemm,cutlass3x_sm100_tensorop_gemm_grouped_e4m3_e4m3_f32_bf16_e4m3_256x256x128_2x2x1_0_ttt_align16_2sm_epi_tma,passed,success,grouped,,,,,fe4m3:row,fe4m3:row,bf16:row,fe4m3:row,1,0,invalid,invalid,heuristic,1,false,'[8x4096x6144][8x4096x6144][8x4096x6144][8x4096x6144][8x4096x6144][8x4096x6144][8x4096x6144][8x4096x6144][8x4096x6144][8x4096x6144][8x4096x6144][8x4096x6144][8x4096x6144][8x4096x6144][8x4096x6144][8x4096x6144][8x4096x6144][8x4096x6144][8x4096x6144][8x4096x6144][8x4096x6144][8x4096x6144][8x4096x6144][8x4096x6144][8x4096x6144][8x4096x6144][8x4096x6144][8x4096x6144][8x4096x6144][8x4096x6144][8x4096x6144][8x4096x6144][8x4096x6144][8x4096x6144][8x4096x6144][8x4096x6144][8x4096x6144][8x4096x6144][8x4096x6144][8x4096x6144][8x4096x6144][8x4096x6144][8x4096x6144][8x4096x6144][8x4096x6144][8x4096x6144][8x4096x6144][8x4096x6144][8x4096x6144][8x4096x6144][8x4096x6144][8x4096x6144][8x4096x6144][8x4096x6144][8x4096x6144][8x4096x6144][8x4096x6144][8x4096x6144][8x4096x6144][8x4096x6144][8x4096x6144][8x4096x6144][8x4096x6144][8x4096x6144][8x4096x6144][8x4096x6144][8x4096x6144][8x4096x6144][8x4096x6144][8x4096x6144][8x4096x6144][8x4096x6144][8x4096x6144][8x4096x6144][8x4096x6144][8x4096x6144][8x4096x6144][8x4096x6144][8x4096x6144][8x4096x6144][8x4096x6144][8x4096x6144][8x4096x6144][8x4096x6144][8x4096x6144][8x4096x6144][8x4096x6144][8x4096x6144][8x4096x6144][8x4096x6144][8x4096x6144][8x4096x6144][8x4096x6144][8x4096x6144][8x4096x6144][8x4096x6144][8x4096x6144][8x4096x6144][8x4096x6144][8x4096x6144][8x4096x6144][8x4096x6144][8x4096x6144][8x4096x6144][8x4096x6144][8x4096x6144][8x4096x6144][8x4096x6144][8x4096x6144][8x4096x6144][8x4096x6144][8x4096x6144][8x4096x6144][8x4096x6144][8x4096x6144][8x4096x6144][8x4096x6144][8x4096x6144][8x4096x6144][8x4096x6144][8x4096x6144][8x4096x6144][8x4096x6144][8x4096x6144][8x4096x6144][8x4096x6144][8x4096x6144][8x4096x6144][8x4096x6144][8x4096x6144][8x4096x6144][8x4096x6144][8x4096x6144][8x4096x6144][8x4096x6144][8x4096x6144][8x4096x6144][8x4096x6144][8x4096x6144][8x4096x6144][8x4096x6144][8x4096x6144][8x4096x6144][8x4096x6144][8x4096x6144][8x4096x6144][8x4096x6144][8x4096x6144][8x4096x6144][8x4096x6144][8x4096x6144][8x4096x6144][8x4096x6144][8x4096x6144][8x4096x6144][8x4096x6144][8x4096x6144][8x4096x6144][8x4096x6144][8x4096x6144][8x4096x6144][8x4096x6144][8x4096x6144][8x4096x6144][8x4096x6144][8x4096x6144][8x4096x6144][8x4096x6144][8x4096x6144][8x4096x6144][8x4096x6144][8x4096x6144][8x4096x6144][8x4096x6144][8x4096x6144][8x4096x6144][8x4096x6144][8x4096x6144][8x4096x6144][8x4096x6144][8x4096x6144][8x4096x6144][8x4096x6144][8x4096x6144][8x4096x6144][8x4096x6144][8x4096x6144][8x4096x6144][8x4096x6144][8x4096x6144][8x4096x6144][8x4096x6144][8x4096x6144][8x4096x6144][8x4096x6144][8x4096x6144][8x4096x6144][8x4096x6144][8x4096x6144][8x4096x6144][8x4096x6144][8x4096x6144][8x4096x6144][8x4096x6144][8x4096x6144][8x4096x6144][8x4096x6144][8x4096x6144][8x4096x6144][8x4096x6144][8x4096x6144][8x4096x6144][8x4096x6144][8x4096x6144][8x4096x6144][8x4096x6144][8x4096x6144][8x4096x6144][8x4096x6144][8x4096x6144][8x4096x6144][8x4096x6144][8x4096x6144][8x4096x6144][8x4096x6144][8x4096x6144][8x4096x6144][8x4096x6144][8x4096x6144][8x4096x6144][8x4096x6144][8x4096x6144][8x4096x6144][8x4096x6144][8x4096x6144][8x4096x6144][8x4096x6144][8x4096x6144][8x4096x6144][8x4096x6144][8x4096x6144][8x4096x6144][8x4096x6144][8x4096x6144][8x4096x6144][8x4096x6144][8x4096x6144][8x4096x6144][8x4096x6144][8x4096x6144][8x4096x6144][8x4096x6144][8x4096x6144][8x4096x6144][8x4096x6144][8x4096x6144]',,tensorop,f32,256,256,128,2,2,1,2,1,1,4,4,1,1,256,256,32,100,110,6471811072,103095992320,15,1.13504,5310.26,90830.5
1,CUTLASS,grouped_gemm,cutlass3x_sm100_tensorop_gemm_grouped_e4m3_e4m3_f32_bf16_e4m3_256x256x128_2x2x1_0_ttt_align16_stream_k_2sm_epi_tma,passed,success,grouped,,,,,fe4m3:row,fe4m3:row,bf16:row,fe4m3:row,1,0,invalid,invalid,heuristic,1,false,'[8x4096x6144][8x4096x6144][8x4096x6144][8x4096x6144][8x4096x6144][8x4096x6144][8x4096x6144][8x4096x6144][8x4096x6144][8x4096x6144][8x4096x6144][8x4096x6144][8x4096x6144][8x4096x6144][8x4096x6144][8x4096x6144][8x4096x6144][8x4096x6144][8x4096x6144][8x4096x6144][8x4096x6144][8x4096x6144][8x4096x6144][8x4096x6144][8x4096x6144][8x4096x6144][8x4096x6144][8x4096x6144][8x4096x6144][8x4096x6144][8x4096x6144][8x4096x6144][8x4096x6144][8x4096x6144][8x4096x6144][8x4096x6144][8x4096x6144][8x4096x6144][8x4096x6144][8x4096x6144][8x4096x6144][8x4096x6144][8x4096x6144][8x4096x6144][8x4096x6144][8x4096x6144][8x4096x6144][8x4096x6144][8x4096x6144][8x4096x6144][8x4096x6144][8x4096x6144][8x4096x6144][8x4096x6144][8x4096x6144][8x4096x6144][8x4096x6144][8x4096x6144][8x4096x6144][8x4096x6144][8x4096x6144][8x4096x6144][8x4096x6144][8x4096x6144][8x4096x6144][8x4096x6144][8x4096x6144][8x4096x6144][8x4096x6144][8x4096x6144][8x4096x6144][8x4096x6144][8x4096x6144][8x4096x6144][8x4096x6144][8x4096x6144][8x4096x6144][8x4096x6144][8x4096x6144][8x4096x6144][8x4096x6144][8x4096x6144][8x4096x6144][8x4096x6144][8x4096x6144][8x4096x6144][8x4096x6144][8x4096x6144][8x4096x6144][8x4096x6144][8x4096x6144][8x4096x6144][8x4096x6144][8x4096x6144][8x4096x6144][8x4096x6144][8x4096x6144][8x4096x6144][8x4096x6144][8x4096x6144][8x4096x6144][8x4096x6144][8x4096x6144][8x4096x6144][8x4096x6144][8x4096x6144][8x4096x6144][8x4096x6144][8x4096x6144][8x4096x6144][8x4096x6144][8x4096x6144][8x4096x6144][8x4096x6144][8x4096x6144][8x4096x6144][8x4096x6144][8x4096x6144][8x4096x6144][8x4096x6144][8x4096x6144][8x4096x6144][8x4096x6144][8x4096x6144][8x4096x6144][8x4096x6144][8x4096x6144][8x4096x6144][8x4096x6144][8x4096x6144][8x4096x6144][8x4096x6144][8x4096x6144][8x4096x6144][8x4096x6144][8x4096x6144][8x4096x6144][8x4096x6144][8x4096x6144][8x4096x6144][8x4096x6144][8x4096x6144][8x4096x6144][8x4096x6144][8x4096x6144][8x4096x6144][8x4096x6144][8x4096x6144][8x4096x6144][8x4096x6144][8x4096x6144][8x4096x6144][8x4096x6144][8x4096x6144][8x4096x6144][8x4096x6144][8x4096x6144][8x4096x6144][8x4096x6144][8x4096x6144][8x4096x6144][8x4096x6144][8x4096x6144][8x4096x6144][8x4096x6144][8x4096x6144][8x4096x6144][8x4096x6144][8x4096x6144][8x4096x6144][8x4096x6144][8x4096x6144][8x4096x6144][8x4096x6144][8x4096x6144][8x4096x6144][8x4096x6144][8x4096x6144][8x4096x6144][8x4096x6144][8x4096x6144][8x4096x6144][8x4096x6144][8x4096x6144][8x4096x6144][8x4096x6144][8x4096x6144][8x4096x6144][8x4096x6144][8x4096x6144][8x4096x6144][8x4096x6144][8x4096x6144][8x4096x6144][8x4096x6144][8x4096x6144][8x4096x6144][8x4096x6144][8x4096x6144][8x4096x6144][8x4096x6144][8x4096x6144][8x4096x6144][8x4096x6144][8x4096x6144][8x4096x6144][8x4096x6144][8x4096x6144][8x4096x6144][8x4096x6144][8x4096x6144][8x4096x6144][8x4096x6144][8x4096x6144][8x4096x6144][8x4096x6144][8x4096x6144][8x4096x6144][8x4096x6144][8x4096x6144][8x4096x6144][8x4096x6144][8x4096x6144][8x4096x6144][8x4096x6144][8x4096x6144][8x4096x6144][8x4096x6144][8x4096x6144][8x4096x6144][8x4096x6144][8x4096x6144][8x4096x6144][8x4096x6144][8x4096x6144][8x4096x6144][8x4096x6144][8x4096x6144][8x4096x6144][8x4096x6144][8x4096x6144][8x4096x6144][8x4096x6144][8x4096x6144][8x4096x6144][8x4096x6144][8x4096x6144][8x4096x6144][8x4096x6144][8x4096x6144][8x4096x6144][8x4096x6144][8x4096x6144][8x4096x6144][8x4096x6144][8x4096x6144]',,tensorop,f32,256,256,128,2,2,1,2,1,1,4,4,1,1,256,256,32,100,110,6471811072,103095992320,15,1.11852,5388.68,92171.8
1,CUTLASS,grouped_gemm,cutlass3x_sm100_tensorop_gemm_grouped_e4m3_e4m3_f32_bf16_e4m3_256x256x128_4x1x1_0_ttt_align16_2sm_epi_tma,passed,success,grouped,,,,,fe4m3:row,fe4m3:row,bf16:row,fe4m3:row,1,0,invalid,invalid,heuristic,1,false,'[8x4096x6144][8x4096x6144][8x4096x6144][8x4096x6144][8x4096x6144][8x4096x6144][8x4096x6144][8x4096x6144][8x4096x6144][8x4096x6144][8x4096x6144][8x4096x6144][8x4096x6144][8x4096x6144][8x4096x6144][8x4096x6144][8x4096x6144][8x4096x6144][8x4096x6144][8x4096x6144][8x4096x6144][8x4096x6144][8x4096x6144][8x4096x6144][8x4096x6144][8x4096x6144][8x4096x6144][8x4096x6144][8x4096x6144][8x4096x6144][8x4096x6144][8x4096x6144][8x4096x6144][8x4096x6144][8x4096x6144][8x4096x6144][8x4096x6144][8x4096x6144][8x4096x6144][8x4096x6144][8x4096x6144][8x4096x6144][8x4096x6144][8x4096x6144][8x4096x6144][8x4096x6144][8x4096x6144][8x4096x6144][8x4096x6144][8x4096x6144][8x4096x6144][8x4096x6144][8x4096x6144][8x4096x6144][8x4096x6144][8x4096x6144][8x4096x6144][8x4096x6144][8x4096x6144][8x4096x6144][8x4096x6144][8x4096x6144][8x4096x6144][8x4096x6144][8x4096x6144][8x4096x6144][8x4096x6144][8x4096x6144][8x4096x6144][8x4096x6144][8x4096x6144][8x4096x6144][8x4096x6144][8x4096x6144][8x4096x6144][8x4096x6144][8x4096x6144][8x4096x6144][8x4096x6144][8x4096x6144][8x4096x6144][8x4096x6144][8x4096x6144][8x4096x6144][8x4096x6144][8x4096x6144][8x4096x6144][8x4096x6144][8x4096x6144][8x4096x6144][8x4096x6144][8x4096x6144][8x4096x6144][8x4096x6144][8x4096x6144][8x4096x6144][8x4096x6144][8x4096x6144][8x4096x6144][8x4096x6144][8x4096x6144][8x4096x6144][8x4096x6144][8x4096x6144][8x4096x6144][8x4096x6144][8x4096x6144][8x4096x6144][8x4096x6144][8x4096x6144][8x4096x6144][8x4096x6144][8x4096x6144][8x4096x6144][8x4096x6144][8x4096x6144][8x4096x6144][8x4096x6144][8x4096x6144][8x4096x6144][8x4096x6144][8x4096x6144][8x4096x6144][8x4096x6144][8x4096x6144][8x4096x6144][8x4096x6144][8x4096x6144][8x4096x6144][8x4096x6144][8x4096x6144][8x4096x6144][8x4096x6144][8x4096x6144][8x4096x6144][8x4096x6144][8x4096x6144][8x4096x6144][8x4096x6144][8x4096x6144][8x4096x6144][8x4096x6144][8x4096x6144][8x4096x6144][8x4096x6144][8x4096x6144][8x4096x6144][8x4096x6144][8x4096x6144][8x4096x6144][8x4096x6144][8x4096x6144][8x4096x6144][8x4096x6144][8x4096x6144][8x4096x6144][8x4096x6144][8x4096x6144][8x4096x6144][8x4096x6144][8x4096x6144][8x4096x6144][8x4096x6144][8x4096x6144][8x4096x6144][8x4096x6144][8x4096x6144][8x4096x6144][8x4096x6144][8x4096x6144][8x4096x6144][8x4096x6144][8x4096x6144][8x4096x6144][8x4096x6144][8x4096x6144][8x4096x6144][8x4096x6144][8x4096x6144][8x4096x6144][8x4096x6144][8x4096x6144][8x4096x6144][8x4096x6144][8x4096x6144][8x4096x6144][8x4096x6144][8x4096x6144][8x4096x6144][8x4096x6144][8x4096x6144][8x4096x6144][8x4096x6144][8x4096x6144][8x4096x6144][8x4096x6144][8x4096x6144][8x4096x6144][8x4096x6144][8x4096x6144][8x4096x6144][8x4096x6144][8x4096x6144][8x4096x6144][8x4096x6144][8x4096x6144][8x4096x6144][8x4096x6144][8x4096x6144][8x4096x6144][8x4096x6144][8x4096x6144][8x4096x6144][8x4096x6144][8x4096x6144][8x4096x6144][8x4096x6144][8x4096x6144][8x4096x6144][8x4096x6144][8x4096x6144][8x4096x6144][8x4096x6144][8x4096x6144][8x4096x6144][8x4096x6144][8x4096x6144][8x4096x6144][8x4096x6144][8x4096x6144][8x4096x6144][8x4096x6144][8x4096x6144][8x4096x6144][8x4096x6144][8x4096x6144][8x4096x6144][8x4096x6144][8x4096x6144][8x4096x6144][8x4096x6144][8x4096x6144][8x4096x6144][8x4096x6144][8x4096x6144][8x4096x6144][8x4096x6144][8x4096x6144][8x4096x6144][8x4096x6144][8x4096x6144][8x4096x6144][8x4096x6144][8x4096x6144][8x4096x6144][8x4096x6144]',,tensorop,f32,256,256,128,4,1,1,2,1,1,4,4,1,1,256,256,32,100,110,6471811072,103095992320,15,2.07764,2901.05,49621.7
1,CUTLASS,grouped_gemm,cutlass3x_sm100_tensorop_gemm_grouped_e4m3_e4m3_f32_bf16_e4m3_256x256x128_4x1x1_0_ttt_align16_stream_k_2sm_epi_tma,passed,success,grouped,,,,,fe4m3:row,fe4m3:row,bf16:row,fe4m3:row,1,0,invalid,invalid,heuristic,1,false,'[8x4096x6144][8x4096x6144][8x4096x6144][8x4096x6144][8x4096x6144][8x4096x6144][8x4096x6144][8x4096x6144][8x4096x6144][8x4096x6144][8x4096x6144][8x4096x6144][8x4096x6144][8x4096x6144][8x4096x6144][8x4096x6144][8x4096x6144][8x4096x6144][8x4096x6144][8x4096x6144][8x4096x6144][8x4096x6144][8x4096x6144][8x4096x6144][8x4096x6144][8x4096x6144][8x4096x6144][8x4096x6144][8x4096x6144][8x4096x6144][8x4096x6144][8x4096x6144][8x4096x6144][8x4096x6144][8x4096x6144][8x4096x6144][8x4096x6144][8x4096x6144][8x4096x6144][8x4096x6144][8x4096x6144][8x4096x6144][8x4096x6144][8x4096x6144][8x4096x6144][8x4096x6144][8x4096x6144][8x4096x6144][8x4096x6144][8x4096x6144][8x4096x6144][8x4096x6144][8x4096x6144][8x4096x6144][8x4096x6144][8x4096x6144][8x4096x6144][8x4096x6144][8x4096x6144][8x4096x6144][8x4096x6144][8x4096x6144][8x4096x6144][8x4096x6144][8x4096x6144][8x4096x6144][8x4096x6144][8x4096x6144][8x4096x6144][8x4096x6144][8x4096x6144][8x4096x6144][8x4096x6144][8x4096x6144][8x4096x6144][8x4096x6144][8x4096x6144][8x4096x6144][8x4096x6144][8x4096x6144][8x4096x6144][8x4096x6144][8x4096x6144][8x4096x6144][8x4096x6144][8x4096x6144][8x4096x6144][8x4096x6144][8x4096x6144][8x4096x6144][8x4096x6144][8x4096x6144][8x4096x6144][8x4096x6144][8x4096x6144][8x4096x6144][8x4096x6144][8x4096x6144][8x4096x6144][8x4096x6144][8x4096x6144][8x4096x6144][8x4096x6144][8x4096x6144][8x4096x6144][8x4096x6144][8x4096x6144][8x4096x6144][8x4096x6144][8x4096x6144][8x4096x6144][8x4096x6144][8x4096x6144][8x4096x6144][8x4096x6144][8x4096x6144][8x4096x6144][8x4096x6144][8x4096x6144][8x4096x6144][8x4096x6144][8x4096x6144][8x4096x6144][8x4096x6144][8x4096x6144][8x4096x6144][8x4096x6144][8x4096x6144][8x4096x6144][8x4096x6144][8x4096x6144][8x4096x6144][8x4096x6144][8x4096x6144][8x4096x6144][8x4096x6144][8x4096x6144][8x4096x6144][8x4096x6144][8x4096x6144][8x4096x6144][8x4096x6144][8x4096x6144][8x4096x6144][8x4096x6144][8x4096x6144][8x4096x6144][8x4096x6144][8x4096x6144][8x4096x6144][8x4096x6144][8x4096x6144][8x4096x6144][8x4096x6144][8x4096x6144][8x4096x6144][8x4096x6144][8x4096x6144][8x4096x6144][8x4096x6144][8x4096x6144][8x4096x6144][8x4096x6144][8x4096x6144][8x4096x6144][8x4096x6144][8x4096x6144][8x4096x6144][8x4096x6144][8x4096x6144][8x4096x6144][8x4096x6144][8x4096x6144][8x4096x6144][8x4096x6144][8x4096x6144][8x4096x6144][8x4096x6144][8x4096x6144][8x4096x6144][8x4096x6144][8x4096x6144][8x4096x6144][8x4096x6144][8x4096x6144][8x4096x6144][8x4096x6144][8x4096x6144][8x4096x6144][8x4096x6144][8x4096x6144][8x4096x6144][8x4096x6144][8x4096x6144][8x4096x6144][8x4096x6144][8x4096x6144][8x4096x6144][8x4096x6144][8x4096x6144][8x4096x6144][8x4096x6144][8x4096x6144][8x4096x6144][8x4096x6144][8x4096x6144][8x4096x6144][8x4096x6144][8x4096x6144][8x4096x6144][8x4096x6144][8x4096x6144][8x4096x6144][8x4096x6144][8x4096x6144][8x4096x6144][8x4096x6144][8x4096x6144][8x4096x6144][8x4096x6144][8x4096x6144][8x4096x6144][8x4096x6144][8x4096x6144][8x4096x6144][8x4096x6144][8x4096x6144][8x4096x6144][8x4096x6144][8x4096x6144][8x4096x6144][8x4096x6144][8x4096x6144][8x4096x6144][8x4096x6144][8x4096x6144][8x4096x6144][8x4096x6144][8x4096x6144][8x4096x6144][8x4096x6144][8x4096x6144][8x4096x6144][8x4096x6144][8x4096x6144][8x4096x6144][8x4096x6144][8x4096x6144][8x4096x6144][8x4096x6144][8x4096x6144][8x4096x6144][8x4096x6144][8x4096x6144][8x4096x6144][8x4096x6144]',,tensorop,f32,256,256,128,4,1,1,2,1,1,4,4,1,1,256,256,32,100,110,6471811072,103095992320,15,2.08475,2891.17,49452.6
1,CUTLASS,grouped_gemm,cutlass3x_sm100_tensorop_gemm_grouped_e4m3_e4m3_f32_bf16_e4m3_256x256x128_2x4x1_0_ttt_align16_2sm_epi_tma,passed,success,grouped,,,,,fe4m3:row,fe4m3:row,bf16:row,fe4m3:row,1,0,invalid,invalid,heuristic,1,false,'[8x4096x6144][8x4096x6144][8x4096x6144][8x4096x6144][8x4096x6144][8x4096x6144][8x4096x6144][8x4096x6144][8x4096x6144][8x4096x6144][8x4096x6144][8x4096x6144][8x4096x6144][8x4096x6144][8x4096x6144][8x4096x6144][8x4096x6144][8x4096x6144][8x4096x6144][8x4096x6144][8x4096x6144][8x4096x6144][8x4096x6144][8x4096x6144][8x4096x6144][8x4096x6144][8x4096x6144][8x4096x6144][8x4096x6144][8x4096x6144][8x4096x6144][8x4096x6144][8x4096x6144][8x4096x6144][8x4096x6144][8x4096x6144][8x4096x6144][8x4096x6144][8x4096x6144][8x4096x6144][8x4096x6144][8x4096x6144][8x4096x6144][8x4096x6144][8x4096x6144][8x4096x6144][8x4096x6144][8x4096x6144][8x4096x6144][8x4096x6144][8x4096x6144][8x4096x6144][8x4096x6144][8x4096x6144][8x4096x6144][8x4096x6144][8x4096x6144][8x4096x6144][8x4096x6144][8x4096x6144][8x4096x6144][8x4096x6144][8x4096x6144][8x4096x6144][8x4096x6144][8x4096x6144][8x4096x6144][8x4096x6144][8x4096x6144][8x4096x6144][8x4096x6144][8x4096x6144][8x4096x6144][8x4096x6144][8x4096x6144][8x4096x6144][8x4096x6144][8x4096x6144][8x4096x6144][8x4096x6144][8x4096x6144][8x4096x6144][8x4096x6144][8x4096x6144][8x4096x6144][8x4096x6144][8x4096x6144][8x4096x6144][8x4096x6144][8x4096x6144][8x4096x6144][8x4096x6144][8x4096x6144][8x4096x6144][8x4096x6144][8x4096x6144][8x4096x6144][8x4096x6144][8x4096x6144][8x4096x6144][8x4096x6144][8x4096x6144][8x4096x6144][8x4096x6144][8x4096x6144][8x4096x6144][8x4096x6144][8x4096x6144][8x4096x6144][8x4096x6144][8x4096x6144][8x4096x6144][8x4096x6144][8x4096x6144][8x4096x6144][8x4096x6144][8x4096x6144][8x4096x6144][8x4096x6144][8x4096x6144][8x4096x6144][8x4096x6144][8x4096x6144][8x4096x6144][8x4096x6144][8x4096x6144][8x4096x6144][8x4096x6144][8x4096x6144][8x4096x6144][8x4096x6144][8x4096x6144][8x4096x6144][8x4096x6144][8x4096x6144][8x4096x6144][8x4096x6144][8x4096x6144][8x4096x6144][8x4096x6144][8x4096x6144][8x4096x6144][8x4096x6144][8x4096x6144][8x4096x6144][8x4096x6144][8x4096x6144][8x4096x6144][8x4096x6144][8x4096x6144][8x4096x6144][8x4096x6144][8x4096x6144][8x4096x6144][8x4096x6144][8x4096x6144][8x4096x6144][8x4096x6144][8x4096x6144][8x4096x6144][8x4096x6144][8x4096x6144][8x4096x6144][8x4096x6144][8x4096x6144][8x4096x6144][8x4096x6144][8x4096x6144][8x4096x6144][8x4096x6144][8x4096x6144][8x4096x6144][8x4096x6144][8x4096x6144][8x4096x6144][8x4096x6144][8x4096x6144][8x4096x6144][8x4096x6144][8x4096x6144][8x4096x6144][8x4096x6144][8x4096x6144][8x4096x6144][8x4096x6144][8x4096x6144][8x4096x6144][8x4096x6144][8x4096x6144][8x4096x6144][8x4096x6144][8x4096x6144][8x4096x6144][8x4096x6144][8x4096x6144][8x4096x6144][8x4096x6144][8x4096x6144][8x4096x6144][8x4096x6144][8x4096x6144][8x4096x6144][8x4096x6144][8x4096x6144][8x4096x6144][8x4096x6144][8x4096x6144][8x4096x6144][8x4096x6144][8x4096x6144][8x4096x6144][8x4096x6144][8x4096x6144][8x4096x6144][8x4096x6144][8x4096x6144][8x4096x6144][8x4096x6144][8x4096x6144][8x4096x6144][8x4096x6144][8x4096x6144][8x4096x6144][8x4096x6144][8x4096x6144][8x4096x6144][8x4096x6144][8x4096x6144][8x4096x6144][8x4096x6144][8x4096x6144][8x4096x6144][8x4096x6144][8x4096x6144][8x4096x6144][8x4096x6144][8x4096x6144][8x4096x6144][8x4096x6144][8x4096x6144][8x4096x6144][8x4096x6144][8x4096x6144][8x4096x6144][8x4096x6144][8x4096x6144][8x4096x6144][8x4096x6144][8x4096x6144][8x4096x6144][8x4096x6144][8x4096x6144][8x4096x6144][8x4096x6144][8x4096x6144][8x4096x6144]',,tensorop,f32,256,256,128,2,4,1,2,1,1,4,4,1,1,256,256,32,100,110,6471811072,103095992320,15,1.26471,4765.81,81517.8
1,CUTLASS,grouped_gemm,cutlass3x_sm100_tensorop_gemm_grouped_e4m3_e4m3_f32_bf16_e4m3_256x256x128_2x4x1_0_ttt_align16_stream_k_2sm_epi_tma,passed,success,grouped,,,,,fe4m3:row,fe4m3:row,bf16:row,fe4m3:row,1,0,invalid,invalid,heuristic,1,false,'[8x4096x6144][8x4096x6144][8x4096x6144][8x4096x6144][8x4096x6144][8x4096x6144][8x4096x6144][8x4096x6144][8x4096x6144][8x4096x6144][8x4096x6144][8x4096x6144][8x4096x6144][8x4096x6144][8x4096x6144][8x4096x6144][8x4096x6144][8x4096x6144][8x4096x6144][8x4096x6144][8x4096x6144][8x4096x6144][8x4096x6144][8x4096x6144][8x4096x6144][8x4096x6144][8x4096x6144][8x4096x6144][8x4096x6144][8x4096x6144][8x4096x6144][8x4096x6144][8x4096x6144][8x4096x6144][8x4096x6144][8x4096x6144][8x4096x6144][8x4096x6144][8x4096x6144][8x4096x6144][8x4096x6144][8x4096x6144][8x4096x6144][8x4096x6144][8x4096x6144][8x4096x6144][8x4096x6144][8x4096x6144][8x4096x6144][8x4096x6144][8x4096x6144][8x4096x6144][8x4096x6144][8x4096x6144][8x4096x6144][8x4096x6144][8x4096x6144][8x4096x6144][8x4096x6144][8x4096x6144][8x4096x6144][8x4096x6144][8x4096x6144][8x4096x6144][8x4096x6144][8x4096x6144][8x4096x6144][8x4096x6144][8x4096x6144][8x4096x6144][8x4096x6144][8x4096x6144][8x4096x6144][8x4096x6144][8x4096x6144][8x4096x6144][8x4096x6144][8x4096x6144][8x4096x6144][8x4096x6144][8x4096x6144][8x4096x6144][8x4096x6144][8x4096x6144][8x4096x6144][8x4096x6144][8x4096x6144][8x4096x6144][8x4096x6144][8x4096x6144][8x4096x6144][8x4096x6144][8x4096x6144][8x4096x6144][8x4096x6144][8x4096x6144][8x4096x6144][8x4096x6144][8x4096x6144][8x4096x6144][8x4096x6144][8x4096x6144][8x4096x6144][8x4096x6144][8x4096x6144][8x4096x6144][8x4096x6144][8x4096x6144][8x4096x6144][8x4096x6144][8x4096x6144][8x4096x6144][8x4096x6144][8x4096x6144][8x4096x6144][8x4096x6144][8x4096x6144][8x4096x6144][8x4096x6144][8x4096x6144][8x4096x6144][8x4096x6144][8x4096x6144][8x4096x6144][8x4096x6144][8x4096x6144][8x4096x6144][8x4096x6144][8x4096x6144][8x4096x6144][8x4096x6144][8x4096x6144][8x4096x6144][8x4096x6144][8x4096x6144][8x4096x6144][8x4096x6144][8x4096x6144][8x4096x6144][8x4096x6144][8x4096x6144][8x4096x6144][8x4096x6144][8x4096x6144][8x4096x6144][8x4096x6144][8x4096x6144][8x4096x6144][8x4096x6144][8x4096x6144][8x4096x6144][8x4096x6144][8x4096x6144][8x4096x6144][8x4096x6144][8x4096x6144][8x4096x6144][8x4096x6144][8x4096x6144][8x4096x6144][8x4096x6144][8x4096x6144][8x4096x6144][8x4096x6144][8x4096x6144][8x4096x6144][8x4096x6144][8x4096x6144][8x4096x6144][8x4096x6144][8x4096x6144][8x4096x6144][8x4096x6144][8x4096x6144][8x4096x6144][8x4096x6144][8x4096x6144][8x4096x6144][8x4096x6144][8x4096x6144][8x4096x6144][8x4096x6144][8x4096x6144][8x4096x6144][8x4096x6144][8x4096x6144][8x4096x6144][8x4096x6144][8x4096x6144][8x4096x6144][8x4096x6144][8x4096x6144][8x4096x6144][8x4096x6144][8x4096x6144][8x4096x6144][8x4096x6144][8x4096x6144][8x4096x6144][8x4096x6144][8x4096x6144][8x4096x6144][8x4096x6144][8x4096x6144][8x4096x6144][8x4096x6144][8x4096x6144][8x4096x6144][8x4096x6144][8x4096x6144][8x4096x6144][8x4096x6144][8x4096x6144][8x4096x6144][8x4096x6144][8x4096x6144][8x4096x6144][8x4096x6144][8x4096x6144][8x4096x6144][8x4096x6144][8x4096x6144][8x4096x6144][8x4096x6144][8x4096x6144][8x4096x6144][8x4096x6144][8x4096x6144][8x4096x6144][8x4096x6144][8x4096x6144][8x4096x6144][8x4096x6144][8x4096x6144][8x4096x6144][8x4096x6144][8x4096x6144][8x4096x6144][8x4096x6144][8x4096x6144][8x4096x6144][8x4096x6144][8x4096x6144][8x4096x6144][8x4096x6144][8x4096x6144][8x4096x6144][8x4096x6144][8x4096x6144][8x4096x6144][8x4096x6144][8x4096x6144][8x4096x6144][8x4096x6144][8x4096x6144][8x4096x6144]',,tensorop,f32,256,256,128,2,4,1,2,1,1,4,4,1,1,256,256,32,100,110,6471811072,103095992320,15,1.26349,4770.4,81596.4
1,CUTLASS,grouped_gemm,cutlass3x_sm100_tensorop_gemm_grouped_e4m3_e4m3_f32_bf16_e4m3_256x256x128_4x2x1_0_ttt_align16_2sm_epi_tma,passed,success,grouped,,,,,fe4m3:row,fe4m3:row,bf16:row,fe4m3:row,1,0,invalid,invalid,heuristic,1,false,'[8x4096x6144][8x4096x6144][8x4096x6144][8x4096x6144][8x4096x6144][8x4096x6144][8x4096x6144][8x4096x6144][8x4096x6144][8x4096x6144][8x4096x6144][8x4096x6144][8x4096x6144][8x4096x6144][8x4096x6144][8x4096x6144][8x4096x6144][8x4096x6144][8x4096x6144][8x4096x6144][8x4096x6144][8x4096x6144][8x4096x6144][8x4096x6144][8x4096x6144][8x4096x6144][8x4096x6144][8x4096x6144][8x4096x6144][8x4096x6144][8x4096x6144][8x4096x6144][8x4096x6144][8x4096x6144][8x4096x6144][8x4096x6144][8x4096x6144][8x4096x6144][8x4096x6144][8x4096x6144][8x4096x6144][8x4096x6144][8x4096x6144][8x4096x6144][8x4096x6144][8x4096x6144][8x4096x6144][8x4096x6144][8x4096x6144][8x4096x6144][8x4096x6144][8x4096x6144][8x4096x6144][8x4096x6144][8x4096x6144][8x4096x6144][8x4096x6144][8x4096x6144][8x4096x6144][8x4096x6144][8x4096x6144][8x4096x6144][8x4096x6144][8x4096x6144][8x4096x6144][8x4096x6144][8x4096x6144][8x4096x6144][8x4096x6144][8x4096x6144][8x4096x6144][8x4096x6144][8x4096x6144][8x4096x6144][8x4096x6144][8x4096x6144][8x4096x6144][8x4096x6144][8x4096x6144][8x4096x6144][8x4096x6144][8x4096x6144][8x4096x6144][8x4096x6144][8x4096x6144][8x4096x6144][8x4096x6144][8x4096x6144][8x4096x6144][8x4096x6144][8x4096x6144][8x4096x6144][8x4096x6144][8x4096x6144][8x4096x6144][8x4096x6144][8x4096x6144][8x4096x6144][8x4096x6144][8x4096x6144][8x4096x6144][8x4096x6144][8x4096x6144][8x4096x6144][8x4096x6144][8x4096x6144][8x4096x6144][8x4096x6144][8x4096x6144][8x4096x6144][8x4096x6144][8x4096x6144][8x4096x6144][8x4096x6144][8x4096x6144][8x4096x6144][8x4096x6144][8x4096x6144][8x4096x6144][8x4096x6144][8x4096x6144][8x4096x6144][8x4096x6144][8x4096x6144][8x4096x6144][8x4096x6144][8x4096x6144][8x4096x6144][8x4096x6144][8x4096x6144][8x4096x6144][8x4096x6144][8x4096x6144][8x4096x6144][8x4096x6144][8x4096x6144][8x4096x6144][8x4096x6144][8x4096x6144][8x4096x6144][8x4096x6144][8x4096x6144][8x4096x6144][8x4096x6144][8x4096x6144][8x4096x6144][8x4096x6144][8x4096x6144][8x4096x6144][8x4096x6144][8x4096x6144][8x4096x6144][8x4096x6144][8x4096x6144][8x4096x6144][8x4096x6144][8x4096x6144][8x4096x6144][8x4096x6144][8x4096x6144][8x4096x6144][8x4096x6144][8x4096x6144][8x4096x6144][8x4096x6144][8x4096x6144][8x4096x6144][8x4096x6144][8x4096x6144][8x4096x6144][8x4096x6144][8x4096x6144][8x4096x6144][8x4096x6144][8x4096x6144][8x4096x6144][8x4096x6144][8x4096x6144][8x4096x6144][8x4096x6144][8x4096x6144][8x4096x6144][8x4096x6144][8x4096x6144][8x4096x6144][8x4096x6144][8x4096x6144][8x4096x6144][8x4096x6144][8x4096x6144][8x4096x6144][8x4096x6144][8x4096x6144][8x4096x6144][8x4096x6144][8x4096x6144][8x4096x6144][8x4096x6144][8x4096x6144][8x4096x6144][8x4096x6144][8x4096x6144][8x4096x6144][8x4096x6144][8x4096x6144][8x4096x6144][8x4096x6144][8x4096x6144][8x4096x6144][8x4096x6144][8x4096x6144][8x4096x6144][8x4096x6144][8x4096x6144][8x4096x6144][8x4096x6144][8x4096x6144][8x4096x6144][8x4096x6144][8x4096x6144][8x4096x6144][8x4096x6144][8x4096x6144][8x4096x6144][8x4096x6144][8x4096x6144][8x4096x6144][8x4096x6144][8x4096x6144][8x4096x6144][8x4096x6144][8x4096x6144][8x4096x6144][8x4096x6144][8x4096x6144][8x4096x6144][8x4096x6144][8x4096x6144][8x4096x6144][8x4096x6144][8x4096x6144][8x4096x6144][8x4096x6144][8x4096x6144][8x4096x6144][8x4096x6144][8x4096x6144][8x4096x6144][8x4096x6144][8x4096x6144][8x4096x6144][8x4096x6144][8x4096x6144][8x4096x6144][8x4096x6144][8x4096x6144]',,tensorop,f32,256,256,128,4,2,1,2,1,1,4,4,1,1,256,256,32,100,110,6471811072,103095992320,15,2.23416,2697.81,46145.4
1,CUTLASS,grouped_gemm,cutlass3x_sm100_tensorop_gemm_grouped_e4m3_e4m3_f32_bf16_e4m3_256x256x128_4x2x1_0_ttt_align16_stream_k_2sm_epi_tma,passed,success,grouped,,,,,fe4m3:row,fe4m3:row,bf16:row,fe4m3:row,1,0,invalid,invalid,heuristic,1,false,'[8x4096x6144][8x4096x6144][8x4096x6144][8x4096x6144][8x4096x6144][8x4096x6144][8x4096x6144][8x4096x6144][8x4096x6144][8x4096x6144][8x4096x6144][8x4096x6144][8x4096x6144][8x4096x6144][8x4096x6144][8x4096x6144][8x4096x6144][8x4096x6144][8x4096x6144][8x4096x6144][8x4096x6144][8x4096x6144][8x4096x6144][8x4096x6144][8x4096x6144][8x4096x6144][8x4096x6144][8x4096x6144][8x4096x6144][8x4096x6144][8x4096x6144][8x4096x6144][8x4096x6144][8x4096x6144][8x4096x6144][8x4096x6144][8x4096x6144][8x4096x6144][8x4096x6144][8x4096x6144][8x4096x6144][8x4096x6144][8x4096x6144][8x4096x6144][8x4096x6144][8x4096x6144][8x4096x6144][8x4096x6144][8x4096x6144][8x4096x6144][8x4096x6144][8x4096x6144][8x4096x6144][8x4096x6144][8x4096x6144][8x4096x6144][8x4096x6144][8x4096x6144][8x4096x6144][8x4096x6144][8x4096x6144][8x4096x6144][8x4096x6144][8x4096x6144][8x4096x6144][8x4096x6144][8x4096x6144][8x4096x6144][8x4096x6144][8x4096x6144][8x4096x6144][8x4096x6144][8x4096x6144][8x4096x6144][8x4096x6144][8x4096x6144][8x4096x6144][8x4096x6144][8x4096x6144][8x4096x6144][8x4096x6144][8x4096x6144][8x4096x6144][8x4096x6144][8x4096x6144][8x4096x6144][8x4096x6144][8x4096x6144][8x4096x6144][8x4096x6144][8x4096x6144][8x4096x6144][8x4096x6144][8x4096x6144][8x4096x6144][8x4096x6144][8x4096x6144][8x4096x6144][8x4096x6144][8x4096x6144][8x4096x6144][8x4096x6144][8x4096x6144][8x4096x6144][8x4096x6144][8x4096x6144][8x4096x6144][8x4096x6144][8x4096x6144][8x4096x6144][8x4096x6144][8x4096x6144][8x4096x6144][8x4096x6144][8x4096x6144][8x4096x6144][8x4096x6144][8x4096x6144][8x4096x6144][8x4096x6144][8x4096x6144][8x4096x6144][8x4096x6144][8x4096x6144][8x4096x6144][8x4096x6144][8x4096x6144][8x4096x6144][8x4096x6144][8x4096x6144][8x4096x6144][8x4096x6144][8x4096x6144][8x4096x6144][8x4096x6144][8x4096x6144][8x4096x6144][8x4096x6144][8x4096x6144][8x4096x6144][8x4096x6144][8x4096x6144][8x4096x6144][8x4096x6144][8x4096x6144][8x4096x6144][8x4096x6144][8x4096x6144][8x4096x6144][8x4096x6144][8x4096x6144][8x4096x6144][8x4096x6144][8x4096x6144][8x4096x6144][8x4096x6144][8x4096x6144][8x4096x6144][8x4096x6144][8x4096x6144][8x4096x6144][8x4096x6144][8x4096x6144][8x4096x6144][8x4096x6144][8x4096x6144][8x4096x6144][8x4096x6144][8x4096x6144][8x4096x6144][8x4096x6144][8x4096x6144][8x4096x6144][8x4096x6144][8x4096x6144][8x4096x6144][8x4096x6144][8x4096x6144][8x4096x6144][8x4096x6144][8x4096x6144][8x4096x6144][8x4096x6144][8x4096x6144][8x4096x6144][8x4096x6144][8x4096x6144][8x4096x6144][8x4096x6144][8x4096x6144][8x4096x6144][8x4096x6144][8x4096x6144][8x4096x6144][8x4096x6144][8x4096x6144][8x4096x6144][8x4096x6144][8x4096x6144][8x4096x6144][8x4096x6144][8x4096x6144][8x4096x6144][8x4096x6144][8x4096x6144][8x4096x6144][8x4096x6144][8x4096x6144][8x4096x6144][8x4096x6144][8x4096x6144][8x4096x6144][8x4096x6144][8x4096x6144][8x4096x6144][8x4096x6144][8x4096x6144][8x4096x6144][8x4096x6144][8x4096x6144][8x4096x6144][8x4096x6144][8x4096x6144][8x4096x6144][8x4096x6144][8x4096x6144][8x4096x6144][8x4096x6144][8x4096x6144][8x4096x6144][8x4096x6144][8x4096x6144][8x4096x6144][8x4096x6144][8x4096x6144][8x4096x6144][8x4096x6144][8x4096x6144][8x4096x6144][8x4096x6144][8x4096x6144][8x4096x6144][8x4096x6144][8x4096x6144][8x4096x6144][8x4096x6144][8x4096x6144][8x4096x6144][8x4096x6144][8x4096x6144][8x4096x6144][8x4096x6144][8x4096x6144][8x4096x6144][8x4096x6144][8x4096x6144]',,tensorop,f32,256,256,128,4,2,1,2,1,1,4,4,1,1,256,256,32,100,110,6471811072,103095992320,15,2.23483,2697,46131.4
1,CUTLASS,grouped_gemm,cutlass3x_sm100_tensorop_gemm_grouped_e4m3_e4m3_f32_bf16_e4m3_256x256x128_4x4x1_0_ttt_align16_2sm_epi_tma,passed,success,grouped,,,,,fe4m3:row,fe4m3:row,bf16:row,fe4m3:row,1,0,invalid,invalid,heuristic,1,false,'[8x4096x6144][8x4096x6144][8x4096x6144][8x4096x6144][8x4096x6144][8x4096x6144][8x4096x6144][8x4096x6144][8x4096x6144][8x4096x6144][8x4096x6144][8x4096x6144][8x4096x6144][8x4096x6144][8x4096x6144][8x4096x6144][8x4096x6144][8x4096x6144][8x4096x6144][8x4096x6144][8x4096x6144][8x4096x6144][8x4096x6144][8x4096x6144][8x4096x6144][8x4096x6144][8x4096x6144][8x4096x6144][8x4096x6144][8x4096x6144][8x4096x6144][8x4096x6144][8x4096x6144][8x4096x6144][8x4096x6144][8x4096x6144][8x4096x6144][8x4096x6144][8x4096x6144][8x4096x6144][8x4096x6144][8x4096x6144][8x4096x6144][8x4096x6144][8x4096x6144][8x4096x6144][8x4096x6144][8x4096x6144][8x4096x6144][8x4096x6144][8x4096x6144][8x4096x6144][8x4096x6144][8x4096x6144][8x4096x6144][8x4096x6144][8x4096x6144][8x4096x6144][8x4096x6144][8x4096x6144][8x4096x6144][8x4096x6144][8x4096x6144][8x4096x6144][8x4096x6144][8x4096x6144][8x4096x6144][8x4096x6144][8x4096x6144][8x4096x6144][8x4096x6144][8x4096x6144][8x4096x6144][8x4096x6144][8x4096x6144][8x4096x6144][8x4096x6144][8x4096x6144][8x4096x6144][8x4096x6144][8x4096x6144][8x4096x6144][8x4096x6144][8x4096x6144][8x4096x6144][8x4096x6144][8x4096x6144][8x4096x6144][8x4096x6144][8x4096x6144][8x4096x6144][8x4096x6144][8x4096x6144][8x4096x6144][8x4096x6144][8x4096x6144][8x4096x6144][8x4096x6144][8x4096x6144][8x4096x6144][8x4096x6144][8x4096x6144][8x4096x6144][8x4096x6144][8x4096x6144][8x4096x6144][8x4096x6144][8x4096x6144][8x4096x6144][8x4096x6144][8x4096x6144][8x4096x6144][8x4096x6144][8x4096x6144][8x4096x6144][8x4096x6144][8x4096x6144][8x4096x6144][8x4096x6144][8x4096x6144][8x4096x6144][8x4096x6144][8x4096x6144][8x4096x6144][8x4096x6144][8x4096x6144][8x4096x6144][8x4096x6144][8x4096x6144][8x4096x6144][8x4096x6144][8x4096x6144][8x4096x6144][8x4096x6144][8x4096x6144][8x4096x6144][8x4096x6144][8x4096x6144][8x4096x6144][8x4096x6144][8x4096x6144][8x4096x6144][8x4096x6144][8x4096x6144][8x4096x6144][8x4096x6144][8x4096x6144][8x4096x6144][8x4096x6144][8x4096x6144][8x4096x6144][8x4096x6144][8x4096x6144][8x4096x6144][8x4096x6144][8x4096x6144][8x4096x6144][8x4096x6144][8x4096x6144][8x4096x6144][8x4096x6144][8x4096x6144][8x4096x6144][8x4096x6144][8x4096x6144][8x4096x6144][8x4096x6144][8x4096x6144][8x4096x6144][8x4096x6144][8x4096x6144][8x4096x6144][8x4096x6144][8x4096x6144][8x4096x6144][8x4096x6144][8x4096x6144][8x4096x6144][8x4096x6144][8x4096x6144][8x4096x6144][8x4096x6144][8x4096x6144][8x4096x6144][8x4096x6144][8x4096x6144][8x4096x6144][8x4096x6144][8x4096x6144][8x4096x6144][8x4096x6144][8x4096x6144][8x4096x6144][8x4096x6144][8x4096x6144][8x4096x6144][8x4096x6144][8x4096x6144][8x4096x6144][8x4096x6144][8x4096x6144][8x4096x6144][8x4096x6144][8x4096x6144][8x4096x6144][8x4096x6144][8x4096x6144][8x4096x6144][8x4096x6144][8x4096x6144][8x4096x6144][8x4096x6144][8x4096x6144][8x4096x6144][8x4096x6144][8x4096x6144][8x4096x6144][8x4096x6144][8x4096x6144][8x4096x6144][8x4096x6144][8x4096x6144][8x4096x6144][8x4096x6144][8x4096x6144][8x4096x6144][8x4096x6144][8x4096x6144][8x4096x6144][8x4096x6144][8x4096x6144][8x4096x6144][8x4096x6144][8x4096x6144][8x4096x6144][8x4096x6144][8x4096x6144][8x4096x6144][8x4096x6144][8x4096x6144][8x4096x6144][8x4096x6144][8x4096x6144][8x4096x6144][8x4096x6144][8x4096x6144][8x4096x6144][8x4096x6144][8x4096x6144][8x4096x6144][8x4096x6144][8x4096x6144][8x4096x6144][8x4096x6144][8x4096x6144][8x4096x6144]',,tensorop,f32,256,256,128,4,4,1,2,1,1,4,4,1,1,256,256,32,100,110,6471811072,103095992320,15,2.38359,2528.68,43252.4
1,CUTLASS,grouped_gemm,cutlass3x_sm100_tensorop_gemm_grouped_e4m3_e4m3_f32_bf16_e4m3_256x256x128_4x4x1_0_ttt_align16_stream_k_2sm_epi_tma,passed,success,grouped,,,,,fe4m3:row,fe4m3:row,bf16:row,fe4m3:row,1,0,invalid,invalid,heuristic,1,false,'[8x4096x6144][8x4096x6144][8x4096x6144][8x4096x6144][8x4096x6144][8x4096x6144][8x4096x6144][8x4096x6144][8x4096x6144][8x4096x6144][8x4096x6144][8x4096x6144][8x4096x6144][8x4096x6144][8x4096x6144][8x4096x6144][8x4096x6144][8x4096x6144][8x4096x6144][8x4096x6144][8x4096x6144][8x4096x6144][8x4096x6144][8x4096x6144][8x4096x6144][8x4096x6144][8x4096x6144][8x4096x6144][8x4096x6144][8x4096x6144][8x4096x6144][8x4096x6144][8x4096x6144][8x4096x6144][8x4096x6144][8x4096x6144][8x4096x6144][8x4096x6144][8x4096x6144][8x4096x6144][8x4096x6144][8x4096x6144][8x4096x6144][8x4096x6144][8x4096x6144][8x4096x6144][8x4096x6144][8x4096x6144][8x4096x6144][8x4096x6144][8x4096x6144][8x4096x6144][8x4096x6144][8x4096x6144][8x4096x6144][8x4096x6144][8x4096x6144][8x4096x6144][8x4096x6144][8x4096x6144][8x4096x6144][8x4096x6144][8x4096x6144][8x4096x6144][8x4096x6144][8x4096x6144][8x4096x6144][8x4096x6144][8x4096x6144][8x4096x6144][8x4096x6144][8x4096x6144][8x4096x6144][8x4096x6144][8x4096x6144][8x4096x6144][8x4096x6144][8x4096x6144][8x4096x6144][8x4096x6144][8x4096x6144][8x4096x6144][8x4096x6144][8x4096x6144][8x4096x6144][8x4096x6144][8x4096x6144][8x4096x6144][8x4096x6144][8x4096x6144][8x4096x6144][8x4096x6144][8x4096x6144][8x4096x6144][8x4096x6144][8x4096x6144][8x4096x6144][8x4096x6144][8x4096x6144][8x4096x6144][8x4096x6144][8x4096x6144][8x4096x6144][8x4096x6144][8x4096x6144][8x4096x6144][8x4096x6144][8x4096x6144][8x4096x6144][8x4096x6144][8x4096x6144][8x4096x6144][8x4096x6144][8x4096x6144][8x4096x6144][8x4096x6144][8x4096x6144][8x4096x6144][8x4096x6144][8x4096x6144][8x4096x6144][8x4096x6144][8x4096x6144][8x4096x6144][8x4096x6144][8x4096x6144][8x4096x6144][8x4096x6144][8x4096x6144][8x4096x6144][8x4096x6144][8x4096x6144][8x4096x6144][8x4096x6144][8x4096x6144][8x4096x6144][8x4096x6144][8x4096x6144][8x4096x6144][8x4096x6144][8x4096x6144][8x4096x6144][8x4096x6144][8x4096x6144][8x4096x6144][8x4096x6144][8x4096x6144][8x4096x6144][8x4096x6144][8x4096x6144][8x4096x6144][8x4096x6144][8x4096x6144][8x4096x6144][8x4096x6144][8x4096x6144][8x4096x6144][8x4096x6144][8x4096x6144][8x4096x6144][8x4096x6144][8x4096x6144][8x4096x6144][8x4096x6144][8x4096x6144][8x4096x6144][8x4096x6144][8x4096x6144][8x4096x6144][8x4096x6144][8x4096x6144][8x4096x6144][8x4096x6144][8x4096x6144][8x4096x6144][8x4096x6144][8x4096x6144][8x4096x6144][8x4096x6144][8x4096x6144][8x4096x6144][8x4096x6144][8x4096x6144][8x4096x6144][8x4096x6144][8x4096x6144][8x4096x6144][8x4096x6144][8x4096x6144][8x4096x6144][8x4096x6144][8x4096x6144][8x4096x6144][8x4096x6144][8x4096x6144][8x4096x6144][8x4096x6144][8x4096x6144][8x4096x6144][8x4096x6144][8x4096x6144][8x4096x6144][8x4096x6144][8x4096x6144][8x4096x6144][8x4096x6144][8x4096x6144][8x4096x6144][8x4096x6144][8x4096x6144][8x4096x6144][8x4096x6144][8x4096x6144][8x4096x6144][8x4096x6144][8x4096x6144][8x4096x6144][8x4096x6144][8x4096x6144][8x4096x6144][8x4096x6144][8x4096x6144][8x4096x6144][8x4096x6144][8x4096x6144][8x4096x6144][8x4096x6144][8x4096x6144][8x4096x6144][8x4096x6144][8x4096x6144][8x4096x6144][8x4096x6144][8x4096x6144][8x4096x6144][8x4096x6144][8x4096x6144][8x4096x6144][8x4096x6144][8x4096x6144][8x4096x6144][8x4096x6144][8x4096x6144][8x4096x6144][8x4096x6144][8x4096x6144][8x4096x6144][8x4096x6144][8x4096x6144][8x4096x6144][8x4096x6144][8x4096x6144][8x4096x6144][8x4096x6144][8x4096x6144][8x4096x6144]',,tensorop,f32,256,256,128,4,4,1,2,1,1,4,4,1,1,256,256,32,100,110,6471811072,103095992320,15,2.38314,2529.16,43260.6
