Problem,Provider,OperationKind,Operation,Disposition,Status,gemm_kind,m,n,k,num_groups,A,B,C,D,alpha,beta,runtime_input_datatype_a,runtime_input_datatype_b,raster_order,swizzle_size,use_pdl,problem-sizes,problem-sizes-file,op_class,accum,cta_m,cta_n,cta_k,cluster_m,cluster_n,cluster_k,cluster_m_fallback,cluster_n_fallback,cluster_k_fallback,stages,warps_m,warps_n,warps_k,inst_m,inst_n,inst_k,min_cc,max_cc,Bytes,Flops,Flops/Byte,Runtime,GB/s,GFLOPs
1,CUTLASS,grouped_gemm,cutlass3x_sm100_tensorop_gemm_grouped_bf16_bf16_f32_bf16_bf16_64x128x64_0x0x1_0_nnn_align8_1sm,passed,success,grouped,,,,,bf16:column,bf16:column,bf16:column,bf16:column,1,0,invalid,invalid,heuristic,1,false,'[4096x375x7168][4096x2436x7168][4096x1301x7168][4096x170x7168][4096x1228x7168][4096x170x7168][4096x170x7168][4096x576x7168][4096x170x7168][4096x2703x7168][4096x2728x7168][4096x1099x7168][4096x170x7168][4096x170x7168][4096x170x7168][4096x2318x7168][4096x2180x7168][4096x711x7168][4096x293x7168][4096x172x7168][4096x170x7168][4096x655x7168][4096x1361x7168][4096x1240x7168][4096x170x7168][4096x170x7168][4096x275x7168][4096x1303x7168][4096x170x7168][4096x1322x7168][4096x170x7168][4096x1002x7168][4096x928x7168][4096x170x7168][4096x537x7168][4096x1377x7168][4096x1076x7168][4096x178x7168][4096x2180x7168][4096x1263x7168][4096x244x7168][4096x1375x7168][4096x170x7168][4096x170x7168][4096x170x7168][4096x1131x7168][4096x428x7168][4096x668x7168][4096x243x7168][4096x1390x7168][4096x170x7168][4096x684x7168][4096x170x7168][4096x1420x7168][4096x190x7168][4096x303x7168][4096x170x7168][4096x170x7168][4096x491x7168][4096x1022x7168][4096x170x7168][4096x170x7168][4096x1564x7168][4096x195x7168][4096x518x7168][4096x171x7168][4096x520x7168][4096x623x7168][4096x170x7168][4096x170x7168][4096x170x7168][4096x170x7168][4096x170x7168][4096x1021x7168][4096x321x7168][4096x349x7168][4096x2424x7168][4096x522x7168][4096x1148x7168][4096x170x7168][4096x170x7168][4096x279x7168][4096x1161x7168][4096x662x7168][4096x205x7168][4096x564x7168][4096x867x7168][4096x1267x7168][4096x170x7168][4096x263x7168][4096x170x7168][4096x1041x7168][4096x452x7168][4096x1383x7168][4096x170x7168][4096x170x7168]',,tensorop,f32,64,128,64,1,1,1,1,1,1,8,4,1,1,64,128,16,100,110,7113539584,3848827568128,541,5.92025,1119.04,650112
1,CUTLASS,grouped_gemm,cutlass3x_sm100_tensorop_gemm_grouped_bf16_bf16_f32_bf16_bf16_64x128x64_0x0x1_0_nnn_align8_stream_k_1sm,passed,success,grouped,,,,,bf16:column,bf16:column,bf16:column,bf16:column,1,0,invalid,invalid,heuristic,1,false,'[4096x375x7168][4096x2436x7168][4096x1301x7168][4096x170x7168][4096x1228x7168][4096x170x7168][4096x170x7168][4096x576x7168][4096x170x7168][4096x2703x7168][4096x2728x7168][4096x1099x7168][4096x170x7168][4096x170x7168][4096x170x7168][4096x2318x7168][4096x2180x7168][4096x711x7168][4096x293x7168][4096x172x7168][4096x170x7168][4096x655x7168][4096x1361x7168][4096x1240x7168][4096x170x7168][4096x170x7168][4096x275x7168][4096x1303x7168][4096x170x7168][4096x1322x7168][4096x170x7168][4096x1002x7168][4096x928x7168][4096x170x7168][4096x537x7168][4096x1377x7168][4096x1076x7168][4096x178x7168][4096x2180x7168][4096x1263x7168][4096x244x7168][4096x1375x7168][4096x170x7168][4096x170x7168][4096x170x7168][4096x1131x7168][4096x428x7168][4096x668x7168][4096x243x7168][4096x1390x7168][4096x170x7168][4096x684x7168][4096x170x7168][4096x1420x7168][4096x190x7168][4096x303x7168][4096x170x7168][4096x170x7168][4096x491x7168][4096x1022x7168][4096x170x7168][4096x170x7168][4096x1564x7168][4096x195x7168][4096x518x7168][4096x171x7168][4096x520x7168][4096x623x7168][4096x170x7168][4096x170x7168][4096x170x7168][4096x170x7168][4096x170x7168][4096x1021x7168][4096x321x7168][4096x349x7168][4096x2424x7168][4096x522x7168][4096x1148x7168][4096x170x7168][4096x170x7168][4096x279x7168][4096x1161x7168][4096x662x7168][4096x205x7168][4096x564x7168][4096x867x7168][4096x1267x7168][4096x170x7168][4096x263x7168][4096x170x7168][4096x1041x7168][4096x452x7168][4096x1383x7168][4096x170x7168][4096x170x7168]',,tensorop,f32,64,128,64,1,1,1,1,1,1,8,4,1,1,64,128,16,100,110,7113539584,3848827568128,541,5.95734,1112.07,646065
1,CUTLASS,grouped_gemm,cutlass3x_sm100_tensorop_gemm_grouped_bf16_bf16_f32_bf16_bf16_64x128x64_1x1x1_0_nnn_align8_1sm,passed,success,grouped,,,,,bf16:column,bf16:column,bf16:column,bf16:column,1,0,invalid,invalid,heuristic,1,false,'[4096x375x7168][4096x2436x7168][4096x1301x7168][4096x170x7168][4096x1228x7168][4096x170x7168][4096x170x7168][4096x576x7168][4096x170x7168][4096x2703x7168][4096x2728x7168][4096x1099x7168][4096x170x7168][4096x170x7168][4096x170x7168][4096x2318x7168][4096x2180x7168][4096x711x7168][4096x293x7168][4096x172x7168][4096x170x7168][4096x655x7168][4096x1361x7168][4096x1240x7168][4096x170x7168][4096x170x7168][4096x275x7168][4096x1303x7168][4096x170x7168][4096x1322x7168][4096x170x7168][4096x1002x7168][4096x928x7168][4096x170x7168][4096x537x7168][4096x1377x7168][4096x1076x7168][4096x178x7168][4096x2180x7168][4096x1263x7168][4096x244x7168][4096x1375x7168][4096x170x7168][4096x170x7168][4096x170x7168][4096x1131x7168][4096x428x7168][4096x668x7168][4096x243x7168][4096x1390x7168][4096x170x7168][4096x684x7168][4096x170x7168][4096x1420x7168][4096x190x7168][4096x303x7168][4096x170x7168][4096x170x7168][4096x491x7168][4096x1022x7168][4096x170x7168][4096x170x7168][4096x1564x7168][4096x195x7168][4096x518x7168][4096x171x7168][4096x520x7168][4096x623x7168][4096x170x7168][4096x170x7168][4096x170x7168][4096x170x7168][4096x170x7168][4096x1021x7168][4096x321x7168][4096x349x7168][4096x2424x7168][4096x522x7168][4096x1148x7168][4096x170x7168][4096x170x7168][4096x279x7168][4096x1161x7168][4096x662x7168][4096x205x7168][4096x564x7168][4096x867x7168][4096x1267x7168][4096x170x7168][4096x263x7168][4096x170x7168][4096x1041x7168][4096x452x7168][4096x1383x7168][4096x170x7168][4096x170x7168]',,tensorop,f32,64,128,64,1,1,1,1,1,1,8,4,1,1,64,128,16,100,110,7113539584,3848827568128,541,5.22429,1268.12,736718
1,CUTLASS,grouped_gemm,cutlass3x_sm100_tensorop_gemm_grouped_bf16_bf16_f32_bf16_bf16_64x128x64_1x1x1_0_nnn_align8_stream_k_1sm,passed,success,grouped,,,,,bf16:column,bf16:column,bf16:column,bf16:column,1,0,invalid,invalid,heuristic,1,false,'[4096x375x7168][4096x2436x7168][4096x1301x7168][4096x170x7168][4096x1228x7168][4096x170x7168][4096x170x7168][4096x576x7168][4096x170x7168][4096x2703x7168][4096x2728x7168][4096x1099x7168][4096x170x7168][4096x170x7168][4096x170x7168][4096x2318x7168][4096x2180x7168][4096x711x7168][4096x293x7168][4096x172x7168][4096x170x7168][4096x655x7168][4096x1361x7168][4096x1240x7168][4096x170x7168][4096x170x7168][4096x275x7168][4096x1303x7168][4096x170x7168][4096x1322x7168][4096x170x7168][4096x1002x7168][4096x928x7168][4096x170x7168][4096x537x7168][4096x1377x7168][4096x1076x7168][4096x178x7168][4096x2180x7168][4096x1263x7168][4096x244x7168][4096x1375x7168][4096x170x7168][4096x170x7168][4096x170x7168][4096x1131x7168][4096x428x7168][4096x668x7168][4096x243x7168][4096x1390x7168][4096x170x7168][4096x684x7168][4096x170x7168][4096x1420x7168][4096x190x7168][4096x303x7168][4096x170x7168][4096x170x7168][4096x491x7168][4096x1022x7168][4096x170x7168][4096x170x7168][4096x1564x7168][4096x195x7168][4096x518x7168][4096x171x7168][4096x520x7168][4096x623x7168][4096x170x7168][4096x170x7168][4096x170x7168][4096x170x7168][4096x170x7168][4096x1021x7168][4096x321x7168][4096x349x7168][4096x2424x7168][4096x522x7168][4096x1148x7168][4096x170x7168][4096x170x7168][4096x279x7168][4096x1161x7168][4096x662x7168][4096x205x7168][4096x564x7168][4096x867x7168][4096x1267x7168][4096x170x7168][4096x263x7168][4096x170x7168][4096x1041x7168][4096x452x7168][4096x1383x7168][4096x170x7168][4096x170x7168]',,tensorop,f32,64,128,64,1,1,1,1,1,1,8,4,1,1,64,128,16,100,110,7113539584,3848827568128,541,5.2275,1267.34,736265
1,CUTLASS,grouped_gemm,cutlass3x_sm100_tensorop_gemm_grouped_bf16_bf16_f32_bf16_bf16_64x128x64_1x2x1_0_nnn_align8_1sm,passed,success,grouped,,,,,bf16:column,bf16:column,bf16:column,bf16:column,1,0,invalid,invalid,heuristic,1,false,'[4096x375x7168][4096x2436x7168][4096x1301x7168][4096x170x7168][4096x1228x7168][4096x170x7168][4096x170x7168][4096x576x7168][4096x170x7168][4096x2703x7168][4096x2728x7168][4096x1099x7168][4096x170x7168][4096x170x7168][4096x170x7168][4096x2318x7168][4096x2180x7168][4096x711x7168][4096x293x7168][4096x172x7168][4096x170x7168][4096x655x7168][4096x1361x7168][4096x1240x7168][4096x170x7168][4096x170x7168][4096x275x7168][4096x1303x7168][4096x170x7168][4096x1322x7168][4096x170x7168][4096x1002x7168][4096x928x7168][4096x170x7168][4096x537x7168][4096x1377x7168][4096x1076x7168][4096x178x7168][4096x2180x7168][4096x1263x7168][4096x244x7168][4096x1375x7168][4096x170x7168][4096x170x7168][4096x170x7168][4096x1131x7168][4096x428x7168][4096x668x7168][4096x243x7168][4096x1390x7168][4096x170x7168][4096x684x7168][4096x170x7168][4096x1420x7168][4096x190x7168][4096x303x7168][4096x170x7168][4096x170x7168][4096x491x7168][4096x1022x7168][4096x170x7168][4096x170x7168][4096x1564x7168][4096x195x7168][4096x518x7168][4096x171x7168][4096x520x7168][4096x623x7168][4096x170x7168][4096x170x7168][4096x170x7168][4096x170x7168][4096x170x7168][4096x1021x7168][4096x321x7168][4096x349x7168][4096x2424x7168][4096x522x7168][4096x1148x7168][4096x170x7168][4096x170x7168][4096x279x7168][4096x1161x7168][4096x662x7168][4096x205x7168][4096x564x7168][4096x867x7168][4096x1267x7168][4096x170x7168][4096x263x7168][4096x170x7168][4096x1041x7168][4096x452x7168][4096x1383x7168][4096x170x7168][4096x170x7168]',,tensorop,f32,64,128,64,1,2,1,1,1,1,8,4,1,1,64,128,16,100,110,7113539584,3848827568128,541,5.72746,1156.71,671995
1,CUTLASS,grouped_gemm,cutlass3x_sm100_tensorop_gemm_grouped_bf16_bf16_f32_bf16_bf16_64x128x64_1x2x1_0_nnn_align8_stream_k_1sm,passed,success,grouped,,,,,bf16:column,bf16:column,bf16:column,bf16:column,1,0,invalid,invalid,heuristic,1,false,'[4096x375x7168][4096x2436x7168][4096x1301x7168][4096x170x7168][4096x1228x7168][4096x170x7168][4096x170x7168][4096x576x7168][4096x170x7168][4096x2703x7168][4096x2728x7168][4096x1099x7168][4096x170x7168][4096x170x7168][4096x170x7168][4096x2318x7168][4096x2180x7168][4096x711x7168][4096x293x7168][4096x172x7168][4096x170x7168][4096x655x7168][4096x1361x7168][4096x1240x7168][4096x170x7168][4096x170x7168][4096x275x7168][4096x1303x7168][4096x170x7168][4096x1322x7168][4096x170x7168][4096x1002x7168][4096x928x7168][4096x170x7168][4096x537x7168][4096x1377x7168][4096x1076x7168][4096x178x7168][4096x2180x7168][4096x1263x7168][4096x244x7168][4096x1375x7168][4096x170x7168][4096x170x7168][4096x170x7168][4096x1131x7168][4096x428x7168][4096x668x7168][4096x243x7168][4096x1390x7168][4096x170x7168][4096x684x7168][4096x170x7168][4096x1420x7168][4096x190x7168][4096x303x7168][4096x170x7168][4096x170x7168][4096x491x7168][4096x1022x7168][4096x170x7168][4096x170x7168][4096x1564x7168][4096x195x7168][4096x518x7168][4096x171x7168][4096x520x7168][4096x623x7168][4096x170x7168][4096x170x7168][4096x170x7168][4096x170x7168][4096x170x7168][4096x1021x7168][4096x321x7168][4096x349x7168][4096x2424x7168][4096x522x7168][4096x1148x7168][4096x170x7168][4096x170x7168][4096x279x7168][4096x1161x7168][4096x662x7168][4096x205x7168][4096x564x7168][4096x867x7168][4096x1267x7168][4096x170x7168][4096x263x7168][4096x170x7168][4096x1041x7168][4096x452x7168][4096x1383x7168][4096x170x7168][4096x170x7168]',,tensorop,f32,64,128,64,1,2,1,1,1,1,8,4,1,1,64,128,16,100,110,7113539584,3848827568128,541,5.69819,1162.65,675448
1,CUTLASS,grouped_gemm,cutlass3x_sm100_tensorop_gemm_grouped_bf16_bf16_f32_bf16_bf16_64x128x64_1x4x1_0_nnn_align8_1sm,passed,success,grouped,,,,,bf16:column,bf16:column,bf16:column,bf16:column,1,0,invalid,invalid,heuristic,1,false,'[4096x375x7168][4096x2436x7168][4096x1301x7168][4096x170x7168][4096x1228x7168][4096x170x7168][4096x170x7168][4096x576x7168][4096x170x7168][4096x2703x7168][4096x2728x7168][4096x1099x7168][4096x170x7168][4096x170x7168][4096x170x7168][4096x2318x7168][4096x2180x7168][4096x711x7168][4096x293x7168][4096x172x7168][4096x170x7168][4096x655x7168][4096x1361x7168][4096x1240x7168][4096x170x7168][4096x170x7168][4096x275x7168][4096x1303x7168][4096x170x7168][4096x1322x7168][4096x170x7168][4096x1002x7168][4096x928x7168][4096x170x7168][4096x537x7168][4096x1377x7168][4096x1076x7168][4096x178x7168][4096x2180x7168][4096x1263x7168][4096x244x7168][4096x1375x7168][4096x170x7168][4096x170x7168][4096x170x7168][4096x1131x7168][4096x428x7168][4096x668x7168][4096x243x7168][4096x1390x7168][4096x170x7168][4096x684x7168][4096x170x7168][4096x1420x7168][4096x190x7168][4096x303x7168][4096x170x7168][4096x170x7168][4096x491x7168][4096x1022x7168][4096x170x7168][4096x170x7168][4096x1564x7168][4096x195x7168][4096x518x7168][4096x171x7168][4096x520x7168][4096x623x7168][4096x170x7168][4096x170x7168][4096x170x7168][4096x170x7168][4096x170x7168][4096x1021x7168][4096x321x7168][4096x349x7168][4096x2424x7168][4096x522x7168][4096x1148x7168][4096x170x7168][4096x170x7168][4096x279x7168][4096x1161x7168][4096x662x7168][4096x205x7168][4096x564x7168][4096x867x7168][4096x1267x7168][4096x170x7168][4096x263x7168][4096x170x7168][4096x1041x7168][4096x452x7168][4096x1383x7168][4096x170x7168][4096x170x7168]',,tensorop,f32,64,128,64,1,4,1,1,1,1,8,4,1,1,64,128,16,100,110,7113539584,3848827568128,541,6.74173,982.685,570896
1,CUTLASS,grouped_gemm,cutlass3x_sm100_tensorop_gemm_grouped_bf16_bf16_f32_bf16_bf16_64x128x64_1x4x1_0_nnn_align8_stream_k_1sm,passed,success,grouped,,,,,bf16:column,bf16:column,bf16:column,bf16:column,1,0,invalid,invalid,heuristic,1,false,'[4096x375x7168][4096x2436x7168][4096x1301x7168][4096x170x7168][4096x1228x7168][4096x170x7168][4096x170x7168][4096x576x7168][4096x170x7168][4096x2703x7168][4096x2728x7168][4096x1099x7168][4096x170x7168][4096x170x7168][4096x170x7168][4096x2318x7168][4096x2180x7168][4096x711x7168][4096x293x7168][4096x172x7168][4096x170x7168][4096x655x7168][4096x1361x7168][4096x1240x7168][4096x170x7168][4096x170x7168][4096x275x7168][4096x1303x7168][4096x170x7168][4096x1322x7168][4096x170x7168][4096x1002x7168][4096x928x7168][4096x170x7168][4096x537x7168][4096x1377x7168][4096x1076x7168][4096x178x7168][4096x2180x7168][4096x1263x7168][4096x244x7168][4096x1375x7168][4096x170x7168][4096x170x7168][4096x170x7168][4096x1131x7168][4096x428x7168][4096x668x7168][4096x243x7168][4096x1390x7168][4096x170x7168][4096x684x7168][4096x170x7168][4096x1420x7168][4096x190x7168][4096x303x7168][4096x170x7168][4096x170x7168][4096x491x7168][4096x1022x7168][4096x170x7168][4096x170x7168][4096x1564x7168][4096x195x7168][4096x518x7168][4096x171x7168][4096x520x7168][4096x623x7168][4096x170x7168][4096x170x7168][4096x170x7168][4096x170x7168][4096x170x7168][4096x1021x7168][4096x321x7168][4096x349x7168][4096x2424x7168][4096x522x7168][4096x1148x7168][4096x170x7168][4096x170x7168][4096x279x7168][4096x1161x7168][4096x662x7168][4096x205x7168][4096x564x7168][4096x867x7168][4096x1267x7168][4096x170x7168][4096x263x7168][4096x170x7168][4096x1041x7168][4096x452x7168][4096x1383x7168][4096x170x7168][4096x170x7168]',,tensorop,f32,64,128,64,1,4,1,1,1,1,8,4,1,1,64,128,16,100,110,7113539584,3848827568128,541,6.75379,980.931,569877
1,CUTLASS,grouped_gemm,cutlass3x_sm100_tensorop_gemm_grouped_bf16_bf16_f32_bf16_bf16_64x128x64_4x4x1_0_nnn_align8_1sm,passed,success,grouped,,,,,bf16:column,bf16:column,bf16:column,bf16:column,1,0,invalid,invalid,heuristic,1,false,'[4096x375x7168][4096x2436x7168][4096x1301x7168][4096x170x7168][4096x1228x7168][4096x170x7168][4096x170x7168][4096x576x7168][4096x170x7168][4096x2703x7168][4096x2728x7168][4096x1099x7168][4096x170x7168][4096x170x7168][4096x170x7168][4096x2318x7168][4096x2180x7168][4096x711x7168][4096x293x7168][4096x172x7168][4096x170x7168][4096x655x7168][4096x1361x7168][4096x1240x7168][4096x170x7168][4096x170x7168][4096x275x7168][4096x1303x7168][4096x170x7168][4096x1322x7168][4096x170x7168][4096x1002x7168][4096x928x7168][4096x170x7168][4096x537x7168][4096x1377x7168][4096x1076x7168][4096x178x7168][4096x2180x7168][4096x1263x7168][4096x244x7168][4096x1375x7168][4096x170x7168][4096x170x7168][4096x170x7168][4096x1131x7168][4096x428x7168][4096x668x7168][4096x243x7168][4096x1390x7168][4096x170x7168][4096x684x7168][4096x170x7168][4096x1420x7168][4096x190x7168][4096x303x7168][4096x170x7168][4096x170x7168][4096x491x7168][4096x1022x7168][4096x170x7168][4096x170x7168][4096x1564x7168][4096x195x7168][4096x518x7168][4096x171x7168][4096x520x7168][4096x623x7168][4096x170x7168][4096x170x7168][4096x170x7168][4096x170x7168][4096x170x7168][4096x1021x7168][4096x321x7168][4096x349x7168][4096x2424x7168][4096x522x7168][4096x1148x7168][4096x170x7168][4096x170x7168][4096x279x7168][4096x1161x7168][4096x662x7168][4096x205x7168][4096x564x7168][4096x867x7168][4096x1267x7168][4096x170x7168][4096x263x7168][4096x170x7168][4096x1041x7168][4096x452x7168][4096x1383x7168][4096x170x7168][4096x170x7168]',,tensorop,f32,64,128,64,4,4,1,1,1,1,8,4,1,1,64,128,16,100,110,7113539584,3848827568128,541,6.6434,997.231,579346
1,CUTLASS,grouped_gemm,cutlass3x_sm100_tensorop_gemm_grouped_bf16_bf16_f32_bf16_bf16_64x128x64_4x4x1_0_nnn_align8_stream_k_1sm,passed,success,grouped,,,,,bf16:column,bf16:column,bf16:column,bf16:column,1,0,invalid,invalid,heuristic,1,false,'[4096x375x7168][4096x2436x7168][4096x1301x7168][4096x170x7168][4096x1228x7168][4096x170x7168][4096x170x7168][4096x576x7168][4096x170x7168][4096x2703x7168][4096x2728x7168][4096x1099x7168][4096x170x7168][4096x170x7168][4096x170x7168][4096x2318x7168][4096x2180x7168][4096x711x7168][4096x293x7168][4096x172x7168][4096x170x7168][4096x655x7168][4096x1361x7168][4096x1240x7168][4096x170x7168][4096x170x7168][4096x275x7168][4096x1303x7168][4096x170x7168][4096x1322x7168][4096x170x7168][4096x1002x7168][4096x928x7168][4096x170x7168][4096x537x7168][4096x1377x7168][4096x1076x7168][4096x178x7168][4096x2180x7168][4096x1263x7168][4096x244x7168][4096x1375x7168][4096x170x7168][4096x170x7168][4096x170x7168][4096x1131x7168][4096x428x7168][4096x668x7168][4096x243x7168][4096x1390x7168][4096x170x7168][4096x684x7168][4096x170x7168][4096x1420x7168][4096x190x7168][4096x303x7168][4096x170x7168][4096x170x7168][4096x491x7168][4096x1022x7168][4096x170x7168][4096x170x7168][4096x1564x7168][4096x195x7168][4096x518x7168][4096x171x7168][4096x520x7168][4096x623x7168][4096x170x7168][4096x170x7168][4096x170x7168][4096x170x7168][4096x170x7168][4096x1021x7168][4096x321x7168][4096x349x7168][4096x2424x7168][4096x522x7168][4096x1148x7168][4096x170x7168][4096x170x7168][4096x279x7168][4096x1161x7168][4096x662x7168][4096x205x7168][4096x564x7168][4096x867x7168][4096x1267x7168][4096x170x7168][4096x263x7168][4096x170x7168][4096x1041x7168][4096x452x7168][4096x1383x7168][4096x170x7168][4096x170x7168]',,tensorop,f32,64,128,64,4,4,1,1,1,1,8,4,1,1,64,128,16,100,110,7113539584,3848827568128,541,6.64408,997.129,579287
1,CUTLASS,grouped_gemm,cutlass3x_sm100_tensorop_gemm_grouped_bf16_bf16_f32_bf16_bf16_64x128x64_0x0x1_0_tnn_align8_1sm,passed,success,grouped,,,,,bf16:row,bf16:column,bf16:column,bf16:column,1,0,invalid,invalid,heuristic,1,false,'[4096x375x7168][4096x2436x7168][4096x1301x7168][4096x170x7168][4096x1228x7168][4096x170x7168][4096x170x7168][4096x576x7168][4096x170x7168][4096x2703x7168][4096x2728x7168][4096x1099x7168][4096x170x7168][4096x170x7168][4096x170x7168][4096x2318x7168][4096x2180x7168][4096x711x7168][4096x293x7168][4096x172x7168][4096x170x7168][4096x655x7168][4096x1361x7168][4096x1240x7168][4096x170x7168][4096x170x7168][4096x275x7168][4096x1303x7168][4096x170x7168][4096x1322x7168][4096x170x7168][4096x1002x7168][4096x928x7168][4096x170x7168][4096x537x7168][4096x1377x7168][4096x1076x7168][4096x178x7168][4096x2180x7168][4096x1263x7168][4096x244x7168][4096x1375x7168][4096x170x7168][4096x170x7168][4096x170x7168][4096x1131x7168][4096x428x7168][4096x668x7168][4096x243x7168][4096x1390x7168][4096x170x7168][4096x684x7168][4096x170x7168][4096x1420x7168][4096x190x7168][4096x303x7168][4096x170x7168][4096x170x7168][4096x491x7168][4096x1022x7168][4096x170x7168][4096x170x7168][4096x1564x7168][4096x195x7168][4096x518x7168][4096x171x7168][4096x520x7168][4096x623x7168][4096x170x7168][4096x170x7168][4096x170x7168][4096x170x7168][4096x170x7168][4096x1021x7168][4096x321x7168][4096x349x7168][4096x2424x7168][4096x522x7168][4096x1148x7168][4096x170x7168][4096x170x7168][4096x279x7168][4096x1161x7168][4096x662x7168][4096x205x7168][4096x564x7168][4096x867x7168][4096x1267x7168][4096x170x7168][4096x263x7168][4096x170x7168][4096x1041x7168][4096x452x7168][4096x1383x7168][4096x170x7168][4096x170x7168]',,tensorop,f32,64,128,64,1,1,1,1,1,1,8,4,1,1,64,128,16,100,110,7113539584,3848827568128,541,5.95879,1111.8,645907
1,CUTLASS,grouped_gemm,cutlass3x_sm100_tensorop_gemm_grouped_bf16_bf16_f32_bf16_bf16_64x128x64_0x0x1_0_tnn_align8_stream_k_1sm,passed,success,grouped,,,,,bf16:row,bf16:column,bf16:column,bf16:column,1,0,invalid,invalid,heuristic,1,false,'[4096x375x7168][4096x2436x7168][4096x1301x7168][4096x170x7168][4096x1228x7168][4096x170x7168][4096x170x7168][4096x576x7168][4096x170x7168][4096x2703x7168][4096x2728x7168][4096x1099x7168][4096x170x7168][4096x170x7168][4096x170x7168][4096x2318x7168][4096x2180x7168][4096x711x7168][4096x293x7168][4096x172x7168][4096x170x7168][4096x655x7168][4096x1361x7168][4096x1240x7168][4096x170x7168][4096x170x7168][4096x275x7168][4096x1303x7168][4096x170x7168][4096x1322x7168][4096x170x7168][4096x1002x7168][4096x928x7168][4096x170x7168][4096x537x7168][4096x1377x7168][4096x1076x7168][4096x178x7168][4096x2180x7168][4096x1263x7168][4096x244x7168][4096x1375x7168][4096x170x7168][4096x170x7168][4096x170x7168][4096x1131x7168][4096x428x7168][4096x668x7168][4096x243x7168][4096x1390x7168][4096x170x7168][4096x684x7168][4096x170x7168][4096x1420x7168][4096x190x7168][4096x303x7168][4096x170x7168][4096x170x7168][4096x491x7168][4096x1022x7168][4096x170x7168][4096x170x7168][4096x1564x7168][4096x195x7168][4096x518x7168][4096x171x7168][4096x520x7168][4096x623x7168][4096x170x7168][4096x170x7168][4096x170x7168][4096x170x7168][4096x170x7168][4096x1021x7168][4096x321x7168][4096x349x7168][4096x2424x7168][4096x522x7168][4096x1148x7168][4096x170x7168][4096x170x7168][4096x279x7168][4096x1161x7168][4096x662x7168][4096x205x7168][4096x564x7168][4096x867x7168][4096x1267x7168][4096x170x7168][4096x263x7168][4096x170x7168][4096x1041x7168][4096x452x7168][4096x1383x7168][4096x170x7168][4096x170x7168]',,tensorop,f32,64,128,64,1,1,1,1,1,1,8,4,1,1,64,128,16,100,110,7113539584,3848827568128,541,5.95546,1112.42,646268
1,CUTLASS,grouped_gemm,cutlass3x_sm100_tensorop_gemm_grouped_bf16_bf16_f32_bf16_bf16_64x128x64_1x1x1_0_tnn_align8_1sm,passed,success,grouped,,,,,bf16:row,bf16:column,bf16:column,bf16:column,1,0,invalid,invalid,heuristic,1,false,'[4096x375x7168][4096x2436x7168][4096x1301x7168][4096x170x7168][4096x1228x7168][4096x170x7168][4096x170x7168][4096x576x7168][4096x170x7168][4096x2703x7168][4096x2728x7168][4096x1099x7168][4096x170x7168][4096x170x7168][4096x170x7168][4096x2318x7168][4096x2180x7168][4096x711x7168][4096x293x7168][4096x172x7168][4096x170x7168][4096x655x7168][4096x1361x7168][4096x1240x7168][4096x170x7168][4096x170x7168][4096x275x7168][4096x1303x7168][4096x170x7168][4096x1322x7168][4096x170x7168][4096x1002x7168][4096x928x7168][4096x170x7168][4096x537x7168][4096x1377x7168][4096x1076x7168][4096x178x7168][4096x2180x7168][4096x1263x7168][4096x244x7168][4096x1375x7168][4096x170x7168][4096x170x7168][4096x170x7168][4096x1131x7168][4096x428x7168][4096x668x7168][4096x243x7168][4096x1390x7168][4096x170x7168][4096x684x7168][4096x170x7168][4096x1420x7168][4096x190x7168][4096x303x7168][4096x170x7168][4096x170x7168][4096x491x7168][4096x1022x7168][4096x170x7168][4096x170x7168][4096x1564x7168][4096x195x7168][4096x518x7168][4096x171x7168][4096x520x7168][4096x623x7168][4096x170x7168][4096x170x7168][4096x170x7168][4096x170x7168][4096x170x7168][4096x1021x7168][4096x321x7168][4096x349x7168][4096x2424x7168][4096x522x7168][4096x1148x7168][4096x170x7168][4096x170x7168][4096x279x7168][4096x1161x7168][4096x662x7168][4096x205x7168][4096x564x7168][4096x867x7168][4096x1267x7168][4096x170x7168][4096x263x7168][4096x170x7168][4096x1041x7168][4096x452x7168][4096x1383x7168][4096x170x7168][4096x170x7168]',,tensorop,f32,64,128,64,1,1,1,1,1,1,8,4,1,1,64,128,16,100,110,7113539584,3848827568128,541,5.27246,1256.53,729987
1,CUTLASS,grouped_gemm,cutlass3x_sm100_tensorop_gemm_grouped_bf16_bf16_f32_bf16_bf16_64x128x64_1x1x1_0_tnn_align8_stream_k_1sm,passed,success,grouped,,,,,bf16:row,bf16:column,bf16:column,bf16:column,1,0,invalid,invalid,heuristic,1,false,'[4096x375x7168][4096x2436x7168][4096x1301x7168][4096x170x7168][4096x1228x7168][4096x170x7168][4096x170x7168][4096x576x7168][4096x170x7168][4096x2703x7168][4096x2728x7168][4096x1099x7168][4096x170x7168][4096x170x7168][4096x170x7168][4096x2318x7168][4096x2180x7168][4096x711x7168][4096x293x7168][4096x172x7168][4096x170x7168][4096x655x7168][4096x1361x7168][4096x1240x7168][4096x170x7168][4096x170x7168][4096x275x7168][4096x1303x7168][4096x170x7168][4096x1322x7168][4096x170x7168][4096x1002x7168][4096x928x7168][4096x170x7168][4096x537x7168][4096x1377x7168][4096x1076x7168][4096x178x7168][4096x2180x7168][4096x1263x7168][4096x244x7168][4096x1375x7168][4096x170x7168][4096x170x7168][4096x170x7168][4096x1131x7168][4096x428x7168][4096x668x7168][4096x243x7168][4096x1390x7168][4096x170x7168][4096x684x7168][4096x170x7168][4096x1420x7168][4096x190x7168][4096x303x7168][4096x170x7168][4096x170x7168][4096x491x7168][4096x1022x7168][4096x170x7168][4096x170x7168][4096x1564x7168][4096x195x7168][4096x518x7168][4096x171x7168][4096x520x7168][4096x623x7168][4096x170x7168][4096x170x7168][4096x170x7168][4096x170x7168][4096x170x7168][4096x1021x7168][4096x321x7168][4096x349x7168][4096x2424x7168][4096x522x7168][4096x1148x7168][4096x170x7168][4096x170x7168][4096x279x7168][4096x1161x7168][4096x662x7168][4096x205x7168][4096x564x7168][4096x867x7168][4096x1267x7168][4096x170x7168][4096x263x7168][4096x170x7168][4096x1041x7168][4096x452x7168][4096x1383x7168][4096x170x7168][4096x170x7168]',,tensorop,f32,64,128,64,1,1,1,1,1,1,8,4,1,1,64,128,16,100,110,7113539584,3848827568128,541,5.27608,1255.67,729486
1,CUTLASS,grouped_gemm,cutlass3x_sm100_tensorop_gemm_grouped_bf16_bf16_f32_bf16_bf16_64x128x64_1x2x1_0_tnn_align8_1sm,passed,success,grouped,,,,,bf16:row,bf16:column,bf16:column,bf16:column,1,0,invalid,invalid,heuristic,1,false,'[4096x375x7168][4096x2436x7168][4096x1301x7168][4096x170x7168][4096x1228x7168][4096x170x7168][4096x170x7168][4096x576x7168][4096x170x7168][4096x2703x7168][4096x2728x7168][4096x1099x7168][4096x170x7168][4096x170x7168][4096x170x7168][4096x2318x7168][4096x2180x7168][4096x711x7168][4096x293x7168][4096x172x7168][4096x170x7168][4096x655x7168][4096x1361x7168][4096x1240x7168][4096x170x7168][4096x170x7168][4096x275x7168][4096x1303x7168][4096x170x7168][4096x1322x7168][4096x170x7168][4096x1002x7168][4096x928x7168][4096x170x7168][4096x537x7168][4096x1377x7168][4096x1076x7168][4096x178x7168][4096x2180x7168][4096x1263x7168][4096x244x7168][4096x1375x7168][4096x170x7168][4096x170x7168][4096x170x7168][4096x1131x7168][4096x428x7168][4096x668x7168][4096x243x7168][4096x1390x7168][4096x170x7168][4096x684x7168][4096x170x7168][4096x1420x7168][4096x190x7168][4096x303x7168][4096x170x7168][4096x170x7168][4096x491x7168][4096x1022x7168][4096x170x7168][4096x170x7168][4096x1564x7168][4096x195x7168][4096x518x7168][4096x171x7168][4096x520x7168][4096x623x7168][4096x170x7168][4096x170x7168][4096x170x7168][4096x170x7168][4096x170x7168][4096x1021x7168][4096x321x7168][4096x349x7168][4096x2424x7168][4096x522x7168][4096x1148x7168][4096x170x7168][4096x170x7168][4096x279x7168][4096x1161x7168][4096x662x7168][4096x205x7168][4096x564x7168][4096x867x7168][4096x1267x7168][4096x170x7168][4096x263x7168][4096x170x7168][4096x1041x7168][4096x452x7168][4096x1383x7168][4096x170x7168][4096x170x7168]',,tensorop,f32,64,128,64,1,2,1,1,1,1,8,4,1,1,64,128,16,100,110,7113539584,3848827568128,541,5.64448,1173.71,681875
1,CUTLASS,grouped_gemm,cutlass3x_sm100_tensorop_gemm_grouped_bf16_bf16_f32_bf16_bf16_64x128x64_1x2x1_0_tnn_align8_stream_k_1sm,passed,success,grouped,,,,,bf16:row,bf16:column,bf16:column,bf16:column,1,0,invalid,invalid,heuristic,1,false,'[4096x375x7168][4096x2436x7168][4096x1301x7168][4096x170x7168][4096x1228x7168][4096x170x7168][4096x170x7168][4096x576x7168][4096x170x7168][4096x2703x7168][4096x2728x7168][4096x1099x7168][4096x170x7168][4096x170x7168][4096x170x7168][4096x2318x7168][4096x2180x7168][4096x711x7168][4096x293x7168][4096x172x7168][4096x170x7168][4096x655x7168][4096x1361x7168][4096x1240x7168][4096x170x7168][4096x170x7168][4096x275x7168][4096x1303x7168][4096x170x7168][4096x1322x7168][4096x170x7168][4096x1002x7168][4096x928x7168][4096x170x7168][4096x537x7168][4096x1377x7168][4096x1076x7168][4096x178x7168][4096x2180x7168][4096x1263x7168][4096x244x7168][4096x1375x7168][4096x170x7168][4096x170x7168][4096x170x7168][4096x1131x7168][4096x428x7168][4096x668x7168][4096x243x7168][4096x1390x7168][4096x170x7168][4096x684x7168][4096x170x7168][4096x1420x7168][4096x190x7168][4096x303x7168][4096x170x7168][4096x170x7168][4096x491x7168][4096x1022x7168][4096x170x7168][4096x170x7168][4096x1564x7168][4096x195x7168][4096x518x7168][4096x171x7168][4096x520x7168][4096x623x7168][4096x170x7168][4096x170x7168][4096x170x7168][4096x170x7168][4096x170x7168][4096x1021x7168][4096x321x7168][4096x349x7168][4096x2424x7168][4096x522x7168][4096x1148x7168][4096x170x7168][4096x170x7168][4096x279x7168][4096x1161x7168][4096x662x7168][4096x205x7168][4096x564x7168][4096x867x7168][4096x1267x7168][4096x170x7168][4096x263x7168][4096x170x7168][4096x1041x7168][4096x452x7168][4096x1383x7168][4096x170x7168][4096x170x7168]',,tensorop,f32,64,128,64,1,2,1,1,1,1,8,4,1,1,64,128,16,100,110,7113539584,3848827568128,541,5.66697,1169.05,679168
1,CUTLASS,grouped_gemm,cutlass3x_sm100_tensorop_gemm_grouped_bf16_bf16_f32_bf16_bf16_64x128x64_1x4x1_0_tnn_align8_1sm,passed,success,grouped,,,,,bf16:row,bf16:column,bf16:column,bf16:column,1,0,invalid,invalid,heuristic,1,false,'[4096x375x7168][4096x2436x7168][4096x1301x7168][4096x170x7168][4096x1228x7168][4096x170x7168][4096x170x7168][4096x576x7168][4096x170x7168][4096x2703x7168][4096x2728x7168][4096x1099x7168][4096x170x7168][4096x170x7168][4096x170x7168][4096x2318x7168][4096x2180x7168][4096x711x7168][4096x293x7168][4096x172x7168][4096x170x7168][4096x655x7168][4096x1361x7168][4096x1240x7168][4096x170x7168][4096x170x7168][4096x275x7168][4096x1303x7168][4096x170x7168][4096x1322x7168][4096x170x7168][4096x1002x7168][4096x928x7168][4096x170x7168][4096x537x7168][4096x1377x7168][4096x1076x7168][4096x178x7168][4096x2180x7168][4096x1263x7168][4096x244x7168][4096x1375x7168][4096x170x7168][4096x170x7168][4096x170x7168][4096x1131x7168][4096x428x7168][4096x668x7168][4096x243x7168][4096x1390x7168][4096x170x7168][4096x684x7168][4096x170x7168][4096x1420x7168][4096x190x7168][4096x303x7168][4096x170x7168][4096x170x7168][4096x491x7168][4096x1022x7168][4096x170x7168][4096x170x7168][4096x1564x7168][4096x195x7168][4096x518x7168][4096x171x7168][4096x520x7168][4096x623x7168][4096x170x7168][4096x170x7168][4096x170x7168][4096x170x7168][4096x170x7168][4096x1021x7168][4096x321x7168][4096x349x7168][4096x2424x7168][4096x522x7168][4096x1148x7168][4096x170x7168][4096x170x7168][4096x279x7168][4096x1161x7168][4096x662x7168][4096x205x7168][4096x564x7168][4096x867x7168][4096x1267x7168][4096x170x7168][4096x263x7168][4096x170x7168][4096x1041x7168][4096x452x7168][4096x1383x7168][4096x170x7168][4096x170x7168]',,tensorop,f32,64,128,64,1,4,1,1,1,1,8,4,1,1,64,128,16,100,110,7113539584,3848827568128,541,6.55636,1010.47,587037
1,CUTLASS,grouped_gemm,cutlass3x_sm100_tensorop_gemm_grouped_bf16_bf16_f32_bf16_bf16_64x128x64_1x4x1_0_tnn_align8_stream_k_1sm,passed,success,grouped,,,,,bf16:row,bf16:column,bf16:column,bf16:column,1,0,invalid,invalid,heuristic,1,false,'[4096x375x7168][4096x2436x7168][4096x1301x7168][4096x170x7168][4096x1228x7168][4096x170x7168][4096x170x7168][4096x576x7168][4096x170x7168][4096x2703x7168][4096x2728x7168][4096x1099x7168][4096x170x7168][4096x170x7168][4096x170x7168][4096x2318x7168][4096x2180x7168][4096x711x7168][4096x293x7168][4096x172x7168][4096x170x7168][4096x655x7168][4096x1361x7168][4096x1240x7168][4096x170x7168][4096x170x7168][4096x275x7168][4096x1303x7168][4096x170x7168][4096x1322x7168][4096x170x7168][4096x1002x7168][4096x928x7168][4096x170x7168][4096x537x7168][4096x1377x7168][4096x1076x7168][4096x178x7168][4096x2180x7168][4096x1263x7168][4096x244x7168][4096x1375x7168][4096x170x7168][4096x170x7168][4096x170x7168][4096x1131x7168][4096x428x7168][4096x668x7168][4096x243x7168][4096x1390x7168][4096x170x7168][4096x684x7168][4096x170x7168][4096x1420x7168][4096x190x7168][4096x303x7168][4096x170x7168][4096x170x7168][4096x491x7168][4096x1022x7168][4096x170x7168][4096x170x7168][4096x1564x7168][4096x195x7168][4096x518x7168][4096x171x7168][4096x520x7168][4096x623x7168][4096x170x7168][4096x170x7168][4096x170x7168][4096x170x7168][4096x170x7168][4096x1021x7168][4096x321x7168][4096x349x7168][4096x2424x7168][4096x522x7168][4096x1148x7168][4096x170x7168][4096x170x7168][4096x279x7168][4096x1161x7168][4096x662x7168][4096x205x7168][4096x564x7168][4096x867x7168][4096x1267x7168][4096x170x7168][4096x263x7168][4096x170x7168][4096x1041x7168][4096x452x7168][4096x1383x7168][4096x170x7168][4096x170x7168]',,tensorop,f32,64,128,64,1,4,1,1,1,1,8,4,1,1,64,128,16,100,110,7113539584,3848827568128,541,6.56367,1009.34,586383
1,CUTLASS,grouped_gemm,cutlass3x_sm100_tensorop_gemm_grouped_bf16_bf16_f32_bf16_bf16_64x128x64_4x4x1_0_tnn_align8_1sm,passed,success,grouped,,,,,bf16:row,bf16:column,bf16:column,bf16:column,1,0,invalid,invalid,heuristic,1,false,'[4096x375x7168][4096x2436x7168][4096x1301x7168][4096x170x7168][4096x1228x7168][4096x170x7168][4096x170x7168][4096x576x7168][4096x170x7168][4096x2703x7168][4096x2728x7168][4096x1099x7168][4096x170x7168][4096x170x7168][4096x170x7168][4096x2318x7168][4096x2180x7168][4096x711x7168][4096x293x7168][4096x172x7168][4096x170x7168][4096x655x7168][4096x1361x7168][4096x1240x7168][4096x170x7168][4096x170x7168][4096x275x7168][4096x1303x7168][4096x170x7168][4096x1322x7168][4096x170x7168][4096x1002x7168][4096x928x7168][4096x170x7168][4096x537x7168][4096x1377x7168][4096x1076x7168][4096x178x7168][4096x2180x7168][4096x1263x7168][4096x244x7168][4096x1375x7168][4096x170x7168][4096x170x7168][4096x170x7168][4096x1131x7168][4096x428x7168][4096x668x7168][4096x243x7168][4096x1390x7168][4096x170x7168][4096x684x7168][4096x170x7168][4096x1420x7168][4096x190x7168][4096x303x7168][4096x170x7168][4096x170x7168][4096x491x7168][4096x1022x7168][4096x170x7168][4096x170x7168][4096x1564x7168][4096x195x7168][4096x518x7168][4096x171x7168][4096x520x7168][4096x623x7168][4096x170x7168][4096x170x7168][4096x170x7168][4096x170x7168][4096x170x7168][4096x1021x7168][4096x321x7168][4096x349x7168][4096x2424x7168][4096x522x7168][4096x1148x7168][4096x170x7168][4096x170x7168][4096x279x7168][4096x1161x7168][4096x662x7168][4096x205x7168][4096x564x7168][4096x867x7168][4096x1267x7168][4096x170x7168][4096x263x7168][4096x170x7168][4096x1041x7168][4096x452x7168][4096x1383x7168][4096x170x7168][4096x170x7168]',,tensorop,f32,64,128,64,4,4,1,1,1,1,8,4,1,1,64,128,16,100,110,7113539584,3848827568128,541,6.71328,986.85,573316
1,CUTLASS,grouped_gemm,cutlass3x_sm100_tensorop_gemm_grouped_bf16_bf16_f32_bf16_bf16_64x128x64_4x4x1_0_tnn_align8_stream_k_1sm,passed,success,grouped,,,,,bf16:row,bf16:column,bf16:column,bf16:column,1,0,invalid,invalid,heuristic,1,false,'[4096x375x7168][4096x2436x7168][4096x1301x7168][4096x170x7168][4096x1228x7168][4096x170x7168][4096x170x7168][4096x576x7168][4096x170x7168][4096x2703x7168][4096x2728x7168][4096x1099x7168][4096x170x7168][4096x170x7168][4096x170x7168][4096x2318x7168][4096x2180x7168][4096x711x7168][4096x293x7168][4096x172x7168][4096x170x7168][4096x655x7168][4096x1361x7168][4096x1240x7168][4096x170x7168][4096x170x7168][4096x275x7168][4096x1303x7168][4096x170x7168][4096x1322x7168][4096x170x7168][4096x1002x7168][4096x928x7168][4096x170x7168][4096x537x7168][4096x1377x7168][4096x1076x7168][4096x178x7168][4096x2180x7168][4096x1263x7168][4096x244x7168][4096x1375x7168][4096x170x7168][4096x170x7168][4096x170x7168][4096x1131x7168][4096x428x7168][4096x668x7168][4096x243x7168][4096x1390x7168][4096x170x7168][4096x684x7168][4096x170x7168][4096x1420x7168][4096x190x7168][4096x303x7168][4096x170x7168][4096x170x7168][4096x491x7168][4096x1022x7168][4096x170x7168][4096x170x7168][4096x1564x7168][4096x195x7168][4096x518x7168][4096x171x7168][4096x520x7168][4096x623x7168][4096x170x7168][4096x170x7168][4096x170x7168][4096x170x7168][4096x170x7168][4096x1021x7168][4096x321x7168][4096x349x7168][4096x2424x7168][4096x522x7168][4096x1148x7168][4096x170x7168][4096x170x7168][4096x279x7168][4096x1161x7168][4096x662x7168][4096x205x7168][4096x564x7168][4096x867x7168][4096x1267x7168][4096x170x7168][4096x263x7168][4096x170x7168][4096x1041x7168][4096x452x7168][4096x1383x7168][4096x170x7168][4096x170x7168]',,tensorop,f32,64,128,64,4,4,1,1,1,1,8,4,1,1,64,128,16,100,110,7113539584,3848827568128,541,6.71346,986.823,573300
1,CUTLASS,grouped_gemm,cutlass3x_sm100_tensorop_gemm_grouped_bf16_bf16_f32_bf16_bf16_128x128x64_0x0x1_0_nnn_align8_1sm,passed,success,grouped,,,,,bf16:column,bf16:column,bf16:column,bf16:column,1,0,invalid,invalid,heuristic,1,false,'[4096x375x7168][4096x2436x7168][4096x1301x7168][4096x170x7168][4096x1228x7168][4096x170x7168][4096x170x7168][4096x576x7168][4096x170x7168][4096x2703x7168][4096x2728x7168][4096x1099x7168][4096x170x7168][4096x170x7168][4096x170x7168][4096x2318x7168][4096x2180x7168][4096x711x7168][4096x293x7168][4096x172x7168][4096x170x7168][4096x655x7168][4096x1361x7168][4096x1240x7168][4096x170x7168][4096x170x7168][4096x275x7168][4096x1303x7168][4096x170x7168][4096x1322x7168][4096x170x7168][4096x1002x7168][4096x928x7168][4096x170x7168][4096x537x7168][4096x1377x7168][4096x1076x7168][4096x178x7168][4096x2180x7168][4096x1263x7168][4096x244x7168][4096x1375x7168][4096x170x7168][4096x170x7168][4096x170x7168][4096x1131x7168][4096x428x7168][4096x668x7168][4096x243x7168][4096x1390x7168][4096x170x7168][4096x684x7168][4096x170x7168][4096x1420x7168][4096x190x7168][4096x303x7168][4096x170x7168][4096x170x7168][4096x491x7168][4096x1022x7168][4096x170x7168][4096x170x7168][4096x1564x7168][4096x195x7168][4096x518x7168][4096x171x7168][4096x520x7168][4096x623x7168][4096x170x7168][4096x170x7168][4096x170x7168][4096x170x7168][4096x170x7168][4096x1021x7168][4096x321x7168][4096x349x7168][4096x2424x7168][4096x522x7168][4096x1148x7168][4096x170x7168][4096x170x7168][4096x279x7168][4096x1161x7168][4096x662x7168][4096x205x7168][4096x564x7168][4096x867x7168][4096x1267x7168][4096x170x7168][4096x263x7168][4096x170x7168][4096x1041x7168][4096x452x7168][4096x1383x7168][4096x170x7168][4096x170x7168]',,tensorop,f32,128,128,64,1,1,1,1,1,1,5,4,1,1,128,128,16,100,110,7113539584,3848827568128,541,4.03614,1641.42,953591
1,CUTLASS,grouped_gemm,cutlass3x_sm100_tensorop_gemm_grouped_bf16_bf16_f32_bf16_bf16_128x128x64_0x0x1_0_nnn_align8_stream_k_1sm,passed,success,grouped,,,,,bf16:column,bf16:column,bf16:column,bf16:column,1,0,invalid,invalid,heuristic,1,false,'[4096x375x7168][4096x2436x7168][4096x1301x7168][4096x170x7168][4096x1228x7168][4096x170x7168][4096x170x7168][4096x576x7168][4096x170x7168][4096x2703x7168][4096x2728x7168][4096x1099x7168][4096x170x7168][4096x170x7168][4096x170x7168][4096x2318x7168][4096x2180x7168][4096x711x7168][4096x293x7168][4096x172x7168][4096x170x7168][4096x655x7168][4096x1361x7168][4096x1240x7168][4096x170x7168][4096x170x7168][4096x275x7168][4096x1303x7168][4096x170x7168][4096x1322x7168][4096x170x7168][4096x1002x7168][4096x928x7168][4096x170x7168][4096x537x7168][4096x1377x7168][4096x1076x7168][4096x178x7168][4096x2180x7168][4096x1263x7168][4096x244x7168][4096x1375x7168][4096x170x7168][4096x170x7168][4096x170x7168][4096x1131x7168][4096x428x7168][4096x668x7168][4096x243x7168][4096x1390x7168][4096x170x7168][4096x684x7168][4096x170x7168][4096x1420x7168][4096x190x7168][4096x303x7168][4096x170x7168][4096x170x7168][4096x491x7168][4096x1022x7168][4096x170x7168][4096x170x7168][4096x1564x7168][4096x195x7168][4096x518x7168][4096x171x7168][4096x520x7168][4096x623x7168][4096x170x7168][4096x170x7168][4096x170x7168][4096x170x7168][4096x170x7168][4096x1021x7168][4096x321x7168][4096x349x7168][4096x2424x7168][4096x522x7168][4096x1148x7168][4096x170x7168][4096x170x7168][4096x279x7168][4096x1161x7168][4096x662x7168][4096x205x7168][4096x564x7168][4096x867x7168][4096x1267x7168][4096x170x7168][4096x263x7168][4096x170x7168][4096x1041x7168][4096x452x7168][4096x1383x7168][4096x170x7168][4096x170x7168]',,tensorop,f32,128,128,64,1,1,1,1,1,1,5,4,1,1,128,128,16,100,110,7113539584,3848827568128,541,4.06138,1631.22,947664
1,CUTLASS,grouped_gemm,cutlass3x_sm100_tensorop_gemm_grouped_bf16_bf16_f32_bf16_bf16_128x128x64_1x1x1_0_nnn_align8_1sm,passed,success,grouped,,,,,bf16:column,bf16:column,bf16:column,bf16:column,1,0,invalid,invalid,heuristic,1,false,'[4096x375x7168][4096x2436x7168][4096x1301x7168][4096x170x7168][4096x1228x7168][4096x170x7168][4096x170x7168][4096x576x7168][4096x170x7168][4096x2703x7168][4096x2728x7168][4096x1099x7168][4096x170x7168][4096x170x7168][4096x170x7168][4096x2318x7168][4096x2180x7168][4096x711x7168][4096x293x7168][4096x172x7168][4096x170x7168][4096x655x7168][4096x1361x7168][4096x1240x7168][4096x170x7168][4096x170x7168][4096x275x7168][4096x1303x7168][4096x170x7168][4096x1322x7168][4096x170x7168][4096x1002x7168][4096x928x7168][4096x170x7168][4096x537x7168][4096x1377x7168][4096x1076x7168][4096x178x7168][4096x2180x7168][4096x1263x7168][4096x244x7168][4096x1375x7168][4096x170x7168][4096x170x7168][4096x170x7168][4096x1131x7168][4096x428x7168][4096x668x7168][4096x243x7168][4096x1390x7168][4096x170x7168][4096x684x7168][4096x170x7168][4096x1420x7168][4096x190x7168][4096x303x7168][4096x170x7168][4096x170x7168][4096x491x7168][4096x1022x7168][4096x170x7168][4096x170x7168][4096x1564x7168][4096x195x7168][4096x518x7168][4096x171x7168][4096x520x7168][4096x623x7168][4096x170x7168][4096x170x7168][4096x170x7168][4096x170x7168][4096x170x7168][4096x1021x7168][4096x321x7168][4096x349x7168][4096x2424x7168][4096x522x7168][4096x1148x7168][4096x170x7168][4096x170x7168][4096x279x7168][4096x1161x7168][4096x662x7168][4096x205x7168][4096x564x7168][4096x867x7168][4096x1267x7168][4096x170x7168][4096x263x7168][4096x170x7168][4096x1041x7168][4096x452x7168][4096x1383x7168][4096x170x7168][4096x170x7168]',,tensorop,f32,128,128,64,1,1,1,1,1,1,5,4,1,1,128,128,16,100,110,7113539584,3848827568128,541,3.35019,1977.5,1.14884e+06
1,CUTLASS,grouped_gemm,cutlass3x_sm100_tensorop_gemm_grouped_bf16_bf16_f32_bf16_bf16_128x128x64_1x1x1_0_nnn_align8_stream_k_1sm,passed,success,grouped,,,,,bf16:column,bf16:column,bf16:column,bf16:column,1,0,invalid,invalid,heuristic,1,false,'[4096x375x7168][4096x2436x7168][4096x1301x7168][4096x170x7168][4096x1228x7168][4096x170x7168][4096x170x7168][4096x576x7168][4096x170x7168][4096x2703x7168][4096x2728x7168][4096x1099x7168][4096x170x7168][4096x170x7168][4096x170x7168][4096x2318x7168][4096x2180x7168][4096x711x7168][4096x293x7168][4096x172x7168][4096x170x7168][4096x655x7168][4096x1361x7168][4096x1240x7168][4096x170x7168][4096x170x7168][4096x275x7168][4096x1303x7168][4096x170x7168][4096x1322x7168][4096x170x7168][4096x1002x7168][4096x928x7168][4096x170x7168][4096x537x7168][4096x1377x7168][4096x1076x7168][4096x178x7168][4096x2180x7168][4096x1263x7168][4096x244x7168][4096x1375x7168][4096x170x7168][4096x170x7168][4096x170x7168][4096x1131x7168][4096x428x7168][4096x668x7168][4096x243x7168][4096x1390x7168][4096x170x7168][4096x684x7168][4096x170x7168][4096x1420x7168][4096x190x7168][4096x303x7168][4096x170x7168][4096x170x7168][4096x491x7168][4096x1022x7168][4096x170x7168][4096x170x7168][4096x1564x7168][4096x195x7168][4096x518x7168][4096x171x7168][4096x520x7168][4096x623x7168][4096x170x7168][4096x170x7168][4096x170x7168][4096x170x7168][4096x170x7168][4096x1021x7168][4096x321x7168][4096x349x7168][4096x2424x7168][4096x522x7168][4096x1148x7168][4096x170x7168][4096x170x7168][4096x279x7168][4096x1161x7168][4096x662x7168][4096x205x7168][4096x564x7168][4096x867x7168][4096x1267x7168][4096x170x7168][4096x263x7168][4096x170x7168][4096x1041x7168][4096x452x7168][4096x1383x7168][4096x170x7168][4096x170x7168]',,tensorop,f32,128,128,64,1,1,1,1,1,1,5,4,1,1,128,128,16,100,110,7113539584,3848827568128,541,3.35238,1976.21,1.14809e+06
1,CUTLASS,grouped_gemm,cutlass3x_sm100_tensorop_gemm_grouped_bf16_bf16_f32_bf16_bf16_128x128x64_1x2x1_0_nnn_align8_1sm,passed,success,grouped,,,,,bf16:column,bf16:column,bf16:column,bf16:column,1,0,invalid,invalid,heuristic,1,false,'[4096x375x7168][4096x2436x7168][4096x1301x7168][4096x170x7168][4096x1228x7168][4096x170x7168][4096x170x7168][4096x576x7168][4096x170x7168][4096x2703x7168][4096x2728x7168][4096x1099x7168][4096x170x7168][4096x170x7168][4096x170x7168][4096x2318x7168][4096x2180x7168][4096x711x7168][4096x293x7168][4096x172x7168][4096x170x7168][4096x655x7168][4096x1361x7168][4096x1240x7168][4096x170x7168][4096x170x7168][4096x275x7168][4096x1303x7168][4096x170x7168][4096x1322x7168][4096x170x7168][4096x1002x7168][4096x928x7168][4096x170x7168][4096x537x7168][4096x1377x7168][4096x1076x7168][4096x178x7168][4096x2180x7168][4096x1263x7168][4096x244x7168][4096x1375x7168][4096x170x7168][4096x170x7168][4096x170x7168][4096x1131x7168][4096x428x7168][4096x668x7168][4096x243x7168][4096x1390x7168][4096x170x7168][4096x684x7168][4096x170x7168][4096x1420x7168][4096x190x7168][4096x303x7168][4096x170x7168][4096x170x7168][4096x491x7168][4096x1022x7168][4096x170x7168][4096x170x7168][4096x1564x7168][4096x195x7168][4096x518x7168][4096x171x7168][4096x520x7168][4096x623x7168][4096x170x7168][4096x170x7168][4096x170x7168][4096x170x7168][4096x170x7168][4096x1021x7168][4096x321x7168][4096x349x7168][4096x2424x7168][4096x522x7168][4096x1148x7168][4096x170x7168][4096x170x7168][4096x279x7168][4096x1161x7168][4096x662x7168][4096x205x7168][4096x564x7168][4096x867x7168][4096x1267x7168][4096x170x7168][4096x263x7168][4096x170x7168][4096x1041x7168][4096x452x7168][4096x1383x7168][4096x170x7168][4096x170x7168]',,tensorop,f32,128,128,64,1,2,1,1,1,1,5,4,1,1,128,128,16,100,110,7113539584,3848827568128,541,3.64371,1818.2,1.05629e+06
1,CUTLASS,grouped_gemm,cutlass3x_sm100_tensorop_gemm_grouped_bf16_bf16_f32_bf16_bf16_128x128x64_1x2x1_0_nnn_align8_stream_k_1sm,passed,success,grouped,,,,,bf16:column,bf16:column,bf16:column,bf16:column,1,0,invalid,invalid,heuristic,1,false,'[4096x375x7168][4096x2436x7168][4096x1301x7168][4096x170x7168][4096x1228x7168][4096x170x7168][4096x170x7168][4096x576x7168][4096x170x7168][4096x2703x7168][4096x2728x7168][4096x1099x7168][4096x170x7168][4096x170x7168][4096x170x7168][4096x2318x7168][4096x2180x7168][4096x711x7168][4096x293x7168][4096x172x7168][4096x170x7168][4096x655x7168][4096x1361x7168][4096x1240x7168][4096x170x7168][4096x170x7168][4096x275x7168][4096x1303x7168][4096x170x7168][4096x1322x7168][4096x170x7168][4096x1002x7168][4096x928x7168][4096x170x7168][4096x537x7168][4096x1377x7168][4096x1076x7168][4096x178x7168][4096x2180x7168][4096x1263x7168][4096x244x7168][4096x1375x7168][4096x170x7168][4096x170x7168][4096x170x7168][4096x1131x7168][4096x428x7168][4096x668x7168][4096x243x7168][4096x1390x7168][4096x170x7168][4096x684x7168][4096x170x7168][4096x1420x7168][4096x190x7168][4096x303x7168][4096x170x7168][4096x170x7168][4096x491x7168][4096x1022x7168][4096x170x7168][4096x170x7168][4096x1564x7168][4096x195x7168][4096x518x7168][4096x171x7168][4096x520x7168][4096x623x7168][4096x170x7168][4096x170x7168][4096x170x7168][4096x170x7168][4096x170x7168][4096x1021x7168][4096x321x7168][4096x349x7168][4096x2424x7168][4096x522x7168][4096x1148x7168][4096x170x7168][4096x170x7168][4096x279x7168][4096x1161x7168][4096x662x7168][4096x205x7168][4096x564x7168][4096x867x7168][4096x1267x7168][4096x170x7168][4096x263x7168][4096x170x7168][4096x1041x7168][4096x452x7168][4096x1383x7168][4096x170x7168][4096x170x7168]',,tensorop,f32,128,128,64,1,2,1,1,1,1,5,4,1,1,128,128,16,100,110,7113539584,3848827568128,541,3.65434,1812.91,1.05322e+06
1,CUTLASS,grouped_gemm,cutlass3x_sm100_tensorop_gemm_grouped_bf16_bf16_f32_bf16_bf16_128x128x64_1x4x1_0_nnn_align8_1sm,passed,success,grouped,,,,,bf16:column,bf16:column,bf16:column,bf16:column,1,0,invalid,invalid,heuristic,1,false,'[4096x375x7168][4096x2436x7168][4096x1301x7168][4096x170x7168][4096x1228x7168][4096x170x7168][4096x170x7168][4096x576x7168][4096x170x7168][4096x2703x7168][4096x2728x7168][4096x1099x7168][4096x170x7168][4096x170x7168][4096x170x7168][4096x2318x7168][4096x2180x7168][4096x711x7168][4096x293x7168][4096x172x7168][4096x170x7168][4096x655x7168][4096x1361x7168][4096x1240x7168][4096x170x7168][4096x170x7168][4096x275x7168][4096x1303x7168][4096x170x7168][4096x1322x7168][4096x170x7168][4096x1002x7168][4096x928x7168][4096x170x7168][4096x537x7168][4096x1377x7168][4096x1076x7168][4096x178x7168][4096x2180x7168][4096x1263x7168][4096x244x7168][4096x1375x7168][4096x170x7168][4096x170x7168][4096x170x7168][4096x1131x7168][4096x428x7168][4096x668x7168][4096x243x7168][4096x1390x7168][4096x170x7168][4096x684x7168][4096x170x7168][4096x1420x7168][4096x190x7168][4096x303x7168][4096x170x7168][4096x170x7168][4096x491x7168][4096x1022x7168][4096x170x7168][4096x170x7168][4096x1564x7168][4096x195x7168][4096x518x7168][4096x171x7168][4096x520x7168][4096x623x7168][4096x170x7168][4096x170x7168][4096x170x7168][4096x170x7168][4096x170x7168][4096x1021x7168][4096x321x7168][4096x349x7168][4096x2424x7168][4096x522x7168][4096x1148x7168][4096x170x7168][4096x170x7168][4096x279x7168][4096x1161x7168][4096x662x7168][4096x205x7168][4096x564x7168][4096x867x7168][4096x1267x7168][4096x170x7168][4096x263x7168][4096x170x7168][4096x1041x7168][4096x452x7168][4096x1383x7168][4096x170x7168][4096x170x7168]',,tensorop,f32,128,128,64,1,4,1,1,1,1,5,4,1,1,128,128,16,100,110,7113539584,3848827568128,541,4.3316,1529.46,888547
1,CUTLASS,grouped_gemm,cutlass3x_sm100_tensorop_gemm_grouped_bf16_bf16_f32_bf16_bf16_128x128x64_1x4x1_0_nnn_align8_stream_k_1sm,passed,success,grouped,,,,,bf16:column,bf16:column,bf16:column,bf16:column,1,0,invalid,invalid,heuristic,1,false,'[4096x375x7168][4096x2436x7168][4096x1301x7168][4096x170x7168][4096x1228x7168][4096x170x7168][4096x170x7168][4096x576x7168][4096x170x7168][4096x2703x7168][4096x2728x7168][4096x1099x7168][4096x170x7168][4096x170x7168][4096x170x7168][4096x2318x7168][4096x2180x7168][4096x711x7168][4096x293x7168][4096x172x7168][4096x170x7168][4096x655x7168][4096x1361x7168][4096x1240x7168][4096x170x7168][4096x170x7168][4096x275x7168][4096x1303x7168][4096x170x7168][4096x1322x7168][4096x170x7168][4096x1002x7168][4096x928x7168][4096x170x7168][4096x537x7168][4096x1377x7168][4096x1076x7168][4096x178x7168][4096x2180x7168][4096x1263x7168][4096x244x7168][4096x1375x7168][4096x170x7168][4096x170x7168][4096x170x7168][4096x1131x7168][4096x428x7168][4096x668x7168][4096x243x7168][4096x1390x7168][4096x170x7168][4096x684x7168][4096x170x7168][4096x1420x7168][4096x190x7168][4096x303x7168][4096x170x7168][4096x170x7168][4096x491x7168][4096x1022x7168][4096x170x7168][4096x170x7168][4096x1564x7168][4096x195x7168][4096x518x7168][4096x171x7168][4096x520x7168][4096x623x7168][4096x170x7168][4096x170x7168][4096x170x7168][4096x170x7168][4096x170x7168][4096x1021x7168][4096x321x7168][4096x349x7168][4096x2424x7168][4096x522x7168][4096x1148x7168][4096x170x7168][4096x170x7168][4096x279x7168][4096x1161x7168][4096x662x7168][4096x205x7168][4096x564x7168][4096x867x7168][4096x1267x7168][4096x170x7168][4096x263x7168][4096x170x7168][4096x1041x7168][4096x452x7168][4096x1383x7168][4096x170x7168][4096x170x7168]',,tensorop,f32,128,128,64,1,4,1,1,1,1,5,4,1,1,128,128,16,100,110,7113539584,3848827568128,541,4.33024,1529.94,888825
1,CUTLASS,grouped_gemm,cutlass3x_sm100_tensorop_gemm_grouped_bf16_bf16_f32_bf16_bf16_128x128x64_4x4x1_0_nnn_align8_1sm,passed,success,grouped,,,,,bf16:column,bf16:column,bf16:column,bf16:column,1,0,invalid,invalid,heuristic,1,false,'[4096x375x7168][4096x2436x7168][4096x1301x7168][4096x170x7168][4096x1228x7168][4096x170x7168][4096x170x7168][4096x576x7168][4096x170x7168][4096x2703x7168][4096x2728x7168][4096x1099x7168][4096x170x7168][4096x170x7168][4096x170x7168][4096x2318x7168][4096x2180x7168][4096x711x7168][4096x293x7168][4096x172x7168][4096x170x7168][4096x655x7168][4096x1361x7168][4096x1240x7168][4096x170x7168][4096x170x7168][4096x275x7168][4096x1303x7168][4096x170x7168][4096x1322x7168][4096x170x7168][4096x1002x7168][4096x928x7168][4096x170x7168][4096x537x7168][4096x1377x7168][4096x1076x7168][4096x178x7168][4096x2180x7168][4096x1263x7168][4096x244x7168][4096x1375x7168][4096x170x7168][4096x170x7168][4096x170x7168][4096x1131x7168][4096x428x7168][4096x668x7168][4096x243x7168][4096x1390x7168][4096x170x7168][4096x684x7168][4096x170x7168][4096x1420x7168][4096x190x7168][4096x303x7168][4096x170x7168][4096x170x7168][4096x491x7168][4096x1022x7168][4096x170x7168][4096x170x7168][4096x1564x7168][4096x195x7168][4096x518x7168][4096x171x7168][4096x520x7168][4096x623x7168][4096x170x7168][4096x170x7168][4096x170x7168][4096x170x7168][4096x170x7168][4096x1021x7168][4096x321x7168][4096x349x7168][4096x2424x7168][4096x522x7168][4096x1148x7168][4096x170x7168][4096x170x7168][4096x279x7168][4096x1161x7168][4096x662x7168][4096x205x7168][4096x564x7168][4096x867x7168][4096x1267x7168][4096x170x7168][4096x263x7168][4096x170x7168][4096x1041x7168][4096x452x7168][4096x1383x7168][4096x170x7168][4096x170x7168]',,tensorop,f32,128,128,64,4,4,1,1,1,1,5,4,1,1,128,128,16,100,110,7113539584,3848827568128,541,5.00199,1324.47,769460
1,CUTLASS,grouped_gemm,cutlass3x_sm100_tensorop_gemm_grouped_bf16_bf16_f32_bf16_bf16_128x128x64_4x4x1_0_nnn_align8_stream_k_1sm,passed,success,grouped,,,,,bf16:column,bf16:column,bf16:column,bf16:column,1,0,invalid,invalid,heuristic,1,false,'[4096x375x7168][4096x2436x7168][4096x1301x7168][4096x170x7168][4096x1228x7168][4096x170x7168][4096x170x7168][4096x576x7168][4096x170x7168][4096x2703x7168][4096x2728x7168][4096x1099x7168][4096x170x7168][4096x170x7168][4096x170x7168][4096x2318x7168][4096x2180x7168][4096x711x7168][4096x293x7168][4096x172x7168][4096x170x7168][4096x655x7168][4096x1361x7168][4096x1240x7168][4096x170x7168][4096x170x7168][4096x275x7168][4096x1303x7168][4096x170x7168][4096x1322x7168][4096x170x7168][4096x1002x7168][4096x928x7168][4096x170x7168][4096x537x7168][4096x1377x7168][4096x1076x7168][4096x178x7168][4096x2180x7168][4096x1263x7168][4096x244x7168][4096x1375x7168][4096x170x7168][4096x170x7168][4096x170x7168][4096x1131x7168][4096x428x7168][4096x668x7168][4096x243x7168][4096x1390x7168][4096x170x7168][4096x684x7168][4096x170x7168][4096x1420x7168][4096x190x7168][4096x303x7168][4096x170x7168][4096x170x7168][4096x491x7168][4096x1022x7168][4096x170x7168][4096x170x7168][4096x1564x7168][4096x195x7168][4096x518x7168][4096x171x7168][4096x520x7168][4096x623x7168][4096x170x7168][4096x170x7168][4096x170x7168][4096x170x7168][4096x170x7168][4096x1021x7168][4096x321x7168][4096x349x7168][4096x2424x7168][4096x522x7168][4096x1148x7168][4096x170x7168][4096x170x7168][4096x279x7168][4096x1161x7168][4096x662x7168][4096x205x7168][4096x564x7168][4096x867x7168][4096x1267x7168][4096x170x7168][4096x263x7168][4096x170x7168][4096x1041x7168][4096x452x7168][4096x1383x7168][4096x170x7168][4096x170x7168]',,tensorop,f32,128,128,64,4,4,1,1,1,1,5,4,1,1,128,128,16,100,110,7113539584,3848827568128,541,5.00092,1324.76,769623
1,CUTLASS,grouped_gemm,cutlass3x_sm100_tensorop_gemm_grouped_bf16_bf16_f32_bf16_bf16_128x128x64_0x0x1_0_tnn_align8_1sm,passed,success,grouped,,,,,bf16:row,bf16:column,bf16:column,bf16:column,1,0,invalid,invalid,heuristic,1,false,'[4096x375x7168][4096x2436x7168][4096x1301x7168][4096x170x7168][4096x1228x7168][4096x170x7168][4096x170x7168][4096x576x7168][4096x170x7168][4096x2703x7168][4096x2728x7168][4096x1099x7168][4096x170x7168][4096x170x7168][4096x170x7168][4096x2318x7168][4096x2180x7168][4096x711x7168][4096x293x7168][4096x172x7168][4096x170x7168][4096x655x7168][4096x1361x7168][4096x1240x7168][4096x170x7168][4096x170x7168][4096x275x7168][4096x1303x7168][4096x170x7168][4096x1322x7168][4096x170x7168][4096x1002x7168][4096x928x7168][4096x170x7168][4096x537x7168][4096x1377x7168][4096x1076x7168][4096x178x7168][4096x2180x7168][4096x1263x7168][4096x244x7168][4096x1375x7168][4096x170x7168][4096x170x7168][4096x170x7168][4096x1131x7168][4096x428x7168][4096x668x7168][4096x243x7168][4096x1390x7168][4096x170x7168][4096x684x7168][4096x170x7168][4096x1420x7168][4096x190x7168][4096x303x7168][4096x170x7168][4096x170x7168][4096x491x7168][4096x1022x7168][4096x170x7168][4096x170x7168][4096x1564x7168][4096x195x7168][4096x518x7168][4096x171x7168][4096x520x7168][4096x623x7168][4096x170x7168][4096x170x7168][4096x170x7168][4096x170x7168][4096x170x7168][4096x1021x7168][4096x321x7168][4096x349x7168][4096x2424x7168][4096x522x7168][4096x1148x7168][4096x170x7168][4096x170x7168][4096x279x7168][4096x1161x7168][4096x662x7168][4096x205x7168][4096x564x7168][4096x867x7168][4096x1267x7168][4096x170x7168][4096x263x7168][4096x170x7168][4096x1041x7168][4096x452x7168][4096x1383x7168][4096x170x7168][4096x170x7168]',,tensorop,f32,128,128,64,1,1,1,1,1,1,5,4,1,1,128,128,16,100,110,7113539584,3848827568128,541,4.06515,1629.71,946786
1,CUTLASS,grouped_gemm,cutlass3x_sm100_tensorop_gemm_grouped_bf16_bf16_f32_bf16_bf16_128x128x64_0x0x1_0_tnn_align8_stream_k_1sm,passed,success,grouped,,,,,bf16:row,bf16:column,bf16:column,bf16:column,1,0,invalid,invalid,heuristic,1,false,'[4096x375x7168][4096x2436x7168][4096x1301x7168][4096x170x7168][4096x1228x7168][4096x170x7168][4096x170x7168][4096x576x7168][4096x170x7168][4096x2703x7168][4096x2728x7168][4096x1099x7168][4096x170x7168][4096x170x7168][4096x170x7168][4096x2318x7168][4096x2180x7168][4096x711x7168][4096x293x7168][4096x172x7168][4096x170x7168][4096x655x7168][4096x1361x7168][4096x1240x7168][4096x170x7168][4096x170x7168][4096x275x7168][4096x1303x7168][4096x170x7168][4096x1322x7168][4096x170x7168][4096x1002x7168][4096x928x7168][4096x170x7168][4096x537x7168][4096x1377x7168][4096x1076x7168][4096x178x7168][4096x2180x7168][4096x1263x7168][4096x244x7168][4096x1375x7168][4096x170x7168][4096x170x7168][4096x170x7168][4096x1131x7168][4096x428x7168][4096x668x7168][4096x243x7168][4096x1390x7168][4096x170x7168][4096x684x7168][4096x170x7168][4096x1420x7168][4096x190x7168][4096x303x7168][4096x170x7168][4096x170x7168][4096x491x7168][4096x1022x7168][4096x170x7168][4096x170x7168][4096x1564x7168][4096x195x7168][4096x518x7168][4096x171x7168][4096x520x7168][4096x623x7168][4096x170x7168][4096x170x7168][4096x170x7168][4096x170x7168][4096x170x7168][4096x1021x7168][4096x321x7168][4096x349x7168][4096x2424x7168][4096x522x7168][4096x1148x7168][4096x170x7168][4096x170x7168][4096x279x7168][4096x1161x7168][4096x662x7168][4096x205x7168][4096x564x7168][4096x867x7168][4096x1267x7168][4096x170x7168][4096x263x7168][4096x170x7168][4096x1041x7168][4096x452x7168][4096x1383x7168][4096x170x7168][4096x170x7168]',,tensorop,f32,128,128,64,1,1,1,1,1,1,5,4,1,1,128,128,16,100,110,7113539584,3848827568128,541,4.09704,1617.02,939416
1,CUTLASS,grouped_gemm,cutlass3x_sm100_tensorop_gemm_grouped_bf16_bf16_f32_bf16_bf16_128x128x64_1x1x1_0_tnn_align8_1sm,passed,success,grouped,,,,,bf16:row,bf16:column,bf16:column,bf16:column,1,0,invalid,invalid,heuristic,1,false,'[4096x375x7168][4096x2436x7168][4096x1301x7168][4096x170x7168][4096x1228x7168][4096x170x7168][4096x170x7168][4096x576x7168][4096x170x7168][4096x2703x7168][4096x2728x7168][4096x1099x7168][4096x170x7168][4096x170x7168][4096x170x7168][4096x2318x7168][4096x2180x7168][4096x711x7168][4096x293x7168][4096x172x7168][4096x170x7168][4096x655x7168][4096x1361x7168][4096x1240x7168][4096x170x7168][4096x170x7168][4096x275x7168][4096x1303x7168][4096x170x7168][4096x1322x7168][4096x170x7168][4096x1002x7168][4096x928x7168][4096x170x7168][4096x537x7168][4096x1377x7168][4096x1076x7168][4096x178x7168][4096x2180x7168][4096x1263x7168][4096x244x7168][4096x1375x7168][4096x170x7168][4096x170x7168][4096x170x7168][4096x1131x7168][4096x428x7168][4096x668x7168][4096x243x7168][4096x1390x7168][4096x170x7168][4096x684x7168][4096x170x7168][4096x1420x7168][4096x190x7168][4096x303x7168][4096x170x7168][4096x170x7168][4096x491x7168][4096x1022x7168][4096x170x7168][4096x170x7168][4096x1564x7168][4096x195x7168][4096x518x7168][4096x171x7168][4096x520x7168][4096x623x7168][4096x170x7168][4096x170x7168][4096x170x7168][4096x170x7168][4096x170x7168][4096x1021x7168][4096x321x7168][4096x349x7168][4096x2424x7168][4096x522x7168][4096x1148x7168][4096x170x7168][4096x170x7168][4096x279x7168][4096x1161x7168][4096x662x7168][4096x205x7168][4096x564x7168][4096x867x7168][4096x1267x7168][4096x170x7168][4096x263x7168][4096x170x7168][4096x1041x7168][4096x452x7168][4096x1383x7168][4096x170x7168][4096x170x7168]',,tensorop,f32,128,128,64,1,1,1,1,1,1,5,4,1,1,128,128,16,100,110,7113539584,3848827568128,541,3.34743,1979.13,1.14979e+06
1,CUTLASS,grouped_gemm,cutlass3x_sm100_tensorop_gemm_grouped_bf16_bf16_f32_bf16_bf16_128x128x64_1x1x1_0_tnn_align8_stream_k_1sm,passed,success,grouped,,,,,bf16:row,bf16:column,bf16:column,bf16:column,1,0,invalid,invalid,heuristic,1,false,'[4096x375x7168][4096x2436x7168][4096x1301x7168][4096x170x7168][4096x1228x7168][4096x170x7168][4096x170x7168][4096x576x7168][4096x170x7168][4096x2703x7168][4096x2728x7168][4096x1099x7168][4096x170x7168][4096x170x7168][4096x170x7168][4096x2318x7168][4096x2180x7168][4096x711x7168][4096x293x7168][4096x172x7168][4096x170x7168][4096x655x7168][4096x1361x7168][4096x1240x7168][4096x170x7168][4096x170x7168][4096x275x7168][4096x1303x7168][4096x170x7168][4096x1322x7168][4096x170x7168][4096x1002x7168][4096x928x7168][4096x170x7168][4096x537x7168][4096x1377x7168][4096x1076x7168][4096x178x7168][4096x2180x7168][4096x1263x7168][4096x244x7168][4096x1375x7168][4096x170x7168][4096x170x7168][4096x170x7168][4096x1131x7168][4096x428x7168][4096x668x7168][4096x243x7168][4096x1390x7168][4096x170x7168][4096x684x7168][4096x170x7168][4096x1420x7168][4096x190x7168][4096x303x7168][4096x170x7168][4096x170x7168][4096x491x7168][4096x1022x7168][4096x170x7168][4096x170x7168][4096x1564x7168][4096x195x7168][4096x518x7168][4096x171x7168][4096x520x7168][4096x623x7168][4096x170x7168][4096x170x7168][4096x170x7168][4096x170x7168][4096x170x7168][4096x1021x7168][4096x321x7168][4096x349x7168][4096x2424x7168][4096x522x7168][4096x1148x7168][4096x170x7168][4096x170x7168][4096x279x7168][4096x1161x7168][4096x662x7168][4096x205x7168][4096x564x7168][4096x867x7168][4096x1267x7168][4096x170x7168][4096x263x7168][4096x170x7168][4096x1041x7168][4096x452x7168][4096x1383x7168][4096x170x7168][4096x170x7168]',,tensorop,f32,128,128,64,1,1,1,1,1,1,5,4,1,1,128,128,16,100,110,7113539584,3848827568128,541,3.35466,1974.87,1.14731e+06
1,CUTLASS,grouped_gemm,cutlass3x_sm100_tensorop_gemm_grouped_bf16_bf16_f32_bf16_bf16_128x128x64_1x2x1_0_tnn_align8_1sm,passed,success,grouped,,,,,bf16:row,bf16:column,bf16:column,bf16:column,1,0,invalid,invalid,heuristic,1,false,'[4096x375x7168][4096x2436x7168][4096x1301x7168][4096x170x7168][4096x1228x7168][4096x170x7168][4096x170x7168][4096x576x7168][4096x170x7168][4096x2703x7168][4096x2728x7168][4096x1099x7168][4096x170x7168][4096x170x7168][4096x170x7168][4096x2318x7168][4096x2180x7168][4096x711x7168][4096x293x7168][4096x172x7168][4096x170x7168][4096x655x7168][4096x1361x7168][4096x1240x7168][4096x170x7168][4096x170x7168][4096x275x7168][4096x1303x7168][4096x170x7168][4096x1322x7168][4096x170x7168][4096x1002x7168][4096x928x7168][4096x170x7168][4096x537x7168][4096x1377x7168][4096x1076x7168][4096x178x7168][4096x2180x7168][4096x1263x7168][4096x244x7168][4096x1375x7168][4096x170x7168][4096x170x7168][4096x170x7168][4096x1131x7168][4096x428x7168][4096x668x7168][4096x243x7168][4096x1390x7168][4096x170x7168][4096x684x7168][4096x170x7168][4096x1420x7168][4096x190x7168][4096x303x7168][4096x170x7168][4096x170x7168][4096x491x7168][4096x1022x7168][4096x170x7168][4096x170x7168][4096x1564x7168][4096x195x7168][4096x518x7168][4096x171x7168][4096x520x7168][4096x623x7168][4096x170x7168][4096x170x7168][4096x170x7168][4096x170x7168][4096x170x7168][4096x1021x7168][4096x321x7168][4096x349x7168][4096x2424x7168][4096x522x7168][4096x1148x7168][4096x170x7168][4096x170x7168][4096x279x7168][4096x1161x7168][4096x662x7168][4096x205x7168][4096x564x7168][4096x867x7168][4096x1267x7168][4096x170x7168][4096x263x7168][4096x170x7168][4096x1041x7168][4096x452x7168][4096x1383x7168][4096x170x7168][4096x170x7168]',,tensorop,f32,128,128,64,1,2,1,1,1,1,5,4,1,1,128,128,16,100,110,7113539584,3848827568128,541,3.67602,1802.22,1.04701e+06
1,CUTLASS,grouped_gemm,cutlass3x_sm100_tensorop_gemm_grouped_bf16_bf16_f32_bf16_bf16_128x128x64_1x2x1_0_tnn_align8_stream_k_1sm,passed,success,grouped,,,,,bf16:row,bf16:column,bf16:column,bf16:column,1,0,invalid,invalid,heuristic,1,false,'[4096x375x7168][4096x2436x7168][4096x1301x7168][4096x170x7168][4096x1228x7168][4096x170x7168][4096x170x7168][4096x576x7168][4096x170x7168][4096x2703x7168][4096x2728x7168][4096x1099x7168][4096x170x7168][4096x170x7168][4096x170x7168][4096x2318x7168][4096x2180x7168][4096x711x7168][4096x293x7168][4096x172x7168][4096x170x7168][4096x655x7168][4096x1361x7168][4096x1240x7168][4096x170x7168][4096x170x7168][4096x275x7168][4096x1303x7168][4096x170x7168][4096x1322x7168][4096x170x7168][4096x1002x7168][4096x928x7168][4096x170x7168][4096x537x7168][4096x1377x7168][4096x1076x7168][4096x178x7168][4096x2180x7168][4096x1263x7168][4096x244x7168][4096x1375x7168][4096x170x7168][4096x170x7168][4096x170x7168][4096x1131x7168][4096x428x7168][4096x668x7168][4096x243x7168][4096x1390x7168][4096x170x7168][4096x684x7168][4096x170x7168][4096x1420x7168][4096x190x7168][4096x303x7168][4096x170x7168][4096x170x7168][4096x491x7168][4096x1022x7168][4096x170x7168][4096x170x7168][4096x1564x7168][4096x195x7168][4096x518x7168][4096x171x7168][4096x520x7168][4096x623x7168][4096x170x7168][4096x170x7168][4096x170x7168][4096x170x7168][4096x170x7168][4096x1021x7168][4096x321x7168][4096x349x7168][4096x2424x7168][4096x522x7168][4096x1148x7168][4096x170x7168][4096x170x7168][4096x279x7168][4096x1161x7168][4096x662x7168][4096x205x7168][4096x564x7168][4096x867x7168][4096x1267x7168][4096x170x7168][4096x263x7168][4096x170x7168][4096x1041x7168][4096x452x7168][4096x1383x7168][4096x170x7168][4096x170x7168]',,tensorop,f32,128,128,64,1,2,1,1,1,1,5,4,1,1,128,128,16,100,110,7113539584,3848827568128,541,3.67594,1802.26,1.04703e+06
1,CUTLASS,grouped_gemm,cutlass3x_sm100_tensorop_gemm_grouped_bf16_bf16_f32_bf16_bf16_128x128x64_1x4x1_0_tnn_align8_1sm,passed,success,grouped,,,,,bf16:row,bf16:column,bf16:column,bf16:column,1,0,invalid,invalid,heuristic,1,false,'[4096x375x7168][4096x2436x7168][4096x1301x7168][4096x170x7168][4096x1228x7168][4096x170x7168][4096x170x7168][4096x576x7168][4096x170x7168][4096x2703x7168][4096x2728x7168][4096x1099x7168][4096x170x7168][4096x170x7168][4096x170x7168][4096x2318x7168][4096x2180x7168][4096x711x7168][4096x293x7168][4096x172x7168][4096x170x7168][4096x655x7168][4096x1361x7168][4096x1240x7168][4096x170x7168][4096x170x7168][4096x275x7168][4096x1303x7168][4096x170x7168][4096x1322x7168][4096x170x7168][4096x1002x7168][4096x928x7168][4096x170x7168][4096x537x7168][4096x1377x7168][4096x1076x7168][4096x178x7168][4096x2180x7168][4096x1263x7168][4096x244x7168][4096x1375x7168][4096x170x7168][4096x170x7168][4096x170x7168][4096x1131x7168][4096x428x7168][4096x668x7168][4096x243x7168][4096x1390x7168][4096x170x7168][4096x684x7168][4096x170x7168][4096x1420x7168][4096x190x7168][4096x303x7168][4096x170x7168][4096x170x7168][4096x491x7168][4096x1022x7168][4096x170x7168][4096x170x7168][4096x1564x7168][4096x195x7168][4096x518x7168][4096x171x7168][4096x520x7168][4096x623x7168][4096x170x7168][4096x170x7168][4096x170x7168][4096x170x7168][4096x170x7168][4096x1021x7168][4096x321x7168][4096x349x7168][4096x2424x7168][4096x522x7168][4096x1148x7168][4096x170x7168][4096x170x7168][4096x279x7168][4096x1161x7168][4096x662x7168][4096x205x7168][4096x564x7168][4096x867x7168][4096x1267x7168][4096x170x7168][4096x263x7168][4096x170x7168][4096x1041x7168][4096x452x7168][4096x1383x7168][4096x170x7168][4096x170x7168]',,tensorop,f32,128,128,64,1,4,1,1,1,1,5,4,1,1,128,128,16,100,110,7113539584,3848827568128,541,4.43024,1495.41,868763
1,CUTLASS,grouped_gemm,cutlass3x_sm100_tensorop_gemm_grouped_bf16_bf16_f32_bf16_bf16_128x128x64_1x4x1_0_tnn_align8_stream_k_1sm,passed,success,grouped,,,,,bf16:row,bf16:column,bf16:column,bf16:column,1,0,invalid,invalid,heuristic,1,false,'[4096x375x7168][4096x2436x7168][4096x1301x7168][4096x170x7168][4096x1228x7168][4096x170x7168][4096x170x7168][4096x576x7168][4096x170x7168][4096x2703x7168][4096x2728x7168][4096x1099x7168][4096x170x7168][4096x170x7168][4096x170x7168][4096x2318x7168][4096x2180x7168][4096x711x7168][4096x293x7168][4096x172x7168][4096x170x7168][4096x655x7168][4096x1361x7168][4096x1240x7168][4096x170x7168][4096x170x7168][4096x275x7168][4096x1303x7168][4096x170x7168][4096x1322x7168][4096x170x7168][4096x1002x7168][4096x928x7168][4096x170x7168][4096x537x7168][4096x1377x7168][4096x1076x7168][4096x178x7168][4096x2180x7168][4096x1263x7168][4096x244x7168][4096x1375x7168][4096x170x7168][4096x170x7168][4096x170x7168][4096x1131x7168][4096x428x7168][4096x668x7168][4096x243x7168][4096x1390x7168][4096x170x7168][4096x684x7168][4096x170x7168][4096x1420x7168][4096x190x7168][4096x303x7168][4096x170x7168][4096x170x7168][4096x491x7168][4096x1022x7168][4096x170x7168][4096x170x7168][4096x1564x7168][4096x195x7168][4096x518x7168][4096x171x7168][4096x520x7168][4096x623x7168][4096x170x7168][4096x170x7168][4096x170x7168][4096x170x7168][4096x170x7168][4096x1021x7168][4096x321x7168][4096x349x7168][4096x2424x7168][4096x522x7168][4096x1148x7168][4096x170x7168][4096x170x7168][4096x279x7168][4096x1161x7168][4096x662x7168][4096x205x7168][4096x564x7168][4096x867x7168][4096x1267x7168][4096x170x7168][4096x263x7168][4096x170x7168][4096x1041x7168][4096x452x7168][4096x1383x7168][4096x170x7168][4096x170x7168]',,tensorop,f32,128,128,64,1,4,1,1,1,1,5,4,1,1,128,128,16,100,110,7113539584,3848827568128,541,4.43231,1494.71,868358
1,CUTLASS,grouped_gemm,cutlass3x_sm100_tensorop_gemm_grouped_bf16_bf16_f32_bf16_bf16_128x128x64_4x4x1_0_tnn_align8_1sm,passed,success,grouped,,,,,bf16:row,bf16:column,bf16:column,bf16:column,1,0,invalid,invalid,heuristic,1,false,'[4096x375x7168][4096x2436x7168][4096x1301x7168][4096x170x7168][4096x1228x7168][4096x170x7168][4096x170x7168][4096x576x7168][4096x170x7168][4096x2703x7168][4096x2728x7168][4096x1099x7168][4096x170x7168][4096x170x7168][4096x170x7168][4096x2318x7168][4096x2180x7168][4096x711x7168][4096x293x7168][4096x172x7168][4096x170x7168][4096x655x7168][4096x1361x7168][4096x1240x7168][4096x170x7168][4096x170x7168][4096x275x7168][4096x1303x7168][4096x170x7168][4096x1322x7168][4096x170x7168][4096x1002x7168][4096x928x7168][4096x170x7168][4096x537x7168][4096x1377x7168][4096x1076x7168][4096x178x7168][4096x2180x7168][4096x1263x7168][4096x244x7168][4096x1375x7168][4096x170x7168][4096x170x7168][4096x170x7168][4096x1131x7168][4096x428x7168][4096x668x7168][4096x243x7168][4096x1390x7168][4096x170x7168][4096x684x7168][4096x170x7168][4096x1420x7168][4096x190x7168][4096x303x7168][4096x170x7168][4096x170x7168][4096x491x7168][4096x1022x7168][4096x170x7168][4096x170x7168][4096x1564x7168][4096x195x7168][4096x518x7168][4096x171x7168][4096x520x7168][4096x623x7168][4096x170x7168][4096x170x7168][4096x170x7168][4096x170x7168][4096x170x7168][4096x1021x7168][4096x321x7168][4096x349x7168][4096x2424x7168][4096x522x7168][4096x1148x7168][4096x170x7168][4096x170x7168][4096x279x7168][4096x1161x7168][4096x662x7168][4096x205x7168][4096x564x7168][4096x867x7168][4096x1267x7168][4096x170x7168][4096x263x7168][4096x170x7168][4096x1041x7168][4096x452x7168][4096x1383x7168][4096x170x7168][4096x170x7168]',,tensorop,f32,128,128,64,4,4,1,1,1,1,5,4,1,1,128,128,16,100,110,7113539584,3848827568128,541,5.32381,1244.41,722946
1,CUTLASS,grouped_gemm,cutlass3x_sm100_tensorop_gemm_grouped_bf16_bf16_f32_bf16_bf16_128x128x64_4x4x1_0_tnn_align8_stream_k_1sm,passed,success,grouped,,,,,bf16:row,bf16:column,bf16:column,bf16:column,1,0,invalid,invalid,heuristic,1,false,'[4096x375x7168][4096x2436x7168][4096x1301x7168][4096x170x7168][4096x1228x7168][4096x170x7168][4096x170x7168][4096x576x7168][4096x170x7168][4096x2703x7168][4096x2728x7168][4096x1099x7168][4096x170x7168][4096x170x7168][4096x170x7168][4096x2318x7168][4096x2180x7168][4096x711x7168][4096x293x7168][4096x172x7168][4096x170x7168][4096x655x7168][4096x1361x7168][4096x1240x7168][4096x170x7168][4096x170x7168][4096x275x7168][4096x1303x7168][4096x170x7168][4096x1322x7168][4096x170x7168][4096x1002x7168][4096x928x7168][4096x170x7168][4096x537x7168][4096x1377x7168][4096x1076x7168][4096x178x7168][4096x2180x7168][4096x1263x7168][4096x244x7168][4096x1375x7168][4096x170x7168][4096x170x7168][4096x170x7168][4096x1131x7168][4096x428x7168][4096x668x7168][4096x243x7168][4096x1390x7168][4096x170x7168][4096x684x7168][4096x170x7168][4096x1420x7168][4096x190x7168][4096x303x7168][4096x170x7168][4096x170x7168][4096x491x7168][4096x1022x7168][4096x170x7168][4096x170x7168][4096x1564x7168][4096x195x7168][4096x518x7168][4096x171x7168][4096x520x7168][4096x623x7168][4096x170x7168][4096x170x7168][4096x170x7168][4096x170x7168][4096x170x7168][4096x1021x7168][4096x321x7168][4096x349x7168][4096x2424x7168][4096x522x7168][4096x1148x7168][4096x170x7168][4096x170x7168][4096x279x7168][4096x1161x7168][4096x662x7168][4096x205x7168][4096x564x7168][4096x867x7168][4096x1267x7168][4096x170x7168][4096x263x7168][4096x170x7168][4096x1041x7168][4096x452x7168][4096x1383x7168][4096x170x7168][4096x170x7168]',,tensorop,f32,128,128,64,4,4,1,1,1,1,5,4,1,1,128,128,16,100,110,7113539584,3848827568128,541,5.29569,1251.02,726785
1,CUTLASS,grouped_gemm,cutlass3x_sm100_tensorop_gemm_grouped_bf16_bf16_f32_bf16_bf16_128x256x64_0x0x1_0_nnn_align8_1sm,passed,success,grouped,,,,,bf16:column,bf16:column,bf16:column,bf16:column,1,0,invalid,invalid,heuristic,1,false,'[4096x375x7168][4096x2436x7168][4096x1301x7168][4096x170x7168][4096x1228x7168][4096x170x7168][4096x170x7168][4096x576x7168][4096x170x7168][4096x2703x7168][4096x2728x7168][4096x1099x7168][4096x170x7168][4096x170x7168][4096x170x7168][4096x2318x7168][4096x2180x7168][4096x711x7168][4096x293x7168][4096x172x7168][4096x170x7168][4096x655x7168][4096x1361x7168][4096x1240x7168][4096x170x7168][4096x170x7168][4096x275x7168][4096x1303x7168][4096x170x7168][4096x1322x7168][4096x170x7168][4096x1002x7168][4096x928x7168][4096x170x7168][4096x537x7168][4096x1377x7168][4096x1076x7168][4096x178x7168][4096x2180x7168][4096x1263x7168][4096x244x7168][4096x1375x7168][4096x170x7168][4096x170x7168][4096x170x7168][4096x1131x7168][4096x428x7168][4096x668x7168][4096x243x7168][4096x1390x7168][4096x170x7168][4096x684x7168][4096x170x7168][4096x1420x7168][4096x190x7168][4096x303x7168][4096x170x7168][4096x170x7168][4096x491x7168][4096x1022x7168][4096x170x7168][4096x170x7168][4096x1564x7168][4096x195x7168][4096x518x7168][4096x171x7168][4096x520x7168][4096x623x7168][4096x170x7168][4096x170x7168][4096x170x7168][4096x170x7168][4096x170x7168][4096x1021x7168][4096x321x7168][4096x349x7168][4096x2424x7168][4096x522x7168][4096x1148x7168][4096x170x7168][4096x170x7168][4096x279x7168][4096x1161x7168][4096x662x7168][4096x205x7168][4096x564x7168][4096x867x7168][4096x1267x7168][4096x170x7168][4096x263x7168][4096x170x7168][4096x1041x7168][4096x452x7168][4096x1383x7168][4096x170x7168][4096x170x7168]',,tensorop,f32,128,256,64,1,1,1,1,1,1,3,4,1,1,128,256,16,100,110,7113539584,3848827568128,541,3.4877,1899.53,1.10354e+06
1,CUTLASS,grouped_gemm,cutlass3x_sm100_tensorop_gemm_grouped_bf16_bf16_f32_bf16_bf16_128x256x64_0x0x1_0_nnn_align8_stream_k_1sm,passed,success,grouped,,,,,bf16:column,bf16:column,bf16:column,bf16:column,1,0,invalid,invalid,heuristic,1,false,'[4096x375x7168][4096x2436x7168][4096x1301x7168][4096x170x7168][4096x1228x7168][4096x170x7168][4096x170x7168][4096x576x7168][4096x170x7168][4096x2703x7168][4096x2728x7168][4096x1099x7168][4096x170x7168][4096x170x7168][4096x170x7168][4096x2318x7168][4096x2180x7168][4096x711x7168][4096x293x7168][4096x172x7168][4096x170x7168][4096x655x7168][4096x1361x7168][4096x1240x7168][4096x170x7168][4096x170x7168][4096x275x7168][4096x1303x7168][4096x170x7168][4096x1322x7168][4096x170x7168][4096x1002x7168][4096x928x7168][4096x170x7168][4096x537x7168][4096x1377x7168][4096x1076x7168][4096x178x7168][4096x2180x7168][4096x1263x7168][4096x244x7168][4096x1375x7168][4096x170x7168][4096x170x7168][4096x170x7168][4096x1131x7168][4096x428x7168][4096x668x7168][4096x243x7168][4096x1390x7168][4096x170x7168][4096x684x7168][4096x170x7168][4096x1420x7168][4096x190x7168][4096x303x7168][4096x170x7168][4096x170x7168][4096x491x7168][4096x1022x7168][4096x170x7168][4096x170x7168][4096x1564x7168][4096x195x7168][4096x518x7168][4096x171x7168][4096x520x7168][4096x623x7168][4096x170x7168][4096x170x7168][4096x170x7168][4096x170x7168][4096x170x7168][4096x1021x7168][4096x321x7168][4096x349x7168][4096x2424x7168][4096x522x7168][4096x1148x7168][4096x170x7168][4096x170x7168][4096x279x7168][4096x1161x7168][4096x662x7168][4096x205x7168][4096x564x7168][4096x867x7168][4096x1267x7168][4096x170x7168][4096x263x7168][4096x170x7168][4096x1041x7168][4096x452x7168][4096x1383x7168][4096x170x7168][4096x170x7168]',,tensorop,f32,128,256,64,1,1,1,1,1,1,3,4,1,1,128,256,16,100,110,7113539584,3848827568128,541,3.50051,1892.58,1.09951e+06
1,CUTLASS,grouped_gemm,cutlass3x_sm100_tensorop_gemm_grouped_bf16_bf16_f32_bf16_bf16_128x256x64_1x1x1_0_nnn_align8_1sm,passed,success,grouped,,,,,bf16:column,bf16:column,bf16:column,bf16:column,1,0,invalid,invalid,heuristic,1,false,'[4096x375x7168][4096x2436x7168][4096x1301x7168][4096x170x7168][4096x1228x7168][4096x170x7168][4096x170x7168][4096x576x7168][4096x170x7168][4096x2703x7168][4096x2728x7168][4096x1099x7168][4096x170x7168][4096x170x7168][4096x170x7168][4096x2318x7168][4096x2180x7168][4096x711x7168][4096x293x7168][4096x172x7168][4096x170x7168][4096x655x7168][4096x1361x7168][4096x1240x7168][4096x170x7168][4096x170x7168][4096x275x7168][4096x1303x7168][4096x170x7168][4096x1322x7168][4096x170x7168][4096x1002x7168][4096x928x7168][4096x170x7168][4096x537x7168][4096x1377x7168][4096x1076x7168][4096x178x7168][4096x2180x7168][4096x1263x7168][4096x244x7168][4096x1375x7168][4096x170x7168][4096x170x7168][4096x170x7168][4096x1131x7168][4096x428x7168][4096x668x7168][4096x243x7168][4096x1390x7168][4096x170x7168][4096x684x7168][4096x170x7168][4096x1420x7168][4096x190x7168][4096x303x7168][4096x170x7168][4096x170x7168][4096x491x7168][4096x1022x7168][4096x170x7168][4096x170x7168][4096x1564x7168][4096x195x7168][4096x518x7168][4096x171x7168][4096x520x7168][4096x623x7168][4096x170x7168][4096x170x7168][4096x170x7168][4096x170x7168][4096x170x7168][4096x1021x7168][4096x321x7168][4096x349x7168][4096x2424x7168][4096x522x7168][4096x1148x7168][4096x170x7168][4096x170x7168][4096x279x7168][4096x1161x7168][4096x662x7168][4096x205x7168][4096x564x7168][4096x867x7168][4096x1267x7168][4096x170x7168][4096x263x7168][4096x170x7168][4096x1041x7168][4096x452x7168][4096x1383x7168][4096x170x7168][4096x170x7168]',,tensorop,f32,128,256,64,1,1,1,1,1,1,3,4,1,1,128,256,16,100,110,7113539584,3848827568128,541,3.28407,2017.31,1.17197e+06
1,CUTLASS,grouped_gemm,cutlass3x_sm100_tensorop_gemm_grouped_bf16_bf16_f32_bf16_bf16_128x256x64_1x1x1_0_nnn_align8_stream_k_1sm,passed,success,grouped,,,,,bf16:column,bf16:column,bf16:column,bf16:column,1,0,invalid,invalid,heuristic,1,false,'[4096x375x7168][4096x2436x7168][4096x1301x7168][4096x170x7168][4096x1228x7168][4096x170x7168][4096x170x7168][4096x576x7168][4096x170x7168][4096x2703x7168][4096x2728x7168][4096x1099x7168][4096x170x7168][4096x170x7168][4096x170x7168][4096x2318x7168][4096x2180x7168][4096x711x7168][4096x293x7168][4096x172x7168][4096x170x7168][4096x655x7168][4096x1361x7168][4096x1240x7168][4096x170x7168][4096x170x7168][4096x275x7168][4096x1303x7168][4096x170x7168][4096x1322x7168][4096x170x7168][4096x1002x7168][4096x928x7168][4096x170x7168][4096x537x7168][4096x1377x7168][4096x1076x7168][4096x178x7168][4096x2180x7168][4096x1263x7168][4096x244x7168][4096x1375x7168][4096x170x7168][4096x170x7168][4096x170x7168][4096x1131x7168][4096x428x7168][4096x668x7168][4096x243x7168][4096x1390x7168][4096x170x7168][4096x684x7168][4096x170x7168][4096x1420x7168][4096x190x7168][4096x303x7168][4096x170x7168][4096x170x7168][4096x491x7168][4096x1022x7168][4096x170x7168][4096x170x7168][4096x1564x7168][4096x195x7168][4096x518x7168][4096x171x7168][4096x520x7168][4096x623x7168][4096x170x7168][4096x170x7168][4096x170x7168][4096x170x7168][4096x170x7168][4096x1021x7168][4096x321x7168][4096x349x7168][4096x2424x7168][4096x522x7168][4096x1148x7168][4096x170x7168][4096x170x7168][4096x279x7168][4096x1161x7168][4096x662x7168][4096x205x7168][4096x564x7168][4096x867x7168][4096x1267x7168][4096x170x7168][4096x263x7168][4096x170x7168][4096x1041x7168][4096x452x7168][4096x1383x7168][4096x170x7168][4096x170x7168]',,tensorop,f32,128,256,64,1,1,1,1,1,1,3,4,1,1,128,256,16,100,110,7113539584,3848827568128,541,3.27628,2022.11,1.17475e+06
1,CUTLASS,grouped_gemm,cutlass3x_sm100_tensorop_gemm_grouped_bf16_bf16_f32_bf16_bf16_128x256x64_1x2x1_0_nnn_align8_1sm,passed,success,grouped,,,,,bf16:column,bf16:column,bf16:column,bf16:column,1,0,invalid,invalid,heuristic,1,false,'[4096x375x7168][4096x2436x7168][4096x1301x7168][4096x170x7168][4096x1228x7168][4096x170x7168][4096x170x7168][4096x576x7168][4096x170x7168][4096x2703x7168][4096x2728x7168][4096x1099x7168][4096x170x7168][4096x170x7168][4096x170x7168][4096x2318x7168][4096x2180x7168][4096x711x7168][4096x293x7168][4096x172x7168][4096x170x7168][4096x655x7168][4096x1361x7168][4096x1240x7168][4096x170x7168][4096x170x7168][4096x275x7168][4096x1303x7168][4096x170x7168][4096x1322x7168][4096x170x7168][4096x1002x7168][4096x928x7168][4096x170x7168][4096x537x7168][4096x1377x7168][4096x1076x7168][4096x178x7168][4096x2180x7168][4096x1263x7168][4096x244x7168][4096x1375x7168][4096x170x7168][4096x170x7168][4096x170x7168][4096x1131x7168][4096x428x7168][4096x668x7168][4096x243x7168][4096x1390x7168][4096x170x7168][4096x684x7168][4096x170x7168][4096x1420x7168][4096x190x7168][4096x303x7168][4096x170x7168][4096x170x7168][4096x491x7168][4096x1022x7168][4096x170x7168][4096x170x7168][4096x1564x7168][4096x195x7168][4096x518x7168][4096x171x7168][4096x520x7168][4096x623x7168][4096x170x7168][4096x170x7168][4096x170x7168][4096x170x7168][4096x170x7168][4096x1021x7168][4096x321x7168][4096x349x7168][4096x2424x7168][4096x522x7168][4096x1148x7168][4096x170x7168][4096x170x7168][4096x279x7168][4096x1161x7168][4096x662x7168][4096x205x7168][4096x564x7168][4096x867x7168][4096x1267x7168][4096x170x7168][4096x263x7168][4096x170x7168][4096x1041x7168][4096x452x7168][4096x1383x7168][4096x170x7168][4096x170x7168]',,tensorop,f32,128,256,64,1,2,1,1,1,1,3,4,1,1,128,256,16,100,110,7113539584,3848827568128,541,4.52951,1462.63,849722
1,CUTLASS,grouped_gemm,cutlass3x_sm100_tensorop_gemm_grouped_bf16_bf16_f32_bf16_bf16_128x256x64_1x2x1_0_nnn_align8_stream_k_1sm,passed,success,grouped,,,,,bf16:column,bf16:column,bf16:column,bf16:column,1,0,invalid,invalid,heuristic,1,false,'[4096x375x7168][4096x2436x7168][4096x1301x7168][4096x170x7168][4096x1228x7168][4096x170x7168][4096x170x7168][4096x576x7168][4096x170x7168][4096x2703x7168][4096x2728x7168][4096x1099x7168][4096x170x7168][4096x170x7168][4096x170x7168][4096x2318x7168][4096x2180x7168][4096x711x7168][4096x293x7168][4096x172x7168][4096x170x7168][4096x655x7168][4096x1361x7168][4096x1240x7168][4096x170x7168][4096x170x7168][4096x275x7168][4096x1303x7168][4096x170x7168][4096x1322x7168][4096x170x7168][4096x1002x7168][4096x928x7168][4096x170x7168][4096x537x7168][4096x1377x7168][4096x1076x7168][4096x178x7168][4096x2180x7168][4096x1263x7168][4096x244x7168][4096x1375x7168][4096x170x7168][4096x170x7168][4096x170x7168][4096x1131x7168][4096x428x7168][4096x668x7168][4096x243x7168][4096x1390x7168][4096x170x7168][4096x684x7168][4096x170x7168][4096x1420x7168][4096x190x7168][4096x303x7168][4096x170x7168][4096x170x7168][4096x491x7168][4096x1022x7168][4096x170x7168][4096x170x7168][4096x1564x7168][4096x195x7168][4096x518x7168][4096x171x7168][4096x520x7168][4096x623x7168][4096x170x7168][4096x170x7168][4096x170x7168][4096x170x7168][4096x170x7168][4096x1021x7168][4096x321x7168][4096x349x7168][4096x2424x7168][4096x522x7168][4096x1148x7168][4096x170x7168][4096x170x7168][4096x279x7168][4096x1161x7168][4096x662x7168][4096x205x7168][4096x564x7168][4096x867x7168][4096x1267x7168][4096x170x7168][4096x263x7168][4096x170x7168][4096x1041x7168][4096x452x7168][4096x1383x7168][4096x170x7168][4096x170x7168]',,tensorop,f32,128,256,64,1,2,1,1,1,1,3,4,1,1,128,256,16,100,110,7113539584,3848827568128,541,4.49341,1474.38,856550
1,CUTLASS,grouped_gemm,cutlass3x_sm100_tensorop_gemm_grouped_bf16_bf16_f32_bf16_bf16_128x256x64_1x4x1_0_nnn_align8_1sm,passed,success,grouped,,,,,bf16:column,bf16:column,bf16:column,bf16:column,1,0,invalid,invalid,heuristic,1,false,'[4096x375x7168][4096x2436x7168][4096x1301x7168][4096x170x7168][4096x1228x7168][4096x170x7168][4096x170x7168][4096x576x7168][4096x170x7168][4096x2703x7168][4096x2728x7168][4096x1099x7168][4096x170x7168][4096x170x7168][4096x170x7168][4096x2318x7168][4096x2180x7168][4096x711x7168][4096x293x7168][4096x172x7168][4096x170x7168][4096x655x7168][4096x1361x7168][4096x1240x7168][4096x170x7168][4096x170x7168][4096x275x7168][4096x1303x7168][4096x170x7168][4096x1322x7168][4096x170x7168][4096x1002x7168][4096x928x7168][4096x170x7168][4096x537x7168][4096x1377x7168][4096x1076x7168][4096x178x7168][4096x2180x7168][4096x1263x7168][4096x244x7168][4096x1375x7168][4096x170x7168][4096x170x7168][4096x170x7168][4096x1131x7168][4096x428x7168][4096x668x7168][4096x243x7168][4096x1390x7168][4096x170x7168][4096x684x7168][4096x170x7168][4096x1420x7168][4096x190x7168][4096x303x7168][4096x170x7168][4096x170x7168][4096x491x7168][4096x1022x7168][4096x170x7168][4096x170x7168][4096x1564x7168][4096x195x7168][4096x518x7168][4096x171x7168][4096x520x7168][4096x623x7168][4096x170x7168][4096x170x7168][4096x170x7168][4096x170x7168][4096x170x7168][4096x1021x7168][4096x321x7168][4096x349x7168][4096x2424x7168][4096x522x7168][4096x1148x7168][4096x170x7168][4096x170x7168][4096x279x7168][4096x1161x7168][4096x662x7168][4096x205x7168][4096x564x7168][4096x867x7168][4096x1267x7168][4096x170x7168][4096x263x7168][4096x170x7168][4096x1041x7168][4096x452x7168][4096x1383x7168][4096x170x7168][4096x170x7168]',,tensorop,f32,128,256,64,1,4,1,1,1,1,3,4,1,1,128,256,16,100,110,7113539584,3848827568128,541,6.05086,1094.89,636079
1,CUTLASS,grouped_gemm,cutlass3x_sm100_tensorop_gemm_grouped_bf16_bf16_f32_bf16_bf16_128x256x64_1x4x1_0_nnn_align8_stream_k_1sm,passed,success,grouped,,,,,bf16:column,bf16:column,bf16:column,bf16:column,1,0,invalid,invalid,heuristic,1,false,'[4096x375x7168][4096x2436x7168][4096x1301x7168][4096x170x7168][4096x1228x7168][4096x170x7168][4096x170x7168][4096x576x7168][4096x170x7168][4096x2703x7168][4096x2728x7168][4096x1099x7168][4096x170x7168][4096x170x7168][4096x170x7168][4096x2318x7168][4096x2180x7168][4096x711x7168][4096x293x7168][4096x172x7168][4096x170x7168][4096x655x7168][4096x1361x7168][4096x1240x7168][4096x170x7168][4096x170x7168][4096x275x7168][4096x1303x7168][4096x170x7168][4096x1322x7168][4096x170x7168][4096x1002x7168][4096x928x7168][4096x170x7168][4096x537x7168][4096x1377x7168][4096x1076x7168][4096x178x7168][4096x2180x7168][4096x1263x7168][4096x244x7168][4096x1375x7168][4096x170x7168][4096x170x7168][4096x170x7168][4096x1131x7168][4096x428x7168][4096x668x7168][4096x243x7168][4096x1390x7168][4096x170x7168][4096x684x7168][4096x170x7168][4096x1420x7168][4096x190x7168][4096x303x7168][4096x170x7168][4096x170x7168][4096x491x7168][4096x1022x7168][4096x170x7168][4096x170x7168][4096x1564x7168][4096x195x7168][4096x518x7168][4096x171x7168][4096x520x7168][4096x623x7168][4096x170x7168][4096x170x7168][4096x170x7168][4096x170x7168][4096x170x7168][4096x1021x7168][4096x321x7168][4096x349x7168][4096x2424x7168][4096x522x7168][4096x1148x7168][4096x170x7168][4096x170x7168][4096x279x7168][4096x1161x7168][4096x662x7168][4096x205x7168][4096x564x7168][4096x867x7168][4096x1267x7168][4096x170x7168][4096x263x7168][4096x170x7168][4096x1041x7168][4096x452x7168][4096x1383x7168][4096x170x7168][4096x170x7168]',,tensorop,f32,128,256,64,1,4,1,1,1,1,3,4,1,1,128,256,16,100,110,7113539584,3848827568128,541,6.04566,1095.83,636627
1,CUTLASS,grouped_gemm,cutlass3x_sm100_tensorop_gemm_grouped_bf16_bf16_f32_bf16_bf16_128x256x64_4x4x1_0_nnn_align8_1sm,passed,success,grouped,,,,,bf16:column,bf16:column,bf16:column,bf16:column,1,0,invalid,invalid,heuristic,1,false,'[4096x375x7168][4096x2436x7168][4096x1301x7168][4096x170x7168][4096x1228x7168][4096x170x7168][4096x170x7168][4096x576x7168][4096x170x7168][4096x2703x7168][4096x2728x7168][4096x1099x7168][4096x170x7168][4096x170x7168][4096x170x7168][4096x2318x7168][4096x2180x7168][4096x711x7168][4096x293x7168][4096x172x7168][4096x170x7168][4096x655x7168][4096x1361x7168][4096x1240x7168][4096x170x7168][4096x170x7168][4096x275x7168][4096x1303x7168][4096x170x7168][4096x1322x7168][4096x170x7168][4096x1002x7168][4096x928x7168][4096x170x7168][4096x537x7168][4096x1377x7168][4096x1076x7168][4096x178x7168][4096x2180x7168][4096x1263x7168][4096x244x7168][4096x1375x7168][4096x170x7168][4096x170x7168][4096x170x7168][4096x1131x7168][4096x428x7168][4096x668x7168][4096x243x7168][4096x1390x7168][4096x170x7168][4096x684x7168][4096x170x7168][4096x1420x7168][4096x190x7168][4096x303x7168][4096x170x7168][4096x170x7168][4096x491x7168][4096x1022x7168][4096x170x7168][4096x170x7168][4096x1564x7168][4096x195x7168][4096x518x7168][4096x171x7168][4096x520x7168][4096x623x7168][4096x170x7168][4096x170x7168][4096x170x7168][4096x170x7168][4096x170x7168][4096x1021x7168][4096x321x7168][4096x349x7168][4096x2424x7168][4096x522x7168][4096x1148x7168][4096x170x7168][4096x170x7168][4096x279x7168][4096x1161x7168][4096x662x7168][4096x205x7168][4096x564x7168][4096x867x7168][4096x1267x7168][4096x170x7168][4096x263x7168][4096x170x7168][4096x1041x7168][4096x452x7168][4096x1383x7168][4096x170x7168][4096x170x7168]',,tensorop,f32,128,256,64,4,4,1,1,1,1,3,4,1,1,128,256,16,100,110,7113539584,3848827568128,541,6.68422,991.141,575808
1,CUTLASS,grouped_gemm,cutlass3x_sm100_tensorop_gemm_grouped_bf16_bf16_f32_bf16_bf16_128x256x64_4x4x1_0_nnn_align8_stream_k_1sm,passed,success,grouped,,,,,bf16:column,bf16:column,bf16:column,bf16:column,1,0,invalid,invalid,heuristic,1,false,'[4096x375x7168][4096x2436x7168][4096x1301x7168][4096x170x7168][4096x1228x7168][4096x170x7168][4096x170x7168][4096x576x7168][4096x170x7168][4096x2703x7168][4096x2728x7168][4096x1099x7168][4096x170x7168][4096x170x7168][4096x170x7168][4096x2318x7168][4096x2180x7168][4096x711x7168][4096x293x7168][4096x172x7168][4096x170x7168][4096x655x7168][4096x1361x7168][4096x1240x7168][4096x170x7168][4096x170x7168][4096x275x7168][4096x1303x7168][4096x170x7168][4096x1322x7168][4096x170x7168][4096x1002x7168][4096x928x7168][4096x170x7168][4096x537x7168][4096x1377x7168][4096x1076x7168][4096x178x7168][4096x2180x7168][4096x1263x7168][4096x244x7168][4096x1375x7168][4096x170x7168][4096x170x7168][4096x170x7168][4096x1131x7168][4096x428x7168][4096x668x7168][4096x243x7168][4096x1390x7168][4096x170x7168][4096x684x7168][4096x170x7168][4096x1420x7168][4096x190x7168][4096x303x7168][4096x170x7168][4096x170x7168][4096x491x7168][4096x1022x7168][4096x170x7168][4096x170x7168][4096x1564x7168][4096x195x7168][4096x518x7168][4096x171x7168][4096x520x7168][4096x623x7168][4096x170x7168][4096x170x7168][4096x170x7168][4096x170x7168][4096x170x7168][4096x1021x7168][4096x321x7168][4096x349x7168][4096x2424x7168][4096x522x7168][4096x1148x7168][4096x170x7168][4096x170x7168][4096x279x7168][4096x1161x7168][4096x662x7168][4096x205x7168][4096x564x7168][4096x867x7168][4096x1267x7168][4096x170x7168][4096x263x7168][4096x170x7168][4096x1041x7168][4096x452x7168][4096x1383x7168][4096x170x7168][4096x170x7168]',,tensorop,f32,128,256,64,4,4,1,1,1,1,3,4,1,1,128,256,16,100,110,7113539584,3848827568128,541,6.68436,991.12,575796
1,CUTLASS,grouped_gemm,cutlass3x_sm100_tensorop_gemm_grouped_bf16_bf16_f32_bf16_bf16_128x256x64_0x0x1_0_tnn_align8_1sm,passed,success,grouped,,,,,bf16:row,bf16:column,bf16:column,bf16:column,1,0,invalid,invalid,heuristic,1,false,'[4096x375x7168][4096x2436x7168][4096x1301x7168][4096x170x7168][4096x1228x7168][4096x170x7168][4096x170x7168][4096x576x7168][4096x170x7168][4096x2703x7168][4096x2728x7168][4096x1099x7168][4096x170x7168][4096x170x7168][4096x170x7168][4096x2318x7168][4096x2180x7168][4096x711x7168][4096x293x7168][4096x172x7168][4096x170x7168][4096x655x7168][4096x1361x7168][4096x1240x7168][4096x170x7168][4096x170x7168][4096x275x7168][4096x1303x7168][4096x170x7168][4096x1322x7168][4096x170x7168][4096x1002x7168][4096x928x7168][4096x170x7168][4096x537x7168][4096x1377x7168][4096x1076x7168][4096x178x7168][4096x2180x7168][4096x1263x7168][4096x244x7168][4096x1375x7168][4096x170x7168][4096x170x7168][4096x170x7168][4096x1131x7168][4096x428x7168][4096x668x7168][4096x243x7168][4096x1390x7168][4096x170x7168][4096x684x7168][4096x170x7168][4096x1420x7168][4096x190x7168][4096x303x7168][4096x170x7168][4096x170x7168][4096x491x7168][4096x1022x7168][4096x170x7168][4096x170x7168][4096x1564x7168][4096x195x7168][4096x518x7168][4096x171x7168][4096x520x7168][4096x623x7168][4096x170x7168][4096x170x7168][4096x170x7168][4096x170x7168][4096x170x7168][4096x1021x7168][4096x321x7168][4096x349x7168][4096x2424x7168][4096x522x7168][4096x1148x7168][4096x170x7168][4096x170x7168][4096x279x7168][4096x1161x7168][4096x662x7168][4096x205x7168][4096x564x7168][4096x867x7168][4096x1267x7168][4096x170x7168][4096x263x7168][4096x170x7168][4096x1041x7168][4096x452x7168][4096x1383x7168][4096x170x7168][4096x170x7168]',,tensorop,f32,128,256,64,1,1,1,1,1,1,3,4,1,1,128,256,16,100,110,7113539584,3848827568128,541,3.54327,1869.74,1.08624e+06
1,CUTLASS,grouped_gemm,cutlass3x_sm100_tensorop_gemm_grouped_bf16_bf16_f32_bf16_bf16_128x256x64_0x0x1_0_tnn_align8_stream_k_1sm,passed,success,grouped,,,,,bf16:row,bf16:column,bf16:column,bf16:column,1,0,invalid,invalid,heuristic,1,false,'[4096x375x7168][4096x2436x7168][4096x1301x7168][4096x170x7168][4096x1228x7168][4096x170x7168][4096x170x7168][4096x576x7168][4096x170x7168][4096x2703x7168][4096x2728x7168][4096x1099x7168][4096x170x7168][4096x170x7168][4096x170x7168][4096x2318x7168][4096x2180x7168][4096x711x7168][4096x293x7168][4096x172x7168][4096x170x7168][4096x655x7168][4096x1361x7168][4096x1240x7168][4096x170x7168][4096x170x7168][4096x275x7168][4096x1303x7168][4096x170x7168][4096x1322x7168][4096x170x7168][4096x1002x7168][4096x928x7168][4096x170x7168][4096x537x7168][4096x1377x7168][4096x1076x7168][4096x178x7168][4096x2180x7168][4096x1263x7168][4096x244x7168][4096x1375x7168][4096x170x7168][4096x170x7168][4096x170x7168][4096x1131x7168][4096x428x7168][4096x668x7168][4096x243x7168][4096x1390x7168][4096x170x7168][4096x684x7168][4096x170x7168][4096x1420x7168][4096x190x7168][4096x303x7168][4096x170x7168][4096x170x7168][4096x491x7168][4096x1022x7168][4096x170x7168][4096x170x7168][4096x1564x7168][4096x195x7168][4096x518x7168][4096x171x7168][4096x520x7168][4096x623x7168][4096x170x7168][4096x170x7168][4096x170x7168][4096x170x7168][4096x170x7168][4096x1021x7168][4096x321x7168][4096x349x7168][4096x2424x7168][4096x522x7168][4096x1148x7168][4096x170x7168][4096x170x7168][4096x279x7168][4096x1161x7168][4096x662x7168][4096x205x7168][4096x564x7168][4096x867x7168][4096x1267x7168][4096x170x7168][4096x263x7168][4096x170x7168][4096x1041x7168][4096x452x7168][4096x1383x7168][4096x170x7168][4096x170x7168]',,tensorop,f32,128,256,64,1,1,1,1,1,1,3,4,1,1,128,256,16,100,110,7113539584,3848827568128,541,3.53554,1873.83,1.08861e+06
1,CUTLASS,grouped_gemm,cutlass3x_sm100_tensorop_gemm_grouped_bf16_bf16_f32_bf16_bf16_128x256x64_1x1x1_0_tnn_align8_1sm,passed,success,grouped,,,,,bf16:row,bf16:column,bf16:column,bf16:column,1,0,invalid,invalid,heuristic,1,false,'[4096x375x7168][4096x2436x7168][4096x1301x7168][4096x170x7168][4096x1228x7168][4096x170x7168][4096x170x7168][4096x576x7168][4096x170x7168][4096x2703x7168][4096x2728x7168][4096x1099x7168][4096x170x7168][4096x170x7168][4096x170x7168][4096x2318x7168][4096x2180x7168][4096x711x7168][4096x293x7168][4096x172x7168][4096x170x7168][4096x655x7168][4096x1361x7168][4096x1240x7168][4096x170x7168][4096x170x7168][4096x275x7168][4096x1303x7168][4096x170x7168][4096x1322x7168][4096x170x7168][4096x1002x7168][4096x928x7168][4096x170x7168][4096x537x7168][4096x1377x7168][4096x1076x7168][4096x178x7168][4096x2180x7168][4096x1263x7168][4096x244x7168][4096x1375x7168][4096x170x7168][4096x170x7168][4096x170x7168][4096x1131x7168][4096x428x7168][4096x668x7168][4096x243x7168][4096x1390x7168][4096x170x7168][4096x684x7168][4096x170x7168][4096x1420x7168][4096x190x7168][4096x303x7168][4096x170x7168][4096x170x7168][4096x491x7168][4096x1022x7168][4096x170x7168][4096x170x7168][4096x1564x7168][4096x195x7168][4096x518x7168][4096x171x7168][4096x520x7168][4096x623x7168][4096x170x7168][4096x170x7168][4096x170x7168][4096x170x7168][4096x170x7168][4096x1021x7168][4096x321x7168][4096x349x7168][4096x2424x7168][4096x522x7168][4096x1148x7168][4096x170x7168][4096x170x7168][4096x279x7168][4096x1161x7168][4096x662x7168][4096x205x7168][4096x564x7168][4096x867x7168][4096x1267x7168][4096x170x7168][4096x263x7168][4096x170x7168][4096x1041x7168][4096x452x7168][4096x1383x7168][4096x170x7168][4096x170x7168]',,tensorop,f32,128,256,64,1,1,1,1,1,1,3,4,1,1,128,256,16,100,110,7113539584,3848827568128,541,3.27686,2021.76,1.17455e+06
1,CUTLASS,grouped_gemm,cutlass3x_sm100_tensorop_gemm_grouped_bf16_bf16_f32_bf16_bf16_128x256x64_1x1x1_0_tnn_align8_stream_k_1sm,passed,success,grouped,,,,,bf16:row,bf16:column,bf16:column,bf16:column,1,0,invalid,invalid,heuristic,1,false,'[4096x375x7168][4096x2436x7168][4096x1301x7168][4096x170x7168][4096x1228x7168][4096x170x7168][4096x170x7168][4096x576x7168][4096x170x7168][4096x2703x7168][4096x2728x7168][4096x1099x7168][4096x170x7168][4096x170x7168][4096x170x7168][4096x2318x7168][4096x2180x7168][4096x711x7168][4096x293x7168][4096x172x7168][4096x170x7168][4096x655x7168][4096x1361x7168][4096x1240x7168][4096x170x7168][4096x170x7168][4096x275x7168][4096x1303x7168][4096x170x7168][4096x1322x7168][4096x170x7168][4096x1002x7168][4096x928x7168][4096x170x7168][4096x537x7168][4096x1377x7168][4096x1076x7168][4096x178x7168][4096x2180x7168][4096x1263x7168][4096x244x7168][4096x1375x7168][4096x170x7168][4096x170x7168][4096x170x7168][4096x1131x7168][4096x428x7168][4096x668x7168][4096x243x7168][4096x1390x7168][4096x170x7168][4096x684x7168][4096x170x7168][4096x1420x7168][4096x190x7168][4096x303x7168][4096x170x7168][4096x170x7168][4096x491x7168][4096x1022x7168][4096x170x7168][4096x170x7168][4096x1564x7168][4096x195x7168][4096x518x7168][4096x171x7168][4096x520x7168][4096x623x7168][4096x170x7168][4096x170x7168][4096x170x7168][4096x170x7168][4096x170x7168][4096x1021x7168][4096x321x7168][4096x349x7168][4096x2424x7168][4096x522x7168][4096x1148x7168][4096x170x7168][4096x170x7168][4096x279x7168][4096x1161x7168][4096x662x7168][4096x205x7168][4096x564x7168][4096x867x7168][4096x1267x7168][4096x170x7168][4096x263x7168][4096x170x7168][4096x1041x7168][4096x452x7168][4096x1383x7168][4096x170x7168][4096x170x7168]',,tensorop,f32,128,256,64,1,1,1,1,1,1,3,4,1,1,128,256,16,100,110,7113539584,3848827568128,541,3.27573,2022.45,1.17495e+06
1,CUTLASS,grouped_gemm,cutlass3x_sm100_tensorop_gemm_grouped_bf16_bf16_f32_bf16_bf16_128x256x64_1x2x1_0_tnn_align8_1sm,passed,success,grouped,,,,,bf16:row,bf16:column,bf16:column,bf16:column,1,0,invalid,invalid,heuristic,1,false,'[4096x375x7168][4096x2436x7168][4096x1301x7168][4096x170x7168][4096x1228x7168][4096x170x7168][4096x170x7168][4096x576x7168][4096x170x7168][4096x2703x7168][4096x2728x7168][4096x1099x7168][4096x170x7168][4096x170x7168][4096x170x7168][4096x2318x7168][4096x2180x7168][4096x711x7168][4096x293x7168][4096x172x7168][4096x170x7168][4096x655x7168][4096x1361x7168][4096x1240x7168][4096x170x7168][4096x170x7168][4096x275x7168][4096x1303x7168][4096x170x7168][4096x1322x7168][4096x170x7168][4096x1002x7168][4096x928x7168][4096x170x7168][4096x537x7168][4096x1377x7168][4096x1076x7168][4096x178x7168][4096x2180x7168][4096x1263x7168][4096x244x7168][4096x1375x7168][4096x170x7168][4096x170x7168][4096x170x7168][4096x1131x7168][4096x428x7168][4096x668x7168][4096x243x7168][4096x1390x7168][4096x170x7168][4096x684x7168][4096x170x7168][4096x1420x7168][4096x190x7168][4096x303x7168][4096x170x7168][4096x170x7168][4096x491x7168][4096x1022x7168][4096x170x7168][4096x170x7168][4096x1564x7168][4096x195x7168][4096x518x7168][4096x171x7168][4096x520x7168][4096x623x7168][4096x170x7168][4096x170x7168][4096x170x7168][4096x170x7168][4096x170x7168][4096x1021x7168][4096x321x7168][4096x349x7168][4096x2424x7168][4096x522x7168][4096x1148x7168][4096x170x7168][4096x170x7168][4096x279x7168][4096x1161x7168][4096x662x7168][4096x205x7168][4096x564x7168][4096x867x7168][4096x1267x7168][4096x170x7168][4096x263x7168][4096x170x7168][4096x1041x7168][4096x452x7168][4096x1383x7168][4096x170x7168][4096x170x7168]',,tensorop,f32,128,256,64,1,2,1,1,1,1,3,4,1,1,128,256,16,100,110,7113539584,3848827568128,541,4.53795,1459.91,848142
1,CUTLASS,grouped_gemm,cutlass3x_sm100_tensorop_gemm_grouped_bf16_bf16_f32_bf16_bf16_128x256x64_1x2x1_0_tnn_align8_stream_k_1sm,passed,success,grouped,,,,,bf16:row,bf16:column,bf16:column,bf16:column,1,0,invalid,invalid,heuristic,1,false,'[4096x375x7168][4096x2436x7168][4096x1301x7168][4096x170x7168][4096x1228x7168][4096x170x7168][4096x170x7168][4096x576x7168][4096x170x7168][4096x2703x7168][4096x2728x7168][4096x1099x7168][4096x170x7168][4096x170x7168][4096x170x7168][4096x2318x7168][4096x2180x7168][4096x711x7168][4096x293x7168][4096x172x7168][4096x170x7168][4096x655x7168][4096x1361x7168][4096x1240x7168][4096x170x7168][4096x170x7168][4096x275x7168][4096x1303x7168][4096x170x7168][4096x1322x7168][4096x170x7168][4096x1002x7168][4096x928x7168][4096x170x7168][4096x537x7168][4096x1377x7168][4096x1076x7168][4096x178x7168][4096x2180x7168][4096x1263x7168][4096x244x7168][4096x1375x7168][4096x170x7168][4096x170x7168][4096x170x7168][4096x1131x7168][4096x428x7168][4096x668x7168][4096x243x7168][4096x1390x7168][4096x170x7168][4096x684x7168][4096x170x7168][4096x1420x7168][4096x190x7168][4096x303x7168][4096x170x7168][4096x170x7168][4096x491x7168][4096x1022x7168][4096x170x7168][4096x170x7168][4096x1564x7168][4096x195x7168][4096x518x7168][4096x171x7168][4096x520x7168][4096x623x7168][4096x170x7168][4096x170x7168][4096x170x7168][4096x170x7168][4096x170x7168][4096x1021x7168][4096x321x7168][4096x349x7168][4096x2424x7168][4096x522x7168][4096x1148x7168][4096x170x7168][4096x170x7168][4096x279x7168][4096x1161x7168][4096x662x7168][4096x205x7168][4096x564x7168][4096x867x7168][4096x1267x7168][4096x170x7168][4096x263x7168][4096x170x7168][4096x1041x7168][4096x452x7168][4096x1383x7168][4096x170x7168][4096x170x7168]',,tensorop,f32,128,256,64,1,2,1,1,1,1,3,4,1,1,128,256,16,100,110,7113539584,3848827568128,541,4.53769,1460,848192
1,CUTLASS,grouped_gemm,cutlass3x_sm100_tensorop_gemm_grouped_bf16_bf16_f32_bf16_bf16_128x256x64_1x4x1_0_tnn_align8_1sm,passed,success,grouped,,,,,bf16:row,bf16:column,bf16:column,bf16:column,1,0,invalid,invalid,heuristic,1,false,'[4096x375x7168][4096x2436x7168][4096x1301x7168][4096x170x7168][4096x1228x7168][4096x170x7168][4096x170x7168][4096x576x7168][4096x170x7168][4096x2703x7168][4096x2728x7168][4096x1099x7168][4096x170x7168][4096x170x7168][4096x170x7168][4096x2318x7168][4096x2180x7168][4096x711x7168][4096x293x7168][4096x172x7168][4096x170x7168][4096x655x7168][4096x1361x7168][4096x1240x7168][4096x170x7168][4096x170x7168][4096x275x7168][4096x1303x7168][4096x170x7168][4096x1322x7168][4096x170x7168][4096x1002x7168][4096x928x7168][4096x170x7168][4096x537x7168][4096x1377x7168][4096x1076x7168][4096x178x7168][4096x2180x7168][4096x1263x7168][4096x244x7168][4096x1375x7168][4096x170x7168][4096x170x7168][4096x170x7168][4096x1131x7168][4096x428x7168][4096x668x7168][4096x243x7168][4096x1390x7168][4096x170x7168][4096x684x7168][4096x170x7168][4096x1420x7168][4096x190x7168][4096x303x7168][4096x170x7168][4096x170x7168][4096x491x7168][4096x1022x7168][4096x170x7168][4096x170x7168][4096x1564x7168][4096x195x7168][4096x518x7168][4096x171x7168][4096x520x7168][4096x623x7168][4096x170x7168][4096x170x7168][4096x170x7168][4096x170x7168][4096x170x7168][4096x1021x7168][4096x321x7168][4096x349x7168][4096x2424x7168][4096x522x7168][4096x1148x7168][4096x170x7168][4096x170x7168][4096x279x7168][4096x1161x7168][4096x662x7168][4096x205x7168][4096x564x7168][4096x867x7168][4096x1267x7168][4096x170x7168][4096x263x7168][4096x170x7168][4096x1041x7168][4096x452x7168][4096x1383x7168][4096x170x7168][4096x170x7168]',,tensorop,f32,128,256,64,1,4,1,1,1,1,3,4,1,1,128,256,16,100,110,7113539584,3848827568128,541,6.13348,1080.14,627512
1,CUTLASS,grouped_gemm,cutlass3x_sm100_tensorop_gemm_grouped_bf16_bf16_f32_bf16_bf16_128x256x64_1x4x1_0_tnn_align8_stream_k_1sm,passed,success,grouped,,,,,bf16:row,bf16:column,bf16:column,bf16:column,1,0,invalid,invalid,heuristic,1,false,'[4096x375x7168][4096x2436x7168][4096x1301x7168][4096x170x7168][4096x1228x7168][4096x170x7168][4096x170x7168][4096x576x7168][4096x170x7168][4096x2703x7168][4096x2728x7168][4096x1099x7168][4096x170x7168][4096x170x7168][4096x170x7168][4096x2318x7168][4096x2180x7168][4096x711x7168][4096x293x7168][4096x172x7168][4096x170x7168][4096x655x7168][4096x1361x7168][4096x1240x7168][4096x170x7168][4096x170x7168][4096x275x7168][4096x1303x7168][4096x170x7168][4096x1322x7168][4096x170x7168][4096x1002x7168][4096x928x7168][4096x170x7168][4096x537x7168][4096x1377x7168][4096x1076x7168][4096x178x7168][4096x2180x7168][4096x1263x7168][4096x244x7168][4096x1375x7168][4096x170x7168][4096x170x7168][4096x170x7168][4096x1131x7168][4096x428x7168][4096x668x7168][4096x243x7168][4096x1390x7168][4096x170x7168][4096x684x7168][4096x170x7168][4096x1420x7168][4096x190x7168][4096x303x7168][4096x170x7168][4096x170x7168][4096x491x7168][4096x1022x7168][4096x170x7168][4096x170x7168][4096x1564x7168][4096x195x7168][4096x518x7168][4096x171x7168][4096x520x7168][4096x623x7168][4096x170x7168][4096x170x7168][4096x170x7168][4096x170x7168][4096x170x7168][4096x1021x7168][4096x321x7168][4096x349x7168][4096x2424x7168][4096x522x7168][4096x1148x7168][4096x170x7168][4096x170x7168][4096x279x7168][4096x1161x7168][4096x662x7168][4096x205x7168][4096x564x7168][4096x867x7168][4096x1267x7168][4096x170x7168][4096x263x7168][4096x170x7168][4096x1041x7168][4096x452x7168][4096x1383x7168][4096x170x7168][4096x170x7168]',,tensorop,f32,128,256,64,1,4,1,1,1,1,3,4,1,1,128,256,16,100,110,7113539584,3848827568128,541,6.12671,1081.33,628205
1,CUTLASS,grouped_gemm,cutlass3x_sm100_tensorop_gemm_grouped_bf16_bf16_f32_bf16_bf16_128x256x64_4x4x1_0_tnn_align8_1sm,passed,success,grouped,,,,,bf16:row,bf16:column,bf16:column,bf16:column,1,0,invalid,invalid,heuristic,1,false,'[4096x375x7168][4096x2436x7168][4096x1301x7168][4096x170x7168][4096x1228x7168][4096x170x7168][4096x170x7168][4096x576x7168][4096x170x7168][4096x2703x7168][4096x2728x7168][4096x1099x7168][4096x170x7168][4096x170x7168][4096x170x7168][4096x2318x7168][4096x2180x7168][4096x711x7168][4096x293x7168][4096x172x7168][4096x170x7168][4096x655x7168][4096x1361x7168][4096x1240x7168][4096x170x7168][4096x170x7168][4096x275x7168][4096x1303x7168][4096x170x7168][4096x1322x7168][4096x170x7168][4096x1002x7168][4096x928x7168][4096x170x7168][4096x537x7168][4096x1377x7168][4096x1076x7168][4096x178x7168][4096x2180x7168][4096x1263x7168][4096x244x7168][4096x1375x7168][4096x170x7168][4096x170x7168][4096x170x7168][4096x1131x7168][4096x428x7168][4096x668x7168][4096x243x7168][4096x1390x7168][4096x170x7168][4096x684x7168][4096x170x7168][4096x1420x7168][4096x190x7168][4096x303x7168][4096x170x7168][4096x170x7168][4096x491x7168][4096x1022x7168][4096x170x7168][4096x170x7168][4096x1564x7168][4096x195x7168][4096x518x7168][4096x171x7168][4096x520x7168][4096x623x7168][4096x170x7168][4096x170x7168][4096x170x7168][4096x170x7168][4096x170x7168][4096x1021x7168][4096x321x7168][4096x349x7168][4096x2424x7168][4096x522x7168][4096x1148x7168][4096x170x7168][4096x170x7168][4096x279x7168][4096x1161x7168][4096x662x7168][4096x205x7168][4096x564x7168][4096x867x7168][4096x1267x7168][4096x170x7168][4096x263x7168][4096x170x7168][4096x1041x7168][4096x452x7168][4096x1383x7168][4096x170x7168][4096x170x7168]',,tensorop,f32,128,256,64,4,4,1,1,1,1,3,4,1,1,128,256,16,100,110,7113539584,3848827568128,541,6.86097,965.607,560974
1,CUTLASS,grouped_gemm,cutlass3x_sm100_tensorop_gemm_grouped_bf16_bf16_f32_bf16_bf16_128x256x64_4x4x1_0_tnn_align8_stream_k_1sm,passed,success,grouped,,,,,bf16:row,bf16:column,bf16:column,bf16:column,1,0,invalid,invalid,heuristic,1,false,'[4096x375x7168][4096x2436x7168][4096x1301x7168][4096x170x7168][4096x1228x7168][4096x170x7168][4096x170x7168][4096x576x7168][4096x170x7168][4096x2703x7168][4096x2728x7168][4096x1099x7168][4096x170x7168][4096x170x7168][4096x170x7168][4096x2318x7168][4096x2180x7168][4096x711x7168][4096x293x7168][4096x172x7168][4096x170x7168][4096x655x7168][4096x1361x7168][4096x1240x7168][4096x170x7168][4096x170x7168][4096x275x7168][4096x1303x7168][4096x170x7168][4096x1322x7168][4096x170x7168][4096x1002x7168][4096x928x7168][4096x170x7168][4096x537x7168][4096x1377x7168][4096x1076x7168][4096x178x7168][4096x2180x7168][4096x1263x7168][4096x244x7168][4096x1375x7168][4096x170x7168][4096x170x7168][4096x170x7168][4096x1131x7168][4096x428x7168][4096x668x7168][4096x243x7168][4096x1390x7168][4096x170x7168][4096x684x7168][4096x170x7168][4096x1420x7168][4096x190x7168][4096x303x7168][4096x170x7168][4096x170x7168][4096x491x7168][4096x1022x7168][4096x170x7168][4096x170x7168][4096x1564x7168][4096x195x7168][4096x518x7168][4096x171x7168][4096x520x7168][4096x623x7168][4096x170x7168][4096x170x7168][4096x170x7168][4096x170x7168][4096x170x7168][4096x1021x7168][4096x321x7168][4096x349x7168][4096x2424x7168][4096x522x7168][4096x1148x7168][4096x170x7168][4096x170x7168][4096x279x7168][4096x1161x7168][4096x662x7168][4096x205x7168][4096x564x7168][4096x867x7168][4096x1267x7168][4096x170x7168][4096x263x7168][4096x170x7168][4096x1041x7168][4096x452x7168][4096x1383x7168][4096x170x7168][4096x170x7168]',,tensorop,f32,128,256,64,4,4,1,1,1,1,3,4,1,1,128,256,16,100,110,7113539584,3848827568128,541,6.87527,963.599,559808
1,CUTLASS,grouped_gemm,cutlass3x_sm100_tensorop_gemm_grouped_bf16_bf16_f32_bf16_bf16_128x128x64_0x0x1_0_nnn_align8_2sm_epi_tma,passed,success,grouped,,,,,bf16:column,bf16:column,bf16:column,bf16:column,1,0,invalid,invalid,heuristic,1,false,'[4096x375x7168][4096x2436x7168][4096x1301x7168][4096x170x7168][4096x1228x7168][4096x170x7168][4096x170x7168][4096x576x7168][4096x170x7168][4096x2703x7168][4096x2728x7168][4096x1099x7168][4096x170x7168][4096x170x7168][4096x170x7168][4096x2318x7168][4096x2180x7168][4096x711x7168][4096x293x7168][4096x172x7168][4096x170x7168][4096x655x7168][4096x1361x7168][4096x1240x7168][4096x170x7168][4096x170x7168][4096x275x7168][4096x1303x7168][4096x170x7168][4096x1322x7168][4096x170x7168][4096x1002x7168][4096x928x7168][4096x170x7168][4096x537x7168][4096x1377x7168][4096x1076x7168][4096x178x7168][4096x2180x7168][4096x1263x7168][4096x244x7168][4096x1375x7168][4096x170x7168][4096x170x7168][4096x170x7168][4096x1131x7168][4096x428x7168][4096x668x7168][4096x243x7168][4096x1390x7168][4096x170x7168][4096x684x7168][4096x170x7168][4096x1420x7168][4096x190x7168][4096x303x7168][4096x170x7168][4096x170x7168][4096x491x7168][4096x1022x7168][4096x170x7168][4096x170x7168][4096x1564x7168][4096x195x7168][4096x518x7168][4096x171x7168][4096x520x7168][4096x623x7168][4096x170x7168][4096x170x7168][4096x170x7168][4096x170x7168][4096x170x7168][4096x1021x7168][4096x321x7168][4096x349x7168][4096x2424x7168][4096x522x7168][4096x1148x7168][4096x170x7168][4096x170x7168][4096x279x7168][4096x1161x7168][4096x662x7168][4096x205x7168][4096x564x7168][4096x867x7168][4096x1267x7168][4096x170x7168][4096x263x7168][4096x170x7168][4096x1041x7168][4096x452x7168][4096x1383x7168][4096x170x7168][4096x170x7168]',,tensorop,f32,128,128,64,2,1,1,2,1,1,12,4,1,1,128,128,16,100,110,7113539584,3848827568128,541,4.41624,1500.14,871517
1,CUTLASS,grouped_gemm,cutlass3x_sm100_tensorop_gemm_grouped_bf16_bf16_f32_bf16_bf16_128x128x64_0x0x1_0_nnn_align8_stream_k_2sm_epi_tma,passed,success,grouped,,,,,bf16:column,bf16:column,bf16:column,bf16:column,1,0,invalid,invalid,heuristic,1,false,'[4096x375x7168][4096x2436x7168][4096x1301x7168][4096x170x7168][4096x1228x7168][4096x170x7168][4096x170x7168][4096x576x7168][4096x170x7168][4096x2703x7168][4096x2728x7168][4096x1099x7168][4096x170x7168][4096x170x7168][4096x170x7168][4096x2318x7168][4096x2180x7168][4096x711x7168][4096x293x7168][4096x172x7168][4096x170x7168][4096x655x7168][4096x1361x7168][4096x1240x7168][4096x170x7168][4096x170x7168][4096x275x7168][4096x1303x7168][4096x170x7168][4096x1322x7168][4096x170x7168][4096x1002x7168][4096x928x7168][4096x170x7168][4096x537x7168][4096x1377x7168][4096x1076x7168][4096x178x7168][4096x2180x7168][4096x1263x7168][4096x244x7168][4096x1375x7168][4096x170x7168][4096x170x7168][4096x170x7168][4096x1131x7168][4096x428x7168][4096x668x7168][4096x243x7168][4096x1390x7168][4096x170x7168][4096x684x7168][4096x170x7168][4096x1420x7168][4096x190x7168][4096x303x7168][4096x170x7168][4096x170x7168][4096x491x7168][4096x1022x7168][4096x170x7168][4096x170x7168][4096x1564x7168][4096x195x7168][4096x518x7168][4096x171x7168][4096x520x7168][4096x623x7168][4096x170x7168][4096x170x7168][4096x170x7168][4096x170x7168][4096x170x7168][4096x1021x7168][4096x321x7168][4096x349x7168][4096x2424x7168][4096x522x7168][4096x1148x7168][4096x170x7168][4096x170x7168][4096x279x7168][4096x1161x7168][4096x662x7168][4096x205x7168][4096x564x7168][4096x867x7168][4096x1267x7168][4096x170x7168][4096x263x7168][4096x170x7168][4096x1041x7168][4096x452x7168][4096x1383x7168][4096x170x7168][4096x170x7168]',,tensorop,f32,128,128,64,2,1,1,2,1,1,12,4,1,1,128,128,16,100,110,7113539584,3848827568128,541,4.40969,1502.37,872812
1,CUTLASS,grouped_gemm,cutlass3x_sm100_tensorop_gemm_grouped_bf16_bf16_f32_bf16_bf16_128x128x64_2x1x1_0_nnn_align8_2sm_epi_tma,passed,success,grouped,,,,,bf16:column,bf16:column,bf16:column,bf16:column,1,0,invalid,invalid,heuristic,1,false,'[4096x375x7168][4096x2436x7168][4096x1301x7168][4096x170x7168][4096x1228x7168][4096x170x7168][4096x170x7168][4096x576x7168][4096x170x7168][4096x2703x7168][4096x2728x7168][4096x1099x7168][4096x170x7168][4096x170x7168][4096x170x7168][4096x2318x7168][4096x2180x7168][4096x711x7168][4096x293x7168][4096x172x7168][4096x170x7168][4096x655x7168][4096x1361x7168][4096x1240x7168][4096x170x7168][4096x170x7168][4096x275x7168][4096x1303x7168][4096x170x7168][4096x1322x7168][4096x170x7168][4096x1002x7168][4096x928x7168][4096x170x7168][4096x537x7168][4096x1377x7168][4096x1076x7168][4096x178x7168][4096x2180x7168][4096x1263x7168][4096x244x7168][4096x1375x7168][4096x170x7168][4096x170x7168][4096x170x7168][4096x1131x7168][4096x428x7168][4096x668x7168][4096x243x7168][4096x1390x7168][4096x170x7168][4096x684x7168][4096x170x7168][4096x1420x7168][4096x190x7168][4096x303x7168][4096x170x7168][4096x170x7168][4096x491x7168][4096x1022x7168][4096x170x7168][4096x170x7168][4096x1564x7168][4096x195x7168][4096x518x7168][4096x171x7168][4096x520x7168][4096x623x7168][4096x170x7168][4096x170x7168][4096x170x7168][4096x170x7168][4096x170x7168][4096x1021x7168][4096x321x7168][4096x349x7168][4096x2424x7168][4096x522x7168][4096x1148x7168][4096x170x7168][4096x170x7168][4096x279x7168][4096x1161x7168][4096x662x7168][4096x205x7168][4096x564x7168][4096x867x7168][4096x1267x7168][4096x170x7168][4096x263x7168][4096x170x7168][4096x1041x7168][4096x452x7168][4096x1383x7168][4096x170x7168][4096x170x7168]',,tensorop,f32,128,128,64,2,1,1,2,1,1,12,4,1,1,128,128,16,100,110,7113539584,3848827568128,541,4.39899,1506.03,874935
1,CUTLASS,grouped_gemm,cutlass3x_sm100_tensorop_gemm_grouped_bf16_bf16_f32_bf16_bf16_128x128x64_2x1x1_0_nnn_align8_stream_k_2sm_epi_tma,passed,success,grouped,,,,,bf16:column,bf16:column,bf16:column,bf16:column,1,0,invalid,invalid,heuristic,1,false,'[4096x375x7168][4096x2436x7168][4096x1301x7168][4096x170x7168][4096x1228x7168][4096x170x7168][4096x170x7168][4096x576x7168][4096x170x7168][4096x2703x7168][4096x2728x7168][4096x1099x7168][4096x170x7168][4096x170x7168][4096x170x7168][4096x2318x7168][4096x2180x7168][4096x711x7168][4096x293x7168][4096x172x7168][4096x170x7168][4096x655x7168][4096x1361x7168][4096x1240x7168][4096x170x7168][4096x170x7168][4096x275x7168][4096x1303x7168][4096x170x7168][4096x1322x7168][4096x170x7168][4096x1002x7168][4096x928x7168][4096x170x7168][4096x537x7168][4096x1377x7168][4096x1076x7168][4096x178x7168][4096x2180x7168][4096x1263x7168][4096x244x7168][4096x1375x7168][4096x170x7168][4096x170x7168][4096x170x7168][4096x1131x7168][4096x428x7168][4096x668x7168][4096x243x7168][4096x1390x7168][4096x170x7168][4096x684x7168][4096x170x7168][4096x1420x7168][4096x190x7168][4096x303x7168][4096x170x7168][4096x170x7168][4096x491x7168][4096x1022x7168][4096x170x7168][4096x170x7168][4096x1564x7168][4096x195x7168][4096x518x7168][4096x171x7168][4096x520x7168][4096x623x7168][4096x170x7168][4096x170x7168][4096x170x7168][4096x170x7168][4096x170x7168][4096x1021x7168][4096x321x7168][4096x349x7168][4096x2424x7168][4096x522x7168][4096x1148x7168][4096x170x7168][4096x170x7168][4096x279x7168][4096x1161x7168][4096x662x7168][4096x205x7168][4096x564x7168][4096x867x7168][4096x1267x7168][4096x170x7168][4096x263x7168][4096x170x7168][4096x1041x7168][4096x452x7168][4096x1383x7168][4096x170x7168][4096x170x7168]',,tensorop,f32,128,128,64,2,1,1,2,1,1,12,4,1,1,128,128,16,100,110,7113539584,3848827568128,541,4.39235,1508.3,876257
1,CUTLASS,grouped_gemm,cutlass3x_sm100_tensorop_gemm_grouped_bf16_bf16_f32_bf16_bf16_128x128x64_2x2x1_0_nnn_align8_2sm_epi_tma,passed,success,grouped,,,,,bf16:column,bf16:column,bf16:column,bf16:column,1,0,invalid,invalid,heuristic,1,false,'[4096x375x7168][4096x2436x7168][4096x1301x7168][4096x170x7168][4096x1228x7168][4096x170x7168][4096x170x7168][4096x576x7168][4096x170x7168][4096x2703x7168][4096x2728x7168][4096x1099x7168][4096x170x7168][4096x170x7168][4096x170x7168][4096x2318x7168][4096x2180x7168][4096x711x7168][4096x293x7168][4096x172x7168][4096x170x7168][4096x655x7168][4096x1361x7168][4096x1240x7168][4096x170x7168][4096x170x7168][4096x275x7168][4096x1303x7168][4096x170x7168][4096x1322x7168][4096x170x7168][4096x1002x7168][4096x928x7168][4096x170x7168][4096x537x7168][4096x1377x7168][4096x1076x7168][4096x178x7168][4096x2180x7168][4096x1263x7168][4096x244x7168][4096x1375x7168][4096x170x7168][4096x170x7168][4096x170x7168][4096x1131x7168][4096x428x7168][4096x668x7168][4096x243x7168][4096x1390x7168][4096x170x7168][4096x684x7168][4096x170x7168][4096x1420x7168][4096x190x7168][4096x303x7168][4096x170x7168][4096x170x7168][4096x491x7168][4096x1022x7168][4096x170x7168][4096x170x7168][4096x1564x7168][4096x195x7168][4096x518x7168][4096x171x7168][4096x520x7168][4096x623x7168][4096x170x7168][4096x170x7168][4096x170x7168][4096x170x7168][4096x170x7168][4096x1021x7168][4096x321x7168][4096x349x7168][4096x2424x7168][4096x522x7168][4096x1148x7168][4096x170x7168][4096x170x7168][4096x279x7168][4096x1161x7168][4096x662x7168][4096x205x7168][4096x564x7168][4096x867x7168][4096x1267x7168][4096x170x7168][4096x263x7168][4096x170x7168][4096x1041x7168][4096x452x7168][4096x1383x7168][4096x170x7168][4096x170x7168]',,tensorop,f32,128,128,64,2,2,1,2,1,1,12,4,1,1,128,128,16,100,110,7113539584,3848827568128,541,3.79132,1747.41,1.01517e+06
1,CUTLASS,grouped_gemm,cutlass3x_sm100_tensorop_gemm_grouped_bf16_bf16_f32_bf16_bf16_128x128x64_2x2x1_0_nnn_align8_stream_k_2sm_epi_tma,passed,success,grouped,,,,,bf16:column,bf16:column,bf16:column,bf16:column,1,0,invalid,invalid,heuristic,1,false,'[4096x375x7168][4096x2436x7168][4096x1301x7168][4096x170x7168][4096x1228x7168][4096x170x7168][4096x170x7168][4096x576x7168][4096x170x7168][4096x2703x7168][4096x2728x7168][4096x1099x7168][4096x170x7168][4096x170x7168][4096x170x7168][4096x2318x7168][4096x2180x7168][4096x711x7168][4096x293x7168][4096x172x7168][4096x170x7168][4096x655x7168][4096x1361x7168][4096x1240x7168][4096x170x7168][4096x170x7168][4096x275x7168][4096x1303x7168][4096x170x7168][4096x1322x7168][4096x170x7168][4096x1002x7168][4096x928x7168][4096x170x7168][4096x537x7168][4096x1377x7168][4096x1076x7168][4096x178x7168][4096x2180x7168][4096x1263x7168][4096x244x7168][4096x1375x7168][4096x170x7168][4096x170x7168][4096x170x7168][4096x1131x7168][4096x428x7168][4096x668x7168][4096x243x7168][4096x1390x7168][4096x170x7168][4096x684x7168][4096x170x7168][4096x1420x7168][4096x190x7168][4096x303x7168][4096x170x7168][4096x170x7168][4096x491x7168][4096x1022x7168][4096x170x7168][4096x170x7168][4096x1564x7168][4096x195x7168][4096x518x7168][4096x171x7168][4096x520x7168][4096x623x7168][4096x170x7168][4096x170x7168][4096x170x7168][4096x170x7168][4096x170x7168][4096x1021x7168][4096x321x7168][4096x349x7168][4096x2424x7168][4096x522x7168][4096x1148x7168][4096x170x7168][4096x170x7168][4096x279x7168][4096x1161x7168][4096x662x7168][4096x205x7168][4096x564x7168][4096x867x7168][4096x1267x7168][4096x170x7168][4096x263x7168][4096x170x7168][4096x1041x7168][4096x452x7168][4096x1383x7168][4096x170x7168][4096x170x7168]',,tensorop,f32,128,128,64,2,2,1,2,1,1,12,4,1,1,128,128,16,100,110,7113539584,3848827568128,541,3.76659,1758.88,1.02183e+06
1,CUTLASS,grouped_gemm,cutlass3x_sm100_tensorop_gemm_grouped_bf16_bf16_f32_bf16_bf16_128x128x64_4x1x1_0_nnn_align8_2sm_epi_tma,passed,success,grouped,,,,,bf16:column,bf16:column,bf16:column,bf16:column,1,0,invalid,invalid,heuristic,1,false,'[4096x375x7168][4096x2436x7168][4096x1301x7168][4096x170x7168][4096x1228x7168][4096x170x7168][4096x170x7168][4096x576x7168][4096x170x7168][4096x2703x7168][4096x2728x7168][4096x1099x7168][4096x170x7168][4096x170x7168][4096x170x7168][4096x2318x7168][4096x2180x7168][4096x711x7168][4096x293x7168][4096x172x7168][4096x170x7168][4096x655x7168][4096x1361x7168][4096x1240x7168][4096x170x7168][4096x170x7168][4096x275x7168][4096x1303x7168][4096x170x7168][4096x1322x7168][4096x170x7168][4096x1002x7168][4096x928x7168][4096x170x7168][4096x537x7168][4096x1377x7168][4096x1076x7168][4096x178x7168][4096x2180x7168][4096x1263x7168][4096x244x7168][4096x1375x7168][4096x170x7168][4096x170x7168][4096x170x7168][4096x1131x7168][4096x428x7168][4096x668x7168][4096x243x7168][4096x1390x7168][4096x170x7168][4096x684x7168][4096x170x7168][4096x1420x7168][4096x190x7168][4096x303x7168][4096x170x7168][4096x170x7168][4096x491x7168][4096x1022x7168][4096x170x7168][4096x170x7168][4096x1564x7168][4096x195x7168][4096x518x7168][4096x171x7168][4096x520x7168][4096x623x7168][4096x170x7168][4096x170x7168][4096x170x7168][4096x170x7168][4096x170x7168][4096x1021x7168][4096x321x7168][4096x349x7168][4096x2424x7168][4096x522x7168][4096x1148x7168][4096x170x7168][4096x170x7168][4096x279x7168][4096x1161x7168][4096x662x7168][4096x205x7168][4096x564x7168][4096x867x7168][4096x1267x7168][4096x170x7168][4096x263x7168][4096x170x7168][4096x1041x7168][4096x452x7168][4096x1383x7168][4096x170x7168][4096x170x7168]',,tensorop,f32,128,128,64,4,1,1,2,1,1,12,4,1,1,128,128,16,100,110,7113539584,3848827568128,541,3.22435,2054.68,1.19368e+06
1,CUTLASS,grouped_gemm,cutlass3x_sm100_tensorop_gemm_grouped_bf16_bf16_f32_bf16_bf16_128x128x64_4x1x1_0_nnn_align8_stream_k_2sm_epi_tma,passed,success,grouped,,,,,bf16:column,bf16:column,bf16:column,bf16:column,1,0,invalid,invalid,heuristic,1,false,'[4096x375x7168][4096x2436x7168][4096x1301x7168][4096x170x7168][4096x1228x7168][4096x170x7168][4096x170x7168][4096x576x7168][4096x170x7168][4096x2703x7168][4096x2728x7168][4096x1099x7168][4096x170x7168][4096x170x7168][4096x170x7168][4096x2318x7168][4096x2180x7168][4096x711x7168][4096x293x7168][4096x172x7168][4096x170x7168][4096x655x7168][4096x1361x7168][4096x1240x7168][4096x170x7168][4096x170x7168][4096x275x7168][4096x1303x7168][4096x170x7168][4096x1322x7168][4096x170x7168][4096x1002x7168][4096x928x7168][4096x170x7168][4096x537x7168][4096x1377x7168][4096x1076x7168][4096x178x7168][4096x2180x7168][4096x1263x7168][4096x244x7168][4096x1375x7168][4096x170x7168][4096x170x7168][4096x170x7168][4096x1131x7168][4096x428x7168][4096x668x7168][4096x243x7168][4096x1390x7168][4096x170x7168][4096x684x7168][4096x170x7168][4096x1420x7168][4096x190x7168][4096x303x7168][4096x170x7168][4096x170x7168][4096x491x7168][4096x1022x7168][4096x170x7168][4096x170x7168][4096x1564x7168][4096x195x7168][4096x518x7168][4096x171x7168][4096x520x7168][4096x623x7168][4096x170x7168][4096x170x7168][4096x170x7168][4096x170x7168][4096x170x7168][4096x1021x7168][4096x321x7168][4096x349x7168][4096x2424x7168][4096x522x7168][4096x1148x7168][4096x170x7168][4096x170x7168][4096x279x7168][4096x1161x7168][4096x662x7168][4096x205x7168][4096x564x7168][4096x867x7168][4096x1267x7168][4096x170x7168][4096x263x7168][4096x170x7168][4096x1041x7168][4096x452x7168][4096x1383x7168][4096x170x7168][4096x170x7168]',,tensorop,f32,128,128,64,4,1,1,2,1,1,12,4,1,1,128,128,16,100,110,7113539584,3848827568128,541,3.1936,2074.46,1.20517e+06
1,CUTLASS,grouped_gemm,cutlass3x_sm100_tensorop_gemm_grouped_bf16_bf16_f32_bf16_bf16_128x128x64_2x4x1_0_nnn_align8_2sm_epi_tma,passed,success,grouped,,,,,bf16:column,bf16:column,bf16:column,bf16:column,1,0,invalid,invalid,heuristic,1,false,'[4096x375x7168][4096x2436x7168][4096x1301x7168][4096x170x7168][4096x1228x7168][4096x170x7168][4096x170x7168][4096x576x7168][4096x170x7168][4096x2703x7168][4096x2728x7168][4096x1099x7168][4096x170x7168][4096x170x7168][4096x170x7168][4096x2318x7168][4096x2180x7168][4096x711x7168][4096x293x7168][4096x172x7168][4096x170x7168][4096x655x7168][4096x1361x7168][4096x1240x7168][4096x170x7168][4096x170x7168][4096x275x7168][4096x1303x7168][4096x170x7168][4096x1322x7168][4096x170x7168][4096x1002x7168][4096x928x7168][4096x170x7168][4096x537x7168][4096x1377x7168][4096x1076x7168][4096x178x7168][4096x2180x7168][4096x1263x7168][4096x244x7168][4096x1375x7168][4096x170x7168][4096x170x7168][4096x170x7168][4096x1131x7168][4096x428x7168][4096x668x7168][4096x243x7168][4096x1390x7168][4096x170x7168][4096x684x7168][4096x170x7168][4096x1420x7168][4096x190x7168][4096x303x7168][4096x170x7168][4096x170x7168][4096x491x7168][4096x1022x7168][4096x170x7168][4096x170x7168][4096x1564x7168][4096x195x7168][4096x518x7168][4096x171x7168][4096x520x7168][4096x623x7168][4096x170x7168][4096x170x7168][4096x170x7168][4096x170x7168][4096x170x7168][4096x1021x7168][4096x321x7168][4096x349x7168][4096x2424x7168][4096x522x7168][4096x1148x7168][4096x170x7168][4096x170x7168][4096x279x7168][4096x1161x7168][4096x662x7168][4096x205x7168][4096x564x7168][4096x867x7168][4096x1267x7168][4096x170x7168][4096x263x7168][4096x170x7168][4096x1041x7168][4096x452x7168][4096x1383x7168][4096x170x7168][4096x170x7168]',,tensorop,f32,128,128,64,2,4,1,2,1,1,12,4,1,1,128,128,16,100,110,7113539584,3848827568128,541,4.61256,1436.29,834423
1,CUTLASS,grouped_gemm,cutlass3x_sm100_tensorop_gemm_grouped_bf16_bf16_f32_bf16_bf16_128x128x64_2x4x1_0_nnn_align8_stream_k_2sm_epi_tma,passed,success,grouped,,,,,bf16:column,bf16:column,bf16:column,bf16:column,1,0,invalid,invalid,heuristic,1,false,'[4096x375x7168][4096x2436x7168][4096x1301x7168][4096x170x7168][4096x1228x7168][4096x170x7168][4096x170x7168][4096x576x7168][4096x170x7168][4096x2703x7168][4096x2728x7168][4096x1099x7168][4096x170x7168][4096x170x7168][4096x170x7168][4096x2318x7168][4096x2180x7168][4096x711x7168][4096x293x7168][4096x172x7168][4096x170x7168][4096x655x7168][4096x1361x7168][4096x1240x7168][4096x170x7168][4096x170x7168][4096x275x7168][4096x1303x7168][4096x170x7168][4096x1322x7168][4096x170x7168][4096x1002x7168][4096x928x7168][4096x170x7168][4096x537x7168][4096x1377x7168][4096x1076x7168][4096x178x7168][4096x2180x7168][4096x1263x7168][4096x244x7168][4096x1375x7168][4096x170x7168][4096x170x7168][4096x170x7168][4096x1131x7168][4096x428x7168][4096x668x7168][4096x243x7168][4096x1390x7168][4096x170x7168][4096x684x7168][4096x170x7168][4096x1420x7168][4096x190x7168][4096x303x7168][4096x170x7168][4096x170x7168][4096x491x7168][4096x1022x7168][4096x170x7168][4096x170x7168][4096x1564x7168][4096x195x7168][4096x518x7168][4096x171x7168][4096x520x7168][4096x623x7168][4096x170x7168][4096x170x7168][4096x170x7168][4096x170x7168][4096x170x7168][4096x1021x7168][4096x321x7168][4096x349x7168][4096x2424x7168][4096x522x7168][4096x1148x7168][4096x170x7168][4096x170x7168][4096x279x7168][4096x1161x7168][4096x662x7168][4096x205x7168][4096x564x7168][4096x867x7168][4096x1267x7168][4096x170x7168][4096x263x7168][4096x170x7168][4096x1041x7168][4096x452x7168][4096x1383x7168][4096x170x7168][4096x170x7168]',,tensorop,f32,128,128,64,2,4,1,2,1,1,12,4,1,1,128,128,16,100,110,7113539584,3848827568128,541,4.62112,1433.63,832877
1,CUTLASS,grouped_gemm,cutlass3x_sm100_tensorop_gemm_grouped_bf16_bf16_f32_bf16_bf16_128x128x64_4x2x1_0_nnn_align8_2sm_epi_tma,passed,success,grouped,,,,,bf16:column,bf16:column,bf16:column,bf16:column,1,0,invalid,invalid,heuristic,1,false,'[4096x375x7168][4096x2436x7168][4096x1301x7168][4096x170x7168][4096x1228x7168][4096x170x7168][4096x170x7168][4096x576x7168][4096x170x7168][4096x2703x7168][4096x2728x7168][4096x1099x7168][4096x170x7168][4096x170x7168][4096x170x7168][4096x2318x7168][4096x2180x7168][4096x711x7168][4096x293x7168][4096x172x7168][4096x170x7168][4096x655x7168][4096x1361x7168][4096x1240x7168][4096x170x7168][4096x170x7168][4096x275x7168][4096x1303x7168][4096x170x7168][4096x1322x7168][4096x170x7168][4096x1002x7168][4096x928x7168][4096x170x7168][4096x537x7168][4096x1377x7168][4096x1076x7168][4096x178x7168][4096x2180x7168][4096x1263x7168][4096x244x7168][4096x1375x7168][4096x170x7168][4096x170x7168][4096x170x7168][4096x1131x7168][4096x428x7168][4096x668x7168][4096x243x7168][4096x1390x7168][4096x170x7168][4096x684x7168][4096x170x7168][4096x1420x7168][4096x190x7168][4096x303x7168][4096x170x7168][4096x170x7168][4096x491x7168][4096x1022x7168][4096x170x7168][4096x170x7168][4096x1564x7168][4096x195x7168][4096x518x7168][4096x171x7168][4096x520x7168][4096x623x7168][4096x170x7168][4096x170x7168][4096x170x7168][4096x170x7168][4096x170x7168][4096x1021x7168][4096x321x7168][4096x349x7168][4096x2424x7168][4096x522x7168][4096x1148x7168][4096x170x7168][4096x170x7168][4096x279x7168][4096x1161x7168][4096x662x7168][4096x205x7168][4096x564x7168][4096x867x7168][4096x1267x7168][4096x170x7168][4096x263x7168][4096x170x7168][4096x1041x7168][4096x452x7168][4096x1383x7168][4096x170x7168][4096x170x7168]',,tensorop,f32,128,128,64,4,2,1,2,1,1,12,4,1,1,128,128,16,100,110,7113539584,3848827568128,541,3.3879,1955.49,1.13605e+06
1,CUTLASS,grouped_gemm,cutlass3x_sm100_tensorop_gemm_grouped_bf16_bf16_f32_bf16_bf16_128x128x64_4x2x1_0_nnn_align8_stream_k_2sm_epi_tma,passed,success,grouped,,,,,bf16:column,bf16:column,bf16:column,bf16:column,1,0,invalid,invalid,heuristic,1,false,'[4096x375x7168][4096x2436x7168][4096x1301x7168][4096x170x7168][4096x1228x7168][4096x170x7168][4096x170x7168][4096x576x7168][4096x170x7168][4096x2703x7168][4096x2728x7168][4096x1099x7168][4096x170x7168][4096x170x7168][4096x170x7168][4096x2318x7168][4096x2180x7168][4096x711x7168][4096x293x7168][4096x172x7168][4096x170x7168][4096x655x7168][4096x1361x7168][4096x1240x7168][4096x170x7168][4096x170x7168][4096x275x7168][4096x1303x7168][4096x170x7168][4096x1322x7168][4096x170x7168][4096x1002x7168][4096x928x7168][4096x170x7168][4096x537x7168][4096x1377x7168][4096x1076x7168][4096x178x7168][4096x2180x7168][4096x1263x7168][4096x244x7168][4096x1375x7168][4096x170x7168][4096x170x7168][4096x170x7168][4096x1131x7168][4096x428x7168][4096x668x7168][4096x243x7168][4096x1390x7168][4096x170x7168][4096x684x7168][4096x170x7168][4096x1420x7168][4096x190x7168][4096x303x7168][4096x170x7168][4096x170x7168][4096x491x7168][4096x1022x7168][4096x170x7168][4096x170x7168][4096x1564x7168][4096x195x7168][4096x518x7168][4096x171x7168][4096x520x7168][4096x623x7168][4096x170x7168][4096x170x7168][4096x170x7168][4096x170x7168][4096x170x7168][4096x1021x7168][4096x321x7168][4096x349x7168][4096x2424x7168][4096x522x7168][4096x1148x7168][4096x170x7168][4096x170x7168][4096x279x7168][4096x1161x7168][4096x662x7168][4096x205x7168][4096x564x7168][4096x867x7168][4096x1267x7168][4096x170x7168][4096x263x7168][4096x170x7168][4096x1041x7168][4096x452x7168][4096x1383x7168][4096x170x7168][4096x170x7168]',,tensorop,f32,128,128,64,4,2,1,2,1,1,12,4,1,1,128,128,16,100,110,7113539584,3848827568128,541,3.38619,1956.48,1.13663e+06
1,CUTLASS,grouped_gemm,cutlass3x_sm100_tensorop_gemm_grouped_bf16_bf16_f32_bf16_bf16_128x128x64_4x4x1_0_nnn_align8_2sm_epi_tma,passed,success,grouped,,,,,bf16:column,bf16:column,bf16:column,bf16:column,1,0,invalid,invalid,heuristic,1,false,'[4096x375x7168][4096x2436x7168][4096x1301x7168][4096x170x7168][4096x1228x7168][4096x170x7168][4096x170x7168][4096x576x7168][4096x170x7168][4096x2703x7168][4096x2728x7168][4096x1099x7168][4096x170x7168][4096x170x7168][4096x170x7168][4096x2318x7168][4096x2180x7168][4096x711x7168][4096x293x7168][4096x172x7168][4096x170x7168][4096x655x7168][4096x1361x7168][4096x1240x7168][4096x170x7168][4096x170x7168][4096x275x7168][4096x1303x7168][4096x170x7168][4096x1322x7168][4096x170x7168][4096x1002x7168][4096x928x7168][4096x170x7168][4096x537x7168][4096x1377x7168][4096x1076x7168][4096x178x7168][4096x2180x7168][4096x1263x7168][4096x244x7168][4096x1375x7168][4096x170x7168][4096x170x7168][4096x170x7168][4096x1131x7168][4096x428x7168][4096x668x7168][4096x243x7168][4096x1390x7168][4096x170x7168][4096x684x7168][4096x170x7168][4096x1420x7168][4096x190x7168][4096x303x7168][4096x170x7168][4096x170x7168][4096x491x7168][4096x1022x7168][4096x170x7168][4096x170x7168][4096x1564x7168][4096x195x7168][4096x518x7168][4096x171x7168][4096x520x7168][4096x623x7168][4096x170x7168][4096x170x7168][4096x170x7168][4096x170x7168][4096x170x7168][4096x1021x7168][4096x321x7168][4096x349x7168][4096x2424x7168][4096x522x7168][4096x1148x7168][4096x170x7168][4096x170x7168][4096x279x7168][4096x1161x7168][4096x662x7168][4096x205x7168][4096x564x7168][4096x867x7168][4096x1267x7168][4096x170x7168][4096x263x7168][4096x170x7168][4096x1041x7168][4096x452x7168][4096x1383x7168][4096x170x7168][4096x170x7168]',,tensorop,f32,128,128,64,4,4,1,2,1,1,12,4,1,1,128,128,16,100,110,7113539584,3848827568128,541,4.33543,1528.11,887762
1,CUTLASS,grouped_gemm,cutlass3x_sm100_tensorop_gemm_grouped_bf16_bf16_f32_bf16_bf16_128x128x64_4x4x1_0_nnn_align8_stream_k_2sm_epi_tma,passed,success,grouped,,,,,bf16:column,bf16:column,bf16:column,bf16:column,1,0,invalid,invalid,heuristic,1,false,'[4096x375x7168][4096x2436x7168][4096x1301x7168][4096x170x7168][4096x1228x7168][4096x170x7168][4096x170x7168][4096x576x7168][4096x170x7168][4096x2703x7168][4096x2728x7168][4096x1099x7168][4096x170x7168][4096x170x7168][4096x170x7168][4096x2318x7168][4096x2180x7168][4096x711x7168][4096x293x7168][4096x172x7168][4096x170x7168][4096x655x7168][4096x1361x7168][4096x1240x7168][4096x170x7168][4096x170x7168][4096x275x7168][4096x1303x7168][4096x170x7168][4096x1322x7168][4096x170x7168][4096x1002x7168][4096x928x7168][4096x170x7168][4096x537x7168][4096x1377x7168][4096x1076x7168][4096x178x7168][4096x2180x7168][4096x1263x7168][4096x244x7168][4096x1375x7168][4096x170x7168][4096x170x7168][4096x170x7168][4096x1131x7168][4096x428x7168][4096x668x7168][4096x243x7168][4096x1390x7168][4096x170x7168][4096x684x7168][4096x170x7168][4096x1420x7168][4096x190x7168][4096x303x7168][4096x170x7168][4096x170x7168][4096x491x7168][4096x1022x7168][4096x170x7168][4096x170x7168][4096x1564x7168][4096x195x7168][4096x518x7168][4096x171x7168][4096x520x7168][4096x623x7168][4096x170x7168][4096x170x7168][4096x170x7168][4096x170x7168][4096x170x7168][4096x1021x7168][4096x321x7168][4096x349x7168][4096x2424x7168][4096x522x7168][4096x1148x7168][4096x170x7168][4096x170x7168][4096x279x7168][4096x1161x7168][4096x662x7168][4096x205x7168][4096x564x7168][4096x867x7168][4096x1267x7168][4096x170x7168][4096x263x7168][4096x170x7168][4096x1041x7168][4096x452x7168][4096x1383x7168][4096x170x7168][4096x170x7168]',,tensorop,f32,128,128,64,4,4,1,2,1,1,12,4,1,1,128,128,16,100,110,7113539584,3848827568128,541,4.33506,1528.24,887838
1,CUTLASS,grouped_gemm,cutlass3x_sm100_tensorop_gemm_grouped_bf16_bf16_f32_bf16_bf16_128x128x64_0x0x1_0_tnn_align8_2sm_epi_tma,passed,success,grouped,,,,,bf16:row,bf16:column,bf16:column,bf16:column,1,0,invalid,invalid,heuristic,1,false,'[4096x375x7168][4096x2436x7168][4096x1301x7168][4096x170x7168][4096x1228x7168][4096x170x7168][4096x170x7168][4096x576x7168][4096x170x7168][4096x2703x7168][4096x2728x7168][4096x1099x7168][4096x170x7168][4096x170x7168][4096x170x7168][4096x2318x7168][4096x2180x7168][4096x711x7168][4096x293x7168][4096x172x7168][4096x170x7168][4096x655x7168][4096x1361x7168][4096x1240x7168][4096x170x7168][4096x170x7168][4096x275x7168][4096x1303x7168][4096x170x7168][4096x1322x7168][4096x170x7168][4096x1002x7168][4096x928x7168][4096x170x7168][4096x537x7168][4096x1377x7168][4096x1076x7168][4096x178x7168][4096x2180x7168][4096x1263x7168][4096x244x7168][4096x1375x7168][4096x170x7168][4096x170x7168][4096x170x7168][4096x1131x7168][4096x428x7168][4096x668x7168][4096x243x7168][4096x1390x7168][4096x170x7168][4096x684x7168][4096x170x7168][4096x1420x7168][4096x190x7168][4096x303x7168][4096x170x7168][4096x170x7168][4096x491x7168][4096x1022x7168][4096x170x7168][4096x170x7168][4096x1564x7168][4096x195x7168][4096x518x7168][4096x171x7168][4096x520x7168][4096x623x7168][4096x170x7168][4096x170x7168][4096x170x7168][4096x170x7168][4096x170x7168][4096x1021x7168][4096x321x7168][4096x349x7168][4096x2424x7168][4096x522x7168][4096x1148x7168][4096x170x7168][4096x170x7168][4096x279x7168][4096x1161x7168][4096x662x7168][4096x205x7168][4096x564x7168][4096x867x7168][4096x1267x7168][4096x170x7168][4096x263x7168][4096x170x7168][4096x1041x7168][4096x452x7168][4096x1383x7168][4096x170x7168][4096x170x7168]',,tensorop,f32,128,128,64,2,1,1,2,1,1,12,4,1,1,128,128,16,100,110,7113539584,3848827568128,541,4.31402,1535.69,892166
1,CUTLASS,grouped_gemm,cutlass3x_sm100_tensorop_gemm_grouped_bf16_bf16_f32_bf16_bf16_128x128x64_0x0x1_0_tnn_align8_stream_k_2sm_epi_tma,passed,success,grouped,,,,,bf16:row,bf16:column,bf16:column,bf16:column,1,0,invalid,invalid,heuristic,1,false,'[4096x375x7168][4096x2436x7168][4096x1301x7168][4096x170x7168][4096x1228x7168][4096x170x7168][4096x170x7168][4096x576x7168][4096x170x7168][4096x2703x7168][4096x2728x7168][4096x1099x7168][4096x170x7168][4096x170x7168][4096x170x7168][4096x2318x7168][4096x2180x7168][4096x711x7168][4096x293x7168][4096x172x7168][4096x170x7168][4096x655x7168][4096x1361x7168][4096x1240x7168][4096x170x7168][4096x170x7168][4096x275x7168][4096x1303x7168][4096x170x7168][4096x1322x7168][4096x170x7168][4096x1002x7168][4096x928x7168][4096x170x7168][4096x537x7168][4096x1377x7168][4096x1076x7168][4096x178x7168][4096x2180x7168][4096x1263x7168][4096x244x7168][4096x1375x7168][4096x170x7168][4096x170x7168][4096x170x7168][4096x1131x7168][4096x428x7168][4096x668x7168][4096x243x7168][4096x1390x7168][4096x170x7168][4096x684x7168][4096x170x7168][4096x1420x7168][4096x190x7168][4096x303x7168][4096x170x7168][4096x170x7168][4096x491x7168][4096x1022x7168][4096x170x7168][4096x170x7168][4096x1564x7168][4096x195x7168][4096x518x7168][4096x171x7168][4096x520x7168][4096x623x7168][4096x170x7168][4096x170x7168][4096x170x7168][4096x170x7168][4096x170x7168][4096x1021x7168][4096x321x7168][4096x349x7168][4096x2424x7168][4096x522x7168][4096x1148x7168][4096x170x7168][4096x170x7168][4096x279x7168][4096x1161x7168][4096x662x7168][4096x205x7168][4096x564x7168][4096x867x7168][4096x1267x7168][4096x170x7168][4096x263x7168][4096x170x7168][4096x1041x7168][4096x452x7168][4096x1383x7168][4096x170x7168][4096x170x7168]',,tensorop,f32,128,128,64,2,1,1,2,1,1,12,4,1,1,128,128,16,100,110,7113539584,3848827568128,541,4.30115,1540.28,894836
1,CUTLASS,grouped_gemm,cutlass3x_sm100_tensorop_gemm_grouped_bf16_bf16_f32_bf16_bf16_128x128x64_2x1x1_0_tnn_align8_2sm_epi_tma,passed,success,grouped,,,,,bf16:row,bf16:column,bf16:column,bf16:column,1,0,invalid,invalid,heuristic,1,false,'[4096x375x7168][4096x2436x7168][4096x1301x7168][4096x170x7168][4096x1228x7168][4096x170x7168][4096x170x7168][4096x576x7168][4096x170x7168][4096x2703x7168][4096x2728x7168][4096x1099x7168][4096x170x7168][4096x170x7168][4096x170x7168][4096x2318x7168][4096x2180x7168][4096x711x7168][4096x293x7168][4096x172x7168][4096x170x7168][4096x655x7168][4096x1361x7168][4096x1240x7168][4096x170x7168][4096x170x7168][4096x275x7168][4096x1303x7168][4096x170x7168][4096x1322x7168][4096x170x7168][4096x1002x7168][4096x928x7168][4096x170x7168][4096x537x7168][4096x1377x7168][4096x1076x7168][4096x178x7168][4096x2180x7168][4096x1263x7168][4096x244x7168][4096x1375x7168][4096x170x7168][4096x170x7168][4096x170x7168][4096x1131x7168][4096x428x7168][4096x668x7168][4096x243x7168][4096x1390x7168][4096x170x7168][4096x684x7168][4096x170x7168][4096x1420x7168][4096x190x7168][4096x303x7168][4096x170x7168][4096x170x7168][4096x491x7168][4096x1022x7168][4096x170x7168][4096x170x7168][4096x1564x7168][4096x195x7168][4096x518x7168][4096x171x7168][4096x520x7168][4096x623x7168][4096x170x7168][4096x170x7168][4096x170x7168][4096x170x7168][4096x170x7168][4096x1021x7168][4096x321x7168][4096x349x7168][4096x2424x7168][4096x522x7168][4096x1148x7168][4096x170x7168][4096x170x7168][4096x279x7168][4096x1161x7168][4096x662x7168][4096x205x7168][4096x564x7168][4096x867x7168][4096x1267x7168][4096x170x7168][4096x263x7168][4096x170x7168][4096x1041x7168][4096x452x7168][4096x1383x7168][4096x170x7168][4096x170x7168]',,tensorop,f32,128,128,64,2,1,1,2,1,1,12,4,1,1,128,128,16,100,110,7113539584,3848827568128,541,4.38531,1510.73,877665
1,CUTLASS,grouped_gemm,cutlass3x_sm100_tensorop_gemm_grouped_bf16_bf16_f32_bf16_bf16_128x128x64_2x1x1_0_tnn_align8_stream_k_2sm_epi_tma,passed,success,grouped,,,,,bf16:row,bf16:column,bf16:column,bf16:column,1,0,invalid,invalid,heuristic,1,false,'[4096x375x7168][4096x2436x7168][4096x1301x7168][4096x170x7168][4096x1228x7168][4096x170x7168][4096x170x7168][4096x576x7168][4096x170x7168][4096x2703x7168][4096x2728x7168][4096x1099x7168][4096x170x7168][4096x170x7168][4096x170x7168][4096x2318x7168][4096x2180x7168][4096x711x7168][4096x293x7168][4096x172x7168][4096x170x7168][4096x655x7168][4096x1361x7168][4096x1240x7168][4096x170x7168][4096x170x7168][4096x275x7168][4096x1303x7168][4096x170x7168][4096x1322x7168][4096x170x7168][4096x1002x7168][4096x928x7168][4096x170x7168][4096x537x7168][4096x1377x7168][4096x1076x7168][4096x178x7168][4096x2180x7168][4096x1263x7168][4096x244x7168][4096x1375x7168][4096x170x7168][4096x170x7168][4096x170x7168][4096x1131x7168][4096x428x7168][4096x668x7168][4096x243x7168][4096x1390x7168][4096x170x7168][4096x684x7168][4096x170x7168][4096x1420x7168][4096x190x7168][4096x303x7168][4096x170x7168][4096x170x7168][4096x491x7168][4096x1022x7168][4096x170x7168][4096x170x7168][4096x1564x7168][4096x195x7168][4096x518x7168][4096x171x7168][4096x520x7168][4096x623x7168][4096x170x7168][4096x170x7168][4096x170x7168][4096x170x7168][4096x170x7168][4096x1021x7168][4096x321x7168][4096x349x7168][4096x2424x7168][4096x522x7168][4096x1148x7168][4096x170x7168][4096x170x7168][4096x279x7168][4096x1161x7168][4096x662x7168][4096x205x7168][4096x564x7168][4096x867x7168][4096x1267x7168][4096x170x7168][4096x263x7168][4096x170x7168][4096x1041x7168][4096x452x7168][4096x1383x7168][4096x170x7168][4096x170x7168]',,tensorop,f32,128,128,64,2,1,1,2,1,1,12,4,1,1,128,128,16,100,110,7113539584,3848827568128,541,4.37535,1514.16,879661
1,CUTLASS,grouped_gemm,cutlass3x_sm100_tensorop_gemm_grouped_bf16_bf16_f32_bf16_bf16_128x128x64_2x2x1_0_tnn_align8_2sm_epi_tma,passed,success,grouped,,,,,bf16:row,bf16:column,bf16:column,bf16:column,1,0,invalid,invalid,heuristic,1,false,'[4096x375x7168][4096x2436x7168][4096x1301x7168][4096x170x7168][4096x1228x7168][4096x170x7168][4096x170x7168][4096x576x7168][4096x170x7168][4096x2703x7168][4096x2728x7168][4096x1099x7168][4096x170x7168][4096x170x7168][4096x170x7168][4096x2318x7168][4096x2180x7168][4096x711x7168][4096x293x7168][4096x172x7168][4096x170x7168][4096x655x7168][4096x1361x7168][4096x1240x7168][4096x170x7168][4096x170x7168][4096x275x7168][4096x1303x7168][4096x170x7168][4096x1322x7168][4096x170x7168][4096x1002x7168][4096x928x7168][4096x170x7168][4096x537x7168][4096x1377x7168][4096x1076x7168][4096x178x7168][4096x2180x7168][4096x1263x7168][4096x244x7168][4096x1375x7168][4096x170x7168][4096x170x7168][4096x170x7168][4096x1131x7168][4096x428x7168][4096x668x7168][4096x243x7168][4096x1390x7168][4096x170x7168][4096x684x7168][4096x170x7168][4096x1420x7168][4096x190x7168][4096x303x7168][4096x170x7168][4096x170x7168][4096x491x7168][4096x1022x7168][4096x170x7168][4096x170x7168][4096x1564x7168][4096x195x7168][4096x518x7168][4096x171x7168][4096x520x7168][4096x623x7168][4096x170x7168][4096x170x7168][4096x170x7168][4096x170x7168][4096x170x7168][4096x1021x7168][4096x321x7168][4096x349x7168][4096x2424x7168][4096x522x7168][4096x1148x7168][4096x170x7168][4096x170x7168][4096x279x7168][4096x1161x7168][4096x662x7168][4096x205x7168][4096x564x7168][4096x867x7168][4096x1267x7168][4096x170x7168][4096x263x7168][4096x170x7168][4096x1041x7168][4096x452x7168][4096x1383x7168][4096x170x7168][4096x170x7168]',,tensorop,f32,128,128,64,2,2,1,2,1,1,12,4,1,1,128,128,16,100,110,7113539584,3848827568128,541,3.83136,1729.15,1.00456e+06
1,CUTLASS,grouped_gemm,cutlass3x_sm100_tensorop_gemm_grouped_bf16_bf16_f32_bf16_bf16_128x128x64_2x2x1_0_tnn_align8_stream_k_2sm_epi_tma,passed,success,grouped,,,,,bf16:row,bf16:column,bf16:column,bf16:column,1,0,invalid,invalid,heuristic,1,false,'[4096x375x7168][4096x2436x7168][4096x1301x7168][4096x170x7168][4096x1228x7168][4096x170x7168][4096x170x7168][4096x576x7168][4096x170x7168][4096x2703x7168][4096x2728x7168][4096x1099x7168][4096x170x7168][4096x170x7168][4096x170x7168][4096x2318x7168][4096x2180x7168][4096x711x7168][4096x293x7168][4096x172x7168][4096x170x7168][4096x655x7168][4096x1361x7168][4096x1240x7168][4096x170x7168][4096x170x7168][4096x275x7168][4096x1303x7168][4096x170x7168][4096x1322x7168][4096x170x7168][4096x1002x7168][4096x928x7168][4096x170x7168][4096x537x7168][4096x1377x7168][4096x1076x7168][4096x178x7168][4096x2180x7168][4096x1263x7168][4096x244x7168][4096x1375x7168][4096x170x7168][4096x170x7168][4096x170x7168][4096x1131x7168][4096x428x7168][4096x668x7168][4096x243x7168][4096x1390x7168][4096x170x7168][4096x684x7168][4096x170x7168][4096x1420x7168][4096x190x7168][4096x303x7168][4096x170x7168][4096x170x7168][4096x491x7168][4096x1022x7168][4096x170x7168][4096x170x7168][4096x1564x7168][4096x195x7168][4096x518x7168][4096x171x7168][4096x520x7168][4096x623x7168][4096x170x7168][4096x170x7168][4096x170x7168][4096x170x7168][4096x170x7168][4096x1021x7168][4096x321x7168][4096x349x7168][4096x2424x7168][4096x522x7168][4096x1148x7168][4096x170x7168][4096x170x7168][4096x279x7168][4096x1161x7168][4096x662x7168][4096x205x7168][4096x564x7168][4096x867x7168][4096x1267x7168][4096x170x7168][4096x263x7168][4096x170x7168][4096x1041x7168][4096x452x7168][4096x1383x7168][4096x170x7168][4096x170x7168]',,tensorop,f32,128,128,64,2,2,1,2,1,1,12,4,1,1,128,128,16,100,110,7113539584,3848827568128,541,3.82944,1730.02,1.00506e+06
1,CUTLASS,grouped_gemm,cutlass3x_sm100_tensorop_gemm_grouped_bf16_bf16_f32_bf16_bf16_128x128x64_4x1x1_0_tnn_align8_2sm_epi_tma,passed,success,grouped,,,,,bf16:row,bf16:column,bf16:column,bf16:column,1,0,invalid,invalid,heuristic,1,false,'[4096x375x7168][4096x2436x7168][4096x1301x7168][4096x170x7168][4096x1228x7168][4096x170x7168][4096x170x7168][4096x576x7168][4096x170x7168][4096x2703x7168][4096x2728x7168][4096x1099x7168][4096x170x7168][4096x170x7168][4096x170x7168][4096x2318x7168][4096x2180x7168][4096x711x7168][4096x293x7168][4096x172x7168][4096x170x7168][4096x655x7168][4096x1361x7168][4096x1240x7168][4096x170x7168][4096x170x7168][4096x275x7168][4096x1303x7168][4096x170x7168][4096x1322x7168][4096x170x7168][4096x1002x7168][4096x928x7168][4096x170x7168][4096x537x7168][4096x1377x7168][4096x1076x7168][4096x178x7168][4096x2180x7168][4096x1263x7168][4096x244x7168][4096x1375x7168][4096x170x7168][4096x170x7168][4096x170x7168][4096x1131x7168][4096x428x7168][4096x668x7168][4096x243x7168][4096x1390x7168][4096x170x7168][4096x684x7168][4096x170x7168][4096x1420x7168][4096x190x7168][4096x303x7168][4096x170x7168][4096x170x7168][4096x491x7168][4096x1022x7168][4096x170x7168][4096x170x7168][4096x1564x7168][4096x195x7168][4096x518x7168][4096x171x7168][4096x520x7168][4096x623x7168][4096x170x7168][4096x170x7168][4096x170x7168][4096x170x7168][4096x170x7168][4096x1021x7168][4096x321x7168][4096x349x7168][4096x2424x7168][4096x522x7168][4096x1148x7168][4096x170x7168][4096x170x7168][4096x279x7168][4096x1161x7168][4096x662x7168][4096x205x7168][4096x564x7168][4096x867x7168][4096x1267x7168][4096x170x7168][4096x263x7168][4096x170x7168][4096x1041x7168][4096x452x7168][4096x1383x7168][4096x170x7168][4096x170x7168]',,tensorop,f32,128,128,64,4,1,1,2,1,1,12,4,1,1,128,128,16,100,110,7113539584,3848827568128,541,3.09183,2142.74,1.24484e+06
1,CUTLASS,grouped_gemm,cutlass3x_sm100_tensorop_gemm_grouped_bf16_bf16_f32_bf16_bf16_128x128x64_4x1x1_0_tnn_align8_stream_k_2sm_epi_tma,passed,success,grouped,,,,,bf16:row,bf16:column,bf16:column,bf16:column,1,0,invalid,invalid,heuristic,1,false,'[4096x375x7168][4096x2436x7168][4096x1301x7168][4096x170x7168][4096x1228x7168][4096x170x7168][4096x170x7168][4096x576x7168][4096x170x7168][4096x2703x7168][4096x2728x7168][4096x1099x7168][4096x170x7168][4096x170x7168][4096x170x7168][4096x2318x7168][4096x2180x7168][4096x711x7168][4096x293x7168][4096x172x7168][4096x170x7168][4096x655x7168][4096x1361x7168][4096x1240x7168][4096x170x7168][4096x170x7168][4096x275x7168][4096x1303x7168][4096x170x7168][4096x1322x7168][4096x170x7168][4096x1002x7168][4096x928x7168][4096x170x7168][4096x537x7168][4096x1377x7168][4096x1076x7168][4096x178x7168][4096x2180x7168][4096x1263x7168][4096x244x7168][4096x1375x7168][4096x170x7168][4096x170x7168][4096x170x7168][4096x1131x7168][4096x428x7168][4096x668x7168][4096x243x7168][4096x1390x7168][4096x170x7168][4096x684x7168][4096x170x7168][4096x1420x7168][4096x190x7168][4096x303x7168][4096x170x7168][4096x170x7168][4096x491x7168][4096x1022x7168][4096x170x7168][4096x170x7168][4096x1564x7168][4096x195x7168][4096x518x7168][4096x171x7168][4096x520x7168][4096x623x7168][4096x170x7168][4096x170x7168][4096x170x7168][4096x170x7168][4096x170x7168][4096x1021x7168][4096x321x7168][4096x349x7168][4096x2424x7168][4096x522x7168][4096x1148x7168][4096x170x7168][4096x170x7168][4096x279x7168][4096x1161x7168][4096x662x7168][4096x205x7168][4096x564x7168][4096x867x7168][4096x1267x7168][4096x170x7168][4096x263x7168][4096x170x7168][4096x1041x7168][4096x452x7168][4096x1383x7168][4096x170x7168][4096x170x7168]',,tensorop,f32,128,128,64,4,1,1,2,1,1,12,4,1,1,128,128,16,100,110,7113539584,3848827568128,541,3.09989,2137.17,1.2416e+06
1,CUTLASS,grouped_gemm,cutlass3x_sm100_tensorop_gemm_grouped_bf16_bf16_f32_bf16_bf16_128x128x64_2x4x1_0_tnn_align8_2sm_epi_tma,passed,success,grouped,,,,,bf16:row,bf16:column,bf16:column,bf16:column,1,0,invalid,invalid,heuristic,1,false,'[4096x375x7168][4096x2436x7168][4096x1301x7168][4096x170x7168][4096x1228x7168][4096x170x7168][4096x170x7168][4096x576x7168][4096x170x7168][4096x2703x7168][4096x2728x7168][4096x1099x7168][4096x170x7168][4096x170x7168][4096x170x7168][4096x2318x7168][4096x2180x7168][4096x711x7168][4096x293x7168][4096x172x7168][4096x170x7168][4096x655x7168][4096x1361x7168][4096x1240x7168][4096x170x7168][4096x170x7168][4096x275x7168][4096x1303x7168][4096x170x7168][4096x1322x7168][4096x170x7168][4096x1002x7168][4096x928x7168][4096x170x7168][4096x537x7168][4096x1377x7168][4096x1076x7168][4096x178x7168][4096x2180x7168][4096x1263x7168][4096x244x7168][4096x1375x7168][4096x170x7168][4096x170x7168][4096x170x7168][4096x1131x7168][4096x428x7168][4096x668x7168][4096x243x7168][4096x1390x7168][4096x170x7168][4096x684x7168][4096x170x7168][4096x1420x7168][4096x190x7168][4096x303x7168][4096x170x7168][4096x170x7168][4096x491x7168][4096x1022x7168][4096x170x7168][4096x170x7168][4096x1564x7168][4096x195x7168][4096x518x7168][4096x171x7168][4096x520x7168][4096x623x7168][4096x170x7168][4096x170x7168][4096x170x7168][4096x170x7168][4096x170x7168][4096x1021x7168][4096x321x7168][4096x349x7168][4096x2424x7168][4096x522x7168][4096x1148x7168][4096x170x7168][4096x170x7168][4096x279x7168][4096x1161x7168][4096x662x7168][4096x205x7168][4096x564x7168][4096x867x7168][4096x1267x7168][4096x170x7168][4096x263x7168][4096x170x7168][4096x1041x7168][4096x452x7168][4096x1383x7168][4096x170x7168][4096x170x7168]',,tensorop,f32,128,128,64,2,4,1,2,1,1,12,4,1,1,128,128,16,100,110,7113539584,3848827568128,541,4.49824,1472.8,855629
1,CUTLASS,grouped_gemm,cutlass3x_sm100_tensorop_gemm_grouped_bf16_bf16_f32_bf16_bf16_128x128x64_2x4x1_0_tnn_align8_stream_k_2sm_epi_tma,passed,success,grouped,,,,,bf16:row,bf16:column,bf16:column,bf16:column,1,0,invalid,invalid,heuristic,1,false,'[4096x375x7168][4096x2436x7168][4096x1301x7168][4096x170x7168][4096x1228x7168][4096x170x7168][4096x170x7168][4096x576x7168][4096x170x7168][4096x2703x7168][4096x2728x7168][4096x1099x7168][4096x170x7168][4096x170x7168][4096x170x7168][4096x2318x7168][4096x2180x7168][4096x711x7168][4096x293x7168][4096x172x7168][4096x170x7168][4096x655x7168][4096x1361x7168][4096x1240x7168][4096x170x7168][4096x170x7168][4096x275x7168][4096x1303x7168][4096x170x7168][4096x1322x7168][4096x170x7168][4096x1002x7168][4096x928x7168][4096x170x7168][4096x537x7168][4096x1377x7168][4096x1076x7168][4096x178x7168][4096x2180x7168][4096x1263x7168][4096x244x7168][4096x1375x7168][4096x170x7168][4096x170x7168][4096x170x7168][4096x1131x7168][4096x428x7168][4096x668x7168][4096x243x7168][4096x1390x7168][4096x170x7168][4096x684x7168][4096x170x7168][4096x1420x7168][4096x190x7168][4096x303x7168][4096x170x7168][4096x170x7168][4096x491x7168][4096x1022x7168][4096x170x7168][4096x170x7168][4096x1564x7168][4096x195x7168][4096x518x7168][4096x171x7168][4096x520x7168][4096x623x7168][4096x170x7168][4096x170x7168][4096x170x7168][4096x170x7168][4096x170x7168][4096x1021x7168][4096x321x7168][4096x349x7168][4096x2424x7168][4096x522x7168][4096x1148x7168][4096x170x7168][4096x170x7168][4096x279x7168][4096x1161x7168][4096x662x7168][4096x205x7168][4096x564x7168][4096x867x7168][4096x1267x7168][4096x170x7168][4096x263x7168][4096x170x7168][4096x1041x7168][4096x452x7168][4096x1383x7168][4096x170x7168][4096x170x7168]',,tensorop,f32,128,128,64,2,4,1,2,1,1,12,4,1,1,128,128,16,100,110,7113539584,3848827568128,541,4.50531,1470.49,854288
1,CUTLASS,grouped_gemm,cutlass3x_sm100_tensorop_gemm_grouped_bf16_bf16_f32_bf16_bf16_128x128x64_4x2x1_0_tnn_align8_2sm_epi_tma,passed,success,grouped,,,,,bf16:row,bf16:column,bf16:column,bf16:column,1,0,invalid,invalid,heuristic,1,false,'[4096x375x7168][4096x2436x7168][4096x1301x7168][4096x170x7168][4096x1228x7168][4096x170x7168][4096x170x7168][4096x576x7168][4096x170x7168][4096x2703x7168][4096x2728x7168][4096x1099x7168][4096x170x7168][4096x170x7168][4096x170x7168][4096x2318x7168][4096x2180x7168][4096x711x7168][4096x293x7168][4096x172x7168][4096x170x7168][4096x655x7168][4096x1361x7168][4096x1240x7168][4096x170x7168][4096x170x7168][4096x275x7168][4096x1303x7168][4096x170x7168][4096x1322x7168][4096x170x7168][4096x1002x7168][4096x928x7168][4096x170x7168][4096x537x7168][4096x1377x7168][4096x1076x7168][4096x178x7168][4096x2180x7168][4096x1263x7168][4096x244x7168][4096x1375x7168][4096x170x7168][4096x170x7168][4096x170x7168][4096x1131x7168][4096x428x7168][4096x668x7168][4096x243x7168][4096x1390x7168][4096x170x7168][4096x684x7168][4096x170x7168][4096x1420x7168][4096x190x7168][4096x303x7168][4096x170x7168][4096x170x7168][4096x491x7168][4096x1022x7168][4096x170x7168][4096x170x7168][4096x1564x7168][4096x195x7168][4096x518x7168][4096x171x7168][4096x520x7168][4096x623x7168][4096x170x7168][4096x170x7168][4096x170x7168][4096x170x7168][4096x170x7168][4096x1021x7168][4096x321x7168][4096x349x7168][4096x2424x7168][4096x522x7168][4096x1148x7168][4096x170x7168][4096x170x7168][4096x279x7168][4096x1161x7168][4096x662x7168][4096x205x7168][4096x564x7168][4096x867x7168][4096x1267x7168][4096x170x7168][4096x263x7168][4096x170x7168][4096x1041x7168][4096x452x7168][4096x1383x7168][4096x170x7168][4096x170x7168]',,tensorop,f32,128,128,64,4,2,1,2,1,1,12,4,1,1,128,128,16,100,110,7113539584,3848827568128,541,3.4726,1907.79,1.10834e+06
1,CUTLASS,grouped_gemm,cutlass3x_sm100_tensorop_gemm_grouped_bf16_bf16_f32_bf16_bf16_128x128x64_4x2x1_0_tnn_align8_stream_k_2sm_epi_tma,passed,success,grouped,,,,,bf16:row,bf16:column,bf16:column,bf16:column,1,0,invalid,invalid,heuristic,1,false,'[4096x375x7168][4096x2436x7168][4096x1301x7168][4096x170x7168][4096x1228x7168][4096x170x7168][4096x170x7168][4096x576x7168][4096x170x7168][4096x2703x7168][4096x2728x7168][4096x1099x7168][4096x170x7168][4096x170x7168][4096x170x7168][4096x2318x7168][4096x2180x7168][4096x711x7168][4096x293x7168][4096x172x7168][4096x170x7168][4096x655x7168][4096x1361x7168][4096x1240x7168][4096x170x7168][4096x170x7168][4096x275x7168][4096x1303x7168][4096x170x7168][4096x1322x7168][4096x170x7168][4096x1002x7168][4096x928x7168][4096x170x7168][4096x537x7168][4096x1377x7168][4096x1076x7168][4096x178x7168][4096x2180x7168][4096x1263x7168][4096x244x7168][4096x1375x7168][4096x170x7168][4096x170x7168][4096x170x7168][4096x1131x7168][4096x428x7168][4096x668x7168][4096x243x7168][4096x1390x7168][4096x170x7168][4096x684x7168][4096x170x7168][4096x1420x7168][4096x190x7168][4096x303x7168][4096x170x7168][4096x170x7168][4096x491x7168][4096x1022x7168][4096x170x7168][4096x170x7168][4096x1564x7168][4096x195x7168][4096x518x7168][4096x171x7168][4096x520x7168][4096x623x7168][4096x170x7168][4096x170x7168][4096x170x7168][4096x170x7168][4096x170x7168][4096x1021x7168][4096x321x7168][4096x349x7168][4096x2424x7168][4096x522x7168][4096x1148x7168][4096x170x7168][4096x170x7168][4096x279x7168][4096x1161x7168][4096x662x7168][4096x205x7168][4096x564x7168][4096x867x7168][4096x1267x7168][4096x170x7168][4096x263x7168][4096x170x7168][4096x1041x7168][4096x452x7168][4096x1383x7168][4096x170x7168][4096x170x7168]',,tensorop,f32,128,128,64,4,2,1,2,1,1,12,4,1,1,128,128,16,100,110,7113539584,3848827568128,541,3.47502,1906.46,1.10757e+06
1,CUTLASS,grouped_gemm,cutlass3x_sm100_tensorop_gemm_grouped_bf16_bf16_f32_bf16_bf16_128x128x64_4x4x1_0_tnn_align8_2sm_epi_tma,passed,success,grouped,,,,,bf16:row,bf16:column,bf16:column,bf16:column,1,0,invalid,invalid,heuristic,1,false,'[4096x375x7168][4096x2436x7168][4096x1301x7168][4096x170x7168][4096x1228x7168][4096x170x7168][4096x170x7168][4096x576x7168][4096x170x7168][4096x2703x7168][4096x2728x7168][4096x1099x7168][4096x170x7168][4096x170x7168][4096x170x7168][4096x2318x7168][4096x2180x7168][4096x711x7168][4096x293x7168][4096x172x7168][4096x170x7168][4096x655x7168][4096x1361x7168][4096x1240x7168][4096x170x7168][4096x170x7168][4096x275x7168][4096x1303x7168][4096x170x7168][4096x1322x7168][4096x170x7168][4096x1002x7168][4096x928x7168][4096x170x7168][4096x537x7168][4096x1377x7168][4096x1076x7168][4096x178x7168][4096x2180x7168][4096x1263x7168][4096x244x7168][4096x1375x7168][4096x170x7168][4096x170x7168][4096x170x7168][4096x1131x7168][4096x428x7168][4096x668x7168][4096x243x7168][4096x1390x7168][4096x170x7168][4096x684x7168][4096x170x7168][4096x1420x7168][4096x190x7168][4096x303x7168][4096x170x7168][4096x170x7168][4096x491x7168][4096x1022x7168][4096x170x7168][4096x170x7168][4096x1564x7168][4096x195x7168][4096x518x7168][4096x171x7168][4096x520x7168][4096x623x7168][4096x170x7168][4096x170x7168][4096x170x7168][4096x170x7168][4096x170x7168][4096x1021x7168][4096x321x7168][4096x349x7168][4096x2424x7168][4096x522x7168][4096x1148x7168][4096x170x7168][4096x170x7168][4096x279x7168][4096x1161x7168][4096x662x7168][4096x205x7168][4096x564x7168][4096x867x7168][4096x1267x7168][4096x170x7168][4096x263x7168][4096x170x7168][4096x1041x7168][4096x452x7168][4096x1383x7168][4096x170x7168][4096x170x7168]',,tensorop,f32,128,128,64,4,4,1,2,1,1,12,4,1,1,128,128,16,100,110,7113539584,3848827568128,541,4.41427,1500.81,871905
1,CUTLASS,grouped_gemm,cutlass3x_sm100_tensorop_gemm_grouped_bf16_bf16_f32_bf16_bf16_128x128x64_4x4x1_0_tnn_align8_stream_k_2sm_epi_tma,passed,success,grouped,,,,,bf16:row,bf16:column,bf16:column,bf16:column,1,0,invalid,invalid,heuristic,1,false,'[4096x375x7168][4096x2436x7168][4096x1301x7168][4096x170x7168][4096x1228x7168][4096x170x7168][4096x170x7168][4096x576x7168][4096x170x7168][4096x2703x7168][4096x2728x7168][4096x1099x7168][4096x170x7168][4096x170x7168][4096x170x7168][4096x2318x7168][4096x2180x7168][4096x711x7168][4096x293x7168][4096x172x7168][4096x170x7168][4096x655x7168][4096x1361x7168][4096x1240x7168][4096x170x7168][4096x170x7168][4096x275x7168][4096x1303x7168][4096x170x7168][4096x1322x7168][4096x170x7168][4096x1002x7168][4096x928x7168][4096x170x7168][4096x537x7168][4096x1377x7168][4096x1076x7168][4096x178x7168][4096x2180x7168][4096x1263x7168][4096x244x7168][4096x1375x7168][4096x170x7168][4096x170x7168][4096x170x7168][4096x1131x7168][4096x428x7168][4096x668x7168][4096x243x7168][4096x1390x7168][4096x170x7168][4096x684x7168][4096x170x7168][4096x1420x7168][4096x190x7168][4096x303x7168][4096x170x7168][4096x170x7168][4096x491x7168][4096x1022x7168][4096x170x7168][4096x170x7168][4096x1564x7168][4096x195x7168][4096x518x7168][4096x171x7168][4096x520x7168][4096x623x7168][4096x170x7168][4096x170x7168][4096x170x7168][4096x170x7168][4096x170x7168][4096x1021x7168][4096x321x7168][4096x349x7168][4096x2424x7168][4096x522x7168][4096x1148x7168][4096x170x7168][4096x170x7168][4096x279x7168][4096x1161x7168][4096x662x7168][4096x205x7168][4096x564x7168][4096x867x7168][4096x1267x7168][4096x170x7168][4096x263x7168][4096x170x7168][4096x1041x7168][4096x452x7168][4096x1383x7168][4096x170x7168][4096x170x7168]',,tensorop,f32,128,128,64,4,4,1,2,1,1,12,4,1,1,128,128,16,100,110,7113539584,3848827568128,541,4.41454,1500.72,871853
1,CUTLASS,grouped_gemm,cutlass3x_sm100_tensorop_gemm_grouped_bf16_bf16_f32_bf16_bf16_128x256x64_0x0x1_0_nnn_align8_2sm_epi_tma,passed,success,grouped,,,,,bf16:column,bf16:column,bf16:column,bf16:column,1,0,invalid,invalid,heuristic,1,false,'[4096x375x7168][4096x2436x7168][4096x1301x7168][4096x170x7168][4096x1228x7168][4096x170x7168][4096x170x7168][4096x576x7168][4096x170x7168][4096x2703x7168][4096x2728x7168][4096x1099x7168][4096x170x7168][4096x170x7168][4096x170x7168][4096x2318x7168][4096x2180x7168][4096x711x7168][4096x293x7168][4096x172x7168][4096x170x7168][4096x655x7168][4096x1361x7168][4096x1240x7168][4096x170x7168][4096x170x7168][4096x275x7168][4096x1303x7168][4096x170x7168][4096x1322x7168][4096x170x7168][4096x1002x7168][4096x928x7168][4096x170x7168][4096x537x7168][4096x1377x7168][4096x1076x7168][4096x178x7168][4096x2180x7168][4096x1263x7168][4096x244x7168][4096x1375x7168][4096x170x7168][4096x170x7168][4096x170x7168][4096x1131x7168][4096x428x7168][4096x668x7168][4096x243x7168][4096x1390x7168][4096x170x7168][4096x684x7168][4096x170x7168][4096x1420x7168][4096x190x7168][4096x303x7168][4096x170x7168][4096x170x7168][4096x491x7168][4096x1022x7168][4096x170x7168][4096x170x7168][4096x1564x7168][4096x195x7168][4096x518x7168][4096x171x7168][4096x520x7168][4096x623x7168][4096x170x7168][4096x170x7168][4096x170x7168][4096x170x7168][4096x170x7168][4096x1021x7168][4096x321x7168][4096x349x7168][4096x2424x7168][4096x522x7168][4096x1148x7168][4096x170x7168][4096x170x7168][4096x279x7168][4096x1161x7168][4096x662x7168][4096x205x7168][4096x564x7168][4096x867x7168][4096x1267x7168][4096x170x7168][4096x263x7168][4096x170x7168][4096x1041x7168][4096x452x7168][4096x1383x7168][4096x170x7168][4096x170x7168]',,tensorop,f32,128,256,64,2,1,1,2,1,1,7,4,1,1,128,256,16,100,110,7113539584,3848827568128,541,3.52612,1878.84,1.09152e+06
1,CUTLASS,grouped_gemm,cutlass3x_sm100_tensorop_gemm_grouped_bf16_bf16_f32_bf16_bf16_128x256x64_0x0x1_0_nnn_align8_stream_k_2sm_epi_tma,passed,success,grouped,,,,,bf16:column,bf16:column,bf16:column,bf16:column,1,0,invalid,invalid,heuristic,1,false,'[4096x375x7168][4096x2436x7168][4096x1301x7168][4096x170x7168][4096x1228x7168][4096x170x7168][4096x170x7168][4096x576x7168][4096x170x7168][4096x2703x7168][4096x2728x7168][4096x1099x7168][4096x170x7168][4096x170x7168][4096x170x7168][4096x2318x7168][4096x2180x7168][4096x711x7168][4096x293x7168][4096x172x7168][4096x170x7168][4096x655x7168][4096x1361x7168][4096x1240x7168][4096x170x7168][4096x170x7168][4096x275x7168][4096x1303x7168][4096x170x7168][4096x1322x7168][4096x170x7168][4096x1002x7168][4096x928x7168][4096x170x7168][4096x537x7168][4096x1377x7168][4096x1076x7168][4096x178x7168][4096x2180x7168][4096x1263x7168][4096x244x7168][4096x1375x7168][4096x170x7168][4096x170x7168][4096x170x7168][4096x1131x7168][4096x428x7168][4096x668x7168][4096x243x7168][4096x1390x7168][4096x170x7168][4096x684x7168][4096x170x7168][4096x1420x7168][4096x190x7168][4096x303x7168][4096x170x7168][4096x170x7168][4096x491x7168][4096x1022x7168][4096x170x7168][4096x170x7168][4096x1564x7168][4096x195x7168][4096x518x7168][4096x171x7168][4096x520x7168][4096x623x7168][4096x170x7168][4096x170x7168][4096x170x7168][4096x170x7168][4096x170x7168][4096x1021x7168][4096x321x7168][4096x349x7168][4096x2424x7168][4096x522x7168][4096x1148x7168][4096x170x7168][4096x170x7168][4096x279x7168][4096x1161x7168][4096x662x7168][4096x205x7168][4096x564x7168][4096x867x7168][4096x1267x7168][4096x170x7168][4096x263x7168][4096x170x7168][4096x1041x7168][4096x452x7168][4096x1383x7168][4096x170x7168][4096x170x7168]',,tensorop,f32,128,256,64,2,1,1,2,1,1,7,4,1,1,128,256,16,100,110,7113539584,3848827568128,541,3.55376,1864.22,1.08303e+06
1,CUTLASS,grouped_gemm,cutlass3x_sm100_tensorop_gemm_grouped_bf16_bf16_f32_bf16_bf16_128x256x64_2x1x1_0_nnn_align8_2sm_epi_tma,passed,success,grouped,,,,,bf16:column,bf16:column,bf16:column,bf16:column,1,0,invalid,invalid,heuristic,1,false,'[4096x375x7168][4096x2436x7168][4096x1301x7168][4096x170x7168][4096x1228x7168][4096x170x7168][4096x170x7168][4096x576x7168][4096x170x7168][4096x2703x7168][4096x2728x7168][4096x1099x7168][4096x170x7168][4096x170x7168][4096x170x7168][4096x2318x7168][4096x2180x7168][4096x711x7168][4096x293x7168][4096x172x7168][4096x170x7168][4096x655x7168][4096x1361x7168][4096x1240x7168][4096x170x7168][4096x170x7168][4096x275x7168][4096x1303x7168][4096x170x7168][4096x1322x7168][4096x170x7168][4096x1002x7168][4096x928x7168][4096x170x7168][4096x537x7168][4096x1377x7168][4096x1076x7168][4096x178x7168][4096x2180x7168][4096x1263x7168][4096x244x7168][4096x1375x7168][4096x170x7168][4096x170x7168][4096x170x7168][4096x1131x7168][4096x428x7168][4096x668x7168][4096x243x7168][4096x1390x7168][4096x170x7168][4096x684x7168][4096x170x7168][4096x1420x7168][4096x190x7168][4096x303x7168][4096x170x7168][4096x170x7168][4096x491x7168][4096x1022x7168][4096x170x7168][4096x170x7168][4096x1564x7168][4096x195x7168][4096x518x7168][4096x171x7168][4096x520x7168][4096x623x7168][4096x170x7168][4096x170x7168][4096x170x7168][4096x170x7168][4096x170x7168][4096x1021x7168][4096x321x7168][4096x349x7168][4096x2424x7168][4096x522x7168][4096x1148x7168][4096x170x7168][4096x170x7168][4096x279x7168][4096x1161x7168][4096x662x7168][4096x205x7168][4096x564x7168][4096x867x7168][4096x1267x7168][4096x170x7168][4096x263x7168][4096x170x7168][4096x1041x7168][4096x452x7168][4096x1383x7168][4096x170x7168][4096x170x7168]',,tensorop,f32,128,256,64,2,1,1,2,1,1,7,4,1,1,128,256,16,100,110,7113539584,3848827568128,541,3.53489,1874.17,1.08881e+06
1,CUTLASS,grouped_gemm,cutlass3x_sm100_tensorop_gemm_grouped_bf16_bf16_f32_bf16_bf16_128x256x64_2x1x1_0_nnn_align8_stream_k_2sm_epi_tma,passed,success,grouped,,,,,bf16:column,bf16:column,bf16:column,bf16:column,1,0,invalid,invalid,heuristic,1,false,'[4096x375x7168][4096x2436x7168][4096x1301x7168][4096x170x7168][4096x1228x7168][4096x170x7168][4096x170x7168][4096x576x7168][4096x170x7168][4096x2703x7168][4096x2728x7168][4096x1099x7168][4096x170x7168][4096x170x7168][4096x170x7168][4096x2318x7168][4096x2180x7168][4096x711x7168][4096x293x7168][4096x172x7168][4096x170x7168][4096x655x7168][4096x1361x7168][4096x1240x7168][4096x170x7168][4096x170x7168][4096x275x7168][4096x1303x7168][4096x170x7168][4096x1322x7168][4096x170x7168][4096x1002x7168][4096x928x7168][4096x170x7168][4096x537x7168][4096x1377x7168][4096x1076x7168][4096x178x7168][4096x2180x7168][4096x1263x7168][4096x244x7168][4096x1375x7168][4096x170x7168][4096x170x7168][4096x170x7168][4096x1131x7168][4096x428x7168][4096x668x7168][4096x243x7168][4096x1390x7168][4096x170x7168][4096x684x7168][4096x170x7168][4096x1420x7168][4096x190x7168][4096x303x7168][4096x170x7168][4096x170x7168][4096x491x7168][4096x1022x7168][4096x170x7168][4096x170x7168][4096x1564x7168][4096x195x7168][4096x518x7168][4096x171x7168][4096x520x7168][4096x623x7168][4096x170x7168][4096x170x7168][4096x170x7168][4096x170x7168][4096x170x7168][4096x1021x7168][4096x321x7168][4096x349x7168][4096x2424x7168][4096x522x7168][4096x1148x7168][4096x170x7168][4096x170x7168][4096x279x7168][4096x1161x7168][4096x662x7168][4096x205x7168][4096x564x7168][4096x867x7168][4096x1267x7168][4096x170x7168][4096x263x7168][4096x170x7168][4096x1041x7168][4096x452x7168][4096x1383x7168][4096x170x7168][4096x170x7168]',,tensorop,f32,128,256,64,2,1,1,2,1,1,7,4,1,1,128,256,16,100,110,7113539584,3848827568128,541,3.521,1881.57,1.09311e+06
1,CUTLASS,grouped_gemm,cutlass3x_sm100_tensorop_gemm_grouped_bf16_bf16_f32_bf16_bf16_128x256x64_2x2x1_0_nnn_align8_2sm_epi_tma,passed,success,grouped,,,,,bf16:column,bf16:column,bf16:column,bf16:column,1,0,invalid,invalid,heuristic,1,false,'[4096x375x7168][4096x2436x7168][4096x1301x7168][4096x170x7168][4096x1228x7168][4096x170x7168][4096x170x7168][4096x576x7168][4096x170x7168][4096x2703x7168][4096x2728x7168][4096x1099x7168][4096x170x7168][4096x170x7168][4096x170x7168][4096x2318x7168][4096x2180x7168][4096x711x7168][4096x293x7168][4096x172x7168][4096x170x7168][4096x655x7168][4096x1361x7168][4096x1240x7168][4096x170x7168][4096x170x7168][4096x275x7168][4096x1303x7168][4096x170x7168][4096x1322x7168][4096x170x7168][4096x1002x7168][4096x928x7168][4096x170x7168][4096x537x7168][4096x1377x7168][4096x1076x7168][4096x178x7168][4096x2180x7168][4096x1263x7168][4096x244x7168][4096x1375x7168][4096x170x7168][4096x170x7168][4096x170x7168][4096x1131x7168][4096x428x7168][4096x668x7168][4096x243x7168][4096x1390x7168][4096x170x7168][4096x684x7168][4096x170x7168][4096x1420x7168][4096x190x7168][4096x303x7168][4096x170x7168][4096x170x7168][4096x491x7168][4096x1022x7168][4096x170x7168][4096x170x7168][4096x1564x7168][4096x195x7168][4096x518x7168][4096x171x7168][4096x520x7168][4096x623x7168][4096x170x7168][4096x170x7168][4096x170x7168][4096x170x7168][4096x170x7168][4096x1021x7168][4096x321x7168][4096x349x7168][4096x2424x7168][4096x522x7168][4096x1148x7168][4096x170x7168][4096x170x7168][4096x279x7168][4096x1161x7168][4096x662x7168][4096x205x7168][4096x564x7168][4096x867x7168][4096x1267x7168][4096x170x7168][4096x263x7168][4096x170x7168][4096x1041x7168][4096x452x7168][4096x1383x7168][4096x170x7168][4096x170x7168]',,tensorop,f32,128,256,64,2,2,1,2,1,1,7,4,1,1,128,256,16,100,110,7113539584,3848827568128,541,3.92035,1689.9,981757
1,CUTLASS,grouped_gemm,cutlass3x_sm100_tensorop_gemm_grouped_bf16_bf16_f32_bf16_bf16_128x256x64_2x2x1_0_nnn_align8_stream_k_2sm_epi_tma,passed,success,grouped,,,,,bf16:column,bf16:column,bf16:column,bf16:column,1,0,invalid,invalid,heuristic,1,false,'[4096x375x7168][4096x2436x7168][4096x1301x7168][4096x170x7168][4096x1228x7168][4096x170x7168][4096x170x7168][4096x576x7168][4096x170x7168][4096x2703x7168][4096x2728x7168][4096x1099x7168][4096x170x7168][4096x170x7168][4096x170x7168][4096x2318x7168][4096x2180x7168][4096x711x7168][4096x293x7168][4096x172x7168][4096x170x7168][4096x655x7168][4096x1361x7168][4096x1240x7168][4096x170x7168][4096x170x7168][4096x275x7168][4096x1303x7168][4096x170x7168][4096x1322x7168][4096x170x7168][4096x1002x7168][4096x928x7168][4096x170x7168][4096x537x7168][4096x1377x7168][4096x1076x7168][4096x178x7168][4096x2180x7168][4096x1263x7168][4096x244x7168][4096x1375x7168][4096x170x7168][4096x170x7168][4096x170x7168][4096x1131x7168][4096x428x7168][4096x668x7168][4096x243x7168][4096x1390x7168][4096x170x7168][4096x684x7168][4096x170x7168][4096x1420x7168][4096x190x7168][4096x303x7168][4096x170x7168][4096x170x7168][4096x491x7168][4096x1022x7168][4096x170x7168][4096x170x7168][4096x1564x7168][4096x195x7168][4096x518x7168][4096x171x7168][4096x520x7168][4096x623x7168][4096x170x7168][4096x170x7168][4096x170x7168][4096x170x7168][4096x170x7168][4096x1021x7168][4096x321x7168][4096x349x7168][4096x2424x7168][4096x522x7168][4096x1148x7168][4096x170x7168][4096x170x7168][4096x279x7168][4096x1161x7168][4096x662x7168][4096x205x7168][4096x564x7168][4096x867x7168][4096x1267x7168][4096x170x7168][4096x263x7168][4096x170x7168][4096x1041x7168][4096x452x7168][4096x1383x7168][4096x170x7168][4096x170x7168]',,tensorop,f32,128,256,64,2,2,1,2,1,1,7,4,1,1,128,256,16,100,110,7113539584,3848827568128,541,3.91107,1693.91,984086
1,CUTLASS,grouped_gemm,cutlass3x_sm100_tensorop_gemm_grouped_bf16_bf16_f32_bf16_bf16_128x256x64_4x1x1_0_nnn_align8_2sm_epi_tma,passed,success,grouped,,,,,bf16:column,bf16:column,bf16:column,bf16:column,1,0,invalid,invalid,heuristic,1,false,'[4096x375x7168][4096x2436x7168][4096x1301x7168][4096x170x7168][4096x1228x7168][4096x170x7168][4096x170x7168][4096x576x7168][4096x170x7168][4096x2703x7168][4096x2728x7168][4096x1099x7168][4096x170x7168][4096x170x7168][4096x170x7168][4096x2318x7168][4096x2180x7168][4096x711x7168][4096x293x7168][4096x172x7168][4096x170x7168][4096x655x7168][4096x1361x7168][4096x1240x7168][4096x170x7168][4096x170x7168][4096x275x7168][4096x1303x7168][4096x170x7168][4096x1322x7168][4096x170x7168][4096x1002x7168][4096x928x7168][4096x170x7168][4096x537x7168][4096x1377x7168][4096x1076x7168][4096x178x7168][4096x2180x7168][4096x1263x7168][4096x244x7168][4096x1375x7168][4096x170x7168][4096x170x7168][4096x170x7168][4096x1131x7168][4096x428x7168][4096x668x7168][4096x243x7168][4096x1390x7168][4096x170x7168][4096x684x7168][4096x170x7168][4096x1420x7168][4096x190x7168][4096x303x7168][4096x170x7168][4096x170x7168][4096x491x7168][4096x1022x7168][4096x170x7168][4096x170x7168][4096x1564x7168][4096x195x7168][4096x518x7168][4096x171x7168][4096x520x7168][4096x623x7168][4096x170x7168][4096x170x7168][4096x170x7168][4096x170x7168][4096x170x7168][4096x1021x7168][4096x321x7168][4096x349x7168][4096x2424x7168][4096x522x7168][4096x1148x7168][4096x170x7168][4096x170x7168][4096x279x7168][4096x1161x7168][4096x662x7168][4096x205x7168][4096x564x7168][4096x867x7168][4096x1267x7168][4096x170x7168][4096x263x7168][4096x170x7168][4096x1041x7168][4096x452x7168][4096x1383x7168][4096x170x7168][4096x170x7168]',,tensorop,f32,128,256,64,4,1,1,2,1,1,7,4,1,1,128,256,16,100,110,7113539584,3848827568128,541,2.81706,2351.74,1.36626e+06
1,CUTLASS,grouped_gemm,cutlass3x_sm100_tensorop_gemm_grouped_bf16_bf16_f32_bf16_bf16_128x256x64_4x1x1_0_nnn_align8_stream_k_2sm_epi_tma,passed,success,grouped,,,,,bf16:column,bf16:column,bf16:column,bf16:column,1,0,invalid,invalid,heuristic,1,false,'[4096x375x7168][4096x2436x7168][4096x1301x7168][4096x170x7168][4096x1228x7168][4096x170x7168][4096x170x7168][4096x576x7168][4096x170x7168][4096x2703x7168][4096x2728x7168][4096x1099x7168][4096x170x7168][4096x170x7168][4096x170x7168][4096x2318x7168][4096x2180x7168][4096x711x7168][4096x293x7168][4096x172x7168][4096x170x7168][4096x655x7168][4096x1361x7168][4096x1240x7168][4096x170x7168][4096x170x7168][4096x275x7168][4096x1303x7168][4096x170x7168][4096x1322x7168][4096x170x7168][4096x1002x7168][4096x928x7168][4096x170x7168][4096x537x7168][4096x1377x7168][4096x1076x7168][4096x178x7168][4096x2180x7168][4096x1263x7168][4096x244x7168][4096x1375x7168][4096x170x7168][4096x170x7168][4096x170x7168][4096x1131x7168][4096x428x7168][4096x668x7168][4096x243x7168][4096x1390x7168][4096x170x7168][4096x684x7168][4096x170x7168][4096x1420x7168][4096x190x7168][4096x303x7168][4096x170x7168][4096x170x7168][4096x491x7168][4096x1022x7168][4096x170x7168][4096x170x7168][4096x1564x7168][4096x195x7168][4096x518x7168][4096x171x7168][4096x520x7168][4096x623x7168][4096x170x7168][4096x170x7168][4096x170x7168][4096x170x7168][4096x170x7168][4096x1021x7168][4096x321x7168][4096x349x7168][4096x2424x7168][4096x522x7168][4096x1148x7168][4096x170x7168][4096x170x7168][4096x279x7168][4096x1161x7168][4096x662x7168][4096x205x7168][4096x564x7168][4096x867x7168][4096x1267x7168][4096x170x7168][4096x263x7168][4096x170x7168][4096x1041x7168][4096x452x7168][4096x1383x7168][4096x170x7168][4096x170x7168]',,tensorop,f32,128,256,64,4,1,1,2,1,1,7,4,1,1,128,256,16,100,110,7113539584,3848827568128,541,2.80404,2362.66,1.3726e+06
1,CUTLASS,grouped_gemm,cutlass3x_sm100_tensorop_gemm_grouped_bf16_bf16_f32_bf16_bf16_128x256x64_2x4x1_0_nnn_align8_2sm_epi_tma,passed,success,grouped,,,,,bf16:column,bf16:column,bf16:column,bf16:column,1,0,invalid,invalid,heuristic,1,false,'[4096x375x7168][4096x2436x7168][4096x1301x7168][4096x170x7168][4096x1228x7168][4096x170x7168][4096x170x7168][4096x576x7168][4096x170x7168][4096x2703x7168][4096x2728x7168][4096x1099x7168][4096x170x7168][4096x170x7168][4096x170x7168][4096x2318x7168][4096x2180x7168][4096x711x7168][4096x293x7168][4096x172x7168][4096x170x7168][4096x655x7168][4096x1361x7168][4096x1240x7168][4096x170x7168][4096x170x7168][4096x275x7168][4096x1303x7168][4096x170x7168][4096x1322x7168][4096x170x7168][4096x1002x7168][4096x928x7168][4096x170x7168][4096x537x7168][4096x1377x7168][4096x1076x7168][4096x178x7168][4096x2180x7168][4096x1263x7168][4096x244x7168][4096x1375x7168][4096x170x7168][4096x170x7168][4096x170x7168][4096x1131x7168][4096x428x7168][4096x668x7168][4096x243x7168][4096x1390x7168][4096x170x7168][4096x684x7168][4096x170x7168][4096x1420x7168][4096x190x7168][4096x303x7168][4096x170x7168][4096x170x7168][4096x491x7168][4096x1022x7168][4096x170x7168][4096x170x7168][4096x1564x7168][4096x195x7168][4096x518x7168][4096x171x7168][4096x520x7168][4096x623x7168][4096x170x7168][4096x170x7168][4096x170x7168][4096x170x7168][4096x170x7168][4096x1021x7168][4096x321x7168][4096x349x7168][4096x2424x7168][4096x522x7168][4096x1148x7168][4096x170x7168][4096x170x7168][4096x279x7168][4096x1161x7168][4096x662x7168][4096x205x7168][4096x564x7168][4096x867x7168][4096x1267x7168][4096x170x7168][4096x263x7168][4096x170x7168][4096x1041x7168][4096x452x7168][4096x1383x7168][4096x170x7168][4096x170x7168]',,tensorop,f32,128,256,64,2,4,1,2,1,1,7,4,1,1,128,256,16,100,110,7113539584,3848827568128,541,6.48053,1022.29,593906
1,CUTLASS,grouped_gemm,cutlass3x_sm100_tensorop_gemm_grouped_bf16_bf16_f32_bf16_bf16_128x256x64_2x4x1_0_nnn_align8_stream_k_2sm_epi_tma,passed,success,grouped,,,,,bf16:column,bf16:column,bf16:column,bf16:column,1,0,invalid,invalid,heuristic,1,false,'[4096x375x7168][4096x2436x7168][4096x1301x7168][4096x170x7168][4096x1228x7168][4096x170x7168][4096x170x7168][4096x576x7168][4096x170x7168][4096x2703x7168][4096x2728x7168][4096x1099x7168][4096x170x7168][4096x170x7168][4096x170x7168][4096x2318x7168][4096x2180x7168][4096x711x7168][4096x293x7168][4096x172x7168][4096x170x7168][4096x655x7168][4096x1361x7168][4096x1240x7168][4096x170x7168][4096x170x7168][4096x275x7168][4096x1303x7168][4096x170x7168][4096x1322x7168][4096x170x7168][4096x1002x7168][4096x928x7168][4096x170x7168][4096x537x7168][4096x1377x7168][4096x1076x7168][4096x178x7168][4096x2180x7168][4096x1263x7168][4096x244x7168][4096x1375x7168][4096x170x7168][4096x170x7168][4096x170x7168][4096x1131x7168][4096x428x7168][4096x668x7168][4096x243x7168][4096x1390x7168][4096x170x7168][4096x684x7168][4096x170x7168][4096x1420x7168][4096x190x7168][4096x303x7168][4096x170x7168][4096x170x7168][4096x491x7168][4096x1022x7168][4096x170x7168][4096x170x7168][4096x1564x7168][4096x195x7168][4096x518x7168][4096x171x7168][4096x520x7168][4096x623x7168][4096x170x7168][4096x170x7168][4096x170x7168][4096x170x7168][4096x170x7168][4096x1021x7168][4096x321x7168][4096x349x7168][4096x2424x7168][4096x522x7168][4096x1148x7168][4096x170x7168][4096x170x7168][4096x279x7168][4096x1161x7168][4096x662x7168][4096x205x7168][4096x564x7168][4096x867x7168][4096x1267x7168][4096x170x7168][4096x263x7168][4096x170x7168][4096x1041x7168][4096x452x7168][4096x1383x7168][4096x170x7168][4096x170x7168]',,tensorop,f32,128,256,64,2,4,1,2,1,1,7,4,1,1,128,256,16,100,110,7113539584,3848827568128,541,6.49313,1020.31,592754
1,CUTLASS,grouped_gemm,cutlass3x_sm100_tensorop_gemm_grouped_bf16_bf16_f32_bf16_bf16_128x256x64_4x2x1_0_nnn_align8_2sm_epi_tma,passed,success,grouped,,,,,bf16:column,bf16:column,bf16:column,bf16:column,1,0,invalid,invalid,heuristic,1,false,'[4096x375x7168][4096x2436x7168][4096x1301x7168][4096x170x7168][4096x1228x7168][4096x170x7168][4096x170x7168][4096x576x7168][4096x170x7168][4096x2703x7168][4096x2728x7168][4096x1099x7168][4096x170x7168][4096x170x7168][4096x170x7168][4096x2318x7168][4096x2180x7168][4096x711x7168][4096x293x7168][4096x172x7168][4096x170x7168][4096x655x7168][4096x1361x7168][4096x1240x7168][4096x170x7168][4096x170x7168][4096x275x7168][4096x1303x7168][4096x170x7168][4096x1322x7168][4096x170x7168][4096x1002x7168][4096x928x7168][4096x170x7168][4096x537x7168][4096x1377x7168][4096x1076x7168][4096x178x7168][4096x2180x7168][4096x1263x7168][4096x244x7168][4096x1375x7168][4096x170x7168][4096x170x7168][4096x170x7168][4096x1131x7168][4096x428x7168][4096x668x7168][4096x243x7168][4096x1390x7168][4096x170x7168][4096x684x7168][4096x170x7168][4096x1420x7168][4096x190x7168][4096x303x7168][4096x170x7168][4096x170x7168][4096x491x7168][4096x1022x7168][4096x170x7168][4096x170x7168][4096x1564x7168][4096x195x7168][4096x518x7168][4096x171x7168][4096x520x7168][4096x623x7168][4096x170x7168][4096x170x7168][4096x170x7168][4096x170x7168][4096x170x7168][4096x1021x7168][4096x321x7168][4096x349x7168][4096x2424x7168][4096x522x7168][4096x1148x7168][4096x170x7168][4096x170x7168][4096x279x7168][4096x1161x7168][4096x662x7168][4096x205x7168][4096x564x7168][4096x867x7168][4096x1267x7168][4096x170x7168][4096x263x7168][4096x170x7168][4096x1041x7168][4096x452x7168][4096x1383x7168][4096x170x7168][4096x170x7168]',,tensorop,f32,128,256,64,4,2,1,2,1,1,7,4,1,1,128,256,16,100,110,7113539584,3848827568128,541,3.72492,1778.56,1.03327e+06
1,CUTLASS,grouped_gemm,cutlass3x_sm100_tensorop_gemm_grouped_bf16_bf16_f32_bf16_bf16_128x256x64_4x2x1_0_nnn_align8_stream_k_2sm_epi_tma,passed,success,grouped,,,,,bf16:column,bf16:column,bf16:column,bf16:column,1,0,invalid,invalid,heuristic,1,false,'[4096x375x7168][4096x2436x7168][4096x1301x7168][4096x170x7168][4096x1228x7168][4096x170x7168][4096x170x7168][4096x576x7168][4096x170x7168][4096x2703x7168][4096x2728x7168][4096x1099x7168][4096x170x7168][4096x170x7168][4096x170x7168][4096x2318x7168][4096x2180x7168][4096x711x7168][4096x293x7168][4096x172x7168][4096x170x7168][4096x655x7168][4096x1361x7168][4096x1240x7168][4096x170x7168][4096x170x7168][4096x275x7168][4096x1303x7168][4096x170x7168][4096x1322x7168][4096x170x7168][4096x1002x7168][4096x928x7168][4096x170x7168][4096x537x7168][4096x1377x7168][4096x1076x7168][4096x178x7168][4096x2180x7168][4096x1263x7168][4096x244x7168][4096x1375x7168][4096x170x7168][4096x170x7168][4096x170x7168][4096x1131x7168][4096x428x7168][4096x668x7168][4096x243x7168][4096x1390x7168][4096x170x7168][4096x684x7168][4096x170x7168][4096x1420x7168][4096x190x7168][4096x303x7168][4096x170x7168][4096x170x7168][4096x491x7168][4096x1022x7168][4096x170x7168][4096x170x7168][4096x1564x7168][4096x195x7168][4096x518x7168][4096x171x7168][4096x520x7168][4096x623x7168][4096x170x7168][4096x170x7168][4096x170x7168][4096x170x7168][4096x170x7168][4096x1021x7168][4096x321x7168][4096x349x7168][4096x2424x7168][4096x522x7168][4096x1148x7168][4096x170x7168][4096x170x7168][4096x279x7168][4096x1161x7168][4096x662x7168][4096x205x7168][4096x564x7168][4096x867x7168][4096x1267x7168][4096x170x7168][4096x263x7168][4096x170x7168][4096x1041x7168][4096x452x7168][4096x1383x7168][4096x170x7168][4096x170x7168]',,tensorop,f32,128,256,64,4,2,1,2,1,1,7,4,1,1,128,256,16,100,110,7113539584,3848827568128,541,3.72443,1778.79,1.0334e+06
1,CUTLASS,grouped_gemm,cutlass3x_sm100_tensorop_gemm_grouped_bf16_bf16_f32_bf16_bf16_128x256x64_4x4x1_0_nnn_align8_2sm_epi_tma,passed,success,grouped,,,,,bf16:column,bf16:column,bf16:column,bf16:column,1,0,invalid,invalid,heuristic,1,false,'[4096x375x7168][4096x2436x7168][4096x1301x7168][4096x170x7168][4096x1228x7168][4096x170x7168][4096x170x7168][4096x576x7168][4096x170x7168][4096x2703x7168][4096x2728x7168][4096x1099x7168][4096x170x7168][4096x170x7168][4096x170x7168][4096x2318x7168][4096x2180x7168][4096x711x7168][4096x293x7168][4096x172x7168][4096x170x7168][4096x655x7168][4096x1361x7168][4096x1240x7168][4096x170x7168][4096x170x7168][4096x275x7168][4096x1303x7168][4096x170x7168][4096x1322x7168][4096x170x7168][4096x1002x7168][4096x928x7168][4096x170x7168][4096x537x7168][4096x1377x7168][4096x1076x7168][4096x178x7168][4096x2180x7168][4096x1263x7168][4096x244x7168][4096x1375x7168][4096x170x7168][4096x170x7168][4096x170x7168][4096x1131x7168][4096x428x7168][4096x668x7168][4096x243x7168][4096x1390x7168][4096x170x7168][4096x684x7168][4096x170x7168][4096x1420x7168][4096x190x7168][4096x303x7168][4096x170x7168][4096x170x7168][4096x491x7168][4096x1022x7168][4096x170x7168][4096x170x7168][4096x1564x7168][4096x195x7168][4096x518x7168][4096x171x7168][4096x520x7168][4096x623x7168][4096x170x7168][4096x170x7168][4096x170x7168][4096x170x7168][4096x170x7168][4096x1021x7168][4096x321x7168][4096x349x7168][4096x2424x7168][4096x522x7168][4096x1148x7168][4096x170x7168][4096x170x7168][4096x279x7168][4096x1161x7168][4096x662x7168][4096x205x7168][4096x564x7168][4096x867x7168][4096x1267x7168][4096x170x7168][4096x263x7168][4096x170x7168][4096x1041x7168][4096x452x7168][4096x1383x7168][4096x170x7168][4096x170x7168]',,tensorop,f32,128,256,64,4,4,1,2,1,1,7,4,1,1,128,256,16,100,110,7113539584,3848827568128,541,6.36691,1040.54,604505
1,CUTLASS,grouped_gemm,cutlass3x_sm100_tensorop_gemm_grouped_bf16_bf16_f32_bf16_bf16_128x256x64_4x4x1_0_nnn_align8_stream_k_2sm_epi_tma,passed,success,grouped,,,,,bf16:column,bf16:column,bf16:column,bf16:column,1,0,invalid,invalid,heuristic,1,false,'[4096x375x7168][4096x2436x7168][4096x1301x7168][4096x170x7168][4096x1228x7168][4096x170x7168][4096x170x7168][4096x576x7168][4096x170x7168][4096x2703x7168][4096x2728x7168][4096x1099x7168][4096x170x7168][4096x170x7168][4096x170x7168][4096x2318x7168][4096x2180x7168][4096x711x7168][4096x293x7168][4096x172x7168][4096x170x7168][4096x655x7168][4096x1361x7168][4096x1240x7168][4096x170x7168][4096x170x7168][4096x275x7168][4096x1303x7168][4096x170x7168][4096x1322x7168][4096x170x7168][4096x1002x7168][4096x928x7168][4096x170x7168][4096x537x7168][4096x1377x7168][4096x1076x7168][4096x178x7168][4096x2180x7168][4096x1263x7168][4096x244x7168][4096x1375x7168][4096x170x7168][4096x170x7168][4096x170x7168][4096x1131x7168][4096x428x7168][4096x668x7168][4096x243x7168][4096x1390x7168][4096x170x7168][4096x684x7168][4096x170x7168][4096x1420x7168][4096x190x7168][4096x303x7168][4096x170x7168][4096x170x7168][4096x491x7168][4096x1022x7168][4096x170x7168][4096x170x7168][4096x1564x7168][4096x195x7168][4096x518x7168][4096x171x7168][4096x520x7168][4096x623x7168][4096x170x7168][4096x170x7168][4096x170x7168][4096x170x7168][4096x170x7168][4096x1021x7168][4096x321x7168][4096x349x7168][4096x2424x7168][4096x522x7168][4096x1148x7168][4096x170x7168][4096x170x7168][4096x279x7168][4096x1161x7168][4096x662x7168][4096x205x7168][4096x564x7168][4096x867x7168][4096x1267x7168][4096x170x7168][4096x263x7168][4096x170x7168][4096x1041x7168][4096x452x7168][4096x1383x7168][4096x170x7168][4096x170x7168]',,tensorop,f32,128,256,64,4,4,1,2,1,1,7,4,1,1,128,256,16,100,110,7113539584,3848827568128,541,6.3674,1040.46,604458
1,CUTLASS,grouped_gemm,cutlass3x_sm100_tensorop_gemm_grouped_bf16_bf16_f32_bf16_bf16_128x256x64_0x0x1_0_tnn_align8_2sm_epi_tma,passed,success,grouped,,,,,bf16:row,bf16:column,bf16:column,bf16:column,1,0,invalid,invalid,heuristic,1,false,'[4096x375x7168][4096x2436x7168][4096x1301x7168][4096x170x7168][4096x1228x7168][4096x170x7168][4096x170x7168][4096x576x7168][4096x170x7168][4096x2703x7168][4096x2728x7168][4096x1099x7168][4096x170x7168][4096x170x7168][4096x170x7168][4096x2318x7168][4096x2180x7168][4096x711x7168][4096x293x7168][4096x172x7168][4096x170x7168][4096x655x7168][4096x1361x7168][4096x1240x7168][4096x170x7168][4096x170x7168][4096x275x7168][4096x1303x7168][4096x170x7168][4096x1322x7168][4096x170x7168][4096x1002x7168][4096x928x7168][4096x170x7168][4096x537x7168][4096x1377x7168][4096x1076x7168][4096x178x7168][4096x2180x7168][4096x1263x7168][4096x244x7168][4096x1375x7168][4096x170x7168][4096x170x7168][4096x170x7168][4096x1131x7168][4096x428x7168][4096x668x7168][4096x243x7168][4096x1390x7168][4096x170x7168][4096x684x7168][4096x170x7168][4096x1420x7168][4096x190x7168][4096x303x7168][4096x170x7168][4096x170x7168][4096x491x7168][4096x1022x7168][4096x170x7168][4096x170x7168][4096x1564x7168][4096x195x7168][4096x518x7168][4096x171x7168][4096x520x7168][4096x623x7168][4096x170x7168][4096x170x7168][4096x170x7168][4096x170x7168][4096x170x7168][4096x1021x7168][4096x321x7168][4096x349x7168][4096x2424x7168][4096x522x7168][4096x1148x7168][4096x170x7168][4096x170x7168][4096x279x7168][4096x1161x7168][4096x662x7168][4096x205x7168][4096x564x7168][4096x867x7168][4096x1267x7168][4096x170x7168][4096x263x7168][4096x170x7168][4096x1041x7168][4096x452x7168][4096x1383x7168][4096x170x7168][4096x170x7168]',,tensorop,f32,128,256,64,2,1,1,2,1,1,7,4,1,1,128,256,16,100,110,7113539584,3848827568128,541,3.60118,1839.68,1.06877e+06
1,CUTLASS,grouped_gemm,cutlass3x_sm100_tensorop_gemm_grouped_bf16_bf16_f32_bf16_bf16_128x256x64_0x0x1_0_tnn_align8_stream_k_2sm_epi_tma,passed,success,grouped,,,,,bf16:row,bf16:column,bf16:column,bf16:column,1,0,invalid,invalid,heuristic,1,false,'[4096x375x7168][4096x2436x7168][4096x1301x7168][4096x170x7168][4096x1228x7168][4096x170x7168][4096x170x7168][4096x576x7168][4096x170x7168][4096x2703x7168][4096x2728x7168][4096x1099x7168][4096x170x7168][4096x170x7168][4096x170x7168][4096x2318x7168][4096x2180x7168][4096x711x7168][4096x293x7168][4096x172x7168][4096x170x7168][4096x655x7168][4096x1361x7168][4096x1240x7168][4096x170x7168][4096x170x7168][4096x275x7168][4096x1303x7168][4096x170x7168][4096x1322x7168][4096x170x7168][4096x1002x7168][4096x928x7168][4096x170x7168][4096x537x7168][4096x1377x7168][4096x1076x7168][4096x178x7168][4096x2180x7168][4096x1263x7168][4096x244x7168][4096x1375x7168][4096x170x7168][4096x170x7168][4096x170x7168][4096x1131x7168][4096x428x7168][4096x668x7168][4096x243x7168][4096x1390x7168][4096x170x7168][4096x684x7168][4096x170x7168][4096x1420x7168][4096x190x7168][4096x303x7168][4096x170x7168][4096x170x7168][4096x491x7168][4096x1022x7168][4096x170x7168][4096x170x7168][4096x1564x7168][4096x195x7168][4096x518x7168][4096x171x7168][4096x520x7168][4096x623x7168][4096x170x7168][4096x170x7168][4096x170x7168][4096x170x7168][4096x170x7168][4096x1021x7168][4096x321x7168][4096x349x7168][4096x2424x7168][4096x522x7168][4096x1148x7168][4096x170x7168][4096x170x7168][4096x279x7168][4096x1161x7168][4096x662x7168][4096x205x7168][4096x564x7168][4096x867x7168][4096x1267x7168][4096x170x7168][4096x263x7168][4096x170x7168][4096x1041x7168][4096x452x7168][4096x1383x7168][4096x170x7168][4096x170x7168]',,tensorop,f32,128,256,64,2,1,1,2,1,1,7,4,1,1,128,256,16,100,110,7113539584,3848827568128,541,3.59833,1841.13,1.06962e+06
1,CUTLASS,grouped_gemm,cutlass3x_sm100_tensorop_gemm_grouped_bf16_bf16_f32_bf16_bf16_128x256x64_2x1x1_0_tnn_align8_2sm_epi_tma,passed,success,grouped,,,,,bf16:row,bf16:column,bf16:column,bf16:column,1,0,invalid,invalid,heuristic,1,false,'[4096x375x7168][4096x2436x7168][4096x1301x7168][4096x170x7168][4096x1228x7168][4096x170x7168][4096x170x7168][4096x576x7168][4096x170x7168][4096x2703x7168][4096x2728x7168][4096x1099x7168][4096x170x7168][4096x170x7168][4096x170x7168][4096x2318x7168][4096x2180x7168][4096x711x7168][4096x293x7168][4096x172x7168][4096x170x7168][4096x655x7168][4096x1361x7168][4096x1240x7168][4096x170x7168][4096x170x7168][4096x275x7168][4096x1303x7168][4096x170x7168][4096x1322x7168][4096x170x7168][4096x1002x7168][4096x928x7168][4096x170x7168][4096x537x7168][4096x1377x7168][4096x1076x7168][4096x178x7168][4096x2180x7168][4096x1263x7168][4096x244x7168][4096x1375x7168][4096x170x7168][4096x170x7168][4096x170x7168][4096x1131x7168][4096x428x7168][4096x668x7168][4096x243x7168][4096x1390x7168][4096x170x7168][4096x684x7168][4096x170x7168][4096x1420x7168][4096x190x7168][4096x303x7168][4096x170x7168][4096x170x7168][4096x491x7168][4096x1022x7168][4096x170x7168][4096x170x7168][4096x1564x7168][4096x195x7168][4096x518x7168][4096x171x7168][4096x520x7168][4096x623x7168][4096x170x7168][4096x170x7168][4096x170x7168][4096x170x7168][4096x170x7168][4096x1021x7168][4096x321x7168][4096x349x7168][4096x2424x7168][4096x522x7168][4096x1148x7168][4096x170x7168][4096x170x7168][4096x279x7168][4096x1161x7168][4096x662x7168][4096x205x7168][4096x564x7168][4096x867x7168][4096x1267x7168][4096x170x7168][4096x263x7168][4096x170x7168][4096x1041x7168][4096x452x7168][4096x1383x7168][4096x170x7168][4096x170x7168]',,tensorop,f32,128,256,64,2,1,1,2,1,1,7,4,1,1,128,256,16,100,110,7113539584,3848827568128,541,3.5802,1850.46,1.07503e+06
1,CUTLASS,grouped_gemm,cutlass3x_sm100_tensorop_gemm_grouped_bf16_bf16_f32_bf16_bf16_128x256x64_2x1x1_0_tnn_align8_stream_k_2sm_epi_tma,passed,success,grouped,,,,,bf16:row,bf16:column,bf16:column,bf16:column,1,0,invalid,invalid,heuristic,1,false,'[4096x375x7168][4096x2436x7168][4096x1301x7168][4096x170x7168][4096x1228x7168][4096x170x7168][4096x170x7168][4096x576x7168][4096x170x7168][4096x2703x7168][4096x2728x7168][4096x1099x7168][4096x170x7168][4096x170x7168][4096x170x7168][4096x2318x7168][4096x2180x7168][4096x711x7168][4096x293x7168][4096x172x7168][4096x170x7168][4096x655x7168][4096x1361x7168][4096x1240x7168][4096x170x7168][4096x170x7168][4096x275x7168][4096x1303x7168][4096x170x7168][4096x1322x7168][4096x170x7168][4096x1002x7168][4096x928x7168][4096x170x7168][4096x537x7168][4096x1377x7168][4096x1076x7168][4096x178x7168][4096x2180x7168][4096x1263x7168][4096x244x7168][4096x1375x7168][4096x170x7168][4096x170x7168][4096x170x7168][4096x1131x7168][4096x428x7168][4096x668x7168][4096x243x7168][4096x1390x7168][4096x170x7168][4096x684x7168][4096x170x7168][4096x1420x7168][4096x190x7168][4096x303x7168][4096x170x7168][4096x170x7168][4096x491x7168][4096x1022x7168][4096x170x7168][4096x170x7168][4096x1564x7168][4096x195x7168][4096x518x7168][4096x171x7168][4096x520x7168][4096x623x7168][4096x170x7168][4096x170x7168][4096x170x7168][4096x170x7168][4096x170x7168][4096x1021x7168][4096x321x7168][4096x349x7168][4096x2424x7168][4096x522x7168][4096x1148x7168][4096x170x7168][4096x170x7168][4096x279x7168][4096x1161x7168][4096x662x7168][4096x205x7168][4096x564x7168][4096x867x7168][4096x1267x7168][4096x170x7168][4096x263x7168][4096x170x7168][4096x1041x7168][4096x452x7168][4096x1383x7168][4096x170x7168][4096x170x7168]',,tensorop,f32,128,256,64,2,1,1,2,1,1,7,4,1,1,128,256,16,100,110,7113539584,3848827568128,541,3.56163,1860.1,1.08064e+06
1,CUTLASS,grouped_gemm,cutlass3x_sm100_tensorop_gemm_grouped_bf16_bf16_f32_bf16_bf16_128x256x64_2x2x1_0_tnn_align8_2sm_epi_tma,passed,success,grouped,,,,,bf16:row,bf16:column,bf16:column,bf16:column,1,0,invalid,invalid,heuristic,1,false,'[4096x375x7168][4096x2436x7168][4096x1301x7168][4096x170x7168][4096x1228x7168][4096x170x7168][4096x170x7168][4096x576x7168][4096x170x7168][4096x2703x7168][4096x2728x7168][4096x1099x7168][4096x170x7168][4096x170x7168][4096x170x7168][4096x2318x7168][4096x2180x7168][4096x711x7168][4096x293x7168][4096x172x7168][4096x170x7168][4096x655x7168][4096x1361x7168][4096x1240x7168][4096x170x7168][4096x170x7168][4096x275x7168][4096x1303x7168][4096x170x7168][4096x1322x7168][4096x170x7168][4096x1002x7168][4096x928x7168][4096x170x7168][4096x537x7168][4096x1377x7168][4096x1076x7168][4096x178x7168][4096x2180x7168][4096x1263x7168][4096x244x7168][4096x1375x7168][4096x170x7168][4096x170x7168][4096x170x7168][4096x1131x7168][4096x428x7168][4096x668x7168][4096x243x7168][4096x1390x7168][4096x170x7168][4096x684x7168][4096x170x7168][4096x1420x7168][4096x190x7168][4096x303x7168][4096x170x7168][4096x170x7168][4096x491x7168][4096x1022x7168][4096x170x7168][4096x170x7168][4096x1564x7168][4096x195x7168][4096x518x7168][4096x171x7168][4096x520x7168][4096x623x7168][4096x170x7168][4096x170x7168][4096x170x7168][4096x170x7168][4096x170x7168][4096x1021x7168][4096x321x7168][4096x349x7168][4096x2424x7168][4096x522x7168][4096x1148x7168][4096x170x7168][4096x170x7168][4096x279x7168][4096x1161x7168][4096x662x7168][4096x205x7168][4096x564x7168][4096x867x7168][4096x1267x7168][4096x170x7168][4096x263x7168][4096x170x7168][4096x1041x7168][4096x452x7168][4096x1383x7168][4096x170x7168][4096x170x7168]',,tensorop,f32,128,256,64,2,2,1,2,1,1,7,4,1,1,128,256,16,100,110,7113539584,3848827568128,541,3.94424,1679.67,975810
1,CUTLASS,grouped_gemm,cutlass3x_sm100_tensorop_gemm_grouped_bf16_bf16_f32_bf16_bf16_128x256x64_2x2x1_0_tnn_align8_stream_k_2sm_epi_tma,passed,success,grouped,,,,,bf16:row,bf16:column,bf16:column,bf16:column,1,0,invalid,invalid,heuristic,1,false,'[4096x375x7168][4096x2436x7168][4096x1301x7168][4096x170x7168][4096x1228x7168][4096x170x7168][4096x170x7168][4096x576x7168][4096x170x7168][4096x2703x7168][4096x2728x7168][4096x1099x7168][4096x170x7168][4096x170x7168][4096x170x7168][4096x2318x7168][4096x2180x7168][4096x711x7168][4096x293x7168][4096x172x7168][4096x170x7168][4096x655x7168][4096x1361x7168][4096x1240x7168][4096x170x7168][4096x170x7168][4096x275x7168][4096x1303x7168][4096x170x7168][4096x1322x7168][4096x170x7168][4096x1002x7168][4096x928x7168][4096x170x7168][4096x537x7168][4096x1377x7168][4096x1076x7168][4096x178x7168][4096x2180x7168][4096x1263x7168][4096x244x7168][4096x1375x7168][4096x170x7168][4096x170x7168][4096x170x7168][4096x1131x7168][4096x428x7168][4096x668x7168][4096x243x7168][4096x1390x7168][4096x170x7168][4096x684x7168][4096x170x7168][4096x1420x7168][4096x190x7168][4096x303x7168][4096x170x7168][4096x170x7168][4096x491x7168][4096x1022x7168][4096x170x7168][4096x170x7168][4096x1564x7168][4096x195x7168][4096x518x7168][4096x171x7168][4096x520x7168][4096x623x7168][4096x170x7168][4096x170x7168][4096x170x7168][4096x170x7168][4096x170x7168][4096x1021x7168][4096x321x7168][4096x349x7168][4096x2424x7168][4096x522x7168][4096x1148x7168][4096x170x7168][4096x170x7168][4096x279x7168][4096x1161x7168][4096x662x7168][4096x205x7168][4096x564x7168][4096x867x7168][4096x1267x7168][4096x170x7168][4096x263x7168][4096x170x7168][4096x1041x7168][4096x452x7168][4096x1383x7168][4096x170x7168][4096x170x7168]',,tensorop,f32,128,256,64,2,2,1,2,1,1,7,4,1,1,128,256,16,100,110,7113539584,3848827568128,541,3.9506,1676.96,974240
1,CUTLASS,grouped_gemm,cutlass3x_sm100_tensorop_gemm_grouped_bf16_bf16_f32_bf16_bf16_128x256x64_4x1x1_0_tnn_align8_2sm_epi_tma,passed,success,grouped,,,,,bf16:row,bf16:column,bf16:column,bf16:column,1,0,invalid,invalid,heuristic,1,false,'[4096x375x7168][4096x2436x7168][4096x1301x7168][4096x170x7168][4096x1228x7168][4096x170x7168][4096x170x7168][4096x576x7168][4096x170x7168][4096x2703x7168][4096x2728x7168][4096x1099x7168][4096x170x7168][4096x170x7168][4096x170x7168][4096x2318x7168][4096x2180x7168][4096x711x7168][4096x293x7168][4096x172x7168][4096x170x7168][4096x655x7168][4096x1361x7168][4096x1240x7168][4096x170x7168][4096x170x7168][4096x275x7168][4096x1303x7168][4096x170x7168][4096x1322x7168][4096x170x7168][4096x1002x7168][4096x928x7168][4096x170x7168][4096x537x7168][4096x1377x7168][4096x1076x7168][4096x178x7168][4096x2180x7168][4096x1263x7168][4096x244x7168][4096x1375x7168][4096x170x7168][4096x170x7168][4096x170x7168][4096x1131x7168][4096x428x7168][4096x668x7168][4096x243x7168][4096x1390x7168][4096x170x7168][4096x684x7168][4096x170x7168][4096x1420x7168][4096x190x7168][4096x303x7168][4096x170x7168][4096x170x7168][4096x491x7168][4096x1022x7168][4096x170x7168][4096x170x7168][4096x1564x7168][4096x195x7168][4096x518x7168][4096x171x7168][4096x520x7168][4096x623x7168][4096x170x7168][4096x170x7168][4096x170x7168][4096x170x7168][4096x170x7168][4096x1021x7168][4096x321x7168][4096x349x7168][4096x2424x7168][4096x522x7168][4096x1148x7168][4096x170x7168][4096x170x7168][4096x279x7168][4096x1161x7168][4096x662x7168][4096x205x7168][4096x564x7168][4096x867x7168][4096x1267x7168][4096x170x7168][4096x263x7168][4096x170x7168][4096x1041x7168][4096x452x7168][4096x1383x7168][4096x170x7168][4096x170x7168]',,tensorop,f32,128,256,64,4,1,1,2,1,1,7,4,1,1,128,256,16,100,110,7113539584,3848827568128,541,2.85155,2323.3,1.34973e+06
1,CUTLASS,grouped_gemm,cutlass3x_sm100_tensorop_gemm_grouped_bf16_bf16_f32_bf16_bf16_128x256x64_4x1x1_0_tnn_align8_stream_k_2sm_epi_tma,passed,success,grouped,,,,,bf16:row,bf16:column,bf16:column,bf16:column,1,0,invalid,invalid,heuristic,1,false,'[4096x375x7168][4096x2436x7168][4096x1301x7168][4096x170x7168][4096x1228x7168][4096x170x7168][4096x170x7168][4096x576x7168][4096x170x7168][4096x2703x7168][4096x2728x7168][4096x1099x7168][4096x170x7168][4096x170x7168][4096x170x7168][4096x2318x7168][4096x2180x7168][4096x711x7168][4096x293x7168][4096x172x7168][4096x170x7168][4096x655x7168][4096x1361x7168][4096x1240x7168][4096x170x7168][4096x170x7168][4096x275x7168][4096x1303x7168][4096x170x7168][4096x1322x7168][4096x170x7168][4096x1002x7168][4096x928x7168][4096x170x7168][4096x537x7168][4096x1377x7168][4096x1076x7168][4096x178x7168][4096x2180x7168][4096x1263x7168][4096x244x7168][4096x1375x7168][4096x170x7168][4096x170x7168][4096x170x7168][4096x1131x7168][4096x428x7168][4096x668x7168][4096x243x7168][4096x1390x7168][4096x170x7168][4096x684x7168][4096x170x7168][4096x1420x7168][4096x190x7168][4096x303x7168][4096x170x7168][4096x170x7168][4096x491x7168][4096x1022x7168][4096x170x7168][4096x170x7168][4096x1564x7168][4096x195x7168][4096x518x7168][4096x171x7168][4096x520x7168][4096x623x7168][4096x170x7168][4096x170x7168][4096x170x7168][4096x170x7168][4096x170x7168][4096x1021x7168][4096x321x7168][4096x349x7168][4096x2424x7168][4096x522x7168][4096x1148x7168][4096x170x7168][4096x170x7168][4096x279x7168][4096x1161x7168][4096x662x7168][4096x205x7168][4096x564x7168][4096x867x7168][4096x1267x7168][4096x170x7168][4096x263x7168][4096x170x7168][4096x1041x7168][4096x452x7168][4096x1383x7168][4096x170x7168][4096x170x7168]',,tensorop,f32,128,256,64,4,1,1,2,1,1,7,4,1,1,128,256,16,100,110,7113539584,3848827568128,541,2.84146,2331.55,1.35452e+06
1,CUTLASS,grouped_gemm,cutlass3x_sm100_tensorop_gemm_grouped_bf16_bf16_f32_bf16_bf16_128x256x64_2x4x1_0_tnn_align8_2sm_epi_tma,passed,success,grouped,,,,,bf16:row,bf16:column,bf16:column,bf16:column,1,0,invalid,invalid,heuristic,1,false,'[4096x375x7168][4096x2436x7168][4096x1301x7168][4096x170x7168][4096x1228x7168][4096x170x7168][4096x170x7168][4096x576x7168][4096x170x7168][4096x2703x7168][4096x2728x7168][4096x1099x7168][4096x170x7168][4096x170x7168][4096x170x7168][4096x2318x7168][4096x2180x7168][4096x711x7168][4096x293x7168][4096x172x7168][4096x170x7168][4096x655x7168][4096x1361x7168][4096x1240x7168][4096x170x7168][4096x170x7168][4096x275x7168][4096x1303x7168][4096x170x7168][4096x1322x7168][4096x170x7168][4096x1002x7168][4096x928x7168][4096x170x7168][4096x537x7168][4096x1377x7168][4096x1076x7168][4096x178x7168][4096x2180x7168][4096x1263x7168][4096x244x7168][4096x1375x7168][4096x170x7168][4096x170x7168][4096x170x7168][4096x1131x7168][4096x428x7168][4096x668x7168][4096x243x7168][4096x1390x7168][4096x170x7168][4096x684x7168][4096x170x7168][4096x1420x7168][4096x190x7168][4096x303x7168][4096x170x7168][4096x170x7168][4096x491x7168][4096x1022x7168][4096x170x7168][4096x170x7168][4096x1564x7168][4096x195x7168][4096x518x7168][4096x171x7168][4096x520x7168][4096x623x7168][4096x170x7168][4096x170x7168][4096x170x7168][4096x170x7168][4096x170x7168][4096x1021x7168][4096x321x7168][4096x349x7168][4096x2424x7168][4096x522x7168][4096x1148x7168][4096x170x7168][4096x170x7168][4096x279x7168][4096x1161x7168][4096x662x7168][4096x205x7168][4096x564x7168][4096x867x7168][4096x1267x7168][4096x170x7168][4096x263x7168][4096x170x7168][4096x1041x7168][4096x452x7168][4096x1383x7168][4096x170x7168][4096x170x7168]',,tensorop,f32,128,256,64,2,4,1,2,1,1,7,4,1,1,128,256,16,100,110,7113539584,3848827568128,541,6.3675,1040.44,604449
1,CUTLASS,grouped_gemm,cutlass3x_sm100_tensorop_gemm_grouped_bf16_bf16_f32_bf16_bf16_128x256x64_2x4x1_0_tnn_align8_stream_k_2sm_epi_tma,passed,success,grouped,,,,,bf16:row,bf16:column,bf16:column,bf16:column,1,0,invalid,invalid,heuristic,1,false,'[4096x375x7168][4096x2436x7168][4096x1301x7168][4096x170x7168][4096x1228x7168][4096x170x7168][4096x170x7168][4096x576x7168][4096x170x7168][4096x2703x7168][4096x2728x7168][4096x1099x7168][4096x170x7168][4096x170x7168][4096x170x7168][4096x2318x7168][4096x2180x7168][4096x711x7168][4096x293x7168][4096x172x7168][4096x170x7168][4096x655x7168][4096x1361x7168][4096x1240x7168][4096x170x7168][4096x170x7168][4096x275x7168][4096x1303x7168][4096x170x7168][4096x1322x7168][4096x170x7168][4096x1002x7168][4096x928x7168][4096x170x7168][4096x537x7168][4096x1377x7168][4096x1076x7168][4096x178x7168][4096x2180x7168][4096x1263x7168][4096x244x7168][4096x1375x7168][4096x170x7168][4096x170x7168][4096x170x7168][4096x1131x7168][4096x428x7168][4096x668x7168][4096x243x7168][4096x1390x7168][4096x170x7168][4096x684x7168][4096x170x7168][4096x1420x7168][4096x190x7168][4096x303x7168][4096x170x7168][4096x170x7168][4096x491x7168][4096x1022x7168][4096x170x7168][4096x170x7168][4096x1564x7168][4096x195x7168][4096x518x7168][4096x171x7168][4096x520x7168][4096x623x7168][4096x170x7168][4096x170x7168][4096x170x7168][4096x170x7168][4096x170x7168][4096x1021x7168][4096x321x7168][4096x349x7168][4096x2424x7168][4096x522x7168][4096x1148x7168][4096x170x7168][4096x170x7168][4096x279x7168][4096x1161x7168][4096x662x7168][4096x205x7168][4096x564x7168][4096x867x7168][4096x1267x7168][4096x170x7168][4096x263x7168][4096x170x7168][4096x1041x7168][4096x452x7168][4096x1383x7168][4096x170x7168][4096x170x7168]',,tensorop,f32,128,256,64,2,4,1,2,1,1,7,4,1,1,128,256,16,100,110,7113539584,3848827568128,541,6.38934,1036.88,602382
1,CUTLASS,grouped_gemm,cutlass3x_sm100_tensorop_gemm_grouped_bf16_bf16_f32_bf16_bf16_128x256x64_4x2x1_0_tnn_align8_2sm_epi_tma,passed,success,grouped,,,,,bf16:row,bf16:column,bf16:column,bf16:column,1,0,invalid,invalid,heuristic,1,false,'[4096x375x7168][4096x2436x7168][4096x1301x7168][4096x170x7168][4096x1228x7168][4096x170x7168][4096x170x7168][4096x576x7168][4096x170x7168][4096x2703x7168][4096x2728x7168][4096x1099x7168][4096x170x7168][4096x170x7168][4096x170x7168][4096x2318x7168][4096x2180x7168][4096x711x7168][4096x293x7168][4096x172x7168][4096x170x7168][4096x655x7168][4096x1361x7168][4096x1240x7168][4096x170x7168][4096x170x7168][4096x275x7168][4096x1303x7168][4096x170x7168][4096x1322x7168][4096x170x7168][4096x1002x7168][4096x928x7168][4096x170x7168][4096x537x7168][4096x1377x7168][4096x1076x7168][4096x178x7168][4096x2180x7168][4096x1263x7168][4096x244x7168][4096x1375x7168][4096x170x7168][4096x170x7168][4096x170x7168][4096x1131x7168][4096x428x7168][4096x668x7168][4096x243x7168][4096x1390x7168][4096x170x7168][4096x684x7168][4096x170x7168][4096x1420x7168][4096x190x7168][4096x303x7168][4096x170x7168][4096x170x7168][4096x491x7168][4096x1022x7168][4096x170x7168][4096x170x7168][4096x1564x7168][4096x195x7168][4096x518x7168][4096x171x7168][4096x520x7168][4096x623x7168][4096x170x7168][4096x170x7168][4096x170x7168][4096x170x7168][4096x170x7168][4096x1021x7168][4096x321x7168][4096x349x7168][4096x2424x7168][4096x522x7168][4096x1148x7168][4096x170x7168][4096x170x7168][4096x279x7168][4096x1161x7168][4096x662x7168][4096x205x7168][4096x564x7168][4096x867x7168][4096x1267x7168][4096x170x7168][4096x263x7168][4096x170x7168][4096x1041x7168][4096x452x7168][4096x1383x7168][4096x170x7168][4096x170x7168]',,tensorop,f32,128,256,64,4,2,1,2,1,1,7,4,1,1,128,256,16,100,110,7113539584,3848827568128,541,3.80708,1740.18,1.01097e+06
1,CUTLASS,grouped_gemm,cutlass3x_sm100_tensorop_gemm_grouped_bf16_bf16_f32_bf16_bf16_128x256x64_4x2x1_0_tnn_align8_stream_k_2sm_epi_tma,passed,success,grouped,,,,,bf16:row,bf16:column,bf16:column,bf16:column,1,0,invalid,invalid,heuristic,1,false,'[4096x375x7168][4096x2436x7168][4096x1301x7168][4096x170x7168][4096x1228x7168][4096x170x7168][4096x170x7168][4096x576x7168][4096x170x7168][4096x2703x7168][4096x2728x7168][4096x1099x7168][4096x170x7168][4096x170x7168][4096x170x7168][4096x2318x7168][4096x2180x7168][4096x711x7168][4096x293x7168][4096x172x7168][4096x170x7168][4096x655x7168][4096x1361x7168][4096x1240x7168][4096x170x7168][4096x170x7168][4096x275x7168][4096x1303x7168][4096x170x7168][4096x1322x7168][4096x170x7168][4096x1002x7168][4096x928x7168][4096x170x7168][4096x537x7168][4096x1377x7168][4096x1076x7168][4096x178x7168][4096x2180x7168][4096x1263x7168][4096x244x7168][4096x1375x7168][4096x170x7168][4096x170x7168][4096x170x7168][4096x1131x7168][4096x428x7168][4096x668x7168][4096x243x7168][4096x1390x7168][4096x170x7168][4096x684x7168][4096x170x7168][4096x1420x7168][4096x190x7168][4096x303x7168][4096x170x7168][4096x170x7168][4096x491x7168][4096x1022x7168][4096x170x7168][4096x170x7168][4096x1564x7168][4096x195x7168][4096x518x7168][4096x171x7168][4096x520x7168][4096x623x7168][4096x170x7168][4096x170x7168][4096x170x7168][4096x170x7168][4096x170x7168][4096x1021x7168][4096x321x7168][4096x349x7168][4096x2424x7168][4096x522x7168][4096x1148x7168][4096x170x7168][4096x170x7168][4096x279x7168][4096x1161x7168][4096x662x7168][4096x205x7168][4096x564x7168][4096x867x7168][4096x1267x7168][4096x170x7168][4096x263x7168][4096x170x7168][4096x1041x7168][4096x452x7168][4096x1383x7168][4096x170x7168][4096x170x7168]',,tensorop,f32,128,256,64,4,2,1,2,1,1,7,4,1,1,128,256,16,100,110,7113539584,3848827568128,541,3.80768,1739.91,1.01081e+06
1,CUTLASS,grouped_gemm,cutlass3x_sm100_tensorop_gemm_grouped_bf16_bf16_f32_bf16_bf16_128x256x64_4x4x1_0_tnn_align8_2sm_epi_tma,passed,success,grouped,,,,,bf16:row,bf16:column,bf16:column,bf16:column,1,0,invalid,invalid,heuristic,1,false,'[4096x375x7168][4096x2436x7168][4096x1301x7168][4096x170x7168][4096x1228x7168][4096x170x7168][4096x170x7168][4096x576x7168][4096x170x7168][4096x2703x7168][4096x2728x7168][4096x1099x7168][4096x170x7168][4096x170x7168][4096x170x7168][4096x2318x7168][4096x2180x7168][4096x711x7168][4096x293x7168][4096x172x7168][4096x170x7168][4096x655x7168][4096x1361x7168][4096x1240x7168][4096x170x7168][4096x170x7168][4096x275x7168][4096x1303x7168][4096x170x7168][4096x1322x7168][4096x170x7168][4096x1002x7168][4096x928x7168][4096x170x7168][4096x537x7168][4096x1377x7168][4096x1076x7168][4096x178x7168][4096x2180x7168][4096x1263x7168][4096x244x7168][4096x1375x7168][4096x170x7168][4096x170x7168][4096x170x7168][4096x1131x7168][4096x428x7168][4096x668x7168][4096x243x7168][4096x1390x7168][4096x170x7168][4096x684x7168][4096x170x7168][4096x1420x7168][4096x190x7168][4096x303x7168][4096x170x7168][4096x170x7168][4096x491x7168][4096x1022x7168][4096x170x7168][4096x170x7168][4096x1564x7168][4096x195x7168][4096x518x7168][4096x171x7168][4096x520x7168][4096x623x7168][4096x170x7168][4096x170x7168][4096x170x7168][4096x170x7168][4096x170x7168][4096x1021x7168][4096x321x7168][4096x349x7168][4096x2424x7168][4096x522x7168][4096x1148x7168][4096x170x7168][4096x170x7168][4096x279x7168][4096x1161x7168][4096x662x7168][4096x205x7168][4096x564x7168][4096x867x7168][4096x1267x7168][4096x170x7168][4096x263x7168][4096x170x7168][4096x1041x7168][4096x452x7168][4096x1383x7168][4096x170x7168][4096x170x7168]',,tensorop,f32,128,256,64,4,4,1,2,1,1,7,4,1,1,128,256,16,100,110,7113539584,3848827568128,541,6.42865,1030.54,598700
1,CUTLASS,grouped_gemm,cutlass3x_sm100_tensorop_gemm_grouped_bf16_bf16_f32_bf16_bf16_128x256x64_4x4x1_0_tnn_align8_stream_k_2sm_epi_tma,passed,success,grouped,,,,,bf16:row,bf16:column,bf16:column,bf16:column,1,0,invalid,invalid,heuristic,1,false,'[4096x375x7168][4096x2436x7168][4096x1301x7168][4096x170x7168][4096x1228x7168][4096x170x7168][4096x170x7168][4096x576x7168][4096x170x7168][4096x2703x7168][4096x2728x7168][4096x1099x7168][4096x170x7168][4096x170x7168][4096x170x7168][4096x2318x7168][4096x2180x7168][4096x711x7168][4096x293x7168][4096x172x7168][4096x170x7168][4096x655x7168][4096x1361x7168][4096x1240x7168][4096x170x7168][4096x170x7168][4096x275x7168][4096x1303x7168][4096x170x7168][4096x1322x7168][4096x170x7168][4096x1002x7168][4096x928x7168][4096x170x7168][4096x537x7168][4096x1377x7168][4096x1076x7168][4096x178x7168][4096x2180x7168][4096x1263x7168][4096x244x7168][4096x1375x7168][4096x170x7168][4096x170x7168][4096x170x7168][4096x1131x7168][4096x428x7168][4096x668x7168][4096x243x7168][4096x1390x7168][4096x170x7168][4096x684x7168][4096x170x7168][4096x1420x7168][4096x190x7168][4096x303x7168][4096x170x7168][4096x170x7168][4096x491x7168][4096x1022x7168][4096x170x7168][4096x170x7168][4096x1564x7168][4096x195x7168][4096x518x7168][4096x171x7168][4096x520x7168][4096x623x7168][4096x170x7168][4096x170x7168][4096x170x7168][4096x170x7168][4096x170x7168][4096x1021x7168][4096x321x7168][4096x349x7168][4096x2424x7168][4096x522x7168][4096x1148x7168][4096x170x7168][4096x170x7168][4096x279x7168][4096x1161x7168][4096x662x7168][4096x205x7168][4096x564x7168][4096x867x7168][4096x1267x7168][4096x170x7168][4096x263x7168][4096x170x7168][4096x1041x7168][4096x452x7168][4096x1383x7168][4096x170x7168][4096x170x7168]',,tensorop,f32,128,256,64,4,4,1,2,1,1,7,4,1,1,128,256,16,100,110,7113539584,3848827568128,541,6.4283,1030.6,598732
1,CUTLASS,grouped_gemm,cutlass3x_sm100_tensorop_gemm_grouped_bf16_bf16_f32_bf16_bf16_256x128x64_0x0x1_0_nnn_align8_2sm_epi_tma,passed,success,grouped,,,,,bf16:column,bf16:column,bf16:column,bf16:column,1,0,invalid,invalid,heuristic,1,false,'[4096x375x7168][4096x2436x7168][4096x1301x7168][4096x170x7168][4096x1228x7168][4096x170x7168][4096x170x7168][4096x576x7168][4096x170x7168][4096x2703x7168][4096x2728x7168][4096x1099x7168][4096x170x7168][4096x170x7168][4096x170x7168][4096x2318x7168][4096x2180x7168][4096x711x7168][4096x293x7168][4096x172x7168][4096x170x7168][4096x655x7168][4096x1361x7168][4096x1240x7168][4096x170x7168][4096x170x7168][4096x275x7168][4096x1303x7168][4096x170x7168][4096x1322x7168][4096x170x7168][4096x1002x7168][4096x928x7168][4096x170x7168][4096x537x7168][4096x1377x7168][4096x1076x7168][4096x178x7168][4096x2180x7168][4096x1263x7168][4096x244x7168][4096x1375x7168][4096x170x7168][4096x170x7168][4096x170x7168][4096x1131x7168][4096x428x7168][4096x668x7168][4096x243x7168][4096x1390x7168][4096x170x7168][4096x684x7168][4096x170x7168][4096x1420x7168][4096x190x7168][4096x303x7168][4096x170x7168][4096x170x7168][4096x491x7168][4096x1022x7168][4096x170x7168][4096x170x7168][4096x1564x7168][4096x195x7168][4096x518x7168][4096x171x7168][4096x520x7168][4096x623x7168][4096x170x7168][4096x170x7168][4096x170x7168][4096x170x7168][4096x170x7168][4096x1021x7168][4096x321x7168][4096x349x7168][4096x2424x7168][4096x522x7168][4096x1148x7168][4096x170x7168][4096x170x7168][4096x279x7168][4096x1161x7168][4096x662x7168][4096x205x7168][4096x564x7168][4096x867x7168][4096x1267x7168][4096x170x7168][4096x263x7168][4096x170x7168][4096x1041x7168][4096x452x7168][4096x1383x7168][4096x170x7168][4096x170x7168]',,tensorop,f32,256,128,64,2,1,1,2,1,1,7,4,1,1,256,128,16,100,110,7113539584,3848827568128,541,3.1395,2110.21,1.22594e+06
1,CUTLASS,grouped_gemm,cutlass3x_sm100_tensorop_gemm_grouped_bf16_bf16_f32_bf16_bf16_256x128x64_0x0x1_0_nnn_align8_stream_k_2sm_epi_tma,passed,success,grouped,,,,,bf16:column,bf16:column,bf16:column,bf16:column,1,0,invalid,invalid,heuristic,1,false,'[4096x375x7168][4096x2436x7168][4096x1301x7168][4096x170x7168][4096x1228x7168][4096x170x7168][4096x170x7168][4096x576x7168][4096x170x7168][4096x2703x7168][4096x2728x7168][4096x1099x7168][4096x170x7168][4096x170x7168][4096x170x7168][4096x2318x7168][4096x2180x7168][4096x711x7168][4096x293x7168][4096x172x7168][4096x170x7168][4096x655x7168][4096x1361x7168][4096x1240x7168][4096x170x7168][4096x170x7168][4096x275x7168][4096x1303x7168][4096x170x7168][4096x1322x7168][4096x170x7168][4096x1002x7168][4096x928x7168][4096x170x7168][4096x537x7168][4096x1377x7168][4096x1076x7168][4096x178x7168][4096x2180x7168][4096x1263x7168][4096x244x7168][4096x1375x7168][4096x170x7168][4096x170x7168][4096x170x7168][4096x1131x7168][4096x428x7168][4096x668x7168][4096x243x7168][4096x1390x7168][4096x170x7168][4096x684x7168][4096x170x7168][4096x1420x7168][4096x190x7168][4096x303x7168][4096x170x7168][4096x170x7168][4096x491x7168][4096x1022x7168][4096x170x7168][4096x170x7168][4096x1564x7168][4096x195x7168][4096x518x7168][4096x171x7168][4096x520x7168][4096x623x7168][4096x170x7168][4096x170x7168][4096x170x7168][4096x170x7168][4096x170x7168][4096x1021x7168][4096x321x7168][4096x349x7168][4096x2424x7168][4096x522x7168][4096x1148x7168][4096x170x7168][4096x170x7168][4096x279x7168][4096x1161x7168][4096x662x7168][4096x205x7168][4096x564x7168][4096x867x7168][4096x1267x7168][4096x170x7168][4096x263x7168][4096x170x7168][4096x1041x7168][4096x452x7168][4096x1383x7168][4096x170x7168][4096x170x7168]',,tensorop,f32,256,128,64,2,1,1,2,1,1,7,4,1,1,256,128,16,100,110,7113539584,3848827568128,541,3.15785,2097.95,1.21881e+06
1,CUTLASS,grouped_gemm,cutlass3x_sm100_tensorop_gemm_grouped_bf16_bf16_f32_bf16_bf16_256x128x64_2x1x1_0_nnn_align8_2sm_epi_tma,passed,success,grouped,,,,,bf16:column,bf16:column,bf16:column,bf16:column,1,0,invalid,invalid,heuristic,1,false,'[4096x375x7168][4096x2436x7168][4096x1301x7168][4096x170x7168][4096x1228x7168][4096x170x7168][4096x170x7168][4096x576x7168][4096x170x7168][4096x2703x7168][4096x2728x7168][4096x1099x7168][4096x170x7168][4096x170x7168][4096x170x7168][4096x2318x7168][4096x2180x7168][4096x711x7168][4096x293x7168][4096x172x7168][4096x170x7168][4096x655x7168][4096x1361x7168][4096x1240x7168][4096x170x7168][4096x170x7168][4096x275x7168][4096x1303x7168][4096x170x7168][4096x1322x7168][4096x170x7168][4096x1002x7168][4096x928x7168][4096x170x7168][4096x537x7168][4096x1377x7168][4096x1076x7168][4096x178x7168][4096x2180x7168][4096x1263x7168][4096x244x7168][4096x1375x7168][4096x170x7168][4096x170x7168][4096x170x7168][4096x1131x7168][4096x428x7168][4096x668x7168][4096x243x7168][4096x1390x7168][4096x170x7168][4096x684x7168][4096x170x7168][4096x1420x7168][4096x190x7168][4096x303x7168][4096x170x7168][4096x170x7168][4096x491x7168][4096x1022x7168][4096x170x7168][4096x170x7168][4096x1564x7168][4096x195x7168][4096x518x7168][4096x171x7168][4096x520x7168][4096x623x7168][4096x170x7168][4096x170x7168][4096x170x7168][4096x170x7168][4096x170x7168][4096x1021x7168][4096x321x7168][4096x349x7168][4096x2424x7168][4096x522x7168][4096x1148x7168][4096x170x7168][4096x170x7168][4096x279x7168][4096x1161x7168][4096x662x7168][4096x205x7168][4096x564x7168][4096x867x7168][4096x1267x7168][4096x170x7168][4096x263x7168][4096x170x7168][4096x1041x7168][4096x452x7168][4096x1383x7168][4096x170x7168][4096x170x7168]',,tensorop,f32,256,128,64,2,1,1,2,1,1,7,4,1,1,256,128,16,100,110,7113539584,3848827568128,541,3.1582,2097.72,1.21868e+06
1,CUTLASS,grouped_gemm,cutlass3x_sm100_tensorop_gemm_grouped_bf16_bf16_f32_bf16_bf16_256x128x64_2x1x1_0_nnn_align8_stream_k_2sm_epi_tma,passed,success,grouped,,,,,bf16:column,bf16:column,bf16:column,bf16:column,1,0,invalid,invalid,heuristic,1,false,'[4096x375x7168][4096x2436x7168][4096x1301x7168][4096x170x7168][4096x1228x7168][4096x170x7168][4096x170x7168][4096x576x7168][4096x170x7168][4096x2703x7168][4096x2728x7168][4096x1099x7168][4096x170x7168][4096x170x7168][4096x170x7168][4096x2318x7168][4096x2180x7168][4096x711x7168][4096x293x7168][4096x172x7168][4096x170x7168][4096x655x7168][4096x1361x7168][4096x1240x7168][4096x170x7168][4096x170x7168][4096x275x7168][4096x1303x7168][4096x170x7168][4096x1322x7168][4096x170x7168][4096x1002x7168][4096x928x7168][4096x170x7168][4096x537x7168][4096x1377x7168][4096x1076x7168][4096x178x7168][4096x2180x7168][4096x1263x7168][4096x244x7168][4096x1375x7168][4096x170x7168][4096x170x7168][4096x170x7168][4096x1131x7168][4096x428x7168][4096x668x7168][4096x243x7168][4096x1390x7168][4096x170x7168][4096x684x7168][4096x170x7168][4096x1420x7168][4096x190x7168][4096x303x7168][4096x170x7168][4096x170x7168][4096x491x7168][4096x1022x7168][4096x170x7168][4096x170x7168][4096x1564x7168][4096x195x7168][4096x518x7168][4096x171x7168][4096x520x7168][4096x623x7168][4096x170x7168][4096x170x7168][4096x170x7168][4096x170x7168][4096x170x7168][4096x1021x7168][4096x321x7168][4096x349x7168][4096x2424x7168][4096x522x7168][4096x1148x7168][4096x170x7168][4096x170x7168][4096x279x7168][4096x1161x7168][4096x662x7168][4096x205x7168][4096x564x7168][4096x867x7168][4096x1267x7168][4096x170x7168][4096x263x7168][4096x170x7168][4096x1041x7168][4096x452x7168][4096x1383x7168][4096x170x7168][4096x170x7168]',,tensorop,f32,256,128,64,2,1,1,2,1,1,7,4,1,1,256,128,16,100,110,7113539584,3848827568128,541,3.17866,2084.21,1.21083e+06
1,CUTLASS,grouped_gemm,cutlass3x_sm100_tensorop_gemm_grouped_bf16_bf16_f32_bf16_bf16_256x128x64_2x2x1_0_nnn_align8_2sm_epi_tma,passed,success,grouped,,,,,bf16:column,bf16:column,bf16:column,bf16:column,1,0,invalid,invalid,heuristic,1,false,'[4096x375x7168][4096x2436x7168][4096x1301x7168][4096x170x7168][4096x1228x7168][4096x170x7168][4096x170x7168][4096x576x7168][4096x170x7168][4096x2703x7168][4096x2728x7168][4096x1099x7168][4096x170x7168][4096x170x7168][4096x170x7168][4096x2318x7168][4096x2180x7168][4096x711x7168][4096x293x7168][4096x172x7168][4096x170x7168][4096x655x7168][4096x1361x7168][4096x1240x7168][4096x170x7168][4096x170x7168][4096x275x7168][4096x1303x7168][4096x170x7168][4096x1322x7168][4096x170x7168][4096x1002x7168][4096x928x7168][4096x170x7168][4096x537x7168][4096x1377x7168][4096x1076x7168][4096x178x7168][4096x2180x7168][4096x1263x7168][4096x244x7168][4096x1375x7168][4096x170x7168][4096x170x7168][4096x170x7168][4096x1131x7168][4096x428x7168][4096x668x7168][4096x243x7168][4096x1390x7168][4096x170x7168][4096x684x7168][4096x170x7168][4096x1420x7168][4096x190x7168][4096x303x7168][4096x170x7168][4096x170x7168][4096x491x7168][4096x1022x7168][4096x170x7168][4096x170x7168][4096x1564x7168][4096x195x7168][4096x518x7168][4096x171x7168][4096x520x7168][4096x623x7168][4096x170x7168][4096x170x7168][4096x170x7168][4096x170x7168][4096x170x7168][4096x1021x7168][4096x321x7168][4096x349x7168][4096x2424x7168][4096x522x7168][4096x1148x7168][4096x170x7168][4096x170x7168][4096x279x7168][4096x1161x7168][4096x662x7168][4096x205x7168][4096x564x7168][4096x867x7168][4096x1267x7168][4096x170x7168][4096x263x7168][4096x170x7168][4096x1041x7168][4096x452x7168][4096x1383x7168][4096x170x7168][4096x170x7168]',,tensorop,f32,256,128,64,2,2,1,2,1,1,7,4,1,1,256,128,16,100,110,7113539584,3848827568128,541,2.81982,2349.44,1.36492e+06
1,CUTLASS,grouped_gemm,cutlass3x_sm100_tensorop_gemm_grouped_bf16_bf16_f32_bf16_bf16_256x128x64_2x2x1_0_nnn_align8_stream_k_2sm_epi_tma,passed,success,grouped,,,,,bf16:column,bf16:column,bf16:column,bf16:column,1,0,invalid,invalid,heuristic,1,false,'[4096x375x7168][4096x2436x7168][4096x1301x7168][4096x170x7168][4096x1228x7168][4096x170x7168][4096x170x7168][4096x576x7168][4096x170x7168][4096x2703x7168][4096x2728x7168][4096x1099x7168][4096x170x7168][4096x170x7168][4096x170x7168][4096x2318x7168][4096x2180x7168][4096x711x7168][4096x293x7168][4096x172x7168][4096x170x7168][4096x655x7168][4096x1361x7168][4096x1240x7168][4096x170x7168][4096x170x7168][4096x275x7168][4096x1303x7168][4096x170x7168][4096x1322x7168][4096x170x7168][4096x1002x7168][4096x928x7168][4096x170x7168][4096x537x7168][4096x1377x7168][4096x1076x7168][4096x178x7168][4096x2180x7168][4096x1263x7168][4096x244x7168][4096x1375x7168][4096x170x7168][4096x170x7168][4096x170x7168][4096x1131x7168][4096x428x7168][4096x668x7168][4096x243x7168][4096x1390x7168][4096x170x7168][4096x684x7168][4096x170x7168][4096x1420x7168][4096x190x7168][4096x303x7168][4096x170x7168][4096x170x7168][4096x491x7168][4096x1022x7168][4096x170x7168][4096x170x7168][4096x1564x7168][4096x195x7168][4096x518x7168][4096x171x7168][4096x520x7168][4096x623x7168][4096x170x7168][4096x170x7168][4096x170x7168][4096x170x7168][4096x170x7168][4096x1021x7168][4096x321x7168][4096x349x7168][4096x2424x7168][4096x522x7168][4096x1148x7168][4096x170x7168][4096x170x7168][4096x279x7168][4096x1161x7168][4096x662x7168][4096x205x7168][4096x564x7168][4096x867x7168][4096x1267x7168][4096x170x7168][4096x263x7168][4096x170x7168][4096x1041x7168][4096x452x7168][4096x1383x7168][4096x170x7168][4096x170x7168]',,tensorop,f32,256,128,64,2,2,1,2,1,1,7,4,1,1,256,128,16,100,110,7113539584,3848827568128,541,2.78458,2379.18,1.38219e+06
1,CUTLASS,grouped_gemm,cutlass3x_sm100_tensorop_gemm_grouped_bf16_bf16_f32_bf16_bf16_256x128x64_4x1x1_0_nnn_align8_2sm_epi_tma,passed,success,grouped,,,,,bf16:column,bf16:column,bf16:column,bf16:column,1,0,invalid,invalid,heuristic,1,false,'[4096x375x7168][4096x2436x7168][4096x1301x7168][4096x170x7168][4096x1228x7168][4096x170x7168][4096x170x7168][4096x576x7168][4096x170x7168][4096x2703x7168][4096x2728x7168][4096x1099x7168][4096x170x7168][4096x170x7168][4096x170x7168][4096x2318x7168][4096x2180x7168][4096x711x7168][4096x293x7168][4096x172x7168][4096x170x7168][4096x655x7168][4096x1361x7168][4096x1240x7168][4096x170x7168][4096x170x7168][4096x275x7168][4096x1303x7168][4096x170x7168][4096x1322x7168][4096x170x7168][4096x1002x7168][4096x928x7168][4096x170x7168][4096x537x7168][4096x1377x7168][4096x1076x7168][4096x178x7168][4096x2180x7168][4096x1263x7168][4096x244x7168][4096x1375x7168][4096x170x7168][4096x170x7168][4096x170x7168][4096x1131x7168][4096x428x7168][4096x668x7168][4096x243x7168][4096x1390x7168][4096x170x7168][4096x684x7168][4096x170x7168][4096x1420x7168][4096x190x7168][4096x303x7168][4096x170x7168][4096x170x7168][4096x491x7168][4096x1022x7168][4096x170x7168][4096x170x7168][4096x1564x7168][4096x195x7168][4096x518x7168][4096x171x7168][4096x520x7168][4096x623x7168][4096x170x7168][4096x170x7168][4096x170x7168][4096x170x7168][4096x170x7168][4096x1021x7168][4096x321x7168][4096x349x7168][4096x2424x7168][4096x522x7168][4096x1148x7168][4096x170x7168][4096x170x7168][4096x279x7168][4096x1161x7168][4096x662x7168][4096x205x7168][4096x564x7168][4096x867x7168][4096x1267x7168][4096x170x7168][4096x263x7168][4096x170x7168][4096x1041x7168][4096x452x7168][4096x1383x7168][4096x170x7168][4096x170x7168]',,tensorop,f32,256,128,64,4,1,1,2,1,1,7,4,1,1,256,128,16,100,110,7113539584,3848827568128,541,2.82439,2345.64,1.36271e+06
1,CUTLASS,grouped_gemm,cutlass3x_sm100_tensorop_gemm_grouped_bf16_bf16_f32_bf16_bf16_256x128x64_4x1x1_0_nnn_align8_stream_k_2sm_epi_tma,passed,success,grouped,,,,,bf16:column,bf16:column,bf16:column,bf16:column,1,0,invalid,invalid,heuristic,1,false,'[4096x375x7168][4096x2436x7168][4096x1301x7168][4096x170x7168][4096x1228x7168][4096x170x7168][4096x170x7168][4096x576x7168][4096x170x7168][4096x2703x7168][4096x2728x7168][4096x1099x7168][4096x170x7168][4096x170x7168][4096x170x7168][4096x2318x7168][4096x2180x7168][4096x711x7168][4096x293x7168][4096x172x7168][4096x170x7168][4096x655x7168][4096x1361x7168][4096x1240x7168][4096x170x7168][4096x170x7168][4096x275x7168][4096x1303x7168][4096x170x7168][4096x1322x7168][4096x170x7168][4096x1002x7168][4096x928x7168][4096x170x7168][4096x537x7168][4096x1377x7168][4096x1076x7168][4096x178x7168][4096x2180x7168][4096x1263x7168][4096x244x7168][4096x1375x7168][4096x170x7168][4096x170x7168][4096x170x7168][4096x1131x7168][4096x428x7168][4096x668x7168][4096x243x7168][4096x1390x7168][4096x170x7168][4096x684x7168][4096x170x7168][4096x1420x7168][4096x190x7168][4096x303x7168][4096x170x7168][4096x170x7168][4096x491x7168][4096x1022x7168][4096x170x7168][4096x170x7168][4096x1564x7168][4096x195x7168][4096x518x7168][4096x171x7168][4096x520x7168][4096x623x7168][4096x170x7168][4096x170x7168][4096x170x7168][4096x170x7168][4096x170x7168][4096x1021x7168][4096x321x7168][4096x349x7168][4096x2424x7168][4096x522x7168][4096x1148x7168][4096x170x7168][4096x170x7168][4096x279x7168][4096x1161x7168][4096x662x7168][4096x205x7168][4096x564x7168][4096x867x7168][4096x1267x7168][4096x170x7168][4096x263x7168][4096x170x7168][4096x1041x7168][4096x452x7168][4096x1383x7168][4096x170x7168][4096x170x7168]',,tensorop,f32,256,128,64,4,1,1,2,1,1,7,4,1,1,256,128,16,100,110,7113539584,3848827568128,541,2.82701,2343.46,1.36145e+06
1,CUTLASS,grouped_gemm,cutlass3x_sm100_tensorop_gemm_grouped_bf16_bf16_f32_bf16_bf16_256x128x64_2x4x1_0_nnn_align8_2sm_epi_tma,passed,success,grouped,,,,,bf16:column,bf16:column,bf16:column,bf16:column,1,0,invalid,invalid,heuristic,1,false,'[4096x375x7168][4096x2436x7168][4096x1301x7168][4096x170x7168][4096x1228x7168][4096x170x7168][4096x170x7168][4096x576x7168][4096x170x7168][4096x2703x7168][4096x2728x7168][4096x1099x7168][4096x170x7168][4096x170x7168][4096x170x7168][4096x2318x7168][4096x2180x7168][4096x711x7168][4096x293x7168][4096x172x7168][4096x170x7168][4096x655x7168][4096x1361x7168][4096x1240x7168][4096x170x7168][4096x170x7168][4096x275x7168][4096x1303x7168][4096x170x7168][4096x1322x7168][4096x170x7168][4096x1002x7168][4096x928x7168][4096x170x7168][4096x537x7168][4096x1377x7168][4096x1076x7168][4096x178x7168][4096x2180x7168][4096x1263x7168][4096x244x7168][4096x1375x7168][4096x170x7168][4096x170x7168][4096x170x7168][4096x1131x7168][4096x428x7168][4096x668x7168][4096x243x7168][4096x1390x7168][4096x170x7168][4096x684x7168][4096x170x7168][4096x1420x7168][4096x190x7168][4096x303x7168][4096x170x7168][4096x170x7168][4096x491x7168][4096x1022x7168][4096x170x7168][4096x170x7168][4096x1564x7168][4096x195x7168][4096x518x7168][4096x171x7168][4096x520x7168][4096x623x7168][4096x170x7168][4096x170x7168][4096x170x7168][4096x170x7168][4096x170x7168][4096x1021x7168][4096x321x7168][4096x349x7168][4096x2424x7168][4096x522x7168][4096x1148x7168][4096x170x7168][4096x170x7168][4096x279x7168][4096x1161x7168][4096x662x7168][4096x205x7168][4096x564x7168][4096x867x7168][4096x1267x7168][4096x170x7168][4096x263x7168][4096x170x7168][4096x1041x7168][4096x452x7168][4096x1383x7168][4096x170x7168][4096x170x7168]',,tensorop,f32,256,128,64,2,4,1,2,1,1,7,4,1,1,256,128,16,100,110,7113539584,3848827568128,541,3.67816,1801.17,1.0464e+06
1,CUTLASS,grouped_gemm,cutlass3x_sm100_tensorop_gemm_grouped_bf16_bf16_f32_bf16_bf16_256x128x64_2x4x1_0_nnn_align8_stream_k_2sm_epi_tma,passed,success,grouped,,,,,bf16:column,bf16:column,bf16:column,bf16:column,1,0,invalid,invalid,heuristic,1,false,'[4096x375x7168][4096x2436x7168][4096x1301x7168][4096x170x7168][4096x1228x7168][4096x170x7168][4096x170x7168][4096x576x7168][4096x170x7168][4096x2703x7168][4096x2728x7168][4096x1099x7168][4096x170x7168][4096x170x7168][4096x170x7168][4096x2318x7168][4096x2180x7168][4096x711x7168][4096x293x7168][4096x172x7168][4096x170x7168][4096x655x7168][4096x1361x7168][4096x1240x7168][4096x170x7168][4096x170x7168][4096x275x7168][4096x1303x7168][4096x170x7168][4096x1322x7168][4096x170x7168][4096x1002x7168][4096x928x7168][4096x170x7168][4096x537x7168][4096x1377x7168][4096x1076x7168][4096x178x7168][4096x2180x7168][4096x1263x7168][4096x244x7168][4096x1375x7168][4096x170x7168][4096x170x7168][4096x170x7168][4096x1131x7168][4096x428x7168][4096x668x7168][4096x243x7168][4096x1390x7168][4096x170x7168][4096x684x7168][4096x170x7168][4096x1420x7168][4096x190x7168][4096x303x7168][4096x170x7168][4096x170x7168][4096x491x7168][4096x1022x7168][4096x170x7168][4096x170x7168][4096x1564x7168][4096x195x7168][4096x518x7168][4096x171x7168][4096x520x7168][4096x623x7168][4096x170x7168][4096x170x7168][4096x170x7168][4096x170x7168][4096x170x7168][4096x1021x7168][4096x321x7168][4096x349x7168][4096x2424x7168][4096x522x7168][4096x1148x7168][4096x170x7168][4096x170x7168][4096x279x7168][4096x1161x7168][4096x662x7168][4096x205x7168][4096x564x7168][4096x867x7168][4096x1267x7168][4096x170x7168][4096x263x7168][4096x170x7168][4096x1041x7168][4096x452x7168][4096x1383x7168][4096x170x7168][4096x170x7168]',,tensorop,f32,256,128,64,2,4,1,2,1,1,7,4,1,1,256,128,16,100,110,7113539584,3848827568128,541,3.67896,1800.78,1.04617e+06
1,CUTLASS,grouped_gemm,cutlass3x_sm100_tensorop_gemm_grouped_bf16_bf16_f32_bf16_bf16_256x128x64_4x2x1_0_nnn_align8_2sm_epi_tma,passed,success,grouped,,,,,bf16:column,bf16:column,bf16:column,bf16:column,1,0,invalid,invalid,heuristic,1,false,'[4096x375x7168][4096x2436x7168][4096x1301x7168][4096x170x7168][4096x1228x7168][4096x170x7168][4096x170x7168][4096x576x7168][4096x170x7168][4096x2703x7168][4096x2728x7168][4096x1099x7168][4096x170x7168][4096x170x7168][4096x170x7168][4096x2318x7168][4096x2180x7168][4096x711x7168][4096x293x7168][4096x172x7168][4096x170x7168][4096x655x7168][4096x1361x7168][4096x1240x7168][4096x170x7168][4096x170x7168][4096x275x7168][4096x1303x7168][4096x170x7168][4096x1322x7168][4096x170x7168][4096x1002x7168][4096x928x7168][4096x170x7168][4096x537x7168][4096x1377x7168][4096x1076x7168][4096x178x7168][4096x2180x7168][4096x1263x7168][4096x244x7168][4096x1375x7168][4096x170x7168][4096x170x7168][4096x170x7168][4096x1131x7168][4096x428x7168][4096x668x7168][4096x243x7168][4096x1390x7168][4096x170x7168][4096x684x7168][4096x170x7168][4096x1420x7168][4096x190x7168][4096x303x7168][4096x170x7168][4096x170x7168][4096x491x7168][4096x1022x7168][4096x170x7168][4096x170x7168][4096x1564x7168][4096x195x7168][4096x518x7168][4096x171x7168][4096x520x7168][4096x623x7168][4096x170x7168][4096x170x7168][4096x170x7168][4096x170x7168][4096x170x7168][4096x1021x7168][4096x321x7168][4096x349x7168][4096x2424x7168][4096x522x7168][4096x1148x7168][4096x170x7168][4096x170x7168][4096x279x7168][4096x1161x7168][4096x662x7168][4096x205x7168][4096x564x7168][4096x867x7168][4096x1267x7168][4096x170x7168][4096x263x7168][4096x170x7168][4096x1041x7168][4096x452x7168][4096x1383x7168][4096x170x7168][4096x170x7168]',,tensorop,f32,256,128,64,4,2,1,2,1,1,7,4,1,1,256,128,16,100,110,7113539584,3848827568128,541,3.20785,2065.25,1.19982e+06
1,CUTLASS,grouped_gemm,cutlass3x_sm100_tensorop_gemm_grouped_bf16_bf16_f32_bf16_bf16_256x128x64_4x2x1_0_nnn_align8_stream_k_2sm_epi_tma,passed,success,grouped,,,,,bf16:column,bf16:column,bf16:column,bf16:column,1,0,invalid,invalid,heuristic,1,false,'[4096x375x7168][4096x2436x7168][4096x1301x7168][4096x170x7168][4096x1228x7168][4096x170x7168][4096x170x7168][4096x576x7168][4096x170x7168][4096x2703x7168][4096x2728x7168][4096x1099x7168][4096x170x7168][4096x170x7168][4096x170x7168][4096x2318x7168][4096x2180x7168][4096x711x7168][4096x293x7168][4096x172x7168][4096x170x7168][4096x655x7168][4096x1361x7168][4096x1240x7168][4096x170x7168][4096x170x7168][4096x275x7168][4096x1303x7168][4096x170x7168][4096x1322x7168][4096x170x7168][4096x1002x7168][4096x928x7168][4096x170x7168][4096x537x7168][4096x1377x7168][4096x1076x7168][4096x178x7168][4096x2180x7168][4096x1263x7168][4096x244x7168][4096x1375x7168][4096x170x7168][4096x170x7168][4096x170x7168][4096x1131x7168][4096x428x7168][4096x668x7168][4096x243x7168][4096x1390x7168][4096x170x7168][4096x684x7168][4096x170x7168][4096x1420x7168][4096x190x7168][4096x303x7168][4096x170x7168][4096x170x7168][4096x491x7168][4096x1022x7168][4096x170x7168][4096x170x7168][4096x1564x7168][4096x195x7168][4096x518x7168][4096x171x7168][4096x520x7168][4096x623x7168][4096x170x7168][4096x170x7168][4096x170x7168][4096x170x7168][4096x170x7168][4096x1021x7168][4096x321x7168][4096x349x7168][4096x2424x7168][4096x522x7168][4096x1148x7168][4096x170x7168][4096x170x7168][4096x279x7168][4096x1161x7168][4096x662x7168][4096x205x7168][4096x564x7168][4096x867x7168][4096x1267x7168][4096x170x7168][4096x263x7168][4096x170x7168][4096x1041x7168][4096x452x7168][4096x1383x7168][4096x170x7168][4096x170x7168]',,tensorop,f32,256,128,64,4,2,1,2,1,1,7,4,1,1,256,128,16,100,110,7113539584,3848827568128,541,3.24649,2040.66,1.18553e+06
1,CUTLASS,grouped_gemm,cutlass3x_sm100_tensorop_gemm_grouped_bf16_bf16_f32_bf16_bf16_256x128x64_4x4x1_0_nnn_align8_2sm_epi_tma,passed,success,grouped,,,,,bf16:column,bf16:column,bf16:column,bf16:column,1,0,invalid,invalid,heuristic,1,false,'[4096x375x7168][4096x2436x7168][4096x1301x7168][4096x170x7168][4096x1228x7168][4096x170x7168][4096x170x7168][4096x576x7168][4096x170x7168][4096x2703x7168][4096x2728x7168][4096x1099x7168][4096x170x7168][4096x170x7168][4096x170x7168][4096x2318x7168][4096x2180x7168][4096x711x7168][4096x293x7168][4096x172x7168][4096x170x7168][4096x655x7168][4096x1361x7168][4096x1240x7168][4096x170x7168][4096x170x7168][4096x275x7168][4096x1303x7168][4096x170x7168][4096x1322x7168][4096x170x7168][4096x1002x7168][4096x928x7168][4096x170x7168][4096x537x7168][4096x1377x7168][4096x1076x7168][4096x178x7168][4096x2180x7168][4096x1263x7168][4096x244x7168][4096x1375x7168][4096x170x7168][4096x170x7168][4096x170x7168][4096x1131x7168][4096x428x7168][4096x668x7168][4096x243x7168][4096x1390x7168][4096x170x7168][4096x684x7168][4096x170x7168][4096x1420x7168][4096x190x7168][4096x303x7168][4096x170x7168][4096x170x7168][4096x491x7168][4096x1022x7168][4096x170x7168][4096x170x7168][4096x1564x7168][4096x195x7168][4096x518x7168][4096x171x7168][4096x520x7168][4096x623x7168][4096x170x7168][4096x170x7168][4096x170x7168][4096x170x7168][4096x170x7168][4096x1021x7168][4096x321x7168][4096x349x7168][4096x2424x7168][4096x522x7168][4096x1148x7168][4096x170x7168][4096x170x7168][4096x279x7168][4096x1161x7168][4096x662x7168][4096x205x7168][4096x564x7168][4096x867x7168][4096x1267x7168][4096x170x7168][4096x263x7168][4096x170x7168][4096x1041x7168][4096x452x7168][4096x1383x7168][4096x170x7168][4096x170x7168]',,tensorop,f32,256,128,64,4,4,1,2,1,1,7,4,1,1,256,128,16,100,110,7113539584,3848827568128,541,3.87896,1707.93,992233
1,CUTLASS,grouped_gemm,cutlass3x_sm100_tensorop_gemm_grouped_bf16_bf16_f32_bf16_bf16_256x128x64_4x4x1_0_nnn_align8_stream_k_2sm_epi_tma,passed,success,grouped,,,,,bf16:column,bf16:column,bf16:column,bf16:column,1,0,invalid,invalid,heuristic,1,false,'[4096x375x7168][4096x2436x7168][4096x1301x7168][4096x170x7168][4096x1228x7168][4096x170x7168][4096x170x7168][4096x576x7168][4096x170x7168][4096x2703x7168][4096x2728x7168][4096x1099x7168][4096x170x7168][4096x170x7168][4096x170x7168][4096x2318x7168][4096x2180x7168][4096x711x7168][4096x293x7168][4096x172x7168][4096x170x7168][4096x655x7168][4096x1361x7168][4096x1240x7168][4096x170x7168][4096x170x7168][4096x275x7168][4096x1303x7168][4096x170x7168][4096x1322x7168][4096x170x7168][4096x1002x7168][4096x928x7168][4096x170x7168][4096x537x7168][4096x1377x7168][4096x1076x7168][4096x178x7168][4096x2180x7168][4096x1263x7168][4096x244x7168][4096x1375x7168][4096x170x7168][4096x170x7168][4096x170x7168][4096x1131x7168][4096x428x7168][4096x668x7168][4096x243x7168][4096x1390x7168][4096x170x7168][4096x684x7168][4096x170x7168][4096x1420x7168][4096x190x7168][4096x303x7168][4096x170x7168][4096x170x7168][4096x491x7168][4096x1022x7168][4096x170x7168][4096x170x7168][4096x1564x7168][4096x195x7168][4096x518x7168][4096x171x7168][4096x520x7168][4096x623x7168][4096x170x7168][4096x170x7168][4096x170x7168][4096x170x7168][4096x170x7168][4096x1021x7168][4096x321x7168][4096x349x7168][4096x2424x7168][4096x522x7168][4096x1148x7168][4096x170x7168][4096x170x7168][4096x279x7168][4096x1161x7168][4096x662x7168][4096x205x7168][4096x564x7168][4096x867x7168][4096x1267x7168][4096x170x7168][4096x263x7168][4096x170x7168][4096x1041x7168][4096x452x7168][4096x1383x7168][4096x170x7168][4096x170x7168]',,tensorop,f32,256,128,64,4,4,1,2,1,1,7,4,1,1,256,128,16,100,110,7113539584,3848827568128,541,3.87969,1707.61,992044
1,CUTLASS,grouped_gemm,cutlass3x_sm100_tensorop_gemm_grouped_bf16_bf16_f32_bf16_bf16_256x128x64_0x0x1_0_tnn_align8_2sm_epi_tma,passed,success,grouped,,,,,bf16:row,bf16:column,bf16:column,bf16:column,1,0,invalid,invalid,heuristic,1,false,'[4096x375x7168][4096x2436x7168][4096x1301x7168][4096x170x7168][4096x1228x7168][4096x170x7168][4096x170x7168][4096x576x7168][4096x170x7168][4096x2703x7168][4096x2728x7168][4096x1099x7168][4096x170x7168][4096x170x7168][4096x170x7168][4096x2318x7168][4096x2180x7168][4096x711x7168][4096x293x7168][4096x172x7168][4096x170x7168][4096x655x7168][4096x1361x7168][4096x1240x7168][4096x170x7168][4096x170x7168][4096x275x7168][4096x1303x7168][4096x170x7168][4096x1322x7168][4096x170x7168][4096x1002x7168][4096x928x7168][4096x170x7168][4096x537x7168][4096x1377x7168][4096x1076x7168][4096x178x7168][4096x2180x7168][4096x1263x7168][4096x244x7168][4096x1375x7168][4096x170x7168][4096x170x7168][4096x170x7168][4096x1131x7168][4096x428x7168][4096x668x7168][4096x243x7168][4096x1390x7168][4096x170x7168][4096x684x7168][4096x170x7168][4096x1420x7168][4096x190x7168][4096x303x7168][4096x170x7168][4096x170x7168][4096x491x7168][4096x1022x7168][4096x170x7168][4096x170x7168][4096x1564x7168][4096x195x7168][4096x518x7168][4096x171x7168][4096x520x7168][4096x623x7168][4096x170x7168][4096x170x7168][4096x170x7168][4096x170x7168][4096x170x7168][4096x1021x7168][4096x321x7168][4096x349x7168][4096x2424x7168][4096x522x7168][4096x1148x7168][4096x170x7168][4096x170x7168][4096x279x7168][4096x1161x7168][4096x662x7168][4096x205x7168][4096x564x7168][4096x867x7168][4096x1267x7168][4096x170x7168][4096x263x7168][4096x170x7168][4096x1041x7168][4096x452x7168][4096x1383x7168][4096x170x7168][4096x170x7168]',,tensorop,f32,256,128,64,2,1,1,2,1,1,7,4,1,1,256,128,16,100,110,7113539584,3848827568128,541,3.0949,2140.62,1.2436e+06
1,CUTLASS,grouped_gemm,cutlass3x_sm100_tensorop_gemm_grouped_bf16_bf16_f32_bf16_bf16_256x128x64_0x0x1_0_tnn_align8_stream_k_2sm_epi_tma,passed,success,grouped,,,,,bf16:row,bf16:column,bf16:column,bf16:column,1,0,invalid,invalid,heuristic,1,false,'[4096x375x7168][4096x2436x7168][4096x1301x7168][4096x170x7168][4096x1228x7168][4096x170x7168][4096x170x7168][4096x576x7168][4096x170x7168][4096x2703x7168][4096x2728x7168][4096x1099x7168][4096x170x7168][4096x170x7168][4096x170x7168][4096x2318x7168][4096x2180x7168][4096x711x7168][4096x293x7168][4096x172x7168][4096x170x7168][4096x655x7168][4096x1361x7168][4096x1240x7168][4096x170x7168][4096x170x7168][4096x275x7168][4096x1303x7168][4096x170x7168][4096x1322x7168][4096x170x7168][4096x1002x7168][4096x928x7168][4096x170x7168][4096x537x7168][4096x1377x7168][4096x1076x7168][4096x178x7168][4096x2180x7168][4096x1263x7168][4096x244x7168][4096x1375x7168][4096x170x7168][4096x170x7168][4096x170x7168][4096x1131x7168][4096x428x7168][4096x668x7168][4096x243x7168][4096x1390x7168][4096x170x7168][4096x684x7168][4096x170x7168][4096x1420x7168][4096x190x7168][4096x303x7168][4096x170x7168][4096x170x7168][4096x491x7168][4096x1022x7168][4096x170x7168][4096x170x7168][4096x1564x7168][4096x195x7168][4096x518x7168][4096x171x7168][4096x520x7168][4096x623x7168][4096x170x7168][4096x170x7168][4096x170x7168][4096x170x7168][4096x170x7168][4096x1021x7168][4096x321x7168][4096x349x7168][4096x2424x7168][4096x522x7168][4096x1148x7168][4096x170x7168][4096x170x7168][4096x279x7168][4096x1161x7168][4096x662x7168][4096x205x7168][4096x564x7168][4096x867x7168][4096x1267x7168][4096x170x7168][4096x263x7168][4096x170x7168][4096x1041x7168][4096x452x7168][4096x1383x7168][4096x170x7168][4096x170x7168]',,tensorop,f32,256,128,64,2,1,1,2,1,1,7,4,1,1,256,128,16,100,110,7113539584,3848827568128,541,3.08165,2149.82,1.24895e+06
1,CUTLASS,grouped_gemm,cutlass3x_sm100_tensorop_gemm_grouped_bf16_bf16_f32_bf16_bf16_256x128x64_2x1x1_0_tnn_align8_2sm_epi_tma,passed,success,grouped,,,,,bf16:row,bf16:column,bf16:column,bf16:column,1,0,invalid,invalid,heuristic,1,false,'[4096x375x7168][4096x2436x7168][4096x1301x7168][4096x170x7168][4096x1228x7168][4096x170x7168][4096x170x7168][4096x576x7168][4096x170x7168][4096x2703x7168][4096x2728x7168][4096x1099x7168][4096x170x7168][4096x170x7168][4096x170x7168][4096x2318x7168][4096x2180x7168][4096x711x7168][4096x293x7168][4096x172x7168][4096x170x7168][4096x655x7168][4096x1361x7168][4096x1240x7168][4096x170x7168][4096x170x7168][4096x275x7168][4096x1303x7168][4096x170x7168][4096x1322x7168][4096x170x7168][4096x1002x7168][4096x928x7168][4096x170x7168][4096x537x7168][4096x1377x7168][4096x1076x7168][4096x178x7168][4096x2180x7168][4096x1263x7168][4096x244x7168][4096x1375x7168][4096x170x7168][4096x170x7168][4096x170x7168][4096x1131x7168][4096x428x7168][4096x668x7168][4096x243x7168][4096x1390x7168][4096x170x7168][4096x684x7168][4096x170x7168][4096x1420x7168][4096x190x7168][4096x303x7168][4096x170x7168][4096x170x7168][4096x491x7168][4096x1022x7168][4096x170x7168][4096x170x7168][4096x1564x7168][4096x195x7168][4096x518x7168][4096x171x7168][4096x520x7168][4096x623x7168][4096x170x7168][4096x170x7168][4096x170x7168][4096x170x7168][4096x170x7168][4096x1021x7168][4096x321x7168][4096x349x7168][4096x2424x7168][4096x522x7168][4096x1148x7168][4096x170x7168][4096x170x7168][4096x279x7168][4096x1161x7168][4096x662x7168][4096x205x7168][4096x564x7168][4096x867x7168][4096x1267x7168][4096x170x7168][4096x263x7168][4096x170x7168][4096x1041x7168][4096x452x7168][4096x1383x7168][4096x170x7168][4096x170x7168]',,tensorop,f32,256,128,64,2,1,1,2,1,1,7,4,1,1,256,128,16,100,110,7113539584,3848827568128,541,3.11025,2130.05,1.23747e+06
1,CUTLASS,grouped_gemm,cutlass3x_sm100_tensorop_gemm_grouped_bf16_bf16_f32_bf16_bf16_256x128x64_2x1x1_0_tnn_align8_stream_k_2sm_epi_tma,passed,success,grouped,,,,,bf16:row,bf16:column,bf16:column,bf16:column,1,0,invalid,invalid,heuristic,1,false,'[4096x375x7168][4096x2436x7168][4096x1301x7168][4096x170x7168][4096x1228x7168][4096x170x7168][4096x170x7168][4096x576x7168][4096x170x7168][4096x2703x7168][4096x2728x7168][4096x1099x7168][4096x170x7168][4096x170x7168][4096x170x7168][4096x2318x7168][4096x2180x7168][4096x711x7168][4096x293x7168][4096x172x7168][4096x170x7168][4096x655x7168][4096x1361x7168][4096x1240x7168][4096x170x7168][4096x170x7168][4096x275x7168][4096x1303x7168][4096x170x7168][4096x1322x7168][4096x170x7168][4096x1002x7168][4096x928x7168][4096x170x7168][4096x537x7168][4096x1377x7168][4096x1076x7168][4096x178x7168][4096x2180x7168][4096x1263x7168][4096x244x7168][4096x1375x7168][4096x170x7168][4096x170x7168][4096x170x7168][4096x1131x7168][4096x428x7168][4096x668x7168][4096x243x7168][4096x1390x7168][4096x170x7168][4096x684x7168][4096x170x7168][4096x1420x7168][4096x190x7168][4096x303x7168][4096x170x7168][4096x170x7168][4096x491x7168][4096x1022x7168][4096x170x7168][4096x170x7168][4096x1564x7168][4096x195x7168][4096x518x7168][4096x171x7168][4096x520x7168][4096x623x7168][4096x170x7168][4096x170x7168][4096x170x7168][4096x170x7168][4096x170x7168][4096x1021x7168][4096x321x7168][4096x349x7168][4096x2424x7168][4096x522x7168][4096x1148x7168][4096x170x7168][4096x170x7168][4096x279x7168][4096x1161x7168][4096x662x7168][4096x205x7168][4096x564x7168][4096x867x7168][4096x1267x7168][4096x170x7168][4096x263x7168][4096x170x7168][4096x1041x7168][4096x452x7168][4096x1383x7168][4096x170x7168][4096x170x7168]',,tensorop,f32,256,128,64,2,1,1,2,1,1,7,4,1,1,256,128,16,100,110,7113539584,3848827568128,541,3.09695,2139.2,1.24278e+06
1,CUTLASS,grouped_gemm,cutlass3x_sm100_tensorop_gemm_grouped_bf16_bf16_f32_bf16_bf16_256x128x64_2x2x1_0_tnn_align8_2sm_epi_tma,passed,success,grouped,,,,,bf16:row,bf16:column,bf16:column,bf16:column,1,0,invalid,invalid,heuristic,1,false,'[4096x375x7168][4096x2436x7168][4096x1301x7168][4096x170x7168][4096x1228x7168][4096x170x7168][4096x170x7168][4096x576x7168][4096x170x7168][4096x2703x7168][4096x2728x7168][4096x1099x7168][4096x170x7168][4096x170x7168][4096x170x7168][4096x2318x7168][4096x2180x7168][4096x711x7168][4096x293x7168][4096x172x7168][4096x170x7168][4096x655x7168][4096x1361x7168][4096x1240x7168][4096x170x7168][4096x170x7168][4096x275x7168][4096x1303x7168][4096x170x7168][4096x1322x7168][4096x170x7168][4096x1002x7168][4096x928x7168][4096x170x7168][4096x537x7168][4096x1377x7168][4096x1076x7168][4096x178x7168][4096x2180x7168][4096x1263x7168][4096x244x7168][4096x1375x7168][4096x170x7168][4096x170x7168][4096x170x7168][4096x1131x7168][4096x428x7168][4096x668x7168][4096x243x7168][4096x1390x7168][4096x170x7168][4096x684x7168][4096x170x7168][4096x1420x7168][4096x190x7168][4096x303x7168][4096x170x7168][4096x170x7168][4096x491x7168][4096x1022x7168][4096x170x7168][4096x170x7168][4096x1564x7168][4096x195x7168][4096x518x7168][4096x171x7168][4096x520x7168][4096x623x7168][4096x170x7168][4096x170x7168][4096x170x7168][4096x170x7168][4096x170x7168][4096x1021x7168][4096x321x7168][4096x349x7168][4096x2424x7168][4096x522x7168][4096x1148x7168][4096x170x7168][4096x170x7168][4096x279x7168][4096x1161x7168][4096x662x7168][4096x205x7168][4096x564x7168][4096x867x7168][4096x1267x7168][4096x170x7168][4096x263x7168][4096x170x7168][4096x1041x7168][4096x452x7168][4096x1383x7168][4096x170x7168][4096x170x7168]',,tensorop,f32,256,128,64,2,2,1,2,1,1,7,4,1,1,256,128,16,100,110,7113539584,3848827568128,541,2.86324,2313.81,1.34422e+06
1,CUTLASS,grouped_gemm,cutlass3x_sm100_tensorop_gemm_grouped_bf16_bf16_f32_bf16_bf16_256x128x64_2x2x1_0_tnn_align8_stream_k_2sm_epi_tma,passed,success,grouped,,,,,bf16:row,bf16:column,bf16:column,bf16:column,1,0,invalid,invalid,heuristic,1,false,'[4096x375x7168][4096x2436x7168][4096x1301x7168][4096x170x7168][4096x1228x7168][4096x170x7168][4096x170x7168][4096x576x7168][4096x170x7168][4096x2703x7168][4096x2728x7168][4096x1099x7168][4096x170x7168][4096x170x7168][4096x170x7168][4096x2318x7168][4096x2180x7168][4096x711x7168][4096x293x7168][4096x172x7168][4096x170x7168][4096x655x7168][4096x1361x7168][4096x1240x7168][4096x170x7168][4096x170x7168][4096x275x7168][4096x1303x7168][4096x170x7168][4096x1322x7168][4096x170x7168][4096x1002x7168][4096x928x7168][4096x170x7168][4096x537x7168][4096x1377x7168][4096x1076x7168][4096x178x7168][4096x2180x7168][4096x1263x7168][4096x244x7168][4096x1375x7168][4096x170x7168][4096x170x7168][4096x170x7168][4096x1131x7168][4096x428x7168][4096x668x7168][4096x243x7168][4096x1390x7168][4096x170x7168][4096x684x7168][4096x170x7168][4096x1420x7168][4096x190x7168][4096x303x7168][4096x170x7168][4096x170x7168][4096x491x7168][4096x1022x7168][4096x170x7168][4096x170x7168][4096x1564x7168][4096x195x7168][4096x518x7168][4096x171x7168][4096x520x7168][4096x623x7168][4096x170x7168][4096x170x7168][4096x170x7168][4096x170x7168][4096x170x7168][4096x1021x7168][4096x321x7168][4096x349x7168][4096x2424x7168][4096x522x7168][4096x1148x7168][4096x170x7168][4096x170x7168][4096x279x7168][4096x1161x7168][4096x662x7168][4096x205x7168][4096x564x7168][4096x867x7168][4096x1267x7168][4096x170x7168][4096x263x7168][4096x170x7168][4096x1041x7168][4096x452x7168][4096x1383x7168][4096x170x7168][4096x170x7168]',,tensorop,f32,256,128,64,2,2,1,2,1,1,7,4,1,1,256,128,16,100,110,7113539584,3848827568128,541,2.85433,2321.03,1.34842e+06
1,CUTLASS,grouped_gemm,cutlass3x_sm100_tensorop_gemm_grouped_bf16_bf16_f32_bf16_bf16_256x128x64_4x1x1_0_tnn_align8_2sm_epi_tma,passed,success,grouped,,,,,bf16:row,bf16:column,bf16:column,bf16:column,1,0,invalid,invalid,heuristic,1,false,'[4096x375x7168][4096x2436x7168][4096x1301x7168][4096x170x7168][4096x1228x7168][4096x170x7168][4096x170x7168][4096x576x7168][4096x170x7168][4096x2703x7168][4096x2728x7168][4096x1099x7168][4096x170x7168][4096x170x7168][4096x170x7168][4096x2318x7168][4096x2180x7168][4096x711x7168][4096x293x7168][4096x172x7168][4096x170x7168][4096x655x7168][4096x1361x7168][4096x1240x7168][4096x170x7168][4096x170x7168][4096x275x7168][4096x1303x7168][4096x170x7168][4096x1322x7168][4096x170x7168][4096x1002x7168][4096x928x7168][4096x170x7168][4096x537x7168][4096x1377x7168][4096x1076x7168][4096x178x7168][4096x2180x7168][4096x1263x7168][4096x244x7168][4096x1375x7168][4096x170x7168][4096x170x7168][4096x170x7168][4096x1131x7168][4096x428x7168][4096x668x7168][4096x243x7168][4096x1390x7168][4096x170x7168][4096x684x7168][4096x170x7168][4096x1420x7168][4096x190x7168][4096x303x7168][4096x170x7168][4096x170x7168][4096x491x7168][4096x1022x7168][4096x170x7168][4096x170x7168][4096x1564x7168][4096x195x7168][4096x518x7168][4096x171x7168][4096x520x7168][4096x623x7168][4096x170x7168][4096x170x7168][4096x170x7168][4096x170x7168][4096x170x7168][4096x1021x7168][4096x321x7168][4096x349x7168][4096x2424x7168][4096x522x7168][4096x1148x7168][4096x170x7168][4096x170x7168][4096x279x7168][4096x1161x7168][4096x662x7168][4096x205x7168][4096x564x7168][4096x867x7168][4096x1267x7168][4096x170x7168][4096x263x7168][4096x170x7168][4096x1041x7168][4096x452x7168][4096x1383x7168][4096x170x7168][4096x170x7168]',,tensorop,f32,256,128,64,4,1,1,2,1,1,7,4,1,1,256,128,16,100,110,7113539584,3848827568128,541,2.81472,2353.69,1.36739e+06
1,CUTLASS,grouped_gemm,cutlass3x_sm100_tensorop_gemm_grouped_bf16_bf16_f32_bf16_bf16_256x128x64_4x1x1_0_tnn_align8_stream_k_2sm_epi_tma,passed,success,grouped,,,,,bf16:row,bf16:column,bf16:column,bf16:column,1,0,invalid,invalid,heuristic,1,false,'[4096x375x7168][4096x2436x7168][4096x1301x7168][4096x170x7168][4096x1228x7168][4096x170x7168][4096x170x7168][4096x576x7168][4096x170x7168][4096x2703x7168][4096x2728x7168][4096x1099x7168][4096x170x7168][4096x170x7168][4096x170x7168][4096x2318x7168][4096x2180x7168][4096x711x7168][4096x293x7168][4096x172x7168][4096x170x7168][4096x655x7168][4096x1361x7168][4096x1240x7168][4096x170x7168][4096x170x7168][4096x275x7168][4096x1303x7168][4096x170x7168][4096x1322x7168][4096x170x7168][4096x1002x7168][4096x928x7168][4096x170x7168][4096x537x7168][4096x1377x7168][4096x1076x7168][4096x178x7168][4096x2180x7168][4096x1263x7168][4096x244x7168][4096x1375x7168][4096x170x7168][4096x170x7168][4096x170x7168][4096x1131x7168][4096x428x7168][4096x668x7168][4096x243x7168][4096x1390x7168][4096x170x7168][4096x684x7168][4096x170x7168][4096x1420x7168][4096x190x7168][4096x303x7168][4096x170x7168][4096x170x7168][4096x491x7168][4096x1022x7168][4096x170x7168][4096x170x7168][4096x1564x7168][4096x195x7168][4096x518x7168][4096x171x7168][4096x520x7168][4096x623x7168][4096x170x7168][4096x170x7168][4096x170x7168][4096x170x7168][4096x170x7168][4096x1021x7168][4096x321x7168][4096x349x7168][4096x2424x7168][4096x522x7168][4096x1148x7168][4096x170x7168][4096x170x7168][4096x279x7168][4096x1161x7168][4096x662x7168][4096x205x7168][4096x564x7168][4096x867x7168][4096x1267x7168][4096x170x7168][4096x263x7168][4096x170x7168][4096x1041x7168][4096x452x7168][4096x1383x7168][4096x170x7168][4096x170x7168]',,tensorop,f32,256,128,64,4,1,1,2,1,1,7,4,1,1,256,128,16,100,110,7113539584,3848827568128,541,2.82056,2348.82,1.36456e+06
1,CUTLASS,grouped_gemm,cutlass3x_sm100_tensorop_gemm_grouped_bf16_bf16_f32_bf16_bf16_256x128x64_2x4x1_0_tnn_align8_2sm_epi_tma,passed,success,grouped,,,,,bf16:row,bf16:column,bf16:column,bf16:column,1,0,invalid,invalid,heuristic,1,false,'[4096x375x7168][4096x2436x7168][4096x1301x7168][4096x170x7168][4096x1228x7168][4096x170x7168][4096x170x7168][4096x576x7168][4096x170x7168][4096x2703x7168][4096x2728x7168][4096x1099x7168][4096x170x7168][4096x170x7168][4096x170x7168][4096x2318x7168][4096x2180x7168][4096x711x7168][4096x293x7168][4096x172x7168][4096x170x7168][4096x655x7168][4096x1361x7168][4096x1240x7168][4096x170x7168][4096x170x7168][4096x275x7168][4096x1303x7168][4096x170x7168][4096x1322x7168][4096x170x7168][4096x1002x7168][4096x928x7168][4096x170x7168][4096x537x7168][4096x1377x7168][4096x1076x7168][4096x178x7168][4096x2180x7168][4096x1263x7168][4096x244x7168][4096x1375x7168][4096x170x7168][4096x170x7168][4096x170x7168][4096x1131x7168][4096x428x7168][4096x668x7168][4096x243x7168][4096x1390x7168][4096x170x7168][4096x684x7168][4096x170x7168][4096x1420x7168][4096x190x7168][4096x303x7168][4096x170x7168][4096x170x7168][4096x491x7168][4096x1022x7168][4096x170x7168][4096x170x7168][4096x1564x7168][4096x195x7168][4096x518x7168][4096x171x7168][4096x520x7168][4096x623x7168][4096x170x7168][4096x170x7168][4096x170x7168][4096x170x7168][4096x170x7168][4096x1021x7168][4096x321x7168][4096x349x7168][4096x2424x7168][4096x522x7168][4096x1148x7168][4096x170x7168][4096x170x7168][4096x279x7168][4096x1161x7168][4096x662x7168][4096x205x7168][4096x564x7168][4096x867x7168][4096x1267x7168][4096x170x7168][4096x263x7168][4096x170x7168][4096x1041x7168][4096x452x7168][4096x1383x7168][4096x170x7168][4096x170x7168]',,tensorop,f32,256,128,64,2,4,1,2,1,1,7,4,1,1,256,128,16,100,110,7113539584,3848827568128,541,3.78332,1751.11,1.01732e+06
1,CUTLASS,grouped_gemm,cutlass3x_sm100_tensorop_gemm_grouped_bf16_bf16_f32_bf16_bf16_256x128x64_2x4x1_0_tnn_align8_stream_k_2sm_epi_tma,passed,success,grouped,,,,,bf16:row,bf16:column,bf16:column,bf16:column,1,0,invalid,invalid,heuristic,1,false,'[4096x375x7168][4096x2436x7168][4096x1301x7168][4096x170x7168][4096x1228x7168][4096x170x7168][4096x170x7168][4096x576x7168][4096x170x7168][4096x2703x7168][4096x2728x7168][4096x1099x7168][4096x170x7168][4096x170x7168][4096x170x7168][4096x2318x7168][4096x2180x7168][4096x711x7168][4096x293x7168][4096x172x7168][4096x170x7168][4096x655x7168][4096x1361x7168][4096x1240x7168][4096x170x7168][4096x170x7168][4096x275x7168][4096x1303x7168][4096x170x7168][4096x1322x7168][4096x170x7168][4096x1002x7168][4096x928x7168][4096x170x7168][4096x537x7168][4096x1377x7168][4096x1076x7168][4096x178x7168][4096x2180x7168][4096x1263x7168][4096x244x7168][4096x1375x7168][4096x170x7168][4096x170x7168][4096x170x7168][4096x1131x7168][4096x428x7168][4096x668x7168][4096x243x7168][4096x1390x7168][4096x170x7168][4096x684x7168][4096x170x7168][4096x1420x7168][4096x190x7168][4096x303x7168][4096x170x7168][4096x170x7168][4096x491x7168][4096x1022x7168][4096x170x7168][4096x170x7168][4096x1564x7168][4096x195x7168][4096x518x7168][4096x171x7168][4096x520x7168][4096x623x7168][4096x170x7168][4096x170x7168][4096x170x7168][4096x170x7168][4096x170x7168][4096x1021x7168][4096x321x7168][4096x349x7168][4096x2424x7168][4096x522x7168][4096x1148x7168][4096x170x7168][4096x170x7168][4096x279x7168][4096x1161x7168][4096x662x7168][4096x205x7168][4096x564x7168][4096x867x7168][4096x1267x7168][4096x170x7168][4096x263x7168][4096x170x7168][4096x1041x7168][4096x452x7168][4096x1383x7168][4096x170x7168][4096x170x7168]',,tensorop,f32,256,128,64,2,4,1,2,1,1,7,4,1,1,256,128,16,100,110,7113539584,3848827568128,541,3.78352,1751.01,1.01726e+06
1,CUTLASS,grouped_gemm,cutlass3x_sm100_tensorop_gemm_grouped_bf16_bf16_f32_bf16_bf16_256x128x64_4x2x1_0_tnn_align8_2sm_epi_tma,passed,success,grouped,,,,,bf16:row,bf16:column,bf16:column,bf16:column,1,0,invalid,invalid,heuristic,1,false,'[4096x375x7168][4096x2436x7168][4096x1301x7168][4096x170x7168][4096x1228x7168][4096x170x7168][4096x170x7168][4096x576x7168][4096x170x7168][4096x2703x7168][4096x2728x7168][4096x1099x7168][4096x170x7168][4096x170x7168][4096x170x7168][4096x2318x7168][4096x2180x7168][4096x711x7168][4096x293x7168][4096x172x7168][4096x170x7168][4096x655x7168][4096x1361x7168][4096x1240x7168][4096x170x7168][4096x170x7168][4096x275x7168][4096x1303x7168][4096x170x7168][4096x1322x7168][4096x170x7168][4096x1002x7168][4096x928x7168][4096x170x7168][4096x537x7168][4096x1377x7168][4096x1076x7168][4096x178x7168][4096x2180x7168][4096x1263x7168][4096x244x7168][4096x1375x7168][4096x170x7168][4096x170x7168][4096x170x7168][4096x1131x7168][4096x428x7168][4096x668x7168][4096x243x7168][4096x1390x7168][4096x170x7168][4096x684x7168][4096x170x7168][4096x1420x7168][4096x190x7168][4096x303x7168][4096x170x7168][4096x170x7168][4096x491x7168][4096x1022x7168][4096x170x7168][4096x170x7168][4096x1564x7168][4096x195x7168][4096x518x7168][4096x171x7168][4096x520x7168][4096x623x7168][4096x170x7168][4096x170x7168][4096x170x7168][4096x170x7168][4096x170x7168][4096x1021x7168][4096x321x7168][4096x349x7168][4096x2424x7168][4096x522x7168][4096x1148x7168][4096x170x7168][4096x170x7168][4096x279x7168][4096x1161x7168][4096x662x7168][4096x205x7168][4096x564x7168][4096x867x7168][4096x1267x7168][4096x170x7168][4096x263x7168][4096x170x7168][4096x1041x7168][4096x452x7168][4096x1383x7168][4096x170x7168][4096x170x7168]',,tensorop,f32,256,128,64,4,2,1,2,1,1,7,4,1,1,256,128,16,100,110,7113539584,3848827568128,541,3.14286,2107.95,1.22463e+06
1,CUTLASS,grouped_gemm,cutlass3x_sm100_tensorop_gemm_grouped_bf16_bf16_f32_bf16_bf16_256x128x64_4x2x1_0_tnn_align8_stream_k_2sm_epi_tma,passed,success,grouped,,,,,bf16:row,bf16:column,bf16:column,bf16:column,1,0,invalid,invalid,heuristic,1,false,'[4096x375x7168][4096x2436x7168][4096x1301x7168][4096x170x7168][4096x1228x7168][4096x170x7168][4096x170x7168][4096x576x7168][4096x170x7168][4096x2703x7168][4096x2728x7168][4096x1099x7168][4096x170x7168][4096x170x7168][4096x170x7168][4096x2318x7168][4096x2180x7168][4096x711x7168][4096x293x7168][4096x172x7168][4096x170x7168][4096x655x7168][4096x1361x7168][4096x1240x7168][4096x170x7168][4096x170x7168][4096x275x7168][4096x1303x7168][4096x170x7168][4096x1322x7168][4096x170x7168][4096x1002x7168][4096x928x7168][4096x170x7168][4096x537x7168][4096x1377x7168][4096x1076x7168][4096x178x7168][4096x2180x7168][4096x1263x7168][4096x244x7168][4096x1375x7168][4096x170x7168][4096x170x7168][4096x170x7168][4096x1131x7168][4096x428x7168][4096x668x7168][4096x243x7168][4096x1390x7168][4096x170x7168][4096x684x7168][4096x170x7168][4096x1420x7168][4096x190x7168][4096x303x7168][4096x170x7168][4096x170x7168][4096x491x7168][4096x1022x7168][4096x170x7168][4096x170x7168][4096x1564x7168][4096x195x7168][4096x518x7168][4096x171x7168][4096x520x7168][4096x623x7168][4096x170x7168][4096x170x7168][4096x170x7168][4096x170x7168][4096x170x7168][4096x1021x7168][4096x321x7168][4096x349x7168][4096x2424x7168][4096x522x7168][4096x1148x7168][4096x170x7168][4096x170x7168][4096x279x7168][4096x1161x7168][4096x662x7168][4096x205x7168][4096x564x7168][4096x867x7168][4096x1267x7168][4096x170x7168][4096x263x7168][4096x170x7168][4096x1041x7168][4096x452x7168][4096x1383x7168][4096x170x7168][4096x170x7168]',,tensorop,f32,256,128,64,4,2,1,2,1,1,7,4,1,1,256,128,16,100,110,7113539584,3848827568128,541,3.14445,2106.89,1.22401e+06
1,CUTLASS,grouped_gemm,cutlass3x_sm100_tensorop_gemm_grouped_bf16_bf16_f32_bf16_bf16_256x128x64_4x4x1_0_tnn_align8_2sm_epi_tma,passed,success,grouped,,,,,bf16:row,bf16:column,bf16:column,bf16:column,1,0,invalid,invalid,heuristic,1,false,'[4096x375x7168][4096x2436x7168][4096x1301x7168][4096x170x7168][4096x1228x7168][4096x170x7168][4096x170x7168][4096x576x7168][4096x170x7168][4096x2703x7168][4096x2728x7168][4096x1099x7168][4096x170x7168][4096x170x7168][4096x170x7168][4096x2318x7168][4096x2180x7168][4096x711x7168][4096x293x7168][4096x172x7168][4096x170x7168][4096x655x7168][4096x1361x7168][4096x1240x7168][4096x170x7168][4096x170x7168][4096x275x7168][4096x1303x7168][4096x170x7168][4096x1322x7168][4096x170x7168][4096x1002x7168][4096x928x7168][4096x170x7168][4096x537x7168][4096x1377x7168][4096x1076x7168][4096x178x7168][4096x2180x7168][4096x1263x7168][4096x244x7168][4096x1375x7168][4096x170x7168][4096x170x7168][4096x170x7168][4096x1131x7168][4096x428x7168][4096x668x7168][4096x243x7168][4096x1390x7168][4096x170x7168][4096x684x7168][4096x170x7168][4096x1420x7168][4096x190x7168][4096x303x7168][4096x170x7168][4096x170x7168][4096x491x7168][4096x1022x7168][4096x170x7168][4096x170x7168][4096x1564x7168][4096x195x7168][4096x518x7168][4096x171x7168][4096x520x7168][4096x623x7168][4096x170x7168][4096x170x7168][4096x170x7168][4096x170x7168][4096x170x7168][4096x1021x7168][4096x321x7168][4096x349x7168][4096x2424x7168][4096x522x7168][4096x1148x7168][4096x170x7168][4096x170x7168][4096x279x7168][4096x1161x7168][4096x662x7168][4096x205x7168][4096x564x7168][4096x867x7168][4096x1267x7168][4096x170x7168][4096x263x7168][4096x170x7168][4096x1041x7168][4096x452x7168][4096x1383x7168][4096x170x7168][4096x170x7168]',,tensorop,f32,256,128,64,4,4,1,2,1,1,7,4,1,1,256,128,16,100,110,7113539584,3848827568128,541,3.98083,1664.22,966839
1,CUTLASS,grouped_gemm,cutlass3x_sm100_tensorop_gemm_grouped_bf16_bf16_f32_bf16_bf16_256x128x64_4x4x1_0_tnn_align8_stream_k_2sm_epi_tma,passed,success,grouped,,,,,bf16:row,bf16:column,bf16:column,bf16:column,1,0,invalid,invalid,heuristic,1,false,'[4096x375x7168][4096x2436x7168][4096x1301x7168][4096x170x7168][4096x1228x7168][4096x170x7168][4096x170x7168][4096x576x7168][4096x170x7168][4096x2703x7168][4096x2728x7168][4096x1099x7168][4096x170x7168][4096x170x7168][4096x170x7168][4096x2318x7168][4096x2180x7168][4096x711x7168][4096x293x7168][4096x172x7168][4096x170x7168][4096x655x7168][4096x1361x7168][4096x1240x7168][4096x170x7168][4096x170x7168][4096x275x7168][4096x1303x7168][4096x170x7168][4096x1322x7168][4096x170x7168][4096x1002x7168][4096x928x7168][4096x170x7168][4096x537x7168][4096x1377x7168][4096x1076x7168][4096x178x7168][4096x2180x7168][4096x1263x7168][4096x244x7168][4096x1375x7168][4096x170x7168][4096x170x7168][4096x170x7168][4096x1131x7168][4096x428x7168][4096x668x7168][4096x243x7168][4096x1390x7168][4096x170x7168][4096x684x7168][4096x170x7168][4096x1420x7168][4096x190x7168][4096x303x7168][4096x170x7168][4096x170x7168][4096x491x7168][4096x1022x7168][4096x170x7168][4096x170x7168][4096x1564x7168][4096x195x7168][4096x518x7168][4096x171x7168][4096x520x7168][4096x623x7168][4096x170x7168][4096x170x7168][4096x170x7168][4096x170x7168][4096x170x7168][4096x1021x7168][4096x321x7168][4096x349x7168][4096x2424x7168][4096x522x7168][4096x1148x7168][4096x170x7168][4096x170x7168][4096x279x7168][4096x1161x7168][4096x662x7168][4096x205x7168][4096x564x7168][4096x867x7168][4096x1267x7168][4096x170x7168][4096x263x7168][4096x170x7168][4096x1041x7168][4096x452x7168][4096x1383x7168][4096x170x7168][4096x170x7168]',,tensorop,f32,256,128,64,4,4,1,2,1,1,7,4,1,1,256,128,16,100,110,7113539584,3848827568128,541,3.98071,1664.28,966869
1,CUTLASS,grouped_gemm,cutlass3x_sm100_tensorop_gemm_grouped_bf16_bf16_f32_bf16_bf16_256x256x64_0x0x1_0_nnn_align8_2sm_epi_tma,passed,success,grouped,,,,,bf16:column,bf16:column,bf16:column,bf16:column,1,0,invalid,invalid,heuristic,1,false,'[4096x375x7168][4096x2436x7168][4096x1301x7168][4096x170x7168][4096x1228x7168][4096x170x7168][4096x170x7168][4096x576x7168][4096x170x7168][4096x2703x7168][4096x2728x7168][4096x1099x7168][4096x170x7168][4096x170x7168][4096x170x7168][4096x2318x7168][4096x2180x7168][4096x711x7168][4096x293x7168][4096x172x7168][4096x170x7168][4096x655x7168][4096x1361x7168][4096x1240x7168][4096x170x7168][4096x170x7168][4096x275x7168][4096x1303x7168][4096x170x7168][4096x1322x7168][4096x170x7168][4096x1002x7168][4096x928x7168][4096x170x7168][4096x537x7168][4096x1377x7168][4096x1076x7168][4096x178x7168][4096x2180x7168][4096x1263x7168][4096x244x7168][4096x1375x7168][4096x170x7168][4096x170x7168][4096x170x7168][4096x1131x7168][4096x428x7168][4096x668x7168][4096x243x7168][4096x1390x7168][4096x170x7168][4096x684x7168][4096x170x7168][4096x1420x7168][4096x190x7168][4096x303x7168][4096x170x7168][4096x170x7168][4096x491x7168][4096x1022x7168][4096x170x7168][4096x170x7168][4096x1564x7168][4096x195x7168][4096x518x7168][4096x171x7168][4096x520x7168][4096x623x7168][4096x170x7168][4096x170x7168][4096x170x7168][4096x170x7168][4096x170x7168][4096x1021x7168][4096x321x7168][4096x349x7168][4096x2424x7168][4096x522x7168][4096x1148x7168][4096x170x7168][4096x170x7168][4096x279x7168][4096x1161x7168][4096x662x7168][4096x205x7168][4096x564x7168][4096x867x7168][4096x1267x7168][4096x170x7168][4096x263x7168][4096x170x7168][4096x1041x7168][4096x452x7168][4096x1383x7168][4096x170x7168][4096x170x7168]',,tensorop,f32,256,256,64,2,1,1,2,1,1,4,4,1,1,256,256,16,100,110,7113539584,3848827568128,541,2.7249,2431.28,1.41247e+06
1,CUTLASS,grouped_gemm,cutlass3x_sm100_tensorop_gemm_grouped_bf16_bf16_f32_bf16_bf16_256x256x64_0x0x1_0_nnn_align8_stream_k_2sm_epi_tma,passed,success,grouped,,,,,bf16:column,bf16:column,bf16:column,bf16:column,1,0,invalid,invalid,heuristic,1,false,'[4096x375x7168][4096x2436x7168][4096x1301x7168][4096x170x7168][4096x1228x7168][4096x170x7168][4096x170x7168][4096x576x7168][4096x170x7168][4096x2703x7168][4096x2728x7168][4096x1099x7168][4096x170x7168][4096x170x7168][4096x170x7168][4096x2318x7168][4096x2180x7168][4096x711x7168][4096x293x7168][4096x172x7168][4096x170x7168][4096x655x7168][4096x1361x7168][4096x1240x7168][4096x170x7168][4096x170x7168][4096x275x7168][4096x1303x7168][4096x170x7168][4096x1322x7168][4096x170x7168][4096x1002x7168][4096x928x7168][4096x170x7168][4096x537x7168][4096x1377x7168][4096x1076x7168][4096x178x7168][4096x2180x7168][4096x1263x7168][4096x244x7168][4096x1375x7168][4096x170x7168][4096x170x7168][4096x170x7168][4096x1131x7168][4096x428x7168][4096x668x7168][4096x243x7168][4096x1390x7168][4096x170x7168][4096x684x7168][4096x170x7168][4096x1420x7168][4096x190x7168][4096x303x7168][4096x170x7168][4096x170x7168][4096x491x7168][4096x1022x7168][4096x170x7168][4096x170x7168][4096x1564x7168][4096x195x7168][4096x518x7168][4096x171x7168][4096x520x7168][4096x623x7168][4096x170x7168][4096x170x7168][4096x170x7168][4096x170x7168][4096x170x7168][4096x1021x7168][4096x321x7168][4096x349x7168][4096x2424x7168][4096x522x7168][4096x1148x7168][4096x170x7168][4096x170x7168][4096x279x7168][4096x1161x7168][4096x662x7168][4096x205x7168][4096x564x7168][4096x867x7168][4096x1267x7168][4096x170x7168][4096x263x7168][4096x170x7168][4096x1041x7168][4096x452x7168][4096x1383x7168][4096x170x7168][4096x170x7168]',,tensorop,f32,256,256,64,2,1,1,2,1,1,4,4,1,1,256,256,16,100,110,7113539584,3848827568128,541,2.70633,2447.96,1.42216e+06
1,CUTLASS,grouped_gemm,cutlass3x_sm100_tensorop_gemm_grouped_bf16_bf16_f32_bf16_bf16_256x256x64_2x1x1_0_nnn_align8_2sm_epi_tma,passed,success,grouped,,,,,bf16:column,bf16:column,bf16:column,bf16:column,1,0,invalid,invalid,heuristic,1,false,'[4096x375x7168][4096x2436x7168][4096x1301x7168][4096x170x7168][4096x1228x7168][4096x170x7168][4096x170x7168][4096x576x7168][4096x170x7168][4096x2703x7168][4096x2728x7168][4096x1099x7168][4096x170x7168][4096x170x7168][4096x170x7168][4096x2318x7168][4096x2180x7168][4096x711x7168][4096x293x7168][4096x172x7168][4096x170x7168][4096x655x7168][4096x1361x7168][4096x1240x7168][4096x170x7168][4096x170x7168][4096x275x7168][4096x1303x7168][4096x170x7168][4096x1322x7168][4096x170x7168][4096x1002x7168][4096x928x7168][4096x170x7168][4096x537x7168][4096x1377x7168][4096x1076x7168][4096x178x7168][4096x2180x7168][4096x1263x7168][4096x244x7168][4096x1375x7168][4096x170x7168][4096x170x7168][4096x170x7168][4096x1131x7168][4096x428x7168][4096x668x7168][4096x243x7168][4096x1390x7168][4096x170x7168][4096x684x7168][4096x170x7168][4096x1420x7168][4096x190x7168][4096x303x7168][4096x170x7168][4096x170x7168][4096x491x7168][4096x1022x7168][4096x170x7168][4096x170x7168][4096x1564x7168][4096x195x7168][4096x518x7168][4096x171x7168][4096x520x7168][4096x623x7168][4096x170x7168][4096x170x7168][4096x170x7168][4096x170x7168][4096x170x7168][4096x1021x7168][4096x321x7168][4096x349x7168][4096x2424x7168][4096x522x7168][4096x1148x7168][4096x170x7168][4096x170x7168][4096x279x7168][4096x1161x7168][4096x662x7168][4096x205x7168][4096x564x7168][4096x867x7168][4096x1267x7168][4096x170x7168][4096x263x7168][4096x170x7168][4096x1041x7168][4096x452x7168][4096x1383x7168][4096x170x7168][4096x170x7168]',,tensorop,f32,256,256,64,2,1,1,2,1,1,4,4,1,1,256,256,16,100,110,7113539584,3848827568128,541,2.72936,2427.31,1.41016e+06
1,CUTLASS,grouped_gemm,cutlass3x_sm100_tensorop_gemm_grouped_bf16_bf16_f32_bf16_bf16_256x256x64_2x1x1_0_nnn_align8_stream_k_2sm_epi_tma,passed,success,grouped,,,,,bf16:column,bf16:column,bf16:column,bf16:column,1,0,invalid,invalid,heuristic,1,false,'[4096x375x7168][4096x2436x7168][4096x1301x7168][4096x170x7168][4096x1228x7168][4096x170x7168][4096x170x7168][4096x576x7168][4096x170x7168][4096x2703x7168][4096x2728x7168][4096x1099x7168][4096x170x7168][4096x170x7168][4096x170x7168][4096x2318x7168][4096x2180x7168][4096x711x7168][4096x293x7168][4096x172x7168][4096x170x7168][4096x655x7168][4096x1361x7168][4096x1240x7168][4096x170x7168][4096x170x7168][4096x275x7168][4096x1303x7168][4096x170x7168][4096x1322x7168][4096x170x7168][4096x1002x7168][4096x928x7168][4096x170x7168][4096x537x7168][4096x1377x7168][4096x1076x7168][4096x178x7168][4096x2180x7168][4096x1263x7168][4096x244x7168][4096x1375x7168][4096x170x7168][4096x170x7168][4096x170x7168][4096x1131x7168][4096x428x7168][4096x668x7168][4096x243x7168][4096x1390x7168][4096x170x7168][4096x684x7168][4096x170x7168][4096x1420x7168][4096x190x7168][4096x303x7168][4096x170x7168][4096x170x7168][4096x491x7168][4096x1022x7168][4096x170x7168][4096x170x7168][4096x1564x7168][4096x195x7168][4096x518x7168][4096x171x7168][4096x520x7168][4096x623x7168][4096x170x7168][4096x170x7168][4096x170x7168][4096x170x7168][4096x170x7168][4096x1021x7168][4096x321x7168][4096x349x7168][4096x2424x7168][4096x522x7168][4096x1148x7168][4096x170x7168][4096x170x7168][4096x279x7168][4096x1161x7168][4096x662x7168][4096x205x7168][4096x564x7168][4096x867x7168][4096x1267x7168][4096x170x7168][4096x263x7168][4096x170x7168][4096x1041x7168][4096x452x7168][4096x1383x7168][4096x170x7168][4096x170x7168]',,tensorop,f32,256,256,64,2,1,1,2,1,1,4,4,1,1,256,256,16,100,110,7113539584,3848827568128,541,2.69781,2455.7,1.42665e+06
1,CUTLASS,grouped_gemm,cutlass3x_sm100_tensorop_gemm_grouped_bf16_bf16_f32_bf16_bf16_256x256x64_2x2x1_0_nnn_align8_2sm_epi_tma,passed,success,grouped,,,,,bf16:column,bf16:column,bf16:column,bf16:column,1,0,invalid,invalid,heuristic,1,false,'[4096x375x7168][4096x2436x7168][4096x1301x7168][4096x170x7168][4096x1228x7168][4096x170x7168][4096x170x7168][4096x576x7168][4096x170x7168][4096x2703x7168][4096x2728x7168][4096x1099x7168][4096x170x7168][4096x170x7168][4096x170x7168][4096x2318x7168][4096x2180x7168][4096x711x7168][4096x293x7168][4096x172x7168][4096x170x7168][4096x655x7168][4096x1361x7168][4096x1240x7168][4096x170x7168][4096x170x7168][4096x275x7168][4096x1303x7168][4096x170x7168][4096x1322x7168][4096x170x7168][4096x1002x7168][4096x928x7168][4096x170x7168][4096x537x7168][4096x1377x7168][4096x1076x7168][4096x178x7168][4096x2180x7168][4096x1263x7168][4096x244x7168][4096x1375x7168][4096x170x7168][4096x170x7168][4096x170x7168][4096x1131x7168][4096x428x7168][4096x668x7168][4096x243x7168][4096x1390x7168][4096x170x7168][4096x684x7168][4096x170x7168][4096x1420x7168][4096x190x7168][4096x303x7168][4096x170x7168][4096x170x7168][4096x491x7168][4096x1022x7168][4096x170x7168][4096x170x7168][4096x1564x7168][4096x195x7168][4096x518x7168][4096x171x7168][4096x520x7168][4096x623x7168][4096x170x7168][4096x170x7168][4096x170x7168][4096x170x7168][4096x170x7168][4096x1021x7168][4096x321x7168][4096x349x7168][4096x2424x7168][4096x522x7168][4096x1148x7168][4096x170x7168][4096x170x7168][4096x279x7168][4096x1161x7168][4096x662x7168][4096x205x7168][4096x564x7168][4096x867x7168][4096x1267x7168][4096x170x7168][4096x263x7168][4096x170x7168][4096x1041x7168][4096x452x7168][4096x1383x7168][4096x170x7168][4096x170x7168]',,tensorop,f32,256,256,64,2,2,1,2,1,1,4,4,1,1,256,256,16,100,110,7113539584,3848827568128,541,3.13107,2115.89,1.22924e+06
1,CUTLASS,grouped_gemm,cutlass3x_sm100_tensorop_gemm_grouped_bf16_bf16_f32_bf16_bf16_256x256x64_2x2x1_0_nnn_align8_stream_k_2sm_epi_tma,passed,success,grouped,,,,,bf16:column,bf16:column,bf16:column,bf16:column,1,0,invalid,invalid,heuristic,1,false,'[4096x375x7168][4096x2436x7168][4096x1301x7168][4096x170x7168][4096x1228x7168][4096x170x7168][4096x170x7168][4096x576x7168][4096x170x7168][4096x2703x7168][4096x2728x7168][4096x1099x7168][4096x170x7168][4096x170x7168][4096x170x7168][4096x2318x7168][4096x2180x7168][4096x711x7168][4096x293x7168][4096x172x7168][4096x170x7168][4096x655x7168][4096x1361x7168][4096x1240x7168][4096x170x7168][4096x170x7168][4096x275x7168][4096x1303x7168][4096x170x7168][4096x1322x7168][4096x170x7168][4096x1002x7168][4096x928x7168][4096x170x7168][4096x537x7168][4096x1377x7168][4096x1076x7168][4096x178x7168][4096x2180x7168][4096x1263x7168][4096x244x7168][4096x1375x7168][4096x170x7168][4096x170x7168][4096x170x7168][4096x1131x7168][4096x428x7168][4096x668x7168][4096x243x7168][4096x1390x7168][4096x170x7168][4096x684x7168][4096x170x7168][4096x1420x7168][4096x190x7168][4096x303x7168][4096x170x7168][4096x170x7168][4096x491x7168][4096x1022x7168][4096x170x7168][4096x170x7168][4096x1564x7168][4096x195x7168][4096x518x7168][4096x171x7168][4096x520x7168][4096x623x7168][4096x170x7168][4096x170x7168][4096x170x7168][4096x170x7168][4096x170x7168][4096x1021x7168][4096x321x7168][4096x349x7168][4096x2424x7168][4096x522x7168][4096x1148x7168][4096x170x7168][4096x170x7168][4096x279x7168][4096x1161x7168][4096x662x7168][4096x205x7168][4096x564x7168][4096x867x7168][4096x1267x7168][4096x170x7168][4096x263x7168][4096x170x7168][4096x1041x7168][4096x452x7168][4096x1383x7168][4096x170x7168][4096x170x7168]',,tensorop,f32,256,256,64,2,2,1,2,1,1,4,4,1,1,256,256,16,100,110,7113539584,3848827568128,541,3.14353,2107.5,1.22436e+06
1,CUTLASS,grouped_gemm,cutlass3x_sm100_tensorop_gemm_grouped_bf16_bf16_f32_bf16_bf16_256x256x64_4x1x1_0_nnn_align8_2sm_epi_tma,passed,success,grouped,,,,,bf16:column,bf16:column,bf16:column,bf16:column,1,0,invalid,invalid,heuristic,1,false,'[4096x375x7168][4096x2436x7168][4096x1301x7168][4096x170x7168][4096x1228x7168][4096x170x7168][4096x170x7168][4096x576x7168][4096x170x7168][4096x2703x7168][4096x2728x7168][4096x1099x7168][4096x170x7168][4096x170x7168][4096x170x7168][4096x2318x7168][4096x2180x7168][4096x711x7168][4096x293x7168][4096x172x7168][4096x170x7168][4096x655x7168][4096x1361x7168][4096x1240x7168][4096x170x7168][4096x170x7168][4096x275x7168][4096x1303x7168][4096x170x7168][4096x1322x7168][4096x170x7168][4096x1002x7168][4096x928x7168][4096x170x7168][4096x537x7168][4096x1377x7168][4096x1076x7168][4096x178x7168][4096x2180x7168][4096x1263x7168][4096x244x7168][4096x1375x7168][4096x170x7168][4096x170x7168][4096x170x7168][4096x1131x7168][4096x428x7168][4096x668x7168][4096x243x7168][4096x1390x7168][4096x170x7168][4096x684x7168][4096x170x7168][4096x1420x7168][4096x190x7168][4096x303x7168][4096x170x7168][4096x170x7168][4096x491x7168][4096x1022x7168][4096x170x7168][4096x170x7168][4096x1564x7168][4096x195x7168][4096x518x7168][4096x171x7168][4096x520x7168][4096x623x7168][4096x170x7168][4096x170x7168][4096x170x7168][4096x170x7168][4096x170x7168][4096x1021x7168][4096x321x7168][4096x349x7168][4096x2424x7168][4096x522x7168][4096x1148x7168][4096x170x7168][4096x170x7168][4096x279x7168][4096x1161x7168][4096x662x7168][4096x205x7168][4096x564x7168][4096x867x7168][4096x1267x7168][4096x170x7168][4096x263x7168][4096x170x7168][4096x1041x7168][4096x452x7168][4096x1383x7168][4096x170x7168][4096x170x7168]',,tensorop,f32,256,256,64,4,1,1,2,1,1,4,4,1,1,256,256,16,100,110,7113539584,3848827568128,541,2.73565,2421.72,1.40691e+06
1,CUTLASS,grouped_gemm,cutlass3x_sm100_tensorop_gemm_grouped_bf16_bf16_f32_bf16_bf16_256x256x64_4x1x1_0_nnn_align8_stream_k_2sm_epi_tma,passed,success,grouped,,,,,bf16:column,bf16:column,bf16:column,bf16:column,1,0,invalid,invalid,heuristic,1,false,'[4096x375x7168][4096x2436x7168][4096x1301x7168][4096x170x7168][4096x1228x7168][4096x170x7168][4096x170x7168][4096x576x7168][4096x170x7168][4096x2703x7168][4096x2728x7168][4096x1099x7168][4096x170x7168][4096x170x7168][4096x170x7168][4096x2318x7168][4096x2180x7168][4096x711x7168][4096x293x7168][4096x172x7168][4096x170x7168][4096x655x7168][4096x1361x7168][4096x1240x7168][4096x170x7168][4096x170x7168][4096x275x7168][4096x1303x7168][4096x170x7168][4096x1322x7168][4096x170x7168][4096x1002x7168][4096x928x7168][4096x170x7168][4096x537x7168][4096x1377x7168][4096x1076x7168][4096x178x7168][4096x2180x7168][4096x1263x7168][4096x244x7168][4096x1375x7168][4096x170x7168][4096x170x7168][4096x170x7168][4096x1131x7168][4096x428x7168][4096x668x7168][4096x243x7168][4096x1390x7168][4096x170x7168][4096x684x7168][4096x170x7168][4096x1420x7168][4096x190x7168][4096x303x7168][4096x170x7168][4096x170x7168][4096x491x7168][4096x1022x7168][4096x170x7168][4096x170x7168][4096x1564x7168][4096x195x7168][4096x518x7168][4096x171x7168][4096x520x7168][4096x623x7168][4096x170x7168][4096x170x7168][4096x170x7168][4096x170x7168][4096x170x7168][4096x1021x7168][4096x321x7168][4096x349x7168][4096x2424x7168][4096x522x7168][4096x1148x7168][4096x170x7168][4096x170x7168][4096x279x7168][4096x1161x7168][4096x662x7168][4096x205x7168][4096x564x7168][4096x867x7168][4096x1267x7168][4096x170x7168][4096x263x7168][4096x170x7168][4096x1041x7168][4096x452x7168][4096x1383x7168][4096x170x7168][4096x170x7168]',,tensorop,f32,256,256,64,4,1,1,2,1,1,4,4,1,1,256,256,16,100,110,7113539584,3848827568128,541,2.74623,2412.4,1.4015e+06
1,CUTLASS,grouped_gemm,cutlass3x_sm100_tensorop_gemm_grouped_bf16_bf16_f32_bf16_bf16_256x256x64_2x4x1_0_nnn_align8_2sm_epi_tma,passed,success,grouped,,,,,bf16:column,bf16:column,bf16:column,bf16:column,1,0,invalid,invalid,heuristic,1,false,'[4096x375x7168][4096x2436x7168][4096x1301x7168][4096x170x7168][4096x1228x7168][4096x170x7168][4096x170x7168][4096x576x7168][4096x170x7168][4096x2703x7168][4096x2728x7168][4096x1099x7168][4096x170x7168][4096x170x7168][4096x170x7168][4096x2318x7168][4096x2180x7168][4096x711x7168][4096x293x7168][4096x172x7168][4096x170x7168][4096x655x7168][4096x1361x7168][4096x1240x7168][4096x170x7168][4096x170x7168][4096x275x7168][4096x1303x7168][4096x170x7168][4096x1322x7168][4096x170x7168][4096x1002x7168][4096x928x7168][4096x170x7168][4096x537x7168][4096x1377x7168][4096x1076x7168][4096x178x7168][4096x2180x7168][4096x1263x7168][4096x244x7168][4096x1375x7168][4096x170x7168][4096x170x7168][4096x170x7168][4096x1131x7168][4096x428x7168][4096x668x7168][4096x243x7168][4096x1390x7168][4096x170x7168][4096x684x7168][4096x170x7168][4096x1420x7168][4096x190x7168][4096x303x7168][4096x170x7168][4096x170x7168][4096x491x7168][4096x1022x7168][4096x170x7168][4096x170x7168][4096x1564x7168][4096x195x7168][4096x518x7168][4096x171x7168][4096x520x7168][4096x623x7168][4096x170x7168][4096x170x7168][4096x170x7168][4096x170x7168][4096x170x7168][4096x1021x7168][4096x321x7168][4096x349x7168][4096x2424x7168][4096x522x7168][4096x1148x7168][4096x170x7168][4096x170x7168][4096x279x7168][4096x1161x7168][4096x662x7168][4096x205x7168][4096x564x7168][4096x867x7168][4096x1267x7168][4096x170x7168][4096x263x7168][4096x170x7168][4096x1041x7168][4096x452x7168][4096x1383x7168][4096x170x7168][4096x170x7168]',,tensorop,f32,256,256,64,2,4,1,2,1,1,4,4,1,1,256,256,16,100,110,7113539584,3848827568128,541,4.95751,1336.36,776364
1,CUTLASS,grouped_gemm,cutlass3x_sm100_tensorop_gemm_grouped_bf16_bf16_f32_bf16_bf16_256x256x64_2x4x1_0_nnn_align8_stream_k_2sm_epi_tma,passed,success,grouped,,,,,bf16:column,bf16:column,bf16:column,bf16:column,1,0,invalid,invalid,heuristic,1,false,'[4096x375x7168][4096x2436x7168][4096x1301x7168][4096x170x7168][4096x1228x7168][4096x170x7168][4096x170x7168][4096x576x7168][4096x170x7168][4096x2703x7168][4096x2728x7168][4096x1099x7168][4096x170x7168][4096x170x7168][4096x170x7168][4096x2318x7168][4096x2180x7168][4096x711x7168][4096x293x7168][4096x172x7168][4096x170x7168][4096x655x7168][4096x1361x7168][4096x1240x7168][4096x170x7168][4096x170x7168][4096x275x7168][4096x1303x7168][4096x170x7168][4096x1322x7168][4096x170x7168][4096x1002x7168][4096x928x7168][4096x170x7168][4096x537x7168][4096x1377x7168][4096x1076x7168][4096x178x7168][4096x2180x7168][4096x1263x7168][4096x244x7168][4096x1375x7168][4096x170x7168][4096x170x7168][4096x170x7168][4096x1131x7168][4096x428x7168][4096x668x7168][4096x243x7168][4096x1390x7168][4096x170x7168][4096x684x7168][4096x170x7168][4096x1420x7168][4096x190x7168][4096x303x7168][4096x170x7168][4096x170x7168][4096x491x7168][4096x1022x7168][4096x170x7168][4096x170x7168][4096x1564x7168][4096x195x7168][4096x518x7168][4096x171x7168][4096x520x7168][4096x623x7168][4096x170x7168][4096x170x7168][4096x170x7168][4096x170x7168][4096x170x7168][4096x1021x7168][4096x321x7168][4096x349x7168][4096x2424x7168][4096x522x7168][4096x1148x7168][4096x170x7168][4096x170x7168][4096x279x7168][4096x1161x7168][4096x662x7168][4096x205x7168][4096x564x7168][4096x867x7168][4096x1267x7168][4096x170x7168][4096x263x7168][4096x170x7168][4096x1041x7168][4096x452x7168][4096x1383x7168][4096x170x7168][4096x170x7168]',,tensorop,f32,256,256,64,2,4,1,2,1,1,4,4,1,1,256,256,16,100,110,7113539584,3848827568128,541,4.95656,1336.61,776511
1,CUTLASS,grouped_gemm,cutlass3x_sm100_tensorop_gemm_grouped_bf16_bf16_f32_bf16_bf16_256x256x64_4x2x1_0_nnn_align8_2sm_epi_tma,passed,success,grouped,,,,,bf16:column,bf16:column,bf16:column,bf16:column,1,0,invalid,invalid,heuristic,1,false,'[4096x375x7168][4096x2436x7168][4096x1301x7168][4096x170x7168][4096x1228x7168][4096x170x7168][4096x170x7168][4096x576x7168][4096x170x7168][4096x2703x7168][4096x2728x7168][4096x1099x7168][4096x170x7168][4096x170x7168][4096x170x7168][4096x2318x7168][4096x2180x7168][4096x711x7168][4096x293x7168][4096x172x7168][4096x170x7168][4096x655x7168][4096x1361x7168][4096x1240x7168][4096x170x7168][4096x170x7168][4096x275x7168][4096x1303x7168][4096x170x7168][4096x1322x7168][4096x170x7168][4096x1002x7168][4096x928x7168][4096x170x7168][4096x537x7168][4096x1377x7168][4096x1076x7168][4096x178x7168][4096x2180x7168][4096x1263x7168][4096x244x7168][4096x1375x7168][4096x170x7168][4096x170x7168][4096x170x7168][4096x1131x7168][4096x428x7168][4096x668x7168][4096x243x7168][4096x1390x7168][4096x170x7168][4096x684x7168][4096x170x7168][4096x1420x7168][4096x190x7168][4096x303x7168][4096x170x7168][4096x170x7168][4096x491x7168][4096x1022x7168][4096x170x7168][4096x170x7168][4096x1564x7168][4096x195x7168][4096x518x7168][4096x171x7168][4096x520x7168][4096x623x7168][4096x170x7168][4096x170x7168][4096x170x7168][4096x170x7168][4096x170x7168][4096x1021x7168][4096x321x7168][4096x349x7168][4096x2424x7168][4096x522x7168][4096x1148x7168][4096x170x7168][4096x170x7168][4096x279x7168][4096x1161x7168][4096x662x7168][4096x205x7168][4096x564x7168][4096x867x7168][4096x1267x7168][4096x170x7168][4096x263x7168][4096x170x7168][4096x1041x7168][4096x452x7168][4096x1383x7168][4096x170x7168][4096x170x7168]',,tensorop,f32,256,256,64,4,2,1,2,1,1,4,4,1,1,256,256,16,100,110,7113539584,3848827568128,541,3.66058,1809.82,1.05143e+06
1,CUTLASS,grouped_gemm,cutlass3x_sm100_tensorop_gemm_grouped_bf16_bf16_f32_bf16_bf16_256x256x64_4x2x1_0_nnn_align8_stream_k_2sm_epi_tma,passed,success,grouped,,,,,bf16:column,bf16:column,bf16:column,bf16:column,1,0,invalid,invalid,heuristic,1,false,'[4096x375x7168][4096x2436x7168][4096x1301x7168][4096x170x7168][4096x1228x7168][4096x170x7168][4096x170x7168][4096x576x7168][4096x170x7168][4096x2703x7168][4096x2728x7168][4096x1099x7168][4096x170x7168][4096x170x7168][4096x170x7168][4096x2318x7168][4096x2180x7168][4096x711x7168][4096x293x7168][4096x172x7168][4096x170x7168][4096x655x7168][4096x1361x7168][4096x1240x7168][4096x170x7168][4096x170x7168][4096x275x7168][4096x1303x7168][4096x170x7168][4096x1322x7168][4096x170x7168][4096x1002x7168][4096x928x7168][4096x170x7168][4096x537x7168][4096x1377x7168][4096x1076x7168][4096x178x7168][4096x2180x7168][4096x1263x7168][4096x244x7168][4096x1375x7168][4096x170x7168][4096x170x7168][4096x170x7168][4096x1131x7168][4096x428x7168][4096x668x7168][4096x243x7168][4096x1390x7168][4096x170x7168][4096x684x7168][4096x170x7168][4096x1420x7168][4096x190x7168][4096x303x7168][4096x170x7168][4096x170x7168][4096x491x7168][4096x1022x7168][4096x170x7168][4096x170x7168][4096x1564x7168][4096x195x7168][4096x518x7168][4096x171x7168][4096x520x7168][4096x623x7168][4096x170x7168][4096x170x7168][4096x170x7168][4096x170x7168][4096x170x7168][4096x1021x7168][4096x321x7168][4096x349x7168][4096x2424x7168][4096x522x7168][4096x1148x7168][4096x170x7168][4096x170x7168][4096x279x7168][4096x1161x7168][4096x662x7168][4096x205x7168][4096x564x7168][4096x867x7168][4096x1267x7168][4096x170x7168][4096x263x7168][4096x170x7168][4096x1041x7168][4096x452x7168][4096x1383x7168][4096x170x7168][4096x170x7168]',,tensorop,f32,256,256,64,4,2,1,2,1,1,4,4,1,1,256,256,16,100,110,7113539584,3848827568128,541,3.6614,1809.42,1.05119e+06
1,CUTLASS,grouped_gemm,cutlass3x_sm100_tensorop_gemm_grouped_bf16_bf16_f32_bf16_bf16_256x256x64_4x4x1_0_nnn_align8_2sm_epi_tma,passed,success,grouped,,,,,bf16:column,bf16:column,bf16:column,bf16:column,1,0,invalid,invalid,heuristic,1,false,'[4096x375x7168][4096x2436x7168][4096x1301x7168][4096x170x7168][4096x1228x7168][4096x170x7168][4096x170x7168][4096x576x7168][4096x170x7168][4096x2703x7168][4096x2728x7168][4096x1099x7168][4096x170x7168][4096x170x7168][4096x170x7168][4096x2318x7168][4096x2180x7168][4096x711x7168][4096x293x7168][4096x172x7168][4096x170x7168][4096x655x7168][4096x1361x7168][4096x1240x7168][4096x170x7168][4096x170x7168][4096x275x7168][4096x1303x7168][4096x170x7168][4096x1322x7168][4096x170x7168][4096x1002x7168][4096x928x7168][4096x170x7168][4096x537x7168][4096x1377x7168][4096x1076x7168][4096x178x7168][4096x2180x7168][4096x1263x7168][4096x244x7168][4096x1375x7168][4096x170x7168][4096x170x7168][4096x170x7168][4096x1131x7168][4096x428x7168][4096x668x7168][4096x243x7168][4096x1390x7168][4096x170x7168][4096x684x7168][4096x170x7168][4096x1420x7168][4096x190x7168][4096x303x7168][4096x170x7168][4096x170x7168][4096x491x7168][4096x1022x7168][4096x170x7168][4096x170x7168][4096x1564x7168][4096x195x7168][4096x518x7168][4096x171x7168][4096x520x7168][4096x623x7168][4096x170x7168][4096x170x7168][4096x170x7168][4096x170x7168][4096x170x7168][4096x1021x7168][4096x321x7168][4096x349x7168][4096x2424x7168][4096x522x7168][4096x1148x7168][4096x170x7168][4096x170x7168][4096x279x7168][4096x1161x7168][4096x662x7168][4096x205x7168][4096x564x7168][4096x867x7168][4096x1267x7168][4096x170x7168][4096x263x7168][4096x170x7168][4096x1041x7168][4096x452x7168][4096x1383x7168][4096x170x7168][4096x170x7168]',,tensorop,f32,256,256,64,4,4,1,2,1,1,4,4,1,1,256,256,16,100,110,7113539584,3848827568128,541,5.33215,1242.46,721816
1,CUTLASS,grouped_gemm,cutlass3x_sm100_tensorop_gemm_grouped_bf16_bf16_f32_bf16_bf16_256x256x64_4x4x1_0_nnn_align8_stream_k_2sm_epi_tma,passed,success,grouped,,,,,bf16:column,bf16:column,bf16:column,bf16:column,1,0,invalid,invalid,heuristic,1,false,'[4096x375x7168][4096x2436x7168][4096x1301x7168][4096x170x7168][4096x1228x7168][4096x170x7168][4096x170x7168][4096x576x7168][4096x170x7168][4096x2703x7168][4096x2728x7168][4096x1099x7168][4096x170x7168][4096x170x7168][4096x170x7168][4096x2318x7168][4096x2180x7168][4096x711x7168][4096x293x7168][4096x172x7168][4096x170x7168][4096x655x7168][4096x1361x7168][4096x1240x7168][4096x170x7168][4096x170x7168][4096x275x7168][4096x1303x7168][4096x170x7168][4096x1322x7168][4096x170x7168][4096x1002x7168][4096x928x7168][4096x170x7168][4096x537x7168][4096x1377x7168][4096x1076x7168][4096x178x7168][4096x2180x7168][4096x1263x7168][4096x244x7168][4096x1375x7168][4096x170x7168][4096x170x7168][4096x170x7168][4096x1131x7168][4096x428x7168][4096x668x7168][4096x243x7168][4096x1390x7168][4096x170x7168][4096x684x7168][4096x170x7168][4096x1420x7168][4096x190x7168][4096x303x7168][4096x170x7168][4096x170x7168][4096x491x7168][4096x1022x7168][4096x170x7168][4096x170x7168][4096x1564x7168][4096x195x7168][4096x518x7168][4096x171x7168][4096x520x7168][4096x623x7168][4096x170x7168][4096x170x7168][4096x170x7168][4096x170x7168][4096x170x7168][4096x1021x7168][4096x321x7168][4096x349x7168][4096x2424x7168][4096x522x7168][4096x1148x7168][4096x170x7168][4096x170x7168][4096x279x7168][4096x1161x7168][4096x662x7168][4096x205x7168][4096x564x7168][4096x867x7168][4096x1267x7168][4096x170x7168][4096x263x7168][4096x170x7168][4096x1041x7168][4096x452x7168][4096x1383x7168][4096x170x7168][4096x170x7168]',,tensorop,f32,256,256,64,4,4,1,2,1,1,4,4,1,1,256,256,16,100,110,7113539584,3848827568128,541,5.33217,1242.46,721813
1,CUTLASS,grouped_gemm,cutlass3x_sm100_tensorop_gemm_grouped_bf16_bf16_f32_bf16_bf16_256x256x64_0x0x1_0_tnn_align8_2sm_epi_tma,passed,success,grouped,,,,,bf16:row,bf16:column,bf16:column,bf16:column,1,0,invalid,invalid,heuristic,1,false,'[4096x375x7168][4096x2436x7168][4096x1301x7168][4096x170x7168][4096x1228x7168][4096x170x7168][4096x170x7168][4096x576x7168][4096x170x7168][4096x2703x7168][4096x2728x7168][4096x1099x7168][4096x170x7168][4096x170x7168][4096x170x7168][4096x2318x7168][4096x2180x7168][4096x711x7168][4096x293x7168][4096x172x7168][4096x170x7168][4096x655x7168][4096x1361x7168][4096x1240x7168][4096x170x7168][4096x170x7168][4096x275x7168][4096x1303x7168][4096x170x7168][4096x1322x7168][4096x170x7168][4096x1002x7168][4096x928x7168][4096x170x7168][4096x537x7168][4096x1377x7168][4096x1076x7168][4096x178x7168][4096x2180x7168][4096x1263x7168][4096x244x7168][4096x1375x7168][4096x170x7168][4096x170x7168][4096x170x7168][4096x1131x7168][4096x428x7168][4096x668x7168][4096x243x7168][4096x1390x7168][4096x170x7168][4096x684x7168][4096x170x7168][4096x1420x7168][4096x190x7168][4096x303x7168][4096x170x7168][4096x170x7168][4096x491x7168][4096x1022x7168][4096x170x7168][4096x170x7168][4096x1564x7168][4096x195x7168][4096x518x7168][4096x171x7168][4096x520x7168][4096x623x7168][4096x170x7168][4096x170x7168][4096x170x7168][4096x170x7168][4096x170x7168][4096x1021x7168][4096x321x7168][4096x349x7168][4096x2424x7168][4096x522x7168][4096x1148x7168][4096x170x7168][4096x170x7168][4096x279x7168][4096x1161x7168][4096x662x7168][4096x205x7168][4096x564x7168][4096x867x7168][4096x1267x7168][4096x170x7168][4096x263x7168][4096x170x7168][4096x1041x7168][4096x452x7168][4096x1383x7168][4096x170x7168][4096x170x7168]',,tensorop,f32,256,256,64,2,1,1,2,1,1,4,4,1,1,256,256,16,100,110,7113539584,3848827568128,541,2.75473,2404.96,1.39717e+06
1,CUTLASS,grouped_gemm,cutlass3x_sm100_tensorop_gemm_grouped_bf16_bf16_f32_bf16_bf16_256x256x64_0x0x1_0_tnn_align8_stream_k_2sm_epi_tma,passed,success,grouped,,,,,bf16:row,bf16:column,bf16:column,bf16:column,1,0,invalid,invalid,heuristic,1,false,'[4096x375x7168][4096x2436x7168][4096x1301x7168][4096x170x7168][4096x1228x7168][4096x170x7168][4096x170x7168][4096x576x7168][4096x170x7168][4096x2703x7168][4096x2728x7168][4096x1099x7168][4096x170x7168][4096x170x7168][4096x170x7168][4096x2318x7168][4096x2180x7168][4096x711x7168][4096x293x7168][4096x172x7168][4096x170x7168][4096x655x7168][4096x1361x7168][4096x1240x7168][4096x170x7168][4096x170x7168][4096x275x7168][4096x1303x7168][4096x170x7168][4096x1322x7168][4096x170x7168][4096x1002x7168][4096x928x7168][4096x170x7168][4096x537x7168][4096x1377x7168][4096x1076x7168][4096x178x7168][4096x2180x7168][4096x1263x7168][4096x244x7168][4096x1375x7168][4096x170x7168][4096x170x7168][4096x170x7168][4096x1131x7168][4096x428x7168][4096x668x7168][4096x243x7168][4096x1390x7168][4096x170x7168][4096x684x7168][4096x170x7168][4096x1420x7168][4096x190x7168][4096x303x7168][4096x170x7168][4096x170x7168][4096x491x7168][4096x1022x7168][4096x170x7168][4096x170x7168][4096x1564x7168][4096x195x7168][4096x518x7168][4096x171x7168][4096x520x7168][4096x623x7168][4096x170x7168][4096x170x7168][4096x170x7168][4096x170x7168][4096x170x7168][4096x1021x7168][4096x321x7168][4096x349x7168][4096x2424x7168][4096x522x7168][4096x1148x7168][4096x170x7168][4096x170x7168][4096x279x7168][4096x1161x7168][4096x662x7168][4096x205x7168][4096x564x7168][4096x867x7168][4096x1267x7168][4096x170x7168][4096x263x7168][4096x170x7168][4096x1041x7168][4096x452x7168][4096x1383x7168][4096x170x7168][4096x170x7168]',,tensorop,f32,256,256,64,2,1,1,2,1,1,4,4,1,1,256,256,16,100,110,7113539584,3848827568128,541,2.76608,2395.08,1.39144e+06
1,CUTLASS,grouped_gemm,cutlass3x_sm100_tensorop_gemm_grouped_bf16_bf16_f32_bf16_bf16_256x256x64_2x1x1_0_tnn_align8_2sm_epi_tma,passed,success,grouped,,,,,bf16:row,bf16:column,bf16:column,bf16:column,1,0,invalid,invalid,heuristic,1,false,'[4096x375x7168][4096x2436x7168][4096x1301x7168][4096x170x7168][4096x1228x7168][4096x170x7168][4096x170x7168][4096x576x7168][4096x170x7168][4096x2703x7168][4096x2728x7168][4096x1099x7168][4096x170x7168][4096x170x7168][4096x170x7168][4096x2318x7168][4096x2180x7168][4096x711x7168][4096x293x7168][4096x172x7168][4096x170x7168][4096x655x7168][4096x1361x7168][4096x1240x7168][4096x170x7168][4096x170x7168][4096x275x7168][4096x1303x7168][4096x170x7168][4096x1322x7168][4096x170x7168][4096x1002x7168][4096x928x7168][4096x170x7168][4096x537x7168][4096x1377x7168][4096x1076x7168][4096x178x7168][4096x2180x7168][4096x1263x7168][4096x244x7168][4096x1375x7168][4096x170x7168][4096x170x7168][4096x170x7168][4096x1131x7168][4096x428x7168][4096x668x7168][4096x243x7168][4096x1390x7168][4096x170x7168][4096x684x7168][4096x170x7168][4096x1420x7168][4096x190x7168][4096x303x7168][4096x170x7168][4096x170x7168][4096x491x7168][4096x1022x7168][4096x170x7168][4096x170x7168][4096x1564x7168][4096x195x7168][4096x518x7168][4096x171x7168][4096x520x7168][4096x623x7168][4096x170x7168][4096x170x7168][4096x170x7168][4096x170x7168][4096x170x7168][4096x1021x7168][4096x321x7168][4096x349x7168][4096x2424x7168][4096x522x7168][4096x1148x7168][4096x170x7168][4096x170x7168][4096x279x7168][4096x1161x7168][4096x662x7168][4096x205x7168][4096x564x7168][4096x867x7168][4096x1267x7168][4096x170x7168][4096x263x7168][4096x170x7168][4096x1041x7168][4096x452x7168][4096x1383x7168][4096x170x7168][4096x170x7168]',,tensorop,f32,256,256,64,2,1,1,2,1,1,4,4,1,1,256,256,16,100,110,7113539584,3848827568128,541,2.75872,2401.47,1.39515e+06
1,CUTLASS,grouped_gemm,cutlass3x_sm100_tensorop_gemm_grouped_bf16_bf16_f32_bf16_bf16_256x256x64_2x1x1_0_tnn_align8_stream_k_2sm_epi_tma,passed,success,grouped,,,,,bf16:row,bf16:column,bf16:column,bf16:column,1,0,invalid,invalid,heuristic,1,false,'[4096x375x7168][4096x2436x7168][4096x1301x7168][4096x170x7168][4096x1228x7168][4096x170x7168][4096x170x7168][4096x576x7168][4096x170x7168][4096x2703x7168][4096x2728x7168][4096x1099x7168][4096x170x7168][4096x170x7168][4096x170x7168][4096x2318x7168][4096x2180x7168][4096x711x7168][4096x293x7168][4096x172x7168][4096x170x7168][4096x655x7168][4096x1361x7168][4096x1240x7168][4096x170x7168][4096x170x7168][4096x275x7168][4096x1303x7168][4096x170x7168][4096x1322x7168][4096x170x7168][4096x1002x7168][4096x928x7168][4096x170x7168][4096x537x7168][4096x1377x7168][4096x1076x7168][4096x178x7168][4096x2180x7168][4096x1263x7168][4096x244x7168][4096x1375x7168][4096x170x7168][4096x170x7168][4096x170x7168][4096x1131x7168][4096x428x7168][4096x668x7168][4096x243x7168][4096x1390x7168][4096x170x7168][4096x684x7168][4096x170x7168][4096x1420x7168][4096x190x7168][4096x303x7168][4096x170x7168][4096x170x7168][4096x491x7168][4096x1022x7168][4096x170x7168][4096x170x7168][4096x1564x7168][4096x195x7168][4096x518x7168][4096x171x7168][4096x520x7168][4096x623x7168][4096x170x7168][4096x170x7168][4096x170x7168][4096x170x7168][4096x170x7168][4096x1021x7168][4096x321x7168][4096x349x7168][4096x2424x7168][4096x522x7168][4096x1148x7168][4096x170x7168][4096x170x7168][4096x279x7168][4096x1161x7168][4096x662x7168][4096x205x7168][4096x564x7168][4096x867x7168][4096x1267x7168][4096x170x7168][4096x263x7168][4096x170x7168][4096x1041x7168][4096x452x7168][4096x1383x7168][4096x170x7168][4096x170x7168]',,tensorop,f32,256,256,64,2,1,1,2,1,1,4,4,1,1,256,256,16,100,110,7113539584,3848827568128,541,2.74881,2410.13,1.40018e+06
1,CUTLASS,grouped_gemm,cutlass3x_sm100_tensorop_gemm_grouped_bf16_bf16_f32_bf16_bf16_256x256x64_2x2x1_0_tnn_align8_2sm_epi_tma,passed,success,grouped,,,,,bf16:row,bf16:column,bf16:column,bf16:column,1,0,invalid,invalid,heuristic,1,false,'[4096x375x7168][4096x2436x7168][4096x1301x7168][4096x170x7168][4096x1228x7168][4096x170x7168][4096x170x7168][4096x576x7168][4096x170x7168][4096x2703x7168][4096x2728x7168][4096x1099x7168][4096x170x7168][4096x170x7168][4096x170x7168][4096x2318x7168][4096x2180x7168][4096x711x7168][4096x293x7168][4096x172x7168][4096x170x7168][4096x655x7168][4096x1361x7168][4096x1240x7168][4096x170x7168][4096x170x7168][4096x275x7168][4096x1303x7168][4096x170x7168][4096x1322x7168][4096x170x7168][4096x1002x7168][4096x928x7168][4096x170x7168][4096x537x7168][4096x1377x7168][4096x1076x7168][4096x178x7168][4096x2180x7168][4096x1263x7168][4096x244x7168][4096x1375x7168][4096x170x7168][4096x170x7168][4096x170x7168][4096x1131x7168][4096x428x7168][4096x668x7168][4096x243x7168][4096x1390x7168][4096x170x7168][4096x684x7168][4096x170x7168][4096x1420x7168][4096x190x7168][4096x303x7168][4096x170x7168][4096x170x7168][4096x491x7168][4096x1022x7168][4096x170x7168][4096x170x7168][4096x1564x7168][4096x195x7168][4096x518x7168][4096x171x7168][4096x520x7168][4096x623x7168][4096x170x7168][4096x170x7168][4096x170x7168][4096x170x7168][4096x170x7168][4096x1021x7168][4096x321x7168][4096x349x7168][4096x2424x7168][4096x522x7168][4096x1148x7168][4096x170x7168][4096x170x7168][4096x279x7168][4096x1161x7168][4096x662x7168][4096x205x7168][4096x564x7168][4096x867x7168][4096x1267x7168][4096x170x7168][4096x263x7168][4096x170x7168][4096x1041x7168][4096x452x7168][4096x1383x7168][4096x170x7168][4096x170x7168]',,tensorop,f32,256,256,64,2,2,1,2,1,1,4,4,1,1,256,256,16,100,110,7113539584,3848827568128,541,3.22121,2056.68,1.19484e+06
1,CUTLASS,grouped_gemm,cutlass3x_sm100_tensorop_gemm_grouped_bf16_bf16_f32_bf16_bf16_256x256x64_2x2x1_0_tnn_align8_stream_k_2sm_epi_tma,passed,success,grouped,,,,,bf16:row,bf16:column,bf16:column,bf16:column,1,0,invalid,invalid,heuristic,1,false,'[4096x375x7168][4096x2436x7168][4096x1301x7168][4096x170x7168][4096x1228x7168][4096x170x7168][4096x170x7168][4096x576x7168][4096x170x7168][4096x2703x7168][4096x2728x7168][4096x1099x7168][4096x170x7168][4096x170x7168][4096x170x7168][4096x2318x7168][4096x2180x7168][4096x711x7168][4096x293x7168][4096x172x7168][4096x170x7168][4096x655x7168][4096x1361x7168][4096x1240x7168][4096x170x7168][4096x170x7168][4096x275x7168][4096x1303x7168][4096x170x7168][4096x1322x7168][4096x170x7168][4096x1002x7168][4096x928x7168][4096x170x7168][4096x537x7168][4096x1377x7168][4096x1076x7168][4096x178x7168][4096x2180x7168][4096x1263x7168][4096x244x7168][4096x1375x7168][4096x170x7168][4096x170x7168][4096x170x7168][4096x1131x7168][4096x428x7168][4096x668x7168][4096x243x7168][4096x1390x7168][4096x170x7168][4096x684x7168][4096x170x7168][4096x1420x7168][4096x190x7168][4096x303x7168][4096x170x7168][4096x170x7168][4096x491x7168][4096x1022x7168][4096x170x7168][4096x170x7168][4096x1564x7168][4096x195x7168][4096x518x7168][4096x171x7168][4096x520x7168][4096x623x7168][4096x170x7168][4096x170x7168][4096x170x7168][4096x170x7168][4096x170x7168][4096x1021x7168][4096x321x7168][4096x349x7168][4096x2424x7168][4096x522x7168][4096x1148x7168][4096x170x7168][4096x170x7168][4096x279x7168][4096x1161x7168][4096x662x7168][4096x205x7168][4096x564x7168][4096x867x7168][4096x1267x7168][4096x170x7168][4096x263x7168][4096x170x7168][4096x1041x7168][4096x452x7168][4096x1383x7168][4096x170x7168][4096x170x7168]',,tensorop,f32,256,256,64,2,2,1,2,1,1,4,4,1,1,256,256,16,100,110,7113539584,3848827568128,541,3.20322,2068.23,1.20155e+06
1,CUTLASS,grouped_gemm,cutlass3x_sm100_tensorop_gemm_grouped_bf16_bf16_f32_bf16_bf16_256x256x64_4x1x1_0_tnn_align8_2sm_epi_tma,passed,success,grouped,,,,,bf16:row,bf16:column,bf16:column,bf16:column,1,0,invalid,invalid,heuristic,1,false,'[4096x375x7168][4096x2436x7168][4096x1301x7168][4096x170x7168][4096x1228x7168][4096x170x7168][4096x170x7168][4096x576x7168][4096x170x7168][4096x2703x7168][4096x2728x7168][4096x1099x7168][4096x170x7168][4096x170x7168][4096x170x7168][4096x2318x7168][4096x2180x7168][4096x711x7168][4096x293x7168][4096x172x7168][4096x170x7168][4096x655x7168][4096x1361x7168][4096x1240x7168][4096x170x7168][4096x170x7168][4096x275x7168][4096x1303x7168][4096x170x7168][4096x1322x7168][4096x170x7168][4096x1002x7168][4096x928x7168][4096x170x7168][4096x537x7168][4096x1377x7168][4096x1076x7168][4096x178x7168][4096x2180x7168][4096x1263x7168][4096x244x7168][4096x1375x7168][4096x170x7168][4096x170x7168][4096x170x7168][4096x1131x7168][4096x428x7168][4096x668x7168][4096x243x7168][4096x1390x7168][4096x170x7168][4096x684x7168][4096x170x7168][4096x1420x7168][4096x190x7168][4096x303x7168][4096x170x7168][4096x170x7168][4096x491x7168][4096x1022x7168][4096x170x7168][4096x170x7168][4096x1564x7168][4096x195x7168][4096x518x7168][4096x171x7168][4096x520x7168][4096x623x7168][4096x170x7168][4096x170x7168][4096x170x7168][4096x170x7168][4096x170x7168][4096x1021x7168][4096x321x7168][4096x349x7168][4096x2424x7168][4096x522x7168][4096x1148x7168][4096x170x7168][4096x170x7168][4096x279x7168][4096x1161x7168][4096x662x7168][4096x205x7168][4096x564x7168][4096x867x7168][4096x1267x7168][4096x170x7168][4096x263x7168][4096x170x7168][4096x1041x7168][4096x452x7168][4096x1383x7168][4096x170x7168][4096x170x7168]',,tensorop,f32,256,256,64,4,1,1,2,1,1,4,4,1,1,256,256,16,100,110,7113539584,3848827568128,541,2.82202,2347.61,1.36386e+06
1,CUTLASS,grouped_gemm,cutlass3x_sm100_tensorop_gemm_grouped_bf16_bf16_f32_bf16_bf16_256x256x64_4x1x1_0_tnn_align8_stream_k_2sm_epi_tma,passed,success,grouped,,,,,bf16:row,bf16:column,bf16:column,bf16:column,1,0,invalid,invalid,heuristic,1,false,'[4096x375x7168][4096x2436x7168][4096x1301x7168][4096x170x7168][4096x1228x7168][4096x170x7168][4096x170x7168][4096x576x7168][4096x170x7168][4096x2703x7168][4096x2728x7168][4096x1099x7168][4096x170x7168][4096x170x7168][4096x170x7168][4096x2318x7168][4096x2180x7168][4096x711x7168][4096x293x7168][4096x172x7168][4096x170x7168][4096x655x7168][4096x1361x7168][4096x1240x7168][4096x170x7168][4096x170x7168][4096x275x7168][4096x1303x7168][4096x170x7168][4096x1322x7168][4096x170x7168][4096x1002x7168][4096x928x7168][4096x170x7168][4096x537x7168][4096x1377x7168][4096x1076x7168][4096x178x7168][4096x2180x7168][4096x1263x7168][4096x244x7168][4096x1375x7168][4096x170x7168][4096x170x7168][4096x170x7168][4096x1131x7168][4096x428x7168][4096x668x7168][4096x243x7168][4096x1390x7168][4096x170x7168][4096x684x7168][4096x170x7168][4096x1420x7168][4096x190x7168][4096x303x7168][4096x170x7168][4096x170x7168][4096x491x7168][4096x1022x7168][4096x170x7168][4096x170x7168][4096x1564x7168][4096x195x7168][4096x518x7168][4096x171x7168][4096x520x7168][4096x623x7168][4096x170x7168][4096x170x7168][4096x170x7168][4096x170x7168][4096x170x7168][4096x1021x7168][4096x321x7168][4096x349x7168][4096x2424x7168][4096x522x7168][4096x1148x7168][4096x170x7168][4096x170x7168][4096x279x7168][4096x1161x7168][4096x662x7168][4096x205x7168][4096x564x7168][4096x867x7168][4096x1267x7168][4096x170x7168][4096x263x7168][4096x170x7168][4096x1041x7168][4096x452x7168][4096x1383x7168][4096x170x7168][4096x170x7168]',,tensorop,f32,256,256,64,4,1,1,2,1,1,4,4,1,1,256,256,16,100,110,7113539584,3848827568128,541,2.82032,2349.03,1.36468e+06
1,CUTLASS,grouped_gemm,cutlass3x_sm100_tensorop_gemm_grouped_bf16_bf16_f32_bf16_bf16_256x256x64_2x4x1_0_tnn_align8_2sm_epi_tma,passed,success,grouped,,,,,bf16:row,bf16:column,bf16:column,bf16:column,1,0,invalid,invalid,heuristic,1,false,'[4096x375x7168][4096x2436x7168][4096x1301x7168][4096x170x7168][4096x1228x7168][4096x170x7168][4096x170x7168][4096x576x7168][4096x170x7168][4096x2703x7168][4096x2728x7168][4096x1099x7168][4096x170x7168][4096x170x7168][4096x170x7168][4096x2318x7168][4096x2180x7168][4096x711x7168][4096x293x7168][4096x172x7168][4096x170x7168][4096x655x7168][4096x1361x7168][4096x1240x7168][4096x170x7168][4096x170x7168][4096x275x7168][4096x1303x7168][4096x170x7168][4096x1322x7168][4096x170x7168][4096x1002x7168][4096x928x7168][4096x170x7168][4096x537x7168][4096x1377x7168][4096x1076x7168][4096x178x7168][4096x2180x7168][4096x1263x7168][4096x244x7168][4096x1375x7168][4096x170x7168][4096x170x7168][4096x170x7168][4096x1131x7168][4096x428x7168][4096x668x7168][4096x243x7168][4096x1390x7168][4096x170x7168][4096x684x7168][4096x170x7168][4096x1420x7168][4096x190x7168][4096x303x7168][4096x170x7168][4096x170x7168][4096x491x7168][4096x1022x7168][4096x170x7168][4096x170x7168][4096x1564x7168][4096x195x7168][4096x518x7168][4096x171x7168][4096x520x7168][4096x623x7168][4096x170x7168][4096x170x7168][4096x170x7168][4096x170x7168][4096x170x7168][4096x1021x7168][4096x321x7168][4096x349x7168][4096x2424x7168][4096x522x7168][4096x1148x7168][4096x170x7168][4096x170x7168][4096x279x7168][4096x1161x7168][4096x662x7168][4096x205x7168][4096x564x7168][4096x867x7168][4096x1267x7168][4096x170x7168][4096x263x7168][4096x170x7168][4096x1041x7168][4096x452x7168][4096x1383x7168][4096x170x7168][4096x170x7168]',,tensorop,f32,256,256,64,2,4,1,2,1,1,4,4,1,1,256,256,16,100,110,7113539584,3848827568128,541,5.1078,1297.04,753520
1,CUTLASS,grouped_gemm,cutlass3x_sm100_tensorop_gemm_grouped_bf16_bf16_f32_bf16_bf16_256x256x64_2x4x1_0_tnn_align8_stream_k_2sm_epi_tma,passed,success,grouped,,,,,bf16:row,bf16:column,bf16:column,bf16:column,1,0,invalid,invalid,heuristic,1,false,'[4096x375x7168][4096x2436x7168][4096x1301x7168][4096x170x7168][4096x1228x7168][4096x170x7168][4096x170x7168][4096x576x7168][4096x170x7168][4096x2703x7168][4096x2728x7168][4096x1099x7168][4096x170x7168][4096x170x7168][4096x170x7168][4096x2318x7168][4096x2180x7168][4096x711x7168][4096x293x7168][4096x172x7168][4096x170x7168][4096x655x7168][4096x1361x7168][4096x1240x7168][4096x170x7168][4096x170x7168][4096x275x7168][4096x1303x7168][4096x170x7168][4096x1322x7168][4096x170x7168][4096x1002x7168][4096x928x7168][4096x170x7168][4096x537x7168][4096x1377x7168][4096x1076x7168][4096x178x7168][4096x2180x7168][4096x1263x7168][4096x244x7168][4096x1375x7168][4096x170x7168][4096x170x7168][4096x170x7168][4096x1131x7168][4096x428x7168][4096x668x7168][4096x243x7168][4096x1390x7168][4096x170x7168][4096x684x7168][4096x170x7168][4096x1420x7168][4096x190x7168][4096x303x7168][4096x170x7168][4096x170x7168][4096x491x7168][4096x1022x7168][4096x170x7168][4096x170x7168][4096x1564x7168][4096x195x7168][4096x518x7168][4096x171x7168][4096x520x7168][4096x623x7168][4096x170x7168][4096x170x7168][4096x170x7168][4096x170x7168][4096x170x7168][4096x1021x7168][4096x321x7168][4096x349x7168][4096x2424x7168][4096x522x7168][4096x1148x7168][4096x170x7168][4096x170x7168][4096x279x7168][4096x1161x7168][4096x662x7168][4096x205x7168][4096x564x7168][4096x867x7168][4096x1267x7168][4096x170x7168][4096x263x7168][4096x170x7168][4096x1041x7168][4096x452x7168][4096x1383x7168][4096x170x7168][4096x170x7168]',,tensorop,f32,256,256,64,2,4,1,2,1,1,4,4,1,1,256,256,16,100,110,7113539584,3848827568128,541,5.10786,1297.02,753511
1,CUTLASS,grouped_gemm,cutlass3x_sm100_tensorop_gemm_grouped_bf16_bf16_f32_bf16_bf16_256x256x64_4x2x1_0_tnn_align8_2sm_epi_tma,passed,success,grouped,,,,,bf16:row,bf16:column,bf16:column,bf16:column,1,0,invalid,invalid,heuristic,1,false,'[4096x375x7168][4096x2436x7168][4096x1301x7168][4096x170x7168][4096x1228x7168][4096x170x7168][4096x170x7168][4096x576x7168][4096x170x7168][4096x2703x7168][4096x2728x7168][4096x1099x7168][4096x170x7168][4096x170x7168][4096x170x7168][4096x2318x7168][4096x2180x7168][4096x711x7168][4096x293x7168][4096x172x7168][4096x170x7168][4096x655x7168][4096x1361x7168][4096x1240x7168][4096x170x7168][4096x170x7168][4096x275x7168][4096x1303x7168][4096x170x7168][4096x1322x7168][4096x170x7168][4096x1002x7168][4096x928x7168][4096x170x7168][4096x537x7168][4096x1377x7168][4096x1076x7168][4096x178x7168][4096x2180x7168][4096x1263x7168][4096x244x7168][4096x1375x7168][4096x170x7168][4096x170x7168][4096x170x7168][4096x1131x7168][4096x428x7168][4096x668x7168][4096x243x7168][4096x1390x7168][4096x170x7168][4096x684x7168][4096x170x7168][4096x1420x7168][4096x190x7168][4096x303x7168][4096x170x7168][4096x170x7168][4096x491x7168][4096x1022x7168][4096x170x7168][4096x170x7168][4096x1564x7168][4096x195x7168][4096x518x7168][4096x171x7168][4096x520x7168][4096x623x7168][4096x170x7168][4096x170x7168][4096x170x7168][4096x170x7168][4096x170x7168][4096x1021x7168][4096x321x7168][4096x349x7168][4096x2424x7168][4096x522x7168][4096x1148x7168][4096x170x7168][4096x170x7168][4096x279x7168][4096x1161x7168][4096x662x7168][4096x205x7168][4096x564x7168][4096x867x7168][4096x1267x7168][4096x170x7168][4096x263x7168][4096x170x7168][4096x1041x7168][4096x452x7168][4096x1383x7168][4096x170x7168][4096x170x7168]',,tensorop,f32,256,256,64,4,2,1,2,1,1,4,4,1,1,256,256,16,100,110,7113539584,3848827568128,541,3.76477,1759.74,1.02233e+06
1,CUTLASS,grouped_gemm,cutlass3x_sm100_tensorop_gemm_grouped_bf16_bf16_f32_bf16_bf16_256x256x64_4x2x1_0_tnn_align8_stream_k_2sm_epi_tma,passed,success,grouped,,,,,bf16:row,bf16:column,bf16:column,bf16:column,1,0,invalid,invalid,heuristic,1,false,'[4096x375x7168][4096x2436x7168][4096x1301x7168][4096x170x7168][4096x1228x7168][4096x170x7168][4096x170x7168][4096x576x7168][4096x170x7168][4096x2703x7168][4096x2728x7168][4096x1099x7168][4096x170x7168][4096x170x7168][4096x170x7168][4096x2318x7168][4096x2180x7168][4096x711x7168][4096x293x7168][4096x172x7168][4096x170x7168][4096x655x7168][4096x1361x7168][4096x1240x7168][4096x170x7168][4096x170x7168][4096x275x7168][4096x1303x7168][4096x170x7168][4096x1322x7168][4096x170x7168][4096x1002x7168][4096x928x7168][4096x170x7168][4096x537x7168][4096x1377x7168][4096x1076x7168][4096x178x7168][4096x2180x7168][4096x1263x7168][4096x244x7168][4096x1375x7168][4096x170x7168][4096x170x7168][4096x170x7168][4096x1131x7168][4096x428x7168][4096x668x7168][4096x243x7168][4096x1390x7168][4096x170x7168][4096x684x7168][4096x170x7168][4096x1420x7168][4096x190x7168][4096x303x7168][4096x170x7168][4096x170x7168][4096x491x7168][4096x1022x7168][4096x170x7168][4096x170x7168][4096x1564x7168][4096x195x7168][4096x518x7168][4096x171x7168][4096x520x7168][4096x623x7168][4096x170x7168][4096x170x7168][4096x170x7168][4096x170x7168][4096x170x7168][4096x1021x7168][4096x321x7168][4096x349x7168][4096x2424x7168][4096x522x7168][4096x1148x7168][4096x170x7168][4096x170x7168][4096x279x7168][4096x1161x7168][4096x662x7168][4096x205x7168][4096x564x7168][4096x867x7168][4096x1267x7168][4096x170x7168][4096x263x7168][4096x170x7168][4096x1041x7168][4096x452x7168][4096x1383x7168][4096x170x7168][4096x170x7168]',,tensorop,f32,256,256,64,4,2,1,2,1,1,4,4,1,1,256,256,16,100,110,7113539584,3848827568128,541,3.76455,1759.84,1.02239e+06
1,CUTLASS,grouped_gemm,cutlass3x_sm100_tensorop_gemm_grouped_bf16_bf16_f32_bf16_bf16_256x256x64_4x4x1_0_tnn_align8_2sm_epi_tma,passed,success,grouped,,,,,bf16:row,bf16:column,bf16:column,bf16:column,1,0,invalid,invalid,heuristic,1,false,'[4096x375x7168][4096x2436x7168][4096x1301x7168][4096x170x7168][4096x1228x7168][4096x170x7168][4096x170x7168][4096x576x7168][4096x170x7168][4096x2703x7168][4096x2728x7168][4096x1099x7168][4096x170x7168][4096x170x7168][4096x170x7168][4096x2318x7168][4096x2180x7168][4096x711x7168][4096x293x7168][4096x172x7168][4096x170x7168][4096x655x7168][4096x1361x7168][4096x1240x7168][4096x170x7168][4096x170x7168][4096x275x7168][4096x1303x7168][4096x170x7168][4096x1322x7168][4096x170x7168][4096x1002x7168][4096x928x7168][4096x170x7168][4096x537x7168][4096x1377x7168][4096x1076x7168][4096x178x7168][4096x2180x7168][4096x1263x7168][4096x244x7168][4096x1375x7168][4096x170x7168][4096x170x7168][4096x170x7168][4096x1131x7168][4096x428x7168][4096x668x7168][4096x243x7168][4096x1390x7168][4096x170x7168][4096x684x7168][4096x170x7168][4096x1420x7168][4096x190x7168][4096x303x7168][4096x170x7168][4096x170x7168][4096x491x7168][4096x1022x7168][4096x170x7168][4096x170x7168][4096x1564x7168][4096x195x7168][4096x518x7168][4096x171x7168][4096x520x7168][4096x623x7168][4096x170x7168][4096x170x7168][4096x170x7168][4096x170x7168][4096x170x7168][4096x1021x7168][4096x321x7168][4096x349x7168][4096x2424x7168][4096x522x7168][4096x1148x7168][4096x170x7168][4096x170x7168][4096x279x7168][4096x1161x7168][4096x662x7168][4096x205x7168][4096x564x7168][4096x867x7168][4096x1267x7168][4096x170x7168][4096x263x7168][4096x170x7168][4096x1041x7168][4096x452x7168][4096x1383x7168][4096x170x7168][4096x170x7168]',,tensorop,f32,256,256,64,4,4,1,2,1,1,4,4,1,1,256,256,16,100,110,7113539584,3848827568128,541,5.52115,1199.93,697107
1,CUTLASS,grouped_gemm,cutlass3x_sm100_tensorop_gemm_grouped_bf16_bf16_f32_bf16_bf16_256x256x64_4x4x1_0_tnn_align8_stream_k_2sm_epi_tma,passed,success,grouped,,,,,bf16:row,bf16:column,bf16:column,bf16:column,1,0,invalid,invalid,heuristic,1,false,'[4096x375x7168][4096x2436x7168][4096x1301x7168][4096x170x7168][4096x1228x7168][4096x170x7168][4096x170x7168][4096x576x7168][4096x170x7168][4096x2703x7168][4096x2728x7168][4096x1099x7168][4096x170x7168][4096x170x7168][4096x170x7168][4096x2318x7168][4096x2180x7168][4096x711x7168][4096x293x7168][4096x172x7168][4096x170x7168][4096x655x7168][4096x1361x7168][4096x1240x7168][4096x170x7168][4096x170x7168][4096x275x7168][4096x1303x7168][4096x170x7168][4096x1322x7168][4096x170x7168][4096x1002x7168][4096x928x7168][4096x170x7168][4096x537x7168][4096x1377x7168][4096x1076x7168][4096x178x7168][4096x2180x7168][4096x1263x7168][4096x244x7168][4096x1375x7168][4096x170x7168][4096x170x7168][4096x170x7168][4096x1131x7168][4096x428x7168][4096x668x7168][4096x243x7168][4096x1390x7168][4096x170x7168][4096x684x7168][4096x170x7168][4096x1420x7168][4096x190x7168][4096x303x7168][4096x170x7168][4096x170x7168][4096x491x7168][4096x1022x7168][4096x170x7168][4096x170x7168][4096x1564x7168][4096x195x7168][4096x518x7168][4096x171x7168][4096x520x7168][4096x623x7168][4096x170x7168][4096x170x7168][4096x170x7168][4096x170x7168][4096x170x7168][4096x1021x7168][4096x321x7168][4096x349x7168][4096x2424x7168][4096x522x7168][4096x1148x7168][4096x170x7168][4096x170x7168][4096x279x7168][4096x1161x7168][4096x662x7168][4096x205x7168][4096x564x7168][4096x867x7168][4096x1267x7168][4096x170x7168][4096x263x7168][4096x170x7168][4096x1041x7168][4096x452x7168][4096x1383x7168][4096x170x7168][4096x170x7168]',,tensorop,f32,256,256,64,4,4,1,2,1,1,4,4,1,1,256,256,16,100,110,7113539584,3848827568128,541,5.52057,1200.06,697179
