Problem,Provider,OperationKind,Operation,Disposition,Status,gemm_kind,m,n,k,num_groups,A,B,C,D,alpha,beta,runtime_input_datatype_a,runtime_input_datatype_b,raster_order,swizzle_size,use_pdl,problem-sizes,problem-sizes-file,op_class,accum,cta_m,cta_n,cta_k,cluster_m,cluster_n,cluster_k,cluster_m_fallback,cluster_n_fallback,cluster_k_fallback,stages,warps_m,warps_n,warps_k,inst_m,inst_n,inst_k,min_cc,max_cc,Bytes,Flops,Flops/Byte,Runtime,GB/s,GFLOPs
1,CUTLASS,grouped_gemm,cutlass3x_sm100_tensorop_gemm_grouped_bf16_bf16_f32_f32_f32_64x128x64_0x0x1_0_tnt_align8_1sm,passed,success,grouped,,,,,bf16:row,bf16:column,f32:row,f32:row,1,0,invalid,invalid,heuristic,8,false,'[2731x5120x1536][2731x5120x1536][2731x5120x1536][2731x5120x1536][2731x5120x1536][2731x5120x1536][2731x5120x1536][2731x5120x1536][2730x5120x1536][2730x5120x1536][2730x5120x1536][2730x5120x1536]',,tensorop,f32,64,128,64,1,1,1,1,1,1,7,4,1,1,64,128,16,100,110,960495616,515731619840,536,0.567696,1575.72,908464
1,CUTLASS,grouped_gemm,cutlass3x_sm100_tensorop_gemm_grouped_bf16_bf16_f32_f32_f32_64x128x64_0x0x1_0_tnt_align8_stream_k_1sm,passed,success,grouped,,,,,bf16:row,bf16:column,f32:row,f32:row,1,0,invalid,invalid,heuristic,8,false,'[2731x5120x1536][2731x5120x1536][2731x5120x1536][2731x5120x1536][2731x5120x1536][2731x5120x1536][2731x5120x1536][2731x5120x1536][2730x5120x1536][2730x5120x1536][2730x5120x1536][2730x5120x1536]',,tensorop,f32,64,128,64,1,1,1,1,1,1,7,4,1,1,64,128,16,100,110,960495616,515731619840,536,0.566778,1578.28,909936
1,CUTLASS,grouped_gemm,cutlass3x_sm100_tensorop_gemm_grouped_bf16_bf16_f32_void_f32_64x128x64_0x0x1_0_tnt_align8_1sm,passed,success,grouped,,,,,bf16:row,bf16:column,void:row,f32:row,1,0,invalid,invalid,heuristic,8,false,'[2731x5120x1536][2731x5120x1536][2731x5120x1536][2731x5120x1536][2731x5120x1536][2731x5120x1536][2731x5120x1536][2731x5120x1536][2730x5120x1536][2730x5120x1536][2730x5120x1536][2730x5120x1536]',,tensorop,f32,64,128,64,1,1,1,1,1,1,7,4,1,1,64,128,16,100,110,289406976,515731619840,1782,0.580806,464.064,887958
1,CUTLASS,grouped_gemm,cutlass3x_sm100_tensorop_gemm_grouped_bf16_bf16_f32_void_f32_64x128x64_0x0x1_0_tnt_align8_stream_k_1sm,passed,success,grouped,,,,,bf16:row,bf16:column,void:row,f32:row,1,0,invalid,invalid,heuristic,8,false,'[2731x5120x1536][2731x5120x1536][2731x5120x1536][2731x5120x1536][2731x5120x1536][2731x5120x1536][2731x5120x1536][2731x5120x1536][2730x5120x1536][2730x5120x1536][2730x5120x1536][2730x5120x1536]',,tensorop,f32,64,128,64,1,1,1,1,1,1,7,4,1,1,64,128,16,100,110,289406976,515731619840,1782,0.581344,463.635,887137
1,CUTLASS,grouped_gemm,cutlass3x_sm100_tensorop_gemm_grouped_bf16_bf16_f32_f32_f32_64x128x64_1x1x1_0_tnt_align8_1sm,passed,success,grouped,,,,,bf16:row,bf16:column,f32:row,f32:row,1,0,invalid,invalid,heuristic,8,false,'[2731x5120x1536][2731x5120x1536][2731x5120x1536][2731x5120x1536][2731x5120x1536][2731x5120x1536][2731x5120x1536][2731x5120x1536][2730x5120x1536][2730x5120x1536][2730x5120x1536][2730x5120x1536]',,tensorop,f32,64,128,64,1,1,1,1,1,1,7,4,1,1,64,128,16,100,110,960495616,515731619840,536,0.580256,1541.61,888800
1,CUTLASS,grouped_gemm,cutlass3x_sm100_tensorop_gemm_grouped_bf16_bf16_f32_f32_f32_64x128x64_1x1x1_0_tnt_align8_stream_k_1sm,passed,success,grouped,,,,,bf16:row,bf16:column,f32:row,f32:row,1,0,invalid,invalid,heuristic,8,false,'[2731x5120x1536][2731x5120x1536][2731x5120x1536][2731x5120x1536][2731x5120x1536][2731x5120x1536][2731x5120x1536][2731x5120x1536][2730x5120x1536][2730x5120x1536][2730x5120x1536][2730x5120x1536]',,tensorop,f32,64,128,64,1,1,1,1,1,1,7,4,1,1,64,128,16,100,110,960495616,515731619840,536,0.58081,1540.15,887953
1,CUTLASS,grouped_gemm,cutlass3x_sm100_tensorop_gemm_grouped_bf16_bf16_f32_void_f32_64x128x64_1x1x1_0_tnt_align8_1sm,passed,success,grouped,,,,,bf16:row,bf16:column,void:row,f32:row,1,0,invalid,invalid,heuristic,8,false,'[2731x5120x1536][2731x5120x1536][2731x5120x1536][2731x5120x1536][2731x5120x1536][2731x5120x1536][2731x5120x1536][2731x5120x1536][2730x5120x1536][2730x5120x1536][2730x5120x1536][2730x5120x1536]',,tensorop,f32,64,128,64,1,1,1,1,1,1,7,4,1,1,64,128,16,100,110,289406976,515731619840,1782,0.598115,450.634,862261
1,CUTLASS,grouped_gemm,cutlass3x_sm100_tensorop_gemm_grouped_bf16_bf16_f32_void_f32_64x128x64_1x1x1_0_tnt_align8_stream_k_1sm,passed,success,grouped,,,,,bf16:row,bf16:column,void:row,f32:row,1,0,invalid,invalid,heuristic,8,false,'[2731x5120x1536][2731x5120x1536][2731x5120x1536][2731x5120x1536][2731x5120x1536][2731x5120x1536][2731x5120x1536][2731x5120x1536][2730x5120x1536][2730x5120x1536][2730x5120x1536][2730x5120x1536]',,tensorop,f32,64,128,64,1,1,1,1,1,1,7,4,1,1,64,128,16,100,110,289406976,515731619840,1782,0.598771,450.141,861317
1,CUTLASS,grouped_gemm,cutlass3x_sm100_tensorop_gemm_grouped_bf16_bf16_f32_f32_f32_64x128x64_1x2x1_0_tnt_align8_1sm,passed,success,grouped,,,,,bf16:row,bf16:column,f32:row,f32:row,1,0,invalid,invalid,heuristic,8,false,'[2731x5120x1536][2731x5120x1536][2731x5120x1536][2731x5120x1536][2731x5120x1536][2731x5120x1536][2731x5120x1536][2731x5120x1536][2730x5120x1536][2730x5120x1536][2730x5120x1536][2730x5120x1536]',,tensorop,f32,64,128,64,1,2,1,1,1,1,7,4,1,1,64,128,16,100,110,960495616,515731619840,536,0.561581,1592.88,918357
1,CUTLASS,grouped_gemm,cutlass3x_sm100_tensorop_gemm_grouped_bf16_bf16_f32_f32_f32_64x128x64_1x2x1_0_tnt_align8_stream_k_1sm,passed,success,grouped,,,,,bf16:row,bf16:column,f32:row,f32:row,1,0,invalid,invalid,heuristic,8,false,'[2731x5120x1536][2731x5120x1536][2731x5120x1536][2731x5120x1536][2731x5120x1536][2731x5120x1536][2731x5120x1536][2731x5120x1536][2730x5120x1536][2730x5120x1536][2730x5120x1536][2730x5120x1536]',,tensorop,f32,64,128,64,1,2,1,1,1,1,7,4,1,1,64,128,16,100,110,960495616,515731619840,536,0.561555,1592.95,918399
1,CUTLASS,grouped_gemm,cutlass3x_sm100_tensorop_gemm_grouped_bf16_bf16_f32_void_f32_64x128x64_1x2x1_0_tnt_align8_1sm,passed,success,grouped,,,,,bf16:row,bf16:column,void:row,f32:row,1,0,invalid,invalid,heuristic,8,false,'[2731x5120x1536][2731x5120x1536][2731x5120x1536][2731x5120x1536][2731x5120x1536][2731x5120x1536][2731x5120x1536][2731x5120x1536][2730x5120x1536][2730x5120x1536][2730x5120x1536][2730x5120x1536]',,tensorop,f32,64,128,64,1,2,1,1,1,1,7,4,1,1,64,128,16,100,110,289406976,515731619840,1782,0.579709,464.942,889639
1,CUTLASS,grouped_gemm,cutlass3x_sm100_tensorop_gemm_grouped_bf16_bf16_f32_void_f32_64x128x64_1x2x1_0_tnt_align8_stream_k_1sm,passed,success,grouped,,,,,bf16:row,bf16:column,void:row,f32:row,1,0,invalid,invalid,heuristic,8,false,'[2731x5120x1536][2731x5120x1536][2731x5120x1536][2731x5120x1536][2731x5120x1536][2731x5120x1536][2731x5120x1536][2731x5120x1536][2730x5120x1536][2730x5120x1536][2730x5120x1536][2730x5120x1536]',,tensorop,f32,64,128,64,1,2,1,1,1,1,7,4,1,1,64,128,16,100,110,289406976,515731619840,1782,0.581322,463.653,887171
1,CUTLASS,grouped_gemm,cutlass3x_sm100_tensorop_gemm_grouped_bf16_bf16_f32_f32_f32_64x128x64_1x4x1_0_tnt_align8_1sm,passed,success,grouped,,,,,bf16:row,bf16:column,f32:row,f32:row,1,0,invalid,invalid,heuristic,8,false,'[2731x5120x1536][2731x5120x1536][2731x5120x1536][2731x5120x1536][2731x5120x1536][2731x5120x1536][2731x5120x1536][2731x5120x1536][2730x5120x1536][2730x5120x1536][2730x5120x1536][2730x5120x1536]',,tensorop,f32,64,128,64,1,4,1,1,1,1,7,4,1,1,64,128,16,100,110,960495616,515731619840,536,0.579168,1544.51,890470
1,CUTLASS,grouped_gemm,cutlass3x_sm100_tensorop_gemm_grouped_bf16_bf16_f32_f32_f32_64x128x64_1x4x1_0_tnt_align8_stream_k_1sm,passed,success,grouped,,,,,bf16:row,bf16:column,f32:row,f32:row,1,0,invalid,invalid,heuristic,8,false,'[2731x5120x1536][2731x5120x1536][2731x5120x1536][2731x5120x1536][2731x5120x1536][2731x5120x1536][2731x5120x1536][2731x5120x1536][2730x5120x1536][2730x5120x1536][2730x5120x1536][2730x5120x1536]',,tensorop,f32,64,128,64,1,4,1,1,1,1,7,4,1,1,64,128,16,100,110,960495616,515731619840,536,0.579603,1543.35,889801
1,CUTLASS,grouped_gemm,cutlass3x_sm100_tensorop_gemm_grouped_bf16_bf16_f32_void_f32_64x128x64_1x4x1_0_tnt_align8_1sm,passed,success,grouped,,,,,bf16:row,bf16:column,void:row,f32:row,1,0,invalid,invalid,heuristic,8,false,'[2731x5120x1536][2731x5120x1536][2731x5120x1536][2731x5120x1536][2731x5120x1536][2731x5120x1536][2731x5120x1536][2731x5120x1536][2730x5120x1536][2730x5120x1536][2730x5120x1536][2730x5120x1536]',,tensorop,f32,64,128,64,1,4,1,1,1,1,7,4,1,1,64,128,16,100,110,289406976,515731619840,1782,0.601693,447.955,857134
1,CUTLASS,grouped_gemm,cutlass3x_sm100_tensorop_gemm_grouped_bf16_bf16_f32_void_f32_64x128x64_1x4x1_0_tnt_align8_stream_k_1sm,passed,success,grouped,,,,,bf16:row,bf16:column,void:row,f32:row,1,0,invalid,invalid,heuristic,8,false,'[2731x5120x1536][2731x5120x1536][2731x5120x1536][2731x5120x1536][2731x5120x1536][2731x5120x1536][2731x5120x1536][2731x5120x1536][2730x5120x1536][2730x5120x1536][2730x5120x1536][2730x5120x1536]',,tensorop,f32,64,128,64,1,4,1,1,1,1,7,4,1,1,64,128,16,100,110,289406976,515731619840,1782,0.602205,447.574,856406
1,CUTLASS,grouped_gemm,cutlass3x_sm100_tensorop_gemm_grouped_bf16_bf16_f32_f32_f32_64x128x64_4x4x1_0_tnt_align8_1sm,passed,success,grouped,,,,,bf16:row,bf16:column,f32:row,f32:row,1,0,invalid,invalid,heuristic,8,false,'[2731x5120x1536][2731x5120x1536][2731x5120x1536][2731x5120x1536][2731x5120x1536][2731x5120x1536][2731x5120x1536][2731x5120x1536][2730x5120x1536][2730x5120x1536][2730x5120x1536][2730x5120x1536]',,tensorop,f32,64,128,64,4,4,1,1,1,1,7,4,1,1,64,128,16,100,110,960495616,515731619840,536,0.721843,1239.23,714465
1,CUTLASS,grouped_gemm,cutlass3x_sm100_tensorop_gemm_grouped_bf16_bf16_f32_f32_f32_64x128x64_4x4x1_0_tnt_align8_stream_k_1sm,passed,success,grouped,,,,,bf16:row,bf16:column,f32:row,f32:row,1,0,invalid,invalid,heuristic,8,false,'[2731x5120x1536][2731x5120x1536][2731x5120x1536][2731x5120x1536][2731x5120x1536][2731x5120x1536][2731x5120x1536][2731x5120x1536][2730x5120x1536][2730x5120x1536][2730x5120x1536][2730x5120x1536]',,tensorop,f32,64,128,64,4,4,1,1,1,1,7,4,1,1,64,128,16,100,110,960495616,515731619840,536,0.722134,1238.73,714177
1,CUTLASS,grouped_gemm,cutlass3x_sm100_tensorop_gemm_grouped_bf16_bf16_f32_void_f32_64x128x64_4x4x1_0_tnt_align8_1sm,passed,success,grouped,,,,,bf16:row,bf16:column,void:row,f32:row,1,0,invalid,invalid,heuristic,8,false,'[2731x5120x1536][2731x5120x1536][2731x5120x1536][2731x5120x1536][2731x5120x1536][2731x5120x1536][2731x5120x1536][2731x5120x1536][2730x5120x1536][2730x5120x1536][2730x5120x1536][2730x5120x1536]',,tensorop,f32,64,128,64,4,4,1,1,1,1,7,4,1,1,64,128,16,100,110,289406976,515731619840,1782,0.792154,340.251,651050
1,CUTLASS,grouped_gemm,cutlass3x_sm100_tensorop_gemm_grouped_bf16_bf16_f32_void_f32_64x128x64_4x4x1_0_tnt_align8_stream_k_1sm,passed,success,grouped,,,,,bf16:row,bf16:column,void:row,f32:row,1,0,invalid,invalid,heuristic,8,false,'[2731x5120x1536][2731x5120x1536][2731x5120x1536][2731x5120x1536][2731x5120x1536][2731x5120x1536][2731x5120x1536][2731x5120x1536][2730x5120x1536][2730x5120x1536][2730x5120x1536][2730x5120x1536]',,tensorop,f32,64,128,64,4,4,1,1,1,1,7,4,1,1,64,128,16,100,110,289406976,515731619840,1782,0.791955,340.336,651213
1,CUTLASS,grouped_gemm,cutlass3x_sm100_tensorop_gemm_grouped_bf16_bf16_f32_bf16_bf16_64x128x64_0x0x1_0_tnt_align8_1sm,passed,success,grouped,,,,,bf16:row,bf16:column,bf16:row,bf16:row,1,0,invalid,invalid,heuristic,8,false,'[2731x5120x1536][2731x5120x1536][2731x5120x1536][2731x5120x1536][2731x5120x1536][2731x5120x1536][2731x5120x1536][2731x5120x1536][2730x5120x1536][2730x5120x1536][2730x5120x1536][2730x5120x1536]',,tensorop,f32,64,128,64,1,1,1,1,1,1,8,4,1,1,64,128,16,100,110,624951296,515731619840,825,0.532611,1092.79,968308
1,CUTLASS,grouped_gemm,cutlass3x_sm100_tensorop_gemm_grouped_bf16_bf16_f32_bf16_bf16_64x128x64_0x0x1_0_tnt_align8_stream_k_1sm,passed,success,grouped,,,,,bf16:row,bf16:column,bf16:row,bf16:row,1,0,invalid,invalid,heuristic,8,false,'[2731x5120x1536][2731x5120x1536][2731x5120x1536][2731x5120x1536][2731x5120x1536][2731x5120x1536][2731x5120x1536][2731x5120x1536][2730x5120x1536][2730x5120x1536][2730x5120x1536][2730x5120x1536]',,tensorop,f32,64,128,64,1,1,1,1,1,1,8,4,1,1,64,128,16,100,110,624951296,515731619840,825,0.533293,1091.39,967070
1,CUTLASS,grouped_gemm,cutlass3x_sm100_tensorop_gemm_grouped_bf16_bf16_f32_void_bf16_64x128x64_0x0x1_0_tnt_align8_1sm,passed,success,grouped,,,,,bf16:row,bf16:column,void:row,bf16:row,1,0,invalid,invalid,heuristic,8,false,'[2731x5120x1536][2731x5120x1536][2731x5120x1536][2731x5120x1536][2731x5120x1536][2731x5120x1536][2731x5120x1536][2731x5120x1536][2730x5120x1536][2730x5120x1536][2730x5120x1536][2730x5120x1536]',,tensorop,f32,64,128,64,1,1,1,1,1,1,8,4,1,1,64,128,16,100,110,289406976,515731619840,1782,0.531709,506.915,969951
1,CUTLASS,grouped_gemm,cutlass3x_sm100_tensorop_gemm_grouped_bf16_bf16_f32_void_bf16_64x128x64_0x0x1_0_tnt_align8_stream_k_1sm,passed,success,grouped,,,,,bf16:row,bf16:column,void:row,bf16:row,1,0,invalid,invalid,heuristic,8,false,'[2731x5120x1536][2731x5120x1536][2731x5120x1536][2731x5120x1536][2731x5120x1536][2731x5120x1536][2731x5120x1536][2731x5120x1536][2730x5120x1536][2730x5120x1536][2730x5120x1536][2730x5120x1536]',,tensorop,f32,64,128,64,1,1,1,1,1,1,8,4,1,1,64,128,16,100,110,289406976,515731619840,1782,0.532682,505.989,968180
1,CUTLASS,grouped_gemm,cutlass3x_sm100_tensorop_gemm_grouped_bf16_bf16_f32_bf16_bf16_64x128x64_1x1x1_0_tnt_align8_1sm,passed,success,grouped,,,,,bf16:row,bf16:column,bf16:row,bf16:row,1,0,invalid,invalid,heuristic,8,false,'[2731x5120x1536][2731x5120x1536][2731x5120x1536][2731x5120x1536][2731x5120x1536][2731x5120x1536][2731x5120x1536][2731x5120x1536][2730x5120x1536][2730x5120x1536][2730x5120x1536][2730x5120x1536]',,tensorop,f32,64,128,64,1,1,1,1,1,1,8,4,1,1,64,128,16,100,110,624951296,515731619840,825,0.531347,1095.39,970611
1,CUTLASS,grouped_gemm,cutlass3x_sm100_tensorop_gemm_grouped_bf16_bf16_f32_bf16_bf16_64x128x64_1x1x1_0_tnt_align8_stream_k_1sm,passed,success,grouped,,,,,bf16:row,bf16:column,bf16:row,bf16:row,1,0,invalid,invalid,heuristic,8,false,'[2731x5120x1536][2731x5120x1536][2731x5120x1536][2731x5120x1536][2731x5120x1536][2731x5120x1536][2731x5120x1536][2731x5120x1536][2730x5120x1536][2730x5120x1536][2730x5120x1536][2730x5120x1536]',,tensorop,f32,64,128,64,1,1,1,1,1,1,8,4,1,1,64,128,16,100,110,624951296,515731619840,825,0.53135,1095.38,970605
1,CUTLASS,grouped_gemm,cutlass3x_sm100_tensorop_gemm_grouped_bf16_bf16_f32_void_bf16_64x128x64_1x1x1_0_tnt_align8_1sm,passed,success,grouped,,,,,bf16:row,bf16:column,void:row,bf16:row,1,0,invalid,invalid,heuristic,8,false,'[2731x5120x1536][2731x5120x1536][2731x5120x1536][2731x5120x1536][2731x5120x1536][2731x5120x1536][2731x5120x1536][2731x5120x1536][2730x5120x1536][2730x5120x1536][2730x5120x1536][2730x5120x1536]',,tensorop,f32,64,128,64,1,1,1,1,1,1,8,4,1,1,64,128,16,100,110,289406976,515731619840,1782,0.521546,516.793,988852
1,CUTLASS,grouped_gemm,cutlass3x_sm100_tensorop_gemm_grouped_bf16_bf16_f32_void_bf16_64x128x64_1x1x1_0_tnt_align8_stream_k_1sm,passed,success,grouped,,,,,bf16:row,bf16:column,void:row,bf16:row,1,0,invalid,invalid,heuristic,8,false,'[2731x5120x1536][2731x5120x1536][2731x5120x1536][2731x5120x1536][2731x5120x1536][2731x5120x1536][2731x5120x1536][2731x5120x1536][2730x5120x1536][2730x5120x1536][2730x5120x1536][2730x5120x1536]',,tensorop,f32,64,128,64,1,1,1,1,1,1,8,4,1,1,64,128,16,100,110,289406976,515731619840,1782,0.521136,517.199,989630
1,CUTLASS,grouped_gemm,cutlass3x_sm100_tensorop_gemm_grouped_bf16_bf16_f32_bf16_bf16_64x128x64_1x2x1_0_tnt_align8_1sm,passed,success,grouped,,,,,bf16:row,bf16:column,bf16:row,bf16:row,1,0,invalid,invalid,heuristic,8,false,'[2731x5120x1536][2731x5120x1536][2731x5120x1536][2731x5120x1536][2731x5120x1536][2731x5120x1536][2731x5120x1536][2731x5120x1536][2730x5120x1536][2730x5120x1536][2730x5120x1536][2730x5120x1536]',,tensorop,f32,64,128,64,1,2,1,1,1,1,8,4,1,1,64,128,16,100,110,624951296,515731619840,825,0.503216,1156.62,1.02487e+06
1,CUTLASS,grouped_gemm,cutlass3x_sm100_tensorop_gemm_grouped_bf16_bf16_f32_bf16_bf16_64x128x64_1x2x1_0_tnt_align8_stream_k_1sm,passed,success,grouped,,,,,bf16:row,bf16:column,bf16:row,bf16:row,1,0,invalid,invalid,heuristic,8,false,'[2731x5120x1536][2731x5120x1536][2731x5120x1536][2731x5120x1536][2731x5120x1536][2731x5120x1536][2731x5120x1536][2731x5120x1536][2730x5120x1536][2730x5120x1536][2730x5120x1536][2730x5120x1536]',,tensorop,f32,64,128,64,1,2,1,1,1,1,8,4,1,1,64,128,16,100,110,624951296,515731619840,825,0.503699,1155.51,1.02389e+06
1,CUTLASS,grouped_gemm,cutlass3x_sm100_tensorop_gemm_grouped_bf16_bf16_f32_void_bf16_64x128x64_1x2x1_0_tnt_align8_1sm,passed,success,grouped,,,,,bf16:row,bf16:column,void:row,bf16:row,1,0,invalid,invalid,heuristic,8,false,'[2731x5120x1536][2731x5120x1536][2731x5120x1536][2731x5120x1536][2731x5120x1536][2731x5120x1536][2731x5120x1536][2731x5120x1536][2730x5120x1536][2730x5120x1536][2730x5120x1536][2730x5120x1536]',,tensorop,f32,64,128,64,1,2,1,1,1,1,8,4,1,1,64,128,16,100,110,289406976,515731619840,1782,0.507411,531.189,1.0164e+06
1,CUTLASS,grouped_gemm,cutlass3x_sm100_tensorop_gemm_grouped_bf16_bf16_f32_void_bf16_64x128x64_1x2x1_0_tnt_align8_stream_k_1sm,passed,success,grouped,,,,,bf16:row,bf16:column,void:row,bf16:row,1,0,invalid,invalid,heuristic,8,false,'[2731x5120x1536][2731x5120x1536][2731x5120x1536][2731x5120x1536][2731x5120x1536][2731x5120x1536][2731x5120x1536][2731x5120x1536][2730x5120x1536][2730x5120x1536][2730x5120x1536][2730x5120x1536]',,tensorop,f32,64,128,64,1,2,1,1,1,1,8,4,1,1,64,128,16,100,110,289406976,515731619840,1782,0.507795,530.787,1.01563e+06
1,CUTLASS,grouped_gemm,cutlass3x_sm100_tensorop_gemm_grouped_bf16_bf16_f32_bf16_bf16_64x128x64_1x4x1_0_tnt_align8_1sm,passed,success,grouped,,,,,bf16:row,bf16:column,bf16:row,bf16:row,1,0,invalid,invalid,heuristic,8,false,'[2731x5120x1536][2731x5120x1536][2731x5120x1536][2731x5120x1536][2731x5120x1536][2731x5120x1536][2731x5120x1536][2731x5120x1536][2730x5120x1536][2730x5120x1536][2730x5120x1536][2730x5120x1536]',,tensorop,f32,64,128,64,1,4,1,1,1,1,8,4,1,1,64,128,16,100,110,624951296,515731619840,825,0.508102,1145.5,1.01502e+06
1,CUTLASS,grouped_gemm,cutlass3x_sm100_tensorop_gemm_grouped_bf16_bf16_f32_bf16_bf16_64x128x64_1x4x1_0_tnt_align8_stream_k_1sm,passed,success,grouped,,,,,bf16:row,bf16:column,bf16:row,bf16:row,1,0,invalid,invalid,heuristic,8,false,'[2731x5120x1536][2731x5120x1536][2731x5120x1536][2731x5120x1536][2731x5120x1536][2731x5120x1536][2731x5120x1536][2731x5120x1536][2730x5120x1536][2730x5120x1536][2730x5120x1536][2730x5120x1536]',,tensorop,f32,64,128,64,1,4,1,1,1,1,8,4,1,1,64,128,16,100,110,624951296,515731619840,825,0.507517,1146.82,1.01619e+06
1,CUTLASS,grouped_gemm,cutlass3x_sm100_tensorop_gemm_grouped_bf16_bf16_f32_void_bf16_64x128x64_1x4x1_0_tnt_align8_1sm,passed,success,grouped,,,,,bf16:row,bf16:column,void:row,bf16:row,1,0,invalid,invalid,heuristic,8,false,'[2731x5120x1536][2731x5120x1536][2731x5120x1536][2731x5120x1536][2731x5120x1536][2731x5120x1536][2731x5120x1536][2731x5120x1536][2730x5120x1536][2730x5120x1536][2730x5120x1536][2730x5120x1536]',,tensorop,f32,64,128,64,1,4,1,1,1,1,8,4,1,1,64,128,16,100,110,289406976,515731619840,1782,0.521722,516.619,988519
1,CUTLASS,grouped_gemm,cutlass3x_sm100_tensorop_gemm_grouped_bf16_bf16_f32_void_bf16_64x128x64_1x4x1_0_tnt_align8_stream_k_1sm,passed,success,grouped,,,,,bf16:row,bf16:column,void:row,bf16:row,1,0,invalid,invalid,heuristic,8,false,'[2731x5120x1536][2731x5120x1536][2731x5120x1536][2731x5120x1536][2731x5120x1536][2731x5120x1536][2731x5120x1536][2731x5120x1536][2730x5120x1536][2730x5120x1536][2730x5120x1536][2730x5120x1536]',,tensorop,f32,64,128,64,1,4,1,1,1,1,8,4,1,1,64,128,16,100,110,289406976,515731619840,1782,0.520902,517.431,990073
1,CUTLASS,grouped_gemm,cutlass3x_sm100_tensorop_gemm_grouped_bf16_bf16_f32_bf16_bf16_64x128x64_4x4x1_0_tnt_align8_1sm,passed,success,grouped,,,,,bf16:row,bf16:column,bf16:row,bf16:row,1,0,invalid,invalid,heuristic,8,false,'[2731x5120x1536][2731x5120x1536][2731x5120x1536][2731x5120x1536][2731x5120x1536][2731x5120x1536][2731x5120x1536][2731x5120x1536][2730x5120x1536][2730x5120x1536][2730x5120x1536][2730x5120x1536]',,tensorop,f32,64,128,64,4,4,1,1,1,1,8,4,1,1,64,128,16,100,110,624951296,515731619840,825,0.655357,888.114,786948
1,CUTLASS,grouped_gemm,cutlass3x_sm100_tensorop_gemm_grouped_bf16_bf16_f32_bf16_bf16_64x128x64_4x4x1_0_tnt_align8_stream_k_1sm,passed,success,grouped,,,,,bf16:row,bf16:column,bf16:row,bf16:row,1,0,invalid,invalid,heuristic,8,false,'[2731x5120x1536][2731x5120x1536][2731x5120x1536][2731x5120x1536][2731x5120x1536][2731x5120x1536][2731x5120x1536][2731x5120x1536][2730x5120x1536][2730x5120x1536][2730x5120x1536][2730x5120x1536]',,tensorop,f32,64,128,64,4,4,1,1,1,1,8,4,1,1,64,128,16,100,110,624951296,515731619840,825,0.655254,888.252,787071
1,CUTLASS,grouped_gemm,cutlass3x_sm100_tensorop_gemm_grouped_bf16_bf16_f32_void_bf16_64x128x64_4x4x1_0_tnt_align8_1sm,passed,success,grouped,,,,,bf16:row,bf16:column,void:row,bf16:row,1,0,invalid,invalid,heuristic,8,false,'[2731x5120x1536][2731x5120x1536][2731x5120x1536][2731x5120x1536][2731x5120x1536][2731x5120x1536][2731x5120x1536][2731x5120x1536][2730x5120x1536][2730x5120x1536][2730x5120x1536][2730x5120x1536]',,tensorop,f32,64,128,64,4,4,1,1,1,1,8,4,1,1,64,128,16,100,110,289406976,515731619840,1782,0.671853,401.176,767626
1,CUTLASS,grouped_gemm,cutlass3x_sm100_tensorop_gemm_grouped_bf16_bf16_f32_void_bf16_64x128x64_4x4x1_0_tnt_align8_stream_k_1sm,passed,success,grouped,,,,,bf16:row,bf16:column,void:row,bf16:row,1,0,invalid,invalid,heuristic,8,false,'[2731x5120x1536][2731x5120x1536][2731x5120x1536][2731x5120x1536][2731x5120x1536][2731x5120x1536][2731x5120x1536][2731x5120x1536][2730x5120x1536][2730x5120x1536][2730x5120x1536][2730x5120x1536]',,tensorop,f32,64,128,64,4,4,1,1,1,1,8,4,1,1,64,128,16,100,110,289406976,515731619840,1782,0.671664,401.289,767842
1,CUTLASS,grouped_gemm,cutlass3x_sm100_tensorop_gemm_grouped_bf16_bf16_f32_f32_f32_128x128x64_0x0x1_0_tnt_align8_1sm,passed,success,grouped,,,,,bf16:row,bf16:column,f32:row,f32:row,1,0,invalid,invalid,heuristic,8,false,'[2731x5120x1536][2731x5120x1536][2731x5120x1536][2731x5120x1536][2731x5120x1536][2731x5120x1536][2731x5120x1536][2731x5120x1536][2730x5120x1536][2730x5120x1536][2730x5120x1536][2730x5120x1536]',,tensorop,f32,128,128,64,1,1,1,1,1,1,5,4,1,1,128,128,16,100,110,960495616,515731619840,536,0.433485,2063.58,1.18973e+06
1,CUTLASS,grouped_gemm,cutlass3x_sm100_tensorop_gemm_grouped_bf16_bf16_f32_f32_f32_128x128x64_0x0x1_0_tnt_align8_stream_k_1sm,passed,success,grouped,,,,,bf16:row,bf16:column,f32:row,f32:row,1,0,invalid,invalid,heuristic,8,false,'[2731x5120x1536][2731x5120x1536][2731x5120x1536][2731x5120x1536][2731x5120x1536][2731x5120x1536][2731x5120x1536][2731x5120x1536][2730x5120x1536][2730x5120x1536][2730x5120x1536][2730x5120x1536]',,tensorop,f32,128,128,64,1,1,1,1,1,1,5,4,1,1,128,128,16,100,110,960495616,515731619840,536,0.433066,2065.58,1.19089e+06
1,CUTLASS,grouped_gemm,cutlass3x_sm100_tensorop_gemm_grouped_bf16_bf16_f32_void_f32_128x128x64_0x0x1_0_tnt_align8_1sm,passed,success,grouped,,,,,bf16:row,bf16:column,void:row,f32:row,1,0,invalid,invalid,heuristic,8,false,'[2731x5120x1536][2731x5120x1536][2731x5120x1536][2731x5120x1536][2731x5120x1536][2731x5120x1536][2731x5120x1536][2731x5120x1536][2730x5120x1536][2730x5120x1536][2730x5120x1536][2730x5120x1536]',,tensorop,f32,128,128,64,1,1,1,1,1,1,5,4,1,1,128,128,16,100,110,289406976,515731619840,1782,0.440928,611.282,1.16965e+06
1,CUTLASS,grouped_gemm,cutlass3x_sm100_tensorop_gemm_grouped_bf16_bf16_f32_void_f32_128x128x64_0x0x1_0_tnt_align8_stream_k_1sm,passed,success,grouped,,,,,bf16:row,bf16:column,void:row,f32:row,1,0,invalid,invalid,heuristic,8,false,'[2731x5120x1536][2731x5120x1536][2731x5120x1536][2731x5120x1536][2731x5120x1536][2731x5120x1536][2731x5120x1536][2731x5120x1536][2730x5120x1536][2730x5120x1536][2730x5120x1536][2730x5120x1536]',,tensorop,f32,128,128,64,1,1,1,1,1,1,5,4,1,1,128,128,16,100,110,289406976,515731619840,1782,0.440035,612.522,1.17202e+06
1,CUTLASS,grouped_gemm,cutlass3x_sm100_tensorop_gemm_grouped_bf16_bf16_f32_f32_f32_128x128x64_1x1x1_0_tnt_align8_1sm,passed,success,grouped,,,,,bf16:row,bf16:column,f32:row,f32:row,1,0,invalid,invalid,heuristic,8,false,'[2731x5120x1536][2731x5120x1536][2731x5120x1536][2731x5120x1536][2731x5120x1536][2731x5120x1536][2731x5120x1536][2731x5120x1536][2730x5120x1536][2730x5120x1536][2730x5120x1536][2730x5120x1536]',,tensorop,f32,128,128,64,1,1,1,1,1,1,5,4,1,1,128,128,16,100,110,960495616,515731619840,536,0.440618,2030.18,1.17047e+06
1,CUTLASS,grouped_gemm,cutlass3x_sm100_tensorop_gemm_grouped_bf16_bf16_f32_f32_f32_128x128x64_1x1x1_0_tnt_align8_stream_k_1sm,passed,success,grouped,,,,,bf16:row,bf16:column,f32:row,f32:row,1,0,invalid,invalid,heuristic,8,false,'[2731x5120x1536][2731x5120x1536][2731x5120x1536][2731x5120x1536][2731x5120x1536][2731x5120x1536][2731x5120x1536][2731x5120x1536][2730x5120x1536][2730x5120x1536][2730x5120x1536][2730x5120x1536]',,tensorop,f32,128,128,64,1,1,1,1,1,1,5,4,1,1,128,128,16,100,110,960495616,515731619840,536,0.441984,2023.9,1.16686e+06
1,CUTLASS,grouped_gemm,cutlass3x_sm100_tensorop_gemm_grouped_bf16_bf16_f32_void_f32_128x128x64_1x1x1_0_tnt_align8_1sm,passed,success,grouped,,,,,bf16:row,bf16:column,void:row,f32:row,1,0,invalid,invalid,heuristic,8,false,'[2731x5120x1536][2731x5120x1536][2731x5120x1536][2731x5120x1536][2731x5120x1536][2731x5120x1536][2731x5120x1536][2731x5120x1536][2730x5120x1536][2730x5120x1536][2730x5120x1536][2730x5120x1536]',,tensorop,f32,128,128,64,1,1,1,1,1,1,5,4,1,1,128,128,16,100,110,289406976,515731619840,1782,0.453757,593.999,1.13658e+06
1,CUTLASS,grouped_gemm,cutlass3x_sm100_tensorop_gemm_grouped_bf16_bf16_f32_void_f32_128x128x64_1x1x1_0_tnt_align8_stream_k_1sm,passed,success,grouped,,,,,bf16:row,bf16:column,void:row,f32:row,1,0,invalid,invalid,heuristic,8,false,'[2731x5120x1536][2731x5120x1536][2731x5120x1536][2731x5120x1536][2731x5120x1536][2731x5120x1536][2731x5120x1536][2731x5120x1536][2730x5120x1536][2730x5120x1536][2730x5120x1536][2730x5120x1536]',,tensorop,f32,128,128,64,1,1,1,1,1,1,5,4,1,1,128,128,16,100,110,289406976,515731619840,1782,0.453626,594.171,1.13691e+06
1,CUTLASS,grouped_gemm,cutlass3x_sm100_tensorop_gemm_grouped_bf16_bf16_f32_f32_f32_128x128x64_1x2x1_0_tnt_align8_1sm,passed,success,grouped,,,,,bf16:row,bf16:column,f32:row,f32:row,1,0,invalid,invalid,heuristic,8,false,'[2731x5120x1536][2731x5120x1536][2731x5120x1536][2731x5120x1536][2731x5120x1536][2731x5120x1536][2731x5120x1536][2731x5120x1536][2730x5120x1536][2730x5120x1536][2730x5120x1536][2730x5120x1536]',,tensorop,f32,128,128,64,1,2,1,1,1,1,5,4,1,1,128,128,16,100,110,960495616,515731619840,536,0.419526,2132.24,1.22932e+06
1,CUTLASS,grouped_gemm,cutlass3x_sm100_tensorop_gemm_grouped_bf16_bf16_f32_f32_f32_128x128x64_1x2x1_0_tnt_align8_stream_k_1sm,passed,success,grouped,,,,,bf16:row,bf16:column,f32:row,f32:row,1,0,invalid,invalid,heuristic,8,false,'[2731x5120x1536][2731x5120x1536][2731x5120x1536][2731x5120x1536][2731x5120x1536][2731x5120x1536][2731x5120x1536][2731x5120x1536][2730x5120x1536][2730x5120x1536][2730x5120x1536][2730x5120x1536]',,tensorop,f32,128,128,64,1,2,1,1,1,1,5,4,1,1,128,128,16,100,110,960495616,515731619840,536,0.419933,2130.18,1.22813e+06
1,CUTLASS,grouped_gemm,cutlass3x_sm100_tensorop_gemm_grouped_bf16_bf16_f32_void_f32_128x128x64_1x2x1_0_tnt_align8_1sm,passed,success,grouped,,,,,bf16:row,bf16:column,void:row,f32:row,1,0,invalid,invalid,heuristic,8,false,'[2731x5120x1536][2731x5120x1536][2731x5120x1536][2731x5120x1536][2731x5120x1536][2731x5120x1536][2731x5120x1536][2731x5120x1536][2730x5120x1536][2730x5120x1536][2730x5120x1536][2730x5120x1536]',,tensorop,f32,128,128,64,1,2,1,1,1,1,5,4,1,1,128,128,16,100,110,289406976,515731619840,1782,0.434403,620.463,1.18722e+06
1,CUTLASS,grouped_gemm,cutlass3x_sm100_tensorop_gemm_grouped_bf16_bf16_f32_void_f32_128x128x64_1x2x1_0_tnt_align8_stream_k_1sm,passed,success,grouped,,,,,bf16:row,bf16:column,void:row,f32:row,1,0,invalid,invalid,heuristic,8,false,'[2731x5120x1536][2731x5120x1536][2731x5120x1536][2731x5120x1536][2731x5120x1536][2731x5120x1536][2731x5120x1536][2731x5120x1536][2730x5120x1536][2730x5120x1536][2730x5120x1536][2730x5120x1536]',,tensorop,f32,128,128,64,1,2,1,1,1,1,5,4,1,1,128,128,16,100,110,289406976,515731619840,1782,0.434614,620.162,1.18664e+06
1,CUTLASS,grouped_gemm,cutlass3x_sm100_tensorop_gemm_grouped_bf16_bf16_f32_f32_f32_128x128x64_1x4x1_0_tnt_align8_1sm,passed,success,grouped,,,,,bf16:row,bf16:column,f32:row,f32:row,1,0,invalid,invalid,heuristic,8,false,'[2731x5120x1536][2731x5120x1536][2731x5120x1536][2731x5120x1536][2731x5120x1536][2731x5120x1536][2731x5120x1536][2731x5120x1536][2730x5120x1536][2730x5120x1536][2730x5120x1536][2730x5120x1536]',,tensorop,f32,128,128,64,1,4,1,1,1,1,5,4,1,1,128,128,16,100,110,960495616,515731619840,536,0.439392,2035.84,1.17374e+06
1,CUTLASS,grouped_gemm,cutlass3x_sm100_tensorop_gemm_grouped_bf16_bf16_f32_f32_f32_128x128x64_1x4x1_0_tnt_align8_stream_k_1sm,passed,success,grouped,,,,,bf16:row,bf16:column,f32:row,f32:row,1,0,invalid,invalid,heuristic,8,false,'[2731x5120x1536][2731x5120x1536][2731x5120x1536][2731x5120x1536][2731x5120x1536][2731x5120x1536][2731x5120x1536][2731x5120x1536][2730x5120x1536][2730x5120x1536][2730x5120x1536][2730x5120x1536]',,tensorop,f32,128,128,64,1,4,1,1,1,1,5,4,1,1,128,128,16,100,110,960495616,515731619840,536,0.43984,2033.77,1.17254e+06
1,CUTLASS,grouped_gemm,cutlass3x_sm100_tensorop_gemm_grouped_bf16_bf16_f32_void_f32_128x128x64_1x4x1_0_tnt_align8_1sm,passed,success,grouped,,,,,bf16:row,bf16:column,void:row,f32:row,1,0,invalid,invalid,heuristic,8,false,'[2731x5120x1536][2731x5120x1536][2731x5120x1536][2731x5120x1536][2731x5120x1536][2731x5120x1536][2731x5120x1536][2731x5120x1536][2730x5120x1536][2730x5120x1536][2730x5120x1536][2730x5120x1536]',,tensorop,f32,128,128,64,1,4,1,1,1,1,5,4,1,1,128,128,16,100,110,289406976,515731619840,1782,0.453526,594.301,1.13716e+06
1,CUTLASS,grouped_gemm,cutlass3x_sm100_tensorop_gemm_grouped_bf16_bf16_f32_void_f32_128x128x64_1x4x1_0_tnt_align8_stream_k_1sm,passed,success,grouped,,,,,bf16:row,bf16:column,void:row,f32:row,1,0,invalid,invalid,heuristic,8,false,'[2731x5120x1536][2731x5120x1536][2731x5120x1536][2731x5120x1536][2731x5120x1536][2731x5120x1536][2731x5120x1536][2731x5120x1536][2730x5120x1536][2730x5120x1536][2730x5120x1536][2730x5120x1536]',,tensorop,f32,128,128,64,1,4,1,1,1,1,5,4,1,1,128,128,16,100,110,289406976,515731619840,1782,0.452803,595.25,1.13898e+06
1,CUTLASS,grouped_gemm,cutlass3x_sm100_tensorop_gemm_grouped_bf16_bf16_f32_f32_f32_128x128x64_4x4x1_0_tnt_align8_1sm,passed,success,grouped,,,,,bf16:row,bf16:column,f32:row,f32:row,1,0,invalid,invalid,heuristic,8,false,'[2731x5120x1536][2731x5120x1536][2731x5120x1536][2731x5120x1536][2731x5120x1536][2731x5120x1536][2731x5120x1536][2731x5120x1536][2730x5120x1536][2730x5120x1536][2730x5120x1536][2730x5120x1536]',,tensorop,f32,128,128,64,4,4,1,1,1,1,5,4,1,1,128,128,16,100,110,960495616,515731619840,536,0.575482,1554.4,896174
1,CUTLASS,grouped_gemm,cutlass3x_sm100_tensorop_gemm_grouped_bf16_bf16_f32_f32_f32_128x128x64_4x4x1_0_tnt_align8_stream_k_1sm,passed,success,grouped,,,,,bf16:row,bf16:column,f32:row,f32:row,1,0,invalid,invalid,heuristic,8,false,'[2731x5120x1536][2731x5120x1536][2731x5120x1536][2731x5120x1536][2731x5120x1536][2731x5120x1536][2731x5120x1536][2731x5120x1536][2730x5120x1536][2730x5120x1536][2730x5120x1536][2730x5120x1536]',,tensorop,f32,128,128,64,4,4,1,1,1,1,5,4,1,1,128,128,16,100,110,960495616,515731619840,536,0.572227,1563.24,901271
1,CUTLASS,grouped_gemm,cutlass3x_sm100_tensorop_gemm_grouped_bf16_bf16_f32_void_f32_128x128x64_4x4x1_0_tnt_align8_1sm,passed,success,grouped,,,,,bf16:row,bf16:column,void:row,f32:row,1,0,invalid,invalid,heuristic,8,false,'[2731x5120x1536][2731x5120x1536][2731x5120x1536][2731x5120x1536][2731x5120x1536][2731x5120x1536][2731x5120x1536][2731x5120x1536][2730x5120x1536][2730x5120x1536][2730x5120x1536][2730x5120x1536]',,tensorop,f32,128,128,64,4,4,1,1,1,1,5,4,1,1,128,128,16,100,110,289406976,515731619840,1782,0.582989,462.327,884634
1,CUTLASS,grouped_gemm,cutlass3x_sm100_tensorop_gemm_grouped_bf16_bf16_f32_void_f32_128x128x64_4x4x1_0_tnt_align8_stream_k_1sm,passed,success,grouped,,,,,bf16:row,bf16:column,void:row,f32:row,1,0,invalid,invalid,heuristic,8,false,'[2731x5120x1536][2731x5120x1536][2731x5120x1536][2731x5120x1536][2731x5120x1536][2731x5120x1536][2731x5120x1536][2731x5120x1536][2730x5120x1536][2730x5120x1536][2730x5120x1536][2730x5120x1536]',,tensorop,f32,128,128,64,4,4,1,1,1,1,5,4,1,1,128,128,16,100,110,289406976,515731619840,1782,0.582883,462.41,884794
1,CUTLASS,grouped_gemm,cutlass3x_sm100_tensorop_gemm_grouped_bf16_bf16_f32_bf16_bf16_128x128x64_0x0x1_0_tnt_align8_1sm,passed,success,grouped,,,,,bf16:row,bf16:column,bf16:row,bf16:row,1,0,invalid,invalid,heuristic,8,false,'[2731x5120x1536][2731x5120x1536][2731x5120x1536][2731x5120x1536][2731x5120x1536][2731x5120x1536][2731x5120x1536][2731x5120x1536][2730x5120x1536][2730x5120x1536][2730x5120x1536][2730x5120x1536]',,tensorop,f32,128,128,64,1,1,1,1,1,1,5,4,1,1,128,128,16,100,110,624951296,515731619840,825,0.416797,1396.44,1.23737e+06
1,CUTLASS,grouped_gemm,cutlass3x_sm100_tensorop_gemm_grouped_bf16_bf16_f32_bf16_bf16_128x128x64_0x0x1_0_tnt_align8_stream_k_1sm,passed,success,grouped,,,,,bf16:row,bf16:column,bf16:row,bf16:row,1,0,invalid,invalid,heuristic,8,false,'[2731x5120x1536][2731x5120x1536][2731x5120x1536][2731x5120x1536][2731x5120x1536][2731x5120x1536][2731x5120x1536][2731x5120x1536][2730x5120x1536][2730x5120x1536][2730x5120x1536][2730x5120x1536]',,tensorop,f32,128,128,64,1,1,1,1,1,1,5,4,1,1,128,128,16,100,110,624951296,515731619840,825,0.416864,1396.21,1.23717e+06
1,CUTLASS,grouped_gemm,cutlass3x_sm100_tensorop_gemm_grouped_bf16_bf16_f32_void_bf16_128x128x64_0x0x1_0_tnt_align8_1sm,passed,success,grouped,,,,,bf16:row,bf16:column,void:row,bf16:row,1,0,invalid,invalid,heuristic,8,false,'[2731x5120x1536][2731x5120x1536][2731x5120x1536][2731x5120x1536][2731x5120x1536][2731x5120x1536][2731x5120x1536][2731x5120x1536][2730x5120x1536][2730x5120x1536][2730x5120x1536][2730x5120x1536]',,tensorop,f32,128,128,64,1,1,1,1,1,1,6,4,1,1,128,128,16,100,110,289406976,515731619840,1782,0.421501,639.456,1.22356e+06
1,CUTLASS,grouped_gemm,cutlass3x_sm100_tensorop_gemm_grouped_bf16_bf16_f32_void_bf16_128x128x64_0x0x1_0_tnt_align8_stream_k_1sm,passed,success,grouped,,,,,bf16:row,bf16:column,void:row,bf16:row,1,0,invalid,invalid,heuristic,8,false,'[2731x5120x1536][2731x5120x1536][2731x5120x1536][2731x5120x1536][2731x5120x1536][2731x5120x1536][2731x5120x1536][2731x5120x1536][2730x5120x1536][2730x5120x1536][2730x5120x1536][2730x5120x1536]',,tensorop,f32,128,128,64,1,1,1,1,1,1,6,4,1,1,128,128,16,100,110,289406976,515731619840,1782,0.417094,646.212,1.23649e+06
1,CUTLASS,grouped_gemm,cutlass3x_sm100_tensorop_gemm_grouped_bf16_bf16_f32_bf16_bf16_128x128x64_1x1x1_0_tnt_align8_1sm,passed,success,grouped,,,,,bf16:row,bf16:column,bf16:row,bf16:row,1,0,invalid,invalid,heuristic,8,false,'[2731x5120x1536][2731x5120x1536][2731x5120x1536][2731x5120x1536][2731x5120x1536][2731x5120x1536][2731x5120x1536][2731x5120x1536][2730x5120x1536][2730x5120x1536][2730x5120x1536][2730x5120x1536]',,tensorop,f32,128,128,64,1,1,1,1,1,1,5,4,1,1,128,128,16,100,110,624951296,515731619840,825,0.396179,1469.11,1.30176e+06
1,CUTLASS,grouped_gemm,cutlass3x_sm100_tensorop_gemm_grouped_bf16_bf16_f32_bf16_bf16_128x128x64_1x1x1_0_tnt_align8_stream_k_1sm,passed,success,grouped,,,,,bf16:row,bf16:column,bf16:row,bf16:row,1,0,invalid,invalid,heuristic,8,false,'[2731x5120x1536][2731x5120x1536][2731x5120x1536][2731x5120x1536][2731x5120x1536][2731x5120x1536][2731x5120x1536][2731x5120x1536][2730x5120x1536][2730x5120x1536][2730x5120x1536][2730x5120x1536]',,tensorop,f32,128,128,64,1,1,1,1,1,1,5,4,1,1,128,128,16,100,110,624951296,515731619840,825,0.397235,1465.21,1.2983e+06
1,CUTLASS,grouped_gemm,cutlass3x_sm100_tensorop_gemm_grouped_bf16_bf16_f32_void_bf16_128x128x64_1x1x1_0_tnt_align8_1sm,passed,success,grouped,,,,,bf16:row,bf16:column,void:row,bf16:row,1,0,invalid,invalid,heuristic,8,false,'[2731x5120x1536][2731x5120x1536][2731x5120x1536][2731x5120x1536][2731x5120x1536][2731x5120x1536][2731x5120x1536][2731x5120x1536][2730x5120x1536][2730x5120x1536][2730x5120x1536][2730x5120x1536]',,tensorop,f32,128,128,64,1,1,1,1,1,1,6,4,1,1,128,128,16,100,110,289406976,515731619840,1782,0.379389,710.435,1.35937e+06
1,CUTLASS,grouped_gemm,cutlass3x_sm100_tensorop_gemm_grouped_bf16_bf16_f32_void_bf16_128x128x64_1x1x1_0_tnt_align8_stream_k_1sm,passed,success,grouped,,,,,bf16:row,bf16:column,void:row,bf16:row,1,0,invalid,invalid,heuristic,8,false,'[2731x5120x1536][2731x5120x1536][2731x5120x1536][2731x5120x1536][2731x5120x1536][2731x5120x1536][2731x5120x1536][2731x5120x1536][2730x5120x1536][2730x5120x1536][2730x5120x1536][2730x5120x1536]',,tensorop,f32,128,128,64,1,1,1,1,1,1,6,4,1,1,128,128,16,100,110,289406976,515731619840,1782,0.378419,712.256,1.36286e+06
1,CUTLASS,grouped_gemm,cutlass3x_sm100_tensorop_gemm_grouped_bf16_bf16_f32_bf16_bf16_128x128x64_1x2x1_0_tnt_align8_1sm,passed,success,grouped,,,,,bf16:row,bf16:column,bf16:row,bf16:row,1,0,invalid,invalid,heuristic,8,false,'[2731x5120x1536][2731x5120x1536][2731x5120x1536][2731x5120x1536][2731x5120x1536][2731x5120x1536][2731x5120x1536][2731x5120x1536][2730x5120x1536][2730x5120x1536][2730x5120x1536][2730x5120x1536]',,tensorop,f32,128,128,64,1,2,1,1,1,1,5,4,1,1,128,128,16,100,110,624951296,515731619840,825,0.371811,1565.39,1.38708e+06
1,CUTLASS,grouped_gemm,cutlass3x_sm100_tensorop_gemm_grouped_bf16_bf16_f32_bf16_bf16_128x128x64_1x2x1_0_tnt_align8_stream_k_1sm,passed,success,grouped,,,,,bf16:row,bf16:column,bf16:row,bf16:row,1,0,invalid,invalid,heuristic,8,false,'[2731x5120x1536][2731x5120x1536][2731x5120x1536][2731x5120x1536][2731x5120x1536][2731x5120x1536][2731x5120x1536][2731x5120x1536][2730x5120x1536][2730x5120x1536][2730x5120x1536][2730x5120x1536]',,tensorop,f32,128,128,64,1,2,1,1,1,1,5,4,1,1,128,128,16,100,110,624951296,515731619840,825,0.372042,1564.43,1.38622e+06
1,CUTLASS,grouped_gemm,cutlass3x_sm100_tensorop_gemm_grouped_bf16_bf16_f32_void_bf16_128x128x64_1x2x1_0_tnt_align8_1sm,passed,success,grouped,,,,,bf16:row,bf16:column,void:row,bf16:row,1,0,invalid,invalid,heuristic,8,false,'[2731x5120x1536][2731x5120x1536][2731x5120x1536][2731x5120x1536][2731x5120x1536][2731x5120x1536][2731x5120x1536][2731x5120x1536][2730x5120x1536][2730x5120x1536][2730x5120x1536][2730x5120x1536]',,tensorop,f32,128,128,64,1,2,1,1,1,1,6,4,1,1,128,128,16,100,110,289406976,515731619840,1782,0.351533,766.731,1.46709e+06
1,CUTLASS,grouped_gemm,cutlass3x_sm100_tensorop_gemm_grouped_bf16_bf16_f32_void_bf16_128x128x64_1x2x1_0_tnt_align8_stream_k_1sm,passed,success,grouped,,,,,bf16:row,bf16:column,void:row,bf16:row,1,0,invalid,invalid,heuristic,8,false,'[2731x5120x1536][2731x5120x1536][2731x5120x1536][2731x5120x1536][2731x5120x1536][2731x5120x1536][2731x5120x1536][2731x5120x1536][2730x5120x1536][2730x5120x1536][2730x5120x1536][2730x5120x1536]',,tensorop,f32,128,128,64,1,2,1,1,1,1,6,4,1,1,128,128,16,100,110,289406976,515731619840,1782,0.352349,764.956,1.4637e+06
1,CUTLASS,grouped_gemm,cutlass3x_sm100_tensorop_gemm_grouped_bf16_bf16_f32_bf16_bf16_128x128x64_1x4x1_0_tnt_align8_1sm,passed,success,grouped,,,,,bf16:row,bf16:column,bf16:row,bf16:row,1,0,invalid,invalid,heuristic,8,false,'[2731x5120x1536][2731x5120x1536][2731x5120x1536][2731x5120x1536][2731x5120x1536][2731x5120x1536][2731x5120x1536][2731x5120x1536][2730x5120x1536][2730x5120x1536][2730x5120x1536][2730x5120x1536]',,tensorop,f32,128,128,64,1,4,1,1,1,1,5,4,1,1,128,128,16,100,110,624951296,515731619840,825,0.388291,1498.96,1.32821e+06
1,CUTLASS,grouped_gemm,cutlass3x_sm100_tensorop_gemm_grouped_bf16_bf16_f32_bf16_bf16_128x128x64_1x4x1_0_tnt_align8_stream_k_1sm,passed,success,grouped,,,,,bf16:row,bf16:column,bf16:row,bf16:row,1,0,invalid,invalid,heuristic,8,false,'[2731x5120x1536][2731x5120x1536][2731x5120x1536][2731x5120x1536][2731x5120x1536][2731x5120x1536][2731x5120x1536][2731x5120x1536][2730x5120x1536][2730x5120x1536][2730x5120x1536][2730x5120x1536]',,tensorop,f32,128,128,64,1,4,1,1,1,1,5,4,1,1,128,128,16,100,110,624951296,515731619840,825,0.387475,1502.11,1.33101e+06
1,CUTLASS,grouped_gemm,cutlass3x_sm100_tensorop_gemm_grouped_bf16_bf16_f32_void_bf16_128x128x64_1x4x1_0_tnt_align8_1sm,passed,success,grouped,,,,,bf16:row,bf16:column,void:row,bf16:row,1,0,invalid,invalid,heuristic,8,false,'[2731x5120x1536][2731x5120x1536][2731x5120x1536][2731x5120x1536][2731x5120x1536][2731x5120x1536][2731x5120x1536][2731x5120x1536][2730x5120x1536][2730x5120x1536][2730x5120x1536][2730x5120x1536]',,tensorop,f32,128,128,64,1,4,1,1,1,1,6,4,1,1,128,128,16,100,110,289406976,515731619840,1782,0.360749,747.144,1.42961e+06
1,CUTLASS,grouped_gemm,cutlass3x_sm100_tensorop_gemm_grouped_bf16_bf16_f32_void_bf16_128x128x64_1x4x1_0_tnt_align8_stream_k_1sm,passed,success,grouped,,,,,bf16:row,bf16:column,void:row,bf16:row,1,0,invalid,invalid,heuristic,8,false,'[2731x5120x1536][2731x5120x1536][2731x5120x1536][2731x5120x1536][2731x5120x1536][2731x5120x1536][2731x5120x1536][2731x5120x1536][2730x5120x1536][2730x5120x1536][2730x5120x1536][2730x5120x1536]',,tensorop,f32,128,128,64,1,4,1,1,1,1,6,4,1,1,128,128,16,100,110,289406976,515731619840,1782,0.361056,746.508,1.4284e+06
1,CUTLASS,grouped_gemm,cutlass3x_sm100_tensorop_gemm_grouped_bf16_bf16_f32_bf16_bf16_128x128x64_4x4x1_0_tnt_align8_1sm,passed,success,grouped,,,,,bf16:row,bf16:column,bf16:row,bf16:row,1,0,invalid,invalid,heuristic,8,false,'[2731x5120x1536][2731x5120x1536][2731x5120x1536][2731x5120x1536][2731x5120x1536][2731x5120x1536][2731x5120x1536][2731x5120x1536][2730x5120x1536][2730x5120x1536][2730x5120x1536][2730x5120x1536]',,tensorop,f32,128,128,64,4,4,1,1,1,1,5,4,1,1,128,128,16,100,110,624951296,515731619840,825,0.514346,1131.6,1.00269e+06
1,CUTLASS,grouped_gemm,cutlass3x_sm100_tensorop_gemm_grouped_bf16_bf16_f32_bf16_bf16_128x128x64_4x4x1_0_tnt_align8_stream_k_1sm,passed,success,grouped,,,,,bf16:row,bf16:column,bf16:row,bf16:row,1,0,invalid,invalid,heuristic,8,false,'[2731x5120x1536][2731x5120x1536][2731x5120x1536][2731x5120x1536][2731x5120x1536][2731x5120x1536][2731x5120x1536][2731x5120x1536][2730x5120x1536][2730x5120x1536][2730x5120x1536][2730x5120x1536]',,tensorop,f32,128,128,64,4,4,1,1,1,1,5,4,1,1,128,128,16,100,110,624951296,515731619840,825,0.513578,1133.29,1.00419e+06
1,CUTLASS,grouped_gemm,cutlass3x_sm100_tensorop_gemm_grouped_bf16_bf16_f32_void_bf16_128x128x64_4x4x1_0_tnt_align8_1sm,passed,success,grouped,,,,,bf16:row,bf16:column,void:row,bf16:row,1,0,invalid,invalid,heuristic,8,false,'[2731x5120x1536][2731x5120x1536][2731x5120x1536][2731x5120x1536][2731x5120x1536][2731x5120x1536][2731x5120x1536][2731x5120x1536][2730x5120x1536][2730x5120x1536][2730x5120x1536][2730x5120x1536]',,tensorop,f32,128,128,64,4,4,1,1,1,1,6,4,1,1,128,128,16,100,110,289406976,515731619840,1782,0.466835,577.358,1.10474e+06
1,CUTLASS,grouped_gemm,cutlass3x_sm100_tensorop_gemm_grouped_bf16_bf16_f32_void_bf16_128x128x64_4x4x1_0_tnt_align8_stream_k_1sm,passed,success,grouped,,,,,bf16:row,bf16:column,void:row,bf16:row,1,0,invalid,invalid,heuristic,8,false,'[2731x5120x1536][2731x5120x1536][2731x5120x1536][2731x5120x1536][2731x5120x1536][2731x5120x1536][2731x5120x1536][2731x5120x1536][2730x5120x1536][2730x5120x1536][2730x5120x1536][2730x5120x1536]',,tensorop,f32,128,128,64,4,4,1,1,1,1,6,4,1,1,128,128,16,100,110,289406976,515731619840,1782,0.466938,577.232,1.1045e+06
1,CUTLASS,grouped_gemm,cutlass3x_sm100_tensorop_gemm_grouped_bf16_bf16_f32_f32_f32_128x256x64_0x0x1_0_tnt_align8_1sm,passed,success,grouped,,,,,bf16:row,bf16:column,f32:row,f32:row,1,0,invalid,invalid,heuristic,8,false,'[2731x5120x1536][2731x5120x1536][2731x5120x1536][2731x5120x1536][2731x5120x1536][2731x5120x1536][2731x5120x1536][2731x5120x1536][2730x5120x1536][2730x5120x1536][2730x5120x1536][2730x5120x1536]',,tensorop,f32,128,256,64,1,1,1,1,1,1,3,4,1,1,128,256,16,100,110,960495616,515731619840,536,0.393517,2273.17,1.31057e+06
1,CUTLASS,grouped_gemm,cutlass3x_sm100_tensorop_gemm_grouped_bf16_bf16_f32_f32_f32_128x256x64_0x0x1_0_tnt_align8_stream_k_1sm,passed,success,grouped,,,,,bf16:row,bf16:column,f32:row,f32:row,1,0,invalid,invalid,heuristic,8,false,'[2731x5120x1536][2731x5120x1536][2731x5120x1536][2731x5120x1536][2731x5120x1536][2731x5120x1536][2731x5120x1536][2731x5120x1536][2730x5120x1536][2730x5120x1536][2730x5120x1536][2730x5120x1536]',,tensorop,f32,128,256,64,1,1,1,1,1,1,3,4,1,1,128,256,16,100,110,960495616,515731619840,536,0.394365,2268.28,1.30775e+06
1,CUTLASS,grouped_gemm,cutlass3x_sm100_tensorop_gemm_grouped_bf16_bf16_f32_void_f32_128x256x64_0x0x1_0_tnt_align8_1sm,passed,success,grouped,,,,,bf16:row,bf16:column,void:row,f32:row,1,0,invalid,invalid,heuristic,8,false,'[2731x5120x1536][2731x5120x1536][2731x5120x1536][2731x5120x1536][2731x5120x1536][2731x5120x1536][2731x5120x1536][2731x5120x1536][2730x5120x1536][2730x5120x1536][2730x5120x1536][2730x5120x1536]',,tensorop,f32,128,256,64,1,1,1,1,1,1,3,4,1,1,128,256,16,100,110,289406976,515731619840,1782,0.40071,672.634,1.28704e+06
1,CUTLASS,grouped_gemm,cutlass3x_sm100_tensorop_gemm_grouped_bf16_bf16_f32_void_f32_128x256x64_0x0x1_0_tnt_align8_stream_k_1sm,passed,success,grouped,,,,,bf16:row,bf16:column,void:row,f32:row,1,0,invalid,invalid,heuristic,8,false,'[2731x5120x1536][2731x5120x1536][2731x5120x1536][2731x5120x1536][2731x5120x1536][2731x5120x1536][2731x5120x1536][2731x5120x1536][2730x5120x1536][2730x5120x1536][2730x5120x1536][2730x5120x1536]',,tensorop,f32,128,256,64,1,1,1,1,1,1,3,4,1,1,128,256,16,100,110,289406976,515731619840,1782,0.400582,672.848,1.28745e+06
1,CUTLASS,grouped_gemm,cutlass3x_sm100_tensorop_gemm_grouped_bf16_bf16_f32_f32_f32_128x256x64_1x1x1_0_tnt_align8_1sm,passed,success,grouped,,,,,bf16:row,bf16:column,f32:row,f32:row,1,0,invalid,invalid,heuristic,8,false,'[2731x5120x1536][2731x5120x1536][2731x5120x1536][2731x5120x1536][2731x5120x1536][2731x5120x1536][2731x5120x1536][2731x5120x1536][2730x5120x1536][2730x5120x1536][2730x5120x1536][2730x5120x1536]',,tensorop,f32,128,256,64,1,1,1,1,1,1,3,4,1,1,128,256,16,100,110,960495616,515731619840,536,0.404912,2209.2,1.27369e+06
1,CUTLASS,grouped_gemm,cutlass3x_sm100_tensorop_gemm_grouped_bf16_bf16_f32_f32_f32_128x256x64_1x1x1_0_tnt_align8_stream_k_1sm,passed,success,grouped,,,,,bf16:row,bf16:column,f32:row,f32:row,1,0,invalid,invalid,heuristic,8,false,'[2731x5120x1536][2731x5120x1536][2731x5120x1536][2731x5120x1536][2731x5120x1536][2731x5120x1536][2731x5120x1536][2731x5120x1536][2730x5120x1536][2730x5120x1536][2730x5120x1536][2730x5120x1536]',,tensorop,f32,128,256,64,1,1,1,1,1,1,3,4,1,1,128,256,16,100,110,960495616,515731619840,536,0.406214,2202.12,1.2696e+06
1,CUTLASS,grouped_gemm,cutlass3x_sm100_tensorop_gemm_grouped_bf16_bf16_f32_void_f32_128x256x64_1x1x1_0_tnt_align8_1sm,passed,success,grouped,,,,,bf16:row,bf16:column,void:row,f32:row,1,0,invalid,invalid,heuristic,8,false,'[2731x5120x1536][2731x5120x1536][2731x5120x1536][2731x5120x1536][2731x5120x1536][2731x5120x1536][2731x5120x1536][2731x5120x1536][2730x5120x1536][2730x5120x1536][2730x5120x1536][2730x5120x1536]',,tensorop,f32,128,256,64,1,1,1,1,1,1,3,4,1,1,128,256,16,100,110,289406976,515731619840,1782,0.41095,655.873,1.25497e+06
1,CUTLASS,grouped_gemm,cutlass3x_sm100_tensorop_gemm_grouped_bf16_bf16_f32_void_f32_128x256x64_1x1x1_0_tnt_align8_stream_k_1sm,passed,success,grouped,,,,,bf16:row,bf16:column,void:row,f32:row,1,0,invalid,invalid,heuristic,8,false,'[2731x5120x1536][2731x5120x1536][2731x5120x1536][2731x5120x1536][2731x5120x1536][2731x5120x1536][2731x5120x1536][2731x5120x1536][2730x5120x1536][2730x5120x1536][2730x5120x1536][2730x5120x1536]',,tensorop,f32,128,256,64,1,1,1,1,1,1,3,4,1,1,128,256,16,100,110,289406976,515731619840,1782,0.410627,656.389,1.25596e+06
1,CUTLASS,grouped_gemm,cutlass3x_sm100_tensorop_gemm_grouped_bf16_bf16_f32_f32_f32_128x256x64_1x2x1_0_tnt_align8_1sm,passed,success,grouped,,,,,bf16:row,bf16:column,f32:row,f32:row,1,0,invalid,invalid,heuristic,8,false,'[2731x5120x1536][2731x5120x1536][2731x5120x1536][2731x5120x1536][2731x5120x1536][2731x5120x1536][2731x5120x1536][2731x5120x1536][2730x5120x1536][2730x5120x1536][2730x5120x1536][2730x5120x1536]',,tensorop,f32,128,256,64,1,2,1,1,1,1,3,4,1,1,128,256,16,100,110,960495616,515731619840,536,0.393443,2273.6,1.31082e+06
1,CUTLASS,grouped_gemm,cutlass3x_sm100_tensorop_gemm_grouped_bf16_bf16_f32_f32_f32_128x256x64_1x2x1_0_tnt_align8_stream_k_1sm,passed,success,grouped,,,,,bf16:row,bf16:column,f32:row,f32:row,1,0,invalid,invalid,heuristic,8,false,'[2731x5120x1536][2731x5120x1536][2731x5120x1536][2731x5120x1536][2731x5120x1536][2731x5120x1536][2731x5120x1536][2731x5120x1536][2730x5120x1536][2730x5120x1536][2730x5120x1536][2730x5120x1536]',,tensorop,f32,128,256,64,1,2,1,1,1,1,3,4,1,1,128,256,16,100,110,960495616,515731619840,536,0.392285,2280.31,1.31469e+06
1,CUTLASS,grouped_gemm,cutlass3x_sm100_tensorop_gemm_grouped_bf16_bf16_f32_void_f32_128x256x64_1x2x1_0_tnt_align8_1sm,passed,success,grouped,,,,,bf16:row,bf16:column,void:row,f32:row,1,0,invalid,invalid,heuristic,8,false,'[2731x5120x1536][2731x5120x1536][2731x5120x1536][2731x5120x1536][2731x5120x1536][2731x5120x1536][2731x5120x1536][2731x5120x1536][2730x5120x1536][2730x5120x1536][2730x5120x1536][2730x5120x1536]',,tensorop,f32,128,256,64,1,2,1,1,1,1,3,4,1,1,128,256,16,100,110,289406976,515731619840,1782,0.399456,674.746,1.29108e+06
1,CUTLASS,grouped_gemm,cutlass3x_sm100_tensorop_gemm_grouped_bf16_bf16_f32_void_f32_128x256x64_1x2x1_0_tnt_align8_stream_k_1sm,passed,success,grouped,,,,,bf16:row,bf16:column,void:row,f32:row,1,0,invalid,invalid,heuristic,8,false,'[2731x5120x1536][2731x5120x1536][2731x5120x1536][2731x5120x1536][2731x5120x1536][2731x5120x1536][2731x5120x1536][2731x5120x1536][2730x5120x1536][2730x5120x1536][2730x5120x1536][2730x5120x1536]',,tensorop,f32,128,256,64,1,2,1,1,1,1,3,4,1,1,128,256,16,100,110,289406976,515731619840,1782,0.39935,674.924,1.29143e+06
1,CUTLASS,grouped_gemm,cutlass3x_sm100_tensorop_gemm_grouped_bf16_bf16_f32_f32_f32_128x256x64_1x4x1_0_tnt_align8_1sm,passed,success,grouped,,,,,bf16:row,bf16:column,f32:row,f32:row,1,0,invalid,invalid,heuristic,8,false,'[2731x5120x1536][2731x5120x1536][2731x5120x1536][2731x5120x1536][2731x5120x1536][2731x5120x1536][2731x5120x1536][2731x5120x1536][2730x5120x1536][2730x5120x1536][2730x5120x1536][2730x5120x1536]',,tensorop,f32,128,256,64,1,4,1,1,1,1,3,4,1,1,128,256,16,100,110,960495616,515731619840,536,0.433069,2065.56,1.19088e+06
1,CUTLASS,grouped_gemm,cutlass3x_sm100_tensorop_gemm_grouped_bf16_bf16_f32_f32_f32_128x256x64_1x4x1_0_tnt_align8_stream_k_1sm,passed,success,grouped,,,,,bf16:row,bf16:column,f32:row,f32:row,1,0,invalid,invalid,heuristic,8,false,'[2731x5120x1536][2731x5120x1536][2731x5120x1536][2731x5120x1536][2731x5120x1536][2731x5120x1536][2731x5120x1536][2731x5120x1536][2730x5120x1536][2730x5120x1536][2730x5120x1536][2730x5120x1536]',,tensorop,f32,128,256,64,1,4,1,1,1,1,3,4,1,1,128,256,16,100,110,960495616,515731619840,536,0.432422,2068.65,1.19266e+06
1,CUTLASS,grouped_gemm,cutlass3x_sm100_tensorop_gemm_grouped_bf16_bf16_f32_void_f32_128x256x64_1x4x1_0_tnt_align8_1sm,passed,success,grouped,,,,,bf16:row,bf16:column,void:row,f32:row,1,0,invalid,invalid,heuristic,8,false,'[2731x5120x1536][2731x5120x1536][2731x5120x1536][2731x5120x1536][2731x5120x1536][2731x5120x1536][2731x5120x1536][2731x5120x1536][2730x5120x1536][2730x5120x1536][2730x5120x1536][2730x5120x1536]',,tensorop,f32,128,256,64,1,4,1,1,1,1,3,4,1,1,128,256,16,100,110,289406976,515731619840,1782,0.438262,615,1.17676e+06
1,CUTLASS,grouped_gemm,cutlass3x_sm100_tensorop_gemm_grouped_bf16_bf16_f32_void_f32_128x256x64_1x4x1_0_tnt_align8_stream_k_1sm,passed,success,grouped,,,,,bf16:row,bf16:column,void:row,f32:row,1,0,invalid,invalid,heuristic,8,false,'[2731x5120x1536][2731x5120x1536][2731x5120x1536][2731x5120x1536][2731x5120x1536][2731x5120x1536][2731x5120x1536][2731x5120x1536][2730x5120x1536][2730x5120x1536][2730x5120x1536][2730x5120x1536]',,tensorop,f32,128,256,64,1,4,1,1,1,1,3,4,1,1,128,256,16,100,110,289406976,515731619840,1782,0.439184,613.709,1.1743e+06
1,CUTLASS,grouped_gemm,cutlass3x_sm100_tensorop_gemm_grouped_bf16_bf16_f32_f32_f32_128x256x64_4x4x1_0_tnt_align8_1sm,passed,success,grouped,,,,,bf16:row,bf16:column,f32:row,f32:row,1,0,invalid,invalid,heuristic,8,false,'[2731x5120x1536][2731x5120x1536][2731x5120x1536][2731x5120x1536][2731x5120x1536][2731x5120x1536][2731x5120x1536][2731x5120x1536][2730x5120x1536][2730x5120x1536][2730x5120x1536][2730x5120x1536]',,tensorop,f32,128,256,64,4,4,1,1,1,1,3,4,1,1,128,256,16,100,110,960495616,515731619840,536,0.546502,1636.83,943695
1,CUTLASS,grouped_gemm,cutlass3x_sm100_tensorop_gemm_grouped_bf16_bf16_f32_f32_f32_128x256x64_4x4x1_0_tnt_align8_stream_k_1sm,passed,success,grouped,,,,,bf16:row,bf16:column,f32:row,f32:row,1,0,invalid,invalid,heuristic,8,false,'[2731x5120x1536][2731x5120x1536][2731x5120x1536][2731x5120x1536][2731x5120x1536][2731x5120x1536][2731x5120x1536][2731x5120x1536][2730x5120x1536][2730x5120x1536][2730x5120x1536][2730x5120x1536]',,tensorop,f32,128,256,64,4,4,1,1,1,1,3,4,1,1,128,256,16,100,110,960495616,515731619840,536,0.54673,1636.15,943303
1,CUTLASS,grouped_gemm,cutlass3x_sm100_tensorop_gemm_grouped_bf16_bf16_f32_void_f32_128x256x64_4x4x1_0_tnt_align8_1sm,passed,success,grouped,,,,,bf16:row,bf16:column,void:row,f32:row,1,0,invalid,invalid,heuristic,8,false,'[2731x5120x1536][2731x5120x1536][2731x5120x1536][2731x5120x1536][2731x5120x1536][2731x5120x1536][2731x5120x1536][2731x5120x1536][2730x5120x1536][2730x5120x1536][2730x5120x1536][2730x5120x1536]',,tensorop,f32,128,256,64,4,4,1,1,1,1,3,4,1,1,128,256,16,100,110,289406976,515731619840,1782,0.559302,481.906,922098
1,CUTLASS,grouped_gemm,cutlass3x_sm100_tensorop_gemm_grouped_bf16_bf16_f32_void_f32_128x256x64_4x4x1_0_tnt_align8_stream_k_1sm,passed,success,grouped,,,,,bf16:row,bf16:column,void:row,f32:row,1,0,invalid,invalid,heuristic,8,false,'[2731x5120x1536][2731x5120x1536][2731x5120x1536][2731x5120x1536][2731x5120x1536][2731x5120x1536][2731x5120x1536][2731x5120x1536][2730x5120x1536][2730x5120x1536][2730x5120x1536][2730x5120x1536]',,tensorop,f32,128,256,64,4,4,1,1,1,1,3,4,1,1,128,256,16,100,110,289406976,515731619840,1782,0.558205,482.854,923911
1,CUTLASS,grouped_gemm,cutlass3x_sm100_tensorop_gemm_grouped_bf16_bf16_f32_bf16_bf16_128x256x64_0x0x1_0_tnt_align8_1sm,passed,success,grouped,,,,,bf16:row,bf16:column,bf16:row,bf16:row,1,0,invalid,invalid,heuristic,8,false,'[2731x5120x1536][2731x5120x1536][2731x5120x1536][2731x5120x1536][2731x5120x1536][2731x5120x1536][2731x5120x1536][2731x5120x1536][2730x5120x1536][2730x5120x1536][2730x5120x1536][2730x5120x1536]',,tensorop,f32,128,256,64,1,1,1,1,1,1,3,4,1,1,128,256,16,100,110,624951296,515731619840,825,0.351254,1657.01,1.46826e+06
1,CUTLASS,grouped_gemm,cutlass3x_sm100_tensorop_gemm_grouped_bf16_bf16_f32_bf16_bf16_128x256x64_0x0x1_0_tnt_align8_stream_k_1sm,passed,success,grouped,,,,,bf16:row,bf16:column,bf16:row,bf16:row,1,0,invalid,invalid,heuristic,8,false,'[2731x5120x1536][2731x5120x1536][2731x5120x1536][2731x5120x1536][2731x5120x1536][2731x5120x1536][2731x5120x1536][2731x5120x1536][2730x5120x1536][2730x5120x1536][2730x5120x1536][2730x5120x1536]',,tensorop,f32,128,256,64,1,1,1,1,1,1,3,4,1,1,128,256,16,100,110,624951296,515731619840,825,0.349901,1663.42,1.47394e+06
1,CUTLASS,grouped_gemm,cutlass3x_sm100_tensorop_gemm_grouped_bf16_bf16_f32_void_bf16_128x256x64_0x0x1_0_tnt_align8_1sm,passed,success,grouped,,,,,bf16:row,bf16:column,void:row,bf16:row,1,0,invalid,invalid,heuristic,8,false,'[2731x5120x1536][2731x5120x1536][2731x5120x1536][2731x5120x1536][2731x5120x1536][2731x5120x1536][2731x5120x1536][2731x5120x1536][2730x5120x1536][2730x5120x1536][2730x5120x1536][2730x5120x1536]',,tensorop,f32,128,256,64,1,1,1,1,1,1,4,4,1,1,128,256,16,100,110,289406976,515731619840,1782,0.325219,828.768,1.5858e+06
1,CUTLASS,grouped_gemm,cutlass3x_sm100_tensorop_gemm_grouped_bf16_bf16_f32_void_bf16_128x256x64_0x0x1_0_tnt_align8_stream_k_1sm,passed,success,grouped,,,,,bf16:row,bf16:column,void:row,bf16:row,1,0,invalid,invalid,heuristic,8,false,'[2731x5120x1536][2731x5120x1536][2731x5120x1536][2731x5120x1536][2731x5120x1536][2731x5120x1536][2731x5120x1536][2731x5120x1536][2730x5120x1536][2730x5120x1536][2730x5120x1536][2730x5120x1536]',,tensorop,f32,128,256,64,1,1,1,1,1,1,4,4,1,1,128,256,16,100,110,289406976,515731619840,1782,0.325453,828.173,1.58466e+06
1,CUTLASS,grouped_gemm,cutlass3x_sm100_tensorop_gemm_grouped_bf16_bf16_f32_bf16_bf16_128x256x64_1x1x1_0_tnt_align8_1sm,passed,success,grouped,,,,,bf16:row,bf16:column,bf16:row,bf16:row,1,0,invalid,invalid,heuristic,8,false,'[2731x5120x1536][2731x5120x1536][2731x5120x1536][2731x5120x1536][2731x5120x1536][2731x5120x1536][2731x5120x1536][2731x5120x1536][2730x5120x1536][2730x5120x1536][2730x5120x1536][2730x5120x1536]',,tensorop,f32,128,256,64,1,1,1,1,1,1,3,4,1,1,128,256,16,100,110,624951296,515731619840,825,0.36088,1612.81,1.42909e+06
1,CUTLASS,grouped_gemm,cutlass3x_sm100_tensorop_gemm_grouped_bf16_bf16_f32_bf16_bf16_128x256x64_1x1x1_0_tnt_align8_stream_k_1sm,passed,success,grouped,,,,,bf16:row,bf16:column,bf16:row,bf16:row,1,0,invalid,invalid,heuristic,8,false,'[2731x5120x1536][2731x5120x1536][2731x5120x1536][2731x5120x1536][2731x5120x1536][2731x5120x1536][2731x5120x1536][2731x5120x1536][2730x5120x1536][2730x5120x1536][2730x5120x1536][2730x5120x1536]',,tensorop,f32,128,256,64,1,1,1,1,1,1,3,4,1,1,128,256,16,100,110,624951296,515731619840,825,0.361466,1610.2,1.42678e+06
1,CUTLASS,grouped_gemm,cutlass3x_sm100_tensorop_gemm_grouped_bf16_bf16_f32_void_bf16_128x256x64_1x1x1_0_tnt_align8_1sm,passed,success,grouped,,,,,bf16:row,bf16:column,void:row,bf16:row,1,0,invalid,invalid,heuristic,8,false,'[2731x5120x1536][2731x5120x1536][2731x5120x1536][2731x5120x1536][2731x5120x1536][2731x5120x1536][2731x5120x1536][2731x5120x1536][2730x5120x1536][2730x5120x1536][2730x5120x1536][2730x5120x1536]',,tensorop,f32,128,256,64,1,1,1,1,1,1,4,4,1,1,128,256,16,100,110,289406976,515731619840,1782,0.321427,838.545,1.60451e+06
1,CUTLASS,grouped_gemm,cutlass3x_sm100_tensorop_gemm_grouped_bf16_bf16_f32_void_bf16_128x256x64_1x1x1_0_tnt_align8_stream_k_1sm,passed,success,grouped,,,,,bf16:row,bf16:column,void:row,bf16:row,1,0,invalid,invalid,heuristic,8,false,'[2731x5120x1536][2731x5120x1536][2731x5120x1536][2731x5120x1536][2731x5120x1536][2731x5120x1536][2731x5120x1536][2731x5120x1536][2730x5120x1536][2730x5120x1536][2730x5120x1536][2730x5120x1536]',,tensorop,f32,128,256,64,1,1,1,1,1,1,4,4,1,1,128,256,16,100,110,289406976,515731619840,1782,0.321123,839.339,1.60602e+06
1,CUTLASS,grouped_gemm,cutlass3x_sm100_tensorop_gemm_grouped_bf16_bf16_f32_bf16_bf16_128x256x64_1x2x1_0_tnt_align8_1sm,passed,success,grouped,,,,,bf16:row,bf16:column,bf16:row,bf16:row,1,0,invalid,invalid,heuristic,8,false,'[2731x5120x1536][2731x5120x1536][2731x5120x1536][2731x5120x1536][2731x5120x1536][2731x5120x1536][2731x5120x1536][2731x5120x1536][2730x5120x1536][2730x5120x1536][2730x5120x1536][2730x5120x1536]',,tensorop,f32,128,256,64,1,2,1,1,1,1,3,4,1,1,128,256,16,100,110,624951296,515731619840,825,0.349075,1667.35,1.47742e+06
1,CUTLASS,grouped_gemm,cutlass3x_sm100_tensorop_gemm_grouped_bf16_bf16_f32_bf16_bf16_128x256x64_1x2x1_0_tnt_align8_stream_k_1sm,passed,success,grouped,,,,,bf16:row,bf16:column,bf16:row,bf16:row,1,0,invalid,invalid,heuristic,8,false,'[2731x5120x1536][2731x5120x1536][2731x5120x1536][2731x5120x1536][2731x5120x1536][2731x5120x1536][2731x5120x1536][2731x5120x1536][2730x5120x1536][2730x5120x1536][2730x5120x1536][2730x5120x1536]',,tensorop,f32,128,256,64,1,2,1,1,1,1,3,4,1,1,128,256,16,100,110,624951296,515731619840,825,0.348458,1670.31,1.48004e+06
1,CUTLASS,grouped_gemm,cutlass3x_sm100_tensorop_gemm_grouped_bf16_bf16_f32_void_bf16_128x256x64_1x2x1_0_tnt_align8_1sm,passed,success,grouped,,,,,bf16:row,bf16:column,void:row,bf16:row,1,0,invalid,invalid,heuristic,8,false,'[2731x5120x1536][2731x5120x1536][2731x5120x1536][2731x5120x1536][2731x5120x1536][2731x5120x1536][2731x5120x1536][2731x5120x1536][2730x5120x1536][2730x5120x1536][2730x5120x1536][2730x5120x1536]',,tensorop,f32,128,256,64,1,2,1,1,1,1,4,4,1,1,128,256,16,100,110,289406976,515731619840,1782,0.313363,860.124,1.6458e+06
1,CUTLASS,grouped_gemm,cutlass3x_sm100_tensorop_gemm_grouped_bf16_bf16_f32_void_bf16_128x256x64_1x2x1_0_tnt_align8_stream_k_1sm,passed,success,grouped,,,,,bf16:row,bf16:column,void:row,bf16:row,1,0,invalid,invalid,heuristic,8,false,'[2731x5120x1536][2731x5120x1536][2731x5120x1536][2731x5120x1536][2731x5120x1536][2731x5120x1536][2731x5120x1536][2731x5120x1536][2730x5120x1536][2730x5120x1536][2730x5120x1536][2730x5120x1536]',,tensorop,f32,128,256,64,1,2,1,1,1,1,4,4,1,1,128,256,16,100,110,289406976,515731619840,1782,0.315514,854.262,1.63458e+06
1,CUTLASS,grouped_gemm,cutlass3x_sm100_tensorop_gemm_grouped_bf16_bf16_f32_bf16_bf16_128x256x64_1x4x1_0_tnt_align8_1sm,passed,success,grouped,,,,,bf16:row,bf16:column,bf16:row,bf16:row,1,0,invalid,invalid,heuristic,8,false,'[2731x5120x1536][2731x5120x1536][2731x5120x1536][2731x5120x1536][2731x5120x1536][2731x5120x1536][2731x5120x1536][2731x5120x1536][2730x5120x1536][2730x5120x1536][2730x5120x1536][2730x5120x1536]',,tensorop,f32,128,256,64,1,4,1,1,1,1,3,4,1,1,128,256,16,100,110,624951296,515731619840,825,0.384227,1514.81,1.34226e+06
1,CUTLASS,grouped_gemm,cutlass3x_sm100_tensorop_gemm_grouped_bf16_bf16_f32_bf16_bf16_128x256x64_1x4x1_0_tnt_align8_stream_k_1sm,passed,success,grouped,,,,,bf16:row,bf16:column,bf16:row,bf16:row,1,0,invalid,invalid,heuristic,8,false,'[2731x5120x1536][2731x5120x1536][2731x5120x1536][2731x5120x1536][2731x5120x1536][2731x5120x1536][2731x5120x1536][2731x5120x1536][2730x5120x1536][2730x5120x1536][2730x5120x1536][2730x5120x1536]',,tensorop,f32,128,256,64,1,4,1,1,1,1,3,4,1,1,128,256,16,100,110,624951296,515731619840,825,0.384301,1514.52,1.342e+06
1,CUTLASS,grouped_gemm,cutlass3x_sm100_tensorop_gemm_grouped_bf16_bf16_f32_void_bf16_128x256x64_1x4x1_0_tnt_align8_1sm,passed,success,grouped,,,,,bf16:row,bf16:column,void:row,bf16:row,1,0,invalid,invalid,heuristic,8,false,'[2731x5120x1536][2731x5120x1536][2731x5120x1536][2731x5120x1536][2731x5120x1536][2731x5120x1536][2731x5120x1536][2731x5120x1536][2730x5120x1536][2730x5120x1536][2730x5120x1536][2730x5120x1536]',,tensorop,f32,128,256,64,1,4,1,1,1,1,4,4,1,1,128,256,16,100,110,289406976,515731619840,1782,0.328595,820.253,1.5695e+06
1,CUTLASS,grouped_gemm,cutlass3x_sm100_tensorop_gemm_grouped_bf16_bf16_f32_void_bf16_128x256x64_1x4x1_0_tnt_align8_stream_k_1sm,passed,success,grouped,,,,,bf16:row,bf16:column,void:row,bf16:row,1,0,invalid,invalid,heuristic,8,false,'[2731x5120x1536][2731x5120x1536][2731x5120x1536][2731x5120x1536][2731x5120x1536][2731x5120x1536][2731x5120x1536][2731x5120x1536][2730x5120x1536][2730x5120x1536][2730x5120x1536][2730x5120x1536]',,tensorop,f32,128,256,64,1,4,1,1,1,1,4,4,1,1,128,256,16,100,110,289406976,515731619840,1782,0.328598,820.245,1.56949e+06
1,CUTLASS,grouped_gemm,cutlass3x_sm100_tensorop_gemm_grouped_bf16_bf16_f32_bf16_bf16_128x256x64_4x4x1_0_tnt_align8_1sm,passed,success,grouped,,,,,bf16:row,bf16:column,bf16:row,bf16:row,1,0,invalid,invalid,heuristic,8,false,'[2731x5120x1536][2731x5120x1536][2731x5120x1536][2731x5120x1536][2731x5120x1536][2731x5120x1536][2731x5120x1536][2731x5120x1536][2730x5120x1536][2730x5120x1536][2730x5120x1536][2730x5120x1536]',,tensorop,f32,128,256,64,4,4,1,1,1,1,3,4,1,1,128,256,16,100,110,624951296,515731619840,825,0.497453,1170.02,1.03674e+06
1,CUTLASS,grouped_gemm,cutlass3x_sm100_tensorop_gemm_grouped_bf16_bf16_f32_bf16_bf16_128x256x64_4x4x1_0_tnt_align8_stream_k_1sm,passed,success,grouped,,,,,bf16:row,bf16:column,bf16:row,bf16:row,1,0,invalid,invalid,heuristic,8,false,'[2731x5120x1536][2731x5120x1536][2731x5120x1536][2731x5120x1536][2731x5120x1536][2731x5120x1536][2731x5120x1536][2731x5120x1536][2730x5120x1536][2730x5120x1536][2730x5120x1536][2730x5120x1536]',,tensorop,f32,128,256,64,4,4,1,1,1,1,3,4,1,1,128,256,16,100,110,624951296,515731619840,825,0.497798,1169.21,1.03603e+06
1,CUTLASS,grouped_gemm,cutlass3x_sm100_tensorop_gemm_grouped_bf16_bf16_f32_void_bf16_128x256x64_4x4x1_0_tnt_align8_1sm,passed,success,grouped,,,,,bf16:row,bf16:column,void:row,bf16:row,1,0,invalid,invalid,heuristic,8,false,'[2731x5120x1536][2731x5120x1536][2731x5120x1536][2731x5120x1536][2731x5120x1536][2731x5120x1536][2731x5120x1536][2731x5120x1536][2730x5120x1536][2730x5120x1536][2730x5120x1536][2730x5120x1536]',,tensorop,f32,128,256,64,4,4,1,1,1,1,4,4,1,1,128,256,16,100,110,289406976,515731619840,1782,0.418506,644.033,1.23232e+06
1,CUTLASS,grouped_gemm,cutlass3x_sm100_tensorop_gemm_grouped_bf16_bf16_f32_void_bf16_128x256x64_4x4x1_0_tnt_align8_stream_k_1sm,passed,success,grouped,,,,,bf16:row,bf16:column,void:row,bf16:row,1,0,invalid,invalid,heuristic,8,false,'[2731x5120x1536][2731x5120x1536][2731x5120x1536][2731x5120x1536][2731x5120x1536][2731x5120x1536][2731x5120x1536][2731x5120x1536][2730x5120x1536][2730x5120x1536][2730x5120x1536][2730x5120x1536]',,tensorop,f32,128,256,64,4,4,1,1,1,1,4,4,1,1,128,256,16,100,110,289406976,515731619840,1782,0.418605,643.88,1.23203e+06
1,CUTLASS,grouped_gemm,cutlass3x_sm100_tensorop_gemm_grouped_bf16_bf16_f32_f32_f32_128x128x64_0x0x1_0_tnt_align8_2sm_epi_tma,passed,success,grouped,,,,,bf16:row,bf16:column,f32:row,f32:row,1,0,invalid,invalid,heuristic,8,false,'[2731x5120x1536][2731x5120x1536][2731x5120x1536][2731x5120x1536][2731x5120x1536][2731x5120x1536][2731x5120x1536][2731x5120x1536][2730x5120x1536][2730x5120x1536][2730x5120x1536][2730x5120x1536]',,tensorop,f32,128,128,64,2,1,1,2,1,1,11,4,1,1,128,128,16,100,110,960495616,515731619840,536,0.428362,2088.26,1.20396e+06
1,CUTLASS,grouped_gemm,cutlass3x_sm100_tensorop_gemm_grouped_bf16_bf16_f32_f32_f32_128x128x64_0x0x1_0_tnt_align8_stream_k_2sm_epi_tma,passed,success,grouped,,,,,bf16:row,bf16:column,f32:row,f32:row,1,0,invalid,invalid,heuristic,8,false,'[2731x5120x1536][2731x5120x1536][2731x5120x1536][2731x5120x1536][2731x5120x1536][2731x5120x1536][2731x5120x1536][2731x5120x1536][2730x5120x1536][2730x5120x1536][2730x5120x1536][2730x5120x1536]',,tensorop,f32,128,128,64,2,1,1,2,1,1,11,4,1,1,128,128,16,100,110,960495616,515731619840,536,0.428534,2087.42,1.20348e+06
1,CUTLASS,grouped_gemm,cutlass3x_sm100_tensorop_gemm_grouped_bf16_bf16_f32_void_f32_128x128x64_0x0x1_0_tnt_align8_2sm_epi_tma,passed,success,grouped,,,,,bf16:row,bf16:column,void:row,f32:row,1,0,invalid,invalid,heuristic,8,false,'[2731x5120x1536][2731x5120x1536][2731x5120x1536][2731x5120x1536][2731x5120x1536][2731x5120x1536][2731x5120x1536][2731x5120x1536][2730x5120x1536][2730x5120x1536][2730x5120x1536][2730x5120x1536]',,tensorop,f32,128,128,64,2,1,1,2,1,1,11,4,1,1,128,128,16,100,110,289406976,515731619840,1782,0.435603,618.754,1.18395e+06
1,CUTLASS,grouped_gemm,cutlass3x_sm100_tensorop_gemm_grouped_bf16_bf16_f32_void_f32_128x128x64_0x0x1_0_tnt_align8_stream_k_2sm_epi_tma,passed,success,grouped,,,,,bf16:row,bf16:column,void:row,f32:row,1,0,invalid,invalid,heuristic,8,false,'[2731x5120x1536][2731x5120x1536][2731x5120x1536][2731x5120x1536][2731x5120x1536][2731x5120x1536][2731x5120x1536][2731x5120x1536][2730x5120x1536][2730x5120x1536][2730x5120x1536][2730x5120x1536]',,tensorop,f32,128,128,64,2,1,1,2,1,1,11,4,1,1,128,128,16,100,110,289406976,515731619840,1782,0.435597,618.763,1.18397e+06
1,CUTLASS,grouped_gemm,cutlass3x_sm100_tensorop_gemm_grouped_bf16_bf16_f32_f32_f32_128x128x64_2x1x1_0_tnt_align8_2sm_epi_tma,passed,success,grouped,,,,,bf16:row,bf16:column,f32:row,f32:row,1,0,invalid,invalid,heuristic,8,false,'[2731x5120x1536][2731x5120x1536][2731x5120x1536][2731x5120x1536][2731x5120x1536][2731x5120x1536][2731x5120x1536][2731x5120x1536][2730x5120x1536][2730x5120x1536][2730x5120x1536][2730x5120x1536]',,tensorop,f32,128,128,64,2,1,1,2,1,1,11,4,1,1,128,128,16,100,110,960495616,515731619840,536,0.427232,2093.78,1.20715e+06
1,CUTLASS,grouped_gemm,cutlass3x_sm100_tensorop_gemm_grouped_bf16_bf16_f32_f32_f32_128x128x64_2x1x1_0_tnt_align8_stream_k_2sm_epi_tma,passed,success,grouped,,,,,bf16:row,bf16:column,f32:row,f32:row,1,0,invalid,invalid,heuristic,8,false,'[2731x5120x1536][2731x5120x1536][2731x5120x1536][2731x5120x1536][2731x5120x1536][2731x5120x1536][2731x5120x1536][2731x5120x1536][2730x5120x1536][2730x5120x1536][2730x5120x1536][2730x5120x1536]',,tensorop,f32,128,128,64,2,1,1,2,1,1,11,4,1,1,128,128,16,100,110,960495616,515731619840,536,0.428022,2089.92,1.20492e+06
1,CUTLASS,grouped_gemm,cutlass3x_sm100_tensorop_gemm_grouped_bf16_bf16_f32_void_f32_128x128x64_2x1x1_0_tnt_align8_2sm_epi_tma,passed,success,grouped,,,,,bf16:row,bf16:column,void:row,f32:row,1,0,invalid,invalid,heuristic,8,false,'[2731x5120x1536][2731x5120x1536][2731x5120x1536][2731x5120x1536][2731x5120x1536][2731x5120x1536][2731x5120x1536][2731x5120x1536][2730x5120x1536][2730x5120x1536][2730x5120x1536][2730x5120x1536]',,tensorop,f32,128,128,64,2,1,1,2,1,1,11,4,1,1,128,128,16,100,110,289406976,515731619840,1782,0.435222,619.295,1.18498e+06
1,CUTLASS,grouped_gemm,cutlass3x_sm100_tensorop_gemm_grouped_bf16_bf16_f32_void_f32_128x128x64_2x1x1_0_tnt_align8_stream_k_2sm_epi_tma,passed,success,grouped,,,,,bf16:row,bf16:column,void:row,f32:row,1,0,invalid,invalid,heuristic,8,false,'[2731x5120x1536][2731x5120x1536][2731x5120x1536][2731x5120x1536][2731x5120x1536][2731x5120x1536][2731x5120x1536][2731x5120x1536][2730x5120x1536][2730x5120x1536][2730x5120x1536][2730x5120x1536]',,tensorop,f32,128,128,64,2,1,1,2,1,1,11,4,1,1,128,128,16,100,110,289406976,515731619840,1782,0.435296,619.191,1.18478e+06
1,CUTLASS,grouped_gemm,cutlass3x_sm100_tensorop_gemm_grouped_bf16_bf16_f32_f32_f32_128x128x64_2x2x1_0_tnt_align8_2sm_epi_tma,passed,success,grouped,,,,,bf16:row,bf16:column,f32:row,f32:row,1,0,invalid,invalid,heuristic,8,false,'[2731x5120x1536][2731x5120x1536][2731x5120x1536][2731x5120x1536][2731x5120x1536][2731x5120x1536][2731x5120x1536][2731x5120x1536][2730x5120x1536][2730x5120x1536][2730x5120x1536][2730x5120x1536]',,tensorop,f32,128,128,64,2,2,1,2,1,1,11,4,1,1,128,128,16,100,110,960495616,515731619840,536,0.424883,2105.36,1.21382e+06
1,CUTLASS,grouped_gemm,cutlass3x_sm100_tensorop_gemm_grouped_bf16_bf16_f32_f32_f32_128x128x64_2x2x1_0_tnt_align8_stream_k_2sm_epi_tma,passed,success,grouped,,,,,bf16:row,bf16:column,f32:row,f32:row,1,0,invalid,invalid,heuristic,8,false,'[2731x5120x1536][2731x5120x1536][2731x5120x1536][2731x5120x1536][2731x5120x1536][2731x5120x1536][2731x5120x1536][2731x5120x1536][2730x5120x1536][2730x5120x1536][2730x5120x1536][2730x5120x1536]',,tensorop,f32,128,128,64,2,2,1,2,1,1,11,4,1,1,128,128,16,100,110,960495616,515731619840,536,0.425059,2104.49,1.21332e+06
1,CUTLASS,grouped_gemm,cutlass3x_sm100_tensorop_gemm_grouped_bf16_bf16_f32_void_f32_128x128x64_2x2x1_0_tnt_align8_2sm_epi_tma,passed,success,grouped,,,,,bf16:row,bf16:column,void:row,f32:row,1,0,invalid,invalid,heuristic,8,false,'[2731x5120x1536][2731x5120x1536][2731x5120x1536][2731x5120x1536][2731x5120x1536][2731x5120x1536][2731x5120x1536][2731x5120x1536][2730x5120x1536][2730x5120x1536][2730x5120x1536][2730x5120x1536]',,tensorop,f32,128,128,64,2,2,1,2,1,1,11,4,1,1,128,128,16,100,110,289406976,515731619840,1782,0.439392,613.419,1.17374e+06
1,CUTLASS,grouped_gemm,cutlass3x_sm100_tensorop_gemm_grouped_bf16_bf16_f32_void_f32_128x128x64_2x2x1_0_tnt_align8_stream_k_2sm_epi_tma,passed,success,grouped,,,,,bf16:row,bf16:column,void:row,f32:row,1,0,invalid,invalid,heuristic,8,false,'[2731x5120x1536][2731x5120x1536][2731x5120x1536][2731x5120x1536][2731x5120x1536][2731x5120x1536][2731x5120x1536][2731x5120x1536][2730x5120x1536][2730x5120x1536][2730x5120x1536][2730x5120x1536]',,tensorop,f32,128,128,64,2,2,1,2,1,1,11,4,1,1,128,128,16,100,110,289406976,515731619840,1782,0.439318,613.521,1.17394e+06
1,CUTLASS,grouped_gemm,cutlass3x_sm100_tensorop_gemm_grouped_bf16_bf16_f32_f32_f32_128x128x64_4x1x1_0_tnt_align8_2sm_epi_tma,passed,success,grouped,,,,,bf16:row,bf16:column,f32:row,f32:row,1,0,invalid,invalid,heuristic,8,false,'[2731x5120x1536][2731x5120x1536][2731x5120x1536][2731x5120x1536][2731x5120x1536][2731x5120x1536][2731x5120x1536][2731x5120x1536][2730x5120x1536][2730x5120x1536][2730x5120x1536][2730x5120x1536]',,tensorop,f32,128,128,64,4,1,1,2,1,1,11,4,1,1,128,128,16,100,110,960495616,515731619840,536,0.421654,2121.48,1.22311e+06
1,CUTLASS,grouped_gemm,cutlass3x_sm100_tensorop_gemm_grouped_bf16_bf16_f32_f32_f32_128x128x64_4x1x1_0_tnt_align8_stream_k_2sm_epi_tma,passed,success,grouped,,,,,bf16:row,bf16:column,f32:row,f32:row,1,0,invalid,invalid,heuristic,8,false,'[2731x5120x1536][2731x5120x1536][2731x5120x1536][2731x5120x1536][2731x5120x1536][2731x5120x1536][2731x5120x1536][2731x5120x1536][2730x5120x1536][2730x5120x1536][2730x5120x1536][2730x5120x1536]',,tensorop,f32,128,128,64,4,1,1,2,1,1,11,4,1,1,128,128,16,100,110,960495616,515731619840,536,0.423213,2113.67,1.21861e+06
1,CUTLASS,grouped_gemm,cutlass3x_sm100_tensorop_gemm_grouped_bf16_bf16_f32_void_f32_128x128x64_4x1x1_0_tnt_align8_2sm_epi_tma,passed,success,grouped,,,,,bf16:row,bf16:column,void:row,f32:row,1,0,invalid,invalid,heuristic,8,false,'[2731x5120x1536][2731x5120x1536][2731x5120x1536][2731x5120x1536][2731x5120x1536][2731x5120x1536][2731x5120x1536][2731x5120x1536][2730x5120x1536][2730x5120x1536][2730x5120x1536][2730x5120x1536]',,tensorop,f32,128,128,64,4,1,1,2,1,1,11,4,1,1,128,128,16,100,110,289406976,515731619840,1782,0.439014,613.946,1.17475e+06
1,CUTLASS,grouped_gemm,cutlass3x_sm100_tensorop_gemm_grouped_bf16_bf16_f32_void_f32_128x128x64_4x1x1_0_tnt_align8_stream_k_2sm_epi_tma,passed,success,grouped,,,,,bf16:row,bf16:column,void:row,f32:row,1,0,invalid,invalid,heuristic,8,false,'[2731x5120x1536][2731x5120x1536][2731x5120x1536][2731x5120x1536][2731x5120x1536][2731x5120x1536][2731x5120x1536][2731x5120x1536][2730x5120x1536][2730x5120x1536][2730x5120x1536][2730x5120x1536]',,tensorop,f32,128,128,64,4,1,1,2,1,1,11,4,1,1,128,128,16,100,110,289406976,515731619840,1782,0.43993,612.669,1.1723e+06
1,CUTLASS,grouped_gemm,cutlass3x_sm100_tensorop_gemm_grouped_bf16_bf16_f32_f32_f32_128x128x64_2x4x1_0_tnt_align8_2sm_epi_tma,passed,success,grouped,,,,,bf16:row,bf16:column,f32:row,f32:row,1,0,invalid,invalid,heuristic,8,false,'[2731x5120x1536][2731x5120x1536][2731x5120x1536][2731x5120x1536][2731x5120x1536][2731x5120x1536][2731x5120x1536][2731x5120x1536][2730x5120x1536][2730x5120x1536][2730x5120x1536][2730x5120x1536]',,tensorop,f32,128,128,64,2,4,1,2,1,1,11,4,1,1,128,128,16,100,110,960495616,515731619840,536,0.496118,1803.06,1.03953e+06
1,CUTLASS,grouped_gemm,cutlass3x_sm100_tensorop_gemm_grouped_bf16_bf16_f32_f32_f32_128x128x64_2x4x1_0_tnt_align8_stream_k_2sm_epi_tma,passed,success,grouped,,,,,bf16:row,bf16:column,f32:row,f32:row,1,0,invalid,invalid,heuristic,8,false,'[2731x5120x1536][2731x5120x1536][2731x5120x1536][2731x5120x1536][2731x5120x1536][2731x5120x1536][2731x5120x1536][2731x5120x1536][2730x5120x1536][2730x5120x1536][2730x5120x1536][2730x5120x1536]',,tensorop,f32,128,128,64,2,4,1,2,1,1,11,4,1,1,128,128,16,100,110,960495616,515731619840,536,0.497043,1799.71,1.0376e+06
1,CUTLASS,grouped_gemm,cutlass3x_sm100_tensorop_gemm_grouped_bf16_bf16_f32_void_f32_128x128x64_2x4x1_0_tnt_align8_2sm_epi_tma,passed,success,grouped,,,,,bf16:row,bf16:column,void:row,f32:row,1,0,invalid,invalid,heuristic,8,false,'[2731x5120x1536][2731x5120x1536][2731x5120x1536][2731x5120x1536][2731x5120x1536][2731x5120x1536][2731x5120x1536][2731x5120x1536][2730x5120x1536][2730x5120x1536][2730x5120x1536][2730x5120x1536]',,tensorop,f32,128,128,64,2,4,1,2,1,1,11,4,1,1,128,128,16,100,110,289406976,515731619840,1782,0.514682,523.685,1.00204e+06
1,CUTLASS,grouped_gemm,cutlass3x_sm100_tensorop_gemm_grouped_bf16_bf16_f32_void_f32_128x128x64_2x4x1_0_tnt_align8_stream_k_2sm_epi_tma,passed,success,grouped,,,,,bf16:row,bf16:column,void:row,f32:row,1,0,invalid,invalid,heuristic,8,false,'[2731x5120x1536][2731x5120x1536][2731x5120x1536][2731x5120x1536][2731x5120x1536][2731x5120x1536][2731x5120x1536][2731x5120x1536][2730x5120x1536][2730x5120x1536][2730x5120x1536][2730x5120x1536]',,tensorop,f32,128,128,64,2,4,1,2,1,1,11,4,1,1,128,128,16,100,110,289406976,515731619840,1782,0.514858,523.506,1.0017e+06
1,CUTLASS,grouped_gemm,cutlass3x_sm100_tensorop_gemm_grouped_bf16_bf16_f32_f32_f32_128x128x64_4x2x1_0_tnt_align8_2sm_epi_tma,passed,success,grouped,,,,,bf16:row,bf16:column,f32:row,f32:row,1,0,invalid,invalid,heuristic,8,false,'[2731x5120x1536][2731x5120x1536][2731x5120x1536][2731x5120x1536][2731x5120x1536][2731x5120x1536][2731x5120x1536][2731x5120x1536][2730x5120x1536][2730x5120x1536][2730x5120x1536][2730x5120x1536]',,tensorop,f32,128,128,64,4,2,1,2,1,1,11,4,1,1,128,128,16,100,110,960495616,515731619840,536,0.476182,1878.55,1.08305e+06
1,CUTLASS,grouped_gemm,cutlass3x_sm100_tensorop_gemm_grouped_bf16_bf16_f32_f32_f32_128x128x64_4x2x1_0_tnt_align8_stream_k_2sm_epi_tma,passed,success,grouped,,,,,bf16:row,bf16:column,f32:row,f32:row,1,0,invalid,invalid,heuristic,8,false,'[2731x5120x1536][2731x5120x1536][2731x5120x1536][2731x5120x1536][2731x5120x1536][2731x5120x1536][2731x5120x1536][2731x5120x1536][2730x5120x1536][2730x5120x1536][2730x5120x1536][2730x5120x1536]',,tensorop,f32,128,128,64,4,2,1,2,1,1,11,4,1,1,128,128,16,100,110,960495616,515731619840,536,0.476051,1879.07,1.08335e+06
1,CUTLASS,grouped_gemm,cutlass3x_sm100_tensorop_gemm_grouped_bf16_bf16_f32_void_f32_128x128x64_4x2x1_0_tnt_align8_2sm_epi_tma,passed,success,grouped,,,,,bf16:row,bf16:column,void:row,f32:row,1,0,invalid,invalid,heuristic,8,false,'[2731x5120x1536][2731x5120x1536][2731x5120x1536][2731x5120x1536][2731x5120x1536][2731x5120x1536][2731x5120x1536][2731x5120x1536][2730x5120x1536][2730x5120x1536][2730x5120x1536][2730x5120x1536]',,tensorop,f32,128,128,64,4,2,1,2,1,1,11,4,1,1,128,128,16,100,110,289406976,515731619840,1782,0.516006,522.341,999467
1,CUTLASS,grouped_gemm,cutlass3x_sm100_tensorop_gemm_grouped_bf16_bf16_f32_void_f32_128x128x64_4x2x1_0_tnt_align8_stream_k_2sm_epi_tma,passed,success,grouped,,,,,bf16:row,bf16:column,void:row,f32:row,1,0,invalid,invalid,heuristic,8,false,'[2731x5120x1536][2731x5120x1536][2731x5120x1536][2731x5120x1536][2731x5120x1536][2731x5120x1536][2731x5120x1536][2731x5120x1536][2730x5120x1536][2730x5120x1536][2730x5120x1536][2730x5120x1536]',,tensorop,f32,128,128,64,4,2,1,2,1,1,11,4,1,1,128,128,16,100,110,289406976,515731619840,1782,0.514672,523.695,1.00206e+06
1,CUTLASS,grouped_gemm,cutlass3x_sm100_tensorop_gemm_grouped_bf16_bf16_f32_f32_f32_128x128x64_4x4x1_0_tnt_align8_2sm_epi_tma,passed,success,grouped,,,,,bf16:row,bf16:column,f32:row,f32:row,1,0,invalid,invalid,heuristic,8,false,'[2731x5120x1536][2731x5120x1536][2731x5120x1536][2731x5120x1536][2731x5120x1536][2731x5120x1536][2731x5120x1536][2731x5120x1536][2730x5120x1536][2730x5120x1536][2730x5120x1536][2730x5120x1536]',,tensorop,f32,128,128,64,4,4,1,2,1,1,11,4,1,1,128,128,16,100,110,960495616,515731619840,536,0.501888,1782.33,1.02758e+06
1,CUTLASS,grouped_gemm,cutlass3x_sm100_tensorop_gemm_grouped_bf16_bf16_f32_f32_f32_128x128x64_4x4x1_0_tnt_align8_stream_k_2sm_epi_tma,passed,success,grouped,,,,,bf16:row,bf16:column,f32:row,f32:row,1,0,invalid,invalid,heuristic,8,false,'[2731x5120x1536][2731x5120x1536][2731x5120x1536][2731x5120x1536][2731x5120x1536][2731x5120x1536][2731x5120x1536][2731x5120x1536][2730x5120x1536][2730x5120x1536][2730x5120x1536][2730x5120x1536]',,tensorop,f32,128,128,64,4,4,1,2,1,1,11,4,1,1,128,128,16,100,110,960495616,515731619840,536,0.501238,1784.64,1.02891e+06
1,CUTLASS,grouped_gemm,cutlass3x_sm100_tensorop_gemm_grouped_bf16_bf16_f32_void_f32_128x128x64_4x4x1_0_tnt_align8_2sm_epi_tma,passed,success,grouped,,,,,bf16:row,bf16:column,void:row,f32:row,1,0,invalid,invalid,heuristic,8,false,'[2731x5120x1536][2731x5120x1536][2731x5120x1536][2731x5120x1536][2731x5120x1536][2731x5120x1536][2731x5120x1536][2731x5120x1536][2730x5120x1536][2730x5120x1536][2730x5120x1536][2730x5120x1536]',,tensorop,f32,128,128,64,4,4,1,2,1,1,11,4,1,1,128,128,16,100,110,289406976,515731619840,1782,0.548246,491.624,940693
1,CUTLASS,grouped_gemm,cutlass3x_sm100_tensorop_gemm_grouped_bf16_bf16_f32_void_f32_128x128x64_4x4x1_0_tnt_align8_stream_k_2sm_epi_tma,passed,success,grouped,,,,,bf16:row,bf16:column,void:row,f32:row,1,0,invalid,invalid,heuristic,8,false,'[2731x5120x1536][2731x5120x1536][2731x5120x1536][2731x5120x1536][2731x5120x1536][2731x5120x1536][2731x5120x1536][2731x5120x1536][2730x5120x1536][2730x5120x1536][2730x5120x1536][2730x5120x1536]',,tensorop,f32,128,128,64,4,4,1,2,1,1,11,4,1,1,128,128,16,100,110,289406976,515731619840,1782,0.549162,490.805,939125
1,CUTLASS,grouped_gemm,cutlass3x_sm100_tensorop_gemm_grouped_bf16_bf16_f32_bf16_bf16_128x128x64_0x0x1_0_tnt_align8_2sm_epi_tma,passed,success,grouped,,,,,bf16:row,bf16:column,bf16:row,bf16:row,1,0,invalid,invalid,heuristic,8,false,'[2731x5120x1536][2731x5120x1536][2731x5120x1536][2731x5120x1536][2731x5120x1536][2731x5120x1536][2731x5120x1536][2731x5120x1536][2730x5120x1536][2730x5120x1536][2730x5120x1536][2730x5120x1536]',,tensorop,f32,128,128,64,2,1,1,2,1,1,12,4,1,1,128,128,16,100,110,624951296,515731619840,825,0.419322,1388.03,1.22992e+06
1,CUTLASS,grouped_gemm,cutlass3x_sm100_tensorop_gemm_grouped_bf16_bf16_f32_bf16_bf16_128x128x64_0x0x1_0_tnt_align8_stream_k_2sm_epi_tma,passed,success,grouped,,,,,bf16:row,bf16:column,bf16:row,bf16:row,1,0,invalid,invalid,heuristic,8,false,'[2731x5120x1536][2731x5120x1536][2731x5120x1536][2731x5120x1536][2731x5120x1536][2731x5120x1536][2731x5120x1536][2731x5120x1536][2730x5120x1536][2730x5120x1536][2730x5120x1536][2730x5120x1536]',,tensorop,f32,128,128,64,2,1,1,2,1,1,12,4,1,1,128,128,16,100,110,624951296,515731619840,825,0.421779,1379.94,1.22275e+06
1,CUTLASS,grouped_gemm,cutlass3x_sm100_tensorop_gemm_grouped_bf16_bf16_f32_void_bf16_128x128x64_0x0x1_0_tnt_align8_2sm_epi_tma,passed,success,grouped,,,,,bf16:row,bf16:column,void:row,bf16:row,1,0,invalid,invalid,heuristic,8,false,'[2731x5120x1536][2731x5120x1536][2731x5120x1536][2731x5120x1536][2731x5120x1536][2731x5120x1536][2731x5120x1536][2731x5120x1536][2730x5120x1536][2730x5120x1536][2730x5120x1536][2730x5120x1536]',,tensorop,f32,128,128,64,2,1,1,2,1,1,12,4,1,1,128,128,16,100,110,289406976,515731619840,1782,0.421776,639.039,1.22276e+06
1,CUTLASS,grouped_gemm,cutlass3x_sm100_tensorop_gemm_grouped_bf16_bf16_f32_void_bf16_128x128x64_0x0x1_0_tnt_align8_stream_k_2sm_epi_tma,passed,success,grouped,,,,,bf16:row,bf16:column,void:row,bf16:row,1,0,invalid,invalid,heuristic,8,false,'[2731x5120x1536][2731x5120x1536][2731x5120x1536][2731x5120x1536][2731x5120x1536][2731x5120x1536][2731x5120x1536][2731x5120x1536][2730x5120x1536][2730x5120x1536][2730x5120x1536][2730x5120x1536]',,tensorop,f32,128,128,64,2,1,1,2,1,1,12,4,1,1,128,128,16,100,110,289406976,515731619840,1782,0.422109,638.535,1.2218e+06
1,CUTLASS,grouped_gemm,cutlass3x_sm100_tensorop_gemm_grouped_bf16_bf16_f32_bf16_bf16_128x128x64_2x1x1_0_tnt_align8_2sm_epi_tma,passed,success,grouped,,,,,bf16:row,bf16:column,bf16:row,bf16:row,1,0,invalid,invalid,heuristic,8,false,'[2731x5120x1536][2731x5120x1536][2731x5120x1536][2731x5120x1536][2731x5120x1536][2731x5120x1536][2731x5120x1536][2731x5120x1536][2730x5120x1536][2730x5120x1536][2730x5120x1536][2730x5120x1536]',,tensorop,f32,128,128,64,2,1,1,2,1,1,12,4,1,1,128,128,16,100,110,624951296,515731619840,825,0.421062,1382.29,1.22483e+06
1,CUTLASS,grouped_gemm,cutlass3x_sm100_tensorop_gemm_grouped_bf16_bf16_f32_bf16_bf16_128x128x64_2x1x1_0_tnt_align8_stream_k_2sm_epi_tma,passed,success,grouped,,,,,bf16:row,bf16:column,bf16:row,bf16:row,1,0,invalid,invalid,heuristic,8,false,'[2731x5120x1536][2731x5120x1536][2731x5120x1536][2731x5120x1536][2731x5120x1536][2731x5120x1536][2731x5120x1536][2731x5120x1536][2730x5120x1536][2730x5120x1536][2730x5120x1536][2730x5120x1536]',,tensorop,f32,128,128,64,2,1,1,2,1,1,12,4,1,1,128,128,16,100,110,624951296,515731619840,825,0.418704,1390.08,1.23173e+06
1,CUTLASS,grouped_gemm,cutlass3x_sm100_tensorop_gemm_grouped_bf16_bf16_f32_void_bf16_128x128x64_2x1x1_0_tnt_align8_2sm_epi_tma,passed,success,grouped,,,,,bf16:row,bf16:column,void:row,bf16:row,1,0,invalid,invalid,heuristic,8,false,'[2731x5120x1536][2731x5120x1536][2731x5120x1536][2731x5120x1536][2731x5120x1536][2731x5120x1536][2731x5120x1536][2731x5120x1536][2730x5120x1536][2730x5120x1536][2730x5120x1536][2730x5120x1536]',,tensorop,f32,128,128,64,2,1,1,2,1,1,12,4,1,1,128,128,16,100,110,289406976,515731619840,1782,0.417274,645.934,1.23596e+06
1,CUTLASS,grouped_gemm,cutlass3x_sm100_tensorop_gemm_grouped_bf16_bf16_f32_void_bf16_128x128x64_2x1x1_0_tnt_align8_stream_k_2sm_epi_tma,passed,success,grouped,,,,,bf16:row,bf16:column,void:row,bf16:row,1,0,invalid,invalid,heuristic,8,false,'[2731x5120x1536][2731x5120x1536][2731x5120x1536][2731x5120x1536][2731x5120x1536][2731x5120x1536][2731x5120x1536][2731x5120x1536][2730x5120x1536][2730x5120x1536][2730x5120x1536][2730x5120x1536]',,tensorop,f32,128,128,64,2,1,1,2,1,1,12,4,1,1,128,128,16,100,110,289406976,515731619840,1782,0.419034,643.221,1.23076e+06
1,CUTLASS,grouped_gemm,cutlass3x_sm100_tensorop_gemm_grouped_bf16_bf16_f32_bf16_bf16_128x128x64_2x2x1_0_tnt_align8_2sm_epi_tma,passed,success,grouped,,,,,bf16:row,bf16:column,bf16:row,bf16:row,1,0,invalid,invalid,heuristic,8,false,'[2731x5120x1536][2731x5120x1536][2731x5120x1536][2731x5120x1536][2731x5120x1536][2731x5120x1536][2731x5120x1536][2731x5120x1536][2730x5120x1536][2730x5120x1536][2730x5120x1536][2730x5120x1536]',,tensorop,f32,128,128,64,2,2,1,2,1,1,12,4,1,1,128,128,16,100,110,624951296,515731619840,825,0.370294,1571.81,1.39276e+06
1,CUTLASS,grouped_gemm,cutlass3x_sm100_tensorop_gemm_grouped_bf16_bf16_f32_bf16_bf16_128x128x64_2x2x1_0_tnt_align8_stream_k_2sm_epi_tma,passed,success,grouped,,,,,bf16:row,bf16:column,bf16:row,bf16:row,1,0,invalid,invalid,heuristic,8,false,'[2731x5120x1536][2731x5120x1536][2731x5120x1536][2731x5120x1536][2731x5120x1536][2731x5120x1536][2731x5120x1536][2731x5120x1536][2730x5120x1536][2730x5120x1536][2730x5120x1536][2730x5120x1536]',,tensorop,f32,128,128,64,2,2,1,2,1,1,12,4,1,1,128,128,16,100,110,624951296,515731619840,825,0.370816,1569.6,1.3908e+06
1,CUTLASS,grouped_gemm,cutlass3x_sm100_tensorop_gemm_grouped_bf16_bf16_f32_void_bf16_128x128x64_2x2x1_0_tnt_align8_2sm_epi_tma,passed,success,grouped,,,,,bf16:row,bf16:column,void:row,bf16:row,1,0,invalid,invalid,heuristic,8,false,'[2731x5120x1536][2731x5120x1536][2731x5120x1536][2731x5120x1536][2731x5120x1536][2731x5120x1536][2731x5120x1536][2731x5120x1536][2730x5120x1536][2730x5120x1536][2730x5120x1536][2730x5120x1536]',,tensorop,f32,128,128,64,2,2,1,2,1,1,12,4,1,1,128,128,16,100,110,289406976,515731619840,1782,0.374294,720.105,1.37788e+06
1,CUTLASS,grouped_gemm,cutlass3x_sm100_tensorop_gemm_grouped_bf16_bf16_f32_void_bf16_128x128x64_2x2x1_0_tnt_align8_stream_k_2sm_epi_tma,passed,success,grouped,,,,,bf16:row,bf16:column,void:row,bf16:row,1,0,invalid,invalid,heuristic,8,false,'[2731x5120x1536][2731x5120x1536][2731x5120x1536][2731x5120x1536][2731x5120x1536][2731x5120x1536][2731x5120x1536][2731x5120x1536][2730x5120x1536][2730x5120x1536][2730x5120x1536][2730x5120x1536]',,tensorop,f32,128,128,64,2,2,1,2,1,1,12,4,1,1,128,128,16,100,110,289406976,515731619840,1782,0.374067,720.542,1.37871e+06
1,CUTLASS,grouped_gemm,cutlass3x_sm100_tensorop_gemm_grouped_bf16_bf16_f32_bf16_bf16_128x128x64_4x1x1_0_tnt_align8_2sm_epi_tma,passed,success,grouped,,,,,bf16:row,bf16:column,bf16:row,bf16:row,1,0,invalid,invalid,heuristic,8,false,'[2731x5120x1536][2731x5120x1536][2731x5120x1536][2731x5120x1536][2731x5120x1536][2731x5120x1536][2731x5120x1536][2731x5120x1536][2730x5120x1536][2730x5120x1536][2730x5120x1536][2730x5120x1536]',,tensorop,f32,128,128,64,4,1,1,2,1,1,12,4,1,1,128,128,16,100,110,624951296,515731619840,825,0.374576,1553.84,1.37684e+06
1,CUTLASS,grouped_gemm,cutlass3x_sm100_tensorop_gemm_grouped_bf16_bf16_f32_bf16_bf16_128x128x64_4x1x1_0_tnt_align8_stream_k_2sm_epi_tma,passed,success,grouped,,,,,bf16:row,bf16:column,bf16:row,bf16:row,1,0,invalid,invalid,heuristic,8,false,'[2731x5120x1536][2731x5120x1536][2731x5120x1536][2731x5120x1536][2731x5120x1536][2731x5120x1536][2731x5120x1536][2731x5120x1536][2730x5120x1536][2730x5120x1536][2730x5120x1536][2730x5120x1536]',,tensorop,f32,128,128,64,4,1,1,2,1,1,12,4,1,1,128,128,16,100,110,624951296,515731619840,825,0.373142,1559.81,1.38213e+06
1,CUTLASS,grouped_gemm,cutlass3x_sm100_tensorop_gemm_grouped_bf16_bf16_f32_void_bf16_128x128x64_4x1x1_0_tnt_align8_2sm_epi_tma,passed,success,grouped,,,,,bf16:row,bf16:column,void:row,bf16:row,1,0,invalid,invalid,heuristic,8,false,'[2731x5120x1536][2731x5120x1536][2731x5120x1536][2731x5120x1536][2731x5120x1536][2731x5120x1536][2731x5120x1536][2731x5120x1536][2730x5120x1536][2730x5120x1536][2730x5120x1536][2730x5120x1536]',,tensorop,f32,128,128,64,4,1,1,2,1,1,12,4,1,1,128,128,16,100,110,289406976,515731619840,1782,0.383046,703.652,1.34639e+06
1,CUTLASS,grouped_gemm,cutlass3x_sm100_tensorop_gemm_grouped_bf16_bf16_f32_void_bf16_128x128x64_4x1x1_0_tnt_align8_stream_k_2sm_epi_tma,passed,success,grouped,,,,,bf16:row,bf16:column,void:row,bf16:row,1,0,invalid,invalid,heuristic,8,false,'[2731x5120x1536][2731x5120x1536][2731x5120x1536][2731x5120x1536][2731x5120x1536][2731x5120x1536][2731x5120x1536][2731x5120x1536][2730x5120x1536][2730x5120x1536][2730x5120x1536][2730x5120x1536]',,tensorop,f32,128,128,64,4,1,1,2,1,1,12,4,1,1,128,128,16,100,110,289406976,515731619840,1782,0.381843,705.869,1.35064e+06
1,CUTLASS,grouped_gemm,cutlass3x_sm100_tensorop_gemm_grouped_bf16_bf16_f32_bf16_bf16_128x128x64_2x4x1_0_tnt_align8_2sm_epi_tma,passed,success,grouped,,,,,bf16:row,bf16:column,bf16:row,bf16:row,1,0,invalid,invalid,heuristic,8,false,'[2731x5120x1536][2731x5120x1536][2731x5120x1536][2731x5120x1536][2731x5120x1536][2731x5120x1536][2731x5120x1536][2731x5120x1536][2730x5120x1536][2730x5120x1536][2730x5120x1536][2730x5120x1536]',,tensorop,f32,128,128,64,2,4,1,2,1,1,12,4,1,1,128,128,16,100,110,624951296,515731619840,825,0.419341,1387.97,1.22986e+06
1,CUTLASS,grouped_gemm,cutlass3x_sm100_tensorop_gemm_grouped_bf16_bf16_f32_bf16_bf16_128x128x64_2x4x1_0_tnt_align8_stream_k_2sm_epi_tma,passed,success,grouped,,,,,bf16:row,bf16:column,bf16:row,bf16:row,1,0,invalid,invalid,heuristic,8,false,'[2731x5120x1536][2731x5120x1536][2731x5120x1536][2731x5120x1536][2731x5120x1536][2731x5120x1536][2731x5120x1536][2731x5120x1536][2730x5120x1536][2730x5120x1536][2730x5120x1536][2730x5120x1536]',,tensorop,f32,128,128,64,2,4,1,2,1,1,12,4,1,1,128,128,16,100,110,624951296,515731619840,825,0.418912,1389.39,1.23112e+06
1,CUTLASS,grouped_gemm,cutlass3x_sm100_tensorop_gemm_grouped_bf16_bf16_f32_void_bf16_128x128x64_2x4x1_0_tnt_align8_2sm_epi_tma,passed,success,grouped,,,,,bf16:row,bf16:column,void:row,bf16:row,1,0,invalid,invalid,heuristic,8,false,'[2731x5120x1536][2731x5120x1536][2731x5120x1536][2731x5120x1536][2731x5120x1536][2731x5120x1536][2731x5120x1536][2731x5120x1536][2730x5120x1536][2730x5120x1536][2730x5120x1536][2730x5120x1536]',,tensorop,f32,128,128,64,2,4,1,2,1,1,12,4,1,1,128,128,16,100,110,289406976,515731619840,1782,0.427853,629.963,1.20539e+06
1,CUTLASS,grouped_gemm,cutlass3x_sm100_tensorop_gemm_grouped_bf16_bf16_f32_void_bf16_128x128x64_2x4x1_0_tnt_align8_stream_k_2sm_epi_tma,passed,success,grouped,,,,,bf16:row,bf16:column,void:row,bf16:row,1,0,invalid,invalid,heuristic,8,false,'[2731x5120x1536][2731x5120x1536][2731x5120x1536][2731x5120x1536][2731x5120x1536][2731x5120x1536][2731x5120x1536][2731x5120x1536][2730x5120x1536][2730x5120x1536][2730x5120x1536][2730x5120x1536]',,tensorop,f32,128,128,64,2,4,1,2,1,1,12,4,1,1,128,128,16,100,110,289406976,515731619840,1782,0.428637,628.81,1.20319e+06
1,CUTLASS,grouped_gemm,cutlass3x_sm100_tensorop_gemm_grouped_bf16_bf16_f32_bf16_bf16_128x128x64_4x2x1_0_tnt_align8_2sm_epi_tma,passed,success,grouped,,,,,bf16:row,bf16:column,bf16:row,bf16:row,1,0,invalid,invalid,heuristic,8,false,'[2731x5120x1536][2731x5120x1536][2731x5120x1536][2731x5120x1536][2731x5120x1536][2731x5120x1536][2731x5120x1536][2731x5120x1536][2730x5120x1536][2730x5120x1536][2730x5120x1536][2730x5120x1536]',,tensorop,f32,128,128,64,4,2,1,2,1,1,12,4,1,1,128,128,16,100,110,624951296,515731619840,825,0.426278,1365.38,1.20985e+06
1,CUTLASS,grouped_gemm,cutlass3x_sm100_tensorop_gemm_grouped_bf16_bf16_f32_bf16_bf16_128x128x64_4x2x1_0_tnt_align8_stream_k_2sm_epi_tma,passed,success,grouped,,,,,bf16:row,bf16:column,bf16:row,bf16:row,1,0,invalid,invalid,heuristic,8,false,'[2731x5120x1536][2731x5120x1536][2731x5120x1536][2731x5120x1536][2731x5120x1536][2731x5120x1536][2731x5120x1536][2731x5120x1536][2730x5120x1536][2730x5120x1536][2730x5120x1536][2730x5120x1536]',,tensorop,f32,128,128,64,4,2,1,2,1,1,12,4,1,1,128,128,16,100,110,624951296,515731619840,825,0.427098,1362.76,1.20753e+06
1,CUTLASS,grouped_gemm,cutlass3x_sm100_tensorop_gemm_grouped_bf16_bf16_f32_void_bf16_128x128x64_4x2x1_0_tnt_align8_2sm_epi_tma,passed,success,grouped,,,,,bf16:row,bf16:column,void:row,bf16:row,1,0,invalid,invalid,heuristic,8,false,'[2731x5120x1536][2731x5120x1536][2731x5120x1536][2731x5120x1536][2731x5120x1536][2731x5120x1536][2731x5120x1536][2731x5120x1536][2730x5120x1536][2730x5120x1536][2730x5120x1536][2730x5120x1536]',,tensorop,f32,128,128,64,4,2,1,2,1,1,12,4,1,1,128,128,16,100,110,289406976,515731619840,1782,0.441462,610.542,1.16823e+06
1,CUTLASS,grouped_gemm,cutlass3x_sm100_tensorop_gemm_grouped_bf16_bf16_f32_void_bf16_128x128x64_4x2x1_0_tnt_align8_stream_k_2sm_epi_tma,passed,success,grouped,,,,,bf16:row,bf16:column,void:row,bf16:row,1,0,invalid,invalid,heuristic,8,false,'[2731x5120x1536][2731x5120x1536][2731x5120x1536][2731x5120x1536][2731x5120x1536][2731x5120x1536][2731x5120x1536][2731x5120x1536][2730x5120x1536][2730x5120x1536][2730x5120x1536][2730x5120x1536]',,tensorop,f32,128,128,64,4,2,1,2,1,1,12,4,1,1,128,128,16,100,110,289406976,515731619840,1782,0.441747,610.148,1.16748e+06
1,CUTLASS,grouped_gemm,cutlass3x_sm100_tensorop_gemm_grouped_bf16_bf16_f32_bf16_bf16_128x128x64_4x4x1_0_tnt_align8_2sm_epi_tma,passed,success,grouped,,,,,bf16:row,bf16:column,bf16:row,bf16:row,1,0,invalid,invalid,heuristic,8,false,'[2731x5120x1536][2731x5120x1536][2731x5120x1536][2731x5120x1536][2731x5120x1536][2731x5120x1536][2731x5120x1536][2731x5120x1536][2730x5120x1536][2730x5120x1536][2730x5120x1536][2730x5120x1536]',,tensorop,f32,128,128,64,4,4,1,2,1,1,12,4,1,1,128,128,16,100,110,624951296,515731619840,825,0.422598,1377.27,1.22038e+06
1,CUTLASS,grouped_gemm,cutlass3x_sm100_tensorop_gemm_grouped_bf16_bf16_f32_bf16_bf16_128x128x64_4x4x1_0_tnt_align8_stream_k_2sm_epi_tma,passed,success,grouped,,,,,bf16:row,bf16:column,bf16:row,bf16:row,1,0,invalid,invalid,heuristic,8,false,'[2731x5120x1536][2731x5120x1536][2731x5120x1536][2731x5120x1536][2731x5120x1536][2731x5120x1536][2731x5120x1536][2731x5120x1536][2730x5120x1536][2730x5120x1536][2730x5120x1536][2730x5120x1536]',,tensorop,f32,128,128,64,4,4,1,2,1,1,12,4,1,1,128,128,16,100,110,624951296,515731619840,825,0.423725,1373.61,1.21714e+06
1,CUTLASS,grouped_gemm,cutlass3x_sm100_tensorop_gemm_grouped_bf16_bf16_f32_void_bf16_128x128x64_4x4x1_0_tnt_align8_2sm_epi_tma,passed,success,grouped,,,,,bf16:row,bf16:column,void:row,bf16:row,1,0,invalid,invalid,heuristic,8,false,'[2731x5120x1536][2731x5120x1536][2731x5120x1536][2731x5120x1536][2731x5120x1536][2731x5120x1536][2731x5120x1536][2731x5120x1536][2730x5120x1536][2730x5120x1536][2730x5120x1536][2730x5120x1536]',,tensorop,f32,128,128,64,4,4,1,2,1,1,12,4,1,1,128,128,16,100,110,289406976,515731619840,1782,0.458541,587.802,1.12472e+06
1,CUTLASS,grouped_gemm,cutlass3x_sm100_tensorop_gemm_grouped_bf16_bf16_f32_void_bf16_128x128x64_4x4x1_0_tnt_align8_stream_k_2sm_epi_tma,passed,success,grouped,,,,,bf16:row,bf16:column,void:row,bf16:row,1,0,invalid,invalid,heuristic,8,false,'[2731x5120x1536][2731x5120x1536][2731x5120x1536][2731x5120x1536][2731x5120x1536][2731x5120x1536][2731x5120x1536][2731x5120x1536][2730x5120x1536][2730x5120x1536][2730x5120x1536][2730x5120x1536]',,tensorop,f32,128,128,64,4,4,1,2,1,1,12,4,1,1,128,128,16,100,110,289406976,515731619840,1782,0.457923,588.595,1.12624e+06
1,CUTLASS,grouped_gemm,cutlass3x_sm100_tensorop_gemm_grouped_bf16_bf16_f32_f32_f32_128x256x64_0x0x1_0_tnt_align8_2sm_epi_tma,passed,success,grouped,,,,,bf16:row,bf16:column,f32:row,f32:row,1,0,invalid,invalid,heuristic,8,false,'[2731x5120x1536][2731x5120x1536][2731x5120x1536][2731x5120x1536][2731x5120x1536][2731x5120x1536][2731x5120x1536][2731x5120x1536][2730x5120x1536][2730x5120x1536][2730x5120x1536][2730x5120x1536]',,tensorop,f32,128,256,64,2,1,1,2,1,1,7,4,1,1,128,256,16,100,110,960495616,515731619840,536,0.370403,2415.02,1.39235e+06
1,CUTLASS,grouped_gemm,cutlass3x_sm100_tensorop_gemm_grouped_bf16_bf16_f32_f32_f32_128x256x64_0x0x1_0_tnt_align8_stream_k_2sm_epi_tma,passed,success,grouped,,,,,bf16:row,bf16:column,f32:row,f32:row,1,0,invalid,invalid,heuristic,8,false,'[2731x5120x1536][2731x5120x1536][2731x5120x1536][2731x5120x1536][2731x5120x1536][2731x5120x1536][2731x5120x1536][2731x5120x1536][2730x5120x1536][2730x5120x1536][2730x5120x1536][2730x5120x1536]',,tensorop,f32,128,256,64,2,1,1,2,1,1,7,4,1,1,128,256,16,100,110,960495616,515731619840,536,0.371088,2410.56,1.38978e+06
1,CUTLASS,grouped_gemm,cutlass3x_sm100_tensorop_gemm_grouped_bf16_bf16_f32_void_f32_128x256x64_0x0x1_0_tnt_align8_2sm_epi_tma,passed,success,grouped,,,,,bf16:row,bf16:column,void:row,f32:row,1,0,invalid,invalid,heuristic,8,false,'[2731x5120x1536][2731x5120x1536][2731x5120x1536][2731x5120x1536][2731x5120x1536][2731x5120x1536][2731x5120x1536][2731x5120x1536][2730x5120x1536][2730x5120x1536][2730x5120x1536][2730x5120x1536]',,tensorop,f32,128,256,64,2,1,1,2,1,1,7,4,1,1,128,256,16,100,110,289406976,515731619840,1782,0.375123,718.514,1.37483e+06
1,CUTLASS,grouped_gemm,cutlass3x_sm100_tensorop_gemm_grouped_bf16_bf16_f32_void_f32_128x256x64_0x0x1_0_tnt_align8_stream_k_2sm_epi_tma,passed,success,grouped,,,,,bf16:row,bf16:column,void:row,f32:row,1,0,invalid,invalid,heuristic,8,false,'[2731x5120x1536][2731x5120x1536][2731x5120x1536][2731x5120x1536][2731x5120x1536][2731x5120x1536][2731x5120x1536][2731x5120x1536][2730x5120x1536][2730x5120x1536][2730x5120x1536][2730x5120x1536]',,tensorop,f32,128,256,64,2,1,1,2,1,1,7,4,1,1,128,256,16,100,110,289406976,515731619840,1782,0.374982,718.784,1.37535e+06
1,CUTLASS,grouped_gemm,cutlass3x_sm100_tensorop_gemm_grouped_bf16_bf16_f32_f32_f32_128x256x64_2x1x1_0_tnt_align8_2sm_epi_tma,passed,success,grouped,,,,,bf16:row,bf16:column,f32:row,f32:row,1,0,invalid,invalid,heuristic,8,false,'[2731x5120x1536][2731x5120x1536][2731x5120x1536][2731x5120x1536][2731x5120x1536][2731x5120x1536][2731x5120x1536][2731x5120x1536][2730x5120x1536][2730x5120x1536][2730x5120x1536][2730x5120x1536]',,tensorop,f32,128,256,64,2,1,1,2,1,1,7,4,1,1,128,256,16,100,110,960495616,515731619840,536,0.369965,2417.88,1.394e+06
1,CUTLASS,grouped_gemm,cutlass3x_sm100_tensorop_gemm_grouped_bf16_bf16_f32_f32_f32_128x256x64_2x1x1_0_tnt_align8_stream_k_2sm_epi_tma,passed,success,grouped,,,,,bf16:row,bf16:column,f32:row,f32:row,1,0,invalid,invalid,heuristic,8,false,'[2731x5120x1536][2731x5120x1536][2731x5120x1536][2731x5120x1536][2731x5120x1536][2731x5120x1536][2731x5120x1536][2731x5120x1536][2730x5120x1536][2730x5120x1536][2730x5120x1536][2730x5120x1536]',,tensorop,f32,128,256,64,2,1,1,2,1,1,7,4,1,1,128,256,16,100,110,960495616,515731619840,536,0.369453,2421.23,1.39593e+06
1,CUTLASS,grouped_gemm,cutlass3x_sm100_tensorop_gemm_grouped_bf16_bf16_f32_void_f32_128x256x64_2x1x1_0_tnt_align8_2sm_epi_tma,passed,success,grouped,,,,,bf16:row,bf16:column,void:row,f32:row,1,0,invalid,invalid,heuristic,8,false,'[2731x5120x1536][2731x5120x1536][2731x5120x1536][2731x5120x1536][2731x5120x1536][2731x5120x1536][2731x5120x1536][2731x5120x1536][2730x5120x1536][2730x5120x1536][2730x5120x1536][2730x5120x1536]',,tensorop,f32,128,256,64,2,1,1,2,1,1,7,4,1,1,128,256,16,100,110,289406976,515731619840,1782,0.374266,720.16,1.37798e+06
1,CUTLASS,grouped_gemm,cutlass3x_sm100_tensorop_gemm_grouped_bf16_bf16_f32_void_f32_128x256x64_2x1x1_0_tnt_align8_stream_k_2sm_epi_tma,passed,success,grouped,,,,,bf16:row,bf16:column,void:row,f32:row,1,0,invalid,invalid,heuristic,8,false,'[2731x5120x1536][2731x5120x1536][2731x5120x1536][2731x5120x1536][2731x5120x1536][2731x5120x1536][2731x5120x1536][2731x5120x1536][2730x5120x1536][2730x5120x1536][2730x5120x1536][2730x5120x1536]',,tensorop,f32,128,256,64,2,1,1,2,1,1,7,4,1,1,128,256,16,100,110,289406976,515731619840,1782,0.373965,720.74,1.37909e+06
1,CUTLASS,grouped_gemm,cutlass3x_sm100_tensorop_gemm_grouped_bf16_bf16_f32_f32_f32_128x256x64_2x2x1_0_tnt_align8_2sm_epi_tma,passed,success,grouped,,,,,bf16:row,bf16:column,f32:row,f32:row,1,0,invalid,invalid,heuristic,8,false,'[2731x5120x1536][2731x5120x1536][2731x5120x1536][2731x5120x1536][2731x5120x1536][2731x5120x1536][2731x5120x1536][2731x5120x1536][2730x5120x1536][2730x5120x1536][2730x5120x1536][2730x5120x1536]',,tensorop,f32,128,256,64,2,2,1,2,1,1,7,4,1,1,128,256,16,100,110,960495616,515731619840,536,0.379619,2356.39,1.35855e+06
1,CUTLASS,grouped_gemm,cutlass3x_sm100_tensorop_gemm_grouped_bf16_bf16_f32_f32_f32_128x256x64_2x2x1_0_tnt_align8_stream_k_2sm_epi_tma,passed,success,grouped,,,,,bf16:row,bf16:column,f32:row,f32:row,1,0,invalid,invalid,heuristic,8,false,'[2731x5120x1536][2731x5120x1536][2731x5120x1536][2731x5120x1536][2731x5120x1536][2731x5120x1536][2731x5120x1536][2731x5120x1536][2730x5120x1536][2730x5120x1536][2730x5120x1536][2730x5120x1536]',,tensorop,f32,128,256,64,2,2,1,2,1,1,7,4,1,1,128,256,16,100,110,960495616,515731619840,536,0.379315,2358.28,1.35964e+06
1,CUTLASS,grouped_gemm,cutlass3x_sm100_tensorop_gemm_grouped_bf16_bf16_f32_void_f32_128x256x64_2x2x1_0_tnt_align8_2sm_epi_tma,passed,success,grouped,,,,,bf16:row,bf16:column,void:row,f32:row,1,0,invalid,invalid,heuristic,8,false,'[2731x5120x1536][2731x5120x1536][2731x5120x1536][2731x5120x1536][2731x5120x1536][2731x5120x1536][2731x5120x1536][2731x5120x1536][2730x5120x1536][2730x5120x1536][2730x5120x1536][2730x5120x1536]',,tensorop,f32,128,256,64,2,2,1,2,1,1,7,4,1,1,128,256,16,100,110,289406976,515731619840,1782,0.39167,688.158,1.31675e+06
1,CUTLASS,grouped_gemm,cutlass3x_sm100_tensorop_gemm_grouped_bf16_bf16_f32_void_f32_128x256x64_2x2x1_0_tnt_align8_stream_k_2sm_epi_tma,passed,success,grouped,,,,,bf16:row,bf16:column,void:row,f32:row,1,0,invalid,invalid,heuristic,8,false,'[2731x5120x1536][2731x5120x1536][2731x5120x1536][2731x5120x1536][2731x5120x1536][2731x5120x1536][2731x5120x1536][2731x5120x1536][2730x5120x1536][2730x5120x1536][2730x5120x1536][2730x5120x1536]',,tensorop,f32,128,256,64,2,2,1,2,1,1,7,4,1,1,128,256,16,100,110,289406976,515731619840,1782,0.392083,687.434,1.31536e+06
1,CUTLASS,grouped_gemm,cutlass3x_sm100_tensorop_gemm_grouped_bf16_bf16_f32_f32_f32_128x256x64_4x1x1_0_tnt_align8_2sm_epi_tma,passed,success,grouped,,,,,bf16:row,bf16:column,f32:row,f32:row,1,0,invalid,invalid,heuristic,8,false,'[2731x5120x1536][2731x5120x1536][2731x5120x1536][2731x5120x1536][2731x5120x1536][2731x5120x1536][2731x5120x1536][2731x5120x1536][2730x5120x1536][2730x5120x1536][2730x5120x1536][2730x5120x1536]',,tensorop,f32,128,256,64,4,1,1,2,1,1,7,4,1,1,128,256,16,100,110,960495616,515731619840,536,0.365658,2446.36,1.41042e+06
1,CUTLASS,grouped_gemm,cutlass3x_sm100_tensorop_gemm_grouped_bf16_bf16_f32_f32_f32_128x256x64_4x1x1_0_tnt_align8_stream_k_2sm_epi_tma,passed,success,grouped,,,,,bf16:row,bf16:column,f32:row,f32:row,1,0,invalid,invalid,heuristic,8,false,'[2731x5120x1536][2731x5120x1536][2731x5120x1536][2731x5120x1536][2731x5120x1536][2731x5120x1536][2731x5120x1536][2731x5120x1536][2730x5120x1536][2730x5120x1536][2730x5120x1536][2730x5120x1536]',,tensorop,f32,128,256,64,4,1,1,2,1,1,7,4,1,1,128,256,16,100,110,960495616,515731619840,536,0.366074,2443.58,1.40882e+06
1,CUTLASS,grouped_gemm,cutlass3x_sm100_tensorop_gemm_grouped_bf16_bf16_f32_void_f32_128x256x64_4x1x1_0_tnt_align8_2sm_epi_tma,passed,success,grouped,,,,,bf16:row,bf16:column,void:row,f32:row,1,0,invalid,invalid,heuristic,8,false,'[2731x5120x1536][2731x5120x1536][2731x5120x1536][2731x5120x1536][2731x5120x1536][2731x5120x1536][2731x5120x1536][2731x5120x1536][2730x5120x1536][2730x5120x1536][2730x5120x1536][2730x5120x1536]',,tensorop,f32,128,256,64,4,1,1,2,1,1,7,4,1,1,128,256,16,100,110,289406976,515731619840,1782,0.380509,708.344,1.35537e+06
1,CUTLASS,grouped_gemm,cutlass3x_sm100_tensorop_gemm_grouped_bf16_bf16_f32_void_f32_128x256x64_4x1x1_0_tnt_align8_stream_k_2sm_epi_tma,passed,success,grouped,,,,,bf16:row,bf16:column,void:row,f32:row,1,0,invalid,invalid,heuristic,8,false,'[2731x5120x1536][2731x5120x1536][2731x5120x1536][2731x5120x1536][2731x5120x1536][2731x5120x1536][2731x5120x1536][2731x5120x1536][2730x5120x1536][2730x5120x1536][2730x5120x1536][2730x5120x1536]',,tensorop,f32,128,256,64,4,1,1,2,1,1,7,4,1,1,128,256,16,100,110,289406976,515731619840,1782,0.381232,707.001,1.3528e+06
1,CUTLASS,grouped_gemm,cutlass3x_sm100_tensorop_gemm_grouped_bf16_bf16_f32_f32_f32_128x256x64_2x4x1_0_tnt_align8_2sm_epi_tma,passed,success,grouped,,,,,bf16:row,bf16:column,f32:row,f32:row,1,0,invalid,invalid,heuristic,8,false,'[2731x5120x1536][2731x5120x1536][2731x5120x1536][2731x5120x1536][2731x5120x1536][2731x5120x1536][2731x5120x1536][2731x5120x1536][2730x5120x1536][2730x5120x1536][2730x5120x1536][2730x5120x1536]',,tensorop,f32,128,256,64,2,4,1,2,1,1,7,4,1,1,128,256,16,100,110,960495616,515731619840,536,0.444611,2011.94,1.15996e+06
1,CUTLASS,grouped_gemm,cutlass3x_sm100_tensorop_gemm_grouped_bf16_bf16_f32_f32_f32_128x256x64_2x4x1_0_tnt_align8_stream_k_2sm_epi_tma,passed,success,grouped,,,,,bf16:row,bf16:column,f32:row,f32:row,1,0,invalid,invalid,heuristic,8,false,'[2731x5120x1536][2731x5120x1536][2731x5120x1536][2731x5120x1536][2731x5120x1536][2731x5120x1536][2731x5120x1536][2731x5120x1536][2730x5120x1536][2730x5120x1536][2730x5120x1536][2730x5120x1536]',,tensorop,f32,128,256,64,2,4,1,2,1,1,7,4,1,1,128,256,16,100,110,960495616,515731619840,536,0.444435,2012.74,1.16042e+06
1,CUTLASS,grouped_gemm,cutlass3x_sm100_tensorop_gemm_grouped_bf16_bf16_f32_void_f32_128x256x64_2x4x1_0_tnt_align8_2sm_epi_tma,passed,success,grouped,,,,,bf16:row,bf16:column,void:row,f32:row,1,0,invalid,invalid,heuristic,8,false,'[2731x5120x1536][2731x5120x1536][2731x5120x1536][2731x5120x1536][2731x5120x1536][2731x5120x1536][2731x5120x1536][2731x5120x1536][2730x5120x1536][2730x5120x1536][2730x5120x1536][2730x5120x1536]',,tensorop,f32,128,256,64,2,4,1,2,1,1,7,4,1,1,128,256,16,100,110,289406976,515731619840,1782,0.462557,582.699,1.11496e+06
1,CUTLASS,grouped_gemm,cutlass3x_sm100_tensorop_gemm_grouped_bf16_bf16_f32_void_f32_128x256x64_2x4x1_0_tnt_align8_stream_k_2sm_epi_tma,passed,success,grouped,,,,,bf16:row,bf16:column,void:row,f32:row,1,0,invalid,invalid,heuristic,8,false,'[2731x5120x1536][2731x5120x1536][2731x5120x1536][2731x5120x1536][2731x5120x1536][2731x5120x1536][2731x5120x1536][2731x5120x1536][2730x5120x1536][2730x5120x1536][2730x5120x1536][2730x5120x1536]',,tensorop,f32,128,256,64,2,4,1,2,1,1,7,4,1,1,128,256,16,100,110,289406976,515731619840,1782,0.46335,581.701,1.11305e+06
1,CUTLASS,grouped_gemm,cutlass3x_sm100_tensorop_gemm_grouped_bf16_bf16_f32_f32_f32_128x256x64_4x2x1_0_tnt_align8_2sm_epi_tma,passed,success,grouped,,,,,bf16:row,bf16:column,f32:row,f32:row,1,0,invalid,invalid,heuristic,8,false,'[2731x5120x1536][2731x5120x1536][2731x5120x1536][2731x5120x1536][2731x5120x1536][2731x5120x1536][2731x5120x1536][2731x5120x1536][2730x5120x1536][2730x5120x1536][2730x5120x1536][2730x5120x1536]',,tensorop,f32,128,256,64,4,2,1,2,1,1,7,4,1,1,128,256,16,100,110,960495616,515731619840,536,0.415139,2154.77,1.24231e+06
1,CUTLASS,grouped_gemm,cutlass3x_sm100_tensorop_gemm_grouped_bf16_bf16_f32_f32_f32_128x256x64_4x2x1_0_tnt_align8_stream_k_2sm_epi_tma,passed,success,grouped,,,,,bf16:row,bf16:column,f32:row,f32:row,1,0,invalid,invalid,heuristic,8,false,'[2731x5120x1536][2731x5120x1536][2731x5120x1536][2731x5120x1536][2731x5120x1536][2731x5120x1536][2731x5120x1536][2731x5120x1536][2730x5120x1536][2730x5120x1536][2730x5120x1536][2730x5120x1536]',,tensorop,f32,128,256,64,4,2,1,2,1,1,7,4,1,1,128,256,16,100,110,960495616,515731619840,536,0.415763,2151.54,1.24045e+06
1,CUTLASS,grouped_gemm,cutlass3x_sm100_tensorop_gemm_grouped_bf16_bf16_f32_void_f32_128x256x64_4x2x1_0_tnt_align8_2sm_epi_tma,passed,success,grouped,,,,,bf16:row,bf16:column,void:row,f32:row,1,0,invalid,invalid,heuristic,8,false,'[2731x5120x1536][2731x5120x1536][2731x5120x1536][2731x5120x1536][2731x5120x1536][2731x5120x1536][2731x5120x1536][2731x5120x1536][2730x5120x1536][2730x5120x1536][2730x5120x1536][2730x5120x1536]',,tensorop,f32,128,256,64,4,2,1,2,1,1,7,4,1,1,128,256,16,100,110,289406976,515731619840,1782,0.442288,609.402,1.16605e+06
1,CUTLASS,grouped_gemm,cutlass3x_sm100_tensorop_gemm_grouped_bf16_bf16_f32_void_f32_128x256x64_4x2x1_0_tnt_align8_stream_k_2sm_epi_tma,passed,success,grouped,,,,,bf16:row,bf16:column,void:row,f32:row,1,0,invalid,invalid,heuristic,8,false,'[2731x5120x1536][2731x5120x1536][2731x5120x1536][2731x5120x1536][2731x5120x1536][2731x5120x1536][2731x5120x1536][2731x5120x1536][2730x5120x1536][2730x5120x1536][2730x5120x1536][2730x5120x1536]',,tensorop,f32,128,256,64,4,2,1,2,1,1,7,4,1,1,128,256,16,100,110,289406976,515731619840,1782,0.442666,608.882,1.16506e+06
1,CUTLASS,grouped_gemm,cutlass3x_sm100_tensorop_gemm_grouped_bf16_bf16_f32_f32_f32_128x256x64_4x4x1_0_tnt_align8_2sm_epi_tma,passed,success,grouped,,,,,bf16:row,bf16:column,f32:row,f32:row,1,0,invalid,invalid,heuristic,8,false,'[2731x5120x1536][2731x5120x1536][2731x5120x1536][2731x5120x1536][2731x5120x1536][2731x5120x1536][2731x5120x1536][2731x5120x1536][2730x5120x1536][2730x5120x1536][2730x5120x1536][2730x5120x1536]',,tensorop,f32,128,256,64,4,4,1,2,1,1,7,4,1,1,128,256,16,100,110,960495616,515731619840,536,0.437251,2045.81,1.17949e+06
1,CUTLASS,grouped_gemm,cutlass3x_sm100_tensorop_gemm_grouped_bf16_bf16_f32_f32_f32_128x256x64_4x4x1_0_tnt_align8_stream_k_2sm_epi_tma,passed,success,grouped,,,,,bf16:row,bf16:column,f32:row,f32:row,1,0,invalid,invalid,heuristic,8,false,'[2731x5120x1536][2731x5120x1536][2731x5120x1536][2731x5120x1536][2731x5120x1536][2731x5120x1536][2731x5120x1536][2731x5120x1536][2730x5120x1536][2730x5120x1536][2730x5120x1536][2730x5120x1536]',,tensorop,f32,128,256,64,4,4,1,2,1,1,7,4,1,1,128,256,16,100,110,960495616,515731619840,536,0.437546,2044.43,1.17869e+06
1,CUTLASS,grouped_gemm,cutlass3x_sm100_tensorop_gemm_grouped_bf16_bf16_f32_void_f32_128x256x64_4x4x1_0_tnt_align8_2sm_epi_tma,passed,success,grouped,,,,,bf16:row,bf16:column,void:row,f32:row,1,0,invalid,invalid,heuristic,8,false,'[2731x5120x1536][2731x5120x1536][2731x5120x1536][2731x5120x1536][2731x5120x1536][2731x5120x1536][2731x5120x1536][2731x5120x1536][2730x5120x1536][2730x5120x1536][2730x5120x1536][2730x5120x1536]',,tensorop,f32,128,256,64,4,4,1,2,1,1,7,4,1,1,128,256,16,100,110,289406976,515731619840,1782,0.470317,573.084,1.09656e+06
1,CUTLASS,grouped_gemm,cutlass3x_sm100_tensorop_gemm_grouped_bf16_bf16_f32_void_f32_128x256x64_4x4x1_0_tnt_align8_stream_k_2sm_epi_tma,passed,success,grouped,,,,,bf16:row,bf16:column,void:row,f32:row,1,0,invalid,invalid,heuristic,8,false,'[2731x5120x1536][2731x5120x1536][2731x5120x1536][2731x5120x1536][2731x5120x1536][2731x5120x1536][2731x5120x1536][2731x5120x1536][2730x5120x1536][2730x5120x1536][2730x5120x1536][2730x5120x1536]',,tensorop,f32,128,256,64,4,4,1,2,1,1,7,4,1,1,128,256,16,100,110,289406976,515731619840,1782,0.471136,572.088,1.09466e+06
1,CUTLASS,grouped_gemm,cutlass3x_sm100_tensorop_gemm_grouped_bf16_bf16_f32_bf16_bf16_128x256x64_0x0x1_0_tnt_align8_2sm_epi_tma,passed,success,grouped,,,,,bf16:row,bf16:column,bf16:row,bf16:row,1,0,invalid,invalid,heuristic,8,false,'[2731x5120x1536][2731x5120x1536][2731x5120x1536][2731x5120x1536][2731x5120x1536][2731x5120x1536][2731x5120x1536][2731x5120x1536][2730x5120x1536][2730x5120x1536][2730x5120x1536][2730x5120x1536]',,tensorop,f32,128,256,64,2,1,1,2,1,1,7,4,1,1,128,256,16,100,110,624951296,515731619840,825,0.334736,1738.78,1.54071e+06
1,CUTLASS,grouped_gemm,cutlass3x_sm100_tensorop_gemm_grouped_bf16_bf16_f32_bf16_bf16_128x256x64_0x0x1_0_tnt_align8_stream_k_2sm_epi_tma,passed,success,grouped,,,,,bf16:row,bf16:column,bf16:row,bf16:row,1,0,invalid,invalid,heuristic,8,false,'[2731x5120x1536][2731x5120x1536][2731x5120x1536][2731x5120x1536][2731x5120x1536][2731x5120x1536][2731x5120x1536][2731x5120x1536][2730x5120x1536][2730x5120x1536][2730x5120x1536][2730x5120x1536]',,tensorop,f32,128,256,64,2,1,1,2,1,1,7,4,1,1,128,256,16,100,110,624951296,515731619840,825,0.335046,1737.17,1.53928e+06
1,CUTLASS,grouped_gemm,cutlass3x_sm100_tensorop_gemm_grouped_bf16_bf16_f32_void_bf16_128x256x64_0x0x1_0_tnt_align8_2sm_epi_tma,passed,success,grouped,,,,,bf16:row,bf16:column,void:row,bf16:row,1,0,invalid,invalid,heuristic,8,false,'[2731x5120x1536][2731x5120x1536][2731x5120x1536][2731x5120x1536][2731x5120x1536][2731x5120x1536][2731x5120x1536][2731x5120x1536][2730x5120x1536][2730x5120x1536][2730x5120x1536][2730x5120x1536]',,tensorop,f32,128,256,64,2,1,1,2,1,1,8,4,1,1,128,256,16,100,110,289406976,515731619840,1782,0.330435,815.686,1.56076e+06
1,CUTLASS,grouped_gemm,cutlass3x_sm100_tensorop_gemm_grouped_bf16_bf16_f32_void_bf16_128x256x64_0x0x1_0_tnt_align8_stream_k_2sm_epi_tma,passed,success,grouped,,,,,bf16:row,bf16:column,void:row,bf16:row,1,0,invalid,invalid,heuristic,8,false,'[2731x5120x1536][2731x5120x1536][2731x5120x1536][2731x5120x1536][2731x5120x1536][2731x5120x1536][2731x5120x1536][2731x5120x1536][2730x5120x1536][2730x5120x1536][2730x5120x1536][2730x5120x1536]',,tensorop,f32,128,256,64,2,1,1,2,1,1,8,4,1,1,128,256,16,100,110,289406976,515731619840,1782,0.330646,815.165,1.55977e+06
1,CUTLASS,grouped_gemm,cutlass3x_sm100_tensorop_gemm_grouped_bf16_bf16_f32_bf16_bf16_128x256x64_2x1x1_0_tnt_align8_2sm_epi_tma,passed,success,grouped,,,,,bf16:row,bf16:column,bf16:row,bf16:row,1,0,invalid,invalid,heuristic,8,false,'[2731x5120x1536][2731x5120x1536][2731x5120x1536][2731x5120x1536][2731x5120x1536][2731x5120x1536][2731x5120x1536][2731x5120x1536][2730x5120x1536][2730x5120x1536][2730x5120x1536][2730x5120x1536]',,tensorop,f32,128,256,64,2,1,1,2,1,1,7,4,1,1,128,256,16,100,110,624951296,515731619840,825,0.33464,1739.28,1.54115e+06
1,CUTLASS,grouped_gemm,cutlass3x_sm100_tensorop_gemm_grouped_bf16_bf16_f32_bf16_bf16_128x256x64_2x1x1_0_tnt_align8_stream_k_2sm_epi_tma,passed,success,grouped,,,,,bf16:row,bf16:column,bf16:row,bf16:row,1,0,invalid,invalid,heuristic,8,false,'[2731x5120x1536][2731x5120x1536][2731x5120x1536][2731x5120x1536][2731x5120x1536][2731x5120x1536][2731x5120x1536][2731x5120x1536][2730x5120x1536][2730x5120x1536][2730x5120x1536][2730x5120x1536]',,tensorop,f32,128,256,64,2,1,1,2,1,1,7,4,1,1,128,256,16,100,110,624951296,515731619840,825,0.33393,1742.98,1.54443e+06
1,CUTLASS,grouped_gemm,cutlass3x_sm100_tensorop_gemm_grouped_bf16_bf16_f32_void_bf16_128x256x64_2x1x1_0_tnt_align8_2sm_epi_tma,passed,success,grouped,,,,,bf16:row,bf16:column,void:row,bf16:row,1,0,invalid,invalid,heuristic,8,false,'[2731x5120x1536][2731x5120x1536][2731x5120x1536][2731x5120x1536][2731x5120x1536][2731x5120x1536][2731x5120x1536][2731x5120x1536][2730x5120x1536][2730x5120x1536][2730x5120x1536][2730x5120x1536]',,tensorop,f32,128,256,64,2,1,1,2,1,1,8,4,1,1,128,256,16,100,110,289406976,515731619840,1782,0.328803,819.734,1.56851e+06
1,CUTLASS,grouped_gemm,cutlass3x_sm100_tensorop_gemm_grouped_bf16_bf16_f32_void_bf16_128x256x64_2x1x1_0_tnt_align8_stream_k_2sm_epi_tma,passed,success,grouped,,,,,bf16:row,bf16:column,void:row,bf16:row,1,0,invalid,invalid,heuristic,8,false,'[2731x5120x1536][2731x5120x1536][2731x5120x1536][2731x5120x1536][2731x5120x1536][2731x5120x1536][2731x5120x1536][2731x5120x1536][2730x5120x1536][2730x5120x1536][2730x5120x1536][2730x5120x1536]',,tensorop,f32,128,256,64,2,1,1,2,1,1,8,4,1,1,128,256,16,100,110,289406976,515731619840,1782,0.328819,819.694,1.56844e+06
1,CUTLASS,grouped_gemm,cutlass3x_sm100_tensorop_gemm_grouped_bf16_bf16_f32_bf16_bf16_128x256x64_2x2x1_0_tnt_align8_2sm_epi_tma,passed,success,grouped,,,,,bf16:row,bf16:column,bf16:row,bf16:row,1,0,invalid,invalid,heuristic,8,false,'[2731x5120x1536][2731x5120x1536][2731x5120x1536][2731x5120x1536][2731x5120x1536][2731x5120x1536][2731x5120x1536][2731x5120x1536][2730x5120x1536][2730x5120x1536][2730x5120x1536][2730x5120x1536]',,tensorop,f32,128,256,64,2,2,1,2,1,1,7,4,1,1,128,256,16,100,110,624951296,515731619840,825,0.339782,1712.95,1.51783e+06
1,CUTLASS,grouped_gemm,cutlass3x_sm100_tensorop_gemm_grouped_bf16_bf16_f32_bf16_bf16_128x256x64_2x2x1_0_tnt_align8_stream_k_2sm_epi_tma,passed,success,grouped,,,,,bf16:row,bf16:column,bf16:row,bf16:row,1,0,invalid,invalid,heuristic,8,false,'[2731x5120x1536][2731x5120x1536][2731x5120x1536][2731x5120x1536][2731x5120x1536][2731x5120x1536][2731x5120x1536][2731x5120x1536][2730x5120x1536][2730x5120x1536][2730x5120x1536][2730x5120x1536]',,tensorop,f32,128,256,64,2,2,1,2,1,1,7,4,1,1,128,256,16,100,110,624951296,515731619840,825,0.33904,1716.7,1.52115e+06
1,CUTLASS,grouped_gemm,cutlass3x_sm100_tensorop_gemm_grouped_bf16_bf16_f32_void_bf16_128x256x64_2x2x1_0_tnt_align8_2sm_epi_tma,passed,success,grouped,,,,,bf16:row,bf16:column,void:row,bf16:row,1,0,invalid,invalid,heuristic,8,false,'[2731x5120x1536][2731x5120x1536][2731x5120x1536][2731x5120x1536][2731x5120x1536][2731x5120x1536][2731x5120x1536][2731x5120x1536][2730x5120x1536][2730x5120x1536][2730x5120x1536][2730x5120x1536]',,tensorop,f32,128,256,64,2,2,1,2,1,1,8,4,1,1,128,256,16,100,110,289406976,515731619840,1782,0.329418,818.205,1.56559e+06
1,CUTLASS,grouped_gemm,cutlass3x_sm100_tensorop_gemm_grouped_bf16_bf16_f32_void_bf16_128x256x64_2x2x1_0_tnt_align8_stream_k_2sm_epi_tma,passed,success,grouped,,,,,bf16:row,bf16:column,void:row,bf16:row,1,0,invalid,invalid,heuristic,8,false,'[2731x5120x1536][2731x5120x1536][2731x5120x1536][2731x5120x1536][2731x5120x1536][2731x5120x1536][2731x5120x1536][2731x5120x1536][2730x5120x1536][2730x5120x1536][2730x5120x1536][2730x5120x1536]',,tensorop,f32,128,256,64,2,2,1,2,1,1,8,4,1,1,128,256,16,100,110,289406976,515731619840,1782,0.329824,817.197,1.56366e+06
1,CUTLASS,grouped_gemm,cutlass3x_sm100_tensorop_gemm_grouped_bf16_bf16_f32_bf16_bf16_128x256x64_4x1x1_0_tnt_align8_2sm_epi_tma,passed,success,grouped,,,,,bf16:row,bf16:column,bf16:row,bf16:row,1,0,invalid,invalid,heuristic,8,false,'[2731x5120x1536][2731x5120x1536][2731x5120x1536][2731x5120x1536][2731x5120x1536][2731x5120x1536][2731x5120x1536][2731x5120x1536][2730x5120x1536][2730x5120x1536][2730x5120x1536][2730x5120x1536]',,tensorop,f32,128,256,64,4,1,1,2,1,1,7,4,1,1,128,256,16,100,110,624951296,515731619840,825,0.329622,1765.75,1.56461e+06
1,CUTLASS,grouped_gemm,cutlass3x_sm100_tensorop_gemm_grouped_bf16_bf16_f32_bf16_bf16_128x256x64_4x1x1_0_tnt_align8_stream_k_2sm_epi_tma,passed,success,grouped,,,,,bf16:row,bf16:column,bf16:row,bf16:row,1,0,invalid,invalid,heuristic,8,false,'[2731x5120x1536][2731x5120x1536][2731x5120x1536][2731x5120x1536][2731x5120x1536][2731x5120x1536][2731x5120x1536][2731x5120x1536][2730x5120x1536][2730x5120x1536][2730x5120x1536][2730x5120x1536]',,tensorop,f32,128,256,64,4,1,1,2,1,1,7,4,1,1,128,256,16,100,110,624951296,515731619840,825,0.327619,1776.55,1.57418e+06
1,CUTLASS,grouped_gemm,cutlass3x_sm100_tensorop_gemm_grouped_bf16_bf16_f32_void_bf16_128x256x64_4x1x1_0_tnt_align8_2sm_epi_tma,passed,success,grouped,,,,,bf16:row,bf16:column,void:row,bf16:row,1,0,invalid,invalid,heuristic,8,false,'[2731x5120x1536][2731x5120x1536][2731x5120x1536][2731x5120x1536][2731x5120x1536][2731x5120x1536][2731x5120x1536][2731x5120x1536][2730x5120x1536][2730x5120x1536][2730x5120x1536][2730x5120x1536]',,tensorop,f32,128,256,64,4,1,1,2,1,1,8,4,1,1,128,256,16,100,110,289406976,515731619840,1782,0.322656,835.352,1.59839e+06
1,CUTLASS,grouped_gemm,cutlass3x_sm100_tensorop_gemm_grouped_bf16_bf16_f32_void_bf16_128x256x64_4x1x1_0_tnt_align8_stream_k_2sm_epi_tma,passed,success,grouped,,,,,bf16:row,bf16:column,void:row,bf16:row,1,0,invalid,invalid,heuristic,8,false,'[2731x5120x1536][2731x5120x1536][2731x5120x1536][2731x5120x1536][2731x5120x1536][2731x5120x1536][2731x5120x1536][2731x5120x1536][2730x5120x1536][2730x5120x1536][2730x5120x1536][2730x5120x1536]',,tensorop,f32,128,256,64,4,1,1,2,1,1,8,4,1,1,128,256,16,100,110,289406976,515731619840,1782,0.323107,834.185,1.59616e+06
1,CUTLASS,grouped_gemm,cutlass3x_sm100_tensorop_gemm_grouped_bf16_bf16_f32_bf16_bf16_128x256x64_2x4x1_0_tnt_align8_2sm_epi_tma,passed,success,grouped,,,,,bf16:row,bf16:column,bf16:row,bf16:row,1,0,invalid,invalid,heuristic,8,false,'[2731x5120x1536][2731x5120x1536][2731x5120x1536][2731x5120x1536][2731x5120x1536][2731x5120x1536][2731x5120x1536][2731x5120x1536][2730x5120x1536][2730x5120x1536][2730x5120x1536][2730x5120x1536]',,tensorop,f32,128,256,64,2,4,1,2,1,1,7,4,1,1,128,256,16,100,110,624951296,515731619840,825,0.388438,1498.39,1.32771e+06
1,CUTLASS,grouped_gemm,cutlass3x_sm100_tensorop_gemm_grouped_bf16_bf16_f32_bf16_bf16_128x256x64_2x4x1_0_tnt_align8_stream_k_2sm_epi_tma,passed,success,grouped,,,,,bf16:row,bf16:column,bf16:row,bf16:row,1,0,invalid,invalid,heuristic,8,false,'[2731x5120x1536][2731x5120x1536][2731x5120x1536][2731x5120x1536][2731x5120x1536][2731x5120x1536][2731x5120x1536][2731x5120x1536][2730x5120x1536][2730x5120x1536][2730x5120x1536][2730x5120x1536]',,tensorop,f32,128,256,64,2,4,1,2,1,1,7,4,1,1,128,256,16,100,110,624951296,515731619840,825,0.389216,1495.39,1.32505e+06
1,CUTLASS,grouped_gemm,cutlass3x_sm100_tensorop_gemm_grouped_bf16_bf16_f32_void_bf16_128x256x64_2x4x1_0_tnt_align8_2sm_epi_tma,passed,success,grouped,,,,,bf16:row,bf16:column,void:row,bf16:row,1,0,invalid,invalid,heuristic,8,false,'[2731x5120x1536][2731x5120x1536][2731x5120x1536][2731x5120x1536][2731x5120x1536][2731x5120x1536][2731x5120x1536][2731x5120x1536][2730x5120x1536][2730x5120x1536][2730x5120x1536][2730x5120x1536]',,tensorop,f32,128,256,64,2,4,1,2,1,1,8,4,1,1,128,256,16,100,110,289406976,515731619840,1782,0.367715,732.989,1.40253e+06
1,CUTLASS,grouped_gemm,cutlass3x_sm100_tensorop_gemm_grouped_bf16_bf16_f32_void_bf16_128x256x64_2x4x1_0_tnt_align8_stream_k_2sm_epi_tma,passed,success,grouped,,,,,bf16:row,bf16:column,void:row,bf16:row,1,0,invalid,invalid,heuristic,8,false,'[2731x5120x1536][2731x5120x1536][2731x5120x1536][2731x5120x1536][2731x5120x1536][2731x5120x1536][2731x5120x1536][2731x5120x1536][2730x5120x1536][2730x5120x1536][2730x5120x1536][2730x5120x1536]',,tensorop,f32,128,256,64,2,4,1,2,1,1,8,4,1,1,128,256,16,100,110,289406976,515731619840,1782,0.367715,732.989,1.40253e+06
1,CUTLASS,grouped_gemm,cutlass3x_sm100_tensorop_gemm_grouped_bf16_bf16_f32_bf16_bf16_128x256x64_4x2x1_0_tnt_align8_2sm_epi_tma,passed,success,grouped,,,,,bf16:row,bf16:column,bf16:row,bf16:row,1,0,invalid,invalid,heuristic,8,false,'[2731x5120x1536][2731x5120x1536][2731x5120x1536][2731x5120x1536][2731x5120x1536][2731x5120x1536][2731x5120x1536][2731x5120x1536][2730x5120x1536][2730x5120x1536][2730x5120x1536][2730x5120x1536]',,tensorop,f32,128,256,64,4,2,1,2,1,1,7,4,1,1,128,256,16,100,110,624951296,515731619840,825,0.375286,1550.9,1.37423e+06
1,CUTLASS,grouped_gemm,cutlass3x_sm100_tensorop_gemm_grouped_bf16_bf16_f32_bf16_bf16_128x256x64_4x2x1_0_tnt_align8_stream_k_2sm_epi_tma,passed,success,grouped,,,,,bf16:row,bf16:column,bf16:row,bf16:row,1,0,invalid,invalid,heuristic,8,false,'[2731x5120x1536][2731x5120x1536][2731x5120x1536][2731x5120x1536][2731x5120x1536][2731x5120x1536][2731x5120x1536][2731x5120x1536][2730x5120x1536][2730x5120x1536][2730x5120x1536][2730x5120x1536]',,tensorop,f32,128,256,64,4,2,1,2,1,1,7,4,1,1,128,256,16,100,110,624951296,515731619840,825,0.375085,1551.73,1.37497e+06
1,CUTLASS,grouped_gemm,cutlass3x_sm100_tensorop_gemm_grouped_bf16_bf16_f32_void_bf16_128x256x64_4x2x1_0_tnt_align8_2sm_epi_tma,passed,success,grouped,,,,,bf16:row,bf16:column,void:row,bf16:row,1,0,invalid,invalid,heuristic,8,false,'[2731x5120x1536][2731x5120x1536][2731x5120x1536][2731x5120x1536][2731x5120x1536][2731x5120x1536][2731x5120x1536][2731x5120x1536][2730x5120x1536][2730x5120x1536][2730x5120x1536][2730x5120x1536]',,tensorop,f32,128,256,64,4,2,1,2,1,1,8,4,1,1,128,256,16,100,110,289406976,515731619840,1782,0.3544,760.528,1.45522e+06
1,CUTLASS,grouped_gemm,cutlass3x_sm100_tensorop_gemm_grouped_bf16_bf16_f32_void_bf16_128x256x64_4x2x1_0_tnt_align8_stream_k_2sm_epi_tma,passed,success,grouped,,,,,bf16:row,bf16:column,void:row,bf16:row,1,0,invalid,invalid,heuristic,8,false,'[2731x5120x1536][2731x5120x1536][2731x5120x1536][2731x5120x1536][2731x5120x1536][2731x5120x1536][2731x5120x1536][2731x5120x1536][2730x5120x1536][2730x5120x1536][2730x5120x1536][2730x5120x1536]',,tensorop,f32,128,256,64,4,2,1,2,1,1,8,4,1,1,128,256,16,100,110,289406976,515731619840,1782,0.355424,758.337,1.45103e+06
1,CUTLASS,grouped_gemm,cutlass3x_sm100_tensorop_gemm_grouped_bf16_bf16_f32_bf16_bf16_128x256x64_4x4x1_0_tnt_align8_2sm_epi_tma,passed,success,grouped,,,,,bf16:row,bf16:column,bf16:row,bf16:row,1,0,invalid,invalid,heuristic,8,false,'[2731x5120x1536][2731x5120x1536][2731x5120x1536][2731x5120x1536][2731x5120x1536][2731x5120x1536][2731x5120x1536][2731x5120x1536][2730x5120x1536][2730x5120x1536][2730x5120x1536][2730x5120x1536]',,tensorop,f32,128,256,64,4,4,1,2,1,1,7,4,1,1,128,256,16,100,110,624951296,515731619840,825,0.402115,1447.42,1.28255e+06
1,CUTLASS,grouped_gemm,cutlass3x_sm100_tensorop_gemm_grouped_bf16_bf16_f32_bf16_bf16_128x256x64_4x4x1_0_tnt_align8_stream_k_2sm_epi_tma,passed,success,grouped,,,,,bf16:row,bf16:column,bf16:row,bf16:row,1,0,invalid,invalid,heuristic,8,false,'[2731x5120x1536][2731x5120x1536][2731x5120x1536][2731x5120x1536][2731x5120x1536][2731x5120x1536][2731x5120x1536][2731x5120x1536][2730x5120x1536][2730x5120x1536][2730x5120x1536][2730x5120x1536]',,tensorop,f32,128,256,64,4,4,1,2,1,1,7,4,1,1,128,256,16,100,110,624951296,515731619840,825,0.402557,1445.84,1.28114e+06
1,CUTLASS,grouped_gemm,cutlass3x_sm100_tensorop_gemm_grouped_bf16_bf16_f32_void_bf16_128x256x64_4x4x1_0_tnt_align8_2sm_epi_tma,passed,success,grouped,,,,,bf16:row,bf16:column,void:row,bf16:row,1,0,invalid,invalid,heuristic,8,false,'[2731x5120x1536][2731x5120x1536][2731x5120x1536][2731x5120x1536][2731x5120x1536][2731x5120x1536][2731x5120x1536][2731x5120x1536][2730x5120x1536][2730x5120x1536][2730x5120x1536][2730x5120x1536]',,tensorop,f32,128,256,64,4,4,1,2,1,1,8,4,1,1,128,256,16,100,110,289406976,515731619840,1782,0.37409,720.499,1.37863e+06
1,CUTLASS,grouped_gemm,cutlass3x_sm100_tensorop_gemm_grouped_bf16_bf16_f32_void_bf16_128x256x64_4x4x1_0_tnt_align8_stream_k_2sm_epi_tma,passed,success,grouped,,,,,bf16:row,bf16:column,void:row,bf16:row,1,0,invalid,invalid,heuristic,8,false,'[2731x5120x1536][2731x5120x1536][2731x5120x1536][2731x5120x1536][2731x5120x1536][2731x5120x1536][2731x5120x1536][2731x5120x1536][2730x5120x1536][2730x5120x1536][2730x5120x1536][2730x5120x1536]',,tensorop,f32,128,256,64,4,4,1,2,1,1,8,4,1,1,128,256,16,100,110,289406976,515731619840,1782,0.374166,720.351,1.37835e+06
1,CUTLASS,grouped_gemm,cutlass3x_sm100_tensorop_gemm_grouped_bf16_bf16_f32_f32_f32_256x128x64_0x0x1_0_tnt_align8_2sm_epi_tma,passed,success,grouped,,,,,bf16:row,bf16:column,f32:row,f32:row,1,0,invalid,invalid,heuristic,8,false,'[2731x5120x1536][2731x5120x1536][2731x5120x1536][2731x5120x1536][2731x5120x1536][2731x5120x1536][2731x5120x1536][2731x5120x1536][2730x5120x1536][2730x5120x1536][2730x5120x1536][2730x5120x1536]',,tensorop,f32,256,128,64,2,1,1,2,1,1,7,4,1,1,256,128,16,100,110,960495616,515731619840,536,0.369066,2423.77,1.3974e+06
1,CUTLASS,grouped_gemm,cutlass3x_sm100_tensorop_gemm_grouped_bf16_bf16_f32_f32_f32_256x128x64_0x0x1_0_tnt_align8_stream_k_2sm_epi_tma,passed,success,grouped,,,,,bf16:row,bf16:column,f32:row,f32:row,1,0,invalid,invalid,heuristic,8,false,'[2731x5120x1536][2731x5120x1536][2731x5120x1536][2731x5120x1536][2731x5120x1536][2731x5120x1536][2731x5120x1536][2731x5120x1536][2730x5120x1536][2730x5120x1536][2730x5120x1536][2730x5120x1536]',,tensorop,f32,256,128,64,2,1,1,2,1,1,7,4,1,1,256,128,16,100,110,960495616,515731619840,536,0.367811,2432.04,1.40216e+06
1,CUTLASS,grouped_gemm,cutlass3x_sm100_tensorop_gemm_grouped_bf16_bf16_f32_void_f32_256x128x64_0x0x1_0_tnt_align8_2sm_epi_tma,passed,success,grouped,,,,,bf16:row,bf16:column,void:row,f32:row,1,0,invalid,invalid,heuristic,8,false,'[2731x5120x1536][2731x5120x1536][2731x5120x1536][2731x5120x1536][2731x5120x1536][2731x5120x1536][2731x5120x1536][2731x5120x1536][2730x5120x1536][2730x5120x1536][2730x5120x1536][2730x5120x1536]',,tensorop,f32,256,128,64,2,1,1,2,1,1,7,4,1,1,256,128,16,100,110,289406976,515731619840,1782,0.379821,709.627,1.35783e+06
1,CUTLASS,grouped_gemm,cutlass3x_sm100_tensorop_gemm_grouped_bf16_bf16_f32_void_f32_256x128x64_0x0x1_0_tnt_align8_stream_k_2sm_epi_tma,passed,success,grouped,,,,,bf16:row,bf16:column,void:row,f32:row,1,0,invalid,invalid,heuristic,8,false,'[2731x5120x1536][2731x5120x1536][2731x5120x1536][2731x5120x1536][2731x5120x1536][2731x5120x1536][2731x5120x1536][2731x5120x1536][2730x5120x1536][2730x5120x1536][2730x5120x1536][2730x5120x1536]',,tensorop,f32,256,128,64,2,1,1,2,1,1,7,4,1,1,256,128,16,100,110,289406976,515731619840,1782,0.379104,710.969,1.3604e+06
1,CUTLASS,grouped_gemm,cutlass3x_sm100_tensorop_gemm_grouped_bf16_bf16_f32_f32_f32_256x128x64_2x1x1_0_tnt_align8_2sm_epi_tma,passed,success,grouped,,,,,bf16:row,bf16:column,f32:row,f32:row,1,0,invalid,invalid,heuristic,8,false,'[2731x5120x1536][2731x5120x1536][2731x5120x1536][2731x5120x1536][2731x5120x1536][2731x5120x1536][2731x5120x1536][2731x5120x1536][2730x5120x1536][2730x5120x1536][2730x5120x1536][2730x5120x1536]',,tensorop,f32,256,128,64,2,1,1,2,1,1,7,4,1,1,256,128,16,100,110,960495616,515731619840,536,0.367328,2435.24,1.40401e+06
1,CUTLASS,grouped_gemm,cutlass3x_sm100_tensorop_gemm_grouped_bf16_bf16_f32_f32_f32_256x128x64_2x1x1_0_tnt_align8_stream_k_2sm_epi_tma,passed,success,grouped,,,,,bf16:row,bf16:column,f32:row,f32:row,1,0,invalid,invalid,heuristic,8,false,'[2731x5120x1536][2731x5120x1536][2731x5120x1536][2731x5120x1536][2731x5120x1536][2731x5120x1536][2731x5120x1536][2731x5120x1536][2730x5120x1536][2730x5120x1536][2730x5120x1536][2730x5120x1536]',,tensorop,f32,256,128,64,2,1,1,2,1,1,7,4,1,1,256,128,16,100,110,960495616,515731619840,536,0.367635,2433.2,1.40284e+06
1,CUTLASS,grouped_gemm,cutlass3x_sm100_tensorop_gemm_grouped_bf16_bf16_f32_void_f32_256x128x64_2x1x1_0_tnt_align8_2sm_epi_tma,passed,success,grouped,,,,,bf16:row,bf16:column,void:row,f32:row,1,0,invalid,invalid,heuristic,8,false,'[2731x5120x1536][2731x5120x1536][2731x5120x1536][2731x5120x1536][2731x5120x1536][2731x5120x1536][2731x5120x1536][2731x5120x1536][2730x5120x1536][2730x5120x1536][2730x5120x1536][2730x5120x1536]',,tensorop,f32,256,128,64,2,1,1,2,1,1,7,4,1,1,256,128,16,100,110,289406976,515731619840,1782,0.378362,712.364,1.36307e+06
1,CUTLASS,grouped_gemm,cutlass3x_sm100_tensorop_gemm_grouped_bf16_bf16_f32_void_f32_256x128x64_2x1x1_0_tnt_align8_stream_k_2sm_epi_tma,passed,success,grouped,,,,,bf16:row,bf16:column,void:row,f32:row,1,0,invalid,invalid,heuristic,8,false,'[2731x5120x1536][2731x5120x1536][2731x5120x1536][2731x5120x1536][2731x5120x1536][2731x5120x1536][2731x5120x1536][2731x5120x1536][2730x5120x1536][2730x5120x1536][2730x5120x1536][2730x5120x1536]',,tensorop,f32,256,128,64,2,1,1,2,1,1,7,4,1,1,256,128,16,100,110,289406976,515731619840,1782,0.377952,713.136,1.36454e+06
1,CUTLASS,grouped_gemm,cutlass3x_sm100_tensorop_gemm_grouped_bf16_bf16_f32_f32_f32_256x128x64_2x2x1_0_tnt_align8_2sm_epi_tma,passed,success,grouped,,,,,bf16:row,bf16:column,f32:row,f32:row,1,0,invalid,invalid,heuristic,8,false,'[2731x5120x1536][2731x5120x1536][2731x5120x1536][2731x5120x1536][2731x5120x1536][2731x5120x1536][2731x5120x1536][2731x5120x1536][2730x5120x1536][2730x5120x1536][2730x5120x1536][2730x5120x1536]',,tensorop,f32,256,128,64,2,2,1,2,1,1,7,4,1,1,256,128,16,100,110,960495616,515731619840,536,0.365798,2445.42,1.40988e+06
1,CUTLASS,grouped_gemm,cutlass3x_sm100_tensorop_gemm_grouped_bf16_bf16_f32_f32_f32_256x128x64_2x2x1_0_tnt_align8_stream_k_2sm_epi_tma,passed,success,grouped,,,,,bf16:row,bf16:column,f32:row,f32:row,1,0,invalid,invalid,heuristic,8,false,'[2731x5120x1536][2731x5120x1536][2731x5120x1536][2731x5120x1536][2731x5120x1536][2731x5120x1536][2731x5120x1536][2731x5120x1536][2730x5120x1536][2730x5120x1536][2730x5120x1536][2730x5120x1536]',,tensorop,f32,256,128,64,2,2,1,2,1,1,7,4,1,1,256,128,16,100,110,960495616,515731619840,536,0.366582,2440.19,1.40686e+06
1,CUTLASS,grouped_gemm,cutlass3x_sm100_tensorop_gemm_grouped_bf16_bf16_f32_void_f32_256x128x64_2x2x1_0_tnt_align8_2sm_epi_tma,passed,success,grouped,,,,,bf16:row,bf16:column,void:row,f32:row,1,0,invalid,invalid,heuristic,8,false,'[2731x5120x1536][2731x5120x1536][2731x5120x1536][2731x5120x1536][2731x5120x1536][2731x5120x1536][2731x5120x1536][2731x5120x1536][2730x5120x1536][2730x5120x1536][2730x5120x1536][2730x5120x1536]',,tensorop,f32,256,128,64,2,2,1,2,1,1,7,4,1,1,256,128,16,100,110,289406976,515731619840,1782,0.382509,704.641,1.34829e+06
1,CUTLASS,grouped_gemm,cutlass3x_sm100_tensorop_gemm_grouped_bf16_bf16_f32_void_f32_256x128x64_2x2x1_0_tnt_align8_stream_k_2sm_epi_tma,passed,success,grouped,,,,,bf16:row,bf16:column,void:row,f32:row,1,0,invalid,invalid,heuristic,8,false,'[2731x5120x1536][2731x5120x1536][2731x5120x1536][2731x5120x1536][2731x5120x1536][2731x5120x1536][2731x5120x1536][2731x5120x1536][2730x5120x1536][2730x5120x1536][2730x5120x1536][2730x5120x1536]',,tensorop,f32,256,128,64,2,2,1,2,1,1,7,4,1,1,256,128,16,100,110,289406976,515731619840,1782,0.383274,703.235,1.3456e+06
1,CUTLASS,grouped_gemm,cutlass3x_sm100_tensorop_gemm_grouped_bf16_bf16_f32_f32_f32_256x128x64_4x1x1_0_tnt_align8_2sm_epi_tma,passed,success,grouped,,,,,bf16:row,bf16:column,f32:row,f32:row,1,0,invalid,invalid,heuristic,8,false,'[2731x5120x1536][2731x5120x1536][2731x5120x1536][2731x5120x1536][2731x5120x1536][2731x5120x1536][2731x5120x1536][2731x5120x1536][2730x5120x1536][2730x5120x1536][2730x5120x1536][2730x5120x1536]',,tensorop,f32,256,128,64,4,1,1,2,1,1,7,4,1,1,256,128,16,100,110,960495616,515731619840,536,0.42303,2114.58,1.21914e+06
1,CUTLASS,grouped_gemm,cutlass3x_sm100_tensorop_gemm_grouped_bf16_bf16_f32_f32_f32_256x128x64_4x1x1_0_tnt_align8_stream_k_2sm_epi_tma,passed,success,grouped,,,,,bf16:row,bf16:column,f32:row,f32:row,1,0,invalid,invalid,heuristic,8,false,'[2731x5120x1536][2731x5120x1536][2731x5120x1536][2731x5120x1536][2731x5120x1536][2731x5120x1536][2731x5120x1536][2731x5120x1536][2730x5120x1536][2730x5120x1536][2730x5120x1536][2730x5120x1536]',,tensorop,f32,256,128,64,4,1,1,2,1,1,7,4,1,1,256,128,16,100,110,960495616,515731619840,536,0.420547,2127.07,1.22633e+06
1,CUTLASS,grouped_gemm,cutlass3x_sm100_tensorop_gemm_grouped_bf16_bf16_f32_void_f32_256x128x64_4x1x1_0_tnt_align8_2sm_epi_tma,passed,success,grouped,,,,,bf16:row,bf16:column,void:row,f32:row,1,0,invalid,invalid,heuristic,8,false,'[2731x5120x1536][2731x5120x1536][2731x5120x1536][2731x5120x1536][2731x5120x1536][2731x5120x1536][2731x5120x1536][2731x5120x1536][2730x5120x1536][2730x5120x1536][2730x5120x1536][2730x5120x1536]',,tensorop,f32,256,128,64,4,1,1,2,1,1,7,4,1,1,256,128,16,100,110,289406976,515731619840,1782,0.440758,611.517,1.1701e+06
1,CUTLASS,grouped_gemm,cutlass3x_sm100_tensorop_gemm_grouped_bf16_bf16_f32_void_f32_256x128x64_4x1x1_0_tnt_align8_stream_k_2sm_epi_tma,passed,success,grouped,,,,,bf16:row,bf16:column,void:row,f32:row,1,0,invalid,invalid,heuristic,8,false,'[2731x5120x1536][2731x5120x1536][2731x5120x1536][2731x5120x1536][2731x5120x1536][2731x5120x1536][2731x5120x1536][2731x5120x1536][2730x5120x1536][2730x5120x1536][2730x5120x1536][2730x5120x1536]',,tensorop,f32,256,128,64,4,1,1,2,1,1,7,4,1,1,256,128,16,100,110,289406976,515731619840,1782,0.436934,616.869,1.18034e+06
1,CUTLASS,grouped_gemm,cutlass3x_sm100_tensorop_gemm_grouped_bf16_bf16_f32_f32_f32_256x128x64_2x4x1_0_tnt_align8_2sm_epi_tma,passed,success,grouped,,,,,bf16:row,bf16:column,f32:row,f32:row,1,0,invalid,invalid,heuristic,8,false,'[2731x5120x1536][2731x5120x1536][2731x5120x1536][2731x5120x1536][2731x5120x1536][2731x5120x1536][2731x5120x1536][2731x5120x1536][2730x5120x1536][2730x5120x1536][2730x5120x1536][2730x5120x1536]',,tensorop,f32,256,128,64,2,4,1,2,1,1,7,4,1,1,256,128,16,100,110,960495616,515731619840,536,0.413334,2164.18,1.24773e+06
1,CUTLASS,grouped_gemm,cutlass3x_sm100_tensorop_gemm_grouped_bf16_bf16_f32_f32_f32_256x128x64_2x4x1_0_tnt_align8_stream_k_2sm_epi_tma,passed,success,grouped,,,,,bf16:row,bf16:column,f32:row,f32:row,1,0,invalid,invalid,heuristic,8,false,'[2731x5120x1536][2731x5120x1536][2731x5120x1536][2731x5120x1536][2731x5120x1536][2731x5120x1536][2731x5120x1536][2731x5120x1536][2730x5120x1536][2730x5120x1536][2730x5120x1536][2730x5120x1536]',,tensorop,f32,256,128,64,2,4,1,2,1,1,7,4,1,1,256,128,16,100,110,960495616,515731619840,536,0.413411,2163.78,1.2475e+06
1,CUTLASS,grouped_gemm,cutlass3x_sm100_tensorop_gemm_grouped_bf16_bf16_f32_void_f32_256x128x64_2x4x1_0_tnt_align8_2sm_epi_tma,passed,success,grouped,,,,,bf16:row,bf16:column,void:row,f32:row,1,0,invalid,invalid,heuristic,8,false,'[2731x5120x1536][2731x5120x1536][2731x5120x1536][2731x5120x1536][2731x5120x1536][2731x5120x1536][2731x5120x1536][2731x5120x1536][2730x5120x1536][2730x5120x1536][2730x5120x1536][2730x5120x1536]',,tensorop,f32,256,128,64,2,4,1,2,1,1,7,4,1,1,256,128,16,100,110,289406976,515731619840,1782,0.445331,605.238,1.15809e+06
1,CUTLASS,grouped_gemm,cutlass3x_sm100_tensorop_gemm_grouped_bf16_bf16_f32_void_f32_256x128x64_2x4x1_0_tnt_align8_stream_k_2sm_epi_tma,passed,success,grouped,,,,,bf16:row,bf16:column,void:row,f32:row,1,0,invalid,invalid,heuristic,8,false,'[2731x5120x1536][2731x5120x1536][2731x5120x1536][2731x5120x1536][2731x5120x1536][2731x5120x1536][2731x5120x1536][2731x5120x1536][2730x5120x1536][2730x5120x1536][2730x5120x1536][2730x5120x1536]',,tensorop,f32,256,128,64,2,4,1,2,1,1,7,4,1,1,256,128,16,100,110,289406976,515731619840,1782,0.444512,606.353,1.16022e+06
1,CUTLASS,grouped_gemm,cutlass3x_sm100_tensorop_gemm_grouped_bf16_bf16_f32_f32_f32_256x128x64_4x2x1_0_tnt_align8_2sm_epi_tma,passed,success,grouped,,,,,bf16:row,bf16:column,f32:row,f32:row,1,0,invalid,invalid,heuristic,8,false,'[2731x5120x1536][2731x5120x1536][2731x5120x1536][2731x5120x1536][2731x5120x1536][2731x5120x1536][2731x5120x1536][2731x5120x1536][2730x5120x1536][2730x5120x1536][2730x5120x1536][2730x5120x1536]',,tensorop,f32,256,128,64,4,2,1,2,1,1,7,4,1,1,256,128,16,100,110,960495616,515731619840,536,0.445741,2006.84,1.15702e+06
1,CUTLASS,grouped_gemm,cutlass3x_sm100_tensorop_gemm_grouped_bf16_bf16_f32_f32_f32_256x128x64_4x2x1_0_tnt_align8_stream_k_2sm_epi_tma,passed,success,grouped,,,,,bf16:row,bf16:column,f32:row,f32:row,1,0,invalid,invalid,heuristic,8,false,'[2731x5120x1536][2731x5120x1536][2731x5120x1536][2731x5120x1536][2731x5120x1536][2731x5120x1536][2731x5120x1536][2731x5120x1536][2730x5120x1536][2730x5120x1536][2730x5120x1536][2730x5120x1536]',,tensorop,f32,256,128,64,4,2,1,2,1,1,7,4,1,1,256,128,16,100,110,960495616,515731619840,536,0.446045,2005.47,1.15623e+06
1,CUTLASS,grouped_gemm,cutlass3x_sm100_tensorop_gemm_grouped_bf16_bf16_f32_void_f32_256x128x64_4x2x1_0_tnt_align8_2sm_epi_tma,passed,success,grouped,,,,,bf16:row,bf16:column,void:row,f32:row,1,0,invalid,invalid,heuristic,8,false,'[2731x5120x1536][2731x5120x1536][2731x5120x1536][2731x5120x1536][2731x5120x1536][2731x5120x1536][2731x5120x1536][2731x5120x1536][2730x5120x1536][2730x5120x1536][2730x5120x1536][2730x5120x1536]',,tensorop,f32,256,128,64,4,2,1,2,1,1,7,4,1,1,256,128,16,100,110,289406976,515731619840,1782,0.474976,567.463,1.08581e+06
1,CUTLASS,grouped_gemm,cutlass3x_sm100_tensorop_gemm_grouped_bf16_bf16_f32_void_f32_256x128x64_4x2x1_0_tnt_align8_stream_k_2sm_epi_tma,passed,success,grouped,,,,,bf16:row,bf16:column,void:row,f32:row,1,0,invalid,invalid,heuristic,8,false,'[2731x5120x1536][2731x5120x1536][2731x5120x1536][2731x5120x1536][2731x5120x1536][2731x5120x1536][2731x5120x1536][2731x5120x1536][2730x5120x1536][2730x5120x1536][2730x5120x1536][2730x5120x1536]',,tensorop,f32,256,128,64,4,2,1,2,1,1,7,4,1,1,256,128,16,100,110,289406976,515731619840,1782,0.475872,566.394,1.08376e+06
1,CUTLASS,grouped_gemm,cutlass3x_sm100_tensorop_gemm_grouped_bf16_bf16_f32_f32_f32_256x128x64_4x4x1_0_tnt_align8_2sm_epi_tma,passed,success,grouped,,,,,bf16:row,bf16:column,f32:row,f32:row,1,0,invalid,invalid,heuristic,8,false,'[2731x5120x1536][2731x5120x1536][2731x5120x1536][2731x5120x1536][2731x5120x1536][2731x5120x1536][2731x5120x1536][2731x5120x1536][2730x5120x1536][2730x5120x1536][2730x5120x1536][2730x5120x1536]',,tensorop,f32,256,128,64,4,4,1,2,1,1,7,4,1,1,256,128,16,100,110,960495616,515731619840,536,0.454883,1966.51,1.13377e+06
1,CUTLASS,grouped_gemm,cutlass3x_sm100_tensorop_gemm_grouped_bf16_bf16_f32_f32_f32_256x128x64_4x4x1_0_tnt_align8_stream_k_2sm_epi_tma,passed,success,grouped,,,,,bf16:row,bf16:column,f32:row,f32:row,1,0,invalid,invalid,heuristic,8,false,'[2731x5120x1536][2731x5120x1536][2731x5120x1536][2731x5120x1536][2731x5120x1536][2731x5120x1536][2731x5120x1536][2731x5120x1536][2730x5120x1536][2730x5120x1536][2730x5120x1536][2730x5120x1536]',,tensorop,f32,256,128,64,4,4,1,2,1,1,7,4,1,1,256,128,16,100,110,960495616,515731619840,536,0.454035,1970.18,1.13588e+06
1,CUTLASS,grouped_gemm,cutlass3x_sm100_tensorop_gemm_grouped_bf16_bf16_f32_void_f32_256x128x64_4x4x1_0_tnt_align8_2sm_epi_tma,passed,success,grouped,,,,,bf16:row,bf16:column,void:row,f32:row,1,0,invalid,invalid,heuristic,8,false,'[2731x5120x1536][2731x5120x1536][2731x5120x1536][2731x5120x1536][2731x5120x1536][2731x5120x1536][2731x5120x1536][2731x5120x1536][2730x5120x1536][2730x5120x1536][2730x5120x1536][2730x5120x1536]',,tensorop,f32,256,128,64,4,4,1,2,1,1,7,4,1,1,256,128,16,100,110,289406976,515731619840,1782,0.495846,543.578,1.0401e+06
1,CUTLASS,grouped_gemm,cutlass3x_sm100_tensorop_gemm_grouped_bf16_bf16_f32_void_f32_256x128x64_4x4x1_0_tnt_align8_stream_k_2sm_epi_tma,passed,success,grouped,,,,,bf16:row,bf16:column,void:row,f32:row,1,0,invalid,invalid,heuristic,8,false,'[2731x5120x1536][2731x5120x1536][2731x5120x1536][2731x5120x1536][2731x5120x1536][2731x5120x1536][2731x5120x1536][2731x5120x1536][2730x5120x1536][2730x5120x1536][2730x5120x1536][2730x5120x1536]',,tensorop,f32,256,128,64,4,4,1,2,1,1,7,4,1,1,256,128,16,100,110,289406976,515731619840,1782,0.496282,543.101,1.03919e+06
1,CUTLASS,grouped_gemm,cutlass3x_sm100_tensorop_gemm_grouped_bf16_bf16_f32_bf16_bf16_256x128x64_0x0x1_0_tnt_align8_2sm_epi_tma,passed,success,grouped,,,,,bf16:row,bf16:column,bf16:row,bf16:row,1,0,invalid,invalid,heuristic,8,false,'[2731x5120x1536][2731x5120x1536][2731x5120x1536][2731x5120x1536][2731x5120x1536][2731x5120x1536][2731x5120x1536][2731x5120x1536][2730x5120x1536][2730x5120x1536][2730x5120x1536][2730x5120x1536]',,tensorop,f32,256,128,64,2,1,1,2,1,1,7,4,1,1,256,128,16,100,110,624951296,515731619840,825,0.342138,1701.16,1.50738e+06
1,CUTLASS,grouped_gemm,cutlass3x_sm100_tensorop_gemm_grouped_bf16_bf16_f32_bf16_bf16_256x128x64_0x0x1_0_tnt_align8_stream_k_2sm_epi_tma,passed,success,grouped,,,,,bf16:row,bf16:column,bf16:row,bf16:row,1,0,invalid,invalid,heuristic,8,false,'[2731x5120x1536][2731x5120x1536][2731x5120x1536][2731x5120x1536][2731x5120x1536][2731x5120x1536][2731x5120x1536][2731x5120x1536][2730x5120x1536][2730x5120x1536][2730x5120x1536][2730x5120x1536]',,tensorop,f32,256,128,64,2,1,1,2,1,1,7,4,1,1,256,128,16,100,110,624951296,515731619840,825,0.342346,1700.13,1.50646e+06
1,CUTLASS,grouped_gemm,cutlass3x_sm100_tensorop_gemm_grouped_bf16_bf16_f32_void_bf16_256x128x64_0x0x1_0_tnt_align8_2sm_epi_tma,passed,success,grouped,,,,,bf16:row,bf16:column,void:row,bf16:row,1,0,invalid,invalid,heuristic,8,false,'[2731x5120x1536][2731x5120x1536][2731x5120x1536][2731x5120x1536][2731x5120x1536][2731x5120x1536][2731x5120x1536][2731x5120x1536][2730x5120x1536][2730x5120x1536][2730x5120x1536][2730x5120x1536]',,tensorop,f32,256,128,64,2,1,1,2,1,1,8,4,1,1,256,128,16,100,110,289406976,515731619840,1782,0.344157,783.164,1.49854e+06
1,CUTLASS,grouped_gemm,cutlass3x_sm100_tensorop_gemm_grouped_bf16_bf16_f32_void_bf16_256x128x64_0x0x1_0_tnt_align8_stream_k_2sm_epi_tma,passed,success,grouped,,,,,bf16:row,bf16:column,void:row,bf16:row,1,0,invalid,invalid,heuristic,8,false,'[2731x5120x1536][2731x5120x1536][2731x5120x1536][2731x5120x1536][2731x5120x1536][2731x5120x1536][2731x5120x1536][2731x5120x1536][2730x5120x1536][2730x5120x1536][2730x5120x1536][2730x5120x1536]',,tensorop,f32,256,128,64,2,1,1,2,1,1,8,4,1,1,256,128,16,100,110,289406976,515731619840,1782,0.34377,784.046,1.50022e+06
1,CUTLASS,grouped_gemm,cutlass3x_sm100_tensorop_gemm_grouped_bf16_bf16_f32_bf16_bf16_256x128x64_2x1x1_0_tnt_align8_2sm_epi_tma,passed,success,grouped,,,,,bf16:row,bf16:column,bf16:row,bf16:row,1,0,invalid,invalid,heuristic,8,false,'[2731x5120x1536][2731x5120x1536][2731x5120x1536][2731x5120x1536][2731x5120x1536][2731x5120x1536][2731x5120x1536][2731x5120x1536][2730x5120x1536][2730x5120x1536][2730x5120x1536][2730x5120x1536]',,tensorop,f32,256,128,64,2,1,1,2,1,1,7,4,1,1,256,128,16,100,110,624951296,515731619840,825,0.341834,1702.67,1.50872e+06
1,CUTLASS,grouped_gemm,cutlass3x_sm100_tensorop_gemm_grouped_bf16_bf16_f32_bf16_bf16_256x128x64_2x1x1_0_tnt_align8_stream_k_2sm_epi_tma,passed,success,grouped,,,,,bf16:row,bf16:column,bf16:row,bf16:row,1,0,invalid,invalid,heuristic,8,false,'[2731x5120x1536][2731x5120x1536][2731x5120x1536][2731x5120x1536][2731x5120x1536][2731x5120x1536][2731x5120x1536][2731x5120x1536][2730x5120x1536][2730x5120x1536][2730x5120x1536][2730x5120x1536]',,tensorop,f32,256,128,64,2,1,1,2,1,1,7,4,1,1,256,128,16,100,110,624951296,515731619840,825,0.342134,1701.18,1.50739e+06
1,CUTLASS,grouped_gemm,cutlass3x_sm100_tensorop_gemm_grouped_bf16_bf16_f32_void_bf16_256x128x64_2x1x1_0_tnt_align8_2sm_epi_tma,passed,success,grouped,,,,,bf16:row,bf16:column,void:row,bf16:row,1,0,invalid,invalid,heuristic,8,false,'[2731x5120x1536][2731x5120x1536][2731x5120x1536][2731x5120x1536][2731x5120x1536][2731x5120x1536][2731x5120x1536][2731x5120x1536][2730x5120x1536][2730x5120x1536][2730x5120x1536][2730x5120x1536]',,tensorop,f32,256,128,64,2,1,1,2,1,1,8,4,1,1,256,128,16,100,110,289406976,515731619840,1782,0.339245,794.504,1.52023e+06
1,CUTLASS,grouped_gemm,cutlass3x_sm100_tensorop_gemm_grouped_bf16_bf16_f32_void_bf16_256x128x64_2x1x1_0_tnt_align8_stream_k_2sm_epi_tma,passed,success,grouped,,,,,bf16:row,bf16:column,void:row,bf16:row,1,0,invalid,invalid,heuristic,8,false,'[2731x5120x1536][2731x5120x1536][2731x5120x1536][2731x5120x1536][2731x5120x1536][2731x5120x1536][2731x5120x1536][2731x5120x1536][2730x5120x1536][2730x5120x1536][2730x5120x1536][2730x5120x1536]',,tensorop,f32,256,128,64,2,1,1,2,1,1,8,4,1,1,256,128,16,100,110,289406976,515731619840,1782,0.341514,789.226,1.51013e+06
1,CUTLASS,grouped_gemm,cutlass3x_sm100_tensorop_gemm_grouped_bf16_bf16_f32_bf16_bf16_256x128x64_2x2x1_0_tnt_align8_2sm_epi_tma,passed,success,grouped,,,,,bf16:row,bf16:column,bf16:row,bf16:row,1,0,invalid,invalid,heuristic,8,false,'[2731x5120x1536][2731x5120x1536][2731x5120x1536][2731x5120x1536][2731x5120x1536][2731x5120x1536][2731x5120x1536][2731x5120x1536][2730x5120x1536][2730x5120x1536][2730x5120x1536][2730x5120x1536]',,tensorop,f32,256,128,64,2,2,1,2,1,1,7,4,1,1,256,128,16,100,110,624951296,515731619840,825,0.329418,1766.85,1.56559e+06
1,CUTLASS,grouped_gemm,cutlass3x_sm100_tensorop_gemm_grouped_bf16_bf16_f32_bf16_bf16_256x128x64_2x2x1_0_tnt_align8_stream_k_2sm_epi_tma,passed,success,grouped,,,,,bf16:row,bf16:column,bf16:row,bf16:row,1,0,invalid,invalid,heuristic,8,false,'[2731x5120x1536][2731x5120x1536][2731x5120x1536][2731x5120x1536][2731x5120x1536][2731x5120x1536][2731x5120x1536][2731x5120x1536][2730x5120x1536][2730x5120x1536][2730x5120x1536][2730x5120x1536]',,tensorop,f32,256,128,64,2,2,1,2,1,1,7,4,1,1,256,128,16,100,110,624951296,515731619840,825,0.327939,1774.81,1.57264e+06
1,CUTLASS,grouped_gemm,cutlass3x_sm100_tensorop_gemm_grouped_bf16_bf16_f32_void_bf16_256x128x64_2x2x1_0_tnt_align8_2sm_epi_tma,passed,success,grouped,,,,,bf16:row,bf16:column,void:row,bf16:row,1,0,invalid,invalid,heuristic,8,false,'[2731x5120x1536][2731x5120x1536][2731x5120x1536][2731x5120x1536][2731x5120x1536][2731x5120x1536][2731x5120x1536][2731x5120x1536][2730x5120x1536][2730x5120x1536][2730x5120x1536][2730x5120x1536]',,tensorop,f32,256,128,64,2,2,1,2,1,1,8,4,1,1,256,128,16,100,110,289406976,515731619840,1782,0.32064,840.604,1.60844e+06
1,CUTLASS,grouped_gemm,cutlass3x_sm100_tensorop_gemm_grouped_bf16_bf16_f32_void_bf16_256x128x64_2x2x1_0_tnt_align8_stream_k_2sm_epi_tma,passed,success,grouped,,,,,bf16:row,bf16:column,void:row,bf16:row,1,0,invalid,invalid,heuristic,8,false,'[2731x5120x1536][2731x5120x1536][2731x5120x1536][2731x5120x1536][2731x5120x1536][2731x5120x1536][2731x5120x1536][2731x5120x1536][2730x5120x1536][2730x5120x1536][2730x5120x1536][2730x5120x1536]',,tensorop,f32,256,128,64,2,2,1,2,1,1,8,4,1,1,256,128,16,100,110,289406976,515731619840,1782,0.320541,840.864,1.60894e+06
1,CUTLASS,grouped_gemm,cutlass3x_sm100_tensorop_gemm_grouped_bf16_bf16_f32_bf16_bf16_256x128x64_4x1x1_0_tnt_align8_2sm_epi_tma,passed,success,grouped,,,,,bf16:row,bf16:column,bf16:row,bf16:row,1,0,invalid,invalid,heuristic,8,false,'[2731x5120x1536][2731x5120x1536][2731x5120x1536][2731x5120x1536][2731x5120x1536][2731x5120x1536][2731x5120x1536][2731x5120x1536][2730x5120x1536][2730x5120x1536][2730x5120x1536][2730x5120x1536]',,tensorop,f32,256,128,64,4,1,1,2,1,1,7,4,1,1,256,128,16,100,110,624951296,515731619840,825,0.391875,1485.25,1.31606e+06
1,CUTLASS,grouped_gemm,cutlass3x_sm100_tensorop_gemm_grouped_bf16_bf16_f32_bf16_bf16_256x128x64_4x1x1_0_tnt_align8_stream_k_2sm_epi_tma,passed,success,grouped,,,,,bf16:row,bf16:column,bf16:row,bf16:row,1,0,invalid,invalid,heuristic,8,false,'[2731x5120x1536][2731x5120x1536][2731x5120x1536][2731x5120x1536][2731x5120x1536][2731x5120x1536][2731x5120x1536][2731x5120x1536][2730x5120x1536][2730x5120x1536][2730x5120x1536][2730x5120x1536]',,tensorop,f32,256,128,64,4,1,1,2,1,1,7,4,1,1,256,128,16,100,110,624951296,515731619840,825,0.394365,1475.87,1.30775e+06
1,CUTLASS,grouped_gemm,cutlass3x_sm100_tensorop_gemm_grouped_bf16_bf16_f32_void_bf16_256x128x64_4x1x1_0_tnt_align8_2sm_epi_tma,passed,success,grouped,,,,,bf16:row,bf16:column,void:row,bf16:row,1,0,invalid,invalid,heuristic,8,false,'[2731x5120x1536][2731x5120x1536][2731x5120x1536][2731x5120x1536][2731x5120x1536][2731x5120x1536][2731x5120x1536][2731x5120x1536][2730x5120x1536][2730x5120x1536][2730x5120x1536][2730x5120x1536]',,tensorop,f32,256,128,64,4,1,1,2,1,1,8,4,1,1,256,128,16,100,110,289406976,515731619840,1782,0.398634,676.138,1.29375e+06
1,CUTLASS,grouped_gemm,cutlass3x_sm100_tensorop_gemm_grouped_bf16_bf16_f32_void_bf16_256x128x64_4x1x1_0_tnt_align8_stream_k_2sm_epi_tma,passed,success,grouped,,,,,bf16:row,bf16:column,void:row,bf16:row,1,0,invalid,invalid,heuristic,8,false,'[2731x5120x1536][2731x5120x1536][2731x5120x1536][2731x5120x1536][2731x5120x1536][2731x5120x1536][2731x5120x1536][2731x5120x1536][2730x5120x1536][2730x5120x1536][2730x5120x1536][2730x5120x1536]',,tensorop,f32,256,128,64,4,1,1,2,1,1,8,4,1,1,256,128,16,100,110,289406976,515731619840,1782,0.398637,676.132,1.29374e+06
1,CUTLASS,grouped_gemm,cutlass3x_sm100_tensorop_gemm_grouped_bf16_bf16_f32_bf16_bf16_256x128x64_2x4x1_0_tnt_align8_2sm_epi_tma,passed,success,grouped,,,,,bf16:row,bf16:column,bf16:row,bf16:row,1,0,invalid,invalid,heuristic,8,false,'[2731x5120x1536][2731x5120x1536][2731x5120x1536][2731x5120x1536][2731x5120x1536][2731x5120x1536][2731x5120x1536][2731x5120x1536][2730x5120x1536][2730x5120x1536][2730x5120x1536][2730x5120x1536]',,tensorop,f32,256,128,64,2,4,1,2,1,1,7,4,1,1,256,128,16,100,110,624951296,515731619840,825,0.375802,1548.77,1.37235e+06
1,CUTLASS,grouped_gemm,cutlass3x_sm100_tensorop_gemm_grouped_bf16_bf16_f32_bf16_bf16_256x128x64_2x4x1_0_tnt_align8_stream_k_2sm_epi_tma,passed,success,grouped,,,,,bf16:row,bf16:column,bf16:row,bf16:row,1,0,invalid,invalid,heuristic,8,false,'[2731x5120x1536][2731x5120x1536][2731x5120x1536][2731x5120x1536][2731x5120x1536][2731x5120x1536][2731x5120x1536][2731x5120x1536][2730x5120x1536][2730x5120x1536][2730x5120x1536][2730x5120x1536]',,tensorop,f32,256,128,64,2,4,1,2,1,1,7,4,1,1,256,128,16,100,110,624951296,515731619840,825,0.376515,1545.84,1.36975e+06
1,CUTLASS,grouped_gemm,cutlass3x_sm100_tensorop_gemm_grouped_bf16_bf16_f32_void_bf16_256x128x64_2x4x1_0_tnt_align8_2sm_epi_tma,passed,success,grouped,,,,,bf16:row,bf16:column,void:row,bf16:row,1,0,invalid,invalid,heuristic,8,false,'[2731x5120x1536][2731x5120x1536][2731x5120x1536][2731x5120x1536][2731x5120x1536][2731x5120x1536][2731x5120x1536][2731x5120x1536][2730x5120x1536][2730x5120x1536][2730x5120x1536][2730x5120x1536]',,tensorop,f32,256,128,64,2,4,1,2,1,1,8,4,1,1,256,128,16,100,110,289406976,515731619840,1782,0.358701,751.41,1.43778e+06
1,CUTLASS,grouped_gemm,cutlass3x_sm100_tensorop_gemm_grouped_bf16_bf16_f32_void_bf16_256x128x64_2x4x1_0_tnt_align8_stream_k_2sm_epi_tma,passed,success,grouped,,,,,bf16:row,bf16:column,void:row,bf16:row,1,0,invalid,invalid,heuristic,8,false,'[2731x5120x1536][2731x5120x1536][2731x5120x1536][2731x5120x1536][2731x5120x1536][2731x5120x1536][2731x5120x1536][2731x5120x1536][2730x5120x1536][2730x5120x1536][2730x5120x1536][2730x5120x1536]',,tensorop,f32,256,128,64,2,4,1,2,1,1,8,4,1,1,256,128,16,100,110,289406976,515731619840,1782,0.359344,750.065,1.4352e+06
1,CUTLASS,grouped_gemm,cutlass3x_sm100_tensorop_gemm_grouped_bf16_bf16_f32_bf16_bf16_256x128x64_4x2x1_0_tnt_align8_2sm_epi_tma,passed,success,grouped,,,,,bf16:row,bf16:column,bf16:row,bf16:row,1,0,invalid,invalid,heuristic,8,false,'[2731x5120x1536][2731x5120x1536][2731x5120x1536][2731x5120x1536][2731x5120x1536][2731x5120x1536][2731x5120x1536][2731x5120x1536][2730x5120x1536][2730x5120x1536][2730x5120x1536][2730x5120x1536]',,tensorop,f32,256,128,64,4,2,1,2,1,1,7,4,1,1,256,128,16,100,110,624951296,515731619840,825,0.410237,1418.77,1.25716e+06
1,CUTLASS,grouped_gemm,cutlass3x_sm100_tensorop_gemm_grouped_bf16_bf16_f32_bf16_bf16_256x128x64_4x2x1_0_tnt_align8_stream_k_2sm_epi_tma,passed,success,grouped,,,,,bf16:row,bf16:column,bf16:row,bf16:row,1,0,invalid,invalid,heuristic,8,false,'[2731x5120x1536][2731x5120x1536][2731x5120x1536][2731x5120x1536][2731x5120x1536][2731x5120x1536][2731x5120x1536][2731x5120x1536][2730x5120x1536][2730x5120x1536][2730x5120x1536][2730x5120x1536]',,tensorop,f32,256,128,64,4,2,1,2,1,1,7,4,1,1,256,128,16,100,110,624951296,515731619840,825,0.409728,1420.53,1.25872e+06
1,CUTLASS,grouped_gemm,cutlass3x_sm100_tensorop_gemm_grouped_bf16_bf16_f32_void_bf16_256x128x64_4x2x1_0_tnt_align8_2sm_epi_tma,passed,success,grouped,,,,,bf16:row,bf16:column,void:row,bf16:row,1,0,invalid,invalid,heuristic,8,false,'[2731x5120x1536][2731x5120x1536][2731x5120x1536][2731x5120x1536][2731x5120x1536][2731x5120x1536][2731x5120x1536][2731x5120x1536][2730x5120x1536][2730x5120x1536][2730x5120x1536][2730x5120x1536]',,tensorop,f32,256,128,64,4,2,1,2,1,1,8,4,1,1,256,128,16,100,110,289406976,515731619840,1782,0.392899,686.006,1.31263e+06
1,CUTLASS,grouped_gemm,cutlass3x_sm100_tensorop_gemm_grouped_bf16_bf16_f32_void_bf16_256x128x64_4x2x1_0_tnt_align8_stream_k_2sm_epi_tma,passed,success,grouped,,,,,bf16:row,bf16:column,void:row,bf16:row,1,0,invalid,invalid,heuristic,8,false,'[2731x5120x1536][2731x5120x1536][2731x5120x1536][2731x5120x1536][2731x5120x1536][2731x5120x1536][2731x5120x1536][2731x5120x1536][2730x5120x1536][2730x5120x1536][2730x5120x1536][2730x5120x1536]',,tensorop,f32,256,128,64,4,2,1,2,1,1,8,4,1,1,256,128,16,100,110,289406976,515731619840,1782,0.39311,685.638,1.31193e+06
1,CUTLASS,grouped_gemm,cutlass3x_sm100_tensorop_gemm_grouped_bf16_bf16_f32_bf16_bf16_256x128x64_4x4x1_0_tnt_align8_2sm_epi_tma,passed,success,grouped,,,,,bf16:row,bf16:column,bf16:row,bf16:row,1,0,invalid,invalid,heuristic,8,false,'[2731x5120x1536][2731x5120x1536][2731x5120x1536][2731x5120x1536][2731x5120x1536][2731x5120x1536][2731x5120x1536][2731x5120x1536][2730x5120x1536][2730x5120x1536][2730x5120x1536][2730x5120x1536]',,tensorop,f32,256,128,64,4,4,1,2,1,1,7,4,1,1,256,128,16,100,110,624951296,515731619840,825,0.422419,1377.85,1.2209e+06
1,CUTLASS,grouped_gemm,cutlass3x_sm100_tensorop_gemm_grouped_bf16_bf16_f32_bf16_bf16_256x128x64_4x4x1_0_tnt_align8_stream_k_2sm_epi_tma,passed,success,grouped,,,,,bf16:row,bf16:column,bf16:row,bf16:row,1,0,invalid,invalid,heuristic,8,false,'[2731x5120x1536][2731x5120x1536][2731x5120x1536][2731x5120x1536][2731x5120x1536][2731x5120x1536][2731x5120x1536][2731x5120x1536][2730x5120x1536][2730x5120x1536][2730x5120x1536][2730x5120x1536]',,tensorop,f32,256,128,64,4,4,1,2,1,1,7,4,1,1,256,128,16,100,110,624951296,515731619840,825,0.421702,1380.19,1.22298e+06
1,CUTLASS,grouped_gemm,cutlass3x_sm100_tensorop_gemm_grouped_bf16_bf16_f32_void_bf16_256x128x64_4x4x1_0_tnt_align8_2sm_epi_tma,passed,success,grouped,,,,,bf16:row,bf16:column,void:row,bf16:row,1,0,invalid,invalid,heuristic,8,false,'[2731x5120x1536][2731x5120x1536][2731x5120x1536][2731x5120x1536][2731x5120x1536][2731x5120x1536][2731x5120x1536][2731x5120x1536][2730x5120x1536][2730x5120x1536][2730x5120x1536][2730x5120x1536]',,tensorop,f32,256,128,64,4,4,1,2,1,1,8,4,1,1,256,128,16,100,110,289406976,515731619840,1782,0.401632,671.09,1.28409e+06
1,CUTLASS,grouped_gemm,cutlass3x_sm100_tensorop_gemm_grouped_bf16_bf16_f32_void_bf16_256x128x64_4x4x1_0_tnt_align8_stream_k_2sm_epi_tma,passed,success,grouped,,,,,bf16:row,bf16:column,void:row,bf16:row,1,0,invalid,invalid,heuristic,8,false,'[2731x5120x1536][2731x5120x1536][2731x5120x1536][2731x5120x1536][2731x5120x1536][2731x5120x1536][2731x5120x1536][2731x5120x1536][2730x5120x1536][2730x5120x1536][2730x5120x1536][2730x5120x1536]',,tensorop,f32,256,128,64,4,4,1,2,1,1,8,4,1,1,256,128,16,100,110,289406976,515731619840,1782,0.401504,671.304,1.2845e+06
1,CUTLASS,grouped_gemm,cutlass3x_sm100_tensorop_gemm_grouped_bf16_bf16_f32_f32_f32_256x256x64_0x0x1_0_tnt_align8_2sm_epi_tma,passed,success,grouped,,,,,bf16:row,bf16:column,f32:row,f32:row,1,0,invalid,invalid,heuristic,8,false,'[2731x5120x1536][2731x5120x1536][2731x5120x1536][2731x5120x1536][2731x5120x1536][2731x5120x1536][2731x5120x1536][2731x5120x1536][2730x5120x1536][2730x5120x1536][2730x5120x1536][2730x5120x1536]',,tensorop,f32,256,256,64,2,1,1,2,1,1,4,4,1,1,256,256,16,100,110,960495616,515731619840,536,0.34337,2605.16,1.50197e+06
1,CUTLASS,grouped_gemm,cutlass3x_sm100_tensorop_gemm_grouped_bf16_bf16_f32_f32_f32_256x256x64_0x0x1_0_tnt_align8_stream_k_2sm_epi_tma,passed,success,grouped,,,,,bf16:row,bf16:column,f32:row,f32:row,1,0,invalid,invalid,heuristic,8,false,'[2731x5120x1536][2731x5120x1536][2731x5120x1536][2731x5120x1536][2731x5120x1536][2731x5120x1536][2731x5120x1536][2731x5120x1536][2730x5120x1536][2730x5120x1536][2730x5120x1536][2730x5120x1536]',,tensorop,f32,256,256,64,2,1,1,2,1,1,4,4,1,1,256,256,16,100,110,960495616,515731619840,536,0.344054,2599.97,1.49898e+06
1,CUTLASS,grouped_gemm,cutlass3x_sm100_tensorop_gemm_grouped_bf16_bf16_f32_void_f32_256x256x64_0x0x1_0_tnt_align8_2sm_epi_tma,passed,success,grouped,,,,,bf16:row,bf16:column,void:row,f32:row,1,0,invalid,invalid,heuristic,8,false,'[2731x5120x1536][2731x5120x1536][2731x5120x1536][2731x5120x1536][2731x5120x1536][2731x5120x1536][2731x5120x1536][2731x5120x1536][2730x5120x1536][2730x5120x1536][2730x5120x1536][2730x5120x1536]',,tensorop,f32,256,256,64,2,1,1,2,1,1,5,4,1,1,256,256,16,100,110,289406976,515731619840,1782,0.321258,838.988,1.60535e+06
1,CUTLASS,grouped_gemm,cutlass3x_sm100_tensorop_gemm_grouped_bf16_bf16_f32_void_f32_256x256x64_0x0x1_0_tnt_align8_stream_k_2sm_epi_tma,passed,success,grouped,,,,,bf16:row,bf16:column,void:row,f32:row,1,0,invalid,invalid,heuristic,8,false,'[2731x5120x1536][2731x5120x1536][2731x5120x1536][2731x5120x1536][2731x5120x1536][2731x5120x1536][2731x5120x1536][2731x5120x1536][2730x5120x1536][2730x5120x1536][2730x5120x1536][2730x5120x1536]',,tensorop,f32,256,256,64,2,1,1,2,1,1,5,4,1,1,256,256,16,100,110,289406976,515731619840,1782,0.321558,838.203,1.60385e+06
1,CUTLASS,grouped_gemm,cutlass3x_sm100_tensorop_gemm_grouped_bf16_bf16_f32_f32_f32_256x256x64_2x1x1_0_tnt_align8_2sm_epi_tma,passed,success,grouped,,,,,bf16:row,bf16:column,f32:row,f32:row,1,0,invalid,invalid,heuristic,8,false,'[2731x5120x1536][2731x5120x1536][2731x5120x1536][2731x5120x1536][2731x5120x1536][2731x5120x1536][2731x5120x1536][2731x5120x1536][2730x5120x1536][2730x5120x1536][2730x5120x1536][2730x5120x1536]',,tensorop,f32,256,256,64,2,1,1,2,1,1,4,4,1,1,256,256,16,100,110,960495616,515731619840,536,0.344086,2599.73,1.49884e+06
1,CUTLASS,grouped_gemm,cutlass3x_sm100_tensorop_gemm_grouped_bf16_bf16_f32_f32_f32_256x256x64_2x1x1_0_tnt_align8_stream_k_2sm_epi_tma,passed,success,grouped,,,,,bf16:row,bf16:column,f32:row,f32:row,1,0,invalid,invalid,heuristic,8,false,'[2731x5120x1536][2731x5120x1536][2731x5120x1536][2731x5120x1536][2731x5120x1536][2731x5120x1536][2731x5120x1536][2731x5120x1536][2730x5120x1536][2730x5120x1536][2730x5120x1536][2730x5120x1536]',,tensorop,f32,256,256,64,2,1,1,2,1,1,4,4,1,1,256,256,16,100,110,960495616,515731619840,536,0.343648,2603.05,1.50076e+06
1,CUTLASS,grouped_gemm,cutlass3x_sm100_tensorop_gemm_grouped_bf16_bf16_f32_void_f32_256x256x64_2x1x1_0_tnt_align8_2sm_epi_tma,passed,success,grouped,,,,,bf16:row,bf16:column,void:row,f32:row,1,0,invalid,invalid,heuristic,8,false,'[2731x5120x1536][2731x5120x1536][2731x5120x1536][2731x5120x1536][2731x5120x1536][2731x5120x1536][2731x5120x1536][2731x5120x1536][2730x5120x1536][2730x5120x1536][2730x5120x1536][2730x5120x1536]',,tensorop,f32,256,256,64,2,1,1,2,1,1,5,4,1,1,256,256,16,100,110,289406976,515731619840,1782,0.320093,842.041,1.61119e+06
1,CUTLASS,grouped_gemm,cutlass3x_sm100_tensorop_gemm_grouped_bf16_bf16_f32_void_f32_256x256x64_2x1x1_0_tnt_align8_stream_k_2sm_epi_tma,passed,success,grouped,,,,,bf16:row,bf16:column,void:row,f32:row,1,0,invalid,invalid,heuristic,8,false,'[2731x5120x1536][2731x5120x1536][2731x5120x1536][2731x5120x1536][2731x5120x1536][2731x5120x1536][2731x5120x1536][2731x5120x1536][2730x5120x1536][2730x5120x1536][2730x5120x1536][2730x5120x1536]',,tensorop,f32,256,256,64,2,1,1,2,1,1,5,4,1,1,256,256,16,100,110,289406976,515731619840,1782,0.32071,840.419,1.60809e+06
1,CUTLASS,grouped_gemm,cutlass3x_sm100_tensorop_gemm_grouped_bf16_bf16_f32_f32_f32_256x256x64_2x2x1_0_tnt_align8_2sm_epi_tma,passed,success,grouped,,,,,bf16:row,bf16:column,f32:row,f32:row,1,0,invalid,invalid,heuristic,8,false,'[2731x5120x1536][2731x5120x1536][2731x5120x1536][2731x5120x1536][2731x5120x1536][2731x5120x1536][2731x5120x1536][2731x5120x1536][2730x5120x1536][2730x5120x1536][2730x5120x1536][2730x5120x1536]',,tensorop,f32,256,256,64,2,2,1,2,1,1,4,4,1,1,256,256,16,100,110,960495616,515731619840,536,0.362038,2470.82,1.42452e+06
1,CUTLASS,grouped_gemm,cutlass3x_sm100_tensorop_gemm_grouped_bf16_bf16_f32_f32_f32_256x256x64_2x2x1_0_tnt_align8_stream_k_2sm_epi_tma,passed,success,grouped,,,,,bf16:row,bf16:column,f32:row,f32:row,1,0,invalid,invalid,heuristic,8,false,'[2731x5120x1536][2731x5120x1536][2731x5120x1536][2731x5120x1536][2731x5120x1536][2731x5120x1536][2731x5120x1536][2731x5120x1536][2730x5120x1536][2730x5120x1536][2730x5120x1536][2730x5120x1536]',,tensorop,f32,256,256,64,2,2,1,2,1,1,4,4,1,1,256,256,16,100,110,960495616,515731619840,536,0.361981,2471.21,1.42475e+06
1,CUTLASS,grouped_gemm,cutlass3x_sm100_tensorop_gemm_grouped_bf16_bf16_f32_void_f32_256x256x64_2x2x1_0_tnt_align8_2sm_epi_tma,passed,success,grouped,,,,,bf16:row,bf16:column,void:row,f32:row,1,0,invalid,invalid,heuristic,8,false,'[2731x5120x1536][2731x5120x1536][2731x5120x1536][2731x5120x1536][2731x5120x1536][2731x5120x1536][2731x5120x1536][2731x5120x1536][2730x5120x1536][2730x5120x1536][2730x5120x1536][2730x5120x1536]',,tensorop,f32,256,256,64,2,2,1,2,1,1,5,4,1,1,256,256,16,100,110,289406976,515731619840,1782,0.33136,813.409,1.55641e+06
1,CUTLASS,grouped_gemm,cutlass3x_sm100_tensorop_gemm_grouped_bf16_bf16_f32_void_f32_256x256x64_2x2x1_0_tnt_align8_stream_k_2sm_epi_tma,passed,success,grouped,,,,,bf16:row,bf16:column,void:row,f32:row,1,0,invalid,invalid,heuristic,8,false,'[2731x5120x1536][2731x5120x1536][2731x5120x1536][2731x5120x1536][2731x5120x1536][2731x5120x1536][2731x5120x1536][2731x5120x1536][2730x5120x1536][2730x5120x1536][2730x5120x1536][2730x5120x1536]',,tensorop,f32,256,256,64,2,2,1,2,1,1,5,4,1,1,256,256,16,100,110,289406976,515731619840,1782,0.332282,811.153,1.55209e+06
1,CUTLASS,grouped_gemm,cutlass3x_sm100_tensorop_gemm_grouped_bf16_bf16_f32_f32_f32_256x256x64_4x1x1_0_tnt_align8_2sm_epi_tma,passed,success,grouped,,,,,bf16:row,bf16:column,f32:row,f32:row,1,0,invalid,invalid,heuristic,8,false,'[2731x5120x1536][2731x5120x1536][2731x5120x1536][2731x5120x1536][2731x5120x1536][2731x5120x1536][2731x5120x1536][2731x5120x1536][2730x5120x1536][2730x5120x1536][2730x5120x1536][2730x5120x1536]',,tensorop,f32,256,256,64,4,1,1,2,1,1,4,4,1,1,256,256,16,100,110,960495616,515731619840,536,0.379386,2357.84,1.35939e+06
1,CUTLASS,grouped_gemm,cutlass3x_sm100_tensorop_gemm_grouped_bf16_bf16_f32_f32_f32_256x256x64_4x1x1_0_tnt_align8_stream_k_2sm_epi_tma,passed,success,grouped,,,,,bf16:row,bf16:column,f32:row,f32:row,1,0,invalid,invalid,heuristic,8,false,'[2731x5120x1536][2731x5120x1536][2731x5120x1536][2731x5120x1536][2731x5120x1536][2731x5120x1536][2731x5120x1536][2731x5120x1536][2730x5120x1536][2730x5120x1536][2730x5120x1536][2730x5120x1536]',,tensorop,f32,256,256,64,4,1,1,2,1,1,4,4,1,1,256,256,16,100,110,960495616,515731619840,536,0.37959,2356.57,1.35865e+06
1,CUTLASS,grouped_gemm,cutlass3x_sm100_tensorop_gemm_grouped_bf16_bf16_f32_void_f32_256x256x64_4x1x1_0_tnt_align8_2sm_epi_tma,passed,success,grouped,,,,,bf16:row,bf16:column,void:row,f32:row,1,0,invalid,invalid,heuristic,8,false,'[2731x5120x1536][2731x5120x1536][2731x5120x1536][2731x5120x1536][2731x5120x1536][2731x5120x1536][2731x5120x1536][2731x5120x1536][2730x5120x1536][2730x5120x1536][2730x5120x1536][2730x5120x1536]',,tensorop,f32,256,256,64,4,1,1,2,1,1,5,4,1,1,256,256,16,100,110,289406976,515731619840,1782,0.346208,778.524,1.48966e+06
1,CUTLASS,grouped_gemm,cutlass3x_sm100_tensorop_gemm_grouped_bf16_bf16_f32_void_f32_256x256x64_4x1x1_0_tnt_align8_stream_k_2sm_epi_tma,passed,success,grouped,,,,,bf16:row,bf16:column,void:row,f32:row,1,0,invalid,invalid,heuristic,8,false,'[2731x5120x1536][2731x5120x1536][2731x5120x1536][2731x5120x1536][2731x5120x1536][2731x5120x1536][2731x5120x1536][2731x5120x1536][2730x5120x1536][2730x5120x1536][2730x5120x1536][2730x5120x1536]',,tensorop,f32,256,256,64,4,1,1,2,1,1,5,4,1,1,256,256,16,100,110,289406976,515731619840,1782,0.345386,780.378,1.49321e+06
1,CUTLASS,grouped_gemm,cutlass3x_sm100_tensorop_gemm_grouped_bf16_bf16_f32_f32_f32_256x256x64_2x4x1_0_tnt_align8_2sm_epi_tma,passed,success,grouped,,,,,bf16:row,bf16:column,f32:row,f32:row,1,0,invalid,invalid,heuristic,8,false,'[2731x5120x1536][2731x5120x1536][2731x5120x1536][2731x5120x1536][2731x5120x1536][2731x5120x1536][2731x5120x1536][2731x5120x1536][2730x5120x1536][2730x5120x1536][2730x5120x1536][2730x5120x1536]',,tensorop,f32,256,256,64,2,4,1,2,1,1,4,4,1,1,256,256,16,100,110,960495616,515731619840,536,0.430384,2078.45,1.19831e+06
1,CUTLASS,grouped_gemm,cutlass3x_sm100_tensorop_gemm_grouped_bf16_bf16_f32_f32_f32_256x256x64_2x4x1_0_tnt_align8_stream_k_2sm_epi_tma,passed,success,grouped,,,,,bf16:row,bf16:column,f32:row,f32:row,1,0,invalid,invalid,heuristic,8,false,'[2731x5120x1536][2731x5120x1536][2731x5120x1536][2731x5120x1536][2731x5120x1536][2731x5120x1536][2731x5120x1536][2731x5120x1536][2730x5120x1536][2730x5120x1536][2730x5120x1536][2730x5120x1536]',,tensorop,f32,256,256,64,2,4,1,2,1,1,4,4,1,1,256,256,16,100,110,960495616,515731619840,536,0.430301,2078.85,1.19854e+06
1,CUTLASS,grouped_gemm,cutlass3x_sm100_tensorop_gemm_grouped_bf16_bf16_f32_void_f32_256x256x64_2x4x1_0_tnt_align8_2sm_epi_tma,passed,success,grouped,,,,,bf16:row,bf16:column,void:row,f32:row,1,0,invalid,invalid,heuristic,8,false,'[2731x5120x1536][2731x5120x1536][2731x5120x1536][2731x5120x1536][2731x5120x1536][2731x5120x1536][2731x5120x1536][2731x5120x1536][2730x5120x1536][2730x5120x1536][2730x5120x1536][2730x5120x1536]',,tensorop,f32,256,256,64,2,4,1,2,1,1,5,4,1,1,256,256,16,100,110,289406976,515731619840,1782,0.385859,698.522,1.33658e+06
1,CUTLASS,grouped_gemm,cutlass3x_sm100_tensorop_gemm_grouped_bf16_bf16_f32_void_f32_256x256x64_2x4x1_0_tnt_align8_stream_k_2sm_epi_tma,passed,success,grouped,,,,,bf16:row,bf16:column,void:row,f32:row,1,0,invalid,invalid,heuristic,8,false,'[2731x5120x1536][2731x5120x1536][2731x5120x1536][2731x5120x1536][2731x5120x1536][2731x5120x1536][2731x5120x1536][2731x5120x1536][2730x5120x1536][2730x5120x1536][2730x5120x1536][2730x5120x1536]',,tensorop,f32,256,256,64,2,4,1,2,1,1,5,4,1,1,256,256,16,100,110,289406976,515731619840,1782,0.385939,698.378,1.3363e+06
1,CUTLASS,grouped_gemm,cutlass3x_sm100_tensorop_gemm_grouped_bf16_bf16_f32_f32_f32_256x256x64_4x2x1_0_tnt_align8_2sm_epi_tma,passed,success,grouped,,,,,bf16:row,bf16:column,f32:row,f32:row,1,0,invalid,invalid,heuristic,8,false,'[2731x5120x1536][2731x5120x1536][2731x5120x1536][2731x5120x1536][2731x5120x1536][2731x5120x1536][2731x5120x1536][2731x5120x1536][2730x5120x1536][2730x5120x1536][2730x5120x1536][2730x5120x1536]',,tensorop,f32,256,256,64,4,2,1,2,1,1,4,4,1,1,256,256,16,100,110,960495616,515731619840,536,0.443619,2016.44,1.16255e+06
1,CUTLASS,grouped_gemm,cutlass3x_sm100_tensorop_gemm_grouped_bf16_bf16_f32_f32_f32_256x256x64_4x2x1_0_tnt_align8_stream_k_2sm_epi_tma,passed,success,grouped,,,,,bf16:row,bf16:column,f32:row,f32:row,1,0,invalid,invalid,heuristic,8,false,'[2731x5120x1536][2731x5120x1536][2731x5120x1536][2731x5120x1536][2731x5120x1536][2731x5120x1536][2731x5120x1536][2731x5120x1536][2730x5120x1536][2730x5120x1536][2730x5120x1536][2730x5120x1536]',,tensorop,f32,256,256,64,4,2,1,2,1,1,4,4,1,1,256,256,16,100,110,960495616,515731619840,536,0.443107,2018.77,1.1639e+06
1,CUTLASS,grouped_gemm,cutlass3x_sm100_tensorop_gemm_grouped_bf16_bf16_f32_void_f32_256x256x64_4x2x1_0_tnt_align8_2sm_epi_tma,passed,success,grouped,,,,,bf16:row,bf16:column,void:row,f32:row,1,0,invalid,invalid,heuristic,8,false,'[2731x5120x1536][2731x5120x1536][2731x5120x1536][2731x5120x1536][2731x5120x1536][2731x5120x1536][2731x5120x1536][2731x5120x1536][2730x5120x1536][2730x5120x1536][2730x5120x1536][2730x5120x1536]',,tensorop,f32,256,256,64,4,2,1,2,1,1,5,4,1,1,256,256,16,100,110,289406976,515731619840,1782,0.394874,682.576,1.30607e+06
1,CUTLASS,grouped_gemm,cutlass3x_sm100_tensorop_gemm_grouped_bf16_bf16_f32_void_f32_256x256x64_4x2x1_0_tnt_align8_stream_k_2sm_epi_tma,passed,success,grouped,,,,,bf16:row,bf16:column,void:row,f32:row,1,0,invalid,invalid,heuristic,8,false,'[2731x5120x1536][2731x5120x1536][2731x5120x1536][2731x5120x1536][2731x5120x1536][2731x5120x1536][2731x5120x1536][2731x5120x1536][2730x5120x1536][2730x5120x1536][2730x5120x1536][2730x5120x1536]',,tensorop,f32,256,256,64,4,2,1,2,1,1,5,4,1,1,256,256,16,100,110,289406976,515731619840,1782,0.396518,679.745,1.30065e+06
1,CUTLASS,grouped_gemm,cutlass3x_sm100_tensorop_gemm_grouped_bf16_bf16_f32_f32_f32_256x256x64_4x4x1_0_tnt_align8_2sm_epi_tma,passed,success,grouped,,,,,bf16:row,bf16:column,f32:row,f32:row,1,0,invalid,invalid,heuristic,8,false,'[2731x5120x1536][2731x5120x1536][2731x5120x1536][2731x5120x1536][2731x5120x1536][2731x5120x1536][2731x5120x1536][2731x5120x1536][2730x5120x1536][2730x5120x1536][2730x5120x1536][2730x5120x1536]',,tensorop,f32,256,256,64,4,4,1,2,1,1,4,4,1,1,256,256,16,100,110,960495616,515731619840,536,0.461926,1936.52,1.11648e+06
1,CUTLASS,grouped_gemm,cutlass3x_sm100_tensorop_gemm_grouped_bf16_bf16_f32_f32_f32_256x256x64_4x4x1_0_tnt_align8_stream_k_2sm_epi_tma,passed,success,grouped,,,,,bf16:row,bf16:column,f32:row,f32:row,1,0,invalid,invalid,heuristic,8,false,'[2731x5120x1536][2731x5120x1536][2731x5120x1536][2731x5120x1536][2731x5120x1536][2731x5120x1536][2731x5120x1536][2731x5120x1536][2730x5120x1536][2730x5120x1536][2730x5120x1536][2730x5120x1536]',,tensorop,f32,256,256,64,4,4,1,2,1,1,4,4,1,1,256,256,16,100,110,960495616,515731619840,536,0.46192,1936.55,1.1165e+06
1,CUTLASS,grouped_gemm,cutlass3x_sm100_tensorop_gemm_grouped_bf16_bf16_f32_void_f32_256x256x64_4x4x1_0_tnt_align8_2sm_epi_tma,passed,success,grouped,,,,,bf16:row,bf16:column,void:row,f32:row,1,0,invalid,invalid,heuristic,8,false,'[2731x5120x1536][2731x5120x1536][2731x5120x1536][2731x5120x1536][2731x5120x1536][2731x5120x1536][2731x5120x1536][2731x5120x1536][2730x5120x1536][2730x5120x1536][2730x5120x1536][2730x5120x1536]',,tensorop,f32,256,256,64,4,4,1,2,1,1,5,4,1,1,256,256,16,100,110,289406976,515731619840,1782,0.416144,647.687,1.23931e+06
1,CUTLASS,grouped_gemm,cutlass3x_sm100_tensorop_gemm_grouped_bf16_bf16_f32_void_f32_256x256x64_4x4x1_0_tnt_align8_stream_k_2sm_epi_tma,passed,success,grouped,,,,,bf16:row,bf16:column,void:row,f32:row,1,0,invalid,invalid,heuristic,8,false,'[2731x5120x1536][2731x5120x1536][2731x5120x1536][2731x5120x1536][2731x5120x1536][2731x5120x1536][2731x5120x1536][2731x5120x1536][2730x5120x1536][2730x5120x1536][2730x5120x1536][2730x5120x1536]',,tensorop,f32,256,256,64,4,4,1,2,1,1,5,4,1,1,256,256,16,100,110,289406976,515731619840,1782,0.416867,646.564,1.23716e+06
1,CUTLASS,grouped_gemm,cutlass3x_sm100_tensorop_gemm_grouped_bf16_bf16_f32_bf16_bf16_256x256x64_0x0x1_0_tnt_align8_2sm_epi_tma,passed,success,grouped,,,,,bf16:row,bf16:column,bf16:row,bf16:row,1,0,invalid,invalid,heuristic,8,false,'[2731x5120x1536][2731x5120x1536][2731x5120x1536][2731x5120x1536][2731x5120x1536][2731x5120x1536][2731x5120x1536][2731x5120x1536][2730x5120x1536][2730x5120x1536][2730x5120x1536][2730x5120x1536]',,tensorop,f32,256,256,64,2,1,1,2,1,1,4,4,1,1,256,256,16,100,110,624951296,515731619840,825,0.30361,1917.04,1.69867e+06
1,CUTLASS,grouped_gemm,cutlass3x_sm100_tensorop_gemm_grouped_bf16_bf16_f32_bf16_bf16_256x256x64_0x0x1_0_tnt_align8_stream_k_2sm_epi_tma,passed,success,grouped,,,,,bf16:row,bf16:column,bf16:row,bf16:row,1,0,invalid,invalid,heuristic,8,false,'[2731x5120x1536][2731x5120x1536][2731x5120x1536][2731x5120x1536][2731x5120x1536][2731x5120x1536][2731x5120x1536][2731x5120x1536][2730x5120x1536][2730x5120x1536][2730x5120x1536][2730x5120x1536]',,tensorop,f32,256,256,64,2,1,1,2,1,1,4,4,1,1,256,256,16,100,110,624951296,515731619840,825,0.303299,1919,1.70041e+06
1,CUTLASS,grouped_gemm,cutlass3x_sm100_tensorop_gemm_grouped_bf16_bf16_f32_void_bf16_256x256x64_0x0x1_0_tnt_align8_2sm_epi_tma,passed,success,grouped,,,,,bf16:row,bf16:column,void:row,bf16:row,1,0,invalid,invalid,heuristic,8,false,'[2731x5120x1536][2731x5120x1536][2731x5120x1536][2731x5120x1536][2731x5120x1536][2731x5120x1536][2731x5120x1536][2731x5120x1536][2730x5120x1536][2730x5120x1536][2730x5120x1536][2730x5120x1536]',,tensorop,f32,256,256,64,2,1,1,2,1,1,6,4,1,1,256,256,16,100,110,289406976,515731619840,1782,0.284563,947.175,1.81236e+06
1,CUTLASS,grouped_gemm,cutlass3x_sm100_tensorop_gemm_grouped_bf16_bf16_f32_void_bf16_256x256x64_0x0x1_0_tnt_align8_stream_k_2sm_epi_tma,passed,success,grouped,,,,,bf16:row,bf16:column,void:row,bf16:row,1,0,invalid,invalid,heuristic,8,false,'[2731x5120x1536][2731x5120x1536][2731x5120x1536][2731x5120x1536][2731x5120x1536][2731x5120x1536][2731x5120x1536][2731x5120x1536][2730x5120x1536][2730x5120x1536][2730x5120x1536][2730x5120x1536]',,tensorop,f32,256,256,64,2,1,1,2,1,1,6,4,1,1,256,256,16,100,110,289406976,515731619840,1782,0.284051,948.883,1.81563e+06
1,CUTLASS,grouped_gemm,cutlass3x_sm100_tensorop_gemm_grouped_bf16_bf16_f32_bf16_bf16_256x256x64_2x1x1_0_tnt_align8_2sm_epi_tma,passed,success,grouped,,,,,bf16:row,bf16:column,bf16:row,bf16:row,1,0,invalid,invalid,heuristic,8,false,'[2731x5120x1536][2731x5120x1536][2731x5120x1536][2731x5120x1536][2731x5120x1536][2731x5120x1536][2731x5120x1536][2731x5120x1536][2730x5120x1536][2730x5120x1536][2730x5120x1536][2730x5120x1536]',,tensorop,f32,256,256,64,2,1,1,2,1,1,4,4,1,1,256,256,16,100,110,624951296,515731619840,825,0.303331,1918.8,1.70023e+06
1,CUTLASS,grouped_gemm,cutlass3x_sm100_tensorop_gemm_grouped_bf16_bf16_f32_bf16_bf16_256x256x64_2x1x1_0_tnt_align8_stream_k_2sm_epi_tma,passed,success,grouped,,,,,bf16:row,bf16:column,bf16:row,bf16:row,1,0,invalid,invalid,heuristic,8,false,'[2731x5120x1536][2731x5120x1536][2731x5120x1536][2731x5120x1536][2731x5120x1536][2731x5120x1536][2731x5120x1536][2731x5120x1536][2730x5120x1536][2730x5120x1536][2730x5120x1536][2730x5120x1536]',,tensorop,f32,256,256,64,2,1,1,2,1,1,4,4,1,1,256,256,16,100,110,624951296,515731619840,825,0.303712,1916.39,1.69809e+06
1,CUTLASS,grouped_gemm,cutlass3x_sm100_tensorop_gemm_grouped_bf16_bf16_f32_void_bf16_256x256x64_2x1x1_0_tnt_align8_2sm_epi_tma,passed,success,grouped,,,,,bf16:row,bf16:column,void:row,bf16:row,1,0,invalid,invalid,heuristic,8,false,'[2731x5120x1536][2731x5120x1536][2731x5120x1536][2731x5120x1536][2731x5120x1536][2731x5120x1536][2731x5120x1536][2731x5120x1536][2730x5120x1536][2730x5120x1536][2730x5120x1536][2730x5120x1536]',,tensorop,f32,256,256,64,2,1,1,2,1,1,6,4,1,1,256,256,16,100,110,289406976,515731619840,1782,0.283027,952.316,1.8222e+06
1,CUTLASS,grouped_gemm,cutlass3x_sm100_tensorop_gemm_grouped_bf16_bf16_f32_void_bf16_256x256x64_2x1x1_0_tnt_align8_stream_k_2sm_epi_tma,passed,success,grouped,,,,,bf16:row,bf16:column,void:row,bf16:row,1,0,invalid,invalid,heuristic,8,false,'[2731x5120x1536][2731x5120x1536][2731x5120x1536][2731x5120x1536][2731x5120x1536][2731x5120x1536][2731x5120x1536][2731x5120x1536][2730x5120x1536][2730x5120x1536][2730x5120x1536][2730x5120x1536]',,tensorop,f32,256,256,64,2,1,1,2,1,1,6,4,1,1,256,256,16,100,110,289406976,515731619840,1782,0.28295,952.574,1.82269e+06
1,CUTLASS,grouped_gemm,cutlass3x_sm100_tensorop_gemm_grouped_bf16_bf16_f32_bf16_bf16_256x256x64_2x2x1_0_tnt_align8_2sm_epi_tma,passed,success,grouped,,,,,bf16:row,bf16:column,bf16:row,bf16:row,1,0,invalid,invalid,heuristic,8,false,'[2731x5120x1536][2731x5120x1536][2731x5120x1536][2731x5120x1536][2731x5120x1536][2731x5120x1536][2731x5120x1536][2731x5120x1536][2730x5120x1536][2730x5120x1536][2730x5120x1536][2730x5120x1536]',,tensorop,f32,256,256,64,2,2,1,2,1,1,4,4,1,1,256,256,16,100,110,624951296,515731619840,825,0.321117,1812.52,1.60606e+06
1,CUTLASS,grouped_gemm,cutlass3x_sm100_tensorop_gemm_grouped_bf16_bf16_f32_bf16_bf16_256x256x64_2x2x1_0_tnt_align8_stream_k_2sm_epi_tma,passed,success,grouped,,,,,bf16:row,bf16:column,bf16:row,bf16:row,1,0,invalid,invalid,heuristic,8,false,'[2731x5120x1536][2731x5120x1536][2731x5120x1536][2731x5120x1536][2731x5120x1536][2731x5120x1536][2731x5120x1536][2731x5120x1536][2730x5120x1536][2730x5120x1536][2730x5120x1536][2730x5120x1536]',,tensorop,f32,256,256,64,2,2,1,2,1,1,4,4,1,1,256,256,16,100,110,624951296,515731619840,825,0.32031,1817.09,1.6101e+06
1,CUTLASS,grouped_gemm,cutlass3x_sm100_tensorop_gemm_grouped_bf16_bf16_f32_void_bf16_256x256x64_2x2x1_0_tnt_align8_2sm_epi_tma,passed,success,grouped,,,,,bf16:row,bf16:column,void:row,bf16:row,1,0,invalid,invalid,heuristic,8,false,'[2731x5120x1536][2731x5120x1536][2731x5120x1536][2731x5120x1536][2731x5120x1536][2731x5120x1536][2731x5120x1536][2731x5120x1536][2730x5120x1536][2730x5120x1536][2730x5120x1536][2730x5120x1536]',,tensorop,f32,256,256,64,2,2,1,2,1,1,6,4,1,1,256,256,16,100,110,289406976,515731619840,1782,0.286304,941.416,1.80134e+06
1,CUTLASS,grouped_gemm,cutlass3x_sm100_tensorop_gemm_grouped_bf16_bf16_f32_void_bf16_256x256x64_2x2x1_0_tnt_align8_stream_k_2sm_epi_tma,passed,success,grouped,,,,,bf16:row,bf16:column,void:row,bf16:row,1,0,invalid,invalid,heuristic,8,false,'[2731x5120x1536][2731x5120x1536][2731x5120x1536][2731x5120x1536][2731x5120x1536][2731x5120x1536][2731x5120x1536][2731x5120x1536][2730x5120x1536][2730x5120x1536][2730x5120x1536][2730x5120x1536]',,tensorop,f32,256,256,64,2,2,1,2,1,1,6,4,1,1,256,256,16,100,110,289406976,515731619840,1782,0.286336,941.311,1.80114e+06
1,CUTLASS,grouped_gemm,cutlass3x_sm100_tensorop_gemm_grouped_bf16_bf16_f32_bf16_bf16_256x256x64_4x1x1_0_tnt_align8_2sm_epi_tma,passed,success,grouped,,,,,bf16:row,bf16:column,bf16:row,bf16:row,1,0,invalid,invalid,heuristic,8,false,'[2731x5120x1536][2731x5120x1536][2731x5120x1536][2731x5120x1536][2731x5120x1536][2731x5120x1536][2731x5120x1536][2731x5120x1536][2730x5120x1536][2730x5120x1536][2730x5120x1536][2730x5120x1536]',,tensorop,f32,256,256,64,4,1,1,2,1,1,4,4,1,1,256,256,16,100,110,624951296,515731619840,825,0.335763,1733.46,1.536e+06
1,CUTLASS,grouped_gemm,cutlass3x_sm100_tensorop_gemm_grouped_bf16_bf16_f32_bf16_bf16_256x256x64_4x1x1_0_tnt_align8_stream_k_2sm_epi_tma,passed,success,grouped,,,,,bf16:row,bf16:column,bf16:row,bf16:row,1,0,invalid,invalid,heuristic,8,false,'[2731x5120x1536][2731x5120x1536][2731x5120x1536][2731x5120x1536][2731x5120x1536][2731x5120x1536][2731x5120x1536][2731x5120x1536][2730x5120x1536][2730x5120x1536][2730x5120x1536][2730x5120x1536]',,tensorop,f32,256,256,64,4,1,1,2,1,1,4,4,1,1,256,256,16,100,110,624951296,515731619840,825,0.334944,1737.7,1.53975e+06
1,CUTLASS,grouped_gemm,cutlass3x_sm100_tensorop_gemm_grouped_bf16_bf16_f32_void_bf16_256x256x64_4x1x1_0_tnt_align8_2sm_epi_tma,passed,success,grouped,,,,,bf16:row,bf16:column,void:row,bf16:row,1,0,invalid,invalid,heuristic,8,false,'[2731x5120x1536][2731x5120x1536][2731x5120x1536][2731x5120x1536][2731x5120x1536][2731x5120x1536][2731x5120x1536][2731x5120x1536][2730x5120x1536][2730x5120x1536][2730x5120x1536][2730x5120x1536]',,tensorop,f32,256,256,64,4,1,1,2,1,1,6,4,1,1,256,256,16,100,110,289406976,515731619840,1782,0.304122,886.261,1.69581e+06
1,CUTLASS,grouped_gemm,cutlass3x_sm100_tensorop_gemm_grouped_bf16_bf16_f32_void_bf16_256x256x64_4x1x1_0_tnt_align8_stream_k_2sm_epi_tma,passed,success,grouped,,,,,bf16:row,bf16:column,void:row,bf16:row,1,0,invalid,invalid,heuristic,8,false,'[2731x5120x1536][2731x5120x1536][2731x5120x1536][2731x5120x1536][2731x5120x1536][2731x5120x1536][2731x5120x1536][2731x5120x1536][2730x5120x1536][2730x5120x1536][2730x5120x1536][2730x5120x1536]',,tensorop,f32,256,256,64,4,1,1,2,1,1,6,4,1,1,256,256,16,100,110,289406976,515731619840,1782,0.304118,886.271,1.69583e+06
1,CUTLASS,grouped_gemm,cutlass3x_sm100_tensorop_gemm_grouped_bf16_bf16_f32_bf16_bf16_256x256x64_2x4x1_0_tnt_align8_2sm_epi_tma,passed,success,grouped,,,,,bf16:row,bf16:column,bf16:row,bf16:row,1,0,invalid,invalid,heuristic,8,false,'[2731x5120x1536][2731x5120x1536][2731x5120x1536][2731x5120x1536][2731x5120x1536][2731x5120x1536][2731x5120x1536][2731x5120x1536][2730x5120x1536][2730x5120x1536][2730x5120x1536][2730x5120x1536]',,tensorop,f32,256,256,64,2,4,1,2,1,1,4,4,1,1,256,256,16,100,110,624951296,515731619840,825,0.379382,1534.15,1.3594e+06
1,CUTLASS,grouped_gemm,cutlass3x_sm100_tensorop_gemm_grouped_bf16_bf16_f32_bf16_bf16_256x256x64_2x4x1_0_tnt_align8_stream_k_2sm_epi_tma,passed,success,grouped,,,,,bf16:row,bf16:column,bf16:row,bf16:row,1,0,invalid,invalid,heuristic,8,false,'[2731x5120x1536][2731x5120x1536][2731x5120x1536][2731x5120x1536][2731x5120x1536][2731x5120x1536][2731x5120x1536][2731x5120x1536][2730x5120x1536][2730x5120x1536][2730x5120x1536][2730x5120x1536]',,tensorop,f32,256,256,64,2,4,1,2,1,1,4,4,1,1,256,256,16,100,110,624951296,515731619840,825,0.379392,1534.12,1.35936e+06
1,CUTLASS,grouped_gemm,cutlass3x_sm100_tensorop_gemm_grouped_bf16_bf16_f32_void_bf16_256x256x64_2x4x1_0_tnt_align8_2sm_epi_tma,passed,success,grouped,,,,,bf16:row,bf16:column,void:row,bf16:row,1,0,invalid,invalid,heuristic,8,false,'[2731x5120x1536][2731x5120x1536][2731x5120x1536][2731x5120x1536][2731x5120x1536][2731x5120x1536][2731x5120x1536][2731x5120x1536][2730x5120x1536][2730x5120x1536][2730x5120x1536][2730x5120x1536]',,tensorop,f32,256,256,64,2,4,1,2,1,1,6,4,1,1,256,256,16,100,110,289406976,515731619840,1782,0.310701,867.495,1.6599e+06
1,CUTLASS,grouped_gemm,cutlass3x_sm100_tensorop_gemm_grouped_bf16_bf16_f32_void_bf16_256x256x64_2x4x1_0_tnt_align8_stream_k_2sm_epi_tma,passed,success,grouped,,,,,bf16:row,bf16:column,void:row,bf16:row,1,0,invalid,invalid,heuristic,8,false,'[2731x5120x1536][2731x5120x1536][2731x5120x1536][2731x5120x1536][2731x5120x1536][2731x5120x1536][2731x5120x1536][2731x5120x1536][2730x5120x1536][2730x5120x1536][2730x5120x1536][2730x5120x1536]',,tensorop,f32,256,256,64,2,4,1,2,1,1,6,4,1,1,256,256,16,100,110,289406976,515731619840,1782,0.31111,866.352,1.65771e+06
1,CUTLASS,grouped_gemm,cutlass3x_sm100_tensorop_gemm_grouped_bf16_bf16_f32_bf16_bf16_256x256x64_4x2x1_0_tnt_align8_2sm_epi_tma,passed,success,grouped,,,,,bf16:row,bf16:column,bf16:row,bf16:row,1,0,invalid,invalid,heuristic,8,false,'[2731x5120x1536][2731x5120x1536][2731x5120x1536][2731x5120x1536][2731x5120x1536][2731x5120x1536][2731x5120x1536][2731x5120x1536][2730x5120x1536][2730x5120x1536][2730x5120x1536][2730x5120x1536]',,tensorop,f32,256,256,64,4,2,1,2,1,1,4,4,1,1,256,256,16,100,110,624951296,515731619840,825,0.396486,1467.97,1.30075e+06
1,CUTLASS,grouped_gemm,cutlass3x_sm100_tensorop_gemm_grouped_bf16_bf16_f32_bf16_bf16_256x256x64_4x2x1_0_tnt_align8_stream_k_2sm_epi_tma,passed,success,grouped,,,,,bf16:row,bf16:column,bf16:row,bf16:row,1,0,invalid,invalid,heuristic,8,false,'[2731x5120x1536][2731x5120x1536][2731x5120x1536][2731x5120x1536][2731x5120x1536][2731x5120x1536][2731x5120x1536][2731x5120x1536][2730x5120x1536][2730x5120x1536][2730x5120x1536][2730x5120x1536]',,tensorop,f32,256,256,64,4,2,1,2,1,1,4,4,1,1,256,256,16,100,110,624951296,515731619840,825,0.397011,1466.03,1.29904e+06
1,CUTLASS,grouped_gemm,cutlass3x_sm100_tensorop_gemm_grouped_bf16_bf16_f32_void_bf16_256x256x64_4x2x1_0_tnt_align8_2sm_epi_tma,passed,success,grouped,,,,,bf16:row,bf16:column,void:row,bf16:row,1,0,invalid,invalid,heuristic,8,false,'[2731x5120x1536][2731x5120x1536][2731x5120x1536][2731x5120x1536][2731x5120x1536][2731x5120x1536][2731x5120x1536][2731x5120x1536][2730x5120x1536][2730x5120x1536][2730x5120x1536][2730x5120x1536]',,tensorop,f32,256,256,64,4,2,1,2,1,1,6,4,1,1,256,256,16,100,110,289406976,515731619840,1782,0.335453,803.485,1.53742e+06
1,CUTLASS,grouped_gemm,cutlass3x_sm100_tensorop_gemm_grouped_bf16_bf16_f32_void_bf16_256x256x64_4x2x1_0_tnt_align8_stream_k_2sm_epi_tma,passed,success,grouped,,,,,bf16:row,bf16:column,void:row,bf16:row,1,0,invalid,invalid,heuristic,8,false,'[2731x5120x1536][2731x5120x1536][2731x5120x1536][2731x5120x1536][2731x5120x1536][2731x5120x1536][2731x5120x1536][2731x5120x1536][2730x5120x1536][2730x5120x1536][2730x5120x1536][2730x5120x1536]',,tensorop,f32,256,256,64,4,2,1,2,1,1,6,4,1,1,256,256,16,100,110,289406976,515731619840,1782,0.334659,805.39,1.54107e+06
1,CUTLASS,grouped_gemm,cutlass3x_sm100_tensorop_gemm_grouped_bf16_bf16_f32_bf16_bf16_256x256x64_4x4x1_0_tnt_align8_2sm_epi_tma,passed,success,grouped,,,,,bf16:row,bf16:column,bf16:row,bf16:row,1,0,invalid,invalid,heuristic,8,false,'[2731x5120x1536][2731x5120x1536][2731x5120x1536][2731x5120x1536][2731x5120x1536][2731x5120x1536][2731x5120x1536][2731x5120x1536][2730x5120x1536][2730x5120x1536][2730x5120x1536][2730x5120x1536]',,tensorop,f32,256,256,64,4,4,1,2,1,1,4,4,1,1,256,256,16,100,110,624951296,515731619840,825,0.418499,1390.76,1.23234e+06
1,CUTLASS,grouped_gemm,cutlass3x_sm100_tensorop_gemm_grouped_bf16_bf16_f32_bf16_bf16_256x256x64_4x4x1_0_tnt_align8_stream_k_2sm_epi_tma,passed,success,grouped,,,,,bf16:row,bf16:column,bf16:row,bf16:row,1,0,invalid,invalid,heuristic,8,false,'[2731x5120x1536][2731x5120x1536][2731x5120x1536][2731x5120x1536][2731x5120x1536][2731x5120x1536][2731x5120x1536][2731x5120x1536][2730x5120x1536][2730x5120x1536][2730x5120x1536][2730x5120x1536]',,tensorop,f32,256,256,64,4,4,1,2,1,1,4,4,1,1,256,256,16,100,110,624951296,515731619840,825,0.418323,1391.34,1.23285e+06
1,CUTLASS,grouped_gemm,cutlass3x_sm100_tensorop_gemm_grouped_bf16_bf16_f32_void_bf16_256x256x64_4x4x1_0_tnt_align8_2sm_epi_tma,passed,success,grouped,,,,,bf16:row,bf16:column,void:row,bf16:row,1,0,invalid,invalid,heuristic,8,false,'[2731x5120x1536][2731x5120x1536][2731x5120x1536][2731x5120x1536][2731x5120x1536][2731x5120x1536][2731x5120x1536][2731x5120x1536][2730x5120x1536][2730x5120x1536][2730x5120x1536][2730x5120x1536]',,tensorop,f32,256,256,64,4,4,1,2,1,1,6,4,1,1,256,256,16,100,110,289406976,515731619840,1782,0.35689,755.223,1.44507e+06
1,CUTLASS,grouped_gemm,cutlass3x_sm100_tensorop_gemm_grouped_bf16_bf16_f32_void_bf16_256x256x64_4x4x1_0_tnt_align8_stream_k_2sm_epi_tma,passed,success,grouped,,,,,bf16:row,bf16:column,void:row,bf16:row,1,0,invalid,invalid,heuristic,8,false,'[2731x5120x1536][2731x5120x1536][2731x5120x1536][2731x5120x1536][2731x5120x1536][2731x5120x1536][2731x5120x1536][2731x5120x1536][2730x5120x1536][2730x5120x1536][2730x5120x1536][2730x5120x1536]',,tensorop,f32,256,256,64,4,4,1,2,1,1,6,4,1,1,256,256,16,100,110,289406976,515731619840,1782,0.357091,754.797,1.44426e+06
